{"00006":{"r":"I-DACV","t":"MD82"},"00007":{"r":"I-DACT","t":"MD82"},"0000A":{"r":"I-DACZ","t":"MD82"},"0000F":{"r":"I-NUMI","t":"F900"},"00019":{"r":"I-SMES","t":"MD82"},"0001A":{"r":"I-SMEZ","t":"MD82"},"0001D":{"r":"I-DAND","t":"MD82"},"0001E":{"r":"I-DANF","t":"MD82"},"0001F":{"r":"I-DANG","t":"MD82"},"00020":{"r":"I-DACS","t":"MD82"},"00021":{"r":"I-DANH","t":"MD82"},"00025":{"r":"I-DANQ","t":"MD82"},"00029":{"r":"I-DANW","t":"MD82"},"0003A":{"r":"I-DATE","t":"MD82"},"0003D":{"r":"I-DATU","t":"MD82"},"0003F":{"r":"I-DATC","t":"MD82"},"00040":{"r":"I-DACR","t":"MD82"},"00043":{"r":"I-DATG","t":"MD82"},"00048":{"r":"I-DATM","t":"MD82"},"0004B":{"r":"I-DATQ","t":"MD82"},"0005A":{"r":"I-BIXA","t":"A321"},"0005B":{"r":"I-BIXE","t":"A321"},"0005C":{"r":"I-BIXI","t":"A321"},"0005D":{"r":"I-BIXO","t":"A321"},"0005E":{"r":"I-BIXU","t":"A321"},"0005F":{"r":"I-BIXB","t":"A321"},"00060":{"r":"I-BIXC","t":"A321"},"00061":{"r":"I-BIXD","t":"A321"},"00062":{"r":"I-BIXF","t":"A321"},"00063":{"r":"I-BIXG","t":"A321"},"00064":{"r":"I-BIXL","t":"A321"},"00065":{"r":"I-BIXM","t":"A321"},"00066":{"r":"I-BIXN","t":"A321"},"00067":{"r":"I-BIXP","t":"A321"},"00068":{"r":"I-BIXQ","t":"A321"},"00069":{"r":"I-BIXR","t":"A321"},"0006A":{"r":"I-BIXS","t":"A321"},"0006B":{"r":"I-BIXT","t":"A321"},"0006C":{"r":"I-BIXV","t":"A321"},"0006D":{"r":"I-BIXZ","t":"A321"},"0007D":{"r":"I-SNAW","t":"F2TH"},"00081":{"r":"I-BEAU","t":"F900"},"0008C":{"r":"I-DEIG","t":"B763"},"00090":{"r":"I-BIXH","t":"A321"},"00091":{"r":"I-BIXJ","t":"A321"},"00092":{"r":"I-BIXK","t":"A321"},"000AC":{"r":"I-DAWW","t":"MD82"},"000AE":{"r":"I-DAWZ","t":"MD82"},"000AF":{"r":"I-DAVA","t":"MD82"},"000B7":{"r":"I-DAVJ","t":"MD82"},"000C5":{"r":"I-BIKA","t":"A320"},"000C6":{"r":"I-BIKB","t":"A320"},"000C7":{"r":"I-BIKC","t":"A320"},"000C8":{"r":"I-BIKD","t":"A320"},"000C9":{"r":"I-BIKE","t":"A320"},"000CB":{"r":"I-BIKG","t":"A320"},"000CC":{"r":"I-BIKI","t":"A320"},"000CD":{"r":"I-BIKL","t":"A320"},"000CE":{"r":"I-BIKF","t":"A320"},"000D0":{"r":"I-BIKO","t":"A320"},"000D6":{"r":"I-BIKU","t":"A320"},"000DD":{"r":"I-SMET","t":"MD82"},"000E0":{"r":"I-BENN","t":"C550"},"000F0":{"r":"I-DIES","t":"F900"},"000F4":{"r":"I-BENT","t":"C56X"},"000F5":{"r":"I-ERJD","t":"LJ45"},"000FF":{"r":"I-AIRX","t":"J328"},"00107":{"r":"I-FLYP","t":"F2TH"},"0011F":{"r":"I-FLYV","t":"F2TH"},"00124":{"r":"I-DEAS","t":"GLF5"},"00125":{"r":"I-CAFD","t":"FA50"},"00131":{"r":"I-MLQT","t":"F27"},"00132":{"r":"I-MLRT","t":"F27"},"0013F":{"r":"I-FLYW","t":"F900"},"00140":{"r":"I-ADLZ","t":"AT45"},"00149":{"r":"I-RONY","t":"H25B"},"0014A":{"r":"I-ASER","t":"BE40"},"0014D":{"r":"I-TLCM","t":"F900"},"0014E":{"r":"I-GIWW","t":"C550"},"00152":{"r":"I-VITH","t":"BE40"},"00153":{"r":"I-IMMI","t":"C525"},"00154":{"r":"I-CAEX","t":"F900"},"00158":{"r":"I-MTVB","t":"C550"},"0015B":{"r":"I-RVRP","t":"C525"},"0015C":{"r":"I-ALKA","t":"C550"},"00160":{"r":"I-DDVF","t":"F2TH"},"00164":{"r":"I-BIMA","t":"A319"},"00165":{"r":"I-BIME","t":"A319"},"00166":{"r":"I-BIMI","t":"A319"},"00167":{"r":"I-BIMO","t":"A319"},"00168":{"r":"I-BIMB","t":"A319"},"00169":{"r":"I-BIMC","t":"A319"},"0016A":{"r":"I-BIMD","t":"A319"},"0016B":{"r":"I-BIMF","t":"A319"},"0016C":{"r":"I-BIMG","t":"A319"},"0016D":{"r":"I-BIMH","t":"A319"},"0016E":{"r":"I-BIML","t":"A319"},"0016F":{"r":"I-ALHO","t":"H25B"},"00171":{"r":"I-BIMJ","t":"A319"},"00172":{"r":"I-NEOS","t":"B738"},"00174":{"r":"I-DISA","t":"B772"},"00175":{"r":"I-DISE","t":"B772"},"00176":{"r":"I-DISO","t":"B772"},"00177":{"r":"I-DISU","t":"B772"},"00178":{"r":"I-DISB","t":"B772"},"00179":{"r":"I-DISD","t":"B772"},"0017C":{"r":"I-DEUM","t":"C25A"},"00181":{"r":"I-LVNB","t":"C25A"},"00185":{"r":"I-TOPB","t":"BE40"},"00189":{"r":"I-NEOT","t":"B738"},"00194":{"r":"I-ULJA","t":"FA20"},"00196":{"r":"I-DAGS","t":"CL60"},"0019C":{"r":"I-NEOU","t":"B738"},"001A1":{"r":"I-EEZF","t":"A320"},"001A7":{"r":"I-ARIF","t":"F2TH"},"001A8":{"r":"I-EEZE","t":"A320"},"001A9":{"r":"I-EEZG","t":"A320"},"001AB":{"r":"I-DLOH","t":"H25B"},"001AF":{"r":"I-MLXT","t":"F27"},"001BE":{"r":"I-NATS","t":"F2TH"},"001C2":{"r":"I-LLAG","t":"B763"},"001C3":{"r":"I-CMAL","t":"C56X"},"001C4":{"r":"I-ERJE","t":"LJ45"},"001C5":{"r":"I-NEOX","t":"B738"},"001C6":{"r":"I-FXRD","t":"P180"},"001C8":{"r":"I-LIVM","t":"A332"},"001C9":{"r":"I-JAMY","t":"F2TH"},"001CA":{"r":"I-SEAE","t":"F2TH"},"001D0":{"r":"I-LALL","t":"C25A"},"001D1":{"r":"I-LIVN","t":"A332"},"001D2":{"r":"I-LIVL","t":"A332"},"001D6":{"r":"I-ERJG","t":"LJ40"},"001D9":{"r":"I-SDFC","t":"CL30"},"001EC":{"r":"I-ELYS","t":"LJ40"},"001F1":{"r":"I-BPAE","t":"P180"},"001F3":{"r":"I-TOPD","t":"BE40"},"001F4":{"r":"I-EEZH","t":"A320"},"001F5":{"r":"I-EEZI","t":"A320"},"001F6":{"r":"I-EEZJ","t":"A332"},"00201":{"r":"I-MLGT","t":"F27"},"00208":{"r":"I-PNCA","t":"C550"},"0020A":{"r":"I-EEZK","t":"A320"},"00214":{"r":"I-TAKA","t":"C56X"},"00218":{"r":"I-ADJH","t":"B463"},"0021A":{"r":"I-ADJJ","t":"B463"},"00224":{"r":"I-GURU","t":"LJ40"},"0022D":{"r":"I-PATS","t":"S211"},"00236":{"r":"I-PARS","t":"LJ40"},"0023A":{"r":"I-FLYD","t":"C560"},"0024E":{"r":"I-CABD","t":"C525"},"0024F":{"r":"I-AZFB","t":"H25B"},"00254":{"r":"I-FORR","t":"LJ40"},"00256":{"r":"I-LOAN","t":"PC12"},"00257":{"r":"I-ATRO","t":"AT72"},"00258":{"r":"I-ATRQ","t":"AT72"},"00259":{"r":"I-ATRR","t":"AT72"},"0025A":{"r":"I-ATRS","t":"AT72"},"0025C":{"r":"I-KREM","t":"H25B"},"0025D":{"r":"I-ERJJ","t":"LJ40"},"0026E":{"r":"I-TCGR","t":"F900"},"00271":{"r":"I-CCCH","t":"CL30"},"00277":{"r":"I-CNDB","t":"PC12"},"00279":{"r":"I-LUXO","t":"GLF5"},"00283":{"r":"I-MLHT","t":"F27"},"00284":{"r":"I-AIGG","t":"B763"},"00288":{"r":"I-TOPH","t":"H25B"},"0028B":{"r":"I-EEZL","t":"A332"},"0028C":{"r":"I-EEZM","t":"A332"},"0028D":{"r":"I-PBRA","t":"FA50"},"0029B":{"r":"I-DFSL","t":"LJ45"},"0029D":{"r":"I-JAMJ","t":"F2TH"},"0029E":{"r":"I-PRAD","t":"LJ60"},"002A2":{"r":"I-FDED","t":"BE40"},"002A3":{"r":"I-CFLY","t":"LJ31"},"002AB":{"r":"I-WEBA","t":"A320"},"002AC":{"r":"I-WEBB","t":"A320"},"002B2":{"r":"I-FXRC","t":"P180"},"002CB":{"r":"I-ZACK","t":"C560"},"002D0":{"r":"I-VRCM","t":"P210"},"002D1":{"r":"I-RPLY","t":"LJ35"},"002DE":{"r":"I-ALVC","t":"BE40"},"002E0":{"r":"I-AIGL","t":"B733"},"002E1":{"r":"I-AIGM","t":"B733"},"002E3":{"r":"I-SKYB","t":"E120"},"002EC":{"r":"I-GOCO","t":"LJ40"},"002EE":{"r":"I-WJET","t":"P180"},"002FC":{"r":"I-DMSA","t":"PRM1"},"00307":{"r":"I-CMAB","t":"C56X"},"0030A":{"r":"I-FORU","t":"LJ45"},"00312":{"r":"I-SMEN","t":"MD83"},"0032D":{"r":"I-NGIR","t":"PRM1"},"00332":{"r":"I-SEAS","t":"F900"},"00338":{"r":"I-MFAB","t":"H25B"},"0034D":{"r":"I-YLFC","t":"LJ40"},"00354":{"r":"I-CALZ","t":"C25A"},"00359":{"r":"I-AIGH","t":"B762"},"0035A":{"r":"I-AIGI","t":"B762"},"0035F":{"r":"I-BBGR","t":"H25B"},"00363":{"r":"I-AFOI","t":"PRM1"},"00371":{"r":"I-KERE","t":"F2TH"},"00375":{"r":"I-AWIT","t":"A139"},"0037F":{"r":"I-BEDT","t":"C56X"},"00381":{"r":"I-CMAD","t":"C56X"},"0038B":{"r":"I-WISH","t":"CL60"},"0038C":{"r":"I-OMRA","t":"C25A"},"00390":{"r":"I-NEOW","t":"B738"},"00393":{"r":"I-ADJK","t":"E195"},"00394":{"r":"I-ADJL","t":"E195"},"00399":{"r":"I-DMSB","t":"PRM1"},"003A4":{"r":"I-FITO","t":"C510"},"003A7":{"r":"I-FXRG","t":"P180"},"003AD":{"r":"I-ADJM","t":"E195"},"003AE":{"r":"I-ADJN","t":"E195"},"003AF":{"r":"I-ADJO","t":"E195"},"003B3":{"r":"I-FXRH","t":"P180"},"003BD":{"r":"I-AIGP","t":"B738"},"003BF":{"r":"I-AVBN","t":"P180"},"003C3":{"r":"I-TIAF","t":"P180"},"003CC":{"r":"I-EEZP","t":"A320"},"003CD":{"r":"I-MLXT","t":"F27"},"003D0":{"r":"I-CNDG","t":"C56X"},"003D7":{"r":"I-FXRI","t":"P180"},"003DD":{"r":"I-FXRJ","t":"P180"},"003E2":{"r":"I-DARC","t":"P180"},"003E6":{"r":"I-GSAL","t":"PRM1"},"003EB":{"r":"I-GGLA","t":"C56X"},"003F1":{"r":"I-MLDT","t":"F50"},"003F4":{"r":"I-EEZQ","t":"A319"},"003F5":{"r":"I-FEDN","t":"F2TH"},"0040E":{"r":"I-AVGP","t":"P180"},"00434":{"r":"I-YUMA","t":"EC20"},"00436":{"r":"I-IRCS","t":"CL60"},"00437":{"r":"I-SDAG","t":"LJ60"},"00440":{"r":"I-FFRR","t":"FA7X"},"00445":{"r":"I-AFIT","t":"FA7X"},"00447":{"r":"I-EPAM","t":"H25B"},"00450":{"r":"I-AFMA","t":"CL60"},"00469":{"r":"I-AWRH","t":"A139"},"00473":{"r":"I-JAMI","t":"FA7X"},"0047D":{"r":"I-MOFI","t":"F2TH"},"00480":{"r":"I-STCA","t":"C510"},"00482":{"r":"I-STCB","t":"C510"},"0048E":{"r":"I-GIOA","t":"F100"},"0048F":{"r":"I-TOPX","t":"BE40"},"00490":{"r":"I-GEFD","t":"F2TH"},"0049F":{"r":"I-PBRB","t":"F2TH"},"004A3":{"r":"I-GIOI","t":"F100"},"004A4":{"r":"I-STCC","t":"C510"},"004A5":{"r":"I-STCD","t":"C510"},"004AA":{"r":"I-DIEM","t":"F900"},"004B3":{"r":"I-NDOF","t":"B763"},"004B8":{"r":"I-TAOS","t":"C680"},"004B9":{"r":"I-EDLO","t":"H25B"},"004BD":{"r":"I-AVLM","t":"P180"},"004C2":{"r":"I-NEOZ","t":"B738"},"004C7":{"r":"I-ADVD","t":"GLF5"},"004E5":{"r":"I-FXRK","t":"P180"},"00500":{"r":"I-NEMO","t":"F900"},"00520":{"r":"I-DLGH","t":"GLF4"},"00528":{"r":"I-GSIN","t":"LJ60"},"00554":{"r":"I-ADJP","t":"E195"},"00557":{"r":"I-ADJQ","t":"E195"},"00558":{"r":"I-ADJR","t":"E195"},"0055B":{"r":"I-ADJS","t":"E195"},"00564":{"r":"I-ADJT","t":"E195"},"0056B":{"r":"I-ENAV","t":"P180"},"00575":{"r":"I-XPRA","t":"GLF4"},"00586":{"r":"I-SEAM","t":"GLF5"},"005E2":{"r":"I-SLNI","t":"F900"},"00604":{"r":"I-BMPG"},"00611":{"r":"I-PSCU","t":"BE40"},"00619":{"r":"I-PFLY","t":"GLEX"},"0061C":{"r":"I-AVND","t":"LJ45"},"0062F":{"r":"I-MCAM","t":"C25M"},"00635":{"r":"I-DELO","t":"GLF5"},"00674":{"r":"I-SKYT","t":"C510"},"0067E":{"r":"I-FVAB","t":"C25M"},"006A0":{"r":"I-JACK","t":"HDJT"},"006B5":{"r":"I-ADJU","t":"E195"},"006F2":{"r":"I-GBMP","t":"GLF5"},"0071D":{"r":"I-MLPA","t":"BE20"},"00738":{"r":"I-ADJV","t":"E195"},"00762":{"r":"I-AVNE","t":"LJ40"},"00780":{"r":"I-ADJY","t":"E195"},"00781":{"r":"I-ADJX","t":"E195"},"00782":{"r":"I-ADJW","t":"E195"},"007A6":{"r":"I-TOPF","t":"BE40"},"007A9":{"r":"I-BNET","t":"C650"},"007AB":{"r":"I-MLMU","t":"C25M"},"007D0":{"r":"I-FORZ","t":"CL35"},"007D1":{"r":"I-SAGE","t":"BE40"},"007D8":{"r":"I-LCFC","t":"B738"},"007EE":{"r":"I-ADJZ","t":"E195"},"007EF":{"r":"I-JENB","t":"E195"},"007F1":{"r":"I-JEND","t":"E190"},"007F2":{"r":"I-JENE","t":"E190"},"00840":{"r":"I-MDEA","t":"C56X"},"00848":{"r":"I-DBRR","t":"GL5T"},"00869":{"r":"I-SEAV","t":"G280"},"0086A":{"r":"I-SEAO","t":"GLF6"},"00878":{"r":"I-LOSO","t":"H25B"},"0088D":{"r":"I-PBNB","t":"F2TH"},"008AC":{"r":"I-PBRC","t":"FA7X"},"008D1":{"r":"I-BCSO","t":"F2TH"},"008D2":{"r":"I-WLFZ","t":"GLEX"},"008F2":{"r":"I-SEAK","t":"GLF6"},"008FB":{"r":"I-AVNF","t":"CL60"},"00900":{"r":"I-JSET","t":"BE40"},"0090D":{"r":"I-GATC","t":"GA6C"},"0092F":{"r":"I-SDBX","t":"E55P"},"00934":{"r":"I-AERB","t":"BE40"},"0093A":{"r":"I-PAPS","t":"BE20"},"00971":{"r":"I-MIRL","t":"F2TH"},"00979":{"r":"I-AVNG","t":"LJ45"},"0097A":{"r":"I-ANIG","t":"GA6C"},"1FF13":{"r":"I-TWTE","t":"P06T"},"1FF1B":{"r":"I-PDVY","t":"SU95"},"3FE77":{"r":"MM62228","t":"B762"},"3FE7A":{"r":"MM62226","t":"B762"},"3FE7D":{"r":"MM62227","t":"B762"},"3FE92":{"r":"MM62229","t":"B762"},"3FE9C":{"r":"MM62159","t":"P180"},"3FEC8":{"r":"MM62169","t":"P180"},"3FF10":{"r":"MM62250","t":"C27J"},"3FF15":{"r":"MM55072","t":"M339"},"3FFAD":{"r":"MM62245","t":"F900"},"3FFAE":{"r":"MM62244","t":"F900"},"3FFAF":{"r":"MM62243","t":"A319"},"3FFB4":{"r":"MM62223","t":"C27J"},"3FFB7":{"r":"MM62220","t":"C27J"},"3FFB8":{"r":"MM62219","t":"C27J"},"3FFBA":{"r":"MM62211","t":"P180"},"3FFBB":{"r":"MM62212","t":"P180"},"3FFBC":{"r":"MM62218","t":"C27J"},"3FFBF":{"r":"MM62214","t":"C27J"},"3FFC0":{"r":"MM62210","t":"F900"},"3FFC1":{"r":"MM62209","t":"A319"},"3FFD1":{"r":"MM62207","t":"P180"},"3FFD2":{"r":"MM62206","t":"P180"},"3FFD3":{"r":"MM62205","t":"P180"},"3FFD4":{"r":"MM62204","t":"P180"},"3FFD5":{"r":"MM62203","t":"P180"},"3FFD6":{"r":"MM62202","t":"P180"},"3FFD8":{"r":"MM62201","t":"P180"},"3FFD9":{"r":"MM62200","t":"P180"},"3FFDA":{"r":"MM62199","t":"P180"},"3FFDB":{"r":"CSX62127","t":"G222"},"3FFE0":{"r":"MM62196","t":"C30J"},"3FFE1":{"r":"MM62195","t":"C30J"},"3FFE3":{"r":"MM62193","t":"C30J"},"3FFE5":{"r":"MM62191","t":"C30J"},"3FFE6":{"r":"MM62190","t":"C30J"},"3FFE7":{"r":"MM62189","t":"C30J"},"3FFE8":{"r":"MM62188","t":"C30J"},"3FFE9":{"r":"MM62187","t":"C30J"},"3FFEA":{"r":"MM62186","t":"C30J"},"3FFEB":{"r":"MM62185","t":"C30J"},"3FFEC":{"r":"MM62184","t":"C30J"},"3FFED":{"r":"MM62183","t":"C30J"},"3FFEE":{"r":"MM62182","t":"C30J"},"3FFEF":{"r":"MM62181","t":"C30J"},"3FFF5":{"r":"MM62175","t":"C30J"},"3FFF9":{"r":"MM62174","t":"A319"},"3FFFA":{"r":"MM62172","t":"F900"},"3FFFB":{"r":"MM62029","t":"FA50"},"3FFFE":{"r":"MM62026","t":"FA50"},"3FFFF":{"r":"MM62171","t":"F900"},"40734":{"r":"JY-AYT","t":"A321"},"41053":{"r":"EC-GRF","t":"A320"},"41054":{"r":"EC-GRG","t":"A320"},"41055":{"r":"EC-GRH","t":"A320"},"41056":{"r":"EC-FCB","t":"A320"},"41090":{"r":"EC-ICF","t":"A343"},"410C7":{"r":"EC-FDB","t":"A320"},"410C8":{"r":"EC-FDA","t":"A320"},"410CA":{"r":"EC-ICQ","t":"A320"},"410CB":{"r":"EC-FGV","t":"A320"},"410CD":{"r":"EC-FGR","t":"A320"},"410CE":{"r":"EC-ICR","t":"A320"},"410CF":{"r":"EC-ICS","t":"A320"},"4110C":{"r":"EC-ICT","t":"A320"},"4110D":{"r":"EC-FLP","t":"A320"},"41111":{"r":"EC-FNR","t":"A320"},"41112":{"r":"EC-FQY","t":"A320"},"41119":{"r":"EC-FTR","t":"B752"},"41141":{"r":"EC-ISY","t":"B752"},"41147":{"r":"EC-GGS","t":"A343"},"41148":{"r":"EC-GHX","t":"A343"},"41149":{"r":"EC-GJT","t":"A343"},"4114A":{"r":"EC-GLE","t":"A343"},"4114B":{"r":"EC-GPB","t":"A343"},"4114D":{"r":"EC-GUP","t":"A343"},"4114E":{"r":"EC-GUQ","t":"A343"},"4118B":{"r":"TK.17-1","t":"B703"},"411D6":{"r":"EC-GNK","t":"F2TH"},"41207":{"r":"EC-GOV","t":"C560"},"4124B":{"r":"EC-GYI","t":"CRJ2"},"4124E":{"r":"EC-GXU","t":"MD83"},"41252":{"r":"EC-GQG","t":"MD83"},"41253":{"r":"EC-GOM","t":"MD83"},"4125A":{"r":"EC-GNY","t":"MD83"},"412C2":{"r":"EC-GZA","t":"CRJ2"},"412C3":{"r":"EC-HBL","t":"B738"},"412C4":{"r":"EC-HBM","t":"B738"},"412C5":{"r":"EC-HBN","t":"B738"},"412C6":{"r":"EC-HGO","t":"B738"},"412C7":{"r":"EC-HGP","t":"B738"},"412C8":{"r":"EC-HGQ","t":"B738"},"412C9":{"r":"EC-HJP","t":"B738"},"412CA":{"r":"EC-HJQ","t":"B738"},"412CB":{"r":"EC-HKQ","t":"B738"},"412CC":{"r":"EC-HKR","t":"B738"},"412D3":{"r":"EC-HDS","t":"B752"},"4130A":{"r":"EC-GQO","t":"B462"},"4130D":{"r":"EC-ELT","t":"B462"},"4130E":{"r":"EC-FZE","t":"B462"},"4130F":{"r":"EC-FVY","t":"B462"},"4134B":{"r":"EC-HAF","t":"A320"},"4134C":{"r":"EC-HAG","t":"A320"},"4134D":{"r":"EC-HUH","t":"A321"},"4134E":{"r":"EC-HUI","t":"A321"},"41389":{"r":"EC-HDK","t":"A320"},"4138B":{"r":"EC-HDN","t":"A320"},"4138C":{"r":"EC-HDO","t":"A320"},"4138D":{"r":"EC-HDP","t":"A320"},"4138E":{"r":"EC-HDT","t":"A320"},"4138F":{"r":"EC-HDQ","t":"A343"},"41394":{"r":"EC-HEI","t":"AT75"},"41395":{"r":"EC-HEK","t":"CRJ2"},"41397":{"r":"EC-HDH","t":"B462"},"413C3":{"r":"EC-HGR","t":"A319"},"413C4":{"r":"EC-HGS","t":"A319"},"413C5":{"r":"EC-HGU","t":"A343"},"413C6":{"r":"EC-HGV","t":"A343"},"413C7":{"r":"EC-HGX","t":"A343"},"413C8":{"r":"EC-HGT","t":"A319"},"413CA":{"r":"EC-HGZ","t":"A320"},"413CB":{"r":"EC-HHA","t":"A320"},"413CD":{"r":"EC-HSF","t":"A320"},"413D7":{"r":"EC-HHI","t":"CRJ2"},"4140D":{"r":"EC-HHV","t":"CRJ2"},"4144A":{"r":"EC-HJH","t":"B462"},"41452":{"r":"EC-HSV","t":"B763"},"41487":{"r":"EC-HYC","t":"A320"},"41489":{"r":"EC-HYD","t":"A320"},"4148A":{"r":"EC-HUJ","t":"A320"},"4148B":{"r":"EC-HUK","t":"A320"},"4148C":{"r":"EC-HUL","t":"A320"},"4148D":{"r":"EC-HKO","t":"A319"},"41494":{"r":"EC-HNY","t":"B712"},"41495":{"r":"EC-HNZ","t":"B712"},"41497":{"r":"EC-HPM","t":"A321"},"41498":{"r":"EC-HQZ","t":"A321"},"41499":{"r":"EC-HRG","t":"A321"},"4149A":{"r":"EC-HRP","t":"A320"},"414C2":{"r":"EC-HOB","t":"F900"},"414C4":{"r":"EC-HPR","t":"CRJ2"},"414C6":{"r":"EC-HQG","t":"A320"},"414C8":{"r":"EC-HQI","t":"A320"},"414C9":{"r":"EC-HQJ","t":"A320"},"414CA":{"r":"EC-HQK","t":"A320"},"414CB":{"r":"EC-HQL","t":"A320"},"41506":{"r":"EC-HRO","t":"C550"},"4150A":{"r":"EC-HTA","t":"A320"},"4150B":{"r":"EC-IIG","t":"A321"},"4150C":{"r":"EC-HTB","t":"A320"},"4150D":{"r":"EC-HTC","t":"A320"},"4150E":{"r":"EC-IGK","t":"A321"},"4150F":{"r":"EC-HTD","t":"A320"},"41514":{"r":"EC-HXA","t":"A320"},"41518":{"r":"T.21-02","t":"C295"},"41545":{"r":"EC-HYI","t":"F2TH"},"41546":{"r":"EC-HVQ","t":"C525"},"41547":{"r":"EC-IFS","t":"GLEX"},"41549":{"r":"EC-HZS","t":"B738"},"4154A":{"r":"EC-IDA","t":"B738"},"41555":{"r":"EC-IAZ","t":"A320"},"41558":{"r":"EC-IBK","t":"B350"},"41583":{"r":"EC-IDT","t":"B738"},"41584":{"r":"EC-IBD","t":"GLEX"},"41587":{"r":"EC-IBT","t":"DH8C"},"41589":{"r":"T.21-04","t":"C295"},"4158F":{"r":"EC-ICL","t":"A320"},"415C3":{"r":"EC-IDF","t":"A343"},"415C9":{"r":"EC-IEJ","t":"A320"},"415CE":{"r":"EC-IEF","t":"A320"},"415CF":{"r":"EC-IEG","t":"A320"},"415D0":{"r":"EC-IEI","t":"A320"},"4160B":{"r":"EC-IGO","t":"CL60"},"4160E":{"r":"EC-III","t":"B738"},"41611":{"r":"EC-IIZ","t":"A320"},"41612":{"r":"EC-IIR","t":"E135"},"41618":{"r":"EC-IJU","t":"A321"},"41619":{"r":"EC-IIH","t":"A343"},"41646":{"r":"EC-IJN","t":"A321"},"4164A":{"r":"EC-INO","t":"A346"},"4164B":{"r":"EC-IOB","t":"A346"},"4164C":{"r":"EC-IQR","t":"A346"},"41652":{"r":"EC-ILH","t":"A320"},"41657":{"r":"EC-IMB","t":"A320"},"4165A":{"r":"EC-ILK","t":"LJ45"},"41682":{"r":"EC-ILQ","t":"A320"},"41683":{"r":"EC-ILO","t":"A321"},"41684":{"r":"EC-INM","t":"A320"},"41685":{"r":"EC-INB","t":"A321"},"41686":{"r":"EC-INS","t":"LJ55"},"41687":{"r":"EC-IMU","t":"A320"},"4168C":{"r":"EC-INZ","t":"A320"},"4168D":{"r":"EC-IOH","t":"A320"},"4169A":{"r":"EC-IPI","t":"A320"},"42047":{"r":"EC-IOZ","t":"PRM1"},"42055":{"r":"EC-IRZ","t":"GLF5"},"42057":{"r":"EC-ISE","t":"B738"},"42058":{"r":"EC-ISN","t":"B738"},"42059":{"r":"EC-ILP","t":"A321"},"4205A":{"r":"T.21-07","t":"C295"},"42086":{"r":"EC-ISY","t":"B752"},"4208D":{"r":"EC-ISQ","t":"C56X"},"4208F":{"r":"EC-ITN","t":"A321"},"42090":{"r":"EC-ILR","t":"A320"},"42091":{"r":"EC-ILS","t":"A320"},"42094":{"r":"EC-INJ","t":"C501"},"4209A":{"r":"EC-IVG","t":"A320"},"420C3":{"r":"EC-IVV","t":"B738"},"420C5":{"r":"EC-IYI","t":"B738"},"420C7":{"r":"EC-IUQ","t":"GLEX"},"420C9":{"r":"EC-IVJ","t":"C25A"},"420CA":{"r":"EC-IXD","t":"A321"},"420CB":{"r":"EC-IZH","t":"A320"},"420CC":{"r":"EC-IZR","t":"A320"},"420CE":{"r":"EC-JAZ","t":"A319"},"420CF":{"r":"EC-JNI","t":"A321"},"420D5":{"r":"EC-IVP","t":"AT43"},"420D9":{"r":"EC-IYG","t":"A320"},"42101":{"r":"EC-HVV","t":"FA10"},"42102":{"r":"EC-JBH","t":"FA20"},"42104":{"r":"EC-JFH","t":"A320"},"42105":{"r":"EC-JFG","t":"A320"},"42106":{"r":"EC-JEI","t":"A319"},"42107":{"r":"EC-JDM","t":"A321"},"42108":{"r":"EC-JDL","t":"A319"},"42109":{"r":"EC-IZX","t":"A346"},"4210A":{"r":"EC-IZY","t":"A346"},"4210B":{"r":"EC-JBA","t":"A346"},"42111":{"r":"EC-IZK","t":"A320"},"42114":{"r":"EC-IZD","t":"A320"},"42115":{"r":"EC-JAB","t":"A320"},"42117":{"r":"EC-JAP","t":"B738"},"42118":{"r":"EC-JBJ","t":"B738"},"42119":{"r":"EC-JBK","t":"B738"},"4211A":{"r":"EC-JBL","t":"B738"},"42141":{"r":"EC-JHK","t":"B738"},"42142":{"r":"EC-JHL","t":"B738"},"42148":{"r":"EC-IZP","t":"CRJ2"},"4214B":{"r":"EC-ISH","t":"PC12"},"42152":{"r":"EC-JBB","t":"F900"},"42153":{"r":"EC-HZH","t":"SW4"},"42187":{"r":"EC-KHJ","t":"A320"},"42188":{"r":"EC-JFN","t":"A320"},"42189":{"r":"EC-JEJ","t":"A321"},"4218A":{"r":"EC-JCY","t":"A346"},"4218B":{"r":"EC-JCZ","t":"A346"},"4218C":{"r":"EC-JCO","t":"CRJ2"},"4218E":{"r":"EC-HCH","t":"SW4"},"4218F":{"r":"EC-GVE","t":"SW4"},"42194":{"r":"EC-JFF","t":"A320"},"42195":{"r":"EC-JGM","t":"A320"},"42199":{"r":"T.21-09","t":"C295"},"421C2":{"r":"EC-JCU","t":"SW4"},"421D1":{"r":"EC-JKZ","t":"B738"},"421D5":{"r":"EC-IMF","t":"C550"},"421D6":{"r":"EC-HAK","t":"E120"},"421D7":{"r":"EC-HCF","t":"E120"},"421D8":{"r":"EC-HFK","t":"E120"},"421DA":{"r":"EC-HTS","t":"E120"},"421DD":{"r":"EC-HMY","t":"E120"},"42201":{"r":"EC-IMX","t":"E120"},"42202":{"r":"EC-JBD","t":"E120"},"42203":{"r":"EC-JBE","t":"E120"},"42206":{"r":"EC-JGN","t":"GALX"},"42208":{"r":"EC-HJC","t":"SW4"},"4220F":{"r":"EC-JHP","t":"A333"},"42210":{"r":"EC-JGS","t":"A321"},"42211":{"r":"EC-JDR","t":"A321"},"42212":{"r":"EC-JFX","t":"A346"},"42213":{"r":"EC-JFT","t":"C560"},"42247":{"r":"EC-HGI","t":"C550"},"4224C":{"r":"EC-JJD","t":"A320"},"4224E":{"r":"EC-JLI","t":"A321"},"4224F":{"r":"EC-JMR","t":"A321"},"42250":{"r":"EC-JLE","t":"A346"},"42255":{"r":"EC-JFO","t":"PC12"},"42292":{"r":"EC-JIU","t":"C525"},"42293":{"r":"EC-JJS","t":"MD83"},"42294":{"r":"EC-JIL","t":"GLEX"},"42297":{"r":"EC-ITP","t":"SW4"},"422C2":{"r":"EC-JJU","t":"C25A"},"422C3":{"r":"EC-GSQ","t":"B350"},"422C6":{"r":"EC-JNF","t":"B738"},"422C9":{"r":"EC-JPF","t":"A332"},"422CA":{"r":"EC-JQG","t":"A332"},"422CB":{"r":"EC-JQQ","t":"A332"},"422D7":{"r":"EC-JKH","t":"E120"},"42302":{"r":"EC-JNC","t":"A320"},"4230A":{"r":"EC-JNQ","t":"A346"},"4230C":{"r":"EC-JPU","t":"A346"},"4230D":{"r":"EC-JPK","t":"GLF5"},"4230E":{"r":"EC-JNY","t":"H25B"},"42388":{"r":"EC-JNB","t":"CRJ9"},"42389":{"r":"EC-JIP","t":"SW4"},"4238B":{"r":"EC-JNZ","t":"F900"},"4238E":{"r":"EC-JMS","t":"C25A"},"42391":{"r":"EC-JQP","t":"A320"},"42392":{"r":"EC-JNX","t":"CRJ2"},"42396":{"r":"EC-JSY","t":"A320"},"42397":{"r":"EC-JTQ","t":"A320"},"42398":{"r":"EC-JTR","t":"A320"},"423C2":{"r":"EC-JON","t":"C550"},"423C3":{"r":"EC-JQZ","t":"A321"},"423C4":{"r":"EC-JRE","t":"A321"},"423C5":{"r":"EC-JSB","t":"A320"},"423C6":{"r":"EC-JSK","t":"A320"},"423CD":{"r":"EC-JQV","t":"MD83"},"423D0":{"r":"EC-JPV","t":"LJ60"},"423D4":{"r":"EC-JQE","t":"GALX"},"423D8":{"r":"EC-JQF","t":"AT72"},"42412":{"r":"EC-JVM","t":"LJ60"},"42418":{"r":"EC-JVE","t":"A319"},"42419":{"r":"EC-JXA","t":"A319"},"4241A":{"r":"EC-JXJ","t":"A319"},"42441":{"r":"EC-JXV","t":"A319"},"42443":{"r":"EC-GPS","t":"SW4"},"4244E":{"r":"EC-JUF","t":"MD82"},"42450":{"r":"EC-GQA","t":"E120"},"42452":{"r":"EC-JTH","t":"C551"},"42457":{"r":"EC-JTS","t":"CRJ9"},"42458":{"r":"EC-JTT","t":"CRJ9"},"42459":{"r":"EC-JTU","t":"CRJ9"},"42488":{"r":"EC-JYC","t":"SW4"},"4248B":{"r":"EC-JVI","t":"F2TH"},"4248C":{"r":"EC-JVR","t":"F900"},"42491":{"r":"EC-JVB","t":"LJ60"},"42496":{"r":"EC-JXR","t":"F2TH"},"424C2":{"r":"EC-JXF","t":"AT72"},"424C8":{"r":"EC-JYG","t":"C680"},"424C9":{"r":"EC-JXZ","t":"CRJ9"},"424CA":{"r":"EC-JYA","t":"CRJ9"},"424CC":{"r":"EC-JYR","t":"GLF5"},"424CD":{"r":"EC-KBV","t":"B738"},"424CE":{"r":"EC-KCG","t":"B738"},"424CF":{"r":"EC-KEO","t":"B738"},"424D0":{"r":"EC-JZL","t":"A332"},"424D1":{"r":"EC-JYX","t":"A320"},"424D2":{"r":"EC-JZI","t":"A320"},"424D4":{"r":"EC-KDH","t":"A320"},"424D5":{"r":"EC-KDG","t":"A320"},"42501":{"r":"EC-JYQ","t":"LJ60"},"42506":{"r":"EC-JZK","t":"C56X"},"4250A":{"r":"EC-JZM","t":"A321"},"4250B":{"r":"EC-KBJ","t":"A319"},"4250C":{"r":"EC-KBX","t":"A319"},"4250E":{"r":"EC-KDI","t":"A319"},"42510":{"r":"EC-KEV","t":"A319"},"42514":{"r":"EC-KCX","t":"MD83"},"42515":{"r":"EC-JZX","t":"B712"},"42519":{"r":"EC-JYV","t":"CRJ9"},"4251A":{"r":"EC-JYT","t":"CL60"},"42541":{"r":"EC-IXL","t":"SW4"},"42544":{"r":"EC-KAI","t":"AT43"},"42548":{"r":"EC-JZQ","t":"A320"},"4254B":{"r":"EC-KBC","t":"GALX"},"4254C":{"r":"EC-KFQ","t":"E135"},"4254D":{"r":"EC-JZS","t":"CRJ9"},"4254E":{"r":"EC-JZT","t":"CRJ9"},"4254F":{"r":"EC-JZU","t":"CRJ9"},"42550":{"r":"EC-JZV","t":"CRJ9"},"42558":{"r":"EC-KBU","t":"A320"},"42559":{"r":"EC-KCA","t":"GALX"},"42581":{"r":"EC-KCU","t":"A320"},"42582":{"r":"EC-KDT","t":"A320"},"42585":{"r":"EC-GUS","t":"SW4"},"42586":{"r":"EC-KCL","t":"A343"},"42587":{"r":"EC-KBR","t":"GLF5"},"42588":{"r":"EC-KFA","t":"F900"},"4258A":{"r":"EC-KBO","t":"B734"},"4258B":{"r":"EC-KFT","t":"A319"},"4258D":{"r":"EC-KHX","t":"B712"},"4258F":{"r":"EC-KDX","t":"A320"},"42590":{"r":"EC-KFI","t":"A320"},"42591":{"r":"EC-KHN","t":"A320"},"42592":{"r":"EC-KJD","t":"A320"},"425CC":{"r":"EC-KES","t":"C25A"},"425CD":{"r":"EC-KDY","t":"B733"},"425D2":{"r":"EC-KDJ","t":"B733"},"425D7":{"r":"EC-KFR","t":"B712"},"425D8":{"r":"EC-KEC","t":"A320"},"42603":{"r":"EC-JQK","t":"C172"},"42607":{"r":"EC-GFK","t":"SW4"},"42609":{"r":"EC-GXJ","t":"SW4"},"4260E":{"r":"EC-KHM","t":"A319"},"4260F":{"r":"EC-KJC","t":"A319"},"42647":{"r":"EC-KFS","t":"GLEX"},"4264A":{"r":"EC-KKS","t":"A319"},"4264F":{"r":"T.21-11","t":"C295"},"42653":{"r":"EC-KHP","t":"C550"},"42657":{"r":"EC-KJS","t":"GLF5"},"42685":{"r":"EC-KHT","t":"E135"},"4268A":{"r":"EC-KJH","t":"GLEX"},"4268F":{"r":"EC-KKK","t":"C560"},"42AA7":{"r":"EC-JUG","t":"MD83"},"43042":{"r":"EC-KKC","t":"C680"},"43045":{"r":"EC-KKT","t":"A320"},"43046":{"r":"EC-KLB","t":"A320"},"43048":{"r":"EC-KKN","t":"GLEX"},"4304A":{"r":"EC-KGX","t":"C501"},"4304B":{"r":"EC-KJR","t":"C551"},"43052":{"r":"EC-KLS","t":"GLF5"},"43056":{"r":"EC-KNE","t":"B712"},"4308E":{"r":"EC-HIN","t":"C525"},"4308F":{"r":"EC-KLR","t":"B733"},"43090":{"r":"EC-KHH","t":"PRM1"},"43091":{"r":"EC-KMF","t":"G150"},"43092":{"r":"EC-KLL","t":"GALX"},"43096":{"r":"EC-KKO","t":"C55B"},"43098":{"r":"EC-KKE","t":"C525"},"430C2":{"r":"EC-KME","t":"A319"},"430C3":{"r":"EC-KMD","t":"A319"},"430C4":{"r":"EC-KOY","t":"A319"},"430C5":{"r":"EC-KOU","t":"A343"},"430CB":{"r":"EC-KMS","t":"G150"},"430CC":{"r":"EC-KLT","t":"A320"},"430CD":{"r":"EC-KMI","t":"A320"},"430CE":{"r":"EC-KMT","t":"H25B"},"430D8":{"r":"T.21-13","t":"C295"},"430D9":{"r":"EC-KMK","t":"C680"},"430DA":{"r":"EC-KOX","t":"A320"},"43106":{"r":"EC-KOI","t":"C25A"},"43107":{"r":"EC-KNP","t":"BE20"},"4310C":{"r":"EC-KPL","t":"GALX"},"4310D":{"r":"EC-KLD","t":"B752"},"43110":{"r":"EC-KPF","t":"GALX"},"4311A":{"r":"EC-KNM","t":"A320"},"43141":{"r":"EC-KOH","t":"A320"},"43142":{"r":"EC-KPJ","t":"G150"},"43144":{"r":"EC-GEN","t":"SW4"},"43147":{"r":"EC-KOM","t":"A332"},"43148":{"r":"EC-KTG","t":"A332"},"4314B":{"r":"EC-402","t":"A400"},"4314C":{"r":"EC-404","t":"A400"},"43181":{"r":"EC-KPE","t":"C56X"},"43183":{"r":"EC-KPB","t":"C56X"},"43184":{"r":"EC-KPX","t":"A320"},"4318A":{"r":"EC-KOL","t":"C56X"},"43194":{"r":"EC-KRH","t":"A320"},"43196":{"r":"EC-KVD","t":"B733"},"43197":{"r":"EC-KTZ","t":"B733"},"431C3":{"r":"EC-KQC","t":"B744"},"431C4":{"r":"EC-KPP","t":"FA10"},"431C8":{"r":"EC-KQO","t":"C25B"},"431C9":{"r":"EC-KRN","t":"GALX"},"431CE":{"r":"EC-KSE","t":"A343"},"431D1":{"r":"EC-KRD","t":"B734"},"431D4":{"r":"EC-KRA","t":"B733"},"43202":{"r":"EC-KSM","t":"B744"},"4320A":{"r":"EC-KQP","t":"TBM8"},"4320D":{"r":"EC-KRJ","t":"E190"},"4320E":{"r":"EC-KTV","t":"G150"},"4320F":{"r":"EC-KTK","t":"G150"},"43210":{"r":"EC-KSF","t":"MD87"},"43218":{"r":"EC-KVU","t":"GLEX"},"4324C":{"r":"EC-KSB","t":"C525"},"4324E":{"r":"EC-KUB","t":"A319"},"4324F":{"r":"EC-LEI","t":"A319"},"43282":{"r":"EC-KUL","t":"AT72"},"43289":{"r":"EC-KUM","t":"GLF5"},"432C9":{"r":"EC-KXF","t":"GLF5"},"432D6":{"r":"EC-KXD","t":"E190"},"432D7":{"r":"EC-KXN","t":"B744"},"43315":{"r":"EC-LEU","t":"A346"},"43347":{"r":"EC-KYO","t":"E190"},"43348":{"r":"EC-KYP","t":"E190"},"4334D":{"r":"EC-KXS","t":"H25B"},"4334E":{"r":"EC-LAC","t":"B733"},"43358":{"r":"EC-LAE","t":"GALX"},"43359":{"r":"EC-LBB","t":"GALX"},"43382":{"r":"EC-KZG","t":"A320"},"43383":{"r":"EC-LAJ","t":"A320"},"43385":{"r":"EC-LAA","t":"A320"},"43386":{"r":"EC-LAB","t":"A320"},"4338D":{"r":"EC-KYZ","t":"A320"},"433CE":{"r":"EC-LBO","t":"C550"},"433D2":{"r":"EC-KZI","t":"A346"},"433D3":{"r":"EC-LBC","t":"B752"},"4340A":{"r":"EC-LDK","t":"C510"},"43416":{"r":"EC-LDS","t":"ASTR"},"43419":{"r":"EC-LAQ","t":"A320"},"4341A":{"r":"EC-LAV","t":"B734"},"43447":{"r":"EC-335","t":"A332"},"43488":{"r":"EC-LCZ","t":"A346"},"4348E":{"r":"EC-LCM","t":"C525"},"43495":{"r":"EC-LCQ","t":"E190"},"43499":{"r":"EC-LEB","t":"GLEX"},"434C9":{"r":"EC-LCX","t":"C510"},"434CA":{"r":"EC-LEV","t":"A346"},"434CB":{"r":"EC-LCY","t":"P28A"},"434CE":{"r":"EC-LGV","t":"F2TH"},"434CF":{"r":"EC-LDE","t":"C525"},"434D2":{"r":"EC-LDN","t":"B734"},"434D9":{"r":"EC-LEQ","t":"A333"},"43501":{"r":"EC-JCV","t":"SW4"},"43503":{"r":"EC-339","t":"A332"},"43505":{"r":"EC-LES","t":"CL30"},"43507":{"r":"EC-LEY","t":"MD83"},"43519":{"r":"EC-LHC","t":"EA50"},"4351A":{"r":"EC-LET","t":"EA50"},"43541":{"r":"EC-LII","t":"EA50"},"43542":{"r":"EC-LEK","t":"E190"},"43543":{"r":"EC-LFZ","t":"E190"},"43545":{"r":"EC-LEP","t":"C560"},"4354B":{"r":"EC-LFH","t":"DH8C"},"43551":{"r":"EC-LFS","t":"A346"},"43559":{"r":"EC-LIN","t":"E190"},"4355A":{"r":"EC-LHL","t":"B752"},"43582":{"r":"EC-LGL","t":"B744"},"43583":{"r":"EC-LGG","t":"E135"},"435C4":{"r":"EC-LIY","t":"GLF5"},"435C5":{"r":"EC-MNH","t":"GLEX"},"435D5":{"r":"EC-LHM","t":"A343"},"43603":{"r":"EC-336","t":"A332"},"43605":{"r":"EC-LIH","t":"BE20"},"4360B":{"r":"EC-LJI","t":"B733"},"43613":{"r":"EC-LKI","t":"B763"},"43614":{"r":"EC-LIO","t":"BE40"},"4361A":{"r":"EC-LLV","t":"FA7X"},"43642":{"r":"EC-LKE","t":"A332"},"43643":{"r":"EC-LJC","t":"C510"},"4364D":{"r":"EC-LKO","t":"B738"},"4364E":{"r":"EC-LJR","t":"CRJX"},"4364F":{"r":"EC-LJS","t":"CRJX"},"43650":{"r":"EC-LJT","t":"CRJX"},"4368C":{"r":"EC-LJX","t":"CRJX"},"4368E":{"r":"EC-LEA","t":"A320"},"43693":{"r":"EC-LKH","t":"A320"},"43694":{"r":"EC-LKF","t":"CRJX"},"43695":{"r":"EC-LKG","t":"A320"},"43697":{"r":"EC-LKM","t":"E190"},"44088":{"r":"EC-LKV","t":"B763"},"44089":{"r":"EC-LKS","t":"A343"},"44099":{"r":"EC-LLJ","t":"A320"},"4409A":{"r":"EC-LLM","t":"A320"},"440C1":{"r":"EC-LML","t":"A320"},"440CC":{"r":"EC-LLX","t":"A320"},"440CD":{"r":"EC-LKX","t":"E190"},"440CE":{"r":"EC-LNH","t":"A332"},"440CF":{"r":"EC-LMN","t":"A332"},"440D0":{"r":"EC-FJF","t":"C414"},"44118":{"r":"EC-LNM","t":"GLEX"},"44144":{"r":"EC-LNC","t":"B734"},"44146":{"r":"EC-LLR","t":"E190"},"44149":{"r":"EC-LNA","t":"B744"},"4414C":{"r":"EC-LMR","t":"B463"},"4414D":{"r":"EC-LMY","t":"MD83"},"44156":{"r":"EC-LOB","t":"A320"},"44157":{"r":"EC-LOC","t":"A320"},"44158":{"r":"EC-LOP","t":"A320"},"4415A":{"r":"EC-LOF","t":"B463"},"4418D":{"r":"EC-LNP","t":"AT72"},"4418E":{"r":"EC-LNQ","t":"AT72"},"44195":{"r":"EC-LOJ","t":"CRJX"},"44197":{"r":"EC-LOV","t":"CRJX"},"44198":{"r":"EC-LOX","t":"CRJX"},"4420B":{"r":"EC-LPJ","t":"P180"},"44210":{"r":"EC-LQO","t":"A332"},"44211":{"r":"EC-LQP","t":"A332"},"44213":{"r":"EC-LPG","t":"CRJX"},"44215":{"r":"EC-LPM","t":"B712"},"44216":{"r":"EC-LPR","t":"B738"},"44217":{"r":"EC-LPQ","t":"B738"},"44218":{"r":"EC-LPN","t":"CRJX"},"4425A":{"r":"EC-LPP","t":"C501"},"44281":{"r":"EC-LQJ","t":"A320"},"44282":{"r":"EC-LQK","t":"A320"},"44283":{"r":"EC-LQM","t":"A320"},"44284":{"r":"EC-LRA","t":"A320"},"44285":{"r":"EC-LQN","t":"A320"},"44286":{"r":"EC-LQL","t":"A320"},"44289":{"r":"EC-LQS","t":"B712"},"44290":{"r":"EC-LQF","t":"C550"},"44291":{"r":"EC-LQZ","t":"A320"},"44292":{"r":"EC-LRE","t":"A320"},"44293":{"r":"EC-LRY","t":"A320"},"44294":{"r":"EC-LRM","t":"A320"},"44295":{"r":"EC-LQV","t":"AT76"},"44297":{"r":"EC-LQX","t":"B738"},"44298":{"r":"EC-LRN","t":"A320"},"44299":{"r":"EC-LRS","t":"A319"},"4429A":{"r":"EC-LRZ","t":"A319"},"442C1":{"r":"EC-LSA","t":"A320"},"442C9":{"r":"EC-LTF","t":"GLEX"},"442CB":{"r":"EC-LRR","t":"AT76"},"442CC":{"r":"EC-LRU","t":"AT76"},"442CD":{"r":"EC-LTO","t":"B733"},"442D4":{"r":"EC-LSN","t":"AT72"},"442DA":{"r":"EC-LTC","t":"B734"},"44304":{"r":"EC-LUB","t":"A333"},"44305":{"r":"EC-LUK","t":"A333"},"44306":{"r":"EC-LTA","t":"BE20"},"44307":{"r":"EC-LSQ","t":"AT76"},"4430C":{"r":"EC-LTG","t":"B734"},"44341":{"r":"EC-LTM","t":"B738"},"44344":{"r":"EC-LUX","t":"A333"},"44345":{"r":"EC-LXK","t":"A333"},"44346":{"r":"EC-LYF","t":"A333"},"443D1":{"r":"EC-LUN","t":"A320"},"443D2":{"r":"EC-LUO","t":"A320"},"443D3":{"r":"EC-LVO","t":"A320"},"443D4":{"r":"EC-LVP","t":"A320"},"443D5":{"r":"EC-LVU","t":"A320"},"44409":{"r":"EC-LVS","t":"A320"},"4440A":{"r":"EC-LVT","t":"A320"},"4440B":{"r":"EC-LVV","t":"A320"},"4440C":{"r":"EC-LVX","t":"A320"},"4440F":{"r":"EC-LVA","t":"A320"},"44410":{"r":"EC-LVB","t":"A320"},"44416":{"r":"EC-LUS","t":"A320"},"44417":{"r":"EC-LUL","t":"A320"},"44441":{"r":"EC-LVC","t":"A320"},"44445":{"r":"EC-LZD","t":"A320"},"44446":{"r":"EC-LUT","t":"B738"},"44449":{"r":"EC-LVD","t":"A320"},"4444B":{"r":"EC-LRG","t":"A320"},"4444C":{"r":"EC-LUC","t":"A320"},"4444D":{"r":"EC-LUD","t":"A320"},"4444E":{"r":"EC-LVL","t":"A332"},"4444F":{"r":"EC-LXR"},"44450":{"r":"EC-LXA","t":"A333"},"44455":{"r":"EC-LVQ","t":"A320"},"44459":{"r":"EC-LVR","t":"B738"},"44481":{"r":"EC-LXQ","t":"A320"},"44487":{"r":"EC-LXV","t":"B738"},"44488":{"r":"EC-LYK","t":"GLF6"},"4448B":{"r":"EC-LYO","t":"GLF5"},"4448D":{"r":"EC-LYE","t":"A320"},"44495":{"r":"EC-LYL","t":"C56X"},"44496":{"r":"EC-LLE","t":"A320"},"44498":{"r":"EC-LYM","t":"A320"},"444C3":{"r":"EC-LYR","t":"B738"},"444C4":{"r":"EC-LZJ","t":"A333"},"444C5":{"r":"EC-LZE","t":"A320"},"444C6":{"r":"EC-LZF","t":"A320"},"444C7":{"r":"EC-LZZ","t":"A320"},"444C8":{"r":"EC-MBK","t":"A320"},"444C9":{"r":"EC-MAH","t":"A320"},"444CA":{"r":"EC-MAI","t":"A320"},"444CB":{"r":"EC-MAO","t":"A320"},"444CC":{"r":"EC-MAN","t":"A320"},"444CE":{"r":"EC-MAJ","t":"A332"},"444CF":{"r":"EC-LZN","t":"A320"},"444D0":{"r":"EC-MBD","t":"A320"},"444D1":{"r":"EC-MBE","t":"A320"},"444D2":{"r":"EC-MAX","t":"A320"},"444D9":{"r":"EC-LZM","t":"A320"},"444DA":{"r":"EC-MBS","t":"A320"},"44501":{"r":"EC-MBT","t":"A320"},"44502":{"r":"EC-LZX","t":"A333"},"44503":{"r":"EC-MAA","t":"A333"},"44505":{"r":"EC-MCI","t":"B734"},"44508":{"r":"EC-LZO","t":"B763"},"44544":{"r":"EC-MAD","t":"B734"},"44547":{"r":"EC-LZU","t":"GLF6"},"44548":{"r":"EC-MBL","t":"A320"},"4454A":{"r":"EC-MBF","t":"A320"},"4454B":{"r":"EC-MBY","t":"A320"},"44557":{"r":"EC-MCU","t":"A320"},"44583":{"r":"EC-MBM","t":"A320"},"4458D":{"r":"EC-LZS","t":"C510"},"445D1":{"r":"EC-MCB","t":"A320"},"445D4":{"r":"EC-MCS","t":"A320"},"44644":{"r":"EC-MDZ","t":"A320"},"44645":{"r":"EC-MEA","t":"A320"},"44646":{"r":"EC-MEL","t":"A320"},"44648":{"r":"EC-MDK","t":"A320"},"44649":{"r":"EC-MEY","t":"B734"},"4464A":{"r":"EC-MFE","t":"B734"},"4464B":{"r":"EC-MFA"},"4464C":{"r":"EC-MFB"},"44691":{"r":"EC-MEQ","t":"A320"},"44692":{"r":"EC-MER","t":"A320"},"44693":{"r":"EC-MES","t":"A320"},"44694":{"r":"EC-MFK","t":"A320"},"44695":{"r":"EC-MFL","t":"A320"},"44696":{"r":"EC-MFM","t":"A320"},"44697":{"r":"EC-MFN","t":"A320"},"44698":{"r":"EC-MGE","t":"A320"},"44699":{"r":"EC-MGY","t":"A321"},"4469A":{"r":"EC-MGZ","t":"A321"},"45041":{"r":"EC-MHA","t":"A321"},"45042":{"r":"EC-MHB","t":"A321"},"45043":{"r":"EC-MHS","t":"A321"},"45051":{"r":"EC-MEG","t":"A320"},"45052":{"r":"EC-MEH","t":"A320"},"45082":{"r":"EC-MIE","t":"B734"},"45084":{"r":"EC-MGF","t":"A319"},"45089":{"r":"EC-MFS","t":"B734"},"45094":{"r":"EC-MHZ","t":"GLF6"},"450CC":{"r":"EC-MHL"},"450D5":{"r":"EC-MIL"},"450D6":{"r":"EC-MJA"},"450D7":{"r":"EC-MJT"},"450D8":{"r":"EC-MIG","t":"B788"},"45101":{"r":"EC-MIR","t":"A319"},"45102":{"r":"EC-MIQ","t":"A319"},"45103":{"r":"EC-MII","t":"A333"},"45107":{"r":"EC-MJC","t":"A320"},"45108":{"r":"EC-MJB","t":"A320"},"45109":{"r":"EC-MKI","t":"A332"},"4510A":{"r":"EC-MKJ","t":"A332"},"4510B":{"r":"EC-MKH"},"45116":{"r":"EC-MJR","t":"A321"},"451CD":{"r":"EC-MNK","t":"A332"},"451CF":{"r":"EC-MIH","t":"B788"},"451D3":{"r":"EC-MKM","t":"A320"},"451D4":{"r":"EC-MKN","t":"A320"},"451D5":{"r":"EC-MKO","t":"A320"},"451D8":{"r":"EC-MJO","t":"CRJX"},"451D9":{"r":"EC-MJP","t":"CRJX"},"451DA":{"r":"EC-MJQ","t":"CRJX"},"45204":{"r":"EC-MKV","t":"A319"},"45205":{"r":"EC-MKX","t":"A319"},"45206":{"r":"EC-MLE","t":"A320"},"45207":{"r":"EC-MLD","t":"A321"},"4520A":{"r":"EC-MLA","t":"F2TH"},"4520B":{"r":"EC-MLB","t":"A332"},"4520C":{"r":"EC-MLP","t":"A332"},"4520D":{"r":"EC-MMD","t":"GLEX"},"4520E":{"r":"EC-MMG","t":"A332"},"4520F":{"r":"EC-MNL","t":"A332"},"45212":{"r":"EC-MLM","t":"A321"},"45215":{"r":"EC-MJU","t":"B738"},"45218":{"r":"EC-MKL","t":"B738"},"45241":{"r":"EC-MLR","t":"GLF6"},"45242":{"r":"EC-MLV","t":"C680"},"45248":{"r":"EC-MMH","t":"A321"},"45249":{"r":"EC-MMU","t":"A321"},"45250":{"r":"EC-MLC","t":"CRJX"},"45251":{"r":"EC-MLT","t":"B788"},"45292":{"r":"EC-MNM","t":"B734"},"45299":{"r":"EC-MMX","t":"B788"},"4529A":{"r":"EC-MMY","t":"B788"},"452C6":{"r":"EC-MNB","t":"CRJ2"},"452C8":{"r":"EC-MLO","t":"CRJX"},"452C9":{"r":"EC-MNZ","t":"A320"},"4530C":{"r":"EC-MNS","t":"B788"},"4530D":{"r":"EC-MNQ","t":"CRJX"},"45313":{"r":"EC-MOG","t":"A320"},"45314":{"r":"EC-MOO","t":"A321"},"45318":{"r":"EC-MOU","t":"A332"},"45319":{"r":"EC-MOY","t":"A332"},"45352":{"r":"EC-MPE","t":"B788"},"45353":{"r":"EC-MOM","t":"B788"},"45359":{"r":"EC-MPV","t":"A321"},"4535A":{"r":"EC-MQB","t":"A321"},"45385":{"r":"EC-MOX","t":"CRJX"},"45388":{"r":"EC-MPA","t":"CRJX"},"4538D":{"r":"EC-MQL","t":"A321"},"4538E":{"r":"EC-MPG","t":"B738"},"45398":{"r":"EC-MQE","t":"A320"},"453C1":{"r":"EC-MPS","t":"B738"},"453C3":{"r":"EC-MRF","t":"A321"},"453C9":{"r":"EC-MQM","t":"A343"},"453CC":{"r":"EC-MQP","t":"B738"},"453D3":{"r":"EC-MQQ","t":"CRJX"},"45543":{"r":"EC-MRI","t":"CRJX"},"45558":{"r":"EC-MRR","t":"F2TH"},"45559":{"r":"EC-MRL","t":"GLF5"},"45583":{"r":"EC-MSB","t":"CRJX"},"4558E":{"r":"EC-MSZ","t":"B789"},"4558F":{"r":"EC-MTI","t":"B789"},"45595":{"r":"EC-MSC","t":"GLEX"},"45597":{"r":"EC-MSL","t":"CRJX"},"455C1":{"r":"EC-MSY","t":"A332"},"455CB":{"r":"EC-MSS","t":"C56X"},"455D5":{"r":"EC-MUD","t":"A332"},"455D6":{"r":"EC-MTB","t":"A319"},"455D7":{"r":"EC-MTC","t":"A319"},"455D8":{"r":"EC-MTD","t":"A319"},"455D9":{"r":"EC-MTE","t":"A319"},"455DA":{"r":"EC-MTF","t":"A319"},"4560D":{"r":"EC-MVD","t":"A320"},"45611":{"r":"EC-MTL","t":"A319"},"45612":{"r":"EC-MTM","t":"A319"},"45613":{"r":"EC-MTN","t":"A319"},"45614":{"r":"EC-MUM","t":"A320"},"45615":{"r":"EC-MTO","t":"CRJX"},"45617":{"r":"EC-MTV","t":"B738"},"45618":{"r":"EC-MUB","t":"B738"},"45619":{"r":"EC-MUS","t":"GLF6"},"45642":{"r":"EC-MVO","t":"A320"},"45643":{"r":"EC-MVE","t":"A320"},"45644":{"r":"EC-MZT","t":"A20N"},"45645":{"r":"EC-MXG","t":"A320"},"45646":{"r":"EC-MYC","t":"A320"},"45659":{"r":"EC-MUC","t":"A319"},"45682":{"r":"EC-MUA","t":"B772"},"45685":{"r":"EC-MUF","t":"A320"},"45686":{"r":"EC-MUK","t":"A320"},"45687":{"r":"EC-MTZ","t":"CRJX"},"45688":{"r":"EC-MUG","t":"CRJX"},"4568A":{"r":"EC-MVN","t":"A320"},"4568C":{"r":"EC-MUU","t":"A319"},"4568D":{"r":"EC-MUT","t":"A319"},"45691":{"r":"EC-MXU","t":"A20N"},"45692":{"r":"EC-MXY","t":"A20N"},"45698":{"r":"EC-MVC","t":"CRJX"},"45699":{"r":"EC-MUX","t":"A319"},"4569A":{"r":"EC-MUY","t":"A319"},"46045":{"r":"EC-MYA","t":"A332"},"46047":{"r":"EC-MXP","t":"A320"},"4604B":{"r":"EC-MVZ","t":"CRJX"},"4604C":{"r":"EC-MXA","t":"CRJX"},"4604D":{"r":"EC-MUZ","t":"B738"},"4604E":{"r":"EC-MXV","t":"A359"},"46057":{"r":"EC-MYX","t":"A359"},"46082":{"r":"EC-MVY","t":"B738"},"46083":{"r":"EC-MXM","t":"B738"},"46088":{"r":"EC-MYB","t":"A320"},"46089":{"r":"EC-NAE","t":"A20N"},"4608A":{"r":"EC-NAJ","t":"A20N"},"4608B":{"r":"EC-NAF","t":"A20N"},"4608C":{"r":"EC-NAV","t":"A20N"},"4608D":{"r":"EC-NAX","t":"A20N"},"4608E":{"r":"EC-NAY","t":"A20N"},"4608F":{"r":"EC-NAZ","t":"A20N"},"46090":{"r":"EC-NBA","t":"A20N"},"46091":{"r":"EC-NCF","t":"A20N"},"46107":{"r":"EC-NAB","t":"B738"},"4610D":{"r":"EC-NCG","t":"A20N"},"4610E":{"r":"EC-NCT","t":"A20N"},"4610F":{"r":"EC-NCS","t":"A20N"},"46111":{"r":"EC-NCU","t":"A20N"},"46114":{"r":"EC-NBO","t":"A359"},"46146":{"r":"EC-NBE","t":"A359"},"46147":{"r":"EC-NCM","t":"A20N"},"46155":{"r":"EC-NBC","t":"A319"},"46156":{"r":"EC-NBD","t":"A319"},"4615A":{"r":"EC-NBM","t":"B789"},"46181":{"r":"EC-NBX","t":"B789"},"46183":{"r":"EC-NDA","t":"A20N"},"46184":{"r":"EC-NDC","t":"A20N"},"46185":{"r":"EC-NEA","t":"A20N"},"46186":{"r":"EC-NFH","t":"A20N"},"46187":{"r":"EC-NBS","t":"C68A"},"46188":{"r":"EC-NGB","t":"A319"},"46193":{"r":"EC-NCB","t":"A319"},"46195":{"r":"EC-NBN","t":"A332"},"46199":{"r":"EC-NFN","t":"B752"},"461C1":{"r":"EC-NCJ","t":"C56X"},"461CB":{"r":"EC-NCX","t":"A359"},"461CD":{"r":"EC-NCL","t":"C25C"},"461CE":{"r":"EC-NDG","t":"A319"},"461CF":{"r":"EC-NDH","t":"A319"},"46204":{"r":"EC-NDN","t":"A20N"},"46206":{"r":"EC-NCK","t":"A332"},"4620B":{"r":"EC-NFI","t":"A20N"},"4620C":{"r":"EC-NFJ","t":"A20N"},"4620D":{"r":"EC-NFK","t":"A20N"},"4628D":{"r":"EC-NDR","t":"A359"},"46291":{"r":"EC-NCY","t":"B789"},"4629A":{"r":"EC-NEZ","t":"E295"},"462C8":{"r":"EC-NEN","t":"A332"},"462C9":{"r":"EC-NEI","t":"B789"},"46303":{"r":"EC-NER","t":"A20N"},"46310":{"r":"EC-NFM","t":"B789"},"46316":{"r":"EC-NFZ","t":"A20N"},"46317":{"r":"EC-NGC","t":"B738"},"46318":{"r":"EC-NHF","t":"B752"},"46319":{"r":"EC-NIV","t":"B752"},"4631A":{"r":"EC-NIU","t":"B752"},"46350":{"r":"EC-NGL","t":"A319"},"46352":{"r":"EC-NIJ","t":"A20N"},"46353":{"r":"EC-NIX","t":"A20N"},"46355":{"r":"EC-NIY","t":"A20N"},"4635A":{"r":"EC-NGS","t":"B789"},"46384":{"r":"EC-NGM","t":"B789"},"46385":{"r":"EC-NGN","t":"B789"},"46386":{"r":"EC-NGT","t":"A359"},"46390":{"r":"EC-NGY","t":"A359"},"46391":{"r":"EC-NFA","t":"E295"},"46398":{"r":"EC-NHA","t":"E295"},"463C6":{"r":"EC-NHP","t":"A319"},"463CB":{"r":"EC-NGX","t":"C510"},"463DA":{"r":"EC-NHM","t":"A333"},"4640E":{"r":"EC-NIG","t":"A359"},"46419":{"r":"EC-NIS","t":"A359"},"4644B":{"r":"EC-NGP","t":"A21N"},"4644C":{"r":"EC-NIA","t":"A21N"},"4644D":{"r":"EC-NIF","t":"A21N"},"4644E":{"r":"EC-NJI","t":"A21N"},"4644F":{"r":"EC-NIB","t":"BE20"},"46456":{"r":"EC-NJM","t":"A359"},"46458":{"r":"EC-NJU","t":"A20N"},"4645A":{"r":"EC-NHU","t":"CRJ2"},"46489":{"r":"EC-NLU","t":"B734"},"4648A":{"r":"EC-NMK","t":"B734"},"4648D":{"r":"EC-NML","t":"B734"},"46499":{"r":"EC-NJY","t":"A20N"},"46501":{"r":"EC-NKH","t":"C68A"},"46516":{"r":"EC-NLK","t":"B738"},"46541":{"r":"EC-NLM","t":"CRJ2"},"4654B":{"r":"EC-NLJ","t":"A321"},"46555":{"r":"EC-NLP","t":"A359"},"4659A":{"r":"EC-NMZ","t":"A359"},"465C5":{"r":"EC-NOI","t":"A359"},"465C9":{"r":"EC-ISI","t":"A320"},"465D4":{"r":"EC-NNV","t":"E295"},"465D8":{"r":"EC-NNZ","t":"A320"},"465D9":{"r":"EC-NNY","t":"A320"},"46603":{"r":"EC-NOC","t":"GL5T"},"46605":{"r":"EC-NNH","t":"A332"},"4660D":{"r":"EC-NOL","t":"A320"},"4660E":{"r":"EC-NOM","t":"A320"},"4660F":{"r":"EC-NON","t":"A320"},"46610":{"r":"EC-NDB","t":"A20N"},"46611":{"r":"EC-NOP","t":"A320"},"46612":{"r":"EC-NOQ","t":"A320"},"46613":{"r":"EC-NOR","t":"A320"},"46614":{"r":"EC-NOS","t":"A320"},"46644":{"r":"EC-NOY","t":"A320"},"46648":{"r":"EC-NPC","t":"A320"},"46649":{"r":"EC-NPB","t":"A320"},"4664E":{"r":"EC-NQJ","t":"B752"},"46689":{"r":"EC-NPU","t":"E295"},"4668B":{"r":"EC-NOG","t":"A333"},"4668C":{"r":"EC-NOF","t":"A333"},"4668D":{"r":"EC-NPS","t":"CRJ1"},"46690":{"r":"EC-NLV","t":"A321"},"46691":{"r":"EC-NLX","t":"A321"},"46692":{"r":"EC-NLY","t":"A321"},"4714D":{"r":"EC-NQM","t":"A320"},"4714E":{"r":"EC-NQN","t":"A320"},"47187":{"r":"EC-NQS","t":"C25C"},"4718D":{"r":"EC-NRG","t":"A332"},"4718E":{"r":"EC-NRH","t":"A332"},"47191":{"r":"EC-IXO","t":"B738"},"47206":{"r":"EC-NSC","t":"A359"},"47219":{"r":"EC-NTA","t":"A20N"},"47245":{"r":"EC-NTB","t":"A359"},"47247":{"r":"EC-NST","t":"A21N"},"4724F":{"r":"EC-NTI","t":"A20N"},"47255":{"r":"EC-NUG","t":"B738"},"47256":{"r":"EC-NTL","t":"A320"},"47257":{"r":"EC-NTM","t":"A320"},"47258":{"r":"EC-NTU","t":"A320"},"47259":{"r":"EC-NTX","t":"A333"},"47281":{"r":"EC-NTY","t":"A333"},"47287":{"r":"EC-NTO","t":"A20N"},"47288":{"r":"EC-NTP","t":"A20N"},"4728C":{"r":"EC-NUI","t":"A332"},"47295":{"r":"EC-NRA","t":"PC24"},"47296":{"r":"EC-JQG","t":"A332"},"47297":{"r":"EC-NUL","t":"A332"},"472C3":{"r":"EC-NUO","t":"A320"},"472C4":{"r":"EC-NUP","t":"A320"},"472C9":{"r":"EC-NUD","t":"A21N"},"472CC":{"r":"EC-NTQ","t":"A20N"},"47301":{"r":"EC-NYM","t":"B752"},"47302":{"r":"EC-NXU","t":"B738"},"47303":{"r":"EC-NXV","t":"B738"},"47306":{"r":"EC-NUY","t":"B738"},"47307":{"r":"EC-NUZ","t":"B738"},"47308":{"r":"EC-NXX","t":"B738"},"47309":{"r":"EC-NVJ","t":"B738"},"47311":{"r":"EC-NVP","t":"B738"},"47312":{"r":"EC-NVQ","t":"B738"},"47343":{"r":"EC-NVR","t":"A359"},"47344":{"r":"EC-NVS","t":"A20N"},"47346":{"r":"EC-NVX","t":"B789"},"47347":{"r":"EC-NVY","t":"B789"},"47348":{"r":"EC-NVZ","t":"B788"},"47349":{"r":"EC-NXA","t":"B788"},"4734F":{"r":"EC-NYC","t":"A21N"},"47350":{"r":"EC-NYD","t":"A21N"},"47386":{"r":"EC-NXC","t":"A359"},"47387":{"r":"EC-NXD","t":"A359"},"47388":{"r":"EC-NXE","t":"A359"},"473CF":{"r":"EC-NYR","t":"E35L"},"473D3":{"r":"EC-NYJ","t":"A333"},"4740F":{"r":"EC-NZG","t":"B788"},"4744C":{"r":"EC-NYE","t":"A21N"},"4744D":{"r":"EC-NYF","t":"A21N"},"47453":{"r":"EC-NZP","t":"A20N"},"47454":{"r":"EC-NZQ","t":"A20N"},"47459":{"r":"EC-NZJ","t":"A332"},"4745A":{"r":"EC-NZN","t":"B738"},"47481":{"r":"EC-NZR","t":"B738"},"47488":{"r":"EC-NZF","t":"A359"},"474C8":{"r":"EC-OAQ","t":"A332"},"474CE":{"r":"EC-OBN","t":"B738"},"474DA":{"r":"EC-OAS","t":"A21N"},"47501":{"r":"EC-OAU","t":"A21N"},"4750A":{"r":"EC-OBJ","t":"B738"},"4750B":{"r":"EC-OBK","t":"B738"},"4750D":{"r":"EC-OBO","t":"B738"},"4750F":{"r":"EC-OBP","t":"B738"},"47518":{"r":"EC-OAV","t":"A359"},"47519":{"r":"EC-OAX","t":"A359"},"4754C":{"r":"EC-OBY","t":"A21N"},"4754D":{"r":"EC-OAY","t":"A359"},"47553":{"r":"EC-OCC","t":"A21N"},"47555":{"r":"EC-OAP","t":"A332"},"4758D":{"r":"EC-OBZ","t":"GLF6"},"475C7":{"r":"EC-OCR","t":"A359"},"475D5":{"r":"EC-OCS","t":"A20N"},"53507":{"r":"T.18-1","t":"F900"},"53508":{"r":"T.18-2","t":"F900"},"53509":{"r":"T.18-3","t":"F900"},"5350A":{"r":"T.184","t":"F900"},"5350B":{"r":"T.18-5","t":"F900"},"54555":{"r":"T.22-1","t":"A310"},"54556":{"r":"T.22-2","t":"A310"},"55315":{"r":"TR.20-02","t":"C560"},"8001A":{"r":"F-WWAI","t":"A343"},"8003A":{"r":"F-WWAS","t":"A388"},"8005A":{"r":"F-WWBA","t":"A320"},"8007A":{"r":"F-WWCA","t":"A346"},"8019A":{"r":"F-WWIA","t":"A320"},"801BA":{"r":"F-WWIB","t":"A320"},"801DA":{"r":"F-WWIC","t":"A320"},"801FA":{"r":"F-WWID","t":"A320"},"8021A":{"r":"F-WWKG"},"8025B":{"r":"2","t":"F900"},"803BA":{"r":"F-WWKU"},"806FA":{"r":"F-WWJV","t":"F2TH"},"8073A":{"r":"F-WWJY","t":"F2TH"},"807BA":{"r":"F-WWAB","t":"A388"},"8083A":{"r":"F-WWAG","t":"A388"},"8087A":{"r":"F-WWAJ","t":"A388"},"808BA":{"r":"F-WWAL","t":"A388"},"8091A":{"r":"F-WWAO","t":"A388"},"8097A":{"r":"F-WWAR","t":"A388"},"80ADA":{"r":"F-WWCF","t":"A359"},"80D1B":{"r":"4","t":"F900"},"80D3B":{"r":"F-RADC","t":"A310"},"80D5A":{"r":"F-WWBB","t":"A320"},"80D7A":{"r":"F-WWBC","t":"A320"},"80DDA":{"r":"F-WWBG","t":"A320"},"80E1A":{"r":"F-WWBI","t":"A320"},"80E3A":{"r":"F-WWBJ","t":"A320"},"80E5A":{"r":"F-WWBK","t":"A320"},"80E7A":{"r":"F-WWBM","t":"A320"},"80E9A":{"r":"F-WWBN","t":"A320"},"80EDA":{"r":"F-WWBP","t":"A320"},"80F1A":{"r":"F-WWBR","t":"A320"},"80F3A":{"r":"F-WWBS","t":"A320"},"80F5A":{"r":"F-WWBT","t":"A320"},"80FDA":{"r":"F-WWBY","t":"A320"},"8103A":{"r":"F-WWDC","t":"A320"},"8105A":{"r":"F-WWDD","t":"A388"},"8109A":{"r":"F-WWDF","t":"A320"},"810BA":{"r":"F-WWDG","t":"A320"},"8111A":{"r":"F-WWDJ","t":"A320"},"8115A":{"r":"F-WWDL","t":"A320"},"8117A":{"r":"F-WWDM","t":"A320"},"811DA":{"r":"F-WWDP","t":"A320"},"811FA":{"r":"F-WWDQ","t":"A320"},"8121A":{"r":"F-WWDR","t":"A320"},"8125A":{"r":"F-WWDT","t":"A320"},"8127A":{"r":"F-WWDU","t":"A320"},"812BA":{"r":"F-WWDX","t":"A320"},"812DA":{"r":"F-WWDY","t":"A320"},"812FA":{"r":"F-WWDZ","t":"A320"},"8131A":{"r":"F-WWIE","t":"A320"},"8133A":{"r":"F-WWIF","t":"A320"},"8135A":{"r":"F-WWIG","t":"A320"},"8139A":{"r":"F-WWII","t":"A320"},"813BA":{"r":"F-WWIJ","t":"A320"},"813DA":{"r":"F-WWIK","t":"A320"},"813FA":{"r":"F-WWIL","t":"A320"},"8141A":{"r":"F-WWIM","t":"A320"},"8145A":{"r":"F-WWIO","t":"A320"},"8147A":{"r":"F-WWIP","t":"A320"},"8149A":{"r":"F-WWIQ","t":"A320"},"814FA":{"r":"F-WWIT","t":"A320"},"8153A":{"r":"F-WWIV","t":"A320"},"8155A":{"r":"F-WWIX","t":"A320"},"8157A":{"r":"F-WWIY","t":"A320"},"8159A":{"r":"F-WWIZ","t":"A320"},"815BA":{"r":"F-WWBE","t":"A320"},"816BA":{"r":"F-WWEG","t":"AT72"},"8175A":{"r":"F-WWEL","t":"AT72"},"8179A":{"r":"F-WWEN","t":"AT72"},"817BA":{"r":"F-WWEO","t":"AT75"},"818FA":{"r":"F-WWEY","t":"AT72"},"81B5A":{"r":"F-WWLS","t":"AT45"},"81BBB":{"r":"F-RAFJ","t":"FA50"},"81C3B":{"r":"F-RAFK","t":"FA50"},"81C7A":{"r":"F-WWHB","t":"FA7X"},"81C9A":{"r":"F-WWHC","t":"FA7X"},"81CDA":{"r":"F-WWHE","t":"FA7X"},"81CFA":{"r":"F-WWHF","t":"FA7X"},"81D5A":{"r":"F-WWHH","t":"FA50"},"81E3B":{"r":"F-RAFL","t":"FA50"},"81E5A":{"r":"F-WWHR","t":"FA7X"},"81E7B":{"r":"F-RAFI","t":"FA50"},"81EBA":{"r":"F-WWHU","t":"FA7X"},"81F9A":{"r":"F-WWFB","t":"F900"},"81FDA":{"r":"F-WWFD","t":"F900"},"81FFB":{"r":"F-WXEY","t":"F2TH"},"8205A":{"r":"F-WWFH","t":"F900"},"820BA":{"r":"F-WWFK","t":"F900"},"8215A":{"r":"F-WWMA","t":"F2TH"},"821BA":{"r":"F-WWMD","t":"F2TH"},"821DA":{"r":"F-WWME","t":"F2TH"},"8221A":{"r":"F-WWMG"},"8249A":{"r":"F-WWVA","t":"F900"},"824DA":{"r":"F-WWVC","t":"F900"},"825FA":{"r":"F-WWVL","t":"FA7X"},"8261A":{"r":"F-WWVM","t":"FA7X"},"8277A":{"r":"F-WWVX","t":"FA7X"},"8283A":{"r":"F-WWYD","t":"A333"},"8291A":{"r":"F-WWYJ","t":"A333"},"829FA":{"r":"F-WWYQ"},"829FB":{"r":"F-WFBW","t":"FA7X"},"82A1A":{"r":"F-WWYR","t":"A333"},"82A9A":{"r":"F-WWYV","t":"A333"},"82ABA":{"r":"F-WWYX"},"82AFA":{"r":"F-WWYZ"},"82B9A":{"r":"F-WWSR","t":"A388"},"82EFA":{"r":"F-WWPB","t":"EC75"},"8397A":{"r":"F-WWGN","t":"F2TH"},"839BA":{"r":"F-WWGP","t":"F2TH"},"839FA":{"r":"F-WWGR","t":"F2TH"},"83AFA":{"r":"F-WWGZ","t":"F2TH"},"83D02":{"r":"F-BPIC","t":"PA30"},"83E7A":{"r":"F-WWOW","t":"A388"},"83E9A":{"r":"F-WWSQ","t":"A388"},"840DA":{"r":"F-WWSX","t":"A306"},"8415A":{"r":"F-WWUA","t":"FA7X"},"843DA":{"r":"F-WWUS","t":"FA7X"},"845BA":{"r":"F-WWZK","t":"FA7X"},"8465A":{"r":"F-WWZP","t":"FA7X"},"8467A":{"r":"F-WWZQ","t":"FA7X"},"8469A":{"r":"F-WWZR","t":"FA7X"},"846BA":{"r":"F-WWZS","t":"FA7X"},"846DA":{"r":"F-WWZT","t":"FA7X"},"846FA":{"r":"F-WWZU","t":"FA7X"},"8471A":{"r":"F-WWZV","t":"FA7X"},"8475A":{"r":"F-WWZX","t":"FA7X"},"847FA":{"r":"F-WWMT","t":"A400"},"8481A":{"r":"F-WWMS","t":"A400"},"8485A":{"r":"F-WWMZ","t":"A400"},"84880":{"r":"F-BSEA","t":"BE33"},"8491A":{"r":"F-WWQC"},"84C7A":{"r":"F-WWNF","t":"FA7X"},"85284":{"r":"F-BUUE","t":"PA34"},"853DB":{"r":"F-WJKG","t":"A346"},"8553B":{"r":"F-WHLV","t":"F900"},"855ED":{"r":"F-BVPN","t":"FA20"},"8587B":{"r":"F-WJXZ","t":"EC25"},"85D28":{"r":"F-BXJI","t":"DR40"},"85DF8":{"r":"F-BXPY","t":"BE9L"},"85F09":{"r":"F-BXYJ","t":"RALL"},"8691B":{"r":"F-PIMS","t":"MCR4"},"86C7B":{"r":"F-PDSL","t":"RV8"},"876DB":{"r":"F-WHUF","t":"A319"},"8777B":{"r":"F-WHUK","t":"A318"},"889FB":{"r":"F-PAEC","t":"RV7"},"88B7B":{"r":"F-WTAJ","t":"A343"},"8913B":{"r":"F-PACJ","t":"MCR1"},"8935B":{"r":"F-WZGG","t":"A359"},"89A9B":{"r":"F-WTBA","t":"A319"},"8A6FB":{"r":"F-WXWB","t":"A359"},"8AD3B":{"r":"F-WTAK","t":"A319"},"8C53B":{"r":"F-WNEO","t":"A20N"},"8CEDB":{"r":"F-WIDE","t":"FA6X"},"8CF9B":{"r":"F-WNOV","t":"A310"},"8ED1B":{"r":"F-WTTN","t":"A339"},"8ED3B":{"r":"F-WTTE","t":"A339"},"8ED5B":{"r":"F-WTTO","t":"A338"},"A1465":{"r":"F-OFDF","t":"A332"},"A1CD5":{"r":"F-OHGV","t":"A320"},"A1CD7":{"r":"F-OHGX","t":"A320"},"A1D34":{"r":"F-OHJU","t":"AT72"},"A1D37":{"r":"F-OHJX","t":"A319"},"A1E43":{"r":"F-OHSD","t":"A332"},"A22B4":{"r":"F-OIVU","t":"A321"},"A24C5":{"r":"F-OJGF","t":"A343"},"A24E7":{"r":"F-OJHH","t":"A310"},"A24E8":{"r":"F-OJHI","t":"A310"},"A2589":{"r":"F-OJMJ","t":"FA8X"},"A2641":{"r":"F-OJSB","t":"A320"},"A2644":{"r":"F-OJSE","t":"A332"},"A266D":{"r":"F-OJTN","t":"A343"},"A2C15":{"r":"F-OLAV","t":"BCS3"},"A2DD5":{"r":"F-OLOV","t":"A343"},"A2E20":{"r":"F-OLRA","t":"B77L"},"A2E21":{"r":"F-OLRB","t":"B788"},"A2E22":{"r":"F-OLRC","t":"B788"},"A2E23":{"r":"F-OLRD","t":"B77W"},"A2E24":{"r":"F-OLRE","t":"B77W"},"A2E68":{"r":"F-OLTI","t":"FA8X"},"A3018":{"r":"F-OMAY","t":"B772"},"A3091":{"r":"F-OMER","t":"BCS3"},"A3220":{"r":"F-OMRA","t":"A320"},"A3221":{"r":"F-OMRB","t":"A320"},"A3222":{"r":"F-OMRC","t":"A320"},"A3223":{"r":"F-OMRD","t":"A320"},"A322D":{"r":"F-OMRN","t":"A320"},"A322E":{"r":"F-OMRO","t":"A320"},"A3280":{"r":"F-OMUA","t":"B789"},"A348E":{"r":"F-ONEO","t":"A339"},"A3493":{"r":"F-ONET","t":"A339"},"A34C0":{"r":"F-ONGA","t":"B738"},"A34C1":{"r":"F-ONGB","t":"B738"},"A35D4":{"r":"F-ONOU","t":"B77W"},"A3688":{"r":"F-ONUI","t":"B789"},"A3718":{"r":"F-ONYY","t":"C25A"},"A39A4":{"r":"F-OONE","t":"A333"},"A4403":{"r":"F-ORAD","t":"A320"},"A4404":{"r":"F-ORAE","t":"A320"},"A4406":{"r":"F-ORAG","t":"A319"},"A4409":{"r":"F-ORAJ","t":"A319"},"A4494":{"r":"F-OREU","t":"B77W"},"A4578":{"r":"F-ORLY","t":"A333"},"A4580":{"r":"F-ORMA","t":"A332"},"A4584":{"r":"F-ORME","t":"A321"},"A4585":{"r":"F-ORMF","t":"A321"},"A4586":{"r":"F-ORMG","t":"A321"},"A4589":{"r":"F-ORMJ","t":"A321"},"A468D":{"r":"F-ORUN","t":"B772"},"A4824":{"r":"F-OSBE","t":"PC12"},"A4880":{"r":"F-OSEA","t":"A343"},"A4A61":{"r":"F-OSTB","t":"PC12"},"A4A8D":{"r":"F-OSUN","t":"A343"},"A4B03":{"r":"F-OSYD","t":"B77W"},"A4C91":{"r":"F-OTER","t":"BCS3"},"A4D01":{"r":"F-OTIB","t":"A20N"},"A4DC0":{"r":"F-OTOA","t":"B789"},"A5400":{"r":"F-OVAA","t":"B789"},"AABF9":{"r":"159","t":"TBM7"},"AABFA":{"r":"156","t":"TBM7"},"AABFB":{"r":"139","t":"TBM7"},"AABFC":{"r":"136","t":"TBM7"},"AABFD":{"r":"115","t":"TBM7"},"AABFE":{"r":"99","t":"TBM7"},"AABFF":{"r":"100","t":"TBM7"},"B761B":{"r":"2235","t":"AS32"},"B76A5":{"r":"231","t":"F2TH"},"B76AE":{"r":"F-RARF","t":"A332"},"B76B3":{"r":"86","t":"FA7X"},"B770D":{"r":"F-RAFA","t":"FA7X"},"B7722":{"r":"108","t":"E121"},"B7723":{"r":"107","t":"E121"},"B7724":{"r":"105","t":"E121"},"B7725":{"r":"103","t":"E121"},"B7728":{"r":"099","t":"E121"},"B772D":{"r":"091","t":"E121"},"B772E":{"r":"090","t":"E121"},"B772F":{"r":"089","t":"E121"},"B7731":{"r":"084","t":"E121"},"B7732":{"r":"083","t":"E121"},"B7735":{"r":"078","t":"E121"},"B7739":{"r":"072","t":"E121"},"B773C":{"r":"064","t":"E121"},"B7777":{"r":"739","t":"K35R"},"B7778":{"r":"738","t":"K35R"},"B7781":{"r":"081","t":"A342"},"B7782":{"r":"F-RAJA","t":"A342"},"B7783":{"r":"R218","t":"C160"},"B7788":{"r":"R96","t":"C160"},"B778B":{"r":"R51","t":"C160"},"B7792":{"r":"R205","t":"C160"},"B77A0":{"r":"R159","t":"C160"},"B77A7":{"r":"R11","t":"C160"},"B77A9":{"r":"R224","t":"C160"},"B77AA":{"r":"R214","t":"C160"},"B77C3":{"r":"141","t":"CN35"},"B77C4":{"r":"137","t":"CN35"},"B77C5":{"r":"123","t":"CN35"},"B77C7":{"r":"128","t":"CN35"},"B77CB":{"r":"071","t":"CN35"},"B77CE":{"r":"114","t":"CN35"},"B77CF":{"r":"111","t":"CN35"},"B77D0":{"r":"045","t":"CN35"},"B77D7":{"r":"165","t":"CN35"},"B77D9":{"r":"158","t":"CN35"},"B77DA":{"r":"204","t":"E3CF"},"B77DB":{"r":"203","t":"E3CF"},"B77DC":{"r":"202","t":"E3CF"},"B77DD":{"r":"201","t":"E3CF"},"B77DE":{"r":"156","t":"CN35"},"B77DF":{"r":"152","t":"CN35"},"B77E5":{"r":"F-RAFP","t":"F900"},"B77E7":{"r":"F-RBFA","t":"A319"},"B77EB":{"r":"F-RAXS","t":"TBM7"},"B77EC":{"r":"F-RAXR","t":"TBM7"},"B77ED":{"r":"131","t":"TBM7"},"B77EE":{"r":"F-RAXP","t":"TBM7"},"B77F0":{"r":"117","t":"TBM7"},"B77F1":{"r":"F-RAXM","t":"TBM7"},"B77F2":{"r":"33","t":"TBM7"},"B77F5":{"r":"77","t":"TBM7"},"B77F6":{"r":"78","t":"TBM7"},"B77F8":{"r":"93","t":"TBM7"},"B77FA":{"r":"95"},"B77FB":{"r":"F-RADA","t":"A310"},"B77FC":{"r":"F-RADB","t":"A310"},"B77FD":{"r":"103","t":"TBM7"},"B77FE":{"r":"F-RAXJ","t":"TBM7"},"B7B86":{"r":"F-ZBMC","t":"DH8D"},"B9BAC":{"r":"85","t":"E121"},"B9BAE":{"r":"077","t":"E121"},"B9BE3":{"r":"32","t":"FA10"},"B9BE7":{"r":"101","t":"FA10"},"B9BEF":{"r":"143","t":"FA10"},"B9BF0":{"r":"129","t":"FA10"},"B9BF1":{"r":"133","t":"FA10"},"B9BFD":{"r":"7","t":"FA50"},"D0073":{"t":"C55B"},"D00E0":{"t":"C680"},"D04A7":{"t":"C56X"},"D050E":{"t":"C172"},"D053C":{"t":"TRIN"},"D0553":{"t":"XA42"},"D0561":{"t":"RALL"},"D058D":{"t":"P28A"},"D059C":{"t":"M20T"},"D05ED":{"t":"P28A"},"D0628":{"t":"TRIN"},"D0671":{"t":"RALL"},"D0678":{"t":"PA46"},"D067B":{"t":"P28A"},"D069D":{"t":"P28A"},"D06EE":{"t":"BE36"},"D06FA":{"t":"DO27"},"D08A4":{"t":"P46T"},"D0A0E":{"t":"P46T"},"D0A79":{"t":"SR20"},"D0AC0":{"t":"DR40"},"D0B1D":{"t":"P28A"},"D0B6F":{"t":"BE33"},"D0BED":{"t":"C210"},"D0C7A":{"t":"PICO"},"D0CC2":{"t":"PA46"},"D0D19":{"t":"P28A"},"D0D3A":{"t":"C82R"},"D0DC7":{"t":"C172"},"D0DF9":{"t":"BE35"},"D0E49":{"t":"DR30"},"D0E84":{"t":"C172"},"D0FB8":{"t":"P46T"},"D0FCB":{"t":"C172"},"D0FDD":{"t":"P28A"},"D1004":{"t":"P210"},"D115B":{"t":"C172"},"D1183":{"t":"R90R"},"D1188":{"t":"DA40"},"D118B":{"t":"BE33"},"D11C9":{"t":"C172"},"D1217":{"t":"PA46"},"D1259":{"t":"C172"},"D126E":{"t":"TRIN"},"D12CC":{"t":"B209"},"D12E6":{"t":"BE35"},"D1329":{"t":"DV20"},"D1380":{"t":"KL07"},"D139D":{"t":"DO27"},"D13E6":{"t":"C172"},"D1468":{"t":"S208"},"D1544":{"t":"C182"},"D1549":{"t":"AC11"},"D154C":{"t":"B209"},"D1551":{"t":"P28A"},"D1554":{"t":"PA46"},"D157E":{"t":"C182"},"D15A3":{"t":"C82R"},"D15CB":{"t":"C182"},"D163E":{"t":"TOBA"},"D16A2":{"t":"P28A"},"D1768":{"t":"M20T"},"D1793":{"t":"SR22"},"D17BF":{"t":"P28A"},"D181C":{"t":"TOBA"},"D185A":{"t":"P28A"},"D189F":{"t":"KL07"},"D18A4":{"t":"RALL"},"D190B":{"t":"C210"},"D1B24":{"t":"P28A"},"D1B27":{"t":"DR10"},"D1B2C":{"t":"PA46"},"D1B58":{"t":"M20P"},"D1BB0":{"t":"P28A"},"D1C09":{"t":"BE35"},"D1C58":{"t":"BE33"},"D1C76":{"t":"P28A"},"D1EAE":{"t":"M20T"},"D1F8C":{"t":"PA46"},"D1F95":{"t":"PA46"},"D1FDC":{"t":"P28A"},"D1FEA":{"t":"P28A"},"D2044":{"t":"BE35"},"D207C":{"t":"P28A"},"D20F5":{"t":"DR40"},"D20F6":{"t":"M20P"},"D2205":{"t":"BE33"},"D224D":{"t":"C182"},"D2344":{"t":"M20P"},"D237B":{"t":"E400"},"D2390":{"t":"P28A"},"D23EC":{"t":"SR22"},"D248B":{"t":"PA46"},"D24D8":{"t":"P28A"},"D24E0":{"t":"P210"},"D2561":{"t":"ULAC"},"D2581":{"t":"M20T"},"D25C4":{"t":"M20P"},"D25CB":{"t":"M20P"},"D25CD":{"t":"M20P"},"D2614":{"t":"SR22"},"D266B":{"t":"C120"},"D2743":{"t":"M20T"},"D2764":{"t":"C182"},"D28F8":{"t":"AA5"},"D2AF6":{"t":"BE33"},"D2B08":{"t":"C182"},"D2B2C":{"t":"P46T"},"D2B4F":{"t":"C182"},"D2BDC":{"t":"C172"},"D2C4C":{"t":"PA46"},"D2E5E":{"t":"PA46"},"D2EA9":{"t":"PULS"},"D31F9":{"t":"PA24"},"D322A":{"t":"PA46"},"D32BD":{"t":"C182"},"D3354":{"t":"P28R"},"D3372":{"t":"P28A"},"D33C8":{"t":"P28A"},"D33E2":{"t":"IMPX"},"D3438":{"t":"G120"},"D34A2":{"t":"M20P"},"D34CC":{"t":"PA32"},"D3502":{"t":"F260"},"D371C":{"t":"P28A"},"D374A":{"t":"DR40"},"D3759":{"t":"BE33"},"D37B3":{"t":"C172"},"D38C9":{"t":"E400"},"D38D9":{"t":"PA46"},"D390B":{"t":"RALL"},"D3A49":{"t":"P210"},"D3A7C":{"t":"EUPA"},"D3B40":{"t":"TAMP"},"D3C9A":{"t":"BE24"},"D3D4C":{"t":"DV20"},"D3E19":{"t":"P46T"},"D3E72":{"t":"IMPX"},"D3ED0":{"t":"DA40"},"D3ED3":{"t":"AC11"},"D3F9C":{"t":"BE33"},"D3FFF":{"t":"C182"},"D40FC":{"t":"DV20"},"D41CF":{"t":"PA46"},"D4289":{"t":"E400"},"D4364":{"t":"E200"},"D43C6":{"t":"M20P"},"D465E":{"t":"IMPX"},"D497D":{"t":"TBM9"},"D4997":{"t":"TBM9"},"D49DE":{"t":"TBM9"},"D4A12":{"t":"M600"},"D4A70":{"t":"PC12"},"D4A78":{"t":"C208"},"D4AD8":{"t":"PC12"},"D4B37":{"t":"C208"},"D4B4B":{"t":"PC12"},"D4BD7":{"t":"TBM8"},"D4C0F":{"t":"TBM9"},"D4D5B":{"t":"TBM9"},"D4D77":{"t":"PC12"},"D4D8C":{"t":"C208"},"D4DC0":{"t":"E500"},"D4EA7":{"t":"PC12"},"D4F3B":{"t":"PC12"},"D4FDC":{"t":"TBM9"},"D511E":{"t":"PC12"},"D5146":{"t":"C208"},"D51B9":{"t":"TBM9"},"D51D8":{"t":"PC12"},"D5203":{"t":"PC12"},"D53E6":{"t":"TBM9"},"D5453":{"t":"PC12"},"D547A":{"t":"PC12"},"D5501":{"t":"TBM9"},"D5502":{"t":"TBM9"},"D5535":{"t":"PC12"},"D556C":{"t":"PC12"},"D568B":{"t":"PC12"},"D570D":{"t":"TBM8"},"D5753":{"t":"PC12"},"D5820":{"t":"TBM9"},"D5898":{"t":"PC12"},"D5899":{"t":"TBM9"},"D592E":{"t":"PC12"},"D5AA6":{"t":"P750"},"D5AF0":{"t":"TBM9"},"D5B7D":{"t":"TBM8"},"D5BB0":{"t":"TBM7"},"D5BEC":{"t":"TBM8"},"D5D87":{"t":"TBM8"},"D5E90":{"t":"TBM8"},"D5FC6":{"t":"PC12"},"D6004":{"t":"P46T"},"D602E":{"t":"TBM7"},"D6315":{"t":"PC12"},"D63BC":{"t":"TBM8"},"D63C0":{"t":"TBM7"},"D645C":{"t":"PC12"},"D64AE":{"t":"PC12"},"D6502":{"t":"TBM9"},"D6662":{"t":"PC12"},"D666F":{"t":"PC12"},"D6680":{"t":"P46T"},"D673D":{"t":"PC12"},"D67CF":{"t":"C208"},"D687B":{"t":"TBM8"},"D6889":{"t":"P46T"},"D6943":{"t":"TBM9"},"D6BAB":{"t":"PC12"},"D6C57":{"t":"PC12"},"D6F6E":{"t":"C208"},"D7009":{"t":"PC12"},"D7061":{"t":"TBM9"},"D70B5":{"t":"TBM9"},"D70F5":{"t":"PC12"},"D70F9":{"t":"PC12"},"D7263":{"t":"PC12"},"D78E4":{"t":"TBM9"},"D78F8":{"t":"TBM9"},"D796C":{"t":"PA46"},"D7AC7":{"t":"TBM8"},"D7B22":{"t":"PC12"},"D7B49":{"t":"PC12"},"D7BA2":{"t":"TBM7"},"D7CF4":{"t":"PC12"},"D7D76":{"t":"PC12"},"D7E6E":{"t":"PC12"},"D7E93":{"t":"PC12"},"D7F46":{"t":"PC12"},"D844B":{"t":"PC12"},"D85BA":{"t":"PC12"},"D8B38":{"t":"TBM7"},"D8DF8":{"t":"DA42"},"D8F2D":{"t":"PA30"},"D90B7":{"t":"DA42"},"D9172":{"t":"PA34"},"D922F":{"t":"PA34"},"D9376":{"t":"PA34"},"D964E":{"t":"PA34"},"D975D":{"t":"DA42"},"D98A2":{"t":"PA34"},"D99A9":{"t":"PA34"},"D99BD":{"t":"PA34"},"D99C2":{"t":"P68"},"D9BA6":{"t":"DA42"},"D9F43":{"t":"PA34"},"DA5D6":{"t":"PA34"},"DA747":{"t":"PA34"},"DAB06":{"t":"PA34"},"DADC9":{"t":"DA42"},"DAE2A":{"t":"PA34"},"DB4D7":{"t":"PA34"},"DB615":{"t":"PA30"},"DC4AF":{"t":"GA7"},"DCC3A":{"t":"PA34"},"DED13":{"t":"MD60"},"DF54D":{"t":"S76"},"DF90E":{"t":"UH1"},"E0031":{"t":"EC35"},"E1749":{"t":"E50P"},"E174A":{"t":"C441"},"E174B":{"t":"E50P"},"E174C":{"t":"PAY3"},"E1759":{"t":"E50P"},"E175A":{"t":"E50P"},"E175B":{"t":"E50P"},"E175E":{"t":"E50P"},"E1760":{"t":"E50P"},"E1761":{"t":"C404"},"E1762":{"t":"PAY2"},"E1766":{"t":"PAY3"},"E17AB":{"t":"C551"},"E17D0":{"t":"C25M"},"E17D5":{"t":"C25M"},"E17DC":{"t":"BE55"},"E17EA":{"t":"PRM1"},"E1804":{"t":"C525"},"E1811":{"t":"MU2"},"E1819":{"t":"C525"},"E1859":{"t":"C25A"},"E1871":{"t":"C525"},"E187A":{"t":"EA50"},"E188E":{"t":"C25A"},"E189A":{"t":"BE20"},"E18A9":{"t":"C25M"},"E193A":{"t":"F406"},"E1949":{"t":"PRM1"},"E1972":{"t":"BE9L"},"E1985":{"t":"PAY3"},"E198A":{"t":"C425"},"E1998":{"t":"C525"},"E19C3":{"t":"PRM1"},"E19EF":{"t":"BE20"},"E19F8":{"t":"C340"},"E19FD":{"t":"BE20"},"E1A06":{"t":"C525"},"E1A07":{"t":"PRM1"},"E1A18":{"t":"C25A"},"E1A26":{"t":"C25A"},"E1A33":{"t":"C25A"},"E1A54":{"t":"C25A"},"E1A67":{"t":"C25A"},"E1A80":{"t":"BE20"},"E1B14":{"t":"C25A"},"E1B1E":{"t":"C25M"},"E1B65":{"t":"C340"},"E1BBE":{"t":"C25A"},"E1BC7":{"t":"BE20"},"E1BCB":{"t":"E50P"},"E1BDA":{"t":"BE20"},"E1BDC":{"t":"C25A"},"E1BE2":{"t":"C525"},"E1C28":{"t":"C340"},"E1C91":{"t":"PRM1"},"E1C92":{"t":"C551"},"E1C9E":{"t":"C525"},"E1CAA":{"t":"C25A"},"E1CAB":{"t":"C340"},"E1CC5":{"t":"C25M"},"E1CC6":{"t":"F406"},"E1CD3":{"t":"C510"},"E1CFC":{"t":"C525"},"E1D10":{"t":"C525"},"E1D39":{"t":"PAY4"},"E1D4C":{"t":"BE20"},"E1D98":{"t":"BE20"},"E1DA0":{"t":"BE20"},"E1DAC":{"t":"BE60"},"E1DCB":{"t":"C25A"},"E1DD2":{"t":"BE9L"},"E1DDA":{"t":"C25A"},"E1E6B":{"t":"E50P"},"E1E76":{"t":"C525"},"E1E7E":{"t":"C551"},"E1EB2":{"t":"BE58"},"E1ECD":{"t":"C525"},"E1F3A":{"t":"C525"},"E1F3B":{"t":"BE20"},"E1F3E":{"t":"BE9L"},"E1F3F":{"t":"BE20"},"E1F46":{"t":"C525"},"E1F4B":{"t":"C425"},"E1F4D":{"t":"C525"},"E1F4E":{"t":"PRM1"},"E1F7D":{"t":"BE9L"},"E1F9C":{"t":"SW3"},"E1FA0":{"t":"AEST"},"E203C":{"t":"BE9L"},"E203F":{"t":"C414"},"E20C5":{"t":"BE10"},"E20F3":{"t":"BE20"},"E2114":{"t":"BE20"},"E2129":{"t":"C421"},"E224D":{"t":"C510"},"E225A":{"t":"C25A"},"E225B":{"t":"BE20"},"E225D":{"t":"C25M"},"E2269":{"t":"C340"},"E2274":{"t":"C25A"},"E2282":{"t":"C25A"},"E2285":{"t":"BE20"},"E22F0":{"t":"C25A"},"E22FA":{"t":"BE20"},"E2316":{"t":"C510"},"E232E":{"t":"C25A"},"E2397":{"t":"C525"},"E23C7":{"t":"PRM1"},"E23DF":{"t":"C25A"},"E23FB":{"t":"C25A"},"E242F":{"t":"BE99"},"E24AA":{"t":"PA31"},"E24B1":{"t":"PRM1"},"E24D1":{"t":"C525"},"E24D7":{"t":"C25A"},"E24F5":{"t":"C510"},"E24FC":{"t":"C25A"},"E24FF":{"t":"BE30"},"E250A":{"t":"C414"},"E2525":{"t":"PA31"},"E2535":{"t":"C25M"},"E253A":{"t":"BE9L"},"E255E":{"t":"C25A"},"E25A6":{"t":"D228"},"E25B2":{"t":"C25A"},"E25B6":{"t":"PRM1"},"E25BA":{"t":"PRM1"},"E25BC":{"t":"BE9L"},"E260E":{"t":"EA50"},"E2649":{"t":"C25A"},"E2657":{"t":"PAY3"},"E2691":{"t":"C25A"},"E2788":{"t":"C525"},"E2793":{"t":"BE20"},"E27C2":{"t":"C501"},"E2803":{"t":"C25A"},"E285C":{"t":"C525"},"E288D":{"t":"P180"},"E28E4":{"t":"C25A"},"E28E8":{"t":"C25A"},"E2907":{"t":"PRM1"},"E2942":{"t":"C525"},"E296F":{"t":"C25A"},"E29CA":{"t":"C551"},"E29CB":{"t":"BE9L"},"E29FA":{"t":"BE55"},"E2A2D":{"t":"C525"},"E2A87":{"t":"C25A"},"E2AA7":{"t":"B58T"},"E2ADE":{"t":"C525"},"E2AE2":{"t":"PAY3"},"E2B11":{"t":"BE9L"},"E2B7E":{"t":"C25A"},"E2B84":{"t":"BE9L"},"E2BCD":{"t":"C25A"},"E2BF6":{"t":"C525"},"E2C7A":{"t":"C421"},"E2C86":{"t":"PRM1"},"E2CA0":{"t":"BE20"},"E2D30":{"t":"BE58"},"E2DA7":{"t":"PRM1"},"E2E8A":{"t":"P180"},"E2FD0":{"t":"C510"},"E3017":{"t":"C25M"},"E301F":{"t":"C25A"},"E3033":{"t":"C525"},"E3078":{"t":"C25A"},"E31B7":{"t":"BE20"},"E31D8":{"t":"C25A"},"E31EA":{"t":"C25A"},"E325F":{"t":"PRM1"},"E32AC":{"t":"C25A"},"E32CC":{"t":"MU2"},"E331D":{"t":"BE20"},"E3320":{"t":"C510"},"E332B":{"t":"C525"},"E338C":{"t":"P180"},"E33BE":{"t":"PRM1"},"E3456":{"t":"EA50"},"E3460":{"t":"C25A"},"E3463":{"t":"E50P"},"E3467":{"t":"EA50"},"E3469":{"t":"EA50"},"E348C":{"t":"PA31"},"E348E":{"t":"C25A"},"E34AD":{"t":"C25A"},"E34F0":{"t":"PA31"},"E350A":{"t":"C525"},"E350B":{"t":"C525"},"E350C":{"t":"C525"},"E350D":{"t":"C525"},"E350E":{"t":"C525"},"E3524":{"t":"C525"},"E3529":{"t":"C525"},"E3531":{"t":"BE20"},"E3558":{"t":"D228"},"E358A":{"t":"C525"},"E35D4":{"t":"C25A"},"E363B":{"t":"C25A"},"E3664":{"t":"C25A"},"E369F":{"t":"C25A"},"E36FA":{"t":"C525"},"E36FE":{"t":"BE9L"},"E36FF":{"t":"C25A"},"E370C":{"t":"PRM1"},"E370F":{"t":"C25A"},"E3735":{"t":"C525"},"E377E":{"t":"C25A"},"E37AA":{"t":"C25A"},"E37AE":{"t":"C25A"},"E37C4":{"t":"C340"},"E37C8":{"t":"P180"},"E37D4":{"t":"C25M"},"E3834":{"t":"C551"},"E3838":{"t":"C310"},"E383C":{"t":"C25A"},"E383E":{"t":"AEST"},"E386C":{"t":"C525"},"E387F":{"t":"BE20"},"E3880":{"t":"C525"},"E38F8":{"t":"E50P"},"E3924":{"t":"C25A"},"E393E":{"t":"SW3"},"E39AE":{"t":"BE9L"},"E39E2":{"t":"C525"},"E3A02":{"t":"EA50"},"E3A06":{"t":"BE60"},"E3A15":{"t":"C525"},"E3A1D":{"t":"C510"},"E3A30":{"t":"C525"},"E3AB8":{"t":"P180"},"E3ADD":{"t":"BE20"},"E3AFB":{"t":"PA31"},"E3B09":{"t":"C25A"},"E3B7F":{"t":"BE60"},"E3C5B":{"t":"C525"},"E3C68":{"t":"C25A"},"E3D01":{"t":"C25A"},"E3D96":{"t":"PAY3"},"E3E62":{"t":"C25M"},"E3E7C":{"t":"C525"},"E3EE4":{"t":"C25M"},"E3EEA":{"t":"BE20"},"E3EF9":{"t":"BE20"},"E3F1A":{"t":"C25A"},"E3F1E":{"t":"C425"},"E3F1F":{"t":"C25A"},"E3F2A":{"t":"C525"},"E3F62":{"t":"PAY4"},"E3F9E":{"t":"E50P"},"E3FB4":{"t":"P180"},"E4024":{"t":"C525"},"E4053":{"t":"C525"},"E4082":{"t":"P180"},"E4109":{"t":"C25A"},"E419A":{"t":"PAY4"},"E4338":{"t":"C25A"},"E43F5":{"t":"C25M"},"E443D":{"t":"BE20"},"E443E":{"t":"HDJT"},"E4458":{"t":"P180"},"E44A3":{"t":"BE20"},"E450E":{"t":"BE9L"},"E4534":{"t":"C525"},"E45A3":{"t":"D228"},"E45A5":{"t":"C525"},"E4601":{"t":"C525"},"E4606":{"t":"P180"},"E4641":{"t":"C510"},"E4643":{"t":"C551"},"E4679":{"t":"C525"},"E46D6":{"t":"PRM1"},"E46E1":{"t":"PRM1"},"E46E5":{"t":"C402"},"E46EC":{"t":"BE9L"},"E470B":{"t":"C25A"},"E4712":{"t":"C25A"},"E4719":{"t":"C25A"},"E4781":{"t":"C525"},"E4782":{"t":"C525"},"E479C":{"t":"C525"},"E47AE":{"t":"C510"},"E47B2":{"t":"C25M"},"E47B7":{"t":"BE9L"},"E47BA":{"t":"C25A"},"E47C6":{"t":"C525"},"E47C9":{"t":"C25A"},"E47EC":{"t":"C501"},"E4801":{"t":"C25A"},"E481A":{"t":"PAY4"},"E4851":{"t":"E50P"},"E4864":{"t":"P180"},"E4896":{"t":"C510"},"E48CD":{"t":"E50P"},"E48D1":{"t":"BE9L"},"E48E5":{"t":"C25A"},"E490C":{"t":"C525"},"E4939":{"t":"PRM1"},"E4981":{"t":"C525"},"E49F8":{"t":"BE20"},"E4A53":{"t":"C525"},"E4AAC":{"t":"C25A"},"E4AE2":{"t":"PRM1"},"E4AEF":{"t":"C25A"},"E4AF1":{"t":"C25A"},"E4B2E":{"t":"C525"},"E4B36":{"t":"PAY3"},"E4B75":{"t":"C421"},"E4BBE":{"t":"PAY3"},"E4C5D":{"t":"E50P"},"E4DE4":{"t":"C525"},"E4E0E":{"t":"BE60"},"E4EBC":{"t":"C510"},"E4EC9":{"t":"BE20"},"E4F99":{"t":"P180"},"E4F9B":{"t":"BE20"},"E4FA1":{"t":"C25A"},"E50DE":{"t":"C25A"},"E50DF":{"t":"C25A"},"E50F3":{"t":"HDJT"},"E5185":{"t":"C25A"},"E523B":{"t":"C525"},"E523D":{"t":"C25A"},"E5241":{"t":"C25A"},"E52E2":{"t":"P180"},"E52F8":{"t":"C25A"},"E537B":{"t":"C421"},"E537E":{"t":"C525"},"E53A8":{"t":"E50P"},"E53AB":{"t":"C25A"},"E53B2":{"t":"PRM1"},"E5668":{"t":"C25A"},"E5671":{"t":"C25A"},"E5930":{"t":"C525"},"E5A90":{"t":"C510"},"E5B0D":{"t":"C525"},"E5BEE":{"t":"P180"},"E61F3":{"r":"D-KCHF","t":"PK20"},"E69FB":{"r":"D-KFIH","t":"TFUN"},"E705A":{"r":"D-KHTA","t":"G109"},"E74F8":{"r":"D-KJMM","t":"NIMB"},"E7A6C":{"r":"D-KLOE","t":"AS29"},"E7E55":{"r":"D-KANR","t":"SF25"},"EB1A6":{"r":"16+01","t":"A343"},"EC55C":{"r":"D-KPRW","t":"AS25"},"EC585":{"r":"D-KPTL","t":"G109"},"EC62F":{"r":"D-KPZZ","t":"NIMB"},"ECB7F":{"r":"D-KSAH","t":"SF25"},"ECE59":{"r":"D-KTCJ","t":"DUOD"},"EEDD1":{"r":"D-3386","t":"GLID"},"EFEF8":{"r":"D-7777","t":"GLID"},"F0100":{"r":"D-8297","t":"GLID"},"F074F":{"r":"D-9912","t":"GLID"},"F4E27":{"r":"14+02","t":"GL5T"},"F551D":{"r":"15+02","t":"A319"},"F58AE":{"r":"14+01","t":"GL5T"},"F6533":{"r":"14+03","t":"GL5T"},"F7B3C":{"r":"14+04","t":"GL5T"},"F7DC1":{"r":"98+46","t":"A319"},"F8515":{"r":"1021","t":"A310"},"F8516":{"r":"1022","t":"A310"},"F8517":{"r":"1023","t":"A310"},"F8518":{"r":"1024","t":"A310"},"F8519":{"r":"1025","t":"A310"},"F851A":{"r":"1026","t":"A310"},"F851B":{"r":"1027","t":"A310"},"F928F":{"r":"37+15","t":"F4"},"F9907":{"r":"50+07","t":"C160"},"F990A":{"r":"50+10","t":"C160"},"F9921":{"r":"50+33","t":"C160"},"F9926":{"r":"50+38","t":"C160"},"F9928":{"r":"50+40","t":"C160"},"F992A":{"r":"50+42","t":"C160"},"F992D":{"r":"50+45","t":"C160"},"F9938":{"r":"50+56","t":"C160"},"F993A":{"r":"50+58","t":"C160"},"F993B":{"r":"50+59","t":"C160"},"F9943":{"r":"50+67","t":"C160"},"F9945":{"r":"50+69","t":"C160"},"F9946":{"r":"50+70","t":"C160"},"F9947":{"r":"50+71","t":"C160"},"F9951":{"r":"50+81","t":"C160"},"F9952":{"r":"50+82","t":"C160"},"F9954":{"r":"50+84","t":"C160"},"F9955":{"r":"50+85","t":"C160"},"F9956":{"r":"50+86","t":"C160"},"F995A":{"r":"50+90","t":"C160"},"F995C":{"r":"50+92","t":"C160"},"F995E":{"r":"50+94","t":"C160"},"F995F":{"r":"50+95","t":"C160"},"F9960":{"r":"50+96","t":"C160"},"F9961":{"r":"50+97","t":"C160"},"F9962":{"r":"50+98","t":"C160"},"F9980":{"r":"51+00","t":"C160"},"F9982":{"r":"51+02","t":"C160"},"F9984":{"r":"51+04","t":"C160"},"F9985":{"r":"51+05","t":"C160"},"F9988":{"r":"51+08","t":"C160"},"F9C84":{"r":"57+04","t":"D228"},"FA994":{"r":"83+20","t":"LYNX"},"FACB6":{"r":"89+54","t":"S61"},"FB123":{"r":"98+35","t":"D228"},"FEA57":{"r":"D-MCOH","t":"C42"},"FEA8D":{"r":"D-MOVE","t":"ULAC"},"FEB7C":{"r":"D-MAKP"},"FEC48":{"r":"D-MYSA","t":"EV97"},"FEC49":{"r":"D-MSGE","t":"C42"},"FEC6B":{"r":"D-MPWK","t":"ECHO"},"FECDE":{"r":"D-MIPL","t":"CH60"},"FEDAF":{"r":"D-MPGB","t":"G3"},"FEE9D":{"r":"D-MNMC","t":"FDCT"},"FEEEE":{"r":"D-MHIO","t":"WT9"},"FF088":{"r":"D-MEIK","t":"CH60"},"FF09A":{"r":"D-MFSL","t":"FK9"},"children":["39","3C"]}