{"51C0D":{"r":"LZ-TRH","t":"LJ60"},"51C24":{"r":"LZ-ASP","t":"P180"},"51C29":{"r":"LZ-BVD","t":"CL60"},"51C30":{"r":"LZ-FIA","t":"GLF5"},"51C31":{"r":"LZ-YUR","t":"CL60"},"51C32":{"r":"LZ-FNB","t":"C25A"},"51C34":{"r":"LZ-GMV","t":"C550"},"51C35":{"r":"LZ-FNA","t":"C525"},"51C36":{"r":"LZ-YUP","t":"CL60"},"51C3E":{"r":"LZ-DIN","t":"C525"},"51C42":{"r":"LZ-OOI","t":"F2TH"},"51C48":{"r":"LZ-BHD","t":"A320"},"51C61":{"r":"LZ-ABV","t":"C550"},"51C67":{"r":"LZ-FIB","t":"GALX"},"51C6C":{"r":"LZ-BVV","t":"LJ60"},"51C6E":{"r":"LZ-ITV","t":"BE20"},"51C72":{"r":"LZ-YUN","t":"CL60"},"51C78":{"r":"LZ-BVE","t":"LJ60"},"51CC1":{"r":"LZ-PLO","t":"E190"},"51CC2":{"r":"LZ-ABR","t":"AN26"},"51D85":{"r":"LZ-SOF","t":"E190"},"51D86":{"r":"LZ-VAR","t":"E190"},"51D87":{"r":"LZ-BHG","t":"A320"},"51D88":{"r":"LZ-BHH","t":"A320"},"51D8C":{"r":"LZ-BUR","t":"E190"},"51D8F":{"r":"LZ-EVB","t":"PRM1"},"51D99":{"r":"LZ-CGS","t":"B734"},"51DA0":{"r":"LZ-AWA","t":"A332"},"51DA8":{"r":"LZ-FLL","t":"AN26"},"51DAD":{"r":"LZ-CGT","t":"B734"},"51DB0":{"r":"LZ-BHI","t":"A320"},"51DBA":{"r":"LZ-LAA","t":"A320"},"51DBD":{"r":"LZ-CGU","t":"B734"},"51E1E":{"r":"LZ-BOO","t":"B733"},"51E1F":{"r":"LZ-BOQ","t":"B735"},"51E21":{"r":"LZ-BOT","t":"B733"},"51E22":{"r":"LZ-HVB","t":"B733"},"51E23":{"r":"LZ-BOU","t":"B733"},"51E24":{"r":"LZ-BOV","t":"B733"},"51E25":{"r":"LZ-BOW","t":"B733"},"51E27":{"r":"LZ-CGO","t":"B733"},"51E28":{"r":"LZ-CGP","t":"B733"},"51E29":{"r":"LZ-CGQ","t":"B733"},"51E2B":{"r":"LZ-CGR","t":"B734"},"51E81":{"r":"LZ-BHB","t":"A320"},"51E82":{"r":"LZ-BHC","t":"A320"},"51E83":{"r":"LZ-WZA","t":"A320"},"51E84":{"r":"LZ-MDA","t":"A320"},"51E85":{"r":"LZ-MDM","t":"A320"},"51E86":{"r":"LZ-MDT","t":"A320"},"51E87":{"r":"LZ-BHE","t":"A320"},"51E89":{"r":"LZ-MDB","t":"A320"},"51E8A":{"r":"LZ-WZB","t":"A320"},"51E8B":{"r":"LZ-FBA","t":"A319"},"51E8C":{"r":"LZ-FBB","t":"A319"},"51E8D":{"r":"LZ-FBC","t":"A320"},"51E8E":{"r":"LZ-FBD","t":"A320"},"51E8F":{"r":"LZ-FBF","t":"A319"},"51E90":{"r":"LZ-FBE","t":"A320"},"51E91":{"r":"LZ-AOA","t":"A319"},"51E92":{"r":"LZ-AOB","t":"A319"},"51E93":{"r":"LZ-MDC","t":"A320"},"51E94":{"r":"LZ-MDD","t":"A320"},"51E95":{"r":"LZ-WZC","t":"A320"},"51E96":{"r":"LZ-BHF","t":"A320"},"51E97":{"r":"LZ-MDR","t":"A320"},"51E98":{"r":"LZ-WOW","t":"A320"},"51F04":{"r":"LZ-LDK","t":"MD82"},"51F06":{"r":"LZ-LDC","t":"MD82"},"51F0E":{"r":"LZ-LDM","t":"MD82"},"51F0F":{"r":"LZ-LDP","t":"MD82"},"51F10":{"r":"LZ-LDW","t":"MD82"},"51F14":{"r":"LZ-LDN","t":"MD82"},"51F16":{"r":"LZ-LDS","t":"MD82"},"51F17":{"r":"LZ-LDU","t":"MD82"},"51F18":{"r":"LZ-LDT","t":"MD82"},"51F19":{"r":"LZ-LDJ","t":"MD82"},"51F85":{"r":"LZ-HBE","t":"B463"},"51F89":{"r":"LZ-TIM","t":"RJ70"},"51F8A":{"r":"LZ-BPS","t":"ATP"},"52013":{"r":"LZ-DEO","t":"MD82"},"52017":{"r":"LZ-ADV","t":"MD82"},"52023":{"r":"LZ-PDM","t":"PRM1"},"52026":{"r":"LZ-ASO","t":"P180"},"5202A":{"r":"LZ-LAB","t":"A320"},"5202B":{"r":"LZ-CGV","t":"B734"},"5202C":{"r":"LZ-LAD","t":"A320"},"5202E":{"r":"LZ-LAC","t":"A320"},"52033":{"r":"LZ-LAG","t":"A320"},"52037":{"r":"LZ-LAE","t":"A320"},"5203C":{"r":"LZ-BVL","t":"B733"},"5203E":{"r":"LZ-BVM","t":"B733"},"52051":{"r":"LZ-CGX","t":"B734"},"52056":{"r":"LZ-VBE","t":"GL5T"},"52057":{"r":"LZ-MDK","t":"A320"},"5205B":{"r":"LZ-BON","t":"B733"},"5205D":{"r":"LZ-TYR","t":"B733"},"5205E":{"r":"LZ-MVK","t":"B733"},"52067":{"r":"LZ-LVK","t":"B733"},"52069":{"r":"LZ-ASR","t":"P180"},"5206B":{"r":"LZ-BVU","t":"B733"},"5206C":{"r":"LZ-BVT","t":"B733"},"5206D":{"r":"LZ-BVS","t":"B733"},"52082":{"r":"LZ-EAB","t":"A320"},"52084":{"r":"LZ-CGW","t":"B734"},"52086":{"r":"LZ-BHL","t":"A320"},"52087":{"r":"LZ-BHM","t":"A320"},"52089":{"r":"LZ-TER","t":"B735"},"5208E":{"r":"LZ-HEA","t":"A321"},"52090":{"r":"LZ-CRI","t":"B734"},"52091":{"r":"LZ-EBB","t":"B733"},"5209B":{"r":"LZ-AWZ","t":"A332"},"5209C":{"r":"LZ-MDI","t":"A320"},"520A1":{"r":"LZ-ONE","t":"A332"},"520A8":{"r":"LZ-PRS","t":"B734"},"520AA":{"r":"LZ-FBG","t":"A320"},"520B1":{"r":"LZ-VJT","t":"C55B"},"520C4":{"r":"LZ-CGY","t":"B734"},"520CB":{"r":"LZ-DAZ","t":"B738"},"520CE":{"r":"LZ-FBK","t":"A320"},"520CF":{"r":"LZ-FBH","t":"A320"},"520D0":{"r":"LZ-FBI","t":"A320"},"520D2":{"r":"LZ-CGA","t":"B738"},"520D3":{"r":"LZ-EGT","t":"E55P"},"520D4":{"r":"LZ-JET","t":"E55P"},"520E0":{"r":"LZ-CVA","t":"C56X"},"520E5":{"r":"LZ-MDF","t":"A321"},"520E6":{"r":"LZ-MDL","t":"A321"},"520E9":{"r":"LZ-BRU","t":"RJ70"},"520EA":{"r":"LZ-CXA","t":"B738"},"520EB":{"r":"LZ-DBT","t":"A320"},"520F9":{"r":"LZ-CGB","t":"B738"},"520FB":{"r":"LZ-GPA","t":"B734"},"520FD":{"r":"LZ-GNC","t":"B738"},"52101":{"r":"LZ-CXB","t":"B738"},"52108":{"r":"LZ-CPA","t":"B733"},"5210C":{"r":"LZ-EAC","t":"A320"},"5210D":{"r":"LZ-EAD","t":"A320"},"52112":{"r":"LZ-CXC","t":"B738"},"52113":{"r":"LZ-LAH","t":"A320"},"52119":{"r":"LZ-EAE","t":"A320"},"5211A":{"r":"LZ-CGC","t":"B738"},"5211B":{"r":"LZ-LAI","t":"A320"},"5211E":{"r":"LZ-LAJ","t":"A320"},"52122":{"r":"LZ-LON","t":"BCS3"},"52124":{"r":"LZ-ROM","t":"BCS3"},"52126":{"r":"LZ-LAK","t":"A320"},"5212D":{"r":"LZ-CXD","t":"B738"},"5212E":{"r":"LZ-GPD","t":"C68A"},"5212F":{"r":"LZ-KPD","t":"C68A"},"52130":{"r":"LZ-CGD","t":"B738"},"52134":{"r":"LZ-FSA","t":"A320"},"52135":{"r":"LZ-FSB","t":"A320"},"52138":{"r":"LZ-EAG","t":"A321"},"5213D":{"r":"LZ-EAH","t":"A320"},"5213E":{"r":"LZ-EAF","t":"A320"},"52144":{"r":"LZ-EAI","t":"A320"},"5860D":{"t":"GLF4"},"58661":{"t":"B734"},"58662":{"t":"B734"},"58664":{"t":"B738"},"586E8":{"t":"PC12"},"58906":{"t":"PA31"},"58A9A":{"t":"PA31"},"58AD7":{"t":"BE20"},"58C4B":{"t":"PC12"},"58C68":{"t":"CL60"},"58C6A":{"t":"LJ35"},"58CB6":{"t":"C500"},"58D14":{"t":"AT43"},"58D2A":{"t":"AT45"},"58D2B":{"t":"AT45"},"58D2C":{"t":"AT45"},"58D2E":{"t":"AT72"},"58D32":{"t":"AT43"},"58D4E":{"t":"BE40"},"58D66":{"t":"F2TH"},"58D68":{"t":"F2TH"},"58D69":{"t":"F2TH"},"58D6A":{"t":"C560"},"58D6B":{"t":"F2TH"},"58D6E":{"t":"F2TH"},"58D70":{"t":"BE20"},"58D73":{"t":"BN2P"},"58D74":{"t":"C560"},"58D8E":{"t":"F2TH"},"58D90":{"t":"C650"},"58D93":{"t":"FA7X"},"58E4A":{"t":"CRJ2"},"58ED7":{"t":"B350"},"58F36":{"t":"C550"},"59053":{"t":"FA8X"},"590C4":{"t":"M20P"},"59156":{"t":"P68"},"59257":{"t":"FA7X"},"59490":{"t":"C650"},"594A6":{"t":"BE20"},"59544":{"t":"FA7X"},"59563":{"t":"FA7X"},"59573":{"t":"CL30"},"59659":{"t":"C550"},"596B2":{"t":"PC12"},"596CF":{"t":"C550"},"598C9":{"t":"FA7X"},"59934":{"t":"GL5T"},"59AEF":{"t":"FA7X"},"59C42":{"t":"CL60"},"59C81":{"t":"E195"},"59C82":{"t":"E195"},"59C83":{"t":"E195"},"59CA3":{"t":"GALX"},"59CA6":{"t":"BE20"},"59CD3":{"t":"F2TH"},"59D63":{"t":"C56X"},"59D6A":{"t":"F2TH"},"59D6E":{"t":"A338"},"59E4E":{"t":"A332"},"59E61":{"t":"PC12"},"59E62":{"t":"PC12"},"59EC7":{"t":"GLF4"},"59EC9":{"t":"GL5T"},"59EEB":{"t":"F2TH"},"5A142":{"t":"EC55"},"5A587":{"t":"GLEX"},"5A5D6":{"t":"CL60"},"5A6B6":{"t":"GALX"},"5A6CB":{"t":"F900"},"5A829":{"t":"C500"},"5A84A":{"t":"H25B"},"5A885":{"t":"FA7X"},"5A941":{"t":"H25B"},"5A942":{"t":"J328"},"5A943":{"t":"H25B"},"5A947":{"t":"J328"},"5A948":{"t":"J328"},"5A94A":{"t":"HA4T"},"5A94B":{"t":"HA4T"},"5A94E":{"t":"C501"},"5A94F":{"t":"BE40"},"5A953":{"t":"HA4T"},"5A9A3":{"t":"C525"},"5AA0A":{"t":"C650"},"5AA4B":{"t":"A320"},"5AA50":{"t":"A320"},"5AA55":{"t":"C56X"},"5AA77":{"t":"C25A"},"5AA81":{"t":"B733"},"5AA82":{"t":"B733"},"5AA83":{"t":"B733"},"5AA84":{"t":"B733"},"5AA85":{"t":"B733"},"5AA86":{"t":"B733"},"5AA88":{"t":"B733"},"5AA89":{"t":"B734"},"5AA8A":{"t":"B733"},"5AA8B":{"t":"B734"},"5AA8C":{"t":"B734"},"5AA8D":{"t":"B734"},"5AA90":{"t":"B737"},"5AA93":{"t":"B737"},"5AA94":{"t":"B737"},"5AA95":{"t":"B737"},"5AA96":{"t":"B737"},"5AA97":{"t":"B737"},"5AA99":{"t":"B737"},"5AA9A":{"t":"B737"},"5AB21":{"t":"B738"},"5AB22":{"t":"B738"},"5AB4A":{"t":"B738"},"5AB4B":{"t":"B738"},"5AB4D":{"t":"B738"},"5AB4E":{"t":"B738"},"5AB4F":{"t":"B738"},"5AB50":{"t":"B738"},"5AB53":{"t":"B738"},"5AB54":{"t":"B738"},"5AC2C":{"t":"A320"},"5AC2D":{"t":"A320"},"5AC2E":{"t":"A320"},"5AC2F":{"t":"A320"},"5AC30":{"t":"A320"},"5AC32":{"t":"A320"},"5AC33":{"t":"A320"},"5AC34":{"t":"A320"},"5AC35":{"t":"A320"},"5AC37":{"t":"A320"},"5AC39":{"t":"A320"},"5AC41":{"t":"A343"},"5AC42":{"t":"A321"},"5AC43":{"t":"A343"},"5AC44":{"t":"A343"},"5AC45":{"t":"A321"},"5AC46":{"t":"A321"},"5AC48":{"t":"A321"},"5AC49":{"t":"A343"},"5AC4B":{"t":"A321"},"5AC4C":{"t":"A321"},"5AC4D":{"t":"A343"},"5AC4E":{"t":"A333"},"5AC4F":{"t":"A319"},"5AC50":{"t":"A319"},"5AC52":{"t":"A319"},"5AC54":{"t":"A319"},"5ACC1":{"t":"CRJ9"},"5ACC2":{"t":"CRJ9"},"5ACC3":{"t":"CRJ9"},"5ACC4":{"t":"CRJ9"},"5ACC5":{"t":"CRJ9"},"5ACC6":{"t":"CRJ9"},"5ACC7":{"t":"CRJ9"},"5ACC8":{"t":"CRJ9"},"5ACC9":{"t":"CRJ9"},"5ACCB":{"t":"CRJ9"},"5ACCC":{"t":"CRJ9"},"5ACF4":{"t":"MD82"},"5AD03":{"t":"MD82"},"5AD05":{"t":"MD82"},"5AD07":{"t":"MD82"},"5AD0D":{"t":"MD82"},"5AD0E":{"t":"MD81"},"5AD10":{"t":"MD81"},"5AD15":{"t":"MD87"},"5AD73":{"t":"B736"},"5AD87":{"t":"C560"},"5AED0":{"t":"LJ45"},"5B0E9":{"t":"GLEX"},"5B103":{"t":"AT73"},"5B14A":{"t":"LJ45"},"5B187":{"t":"CL60"},"5B1C1":{"t":"GLEX"},"5B215":{"t":"C510"},"5B2AB":{"t":"GLEX"},"5B449":{"t":"CRJ2"},"5B44A":{"t":"CRJ2"},"5B454":{"t":"CRJ2"},"5B4AE":{"t":"B350"},"5B4EF":{"t":"F2TH"},"5B501":{"t":"F2TH"},"5B50D":{"t":"FA7X"},"5B524":{"t":"PC12"},"5B534":{"t":"CRJ9"},"5B5AD":{"t":"CL60"},"5B645":{"t":"B737"},"5B646":{"t":"B737"},"5B647":{"t":"B737"},"5B648":{"t":"B737"},"5B653":{"t":"B737"},"5B655":{"t":"B737"},"5B669":{"t":"GLEX"},"5B824":{"t":"CL60"},"5B833":{"t":"SR22"},"5B853":{"t":"PC12"},"5B864":{"t":"D328"},"5B865":{"t":"D328"},"5B869":{"t":"J328"},"5B86A":{"t":"J328"},"5B86C":{"t":"J328"},"5B86D":{"t":"J328"},"5B86E":{"t":"J328"},"5B86F":{"t":"J328"},"5B870":{"t":"J328"},"5B872":{"t":"J328"},"5B873":{"t":"J328"},"5B874":{"t":"J328"},"5B875":{"t":"J328"},"5B877":{"t":"J328"},"5B890":{"t":"C25A"},"5B8B7":{"t":"FA8X"},"5B8C1":{"t":"C650"},"5B956":{"t":"PA31"},"5B981":{"t":"C650"},"5B9C1":{"t":"CRJ2"},"5BA02":{"t":"SW4"},"5BA04":{"t":"SW4"},"5BA05":{"t":"SW4"},"5BA95":{"t":"B737"},"5BD6B":{"t":"F900"},"5BD84":{"t":"FA8X"},"5C06D":{"t":"BE9L"},"5C0E1":{"t":"FA7X"},"5C10B":{"t":"P28A"},"5C1CF":{"t":"F2TH"},"5C213":{"t":"PA34"},"5C261":{"t":"B738"},"5C262":{"t":"B738"},"5C263":{"t":"B738"},"5C264":{"t":"B738"},"5C265":{"t":"B738"},"5C266":{"t":"B737"},"5C267":{"t":"B737"},"5C268":{"t":"B738"},"5C2EF":{"t":"P180"},"5C821":{"t":"H25B"},"5C822":{"t":"FA7X"},"5C824":{"t":"FA8X"},"5C861":{"t":"B462"},"5C862":{"t":"B462"},"5C863":{"t":"RJ1H"},"5C864":{"t":"RJ85"},"5C865":{"t":"RJ85"},"5C867":{"t":"A319"},"5C868":{"t":"A319"},"5C869":{"t":"A319"},"5C86A":{"t":"A320"},"5C86B":{"t":"A20N"},"5C86C":{"t":"A20N"},"5C86D":{"t":"A320"},"5C877":{"t":"B462"},"5C922":{"t":"P180"},"5C941":{"t":"CRJ2"},"5C942":{"t":"CRJ2"},"5C943":{"t":"CRJ2"},"5C944":{"t":"CRJ2"},"5C945":{"t":"CRJ2"},"5C946":{"t":"CRJ2"},"5C947":{"t":"CRJ2"},"5C948":{"t":"CRJ2"},"5C949":{"t":"CRJ2"},"5C94A":{"t":"CRJ2"},"5C982":{"t":"B762"},"5CA65":{"t":"PC12"},"5CA83":{"t":"AT72"},"5CA86":{"t":"AT72"},"5CAA2":{"t":"AT72"},"5CAA4":{"t":"AT72"},"5CAA5":{"t":"MD83"},"5CAA8":{"t":"A320"},"5CAB5":{"t":"A321"},"5CAB9":{"t":"A320"},"5CABA":{"t":"A320"},"5CC69":{"t":"PC12"},"5CCE3":{"t":"GL5T"},"5CD16":{"t":"BE20"},"5CD32":{"t":"F2TH"},"5CD6B":{"t":"FA8X"},"5CD6C":{"t":"F2TH"},"5CDAC":{"t":"C525"},"5CDCB":{"t":"F2TH"},"5CDD5":{"t":"SR22"},"5CDDA":{"t":"FA7X"},"5CE01":{"t":"GLEX"},"5CE46":{"t":"B762"},"5CE47":{"t":"B762"},"5CE48":{"t":"B762"},"5CE49":{"t":"B762"},"5CE4A":{"t":"B762"},"5CE4B":{"t":"B762"},"5CE4C":{"t":"B762"},"5CE4D":{"t":"B762"},"5CE4E":{"t":"B762"},"5CE4F":{"t":"B762"},"5CE50":{"t":"B762"},"5CE53":{"t":"B763"},"5CE55":{"t":"B763"},"5CE56":{"t":"B763"},"5CE57":{"t":"B763"},"5CEAE":{"t":"C402"},"5CEEF":{"t":"F2TH"},"5CF21":{"t":"B763"},"5CF22":{"t":"B763"},"5CF23":{"t":"B763"},"5CF24":{"t":"B763"},"5D04D":{"t":"TBM9"},"5D064":{"t":"A321"},"5D065":{"t":"A321"},"5D066":{"t":"A321"},"5D067":{"t":"A321"},"5D068":{"t":"A321"},"5D069":{"t":"A321"},"5D06E":{"t":"A321"},"5D081":{"t":"B738"},"5D082":{"t":"B738"},"5D09A":{"t":"B737"},"5D146":{"t":"F2TH"},"5D190":{"t":"P180"},"5D1C1":{"t":"C25B"},"5D261":{"t":"C25B"},"5D2EF":{"t":"PC12"},"5D461":{"t":"C25A"},"5D8A7":{"t":"CRJ2"},"5D8E1":{"t":"CRJ2"},"5D92B":{"t":"FA7X"},"5D93A":{"t":"GL5T"},"5D961":{"t":"A321"},"5D962":{"t":"A321"},"5D963":{"t":"A321"},"5D964":{"t":"A321"},"5D965":{"t":"A321"},"5D966":{"t":"A332"},"5D967":{"t":"A333"},"5D968":{"t":"A333"},"5D969":{"t":"A333"},"5D96D":{"t":"A320"},"5D96F":{"t":"A339"},"5D973":{"t":"A320"},"5D974":{"t":"A321"},"5DCB4":{"t":"C680"},"5DD2E":{"t":"GLEX"},"5DD84":{"t":"GA5C"},"5E4A3":{"t":"E75S"},"5E4A4":{"t":"E75S"},"5E4A5":{"t":"E75L"},"5E4A6":{"t":"E75L"},"5EAEF":{"t":"F2TH"},"5F422":{"r":"C-080","t":"CL60"},"5F424":{"r":"C-168","t":"CL60"},"5F425":{"r":"C-172","t":"CL60"},"5F428":{"r":"B-536","t":"C30J"},"5F429":{"r":"B-537","t":"C30J"},"5F42A":{"r":"B-538","t":"C30J"},"5F42B":{"r":"B-583","t":"C30J"},"5F42D":{"r":"M-516","t":"EH10"},"6005A":{"t":"CL35"},"6008A":{"t":"B752"},"6008B":{"t":"B752"},"6008C":{"t":"B752"},"6008D":{"t":"B752"},"6008E":{"t":"B752"},"601F0":{"t":"AT45"},"601F1":{"t":"AT45"},"601F2":{"t":"AT75"},"601F4":{"t":"AT75"},"601F5":{"t":"AT75"},"601F7":{"t":"AT75"},"601F8":{"t":"AT75"},"601F9":{"t":"AT75"},"602EF":{"t":"BE9L"},"603C4":{"t":"MD90"},"603C5":{"t":"MD90"},"603C6":{"t":"MD90"},"603C7":{"t":"MD90"},"603C8":{"t":"B712"},"603C9":{"t":"B712"},"603CA":{"t":"B712"},"603CB":{"t":"B712"},"603CE":{"t":"B712"},"603CF":{"t":"B712"},"603D0":{"t":"B712"},"603D1":{"t":"B712"},"603D2":{"t":"B712"},"603D6":{"t":"MD90"},"60483":{"t":"PC12"},"60603":{"t":"C550"},"60842":{"t":"C750"},"60861":{"t":"PC12"},"60AA4":{"t":"PC12"},"60C16":{"t":"E50P"},"60C17":{"t":"E50P"},"60CB6":{"t":"PC12"},"60D4C":{"t":"PC12"},"60DB3":{"t":"F2TH"},"60DB8":{"t":"F900"},"60DBA":{"t":"F900"},"60DBB":{"t":"FA7X"},"60DBE":{"t":"FA7X"},"60E1B":{"t":"F2TH"},"60E5E":{"t":"CL30"},"60EB7":{"t":"F2TH"},"610BD":{"t":"GLF4"},"61162":{"t":"F900"},"61202":{"t":"CL60"},"615F8":{"t":"LJ60"},"61754":{"t":"LJ60"},"61852":{"t":"PC12"},"61981":{"t":"PC12"},"619C7":{"t":"B737"},"619E6":{"t":"GLF4"},"61A82":{"t":"PC12"},"61D34":{"t":"B752"},"61D37":{"t":"B752"},"61D38":{"t":"B752"},"61D39":{"t":"B752"},"61D3A":{"t":"B752"},"61D3B":{"t":"B752"},"61D3D":{"t":"B752"},"61D78":{"t":"E170"},"61D79":{"t":"E170"},"61D7B":{"t":"E170"},"61D7C":{"t":"E170"},"61D7E":{"t":"E170"},"61D7F":{"t":"E170"},"61DA9":{"t":"MD11"},"61DAA":{"t":"MD11"},"61DAB":{"t":"MD11"},"61DAD":{"t":"MD11"},"61E14":{"t":"E190"},"61E15":{"t":"E190"},"61E16":{"t":"E190"},"61E17":{"t":"E190"},"61E18":{"t":"E190"},"61E1A":{"t":"E190"},"61E1B":{"t":"E190"},"61E1C":{"t":"E190"},"61E1D":{"t":"E190"},"61E1E":{"t":"E190"},"61E1F":{"t":"E190"},"61E21":{"t":"E190"},"61EAC":{"t":"A343"},"61EAD":{"t":"A343"},"61EAE":{"t":"A343"},"61EAF":{"t":"A343"},"61EB1":{"t":"A343"},"61EB2":{"t":"A343"},"61F06":{"t":"A333"},"61F07":{"t":"A333"},"61F08":{"t":"A333"},"61F09":{"t":"A333"},"61F0B":{"t":"A333"},"61F0C":{"t":"A333"},"61F0D":{"t":"A333"},"61F0E":{"t":"A333"},"61F2E":{"t":"A319"},"61F2F":{"t":"A319"},"61F30":{"t":"A319"},"61F31":{"t":"A319"},"61F32":{"t":"A319"},"61F33":{"t":"A319"},"61F34":{"t":"A319"},"61F35":{"t":"A319"},"61F36":{"t":"A319"},"61F38":{"t":"A319"},"61F39":{"t":"A319"},"61F48":{"t":"A359"},"61F49":{"t":"A359"},"61F4A":{"t":"A359"},"61F4B":{"t":"A359"},"61F4C":{"t":"A359"},"61F4D":{"t":"A359"},"61F4E":{"t":"A359"},"61F4F":{"t":"A359"},"61F50":{"t":"A359"},"61F52":{"t":"A359"},"61F53":{"t":"A359"},"61F54":{"t":"A359"},"61F55":{"t":"A359"},"61F56":{"t":"A359"},"61F57":{"t":"A359"},"61F59":{"t":"A359"},"61F5A":{"t":"A359"},"61F62":{"t":"A320"},"61F63":{"t":"A320"},"61F64":{"t":"A320"},"61F65":{"t":"A320"},"61F66":{"t":"A320"},"61F67":{"t":"A320"},"61F68":{"t":"A320"},"61F69":{"t":"A320"},"61F6A":{"t":"A320"},"61F6C":{"t":"A320"},"61F6D":{"t":"A320"},"61F6E":{"t":"A320"},"61F96":{"t":"A321"},"61F97":{"t":"A321"},"61F98":{"t":"A321"},"61F99":{"t":"A321"},"61F9A":{"t":"A321"},"61F9B":{"t":"A321"},"61F9C":{"t":"A321"},"61F9D":{"t":"A321"},"61F9E":{"t":"A321"},"61FA0":{"t":"A321"},"61FA1":{"t":"A321"},"61FA2":{"t":"A321"},"61FA3":{"t":"A321"},"61FA4":{"t":"A321"},"61FA5":{"t":"A321"},"61FA7":{"t":"A321"},"61FA8":{"t":"A321"},"61FA9":{"t":"A321"},"61FAA":{"t":"A321"},"61FBB":{"t":"GL5T"},"61FBD":{"t":"PC12"},"62127":{"t":"CL60"},"62141":{"t":"GLEX"},"622F0":{"t":"MD11"},"622F1":{"t":"MD11"},"628DC":{"t":"P28R"},"6292A":{"t":"C750"},"62D15":{"t":"C56X"},"62F91":{"t":"RJ85"},"62F92":{"t":"RJ85"},"62F93":{"t":"RJ85"},"62F96":{"t":"RJ85"},"62F97":{"t":"RJ85"},"62F99":{"t":"RJ85"},"6302C":{"t":"GA5C"},"63036":{"t":"FA8X"},"6310F":{"t":"CRJ2"},"6316E":{"t":"PC12"},"63185":{"t":"CL30"},"631CC":{"t":"C25A"},"631CD":{"t":"C25A"},"632AF":{"t":"PC12"},"633E6":{"t":"GLEX"},"63AE8":{"t":"C680"},"63AEA":{"t":"CL60"},"63AF0":{"t":"CL60"},"63AF3":{"t":"G150"},"63AFE":{"t":"CL60"},"63AFF":{"t":"FA7X"},"63C6A":{"t":"PC12"},"643C5":{"t":"PC12"},"67896":{"r":"CC-3","t":"C295"},"68075":{"r":"4117","t":"C27J"},"68078":{"r":"4120","t":"C27J"},"680D1":{"r":"209","t":"E135"},"6812F":{"r":"303","t":"C130"},"681E4":{"r":"484","t":"E135"},"682A6":{"r":"HAF678","t":"GLF5"},"682E8":{"r":"744","t":"C130"},"682E9":{"r":"745","t":"C130"},"68459":{"t":"A321"},"6848B":{"t":"C56X"},"68627":{"t":"C56X"},"6866B":{"t":"E75S"},"68686":{"t":"B734"},"68855":{"t":"B733"},"68893":{"t":"A320"},"68894":{"t":"A320"},"688EA":{"t":"B734"},"688F6":{"t":"B734"},"68912":{"t":"B735"},"68913":{"t":"A321"},"68914":{"t":"A321"},"68916":{"t":"A320"},"68931":{"t":"DH8A"},"68932":{"t":"DH8A"},"68961":{"t":"B734"},"68962":{"t":"B734"},"68963":{"t":"B734"},"68964":{"t":"B734"},"68965":{"t":"B734"},"68966":{"t":"B734"},"68967":{"t":"B734"},"68968":{"t":"B734"},"68969":{"t":"B734"},"68971":{"t":"E145"},"68974":{"t":"B734"},"68975":{"t":"B734"},"68978":{"t":"B734"},"68983":{"t":"B733"},"6898D":{"t":"B734"},"689A3":{"t":"B734"},"689A4":{"t":"B734"},"689A9":{"t":"C680"},"689AB":{"t":"C55B"},"689D2":{"t":"LJ60"},"68A10":{"t":"MD83"},"68A13":{"t":"ATP"},"68A4D":{"t":"F50"},"68A53":{"t":"F50"},"68A56":{"t":"F50"},"68A87":{"t":"MD83"},"68A88":{"t":"B752"},"68A8D":{"t":"MD83"},"68A8E":{"t":"B734"},"68A90":{"t":"A320"},"68ACB":{"t":"A320"},"68ACC":{"t":"A320"},"68C8B":{"t":"E135"},"68C99":{"t":"C551"},"68D07":{"t":"A20N"},"68DA3":{"t":"E145"},"68E45":{"t":"A20N"},"69036":{"t":"B734"},"69061":{"t":"F2TH"},"69064":{"t":"C56X"},"69065":{"t":"C56X"},"69076":{"t":"FA7X"},"690C1":{"t":"A343"},"690C2":{"t":"A343"},"690C3":{"t":"A343"},"690C4":{"t":"A343"},"690E1":{"t":"A321"},"690E2":{"t":"A320"},"690E3":{"t":"A320"},"690E4":{"t":"A320"},"690E5":{"t":"A320"},"690E6":{"t":"A319"},"690E7":{"t":"A319"},"690E8":{"t":"A319"},"690E9":{"t":"A320"},"690EA":{"t":"A320"},"690EB":{"t":"A320"},"690EC":{"t":"A320"},"690ED":{"t":"E135"},"690EE":{"t":"A320"},"690EF":{"t":"A320"},"690F0":{"t":"A321"},"690F1":{"t":"A321"},"690F2":{"t":"A320"},"690F3":{"t":"A321"},"690F4":{"t":"A321"},"690F8":{"t":"A320"},"690F9":{"t":"A320"},"690FA":{"t":"A320"},"69101":{"t":"CL60"},"6912F":{"t":"A320"},"6913A":{"t":"B463"},"691A1":{"t":"RJ1H"},"691A2":{"t":"RJ1H"},"691A3":{"t":"RJ1H"},"691A4":{"t":"RJ1H"},"691C1":{"t":"A320"},"691C2":{"t":"A320"},"691C3":{"t":"A320"},"691C4":{"t":"A320"},"691C5":{"t":"A320"},"691C7":{"t":"A321"},"691C8":{"t":"A321"},"692C1":{"t":"RJ1H"},"692C2":{"t":"RJ1H"},"692C3":{"t":"RJ1H"},"692C5":{"t":"RJ1H"},"692C6":{"t":"RJ1H"},"692C7":{"t":"A320"},"692C8":{"t":"A320"},"692C9":{"t":"A320"},"692CA":{"t":"A320"},"692CB":{"t":"A320"},"692CC":{"t":"A320"},"692CD":{"t":"A320"},"692CE":{"t":"A320"},"692CF":{"t":"A321"},"692D0":{"t":"A321"},"692D1":{"t":"A320"},"692D2":{"t":"A320"},"692D3":{"t":"A320"},"692D4":{"t":"A320"},"692D5":{"t":"A320"},"692D6":{"t":"A320"},"692D7":{"t":"A320"},"692D8":{"t":"A320"},"692D9":{"t":"A320"},"692DA":{"t":"A321"},"69469":{"t":"C750"},"695B3":{"t":"RJ85"},"6982D":{"t":"F2TH"},"69832":{"t":"H25B"},"69881":{"t":"C550"},"6988B":{"t":"C650"},"69999":{"t":"H25B"},"69C22":{"t":"GLF4"},"69D41":{"t":"GLF6"},"69D4A":{"t":"GLF5"},"69D4E":{"t":"GLEX"},"69DC1":{"t":"A20N"},"69E41":{"t":"A21N"},"69E42":{"t":"A21N"},"69E43":{"t":"FA7X"},"69E45":{"t":"A20N"},"69E4E":{"t":"A320"},"6A2D2":{"t":"EC20"},"6A481":{"t":"GALX"},"6A4C1":{"t":"MD83"},"6A5D4":{"t":"BE20"},"6A5E7":{"t":"A20N"},"6A650":{"t":"GALX"},"6A70C":{"t":"C750"},"6A8B4":{"t":"FA7X"},"6AC21":{"t":"E75S"},"6ACC1":{"t":"CL60"},"6AD61":{"t":"E35L"},"6ADA1":{"t":"CL60"},"6B2E1":{"t":"B733"},"6B2E3":{"t":"B737"},"6B428":{"t":"B734"},"6B42D":{"t":"B734"},"6B434":{"t":"B734"},"6B437":{"t":"GLF4"},"6B4C1":{"t":"GLF5"},"6B567":{"t":"PRM1"},"6B581":{"t":"F2TH"},"6B686":{"t":"B733"},"6B68F":{"t":"E75S"},"6B693":{"t":"LJ31"},"6B821":{"t":"A21N"},"6B822":{"t":"A21N"},"6B823":{"t":"A21N"},"6B824":{"t":"A21N"},"6B825":{"t":"A21N"},"6B826":{"t":"A21N"},"6B827":{"t":"A21N"},"6B828":{"t":"A21N"},"6B82A":{"t":"A21N"},"6B82B":{"t":"A21N"},"6B82C":{"t":"A21N"},"6B82D":{"t":"A21N"},"6B8A1":{"t":"A20N"},"6B8A2":{"t":"A20N"},"6B8A3":{"t":"A20N"},"6B8A4":{"t":"A20N"},"6B8A5":{"t":"A20N"},"6B8A6":{"t":"A20N"},"6B8A7":{"t":"A20N"},"6B8A8":{"t":"A20N"},"6B8AA":{"t":"A20N"},"6B8AB":{"t":"A20N"},"6B8AC":{"t":"A20N"},"6B8AD":{"t":"A20N"},"6B8AF":{"t":"A20N"},"6B8B0":{"t":"A20N"},"6B8B1":{"t":"A20N"},"6B927":{"t":"A20N"},"6BA73":{"t":"E50P"},"6BC26":{"t":"A319"},"6BC27":{"t":"A319"},"6BC28":{"t":"A320"},"6BC29":{"t":"A320"},"6BC2A":{"t":"A319"},"6BC2B":{"t":"A319"},"6BC2D":{"t":"A320"},"6BC2E":{"t":"A319"},"6BC2F":{"t":"A319"},"6BC30":{"t":"A320"},"6BC31":{"t":"A320"},"6BC32":{"t":"A320"},"6BC33":{"t":"A320"},"6BC34":{"t":"A320"},"6BC35":{"t":"A320"},"6BC41":{"t":"DH8D"},"6BC45":{"t":"DH8D"},"6BC46":{"t":"DH8D"},"6BC47":{"t":"DH8D"},"6BC48":{"t":"DH8D"},"6C28D":{"t":"E190"},"6C8C1":{"t":"B752"},"6C942":{"t":"C56X"},"6C9A1":{"t":"E195"},"6CCA1":{"t":"GALX"},"6CCA2":{"t":"JS31"},"6CCA3":{"t":"JS41"},"6CCAD":{"t":"LJ35"},"6CD03":{"t":"CL60"},"6CDB2":{"t":"C56X"},"6CDB3":{"t":"MD83"},"6CDB4":{"t":"A320"},"6CDB5":{"t":"A320"},"6CDB6":{"t":"A320"},"6D02A":{"t":"GALX"},"6D0A3":{"t":"A20N"},"6D125":{"t":"B742"},"6D345":{"t":"B734"},"6D930":{"t":"B733"},"6DA6C":{"t":"A320"},"6DACF":{"t":"GLF5"},"6DCA2":{"t":"A21N"},"6E914":{"t":"F900"},"70042":{"r":"HA-ACO","t":"D28T"},"70A92":{"r":"HA-EAC","t":"E50P"},"70B14":{"r":"HA-EFC","t":"P180"},"70CC0":{"r":"HA-EVO","t":"E50P"},"70D42":{"r":"HA-FAO","t":"SW4"},"70E17":{"r":"HA-FIT","t":"C500"},"7134D":{"r":"HA-HIB","t":"D28D"},"7161A":{"r":"HA-LOA","t":"B737"},"7161B":{"r":"HA-LOB","t":"B737"},"7161C":{"r":"HA-LOC","t":"B738"},"7161D":{"r":"HA-LOD","t":"B736"},"7161E":{"r":"HA-LOE","t":"B736"},"7161F":{"r":"HA-LOF","t":"B736"},"71620":{"r":"HA-LOG","t":"B736"},"71621":{"r":"HA-LOH","t":"B738"},"71622":{"r":"HA-LOI","t":"B736"},"71623":{"r":"HA-LOJ","t":"B736"},"71624":{"r":"HA-LOK","t":"B738"},"71625":{"r":"HA-LOL","t":"B737"},"71626":{"r":"HA-LOM","t":"B738"},"71627":{"r":"HA-LON","t":"B736"},"71628":{"r":"HA-LOP","t":"B737"},"71629":{"r":"HA-LOR","t":"B737"},"7162A":{"r":"HA-LOS","t":"B737"},"7162B":{"r":"HA-LOU","t":"B738"},"71645":{"r":"HA-ILH","t":"E50P"},"71801":{"r":"HA-FAB","t":"F27"},"71803":{"r":"HA-FAD","t":"F27"},"71807":{"r":"HA-FAF","t":"F27"},"71808":{"r":"HA-FAH","t":"F27"},"7180C":{"r":"HA-FAJ","t":"B190"},"7180E":{"r":"HA-FAM","t":"B190"},"7182E":{"r":"HA-JEC","t":"C650"},"71831":{"r":"HA-JEF","t":"C650"},"71839":{"r":"HA-JEN","t":"C650"},"7183A":{"r":"HA-JEO","t":"C650"},"7183B":{"r":"HA-JEP","t":"C650"},"7183C":{"r":"HA-JEQ","t":"E50P"},"71841":{"r":"HA-JEV","t":"C650"},"71843":{"r":"HA-JEX","t":"C650"},"71A79":{"r":"HA-KAR","t":"C525"},"71C03":{"r":"HA-LKC","t":"B738"},"71D8A":{"r":"HA-LEW","t":"B732"},"71DA8":{"r":"HA-LGA","t":"A21N"},"71DA9":{"r":"HA-LGB","t":"A21N"},"71DAB":{"r":"HA-LGD","t":"A21N"},"71DAC":{"r":"HA-LGE","t":"A21N"},"71DD6":{"r":"HA-LHU","t":"A332"},"71E11":{"r":"HA-LKB","t":"B738"},"71E14":{"r":"HA-LKE","t":"B738"},"71E16":{"r":"HA-LKG","t":"B738"},"71E26":{"r":"HA-LKW","t":"FA8X"},"71E29":{"r":"HA-LKZ","t":"F900"},"71EA4":{"r":"HA-LPS","t":"A320"},"71EA5":{"r":"HA-LPT","t":"A320"},"71EA6":{"r":"HA-LPU","t":"A320"},"71EA7":{"r":"HA-LPV","t":"A320"},"71EA8":{"r":"HA-LPW","t":"A320"},"71EA9":{"r":"HA-LPX","t":"A320"},"71EAA":{"r":"HA-LPY","t":"A320"},"71EAB":{"r":"HA-LPZ","t":"A320"},"71EFA":{"r":"HA-LTA","t":"A321"},"71EFB":{"r":"HA-LTB","t":"A321"},"71EFC":{"r":"HA-LTC","t":"A321"},"71EFD":{"r":"HA-LTD","t":"A321"},"71EFE":{"r":"HA-LTE","t":"A321"},"71EFF":{"r":"HA-LTF","t":"A321"},"71F00":{"r":"HA-LTG","t":"A321"},"71F01":{"r":"HA-LTH","t":"A321"},"71F02":{"r":"HA-LTI","t":"A321"},"71F03":{"r":"HA-LTJ","t":"A321"},"71F14":{"r":"HA-LUA","t":"BE40"},"71F2F":{"r":"HA-LVB","t":"A21N"},"71F30":{"r":"HA-LVC","t":"A21N"},"71F31":{"r":"HA-LVD","t":"A21N"},"71F32":{"r":"HA-LVE","t":"A21N"},"71F33":{"r":"HA-LVF","t":"A21N"},"71F34":{"r":"HA-LVG","t":"A21N"},"71F35":{"r":"HA-LVH","t":"A21N"},"71F36":{"r":"HA-LVI","t":"A21N"},"71F37":{"r":"HA-LVJ","t":"A21N"},"71F38":{"r":"HA-LVK","t":"A21N"},"71F3C":{"r":"HA-LVO","t":"A21N"},"71F3D":{"r":"HA-LVP","t":"A21N"},"71F3E":{"r":"HA-LVQ","t":"A21N"},"71F41":{"r":"HA-LVT","t":"A21N"},"71F44":{"r":"HA-LVW","t":"A21N"},"71F48":{"r":"HA-LWA","t":"A320"},"71F49":{"r":"HA-LWB","t":"A320"},"71F4A":{"r":"HA-LWC","t":"A320"},"71F4B":{"r":"HA-LWD","t":"A320"},"71F4C":{"r":"HA-LWE","t":"A320"},"71F4D":{"r":"HA-LWF","t":"A320"},"71F4E":{"r":"HA-LWG","t":"A320"},"71F4F":{"r":"HA-LWH","t":"A320"},"71F50":{"r":"HA-LWI","t":"A320"},"71F51":{"r":"HA-LWJ","t":"A320"},"71F52":{"r":"HA-LWK","t":"A320"},"71F53":{"r":"HA-LWL","t":"A320"},"71F54":{"r":"HA-LWM","t":"A320"},"71F55":{"r":"HA-LWN","t":"A320"},"71F56":{"r":"HA-LWO","t":"A320"},"71F57":{"r":"HA-LWP","t":"A320"},"71F58":{"r":"HA-LWQ","t":"A320"},"71F59":{"r":"HA-LWR","t":"A320"},"71F5A":{"r":"HA-LWS","t":"A320"},"71F5B":{"r":"HA-LWT","t":"A320"},"71F5C":{"r":"HA-LWU","t":"A320"},"71F5D":{"r":"HA-LWV","t":"A320"},"71F5F":{"r":"HA-LWX","t":"A320"},"71F60":{"r":"HA-LWY","t":"A320"},"71F61":{"r":"HA-LWZ","t":"A320"},"71F62":{"r":"HA-LXA","t":"A321"},"71F63":{"r":"HA-LXB","t":"A321"},"71F64":{"r":"HA-LXC","t":"A321"},"71F65":{"r":"HA-LXD","t":"A321"},"71F66":{"r":"HA-LXE","t":"A321"},"71F67":{"r":"HA-LXF","t":"A321"},"71F68":{"r":"HA-LXG","t":"A321"},"71F69":{"r":"HA-LXH","t":"A321"},"71F6A":{"r":"HA-LXI","t":"A321"},"71F6B":{"r":"HA-LXJ","t":"A321"},"71F6C":{"r":"HA-LXK","t":"A321"},"71F6D":{"r":"HA-LXL","t":"A321"},"71F6E":{"r":"HA-LXM","t":"A321"},"71F6F":{"r":"HA-LXN","t":"A321"},"71F70":{"r":"HA-LXO","t":"A321"},"71F71":{"r":"HA-LXP","t":"A321"},"71F72":{"r":"HA-LXQ","t":"A321"},"71F73":{"r":"HA-LXR","t":"A321"},"71F74":{"r":"HA-LXS","t":"A321"},"71F75":{"r":"HA-LXT","t":"A321"},"71F76":{"r":"HA-LXU","t":"A321"},"71F77":{"r":"HA-LXV","t":"A321"},"71F78":{"r":"HA-LXW","t":"A321"},"71F7A":{"r":"HA-LXY","t":"A321"},"71F7B":{"r":"HA-LXZ","t":"A321"},"71F7C":{"r":"HA-LYA","t":"A320"},"71F7D":{"r":"HA-LYB","t":"A320"},"71F7E":{"r":"HA-LYC","t":"A320"},"71F7F":{"r":"HA-LYD","t":"A320"},"71F80":{"r":"HA-LYE","t":"A320"},"71F81":{"r":"HA-LYF","t":"A320"},"71F82":{"r":"HA-LYG","t":"A320"},"71F83":{"r":"HA-LYH","t":"A320"},"71F84":{"r":"HA-LYI","t":"A320"},"71F85":{"r":"HA-LYJ","t":"A320"},"71F86":{"r":"HA-LYK","t":"A320"},"71F87":{"r":"HA-LYL","t":"A320"},"71F88":{"r":"HA-LYM","t":"A320"},"71F89":{"r":"HA-LYN","t":"A320"},"71F8A":{"r":"HA-LYO","t":"A320"},"71F8B":{"r":"HA-LYP","t":"A320"},"71F8C":{"r":"HA-LYQ","t":"A320"},"71F8E":{"r":"HA-LYS","t":"A320"},"71F8F":{"r":"HA-LYT","t":"A320"},"71F9A":{"r":"HA-LZE","t":"A21N"},"71F9E":{"r":"HA-LZI","t":"A21N"},"71F9F":{"r":"HA-LZJ","t":"A21N"},"71FA0":{"r":"HA-LZK","t":"A21N"},"71FA1":{"r":"HA-LZL","t":"A21N"},"71FA2":{"r":"HA-LZM","t":"A21N"},"71FA3":{"r":"HA-LZN","t":"A21N"},"71FA4":{"r":"HA-LZO","t":"A21N"},"71FA5":{"r":"HA-LZP","t":"A21N"},"71FA6":{"r":"HA-LZQ","t":"A21N"},"71FA7":{"r":"HA-LZR","t":"A21N"},"71FA9":{"r":"HA-LZT","t":"A21N"},"71FAA":{"r":"HA-LZU","t":"A21N"},"71FAB":{"r":"HA-LZV","t":"A21N"},"71FAC":{"r":"HA-LZW","t":"A21N"},"71FAD":{"r":"HA-LZX","t":"A21N"},"71FAE":{"r":"HA-LZY","t":"A21N"},"72001":{"r":"HA-TCN","t":"AN26"},"72004":{"r":"HA-TCT","t":"AN26"},"72005":{"r":"HA-TCO","t":"AN26"},"72006":{"r":"HA-TCM","t":"AN26"},"72401":{"r":"HA-LKN","t":"F900"},"727D8":{"r":"HA-PCI","t":"H25B"},"72887":{"r":"HA-PJB","t":"GAZL"},"72FCE":{"r":"HA-SCS","t":"C650"},"72FCF":{"r":"HA-SCT","t":"C56X"},"72FD0":{"r":"HA-SCU","t":"C650"},"72FD2":{"r":"HA-SCW","t":"C650"},"72FD3":{"r":"HA-SCX","t":"C55B"},"7303E":{"r":"HA-SHA","t":"B735"},"730C3":{"r":"HA-SMD"},"73232":{"r":"HA-TAG","t":"SF34"},"73401":{"r":"HA-LPA","t":"A320"},"73402":{"r":"HA-LPB","t":"A320"},"73403":{"r":"HA-LPC","t":"A320"},"73404":{"r":"HA-LPD","t":"A320"},"73405":{"r":"HA-LPE","t":"A320"},"73406":{"r":"HA-LPF","t":"A320"},"73408":{"r":"HA-LPH","t":"A320"},"73409":{"r":"HA-LPI","t":"A320"},"7340A":{"r":"HA-LPJ","t":"A320"},"7340B":{"r":"HA-LPK","t":"A320"},"7340C":{"r":"HA-LPL","t":"A320"},"7340D":{"r":"HA-LPM","t":"A320"},"7340E":{"r":"HA-LPN","t":"A320"},"7340F":{"r":"HA-LPO","t":"A320"},"73410":{"r":"HA-LPQ","t":"A320"},"73411":{"r":"HA-LPR","t":"A320"},"73601":{"r":"HA-YAJ","t":"YK18"},"738E2":{"r":"HA-VOC","t":"D28T"},"73A03":{"r":"HA-YFH","t":"BE40"},"73B2E":{"r":"HA-WKS","t":"ALO2"},"73B35":{"r":"HA-WKZ","t":"ALO2"},"73C0B":{"r":"40","t":"SB39"},"73F61":{"r":"HA-YAB","t":"YK18"},"73F99":{"r":"HA-YDF","t":"SM92"},"73FEB":{"r":"HA-YFJ","t":"BE40"},"73FEC":{"r":"HA-YFK","t":"BE40"},"73FEE":{"r":"HA-YFM","t":"BE40"},"74004":{"r":"HA-YFE","t":"MU30"},"75001":{"r":"HA-TAD","t":"SF34"},"75002":{"r":"HA-TAB","t":"SF34"},"77FF1":{"r":"08-0001","t":"C17"},"77FF2":{"r":"02","t":"C17"},"77FF3":{"r":"03","t":"C17"},"77FFE":{"r":"603","t":"AN26"},"77FFF":{"r":"407","t":"AN26"},"78005":{"r":"LN-BRE","t":"B734"},"7800A":{"r":"LN-BRG","t":"F900"},"7800B":{"r":"LN-BRH","t":"B735"},"7800C":{"r":"LN-BRI","t":"B734"},"78010":{"r":"LN-RML","t":"MD82"},"78011":{"r":"LN-RMM","t":"MD81"},"78012":{"r":"LN-BRJ","t":"B735"},"78013":{"r":"LN-BRK","t":"B735"},"78014":{"r":"LN-BRM","t":"B735"},"78016":{"r":"LN-BRO","t":"B735"},"7801A":{"r":"LN-RMO","t":"MD81"},"7801C":{"r":"LN-RMR","t":"MD81"},"7801D":{"r":"LN-RMS","t":"MD81"},"7801E":{"r":"LN-RMT","t":"MD81"},"7801F":{"r":"LN-BRQ","t":"B734"},"78020":{"r":"LN-BRR","t":"B735"},"78021":{"r":"LN-BRS","t":"B735"},"78024":{"r":"LN-BRV","t":"B735"},"78028":{"r":"LN-BRX","t":"B735"},"78034":{"r":"LN-BUC","t":"B735"},"78036":{"r":"LN-RLE","t":"MD82"},"78037":{"r":"LN-RLF","t":"MD82"},"7803B":{"r":"LN-RLR","t":"MD82"},"78040":{"r":"LN-RMD","t":"MD82"},"78053":{"r":"LN-OQJ","t":"S92"},"7805C":{"r":"LN-BUE","t":"B735"},"7805D":{"r":"LN-BUD","t":"B735"},"78064":{"r":"LN-BUF","t":"B734"},"78065":{"r":"LN-BUG","t":"B735"},"7806D":{"r":"LN-RPA","t":"B736"},"7806E":{"r":"LN-RPB","t":"B736"},"78075":{"r":"LN-TUA","t":"B737"},"78079":{"r":"LN-TUD","t":"B737"},"7807B":{"r":"LN-TUF","t":"B737"},"7809E":{"r":"LN-WFH","t":"DH8C"},"780A2":{"r":"LN-RPG","t":"B736"},"780A9":{"r":"LN-RPE","t":"B736"},"780AA":{"r":"LN-RPF","t":"B736"},"780AE":{"r":"LN-RDD","t":"DH8D"},"780AF":{"r":"LN-RPH","t":"B736"},"780B4":{"r":"LN-KKA","t":"B733"},"780B5":{"r":"LN-KKD","t":"B733"},"780B6":{"r":"LN-KKE","t":"B733"},"780BA":{"r":"LN-WFS","t":"DH8C"},"780BC":{"r":"LN-TUH","t":"B737"},"780BD":{"r":"LN-TUI","t":"B737"},"780BF":{"r":"LN-RPJ","t":"B737"},"780C0":{"r":"LN-RPK","t":"B737"},"78115":{"r":"5601","t":"C30J"},"78116":{"r":"5629","t":"C30J"},"78117":{"r":"5699","t":"C30J"},"78120":{"r":"041","t":"FA20"},"78121":{"r":"053","t":"FA20"},"78122":{"r":"0125","t":"FA20"},"7831E":{"r":"LN-RPW","t":"B736"},"7831F":{"r":"LN-RPX","t":"B736"},"78320":{"r":"LN-RPY","t":"B736"},"78321":{"r":"LN-RPZ","t":"B736"},"78322":{"r":"LN-ROM","t":"MD81"},"78325":{"r":"LN-ROP","t":"MD82"},"78327":{"r":"LN-ROS","t":"MD82"},"78328":{"r":"LN-ROT","t":"MD82"},"78329":{"r":"LN-ROU","t":"MD82"},"7832B":{"r":"LN-ROX","t":"MD82"},"7832C":{"r":"LN-ROY","t":"MD82"},"78340":{"r":"LN-RDV","t":"DH8D"},"78341":{"r":"LN-RPU","t":"B736"},"7834A":{"r":"LN-TUJ","t":"B737"},"7834B":{"r":"LN-TUK","t":"B737"},"7834C":{"r":"LN-RPS","t":"B736"},"7834D":{"r":"LN-RPT","t":"B736"},"7834E":{"r":"LN-RPL","t":"B738"},"7834F":{"r":"LN-RPM","t":"B738"},"78350":{"r":"LN-RPN","t":"B738"},"78351":{"r":"LN-RPO","t":"B738"},"78353":{"r":"LN-RPR","t":"B738"},"78354":{"r":"LN-RCN","t":"B738"},"7835B":{"r":"LN-RCT","t":"B736"},"7835C":{"r":"LN-RCU","t":"B736"},"7835E":{"r":"LN-RCW","t":"B736"},"78366":{"r":"LN-RNL","t":"CRJ9"},"78368":{"r":"LN-RCX","t":"B738"},"78369":{"r":"LN-RCY","t":"B738"},"7836A":{"r":"LN-RCZ","t":"B738"},"7836C":{"r":"LN-RRZ","t":"B736"},"7836D":{"r":"LN-RRX","t":"B736"},"7836E":{"r":"LN-RRY","t":"B736"},"78370":{"r":"LN-TUL","t":"B737"},"78371":{"r":"LN-TUM","t":"B737"},"78378":{"r":"LN-RKF","t":"A343"},"78379":{"r":"LN-RKG","t":"A343"},"7837A":{"r":"LN-RRS","t":"B738"},"7837B":{"r":"LN-RRT","t":"B738"},"78381":{"r":"LN-RRU","t":"B738"},"78384":{"r":"LN-SUN","t":"CL60"},"78386":{"r":"LN-RKH","t":"A333"},"78387":{"r":"LN-RKI","t":"A321"},"78388":{"r":"LN-RKK","t":"A321"},"7838D":{"r":"LN-KKF","t":"B733"},"7838E":{"r":"LN-KKG","t":"B733"},"7838F":{"r":"LN-KKH","t":"B733"},"78390":{"r":"LN-KKI","t":"B733"},"78391":{"r":"LN-KKJ","t":"B733"},"78392":{"r":"LN-KKL","t":"B733"},"78396":{"r":"LN-RRO","t":"B736"},"78397":{"r":"LN-RRP","t":"B736"},"78398":{"r":"LN-RRR","t":"B736"},"7839D":{"r":"LN-RRN","t":"B737"},"783A3":{"r":"LN-KKM","t":"B733"},"783A4":{"r":"LN-KKN","t":"B733"},"783A6":{"r":"LN-SUV","t":"C550"},"783A8":{"r":"LN-RRM","t":"B737"},"783B3":{"r":"LN-KKO","t":"B733"},"783B4":{"r":"LN-KKP","t":"B733"},"783B5":{"r":"LN-KKQ","t":"B733"},"783CD":{"r":"LN-RNN","t":"B737"},"783CF":{"r":"LN-RNO","t":"B737"},"783F1":{"r":"LN-KKR","t":"B733"},"783F6":{"r":"LN-AEY","t":"PA31"},"7840B":{"r":"LN-RRK","t":"B738"},"7840C":{"r":"LN-RRL","t":"B738"},"7840D":{"r":"LN-RRW","t":"B738"},"78423":{"r":"LN-KKS","t":"B733"},"7842A":{"r":"LN-FAN","t":"JS32"},"78436":{"r":"LN-KKU","t":"B733"},"78437":{"r":"LN-KKV","t":"B733"},"78448":{"r":"LN-KKW","t":"B733"},"7844A":{"r":"LN-KKX","t":"B733"},"7844C":{"r":"LN-ESA","t":"H25B"},"78451":{"r":"LN-KKY","t":"B733"},"7845D":{"r":"LN-KKT","t":"B733"},"78461":{"r":"LN-KKZ","t":"B733"},"78471":{"r":"LN-LTA","t":"BE20"},"78472":{"r":"LN-KKB","t":"B733"},"78473":{"r":"LN-KKC","t":"B733"},"78479":{"r":"LN-IDA","t":"BE20"},"78480":{"r":"LN-NOB","t":"B738"},"78481":{"r":"LN-NOC","t":"B738"},"78483":{"r":"LN-AKR","t":"F900"},"7848E":{"r":"LN-SSS","t":"C680"},"784A0":{"r":"LN-RRA","t":"B737"},"784A1":{"r":"LN-RRB","t":"B737"},"784AD":{"r":"LN-WDE","t":"DH8D"},"784B0":{"r":"LN-MMM","t":"BE20"},"784B3":{"r":"LN-HOT","t":"C25B"},"784BC":{"r":"LN-RRC","t":"B736"},"784BD":{"r":"LN-RRD","t":"B736"},"784BE":{"r":"LN-NOH","t":"B738"},"784BF":{"r":"LN-NOG","t":"B738"},"784C0":{"r":"LN-NOF","t":"B738"},"784C1":{"r":"LN-NOE","t":"B738"},"784C2":{"r":"LN-NOD","t":"B738"},"784C3":{"r":"LN-LYY","t":"PAY4"},"784DC":{"r":"LN-IDB","t":"C560"},"784E2":{"r":"LN-SOV","t":"C680"},"784E4":{"r":"LN-RYG","t":"C525"},"784E7":{"r":"LN-RRG","t":"B738"},"784E8":{"r":"LN-RRF","t":"B738"},"784E9":{"r":"LN-RRE","t":"B738"},"784EE":{"r":"LN-KHC","t":"B733"},"784EF":{"r":"LN-KHB","t":"B733"},"784F0":{"r":"LN-KHA","t":"B733"},"78511":{"r":"LN-WDW","t":"DH8D"},"78513":{"r":"LN-WDU","t":"DH8D"},"78530":{"r":"LN-AWD","t":"B350"},"78533":{"r":"LN-DYG","t":"B738"},"78534":{"r":"LN-DYF","t":"B738"},"78535":{"r":"LN-DYE","t":"B738"},"78536":{"r":"LN-DYD","t":"B738"},"78537":{"r":"LN-DYC","t":"B738"},"78538":{"r":"LN-DYB","t":"B738"},"78539":{"r":"LN-DYA","t":"B738"},"7853A":{"r":"LN-NOJ","t":"B738"},"7853B":{"r":"LN-NOI","t":"B738"},"78563":{"r":"LN-FIX","t":"BE20"},"7856D":{"r":"LN-BAB","t":"B350"},"7858C":{"r":"LN-PLH","t":"C182"},"785BD":{"r":"LN-WDK","t":"DH8D"},"785C1":{"r":"LN-WDG","t":"DH8D"},"785DF":{"r":"LN-NOQ","t":"B738"},"785E0":{"r":"LN-NOP","t":"B738"},"785E1":{"r":"LN-NOO","t":"B738"},"785E2":{"r":"LN-NOL","t":"B738"},"785E3":{"r":"LN-NON","t":"B738"},"785E4":{"r":"LN-NOM","t":"B738"},"78662":{"r":"LN-NOS","t":"B738"},"78690":{"r":"LN-RRH","t":"B738"},"78698":{"r":"LN-RNW","t":"B737"},"78699":{"r":"LN-RNU","t":"B737"},"7869A":{"r":"LN-RRJ","t":"B738"},"786DD":{"r":"LN-NOT","t":"B738"},"786FC":{"r":"LN-NOU","t":"B738"},"786FD":{"r":"LN-NOV","t":"B738"},"7870C":{"r":"LN-ONG","t":"EC25"},"78717":{"r":"LN-OJB","t":"EC25"},"78718":{"r":"LN-KHD","t":"B738"},"78719":{"r":"LN-OJC","t":"EC25"},"7871A":{"r":"LN-NOX","t":"B738"},"7871B":{"r":"LN-NOW","t":"B738"},"78722":{"r":"LN-OJD","t":"EC25"},"78731":{"r":"LN-DYI","t":"B738"},"78732":{"r":"LN-DYH","t":"B738"},"78737":{"r":"LN-BAC","t":"C25A"},"7873D":{"r":"LN-DYO","t":"B738"},"7873E":{"r":"LN-DYN","t":"B738"},"7873F":{"r":"LN-DYM","t":"B738"},"78740":{"r":"LN-DYL","t":"B738"},"78741":{"r":"LN-DYK","t":"B738"},"78742":{"r":"LN-DYJ","t":"B738"},"78751":{"r":"LN-HST","t":"C750"},"78754":{"r":"LN-MIX","t":"BE20"},"7875A":{"r":"LN-DYT","t":"B738"},"7875B":{"r":"LN-DYS","t":"B738"},"7875C":{"r":"LN-DYR","t":"B738"},"7875D":{"r":"LN-DYQ","t":"B738"},"7875E":{"r":"LN-DYP","t":"B738"},"7875F":{"r":"LN-NOZ","t":"B738"},"78760":{"r":"LN-NOY","t":"B738"},"78761":{"r":"LN-NOR","t":"B738"},"78770":{"r":"LN-DYW","t":"B738"},"78771":{"r":"LN-DYV","t":"B738"},"78772":{"r":"LN-DYU","t":"B738"},"78777":{"r":"LN-KYV","t":"B350"},"7878B":{"r":"LN-DYZ","t":"B738"},"7878C":{"r":"LN-DYY","t":"B738"},"7878D":{"r":"LN-DYX","t":"B738"},"7878E":{"r":"LN-NIA","t":"B738"},"787A0":{"r":"LN-NIB","t":"B738"},"787A7":{"r":"LN-NGC","t":"B738"},"787A8":{"r":"LN-NGB","t":"B738"},"787A9":{"r":"LN-NGA","t":"B738"},"787AC":{"r":"LN-IDC","t":"C560"},"787AF":{"r":"LN-RGA","t":"B738"},"787B0":{"r":"LN-NGG","t":"B738"},"787B1":{"r":"LN-NGF","t":"B738"},"787B2":{"r":"LN-NGE","t":"B738"},"787B3":{"r":"LN-NGD","t":"B738"},"78D42":{"r":"LN-RKR","t":"A333"},"7942D":{"r":"LN-RTG","t":"F2TH"},"7945C":{"r":"LN-NII","t":"B738"},"7947C":{"r":"LN-NIH","t":"B738"},"794F2":{"r":"LN-NIG","t":"B738"},"794FD":{"r":"LN-NIF","t":"B738"},"7956B":{"r":"LN-NIE","t":"B738"},"79573":{"r":"LN-NID","t":"B738"},"79587":{"r":"LN-NIC","t":"B738"},"79D40":{"r":"LN-NHG","t":"B738"},"79F2D":{"r":"LN-NHD","t":"B738"},"79F4F":{"r":"LN-NHC","t":"B738"},"7A034":{"r":"LN-NHB","t":"B738"},"7A039":{"r":"LN-NHA","t":"B738"},"7A097":{"r":"LN-NGZ","t":"B738"},"7A0B2":{"r":"LN-NGY","t":"B738"},"7A1CF":{"r":"LN-NGX","t":"B738"},"7A36A":{"r":"LN-NGW","t":"B738"},"7A41B":{"r":"LN-NGV","t":"B738"},"7A46E":{"r":"LN-NGU","t":"B738"},"7A472":{"r":"LN-NGT","t":"B738"},"7A531":{"r":"LN-NGS","t":"B738"},"7A595":{"r":"LN-NGR","t":"B738"},"7A5BC":{"r":"LN-NGQ","t":"B738"},"7A619":{"r":"LN-NGP","t":"B738"},"7A6CE":{"r":"LN-NGO","t":"B738"},"7A721":{"r":"LN-NGN","t":"B738"},"7A743":{"r":"LN-NGM","t":"B738"},"7A776":{"r":"LN-NGL","t":"B738"},"7A7A8":{"r":"LN-NGK","t":"B738"},"7A7BC":{"r":"LN-NGJ","t":"B738"},"7A851":{"r":"LN-NGI","t":"B738"},"7A8E3":{"r":"LN-NGH","t":"B738"},"7BB87":{"r":"LN-RGK","t":"B736"},"7BCF4":{"r":"LN-RGI","t":"B738"},"7BDA2":{"r":"LN-RGH","t":"B738"},"7BDCD":{"r":"LN-RGG","t":"B738"},"7BDFB":{"r":"LN-RGF","t":"B738"},"7BE84":{"r":"LN-RGD","t":"B738"},"7BE91":{"r":"LN-RGE","t":"B738"},"7BEBB":{"r":"LN-RGC","t":"B738"},"7C071":{"r":"LN-RGB","t":"B738"},"7C5C6":{"r":"LN-LNC","t":"B788"},"7C5C7":{"r":"LN-LND","t":"B788"},"7C5CA":{"r":"LN-LNG","t":"B788"},"90D01":{"t":"CL35"},"90D02":{"t":"CL35"},"91096":{"t":"C550"},"9109A":{"t":"LJ31"},"910C3":{"t":"F2TH"},"910C4":{"t":"F2TH"},"910C5":{"t":"F2TH"},"910C6":{"t":"F2TH"},"910C7":{"t":"F900"},"910C8":{"t":"F900"},"910CB":{"t":"F2TH"},"910CD":{"t":"C56X"},"910CE":{"t":"C56X"},"910CF":{"t":"C56X"},"910D0":{"t":"C56X"},"910D1":{"t":"C56X"},"910D2":{"t":"C56X"},"910D3":{"t":"C56X"},"910D4":{"t":"C56X"},"910D5":{"t":"C56X"},"910D6":{"t":"C56X"},"910D7":{"t":"H25B"},"910D8":{"t":"H25B"},"910D9":{"t":"H25B"},"910DA":{"t":"H25B"},"910F1":{"t":"C25A"},"910F2":{"t":"C650"},"910F7":{"t":"C25B"},"910FA":{"t":"H25B"},"91101":{"t":"C550"},"91102":{"t":"C550"},"91103":{"t":"C550"},"91104":{"t":"C550"},"91105":{"t":"C550"},"91106":{"t":"C550"},"91107":{"t":"C550"},"91108":{"t":"C550"},"91109":{"t":"C550"},"9110A":{"t":"C550"},"9110B":{"t":"C550"},"9110C":{"t":"C550"},"9110D":{"t":"C550"},"9110E":{"t":"C550"},"9110F":{"t":"C550"},"91110":{"t":"C550"},"91111":{"t":"C550"},"91112":{"t":"C550"},"91139":{"t":"C25B"},"91161":{"t":"GLF4"},"91163":{"t":"GLF5"},"91164":{"t":"GLF5"},"91165":{"t":"GLF5"},"91166":{"t":"GLF5"},"91167":{"t":"GLF5"},"91168":{"t":"GLF5"},"91169":{"t":"GLF5"},"9116A":{"t":"GLF5"},"9116B":{"t":"GLF5"},"91182":{"t":"F2TH"},"91183":{"t":"F2TH"},"91184":{"t":"F2TH"},"91185":{"t":"F2TH"},"91186":{"t":"F2TH"},"91187":{"t":"F2TH"},"91188":{"t":"F2TH"},"911A1":{"t":"BE40"},"911A2":{"t":"BE40"},"911A4":{"t":"BE40"},"911A5":{"t":"BE40"},"911A6":{"t":"BE40"},"911A8":{"t":"BE40"},"911A9":{"t":"BE40"},"911AA":{"t":"BE40"},"911AB":{"t":"BE40"},"911AC":{"t":"BE40"},"911AD":{"t":"BE40"},"911AE":{"t":"BE40"},"911AF":{"t":"BE40"},"911B0":{"t":"BE40"},"911B1":{"t":"BE40"},"911B2":{"t":"BE40"},"911B3":{"t":"BE40"},"911B4":{"t":"BE40"},"911B5":{"t":"BE40"},"911B6":{"t":"BE40"},"911B7":{"t":"BE40"},"911B8":{"t":"BE40"},"911B9":{"t":"BE40"},"911BA":{"t":"BE40"},"911CC":{"t":"H25B"},"911CF":{"t":"H25B"},"911D0":{"t":"F2TH"},"911D1":{"t":"F2TH"},"911D2":{"t":"F2TH"},"911D3":{"t":"F2TH"},"911D5":{"t":"H25B"},"911D6":{"t":"H25B"},"911D7":{"t":"C56X"},"911D8":{"t":"H25B"},"911D9":{"t":"C56X"},"911DA":{"t":"C56X"},"911E2":{"t":"BE40"},"911E3":{"t":"B190"},"91201":{"t":"H25B"},"91206":{"t":"F900"},"9120A":{"t":"H25B"},"9120E":{"t":"C510"},"91216":{"t":"C510"},"91217":{"t":"FA20"},"9121A":{"t":"C56X"},"91221":{"t":"C56X"},"91222":{"t":"C56X"},"91241":{"t":"H25B"},"91242":{"t":"H25B"},"91243":{"t":"H25B"},"91244":{"t":"H25B"},"91245":{"t":"H25B"},"91246":{"t":"H25B"},"91247":{"t":"H25B"},"91248":{"t":"H25B"},"91249":{"t":"H25B"},"9124A":{"t":"H25B"},"9124B":{"t":"H25B"},"9124C":{"t":"H25B"},"9124D":{"t":"H25B"},"9124E":{"t":"H25B"},"9124F":{"t":"H25B"},"91250":{"t":"H25B"},"91251":{"t":"H25B"},"91252":{"t":"H25B"},"91253":{"t":"H25B"},"91254":{"t":"H25B"},"91255":{"t":"H25B"},"91256":{"t":"H25B"},"91257":{"t":"H25B"},"91258":{"t":"H25B"},"91259":{"t":"H25B"},"9125A":{"t":"H25B"},"91261":{"t":"FA7X"},"91262":{"t":"FA7X"},"91263":{"t":"FA7X"},"91264":{"t":"FA7X"},"91281":{"t":"C560"},"91282":{"t":"F900"},"91283":{"t":"E50P"},"91284":{"t":"FA7X"},"91286":{"t":"F2TH"},"91288":{"t":"LJ60"},"9128A":{"t":"CL60"},"9128B":{"t":"CL60"},"9128C":{"t":"LJ40"},"9128D":{"t":"LJ45"},"91291":{"t":"E55P"},"91293":{"t":"FA7X"},"91298":{"t":"C56X"},"9129A":{"t":"F2TH"},"912A1":{"t":"H25B"},"912A2":{"t":"H25B"},"912A3":{"t":"H25B"},"912A4":{"t":"H25B"},"912A5":{"t":"H25B"},"912A6":{"t":"H25B"},"912A7":{"t":"H25B"},"912A8":{"t":"H25B"},"912C9":{"t":"GLEX"},"91302":{"t":"C56X"},"91303":{"t":"C56X"},"91304":{"t":"C56X"},"91305":{"t":"C56X"},"91306":{"t":"C56X"},"91307":{"t":"C56X"},"91308":{"t":"C56X"},"91309":{"t":"C56X"},"9130A":{"t":"C56X"},"9130B":{"t":"C56X"},"9130C":{"t":"C56X"},"9130D":{"t":"C56X"},"9130E":{"t":"C56X"},"9130F":{"t":"C56X"},"91310":{"t":"C56X"},"91311":{"t":"C56X"},"91312":{"t":"C56X"},"91313":{"t":"C56X"},"91314":{"t":"C56X"},"91315":{"t":"C56X"},"91316":{"t":"C56X"},"91317":{"t":"C56X"},"91318":{"t":"C56X"},"91319":{"t":"C56X"},"9131A":{"t":"C56X"},"91D81":{"t":"GLEX"},"91D82":{"t":"GLEX"},"91D83":{"t":"GLEX"},"91D84":{"t":"GLEX"},"91D85":{"t":"GLEX"},"9302D":{"t":"GL5T"},"94101":{"t":"E55P"},"94102":{"t":"E55P"},"94103":{"t":"E55P"},"94104":{"t":"E55P"},"94105":{"t":"E55P"},"94106":{"t":"E55P"},"94108":{"t":"E55P"},"9411A":{"t":"E55P"},"95089":{"t":"A310"},"950A9":{"t":"A310"},"950AA":{"t":"A310"},"950B8":{"t":"A310"},"950C9":{"t":"LJ45"},"950CB":{"t":"B752"},"950CD":{"t":"B772"},"950CE":{"t":"F900"},"950CF":{"t":"LJ40"},"950D1":{"t":"LJ45"},"950D2":{"t":"LJ45"},"950D3":{"t":"B763"},"950D4":{"t":"B763"},"950D5":{"t":"A319"},"950D6":{"t":"CL30"},"950D7":{"t":"A345"},"950D8":{"t":"A345"},"950D9":{"t":"A320"},"950DA":{"t":"A332"},"950F5":{"t":"A310"},"950F6":{"t":"A310"},"95145":{"t":"A321"},"95146":{"t":"A320"},"95147":{"t":"A321"},"95169":{"t":"A310"},"9516A":{"t":"A320"},"9516B":{"t":"A320"},"9516C":{"t":"A320"},"9516D":{"t":"A310"},"9516E":{"t":"A310"},"9516F":{"t":"A320"},"95170":{"t":"A320"},"9518F":{"t":"B763"},"95190":{"t":"F2TH"},"95191":{"t":"B763"},"95195":{"t":"A319"},"95197":{"t":"LJ45"},"95198":{"t":"B752"},"95199":{"t":"FA7X"},"9519A":{"t":"B763"},"951B4":{"t":"A333"},"951B7":{"t":"A320"},"951C1":{"t":"A320"},"951C2":{"t":"A320"},"951C5":{"t":"A320"},"951C7":{"t":"A320"},"951C8":{"t":"A320"},"951C9":{"t":"A320"},"951CA":{"t":"A320"},"951CB":{"t":"A320"},"951CC":{"t":"A320"},"951CD":{"t":"A320"},"951CE":{"t":"A320"},"951D0":{"t":"A320"},"951D1":{"t":"A320"},"951D2":{"t":"A320"},"951D3":{"t":"A320"},"951D4":{"t":"A320"},"951D5":{"t":"A320"},"951D6":{"t":"A320"},"951D7":{"t":"A320"},"951D8":{"t":"A320"},"951E1":{"t":"A343"},"951E2":{"t":"A343"},"951E3":{"t":"A343"},"951E4":{"t":"A343"},"951E5":{"t":"A332"},"951E6":{"t":"A332"},"951E7":{"t":"A332"},"951E8":{"t":"A332"},"951E9":{"t":"A332"},"951EA":{"t":"A332"},"951EB":{"t":"A332"},"951EC":{"t":"A332"},"951ED":{"t":"A332"},"951EE":{"t":"A332"},"951EF":{"t":"A332"},"951F0":{"t":"A332"},"95201":{"t":"F100"},"95202":{"t":"F100"},"95203":{"t":"F100"},"95204":{"t":"F100"},"95205":{"t":"F100"},"95206":{"t":"F100"},"95207":{"t":"E145"},"95208":{"t":"E145"},"9520C":{"t":"E145"},"9520D":{"t":"E145"},"9520E":{"t":"E145"},"95224":{"t":"A320"},"95229":{"t":"B763"},"9522A":{"t":"A319"},"9522B":{"t":"A320"},"9522C":{"t":"A343"},"9522D":{"t":"A343"},"9522F":{"t":"A320"},"95230":{"t":"A332"},"95233":{"t":"A320"},"95235":{"t":"B738"},"95236":{"t":"A310"},"95237":{"t":"A332"},"95239":{"t":"A343"},"9523A":{"t":"A343"},"95248":{"t":"A333"},"95249":{"t":"A333"},"9524A":{"t":"A321"},"9524B":{"t":"A320"},"9524C":{"t":"A320"},"9524D":{"t":"A320"},"9524F":{"t":"A320"},"9526C":{"t":"GL5T"},"95272":{"t":"A318"},"95281":{"t":"A319"},"95282":{"t":"A319"},"95283":{"t":"A319"},"95284":{"t":"A319"},"95285":{"t":"A319"},"95286":{"t":"A319"},"95287":{"t":"A319"},"95288":{"t":"A319"},"95289":{"t":"A319"},"9528A":{"t":"A319"},"9528B":{"t":"A319"},"9528C":{"t":"A319"},"9528D":{"t":"A319"},"9528E":{"t":"A319"},"9528F":{"t":"A319"},"95290":{"t":"A319"},"95291":{"t":"A319"},"95292":{"t":"A319"},"95293":{"t":"A319"},"95295":{"t":"A319"},"95296":{"t":"A319"},"97C71":{"r":"17401","t":"FA50"},"97C72":{"r":"17402","t":"FA50"},"97CA5":{"r":"16705","t":"C295"},"98421":{"r":"3085","t":"A319"},"98422":{"r":"2801","t":"A319"},"98424":{"r":"2408","t":"AN26"},"98425":{"r":"1016","t":"T154"},"98426":{"r":"5105","t":"CL60"},"98447":{"r":"2601","t":"L410"},"98448":{"r":"2602","t":"L410"},"98487":{"r":"0453","t":"C295"},"98488":{"r":"0454","t":"C295"},"98489":{"r":"0455","t":"C295"},"9C06C":{"r":"OK-QUA 95"},"9D002":{"r":"OK-YAD","t":"A310"},"9D006":{"r":"OK-TVF","t":"B738"},"9D009":{"r":"OK-SLA","t":"C525"},"9D00A":{"r":"OK-ACH","t":"C550"},"9D00B":{"r":"OK-SWU","t":"B735"},"9D00C":{"r":"OK-SWV","t":"B735"},"9D00D":{"r":"OK-TVJ","t":"B738"},"9D010":{"r":"OK-GEA","t":"A320"},"9D011":{"r":"OK-GEB","t":"A320"},"9D012":{"r":"OK-CEC","t":"A321"},"9D013":{"r":"OK-SYN","t":"E35L"},"9D018":{"r":"OK-SLS","t":"C560"},"9D01D":{"r":"OK-KKG","t":"E135"},"9D01E":{"r":"OK-GLF","t":"SF24"},"9D021":{"r":"OK-FGS","t":"B734"},"9D025":{"r":"OK-KFO","t":"AT45"},"9D027":{"r":"OK-REQ","t":"A319"},"9D02D":{"r":"OK-EMA","t":"C680"},"9D034":{"r":"OK-TSR","t":"B738"},"9D039":{"r":"OK-JRE","t":"C700"},"9D03B":{"r":"OK-CGH","t":"B735"},"9D03D":{"r":"OK-SLX","t":"C56X"},"9D040":{"r":"OK-LEE","t":"A320"},"9D041":{"r":"OK-LEF","t":"A320"},"9D042":{"r":"OK-LEG","t":"A320"},"9D044":{"r":"OK-SUN","t":"E35L"},"9D045":{"r":"OK-EBT","t":"PC24"},"9D04D":{"r":"OK-TVG","t":"B738"},"9D04E":{"r":"OK-VPI","t":"GLF5"},"9D04F":{"r":"OK-UNI","t":"C680"},"9D050":{"r":"OK-GGG","t":"E135"},"9D052":{"r":"OK-UBA","t":"L410"},"9D053":{"r":"OK-WND","t":"C56X"},"9D054":{"r":"OK-MEJ","t":"A320"},"9D055":{"r":"OK-MEK","t":"A319"},"9D056":{"r":"OK-MEL","t":"A319"},"9D05A":{"r":"OK-HCB","t":"A320"},"9D05C":{"r":"OK-DSY","t":"C25A"},"9D05D":{"r":"OK-CAA","t":"C56X"},"9D062":{"r":"OK-RDA","t":"L410"},"9D063":{"r":"OK-MEH","t":"A320"},"9D066":{"r":"OK-JDM","t":"LJ60"},"9D069":{"r":"OK-FGR","t":"B734"},"9D073":{"r":"OK-CTU","t":"B350"},"9D07A":{"r":"OK-LFD","t":"B350"},"9D07F":{"r":"OK-TWI","t":"SR20"},"9D083":{"r":"OK-TOP","t":"P46T"},"9D086":{"r":"OK-KIN","t":"C25B"},"9D08A":{"r":"OK-DGL","t":"B735"},"9D08B":{"r":"OK-CGT","t":"B734"},"9D08D":{"r":"OK-TNT","t":"PC12"},"9D08E":{"r":"OK-SWT","t":"B737"},"9D08F":{"r":"OK-TVE","t":"B738"},"9D091":{"r":"OK-XGB","t":"B735"},"9D092":{"r":"OK-NEM","t":"A319"},"9D093":{"r":"OK-NEN","t":"A319"},"9D094":{"r":"OK-NEO","t":"A319"},"9D095":{"r":"OK-NEP","t":"A319"},"9D097":{"r":"OK-ROM","t":"E135"},"9D099":{"r":"OK-XGD","t":"B735"},"9D09B":{"r":"OK-ASA","t":"L410"},"9D09E":{"r":"OK-TVH","t":"B738"},"9D0A2":{"r":"OK-IHS","t":"PC12"},"9D0A3":{"r":"OK-XGC","t":"B735"},"9D0A4":{"r":"OK-HLB","t":"B350"},"9D0A6":{"r":"OK-DGN","t":"B734"},"9D0A7":{"r":"OK-YAC","t":"A310"},"9D0A8":{"r":"OK-DGM","t":"B734"},"9D0A9":{"r":"OK-DSJ","t":"C525"},"9D0AC":{"r":"OK-EGP","t":"B734"},"9D0AD":{"r":"OK-HWK","t":"H25B"},"9D0AE":{"r":"OK-XGA","t":"B735"},"9D0AF":{"r":"OK-CGJ","t":"B735"},"9D0B0":{"r":"OK-AML","t":"C510"},"9D0B4":{"r":"OK-XGE","t":"B735"},"9D0B5":{"r":"OK-MPM"},"9D0BD":{"r":"OK-OER","t":"A319"},"9D0BF":{"r":"OK-TCA","t":"L410"},"9D0C6":{"r":"OK-SLN","t":"E35L"},"9D0C7":{"r":"OK-PCF","t":"PC12"},"9D0CA":{"r":"OK-TOS","t":"BE20"},"9D0E0":{"r":"OK-JNT","t":"E35L"},"9D0EB":{"r":"OK-PMP","t":"PC12"},"9D0F4":{"r":"OK-BMM","t":"BE40"},"9D0F9":{"r":"OK-BIZ","t":"C56X"},"9D102":{"r":"OK-PRM","t":"PC12"},"9D109":{"r":"OK-TVN","t":"B738"},"9D10F":{"r":"OK-FTR","t":"C510"},"9D112":{"r":"OK-TVK","t":"B738"},"9D113":{"r":"OK-UNO","t":"BE20"},"9D116":{"r":"OK-XLS","t":"C56X"},"9D11C":{"r":"OK-TKN","t":"P210"},"9D132":{"r":"OK-GCE","t":"B737"},"9D133":{"r":"OK-GCF","t":"B737"},"9D135":{"r":"OK-WAY","t":"CL60"},"9D136":{"r":"OK-HWL","t":"H25B"},"9D138":{"r":"OK-NTG","t":"P46T"},"9D139":{"r":"OK-SIM","t":"R44"},"9D13D":{"r":"OK-TVL","t":"B738"},"9D13F":{"r":"OK-TVM","t":"B738"},"9D14C":{"r":"OK-PET","t":"A319"},"9D152":{"r":"OK-LEO","t":"C510"},"9D174":{"r":"OK-MYS","t":"C510"},"9D177":{"r":"OK-AJA","t":"C510"},"9D17C":{"r":"OK-PIK","t":"B738"},"9D192":{"r":"OK-CCA","t":"B733"},"9D193":{"r":"OK-TVO","t":"B738"},"9D1A0":{"r":"OK-PBS","t":"C525"},"9D1A7":{"r":"OK-GLX","t":"GALX"},"9D1A8":{"r":"OK-TVP","t":"B738"},"9D1AA":{"r":"OK-PRG","t":"BE9L"},"9D1B4":{"r":"OK-SLD","t":"L410"},"9D1C6":{"r":"OK-TVT","t":"B738"},"9D1C7":{"r":"OK-JKT","t":"TBM7"},"9D1CD":{"r":"OK-TVS","t":"B738"},"9D1DF":{"r":"OK-PBK","t":"C25B"},"9D1E2":{"r":"OK-CTP","t":"PC12"},"9D213":{"r":"OK-UHE","t":"SR22"},"9D232":{"r":"OK-TSE","t":"B738"},"9D23F":{"r":"OK-ILA","t":"C25A"},"9D241":{"r":"OK-RHM","t":"BE40"},"9D253":{"r":"OK-OBR","t":"C510"},"9D254":{"r":"OK-PMC","t":"PC12"},"9D257":{"r":"OK-MAR","t":"C25A"},"9D258":{"r":"OK-HCA","t":"A320"},"9D259":{"r":"OK-EJH","t":"PRM1"},"9D261":{"r":"OK-PVN","t":"PC12"},"9D262":{"r":"OK-ZDR","t":"PC12"},"9D265":{"r":"OK-ILA","t":"C25C"},"9D266":{"r":"OK-TVX","t":"B738"},"9D26C":{"r":"OK-TVR","t":"B734"},"9D276":{"r":"OK-TVU","t":"B738"},"9D283":{"r":"OK-TVY","t":"B738"},"9D287":{"r":"OK-TVV","t":"B738"},"9D29E":{"r":"OK-PHE","t":"E55P"},"9D2A7":{"r":"OK-SWX","t":"B737"},"9D2A8":{"r":"OK-ESC","t":"BE40"},"9D2AA":{"r":"OK-UGJ","t":"C680"},"9D2AE":{"r":"OK-PCC","t":"PC12"},"9D2B7":{"r":"OK-TVW","t":"B738"},"9D2B9":{"r":"OK-SWW","t":"B737"},"9D2BB":{"r":"OK-PCE","t":"PC12"},"9D2C1":{"r":"OK-TVA","t":"B738"},"9D2C2":{"r":"OK-TVB","t":"B738"},"9D2C3":{"r":"OK-TVC","t":"B738"},"9D2C4":{"r":"OK-TVD","t":"B738"},"9D2D8":{"r":"OK-MXM","t":"PC12"},"9D2E4":{"r":"OK-JRT","t":"C680"},"9D2EE":{"r":"OK-SWE","t":"B38M"},"9D2FB":{"r":"OK-TSA","t":"B738"},"9D2FC":{"r":"OK-TSC","t":"B738"},"9D300":{"r":"OK-AZI","t":"SR22"},"9D304":{"r":"OK-RAH","t":"BE40"},"9D306":{"r":"OK-KKF","t":"GLF5"},"9D307":{"r":"OK-TSO","t":"B738"},"9D313":{"r":"OK-KUK","t":"C510"},"9D315":{"r":"OK-EAS","t":"BE40"},"9D318":{"r":"OK-ECR","t":"C56X"},"9D327":{"r":"OK-TSD","t":"B738"},"9D328":{"r":"OK-TSU","t":"B738"},"9D335":{"r":"OK-OKV","t":"PAY3"},"9D353":{"r":"OK-JRS","t":"C680"},"9D357":{"r":"OK-HEU","t":"A320"},"9D361":{"r":"OK-PTT","t":"PC12"},"9D365":{"r":"OK-TSF","t":"B738"},"9D369":{"r":"OK-TSI","t":"B739"},"9D371":{"r":"OK-PPP","t":"BE40"},"9D381":{"r":"OK-AOA","t":"CL30"},"9D382":{"r":"OK-BEE","t":"BE40"},"9D387":{"r":"OK-PHO","t":"E55P"},"9D38C":{"r":"OK-TSM","t":"B739"},"9D38F":{"r":"OK-VAN","t":"E50P"},"9D39B":{"r":"OK-BII","t":"BE40"},"9D39D":{"r":"OK-JMD","t":"GLF5"},"9D3A9":{"r":"OK-OZZ","t":"PC12"},"9D3AC":{"r":"OK-AST","t":"C56X"},"9D3BB":{"r":"OK-IOO","t":"A320"},"9D3CE":{"r":"OK-JFA","t":"BE40"},"9D3D3":{"r":"OK-SWC","t":"B38M"},"9D3D4":{"r":"OK-SWA","t":"B38M"},"9D3D5":{"r":"OK-SWB","t":"B38M"},"9D3D6":{"r":"OK-SWD","t":"B38M"},"9D3F4":{"r":"OK-GRX","t":"GLEX"},"9D3FA":{"r":"OK-TSS","t":"B738"},"9D403":{"r":"OK-TST","t":"B738"},"9D407":{"r":"OK-PHM","t":"E55P"},"9D414":{"r":"OK-SWH","t":"B38M"},"9D418":{"r":"OK-SWF","t":"B38M"},"9D423":{"r":"OK-SWM","t":"B38M"},"9D428":{"r":"OK-RLP","t":"B350"},"9D429":{"r":"OK-ANS","t":"B350"},"9D43E":{"r":"OK-VEA","t":"GLF6"},"9D44A":{"r":"OK-HAR","t":"C56X"},"9D44F":{"r":"OK-FLN","t":"FA7X"},"9D452":{"r":"OK-HFH","t":"PC12"},"9D4C9":{"r":"OK-RPM","t":"CL30"},"9D4CF":{"r":"OK-STS","t":"E55P"},"9D4DC":{"r":"OK-TKJ","t":"PC12"},"9D4E1":{"r":"OK-DJB","t":"BE40"},"9D4E4":{"r":"OK-BZZ","t":"BE40"},"9D4EB":{"r":"OK-KKF","t":"GLF6"},"9D4F7":{"r":"OK-KGR","t":"C56X"},"9D506":{"r":"OK-BOB","t":"B350"},"9D508":{"r":"OK-PHE","t":"E55P"},"9D526":{"r":"OK-OSK","t":"C680"},"9D53D":{"r":"OK-PCJ","t":"PC24"},"9D53E":{"r":"OK-MSM","t":"PC12"},"9D53F":{"r":"OK-GTX","t":"G280"},"9D552":{"r":"OK-CJI","t":"C525"},"9D558":{"r":"OK-HUB","t":"GA5C"},"9D56E":{"r":"OK-PHA","t":"E55P"},"9D9F3":{"r":"OK-VOS","t":"GA5C"},"9DA7A":{"r":"OK-VSZ","t":"C550"},"9DCF8":{"r":"OK-WGX","t":"B734"},"9DCF9":{"r":"OK-WGY","t":"B734"},"A0441":{"t":"A319"},"A0442":{"t":"A319"},"A0482":{"t":"B733"},"A04E1":{"t":"A320"},"A04E2":{"t":"A320"},"A0661":{"t":"A318"},"A0662":{"t":"A318"},"A0663":{"t":"A318"},"A0664":{"t":"A318"},"A0821":{"t":"B733"},"A0823":{"t":"B733"},"A0824":{"t":"B734"},"A0825":{"t":"B734"},"A0826":{"t":"B733"},"A0828":{"t":"B735"},"A0829":{"t":"B734"},"A082A":{"t":"B734"},"A082B":{"t":"B734"},"A082C":{"t":"B734"},"A082D":{"t":"B734"},"A082E":{"t":"B734"},"A082F":{"t":"B734"},"A0831":{"t":"B734"},"A0832":{"t":"B734"},"A0833":{"t":"B734"},"A0835":{"t":"B734"},"A0841":{"t":"B733"},"A08A3":{"t":"B462"},"A08A5":{"t":"A320"},"A08E1":{"t":"B733"},"A08E2":{"t":"B733"},"A08E4":{"t":"B733"},"A08E5":{"t":"B733"},"A08E6":{"t":"B737"},"A08E7":{"t":"B737"},"A08E8":{"t":"B737"},"A08E9":{"t":"B737"},"A08EA":{"t":"B738"},"A08EB":{"t":"B738"},"A08EC":{"t":"B738"},"A08ED":{"t":"B738"},"A08F0":{"t":"B738"},"A08F2":{"t":"B738"},"A08F3":{"t":"B738"},"A0921":{"t":"B738"},"A0922":{"t":"B738"},"A0923":{"t":"B738"},"A0924":{"t":"B738"},"A0926":{"t":"B738"},"A09A2":{"t":"B738"},"A09B1":{"t":"B738"},"A09B2":{"t":"B737"},"A0AAC":{"t":"C25A"},"A0C21":{"t":"B350"},"A1024":{"t":"C510"},"A1025":{"t":"C510"},"A108E":{"t":"E55P"},"A1130":{"t":"CL60"},"A1208":{"t":"C56X"},"A1265":{"t":"A320"},"A1596":{"t":"C560"},"A16C5":{"t":"E50P"},"A172A":{"t":"C130"},"A1921":{"t":"A320"},"A1961":{"t":"F100"},"A1962":{"t":"F100"},"A1A61":{"t":"B744"},"A1A62":{"t":"B744"},"A1B41":{"t":"F100"},"A2044":{"t":"MD83"},"A2045":{"t":"MD83"},"A2095":{"t":"C25M"},"A29F9":{"t":"A320"},"A2AAC":{"t":"A320"},"A2DA1":{"t":"F70"},"A2DA2":{"t":"F70"},"A2DA3":{"t":"F70"},"A3061":{"t":"A310"},"A3062":{"t":"A310"},"A3121":{"t":"A320"},"A312C":{"t":"A320"},"A3243":{"t":"A343"},"A3244":{"t":"A343"},"A3493":{"t":"MD82"},"A3839":{"t":"H25B"},"A3E88":{"t":"MD83"},"A3E8E":{"t":"MD82"},"A4A07":{"t":"C560"},"A4A12":{"t":"C56X"},"A4CA1":{"t":"A320"},"A4D79":{"t":"A320"},"A4EAE":{"t":"A320"},"A5032":{"t":"C25M"},"A5122":{"t":"B733"},"A5126":{"t":"GLEX"},"A5129":{"t":"GALX"},"A512B":{"t":"GL5T"},"A5243":{"t":"CL30"},"A524B":{"t":"C25C"},"A524F":{"t":"E35L"},"A5321":{"t":"C56X"},"A5653":{"t":"A319"},"A5D2E":{"t":"A21N"},"A5DD4":{"t":"C56X"},"A5DF7":{"t":"A21N"},"A5E66":{"t":"SF50"},"A8021":{"r":"SE-DIN","t":"MD82"},"A8023":{"r":"SE-DIP","t":"MD87"},"A8024":{"r":"SE-DIR","t":"MD81"},"A8025":{"r":"SE-DIS","t":"MD81"},"A8026":{"r":"SE-DIU","t":"MD87"},"A8034":{"r":"SE-DMB","t":"MD81"},"A8044":{"r":"SE-DMT","t":"MD81"},"A809C":{"r":"SE-DIC","t":"MD87"},"A80A0":{"r":"SE-DIK","t":"MD82"},"A80A1":{"r":"SE-DIL","t":"MD82"},"A80D0":{"r":"102001","t":"GLF4"},"A80D4":{"r":"SE-DTH","t":"B736"},"A8116":{"r":"SE-DYV","t":"H25B"},"A8117":{"r":"SE-DZB","t":"E145"},"A8142":{"r":"SE-DZK","t":"B738"},"A8157":{"r":"SE-DSO","t":"RJ1H"},"A8158":{"r":"SE-DSP","t":"RJ1H"},"A8159":{"r":"SE-DSR","t":"RJ1H"},"A815A":{"r":"SE-DSS","t":"RJ1H"},"A815B":{"r":"SE-DST","t":"RJ1H"},"A815C":{"r":"SE-DSU","t":"RJ1H"},"A815D":{"r":"SE-DSV","t":"RJ1H"},"A815E":{"r":"SE-DSX","t":"RJ1H"},"A815F":{"r":"SE-DSY","t":"RJ1H"},"A8170":{"r":"SE-RAA","t":"E135"},"A8181":{"r":"84001","t":"C130"},"A8182":{"r":"84002","t":"C130"},"A8183":{"r":"84003","t":"C130"},"A8184":{"r":"84004","t":"C130"},"A8185":{"r":"84005","t":"C130"},"A8186":{"r":"84006","t":"C130"},"A8187":{"r":"84007","t":"C130"},"A8199":{"r":"102004","t":"GLF4"},"A819C":{"r":"SE-RAB","t":"E135"},"A81AB":{"r":"SE-REE","t":"A333"},"A81AC":{"r":"SE-REF","t":"A333"},"A81B7":{"r":"SE-RBK","t":"C550"},"A81BB":{"r":"SE-DZV","t":"B738"},"A81C4":{"r":"SE-DRS","t":"BE40"},"A81CF":{"r":"SE-RAC","t":"E145"},"A81E6":{"r":"86001","t":"SBR1"},"A81F4":{"r":"100008","t":"SF34"},"A822A":{"r":"102005","t":"GLF5"},"A83ED":{"r":"SE-DLZ","t":"C500"},"A8E07":{"r":"SE-CPG","t":"JUNR"},"A9099":{"r":"SE-DDY","t":"C550"},"A90D5":{"r":"SE-DFU","t":"MD82"},"A9110":{"r":"SE-DHP","t":"LJ35"},"A9122":{"r":"SE-DIB","t":"MD87"},"A9141":{"r":"SE-DJA","t":"F900"},"A9142":{"r":"SE-DJB","t":"F900"},"A9143":{"r":"SE-DJC","t":"FA7X"},"A9144":{"r":"SE-DJD","t":"FA7X"},"A9147":{"r":"SE-DJG","t":"E135"},"A9148":{"r":"SE-DJH","t":"C550"},"A9149":{"r":"SE-DJI","t":"FA7X"},"A914B":{"r":"SE-DJK"},"A914C":{"r":"SE-DJL","t":"FA7X"},"A914D":{"r":"SE-DJM","t":"F900"},"A914E":{"r":"SE-DJN","t":"RJ85"},"A914F":{"r":"SE-DJO","t":"RJ85"},"A9150":{"r":"SE-DJP","t":"RJ70"},"A9152":{"r":"SE-DJR","t":"RJ85"},"A9158":{"r":"SE-DJX","t":"RJ70"},"A9182":{"r":"SE-DLB","t":"FA10"},"A919A":{"r":"SE-DLZ","t":"C500"},"A91A9":{"r":"SE-DMI","t":"MD82"},"A91AB":{"r":"SE-DMK","t":"MD87"},"A91AF":{"r":"SE-DMO","t":"A21N"},"A91B2":{"r":"SE-DMR","t":"A21N"},"A91B3":{"r":"SE-DMS","t":"A21N"},"A91D8":{"r":"SE-DNX","t":"B736"},"A91F2":{"r":"SE-DOR","t":"B736"},"A91F8":{"r":"SE-DOX","t":"A20N"},"A91F9":{"r":"SE-DOY","t":"A20N"},"A91FA":{"r":"SE-DOZ","t":"A20N"},"A925A":{"r":"SE-DRZ","t":"C500"},"A9288":{"r":"SE-DTH","t":"B736"},"A92B8":{"r":"SE-DUX","t":"CRJ2"},"A92B9":{"r":"SE-DUY","t":"CRJ2"},"A92D0":{"r":"SE-DVP","t":"FA10"},"A9307":{"r":"SE-DXG","t":"SB05"},"A9322":{"r":"SE-DYB","t":"FA10"},"A934E":{"r":"SE-DZN","t":"B738"},"A9350":{"r":"SE-DZP","t":"PC24"},"A935A":{"r":"SE-DZZ","t":"LJ35"},"A99B8":{"r":"SE-FMX","t":"C185"},"AA143":{"r":"SE-HJC","t":"AS50"},"AA522":{"r":"SE-IIB","t":"BE9L"},"AAC70":{"r":"SE-KCP","t":"SW4"},"AACCD":{"r":"SE-KFM","t":"P28A"},"AADEC":{"r":"SE-KOL","t":"BE30"},"AAF10":{"r":"SE-KXP","t":"ATP"},"AB18F":{"r":"SE-LLO","t":"ATP"},"AB1B5":{"r":"SE-LLU","t":"BE30"},"AB1ED":{"r":"SE-LOM","t":"SB20"},"AB241":{"r":"SE-LRA","t":"SB20"},"AB296":{"r":"SE-LTV","t":"SB20"},"AB355":{"r":"SE-LZU","t":"AC90"},"AB358":{"r":"SE-LZX","t":"AC90"},"AB426":{"r":"SE-MAF","t":"ATP"},"AB428":{"r":"SE-MAH","t":"ATP"},"AB429":{"r":"SE-MAI","t":"ATP"},"AB42A":{"r":"SE-MAJ","t":"ATP"},"AB42B":{"r":"SE-MAK","t":"ATP"},"AB42C":{"r":"SE-MAL","t":"ATP"},"AB42E":{"r":"SE-MAN","t":"ATP"},"AB42F":{"r":"SE-MAO","t":"ATP"},"AB430":{"r":"SE-MAP","t":"ATP"},"AB43A":{"r":"SE-MAZ","t":"BE20"},"AB467":{"r":"SE-MCG","t":"SF34"},"AB4B0":{"r":"SE-MEP","t":"BE9L"},"AB4EB":{"r":"SE-MGK","t":"BE20"},"AB4F4":{"r":"SE-MGT","t":"AT72"},"AB5E6":{"r":"SE-MOF","t":"B350"},"AC824":{"r":"SE-RAD","t":"E145"},"AC825":{"r":"SE-RAE","t":"E145"},"AC858":{"r":"SE-RBX","t":"C56X"},"AC859":{"r":"SE-RBY","t":"C550"},"AC86D":{"r":"SE-RCM","t":"C56X"},"AC879":{"r":"SE-RCY","t":"C550"},"AC889":{"r":"SE-RDI","t":"MD83"},"AC88E":{"r":"SE-RDN","t":"A321"},"AC88F":{"r":"SE-RDO","t":"A321"},"AC890":{"r":"SE-RDP","t":"A321"},"AC896":{"r":"SE-RDV","t":"MD83"},"AC899":{"r":"SE-RDY","t":"GLF5"},"AC89A":{"r":"SE-RDZ","t":"GLF5"},"AC8A8":{"r":"SE-REH","t":"A333"},"AC8B2":{"r":"SE-RER","t":"B737"},"AC8B3":{"r":"SE-RES","t":"B737"},"AC8B4":{"r":"SE-RET","t":"B737"},"AC8B5":{"r":"SE-REU","t":"B737"},"AC8B8":{"r":"SE-REX","t":"B737"},"AC8B9":{"r":"SE-REY","t":"B737"},"AC8BA":{"r":"SE-REZ","t":"B737"},"AC8C8":{"r":"SE-RFH","t":"C680"},"AC8CA":{"r":"SE-RFJ","t":"C680"},"AC8CC":{"r":"SE-RFL","t":"C680"},"AC8CF":{"r":"SE-RFO","t":"B752"},"AC8D0":{"r":"SE-RFP","t":"B752"},"AC8D2":{"r":"SE-RFR","t":"B763"},"AC8D3":{"r":"SE-RFS","t":"B763"},"AC8D4":{"r":"SE-RFT","t":"B738"},"AC8D5":{"r":"SE-RFU","t":"B738"},"AC8D6":{"r":"SE-RFV","t":"B738"},"AC8D8":{"r":"SE-RFX","t":"B738"},"AC8D9":{"r":"SE-RFY","t":"B738"},"AC8DA":{"r":"SE-RFZ","t":"B789"},"AC8E2":{"r":"SE-RGB","t":"GLEX"},"AC8E3":{"r":"SE-RGC","t":"A319"},"AC8E4":{"r":"SE-RGD","t":"A319"},"AC8E5":{"r":"SE-RGE","t":"A319"},"AC8F3":{"r":"SE-RGS","t":"C56X"},"AC8F6":{"r":"SE-RGV","t":"A319"},"AC8F8":{"r":"SE-RGX","t":"C525"},"AC8FA":{"r":"SE-RGZ","t":"C560"},"AC90A":{"r":"SE-RHJ","t":"C56X"},"AC912":{"r":"SE-RHR","t":"B738"},"AC913":{"r":"SE-RHS","t":"B738"},"AC914":{"r":"SE-RHT","t":"B738"},"AC915":{"r":"SE-RHU","t":"B733"},"AC916":{"r":"SE-RHV","t":"B733"},"AC918":{"r":"SE-RHX","t":"B738"},"AC921":{"r":"SE-RIA","t":"E145"},"AC92A":{"r":"SE-RIJ","t":"C56X"},"AC92B":{"r":"SE-RIK","t":"C550"},"AC92C":{"r":"SE-RIL","t":"C56X"},"AC92D":{"r":"SE-RIM","t":"C550"},"AC936":{"r":"SE-RIV","t":"C56X"},"AC938":{"r":"SE-RIX","t":"C525"},"AC93A":{"r":"SE-RIZ","t":"C56X"},"AC941":{"r":"SE-RJA","t":"B734"},"AC945":{"r":"SE-RJE","t":"A320"},"AC946":{"r":"SE-RJF","t":"A320"},"AC94D":{"r":"SE-RJM","t":"A320"},"AC94E":{"r":"SE-RJN","t":"A320"},"AC952":{"r":"SE-RJR","t":"B737"},"AC953":{"r":"SE-RJS","t":"B737"},"AC954":{"r":"SE-RJT","t":"B737"},"AC955":{"r":"SE-RJU","t":"B737"},"AC958":{"r":"SE-RJX","t":"B737"},"AC961":{"r":"SE-RKA","t":"A21N"},"AC962":{"r":"SE-RKB","t":"A21N"},"AC96C":{"r":"SE-RKL","t":"GLF5"},"AC96E":{"r":"SE-RKN","t":"G280"},"AC98A":{"r":"SE-RLJ","t":"B738"},"AC98D":{"r":"SE-RLM","t":"B738"},"AC994":{"r":"SE-RLT","t":"C560"},"AC995":{"r":"SE-RLU","t":"C560"},"AC996":{"r":"SE-RLV","t":"C56X"},"AC998":{"r":"SE-RLX","t":"H25B"},"AC999":{"r":"SE-RLY","t":"H25B"},"AC99A":{"r":"SE-RLZ","t":"H25B"},"AC9A1":{"r":"SE-RMA","t":"CL30"},"AC9A2":{"r":"SE-RMB","t":"C25B"},"AC9A3":{"r":"SE-RMC","t":"CL30"},"AC9AF":{"r":"SE-RMO","t":"LJ45"},"AC9B4":{"r":"SE-RMT","t":"GLEX"},"AC9B6":{"r":"SE-RMV","t":"GL5T"},"AC9B8":{"r":"SE-RMX","t":"LJ35"},"AC9C4":{"r":"SE-RND","t":"B38M"},"AC9C5":{"r":"SE-RNE","t":"B38M"},"AC9C6":{"r":"SE-RNF","t":"B38M"},"AC9D0":{"r":"SE-RNP","t":"C25B"},"AC9D2":{"r":"SE-RNR","t":"CL35"},"AC9E1":{"r":"SE-ROA","t":"A20N"},"AC9E2":{"r":"SE-ROB","t":"A20N"},"AC9E3":{"r":"SE-ROC","t":"A20N"},"AC9E4":{"r":"SE-ROD","t":"A20N"},"AC9E5":{"r":"SE-ROE","t":"A20N"},"AC9E6":{"r":"SE-ROF","t":"A20N"},"AC9E7":{"r":"SE-ROG","t":"A20N"},"AC9E9":{"r":"SE-ROI","t":"A20N"},"AC9EA":{"r":"SE-ROJ","t":"A20N"},"AC9EB":{"r":"SE-ROK","t":"A20N"},"AC9EC":{"r":"SE-ROL","t":"A20N"},"AC9ED":{"r":"SE-ROM","t":"A20N"},"AC9EE":{"r":"SE-RON","t":"A20N"},"AC9EF":{"r":"SE-ROO","t":"A20N"},"AC9F0":{"r":"SE-ROP","t":"A20N"},"AC9F2":{"r":"SE-ROR","t":"A20N"},"AC9F3":{"r":"SE-ROS","t":"A20N"},"AC9F4":{"r":"SE-ROT","t":"A20N"},"AC9F5":{"r":"SE-ROU","t":"A20N"},"AC9F8":{"r":"SE-ROX","t":"A20N"},"AC9F9":{"r":"SE-ROY","t":"A20N"},"AC9FA":{"r":"SE-ROZ","t":"A20N"},"ACA04":{"r":"SE-RPD","t":"B738"},"ACA05":{"r":"SE-RPE","t":"B738"},"ACA06":{"r":"SE-RPF","t":"B738"},"ACA07":{"r":"SE-RPG","t":"B738"},"ACA08":{"r":"SE-RPH","t":"B738"},"ACA09":{"r":"SE-RPI","t":"B738"},"ACA0A":{"r":"SE-RPJ","t":"B738"},"ACA0B":{"r":"SE-RPK","t":"B738"},"ACA0C":{"r":"SE-RPL","t":"B738"},"ACA0D":{"r":"SE-RPM","t":"B738"},"ACA12":{"r":"SE-RPR","t":"B738"},"ACA13":{"r":"SE-RPS","t":"B738"},"ACA14":{"r":"SE-RPT","t":"B738"},"ACA15":{"r":"SE-RPU","t":"B738"},"ACA42":{"r":"SE-RRB","t":"B738"},"ACA45":{"r":"SE-RRE","t":"B738"},"ACA46":{"r":"SE-RRF","t":"B738"},"ACA47":{"r":"SE-RRG","t":"B738"},"ACA4A":{"r":"SE-RRJ","t":"B738"},"ACA4E":{"r":"SE-RRN","t":"B738"},"ACA4F":{"r":"SE-RRO","t":"B738"},"ACA50":{"r":"SE-RRP","t":"B738"},"ACA53":{"r":"SE-RRS","t":"B738"},"ACA54":{"r":"SE-RRT","t":"B738"},"ACA61":{"r":"SE-RSA","t":"A359"},"ACA64":{"r":"SE-RSD","t":"A359"},"ACA65":{"r":"SE-RSE","t":"A359"},"ACA66":{"r":"SE-RSF","t":"A359"},"ACA69":{"r":"SE-RSI","t":"E195"},"ACA6B":{"r":"SE-RSK","t":"E195"},"ACA6C":{"r":"SE-RSL","t":"E195"},"ACA6D":{"r":"SE-RSM","t":"E195"},"ACA6E":{"r":"SE-RSN","t":"E195"},"ACA6F":{"r":"SE-RSO","t":"E195"},"ACA70":{"r":"SE-RSP","t":"E195"},"ACA72":{"r":"SE-RSR","t":"E195"},"ACA81":{"r":"SE-RTA","t":"B38M"},"ACA82":{"r":"SE-RTB","t":"B38M"},"ACA83":{"r":"SE-RTC","t":"B38M"},"ACA84":{"r":"SE-RTD","t":"B38M"},"ACA85":{"r":"SE-RTE","t":"B38M"},"ACA87":{"r":"SE-RTG","t":"B38M"},"ACA88":{"r":"SE-RTH","t":"B38M"},"ACA89":{"r":"SE-RTI","t":"B38M"},"ACA8A":{"r":"SE-RTJ","t":"B38M"},"ACAA1":{"r":"SE-RUA","t":"A20N"},"ACAA2":{"r":"SE-RUB","t":"A20N"},"ACAA3":{"r":"SE-RUC","t":"A20N"},"ACAA4":{"r":"SE-RUD","t":"A20N"},"ACAA5":{"r":"SE-RUE","t":"A20N"},"ACAA6":{"r":"SE-RUF","t":"A20N"},"ACAC1":{"r":"SE-RVA","t":"PC24"},"ACAC2":{"r":"SE-RVB","t":"PC24"},"ACAC3":{"r":"SE-RVC","t":"PC24"},"ACAC4":{"r":"SE-RVD","t":"PC24"},"ACAC5":{"r":"SE-RVE","t":"PC24"},"ACAC6":{"r":"SE-RVF","t":"PC24"},"ACADA":{"r":"SE-RVZ","t":"C25M"},"ACB01":{"r":"SE-RXA","t":"B738"},"ACB02":{"r":"SE-RXB","t":"B738"},"ACB03":{"r":"SE-RXC","t":"B738"},"ACB04":{"r":"SE-RXD","t":"B738"},"ACB23":{"r":"SE-RYC","t":"B38M"},"ACB58":{"r":"SE-RZX","t":"A20N"},"children":["40","42","43","44","48","4B","4C","4D"]}