{"00F":{"r":"ZJ516","t":"NIM"},"010":{"r":"ZJ518","t":"NIM"},"042":{"r":"VP-CEB","t":"GLEX"},"044":{"r":"VP-CME","t":"B762"},"047":{"r":"VP-CDA","t":"F900"},"048":{"r":"VP-CGS","t":"GLEX"},"049":{"r":"VP-CBA","t":"B732"},"04A":{"r":"VP-CFT","t":"CL60"},"04B":{"r":"VP-CBB","t":"B738"},"04C":{"r":"VP-CDF","t":"GLEX"},"04D":{"r":"VP-CLX","t":"H25B"},"04E":{"r":"VP-CLO","t":"F900"},"050":{"r":"VP-CVP","t":"BE40"},"051":{"r":"VP-CIE","t":"A319"},"053":{"r":"VP-CJA","t":"F2TH"},"055":{"r":"VP-CCL","t":"FA20"},"05A":{"r":"VP-CFA","t":"E135"},"05B":{"r":"VP-CKN","t":"H25B"},"05D":{"r":"VP-CAB","t":"F900"},"05E":{"r":"VP-CSF","t":"GLF4"},"064":{"r":"VP-CAR","t":"C650"},"066":{"r":"VP-CNI","t":"MD87"},"067":{"r":"VP-CIF","t":"GLF5"},"068":{"r":"VP-CCJ","t":"A319"},"06B":{"r":"VP-CLV","t":"CL30"},"06E":{"r":"VP-CAP","t":"CL60"},"072":{"r":"VP-CMP","t":"H25B"},"079":{"r":"VP-CLR","t":"B737"},"07B":{"r":"VP-CMB","t":"CL60"},"07D":{"r":"VP-CFD","t":"CL60"},"07F":{"r":"VP-CVI","t":"GLF5"},"080":{"r":"VP-CLU","t":"H25A"},"081":{"r":"VP-CCR","t":"CL60"},"08D":{"r":"VP-BUS","t":"GLF4"},"091":{"r":"VP-BMS","t":"F900"},"092":{"r":"VP-BKZ","t":"GLF5"},"0A2":{"r":"VP-BOK","t":"GLEX"},"0A5":{"r":"VP-BLB","t":"F900"},"0A7":{"r":"VP-BLM","t":"F900"},"0AA":{"r":"VP-BUB","t":"B752"},"0AD":{"r":"VP-BUD","t":"B752"},"0BA":{"r":"VP-BUA","t":"B763"},"0BC":{"r":"VP-BUZ","t":"B763"},"0BD":{"r":"VP-BBR","t":"B752"},"0D8":{"r":"VP-BEE","t":"F900"},"0D9":{"r":"VP-BZL","t":"B738"},"0DB":{"r":"VP-BOA","t":"CL60"},"0DE":{"r":"VP-BYA","t":"B737"},"0DF":{"r":"VP-BNL","t":"GLF5"},"0E9":{"r":"VP-BAC","t":"GLF5"},"0EC":{"r":"VP-BCC","t":"CRJ2"},"0EE":{"r":"VP-BBW","t":"B737"},"0F0":{"r":"VP-BFF","t":"GLF2"},"0F5":{"r":"VP-BDI","t":"B763"},"0F6":{"r":"VP-BCX","t":"F900"},"0F9":{"r":"VP-BWA","t":"A319"},"0FA":{"r":"VP-BDK","t":"A320"},"0FB":{"r":"VP-BDM","t":"A319"},"0FF":{"r":"VP-BUE","t":"B763"},"104":{"r":"VP-BJD","t":"GLF4"},"106":{"r":"VP-BWB","t":"GL5T"},"107":{"r":"VP-BTJ","t":"A310"},"108":{"r":"VP-BPO","t":"PRM1"},"10B":{"r":"VP-BAM","t":"GL5T"},"10C":{"r":"VP-BEG","t":"F900"},"10D":{"r":"VP-BSI","t":"GLF5"},"110":{"r":"VP-BNK","t":"H25B"},"111":{"r":"VP-BCL","t":"CRJ7"},"112":{"r":"VP-BEA","t":"F900"},"113":{"r":"VP-BMP","t":"FA50"},"11A":{"r":"VP-BLS","t":"PC12"},"12A":{"r":"VP-BDL","t":"F2TH"},"13D":{"r":"VP-BAT","t":"B74S"},"13E":{"r":"VP-BBJ","t":"B737"},"140":{"r":"VP-BWD","t":"A320"},"141":{"r":"VP-BKS","t":"B763"},"143":{"r":"VP-BWR","t":"B737"},"144":{"r":"VP-BRM","t":"B737"},"145":{"r":"VP-BAV","t":"B763"},"146":{"r":"VP-BAX","t":"B763"},"147":{"r":"VP-BAY","t":"B763"},"148":{"r":"VP-BAZ","t":"B763"},"14B":{"r":"VP-BDJ","t":"B722"},"150":{"r":"VP-BDN","t":"A319"},"152":{"r":"VP-BWE","t":"A320"},"154":{"r":"VP-BWF","t":"A320"},"155":{"r":"VP-BWG","t":"A319"},"156":{"r":"VP-BYY","t":"GLEX"},"157":{"r":"VP-BBS","t":"B752"},"158":{"r":"VP-BDO","t":"A319"},"159":{"r":"VP-BWH","t":"A320"},"15B":{"r":"VP-BHN","t":"B738"},"15C":{"r":"VP-BKQ","t":"B430"},"15D":{"r":"VP-BWI","t":"A320"},"15E":{"r":"VP-BWJ","t":"A319"},"160":{"r":"VP-BWK","t":"A319"},"165":{"r":"VP-BDS","t":"C525"},"166":{"r":"VP-BWL","t":"A319"},"168":{"r":"VP-BCT","t":"AC95"},"16C":{"r":"VP-BEL","t":"B737"},"175":{"r":"VP-BEF","t":"F900"},"178":{"r":"VP-BWM","t":"A320"},"179":{"r":"VP-BWN","t":"A321"},"17A":{"r":"VP-BWO","t":"A321"},"17B":{"r":"VP-BWP","t":"A321"},"17C":{"r":"VP-BWQ","t":"B763"},"181":{"r":"VP-BFH","t":"F900"},"183":{"r":"VP-BUF","t":"B763"},"185":{"r":"VP-BCV","t":"F2TH"},"187":{"r":"VP-BUH","t":"B752"},"188":{"r":"VP-BUI","t":"B752"},"189":{"r":"VP-BUJ","t":"B752"},"18B":{"r":"VP-BRT","t":"B737"},"191":{"r":"VP-BNM","t":"S76"},"192":{"r":"VP-BNR","t":"GLF5"},"199":{"r":"VP-BNE","t":"GLF5"},"19A":{"r":"VP-BOW","t":"GLEX"},"19D":{"r":"VP-BZI","t":"CL60"},"1A5":{"r":"VP-BNO","t":"GLF5"},"1A6":{"r":"VP-BMH","t":"H25B"},"1A7":{"r":"VP-BJM","t":"CL60"},"1A8":{"r":"VP-BBF","t":"CL60"},"1A9":{"r":"VP-BWT","t":"B763"},"1AA":{"r":"VP-BWU","t":"B763"},"1AB":{"r":"VP-BWV","t":"B763"},"1AC":{"r":"VP-BWW","t":"B763"},"1AD":{"r":"VP-BWX","t":"B763"},"1AE":{"r":"VP-BSO","t":"F900"},"1B1":{"r":"VP-BOS","t":"GLEX"},"1B2":{"r":"VP-BSP","t":"F900"},"1B3":{"r":"VP-BMZ","t":"AC90"},"1B6":{"r":"VP-BCY","t":"LJ60"},"1BA":{"r":"VP-BQE","t":"B742"},"1BB":{"r":"VP-BQH","t":"B742"},"1BC":{"r":"VP-BCW","t":"H25B"},"1BD":{"r":"VP-BIF","t":"B721"},"1BE":{"r":"VP-BEM","t":"GLEX"},"1C2":{"r":"VP-CIC","t":"CL60"},"1C8":{"r":"VP-CGO","t":"GLEX"},"1C9":{"r":"VP-CFR","t":"F900"},"1D1":{"r":"VP-CBX","t":"GLF5"},"1DA":{"r":"VP-CZY","t":"B722"},"1DB":{"r":"VP-CLB","t":"F900"},"1DD":{"r":"VP-CRB","t":"LJ60"},"1EA":{"r":"VP-CEC","t":"B737"},"1EF":{"r":"VP-CJN","t":"B721"},"1F0":{"r":"VP-CGB","t":"F900"},"1F3":{"r":"VP-CED","t":"C550"},"1F8":{"r":"VP-CGA","t":"F2TH"},"1F9":{"r":"VP-CGC","t":"F2TH"},"1FC":{"r":"VP-CVX","t":"A319"},"400":{"r":"G-BNLA","t":"B744"},"403":{"r":"G-BNLD","t":"B744"},"404":{"r":"G-BNLE","t":"B744"},"405":{"r":"G-BNLF","t":"B744"},"406":{"r":"G-BNLG","t":"B744"},"407":{"r":"G-BNLH","t":"B744"},"408":{"r":"G-BNLI","t":"B744"},"409":{"r":"G-BNLJ","t":"B744"},"40A":{"r":"G-BNLK","t":"B744"},"40B":{"r":"G-BNLL","t":"B744"},"40C":{"r":"G-BNLM","t":"B744"},"40D":{"r":"G-BNLN","t":"B744"},"40E":{"r":"G-BNLO","t":"B744"},"40F":{"r":"G-BNLP","t":"B744"},"410":{"r":"G-BNLR","t":"B744"},"416":{"r":"G-BUSG","t":"A320"},"417":{"r":"G-BUSH","t":"A320"},"418":{"r":"G-BUSI","t":"A320"},"419":{"r":"G-BUSJ","t":"A320"},"41A":{"r":"G-BUSK","t":"A320"},"41B":{"r":"G-BNWA","t":"B763"},"41C":{"r":"G-BNWB","t":"B763"},"41D":{"r":"G-BNWC","t":"B763"},"41E":{"r":"G-BNWD","t":"B763"},"422":{"r":"G-BNWH","t":"B763"},"423":{"r":"G-BNWI","t":"B763"},"426":{"r":"G-BNLS","t":"B744"},"427":{"r":"G-BNLT","t":"B744"},"428":{"r":"G-LSAD","t":"B752"},"429":{"r":"G-CPEL","t":"B752"},"42C":{"r":"G-MONR","t":"A30B"},"42D":{"r":"G-MONS","t":"A30B"},"432":{"r":"G-LSAA","t":"B752"},"437":{"r":"G-LSAJ","t":"B752"},"439":{"r":"G-BPEC","t":"B752"},"462":{"r":"G-MKLA","t":"B742"},"471":{"r":"G-DAJB","t":"B752"},"473":{"r":"G-MONJ","t":"B752"},"474":{"r":"G-MONK","t":"B752"},"47D":{"r":"G-OJIB","t":"B752"},"48E":{"r":"G-BPED","t":"B752"},"48F":{"r":"G-BPEE","t":"B752"},"490":{"r":"G-BNWM","t":"B763"},"492":{"r":"G-CELC","t":"B733"},"493":{"r":"G-CELD","t":"B733"},"4BB":{"r":"G-MAJS","t":"A30B"},"4BC":{"r":"G-OJMR","t":"A30B"},"4C3":{"r":"G-BNLU","t":"B744"},"4C4":{"r":"G-BNLV","t":"B744"},"4C5":{"r":"G-BNLW","t":"B744"},"4C6":{"r":"G-BNLX","t":"B744"},"4C7":{"r":"G-BNLY","t":"B744"},"4C8":{"r":"G-BNLZ","t":"B744"},"4C9":{"r":"G-DOCA","t":"B734"},"4CA":{"r":"G-DOCB","t":"B734"},"4CD":{"r":"G-DOCE","t":"B734"},"4CE":{"r":"G-DOCF","t":"B734"},"4CF":{"r":"G-DOCG","t":"B734"},"4DE":{"r":"G-BNWN","t":"B763"},"4DF":{"r":"G-BNWO","t":"B763"},"4E1":{"r":"G-BNWR","t":"B763"},"4E2":{"r":"G-BNWS","t":"B763"},"4E6":{"r":"G-DOCH","t":"B734"},"4EA":{"r":"G-DOCL","t":"B734"},"4EC":{"r":"G-DOCN","t":"B734"},"4ED":{"r":"G-DOCO","t":"B734"},"501":{"r":"G-BYAD","t":"B752"},"50A":{"r":"G-OBMP","t":"B733"},"510":{"r":"G-BYAH","t":"B752"},"511":{"r":"G-BYAI","t":"B752"},"512":{"r":"G-DOCS","t":"B734"},"513":{"r":"G-DOCT","t":"B734"},"514":{"r":"G-DOCU","t":"B734"},"515":{"r":"G-DOCV","t":"B734"},"516":{"r":"G-DOCW","t":"B734"},"517":{"r":"G-DOCX","t":"B734"},"518":{"r":"G-CSVS","t":"B752"},"519":{"r":"G-OOAN","t":"B763"},"51C":{"r":"G-OOOZ","t":"B752"},"523":{"r":"G-BNWT","t":"B763"},"524":{"r":"G-BNWU","t":"B763"},"525":{"r":"G-BNWV","t":"B763"},"532":{"r":"G-VIPI","t":"H25B"},"533":{"r":"G-OOOX","t":"B752"},"537":{"r":"G-BYAL","t":"B752"},"541":{"r":"G-MONX","t":"A320"},"54D":{"r":"G-CIVA","t":"B744"},"54E":{"r":"G-BNWW","t":"B763"},"54F":{"r":"G-BNWX","t":"B763"},"550":{"r":"G-CIVC","t":"B744"},"551":{"r":"G-CIVB","t":"B744"},"555":{"r":"G-BPEI","t":"B752"},"556":{"r":"G-BPEJ","t":"B752"},"557":{"r":"G-BPEK","t":"B752"},"55F":{"r":"G-DOCY","t":"B734"},"560":{"r":"G-DOCZ","t":"B734"},"561":{"r":"G-GBTA","t":"B734"},"562":{"r":"G-GBTB","t":"B734"},"568":{"r":"G-VFAB","t":"B744"},"56B":{"r":"G-FINK","t":"H25C"},"56E":{"r":"G-OOBR","t":"B752"},"56F":{"r":"G-BYAO","t":"B752"},"570":{"r":"G-BYAP","t":"B752"},"573":{"r":"G-BYAT","t":"B752"},"574":{"r":"G-BYAU","t":"B752"},"575":{"r":"G-VHOT","t":"B744"},"57D":{"r":"G-CIVD","t":"B744"},"57E":{"r":"G-CIVE","t":"B744"},"57F":{"r":"G-TCCA","t":"B763"},"580":{"r":"G-DAJC","t":"B763"},"584":{"r":"G-BIKC","t":"B752"},"586":{"r":"G-BIKG","t":"B752"},"587":{"r":"G-BIKJ","t":"B752"},"58A":{"r":"G-ZZZA","t":"B772"},"58B":{"r":"G-ZZZB","t":"B772"},"58C":{"r":"G-ZZZC","t":"B772"},"590":{"r":"G-MPCD","t":"A320"},"591":{"r":"G-OZBB","t":"A320"},"598":{"r":"G-BVKD","t":"B735"},"599":{"r":"G-BVKB","t":"B735"},"59C":{"r":"G-FTDF","t":"A320"},"5A4":{"r":"G-BYAW","t":"B752"},"5A5":{"r":"G-CIVF","t":"B744"},"5A6":{"r":"G-CIVG","t":"B744"},"5A9":{"r":"G-BVRJ","t":"RJ70"},"5AC":{"r":"G-BVZE","t":"B735"},"5B9":{"r":"G-VIIA","t":"B772"},"5BA":{"r":"G-VIIB","t":"B772"},"5BB":{"r":"G-VIIC","t":"B772"},"5BC":{"r":"G-VIID","t":"B772"},"5BD":{"r":"G-VIIE","t":"B772"},"5BE":{"r":"G-VIIF","t":"B772"},"5BF":{"r":"G-VIIG","t":"B772"},"5C0":{"r":"G-VIIH","t":"B772"},"5C1":{"r":"G-RAES","t":"B772"},"5C2":{"r":"G-BNWY","t":"B763"},"5C8":{"r":"G-CRPH","t":"A320"},"5D2":{"r":"G-VBIG","t":"B744"},"5D4":{"r":"G-DHLL","t":"B763"},"5D6":{"r":"G-OBYD","t":"B763"},"5E2":{"r":"G-CIVI","t":"B744"},"5E3":{"r":"G-CIVH","t":"B744"},"5ED":{"r":"G-VSUN","t":"A343"},"5F0":{"r":"G-BWIR","t":"D328"},"5F3":{"r":"G-GDEZ","t":"H25C"},"606":{"r":"G-ZAPO","t":"B462"},"60A":{"r":"G-WOWC","t":"DH8C"},"610":{"r":"G-VIIJ","t":"B772"},"612":{"r":"G-CIVJ","t":"B744"},"613":{"r":"G-CIVK","t":"B744"},"614":{"r":"G-CIVL","t":"B744"},"615":{"r":"G-CIVM","t":"B744"},"617":{"r":"G-FCLA","t":"B752"},"618":{"r":"G-FCLB","t":"B752"},"619":{"r":"G-FCLC","t":"B752"},"61A":{"r":"G-FCLD","t":"B752"},"61B":{"r":"G-BNWZ","t":"B763"},"61D":{"r":"G-TOYF","t":"B733"},"620":{"r":"G-BTPA","t":"ATP"},"644":{"r":"G-BTPC","t":"ATP"},"646":{"r":"G-BTPE","t":"ATP"},"647":{"r":"G-BTPF","t":"ATP"},"648":{"r":"G-BTPG","t":"ATP"},"649":{"r":"G-BTPH","t":"ATP"},"652":{"r":"G-BIKB","t":"B752"},"653":{"r":"G-BIKF","t":"B752"},"655":{"r":"G-BIKI","t":"B752"},"656":{"r":"G-BIKK","t":"B752"},"658":{"r":"G-BIKM","t":"B752"},"659":{"r":"G-BIKN","t":"B752"},"65A":{"r":"G-BIKO","t":"B752"},"65B":{"r":"G-BIKP","t":"B752"},"65D":{"r":"G-BIKS","t":"B752"},"65F":{"r":"G-BIKU","t":"B752"},"660":{"r":"G-BIKV","t":"B752"},"662":{"r":"G-BIKZ","t":"B752"},"663":{"r":"G-BMRA","t":"B752"},"664":{"r":"G-BMRB","t":"B752"},"665":{"r":"G-BMRC","t":"B752"},"666":{"r":"G-BMRD","t":"B752"},"667":{"r":"G-BMRE","t":"B752"},"668":{"r":"G-BMRF","t":"B752"},"66A":{"r":"G-BMRH","t":"B752"},"66B":{"r":"G-BMRI","t":"B752"},"66C":{"r":"G-BMRJ","t":"B752"},"671":{"r":"G-CPEM","t":"B752"},"672":{"r":"G-CPEN","t":"B752"},"673":{"r":"G-CPEO","t":"B752"},"674":{"r":"G-VHOL","t":"A343"},"675":{"r":"G-VSEA","t":"A343"},"676":{"r":"G-VAIR","t":"A343"},"677":{"r":"G-VTOP","t":"B744"},"678":{"r":"G-VAST","t":"B744"},"67C":{"r":"G-OMYJ","t":"A321"},"67F":{"r":"G-TCCB","t":"B763"},"680":{"r":"G-WJAN","t":"B752"},"681":{"r":"G-BYOM","t":"S76"},"682":{"r":"G-BWWT","t":"D328"},"683":{"r":"G-VIIK","t":"B772"},"684":{"r":"G-VIIL","t":"B772"},"685":{"r":"G-VIIM","t":"B772"},"68A":{"r":"G-VCED","t":"A320"},"68D":{"r":"G-BXAS","t":"RJ1H"},"68F":{"r":"G-CIVN","t":"B744"},"690":{"r":"G-CIVO","t":"B744"},"691":{"r":"G-CIVP","t":"B744"},"699":{"r":"G-CPEP","t":"B752"},"69C":{"r":"G-ODSK","t":"B733"},"6A4":{"r":"G-OBYE","t":"B763"},"6A6":{"r":"G-BZAT","t":"RJ1H"},"6A8":{"r":"G-CIVR","t":"B744"},"6A9":{"r":"G-CIVS","t":"B744"},"6AA":{"r":"G-CIVT","t":"B744"},"6AB":{"r":"G-CIVU","t":"B744"},"6AC":{"r":"G-CIVV","t":"B744"},"6AD":{"r":"G-CIVW","t":"B744"},"6AE":{"r":"G-CIVX","t":"B744"},"6AF":{"r":"G-CIVY","t":"B744"},"6B0":{"r":"G-CIVZ","t":"B744"},"6B1":{"r":"G-BYGA","t":"B744"},"6B2":{"r":"G-BYGB","t":"B744"},"6B3":{"r":"G-BYGC","t":"B744"},"6B4":{"r":"G-OBYF","t":"B763"},"6B5":{"r":"G-TCBA","t":"B752"},"6B6":{"r":"G-BLRA","t":"B461"},"6B9":{"r":"G-OMYA","t":"A320"},"6BD":{"r":"G-CPER","t":"B752"},"6BE":{"r":"G-CPES","t":"B752"},"6BF":{"r":"G-CPET","t":"B752"},"6C0":{"r":"G-VIIN","t":"B772"},"6C1":{"r":"G-VIIO","t":"B772"},"6C2":{"r":"G-VIIP","t":"B772"},"6C3":{"r":"G-VIIR","t":"B772"},"6C4":{"r":"G-VIIS","t":"B772"},"6C5":{"r":"G-OOPH","t":"A321"},"6C6":{"r":"G-BZHA","t":"B763"},"6C7":{"r":"G-BZHB","t":"B763"},"6C8":{"r":"G-BZHC","t":"B763"},"6C9":{"r":"G-BXPM","t":"BE58"},"6D0":{"r":"G-VELD","t":"A343"},"6D6":{"r":"G-OGBD","t":"B733"},"6DB":{"r":"G-OOPE","t":"A321"},"6E3":{"r":"G-VFAR","t":"A343"},"6E5":{"r":"G-VXLG","t":"B744"},"6E6":{"r":"G-BZAU","t":"RJ1H"},"6E7":{"r":"G-BZAV","t":"RJ1H"},"6EB":{"r":"G-GDFK","t":"B733"},"6EE":{"r":"G-GDFT","t":"B733"},"6F5":{"r":"G-JMCT","t":"B733"},"711":{"r":"G-FCLE","t":"B752"},"717":{"r":"G-MIDC","t":"A321"},"718":{"r":"G-OZBL","t":"A321"},"720":{"r":"G-LGND","t":"SF34"},"721":{"r":"G-LGNE","t":"SF34"},"722":{"r":"G-LGNF","t":"SF34"},"728":{"r":"G-MAFA","t":"F406"},"729":{"r":"G-MAFB","t":"F406"},"72B":{"r":"G-GDFN","t":"B733"},"72E":{"r":"G-THOO","t":"B733"},"73C":{"r":"G-BYGD","t":"B744"},"73D":{"r":"G-BYGE","t":"B744"},"73E":{"r":"G-BYGF","t":"B744"},"73F":{"r":"G-BYGG","t":"B744"},"749":{"r":"G-MANH","t":"ATP"},"74C":{"r":"G-MANM","t":"ATP"},"74D":{"r":"G-MANO","t":"ATP"},"754":{"r":"G-BYAX","t":"B752"},"755":{"r":"G-BYAY","t":"B752"},"756":{"r":"G-OBYG","t":"B763"},"757":{"r":"G-OBYH","t":"B763"},"758":{"r":"G-XXEA","t":"S76"},"759":{"r":"G-OBYK","t":"B763"},"75A":{"r":"G-MLJL","t":"A332"},"75B":{"r":"G-MDBD","t":"A332"},"75E":{"r":"G-TOYG","t":"B733"},"75F":{"r":"G-THOL","t":"B733"},"760":{"r":"G-THON","t":"B733"},"76A":{"r":"G-MARA","t":"A321"},"76B":{"r":"G-OJEG","t":"A321"},"76C":{"r":"G-SMAN","t":"A332"},"76D":{"r":"G-EOMA","t":"A332"},"771":{"r":"G-VIIT","t":"B772"},"772":{"r":"G-VIIU","t":"B772"},"773":{"r":"G-VIIV","t":"B772"},"774":{"r":"G-VIIW","t":"B772"},"775":{"r":"G-VIIX","t":"B772"},"776":{"r":"G-VIIY","t":"B772"},"778":{"r":"G-SWRD","t":"B733"},"781":{"r":"G-GNTB","t":"SF34"},"785":{"r":"G-GNTF","t":"SF34"},"788":{"r":"G-CPEU","t":"B752"},"789":{"r":"G-CPEV","t":"B752"},"78A":{"r":"G-OOBG","t":"B752"},"78B":{"r":"G-BYDY","t":"BE58"},"795":{"r":"G-SAJG","t":"E145"},"796":{"r":"G-SAJH","t":"E145"},"79D":{"r":"G-WOWE","t":"DH8C"},"79F":{"r":"G-WOWA","t":"DH8C"},"7A0":{"r":"G-WOWB","t":"DH8C"},"7B2":{"r":"G-BZAX","t":"RJ1H"},"7B3":{"r":"G-SPUR","t":"C550"},"7B5":{"r":"G-FCLF","t":"B752"},"7BB":{"r":"G-TBAE","t":"B462"},"7D4":{"r":"G-BYHG","t":"D328"},"7DA":{"r":"G-SAJL","t":"E145"},"7DB":{"r":"G-SAJJ","t":"E145"},"7DC":{"r":"G-SAJK","t":"E145"},"7DD":{"r":"G-LGNA","t":"SF34"},"7DE":{"r":"G-LGNB","t":"SF34"},"7DF":{"r":"G-FCLJ","t":"B752"},"7E0":{"r":"G-FCLK","t":"B752"},"7E1":{"r":"G-FCLH","t":"B752"},"7E2":{"r":"G-FCLI","t":"B752"},"7E4":{"r":"G-MIDY","t":"A320"},"7E5":{"r":"G-OZBM","t":"A321"},"7E8":{"r":"G-TCDZ","t":"A321"},"7EA":{"r":"G-OBYI","t":"B763"},"7EB":{"r":"G-OBYJ","t":"B763"},"7EC":{"r":"G-YMMA","t":"B772"},"7ED":{"r":"G-YMMB","t":"B772"},"7EE":{"r":"G-YMMC","t":"B772"},"7EF":{"r":"G-YMMD","t":"B772"},"7F0":{"r":"G-YMME","t":"B772"},"7F1":{"r":"G-YMMF","t":"B772"},"7F2":{"r":"G-YMMG","t":"B772"},"7F3":{"r":"G-YMMH","t":"B772"},"7F4":{"r":"G-YMMI","t":"B772"},"7F5":{"r":"G-YMMJ","t":"B772"},"7F6":{"r":"G-YMMK","t":"B772"},"7F7":{"r":"G-YMML","t":"B772"},"7F9":{"r":"G-YMMN","t":"B772"},"7FA":{"r":"G-YMMO","t":"B772"},"7FB":{"r":"G-YMMP","t":"B772"},"7FD":{"r":"G-BYMK","t":"D328"},"7FF":{"r":"G-JCBJ","t":"S76"},"801":{"r":"G-EUPA","t":"A319"},"802":{"r":"G-EUPB","t":"A319"},"803":{"r":"G-EUPC","t":"A319"},"804":{"r":"G-EUPD","t":"A319"},"806":{"r":"G-CDZM","t":"B738"},"807":{"r":"G-CDZL","t":"B738"},"80F":{"r":"G-SAJI","t":"E145"},"811":{"r":"G-SPOR","t":"BE20"},"81A":{"r":"G-LUXE","t":"B463"},"81B":{"r":"G-OMYT","t":"A332"},"81D":{"r":"G-CBHT","t":"F900"},"82E":{"r":"G-OFOA","t":"B461"},"82F":{"r":"G-DPJR","t":"S76"},"830":{"r":"G-OZBN","t":"A321"},"831":{"r":"G-MIDL","t":"A321"},"832":{"r":"G-OZBO","t":"A321"},"834":{"r":"G-MIDX","t":"A320"},"836":{"r":"G-MSKS","t":"CRJ2"},"83B":{"r":"G-EUPE","t":"A319"},"83C":{"r":"G-EUPF","t":"A319"},"83F":{"r":"G-SMLA","t":"B462"},"840":{"r":"G-COBH","t":"BE20"},"841":{"r":"G-FPLB","t":"BE20"},"846":{"r":"G-SAJN","t":"E145"},"847":{"r":"G-BYTH","t":"A320"},"84A":{"r":"G-LOFB","t":"L188"},"84B":{"r":"G-LOFC","t":"L188"},"84C":{"r":"G-LOFD","t":"L188"},"84D":{"r":"G-LOFE","t":"L188"},"84E":{"r":"G-FIJR","t":"L188"},"850":{"r":"G-FIZU","t":"L188"},"853":{"r":"G-LGNC","t":"SF34"},"867":{"r":"G-DHJH","t":"A321"},"868":{"r":"G-NIKO","t":"A321"},"871":{"r":"G-BZAY","t":"RJ1H"},"872":{"r":"G-BZAZ","t":"RJ1H"},"873":{"r":"G-CFAA","t":"RJ1H"},"875":{"r":"G-JMCD","t":"B752"},"876":{"r":"G-JMCE","t":"B752"},"877":{"r":"G-EUPG","t":"A319"},"878":{"r":"G-EUPH","t":"A319"},"879":{"r":"G-EUPJ","t":"A319"},"87A":{"r":"G-EUPK","t":"A319"},"87B":{"r":"G-EUPL","t":"A319"},"87C":{"r":"G-EUPM","t":"A319"},"880":{"r":"G-SAJF","t":"E145"},"881":{"r":"G-MEDE","t":"A320"},"889":{"r":"G-BWDB"},"890":{"r":"G-GFFH","t":"B735"},"891":{"r":"G-GFFI","t":"B735"},"892":{"r":"G-PJPJ","t":"B735"},"895":{"r":"G-BTTO","t":"ATP"},"896":{"r":"G-SAJC","t":"E145"},"89A":{"r":"G-EZJA","t":"B737"},"89B":{"r":"G-EZJB","t":"B737"},"89C":{"r":"G-EZJC","t":"B737"},"8A4":{"r":"G-JMCF","t":"B752"},"8A5":{"r":"G-JMCG","t":"B752"},"8AA":{"r":"G-TOYD","t":"B733"},"8AD":{"r":"G-EUPN","t":"A319"},"8AE":{"r":"G-EUPO","t":"A319"},"8B0":{"r":"G-EUPV","t":"A319"},"8B1":{"r":"G-EUPP","t":"A319"},"8B2":{"r":"G-EUPR","t":"A319"},"8B3":{"r":"G-EUPS","t":"A319"},"8B4":{"r":"G-EUPT","t":"A319"},"8B5":{"r":"G-EUPU","t":"A319"},"8B8":{"r":"G-OOAR","t":"A320"},"8B9":{"r":"G-EMBP","t":"E145"},"8BA":{"r":"G-OFOM","t":"B461"},"8C3":{"r":"G-JANV","t":"LJ45"},"8C8":{"r":"G-FIRM","t":"C550"},"8CB":{"r":"G-OZBS","t":"A321"},"8CC":{"r":"G-OZBP","t":"A321"},"8CF":{"r":"G-SOVB","t":"LJ45"},"8D0":{"r":"G-PFCT","t":"LJ45"},"8D1":{"r":"G-BZRS","t":"EC35"},"8D2":{"r":"G-WMAS","t":"EC35"},"8D3":{"r":"G-KRNW","t":"EC35"},"8DE":{"r":"G-SAJS","t":"E145"},"8DF":{"r":"G-BZNE","t":"BE30"},"8E0":{"r":"G-JMAA","t":"B753"},"8E1":{"r":"G-JMAB","t":"B753"},"8E2":{"r":"G-ZAPN","t":"B462"},"8E3":{"r":"G-ZAPK","t":"B462"},"8E5":{"r":"G-MIDT","t":"A320"},"8E6":{"r":"G-MIDS","t":"A320"},"8EF":{"r":"G-LGTE","t":"B733"},"8F1":{"r":"G-EUPW","t":"A319"},"8F2":{"r":"G-EUPY","t":"A319"},"8F3":{"r":"G-BUUP","t":"ATP"},"8F5":{"r":"G-SJCH","t":"BN2T"},"8F6":{"r":"G-VROS","t":"B744"},"8F7":{"r":"G-VGAL","t":"B744"},"8F8":{"r":"G-VLIP","t":"B744"},"8F9":{"r":"G-VROM","t":"B744"},"8FA":{"r":"G-VROY","t":"B744"},"8FB":{"r":"G-BZOG","t":"D328"},"8FC":{"r":"G-ZIZI","t":"C525"},"8FF":{"r":"G-WWBB","t":"A332"},"900":{"r":"G-WWBD","t":"A332"},"901":{"r":"G-CHTZ","t":"A332"},"905":{"r":"G-OSOE","t":"A748"},"90D":{"r":"G-OOBA","t":"B752"},"90E":{"r":"G-OOBB","t":"B752"},"915":{"r":"G-OJMB","t":"A332"},"916":{"r":"G-OJMC","t":"A332"},"91C":{"r":"G-KDMA","t":"C560"},"921":{"r":"G-VWOW","t":"B744"},"923":{"r":"G-VSHY","t":"A346"},"924":{"r":"G-VMEG","t":"A346"},"925":{"r":"G-VOGE","t":"A346"},"926":{"r":"G-VFOX","t":"A346"},"927":{"r":"G-VEIL","t":"A346"},"928":{"r":"G-IPAX","t":"C560"},"92B":{"r":"G-SAJE","t":"E145"},"92E":{"r":"G-JEDI","t":"DH8D"},"92F":{"r":"G-JEDJ","t":"DH8D"},"930":{"r":"G-JEDK","t":"DH8D"},"931":{"r":"G-JEDL","t":"DH8D"},"932":{"r":"G-GSSA","t":"B744"},"934":{"r":"G-EUPX","t":"A319"},"935":{"r":"G-EUPZ","t":"A319"},"936":{"r":"G-EUOA","t":"A319"},"937":{"r":"G-EUOB","t":"A319"},"938":{"r":"G-EUOC","t":"A319"},"939":{"r":"G-FCDB","t":"C550"},"93B":{"r":"G-CJAD","t":"C525"},"93D":{"r":"G-EUOD","t":"A319"},"93E":{"r":"G-EUOE","t":"A319"},"93F":{"r":"G-EUOG","t":"A319"},"940":{"r":"G-EUOH","t":"A319"},"941":{"r":"G-EUOI","t":"A319"},"942":{"r":"G-EUOF","t":"A319"},"944":{"r":"G-SAJD","t":"E145"},"947":{"r":"G-SAJB","t":"E135"},"953":{"r":"G-OOPP","t":"A320"},"954":{"r":"G-OOPT","t":"A320"},"955":{"r":"G-OOPU","t":"A320"},"956":{"r":"G-REYS","t":"CL60"},"95D":{"r":"G-TTOB","t":"A320"},"960":{"r":"G-TTOE","t":"A320"},"964":{"r":"G-SIRS","t":"C56X"},"965":{"r":"G-MEDG","t":"A321"},"966":{"r":"G-MEDF","t":"A321"},"969":{"r":"G-SAJU","t":"E135"},"972":{"r":"G-MIDR","t":"A320"},"973":{"r":"G-MIDP","t":"A320"},"976":{"r":"G-GMAA","t":"LJ45"},"978":{"r":"G-FPLD","t":"BE20"},"97C":{"r":"G-EUUA","t":"A320"},"97D":{"r":"G-EUUB","t":"A320"},"97E":{"r":"G-EUUC","t":"A320"},"97F":{"r":"G-EUUD","t":"A320"},"980":{"r":"G-EUUE","t":"A320"},"981":{"r":"G-EUUF","t":"A320"},"982":{"r":"G-EUUG","t":"A320"},"983":{"r":"G-MAJA","t":"JS41"},"984":{"r":"G-MAJB","t":"JS41"},"985":{"r":"G-MAJC","t":"JS41"},"986":{"r":"G-MAJD","t":"JS41"},"987":{"r":"G-MAJE","t":"JS41"},"988":{"r":"G-MAJF","t":"JS41"},"989":{"r":"G-MAJG","t":"JS41"},"98A":{"r":"G-MAJH","t":"JS41"},"98B":{"r":"G-MAJI","t":"JS41"},"98C":{"r":"G-MAJJ","t":"JS41"},"98D":{"r":"G-MAJK","t":"JS41"},"98E":{"r":"G-MAJL","t":"JS41"},"98F":{"r":"G-MAJM","t":"JS41"},"992":{"r":"G-OZBE","t":"A321"},"993":{"r":"G-OZBF","t":"A321"},"994":{"r":"G-BSWR","t":"BN2T"},"995":{"r":"G-GMAB","t":"H25C"},"997":{"r":"G-ZAPW","t":"B733"},"998":{"r":"G-NETA","t":"C56X"},"99F":{"r":"G-DWJM","t":"C550"},"9A0":{"r":"G-TOYH","t":"B733"},"9A1":{"r":"G-GHPG","t":"C550"},"9AC":{"r":"G-EZJS","t":"B737"},"9AE":{"r":"G-LCYA","t":"F900"},"9B1":{"r":"G-EVLN","t":"GLF4"},"9B2":{"r":"G-VGOA","t":"A346"},"9B3":{"r":"G-VATL","t":"A346"},"9B4":{"r":"G-GMPB","t":"BN2T"},"9B9":{"r":"G-CELU","t":"B733"},"9BA":{"r":"G-CELS","t":"B733"},"9BB":{"r":"G-CELW","t":"B733"},"9BC":{"r":"G-CELV","t":"B733"},"9BE":{"r":"G-XLGB","t":"C560"},"9C0":{"r":"G-TTIC","t":"A321"},"9C1":{"r":"G-TTOF","t":"A320"},"9C2":{"r":"G-GSSB","t":"B744"},"9C3":{"r":"G-LGNG","t":"SF34"},"9C4":{"r":"G-CBRG","t":"C560"},"9C5":{"r":"G-EUUH","t":"A320"},"9C6":{"r":"G-EUUI","t":"A320"},"9C7":{"r":"G-EUUJ","t":"A320"},"9C8":{"r":"G-FFRA","t":"FA20"},"9C9":{"r":"G-FRAF","t":"FA20"},"9CA":{"r":"G-FRAH","t":"FA20"},"9CB":{"r":"G-FRAI","t":"FA20"},"9CC":{"r":"G-FRAJ","t":"FA20"},"9CD":{"r":"G-FRAK","t":"FA20"},"9CE":{"r":"G-FRAL","t":"FA20"},"9D0":{"r":"G-FRAO","t":"FA20"},"9D1":{"r":"G-FRAP","t":"FA20"},"9D2":{"r":"G-FRAR","t":"FA20"},"9D3":{"r":"G-FRAS","t":"FA20"},"9D4":{"r":"G-FRAT","t":"FA20"},"9D5":{"r":"G-FRAU","t":"FA20"},"9D6":{"r":"G-FRAW","t":"FA20"},"9D8":{"r":"G-EUUK","t":"A320"},"9D9":{"r":"G-EUUL","t":"A320"},"9DA":{"r":"G-EUUM","t":"A320"},"9DB":{"r":"G-EUUN","t":"A320"},"9DD":{"r":"G-OOBC","t":"B752"},"9DE":{"r":"G-OOBD","t":"B752"},"9DF":{"r":"G-OOBE","t":"B752"},"9E3":{"r":"G-TTOG","t":"A320"},"9E4":{"r":"G-TTOH","t":"A320"},"9EB":{"r":"G-REDS","t":"C560"},"9ED":{"r":"G-TOYA","t":"B733"},"9EE":{"r":"G-TOYB","t":"B733"},"9EF":{"r":"G-TOYC","t":"B733"},"9F0":{"r":"G-THOE","t":"B733"},"9F1":{"r":"G-THOF","t":"B733"},"9F4":{"r":"G-TCDX","t":"A321"},"9F5":{"r":"G-DHRG","t":"A320"},"9F9":{"r":"G-MIDO","t":"A320"},"9FB":{"r":"G-EZJT","t":"B737"},"9FD":{"r":"G-SPHU","t":"EC35"},"9FF":{"r":"G-MEDH","t":"A320"},"A00":{"r":"G-EZJU","t":"B737"},"A02":{"r":"G-OZBG","t":"A321"},"A04":{"r":"G-CELX","t":"B733"},"A05":{"r":"G-EZJW","t":"B737"},"A06":{"r":"G-EZJV","t":"B737"},"A07":{"r":"G-EZJX","t":"B737"},"A08":{"r":"G-TCDV","t":"A321"},"A09":{"r":"G-DHJZ","t":"A320"},"A0A":{"r":"G-SUEW","t":"A320"},"A0B":{"r":"G-KKAZ","t":"A320"},"A0D":{"r":"G-VROC","t":"B744"},"A0E":{"r":"G-EUUO","t":"A320"},"A0F":{"r":"G-ZAPU","t":"B752"},"A12":{"r":"G-CELY","t":"B733"},"A13":{"r":"G-EZJY","t":"B737"},"A14":{"r":"G-EZJZ","t":"B737"},"A15":{"r":"G-EZKA","t":"B737"},"A17":{"r":"G-BFIV","t":"C177"},"A18":{"r":"G-SSXX","t":"EC35"},"A19":{"r":"G-ORJA","t":"BE20"},"A1C":{"r":"G-ONAV","t":"PA31"},"A1F":{"r":"G-TALF","t":"PA24"},"A25":{"r":"G-EUUP","t":"A320"},"A26":{"r":"G-EUUR","t":"A320"},"A27":{"r":"G-CDCX","t":"C750"},"A28":{"r":"G-BWWW","t":"JS31"},"A29":{"r":"G-CHAI","t":"CL60"},"A2A":{"r":"G-JEDM","t":"DH8D"},"A2B":{"r":"G-JEDN","t":"DH8D"},"A2D":{"r":"G-TTOI","t":"A320"},"A2E":{"r":"G-TTOJ","t":"A320"},"A30":{"r":"G-POWW","t":"A321"},"A31":{"r":"G-YAKN","t":"YK52"},"A32":{"r":"G-CELZ","t":"B733"},"A33":{"r":"G-CELA","t":"B733"},"A34":{"r":"G-CELB","t":"B733"},"A35":{"r":"G-CELE","t":"B733"},"A3A":{"r":"G-CTWW","t":"PA34"},"A3B":{"r":"G-FILE","t":"PA34"},"A3C":{"r":"G-EMAX","t":"PA31"},"A3E":{"r":"G-VIPX","t":"PA31"},"A40":{"r":"G-SGEC","t":"BE20"},"A42":{"r":"G-GSSC","t":"B744"},"A43":{"r":"G-JEDO","t":"DH8D"},"A45":{"r":"G-HRYZ","t":"P28A"},"A47":{"r":"G-VICM","t":"BE33"},"A48":{"r":"G-CCGS","t":"D328"},"A50":{"r":"G-EZKB","t":"B737"},"A51":{"r":"G-EZKC","t":"B737"},"A52":{"r":"G-EZKD","t":"B737"},"A53":{"r":"G-EZKE","t":"B737"},"A54":{"r":"G-EZKF","t":"B737"},"A55":{"r":"G-EZKG","t":"B737"},"A57":{"r":"G-EZNC","t":"A319"},"A58":{"r":"G-WINA","t":"C560"},"A5A":{"r":"G-ZXZX","t":"LJ45"},"A5B":{"r":"G-DBCA","t":"A319"},"A5E":{"r":"G-CELP","t":"B733"},"A5F":{"r":"G-CELR","t":"B733"},"A60":{"r":"G-OOBF","t":"B752"},"A61":{"r":"G-ORTH"},"A62":{"r":"G-BHTA","t":"P28A"},"A63":{"r":"G-DAAT","t":"EC35"},"A66":{"r":"G-MEDJ","t":"A321"},"A67":{"r":"G-LIZZ","t":"PA23"},"A68":{"r":"G-EZEA","t":"A319"},"A69":{"r":"G-EZEB","t":"A319"},"A6A":{"r":"G-EZEC","t":"A319"},"A6B":{"r":"G-EZED","t":"A319"},"A6C":{"r":"G-BCBG","t":"PA23"},"A70":{"r":"G-TENG","t":"E300"},"A71":{"r":"G-GRGA","t":"H25B"},"A73":{"r":"G-VIPA","t":"C182"},"A76":{"r":"G-CIFE","t":"BE20"},"A77":{"r":"G-JEDP","t":"DH8D"},"A78":{"r":"G-JEDR","t":"DH8D"},"A79":{"r":"G-JEDT","t":"DH8D"},"A7C":{"r":"G-DBCC","t":"A319"},"A7D":{"r":"G-DBCB","t":"A319"},"A7E":{"r":"G-OZBH","t":"A321"},"A7F":{"r":"G-OZBI","t":"A321"},"A80":{"r":"G-IBFW","t":"P28R"},"A82":{"r":"G-ZAPR","t":"B462"},"A83":{"r":"G-JPSX","t":"F900"},"A85":{"r":"G-CIFW","t":"BE20"},"A86":{"r":"G-OLIV","t":"BE20"},"A87":{"r":"G-RAFO","t":"BE20"},"A88":{"r":"G-RAFP","t":"BE20"},"A89":{"r":"G-YPRS","t":"C550"},"A8A":{"r":"G-OOBH","t":"B752"},"A8B":{"r":"G-OBNA","t":"PA34"},"A8C":{"r":"G-BMLS","t":"P28R"},"A8D":{"r":"G-BAMV","t":"DR40"},"A8E":{"r":"G-OOPX","t":"A320"},"A8F":{"r":"G-VSSH","t":"A346"},"A90":{"r":"G-ECLM","t":"A346"},"A92":{"r":"G-OAAF","t":"ATP"},"A98":{"r":"G-GAJB","t":"AA5"},"A99":{"r":"G-NEWG","t":"B737"},"A9A":{"r":"G-STRH","t":"B737"},"A9B":{"r":"G-CBFM","t":"TB21"},"A9C":{"r":"G-BTII","t":"AA5"},"A9D":{"r":"G-JANT","t":"P28A"},"A9F":{"r":"G-EZEG","t":"A319"},"AA2":{"r":"G-EZEJ","t":"A319"},"AA3":{"r":"G-EZEK","t":"A319"},"AA5":{"r":"G-PLAZ","t":"AC11"},"AA7":{"r":"G-EZEF","t":"A319"},"AB0":{"r":"G-GPMW","t":"P28T"},"AB1":{"r":"G-SAMM","t":"C340"},"AB2":{"r":"G-DIXY","t":"P28A"},"AB3":{"r":"G-JACS","t":"P28A"},"AB8":{"r":"G-RIGH","t":"P32R"},"ABB":{"r":"G-IDAB","t":"C550"},"ABC":{"r":"G-NESW","t":"PA34"},"ABD":{"r":"G-JEDU","t":"DH8D"},"ABE":{"r":"G-LVLV","t":"CL60"},"AC1":{"r":"G-TWIZ","t":"AC11"},"AC2":{"r":"G-BALN","t":"C310"},"AC5":{"r":"G-OAJS"},"AC9":{"r":"G-BFBU","t":"P68"},"ACA":{"r":"G-UILT","t":"C303"},"ACB":{"r":"G-AZID","t":"C150"},"ACC":{"r":"G-ZLOJ","t":"BE36"},"AD0":{"r":"G-CBTT","t":"P28A"},"AD1":{"r":"G-LGNH","t":"SF34"},"AD2":{"r":"G-JEDV","t":"DH8D"},"AD4":{"r":"G-RVIX","t":"RV9"},"AD6":{"r":"G-ATCX","t":"C182"},"AD7":{"r":"G-SENX","t":"PA34"},"AD8":{"r":"G-VONS","t":"P32R"},"ADA":{"r":"G-OMJC","t":"PRM1"},"ADD":{"r":"G-EZEN","t":"A319"},"ADE":{"r":"G-EZEO","t":"A319"},"ADF":{"r":"G-EZEP","t":"A319"},"AE1":{"r":"G-EZET","t":"A319"},"AE2":{"r":"G-EZEU","t":"A319"},"AE3":{"r":"G-EZEV","t":"A319"},"AE4":{"r":"G-EZEW","t":"A319"},"AE7":{"r":"G-EZEZ","t":"A319"},"AE9":{"r":"G-BNVE","t":"P28A"},"AEA":{"r":"G-PECK","t":"PA32"},"AEB":{"r":"G-DJJA","t":"P28A"},"AED":{"r":"G-OOBJ","t":"B752"},"AEE":{"r":"G-OOBI","t":"B752"},"AEF":{"r":"G-FAVS","t":"PA32"},"AF0":{"r":"G-IKOS","t":"C550"},"AF1":{"r":"G-JEMD","t":"ATP"},"AF4":{"r":"G-DNOP","t":"PA46"},"AF6":{"r":"G-DRFC"},"AF7":{"r":"G-EZAM","t":"A319"},"AF8":{"r":"G-EZDC","t":"A319"},"AF9":{"r":"G-EZMH","t":"A319"},"AFA":{"r":"G-EZSM","t":"A319"},"AFB":{"r":"G-EUXC","t":"A321"},"AFC":{"r":"G-EUXD","t":"A321"},"AFD":{"r":"G-EUXE","t":"A321"},"AFE":{"r":"G-EUXF","t":"A321"},"AFF":{"r":"G-EUXG","t":"A321"},"B00":{"r":"G-EUXH","t":"A321"},"B01":{"r":"G-HMEI","t":"F900"},"B02":{"r":"G-ROKT","t":"C172"},"B03":{"r":"G-CPSS","t":"C208"},"B04":{"r":"G-JEDW","t":"DH8D"},"B06":{"r":"G-GOTH","t":"P28A"},"B0A":{"r":"G-ASOH","t":"BE58"},"B0C":{"r":"G-CCYG","t":"R44"},"B0D":{"r":"G-BTZO","t":"TRIN"},"B0F":{"r":"G-CSIX","t":"PA32"},"B11":{"r":"G-BXWA","t":"BE76"},"B14":{"r":"G-FRYL","t":"PRM1"},"B15":{"r":"G-BHRO","t":"AC11"},"B17":{"r":"G-ISHA","t":"P28A"},"B18":{"r":"G-JECE","t":"DH8D"},"B1C":{"r":"G-BZTN","t":"EUPA"},"B1F":{"r":"G-CZNE","t":"BN2P"},"B21":{"r":"G-MAFE","t":"D228"},"B22":{"r":"G-OMAF","t":"D228"},"B23":{"r":"G-MAFI","t":"D228"},"B24":{"r":"G-WVIP","t":"BE20"},"B25":{"r":"G-BOHR","t":"P28A"},"B26":{"r":"G-CELF","t":"B733"},"B27":{"r":"G-CELG","t":"B733"},"B29":{"r":"G-CELH","t":"B733"},"B2D":{"r":"G-SHUG","t":"P28A"},"B2E":{"r":"G-CBBF","t":"BE76"},"B30":{"r":"G-HMEV","t":"F900"},"B33":{"r":"G-RJXR","t":"E145"},"B36":{"r":"G-STUY","t":"R44"},"B39":{"r":"G-DMRS","t":"R44"},"B3A":{"r":"G-RGNT","t":"R44"},"B40":{"r":"G-AMPY","t":"DC3"},"B44":{"r":"G-CELI","t":"B733"},"B45":{"r":"G-CELJ","t":"B733"},"B46":{"r":"G-CELK","t":"B733"},"B48":{"r":"G-REAL","t":"AS50"},"B49":{"r":"G-FLOW","t":"C172"},"B4A":{"r":"G-INDX","t":"R44"},"B4B":{"r":"G-DHLM","t":"B763"},"B4C":{"r":"G-JECF","t":"DH8D"},"B4D":{"r":"G-VUEA","t":"C550"},"B4F":{"r":"G-SALA","t":"PA32"},"B50":{"r":"G-BRUX","t":"PA44"},"B52":{"r":"G-BBIF","t":"PA27"},"B53":{"r":"G-CCTB","t":"RJ1H"},"B54":{"r":"G-GATT","t":"R44"},"B57":{"r":"G-TTID","t":"A321"},"B58":{"r":"G-BTGV","t":"PA34"},"B5A":{"r":"G-MUVG","t":"C421"},"B5B":{"r":"G-BEUD","t":"HR10"},"B5E":{"r":"G-OLCP","t":"AS55"},"B5F":{"r":"G-VIPP","t":"PA31"},"B60":{"r":"G-BCKT","t":"SUBA"},"B62":{"r":"G-DIZY","t":"P28A"},"B64":{"r":"G-JMAX","t":"H25B"},"B65":{"r":"G-BHZT","t":"BDOG"},"B68":{"r":"G-NATT","t":"AC11"},"B6A":{"r":"G-COVA","t":"P28A"},"B6D":{"r":"G-VGAS","t":"A346"},"B6E":{"r":"G-TRIN","t":"TRIN"},"B6F":{"r":"G-CPMS","t":"TRIN"},"B70":{"r":"G-OJAC","t":"M20P"},"B72":{"r":"G-BYZA","t":"AS50"},"B74":{"r":"G-FCED","t":"PA31"},"B75":{"r":"G-MLBC","t":"C550"},"B76":{"r":"G-AZOL","t":"PA34"},"B77":{"r":"G-OCFM","t":"PA34"},"B78":{"r":"G-LOLA","t":"BE36"},"B7D":{"r":"G-SEIL","t":"BN2P"},"B7E":{"r":"G-BAKJ","t":"PA30"},"B7F":{"r":"G-BBRA","t":"PA27"},"B80":{"r":"G-BTRK","t":"P28A"},"B81":{"r":"G-FTSL","t":"CL60"},"B82":{"r":"G-DBCD","t":"A319"},"B83":{"r":"G-DBCE","t":"A319"},"B84":{"r":"G-DBCF","t":"A319"},"B85":{"r":"G-EJEL","t":"C550"},"B87":{"r":"G-CBYU","t":"P28A"},"B88":{"r":"G-BHFH","t":"PA34"},"B89":{"r":"G-ASYJ","t":"BE95"},"B8A":{"r":"G-CDEG","t":"B738"},"B8B":{"r":"G-DLCH","t":"B738"},"B8C":{"r":"G-SAAW","t":"B738"},"B8F":{"r":"G-BJHB","t":"M20P"},"B90":{"r":"G-OART","t":"PA27"},"B91":{"r":"G-CRUZ","t":"C303"},"B92":{"r":"G-PSNI","t":"EC35"},"B93":{"r":"G-SAJT","t":"E135"},"B94":{"r":"G-VERN","t":"P32R"},"B96":{"r":"G-HPSB","t":"AC11"},"BA1":{"r":"G-HHOG","t":"R44"},"BA2":{"r":"G-CDEA","t":"SB20"},"BA3":{"r":"G-BSGT","t":"C210"},"BA4":{"r":"G-XINE","t":"P28A"},"BA6":{"r":"G-CDED","t":"R22"},"BA8":{"r":"G-CDCV","t":"R44"},"BAC":{"r":"G-HAIB","t":"HUSK"},"BAE":{"r":"G-UTZI","t":"R44"},"BB2":{"r":"G-CDEB","t":"SB20"},"BB4":{"r":"G-JJSI","t":"H25B"},"BB7":{"r":"G-JECG","t":"DH8D"},"BB9":{"r":"G-ORAY","t":"C182"},"BBA":{"r":"G-GDMW","t":"BE76"},"BBB":{"r":"G-GRYZ","t":"BE33"},"BBC":{"r":"G-BBHI","t":"C177"},"BBF":{"r":"G-VMJM","t":"TOBA"},"BC0":{"r":"G-OLDT","t":"LJ45"},"BC1":{"r":"G-PART","t":"P68"},"BC3":{"r":"G-VIPY","t":"PA31"},"BC4":{"r":"G-HRDS","t":"GLF5"},"BC7":{"r":"G-CCPW","t":"JS31"},"BC8":{"r":"G-BNUN","t":"BE58"},"BC9":{"r":"G-DAFY","t":"BE58"},"BCB":{"r":"G-EJTC","t":"R44"},"BD2":{"r":"G-EMDM","t":"DA40"},"BD3":{"r":"G-BUJP","t":"P28A"},"BD4":{"r":"G-GHRW","t":"P28T"},"BD5":{"r":"G-JUIN","t":"C303"},"BD6":{"r":"G-EELS","t":"C208"},"BD8":{"r":"G-EZMS","t":"A319"},"BD9":{"r":"G-EJJB","t":"A319"},"BDB":{"r":"G-EZPG","t":"A319"},"BDC":{"r":"G-OTBY","t":"PA32"},"BDD":{"r":"G-CCST","t":"P32R"},"BDE":{"r":"G-CDFY","t":"BE20"},"BE1":{"r":"G-JAJK","t":"PA31"},"BE2":{"r":"G-LIDE","t":"PA31"},"BE4":{"r":"G-CITY","t":"PA31"},"BE5":{"r":"G-MEDK","t":"A320"},"BE6":{"r":"G-RJXP","t":"E135"},"BE8":{"r":"G-WERY","t":"TRIN"},"BEF":{"r":"G-MULT","t":"BE76"},"BF3":{"r":"G-BHFE","t":"PA44"},"BF4":{"r":"G-BNUO","t":"BE76"},"BF6":{"r":"G-BHSE","t":"AC11"},"BF8":{"r":"G-BEZL","t":"PA31"},"BF9":{"r":"G-STHA","t":"PA31"},"BFB":{"r":"G-LDFM","t":"C560"},"BFE":{"r":"G-RVRE","t":"P68"},"BFF":{"r":"G-RVRJ","t":"PA23"},"C00":{"r":"G-NIVA","t":"EC55"},"C01":{"r":"G-CBTN","t":"PA31"},"C02":{"r":"G-OAPE","t":"C303"},"C05":{"r":"G-OWAL","t":"PA34"},"C06":{"r":"G-JETJ","t":"C550"},"C07":{"r":"G-ZARI","t":"AA5"},"C08":{"r":"G-DMAH","t":"TRIN"},"C09":{"r":"G-THOG","t":"B733"},"C0A":{"r":"G-THOH","t":"B733"},"C0C":{"r":"G-MACA","t":"R22"},"C10":{"r":"G-RVRW","t":"PA23"},"C11":{"r":"G-MAXI","t":"PA34"},"C12":{"r":"G-KWIN","t":"F2TH"},"C13":{"r":"G-KWLI","t":"C421"},"C16":{"r":"G-TREC","t":"C421"},"C18":{"r":"G-OTUI","t":"TRIN"},"C19":{"r":"G-DMCS","t":"P28A"},"C1A":{"r":"G-BYDF","t":"S76"},"C1E":{"r":"G-SVEA","t":"P28A"},"C1F":{"r":"G-BGHJ","t":"C172"},"C20":{"r":"G-IJYS","t":"JS31"},"C21":{"r":"G-BHKJ","t":"C421"},"C22":{"r":"G-OSCC","t":"PA32"},"C24":{"r":"G-POPA","t":"BE36"},"C25":{"r":"G-BVYF","t":"PA31"},"C27":{"r":"G-BMMC","t":"C310"},"C29":{"r":"G-OBAL","t":"M20P"},"C2A":{"r":"G-ATHR","t":"P28A"},"C2B":{"r":"G-BTNT","t":"P28A"},"C2C":{"r":"G-CBAL","t":"P28A"},"C2D":{"r":"G-BNMB","t":"P28A"},"C2E":{"r":"G-UAVA","t":"PA30"},"C2F":{"r":"G-KVIP","t":"BE20"},"C30":{"r":"G-FIFA","t":"C404"},"C31":{"r":"G-DIPM","t":"P46T"},"C32":{"r":"G-HWAA","t":"EC35"},"C33":{"r":"G-BHLX","t":"AA5"},"C35":{"r":"G-SAPM","t":"TRIN"},"C37":{"r":"G-ATSR","t":"BE35"},"C38":{"r":"G-BVES","t":"C340"},"C3F":{"r":"G-RVRD","t":"PA23"},"C41":{"r":"G-EZNM","t":"A319"},"C42":{"r":"G-EJAR","t":"A319"},"C43":{"r":"G-EZIA","t":"A319"},"C44":{"r":"G-EZIB","t":"A319"},"C45":{"r":"G-EZID","t":"A319"},"C46":{"r":"G-EZIC","t":"A319"},"C47":{"r":"G-EZIE","t":"A319"},"C48":{"r":"G-EZIF","t":"A319"},"C49":{"r":"G-EZIG","t":"A319"},"C4A":{"r":"G-EZIH","t":"A319"},"C4B":{"r":"G-EZII","t":"A319"},"C4C":{"r":"G-EZIJ","t":"A319"},"C4D":{"r":"G-EZIK","t":"A319"},"C4E":{"r":"G-EZIL","t":"A319"},"C4F":{"r":"G-EZIM","t":"A319"},"C50":{"r":"G-EZIN","t":"A319"},"C51":{"r":"G-AVNU","t":"P28A"},"C52":{"r":"G-OOBL","t":"B763"},"C53":{"r":"G-GTDL","t":"A320"},"C54":{"r":"G-TCAC","t":"A320"},"C55":{"r":"G-OSEA","t":"BN2P"},"C56":{"r":"G-TERY","t":"P28A"},"C57":{"r":"G-PZAZ","t":"PA31"},"C58":{"r":"G-CDHV","t":"R44"},"C5A":{"r":"G-STRL","t":"AS50"},"C5C":{"r":"G-CDKA","t":"SB20"},"C5D":{"r":"G-CDKB","t":"SB20"},"C5E":{"r":"G-CGET","t":"B733"},"C5F":{"r":"G-ECJM","t":"P28A"},"C62":{"r":"G-BWNZ","t":"A109"},"C63":{"r":"G-ISAY","t":"JS41"},"C67":{"r":"G-NSUK","t":"PA34"},"C6A":{"r":"G-GAFA","t":"PA34"},"C6B":{"r":"G-BGRE","t":"BE20"},"C6C":{"r":"G-VIPV","t":"PA31"},"C70":{"r":"G-JECH","t":"DH8D"},"C72":{"r":"G-BAVL","t":"PA27"},"C73":{"r":"G-EFBP","t":"C172"},"C75":{"r":"G-MRJK","t":"A320"},"C76":{"r":"G-OZBK","t":"A320"},"C79":{"r":"G-BTFT","t":"BE58"},"C7A":{"r":"G-JETX","t":"B06"},"C7D":{"r":"G-STRI","t":"B733"},"C7F":{"r":"G-BOIC","t":"P28R"},"C80":{"r":"G-ISHK","t":"C172"},"C81":{"r":"G-BYBP","t":"C185"},"C83":{"r":"G-BZIT","t":"BE58"},"C85":{"r":"G-BOFC","t":"BE76"},"C86":{"r":"G-UMMI","t":"PA31"},"C89":{"r":"G-ORVR","t":"P68"},"C8B":{"r":"G-HUBB","t":"P68"},"C8F":{"r":"G-STRJ","t":"B733"},"C90":{"r":"G-SCIP","t":"TRIN"},"C91":{"r":"G-VALY","t":"TRIN"},"C94":{"r":"G-GURN","t":"PA31"},"CA2":{"r":"G-BTNC","t":"AS65"},"CA4":{"r":"G-GBEN","t":"R44"},"CA5":{"r":"G-WOWD","t":"DH8C"},"CA6":{"r":"G-CCXJ","t":"C340"},"CA9":{"r":"G-FIND","t":"F406"},"CAA":{"r":"G-TURF","t":"F406"},"CAC":{"r":"G-NOSE","t":"C402"},"CAD":{"r":"G-MIND","t":"C404"},"CAF":{"r":"G-SOUL","t":"C310"},"CB0":{"r":"G-BODY","t":"C310"},"CB2":{"r":"G-TWIN","t":"PA44"},"CB4":{"r":"G-WLDN","t":"R44"},"CB9":{"r":"G-LGNI","t":"SF34"},"CBA":{"r":"G-BRNV","t":"P28A"},"CBB":{"r":"G-JREE","t":"M7"},"CBC":{"r":"G-DSID","t":"PA34"},"CBD":{"r":"G-BJCW","t":"P32R"},"CC0":{"r":"G-ILET","t":"R44"},"CC3":{"r":"G-AZWY","t":"PA24"},"CC5":{"r":"G-BMJO","t":"PA34"},"CC6":{"r":"G-CIEL","t":"C560"},"CC9":{"r":"G-REST","t":"BE35"},"CCA":{"r":"G-BRDO","t":"C177"},"CCB":{"r":"G-CDLT","t":"H25B"},"CCC":{"r":"G-BJNZ","t":"PA27"},"CCF":{"r":"G-EZIO","t":"A319"},"CD0":{"r":"G-EZIP","t":"A319"},"CD1":{"r":"G-EZIR","t":"A319"},"CD2":{"r":"G-EZIS","t":"A319"},"CD3":{"r":"G-EZIT","t":"A319"},"CD4":{"r":"G-EZIU","t":"A319"},"CD5":{"r":"G-EZIV","t":"A319"},"CD6":{"r":"G-EZIW","t":"A319"},"CD7":{"r":"G-EZIX","t":"A319"},"CD8":{"r":"G-EZIY","t":"A319"},"CD9":{"r":"G-OEWD","t":"PRM1"},"CDA":{"r":"G-BYKP","t":"P28T"},"CDB":{"r":"G-EMCA","t":"AC11"},"CDC":{"r":"G-LARE","t":"PA30"},"CDE":{"r":"G-HANG","t":"DA42"},"CDF":{"r":"G-CDKR","t":"DA42"},"CE1":{"r":"G-SLCT","t":"DA42"},"CE2":{"r":"G-SELC","t":"DA42"},"CE3":{"r":"G-RALA","t":"R44"},"CE7":{"r":"G-BNYB","t":"P28A"},"CE8":{"r":"G-MSPT","t":"EC35"},"CEA":{"r":"G-REGE","t":"R44"},"CEB":{"r":"G-EUXI","t":"A321"},"CEE":{"r":"G-LGNJ","t":"SF34"},"CEF":{"r":"G-LGNK","t":"SF34"},"CF2":{"r":"G-CDDG","t":"P28A"},"CF3":{"r":"G-RAGT","t":"PA32"},"CF4":{"r":"G-JUPP","t":"P32T"},"CF5":{"r":"G-AZGL","t":"RALL"},"CF9":{"r":"G-JECI","t":"DH8D"},"CFB":{"r":"G-GYMM","t":"P28A"},"CFD":{"r":"G-UIST","t":"JS31"},"CFE":{"r":"G-LNKS","t":"JS31"},"D00":{"r":"G-CDLY","t":"SR20"},"D01":{"r":"G-CTCE","t":"DA42"},"D02":{"r":"G-CTCF","t":"DA42"},"D03":{"r":"G-CTCG","t":"DA42"},"D04":{"r":"G-JKMI","t":"DA42"},"D07":{"r":"G-PVPC","t":"PC12"},"D08":{"r":"G-COVB","t":"P28A"},"D0B":{"r":"G-PZIZ","t":"PA31"},"D0C":{"r":"G-BEJV","t":"PA34"},"D0D":{"r":"G-BCVY","t":"PA34"},"D0E":{"r":"G-OHLI","t":"R44"},"D0F":{"r":"G-WALI","t":"R44"},"D14":{"r":"G-GREY","t":"PA46"},"D15":{"r":"G-BDUN","t":"PA34"},"D16":{"r":"G-BHYG","t":"PA34"},"D17":{"r":"G-BXRH","t":"C185"},"D1A":{"r":"G-BPRJ","t":"AS55"},"D1B":{"r":"G-BVLG","t":"AS55"},"D1C":{"r":"G-NETR","t":"AS55"},"D23":{"r":"G-CBBC","t":"BDOG"},"D25":{"r":"G-BOCG","t":"PA34"},"D27":{"r":"G-LSAB","t":"B752"},"D29":{"r":"G-BLFI","t":"P28A"},"D2D":{"r":"G-RATV","t":"P28T"},"D2E":{"r":"G-OTVR","t":"PA34"},"D30":{"r":"G-VWKD","t":"A346"},"D36":{"r":"G-NMAK","t":"A319"},"D37":{"r":"G-NFLA","t":"JS31"},"D38":{"r":"G-MOOO","t":"LJ45"},"D3A":{"r":"G-ATSZ","t":"PA30"},"D3C":{"r":"G-OVIN","t":"AC11"},"D3D":{"r":"G-SIGN"},"D43":{"r":"G-LINE","t":"AS55"},"D44":{"r":"G-BOPA","t":"P28A"},"D45":{"r":"G-OOTT","t":"AS50"},"D46":{"r":"G-MRMJ","t":"AS65"},"D48":{"r":"G-CHEY","t":"PA31"},"D4A":{"r":"G-CGRI","t":"A109"},"D4B":{"r":"G-OOBM","t":"B763"},"D4C":{"r":"G-IMAC","t":"CL60"},"D4D":{"r":"G-BOUL","t":"PA34"},"D4E":{"r":"G-BOWE","t":"PA34"},"D4F":{"r":"G-BSRR","t":"C182"},"D50":{"r":"G-TCEE","t":"H500"},"D51":{"r":"G-BGPA","t":"C182"},"D57":{"r":"G-VBLU","t":"A346"},"D58":{"r":"G-ECLD","t":"A346"},"D59":{"r":"G-SVPN","t":"P32R"},"D5A":{"r":"G-DBCG","t":"A319"},"D5B":{"r":"G-DBCH","t":"A319"},"D5D":{"r":"G-LGKO","t":"CL60"},"D5E":{"r":"G-PREI","t":"PRM1"},"D60":{"r":"G-CSBD","t":"P28B"},"D61":{"r":"G-OTVI","t":"R44"},"D62":{"r":"G-JBIZ","t":"C550"},"D63":{"r":"G-BTZN"},"D64":{"r":"G-PCOP","t":"BE20"},"D68":{"r":"G-VVBK","t":"PA34"},"D69":{"r":"G-EZIZ","t":"A319"},"D6A":{"r":"G-CDNK","t":"LJ45"},"D6B":{"r":"G-GLTT","t":"PA31"},"D6C":{"r":"G-WAGS","t":"R44"},"D6D":{"r":"G-SHAF","t":"R44"},"D6E":{"r":"G-EVEV","t":"R44"},"D70":{"r":"G-OSPY","t":"SR20"},"D72":{"r":"G-SEEK","t":"C210"},"D74":{"r":"G-AWUZ","t":"C172"},"D77":{"r":"G-FULM","t":"S76"},"D78":{"r":"G-CHIP","t":"P28A"},"D7B":{"r":"G-BOUM","t":"PA34"},"D81":{"r":"G-OPSS","t":"SR20"},"D84":{"r":"G-ELAM","t":"PA30"},"D85":{"r":"G-ARRD","t":"DR10"},"D86":{"r":"G-CCVM","t":"RV7"},"D87":{"r":"G-TTIE","t":"A321"},"D89":{"r":"G-MEDL","t":"A321"},"D8A":{"r":"G-PEJM","t":"P28A"},"D8B":{"r":"G-EZAA","t":"A319"},"D8C":{"r":"G-EZAB","t":"A319"},"D8D":{"r":"G-EZAC","t":"A319"},"D8E":{"r":"G-EZAD","t":"A319"},"D8F":{"r":"G-EZAE","t":"A319"},"D90":{"r":"G-EZAF","t":"A319"},"D91":{"r":"G-EZAG","t":"A319"},"D92":{"r":"G-EZAH","t":"A319"},"D93":{"r":"G-KEEF","t":"AC11"},"D94":{"r":"G-NWAA","t":"EC35"},"D97":{"r":"G-FPLE","t":"BE20"},"D98":{"r":"G-SIRA","t":"E135"},"D9A":{"r":"G-ROUS","t":"PA34"},"D9B":{"r":"G-VONJ","t":"PRM1"},"D9C":{"r":"G-HAFT","t":"DA42"},"D9E":{"r":"G-ORZA","t":"DA42"},"D9F":{"r":"G-DMND","t":"DA42"},"DA0":{"r":"G-DBCI","t":"A319"},"DA2":{"r":"G-NJIM","t":"P32R"},"DA3":{"r":"G-ODHB","t":"R44"},"DA4":{"r":"G-IFTF","t":"H25B"},"DAB":{"r":"G-GDSG","t":"A109"},"DAC":{"r":"G-DASA","t":"FA50"},"DAD":{"r":"G-EZAI","t":"A319"},"DAE":{"r":"G-EZAJ","t":"A319"},"DAF":{"r":"G-EZAK","t":"A319"},"DB0":{"r":"G-EZAL","t":"A319"},"DB1":{"r":"G-EZAN","t":"A319"},"DB2":{"r":"G-EZAO","t":"A319"},"DB3":{"r":"G-EZAP","t":"A319"},"DB4":{"r":"G-EZAS","t":"A319"},"DB5":{"r":"G-ENHP","t":"EN48"},"DB6":{"r":"G-PPLC","t":"C560"},"DB8":{"r":"G-CEGR","t":"BE20"},"DB9":{"r":"G-BFBR","t":"P28A"},"DBA":{"r":"G-FJET","t":"C550"},"DBB":{"r":"G-GOAC","t":"PA34"},"DBD":{"r":"G-JANI","t":"R44"},"DBE":{"r":"G-BLXA","t":"TRIN"},"DC2":{"r":"G-SASC","t":"BE20"},"DC3":{"r":"G-SASD","t":"BE20"},"DC4":{"r":"G-RUES","t":"HR10"},"DC5":{"r":"G-IINI","t":"RV9"},"DC7":{"r":"G-OLFT","t":"AC11"},"DC8":{"r":"G-CJAG","t":"PRM1"},"DCA":{"r":"G-HDEF","t":"R44"},"DCB":{"r":"G-WCCI","t":"E135"},"DCE":{"r":"G-SHAR","t":"C182"},"DCF":{"r":"G-CDSR","t":"LJ45"},"DD0":{"r":"G-IJAG","t":"C182"},"DD1":{"r":"G-SYLJ","t":"E135"},"DD2":{"r":"G-MATX","t":"PC12"},"DD3":{"r":"G-GRND","t":"A109"},"DD4":{"r":"G-CTCD","t":"DA42"},"DD5":{"r":"G-OPFR","t":"DA42"},"DD8":{"r":"G-CDSF","t":"DA40"},"DD9":{"r":"G-KAFT","t":"DA40"},"DDA":{"r":"G-LAFT","t":"DA40"},"DDB":{"r":"G-OOGA","t":"GA7"},"DDC":{"r":"G-JECJ","t":"DH8D"},"DDE":{"r":"G-LACI","t":"C172"},"DDF":{"r":"G-CDTA"},"DE0":{"r":"G-SAJO","t":"E145"},"DE1":{"r":"G-TESI","t":"SIRA"},"DE2":{"r":"G-JETO","t":"C550"},"DE5":{"r":"G-HIJK","t":"C421"},"DE6":{"r":"G-ISLB","t":"JS32"},"DE7":{"r":"G-ISLC","t":"JS32"},"DE8":{"r":"G-ISLD","t":"JS32"},"DE9":{"r":"G-XXRS","t":"GLEX"},"DEA":{"r":"G-PRKR","t":"CL60"},"DEB":{"r":"G-OBSM","t":"R44"},"DED":{"r":"G-RULE","t":"R44"},"DF0":{"r":"G-RMBM","t":"R44"},"DF1":{"r":"G-GEMM","t":"SR20"},"DF2":{"r":"G-IFTE","t":"H25B"},"DF3":{"r":"G-JETA","t":"C550"},"DF4":{"r":"G-VUEZ","t":"C550"},"DF6":{"r":"G-JECL","t":"DH8D"},"DF7":{"r":"G-JECK","t":"DH8D"},"DF9":{"r":"G-VANA","t":"GA8"},"DFA":{"r":"G-BXOZ","t":"P28A"},"DFC":{"r":"G-EMAA","t":"EC35"},"DFD":{"r":"G-CDVB","t":"A109"},"DFF":{"r":"G-CDVE","t":"A109"},"E00":{"r":"G-JAFS","t":"P32R"},"E01":{"r":"G-OTNA","t":"R44"},"E02":{"r":"G-JKAY","t":"R44"},"E03":{"r":"G-ECJI","t":"FA10"},"E04":{"r":"G-BPKF","t":"G115"},"E06":{"r":"G-MAJP","t":"JS41"},"E07":{"r":"G-MAJT","t":"JS41"},"E08":{"r":"G-EDCJ","t":"C525"},"E09":{"r":"G-ECLB","t":"A346"},"E0A":{"r":"G-WAIN","t":"C550"},"E0B":{"r":"G-PGGY","t":"R44"},"E0D":{"r":"G-CDPT","t":"B763"},"E0F":{"r":"G-TIMC","t":"R44"},"E12":{"r":"G-EZAT","t":"A319"},"E13":{"r":"G-EZAU","t":"A319"},"E14":{"r":"G-EZAV","t":"A319"},"E15":{"r":"G-FRAD","t":"FA20"},"E16":{"r":"G-CDTG","t":"DA42"},"E17":{"r":"G-DSKY","t":"DA42"},"E19":{"r":"G-CDTE","t":"SIRA"},"E1B":{"r":"G-HILO","t":"AC11"},"E1D":{"r":"G-DBLA","t":"B763"},"E1E":{"r":"G-PJLO","t":"B763"},"E1F":{"r":"G-OFFO","t":"E300"},"E20":{"r":"G-ZXCL","t":"E300"},"E21":{"r":"G-ZXEL","t":"E300"},"E22":{"r":"G-ZEXL","t":"E300"},"E24":{"r":"G-FBEA","t":"E190"},"E25":{"r":"G-LGAR","t":"LJ60"},"E29":{"r":"G-OLDW","t":"LJ45"},"E2A":{"r":"G-BFZD","t":"C182"},"E2C":{"r":"G-EGJA","t":"TRIN"},"E2D":{"r":"G-TRAT","t":"PC12"},"E2F":{"r":"G-BEAG","t":"PA34"},"E30":{"r":"G-BGFT","t":"PA34"},"E32":{"r":"G-BORW","t":"C172"},"E33":{"r":"G-DAVD","t":"C172"},"E34":{"r":"G-GGNG","t":"R44"},"E37":{"r":"G-JECM","t":"DH8D"},"E38":{"r":"G-JECN","t":"DH8D"},"E39":{"r":"G-CELO","t":"B733"},"E3A":{"r":"G-CDWK","t":"R44"},"E43":{"r":"G-TUCK","t":"RV8"},"E46":{"r":"G-SCOL","t":"GA8"},"E48":{"r":"G-TSDS","t":"P32R"},"E49":{"r":"G-CDZH","t":"B738"},"E4A":{"r":"G-GDFJ","t":"B738"},"E4C":{"r":"G-ERFS","t":"P28A"},"E4E":{"r":"G-LSAC","t":"B752"},"E51":{"r":"G-MEDM","t":"A321"},"E52":{"r":"G-EUNI","t":"BE20"},"E55":{"r":"G-GBMR","t":"BE20"},"E56":{"r":"G-GALX","t":"F900"},"E59":{"r":"G-EZAW","t":"A319"},"E5A":{"r":"G-EZAX","t":"A319"},"E5B":{"r":"G-EZAY","t":"A319"},"E5C":{"r":"G-EZAZ","t":"A319"},"E5D":{"r":"G-PFFN","t":"BE20"},"E5F":{"r":"G-CDJN","t":"GYRO"},"E61":{"r":"G-BSXS","t":"P28A"},"E62":{"r":"G-JPOT","t":"P32R"},"E63":{"r":"G-CDWY","t":"A109"},"E66":{"r":"G-SAMP","t":"A109"},"E6B":{"r":"G-MRRR","t":"H500"},"E6C":{"r":"G-PBRL","t":"R22"},"E6E":{"r":"G-XLLL","t":"AS50"},"E73":{"r":"G-BOMS","t":"C172"},"E74":{"r":"G-VFIZ","t":"A346"},"E75":{"r":"G-VYOU","t":"A346"},"E77":{"r":"G-ZAPX","t":"B752"},"E7A":{"r":"G-CMBS","t":"EXPL"},"E7D":{"r":"G-BPUM","t":"C182"},"E7E":{"r":"G-OJAZ","t":"R44"},"E7F":{"r":"G-JRED","t":"R44"},"E80":{"r":"G-IBMS","t":"R44"},"E85":{"r":"G-DJET","t":"DA42"},"E86":{"r":"G-ORDH","t":"AS55"},"E8A":{"r":"G-ASIT","t":"C180"},"E8C":{"r":"G-JECO","t":"DH8D"},"E8F":{"r":"G-BYWL","t":"G115"},"E90":{"r":"G-BYWM","t":"G115"},"E91":{"r":"G-BYWN","t":"G115"},"E92":{"r":"G-BYWO","t":"G115"},"E93":{"r":"G-BYWP","t":"G115"},"E94":{"r":"G-BYWR","t":"G115"},"E95":{"r":"G-BYWS","t":"G115"},"E96":{"r":"G-BYWT","t":"G115"},"E97":{"r":"G-BYWU","t":"G115"},"E98":{"r":"G-BYWV","t":"G115"},"E9B":{"r":"G-BYWX","t":"G115"},"E9C":{"r":"G-BYWY","t":"G115"},"E9D":{"r":"G-BYWZ","t":"G115"},"E9E":{"r":"G-BYXA","t":"G115"},"E9F":{"r":"G-BYXB","t":"G115"},"EA0":{"r":"G-BYXC","t":"G115"},"EA1":{"r":"G-BYXD","t":"G115"},"EA2":{"r":"G-BYXE","t":"G115"},"EA3":{"r":"G-BYXF","t":"G115"},"EA4":{"r":"G-BYXG","t":"G115"},"EA5":{"r":"G-BYXH","t":"G115"},"EA7":{"r":"G-BYXJ","t":"G115"},"EA9":{"r":"G-BYXL","t":"G115"},"EAB":{"r":"G-BYXN","t":"G115"},"EAC":{"r":"G-BYXO","t":"G115"},"EAD":{"r":"G-BYXP","t":"G115"},"EAF":{"r":"G-BYXS","t":"G115"},"EB0":{"r":"G-BYXT","t":"G115"},"EB1":{"r":"G-BYXX","t":"G115"},"EB2":{"r":"G-BYXY","t":"G115"},"EB3":{"r":"G-BYXZ","t":"G115"},"EB4":{"r":"G-BYYA","t":"G115"},"EB5":{"r":"G-BYYB","t":"G115"},"EB7":{"r":"G-BYWB","t":"G115"},"EB9":{"r":"G-BYWD","t":"G115"},"EBA":{"r":"G-BYWE","t":"G115"},"EBB":{"r":"G-BYWF","t":"G115"},"EBC":{"r":"G-BYWG","t":"G115"},"EBD":{"r":"G-BYWH","t":"G115"},"EBE":{"r":"G-BYWI","t":"G115"},"EBF":{"r":"G-BYWJ","t":"G115"},"EC0":{"r":"G-HURI","t":"HURI"},"EC2":{"r":"G-MAJU","t":"JS41"},"EC3":{"r":"G-MAJV","t":"JS41"},"EC4":{"r":"G-RAMS","t":"P32R"},"EC5":{"r":"G-BYUA","t":"G115"},"EC6":{"r":"G-BYUB","t":"G115"},"EC7":{"r":"G-BYUC","t":"G115"},"EC8":{"r":"G-BYUD","t":"G115"},"EC9":{"r":"G-BYUE","t":"G115"},"ECA":{"r":"G-BYUF","t":"G115"},"ECB":{"r":"G-BYUG","t":"G115"},"ECC":{"r":"G-BYUH","t":"G115"},"ECD":{"r":"G-BYUI","t":"G115"},"ECE":{"r":"G-BYUJ","t":"G115"},"ECF":{"r":"G-BYUK","t":"G115"},"ED1":{"r":"G-BYUM","t":"G115"},"ED2":{"r":"G-BYUN","t":"G115"},"ED3":{"r":"G-BYUO","t":"G115"},"ED4":{"r":"G-BYUP","t":"G115"},"ED5":{"r":"G-BYUR","t":"G115"},"ED6":{"r":"G-BYUS","t":"G115"},"ED8":{"r":"G-BYUU","t":"G115"},"EDA":{"r":"G-BYUW","t":"G115"},"EDB":{"r":"G-BYUX","t":"G115"},"EDC":{"r":"G-BYUY","t":"G115"},"EDD":{"r":"G-BYUZ","t":"G115"},"EDE":{"r":"G-BYVA","t":"G115"},"EDF":{"r":"G-BYVB","t":"G115"},"EE0":{"r":"G-BYVC","t":"G115"},"EE1":{"r":"G-BYVD","t":"G115"},"EE2":{"r":"G-BYVE","t":"G115"},"EE3":{"r":"G-BYVF","t":"G115"},"EE4":{"r":"G-BYVG","t":"G115"},"EE6":{"r":"G-BYVI","t":"G115"},"EE7":{"r":"G-BYVJ","t":"G115"},"EE8":{"r":"G-BYVK","t":"G115"},"EE9":{"r":"G-BYVL","t":"G115"},"EEA":{"r":"G-BYVM","t":"G115"},"EEC":{"r":"G-BYVO","t":"G115"},"EED":{"r":"G-BYVP","t":"G115"},"EEE":{"r":"G-BYVR","t":"G115"},"EEF":{"r":"G-BYVS","t":"G115"},"EF0":{"r":"G-BYVT","t":"G115"},"EF1":{"r":"G-BYVU","t":"G115"},"EF2":{"r":"G-BYVV","t":"G115"},"EF3":{"r":"G-BYVW","t":"G115"},"EF4":{"r":"G-BYVX","t":"G115"},"EF6":{"r":"G-BYVZ","t":"G115"},"EF9":{"r":"G-JURG","t":"AC11"},"EFB":{"r":"G-EZBA","t":"A319"},"EFC":{"r":"G-EZBB","t":"A319"},"EFD":{"r":"G-EZBC","t":"A319"},"EFE":{"r":"G-EZBD","t":"A319"},"EFF":{"r":"G-EZBE","t":"A319"},"F00":{"r":"G-EZBF","t":"A319"},"F01":{"r":"G-EZBG","t":"A319"},"F02":{"r":"G-EZBH","t":"A319"},"F03":{"r":"G-JOAL","t":"BE20"},"F06":{"r":"G-CCVP","t":"BE58"},"F08":{"r":"G-GSYJ","t":"DA42"},"F0A":{"r":"G-NTWK","t":"AS55"},"F0B":{"r":"G-ECLC","t":"A346"},"F10":{"r":"G-CLIF","t":"C42"},"F11":{"r":"G-SARM","t":"C42"},"F12":{"r":"G-TBEA","t":"C25A"},"F14":{"r":"G-ARJU","t":"PA23"},"F15":{"r":"G-DIAM","t":"DA40"},"F18":{"r":"G-RASA","t":"DA42"},"F1C":{"r":"G-ZUMO","t":"PC12"},"F1F":{"r":"G-YBAA","t":"C172"},"F20":{"r":"G-CEAU","t":"R44"},"F21":{"r":"G-HDEW","t":"P32R"},"F22":{"r":"G-MAJW","t":"JS41"},"F25":{"r":"G-MAJX","t":"JS41"},"F26":{"r":"G-MAJZ","t":"JS41"},"F28":{"r":"G-MPSA","t":"BK17"},"F29":{"r":"G-MPSB","t":"BK17"},"F2A":{"r":"G-MPSC","t":"BK17"},"F2B":{"r":"G-CDZT","t":"BE20"},"F2C":{"r":"G-YEOM","t":"PA31"},"F30":{"r":"G-SPYS","t":"R44"},"F31":{"r":"G-TCXA","t":"A332"},"F32":{"r":"G-SAIG","t":"R44"},"F34":{"r":"G-HTRL","t":"PA34"},"F36":{"r":"G-EEBB","t":"S76"},"F3A":{"r":"G-NETB","t":"SR22"},"F3C":{"r":"G-CBZX","t":"MCR1"},"F3D":{"r":"G-FSEU","t":"BE20"},"F3E":{"r":"G-ISSW","t":"EC55"},"F3F":{"r":"G-ISSV","t":"EC55"},"F40":{"r":"G-ISSU","t":"EC55"},"F41":{"r":"G-MAMD","t":"BE20"},"F42":{"r":"G-PDGK","t":"AS65"},"F43":{"r":"G-FBEB","t":"E190"},"F44":{"r":"G-JIBO","t":"JS31"},"F46":{"r":"G-MAJY","t":"JS41"},"F47":{"r":"G-VUEM","t":"C501"},"F48":{"r":"G-RVMB","t":"RV9"},"F4A":{"r":"G-PLAL","t":"EC35"},"F4B":{"r":"G-BIMU","t":"S61"},"F4C":{"r":"G-LSAE","t":"B752"},"F4D":{"r":"G-BYTB","t":"TRIN"},"F4E":{"r":"G-TAAB","t":"SR22"},"F52":{"r":"G-CDXK","t":"DA42"},"F53":{"r":"G-OWAR","t":"P28A"},"F61":{"r":"G-GSSO","t":"GLF5"},"F62":{"r":"G-BURT","t":"P28A"},"F63":{"r":"G-VWEB","t":"A346"},"F65":{"r":"G-BSPK","t":"C195"},"F67":{"r":"G-DOLY","t":"C303"},"F68":{"r":"G-MOOR","t":"TOBA"},"F6A":{"r":"G-CCEJ","t":"EV97"},"F6B":{"r":"G-RVCL","t":"RV6"},"F6D":{"r":"G-CBMP","t":"C82R"},"F6F":{"r":"G-BPGU","t":"P28A"},"F70":{"r":"G-GUYS","t":"PA34"},"F76":{"r":"G-XELA","t":"R44"},"F77":{"r":"G-EEZR","t":"R44"},"F78":{"r":"G-LOVB","t":"JS31"},"F7B":{"r":"G-BEVG","t":"PA34"},"F7F":{"r":"G-CDYK","t":"RJ85"},"F82":{"r":"G-OCCY","t":"DA42"},"F83":{"r":"G-OCCZ","t":"DA42"},"F86":{"r":"G-WOFM","t":"A109"},"F8C":{"r":"G-DAKM","t":"DA40"},"F8D":{"r":"G-VEZE","t":"VEZE"},"F8E":{"r":"G-AEDU","t":"DH90"},"F91":{"r":"G-MEET","t":"LJ45"},"F96":{"r":"G-CGFD","t":"CL60"},"F99":{"r":"G-DBCJ","t":"A319"},"F9A":{"r":"G-DBCK","t":"A319"},"F9D":{"r":"G-GTJM","t":"EC20"},"FA4":{"r":"G-WJCJ","t":"EC55"},"FA5":{"r":"G-BHDX","t":"C172"},"FA6":{"r":"G-INDC","t":"C303"},"FA7":{"r":"G-KALS","t":"CL30"},"FA8":{"r":"G-OLDK","t":"LJ45"},"FA9":{"r":"G-SVSB","t":"C680"},"FAA":{"r":"G-PKRG","t":"C560"},"FAE":{"r":"G-AXZP","t":"PA23"},"FAF":{"r":"G-CEDG","t":"R44"},"FB1":{"r":"G-SAMJ","t":"P68"},"FB5":{"r":"G-LLMW","t":"DA42"},"FB6":{"r":"G-JKMH","t":"DA42"},"FB7":{"r":"G-PETS","t":"DA42"},"FB8":{"r":"G-OCCD","t":"DA40"},"FB9":{"r":"G-OCCE","t":"DA40"},"FBA":{"r":"G-JECP","t":"DH8D"},"FBB":{"r":"G-BMKD","t":"BE9L"},"FBC":{"r":"G-VVTV","t":"DA42"},"FBD":{"r":"G-OCCF","t":"DA40"},"FBE":{"r":"G-OCCG","t":"DA40"},"FC1":{"r":"G-GFEA","t":"C172"},"FC2":{"r":"G-CEFG","t":"B763"},"FC3":{"r":"G-JVBP","t":"EV97"},"FC4":{"r":"G-AZAB","t":"PA30"},"FC5":{"r":"G-BHBG","t":"P32R"},"FC7":{"r":"G-OUNI","t":"SR20"},"FC8":{"r":"G-TAAC","t":"SR20"},"FCB":{"r":"G-PURL","t":"P32R"},"FCE":{"r":"G-HARK","t":"CL60"},"FCF":{"r":"G-SFCJ","t":"C525"},"FD2":{"r":"G-BMDK","t":"PA34"},"FD3":{"r":"G-LEVO","t":"R44"},"FD5":{"r":"G-CECX","t":"R44"},"FD6":{"r":"G-GENI","t":"R44"},"FD9":{"r":"G-JJAB","t":"JAB4"},"FDA":{"r":"G-EZBI","t":"A319"},"FDB":{"r":"G-EZBJ","t":"A319"},"FDC":{"r":"G-EZBK","t":"A319"},"FDD":{"r":"G-EZBL","t":"A319"},"FDE":{"r":"G-EZBM","t":"A319"},"FDF":{"r":"G-EZBN","t":"A319"},"FE0":{"r":"G-EZBO","t":"A319"},"FE1":{"r":"G-EZBP","t":"A319"},"FE2":{"r":"G-EZBR","t":"A319"},"FE3":{"r":"G-EZBT","t":"A319"},"FE5":{"r":"G-ILLG","t":"R44"},"FE6":{"r":"G-BRME","t":"P28A"},"FE7":{"r":"G-EDCS","t":"BE40"},"FE8":{"r":"G-ULES","t":"AS50"},"FE9":{"r":"G-RJXN","t":"E145"},"FEA":{"r":"G-RJXO","t":"E145"},"FEB":{"r":"G-BUUR","t":"ATP"},"FED":{"r":"G-OMRH","t":"C550"},"FEE":{"r":"G-SARV","t":"RV4"},"FEF":{"r":"G-AIST","t":"SPIT"},"FF0":{"r":"G-OCCH","t":"DA40"},"FF1":{"r":"G-OCCK","t":"DA40"},"FF2":{"r":"G-FDZA","t":"B738"},"FF3":{"r":"G-FDZB","t":"B738"},"FF4":{"r":"G-FDZD","t":"B738"},"FF5":{"r":"G-OCCL","t":"DA40"},"FF6":{"r":"G-OCCM","t":"DA40"},"FF7":{"r":"G-OCCN","t":"DA40"},"FF8":{"r":"G-TRUE","t":"H500"},"FFD":{"r":"G-BHIB","t":"C182"},"FFE":{"r":"G-FBEC","t":"E190"}}