{"BE80":{"r":"VP-BPZ","t":"B721"},"BE81":{"r":"VP-BED","t":"A319"},"BE83":{"r":"VP-BCO","t":"GLF5"},"BE84":{"r":"VP-BVJ","t":"CRJ2"},"BE85":{"r":"VP-BPV","t":"A320"},"BE86":{"r":"VP-BPU","t":"A320"},"BE87":{"r":"VP-BZO","t":"A320"},"BE88":{"r":"VP-BZP","t":"A320"},"BE89":{"r":"VP-BZQ","t":"A320"},"BE8A":{"r":"VP-BZR","t":"A320"},"BE8B":{"r":"VP-BVA","t":"A320"},"BE8C":{"r":"VP-BEQ","t":"A320"},"BE8F":{"r":"VP-BOD","t":"LJ60"},"BEB6":{"r":"VP-BVR"},"C009":{"r":"ZH866","t":"C30J"},"C00B":{"r":"ZE164","t":"TOR"},"C00D":{"r":"ZE168","t":"TOR"},"C024":{"r":"ZH879","t":"C30J"},"C025":{"r":"ZH887","t":"C30J"},"C034":{"r":"ZE793","t":"TOR"},"C041":{"r":"ZH865","t":"C30J"},"C04C":{"r":"ZH870","t":"C30J"},"C04E":{"r":"ZZ175","t":"C17"},"C06A":{"r":"ZH878","t":"C30J"},"C06D":{"r":"ZJ118","t":"EH10"},"C06E":{"r":"ZJ119","t":"EH10"},"C06F":{"r":"ZJ120","t":"EH10"},"C070":{"r":"ZJ121","t":"EH10"},"C071":{"r":"ZJ122","t":"EH10"},"C072":{"r":"ZJ123","t":"EH10"},"C073":{"r":"ZJ124","t":"EH10"},"C074":{"r":"ZJ125","t":"EH10"},"C075":{"r":"ZJ126","t":"EH10"},"C076":{"r":"ZJ127","t":"EH10"},"C077":{"r":"ZJ128","t":"EH10"},"C079":{"r":"ZE704","t":"L101"},"C07A":{"r":"ZE705","t":"L101"},"C07B":{"r":"ZE706","t":"L101"},"C07D":{"r":"XW847","t":"GAZL"},"C092":{"r":"XZ345","t":"GAZL"},"C097":{"r":"XX399","t":"GAZL"},"C099":{"r":"ZH871","t":"C30J"},"C09A":{"r":"ZH888","t":"C30J"},"C09B":{"r":"ZJ690","t":"GLEX"},"C09C":{"r":"ZJ691","t":"GLEX"},"C09D":{"r":"ZJ692","t":"GLEX"},"C09E":{"r":"ZJ693","t":"GLEX"},"C09F":{"r":"ZJ694","t":"GLEX"},"C0A0":{"r":"XR807","t":"VC10"},"C0A1":{"r":"XV102","t":"VC10"},"C0A2":{"r":"XV104","t":"VC10"},"C0A3":{"r":"XV106","t":"VC10"},"C0A4":{"r":"XV108","t":"VC10"},"C0A5":{"r":"XR808","t":"VC10"},"C0A6":{"r":"XV101","t":"VC10"},"C0A7":{"r":"XV105","t":"VC10"},"C0A8":{"r":"XV107","t":"VC10"},"C0A9":{"r":"XV109","t":"VC10"},"C0AA":{"r":"ZA147","t":"VC10"},"C0AB":{"r":"ZA148","t":"VC10"},"C0AC":{"r":"ZA149","t":"VC10"},"C0AD":{"r":"ZA150","t":"VC10"},"C0AE":{"r":"ZJ783","t":"AS65"},"C0B4":{"r":"XX405","t":"GAZL"},"C0BF":{"r":"ZH867","t":"C30J"},"C0CC":{"r":"XZ290","t":"GAZL"},"C0D2":{"r":"XZ296","t":"GAZL"},"C0DB":{"r":"ZH881","t":"C30J"},"C0DD":{"r":"XX157","t":"HAWK"},"C0E2":{"r":"XX162","t":"HAWK"},"C0FF":{"r":"ZH882","t":"C30J"},"C101":{"r":"XV196","t":"C130"},"C102":{"r":"XV200","t":"C130"},"C105":{"r":"XV295","t":"C130"},"C106":{"r":"XV177","t":"C130"},"C108":{"r":"XV188","t":"C130"},"C10B":{"r":"XV202","t":"C130"},"C10C":{"r":"XV209","t":"C130"},"C10E":{"r":"XV214","t":"C130"},"C10F":{"r":"ZH889","t":"C30J"},"C114":{"r":"XZ323","t":"GAZL"},"C125":{"r":"ZG998","t":"BN2T"},"C127":{"r":"ZG995","t":"BN2T"},"C128":{"r":"ZG996","t":"BN2T"},"C129":{"r":"ZG997","t":"BN2T"},"C12A":{"r":"ZH883","t":"C30J"},"C12D":{"r":"XV221","t":"C130"},"C12E":{"r":"XV290","t":"C130"},"C131":{"r":"XV301","t":"C130"},"C132":{"r":"XV303","t":"C130"},"C133":{"r":"XV304","t":"C130"},"C134":{"r":"XV305","t":"C130"},"C136":{"r":"ZH877","t":"C30J"},"C137":{"r":"XV249","t":"NIM"},"C138":{"r":"XW664","t":"NIM"},"C13B":{"r":"ZA371","t":"TOR"},"C13E":{"r":"ZJ785","t":"AS65"},"C142":{"r":"ZA560","t":"TOR"},"C146":{"r":"ZE700","t":"B461"},"C147":{"r":"ZE701","t":"B461"},"C14B":{"r":"ZH868","t":"C30J"},"C14E":{"r":"ZA594","t":"TOR"},"C153":{"r":"ZA553","t":"TOR"},"C155":{"r":"ZA542","t":"TOR"},"C156":{"r":"ZE755","t":"TOR"},"C15C":{"r":"ZH886","t":"C30J"},"C15E":{"r":"ZD745","t":"TOR"},"C15F":{"r":"ZA404","t":"TOR"},"C163":{"r":"ZA595","t":"TOR"},"C168":{"r":"ZA606","t":"TOR"},"C169":{"r":"ZD712","t":"TOR"},"C171":{"r":"ZZ171","t":"C17"},"C172":{"r":"ZZ172","t":"C17"},"C173":{"r":"ZZ173","t":"C17"},"C174":{"r":"ZZ174","t":"C17"},"C177":{"r":"ZG714","t":"TOR"},"C179":{"r":"ZA598","t":"TOR"},"C17D":{"r":"ZH874","t":"C30J"},"C17E":{"r":"ZD848","t":"TOR"},"C17F":{"r":"ZA458","t":"TOR"},"C18C":{"r":"ZG779","t":"TOR"},"C18D":{"r":"ZD844","t":"TOR"},"C197":{"r":"ZA405","t":"TOR"},"C198":{"r":"ZH869","t":"C30J"},"C19B":{"r":"ZG705","t":"TOR"},"C19D":{"r":"ZA592","t":"TOR"},"C1A0":{"r":"ZA611","t":"TOR"},"C1A2":{"r":"ZA614","t":"TOR"},"C1A3":{"r":"ZA373","t":"TOR"},"C1A4":{"r":"ZA562","t":"TOR"},"C1A9":{"r":"ZA372","t":"TOR"},"C1AA":{"r":"ZH873","t":"C30J"},"C1AB":{"r":"ZH884","t":"C30J"},"C1B2":{"r":"ZA370","t":"TOR"},"C1B6":{"r":"ZG752","t":"TOR"},"C1B8":{"r":"ZA401","t":"TOR"},"C1BB":{"r":"ZD744","t":"TOR"},"C1BC":{"r":"ZA393","t":"TOR"},"C1BF":{"r":"ZD948","t":"L101"},"C1C0":{"r":"ZD949","t":"L101"},"C1C1":{"r":"ZD950","t":"L101"},"C1C2":{"r":"ZD951","t":"L101"},"C1C3":{"r":"ZD952","t":"L101"},"C1C4":{"r":"ZD953","t":"L101"},"C1C5":{"r":"ZK457"},"C1C6":{"r":"ZZ176","t":"C17"},"C1C7":{"r":"ZH885","t":"C30J"},"C1C8":{"r":"ZA462","t":"TOR"},"C1CA":{"r":"ZA406","t":"TOR"},"C1CB":{"r":"ZD749","t":"TOR"},"C1CD":{"r":"ZD788","t":"TOR"},"C1D6":{"r":"ZA469","t":"TOR"},"C1D7":{"r":"ZA473","t":"TOR"},"C1D8":{"r":"ZA447","t":"TOR"},"C1D9":{"r":"ZA453","t":"TOR"},"C1E2":{"r":"ZJ703","t":"B412"},"C1E4":{"r":"ZJ705","t":"B412"},"C1E6":{"r":"ZJ707","t":"B412"},"C1E7":{"r":"ZJ708","t":"B412"},"C1E8":{"r":"ZH880","t":"C30J"},"C1E9":{"r":"ZJ964","t":"B212"},"C1EB":{"r":"ZJ966","t":"B212"},"C1EC":{"r":"ZE432","t":"BA11"},"C1EF":{"r":"XS606","t":"A748"},"C1F0":{"r":"ZH763","t":"BA11"},"C1F1":{"r":"ZH872","t":"C30J"},"C1F3":{"r":"ZK450","t":"BE20"},"C1F4":{"r":"ZK451","t":"BE20"},"C1F5":{"r":"ZK452","t":"BE20"},"C1F6":{"r":"ZK453","t":"BE20"},"C1F7":{"r":"ZK454","t":"BE20"},"C1F9":{"r":"ZJ133","t":"EH10"},"C1FA":{"r":"ZJ134","t":"EH10"},"C1FB":{"r":"ZJ135","t":"EH10"},"C1FC":{"r":"ZJ136","t":"EH10"},"C1FF":{"r":"ZH875","t":"C30J"},"C200":{"r":"ZE416","t":"A109"},"C201":{"r":"ZD620","t":"H25B"},"C202":{"r":"ZD703","t":"H25A"},"C203":{"r":"ZD621","t":"H25A"},"C204":{"r":"ZD704","t":"H25A"},"C205":{"r":"ZE395","t":"H25A"},"C206":{"r":"ZE396","t":"H25A"},"C208":{"r":"ZZ178","t":"C17"},"C20A":{"r":"ZJ168","t":"H64"},"C20B":{"r":"ZJ171","t":"H64"},"C20C":{"r":"ZJ170","t":"H64"},"C213":{"r":"XZ349","t":"GAZL"},"C21C":{"r":"ZA772","t":"GAZL"},"C224":{"r":"ZJ129","t":"EH10"},"C225":{"r":"ZJ130","t":"EH10"},"C226":{"r":"ZJ131","t":"EH10"},"C227":{"r":"ZJ132","t":"EH10"},"C22B":{"r":"ZB673","t":"GAZL"},"C237":{"r":"ZB691","t":"GAZL"},"C238":{"r":"ZB692","t":"GAZL"},"C239":{"r":"ZB693","t":"GAZL"},"C23D":{"r":"ZR321","t":"A109"},"C23E":{"r":"ZR322","t":"A109"},"C23F":{"r":"ZR323","t":"A109"},"C240":{"r":"ZJ169","t":"H64"},"C241":{"r":"ZJ172","t":"H64"},"C243":{"r":"ZJ174","t":"H64"},"C244":{"r":"ZJ175","t":"H64"},"C245":{"r":"ZJ176","t":"H64"},"C247":{"r":"ZJ178","t":"H64"},"C248":{"r":"ZJ179","t":"H64"},"C249":{"r":"ZJ180","t":"H64"},"C24A":{"r":"ZJ181","t":"H64"},"C24B":{"r":"ZJ182","t":"H64"},"C24C":{"r":"ZJ183","t":"H64"},"C24E":{"r":"ZJ185","t":"H64"},"C24F":{"r":"ZJ186","t":"H64"},"C250":{"r":"ZJ187","t":"H64"},"C251":{"r":"ZJ188","t":"H64"},"C252":{"r":"ZJ189","t":"H64"},"C255":{"r":"ZJ192","t":"H64"},"C257":{"r":"ZJ194","t":"H64"},"C258":{"r":"ZJ195","t":"H64"},"C25A":{"r":"ZJ197","t":"H64"},"C25B":{"r":"ZJ198","t":"H64"},"C25D":{"r":"ZJ200","t":"H64"},"C25E":{"r":"ZJ166","t":"H64"},"C25F":{"r":"ZJ202","t":"H64"},"C260":{"r":"ZJ203","t":"H64"},"C263":{"r":"ZJ206","t":"H64"},"C264":{"r":"ZJ207","t":"H64"},"C266":{"r":"ZJ209","t":"H64"},"C267":{"r":"ZJ210","t":"H64"},"C268":{"r":"ZJ211","t":"H64"},"C269":{"r":"ZJ212","t":"H64"},"C26A":{"r":"ZJ213","t":"H64"},"C26B":{"r":"ZJ214","t":"H64"},"C26C":{"r":"ZJ215","t":"H64"},"C26D":{"r":"ZJ216","t":"H64"},"C26E":{"r":"ZJ217","t":"H64"},"C26F":{"r":"ZJ218","t":"H64"},"C270":{"r":"ZJ219","t":"H64"},"C271":{"r":"ZJ220","t":"H64"},"C272":{"r":"ZJ221","t":"H64"},"C273":{"r":"ZJ222","t":"H64"},"C274":{"r":"ZJ223","t":"H64"},"C275":{"r":"ZJ224","t":"H64"},"C276":{"r":"ZJ225","t":"H64"},"C277":{"r":"ZJ226","t":"H64"},"C278":{"r":"ZJ227","t":"H64"},"C279":{"r":"ZJ228","t":"H64"},"C27B":{"r":"ZJ230","t":"H64"},"C27C":{"r":"ZJ231","t":"H64"},"C27D":{"r":"ZJ232","t":"H64"},"C27E":{"r":"ZJ233","t":"H64"},"C27F":{"r":"ZJ167","t":"H64"},"C280":{"r":"ZK458","t":"BE20"},"C281":{"r":"ZK459","t":"BE20"},"C282":{"r":"XW198","t":"PUMA"},"C283":{"r":"XW199","t":"PUMA"},"C287":{"r":"XW204","t":"PUMA"},"C28B":{"r":"XW209","t":"PUMA"},"C28C":{"r":"XW210","t":"PUMA"},"C28D":{"r":"XW211","t":"PUMA"},"C28E":{"r":"XW212","t":"PUMA"},"C28F":{"r":"XW213","t":"PUMA"},"C290":{"r":"XW214","t":"PUMA"},"C291":{"r":"XW216","t":"PUMA"},"C292":{"r":"XW217","t":"PUMA"},"C294":{"r":"XW219","t":"PUMA"},"C295":{"r":"XW220","t":"PUMA"},"C297":{"r":"XW222","t":"PUMA"},"C298":{"r":"XW223","t":"PUMA"},"C299":{"r":"XW224","t":"PUMA"},"C29B":{"r":"XW226","t":"PUMA"},"C29D":{"r":"XW229","t":"PUMA"},"C29E":{"r":"XW231","t":"PUMA"},"C2A1":{"r":"XW235","t":"PUMA"},"C2A2":{"r":"XW236","t":"PUMA"},"C2A3":{"r":"XW237","t":"PUMA"},"C2A5":{"r":"ZA935","t":"PUMA"},"C2A6":{"r":"ZA936","t":"PUMA"},"C2A7":{"r":"ZA937","t":"PUMA"},"C2A9":{"r":"ZA939","t":"PUMA"},"C2AD":{"r":"ZJ954","t":"PUMA"},"C2AE":{"r":"ZJ955","t":"PUMA"},"C2AF":{"r":"ZJ956","t":"PUMA"},"C2B0":{"r":"ZJ957","t":"PUMA"},"C2B2":{"r":"ZZ416","t":"B350"},"C2B3":{"r":"ZZ417","t":"B350"},"C2B4":{"r":"ZZ418","t":"B350"},"C2B5":{"r":"ZZ419","t":"B350"},"C2B7":{"r":"ZH001","t":"BN2T"},"C2B8":{"r":"ZH002","t":"BN2T"},"C2B9":{"r":"ZH003","t":"BN2T"},"C2BA":{"r":"ZH004","t":"BN2T"},"C2BD":{"r":"XZ255","t":"LYNX"},"C2C0":{"r":"XZ689","t":"LYNX"},"C2C2":{"r":"XZ691","t":"LYNX"},"C2C3":{"r":"XZ692","t":"LYNX"},"C2C7":{"r":"ZF563","t":"LYNX"},"C2C8":{"r":"XZ698","t":"LYNX"},"C2C9":{"r":"XZ719","t":"LYNX"},"C2CB":{"r":"XZ721","t":"LYNX"},"C2CC":{"r":"XZ722","t":"LYNX"},"C2CE":{"r":"XZ726","t":"LYNX"},"C2D2":{"r":"XZ731","t":"LYNX"},"C2D3":{"r":"XZ732","t":"LYNX"},"C2D9":{"r":"ZD252","t":"LYNX"},"C2DB":{"r":"ZD257","t":"LYNX"},"C2DC":{"r":"ZD258","t":"LYNX"},"C2DF":{"r":"ZD261","t":"LYNX"},"C2E0":{"r":"ZD262","t":"LYNX"},"C2E1":{"r":"ZG969","t":"PC9"},"C2E4":{"r":"ZD266","t":"LYNX"},"C2E6":{"r":"ZD268","t":"LYNX"},"C2E8":{"r":"ZD566","t":"LYNX"},"C2EE":{"r":"XF995","t":"HUNT"},"C2EF":{"r":"XS709","t":"H25A"},"C2F1":{"r":"XS712","t":"H25A"},"C2F2":{"r":"XS713","t":"H25A"},"C2F3":{"r":"XS727","t":"H25A"},"C2F4":{"r":"XS728","t":"H25A"},"C2F5":{"r":"XS730","t":"H25A"},"C2F8":{"r":"XS737","t":"H25A"},"C2F9":{"r":"XS739","t":"H25A"},"C2FA":{"r":"XX453","t":"GAZL"},"C30C":{"r":"ZH832","t":"EH10"},"C30D":{"r":"ZH833","t":"EH10"},"C317":{"r":"ZH845","t":"EH10"},"C31B":{"r":"ZH849","t":"EH10"},"C322":{"r":"ZH856","t":"EH10"},"C324":{"r":"ZH858","t":"EH10"},"C326":{"r":"ZH860","t":"EH10"},"C32A":{"r":"ZH864","t":"EH10"},"C32B":{"r":"ZH841","t":"EH10"},"C33E":{"r":"ZA296","t":"S61"},"C341":{"r":"ZA312","t":"S61"},"C344":{"r":"ZA297","t":"S61"},"C34A":{"r":"ZA298","t":"S61"},"C34D":{"r":"ZA314","t":"S61"},"C34E":{"r":"ZE425","t":"S61"},"C353":{"r":"ZF117","t":"S61"},"C354":{"r":"ZF121","t":"S61"},"C35A":{"r":"ZG821","t":"S61"},"C35B":{"r":"ZB507","t":"S61"},"C35C":{"r":"ZA292","t":"S61"},"C35F":{"r":"ZG822","t":"S61"},"C362":{"r":"XV648","t":"S61"},"C369":{"r":"XV673","t":"S61"},"C36A":{"r":"XV670","t":"S61"},"C36D":{"r":"XV661","t":"S61"},"C372":{"r":"ZJ946","t":"EUFI"},"C383":{"r":"ZH537","t":"BN2P"},"C384":{"r":"ZG844","t":"BN2T"},"C385":{"r":"ZG845","t":"BN2T"},"C386":{"r":"ZG846","t":"BN2T"},"C387":{"r":"ZG847","t":"BN2T"},"C388":{"r":"ZG848","t":"BN2T"},"C389":{"r":"ZG993","t":"BN2T"},"C38A":{"r":"ZH536","t":"BN2P"},"C38B":{"r":"ZF573","t":"BN2P"},"C38C":{"r":"ZZ664","t":"R135"},"C38F":{"r":"ZA947","t":"DC3"},"C390":{"r":"LF363","t":"HURI"},"C391":{"r":"PZ865","t":"HURI"},"C392":{"r":"PA474","t":"LANC"},"C393":{"r":"P7350","t":"SPIT"},"C394":{"r":"AB910","t":"SPIT"},"C395":{"r":"MK356","t":"SPIT"},"C396":{"r":"TE311","t":"SPIT"},"C397":{"r":"PM631","t":"SPIT"},"C398":{"r":"PS915","t":"SPIT"},"C399":{"r":"ZJ780","t":"AS65"},"C39A":{"r":"ZJ781","t":"AS65"},"C39B":{"r":"ZJ782","t":"AS65"},"C39F":{"r":"ZH101","t":"E3CF"},"C3A0":{"r":"ZH102","t":"E3CF"},"C3A1":{"r":"ZH103","t":"E3CF"},"C3A2":{"r":"ZH104","t":"E3CF"},"C3A4":{"r":"ZH106","t":"E3CF"},"C3A5":{"r":"ZH107","t":"E3CF"},"C3AA":{"r":"ZD321","t":"HAR"},"C3B3":{"r":"ZD348","t":"HAR"},"C3BB":{"r":"ZD380","t":"HAR"},"C3BC":{"r":"ZD401","t":"HAR"},"C3BE":{"r":"ZD403","t":"HAR"},"C3CA":{"r":"ZD436","t":"HAR"},"C3CB":{"r":"ZD437","t":"HAR"},"C3D1":{"r":"ZD467","t":"HAR"},"C3D2":{"r":"ZD468","t":"HAR"},"C3D6":{"r":"ZD470","t":"HAR"},"C3E2":{"r":"ZG503","t":"HAR"},"C3EE":{"r":"ZG857","t":"HAR"},"C3F0":{"r":"ZG859","t":"HAR"},"C3F2":{"r":"ZG862","t":"HAR"},"C3FC":{"r":"ZH664","t":"HAR"},"C403":{"r":"XX198","t":"HAWK"},"C407":{"r":"XX202","t":"HAWK"},"C408":{"r":"XX203","t":"HAWK"},"C40B":{"r":"XX217","t":"HAWK"},"C421":{"r":"XX242","t":"HAWK"},"C424":{"r":"XX246","t":"HAWK"},"C42B":{"r":"XX255","t":"HAWK"},"C42D":{"r":"XX258","t":"HAWK"},"C435":{"r":"XX280","t":"HAWK"},"C439":{"r":"XX285","t":"HAWK"},"C43C":{"r":"XX289","t":"HAWK"},"C443":{"r":"XX301","t":"HAWK"},"C452":{"r":"XX318","t":"HAWK"},"C458":{"r":"XX324","t":"HAWK"},"C45B":{"r":"XX327","t":"HAWK"},"C45C":{"r":"XX329","t":"HAWK"},"C45F":{"r":"XX332","t":"HAWK"},"C461":{"r":"XX337","t":"HAWK"},"C463":{"r":"XX339","t":"HAWK"},"C465":{"r":"XX346","t":"HAWK"},"C47A":{"r":"ZK010","t":"HAWK"},"C47B":{"r":"ZK011","t":"HAWK"},"C480":{"r":"ZJ800","t":"EUFI"},"C481":{"r":"ZJ801","t":"EUFI"},"C483":{"r":"ZJ803","t":"EUFI"},"C484":{"r":"ZJ804","t":"EUFI"},"C486":{"r":"ZJ806","t":"EUFI"},"C488":{"r":"ZJ808","t":"EUFI"},"C48C":{"r":"ZJ812","t":"EUFI"},"C48D":{"r":"ZJ813","t":"EUFI"},"C491":{"r":"ZJ911","t":"EUFI"},"C492":{"r":"ZJ912","t":"EUFI"},"C493":{"r":"ZJ913","t":"EUFI"},"C495":{"r":"ZJ915","t":"EUFI"},"C496":{"r":"ZJ916","t":"EUFI"},"C49A":{"r":"ZJ920","t":"EUFI"},"C4A5":{"r":"ZJ931","t":"EUFI"},"C4A7":{"r":"ZJ933","t":"EUFI"},"C4A8":{"r":"ZJ934","t":"EUFI"},"C4A9":{"r":"ZJ935","t":"EUFI"},"C4AD":{"r":"ZJ939","t":"EUFI"},"C4BA":{"r":"ZA718","t":"H47"},"C4BB":{"r":"ZA681","t":"H47"},"C4BC":{"r":"ZA710","t":"H47"},"C4BD":{"r":"ZA674","t":"H47"},"C4BE":{"r":"ZA714","t":"H47"},"C4BF":{"r":"ZA704","t":"H47"},"C4C0":{"r":"ZA671","t":"H47"},"C4C1":{"r":"ZA682","t":"H47"},"C4C2":{"r":"ZA675","t":"H47"},"C4C3":{"r":"ZA684","t":"H47"},"C4C4":{"r":"ZA677","t":"H47"},"C4C5":{"r":"ZA713","t":"H47"},"C4C6":{"r":"ZA679","t":"H47"},"C4C7":{"r":"ZD984","t":"H47"},"C4C8":{"r":"ZA712"},"C4CA":{"r":"ZA708","t":"H47"},"C4CC":{"r":"ZA720","t":"H47"},"C4CD":{"r":"ZD574","t":"H47"},"C4CE":{"r":"ZD983","t":"H47"},"C4CF":{"r":"ZD575","t":"H47"},"C4D0":{"r":"ZA680","t":"H47"},"C4D1":{"r":"ZA707","t":"H47"},"C4D2":{"r":"ZA711","t":"H47"},"C4D3":{"r":"ZD980","t":"H47"},"C4D5":{"r":"ZD981","t":"H47"},"C4D6":{"r":"ZA705","t":"H47"},"C4D7":{"r":"ZA683","t":"H47"},"C4D8":{"r":"ZA670","t":"H47"},"C4D9":{"r":"ZH775","t":"H47"},"C4DA":{"r":"ZH776","t":"H47"},"C4DB":{"r":"ZH777","t":"H47"},"C4DC":{"r":"ZH891","t":"H47"},"C4DD":{"r":"ZH892"},"C4DE":{"r":"ZH893","t":"H47"},"C4DF":{"r":"ZH894","t":"H47"},"C4E0":{"r":"ZH895","t":"H47"},"C4E1":{"r":"ZH896","t":"H47"},"C4E5":{"r":"XZ176","t":"LYNX"},"C4E8":{"r":"XZ179","t":"LYNX"},"C4E9":{"r":"XZ180","t":"LYNX"},"C4EA":{"r":"XZ182","t":"LYNX"},"C4EC":{"r":"XZ184","t":"LYNX"},"C4EE":{"r":"XZ190","t":"LYNX"},"C4EF":{"r":"XZ191","t":"LYNX"},"C4F0":{"r":"XZ192","t":"LYNX"},"C4F2":{"r":"XZ194","t":"LYNX"},"C4F4":{"r":"XZ196","t":"LYNX"},"C4F5":{"r":"XZ203","t":"LYNX"},"C4F8":{"r":"XZ208","t":"LYNX"},"C4FA":{"r":"XZ210","t":"LYNX"},"C4FB":{"r":"XZ211","t":"LYNX"},"C4FD":{"r":"XZ214","t":"LYNX"},"C4FE":{"r":"XZ215","t":"LYNX"},"C4FF":{"r":"XZ216","t":"LYNX"},"C500":{"r":"XZ217","t":"LYNX"},"C502":{"r":"XZ220","t":"LYNX"},"C503":{"r":"XZ221","t":"LYNX"},"C504":{"r":"XZ222","t":"LYNX"},"C505":{"r":"XZ605","t":"LYNX"},"C506":{"r":"XZ606","t":"LYNX"},"C508":{"r":"XZ608","t":"LYNX"},"C50B":{"r":"XZ612","t":"LYNX"},"C50F":{"r":"XZ617","t":"LYNX"},"C510":{"r":"XZ617","t":"LYNX"},"C511":{"r":"XZ641","t":"LYNX"},"C512":{"r":"XZ642","t":"LYNX"},"C513":{"r":"XZ643","t":"LYNX"},"C514":{"r":"XZ645","t":"LYNX"},"C517":{"r":"XZ651","t":"LYNX"},"C518":{"r":"XZ652","t":"LYNX"},"C519":{"r":"XZ653","t":"LYNX"},"C51A":{"r":"XZ654","t":"LYNX"},"C51C":{"r":"XZ661","t":"LYNX"},"C51E":{"r":"XZ669","t":"LYNX"},"C522":{"r":"XZ674","t":"LYNX"},"C523":{"r":"XZ675","t":"LYNX"},"C525":{"r":"XZ677","t":"LYNX"},"C527":{"r":"XZ679","t":"LYNX"},"C528":{"r":"XZ680","t":"LYNX"},"C52B":{"r":"ZD274","t":"LYNX"},"C52D":{"r":"ZD277","t":"LYNX"},"C52E":{"r":"ZD278","t":"LYNX"},"C530":{"r":"ZD280","t":"LYNX"},"C531":{"r":"ZD281","t":"LYNX"},"C532":{"r":"ZD282","t":"LYNX"},"C533":{"r":"ZD283","t":"LYNX"},"C534":{"r":"ZD284","t":"LYNX"},"C537":{"r":"ZE375","t":"LYNX"},"C538":{"r":"ZE378","t":"LYNX"},"C539":{"r":"ZE380","t":"LYNX"},"C53A":{"r":"ZF537","t":"LYNX"},"C53B":{"r":"ZF538","t":"LYNX"},"C53C":{"r":"ZF539","t":"LYNX"},"C53F":{"r":"ZG885","t":"LYNX"},"C542":{"r":"ZG888","t":"LYNX"},"C543":{"r":"ZG889","t":"LYNX"},"C544":{"r":"ZG914","t":"LYNX"},"C546":{"r":"ZG916","t":"LYNX"},"C547":{"r":"ZG917","t":"LYNX"},"C548":{"r":"ZG918","t":"LYNX"},"C54B":{"r":"ZG921","t":"LYNX"},"C54D":{"r":"ZG923","t":"LYNX"},"C54E":{"r":"ZK206","t":"B212"},"C550":{"r":"ZK013","t":"HAWK"},"C552":{"r":"ZK015","t":"HAWK"},"C554":{"r":"ZK017","t":"HAWK"},"C556":{"r":"ZK019","t":"HAWK"},"C557":{"r":"ZK020","t":"HAWK"},"C559":{"r":"ZK022","t":"HAWK"},"C55C":{"r":"ZK025","t":"HAWK"},"C55F":{"r":"ZK028","t":"HAWK"},"C560":{"r":"ZK029","t":"HAWK"},"C561":{"r":"ZK030","t":"HAWK"},"C562":{"r":"ZK031","t":"HAWK"},"C563":{"r":"ZK032","t":"HAWK"},"C564":{"r":"ZK033","t":"HAWK"},"C565":{"r":"ZK034","t":"HAWK"},"C567":{"r":"ZK036","t":"HAWK"},"C568":{"r":"ZK037","t":"HAWK"},"C56A":{"r":"ZH005","t":"BN2T"},"C5BA":{"r":"ZJ645","t":"AJET"},"C5BB":{"r":"ZJ646","t":"AJET"},"C5BC":{"r":"ZJ647","t":"AJET"},"C5BD":{"r":"ZJ648","t":"AJET"},"C5BE":{"r":"ZJ649","t":"AJET"},"C5C0":{"r":"ZJ651","t":"AJET"},"C5C1":{"r":"XX154","t":"HAWK"},"C5C2":{"r":"XX341","t":"HAWK"},"C5C3":{"r":"XX342","t":"HAWK"},"C5C4":{"r":"ZF510","t":"TUCA"},"C5C5":{"r":"ZF511","t":"TUCA"},"C5C7":{"r":"ZB506","t":"S61"},"C5C8":{"r":"ZF622","t":"PA31"},"C5CB":{"r":"XX449","t":"GAZL"},"C5CC":{"r":"XZ936","t":"GAZL"},"C5D0":{"r":"ZD902","t":"TOR"},"C5DA":{"r":"ZM400","t":"A400"},"C5F3":{"r":"QQ101","t":"RJ1H"},"C5F4":{"r":"ZH897","t":"H47"},"C5F5":{"r":"ZH898","t":"H47"},"C5F6":{"r":"ZH899","t":"H47"},"C5F7":{"r":"ZH900","t":"H47"},"C5F8":{"r":"ZH901","t":"H47"},"C5F9":{"r":"ZH902","t":"H47"},"C5FA":{"r":"ZH903","t":"H47"},"C5FB":{"r":"ZH904","t":"H47"},"C5FC":{"r":"ZJ242","t":"B412"},"C5FE":{"r":"ZJ238","t":"B412"},"C5FF":{"r":"ZJ236","t":"B412"},"C600":{"r":"ZJ235","t":"B412"},"C601":{"r":"ZJ237","t":"B412"},"C602":{"r":"ZJ239","t":"B412"},"C603":{"r":"ZJ240","t":"B412"},"C60E":{"r":"ZK306","t":"EUFI"},"C612":{"r":"ZJ990","t":"EH10"},"C613":{"r":"ZJ992","t":"EH10"},"C614":{"r":"ZJ994","t":"EH10"},"C615":{"r":"ZJ995","t":"EH10"},"C616":{"r":"ZJ998","t":"EH10"},"C617":{"r":"ZK001","t":"EH10"},"C618":{"r":"ZZ500","t":"B350"},"C619":{"r":"ZZ501","t":"B350"},"C61A":{"r":"ZZ502","t":"B350"},"C61B":{"r":"ZZ503","t":"B350"},"C61D":{"r":"ZZ504","t":"B350"},"C632":{"r":"ZH541","t":"S61"},"C634":{"r":"ZH543","t":"S61"},"C67F":{"r":"ZF244","t":"TUCA"},"C694":{"r":"ZF374","t":"TUCA"},"C6B5":{"r":"ZK455","t":"BE20"},"C6B6":{"r":"ZK456","t":"BE20"},"C6B7":{"r":"ZK460","t":"BE20"},"C6B8":{"r":"ZZ177","t":"C17"},"C6C5":{"r":"ZZ413","t":"LYNX"},"C6D3":{"r":"ZK320","t":"EUFI"},"C6D5":{"r":"ZK322","t":"EUFI"},"C6D8":{"r":"ZK325","t":"EUFI"},"C6D9":{"r":"ZK326","t":"EUFI"},"C6DA":{"r":"ZK327","t":"EUFI"},"C6E0":{"r":"ZZ376","t":"LYNX"},"C6F3":{"r":"ZZ330","t":"A332"},"C6F4":{"r":"ZZ331","t":"A332"},"C6F5":{"r":"ZZ332","t":"A332"},"C6F6":{"r":"ZZ333","t":"A332"},"C6F7":{"r":"ZZ334","t":"A332"},"C6F8":{"r":"ZZ335","t":"A332"},"C6FA":{"r":"ZZ337","t":"A332"},"C6FB":{"r":"ZZ338","t":"A332"},"C704":{"r":"ZE707","t":"B462"},"C705":{"r":"ZE708","t":"B462"},"C70B":{"r":"ZK349","t":"EUFI"},"C70E":{"r":"ZK383","t":"EUFI"},"C710":{"r":"ZJ253","t":"AS50"},"C711":{"r":"ZJ280","t":"AS50"},"C712":{"r":"ZJ279","t":"AS50"},"C714":{"r":"ZJ277","t":"AS50"},"C719":{"r":"ZJ272","t":"AS50"},"C71A":{"r":"ZJ271","t":"AS50"},"C71B":{"r":"ZJ270","t":"AS50"},"C71C":{"r":"ZJ269","t":"AS50"},"C71D":{"r":"ZJ268","t":"AS50"},"C71F":{"r":"ZJ266","t":"AS50"},"C725":{"r":"ZJ257","t":"AS50"},"C726":{"r":"ZJ256","t":"AS50"},"C727":{"r":"ZJ255","t":"AS50"},"C728":{"r":"ZJ254","t":"AS50"},"C72B":{"r":"ZJ250","t":"AS50"},"C72D":{"r":"ZJ248","t":"AS50"},"C72E":{"r":"ZJ246","t":"AS50"},"C72F":{"r":"ZJ245","t":"AS50"},"C739":{"r":"ZK311","t":"EUFI"},"C743":{"r":"ZJ947","t":"EUFI"},"C77C":{"r":"ZK353","t":"EUFI"},"CAE8":{"r":"ZK334","t":"EUFI"},"CAED":{"r":"ZK339","t":"EUFI"},"E716":{"r":"M-ICRO","t":"C25A"},"E717":{"r":"M-ELON","t":"C25B"},"E718":{"r":"M-BWFC","t":"C56X"},"E719":{"r":"M-ERRY","t":"S76"},"E71A":{"r":"M-XONE","t":"C25A"},"E71B":{"r":"M-AGIC","t":"C680"},"E71C":{"r":"M-ANIN","t":"TRIN"},"E71D":{"r":"M-MANX","t":"C421"},"E71E":{"r":"M-HDAM","t":"H25B"},"E71F":{"r":"M-YNJC","t":"E135"},"E720":{"r":"M-YSKY","t":"PRM1"},"E721":{"r":"M-GULF","t":"GLF4"},"E722":{"r":"M-SAIR","t":"F900"},"E723":{"r":"M-NEWT","t":"CL30"},"E724":{"r":"M-FALC","t":"F900"},"E726":{"r":"M-ICKY","t":"PC12"},"E727":{"r":"M-IDAS","t":"A109"},"E728":{"r":"M-ACPT","t":"H25C"},"E72A":{"r":"M-SKSM","t":"GL5T"},"E72B":{"r":"M-RURU","t":"F900"},"E72D":{"r":"M-CHEM","t":"F2TH"},"E72E":{"r":"M-HAWK","t":"H25B"},"E730":{"r":"M-OTOR","t":"BE9L"},"E731":{"r":"M-ERIT","t":"A139"},"E732":{"r":"M-FLYI","t":"B350"},"E733":{"r":"M-DASO","t":"FA50"},"E734":{"r":"M-NINE","t":"BE55"},"E735":{"r":"M-BIGG","t":"CL60"},"E736":{"r":"M-AJDM","t":"C25A"},"E73D":{"r":"M-RLIV","t":"CL60"},"E73E":{"r":"M-YEDT","t":"ASTR"},"E73F":{"r":"M-IFES","t":"CL60"},"E742":{"r":"M-GLRS","t":"LJ45"},"E743":{"r":"M-YJET","t":"F2TH"},"E744":{"r":"M-JETI","t":"H25B"},"E747":{"r":"M-EIRE","t":"CL60"},"E748":{"r":"M-WMWM","t":"C25A"},"E749":{"r":"M-USCA","t":"TBM8"},"E74A":{"r":"M-EGGA","t":"BE20"},"E74B":{"r":"M-LEKT","t":"DR40"},"E74C":{"r":"M-YAIR","t":"PRM1"},"E74D":{"r":"M-STCO","t":"F2TH"},"E74E":{"r":"M-JMMM","t":"F900"},"E74F":{"r":"M-LJGI","t":"F2TH"},"E750":{"r":"M-AJOR","t":"H25B"},"E751":{"r":"M-INOR","t":"H25B"},"E752":{"r":"M-SMJJ","t":"C414"},"E753":{"r":"M-USHY","t":"C441"},"E755":{"r":"M-TEAM","t":"C525"},"E756":{"r":"M-IFLY","t":"PC12"},"E757":{"r":"M-ALUN","t":"H25B"},"E758":{"r":"M-NOEL","t":"CL30"},"E75B":{"r":"M-FIVE","t":"B350"},"E75E":{"r":"M-ONTY","t":"S76"},"E75F":{"r":"M-NATH","t":"E135"},"E760":{"r":"M-TSRI","t":"BE9L"},"E764":{"r":"M-FZMH","t":"CRJ2"},"E769":{"r":"M-FMHG","t":"GLF4"},"E76A":{"r":"M-GPIK","t":"FA50"},"E76B":{"r":"M-URUS","t":"B737"},"E76C":{"r":"M-AXIM","t":"C206"},"E76D":{"r":"M-MIKE","t":"C25B"},"E76E":{"r":"M-GBAL","t":"GLEX"},"E76F":{"r":"M-GLAS","t":"BE9L"},"E770":{"r":"M-YGTS","t":"SR20"},"E777":{"r":"M-SKZL","t":"CL60"},"E778":{"r":"M-SHEP","t":"TBM8"},"E77A":{"r":"M-IABU","t":"A343"},"E77D":{"r":"M-OLTT","t":"PC12"},"E77E":{"r":"M-HARP","t":"PC12"},"E781":{"r":"M-ONAV","t":"H25B"},"E782":{"r":"M-AMND","t":"F2TH"},"E783":{"r":"M-PRVT","t":"C750"},"E785":{"r":"M-OSPB","t":"GALX"},"E787":{"r":"M-SSSV","t":"LJ60"},"E788":{"r":"M-LNDN","t":"EC55"},"E789":{"r":"M-WOOD","t":"C550"},"E78A":{"r":"M-DSCL","t":"E135"},"E78B":{"r":"M-JANP","t":"GLEX"},"E78C":{"r":"M-HOIL","t":"LJ60"},"E78D":{"r":"M-ABCD","t":"FA20"},"E78E":{"r":"M-OODY","t":"C25B"},"E78F":{"r":"M-BLUE","t":"GL5T"},"E790":{"r":"M-LEAR","t":"LJ31"},"E792":{"r":"M-ALRV","t":"F2TH"},"E793":{"r":"M-ONEM","t":"GLF5"},"E794":{"r":"M-IKEY","t":"AS65"},"E795":{"r":"M-CRVS","t":"GLEX"},"E797":{"r":"M-WLLM","t":"BE9L"},"E798":{"r":"M-ISLE","t":"C680"},"E799":{"r":"M-SMKM","t":"SR20"},"E79A":{"r":"M-LAOR","t":"H25A"},"E79B":{"r":"M-FINK","t":"H25C"},"E79C":{"r":"M-SALE","t":"GL5T"},"E7A0":{"r":"M-ARTY","t":"PC12"},"E7A1":{"r":"M-KARN","t":"CL60"},"E7A2":{"r":"M-SNER","t":"F2TH"},"E7A3":{"r":"M-OOUN","t":"H25B"},"E7A4":{"r":"M-VRNY","t":"GLF5"},"E7A5":{"r":"M-FOUR","t":"BE36"},"E7A6":{"r":"M-ISLA","t":"CRJ2"},"E7A7":{"r":"M-NGSN","t":"PC12"},"E7A8":{"r":"M-ONTI","t":"BE9L"},"E7A9":{"r":"M-AZAG","t":"H25B"},"E7AA":{"r":"M-MSGG","t":"GALX"},"E7AB":{"r":"M-RBUS","t":"A319"},"E7AE":{"r":"M-BFLY","t":"CL30"},"E7AF":{"r":"M-INXY","t":"E50P"},"E7B0":{"r":"M-AIRS","t":"LJ60"},"E7B1":{"r":"M-TRIX","t":"CL60"},"E7B2":{"r":"M-GZOO","t":"GALX"},"E7B3":{"r":"M-LION","t":"H25B"},"E7B4":{"r":"M-CLAA","t":"H25B"},"E7B5":{"r":"M-ROLL","t":"FA7X"},"E7B6":{"r":"M-PRIT","t":"PC12"},"E7B7":{"r":"M-HSNT","t":"CL30"},"E7B9":{"r":"M-YBUB","t":"PC12"},"E7BA":{"r":"M-KATE","t":"A319"},"E7BB":{"r":"M-TOPI","t":"CL60"},"E7BC":{"r":"M-FPIA","t":"GLF5"},"E7BD":{"r":"M-ILES","t":"F2TH"},"E7BE":{"r":"M-NHOI","t":"CL60"},"E7BF":{"r":"M-AGGY","t":"C550"},"E7C0":{"r":"M-WONE","t":"GLF4"},"E7C4":{"r":"M-YGIV","t":"GLF4"},"E7C5":{"r":"M-SPEX","t":"B350"},"E7C6":{"r":"M-OLEG","t":"E135"},"E7C7":{"r":"M-DINO","t":"C525"},"E7C9":{"r":"M-TOMS","t":"C208"},"E7CA":{"r":"M-ANTA","t":"CRJ2"},"E7CB":{"r":"M-FAHD","t":"B721"},"E7CC":{"r":"M-AKAK","t":"E135"},"E7CD":{"r":"M-ASRI","t":"GLEX"},"E7CE":{"r":"M-ODKZ","t":"F900"},"E7CF":{"r":"M-FRZN","t":"H25B"},"E7D0":{"r":"M-TSGP","t":"C25A"},"E7D1":{"r":"M-ZUMO","t":"PC12"},"E7D2":{"r":"M-WHAT","t":"EC35"},"E7D3":{"r":"M-SAIL","t":"PC12"},"E7D4":{"r":"M-ABCL","t":"A319"},"E7D5":{"r":"M-IIII","t":"F2TH"},"E7D6":{"r":"M-JOLY","t":"H25B"},"E7D8":{"r":"M-EANS","t":"CL30"},"E7D9":{"r":"M-VBPO","t":"PRM1"},"E7DA":{"r":"M-VBBQ","t":"PRM1"},"E7DB":{"r":"M-GYQM","t":"GLEX"},"E7DC":{"r":"M-MMAS","t":"GLEX"},"E7DD":{"r":"M-SPEC","t":"B350"},"E7DE":{"r":"M-ARIE","t":"CL60"},"E7DF":{"r":"M-KELY","t":"E50P"},"E7E0":{"r":"M-MHMH","t":"C25B"},"E7E1":{"r":"M-UPCO","t":"C25B"},"E7E2":{"r":"M-ALLB","t":"PC12"},"E7E3":{"r":"M-JSTA","t":"CL60"},"E7E4":{"r":"M-SVGN","t":"C680"},"E7E6":{"r":"M-YONE","t":"CL60"},"E7E7":{"r":"M-MHDH","t":"C510"},"E7E9":{"r":"M-NICO","t":"H25B"},"E7EA":{"r":"M-VSSK","t":"CL60"},"E7EB":{"r":"M-YBBJ","t":"B737"},"E7EC":{"r":"M-YHOP","t":"A109"},"E7ED":{"r":"M-SURF","t":"PC12"},"E7EE":{"r":"M-CLAB","t":"CL30"},"E7EF":{"r":"M-ATAK","t":"GL5T"},"E7F0":{"r":"M-USTG","t":"C510"},"E7F1":{"r":"M-JCPO","t":"H25B"},"E7F3":{"r":"M-NLYY","t":"PAY4"},"E7F4":{"r":"M-OPAL","t":"PC12"},"E7F5":{"r":"M-YBST","t":"CL60"},"E7F6":{"r":"M-JACK","t":"BE20"},"E7F7":{"r":"M-APWC","t":"LJ60"},"E7F8":{"r":"M-FRED","t":"C560"},"E7FA":{"r":"M-IPHS","t":"GLF5"},"E7FB":{"r":"M-EMLI","t":"CL60"},"E7FD":{"r":"M-FROG","t":"PRM1"},"E7FE":{"r":"M-YTOY","t":"E50P"},"E7FF":{"r":"M-ABCM","t":"CL30"},"E80A":{"r":"M-KENF","t":"HA4T"},"E80B":{"r":"M-SGCR","t":"C550"},"E80C":{"r":"M-IGHT","t":"LJ60"},"E80D":{"r":"M-YAAA","t":"GLEX"},"E80E":{"r":"M-YFLY","t":"CL30"},"E80F":{"r":"M-AGER","t":"FA50"},"E810":{"r":"M-STAR","t":"B722"},"E811":{"r":"M-PAUL","t":"HA4T"},"E812":{"r":"M-LVIA","t":"AS65"},"E815":{"r":"M-ABAK","t":"F2TH"},"E816":{"r":"M-COOL","t":"C510"},"E818":{"r":"M-VQBI","t":"GLEX"},"E819":{"r":"M-YRGL","t":"E170"},"E81B":{"r":"M-YRGN","t":"E170"},"E81D":{"r":"M-ASRY","t":"C25B"},"E81E":{"r":"M-YGLK","t":"GLF4"},"E820":{"r":"M-IRNE","t":"H25B"},"E821":{"r":"M-JSMN","t":"GL5T"},"E822":{"r":"M-YSAI","t":"GL5T"},"E825":{"r":"M-NOLA","t":"CL60"},"E826":{"r":"M-RACE","t":"H25B"},"E827":{"r":"M-UKHA","t":"H25B"},"E828":{"r":"M-ABCT","t":"GLF4"},"E829":{"r":"M-AFAJ","t":"F900"},"E82A":{"r":"M-EILA","t":"PC12"},"E82B":{"r":"M-MACH","t":"E50P"},"E82C":{"r":"M-SBAH","t":"E190"},"E82E":{"r":"M-NYJT","t":"CL30"},"E830":{"r":"M-YNNS","t":"FA7X"},"E831":{"r":"M-YUNI","t":"CL60"},"E832":{"r":"M-CIRU","t":"SR20"},"E833":{"r":"M-EXPL","t":"AS55"},"E834":{"r":"M-ISKY","t":"C550"},"E835":{"r":"M-CICO","t":"FA50"},"E836":{"r":"M-ABCU","t":"CL60"},"E83B":{"r":"M-OOSE","t":"P46T"},"E83C":{"r":"M-KICK","t":"E50P"},"E83D":{"r":"M-TAKE","t":"CRJ2"},"E83E":{"r":"M-SCMG","t":"FA7X"},"E83F":{"r":"M-GVSP","t":"GLF5"},"E84C":{"r":"M-KRRR","t":"LJ55"},"E84E":{"r":"M-MTOO","t":"CL30"},"E851":{"r":"M-BEST","t":"C750"},"E852":{"r":"M-TNTJ","t":"LJ55"},"E853":{"r":"M-OLLE","t":"H25B"},"E854":{"r":"M-IVSP","t":"GLF4"},"E855":{"r":"M-URKA","t":"S76"},"E856":{"r":"M-OZZA","t":"CL30"},"E857":{"r":"M-LRJT","t":"LJ45"},"E858":{"r":"M-JNJL","t":"GLEX"},"E859":{"r":"M-SPOR","t":"BE20"},"E85A":{"r":"M-RCCG","t":"E135"},"E85B":{"r":"M-DEJB","t":"FA20"},"E85C":{"r":"M-GRAN","t":"GL5T"},"E85D":{"r":"M-AKAR","t":"S76"},"E85E":{"r":"M-ERCI","t":"CL60"},"E85F":{"r":"M-YWAY","t":"GLF4"},"E860":{"r":"M-KPCO","t":"E135"},"E861":{"r":"M-ANGO","t":"CL60"},"E862":{"r":"M-HOTB","t":"GLF5"},"E863":{"r":"M-YSKY","t":"GLEX"},"E864":{"r":"M-SRNE","t":"EC45"},"E865":{"r":"M-TFKR","t":"GLF5"},"E86B":{"r":"M-ALMA","t":"FA7X"},"E86C":{"r":"M-XHEC","t":"EC55"},"E86D":{"r":"M-OUSE","t":"C510"},"E86F":{"r":"M-AAAD","t":"CL60"},"E871":{"r":"M-ARIE","t":"PC12"},"E872":{"r":"M-FBVZ","t":"CL60"},"E873":{"r":"M-ATOS","t":"F900"},"E874":{"r":"M-ESGR","t":"E135"},"E875":{"r":"M-CEXL","t":"C56X"},"E876":{"r":"M-SNAP","t":"C56X"},"E877":{"r":"M-EDOK","t":"CL30"},"E878":{"r":"M-WING","t":"F2TH"},"E879":{"r":"M-DADI","t":"F900"},"E87A":{"r":"M-PBKI","t":"GLF4"},"E87B":{"r":"M-SYGB","t":"BE20"},"E87E":{"r":"M-ONEY","t":"A109"},"E87F":{"r":"M-AIRU","t":"CL60"},"E880":{"r":"M-ERIL","t":"PC12"},"E881":{"r":"M-HELI","t":"EC55"},"E884":{"r":"M-MNAA","t":"GLEX"},"E885":{"r":"M-MNBB","t":"FA7X"},"E886":{"r":"M-MNDD","t":"F900"},"E887":{"r":"M-MNCC","t":"FA7X"},"E888":{"r":"M-ALEX","t":"LJ60"},"E889":{"r":"M-MOMO","t":"GLF5"},"E88A":{"r":"M-GLOB","t":"GLEX"},"E88B":{"r":"M-UNIS","t":"GLEX"},"E88C":{"r":"M-HNOY","t":"CL60"},"E88E":{"r":"M-GOLX","t":"F2TH"},"E88F":{"r":"M-AMAN","t":"PC12"},"E890":{"r":"M-MRBB","t":"LJ45"},"E891":{"r":"M-RUAT","t":"GLEX"},"E892":{"r":"M-MDDE","t":"CL60"},"E895":{"r":"M-GLEX","t":"GLEX"},"E898":{"r":"M-EAGL","t":"F900"},"E89A":{"r":"M-IKEL","t":"F2TH"},"E89B":{"r":"M-VICA","t":"CL60"},"E89C":{"r":"M-RIDE","t":"GL5T"},"E89E":{"r":"M-RONE","t":"F2TH"},"E8A0":{"r":"M-YZZT","t":"SR22"},"E8A1":{"r":"M-ABDL","t":"HA4T"},"E8A2":{"r":"M-MTPO","t":"CL60"},"E8A4":{"r":"M-AUTO","t":"LJ60"},"E8A5":{"r":"M-RSKL","t":"GLEX"},"E8A7":{"r":"M-INXS","t":"H25B"},"E8A8":{"r":"M-ARRJ","t":"GLEX"},"E8A9":{"r":"M-CCCP","t":"GL5T"},"E8AA":{"r":"M-ABDN","t":"C25B"},"E8AB":{"r":"M-DARA","t":"F2TH"},"E8AC":{"r":"M-BETS","t":"AC95"},"E8AE":{"r":"M-LEYS","t":"BE9L"},"E8AF":{"r":"M-RWGW","t":"LJ45"},"E8B1":{"r":"M-CELT","t":"FA7X"},"E8B2":{"r":"M-YCUP","t":"E135"},"E8B3":{"r":"M-EVAN","t":"CL30"},"E8B5":{"r":"M-ABDP","t":"H25B"},"E8B6":{"r":"M-ABDO","t":"B738"},"E8B8":{"r":"M-ROWL","t":"F2TH"},"E8BA":{"r":"M-IKAT","t":"F2TH"},"E8BB":{"r":"M-RKAY","t":"PRM1"},"E8BC":{"r":"M-CRDL","t":"GLF4"},"E8BD":{"r":"M-TOMS","t":"PC12"},"E8BE":{"r":"M-BTLT","t":"CL30"},"E8BF":{"r":"M-ICRO","t":"C25A"},"E8C0":{"r":"M-BXRH","t":"C185"},"E8C3":{"r":"M-RLDR","t":"PC12"},"E8C5":{"r":"M-OMOO","t":"S76"},"E8C6":{"r":"M-TANA","t":"F2TH"},"E8C7":{"r":"M-YBJK","t":"GLF5"},"E8C8":{"r":"M-ARIE","t":"PC12"},"E8CA":{"r":"M-PREI","t":"PRM1"},"E8CB":{"r":"M-KING","t":"BE9L"},"E8CC":{"r":"M-YULI","t":"GLEX"},"E8CF":{"r":"M-SAPT","t":"H25B"},"E8D0":{"r":"M-MIDO","t":"H25B"},"E8D1":{"r":"M-NICE","t":"GALX"},"E8D5":{"r":"M-POWR","t":"BE9L"},"E8D9":{"r":"M-AJWA","t":"GL5T"},"E8DA":{"r":"M-ASHI","t":"CL60"},"E8DB":{"r":"M-ECJI","t":"FA10"},"E8DC":{"r":"M-AAES","t":"CL60"},"E8DE":{"r":"M-JETZ","t":"F2TH"},"E8E2":{"r":"M-ATPS","t":"GLF5"},"E8E3":{"r":"M-ARIA","t":"H25B"},"E8E5":{"r":"M-ABEB","t":"F900"},"E8E6":{"r":"M-TNGO","t":"CL60"},"E8E7":{"r":"M-IMAK","t":"E135"},"E8E8":{"r":"M-DAVE","t":"PC12"},"E8EA":{"r":"M-ABEE","t":"A321"},"E8EB":{"r":"M-LIFE","t":"CL30"},"E8EC":{"r":"M-ABEC","t":"E135"},"E8EE":{"r":"M-ROMA","t":"LJ45"},"E8F1":{"r":"M-IGWT","t":"GLEX"},"E8F4":{"r":"M-NIKO","t":"F2TH"},"E8F8":{"r":"M-OMAN","t":"FA7X"},"E8FB":{"r":"M-ABCD","t":"F2TH"},"E8FC":{"r":"M-JIGG","t":"GLF5"},"E8FE":{"r":"M-OUTH","t":"DA42"},"E900":{"r":"M-WING","t":"F900"},"E901":{"r":"M-STEP","t":"G150"},"E905":{"r":"M-SFAM","t":"MD87"},"E906":{"r":"M-ANGA","t":"E135"},"E907":{"r":"M-TSRI","t":"BE9L"},"E908":{"r":"M-DRIL","t":"PC12"},"E90C":{"r":"M-XJOB","t":"F2TH"},"E90D":{"r":"M-ABEU","t":"LJ45"},"E90E":{"r":"M-ABES","t":"B735"},"E90F":{"r":"M-ILTD","t":"GALX"},"E910":{"r":"M-FASH","t":"F900"},"E913":{"r":"M-PZPZ","t":"GLF4"},"E914":{"r":"M-LENR","t":"BE20"},"E918":{"r":"M-YCEF","t":"H25B"},"E91B":{"r":"M-ARCH","t":"C750"},"E91C":{"r":"M-RISE","t":"B752"},"E921":{"r":"M-NSJS","t":"C25C"},"E924":{"r":"M-NALE","t":"GLEX"},"E925":{"r":"M-GDRS","t":"PRM1"},"E926":{"r":"M-DMMH","t":"C680"},"E927":{"r":"M-APLE","t":"E55P"},"E928":{"r":"M-MNAA","t":"GLEX"},"E92D":{"r":"M-WINT","t":"PC12"},"E92E":{"r":"M-ORAD","t":"F2TH"},"E92F":{"r":"M-HHHH","t":"A318"},"E931":{"r":"M-AKOL","t":"FA7X"},"E934":{"r":"M-EMCT","t":"C560"},"E935":{"r":"M-PMPM","t":"E135"},"E938":{"r":"M-DWSF","t":"B430"},"E939":{"r":"M-BTAR","t":"GLEX"},"E93B":{"r":"M-ARKZ","t":"CL60"},"E93E":{"r":"M-SAPL","t":"CL60"},"E93F":{"r":"M-ARAE","t":"GLF4"},"E941":{"r":"M-IWPS","t":"C25A"},"E942":{"r":"M-ABFM","t":"FA7X"},"E943":{"r":"M-SSSR","t":"GLEX"},"E945":{"r":"M-SEAS","t":"GL5T"},"E946":{"r":"M-WATJ","t":"BE20"},"E947":{"r":"M-LWSA","t":"GLEX"},"E948":{"r":"M-JGVJ","t":"GL5T"},"E949":{"r":"M-OLLY","t":"C525"},"E94E":{"r":"M-ABFL","t":"A332"},"E94F":{"r":"M-LOOK","t":"CL60"},"E950":{"r":"M-LAAA","t":"GLEX"},"E951":{"r":"M-SWAN","t":"GALX"},"E956":{"r":"M-MDMH"},"E957":{"r":"M-STCO","t":"F2TH"},"E958":{"r":"M-USBA","t":"GLF5"},"E959":{"r":"M-CKDM","t":"G150"},"E95A":{"r":"M-VGIN","t":"FA50"},"E95B":{"r":"M-AYRU","t":"CL60"},"E95C":{"r":"M-SNSS","t":"FA50"},"E95F":{"r":"M-YTAF","t":"BE36"},"E961":{"r":"M-SITM","t":"H25B"},"E964":{"r":"M-ABFO","t":"BE40"},"E968":{"r":"M-IGWT","t":"GL5T"},"E969":{"r":"M-KBBG","t":"GLF4"},"E96A":{"r":"M-BISA","t":"PC12"},"E96B":{"r":"M-BIGG","t":"GL5T"},"E96F":{"r":"M-YBLS","t":"PC12"},"E971":{"r":"M-AQUA","t":"GL5T"},"E972":{"r":"M-CDZT","t":"BE20"},"E974":{"r":"M-ALAY","t":"GLF5"},"E975":{"r":"M-ALEN","t":"E35L"},"E978":{"r":"M-OIWA","t":"CL30"},"E97A":{"r":"M-ABFR","t":"GLEX"},"E97C":{"r":"M-USIC","t":"GLF5"},"E97D":{"r":"M-YORK","t":"FA7X"},"E97E":{"r":"M-IMOR","t":"C680"},"E97F":{"r":"M-CTLX","t":"C25A"},"E982":{"r":"M-AHAH","t":"GLEX"},"E984":{"r":"M-FRED","t":"P180"},"E985":{"r":"M-DTBP","t":"FA7X"},"E989":{"r":"M-ARIA","t":"C680"},"E98A":{"r":"M-MNDG","t":"GLF4"},"E98B":{"r":"M-SAID","t":"GL5T"},"E98C":{"r":"M-CDFY","t":"BE20"},"E990":{"r":"M-AVOS","t":"GLF4"},"E991":{"r":"M-UGIC","t":"GLF5"},"E992":{"r":"M-WFAM","t":"CL60"},"E994":{"r":"M-LJGI","t":"FA7X"},"E996":{"r":"M-VAKE"},"E997":{"r":"M-WING","t":"F900"},"E998":{"r":"M-BRRB","t":"GL5T"},"E999":{"r":"M-CARA","t":"C525"},"E99A":{"r":"M-DADA","t":"GLEX"},"E99D":{"r":"M-GLFZ","t":"LJ60"},"E9A3":{"r":"M-INTS","t":"E135"},"E9A4":{"r":"M-CESA","t":"C56X"},"E9A6":{"r":"M-ARDI","t":"GLF5"},"E9A7":{"r":"M-SAWO","t":"GLF5"},"E9AA":{"r":"M-ARRH","t":"CL30"},"E9AB":{"r":"M-ABGG","t":"CL60"},"E9AD":{"r":"M-ASIK","t":"G280"},"E9AF":{"r":"M-EDIA","t":"FA7X"},"E9B1":{"r":"M-GSIX","t":"GLF6"},"E9B3":{"r":"M-FLYI","t":"C25C"},"E9B5":{"r":"M-FRZN","t":"CL60"},"E9B7":{"r":"M-CESC","t":"C56X"},"E9B9":{"r":"M-GLFV","t":"GLF5"},"E9BC":{"r":"M-MDBD","t":"GLEX"},"E9BE":{"r":"M-NELS","t":"GLF4"},"E9C1":{"r":"M-AZIA","t":"C25C"},"E9C2":{"r":"M-OEPL","t":"F900"},"E9C3":{"r":"M-CRAO","t":"B350"},"E9C6":{"r":"M-EBRB","t":"F900"},"E9CA":{"r":"M-PPBA","t":"E135"},"E9CB":{"r":"M-MNVN","t":"GLF4"},"E9CC":{"r":"M-IIII","t":"GLEX"},"E9CD":{"r":"M-KSSN","t":"GLF6"},"E9CE":{"r":"M-USIK","t":"GLF6"},"E9CF":{"r":"M-ARIE","t":"BE20"},"E9D0":{"r":"M-ANGO","t":"GL5T"},"E9D1":{"r":"M-OBIL","t":"C25C"},"E9D2":{"r":"M-OLOT","t":"CL60"},"E9D3":{"r":"M-BAEP","t":"CL60"},"E9D4":{"r":"M-ABGZ","t":"F900"},"E9D5":{"r":"M-JCBB","t":"GLF6"},"E9D7":{"r":"M-ABGS","t":"CL60"},"E9DC":{"r":"M-TINK","t":"F2TH"},"E9DE":{"r":"M-AAKV","t":"E135"},"E9DF":{"r":"M-JCBC","t":"S76"},"E9E3":{"r":"M-ELON","t":"E55P"},"E9E4":{"r":"M-YBUS","t":"A320"},"E9E8":{"r":"M-IUNI","t":"GL5T"},"E9E9":{"r":"M-SSYS","t":"C25C"},"E9F2":{"r":"M-CCCV","t":"PC12"},"E9F6":{"r":"M-PDCS","t":"F2TH"},"E9FD":{"r":"M-NNNN","t":"GLF6"},"E9FE":{"r":"M-AGIK","t":"F900"},"E9FF":{"r":"M-YFTA","t":"GLEX"},"EA02":{"r":"M-OBLA","t":"H25B"},"EA04":{"r":"M-ZZOO","t":"GALX"},"EA05":{"r":"M-YUMN","t":"F2TH"},"EA06":{"r":"M-ABGV","t":"LJ45"},"EA07":{"r":"M-SAMA"},"EA08":{"r":"M-FINE"},"EA0A":{"r":"M-YSKY","t":"GLEX"},"EA0B":{"r":"M-ATEX","t":"F900"},"EA0C":{"r":"M-OTOR","t":"BE20"},"EA0D":{"r":"M-SEVN","t":"CL60"},"EA10":{"r":"M-ANAP","t":"E55P"},"EA11":{"r":"M-AKAL","t":"C56X"},"EA12":{"r":"M-IFFY","t":"C510"},"EA14":{"r":"M-CTEM","t":"H25B"},"EA15":{"r":"M-GSIR","t":"F900"},"EA16":{"r":"M-LVNA","t":"EC55"},"EA19":{"r":"M-WIND","t":"GLF6"},"EA1B":{"r":"M-BASH","t":"CL60"},"EA1C":{"r":"M-OCOM","t":"CL60"},"EA1D":{"r":"M-PECL","t":"GLEX"},"EA1E":{"r":"M-ALTI","t":"CL60"},"EA1F":{"r":"M-FALZ","t":"FA7X"},"EA20":{"r":"M-HOME","t":"GLEX"},"EA21":{"r":"M-IBID","t":"GL5T"},"EA23":{"r":"M-VGAL"},"EA28":{"r":"M-JMIA","t":"CL60"},"EA2B":{"r":"M-IAMI","t":"FA7X"},"EA2F":{"r":"M-BRVO","t":"C550"},"EA34":{"r":"M-HRPN","t":"B429"},"EA36":{"r":"M-INSK"},"EA3A":{"r":"M-ARIE","t":"H25B"},"EA40":{"r":"M-SPEC","t":"B350"},"EA43":{"r":"M-SPEK","t":"B350"},"EA44":{"r":"M-GCAP","t":"P180"},"EA45":{"r":"M-DMBP","t":"LJ40"},"EA4A":{"r":"M-EDZE","t":"GLEX"},"EA4E":{"r":"M-HPIN","t":"E55P"},"EA4F":{"r":"M-RLEE","t":"BE9L"},"EA51":{"r":"M-ERCI","t":"GLEX"},"EA5B":{"r":"M-DSTZ","t":"CL60"},"EA5F":{"r":"M-ABJL","t":"GLF6"},"EA60":{"r":"M-AERO","t":"F2TH"},"EA61":{"r":"M-ABRJ","t":"GLF4"},"EA62":{"r":"M-LCFC","t":"B737"},"EA70":{"r":"M-INTY","t":"G280"},"EA72":{"r":"M-OCNY","t":"CL35"},"EA78":{"r":"M-SEXY","t":"E35L"},"EA85":{"r":"M-RBIG","t":"LJ45"},"EA86":{"r":"M-ABJA","t":"LJ45"},"EA87":{"r":"M-CNZI","t":"GLEX"},"EA8B":{"r":"M-RTFS","t":"FA7X"},"EA97":{"r":"M-MSVI","t":"C25B"},"EA9A":{"r":"M-CVGL","t":"GL5T"},"EA9C":{"r":"M-CITI","t":"GL5T"},"EA9E":{"r":"M-CKSB","t":"F2TH"},"EAA1":{"r":"M-AAAM","t":"CL60"},"EAA3":{"r":"M-GAGA","t":"GLF6"},"EAAD":{"r":"M-ATTI","t":"TBM9"},"EACC":{"r":"M-LLMW","t":"B350"},"EACD":{"r":"M-RRRR","t":"GLEX"},"EACE":{"r":"M-YFLY","t":"PC12"},"EAD1":{"r":"M-MEVA","t":"C560"},"EAD2":{"r":"M-LLIN","t":"GLEX"},"EAD6":{"r":"M-ULTI","t":"GLEX"},"EAD9":{"r":"M-ILLA","t":"BE40"},"EADA":{"r":"M-OVIE","t":"GLF6"},"EADE":{"r":"M-ILTA","t":"F900"},"EAE0":{"r":"M-LWSG","t":"GLEX"},"EAE4":{"r":"M-VITB","t":"GLF6"},"EAE7":{"r":"M-INNI","t":"LJ60"},"EAE8":{"r":"M-MIKE","t":"C25C"},"EAE9":{"r":"M-ATEX","t":"FA8X"},"EAF5":{"r":"M-SETT","t":"GL5T"},"EAF6":{"r":"M-ALTH","t":"GLEX"},"EAFA":{"r":"M-SURE","t":"FA7X"},"EB00":{"r":"2-HIGH","t":"SR20"},"EB0C":{"r":"2-BYDF","t":"S76"},"EB0D":{"r":"2-TRAV","t":"GLF4"},"EB12":{"r":"2-CHEZ","t":"P28A"},"EB4A":{"r":"2-MATO","t":"GL5T"},"EB6D":{"r":"2-MUST","t":"C510"},"EB76":{"r":"2-DEER","t":"B788"},"EB7B":{"r":"2-FPLF","t":"B350"},"EB83":{"r":"2-JSEG","t":"EA50"},"EB96":{"r":"2-MSTG","t":"C510"},"EB9F":{"r":"2-NYAW","t":"FA50"},"EBBF":{"r":"2-WOOD","t":"C55B"},"EBC1":{"r":"2-LIVE","t":"PC12"},"EBCC":{"r":"2-TBMI","t":"TBM9"},"EC2E":{"r":"2-RNWL","t":"C25M"},"EC3F":{"r":"2-CLEV","t":"C25A"},"EC44":{"r":"2-TSSA","t":"B762"},"EC47":{"r":"2-EALC","t":"A346"},"EC4D":{"r":"2-KYCM","t":"GLF6"},"EC52":{"r":"2-UTMH","t":"B738"},"EC66":{"r":"2-RLAY","t":"A332"},"EC6D":{"r":"2-GGGT","t":"C560"},"EC6F":{"r":"2-RLBC","t":"A345"},"EC73":{"r":"2-TRVL","t":"CL60"},"EC85":{"r":"2-JEZA","t":"EA50"},"EC92":{"r":"2-YAYA","t":"GLF4"},"ECD1":{"r":"2-OTWO","t":"H25B"},"ECD8":{"r":"2-SLOW","t":"CL60"},"ECE7":{"r":"2-TJEH","t":"B77W"},"ECF3":{"r":"2-KSFR","t":"GLEX"},"ECF5":{"r":"2-FIFI","t":"BE20"},"ED08":{"r":"2-CLRK","t":"EA50"},"ED0B":{"r":"2-FAST","t":"P180"},"ED0D":{"r":"2-FEEL","t":"SF50"},"ED51":{"r":"2-EMBR","t":"E55P"},"ED52":{"r":"2-JRSY","t":"E550"},"ED56":{"r":"2-DRDR","t":"SF50"},"ED58":{"r":"2-TAKA","t":"EA50"},"ED69":{"r":"2-HJCH","t":"F70"},"ED90":{"r":"2-BPDX","t":"B738"},"EDBA":{"r":"2-OOOX","t":"F2TH"},"EDC8":{"r":"2-RLBX","t":"E75S"},"EDCB":{"r":"2-VSLQ","t":"A320"},"EDD1":{"r":"2-DAVE","t":"EA50"},"EDD9":{"r":"2-TABS","t":"EA50"},"EDDA":{"r":"2-LISS","t":"EA50"},"EDE1":{"r":"2-DEWS","t":"EA50"},"EDEA":{"r":"2-NICE","t":"CL60"},"EDEC":{"r":"2-AODZ","t":"A333"},"EDEE":{"r":"2-YOLO","t":"SF50"},"EDEF":{"r":"2-AOBG","t":"B738"},"EDF0":{"r":"2-NAOM","t":"EA50"},"EDFB":{"r":"2-VSLS","t":"A320"},"EE09":{"r":"2-NAPA","t":"H25B"},"EE10":{"r":"2-MINI","t":"EA50"},"EE1B":{"r":"2-RBTS","t":"F2TH"},"EE23":{"r":"2-MUJJ","t":"EA50"},"EE26":{"r":"2-CAMP","t":"EA50"},"EE2F":{"r":"2-BILL","t":"EA50"},"EE32":{"r":"2-COOL","t":"P180"},"EE36":{"r":"2-WEBS","t":"EA50"},"EE39":{"r":"2-CAZZ","t":"EA50"},"EE3B":{"r":"2-NITE","t":"CL60"},"EE3F":{"r":"2-SHSV","t":"A333"},"EE40":{"r":"2-VSLP","t":"A320"},"EE41":{"r":"2-GTQB","t":"B738"},"EE42":{"r":"2-KISS","t":"EA50"},"EE43":{"r":"2-COOK","t":"C25M"},"EE47":{"r":"2-SHEE","t":"EA50"},"EE4D":{"r":"2-GAYE","t":"EA50"},"EE4E":{"r":"2-SIVA","t":"B738"},"EE4F":{"r":"2-GGGG","t":"CL60"},"EE50":{"r":"2-TEAM","t":"C25B"},"EE52":{"r":"2-EZRA","t":"B738"},"EE61":{"r":"2-BJNL","t":"A332"},"EE73":{"r":"2-OOPC","t":"E55P"},"EE78":{"r":"2-MAFS","t":"A333"},"EE7B":{"r":"2-MXBC","t":"A333"},"EE81":{"r":"2-EMBB","t":"E190"},"EE88":{"r":"2-HXFD","t":"A332"},"EE89":{"r":"2-SWIS","t":"CL60"},"EE8B":{"r":"2-TSZK","t":"B738"},"EE8C":{"r":"2-SMSN","t":"CL60"},"EE93":{"r":"2-KJPE","t":"B738"},"EEA0":{"r":"2-JOHN","t":"E190"},"EEA3":{"r":"2-RIDE","t":"TBM9"},"EEA7":{"r":"2-EENS","t":"A319"},"EEAE":{"r":"2-FWCA","t":"A321"},"EEAF":{"r":"2-FWCB","t":"A321"},"EEB0":{"r":"2-FWCC","t":"A21N"},"EED9":{"r":"2-PHIL","t":"PRM1"},"EEDA":{"r":"2-TSYW","t":"B738"},"EEDC":{"r":"2-TSYX","t":"B738"},"EEEB":{"r":"2-TSPP","t":"B738"},"EEEE":{"r":"2-KCMQ","t":"B738"},"EEF1":{"r":"2-THCL","t":"C25C"},"EEF4":{"r":"2-FWSN","t":"B738"},"EEF5":{"r":"2-BPDQ","t":"B738"},"EEFB":{"r":"2-JEFF","t":"EA50"},"EEFE":{"r":"2-ANVL","t":"FA8X"},"EF0B":{"r":"2-XYAL","t":"A320"},"EF10":{"r":"2-TTGA","t":"B738"},"EF11":{"r":"2-ISPX","t":"A320"},"EF15":{"r":"2-HLAB","t":"B738"},"EF1E":{"r":"2-TTGB","t":"B738"},"EF1F":{"r":"2-OTOD","t":"C25B"},"EF25":{"r":"2-BVXB","t":"B738"},"EF28":{"r":"2-TIJL","t":"E55P"},"EF31":{"r":"2-HWDN","t":"CL60"},"EF32":{"r":"2-EIXQ","t":"B738"}}