{"0802":{"r":"S-419","t":"AS3B"},"0805":{"r":"S-440","t":"AS3B"},"0806":{"r":"S-441","t":"AS3B"},"0C01":{"r":"T-235","t":"DC10"},"0C02":{"r":"T-264","t":"DC10"},"0C03":{"r":"G-273","t":"C130"},"0C04":{"r":"G-275","t":"C130"},"0C05":{"r":"G-781","t":"C130"},"0C06":{"r":"G-988","t":"C130"},"0C08":{"r":"T-255","t":"DC10"},"0C18":{"r":"U-05","t":"F50"},"0C19":{"r":"U-06","t":"F50"},"0C1A":{"r":"V-11","t":"GLF4"},"5000":{"r":"PH-BVK","t":"B77W"},"5001":{"r":"PH-NHR","t":"AS3B"},"5002":{"r":"PH-NHS","t":"AS3B"},"5003":{"r":"PH1517","t":"VENT"},"5005":{"r":"PH1518","t":"GLID"},"5008":{"r":"PH-ANN","t":"BALL"},"5009":{"r":"PH-HSI","t":"B738"},"500A":{"r":"PH-EMW","t":"DA40"},"500E":{"r":"PH-IOI","t":"BALL"},"500F":{"r":"PH-OIO","t":"BALL"},"5011":{"r":"PH1519","t":"GLID"},"5012":{"r":"PH1520","t":"LS8"},"5013":{"r":"PH-DTY","t":"YK52"},"5014":{"r":"PH-SKM","t":"DV20"},"5016":{"r":"PH-FVH","t":"BALL"},"5017":{"r":"PH-KTM","t":"R44"},"5018":{"r":"PH1522","t":"NIMB"},"5019":{"r":"PH340","t":"GLID"},"501A":{"r":"PH-URZ","t":"RV3"},"501B":{"r":"PH-UBB","t":"DA40"},"501C":{"r":"PH-SMX","t":"SU26"},"501D":{"r":"PH199","t":"GLID"},"501F":{"r":"PH-VER","t":"CRUZ"},"5020":{"r":"PH-GUA","t":"B738"},"5021":{"r":"PH-GUB","t":"B738"},"5022":{"r":"PH-ADS","t":"RV7"},"5024":{"r":"PH1523","t":"GLID"},"5025":{"r":"PH-DYL","t":"CHR4"},"5026":{"r":"PH1521","t":"GLID"},"5028":{"r":"PH4K6","t":"ULAC"},"5029":{"r":"PH-GRT","t":"BALL"},"502A":{"r":"PH785","t":"GLID"},"502B":{"r":"PH-FNS"},"502C":{"r":"PH1524","t":"GLID"},"502D":{"r":"PH1AD","t":"ZZZZ"},"502E":{"r":"PH-VBL","t":"BALL"},"502F":{"r":"PH1AC","t":"ZZZZ"},"5030":{"r":"PH1525","t":"DG1T"},"5031":{"r":"PH-MRT","t":"TAMP"},"5033":{"r":"PH1BN","t":"ZZZZ"},"5035":{"r":"PH-VMR","t":"BALL"},"5036":{"r":"PH-EPE","t":"BALL"},"5037":{"r":"PH-NEW","t":"CRUZ"},"5039":{"r":"PH1516","t":"GLID"},"503A":{"r":"PH979","t":"GLID"},"503B":{"r":"PH-RMR","t":"R90R"},"503D":{"r":"PH-ASF","t":"BALL"},"503E":{"r":"PH-ABZ","t":"R44"},"503F":{"r":"PH1514","t":"GLID"},"5040":{"r":"PH-ZLB","t":"BALL"},"5043":{"r":"PH-SIE","t":"EUPA"},"5044":{"r":"PH-EJN","t":"BALL"},"5045":{"r":"PH-HUR","t":"BALL"},"5046":{"r":"PH-HOY","t":"FOX"},"5047":{"r":"PH1BO","t":"ZZZZ"},"504B":{"r":"PH-TDS","t":"DA40"},"504E":{"r":"PH-HCI","t":"JS32"},"5053":{"r":"PH-NOS","t":"CRUZ"},"5054":{"r":"PH1530","t":"VENT"},"5056":{"r":"PH-IJS","t":"BALL"},"5058":{"r":"PH4K7","t":"ECHO"},"505A":{"r":"PH-CXK","t":"F100"},"505C":{"r":"PH-BIR","t":"GLST"},"505D":{"r":"PH4K8","t":"ULAC"},"505E":{"r":"PH1528","t":"GLID"},"505F":{"r":"PH-JLB","t":"BALL"},"5060":{"r":"PH-FOX","t":"FOX"},"5061":{"r":"PH-HSJ","t":"B738"},"5062":{"r":"PH-VTA","t":"CRUZ"},"5063":{"r":"PH-MIK","t":"C182"},"5064":{"r":"PH-EZY","t":"E190"},"5065":{"r":"PH-EZZ","t":"E190"},"5066":{"r":"PH-ONX","t":"ONEX"},"5067":{"r":"PH1526","t":"GLID"},"5068":{"r":"PH-WAV","t":"BALL"},"5069":{"r":"PH1529","t":"DUOD"},"506A":{"r":"PH-LCI","t":"JS31"},"506B":{"r":"PH-TFK","t":"B788"},"506C":{"r":"PH-TFL","t":"B788"},"506D":{"r":"PH-TFM","t":"B788"},"506E":{"r":"PH-DWM","t":"M20T"},"5070":{"r":"PH4K9","t":"ULAC"},"5071":{"r":"PH-ISU","t":"BALL"},"5072":{"r":"PH1AE","t":"ZZZZ"},"5073":{"r":"PH1AF","t":"ZZZZ"},"5075":{"r":"PH1BU","t":"ZZZZ"},"5076":{"r":"PH1AG","t":"ZZZZ"},"5077":{"r":"PH1AH","t":"ZZZZ"},"5079":{"r":"PH1BQ","t":"ZZZZ"},"507A":{"r":"PH1BR","t":"ZZZZ"},"507B":{"r":"PH1531","t":"GLID"},"507C":{"r":"PH-EUJ","t":"A139"},"507D":{"r":"PH-EUH","t":"A139"},"507E":{"r":"PH1BW","t":"ZZZZ"},"507F":{"r":"PH-EXA","t":"E190"},"5080":{"r":"PH1534","t":"AS29"},"5081":{"r":"PH1535","t":"NIMB"},"5082":{"r":"PH-EUI","t":"S92"},"5083":{"r":"PH1532","t":"DUOD"},"5084":{"r":"PH-EXB","t":"E190"},"5085":{"r":"PH-EXC","t":"E190"},"5086":{"r":"PH-EXD","t":"E190"},"5087":{"r":"PH-ARO","t":"E135"},"5088":{"r":"PH-GBN","t":"BALL"},"5089":{"r":"PH-PRS","t":"BALL"},"508B":{"r":"PH-NLD","t":"BALL"},"508C":{"r":"PH1BT","t":"ZZZZ"},"508D":{"r":"PH-HHO","t":"EC55"},"508F":{"r":"PH-NCI","t":"JS32"},"5090":{"r":"PH-OCI","t":"JS32"},"5091":{"r":"PH-RCI","t":"JS32"},"5092":{"r":"PH-TXW","t":"SR22"},"5093":{"r":"PH-ARN","t":"BALL"},"5094":{"r":"PH-LHS","t":"SEAW"},"5095":{"r":"PH1498","t":"ARCP"},"5097":{"r":"PH1BZ","t":"ZZZZ"},"50CB":{"r":"PH-WTP","t":"BALL"},"50CC":{"r":"PH-JAY","t":"C510"},"50CE":{"r":"PH-GII","t":"GLAS"},"50CF":{"r":"PH-LAU","t":"F900"},"50D0":{"r":"PH-HWM","t":"CL60"},"50D2":{"r":"PH-KAH","t":"SU29"},"50D3":{"r":"PH-HCC","t":"G2CA"},"50D4":{"r":"PH1538","t":"DG80"},"50D5":{"r":"PH-OCG","t":"PULS"},"50D6":{"r":"PH4L2","t":"ECHO"},"50D7":{"r":"PH1537","t":"GLID"},"50D8":{"r":"PH1CA","t":"ZZZZ"},"50D9":{"r":"PH-CTR","t":"C680"},"50DA":{"r":"PH-RLG","t":"C680"},"50DB":{"r":"PH-AHG","t":"BALL"},"50DC":{"r":"PH1540","t":"GLID"},"50DD":{"r":"PH-PAF","t":"BALL"},"50DE":{"r":"PH-WGD","t":"BALL"},"50DF":{"r":"PH1CH","t":"ZZZZ"},"50E0":{"r":"PH1CG","t":"ZZZZ"},"50E1":{"r":"PH-HDO","t":"H269"},"50E2":{"r":"PH-TWO","t":"CH80"},"50E3":{"r":"PH-XYZ","t":"DR40"},"50E4":{"r":"PH-TBL","t":"BALL"},"50E5":{"r":"PH-TBW","t":"BALL"},"50E6":{"r":"PH-AKF","t":"A333"},"50E7":{"r":"PH1536","t":"GLID"},"50E8":{"r":"PH4L3","t":"ULAC"},"50E9":{"r":"PH1CE","t":"ZZZZ"},"50EA":{"r":"PH-RYN","t":"BALL"},"50EB":{"r":"PH-VID","t":"DA42"},"50EC":{"r":"PH-VIE","t":"DA42"},"50ED":{"r":"PH-HGT","t":"C680"},"50EE":{"r":"PH1CF","t":"ZZZZ"},"50EF":{"r":"PH-SES","t":"RV12"},"50F0":{"r":"PH-NBA","t":"CRUZ"},"50F1":{"r":"PH-ZLV","t":"CRUZ"},"50F2":{"r":"PH-BEH","t":"C182"},"50F3":{"r":"PH-CAL","t":"GLSP"},"50F4":{"r":"PH4L5","t":"CLON"},"50F5":{"r":"PH-BVO","t":"B77W"},"50F6":{"r":"PH-BVN","t":"B77W"},"50F7":{"r":"PH1CD","t":"ZZZZ"},"50F8":{"r":"PH-DND","t":"E145"},"50F9":{"r":"PH1541","t":"AS25"},"50FA":{"r":"PH-RLB","t":"SB91"},"50FB":{"r":"PH1543","t":"LK17"},"50FC":{"r":"PH1DC","t":"ZZZZ"},"50FD":{"r":"PH1CS","t":"ZZZZ"},"50FE":{"r":"PH1CR","t":"ZZZZ"},"50FF":{"r":"PH1DD","t":"ZZZZ"},"5100":{"r":"PH1CB","t":"ZZZZ"},"5101":{"r":"PH1CC","t":"ZZZZ"},"5102":{"r":"PH1CJ","t":"ZZZZ"},"5103":{"r":"PH1CI","t":"ZZZZ"},"5105":{"r":"PH-OTU","t":"BALL"},"5107":{"r":"PH1542","t":"ARCP"},"5108":{"r":"PH-KAP","t":"STRM"},"510A":{"r":"PH-AMY","t":"BALL"},"510B":{"r":"PH-CBP","t":"BALL"},"510C":{"r":"PH1539","t":"JANU"},"510D":{"r":"PH1DB","t":"ZZZZ"},"510E":{"r":"PH-DRV","t":"RV12"},"510F":{"r":"PH-YXY","t":"VELO"},"5110":{"r":"PH4L7","t":"ULAC"},"5111":{"r":"PH4L8","t":"ULAC"},"5113":{"r":"PH1547","t":"AS29"},"5114":{"r":"PH1546","t":"DIMO"},"5115":{"r":"PH213","t":"GLID"},"5116":{"r":"PH-DYX","t":"DR40"},"5117":{"r":"PH1DH","t":"ZZZZ"},"5118":{"r":"PH1CU","t":"ZZZZ"},"511A":{"r":"PH-MMK","t":"BALL"},"511B":{"r":"PH1CY","t":"ZZZZ"},"511C":{"r":"PH-JRN","t":"TBM9"},"511D":{"r":"PH1CP","t":"ZZZZ"},"511E":{"r":"PH1CM","t":"ZZZZ"},"511F":{"r":"PH1CL","t":"ZZZZ"},"5120":{"r":"PH1CK","t":"ZZZZ"},"5121":{"r":"PH1545","t":"HB21"},"5122":{"r":"PH-HSK","t":"B738"},"5123":{"r":"PH-HSM","t":"B738"},"5124":{"r":"PH-FCO","t":"F8L"},"5125":{"r":"PH-DAV","t":"GYRO"},"5126":{"r":"PH-ORA","t":"BALL"},"5127":{"r":"PH1CN","t":"ZZZZ"},"5129":{"r":"PH1DE","t":"ZZZZ"},"512A":{"r":"PH-PDR","t":"PNR4"},"512B":{"r":"PH1DP","t":"ZZZZ"},"512C":{"r":"PH1DZ","t":"ZZZZ"},"512D":{"r":"PH1DK","t":"ZZZZ"},"512F":{"r":"PH1DN","t":"ZZZZ"},"5130":{"r":"PH1DL","t":"ZZZZ"},"5131":{"r":"PH1DI","t":"ZZZZ"},"5132":{"r":"PH1DR","t":"ZZZZ"},"5133":{"r":"PH1DT","t":"ZZZZ"},"5134":{"r":"PH1DU","t":"ZZZZ"},"5135":{"r":"PH-MAP","t":"C190"},"5136":{"r":"PH-NHU","t":"EC75"},"5137":{"r":"PH-NHV","t":"EC75"},"5138":{"r":"PH1EB","t":"ZZZZ"},"5139":{"r":"PH1ED","t":"ZZZZ"},"513A":{"r":"PH1CT","t":"ZZZZ"},"513B":{"r":"PH1EA","t":"ZZZZ"},"513C":{"r":"PH269","t":"GLID"},"513D":{"r":"PH1CO","t":"ZZZZ"},"513E":{"r":"PH1EJ","t":"ZZZZ"},"513F":{"r":"PH1549","t":"GLID"},"5140":{"r":"PH1550","t":"GLID"},"5141":{"r":"PH1544","t":"SF25"},"5142":{"r":"PH-JUD","t":"WOPU"},"5143":{"r":"PH1EG","t":"ZZZZ"},"5144":{"r":"PH1DW","t":"ZZZZ"},"5145":{"r":"PH1DS","t":"ZZZZ"},"5146":{"r":"PH-ELM","t":"BALL"},"5147":{"r":"PH1DJ","t":"ZZZZ"},"5149":{"r":"PH1EQ","t":"ZZZZ"},"514A":{"r":"PH1ET","t":"ZZZZ"},"514B":{"r":"PH1DF","t":"ZZZZ"},"514C":{"r":"PH1DG","t":"ZZZZ"},"514D":{"r":"PH1548","t":"GLID"},"514E":{"r":"PH1EC","t":"ZZZZ"},"5150":{"r":"PH1ES","t":"ZZZZ"},"5151":{"r":"PH-TOX","t":"ST75"},"5152":{"r":"PH-LBI","t":"BALL"},"5153":{"r":"PH2P8","t":"ULAC"},"5154":{"r":"PH-ZZU","t":"PNR4"},"5155":{"r":"PH1EY","t":"ZZZZ"},"5156":{"r":"PH1EZ","t":"ZZZZ"},"5157":{"r":"PH1FA","t":"ZZZZ"},"5158":{"r":"PH1FB","t":"ZZZZ"},"5159":{"r":"PH1FC","t":"ZZZZ"},"515A":{"r":"PH-BRR","t":"FB1A"},"515B":{"r":"PH1EM","t":"ZZZZ"},"515C":{"r":"PH1EN","t":"ZZZZ"},"515D":{"r":"PH1552","t":"GLID"},"515E":{"r":"PH1FE","t":"ZZZZ"},"515F":{"r":"PH1ER","t":"ZZZZ"},"5160":{"r":"PH1CX","t":"ZZZZ"},"5161":{"r":"PH1FD","t":"ZZZZ"},"5162":{"r":"PH1EV","t":"ZZZZ"},"5163":{"r":"PH1FN","t":"ZZZZ"},"5165":{"r":"PH1556","t":"GLID"},"5166":{"r":"PH1FP","t":"ZZZZ"},"5167":{"r":"PH1FQ","t":"ZZZZ"},"5168":{"r":"PH4L9","t":"ULAC"},"5169":{"r":"PH-HCD","t":"G2CA"},"516A":{"r":"PH1EU","t":"ZZZZ"},"516B":{"r":"PH1EO","t":"ZZZZ"},"516C":{"r":"PH1FX","t":"ZZZZ"},"516D":{"r":"PH1FO","t":"ZZZZ"},"516E":{"r":"PH-UPS","t":"RV6"},"516F":{"r":"PH1557","t":"GLID"},"5171":{"r":"PH-TLP","t":"FA7X"},"5172":{"r":"PH-IXI","t":"RV7"},"5173":{"r":"PH-YBM","t":"PNR3"},"5174":{"r":"PH1DV","t":"ZZZZ"},"5175":{"r":"PH1FY","t":"ZZZZ"},"5176":{"r":"PH1EW","t":"ZZZZ"},"5177":{"r":"PH1EX","t":"ZZZZ"},"5178":{"r":"PH1GG","t":"ZZZZ"},"5179":{"r":"PH9M8","t":"ULAC"},"517A":{"r":"PH9N8","t":"ULAC"},"517B":{"r":"PH1GA","t":"ZZZZ"},"517C":{"r":"PH1554","t":"DISC"},"517D":{"r":"PH1EP","t":"ZZZZ"},"517E":{"r":"PH4M1","t":"ULAC"},"517F":{"r":"PH1553","t":"GLID"},"5180":{"r":"PH1DO","t":"ZZZZ"},"5181":{"r":"PH1FJ","t":"ZZZZ"},"5182":{"r":"PH1FS","t":"ZZZZ"},"5183":{"r":"PH1FK","t":"ZZZZ"},"5184":{"r":"PH1FU","t":"ZZZZ"},"5185":{"r":"PH-PHS","t":"C150"},"5186":{"r":"PH1BY","t":"ZZZZ"},"5187":{"r":"PH-ZZR","t":"PNR3"},"5188":{"r":"PH-RGC","t":"PNR4"},"518A":{"r":"PH1GS","t":"ZZZZ"},"518C":{"r":"PH1FG","t":"ZZZZ"},"518D":{"r":"PH1FH","t":"ZZZZ"},"518E":{"r":"PH1GP","t":"ZZZZ"},"518F":{"r":"PH1GL","t":"ZZZZ"},"5190":{"r":"PH-PKF","t":"F2TH"},"5191":{"r":"PH-GUM","t":"PNR3"},"5192":{"r":"PH1558","t":"GLID"},"5193":{"r":"PH-BBV","t":"BALL"},"5194":{"r":"PH-HGB","t":"R44"},"5195":{"r":"PH-TRB","t":"BALL"},"5196":{"r":"PH-DHB","t":"A210"},"5197":{"r":"PH1551","t":"DUOD"},"5198":{"r":"PH1GV","t":"ZZZZ"},"5199":{"r":"PH-RYS","t":"BALL"},"519A":{"r":"PH1GO","t":"ZZZZ"},"519D":{"r":"PH1GW","t":"ZZZZ"},"519E":{"r":"PH1HW","t":"ZZZZ"},"51A0":{"r":"PH1FW","t":"ZZZZ"},"51A1":{"r":"PH1559","t":"GLID"},"51A2":{"r":"PH1GQ","t":"ZZZZ"},"51A3":{"r":"PH1HD","t":"ZZZZ"},"51A4":{"r":"PH-GST","t":"BALL"},"51A5":{"r":"PH-RYO","t":"BALL"},"51A6":{"r":"PH1HA","t":"ZZZZ"},"51A7":{"r":"PH1HF","t":"ZZZZ"},"51A8":{"r":"PH1GU","t":"ZZZZ"},"51A9":{"r":"PH-JIT","t":"DA40"},"51AA":{"r":"PH-TRE","t":"BALL"},"51AB":{"r":"PH-IBC","t":"A333"},"51AC":{"r":"PH-CDG","t":"B738"},"51AD":{"r":"PH-BHA","t":"B789"},"51AE":{"r":"PH-BHC","t":"B789"},"51AF":{"r":"PH-BHD","t":"B789"},"51B0":{"r":"PH-BHE","t":"B789"},"51B1":{"r":"PH-BHF","t":"B789"},"51B2":{"r":"PH1561","t":"GLID"},"51B3":{"r":"PH-BVP","t":"B77W"},"51B4":{"r":"PH4M3","t":"JK05"},"51B5":{"r":"PH1HV","t":"ZZZZ"},"51B6":{"r":"PH1II","t":"ZZZZ"},"51B7":{"r":"PH1IN","t":"ZZZZ"},"51B8":{"r":"PH1HI","t":"ZZZZ"},"51B9":{"r":"PH1IQ","t":"ZZZZ"},"51BA":{"r":"PH1HT","t":"ZZZZ"},"51BB":{"r":"PH1560","t":"GLID"},"51BC":{"r":"PH1HX","t":"ZZZZ"},"51BD":{"r":"PH1HM","t":"ZZZZ"},"51BE":{"r":"PH-HCE","t":"R66"},"51BF":{"r":"PH1GX","t":"ZZZZ"},"51C0":{"r":"PH1HK","t":"ZZZZ"},"51C1":{"r":"PH1GB","t":"ZZZZ"},"51C2":{"r":"PH1GK","t":"ZZZZ"},"51C3":{"r":"PH1HP","t":"ZZZZ"},"51C4":{"r":"PH1IR","t":"ZZZZ"},"51C5":{"r":"PH1HL","t":"ZZZZ"},"51C6":{"r":"PH1HN","t":"ZZZZ"},"51C7":{"r":"PH1HO","t":"ZZZZ"},"51C8":{"r":"PH1HQ","t":"ZZZZ"},"51C9":{"r":"PH1HU","t":"ZZZZ"},"51CA":{"r":"PH1IM","t":"ZZZZ"},"51CB":{"r":"PH1IY","t":"ZZZZ"},"51CC":{"r":"PH1IZ","t":"ZZZZ"},"51CD":{"r":"PH1FR","t":"ZZZZ"},"51CE":{"r":"PH1AI","t":"ZZZZ"},"51CF":{"r":"PH1AJ","t":"ZZZZ"},"51D1":{"r":"PH1JC","t":"ZZZZ"},"51D2":{"r":"PH4M2","t":"ULAC"},"51D3":{"r":"PH1492","t":"GLID"},"51D4":{"r":"PH-IIJ","t":"ACR2"},"51D5":{"r":"PH-VDK","t":"ONEX"},"51D6":{"r":"PH1IH","t":"ZZZZ"},"51D7":{"r":"PH-ZVB","t":"PA18"},"51D8":{"r":"PH1JE","t":"ZZZZ"},"51D9":{"r":"PH-HHW","t":"EC20"},"51DA":{"r":"PH7S9","t":"ULAC"},"51DB":{"r":"PH1JB","t":"ZZZZ"},"51DC":{"r":"PH1555","t":"ARCP"},"51DD":{"r":"PH1GH","t":"ZZZZ"},"51DE":{"r":"PH1GZ","t":"ZZZZ"},"51DF":{"r":"PH4M6","t":"ECHO"},"51E0":{"r":"PH1562","t":"AS29"},"51E1":{"r":"PH1JL","t":"ZZZZ"},"51E2":{"r":"PH1FT","t":"ZZZZ"},"51E3":{"r":"PH1IB","t":"ZZZZ"},"51E4":{"r":"PH1JM","t":"ZZZZ"},"51E5":{"r":"PH1JN","t":"ZZZZ"},"51E6":{"r":"PH1JO","t":"ZZZZ"},"51E8":{"r":"PH1IT","t":"ZZZZ"},"51E9":{"r":"PH1IS","t":"ZZZZ"},"51EA":{"r":"PH1JH","t":"ZZZZ"},"51EB":{"r":"PH1HZ","t":"ZZZZ"},"51EC":{"r":"PH4M7","t":"ULAC"},"51ED":{"r":"PH-MOD","t":"P208"},"51EE":{"r":"PH1JT","t":"ZZZZ"},"51F0":{"r":"PH-SMM","t":"RV4"},"51F2":{"r":"PH-BCI","t":"JS32"},"51F3":{"r":"PH-GED","t":"AAT3"},"51F5":{"r":"PH-BVR","t":"B77W"},"51F6":{"r":"PH-BVS","t":"B77W"},"51F7":{"r":"PH-BVU","t":"B77W"},"51F8":{"r":"PH-ZVA","t":"AAT3"},"51F9":{"r":"PH1HH","t":"ZZZZ"},"51FA":{"r":"PH-RIW","t":"R44"},"51FB":{"r":"PH-YLO","t":"BALL"},"51FC":{"r":"PH1GC","t":"ZZZZ"},"51FD":{"r":"PH1GD","t":"ZZZZ"},"51FE":{"r":"PH1GE","t":"ZZZZ"},"51FF":{"r":"PH1GF","t":"ZZZZ"},"5200":{"r":"PH1ID","t":"ZZZZ"},"5201":{"r":"PH1JW","t":"ZZZZ"},"5202":{"r":"PH-SVZ","t":"C550"},"5203":{"r":"PH1IC","t":"ZZZZ"},"5204":{"r":"PH4M9","t":"ULAC"},"5205":{"r":"PH4M8","t":"ULAC"},"5206":{"r":"PH-EXE","t":"E190"},"5207":{"r":"PH-EXF","t":"E190"},"5208":{"r":"PH-KDZ","t":"BALL"},"5209":{"r":"PH-HXA","t":"B738"},"520A":{"r":"PH-HXB","t":"B738"},"520B":{"r":"PH-HXC","t":"B738"},"520C":{"r":"PH-HXD","t":"B738"},"520D":{"r":"PH-HXE","t":"B738"},"520E":{"r":"PH1JX","t":"ZZZZ"},"520F":{"r":"PH4N1","t":"CLON"},"5210":{"r":"PH-KBC","t":"TL30"},"5214":{"r":"PH1JV","t":"ZZZZ"},"5215":{"r":"PH1FZ","t":"ZZZZ"},"5216":{"r":"PH1565","t":"GLID"},"5217":{"r":"PH1GJ","t":"ZZZZ"},"5218":{"r":"PH-IAM","t":"E190"},"5219":{"r":"PH-MAR","t":"BALL"},"521A":{"r":"PH-IBA","t":"BALL"},"521B":{"r":"PH-AQF","t":"B738"},"521C":{"r":"PH-HHX","t":"S330"},"521D":{"r":"PH-TRA","t":"TRIN"},"521E":{"r":"PH-LHA","t":"RV7"},"521F":{"r":"PH1JA","t":"ZZZZ"},"5221":{"r":"PH4M5","t":"SKAR"},"5222":{"r":"PH1567","t":"GLID"},"5223":{"r":"PH1566","t":"GLID"},"5224":{"r":"PH1564","t":"GLID"},"52ED":{"r":"PH-CCL","t":"DR40"},"52EE":{"r":"PH1563","t":"GLID"},"52EF":{"r":"PH1KA","t":"ZZZZ"},"52F0":{"r":"PH1JZ","t":"ZZZZ"},"52F1":{"r":"PH-EVB","t":"AAT3"},"52F2":{"r":"PH-STB","t":"F900"},"52F3":{"r":"PH1IA","t":"ZZZZ"},"52F4":{"r":"PH-EXG","t":"E75L"},"52F5":{"r":"PH-EXH","t":"E75L"},"52F6":{"r":"PH-EXI","t":"E75L"},"52F7":{"r":"PH1AO","t":"ZZZZ"},"52FB":{"r":"PH1KE","t":"ZZZZ"},"52FC":{"r":"PH1KB","t":"ZZZZ"},"52FD":{"r":"PH1573","t":"GLID"},"52FE":{"r":"PH-ACQ","t":"CRJ2"},"52FF":{"r":"PH-HBF","t":"STRM"},"5300":{"r":"PH1568","t":"GLID"},"5301":{"r":"PH-GGY","t":"B738"},"5303":{"r":"PH-GUV","t":"B738"},"5307":{"r":"PH1AM","t":"ZZZZ"},"5308":{"r":"PH1AN","t":"ZZZZ"},"5309":{"r":"PH1KL","t":"ZZZZ"},"530A":{"r":"PH1569","t":"GLID"},"530B":{"r":"PH-OPL","t":"BALL"},"530C":{"r":"PH1GN","t":"ZZZZ"},"530D":{"r":"PH-ADA","t":"BALL"},"530E":{"r":"PH1575","t":"GLID"},"530F":{"r":"PH-BAB","t":"BALL"},"5310":{"r":"PH1576","t":"DISC"},"5311":{"r":"PH1574","t":"GLID"},"5312":{"r":"PH1572","t":"VENT"},"5313":{"r":"PH1KJ","t":"ZZZZ"},"5314":{"r":"PH1KQ","t":"ZZZZ"},"5315":{"r":"PH1FV","t":"ZZZZ"},"5316":{"r":"PH4N6","t":"ULAC"},"5317":{"r":"PH4N5","t":"ULAC"},"5318":{"r":"PH-DSD","t":"PNR4"},"5319":{"r":"PH1KM","t":"ZZZZ"},"531B":{"r":"PH1FM","t":"ZZZZ"},"531C":{"r":"PH1KR","t":"ZZZZ"},"531D":{"r":"PH1KS","t":"ZZZZ"},"531E":{"r":"PH-EHW","t":"DR40"},"531F":{"r":"PH4N2","t":"ECHO"},"5320":{"r":"PH1GY","t":"ZZZZ"},"5321":{"r":"PH1HB","t":"ZZZZ"},"5322":{"r":"PH1HC","t":"ZZZZ"},"5323":{"r":"PH-FAN","t":"C172"},"5324":{"r":"PH4N3","t":"ULAC"},"5325":{"r":"PH4N4","t":"ULAC"},"5327":{"r":"PH-DEX","t":"BALL"},"5328":{"r":"PH1KV","t":"ZZZZ"},"5329":{"r":"PH-FCI","t":"JS32"},"532A":{"r":"PH2R4","t":"ULAC"},"532B":{"r":"PH-SVV","t":"RV9"},"532D":{"r":"PH1KP","t":"ZZZZ"},"532E":{"r":"PH1KW","t":"ZZZZ"},"532F":{"r":"PH1KG","t":"ZZZZ"},"5330":{"r":"PH1LC","t":"ZZZZ"},"5331":{"r":"PH1LD","t":"ZZZZ"},"5332":{"r":"PH1IP","t":"ZZZZ"},"5335":{"r":"PH1KH","t":"ZZZZ"},"5337":{"r":"PH1IF","t":"ZZZZ"},"5339":{"r":"PH-CDH","t":"B738"},"533A":{"r":"PH1JD","t":"ZZZZ"},"533B":{"r":"PH-ZKB","t":"BALL"},"533D":{"r":"PH-TWN","t":"P06T"},"533E":{"r":"PH4N9","t":"ULAC"},"5340":{"r":"PH1KI","t":"ZZZZ"},"5341":{"r":"PH-BHG","t":"B789"},"5342":{"r":"PH-BHH","t":"B789"},"5343":{"r":"PH-BHI","t":"B789"},"5344":{"r":"PH-BHL","t":"B789"},"5345":{"r":"PH-BHM","t":"B789"},"53D0":{"r":"PH-HXF","t":"B738"},"53D1":{"r":"PH-HXG","t":"B738"},"53D2":{"r":"PH-HXI","t":"B738"},"53D3":{"r":"PH-HXJ","t":"B738"},"53D4":{"r":"PH-HXK","t":"B738"},"53F4":{"r":"PH-EXJ","t":"E75L"},"548C":{"r":"PH-EXK","t":"E75L"},"548D":{"r":"PH-EXM","t":"E75L"},"548E":{"r":"PH-EXL","t":"E75L"},"54C7":{"r":"PH-HBJ","t":"B738"},"54CA":{"r":"PH-HBK","t":"B738"},"54CB":{"r":"PH-HBL","t":"B738"},"54CD":{"r":"PH-HBM","t":"B738"},"54CF":{"r":"PH-HBN","t":"B738"},"5564":{"r":"PH-CBV","t":"F2TH"},"5567":{"r":"PH-CFR","t":"F2TH"},"55A3":{"r":"PH-CJM","t":"C680"},"55D0":{"r":"PH-EXN","t":"E75L"},"55D1":{"r":"PH-EXO","t":"E75L"},"55D2":{"r":"PH-EXP","t":"E75L"},"56ED":{"r":"PH-BRA","t":"PC12"},"574F":{"r":"PH-SFH","t":"PC12"},"5778":{"r":"PH-EXR","t":"E75L"},"5779":{"r":"PH-EXS","t":"E75L"},"5785":{"r":"PH-BHN","t":"B789"},"5788":{"r":"PH-BHP","t":"B789"},"5789":{"r":"PH-BHO","t":"B789"},"5814":{"r":"PH-EXT","t":"E75L"},"5870":{"r":"PH-EXU","t":"E75L"},"5871":{"r":"PH-EXV","t":"E190"},"5873":{"r":"PH-EXW","t":"E75L"},"5874":{"r":"PH-EXX","t":"E75L"},"5875":{"r":"PH-EXY","t":"E190"},"5876":{"r":"PH-EXZ","t":"E75L"},"58C7":{"r":"PH-DWS","t":"E135"},"5920":{"r":"PH-GOV","t":"B737"},"597D":{"r":"PH-HXN","t":"B738"},"597E":{"r":"PH-HXO","t":"B738"},"5A32":{"r":"PH-BCG","t":"B738"},"5A33":{"r":"PH-BCH","t":"B738"},"5A34":{"r":"PH-BCK","t":"B738"},"5A35":{"r":"PH-BCL","t":"B738"},"5A81":{"r":"PH-TFN","t":"B38M"},"5A82":{"r":"PH-TFO","t":"B38M"},"5A83":{"r":"PH-TFP","t":"B38M"},"5A84":{"r":"PH-TFR","t":"B38M"},"5A85":{"r":"PH-TFT","t":"B38M"},"5A86":{"r":"PH-TFU","t":"B38M"},"5B42":{"r":"PH-BKA","t":"B78X"},"5B43":{"r":"PH-BKC","t":"B78X"},"5B44":{"r":"PH-BKD","t":"B78X"},"5B45":{"r":"PH-BKF","t":"B78X"},"5D10":{"r":"PH-WPB","t":"PC12"},"5D34":{"r":"PH-FRA","t":"TBM9"},"5D61":{"r":"PH-DWA","t":"E145"},"5DA0":{"r":"PH-WIS","t":"C25C"},"5E2D":{"r":"PH-BKG","t":"B78X"},"5E2E":{"r":"PH-BKH","t":"B78X"},"5E2F":{"r":"PH-BKI","t":"B78X"},"5E30":{"r":"PH-BKK","t":"B78X"},"5E31":{"r":"PH-IWS","t":"FA7X"},"5E32":{"r":"PH-GWS","t":"FA7X"},"5ECC":{"r":"PH-BVW","t":"B77W"},"5ECD":{"r":"PH-BVV","t":"B77W"},"5EEF":{"r":"PH-RRW","t":"GLEX"},"5F2A":{"r":"PH-SLE","t":"BE20"},"5F59":{"r":"PH-JRC","t":"E35L"},"5FD1":{"r":"PH-BEJ","t":"GL5T"},"6071":{"r":"PH-BKL","t":"B78X"},"6072":{"r":"PH-BKM","t":"B78X"},"607D":{"r":"PH-ONE","t":"PC12"},"607F":{"r":"PH-CGV","t":"F2TH"},"60BA":{"r":"PH-UNC","t":"FA7X"},"61D4":{"r":"PH-LGD","t":"E550"},"6201":{"r":"PH-DTF","t":"F900"},"6257":{"r":"PH-NXA","t":"E295"},"6258":{"r":"PH-NXB","t":"E295"},"628C":{"r":"PH-EBM","t":"PC24"},"630E":{"r":"PH-DWC","t":"E135"},"63CF":{"r":"PH-DVK","t":"PC24"},"63DB":{"r":"PH-NXC","t":"E295"},"63DC":{"r":"PH-NXD","t":"E295"},"6402":{"r":"PH-JEN","t":"SF50"},"6442":{"r":"PH-GHZ","t":"C56X"},"6444":{"r":"PH-SKP","t":"TBM9"},"6463":{"r":"PH-JET","t":"HDJT"},"646F":{"r":"PH-ACP","t":"PC12"},"6482":{"r":"PH-NXE","t":"E295"},"6483":{"r":"PH-NXF","t":"E295"},"6484":{"r":"PH-NXG","t":"E295"},"648F":{"r":"PH-UZI","t":"C680"},"6491":{"r":"PH-NXH","t":"E295"},"6492":{"r":"PH-NXI","t":"E295"},"6493":{"r":"PH-NXJ","t":"E295"},"6494":{"r":"PH-NXK","t":"E295"},"6495":{"r":"PH-NXL","t":"E295"},"64CE":{"r":"PH-WPA","t":"G280"},"64D9":{"r":"PH-RME","t":"FA7X"},"64E1":{"r":"PH-SFG","t":"PC12"},"64E7":{"r":"PH-BBA","t":"PC12"},"64EA":{"r":"PH-NXM","t":"E295"},"64EB":{"r":"PH-NXN","t":"E295"},"64EC":{"r":"PH-NXR","t":"E295"},"64ED":{"r":"PH-NXS","t":"E295"},"64EE":{"r":"PH-NXO","t":"E295"},"64EF":{"r":"PH-NXP","t":"E295"},"6509":{"r":"PH-NGX","t":"PC12"},"6520":{"r":"PH-KEK","t":"C56X"},"6645":{"r":"PH-SFI","t":"PC12"},"6648":{"r":"PH-CDP","t":"B39M"},"8000":{"r":"SP-AAA","t":"P46T"},"8029":{"r":"SP-ABK","t":"A320"},"8049":{"r":"SP-ACK","t":"A320"},"80C0":{"r":"SP-AGA","t":"PC24"},"810D":{"r":"SP-AIN","t":"C56X"},"8209":{"r":"SP-ARK","t":"F2TH"},"8252":{"r":"SP-ATT","t":"BE40"},"830F":{"r":"SP-AVP","t":"E50P"},"888E":{"r":"SP-CEO","t":"H25B"},"8895":{"r":"SP-CEZ","t":"LJ60"},"88E4":{"r":"SP-CHE","t":"HDJT"},"8912":{"r":"SP-CIT","t":"C525"},"89CD":{"r":"SP-CON","t":"CL30"},"8A63":{"r":"SP-CUD","t":"LJ75"},"8D61":{"r":"SP-DLB","t":"E35L"},"8D6F":{"r":"SP-DLP","t":"DA42"},"8D78":{"r":"SP-DLV","t":"C525"},"8DCC":{"r":"SP-DOM","t":"LJ60"},"8E09":{"r":"SP-DRK","t":"HDJT"},"8E20":{"r":"SP-DSA","t":"BE20"},"8FE8":{"r":"SP-MXH","t":"P180"},"9009":{"r":"SP-EAK","t":"BE40"},"9010":{"r":"SP-EAR","t":"C680"},"9065":{"r":"SP-EDF","t":"AT45"},"9067":{"r":"SP-EDH","t":"AT45"},"91A0":{"r":"SP-ENA","t":"B734"},"91A1":{"r":"SP-ENB","t":"B734"},"91A2":{"r":"SP-ENC","t":"B734"},"91A4":{"r":"SP-ENE","t":"B734"},"91A5":{"r":"SP-ENF","t":"B734"},"91A6":{"r":"SP-ENG","t":"B738"},"91A7":{"r":"SP-ENH","t":"B734"},"91A8":{"r":"SP-ENI","t":"B734"},"91A9":{"r":"SP-ENK","t":"B734"},"91AB":{"r":"SP-ENL","t":"B738"},"91AC":{"r":"SP-ENM","t":"B738"},"91AD":{"r":"SP-ENN","t":"B738"},"91AE":{"r":"SP-ENO","t":"B738"},"91AF":{"r":"SP-ENP","t":"B738"},"91B0":{"r":"SP-ENR","t":"B738"},"91B2":{"r":"SP-ENT","t":"B738"},"91B3":{"r":"SP-ENU","t":"B738"},"91B4":{"r":"SP-ENW","t":"B738"},"91B5":{"r":"SP-ENZ","t":"B738"},"91B6":{"r":"SP-ENX","t":"B738"},"91B7":{"r":"SP-ENY","t":"B738"},"91B8":{"r":"SP-ENV","t":"B738"},"91B9":{"r":"SP-ENQ","t":"B738"},"9220":{"r":"SP-ESA","t":"B738"},"9221":{"r":"SP-ESB","t":"B738"},"9222":{"r":"SP-ESC","t":"B738"},"9223":{"r":"SP-ESD","t":"B738"},"9224":{"r":"SP-ESE","t":"B738"},"9225":{"r":"SP-ESF","t":"B738"},"9226":{"r":"SP-ESG","t":"B738"},"9227":{"r":"SP-ESH","t":"B738"},"9228":{"r":"SP-ESI","t":"B738"},"9229":{"r":"SP-ESK","t":"B738"},"92C0":{"r":"SP-EXA","t":"B38M"},"92C1":{"r":"SP-EXB","t":"B38M"},"92C2":{"r":"SP-EXC","t":"B38M"},"92C4":{"r":"SP-EXE","t":"B38M"},"92C5":{"r":"SP-EXF","t":"B38M"},"932B":{"r":"SP-EQL","t":"DH8D"},"9350":{"r":"SP-FDR","t":"AN26"},"9351":{"r":"SP-FDS","t":"AN26"},"9352":{"r":"SP-FDT","t":"AN26"},"9441":{"r":"SP-LPA","t":"B763"},"9442":{"r":"SP-LPB","t":"B763"},"9443":{"r":"SP-LPC","t":"B763"},"9522":{"r":"SP-LLB","t":"B734"},"9523":{"r":"SP-LLC","t":"B734"},"9524":{"r":"SP-LLD","t":"B734"},"9525":{"r":"SP-LLE","t":"B734"},"9526":{"r":"SP-LLF","t":"B734"},"9527":{"r":"SP-LLG","t":"B734"},"9541":{"r":"SP-LKA","t":"B735"},"9542":{"r":"SP-LKB","t":"B735"},"9543":{"r":"SP-LKC","t":"B735"},"9544":{"r":"SP-LKD","t":"B735"},"9545":{"r":"SP-LKE","t":"B735"},"9546":{"r":"SP-LKF","t":"B735"},"9586":{"r":"SP-FMG","t":"E35L"},"9600":{"r":"SP-LFA","t":"AT72"},"9601":{"r":"SP-LFB","t":"AT72"},"9602":{"r":"SP-LFC","t":"AT72"},"9603":{"r":"SP-LFD","t":"AT72"},"9604":{"r":"SP-LFE","t":"AT72"},"9605":{"r":"SP-LFF","t":"AT72"},"9606":{"r":"SP-LFG","t":"AT72"},"9705":{"r":"SP-LGE","t":"E145"},"9706":{"r":"SP-LGF","t":"E145"},"9782":{"r":"SP-LDB","t":"E170"},"9783":{"r":"SP-LDC","t":"E170"},"9785":{"r":"SP-LDE","t":"E170"},"9786":{"r":"SP-LDF","t":"E170"},"9787":{"r":"SP-LDG","t":"E170"},"9788":{"r":"SP-LDH","t":"E170"},"9789":{"r":"SP-LDI","t":"E170"},"978A":{"r":"SP-LDK","t":"E170"},"9882":{"r":"SP-GEC","t":"G280"},"9A65":{"r":"SP-EDE","t":"AT45"},"9C00":{"r":"SP-HAA","t":"B733"},"9C01":{"r":"SP-HAB","t":"A320"},"9C02":{"r":"SP-HAC","t":"A320"},"9C03":{"r":"SP-HAD","t":"A320"},"A000":{"r":"SP-IAA","t":"A320"},"A001":{"r":"SP-IAB","t":"A320"},"A002":{"r":"SP-IAC","t":"A320"},"A003":{"r":"SP-IAD","t":"A320"},"A004":{"r":"SP-IAE","t":"A320"},"A005":{"r":"SP-IAF","t":"A320"},"A006":{"r":"SP-IAG","t":"A320"},"A007":{"r":"SP-IAH","t":"A320"},"A008":{"r":"SP-IAI","t":"A320"},"A020":{"r":"SP-IBA","t":"A319"},"A022":{"r":"SP-IBC","t":"A319"},"A044":{"r":"SP-ICE","t":"AAT3"},"A0CD":{"r":"SP-IGN","t":"B738"},"A2A8":{"r":"SP-IZI","t":"E50P"},"A2B3":{"r":"SP-IZU","t":"C525"},"A449":{"r":"SP-KCK","t":"C25A"},"A451":{"r":"SP-KCS","t":"C56X"},"A4D4":{"r":"SP-KGW","t":"BE30"},"A4E8":{"r":"SP-KHI","t":"CL35"},"A4E9":{"r":"SP-KHK","t":"C510"},"A534":{"r":"SP-KKW","t":"PC12"},"A56D":{"r":"SP-KLN","t":"C55B"},"A5D4":{"r":"SP-KOW","t":"C25B"},"A5E9":{"r":"SP-KPK","t":"SF34"},"A5F0":{"r":"SP-KPR","t":"SF34"},"A685":{"r":"SP-KWF","t":"JS32"},"AD00":{"r":"SP-LIA","t":"E170"},"AD01":{"r":"SP-LIB","t":"E170"},"AD02":{"r":"SP-LIC","t":"E170"},"AD03":{"r":"SP-LID","t":"E170"},"AD04":{"r":"SP-LIE","t":"E170"},"AD05":{"r":"SP-LIF","t":"E170"},"AD06":{"r":"SP-LIG","t":"E75S"},"AD07":{"r":"SP-LIH","t":"E75S"},"AD08":{"r":"SP-LII","t":"E75S"},"AD09":{"r":"SP-LIK","t":"E75S"},"AD0B":{"r":"SP-LIL","t":"E75S"},"AD0C":{"r":"SP-LIM","t":"E75S"},"AD0D":{"r":"SP-LIN","t":"E75S"},"AD0E":{"r":"SP-LIO","t":"E75S"},"AD0F":{"r":"SP-LIP","t":"E75S"},"AD10":{"r":"SP-LIR","t":"E75S"},"AD19":{"r":"SP-LIQ","t":"E75S"},"AD69":{"r":"SP-LLK","t":"B734"},"AD6B":{"r":"SP-LLL","t":"B734"},"AD80":{"r":"SP-LMA","t":"E190"},"AD81":{"r":"SP-LMB","t":"E190"},"AD82":{"r":"SP-LMC","t":"E190"},"AD83":{"r":"SP-LMD","t":"E190"},"AD84":{"r":"SP-LME","t":"E190"},"AD85":{"r":"SP-LMF","t":"E190"},"AD86":{"r":"SP-LMG","t":"E190"},"AD87":{"r":"SP-LMH","t":"E190"},"ADA0":{"r":"SP-LNA","t":"E195"},"ADA1":{"r":"SP-LNB","t":"E195"},"ADA2":{"r":"SP-LNC","t":"E195"},"ADA3":{"r":"SP-LND","t":"E195"},"ADA4":{"r":"SP-LNE","t":"E195"},"ADA5":{"r":"SP-LNF","t":"E195"},"ADA6":{"r":"SP-LNG","t":"E195"},"ADA7":{"r":"SP-LNH","t":"E195"},"ADA8":{"r":"SP-LNI","t":"E195"},"ADA9":{"r":"SP-LNK","t":"E195"},"ADAB":{"r":"SP-LNL","t":"E195"},"ADAC":{"r":"SP-LNM","t":"E195"},"ADAD":{"r":"SP-LNN","t":"E195"},"ADAE":{"r":"SP-LNO","t":"E195"},"ADAF":{"r":"SP-LNP","t":"E195"},"ADE4":{"r":"SP-LPE","t":"B763"},"ADE5":{"r":"SP-LPF","t":"B763"},"ADE6":{"r":"SP-LPG","t":"B763"},"AE00":{"r":"SP-LRA","t":"B788"},"AE01":{"r":"SP-LRB","t":"B788"},"AE02":{"r":"SP-LRC","t":"B788"},"AE03":{"r":"SP-LRD","t":"B788"},"AE04":{"r":"SP-LRE","t":"B788"},"AE05":{"r":"SP-LRF","t":"B788"},"AE06":{"r":"SP-LRG","t":"B788"},"AE07":{"r":"SP-LRH","t":"B788"},"AE20":{"r":"SP-LSA","t":"B789"},"AE21":{"r":"SP-LSB","t":"B789"},"AE22":{"r":"SP-LSC","t":"B789"},"AE23":{"r":"SP-LSD","t":"B789"},"AE24":{"r":"SP-LSE","t":"B789"},"AE25":{"r":"SP-LSF","t":"B789"},"AE26":{"r":"SP-LSG","t":"B789"},"AE80":{"r":"SP-LWA","t":"B738"},"AE81":{"r":"SP-LWB","t":"B738"},"AE82":{"r":"SP-LWC","t":"B738"},"AE83":{"r":"SP-LWD","t":"B738"},"AE85":{"r":"SP-LWF","t":"B738"},"AE86":{"r":"SP-LWG","t":"B738"},"AF00":{"r":"SP-LVA","t":"B38M"},"AF01":{"r":"SP-LVB","t":"B38M"},"AF02":{"r":"SP-LVC","t":"B38M"},"AF03":{"r":"SP-LVD","t":"B38M"},"AF05":{"r":"SP-LVF","t":"B38M"},"AF06":{"r":"SP-LVG","t":"B38M"},"AF07":{"r":"SP-LVH","t":"B38M"},"AF08":{"r":"SP-LVI","t":"B38M"},"AF09":{"r":"SP-LVK","t":"B38M"},"AF0B":{"r":"SP-LVL","t":"B38M"},"AF0C":{"r":"SP-LVM","t":"B38M"},"B034":{"r":"SP-MBW","t":"GA5C"},"B047":{"r":"SP-MCH","t":"HDJT"},"B116":{"r":"SP-MIX","t":"PC24"},"B117":{"r":"F-HLRV","t":"PC12"},"B191":{"r":"SP-MMS","t":"BE9L"},"B201":{"r":"SP-MRB","t":"SF34"},"B202":{"r":"SP-MRC","t":"SF34"},"B203":{"r":"SP-MRD","t":"PRM1"},"B204":{"r":"SP-MRE","t":"B762"},"B205":{"r":"SP-MRF","t":"B762"},"B206":{"r":"SP-MRG","t":"B763"},"B228":{"r":"SP-MSI","t":"LJ60"},"B2C8":{"r":"SP-MXI","t":"P180"},"B2D0":{"r":"SP-MXR","t":"LJ75"},"B2D1":{"r":"SP-MXS","t":"LJ75"},"B48E":{"r":"SP-NEO","t":"BE9L"},"B68C":{"r":"SP-NWM","t":"PC12"},"B70C":{"r":"SP-NVM","t":"G280"},"B988":{"r":"SP-OMI","t":"E550"},"B9C9":{"r":"SP-OOK","t":"BE40"},"BA18":{"r":"SP-ORT","t":"PC12"},"BE0D":{"r":"SP-PRN","t":"B350"},"C10E":{"r":"SP-RIO","t":"PRM1"},"C121":{"r":"SP-RKB","t":"B738"},"C122":{"r":"SP-RKC","t":"B738"},"C123":{"r":"SP-RKD","t":"B738"},"C124":{"r":"SP-RKE","t":"B738"},"C125":{"r":"SP-RKF","t":"B738"},"C126":{"r":"SP-RKG","t":"B738"},"C127":{"r":"SP-RKH","t":"B738"},"C128":{"r":"SP-RKI","t":"B738"},"C129":{"r":"SP-RKK","t":"B738"},"C12B":{"r":"SP-RKL","t":"B738"},"C12C":{"r":"SP-RKM","t":"B738"},"C12D":{"r":"SP-RKN","t":"B738"},"C12E":{"r":"SP-RKO","t":"B738"},"C12F":{"r":"SP-RKP","t":"B738"},"C130":{"r":"SP-RKR","t":"B738"},"C131":{"r":"SP-RKS","t":"B738"},"C132":{"r":"SP-RKT","t":"B738"},"C133":{"r":"SP-RKU","t":"B738"},"C134":{"r":"SP-RKW","t":"B738"},"C135":{"r":"SP-RKZ","t":"B738"},"C136":{"r":"SP-RKX","t":"B738"},"C137":{"r":"SP-RKY","t":"B738"},"C138":{"r":"SP-RKV","t":"B738"},"C139":{"r":"SP-RKQ","t":"B738"},"C1A0":{"r":"SP-RNA","t":"B738"},"C1F4":{"r":"SP-RPW","t":"BE20"},"C220":{"r":"SP-RSA","t":"B738"},"C221":{"r":"SP-RSB","t":"B738"},"C222":{"r":"SP-RSC","t":"B738"},"C223":{"r":"SP-RSD","t":"B738"},"C224":{"r":"SP-RSE","t":"B738"},"C225":{"r":"SP-RSF","t":"B738"},"C226":{"r":"SP-RSG","t":"B738"},"C227":{"r":"SP-RSH","t":"B738"},"C228":{"r":"SP-RSI","t":"B738"},"C229":{"r":"SP-RSK","t":"B738"},"C22B":{"r":"SP-RSL","t":"B738"},"C22C":{"r":"SP-RSM","t":"B738"},"C22D":{"r":"SP-RSN","t":"B738"},"C22E":{"r":"SP-RSO","t":"B738"},"C22F":{"r":"SP-RSP","t":"B738"},"C230":{"r":"SP-RSR","t":"B738"},"C231":{"r":"SP-RSS","t":"B738"},"C232":{"r":"SP-RST","t":"B738"},"C233":{"r":"SP-RSU","t":"B738"},"C234":{"r":"SP-RSW","t":"B738"},"C235":{"r":"SP-RSZ","t":"B738"},"C236":{"r":"SP-RSX","t":"B738"},"C237":{"r":"SP-RSY","t":"B738"},"C238":{"r":"SP-RSV","t":"B738"},"C239":{"r":"SP-RSQ","t":"B738"},"C26C":{"r":"SP-RUM","t":"B737"},"C2A0":{"r":"SP-RZA","t":"B38M"},"C2A1":{"r":"SP-RZB","t":"B38M"},"C2A2":{"r":"SP-RZC","t":"B38M"},"C2A3":{"r":"SP-RZD","t":"B38M"},"C2A4":{"r":"SP-RZE","t":"B38M"},"C2A5":{"r":"SP-RZF","t":"B38M"},"C2A6":{"r":"SP-RZG","t":"B38M"},"C2A7":{"r":"SP-RZH","t":"B38M"},"C2A8":{"r":"SP-RZI","t":"B38M"},"C2A9":{"r":"SP-RZK","t":"B38M"},"C2AB":{"r":"SP-RZL","t":"B38M"},"C2AC":{"r":"SP-RZM","t":"B38M"},"C2AE":{"r":"SP-RZO","t":"B38M"},"C5C1":{"r":"SP-SOB","t":"TBM9"},"C812":{"r":"SP-TAT","t":"BE40"},"C825":{"r":"SP-TBF","t":"G150"},"C82C":{"r":"SP-TBM","t":"TBM9"},"C9CF":{"r":"SP-TOP","t":"GLF6"},"CA40":{"r":"SP-TTA","t":"BE40"},"CB15":{"r":"SP-TVZ","t":"B738"},"CE11":{"r":"SP-URS","t":"BE20"},"D000":{"r":"SP-WAA","t":"CL35"},"D1C8":{"r":"SP-WOI","t":"GLEX"},"D409":{"r":"SP-ZAK","t":"GL5T"},"D48D":{"r":"SP-ZEN","t":"CL35"},"D514":{"r":"SP-ZIW","t":"PC12"},"D635":{"r":"SP-ZSZ","t":"CL30"},"D802":{"r":"044","t":"YK40"},"D840":{"r":"011","t":"C295"},"D841":{"r":"012","t":"C295"},"D842":{"r":"013","t":"C295"},"D843":{"r":"014","t":"C295"},"D844":{"r":"015","t":"C295"},"D845":{"r":"016","t":"C295"},"D847":{"r":"018","t":"C295"},"D849":{"r":"020","t":"C295"},"D84C":{"r":"022","t":"C295"},"D84D":{"r":"023","t":"C295"},"D84E":{"r":"024","t":"C295"},"E067":{"r":"SP-VDH","t":"CL30"},"E109":{"r":"SP-VIK","t":"E35L"},"FE4C":{"r":"SP-SATM","t":"PIVI"},"children":["484"]}