{"0073":{"r":"HB-AEL","t":"B190"},"0076":{"r":"HB-AEO","t":"D328"},"0079":{"r":"HB-AER","t":"D328"},"007A":{"r":"HB-AES","t":"D328"},"007C":{"r":"HB-AEU","t":"D328"},"007D":{"r":"HB-AEV","t":"D328"},"0085":{"r":"HB-AFD","t":"AT43"},"0087":{"r":"HB-AFF","t":"AT43"},"0088":{"r":"HB-AFG","t":"AT72"},"0089":{"r":"HB-AFH","t":"AT72"},"008B":{"r":"HB-AFJ","t":"AT72"},"008C":{"r":"HB-AFK","t":"AT72"},"008D":{"r":"HB-AFL","t":"AT72"},"008E":{"r":"HB-AFM","t":"AT72"},"008F":{"r":"HB-AFN","t":"AT72"},"0091":{"r":"HB-AFP","t":"AT72"},"0093":{"r":"HB-AFR","t":"AT72"},"0094":{"r":"HB-AFS","t":"AT72"},"0097":{"r":"HB-AFV","t":"AT72"},"0098":{"r":"HB-AFW","t":"AT72"},"0274":{"r":"HB-AYE","t":"A20N"},"027C":{"r":"HB-AYM","t":"A20N"},"027D":{"r":"HB-AYN","t":"A20N"},"027E":{"r":"HB-AYO","t":"A20N"},"027F":{"r":"HB-AYP","t":"A20N"},"0280":{"r":"HB-AYQ","t":"A20N"},"0281":{"r":"HB-AYR","t":"A20N"},"028A":{"r":"HB-AZA","t":"E290"},"028B":{"r":"HB-AZB","t":"E290"},"028C":{"r":"HB-AZC","t":"E290"},"028D":{"r":"HB-AZD","t":"E290"},"028E":{"r":"HB-AZE","t":"E290"},"028F":{"r":"HB-AZF","t":"E290"},"0290":{"r":"HB-AZG","t":"E290"},"0291":{"r":"HB-AZH","t":"E290"},"0292":{"r":"HB-AZI","t":"E295"},"0293":{"r":"HB-AZJ","t":"E295"},"0294":{"r":"HB-AZK","t":"E295"},"0295":{"r":"HB-AZL","t":"E295"},"0551":{"r":"HB-CAJ","t":"C140"},"0699":{"r":"HB-CMZ","t":"C182"},"07C1":{"r":"HB-CYJ","t":"C10T"},"080E":{"r":"HB-DBI","t":"R90R"},"0824":{"r":"HB-DCE","t":"WA40"},"0890":{"r":"HB-DGI","t":"M20P"},"0893":{"r":"HB-DGL","t":"M20P"},"08A2":{"r":"HB-DHA","t":"M20P"},"08BE":{"r":"HB-DIC","t":"M20P"},"08CA":{"r":"HB-DIO","t":"M20P"},"0A1B":{"r":"HB-DVN","t":"M20P"},"0A2A":{"r":"HB-DWC","t":"M20P"},"0E15":{"r":"HB-FIR","t":"PC12"},"0E29":{"r":"HB-FJL","t":"PC12"},"0E8E":{"r":"HB-FNI"},"0EA6":{"r":"HB-FOG","t":"PC12"},"0EA8":{"r":"HB-FOI","t":"PC12"},"0EAF":{"r":"HB-FOP","t":"PC12"},"0EB0":{"r":"HB-FOQ","t":"PC12"},"0EB2":{"r":"HB-FOS","t":"PC12"},"0EB3":{"r":"HB-FOT","t":"PC12"},"0EB6":{"r":"HB-FOW","t":"PC12"},"0EB7":{"r":"HB-FOX","t":"PC12"},"0EB8":{"r":"HB-FOY","t":"PC12"},"0EBC":{"r":"HB-FPC","t":"PC12"},"0EC2":{"r":"HB-FPI","t":"PC12"},"0ECB":{"r":"HB-FPR","t":"PC12"},"0ECC":{"r":"HB-FPS","t":"PC12"},"0ECD":{"r":"HB-FPT","t":"PC12"},"0ED2":{"r":"HB-FPY","t":"PC12"},"0ED3":{"r":"HB-FPZ","t":"PC12"},"0ED5":{"r":"HB-FQB","t":"PC12"},"0ED6":{"r":"HB-FQC","t":"PC12"},"0EDC":{"r":"HB-FQI","t":"PC12"},"0EDD":{"r":"HB-FQJ","t":"PC12"},"0EDE":{"r":"HB-FQK","t":"PC12"},"0EDF":{"r":"HB-FQL","t":"PC12"},"0EE0":{"r":"HB-FQM","t":"PC12"},"0EE1":{"r":"HB-FQN","t":"PC12"},"0EE2":{"r":"HB-FQO","t":"PC12"},"0EE3":{"r":"HB-FQP","t":"PC12"},"0EE4":{"r":"HB-FQQ","t":"PC12"},"0EE5":{"r":"HB-FQR","t":"PC12"},"0EE6":{"r":"HB-FQS","t":"PC12"},"0EE7":{"r":"HB-FQT","t":"PC12"},"0EE8":{"r":"HB-FQU","t":"PC12"},"0EE9":{"r":"HB-FQV","t":"PC12"},"0EEA":{"r":"HB-FQW","t":"PC12"},"0EEB":{"r":"HB-FQX","t":"PC12"},"0EEC":{"r":"HB-FQY","t":"PC12"},"0EED":{"r":"HB-FQZ","t":"PC12"},"0EEE":{"r":"HB-FRA","t":"PC12"},"0EEF":{"r":"HB-FRB","t":"PC12"},"0EF0":{"r":"HB-FRC","t":"PC12"},"0EF1":{"r":"HB-FRD","t":"PC12"},"0EF2":{"r":"HB-FRE","t":"PC12"},"0EF3":{"r":"HB-FRF","t":"PC12"},"0EF4":{"r":"HB-FRG","t":"PC12"},"0EF5":{"r":"HB-FRH","t":"PC12"},"0EF6":{"r":"HB-FRI","t":"PC12"},"0EF7":{"r":"HB-FRJ","t":"PC12"},"0EF8":{"r":"HB-FRK","t":"PC12"},"0EF9":{"r":"HB-FRL","t":"PC12"},"0EFA":{"r":"HB-FRM","t":"PC12"},"0EFC":{"r":"HB-FRO","t":"PC12"},"0EFD":{"r":"HB-FRP","t":"PC12"},"0EFE":{"r":"HB-FRQ","t":"PC12"},"0F00":{"r":"HB-FRS","t":"PC12"},"0F02":{"r":"HB-FRU","t":"PC12"},"0F04":{"r":"HB-FRW","t":"PC12"},"0F05":{"r":"HB-FRX","t":"PC12"},"0F06":{"r":"HB-FRY","t":"PC12"},"0F08":{"r":"HB-FSA","t":"PC12"},"0F0B":{"r":"HB-FSD","t":"PC12"},"0F0D":{"r":"HB-FSF","t":"PC12"},"0F0E":{"r":"HB-FSG","t":"PC12"},"0F10":{"r":"HB-FSI","t":"PC12"},"0F11":{"r":"HB-FSJ","t":"PC12"},"0F12":{"r":"HB-FSK","t":"PC12"},"0F14":{"r":"HB-FSM","t":"PC12"},"0F15":{"r":"HB-FSN","t":"PC12"},"0F16":{"r":"HB-FSO","t":"PC12"},"0F17":{"r":"HB-FSP","t":"PC12"},"0F18":{"r":"HB-FSQ","t":"PC12"},"0F19":{"r":"HB-FSR","t":"PC12"},"0F1A":{"r":"HB-FSS","t":"PC12"},"0F1B":{"r":"HB-FST","t":"PC12"},"0F1C":{"r":"HB-FSU","t":"PC12"},"0F1E":{"r":"HB-FSW","t":"PC12"},"0F1F":{"r":"HB-FSX","t":"PC12"},"0F20":{"r":"HB-FSY","t":"PC12"},"0F21":{"r":"HB-FSZ","t":"PC12"},"0F22":{"r":"HB-FTA","t":"PC12"},"0F23":{"r":"HB-FTB","t":"PC12"},"0F26":{"r":"HB-FTE","t":"PC12"},"0F27":{"r":"HB-FTF","t":"PC12"},"0F28":{"r":"HB-FTG","t":"PC12"},"0F2C":{"r":"HB-FTK","t":"PC12"},"0F2E":{"r":"HB-FTM","t":"PC12"},"0F2F":{"r":"HB-FTN","t":"PC12"},"0F32":{"r":"HB-FTQ","t":"PC12"},"0F34":{"r":"HB-FTS","t":"PC12"},"0F37":{"r":"HB-FTV","t":"PC12"},"0F39":{"r":"HB-FTX","t":"PC12"},"0F3C":{"r":"HB-FUA","t":"PC12"},"0F49":{"r":"HB-FUN","t":"PC12"},"0F50":{"r":"HB-FUU","t":"PC12"},"0F56":{"r":"HB-FVA","t":"PC12"},"0F58":{"r":"HB-FVC","t":"PC12"},"0F59":{"r":"HB-FVD","t":"PC12"},"0F5B":{"r":"HB-FVF","t":"PC12"},"0F5D":{"r":"HB-FVH","t":"PC12"},"0F5E":{"r":"HB-FVI","t":"PC12"},"0F5F":{"r":"HB-FVJ","t":"PC12"},"0F60":{"r":"HB-FVK","t":"PC12"},"0F61":{"r":"HB-FVL","t":"PC12"},"0F62":{"r":"HB-FVM","t":"PC12"},"0F64":{"r":"HB-FVO","t":"PC12"},"0F65":{"r":"HB-FVP","t":"PC12"},"0F66":{"r":"HB-FVQ","t":"PC12"},"0F69":{"r":"HB-FVT","t":"PC12"},"0F6A":{"r":"HB-FVU","t":"PC12"},"0F6C":{"r":"HB-FVW","t":"PC12"},"0F6F":{"r":"HB-FVZ","t":"PC12"},"0F70":{"r":"HB-FWA","t":"PC12"},"0F75":{"r":"HB-FWF","t":"PC12"},"0F76":{"r":"HB-FWG","t":"PC12"},"0F77":{"r":"HB-FWH","t":"PC12"},"0F7E":{"r":"HB-FWO","t":"PC12"},"0F7F":{"r":"HB-FWP","t":"PC12"},"0F84":{"r":"HB-FWU","t":"PC12"},"0F86":{"r":"HB-FWW","t":"PC12"},"0F92":{"r":"HB-FXI","t":"PC12"},"0F94":{"r":"HB-FXK","t":"PC12"},"0F97":{"r":"HB-FXN","t":"PC12"},"0FA1":{"r":"HB-FXX","t":"PC12"},"0FC0":{"r":"HB-FZC","t":"PC12"},"0FD7":{"r":"HB-FZZ","t":"PC12"},"1038":{"r":"HB-GDS","t":"BE55"},"1091":{"r":"HB-GHD","t":"BE9T"},"10C9":{"r":"HB-GJH","t":"BE9L"},"10D0":{"r":"HB-GJO","t":"BE58"},"10D1":{"r":"HB-GJP","t":"BE30"},"10D5":{"r":"HB-GJT","t":"BE30"},"10D6":{"r":"HB-GJU","t":"B350"},"10DD":{"r":"HB-GKB","t":"BE20"},"10F6":{"r":"HB-GLA","t":"BE20"},"10F7":{"r":"HB-GLB","t":"BE20"},"1160":{"r":"HB-GPC","t":"BE58"},"1162":{"r":"HB-GPE","t":"BE36"},"1165":{"r":"HB-GPH","t":"BE20"},"1166":{"r":"HB-GPI","t":"BE30"},"1170":{"r":"HB-GPS","t":"BE20"},"11DE":{"r":"HB-GTY","t":"B350"},"14D3":{"r":"HB-HXB","t":"PC21"},"14D4":{"r":"HB-HXC","t":"PC21"},"14D5":{"r":"HB-HXD","t":"PC21"},"14F0":{"r":"HB-HYE","t":"PC21"},"14F1":{"r":"HB-HYF","t":"PC21"},"1508":{"r":"HB-HZC","t":"PC21"},"1509":{"r":"HB-HZD","t":"PC21"},"1520":{"r":"HB-IAA","t":"FA7X"},"1527":{"r":"HB-IAH","t":"F900"},"1529":{"r":"HB-IAJ","t":"F2TH"},"1534":{"r":"HB-IAU","t":"F2TH"},"1536":{"r":"HB-IAW","t":"F2TH"},"1537":{"r":"HB-IAX","t":"F2TH"},"1539":{"r":"HB-IAZ","t":"F2TH"},"1541":{"r":"HB-IBH","t":"F2TH"},"1543":{"r":"HB-IBJ","t":"F2TH"},"1577":{"r":"HB-IDJ","t":"CL60"},"158C":{"r":"HB-IEE","t":"B752"},"15AB":{"r":"HB-IFJ","t":"F900"},"15B2":{"r":"HB-IFQ","t":"F900"},"15C4":{"r":"HB-IGI","t":"F900"},"15C7":{"r":"HB-IGL","t":"F900"},"15C8":{"r":"HB-IGM","t":"GLF5"},"15CA":{"r":"HB-IGO","t":"F2TH"},"15CC":{"r":"HB-IGQ","t":"F2TH"},"15D4":{"r":"HB-IGY","t":"F900"},"15E6":{"r":"HB-IHQ","t":"GLEX"},"15E8":{"r":"HB-IHS","t":"B752"},"15ED":{"r":"HB-IHX","t":"A320"},"15EE":{"r":"HB-IHY","t":"A320"},"15EF":{"r":"HB-IHZ","t":"A320"},"1600":{"r":"HB-IIQ","t":"B737"},"1601":{"r":"HB-IIR","t":"B738"},"1606":{"r":"HB-IIW","t":"GLF5"},"160B":{"r":"HB-IJB","t":"A320"},"160D":{"r":"HB-IJD","t":"A320"},"160E":{"r":"HB-IJE","t":"A320"},"160F":{"r":"HB-IJF","t":"A320"},"1611":{"r":"HB-IJH","t":"A320"},"1612":{"r":"HB-IJI","t":"A320"},"1613":{"r":"HB-IJJ","t":"A320"},"1614":{"r":"HB-IJK","t":"A320"},"1615":{"r":"HB-IJL","t":"A320"},"1616":{"r":"HB-IJM","t":"A320"},"1617":{"r":"HB-IJN","t":"A320"},"1618":{"r":"HB-IJO","t":"A320"},"1619":{"r":"HB-IJP","t":"A320"},"161A":{"r":"HB-IJQ","t":"A320"},"161B":{"r":"HB-IJR","t":"A320"},"161C":{"r":"HB-IJS","t":"A320"},"161E":{"r":"HB-IJU","t":"A320"},"161F":{"r":"HB-IJV","t":"A320"},"1620":{"r":"HB-IJW","t":"A320"},"1621":{"r":"HB-IJX","t":"A320"},"1636":{"r":"HB-IKS","t":"CL60"},"163D":{"r":"HB-IKZ","t":"GLEX"},"1650":{"r":"HB-ILS","t":"GLF4"},"1661":{"r":"HB-IMJ","t":"GLF5"},"1670":{"r":"HB-IMY","t":"GLF4"},"167B":{"r":"HB-INJ","t":"GLEX"},"168E":{"r":"HB-IOC","t":"A321"},"168F":{"r":"HB-IOD","t":"A321"},"1691":{"r":"HB-IOF","t":"A321"},"1693":{"r":"HB-IOH","t":"A321"},"1696":{"r":"HB-IOK","t":"A321"},"1697":{"r":"HB-IOL","t":"A321"},"1698":{"r":"HB-IOM","t":"A321"},"1699":{"r":"HB-ION","t":"A321"},"169A":{"r":"HB-IOO","t":"A321"},"169B":{"r":"HB-IOP","t":"A320"},"169C":{"r":"HB-IOQ","t":"A320"},"169D":{"r":"HB-IOR","t":"A320"},"169E":{"r":"HB-IOS","t":"A320"},"169F":{"r":"HB-IOT","t":"A320"},"16A0":{"r":"HB-IOU","t":"A320"},"16A2":{"r":"HB-IOW","t":"A320"},"16A3":{"r":"HB-IOX","t":"A319"},"16A4":{"r":"HB-IOY","t":"A319"},"16A5":{"r":"HB-IOZ","t":"A320"},"16B7":{"r":"HB-IPR","t":"A319"},"16B8":{"r":"HB-IPS","t":"A319"},"16B9":{"r":"HB-IPT","t":"A319"},"16BA":{"r":"HB-IPU","t":"A319"},"16BB":{"r":"HB-IPV","t":"A319"},"16BD":{"r":"HB-IPX","t":"A319"},"16BE":{"r":"HB-IPY","t":"A319"},"16C0":{"r":"HB-IQA","t":"A332"},"16C2":{"r":"HB-IQC","t":"A332"},"16C7":{"r":"HB-IQH","t":"A332"},"16C8":{"r":"HB-IQI","t":"A332"},"16C9":{"r":"HB-IQJ","t":"A332"},"16CE":{"r":"HB-IQO","t":"A332"},"16D0":{"r":"HB-IQQ","t":"A332"},"16D9":{"r":"HB-IQZ","t":"A332"},"16F8":{"r":"HB-ISE","t":"B763"},"173B":{"r":"HB-IUT","t":"GALX"},"173E":{"r":"HB-IUW","t":"F900"},"173F":{"r":"HB-IUX","t":"F900"},"174B":{"r":"HB-IVJ","t":"GLF6"},"174D":{"r":"HB-IVL","t":"GLF5"},"1754":{"r":"HB-IVS","t":"CL60"},"175B":{"r":"HB-IVZ","t":"GLF5"},"1774":{"r":"HB-IWY","t":"GLF4"},"1781":{"r":"HB-IXL","t":"GLF6"},"1783":{"r":"HB-IXN","t":"RJ1H"},"1784":{"r":"HB-IXO","t":"RJ1H"},"1785":{"r":"HB-IXP","t":"RJ1H"},"1786":{"r":"HB-IXQ","t":"RJ1H"},"1787":{"r":"HB-IXR","t":"RJ1H"},"1788":{"r":"HB-IXS","t":"RJ1H"},"1789":{"r":"HB-IXT","t":"RJ1H"},"178A":{"r":"HB-IXU","t":"RJ1H"},"178B":{"r":"HB-IXV","t":"RJ1H"},"178C":{"r":"HB-IXW","t":"RJ1H"},"178D":{"r":"HB-IXX","t":"RJ1H"},"1793":{"r":"HB-IYD"},"1798":{"r":"HB-IYI","t":"SB20"},"17A0":{"r":"HB-IYQ","t":"RJ1H"},"17A1":{"r":"HB-IYR","t":"RJ1H"},"17A2":{"r":"HB-IYS","t":"RJ1H"},"17A3":{"r":"HB-IYT","t":"RJ1H"},"17A4":{"r":"HB-IYU","t":"RJ1H"},"17A5":{"r":"HB-IYV","t":"RJ1H"},"17A6":{"r":"HB-IYW","t":"RJ1H"},"17A8":{"r":"HB-IYY","t":"RJ1H"},"17A9":{"r":"HB-IYZ","t":"RJ1H"},"17B0":{"r":"HB-IZG","t":"SB20"},"17B1":{"r":"HB-IZH","t":"SB20"},"17B3":{"r":"HB-IZJ","t":"SB20"},"17B9":{"r":"HB-IZP","t":"SB20"},"17BE":{"r":"HB-IZU","t":"SB20"},"17C0":{"r":"HB-IZW","t":"SB20"},"17C1":{"r":"HB-IZX","t":"SB20"},"17C3":{"r":"HB-IZZ","t":"SB20"},"17DD":{"r":"HB-JAZ","t":"GLF5"},"17DE":{"r":"HB-JBA","t":"BCS1"},"17DF":{"r":"HB-JBB","t":"BCS1"},"17E0":{"r":"HB-JBC","t":"BCS1"},"17E1":{"r":"HB-JBD","t":"BCS1"},"17E2":{"r":"HB-JBE","t":"BCS1"},"17E3":{"r":"HB-JBF","t":"BCS1"},"17E4":{"r":"HB-JBG","t":"BCS1"},"17E5":{"r":"HB-JBH","t":"BCS1"},"17E6":{"r":"HB-JBI","t":"BCS1"},"17F8":{"r":"HB-JCA","t":"BCS3"},"17F9":{"r":"HB-JCB","t":"BCS3"},"17FA":{"r":"HB-JCC","t":"BCS3"},"17FB":{"r":"HB-JCD","t":"BCS3"},"17FC":{"r":"HB-JCE","t":"BCS3"},"17FD":{"r":"HB-JCF","t":"BCS3"},"17FE":{"r":"HB-JCG","t":"BCS3"},"17FF":{"r":"HB-JCH","t":"BCS3"},"1800":{"r":"HB-JCI","t":"BCS3"},"1801":{"r":"HB-JCJ","t":"BCS3"},"1802":{"r":"HB-JCK","t":"BCS3"},"1803":{"r":"HB-JCL","t":"BCS3"},"1804":{"r":"HB-JCM","t":"BCS3"},"1805":{"r":"HB-JCN","t":"BCS3"},"1806":{"r":"HB-JCO","t":"BCS3"},"1807":{"r":"HB-JCP","t":"BCS3"},"1808":{"r":"HB-JCQ","t":"BCS3"},"1809":{"r":"HB-JCR","t":"BCS3"},"180A":{"r":"HB-JCS","t":"BCS3"},"180B":{"r":"HB-JCT","t":"BCS3"},"180C":{"r":"HB-JCU","t":"BCS3"},"1812":{"r":"HB-JDA","t":"A20N"},"1813":{"r":"HB-JDB","t":"A20N"},"1814":{"r":"HB-JDC","t":"A20N"},"1815":{"r":"HB-JDD","t":"A20N"},"1816":{"r":"HB-JDE","t":"A20N"},"1817":{"r":"HB-JDF","t":"A20N"},"182D":{"r":"HB-JEB","t":"GALX"},"182E":{"r":"HB-JEC","t":"CL30"},"182F":{"r":"HB-JED","t":"E135"},"1830":{"r":"HB-JEE","t":"GLF5"},"1832":{"r":"HB-JEG","t":"F2TH"},"1833":{"r":"HB-JEH","t":"GLEX"},"1837":{"r":"HB-JEL","t":"E135"},"1839":{"r":"HB-JEN","t":"GLEX"},"183B":{"r":"HB-JEP","t":"GLF5"},"183D":{"r":"HB-JER","t":"GLEX"},"183E":{"r":"HB-JES","t":"GLF5"},"183F":{"r":"HB-JET","t":"F2TH"},"1841":{"r":"HB-JEV","t":"GLF5"},"1843":{"r":"HB-JEX","t":"GLEX"},"1844":{"r":"HB-JEY","t":"GLEX"},"1845":{"r":"HB-JEZ","t":"C750"},"1846":{"r":"HB-JFA","t":"CL60"},"1847":{"r":"HB-JFB","t":"GL5T"},"1848":{"r":"HB-JFC","t":"CL60"},"1849":{"r":"HB-JFD","t":"C750"},"184A":{"r":"HB-JFE","t":"GLEX"},"184E":{"r":"HB-JFI","t":"F2TH"},"184F":{"r":"HB-JFJ","t":"CL60"},"1850":{"r":"HB-JFK","t":"E50P"},"1851":{"r":"HB-JFL","t":"E135"},"1852":{"r":"HB-JFM","t":"CL30"},"1853":{"r":"HB-JFN","t":"FA7X"},"1854":{"r":"HB-JFO","t":"CL30"},"1855":{"r":"HB-JFP","t":"GLF6"},"1856":{"r":"HB-JFQ","t":"FA7X"},"1857":{"r":"HB-JFR","t":"FA7X"},"1858":{"r":"HB-JFS","t":"FA7X"},"185D":{"r":"HB-JFX","t":"GLEX"},"185E":{"r":"HB-JFY","t":"GLEX"},"185F":{"r":"HB-JFZ","t":"CL60"},"1860":{"r":"HB-JGA","t":"DH8D"},"1861":{"r":"HB-JGB","t":"GLF4"},"1864":{"r":"HB-JGE","t":"GLEX"},"1865":{"r":"HB-JGF","t":"GLEX"},"1866":{"r":"HB-JGG","t":"F2TH"},"1867":{"r":"HB-JGH","t":"GLEX"},"1868":{"r":"HB-JGI","t":"FA7X"},"1869":{"r":"HB-JGJ","t":"GLF4"},"186B":{"r":"HB-JGL","t":"GALX"},"186F":{"r":"HB-JGP","t":"GLEX"},"1870":{"r":"HB-JGQ","t":"CL30"},"1871":{"r":"HB-JGR","t":"CL60"},"1872":{"r":"HB-JGS","t":"E135"},"1873":{"r":"HB-JGT","t":"CL60"},"1874":{"r":"HB-JGU","t":"C750"},"187A":{"r":"HB-JHA","t":"A333"},"187B":{"r":"HB-JHB","t":"A333"},"187C":{"r":"HB-JHC","t":"A333"},"187D":{"r":"HB-JHD","t":"A333"},"187E":{"r":"HB-JHE","t":"A333"},"187F":{"r":"HB-JHF","t":"A333"},"1880":{"r":"HB-JHG","t":"A333"},"1881":{"r":"HB-JHH","t":"A333"},"1882":{"r":"HB-JHI","t":"A333"},"1883":{"r":"HB-JHJ","t":"A333"},"1884":{"r":"HB-JHK","t":"A333"},"1885":{"r":"HB-JHL","t":"A333"},"1886":{"r":"HB-JHM","t":"A333"},"1887":{"r":"HB-JHN","t":"A333"},"188A":{"r":"HB-JHQ","t":"A333"},"1897":{"r":"HB-JID","t":"MD90"},"1898":{"r":"HB-JIE","t":"MD90"},"1899":{"r":"HB-JIF","t":"MD90"},"189A":{"r":"HB-JIG","t":"C680"},"189B":{"r":"HB-JIH","t":"GL5T"},"189C":{"r":"HB-JII","t":"GLEX"},"189D":{"r":"HB-JIJ","t":"DH8D"},"189E":{"r":"HB-JIK","t":"DH8D"},"189F":{"r":"HB-JIL","t":"C680"},"18A0":{"r":"HB-JIM","t":"FA8X"},"18A1":{"r":"HB-JIN","t":"F900"},"18A3":{"r":"HB-JIP","t":"F2TH"},"18A7":{"r":"HB-JIT","t":"GL7T"},"18AA":{"r":"HB-JIW","t":"A320"},"18AB":{"r":"HB-JIX","t":"A320"},"18AC":{"r":"HB-JIY","t":"A320"},"18AD":{"r":"HB-JIZ","t":"A320"},"18AE":{"r":"HB-JJA","t":"B737"},"18B0":{"r":"HB-JJC","t":"B733"},"18B1":{"r":"HB-JJD","t":"B752"},"18B4":{"r":"HB-JJG","t":"B763"},"18B7":{"r":"HB-JJJ","t":"A319"},"18B8":{"r":"HB-JJK","t":"A320"},"18B9":{"r":"HB-JJL","t":"A320"},"18BA":{"r":"HB-JJM","t":"A320"},"18BB":{"r":"HB-JJN","t":"A320"},"18C1":{"r":"HB-JJT","t":"C680"},"18C9":{"r":"HB-JKB","t":"GLF5"},"18CA":{"r":"HB-JKC","t":"GLF5"},"18CB":{"r":"HB-JKD","t":"GALX"},"18CC":{"r":"HB-JKE","t":"GALX"},"18CD":{"r":"HB-JKF","t":"GLF4"},"18CE":{"r":"HB-JKG","t":"GALX"},"18CF":{"r":"HB-JKH","t":"GALX"},"18D0":{"r":"HB-JKI","t":"GLF5"},"18D2":{"r":"HB-JKK","t":"FA8X"},"18D3":{"r":"HB-JKL","t":"F2TH"},"18D8":{"r":"HB-JKQ","t":"GLF6"},"18D9":{"r":"HB-JKR","t":"CL35"},"18DD":{"r":"HB-JKV","t":"FA8X"},"18E2":{"r":"HB-JLA","t":"FA8X"},"18E4":{"r":"HB-JLC","t":"GLEX"},"18E7":{"r":"HB-JLF","t":"GL7T"},"18EC":{"r":"HB-JLK","t":"FA7X"},"18F0":{"r":"HB-JLO","t":"GLF6"},"18F1":{"r":"HB-JLP","t":"A320"},"18F2":{"r":"HB-JLQ","t":"A320"},"18F3":{"r":"HB-JLR","t":"A320"},"18F4":{"r":"HB-JLS","t":"A320"},"18F5":{"r":"HB-JLT","t":"A320"},"18FC":{"r":"HB-JMA","t":"A343"},"18FD":{"r":"HB-JMB","t":"A343"},"18FE":{"r":"HB-JMC","t":"A343"},"18FF":{"r":"HB-JMD","t":"A343"},"1900":{"r":"HB-JME","t":"A343"},"1901":{"r":"HB-JMF","t":"A343"},"1902":{"r":"HB-JMG","t":"A343"},"1903":{"r":"HB-JMH","t":"A343"},"1904":{"r":"HB-JMI","t":"A343"},"1905":{"r":"HB-JMJ","t":"A343"},"1906":{"r":"HB-JMK","t":"A343"},"1907":{"r":"HB-JML","t":"A343"},"1908":{"r":"HB-JMM","t":"A343"},"1909":{"r":"HB-JMN","t":"A343"},"190A":{"r":"HB-JMO","t":"A343"},"1916":{"r":"HB-JNA","t":"B77W"},"1917":{"r":"HB-JNB","t":"B77W"},"1918":{"r":"HB-JNC","t":"B77W"},"1919":{"r":"HB-JND","t":"B77W"},"191A":{"r":"HB-JNE","t":"B77W"},"191B":{"r":"HB-JNF","t":"B77W"},"191C":{"r":"HB-JNG","t":"B77W"},"191D":{"r":"HB-JNH","t":"B77W"},"191E":{"r":"HB-JNI","t":"B77W"},"191F":{"r":"HB-JNJ","t":"B77W"},"1920":{"r":"HB-JNK","t":"B77W"},"1921":{"r":"HB-JNL","t":"B77W"},"1931":{"r":"HB-JOB","t":"FA7X"},"1934":{"r":"HB-JOE","t":"GLF5"},"1937":{"r":"HB-JOH","t":"A319"},"1939":{"r":"HB-JOJ","t":"A319"},"193A":{"r":"HB-JOK","t":"A320"},"193F":{"r":"HB-JOP","t":"A320"},"1941":{"r":"HB-JOR","t":"GL5T"},"1942":{"r":"HB-JOS","t":"A320"},"1948":{"r":"HB-JOY","t":"A319"},"1949":{"r":"HB-JOZ","t":"A320"},"194A":{"r":"HB-JPA","t":"A21N"},"194B":{"r":"HB-JPB","t":"A21N"},"194C":{"r":"HB-JPC","t":"A21N"},"194D":{"r":"HB-JPD","t":"A21N"},"1964":{"r":"HB-JQA","t":"DH8D"},"1965":{"r":"HB-JQB","t":"DH8D"},"1968":{"r":"HB-JQE","t":"E190"},"196A":{"r":"HB-JQG","t":"E190"},"197E":{"r":"HB-JRA","t":"CL60"},"197F":{"r":"HB-JRB","t":"CL60"},"1980":{"r":"HB-JRC","t":"CL60"},"1982":{"r":"HB-JRE","t":"CL60"},"1984":{"r":"HB-JRG","t":"CL60"},"1987":{"r":"HB-JRJ","t":"GL5T"},"198B":{"r":"HB-JRN","t":"CL60"},"198E":{"r":"HB-JRQ","t":"CL60"},"198F":{"r":"HB-JRR","t":"GL5T"},"1990":{"r":"HB-JRS","t":"GL5T"},"1991":{"r":"HB-JRT","t":"CL60"},"1993":{"r":"HB-JRV","t":"CL60"},"1995":{"r":"HB-JRX","t":"GL5T"},"1998":{"r":"HB-JSA","t":"FA7X"},"1999":{"r":"HB-JSB","t":"F2TH"},"199A":{"r":"HB-JSC","t":"FA8X"},"199C":{"r":"HB-JSE","t":"FA7X"},"199D":{"r":"HB-JSF","t":"CL60"},"199E":{"r":"HB-JSG","t":"CL60"},"19A0":{"r":"HB-JSI","t":"FA7X"},"19A2":{"r":"HB-JSK","t":"GLEX"},"19A3":{"r":"HB-JSL","t":"FA7X"},"19A4":{"r":"HB-JSM","t":"FA7X"},"19A5":{"r":"HB-JSN","t":"FA7X"},"19A6":{"r":"HB-JSO","t":"FA7X"},"19A9":{"r":"HB-JSR","t":"FA50"},"19AA":{"r":"HB-JSS","t":"FA7X"},"19AB":{"r":"HB-JST","t":"FA7X"},"19AC":{"r":"HB-JSU","t":"F900"},"19AF":{"r":"HB-JSX","t":"F900"},"19B0":{"r":"HB-JSY","t":"F900"},"19B1":{"r":"HB-JSZ","t":"FA7X"},"19B3":{"r":"HB-JTB","t":"CL30"},"19B4":{"r":"HB-JTC","t":"F2TH"},"19B9":{"r":"HB-JTH","t":"FA8X"},"19C5":{"r":"HB-JTT","t":"GLF5"},"19DE":{"r":"HB-JUS","t":"GLF4"},"19E8":{"r":"HB-JVC","t":"F100"},"19EA":{"r":"HB-JVE","t":"F100"},"19EB":{"r":"HB-JVF","t":"F100"},"19EC":{"r":"HB-JVG","t":"F100"},"19ED":{"r":"HB-JVH","t":"F100"},"19EE":{"r":"HB-JVI","t":"F100"},"19F0":{"r":"HB-JVK","t":"A319"},"19F1":{"r":"HB-JVL","t":"E190"},"19F2":{"r":"HB-JVM","t":"E190"},"19F3":{"r":"HB-JVN","t":"E190"},"19F4":{"r":"HB-JVO","t":"E190"},"19F5":{"r":"HB-JVP","t":"E190"},"19F6":{"r":"HB-JVQ","t":"E190"},"19F7":{"r":"HB-JVR","t":"E190"},"19FD":{"r":"HB-JVX","t":"E190"},"19FE":{"r":"HB-JVY","t":"E190"},"1A00":{"r":"HB-JWA","t":"CL60"},"1A01":{"r":"HB-JWB","t":"CL60"},"1A02":{"r":"HB-JWC","t":"CL60"},"1A17":{"r":"HB-JWX","t":"FA8X"},"1A18":{"r":"HB-JWY","t":"GLF5"},"1A1A":{"r":"HB-JXA","t":"A320"},"1A1B":{"r":"HB-JXB","t":"A320"},"1A1D":{"r":"HB-JXD","t":"A320"},"1A1E":{"r":"HB-JXE","t":"A320"},"1A1F":{"r":"HB-JXF","t":"A320"},"1A23":{"r":"HB-JXJ","t":"A320"},"1A24":{"r":"HB-JXK","t":"A320"},"1A25":{"r":"HB-JXL","t":"A320"},"1A26":{"r":"HB-JXM","t":"A320"},"1A27":{"r":"HB-JXN","t":"A320"},"1A28":{"r":"HB-JXO","t":"A320"},"1A29":{"r":"HB-JXP","t":"A320"},"1A2A":{"r":"HB-JXQ","t":"A320"},"1A2B":{"r":"HB-JXR","t":"A320"},"1A34":{"r":"HB-JYA","t":"A320"},"1A35":{"r":"HB-JYB","t":"A319"},"1A36":{"r":"HB-JYC","t":"A319"},"1A37":{"r":"HB-JYD","t":"A320"},"1A38":{"r":"HB-JYE","t":"A320"},"1A39":{"r":"HB-JYF","t":"A319"},"1A53":{"r":"HB-JZF","t":"A319"},"1A54":{"r":"HB-JZG","t":"A319"},"1A55":{"r":"HB-JZH","t":"A319"},"1A56":{"r":"HB-JZI","t":"A319"},"1A57":{"r":"HB-JZJ","t":"A319"},"1A58":{"r":"HB-JZK","t":"A319"},"1A59":{"r":"HB-JZL","t":"A319"},"1A5A":{"r":"HB-JZM","t":"A319"},"1A5B":{"r":"HB-JZN","t":"A319"},"1A5C":{"r":"HB-JZO","t":"A319"},"1A5D":{"r":"HB-JZP","t":"A319"},"1A5E":{"r":"HB-JZQ","t":"A319"},"1A5F":{"r":"HB-JZR","t":"A320"},"1A60":{"r":"HB-JZS","t":"A319"},"1A61":{"r":"HB-JZT","t":"A319"},"1A62":{"r":"HB-JZU","t":"A319"},"1A63":{"r":"HB-JZV","t":"A319"},"1A64":{"r":"HB-JZW","t":"A319"},"1A65":{"r":"HB-JZX","t":"A320"},"1A66":{"r":"HB-JZY","t":"A320"},"1A67":{"r":"HB-JZZ","t":"A320"},"1A69":{"r":"HB-KAB","t":"TRIN"},"1AA4":{"r":"HB-KCI","t":"HUSK"},"1AE9":{"r":"HB-KEZ"},"1B20":{"r":"HB-KHC","t":"TBM7"},"1B47":{"r":"HB-KIP","t":"HUSK"},"1B4E":{"r":"HB-KIW","t":"BE33"},"1B65":{"r":"HB-KJT","t":"TBM9"},"1BDF":{"r":"HB-KOL","t":"TBM7"},"1BE5":{"r":"HB-KOR","t":"TBM8"},"1BFF":{"r":"HB-KPR","t":"SR22"},"1C24":{"r":"HB-KRC","t":"TBM9"},"1E1C":{"r":"HB-LKM","t":"PA34"},"1E33":{"r":"HB-LLJ","t":"P180"},"1E69":{"r":"HB-LNL","t":"PAY2"},"1E75":{"r":"HB-LNX","t":"PAY2"},"1EBB":{"r":"HB-LQP","t":"PA31"},"1EDB":{"r":"HB-LRV","t":"PAY2"},"1EE3":{"r":"HB-LSD","t":"PA34"},"1F02":{"r":"HB-LTI","t":"PA31"},"1F06":{"r":"HB-LTM","t":"PAY4"},"1F07":{"r":"HB-LTN","t":"P180"},"1F13":{"r":"HB-LTZ","t":"P180"},"1F14":{"r":"HB-LUA","t":"P68"},"1F21":{"r":"HB-LUN","t":"P68"},"1F26":{"r":"HB-LUS","t":"P180"},"1F27":{"r":"HB-LUT","t":"P180"},"1F29":{"r":"HB-LUV","t":"C303"},"1F7F":{"r":"HB-LYD","t":"P180"},"21A3":{"r":"HB-MTF","t":"E300"},"25C4":{"r":"HB-OHW","t":"P28R"},"272B":{"r":"HB-OVR","t":"PA24"},"283E":{"r":"HB-PGG","t":"P28A"},"28A2":{"r":"HB-PKC","t":"PA46"},"28BD":{"r":"HB-PLD","t":"PA46"},"2929":{"r":"HB-PPH","t":"PA46"},"293F":{"r":"HB-PQD","t":"P28A"},"2949":{"r":"HB-PQN","t":"PA32"},"2965":{"r":"HB-PRP","t":"P46T"},"2FE2":{"r":"HB-SDM","t":"DA42"},"3272":{"r":"HB-TCS","t":"P210"},"337F":{"r":"HB-VAL","t":"C510"},"3778":{"r":"HB-VAE","t":"PC24"},"377D":{"r":"HB-VAJ","t":"E55P"},"37B1":{"r":"HB-VCJ","t":"H25B"},"37B5":{"r":"HB-VCN","t":"SBR1"},"37D8":{"r":"HB-VDW","t":"LJ45"},"37ED":{"r":"HB-VER","t":"C25A"},"37EF":{"r":"HB-VET","t":"C25A"},"3810":{"r":"HB-VGA","t":"PC24"},"3819":{"r":"HB-VGJ","t":"PC24"},"383F":{"r":"HB-VHV","t":"H25B"},"385F":{"r":"HB-VJB","t":"C501"},"388E":{"r":"HB-VKW","t":"H25B"},"3897":{"r":"HB-VLF","t":"H25B"},"3898":{"r":"HB-VLG","t":"H25B"},"38AB":{"r":"HB-VLZ","t":"C560"},"38B5":{"r":"HB-VMJ","t":"C550"},"38B7":{"r":"HB-VML","t":"LJ45"},"38BA":{"r":"HB-VMO","t":"C560"},"38BE":{"r":"HB-VMS","t":"C68A"},"38C0":{"r":"HB-VMU","t":"C560"},"38C1":{"r":"HB-VMV","t":"C560"},"38C3":{"r":"HB-VMX","t":"C550"},"38C4":{"r":"HB-VMY","t":"C550"},"38C6":{"r":"HB-VNA","t":"C560"},"38C7":{"r":"HB-VNB","t":"C560"},"38CA":{"r":"HB-VNE"},"38CE":{"r":"HB-VNI","t":"C560"},"38D8":{"r":"HB-VNS","t":"C560"},"38DB":{"r":"HB-VNV","t":"LJ60"},"38DC":{"r":"HB-VNW","t":"C560"},"38DF":{"r":"HB-VNZ","t":"C550"},"38E2":{"r":"HB-VOC","t":"C560"},"38E4":{"r":"HB-VOE","t":"C25A"},"38E5":{"r":"HB-VOF","t":"C525"},"38E6":{"r":"HB-VOG","t":"C525"},"38E7":{"r":"HB-VOH","t":"C550"},"38E8":{"r":"HB-VOI","t":"PRM1"},"38E9":{"r":"HB-VOJ","t":"H25B"},"38EB":{"r":"HB-VOL","t":"C25A"},"38ED":{"r":"HB-VON","t":"C560"},"38EE":{"r":"HB-VOO","t":"H25C"},"38EF":{"r":"HB-VOP","t":"C25A"},"38F0":{"r":"HB-VOQ","t":"H25C"},"38F2":{"r":"HB-VOS","t":"PRM1"},"38F3":{"r":"HB-VOT","t":"H25B"},"38F4":{"r":"HB-VOU","t":"C560"},"38F5":{"r":"HB-VOV","t":"C525"},"38F6":{"r":"HB-VOW","t":"C25B"},"38F8":{"r":"HB-VOY","t":"H25B"},"38F9":{"r":"HB-VOZ","t":"LJ60"},"38FA":{"r":"HB-VPA","t":"C25C"},"38FB":{"r":"HB-VPB","t":"C25A"},"38FC":{"r":"HB-VPC","t":"C25A"},"38FE":{"r":"HB-VPE","t":"C25A"},"38FF":{"r":"HB-VPF","t":"C525"},"3900":{"r":"HB-VPG","t":"E55P"},"3903":{"r":"HB-VPJ","t":"H25B"},"3905":{"r":"HB-VPL","t":"PRM1"},"3906":{"r":"HB-VPM","t":"C510"},"3908":{"r":"HB-VPO","t":"E55P"},"390B":{"r":"HB-VPR","t":"E55P"},"390F":{"r":"HB-VPV","t":"BE40"},"3911":{"r":"HB-VPX","t":"PC24"},"3933":{"r":"HB-VRF","t":"PC24"},"393F":{"r":"HB-VRR","t":"C510"},"3943":{"r":"HB-VRV","t":"E50P"},"3944":{"r":"HB-VRW","t":"E55P"},"3948":{"r":"HB-VSA","t":"PC24"},"3963":{"r":"HB-VTB","t":"C25M"},"396E":{"r":"HB-VTM","t":"PC24"},"3974":{"r":"HB-VTS","t":"PRM1"},"3978":{"r":"HB-VTW","t":"C25M"},"3996":{"r":"HB-VVA","t":"PC24"},"39A1":{"r":"HB-VVL","t":"PC24"},"39AA":{"r":"HB-VVU","t":"PC24"},"39B0":{"r":"HB-VWA","t":"C25A"},"39B1":{"r":"HB-VWB","t":"C25B"},"39B2":{"r":"HB-VWC","t":"C25B"},"39B3":{"r":"HB-VWD","t":"C56X"},"39B4":{"r":"HB-VWE","t":"C56X"},"39B5":{"r":"HB-VWF","t":"C525"},"39B9":{"r":"HB-VWJ","t":"C560"},"39BB":{"r":"HB-VWL","t":"C510"},"39BC":{"r":"HB-VWM","t":"C525"},"39BD":{"r":"HB-VWN","t":"LJ60"},"39C0":{"r":"HB-VWQ","t":"E50P"},"39C2":{"r":"HB-VWS","t":"C510"},"39C6":{"r":"HB-VWW","t":"C525"},"39C7":{"r":"HB-VWX","t":"C510"},"39C9":{"r":"HB-VWZ","t":"C510"},"39CB":{"r":"HB-VXB","t":"PC24"},"39F0":{"r":"HB-VYM","t":"E55P"},"39F6":{"r":"HB-VYS","t":"E55P"},"3A05":{"r":"HB-VZH","t":"PC24"},"3A08":{"r":"HB-VZK","t":"PC24"},"3EF6":{"r":"HB-XVY","t":"AS32"},"4073":{"r":"HB-YKP","t":"GLST"},"40B1":{"r":"HB-YMZ","t":"RV4"},"424E":{"r":"HB-ZCW","t":"MD90"},"437E":{"r":"HB-ZOO","t":"AS55"},"43DF":{"r":"HB-ZSH","t":"EC20"},"4421":{"r":"HB-ZUV","t":"A139"},"4CCA":{"r":"HB-2083","t":"G109"},"4E42":{"r":"HB-2459","t":"DIMO"},"7F4C":{"r":"T-785","t":"F900"},"7F5A":{"r":"A-108","t":"PC21"},"7F5B":{"r":"A-107","t":"PC21"},"7F77":{"r":"T-729","t":"B190"},"7F9D":{"r":"T-322","t":"AS32"},"7FA2":{"r":"T-317","t":"AS32"},"7FA5":{"r":"T-314","t":"AS32"},"7FA9":{"r":"A-106","t":"PC21"},"7FAA":{"r":"A-105","t":"PC21"},"7FAB":{"r":"A-104","t":"PC21"},"7FAC":{"r":"A-103","t":"PC21"},"7FAD":{"r":"A-102","t":"PC21"},"7FAE":{"r":"A-101","t":"PC21"},"7FD4":{"r":"T-784","t":"C56X"},"7FD5":{"r":"T-721","t":"B350"},"7FE3":{"r":"T-783","t":"FA50"},"8209":{"r":"004","t":"C650"},"820A":{"r":"005","t":"C650"},"8260":{"r":"69-032","t":"C160"},"8421":{"t":"CL60"},"8425":{"t":"B738"},"8428":{"t":"B738"},"8429":{"t":"B738"},"842A":{"t":"B738"},"842B":{"t":"B738"},"842C":{"t":"B738"},"842E":{"t":"B738"},"842F":{"t":"B738"},"8430":{"t":"B738"},"8432":{"t":"B738"},"8433":{"t":"B738"},"8434":{"t":"B738"},"8435":{"t":"B738"},"8436":{"t":"B738"},"8439":{"t":"B738"},"843A":{"t":"B738"},"844B":{"t":"A30B"},"844C":{"t":"A320"},"844E":{"t":"CL60"},"8450":{"t":"B738"},"8461":{"t":"H25B"},"8464":{"t":"A30B"},"8465":{"t":"A30B"},"8466":{"t":"B744"},"8467":{"t":"B744"},"8468":{"t":"B744"},"846D":{"t":"B744"},"8470":{"t":"B738"},"8472":{"t":"B744"},"8475":{"t":"A30B"},"8479":{"t":"A30B"},"847A":{"t":"A30B"},"8481":{"t":"F2TH"},"8482":{"t":"BE40"},"848F":{"t":"H25B"},"8490":{"t":"B738"},"84A8":{"t":"G150"},"84B0":{"t":"B738"},"84C6":{"t":"CL30"},"84EB":{"t":"A30B"},"84F0":{"t":"B738"},"84F2":{"t":"C510"},"8505":{"t":"C55B"},"850C":{"t":"GLF4"},"8510":{"t":"B738"},"8530":{"t":"B738"},"8533":{"t":"B738"},"8550":{"t":"B738"},"8565":{"t":"F900"},"856B":{"t":"F900"},"8583":{"t":"GLF4"},"8587":{"t":"GLF5"},"8594":{"t":"H25B"},"85B0":{"t":"B738"},"85C1":{"t":"A319"},"85CB":{"t":"A318"},"85D0":{"t":"B738"},"8604":{"t":"B734"},"8608":{"t":"B738"},"8609":{"t":"B738"},"860A":{"t":"B738"},"8612":{"t":"B734"},"8615":{"t":"B738"},"8642":{"t":"CL30"},"8643":{"t":"LJ60"},"8644":{"t":"CL60"},"8650":{"t":"B734"},"8664":{"t":"F2TH"},"866C":{"t":"CL60"},"8670":{"t":"B738"},"8681":{"t":"GLF5"},"8682":{"t":"A321"},"8683":{"t":"F2TH"},"8684":{"t":"A319"},"8685":{"t":"A321"},"8686":{"t":"A321"},"8687":{"t":"E35L"},"8688":{"t":"A321"},"868A":{"t":"A320"},"868B":{"t":"A320"},"868D":{"t":"A320"},"868F":{"t":"A321"},"8690":{"t":"C680"},"8693":{"t":"E35L"},"8694":{"t":"A320"},"8699":{"t":"A321"},"86D0":{"t":"B738"},"8750":{"t":"B738"},"8752":{"t":"F900"},"8B32":{"t":"CL60"},"8C2E":{"t":"A345"},"8C4B":{"t":"GLF5"},"8C6D":{"t":"GLF6"},"8C70":{"t":"B738"},"8D0F":{"t":"C680"},"8D41":{"t":"C25A"},"8D42":{"t":"E35L"},"8D87":{"t":"H25B"},"8D88":{"t":"CL60"},"8D8B":{"t":"CL60"},"8DA2":{"t":"LJ45"},"8DA4":{"t":"F2TH"},"8DAB":{"t":"CL60"},"8DE5":{"t":"B738"},"8DE8":{"t":"B738"},"8DEE":{"t":"B738"},"8DF2":{"t":"B738"},"8E01":{"t":"B738"},"8E02":{"t":"B738"},"8E03":{"t":"B738"},"8E04":{"t":"B738"},"8E05":{"t":"B738"},"8E06":{"t":"B738"},"8E07":{"t":"B738"},"8E09":{"t":"B738"},"8E0A":{"t":"B738"},"8E0B":{"t":"B738"},"8E0C":{"t":"B738"},"8E0D":{"t":"B738"},"8E0E":{"t":"B738"},"8E0F":{"t":"B738"},"8E15":{"t":"B738"},"8E1A":{"t":"B738"},"8E41":{"t":"B738"},"8E42":{"t":"B738"},"8E45":{"t":"B738"},"8E46":{"t":"B738"},"8E47":{"t":"B738"},"8E81":{"t":"B738"},"8E8E":{"t":"F2TH"},"8ED2":{"t":"CL60"},"8F44":{"t":"GLF4"},"9027":{"t":"C56X"},"902B":{"t":"C56X"},"9030":{"t":"GLF5"},"9061":{"t":"A320"},"9064":{"t":"A320"},"9065":{"t":"A320"},"9067":{"t":"A320"},"9068":{"t":"A320"},"9069":{"t":"A320"},"906C":{"t":"A320"},"906D":{"t":"A320"},"9084":{"t":"GLEX"},"90EE":{"t":"F2TH"},"912F":{"t":"H25B"},"919A":{"t":"C56X"},"91B2":{"t":"H25B"},"91F5":{"t":"C510"},"91F9":{"t":"H25B"},"932F":{"t":"GLF4"},"934D":{"t":"BE40"},"9432":{"t":"CL30"},"9488":{"t":"GLF4"},"959A":{"t":"C680"},"9685":{"t":"B752"},"9686":{"t":"A321"},"9688":{"t":"A321"},"968A":{"t":"A321"},"968D":{"t":"A321"},"968E":{"t":"A321"},"9690":{"t":"A332"},"9696":{"t":"A321"},"9832":{"t":"LJ60"},"9843":{"t":"H25B"},"9845":{"t":"A320"},"9846":{"t":"A320"},"9847":{"t":"A321"},"9848":{"t":"A320"},"984A":{"t":"A320"},"984F":{"t":"A320"},"9852":{"t":"A320"},"9856":{"t":"A320"},"9859":{"t":"A320"},"9864":{"t":"C700"},"9902":{"t":"A320"},"9903":{"t":"A320"},"9905":{"t":"A320"},"9907":{"t":"A320"},"990B":{"t":"A320"},"990C":{"t":"A320"},"990D":{"t":"A320"},"990E":{"t":"A320"},"9910":{"t":"A320"},"9922":{"t":"CL60"},"992E":{"t":"H25B"},"99C8":{"t":"CL60"},"9A4B":{"t":"GLEX"},"9C30":{"t":"GLF4"},"9C61":{"t":"A321"},"9D10":{"t":"CRJ2"},"9D82":{"t":"GLEX"},"9DA1":{"t":"A320"},"9DAD":{"t":"FA7X"},"9E01":{"t":"A321"},"9E02":{"t":"A321"},"9E03":{"t":"A321"},"9E04":{"t":"A321"},"9E41":{"t":"A332"},"9E42":{"t":"A332"},"9E43":{"t":"A321"},"9E44":{"t":"A321"},"9E45":{"t":"A21N"},"9E4A":{"t":"B38M"},"9E4B":{"t":"B38M"},"9E4F":{"t":"B38M"},"9E53":{"t":"C68A"},"9E56":{"t":"B773"},"9E59":{"t":"B773"},"9E5A":{"t":"B77W"},"9EB2":{"t":"C25B"},"9EC1":{"t":"GLF4"},"9EC2":{"t":"GLF4"},"9ED3":{"t":"E135"},"A467":{"t":"E35L"},"A468":{"t":"E135"},"A4A8":{"t":"A321"},"A599":{"t":"H25B"},"A60B":{"t":"GLF4"},"A66B":{"t":"C56X"},"A672":{"t":"CL30"},"A674":{"t":"A319"},"A741":{"t":"A320"},"A742":{"t":"B738"},"A743":{"t":"B738"},"A744":{"t":"B738"},"A745":{"t":"B738"},"A746":{"t":"B738"},"A747":{"t":"B738"},"A748":{"t":"A319"},"A749":{"t":"B738"},"A74C":{"t":"A320"},"A752":{"t":"A319"},"A829":{"t":"A320"},"A849":{"t":"A320"},"A869":{"t":"A332"},"A874":{"t":"A310"},"A876":{"t":"A310"},"A879":{"t":"A310"},"A87A":{"t":"A310"},"A887":{"t":"B734"},"A888":{"t":"B734"},"A88A":{"t":"A343"},"A88B":{"t":"A343"},"A88C":{"t":"A343"},"A88D":{"t":"A343"},"A88E":{"t":"A343"},"A88F":{"t":"A332"},"A890":{"t":"A332"},"A892":{"t":"A332"},"A893":{"t":"A332"},"A894":{"t":"B734"},"A8C3":{"t":"B738"},"A8C4":{"t":"B738"},"A8C5":{"t":"B738"},"A8C6":{"t":"B738"},"A8C7":{"t":"B738"},"A8C8":{"t":"B738"},"A8C9":{"t":"B738"},"A8CA":{"t":"B738"},"A8CB":{"t":"B738"},"A8CC":{"t":"B738"},"A8CD":{"t":"B738"},"A8CE":{"t":"B738"},"A8CF":{"t":"B738"},"A8D0":{"t":"B738"},"A8D2":{"t":"B738"},"A8D4":{"t":"B738"},"A8D5":{"t":"B738"},"A8D6":{"t":"B738"},"A8D9":{"t":"B738"},"A8DA":{"t":"B738"},"A8E1":{"t":"B738"},"A8E2":{"t":"B738"},"A8E3":{"t":"B738"},"A8E4":{"t":"B738"},"A8E6":{"t":"B738"},"A8E7":{"t":"B738"},"A8E8":{"t":"B738"},"A8E9":{"t":"B738"},"A8EA":{"t":"B738"},"A8EB":{"t":"B738"},"A8EC":{"t":"B738"},"A8ED":{"t":"B738"},"A8EE":{"t":"B738"},"A8EF":{"t":"B738"},"A8F0":{"t":"B738"},"A8F2":{"t":"B738"},"A8F3":{"t":"B738"},"A8F4":{"t":"B738"},"A8F5":{"t":"B738"},"A8F6":{"t":"B738"},"A8F9":{"t":"B738"},"A8FA":{"t":"B738"},"A901":{"t":"B738"},"A902":{"t":"B738"},"A903":{"t":"B738"},"A904":{"t":"B738"},"A905":{"t":"B738"},"A906":{"t":"B738"},"A907":{"t":"B738"},"A908":{"t":"B738"},"A909":{"t":"B738"},"A90A":{"t":"B738"},"A90B":{"t":"B738"},"A90C":{"t":"B738"},"A90D":{"t":"B738"},"A90E":{"t":"B738"},"A90F":{"t":"B738"},"A910":{"t":"B738"},"A912":{"t":"B738"},"A913":{"t":"B738"},"A914":{"t":"B738"},"A915":{"t":"B738"},"A916":{"t":"B738"},"A919":{"t":"B738"},"A91A":{"t":"B738"},"A928":{"t":"A343"},"A929":{"t":"A343"},"A92A":{"t":"A343"},"A92B":{"t":"A343"},"A92D":{"t":"A332"},"A92F":{"t":"A332"},"A930":{"t":"A332"},"A932":{"t":"A332"},"A933":{"t":"A332"},"A934":{"t":"A332"},"A93A":{"t":"A332"},"A941":{"t":"B77W"},"A942":{"t":"B77W"},"A943":{"t":"B77W"},"A944":{"t":"B77W"},"A945":{"t":"B77W"},"A946":{"t":"B77W"},"A947":{"t":"B77W"},"A948":{"t":"B77W"},"A949":{"t":"B77W"},"A94A":{"t":"B77W"},"A94B":{"t":"B77W"},"A94C":{"t":"B77W"},"A94D":{"t":"B77W"},"A94E":{"t":"B77W"},"A94F":{"t":"B77W"},"A950":{"t":"B77W"},"A952":{"t":"B77W"},"A953":{"t":"B77W"},"A954":{"t":"B77W"},"A955":{"t":"B77W"},"A956":{"t":"B77W"},"A959":{"t":"B77W"},"A95A":{"t":"B77W"},"A967":{"t":"B737"},"A968":{"t":"B737"},"A969":{"t":"B737"},"A96A":{"t":"B737"},"A96B":{"t":"B737"},"A96C":{"t":"B737"},"A96D":{"t":"B737"},"A96E":{"t":"B737"},"A96F":{"t":"B737"},"A970":{"t":"B737"},"A972":{"t":"B737"},"A973":{"t":"B737"},"A974":{"t":"B737"},"A975":{"t":"B738"},"A976":{"t":"B738"},"A979":{"t":"B738"},"A98A":{"t":"A320"},"A98B":{"t":"A320"},"A98C":{"t":"A320"},"A98D":{"t":"A319"},"A98E":{"t":"A319"},"A98F":{"t":"A319"},"A990":{"t":"A319"},"A992":{"t":"A319"},"A993":{"t":"A319"},"A994":{"t":"A319"},"A995":{"t":"A319"},"A996":{"t":"A319"},"A999":{"t":"A319"},"A99A":{"t":"A319"},"A9A3":{"t":"A321"},"A9A4":{"t":"A321"},"A9A5":{"t":"A321"},"A9A6":{"t":"A321"},"A9A8":{"t":"A321"},"A9A9":{"t":"A321"},"A9AA":{"t":"A321"},"A9AB":{"t":"A321"},"A9AC":{"t":"A321"},"A9AE":{"t":"A321"},"A9C1":{"t":"A332"},"A9C2":{"t":"A332"},"A9C3":{"t":"A332"},"A9C4":{"t":"A332"},"A9C5":{"t":"A332"},"A9C6":{"t":"A332"},"A9C7":{"t":"A332"},"A9C8":{"t":"A333"},"A9C9":{"t":"A333"},"A9CA":{"t":"A333"},"A9CB":{"t":"A333"},"A9CC":{"t":"A333"},"A9CD":{"t":"A333"},"A9CE":{"t":"A333"},"A9CF":{"t":"A333"},"A9D0":{"t":"A333"},"A9D2":{"t":"A333"},"A9D3":{"t":"A333"},"A9D4":{"t":"A333"},"A9DA":{"t":"A333"},"A9E1":{"t":"A333"},"A9E2":{"t":"A333"},"A9E3":{"t":"A333"},"A9E4":{"t":"A333"},"A9E5":{"t":"A333"},"A9E6":{"t":"A333"},"A9E7":{"t":"A333"},"A9E8":{"t":"A333"},"A9E9":{"t":"A333"},"A9EA":{"t":"A333"},"A9EB":{"t":"A333"},"A9EC":{"t":"A333"},"A9ED":{"t":"A332"},"A9EF":{"t":"A332"},"A9F5":{"t":"A332"},"A9F6":{"t":"A332"},"A9F9":{"t":"A332"},"A9FA":{"t":"A332"},"AA01":{"t":"A320"},"AA02":{"t":"A320"},"AA03":{"t":"A320"},"AA04":{"t":"A320"},"AA05":{"t":"A320"},"AA06":{"t":"A320"},"AA07":{"t":"A320"},"AA08":{"t":"A320"},"AA09":{"t":"A320"},"AA0A":{"t":"A320"},"AA0B":{"t":"A320"},"AA0C":{"t":"A320"},"AA0D":{"t":"A320"},"AA0E":{"t":"A320"},"AA0F":{"t":"A320"},"AA10":{"t":"A320"},"AA12":{"t":"A320"},"AA13":{"t":"A320"},"AA14":{"t":"A320"},"AA15":{"t":"A320"},"AA16":{"t":"A320"},"AA19":{"t":"A320"},"AA1A":{"t":"A320"},"AA41":{"t":"A321"},"AA42":{"t":"A321"},"AA43":{"t":"A321"},"AA44":{"t":"A321"},"AA45":{"t":"A321"},"AA46":{"t":"A321"},"AA47":{"t":"A321"},"AA48":{"t":"A321"},"AA49":{"t":"A321"},"AA4A":{"t":"A321"},"AA4B":{"t":"A321"},"AA4C":{"t":"A321"},"AA4D":{"t":"A321"},"AA4E":{"t":"A321"},"AA4F":{"t":"A321"},"AA50":{"t":"A321"},"AA52":{"t":"A321"},"AA53":{"t":"A321"},"AA54":{"t":"A321"},"AA55":{"t":"A321"},"AA56":{"t":"A321"},"AA59":{"t":"A321"},"AA5A":{"t":"A321"},"AA61":{"t":"A321"},"AA62":{"t":"A321"},"AA63":{"t":"A321"},"AA64":{"t":"A321"},"AA65":{"t":"A321"},"AA66":{"t":"A321"},"AA67":{"t":"A321"},"AA68":{"t":"A321"},"AA69":{"t":"A321"},"AA6A":{"t":"A321"},"AA6B":{"t":"A321"},"AA6C":{"t":"A321"},"AA6D":{"t":"A321"},"AA6E":{"t":"A321"},"AA6F":{"t":"A321"},"AA70":{"t":"A321"},"AA72":{"t":"A321"},"AA73":{"t":"A321"},"AA74":{"t":"A321"},"AA75":{"t":"A321"},"AA76":{"t":"A321"},"AA79":{"t":"A321"},"AA7A":{"t":"A321"},"AA81":{"t":"A321"},"AA84":{"t":"A321"},"AA85":{"t":"A321"},"AA86":{"t":"A321"},"AA87":{"t":"A321"},"AA88":{"t":"A321"},"AA89":{"t":"A321"},"AA8A":{"t":"A321"},"AA8B":{"t":"A321"},"AA8C":{"t":"A321"},"AA8D":{"t":"A321"},"AA8E":{"t":"A321"},"AA8F":{"t":"A321"},"AA90":{"t":"A321"},"AA92":{"t":"A321"},"AAA1":{"t":"A319"},"AAA2":{"t":"A319"},"AAA4":{"t":"A319"},"AAAB":{"t":"A320"},"AAC1":{"t":"B738"},"AAC2":{"t":"B738"},"AAC3":{"t":"B738"},"AAC4":{"t":"B738"},"AAC5":{"t":"B738"},"AAC6":{"t":"B738"},"AAC7":{"t":"B738"},"AAC8":{"t":"B738"},"AAC9":{"t":"B738"},"AACA":{"t":"B738"},"AACB":{"t":"B738"},"AACC":{"t":"B738"},"AACD":{"t":"B738"},"AACE":{"t":"B738"},"AACF":{"t":"B738"},"AAD0":{"t":"B738"},"AAD2":{"t":"B738"},"AAD3":{"t":"B738"},"AAD4":{"t":"B738"},"AAD5":{"t":"B738"},"AAD6":{"t":"B738"},"AAD9":{"t":"B738"},"AADA":{"t":"B738"},"AB21":{"t":"B739"},"AB22":{"t":"B739"},"AB23":{"t":"B739"},"AB24":{"t":"B739"},"AB25":{"t":"B739"},"AB26":{"t":"B739"},"AB27":{"t":"B739"},"AB28":{"t":"B739"},"AB29":{"t":"B739"},"AB2A":{"t":"B739"},"AB2C":{"t":"B739"},"AB2D":{"t":"B739"},"AB2E":{"t":"B739"},"AB2F":{"t":"B739"},"AB30":{"t":"B739"},"AB45":{"t":"B738"},"AB46":{"t":"B738"},"AB47":{"t":"B738"},"AB48":{"t":"B738"},"AB4A":{"t":"B738"},"AB4B":{"t":"B738"},"AB4C":{"t":"B738"},"AB4E":{"t":"B738"},"AB4F":{"t":"B738"},"AB52":{"t":"B738"},"AB53":{"t":"B738"},"AB54":{"t":"B738"},"AB55":{"t":"B738"},"AB56":{"t":"B738"},"AB5A":{"t":"B738"},"AC2D":{"t":"E35L"},"AC32":{"t":"F2TH"},"AC36":{"t":"C56X"},"AD01":{"t":"H25B"},"AD02":{"t":"GLF4"},"AD07":{"t":"GLF5"},"AD30":{"t":"C56X"},"AD41":{"t":"BE40"},"AD81":{"t":"A320"},"AD82":{"t":"A320"},"AD83":{"t":"LJ60"},"AD8E":{"t":"CL60"},"AD99":{"t":"GL5T"},"ADCB":{"t":"F2TH"},"AE41":{"t":"H25B"},"AE4D":{"t":"GL5T"},"AE84":{"t":"A321"},"AF56":{"t":"A30B"},"B021":{"t":"C560"},"B023":{"t":"C56X"},"B024":{"t":"C56X"},"B025":{"t":"B38M"},"B026":{"t":"B38M"},"B027":{"t":"B38M"},"B028":{"t":"B38M"},"B029":{"t":"B38M"},"B02A":{"t":"B38M"},"B02B":{"t":"B38M"},"B061":{"t":"B38M"},"B062":{"t":"B38M"},"B063":{"t":"B38M"},"B064":{"t":"B38M"},"B065":{"t":"B38M"},"B066":{"t":"B38M"},"B067":{"t":"B38M"},"B068":{"t":"B38M"},"B069":{"t":"B38M"},"B06A":{"t":"B38M"},"B06B":{"t":"B38M"},"B06C":{"t":"B38M"},"B06D":{"t":"B38M"},"B06E":{"t":"B38M"},"B06F":{"t":"B38M"},"B070":{"t":"B38M"},"B072":{"t":"B38M"},"B073":{"t":"B38M"},"B074":{"t":"B38M"},"B075":{"t":"B38M"},"B0B2":{"t":"A310"},"B0E1":{"t":"A359"},"B0E2":{"t":"A359"},"B0E3":{"t":"A359"},"B0E4":{"t":"A359"},"B0E5":{"t":"A359"},"B0E6":{"t":"A359"},"B0E7":{"t":"A359"},"B0E8":{"t":"A359"},"B0E9":{"t":"A359"},"B0EA":{"t":"A359"},"B0EB":{"t":"A359"},"B0EC":{"t":"A359"},"B0ED":{"t":"A359"},"B0EE":{"t":"A359"},"B10F":{"t":"FA7X"},"B141":{"t":"B77W"},"B142":{"t":"B77W"},"B143":{"t":"B77W"},"B144":{"t":"B77W"},"B145":{"t":"B77W"},"B146":{"t":"B77W"},"B147":{"t":"B77W"},"B148":{"t":"B77W"},"B149":{"t":"B77W"},"B14A":{"t":"B77W"},"B14B":{"t":"B77W"},"B14C":{"t":"B77L"},"B14D":{"t":"B77L"},"B14E":{"t":"B77L"},"B14F":{"t":"B77L"},"B150":{"t":"B77L"},"B152":{"t":"B77L"},"B153":{"t":"B77L"},"B154":{"t":"B77L"},"B161":{"t":"B77W"},"B162":{"t":"B77W"},"B163":{"t":"B77W"},"B164":{"t":"B77W"},"B165":{"t":"B77W"},"B181":{"t":"B789"},"B182":{"t":"B789"},"B183":{"t":"B789"},"B184":{"t":"B789"},"B185":{"t":"B789"},"B186":{"t":"B789"},"B187":{"t":"B789"},"B188":{"t":"B789"},"B189":{"t":"B789"},"B18A":{"t":"B789"},"B18B":{"t":"B789"},"B18C":{"t":"C56X"},"B18D":{"t":"B789"},"B18E":{"t":"B789"},"B18F":{"t":"B789"},"B190":{"t":"B789"},"B192":{"t":"B789"},"B193":{"t":"B789"},"B194":{"t":"B789"},"B195":{"t":"B789"},"B196":{"t":"B789"},"B1C3":{"t":"A333"},"B1C4":{"t":"A333"},"B1C5":{"t":"A333"},"B1C6":{"t":"A333"},"B1C7":{"t":"A333"},"B1D3":{"t":"C56X"},"B1E1":{"t":"A333"},"B1E2":{"t":"A333"},"B1E3":{"t":"A333"},"B1E4":{"t":"A333"},"B1E5":{"t":"A333"},"B1E6":{"t":"A333"},"B1E7":{"t":"A333"},"B1E8":{"t":"A332"},"B1E9":{"t":"A332"},"B201":{"t":"A21N"},"B261":{"t":"A21N"},"B262":{"t":"A21N"},"B263":{"t":"A21N"},"B264":{"t":"A21N"},"B265":{"t":"A21N"},"B266":{"t":"A21N"},"B267":{"t":"A21N"},"B268":{"t":"A21N"},"B26A":{"t":"A21N"},"B26B":{"t":"A21N"},"B26C":{"t":"A21N"},"B26D":{"t":"A21N"},"B26E":{"t":"A21N"},"B26F":{"t":"A21N"},"B270":{"t":"A21N"},"B272":{"t":"A21N"},"B273":{"t":"A21N"},"B274":{"t":"A21N"},"B275":{"t":"A21N"},"B276":{"t":"A21N"},"B279":{"t":"A21N"},"B27A":{"t":"A21N"},"B281":{"t":"A21N"},"B282":{"t":"A21N"},"B283":{"t":"A21N"},"B284":{"t":"A21N"},"B285":{"t":"A21N"},"B286":{"t":"A21N"},"B287":{"t":"A21N"},"B288":{"t":"A21N"},"B289":{"t":"A21N"},"B28A":{"t":"A21N"},"B28B":{"t":"A21N"},"B28C":{"t":"A21N"},"B28D":{"t":"A21N"},"B28E":{"t":"A21N"},"B28F":{"t":"A21N"},"B290":{"t":"A21N"},"B292":{"t":"A21N"},"B293":{"t":"A21N"},"B294":{"t":"A21N"},"B295":{"t":"A21N"},"B296":{"t":"A21N"},"B299":{"t":"A21N"},"B29A":{"t":"A21N"},"B2A1":{"t":"A21N"},"B2A2":{"t":"A21N"},"B2A3":{"t":"A21N"},"B2A5":{"t":"A21N"},"B2A9":{"t":"A21N"},"B2AA":{"t":"A21N"},"B2AB":{"t":"A20N"},"B2AC":{"t":"A20N"},"B2AD":{"t":"A21N"},"B2AE":{"t":"A20N"},"B2AF":{"t":"A20N"},"B2B0":{"t":"A21N"},"B2B9":{"t":"A20N"},"B2BA":{"t":"A20N"},"B321":{"t":"B39M"},"B322":{"t":"B39M"},"B323":{"t":"B39M"},"B324":{"t":"B39M"},"B325":{"t":"B39M"},"B421":{"t":"GLF6"},"B42E":{"t":"H25B"},"B42F":{"t":"B738"},"B461":{"t":"A306"},"B462":{"t":"A30B"},"B463":{"t":"A306"},"B464":{"t":"A306"},"B465":{"t":"A306"},"B466":{"t":"B734"},"B467":{"t":"A306"},"B46D":{"t":"A333"},"B46E":{"t":"A333"},"B474":{"t":"B744"},"B47A":{"t":"A332"},"B4AE":{"t":"LJ60"},"B4E2":{"t":"B738"},"B4E3":{"t":"B738"},"B4E4":{"t":"B738"},"B4E7":{"t":"B77W"},"B4E8":{"t":"B739"},"B4E9":{"t":"B739"},"B51A":{"t":"FA7X"},"B541":{"t":"GL5T"},"B542":{"t":"CL60"},"B561":{"t":"C55B"},"B562":{"t":"B38M"},"B563":{"t":"B38M"},"B564":{"t":"B38M"},"B565":{"t":"B38M"},"B566":{"t":"B38M"},"B567":{"t":"B38M"},"B572":{"t":"F900"},"B573":{"t":"B38M"},"B581":{"t":"E550"},"B592":{"t":"GL5T"},"B5A7":{"t":"F900"},"B5C2":{"t":"A30B"},"B5C3":{"t":"A30B"},"B5C4":{"t":"A30B"},"B5CA":{"t":"A30B"},"B5D5":{"t":"A30B"},"B5D6":{"t":"A306"},"B5E8":{"t":"H25B"},"B601":{"t":"C680"},"B64B":{"t":"F2TH"},"B662":{"t":"BE40"},"B66F":{"t":"B738"},"B721":{"t":"A321"},"B73A":{"t":"H25B"},"B741":{"t":"GLF4"},"B748":{"t":"GLF4"},"B75A":{"t":"B738"},"B841":{"t":"A20N"},"B842":{"t":"A20N"},"B843":{"t":"A20N"},"B844":{"t":"A20N"},"B845":{"t":"A20N"},"B846":{"t":"A20N"},"B847":{"t":"A20N"},"B848":{"t":"A20N"},"B849":{"t":"A20N"},"B84A":{"t":"A20N"},"B84B":{"t":"A20N"},"B84C":{"t":"A20N"},"B84D":{"t":"A20N"},"B84E":{"t":"A20N"},"B84F":{"t":"A20N"},"B850":{"t":"A20N"},"B852":{"t":"A20N"},"B853":{"t":"A20N"},"B854":{"t":"A20N"},"B855":{"t":"A20N"},"B856":{"t":"A20N"},"B859":{"t":"A20N"},"B85A":{"t":"A20N"},"B861":{"t":"A20N"},"B862":{"t":"A20N"},"B863":{"t":"A20N"},"B864":{"t":"A20N"},"B865":{"t":"A20N"},"B866":{"t":"A20N"},"B867":{"t":"A20N"},"B868":{"t":"A20N"},"B869":{"t":"A20N"},"B86A":{"t":"A20N"},"B86B":{"t":"A20N"},"B86C":{"t":"A20N"},"B86D":{"t":"A20N"},"B86E":{"t":"A20N"},"B86F":{"t":"A20N"},"B870":{"t":"A20N"},"B872":{"t":"A20N"},"B873":{"t":"A20N"},"B874":{"t":"A20N"},"B875":{"t":"A20N"},"B876":{"t":"A20N"},"B879":{"t":"A20N"},"B87A":{"t":"A20N"},"B8AF":{"t":"BE40"},"B961":{"t":"GLF4"},"BA81":{"t":"C680"},"BAA2":{"t":"H25B"},"BB21":{"t":"A333"},"BB2B":{"t":"H25B"},"BB30":{"t":"A332"},"BC21":{"t":"A306"},"BC22":{"t":"A306"},"BC25":{"t":"A321"},"BC26":{"t":"A321"},"BC27":{"t":"A306"},"BC28":{"t":"A306"},"BC29":{"t":"A321"},"BC2B":{"t":"A321"},"BC2C":{"t":"A321"},"BC2E":{"t":"A321"},"BC2F":{"t":"A306"},"BC30":{"t":"A321"},"BC33":{"t":"MD83"},"BC34":{"t":"MD83"},"BC35":{"t":"MD83"},"BC36":{"t":"MD83"},"BC3A":{"t":"A306"},"BC44":{"t":"A320"},"BC45":{"t":"A320"},"BC46":{"t":"A321"},"BC47":{"t":"A320"},"BC48":{"t":"A320"},"BC49":{"t":"A320"},"BC4A":{"t":"A321"},"BC4B":{"t":"A321"},"BC4C":{"t":"A320"},"BC4D":{"t":"A320"},"BC4E":{"t":"A320"},"BC4F":{"t":"A320"},"BC50":{"t":"A320"},"BC52":{"t":"A321"},"BC53":{"t":"A320"},"BC55":{"t":"A320"},"BC56":{"t":"A321"},"BC59":{"t":"A321"},"BC5A":{"t":"A321"},"BC61":{"t":"A333"},"BC62":{"t":"A333"},"BC63":{"t":"A333"},"BC64":{"t":"A333"},"BC6B":{"t":"A332"},"BC6C":{"t":"A332"},"BC6D":{"t":"A332"},"BC6E":{"t":"A332"},"BC6F":{"t":"A332"},"BC76":{"t":"A332"},"BC81":{"t":"A320"},"BC82":{"t":"A320"},"BC83":{"t":"A320"},"BCA1":{"t":"A321"},"BCEA":{"t":"A320"},"BCF4":{"t":"B752"},"BD2C":{"t":"FA7X"},"BDCA":{"t":"A321"},"BDCD":{"t":"MD88"},"BDCE":{"t":"MD88"},"BDCF":{"t":"MD88"},"BDD0":{"t":"MD88"},"BDD2":{"t":"MD88"},"BDD3":{"t":"A321"},"BE4B":{"t":"H25B"},"BF24":{"t":"C680"},"C841":{"t":"A21N"},"C842":{"t":"A21N"},"C843":{"t":"A21N"},"C844":{"t":"A21N"},"C845":{"t":"A21N"},"C846":{"t":"A21N"},"C847":{"t":"A21N"},"C848":{"t":"A21N"},"C849":{"t":"A21N"},"C84A":{"t":"A21N"},"C84B":{"t":"A21N"},"C84C":{"t":"A21N"},"C84D":{"t":"A21N"},"C84E":{"t":"A21N"},"C84F":{"t":"A21N"},"C850":{"t":"A21N"},"C852":{"t":"A21N"},"C853":{"t":"A21N"},"C854":{"t":"A21N"},"C855":{"t":"A21N"},"C856":{"t":"A21N"},"C859":{"t":"A21N"},"C85A":{"t":"A21N"},"C881":{"t":"A21N"},"C882":{"t":"A21N"},"C883":{"t":"A21N"},"C884":{"t":"A21N"},"C885":{"t":"A21N"},"C886":{"t":"A21N"},"C887":{"t":"A21N"},"C888":{"t":"A21N"},"C889":{"t":"A21N"},"C88A":{"t":"A21N"},"C890":{"t":"A21N"},"C8A3":{"t":"GLF4"},"C9AB":{"t":"FA8X"},"CA61":{"t":"CL60"},"CA62":{"t":"LJ45"},"CA63":{"t":"LJ45"},"CA64":{"t":"LJ45"},"CA65":{"t":"LJ45"},"CA66":{"t":"CL60"},"CA67":{"t":"LJ45"},"CA68":{"t":"CL60"},"CC22":{"t":"CL60"},"CC23":{"t":"B738"},"CC24":{"t":"B738"},"CC25":{"t":"B738"},"CC29":{"t":"B738"},"CC2A":{"t":"B738"},"CC2B":{"t":"B738"},"CC49":{"t":"B738"},"CC4C":{"t":"H25B"},"CC4D":{"t":"B738"},"CC4E":{"t":"B738"},"CC50":{"t":"B738"},"CC52":{"t":"B738"},"CC66":{"t":"B738"},"CC67":{"t":"B738"},"CC6E":{"t":"BE20"},"CC72":{"t":"CL30"},"CCA9":{"t":"B738"},"CCAA":{"t":"B738"},"CCAB":{"t":"B738"},"CCAD":{"t":"B738"},"CCAE":{"t":"B738"},"CCAF":{"t":"B738"},"CCB0":{"t":"B738"},"CCB5":{"t":"B738"},"CCB9":{"t":"B738"},"CCBA":{"t":"B738"},"CCE2":{"t":"A310"},"CCE4":{"t":"B734"},"CCE5":{"t":"B734"},"CCE8":{"t":"B738"},"CCE9":{"t":"B738"},"CCEC":{"t":"B738"},"CCED":{"t":"A310"},"CCEE":{"t":"A320"},"CCEF":{"t":"F2TH"},"CD05":{"t":"H25B"},"CD15":{"t":"F900"},"CD63":{"t":"GL5T"},"CD64":{"t":"B734"},"CD65":{"t":"B734"},"CD66":{"t":"B734"},"CD67":{"t":"B734"},"CD68":{"t":"B738"},"CD69":{"t":"A321"},"CD6A":{"t":"A320"},"CD6B":{"t":"A320"},"CD6D":{"t":"B734"},"CD6E":{"t":"B739"},"CD6F":{"t":"F2TH"},"CD70":{"t":"B739"},"CD72":{"t":"B738"},"CD73":{"t":"B738"},"CD74":{"t":"A320"},"CDA1":{"t":"B38M"},"CDA2":{"t":"B38M"},"CDA4":{"t":"B38M"},"CDA5":{"t":"B38M"},"CDA6":{"t":"B38M"},"CDA9":{"t":"B38M"},"CDB9":{"t":"E35L"},"CDC5":{"t":"B738"},"CDC6":{"t":"B738"},"CDC7":{"t":"B738"},"CDC8":{"t":"B738"},"CDC9":{"t":"B738"},"CDCA":{"t":"B738"},"CDCB":{"t":"F2TH"},"CDCC":{"t":"B738"},"CDCD":{"t":"B738"},"CDCE":{"t":"B738"},"CDCF":{"t":"B738"},"CDD0":{"t":"B738"},"CDD2":{"t":"B738"},"CDD4":{"t":"B738"},"CDD5":{"t":"B738"},"CDD6":{"t":"B738"},"CDD9":{"t":"B738"},"CDE1":{"t":"B738"},"CDE2":{"t":"B738"},"CDE3":{"t":"B738"},"CDE4":{"t":"B738"},"CDE5":{"t":"B738"},"CDE6":{"t":"B738"},"CDE7":{"t":"B738"},"CDE8":{"t":"B738"},"CDE9":{"t":"B38M"},"CDEA":{"t":"B38M"},"CDEB":{"t":"B38M"},"CDEC":{"t":"B38M"},"CDED":{"t":"B38M"},"CDEE":{"t":"B738"},"CDEF":{"t":"B738"},"CDF0":{"t":"B738"},"CDF2":{"t":"B738"},"CDF4":{"t":"B738"},"CDF6":{"t":"B738"},"CDF9":{"t":"B738"},"CDFA":{"t":"B738"},"CE01":{"t":"B738"},"CE02":{"t":"B738"},"CE03":{"t":"B738"},"CE04":{"t":"B738"},"CE05":{"t":"B738"},"CE06":{"t":"B738"},"CE08":{"t":"B738"},"CE09":{"t":"B738"},"CE0A":{"t":"B738"},"CE0B":{"t":"B738"},"CE0C":{"t":"CL30"},"CE0D":{"t":"B738"},"CE0E":{"t":"B738"},"CE0F":{"t":"B738"},"CE10":{"t":"B738"},"CE12":{"t":"B738"},"CE13":{"t":"B738"},"CE14":{"t":"B738"},"CE15":{"t":"B738"},"CE61":{"t":"FA8X"},"CE73":{"t":"L29B"},"CE81":{"t":"BE40"},"CE8F":{"t":"C650"},"CEA9":{"t":"B738"},"CEAC":{"t":"B738"},"CEAD":{"t":"B738"},"CEAF":{"t":"B738"},"CEB5":{"t":"B738"},"CEB6":{"t":"B738"},"CEB9":{"t":"B738"},"CEBA":{"t":"B738"},"D036":{"t":"H25B"},"D063":{"t":"A320"},"D065":{"t":"A321"},"D066":{"t":"A321"},"D067":{"t":"A321"},"D068":{"t":"A320"},"D0D4":{"t":"FA7X"},"D134":{"t":"BE40"},"D142":{"t":"B733"},"D143":{"t":"B734"},"D145":{"t":"B734"},"D146":{"t":"B734"},"D147":{"t":"B738"},"D148":{"t":"B738"},"D149":{"t":"B738"},"D14A":{"t":"B738"},"D14B":{"t":"B738"},"D14F":{"t":"B738"},"D150":{"t":"B738"},"D152":{"t":"B738"},"D153":{"t":"B738"},"D154":{"t":"B738"},"D155":{"t":"B738"},"D156":{"t":"B738"},"D159":{"t":"B738"},"D16E":{"t":"C680"},"D181":{"t":"B734"},"D182":{"t":"B734"},"D183":{"t":"B734"},"D184":{"t":"B734"},"D185":{"t":"B734"},"D188":{"t":"B738"},"D189":{"t":"B738"},"D18A":{"t":"B738"},"D1AF":{"t":"C56X"},"D1F3":{"t":"F2TH"},"D242":{"t":"CL60"},"D24B":{"t":"B748"},"D273":{"t":"GL5T"},"D283":{"t":"GLF5"},"D2B2":{"t":"A332"},"D2C1":{"t":"C680"},"D2C8":{"t":"C68A"},"D8A4":{"t":"CRJ2"},"D8AC":{"t":"A310"},"DA07":{"t":"CL30"},"DA8E":{"t":"GLF4"},"E421":{"t":"GLEX"},"E427":{"t":"E190"},"E481":{"t":"F900"},"E50B":{"t":"FA7X"}}