{"000":{"t":"DH83"},"001":{"t":"ZZZZ"},"002":{"t":"PC12"},"003":{"t":"C206"},"004":{"t":"J1"},"005":{"t":"C182"},"006":{"t":"C185"},"007":{"t":"STOR"},"008":{"t":"C421"},"009":{"t":"B06"},"00A":{"t":"RV7"},"00B":{"t":"C190"},"00C":{"t":"P208"},"00D":{"t":"RV6"},"00E":{"t":"DHC2"},"00F":{"t":"ST75"},"010":{"t":"DH60"},"011":{"t":"DH82"},"012":{"t":"B350"},"013":{"t":"FALM"},"014":{"t":"BALL"},"015":{"t":"PTS1"},"016":{"t":"C206"},"017":{"t":"DHC2"},"018":{"t":"TRF1"},"019":{"t":"BL8"},"024":{"t":"AUS5"},"025":{"t":"B06"},"026":{"t":"DH82"},"027":{"t":"DV20"},"028":{"t":"J1"},"029":{"t":"GLID"},"02A":{"t":"CH70"},"02B":{"t":"L12"},"02C":{"t":"C172"},"02D":{"t":"BALL"},"02E":{"t":"CH7B"},"02F":{"t":"DH82"},"030":{"t":"R22"},"031":{"t":"AS50"},"032":{"t":"EUPA"},"033":{"t":"BE58"},"034":{"t":"P28B"},"035":{"t":"DC3"},"036":{"t":"J1"},"037":{"t":"PTS1"},"038":{"t":"R22"},"03A":{"t":"C172"},"03B":{"t":"P68"},"03C":{"t":"C172"},"03D":{"t":"FA24"},"049":{"t":"C150"},"04A":{"t":"C68A"},"04B":{"t":"H269"},"04C":{"t":"EAGL"},"04D":{"t":"R22"},"04E":{"t":"ULAC"},"04F":{"t":"C510"},"050":{"t":"C150"},"051":{"t":"BALL"},"052":{"t":"D150"},"053":{"t":"BALL"},"054":{"t":"C172"},"055":{"t":"R44"},"056":{"t":"C150"},"057":{"t":"P28A"},"058":{"t":"AT3T"},"059":{"t":"P28A"},"05A":{"t":"DH94"},"05B":{"t":"R44"},"05C":{"t":"BALL"},"05D":{"t":"JS32"},"05E":{"t":"R44"},"05F":{"t":"BALL"},"060":{"t":"AP32"},"061":{"t":"PA32"},"06C":{"t":"BL8"},"06D":{"t":"G164"},"06E":{"t":"R44"},"06F":{"t":"PA24"},"070":{"t":"PA31"},"071":{"t":"C182"},"072":{"t":"TS11"},"073":{"t":"C172"},"074":{"t":"C172"},"075":{"t":"M20P"},"076":{"t":"CP30"},"077":{"t":"H269"},"079":{"t":"DHA3"},"07A":{"t":"H269"},"07B":{"t":"PA22"},"07C":{"t":"J1"},"07D":{"t":"C172"},"07E":{"t":"ADVE"},"07F":{"t":"AIGT"},"080":{"t":"P28T"},"081":{"t":"S22T"},"082":{"t":"DH82"},"083":{"t":"C172"},"084":{"t":"MG15"},"085":{"t":"C172"},"090":{"t":"BALL"},"091":{"t":"P28A"},"092":{"t":"BN2P"},"093":{"t":"RV10"},"094":{"t":"C206"},"095":{"t":"C337"},"096":{"t":"R44"},"097":{"t":"C206"},"098":{"t":"C206"},"099":{"t":"ZZZZ"},"09A":{"t":"C175"},"09B":{"t":"M7"},"09C":{"t":"BE95"},"09D":{"t":"P28A"},"09E":{"t":"B47G"},"09F":{"t":"DH8A"},"0A0":{"t":"EXEC"},"0A1":{"t":"FOX"},"0A2":{"t":"DC3"},"0A3":{"t":"B47G"},"0A4":{"t":"BN2P"},"0A5":{"t":"C337"},"0A6":{"t":"J1"},"0A7":{"t":"C206"},"0A8":{"t":"C310"},"0A9":{"t":"BALL"},"0B4":{"t":"P28B"},"0B5":{"t":"C172"},"0B6":{"t":"C172"},"0B7":{"t":"AUJ2"},"0B8":{"t":"T18"},"0B9":{"t":"EXEC"},"0BA":{"t":"RV6"},"0BB":{"t":"P28A"},"0BC":{"t":"PA38"},"0BD":{"t":"EXEC"},"0BE":{"t":"P46T"},"0BF":{"t":"DHC1"},"0C0":{"t":"C172"},"0C1":{"t":"FU24"},"0C2":{"t":"P28A"},"0C3":{"t":"BALL"},"0C4":{"t":"C172"},"0C5":{"t":"C172"},"0C6":{"t":"P28A"},"0C7":{"t":"AIGT"},"0C8":{"t":"FU24"},"0C9":{"t":"B06"},"0CA":{"t":"PA31"},"0CB":{"t":"ZZZZ"},"0CC":{"t":"PA31"},"0CD":{"t":"P208"},"0D8":{"t":"J3"},"0D9":{"t":"B47G"},"0DA":{"t":"PA11"},"0DB":{"t":"P28A"},"0DC":{"t":"C310"},"0DD":{"t":"C185"},"0DE":{"t":"G2CA"},"0DF":{"t":"ZZZZ"},"0E0":{"t":"RV8"},"0E1":{"t":"P51"},"0E2":{"t":"B06"},"0E3":{"t":"AS50"},"0E4":{"t":"CJ1"},"0E5":{"t":"HROC"},"0E6":{"t":"DH94"},"0E7":{"t":"C150"},"0E8":{"t":"SS2T"},"0E9":{"t":"CA25"},"0EA":{"t":"ULTS"},"0EB":{"t":"C150"},"0EC":{"t":"DC3"},"0ED":{"t":"BALL"},"0EE":{"t":"RYST"},"0EF":{"t":"C172"},"0F0":{"t":"DH82"},"0F1":{"t":"STRK"},"0FC":{"t":"PA25"},"0FD":{"t":"BE23"},"0FE":{"t":"C182"},"0FF":{"t":"RYST"},"100":{"t":"C206"},"101":{"t":"PA18"},"102":{"t":"PA22"},"103":{"t":"C172"},"104":{"t":"BALL"},"105":{"t":"R22"},"106":{"t":"BE58"},"107":{"t":"P28A"},"108":{"t":"BE36"},"109":{"t":"PA22"},"10A":{"t":"M7"},"10B":{"t":"BE23"},"10C":{"t":"B47G"},"10D":{"t":"P28S"},"10E":{"t":"PA18"},"10F":{"t":"UHEL"},"110":{"t":"GLAS"},"111":{"t":"H269"},"112":{"t":"S108"},"113":{"t":"BE36"},"114":{"t":"BE76"},"115":{"t":"BE23"},"120":{"t":"R44"},"121":{"t":"DH94"},"122":{"t":"MR35"},"123":{"t":"B47G"},"124":{"t":"C182"},"125":{"t":"C150"},"126":{"t":"KIS2"},"127":{"t":"R44"},"128":{"t":"C402"},"129":{"t":"DH82"},"12A":{"t":"J1"},"12B":{"t":"C172"},"12C":{"t":"C172"},"12D":{"t":"P40"},"12E":{"t":"BE23"},"12F":{"t":"R22"},"130":{"t":"BALL"},"131":{"t":"C172"},"132":{"t":"TPIN"},"133":{"t":"BALL"},"134":{"t":"R44"},"135":{"t":"C182"},"136":{"t":"R22"},"137":{"t":"C72R"},"138":{"t":"C210"},"139":{"t":"P28R"},"144":{"t":"DH82"},"145":{"t":"P28B"},"146":{"t":"R44"},"147":{"t":"CH7A"},"148":{"t":"J1"},"149":{"t":"C182"},"14A":{"t":"WW24"},"14B":{"t":"ADVN"},"14C":{"t":"BALL"},"14D":{"t":"WW24"},"14E":{"t":"RV6"},"14F":{"t":"C172"},"150":{"t":"AT5T"},"151":{"t":"P28A"},"152":{"t":"C172"},"153":{"t":"P28R"},"154":{"t":"PETR"},"155":{"t":"C177"},"156":{"t":"BALL"},"157":{"t":"B429"},"158":{"t":"B06"},"159":{"t":"WW24"},"15A":{"t":"P28A"},"15B":{"t":"BALL"},"15C":{"t":"P40"},"15D":{"t":"GA8"},"168":{"t":"P28A"},"169":{"t":"DHC1"},"16A":{"t":"C182"},"16B":{"t":"PA11"},"16C":{"t":"DH82"},"16D":{"t":"M20P"},"16E":{"t":"BE58"},"16F":{"t":"BE58"},"170":{"t":"EXEC"},"171":{"t":"BALL"},"172":{"t":"RV4"},"173":{"t":"C172"},"174":{"t":"C182"},"175":{"t":"B47G"},"176":{"t":"T18"},"177":{"t":"BE24"},"178":{"t":"DH82"},"179":{"t":"C182"},"17A":{"t":"RV8"},"17B":{"t":"R22"},"17C":{"t":"C172"},"17D":{"t":"PA22"},"17E":{"t":"DHC1"},"17F":{"t":"BALL"},"180":{"t":"T210"},"181":{"t":"AT8T"},"18C":{"t":"PA25"},"18D":{"t":"TAIL"},"18E":{"t":"R22"},"18F":{"t":"PA25"},"190":{"t":"BE55"},"191":{"t":"FA24"},"192":{"t":"MG17"},"193":{"t":"C152"},"194":{"t":"C82R"},"195":{"t":"P28A"},"196":{"t":"C182"},"197":{"t":"PA32"},"198":{"t":"RV8"},"199":{"t":"PA27"},"19A":{"t":"CJ6"},"19B":{"t":"LEG2"},"19C":{"t":"PA36"},"19D":{"t":"BE55"},"19E":{"t":"AUS3"},"19F":{"t":"PA30"},"1A0":{"t":"JAB4"},"1A1":{"t":"UHEL"},"1A2":{"t":"C182"},"1A3":{"t":"C210"},"1A4":{"t":"CJ1"},"1A5":{"t":"C170"},"1B0":{"t":"BALL"},"1B1":{"t":"GA8"},"1B2":{"t":"C172"},"1B3":{"t":"PC24"},"1B4":{"t":"BE17"},"1B5":{"t":"BE20"},"1B6":{"t":"C210"},"1B7":{"t":"H269"},"1B8":{"t":"PA24"},"1B9":{"t":"PA32"},"1BA":{"t":"J1"},"1BB":{"t":"HOME"},"1BC":{"t":"PC24"},"1BD":{"t":"P28A"},"1BE":{"t":"C170"},"1BF":{"t":"P28A"},"1C0":{"t":"B350"},"1C1":{"t":"B350"},"1C2":{"t":"B350"},"1C3":{"t":"P28A"},"1C4":{"t":"UHEL"},"1C5":{"t":"DHC1"},"1C6":{"t":"DH82"},"1C7":{"t":"TOUR"},"1C8":{"t":"DH82"},"1C9":{"t":"PA25"},"1D4":{"t":"R44"},"1D5":{"t":"P32T"},"1D6":{"t":"B06"},"1D7":{"t":"LJ60"},"1D8":{"t":"GA8"},"1D9":{"t":"E170"},"1DA":{"t":"B47G"},"1DB":{"t":"CT4"},"1DC":{"t":"AT8T"},"1DD":{"t":"BALL"},"1DE":{"t":"E120"},"1DF":{"t":"B06"},"1E0":{"t":"C404"},"1E1":{"t":"E120"},"1E2":{"t":"E170"},"1E3":{"t":"C404"},"1E4":{"t":"E120"},"1E5":{"t":"BE55"},"1E6":{"t":"C210"},"1E7":{"t":"E170"},"1E8":{"t":"RV6"},"1E9":{"t":"E170"},"1EA":{"t":"SW4"},"1EB":{"t":"BE36"},"1EC":{"t":"SW4"},"1ED":{"t":"E120"},"1F8":{"t":"C182"},"1F9":{"t":"R22"},"1FA":{"t":"LWIN"},"1FB":{"t":"RV10"},"1FC":{"t":"JPRO"},"1FD":{"t":"CT4"},"1FE":{"t":"ALPI"},"1FF":{"t":"C152"},"200":{"t":"C210"},"201":{"t":"M7"},"202":{"t":"C182"},"203":{"t":"SA30"},"204":{"t":"C180"},"205":{"t":"ZZZZ"},"206":{"t":"P28U"},"207":{"t":"R22"},"208":{"t":"PA34"},"209":{"t":"FOXT"},"20A":{"t":"C72R"},"20B":{"t":"AT5T"},"20C":{"t":"DH82"},"20D":{"t":"C303"},"20E":{"t":"BALL"},"20F":{"t":"R22"},"210":{"t":"PTS1"},"211":{"t":"C172"},"21C":{"t":"BALL"},"21D":{"t":"DH82"},"21E":{"t":"A9"},"21F":{"t":"H269"},"220":{"t":"DH82"},"221":{"t":"H269"},"222":{"t":"BE36"},"223":{"t":"P68"},"224":{"t":"RV6"},"225":{"t":"C525"},"226":{"t":"C170"},"227":{"t":"BE55"},"228":{"t":"R44"},"229":{"t":"C182"},"22A":{"t":"J3"},"22B":{"t":"R22"},"22C":{"t":"DH82"},"22E":{"t":"BALL"},"22F":{"t":"P28A"},"230":{"t":"RV10"},"231":{"t":"CT4"},"232":{"t":"C180"},"233":{"t":"AA1"},"234":{"t":"C182"},"235":{"t":"P28A"},"240":{"t":"C185"},"241":{"t":"AT8T"},"242":{"t":"UHEL"},"243":{"t":"AT5T"},"244":{"t":"RLU1"},"245":{"t":"ST75"},"246":{"t":"T206"},"247":{"t":"AT8T"},"248":{"t":"YK52"},"249":{"t":"DH82"},"24A":{"t":"PA32"},"24B":{"t":"GA8"},"24C":{"t":"R44"},"24D":{"t":"DH82"},"24E":{"t":"UHEL"},"24F":{"t":"CT4"},"250":{"t":"C210"},"251":{"t":"C172"},"252":{"t":"R22"},"253":{"t":"R44"},"254":{"t":"CORS"},"255":{"t":"DHC2"},"256":{"t":"AT5T"},"257":{"t":"PZ04"},"258":{"t":"CT4"},"259":{"t":"H269"},"264":{"t":"AT8T"},"265":{"t":"SEAW"},"266":{"t":"PC12"},"267":{"t":"P28A"},"268":{"t":"M20T"},"269":{"t":"BE55"},"26A":{"t":"HOME"},"26B":{"t":"C210"},"26C":{"t":"C402"},"26D":{"t":"C402"},"26E":{"t":"ZZZZ"},"26F":{"t":"AUS3"},"270":{"t":"DH82"},"271":{"t":"C310"},"272":{"t":"P28R"},"274":{"t":"TWEN"},"276":{"t":"C206"},"277":{"t":"DH82"},"278":{"t":"DH82"},"279":{"t":"AM3"},"27A":{"t":"CAMP"},"27B":{"t":"D5"},"27C":{"t":"R44"},"27D":{"t":"BALL"},"288":{"t":"BE76"},"289":{"t":"DH82"},"28A":{"t":"P32R"},"28B":{"t":"PA31"},"28C":{"t":"C421"},"28D":{"t":"RV6"},"28E":{"t":"PTS1"},"28F":{"t":"PA27"},"290":{"t":"GA8"},"291":{"t":"C206"},"292":{"t":"R44"},"293":{"t":"BALL"},"294":{"t":"PA34"},"295":{"t":"E120"},"296":{"t":"M20P"},"297":{"t":"C180"},"298":{"t":"BALL"},"299":{"t":"EAGX"},"29A":{"t":"LA4"},"29B":{"t":"C172"},"29C":{"t":"P28R"},"29D":{"t":"AT5T"},"29E":{"t":"AT5T"},"29F":{"t":"C172"},"2A0":{"t":"P28A"},"2A1":{"t":"RBEL"},"2AD":{"t":"R44"},"2AF":{"t":"L39"},"2B0":{"t":"AT3T"},"2B1":{"t":"AC90"},"2B2":{"t":"FOUG"},"2B3":{"t":"DHC1"},"2B4":{"t":"AT5T"},"2B5":{"t":"DH82"},"2B6":{"t":"H269"},"2B7":{"t":"UHEL"},"2B8":{"t":"DH82"},"2B9":{"t":"DH82"},"2BA":{"t":"NOMA"},"2BB":{"t":"PA31"},"2BC":{"t":"AT5T"},"2BD":{"t":"C182"},"2BE":{"t":"AUS5"},"2BF":{"t":"C182"},"2C0":{"t":"B47G"},"2C1":{"t":"AT5T"},"2C2":{"t":"CJ1"},"2C3":{"t":"BE18"},"2C4":{"t":"B06"},"2C5":{"t":"BK17"},"2D0":{"t":"DH82"},"2D1":{"t":"P51"},"2D2":{"t":"C172"},"2D3":{"t":"BE33"},"2D4":{"t":"C180"},"2D5":{"t":"H500"},"2D6":{"t":"PA31"},"2D7":{"t":"DHC2"},"2D8":{"t":"BALL"},"2D9":{"t":"C82R"},"2DA":{"t":"PA22"},"2DB":{"t":"PL12"},"2DC":{"t":"GA8"},"2DD":{"t":"B06"},"2DE":{"t":"J1"},"2DF":{"t":"BALL"},"2E0":{"t":"BALL"},"2E1":{"t":"P28A"},"2E2":{"t":"DH82"},"2E3":{"t":"R66"},"2E4":{"t":"B47G"},"2E5":{"t":"M18"},"2E6":{"t":"C188"},"2E7":{"t":"PA22"},"2E8":{"t":"C172"},"2E9":{"t":"DH82"},"2F5":{"t":"C172"},"2F6":{"t":"T28"},"2F7":{"t":"AA5"},"2F8":{"t":"GLAS"},"2F9":{"t":"PA31"},"2FA":{"t":"C152"},"2FB":{"t":"PA32"},"2FD":{"t":"C172"},"2FE":{"t":"C182"},"2FF":{"t":"LJ60"},"300":{"t":"AT5T"},"301":{"t":"AT5T"},"302":{"t":"BALL"},"303":{"t":"GA8"},"304":{"t":"P28A"},"305":{"t":"R22"},"306":{"t":"C172"},"307":{"t":"C172"},"308":{"t":"EXEC"},"309":{"t":"A109"},"30A":{"t":"R44"},"30B":{"t":"BALL"},"30C":{"t":"M7"},"30D":{"t":"C195"},"318":{"t":"DH82"},"319":{"t":"PA32"},"31A":{"t":"RV7"},"31B":{"t":"DHC2"},"31C":{"t":"BE36"},"31D":{"t":"BE33"},"31E":{"t":"RYST"},"31F":{"t":"AT5T"},"320":{"t":"DHC2"},"321":{"t":"D11"},"322":{"t":"AS50"},"323":{"t":"BE36"},"324":{"t":"H500"},"325":{"t":"C150"},"326":{"t":"C150"},"327":{"t":"C150"},"328":{"t":"A109"},"329":{"t":"DHC2"},"32A":{"t":"PA38"},"32B":{"t":"RV6"},"32C":{"t":"AT8T"},"32D":{"t":"C182"},"32E":{"t":"PA31"},"32F":{"t":"G115"},"330":{"t":"DHC2"},"331":{"t":"DHC2"},"360":{"t":"C182"},"361":{"t":"R66"},"362":{"t":"D6SL"},"363":{"t":"PA38"},"364":{"t":"GLAS"},"365":{"t":"C182"},"366":{"t":"RV10"},"367":{"t":"AC11"},"368":{"t":"DH82"},"369":{"t":"J1"},"36A":{"t":"CH7A"},"36B":{"t":"PA46"},"36C":{"t":"C172"},"36D":{"t":"ULAC"},"36E":{"t":"T6"},"36F":{"t":"B06"},"370":{"t":"ZZZZ"},"371":{"t":"C172"},"372":{"t":"BALL"},"373":{"t":"PA31"},"374":{"t":"CJ6"},"375":{"t":"BE58"},"376":{"t":"DH82"},"377":{"t":"G115"},"378":{"t":"RV7"},"379":{"t":"C172"},"384":{"t":"RV6"},"385":{"t":"C182"},"386":{"t":"C206"},"387":{"t":"BALL"},"388":{"t":"PA24"},"389":{"t":"DH82"},"38A":{"t":"C206"},"38B":{"t":"GA8"},"38C":{"t":"D5"},"38D":{"t":"PA31"},"38E":{"t":"PA24"},"38F":{"t":"FA24"},"390":{"t":"PTS2"},"391":{"t":"C206"},"392":{"t":"C402"},"393":{"t":"G115"},"394":{"t":"C172"},"395":{"t":"DH82"},"396":{"t":"DHA3"},"397":{"t":"DH82"},"398":{"t":"C404"},"399":{"t":"C150"},"39A":{"t":"C441"},"39B":{"t":"BE76"},"39C":{"t":"R22"},"510":{"t":"EC30"},"511":{"t":"GLAS"},"512":{"t":"C172"},"513":{"t":"R22"},"514":{"t":"C82R"},"515":{"t":"AIRD"},"516":{"t":"BALL"},"517":{"t":"DH85"},"518":{"t":"C180"},"519":{"t":"MUS2"},"51A":{"t":"BE58"},"51B":{"t":"DH82"},"51C":{"t":"B06"},"51D":{"t":"PA18"},"51E":{"t":"C172"},"51F":{"t":"C172"},"520":{"t":"GLST"},"521":{"t":"DH82"},"522":{"t":"DH82"},"523":{"t":"C182"},"524":{"t":"P28A"},"525":{"t":"DH82"},"526":{"t":"G115"},"527":{"t":"EXEC"},"528":{"t":"C72R"},"529":{"t":"C172"},"534":{"t":"BE36"},"535":{"t":"BE33"},"536":{"t":"DH82"},"537":{"t":"BE36"},"538":{"t":"C185"},"539":{"t":"BALL"},"53A":{"t":"BE36"},"53B":{"t":"EC20"},"53C":{"t":"BE36"},"53D":{"t":"G115"},"53E":{"t":"DHC1"},"53F":{"t":"BE17"},"540":{"t":"BE33"},"541":{"t":"C210"},"542":{"t":"BD4"},"543":{"t":"BE58"},"544":{"t":"PTS2"},"545":{"t":"R44"},"546":{"t":"JAB4"},"547":{"t":"DYH2"},"548":{"t":"RV7"},"54A":{"t":"AS50"},"54B":{"t":"G115"},"54C":{"t":"B06"},"54D":{"t":"PA30"},"558":{"t":"DHC1"},"559":{"t":"G115"},"55A":{"t":"DH82"},"55B":{"t":"C72R"},"55C":{"t":"GA20"},"55D":{"t":"AUS3"},"55E":{"t":"AUS3"},"55F":{"t":"BE33"},"560":{"t":"DH82"},"561":{"t":"R44"},"562":{"t":"PA25"},"563":{"t":"G115"},"564":{"t":"P28T"},"565":{"t":"DH82"},"566":{"t":"UHEL"},"567":{"t":"R66"},"568":{"t":"PA31"},"569":{"t":"C208"},"56A":{"t":"CJ1"},"56B":{"t":"C188"},"56C":{"t":"SREY"},"56D":{"t":"BALL"},"56E":{"t":"P28A"},"56F":{"t":"B06"},"570":{"t":"C210"},"571":{"t":"DH82"},"57C":{"t":"BD4"},"57D":{"t":"R44"},"57E":{"t":"BE36"},"57F":{"t":"C210"},"580":{"t":"BALL"},"581":{"t":"P28A"},"582":{"t":"P28A"},"583":{"t":"DH82"},"584":{"t":"C172"},"585":{"t":"TAIL"},"586":{"t":"LA4"},"587":{"t":"R44"},"588":{"t":"AUS3"},"589":{"t":"BALL"},"58A":{"t":"G115"},"58B":{"t":"G115"},"58C":{"t":"J1"},"58D":{"t":"C210"},"58E":{"t":"D6SL"},"58F":{"t":"PA34"},"590":{"t":"C172"},"591":{"t":"C210"},"592":{"t":"BD4"},"593":{"t":"DH82"},"594":{"t":"C310"},"595":{"t":"G115"},"5A0":{"t":"C172"},"5A1":{"t":"PA31"},"5A2":{"t":"C210"},"5A3":{"t":"AUS3"},"5A4":{"t":"LNC2"},"5A5":{"t":"R22"},"5A6":{"t":"R44"},"5A7":{"t":"C210"},"5A8":{"t":"R22"},"5A9":{"t":"PA24"},"5AA":{"t":"B06"},"5AB":{"t":"RV14"},"5AC":{"t":"C402"},"5AD":{"t":"DH82"},"5AE":{"t":"BE23"},"5AF":{"t":"J1"},"5B0":{"t":"C172"},"5B1":{"t":"P28A"},"5B2":{"t":"P28A"},"5B3":{"t":"BE23"},"5B4":{"t":"B47G"},"5B5":{"t":"PC12"},"5B6":{"t":"C172"},"5B7":{"t":"BR60"},"5B8":{"t":"MUS2"},"5B9":{"t":"BU81"},"5C4":{"t":"B47G"},"5C5":{"t":"BE36"},"5C6":{"t":"C152"},"5C7":{"t":"DH82"},"5C8":{"t":"C170"},"5C9":{"t":"WIRR"},"5CA":{"t":"BALL"},"5CB":{"t":"R22"},"5CC":{"t":"ZZZZ"},"5CD":{"t":"C206"},"5CE":{"t":"C172"},"5CF":{"t":"GA8"},"5D0":{"t":"C172"},"5D1":{"t":"C210"},"5D2":{"t":"C152"},"5D3":{"t":"BE76"},"5D4":{"t":"C72R"},"5D5":{"t":"L5"},"5D6":{"t":"GA8"},"5D7":{"t":"C152"},"5D8":{"t":"TB20"},"5D9":{"t":"C152"},"5DA":{"t":"G115"},"5DB":{"t":"CA25"},"5DC":{"t":"PA18"},"5DD":{"t":"C172"},"5E8":{"t":"P28A"},"5E9":{"t":"EC20"},"5EA":{"t":"DH82"},"5EB":{"t":"C172"},"5EC":{"t":"GLID"},"5ED":{"t":"LNC2"},"5EE":{"t":"DH82"},"5EF":{"t":"T210"},"5F0":{"t":"S22T"},"5F1":{"t":"DH82"},"5F2":{"t":"PA46"},"5F3":{"t":"AUS6"},"5F4":{"t":"DHC1"},"5F5":{"t":"C172"},"5F6":{"t":"DH82"},"5F7":{"t":"DH89"},"5F8":{"t":"G115"},"5F9":{"t":"DH82"},"5FA":{"t":"R22"},"5FB":{"t":"AA1"},"5FC":{"t":"ACAR"},"5FD":{"t":"R22"},"5FE":{"t":"BD4"},"5FF":{"t":"C172"},"600":{"t":"BE76"},"601":{"t":"BE55"},"60C":{"t":"AUS5"},"60D":{"t":"C172"},"60E":{"t":"C150"},"60F":{"t":"C172"},"610":{"t":"P28A"},"611":{"t":"B06"},"612":{"t":"SB91"},"613":{"t":"AS32"},"614":{"t":"RBEL"},"615":{"t":"R22"},"616":{"t":"P28A"},"617":{"t":"BALL"},"618":{"t":"GLID"},"619":{"t":"P28A"},"61A":{"t":"B06"},"61B":{"t":"C182"},"61C":{"t":"RV10"},"61D":{"t":"PA46"},"61E":{"t":"ZZZZ"},"61F":{"t":"B06"},"620":{"t":"ONEX"},"621":{"t":"R44"},"622":{"t":"P32R"},"623":{"t":"AS32"},"624":{"t":"AS32"},"625":{"t":"P28B"},"630":{"t":"BL8"},"631":{"t":"P28R"},"632":{"t":"PA32"},"633":{"t":"RALL"},"634":{"t":"P28A"},"635":{"t":"BK17"},"636":{"t":"BE36"},"637":{"t":"T18"},"638":{"t":"AS50"},"639":{"t":"DH82"},"63A":{"t":"BL8"},"63B":{"t":"C210"},"63C":{"t":"UHEL"},"63D":{"t":"B06"},"63E":{"t":"C172"},"63F":{"t":"CJ1"},"640":{"t":"BALL"},"641":{"t":"C310"},"642":{"t":"C190"},"643":{"t":"DH82"},"644":{"t":"P28A"},"645":{"t":"C210"},"646":{"t":"C82R"},"647":{"t":"C172"},"648":{"t":"CJ6"},"649":{"t":"C402"},"654":{"t":"P28R"},"655":{"t":"P28A"},"656":{"t":"PA44"},"657":{"t":"C180"},"658":{"t":"DH82"},"659":{"t":"BALL"},"65A":{"t":"B06"},"65B":{"t":"BE36"},"65C":{"t":"PA44"},"65D":{"t":"R22"},"65E":{"t":"BE36"},"65F":{"t":"C182"},"660":{"t":"PA32"},"661":{"t":"PA27"},"662":{"t":"P28B"},"663":{"t":"C210"},"664":{"t":"PA34"},"665":{"t":"C182"},"666":{"t":"C150"},"667":{"t":"PA24"},"668":{"t":"DH82"},"669":{"t":"C152"},"66A":{"t":"T18"},"66B":{"t":"B06"},"66C":{"t":"R22"},"66D":{"t":"PA44"},"678":{"t":"BE55"},"679":{"t":"BALL"},"67A":{"t":"DH82"},"67B":{"t":"C210"},"67C":{"t":"C150"},"67D":{"t":"PA27"},"67E":{"t":"PTS1"},"67F":{"t":"BL8"},"680":{"t":"C172"},"681":{"t":"PA27"},"682":{"t":"RV10"},"683":{"t":"PA44"},"684":{"t":"P28A"},"685":{"t":"BE60"},"686":{"t":"C172"},"687":{"t":"EUPA"},"688":{"t":"AA5"},"689":{"t":"BK17"},"68A":{"t":"TMOT"},"68B":{"t":"BE36"},"68C":{"t":"AS50"},"68D":{"t":"ULAC"},"68E":{"t":"C182"},"68F":{"t":"AA5"},"690":{"t":"C182"},"691":{"t":"PA32"},"69C":{"t":"AS50"},"69D":{"t":"FA24"},"69E":{"t":"P28A"},"69F":{"t":"P28A"},"6A0":{"t":"B407"},"6A1":{"t":"P28A"},"6A2":{"t":"P28A"},"6A3":{"t":"SLG4"},"6A4":{"t":"C170"},"6A5":{"t":"B06"},"6A6":{"t":"C82R"},"6A7":{"t":"B06"},"6A8":{"t":"CL60"},"6A9":{"t":"B06"},"6AA":{"t":"SU29"},"6AB":{"t":"B06"},"6AC":{"t":"BALL"},"6AD":{"t":"B06"},"6AE":{"t":"PA24"},"6AF":{"t":"B58T"},"6B0":{"t":"R22"},"6B1":{"t":"B06"},"6B2":{"t":"BE58"},"6B3":{"t":"P28A"},"6B4":{"t":"R22"},"6B5":{"t":"BALL"},"6C0":{"t":"C182"},"6C1":{"t":"C152"},"6C2":{"t":"OPCA"},"6C3":{"t":"PA22"},"6C4":{"t":"P28R"},"6C5":{"t":"PA25"},"6C6":{"t":"KR2"},"6C7":{"t":"R44"},"6C8":{"t":"P28T"},"6C9":{"t":"C182"},"6CA":{"t":"C310"},"6CB":{"t":"C210"},"6CC":{"t":"C172"},"6CD":{"t":"GEMI"},"6CE":{"t":"BE58"},"6CF":{"t":"CH30"},"6D0":{"t":"H269"},"6D1":{"t":"EXEC"},"6D2":{"t":"C182"},"6D3":{"t":"R22"},"6D4":{"t":"R44"},"6D5":{"t":"C175"},"6D6":{"t":"H25B"},"6D7":{"t":"C182"},"6D8":{"t":"C182"},"6D9":{"t":"P28R"},"6E4":{"t":"ACAR"},"6E5":{"t":"C175"},"6E6":{"t":"BN2P"},"6E7":{"t":"C172"},"6E8":{"t":"A210"},"6E9":{"t":"ZZZZ"},"6EA":{"t":"BN2P"},"6EB":{"t":"C182"},"6EC":{"t":"DH82"},"6ED":{"t":"AT50"},"6EE":{"t":"B06"},"6EF":{"t":"D150"},"6F0":{"t":"C150"},"6F1":{"t":"P32R"},"6F2":{"t":"P28U"},"6F3":{"t":"JAB4"},"6F4":{"t":"AUJ4"},"6F5":{"t":"AT5T"},"6F6":{"t":"C172"},"6F7":{"t":"PA38"},"6F8":{"t":"P28A"},"6F9":{"t":"TOUR"},"6FA":{"t":"P28A"},"6FB":{"t":"GA8"},"6FC":{"t":"PA38"},"6FD":{"t":"C210"},"708":{"t":"R22"},"709":{"t":"P51"},"70A":{"t":"M20P"},"70B":{"t":"BE55"},"70C":{"t":"PA36"},"70D":{"t":"C172"},"70E":{"t":"M7"},"70F":{"t":"C182"},"710":{"t":"ZZZZ"},"711":{"t":"DH82"},"712":{"t":"R22"},"713":{"t":"BALL"},"714":{"t":"C182"},"715":{"t":"C172"},"716":{"t":"M6"},"717":{"t":"BALL"},"718":{"t":"AUS3"},"719":{"t":"DH82"},"71A":{"t":"DHC2"},"71B":{"t":"PA25"},"71C":{"t":"C210"},"71D":{"t":"R44"},"71E":{"t":"PA32"},"71F":{"t":"BALL"},"720":{"t":"C72R"},"721":{"t":"P51"},"72C":{"t":"ACAR"},"72D":{"t":"B06"},"72E":{"t":"PA30"},"72F":{"t":"SASP"},"731":{"t":"BALL"},"732":{"t":"MG15"},"733":{"t":"RV4"},"734":{"t":"C310"},"735":{"t":"R22"},"736":{"t":"DH82"},"737":{"t":"GA8"},"738":{"t":"BALL"},"739":{"t":"DC3"},"73A":{"t":"BALL"},"73B":{"t":"PA22"},"73D":{"t":"CJ6"},"73E":{"t":"S108"},"73F":{"t":"AT5T"},"740":{"t":"DH82"},"741":{"t":"EXEC"},"742":{"t":"BL8"},"743":{"t":"RV7"},"744":{"t":"C310"},"745":{"t":"C402"},"750":{"t":"BE36"},"751":{"t":"E110"},"752":{"t":"ZZZZ"},"753":{"t":"PA36"},"754":{"t":"AT8T"},"755":{"t":"BALL"},"756":{"t":"C182"},"757":{"t":"AT8T"},"758":{"t":"H269"},"759":{"t":"L29"},"75A":{"t":"TOUR"},"75B":{"t":"BALL"},"75C":{"t":"BE36"},"75D":{"t":"H269"},"75E":{"t":"EAGL"},"75F":{"t":"GA8"},"760":{"t":"B06"},"761":{"t":"R22"},"762":{"t":"C172"},"763":{"t":"B06"},"764":{"t":"PA22"},"765":{"t":"SR22"},"766":{"t":"TOUR"},"768":{"t":"H269"},"769":{"t":"UHEL"},"774":{"t":"C182"},"775":{"t":"A109"},"776":{"t":"BD4"},"777":{"t":"R22"},"778":{"t":"C172"},"779":{"t":"BALL"},"77A":{"t":"BALL"},"77B":{"t":"BE50"},"77C":{"t":"C182"},"77D":{"t":"T210"},"77E":{"t":"BALL"},"77F":{"t":"PA31"},"780":{"t":"DH82"},"781":{"t":"COZY"},"782":{"t":"BALL"},"783":{"t":"GLAS"},"784":{"t":"BALL"},"785":{"t":"BALL"},"786":{"t":"C152"},"787":{"t":"SREY"},"788":{"t":"BALL"},"789":{"t":"RV7"},"78A":{"t":"M5"},"78B":{"t":"ZZZZ"},"78C":{"t":"RV7"},"78D":{"t":"PA31"},"798":{"t":"C172"},"799":{"t":"C172"},"79A":{"t":"GLID"},"79B":{"t":"DH82"},"79C":{"t":"R44"},"79D":{"t":"B06"},"79E":{"t":"P32R"},"79F":{"t":"C172"},"7A0":{"t":"BE36"},"7A1":{"t":"C182"},"7A2":{"t":"C172"},"7A3":{"t":"BALL"},"7A4":{"t":"C425"},"7A5":{"t":"RV6"},"7A6":{"t":"BALL"},"7A7":{"t":"C172"},"7A8":{"t":"BALL"},"7A9":{"t":"DHC1"},"7AA":{"t":"GLID"},"7AB":{"t":"SONX"},"7AC":{"t":"DHC1"},"7AD":{"t":"C172"},"7AE":{"t":"BALL"},"7AF":{"t":"APUP"},"7B0":{"t":"P28A"},"7B1":{"t":"C182"},"7BC":{"t":"SLG4"},"7BD":{"t":"BE55"},"7BE":{"t":"EC30"},"7BF":{"t":"PA31"},"7C0":{"t":"ACAR"},"7C1":{"t":"R22"},"7C2":{"t":"PA34"},"7C3":{"t":"DH82"},"7C4":{"t":"PA31"},"7C5":{"t":"BE76"},"7C6":{"t":"C152"},"7C7":{"t":"C185"},"7C8":{"t":"C152"},"7C9":{"t":"P28A"},"7CA":{"t":"BE76"},"7CB":{"t":"DH82"},"7CC":{"t":"AIGT"},"7CD":{"t":"C172"},"7CE":{"t":"PULS"},"7CF":{"t":"C206"},"7D0":{"t":"BALL"},"7D1":{"t":"AS50"},"7D2":{"t":"PA34"},"7D3":{"t":"EN28"},"7D4":{"t":"PA25"},"7D5":{"t":"AM3"},"7E0":{"t":"C172"},"7E1":{"t":"T18"},"7E2":{"t":"C182"},"7E3":{"t":"C402"},"7E4":{"t":"C152"},"7E5":{"t":"C172"},"7E6":{"t":"DH82"},"7E7":{"t":"ST75"},"7E8":{"t":"C310"},"7E9":{"t":"P28B"},"7EA":{"t":"AS50"},"7EB":{"t":"PA32"},"7EC":{"t":"CA25"},"7ED":{"t":"P28A"},"7EE":{"t":"JAB4"},"7EF":{"t":"BALL"},"7F0":{"t":"C152"},"7F1":{"t":"UHEL"},"7F2":{"t":"CH7B"},"7F3":{"t":"P32R"},"7F4":{"t":"MC10"},"7F5":{"t":"BALL"},"7F6":{"t":"PAY3"},"7F7":{"t":"C170"},"7F8":{"t":"RV10"},"7F9":{"t":"D31"},"804":{"t":"BE55"},"805":{"t":"DH82"},"806":{"t":"C182"},"807":{"t":"C195"},"808":{"t":"C180"},"809":{"t":"C182"},"80A":{"t":"C210"},"80B":{"t":"C170"},"80C":{"t":"C180"},"80D":{"t":"BALL"},"80E":{"t":"S211"},"80F":{"t":"P28A"},"810":{"t":"P28A"},"811":{"t":"PTS2"},"812":{"t":"T18"},"813":{"t":"DHC1"},"814":{"t":"C180"},"815":{"t":"BALL"},"816":{"t":"DHC6"},"817":{"t":"Y18T"},"818":{"t":"SV4"},"819":{"t":"TOUR"},"81A":{"t":"BALL"},"81B":{"t":"B06"},"81C":{"t":"B06"},"81D":{"t":"DH82"},"828":{"t":"TOUR"},"829":{"t":"TOUR"},"82A":{"t":"BE58"},"82B":{"t":"B47G"},"82C":{"t":"P28A"},"82D":{"t":"BALL"},"82E":{"t":"TOUR"},"82F":{"t":"C150"},"830":{"t":"EUPA"},"831":{"t":"P28A"},"832":{"t":"C182"},"833":{"t":"P28B"},"834":{"t":"BL8"},"835":{"t":"R44"},"836":{"t":"BN2P"},"837":{"t":"P32R"},"838":{"t":"C310"},"839":{"t":"CH7B"},"83A":{"t":"ULAC"},"83B":{"t":"BE35"},"83C":{"t":"P28A"},"83D":{"t":"C182"},"83E":{"t":"C172"},"83F":{"t":"P28A"},"840":{"t":"P28B"},"841":{"t":"BE55"},"84C":{"t":"TOBA"},"84D":{"t":"C150"},"84E":{"t":"GLID"},"84F":{"t":"TOUR"},"850":{"t":"BALL"},"851":{"t":"C206"},"852":{"t":"C206"},"853":{"t":"TOBA"},"854":{"t":"TOBA"},"855":{"t":"PA31"},"856":{"t":"GA8"},"857":{"t":"C182"},"858":{"t":"C172"},"859":{"t":"RV4"},"85A":{"t":"C182"},"85B":{"t":"PA25"},"85C":{"t":"R22"},"85D":{"t":"C172"},"85E":{"t":"EXEJ"},"85F":{"t":"PA32"},"860":{"t":"C152"},"861":{"t":"ULAC"},"862":{"t":"C182"},"863":{"t":"DH82"},"864":{"t":"BN2P"},"865":{"t":"C206"},"870":{"t":"P28A"},"871":{"t":"GC1"},"872":{"t":"C182"},"873":{"t":"ACAR"},"874":{"t":"P28A"},"875":{"t":"AIGT"},"876":{"t":"PA31"},"877":{"t":"ACAR"},"878":{"t":"ZZZZ"},"879":{"t":"B06"},"87A":{"t":"C210"},"87B":{"t":"AUJ4"},"87C":{"t":"D5"},"87D":{"t":"C195"},"87E":{"t":"RV6"},"87F":{"t":"BALL"},"880":{"t":"BALL"},"881":{"t":"C172"},"882":{"t":"AUS3"},"883":{"t":"HOME"},"884":{"t":"ACAR"},"885":{"t":"P28A"},"886":{"t":"ACAR"},"887":{"t":"AIGT"},"888":{"t":"ADVE"},"889":{"t":"AUJ2"},"894":{"t":"P28A"},"895":{"t":"M18"},"896":{"t":"AS32"},"897":{"t":"R44"},"898":{"t":"P28A"},"899":{"t":"AS32"},"89A":{"t":"B505"},"89B":{"t":"SV4"},"89C":{"t":"P28A"},"89D":{"t":"P28A"},"89E":{"t":"C310"},"89F":{"t":"RV7"},"8A0":{"t":"C182"},"8A1":{"t":"RV7"},"8A2":{"t":"RV6"},"8A3":{"t":"BE23"},"8A4":{"t":"BE33"},"8A5":{"t":"SPIT"},"8A6":{"t":"BE36"},"8A7":{"t":"PA27"},"8A8":{"t":"BALL"},"8A9":{"t":"JS3E"},"8AA":{"t":"SR20"},"8AB":{"t":"R44"},"8AC":{"t":"BE36"},"8AD":{"t":"BL8"},"A20":{"t":"C182"},"A21":{"t":"BE35"},"A22":{"t":"DHC1"},"A23":{"t":"F900"},"A24":{"t":"BE35"},"A25":{"t":"P28A"},"A26":{"t":"PA18"},"A27":{"t":"BE33"},"A28":{"t":"M20P"},"A29":{"t":"C402"},"A2A":{"t":"RV7"},"A2B":{"t":"C172"},"A2C":{"t":"RV6"},"A2D":{"t":"BALL"},"A2E":{"t":"P28A"},"A2F":{"t":"R44"},"A30":{"t":"BE36"},"A31":{"t":"C172"},"A32":{"t":"C170"},"A33":{"t":"CAT"},"A34":{"t":"AC56"},"A35":{"t":"P28S"},"A36":{"t":"S22T"},"A37":{"t":"AC68"},"A38":{"t":"P28A"},"A39":{"t":"C182"},"A44":{"t":"M20P"},"A45":{"t":"C172"},"A46":{"t":"C172"},"A47":{"t":"C172"},"A48":{"t":"C172"},"A49":{"t":"BALL"},"A4A":{"t":"BE55"},"A4B":{"t":"C172"},"A4C":{"t":"P28A"},"A4D":{"t":"PA32"},"A4E":{"t":"P28R"},"A4F":{"t":"S211"},"A50":{"t":"RV7"},"A51":{"t":"P28A"},"A52":{"t":"RV6"},"A53":{"t":"PA27"},"A54":{"t":"C210"},"A55":{"t":"BE35"},"A56":{"t":"CJ1"},"A57":{"t":"C414"},"A58":{"t":"PA34"},"A59":{"t":"C172"},"A5A":{"t":"C172"},"A5B":{"t":"P28A"},"A5C":{"t":"P28A"},"A5D":{"t":"BE20"},"A68":{"t":"RV6"},"A69":{"t":"BE76"},"A6A":{"t":"ZZZZ"},"A6B":{"t":"GLEX"},"A6C":{"t":"AN2"},"A6D":{"t":"G164"},"A6E":{"t":"GLAS"},"A6F":{"t":"R44"},"A70":{"t":"SLG2"},"A71":{"t":"C550"},"A72":{"t":"G164"},"A73":{"t":"PA31"},"A74":{"t":"VGUL"},"A75":{"t":"C404"},"A76":{"t":"L5"},"A77":{"t":"C170"},"A78":{"t":"P28A"},"A79":{"t":"P68"},"A7A":{"t":"C182"},"A7B":{"t":"G164"},"A7C":{"t":"C172"},"A7D":{"t":"S22T"},"A7E":{"t":"EXEC"},"A7F":{"t":"R44"},"A80":{"t":"BE36"},"A81":{"t":"C210"},"A8C":{"t":"PA24"},"A8D":{"t":"PA24"},"A8E":{"t":"PA24"},"A8F":{"t":"PA24"},"A90":{"t":"BE50"},"A91":{"t":"L5"},"A92":{"t":"C525"},"A93":{"t":"C182"},"A94":{"t":"C182"},"A95":{"t":"C182"},"A96":{"t":"PA32"},"A97":{"t":"CC19"},"A98":{"t":"DH82"},"A99":{"t":"C182"},"A9A":{"t":"CJ6"},"A9B":{"t":"AA5"},"A9C":{"t":"P337"},"A9D":{"t":"AS14"},"A9E":{"t":"B06"},"A9F":{"t":"RV7"},"AA0":{"t":"G2CA"},"AA1":{"t":"C182"},"AA2":{"t":"C150"},"AA3":{"t":"C180"},"AA4":{"t":"C172"},"AA5":{"t":"P28A"},"AB0":{"t":"TBM9"},"AB1":{"t":"P28R"},"AB2":{"t":"DH82"},"AB3":{"t":"C188"},"AB4":{"t":"DH82"},"AB5":{"t":"BE33"},"AB6":{"t":"C182"},"AB7":{"t":"BE33"},"AB8":{"t":"C170"},"AB9":{"t":"DH82"},"ABA":{"t":"P28A"},"ABB":{"t":"BE36"},"ABC":{"t":"P28U"},"ABD":{"t":"BE55"},"ABE":{"t":"C172"},"ABF":{"t":"SR20"},"AC0":{"t":"C210"},"AC1":{"t":"P28A"},"AC2":{"t":"DH82"},"AC3":{"t":"C152"},"AC4":{"t":"P28B"},"AC5":{"t":"C172"},"AC6":{"t":"RV7"},"AC7":{"t":"PTS1"},"AC8":{"t":"C172"},"AC9":{"t":"P28R"},"AD4":{"t":"BE55"},"AD5":{"t":"BE55"},"AD6":{"t":"C182"},"AD7":{"t":"SR22"},"AD8":{"t":"P68"},"AD9":{"t":"BE19"},"ADA":{"t":"C172"},"ADB":{"t":"BL8"},"ADC":{"t":"C172"},"ADD":{"t":"BL8"},"ADE":{"t":"BE35"},"ADF":{"t":"C208"},"AE0":{"t":"BE19"},"AE1":{"t":"BE23"},"AE2":{"t":"BE9L"},"AE3":{"t":"SR22"},"AE4":{"t":"BE95"},"AE5":{"t":"PA38"},"AE6":{"t":"P28R"},"AE7":{"t":"P68"},"AE8":{"t":"BE33"},"AE9":{"t":"BE35"},"AEA":{"t":"BE23"},"AEB":{"t":"BL8"},"AEC":{"t":"BE19"},"AED":{"t":"BL8"},"AF8":{"t":"SR20"},"AF9":{"t":"P210"},"AFA":{"t":"GY20"},"AFB":{"t":"GY20"},"AFC":{"t":"BALL"},"AFD":{"t":"GLF4"},"AFE":{"t":"C182"},"AFF":{"t":"C182"},"B00":{"t":"PA38"},"B01":{"t":"M20P"},"B02":{"t":"P28A"},"B03":{"t":"EVSS"},"B04":{"t":"RV7"},"B05":{"t":"P32T"},"B06":{"t":"P28A"},"B07":{"t":"C172"},"B08":{"t":"S22T"},"B09":{"t":"P28A"},"B0A":{"t":"PA34"},"B0B":{"t":"DA40"},"B0C":{"t":"C180"},"B0D":{"t":"P28A"},"B0E":{"t":"A119"},"B0F":{"t":"K100"},"B11":{"t":"P28A"},"B1C":{"t":"ARCP"},"B1D":{"t":"BE35"},"B1E":{"t":"P28R"},"B1F":{"t":"SR22"},"B20":{"t":"P28B"},"B21":{"t":"P28A"},"B22":{"t":"P28A"},"B23":{"t":"P28A"},"B24":{"t":"R66"},"B25":{"t":"P28A"},"B26":{"t":"C182"},"B27":{"t":"C210"},"B29":{"t":"L5"},"B2A":{"t":"AS50"},"B2B":{"t":"TOUR"},"B2C":{"t":"H269"},"B2D":{"t":"BALL"},"B2E":{"t":"C182"},"B2F":{"t":"R22"},"B30":{"t":"BDOG"},"B31":{"t":"B06"},"B32":{"t":"BE35"},"B33":{"t":"R22"},"B34":{"t":"C182"},"B35":{"t":"C172"},"B40":{"t":"T28"},"B41":{"t":"CT4"},"B42":{"t":"UHEL"},"B43":{"t":"BL8"},"B44":{"t":"PA24"},"B45":{"t":"C152"},"B46":{"t":"P28A"},"B47":{"t":"SPIT"},"B48":{"t":"BE18"},"B49":{"t":"BE18"},"B4A":{"t":"GA8"},"B4B":{"t":"TB20"},"B4C":{"t":"PA24"},"B4E":{"t":"C340"},"B4F":{"t":"SPIT"},"B50":{"t":"SPIT"},"B51":{"t":"C310"},"B52":{"t":"R22"},"B53":{"t":"C182"},"B54":{"t":"EXEC"},"B55":{"t":"C152"},"B56":{"t":"CH7A"},"B57":{"t":"P28A"},"B58":{"t":"C172"},"B59":{"t":"E300"},"B64":{"t":"CJ6"},"B65":{"t":"CC11"},"B66":{"t":"AT5T"},"B67":{"t":"RV4"},"B68":{"t":"CJ6"},"B69":{"t":"C180"},"B6A":{"t":"CJ6"},"B6B":{"t":"C172"},"B6C":{"t":"C210"},"B6D":{"t":"P68"},"B6E":{"t":"SR22"},"B6F":{"t":"EXEC"},"B70":{"t":"R44"},"B71":{"t":"RV10"},"B72":{"t":"T18"},"B73":{"t":"BALL"},"B74":{"t":"PA31"},"B75":{"t":"P28A"},"B76":{"t":"CJ6"},"B77":{"t":"RV8"},"B78":{"t":"EC20"},"B79":{"t":"P28R"},"B7A":{"t":"DH82"},"B7B":{"t":"CJ6"},"B7C":{"t":"AT5T"},"B7D":{"t":"PA32"},"B88":{"t":"PTS1"},"B89":{"t":"AC11"},"B8A":{"t":"B06"},"B8B":{"t":"D5"},"B8C":{"t":"TOUR"},"B8D":{"t":"DH82"},"B8E":{"t":"C182"},"B8F":{"t":"ACR2"},"B90":{"t":"B06"},"B91":{"t":"ULAC"},"B92":{"t":"C175"},"B93":{"t":"B06"},"B94":{"t":"CJ1"},"B95":{"t":"B06"},"B96":{"t":"EC20"},"B97":{"t":"B06"},"B98":{"t":"C82R"},"B99":{"t":"AS31"},"B9A":{"t":"AT8T"},"B9B":{"t":"B06"},"B9C":{"t":"CT4"},"B9D":{"t":"C175"},"B9E":{"t":"P28A"},"B9F":{"t":"BE36"},"BA0":{"t":"RV6"},"BA1":{"t":"C182"},"BAC":{"t":"BE55"},"BAD":{"t":"P28A"},"BAE":{"t":"LNC4"},"BAF":{"t":"EN28"},"BB0":{"t":"BE58"},"BB1":{"t":"PA32"},"BB2":{"t":"RV8"},"BB3":{"t":"EXEC"},"BB4":{"t":"EN28"},"BB5":{"t":"KR2"},"BB6":{"t":"R22"},"BB7":{"t":"B06"},"BB8":{"t":"SR22"},"BB9":{"t":"SR22"},"BBA":{"t":"GLID"},"BBB":{"t":"COL4"},"BBC":{"t":"R44"},"BBD":{"t":"R44"},"BBE":{"t":"R44"},"BBF":{"t":"AC90"},"BC0":{"t":"DA2"},"BC1":{"t":"B06"},"BC2":{"t":"LNC2"},"BC3":{"t":"R44"},"BC4":{"t":"B06"},"BC5":{"t":"C182"},"BD0":{"t":"C310"},"BD1":{"t":"FA24"},"BD2":{"t":"T18"},"BD3":{"t":"C310"},"BD4":{"t":"RV9"},"BD5":{"t":"DV20"},"BD6":{"t":"C172"},"BD7":{"t":"BE58"},"BD8":{"t":"B407"},"BD9":{"t":"C180"},"BDA":{"t":"C510"},"BDB":{"t":"C310"},"BDC":{"t":"C182"},"BDD":{"t":"C182"},"BDE":{"t":"M20P"},"BDF":{"t":"C172"},"BE0":{"t":"C172"},"BE1":{"t":"R44"},"BE2":{"t":"R44"},"BE3":{"t":"R44"},"BE4":{"t":"BE76"},"BE5":{"t":"PA38"},"BE6":{"t":"R44"},"BE7":{"t":"C172"},"BE8":{"t":"SS2T"},"BE9":{"t":"C172"},"BF4":{"t":"C172"},"BF5":{"t":"P28A"},"BF6":{"t":"CH7A"},"BF7":{"t":"TOUR"},"BF8":{"t":"BALL"},"BF9":{"t":"P28A"},"BFA":{"t":"C206"},"BFB":{"t":"SW4"},"BFC":{"t":"AC11"},"BFD":{"t":"BE23"},"BFE":{"t":"P28A"},"BFF":{"t":"P28A"},"C00":{"t":"P28A"},"C01":{"t":"BE58"},"C02":{"t":"TOUR"},"C03":{"t":"P28A"},"C04":{"t":"C150"},"C05":{"t":"RV12"},"C06":{"t":"P28A"},"C07":{"t":"R44"},"C08":{"t":"BALL"},"C09":{"t":"PA38"},"C0A":{"t":"C172"},"C0B":{"t":"JAB4"},"C0C":{"t":"C172"},"C0D":{"t":"CT4"},"C18":{"t":"DH82"},"C19":{"t":"RV8"},"C1A":{"t":"EXEC"},"C1B":{"t":"PA25"},"C1C":{"t":"PA34"},"C1D":{"t":"C182"},"C1E":{"t":"RV7"},"C1F":{"t":"RV9"},"C20":{"t":"TOUR"},"C21":{"t":"P208"},"C22":{"t":"R44"},"C23":{"t":"R22"},"C24":{"t":"PA24"},"C25":{"t":"PA30"},"C26":{"t":"C140"},"C27":{"t":"PA34"},"C28":{"t":"C310"},"C29":{"t":"BE36"},"C2A":{"t":"C170"},"C2B":{"t":"R44"},"C2C":{"t":"PA34"},"C2D":{"t":"CH20"},"C2E":{"t":"C185"},"C2F":{"t":"AT5T"},"C30":{"t":"SIRA"},"C31":{"t":"COZY"},"C3C":{"t":"B47G"},"C3D":{"t":"C340"},"C3E":{"t":"C172"},"C3F":{"t":"R44"},"C40":{"t":"SR22"},"C41":{"t":"P28A"},"C42":{"t":"BABY"},"C43":{"t":"S76"},"C44":{"t":"DHC1"},"C45":{"t":"C337"},"C46":{"t":"S22T"},"C47":{"t":"BE33"},"C48":{"t":"P28A"},"C49":{"t":"C172"},"C4A":{"t":"UH1"},"C4B":{"t":"P28R"},"C4C":{"t":"C172"},"C4D":{"t":"C340"},"C4E":{"t":"J3"},"C4F":{"t":"P28A"},"C50":{"t":"PA25"},"C51":{"t":"PA25"},"C52":{"t":"P28A"},"C53":{"t":"CJ6"},"C54":{"t":"C182"},"C55":{"t":"SR22"},"C60":{"t":"G73"},"C61":{"t":"GLID"},"C62":{"t":"GLID"},"C63":{"t":"GLID"},"C64":{"t":"MXS"},"C65":{"t":"GLID"},"C66":{"t":"R22"},"C67":{"t":"R22"},"C68":{"t":"GLID"},"C69":{"t":"B412"},"C6A":{"t":"BALL"},"C6B":{"t":"GLID"},"C6C":{"t":"GLID"},"C6D":{"t":"GLID"},"C6E":{"t":"GLID"},"C6F":{"t":"GLID"},"C70":{"t":"GLID"},"C71":{"t":"GLID"},"C72":{"t":"GLID"},"C73":{"t":"SR22"},"C74":{"t":"GLID"},"C75":{"t":"GLID"},"C76":{"t":"GLID"},"C77":{"t":"GLID"},"C78":{"t":"GLID"},"C79":{"t":"GLID"},"C84":{"t":"SREY"},"C85":{"t":"C180"},"C86":{"t":"T6"},"C87":{"t":"C77R"},"C88":{"t":"PA24"},"C89":{"t":"SR20"},"C8A":{"t":"C182"},"C8B":{"t":"P28A"},"C8C":{"t":"MC10"},"C8D":{"t":"P28A"},"C8E":{"t":"TOUR"},"C8F":{"t":"T210"},"C90":{"t":"C152"},"C91":{"t":"C208"},"C92":{"t":"L5"},"C93":{"t":"C152"},"C94":{"t":"R44"},"C95":{"t":"AUJ4"},"C96":{"t":"C205"},"C97":{"t":"RV7"},"C98":{"t":"C175"},"C99":{"t":"RV6"},"C9A":{"t":"FA7X"},"C9B":{"t":"EXEC"},"C9C":{"t":"JAB4"},"C9D":{"t":"FU24"},"CA8":{"t":"C82R"},"CA9":{"t":"P28A"},"CAA":{"t":"C205"},"CAB":{"t":"C210"},"CAC":{"t":"CH60"},"CAD":{"t":"BALL"},"CAE":{"t":"R66"},"CAF":{"t":"GLAS"},"CB0":{"t":"R22"},"CB1":{"t":"JAB4"},"CB2":{"t":"BE55"},"CB3":{"t":"C182"},"CB4":{"t":"B47G"},"CB5":{"t":"PA25"},"CB6":{"t":"C310"},"CB7":{"t":"C501"},"CB8":{"t":"CAML"},"CB9":{"t":"C172"},"CBA":{"t":"SR20"},"CBB":{"t":"RV4"},"CBC":{"t":"C182"},"CBD":{"t":"COL4"},"CBE":{"t":"S22T"},"CBF":{"t":"C310"},"CC0":{"t":"H500"},"CC1":{"t":"C152"},"CCC":{"t":"PA25"},"CCD":{"t":"BALL"},"CCE":{"t":"EC30"},"CCF":{"t":"RV7"},"CD0":{"t":"KR2"},"CD1":{"t":"P28A"},"CD3":{"t":"C182"},"CD4":{"t":"P28A"},"CD5":{"t":"P28A"},"CD6":{"t":"CT4"},"CD7":{"t":"P28A"},"CD8":{"t":"TOUR"},"CD9":{"t":"CT4"},"CDA":{"t":"BE23"},"CDB":{"t":"FDCT"},"CDC":{"t":"CT4"},"CDD":{"t":"BE23"},"CDE":{"t":"CH7B"},"CDF":{"t":"R44"},"CE0":{"t":"FDCT"},"CE1":{"t":"CT4"},"CE2":{"t":"PA18"},"CE3":{"t":"CH7B"},"CE4":{"t":"P28A"},"CE5":{"t":"CT4"},"CF0":{"t":"EUPA"},"CF1":{"t":"PA18"},"CF2":{"t":"P28A"},"CF3":{"t":"EXEC"},"CF4":{"t":"P28A"},"CF5":{"t":"P28A"},"CF6":{"t":"PA24"},"CF7":{"t":"P28R"},"CF8":{"t":"EXEC"},"CF9":{"t":"AC11"},"CFA":{"t":"C172"},"CFB":{"t":"C152"},"CFC":{"t":"BL8"},"CFD":{"t":"R44"},"CFE":{"t":"BALL"},"CFF":{"t":"C172"},"D00":{"t":"C150"},"D01":{"t":"PA25"},"D02":{"t":"C150"},"D03":{"t":"P28A"},"D04":{"t":"SR22"},"D05":{"t":"P28R"},"D06":{"t":"PA27"},"D07":{"t":"SA30"},"D08":{"t":"C208"},"D09":{"t":"M20P"},"D14":{"t":"KR2"},"D15":{"t":"M20P"},"D16":{"t":"C182"},"D17":{"t":"PA30"},"D18":{"t":"PA30"},"D19":{"t":"AT8T"},"D1A":{"t":"C77R"},"D1B":{"t":"BMAN"},"D1C":{"t":"BL8"},"D1D":{"t":"C205"},"D1E":{"t":"P28B"},"D1F":{"t":"C77R"},"D20":{"t":"P28A"},"D21":{"t":"C208"},"D22":{"t":"P28B"},"D23":{"t":"P28R"},"D24":{"t":"P28A"},"D25":{"t":"C206"},"D26":{"t":"PA30"},"D27":{"t":"C172"},"D28":{"t":"P28R"},"D29":{"t":"P28A"},"D2A":{"t":"XL2"},"D2B":{"t":"BALL"},"D2C":{"t":"XL2"},"D2D":{"t":"P28R"},"D38":{"t":"C172"},"D39":{"t":"PA24"},"D3A":{"t":"P28A"},"D3B":{"t":"P28A"},"D3C":{"t":"R22"},"D3D":{"t":"P28A"},"D3E":{"t":"SR22"},"D3F":{"t":"C185"},"D40":{"t":"P28A"},"D41":{"t":"P28A"},"D42":{"t":"PA32"},"D43":{"t":"C205"},"D44":{"t":"C77R"},"D45":{"t":"C210"},"D46":{"t":"BE20"},"D47":{"t":"AS50"},"D48":{"t":"B06"},"D49":{"t":"BE35"},"D4A":{"t":"BALL"},"D4B":{"t":"R44"},"D4C":{"t":"BL8"},"D4D":{"t":"BE58"},"D4E":{"t":"P28A"},"D4F":{"t":"P28R"},"D50":{"t":"P28A"},"D51":{"t":"C310"},"D5C":{"t":"C180"},"D5D":{"t":"PA24"},"D5E":{"t":"C172"},"D5F":{"t":"RV7"},"D60":{"t":"AC11"},"D61":{"t":"P28A"},"D62":{"t":"C180"},"D63":{"t":"P28A"},"D64":{"t":"C182"},"D65":{"t":"LJ45"},"D66":{"t":"R44"},"D67":{"t":"DH82"},"D68":{"t":"DH82"},"D69":{"t":"BE77"},"D6A":{"t":"C182"},"D6B":{"t":"PA24"},"D6C":{"t":"BALL"},"D6D":{"t":"RV9"},"D6E":{"t":"DHC2"},"D6F":{"t":"C210"},"D70":{"t":"CP30"},"D71":{"t":"DH82"},"D72":{"t":"C172"},"D73":{"t":"AEST"},"D74":{"t":"DH82"},"D75":{"t":"C182"},"D80":{"t":"DH82"},"D81":{"t":"C182"},"D82":{"t":"UHEL"},"D83":{"t":"C150"},"D84":{"t":"C182"},"D85":{"t":"C172"},"D86":{"t":"M20P"},"D87":{"t":"H269"},"D88":{"t":"BR60"},"D89":{"t":"SR22"},"D8A":{"t":"M20P"},"D8B":{"t":"C182"},"D8C":{"t":"R22"},"D8D":{"t":"FU24"},"D8E":{"t":"C150"},"D8F":{"t":"C172"},"D90":{"t":"C172"},"D91":{"t":"C182"},"D92":{"t":"R44"},"D93":{"t":"C402"},"D94":{"t":"RV7"},"D95":{"t":"PA31"},"D96":{"t":"R44"},"D97":{"t":"C182"},"D98":{"t":"PA31"},"D99":{"t":"C182"},"DA4":{"t":"C172"},"DA5":{"t":"DH94"},"DA6":{"t":"EC20"},"DA7":{"t":"PA44"},"DA8":{"t":"CA25"},"DA9":{"t":"C208"},"DAA":{"t":"PA44"},"DAB":{"t":"PA44"},"DAC":{"t":"PA44"},"DAD":{"t":"LNC2"},"DAE":{"t":"EN28"},"DAF":{"t":"H269"},"DB0":{"t":"R22"},"DB1":{"t":"AS50"},"DB2":{"t":"R22"},"DB3":{"t":"S22T"},"DB4":{"t":"C182"},"DB5":{"t":"SR22"},"DB6":{"t":"CASS"},"DB7":{"t":"A109"},"DB8":{"t":"XL2"},"DB9":{"t":"XL2"},"DBA":{"t":"XL2"},"DBB":{"t":"BALL"},"DBC":{"t":"COZY"},"DBD":{"t":"C172"},"F30":{"t":"C525"},"F31":{"t":"CRER"},"F32":{"t":"C175"},"F33":{"t":"DH82"},"F34":{"t":"P28A"},"F35":{"t":"AUJ2"},"F36":{"t":"P28A"},"F37":{"t":"P32R"},"F38":{"t":"C310"},"F39":{"t":"PTS2"},"F3A":{"t":"P28B"},"F3B":{"t":"SR22"},"F3C":{"t":"P28S"},"F3D":{"t":"RV8"},"F3E":{"t":"R22"},"F3F":{"t":"CT4"},"F40":{"t":"P28A"},"F41":{"t":"P28A"},"F42":{"t":"R22"},"F43":{"t":"TRF1"},"F44":{"t":"PA25"},"F45":{"t":"ULAC"},"F46":{"t":"C310"},"F47":{"t":"RV4"},"F48":{"t":"CH7B"},"F49":{"t":"BALL"},"F54":{"t":"C310"},"F55":{"t":"C172"},"F56":{"t":"DH82"},"F57":{"t":"RYST"},"F58":{"t":"DH82"},"F59":{"t":"R44"},"F5A":{"t":"C210"},"F5B":{"t":"C172"},"F5C":{"t":"BALL"},"F5D":{"t":"AS50"},"F5E":{"t":"PA34"},"F5F":{"t":"DFLY"},"F60":{"t":"C182"},"F61":{"t":"C182"},"F62":{"t":"BE36"},"F63":{"t":"C182"},"F64":{"t":"AT8T"},"F65":{"t":"C172"},"F66":{"t":"DHC1"},"F67":{"t":"AC50"},"F68":{"t":"C210"},"F69":{"t":"R44"},"F6A":{"t":"LNC2"},"F6B":{"t":"RV7"},"F6C":{"t":"C172"},"F6D":{"t":"BE55"},"F78":{"t":"R44"},"F79":{"t":"SR22"},"F7A":{"t":"P28B"},"F7B":{"t":"BE33"},"F7C":{"t":"C172"},"F7D":{"t":"R44"},"F7E":{"t":"C182"},"F7F":{"t":"C182"},"F80":{"t":"SR22"},"F81":{"t":"C180"},"F82":{"t":"C172"},"F83":{"t":"C182"},"F84":{"t":"RV9"},"F85":{"t":"R44"},"F86":{"t":"C172"},"F87":{"t":"AIRD"},"F88":{"t":"B47G"},"F89":{"t":"AIRD"},"F8A":{"t":"AIRD"},"F8B":{"t":"RALL"},"F8C":{"t":"AUS3"},"F8D":{"t":"C182"},"F8E":{"t":"C182"},"F8F":{"t":"C210"},"F90":{"t":"C182"},"F91":{"t":"DHC1"},"F9C":{"t":"DH82"},"F9D":{"t":"BE33"},"F9E":{"t":"BE33"},"F9F":{"t":"BE35"},"FA0":{"t":"BE33"},"FA1":{"t":"BE35"},"FA2":{"t":"BE55"},"FA3":{"t":"GLID"},"FA4":{"t":"P28A"},"FA5":{"t":"PA32"},"FA6":{"t":"P28A"},"FA7":{"t":"C172"},"FA8":{"t":"P28A"},"FA9":{"t":"C172"},"FAA":{"t":"BOLT"},"FAB":{"t":"S22T"},"FAC":{"t":"C150"},"FAD":{"t":"MUS2"},"FAE":{"t":"C182"},"FAF":{"t":"P28R"},"FB0":{"t":"M20P"},"FB1":{"t":"C172"},"FB2":{"t":"AT3P"},"FB3":{"t":"P28A"},"FB4":{"t":"AC11"},"FB5":{"t":"TOUR"},"FC0":{"t":"UHEL"},"FC1":{"t":"PA22"},"FC2":{"t":"BL8"},"FC3":{"t":"VEZE"},"FC4":{"t":"RV6"},"FC5":{"t":"BALL"},"FC6":{"t":"C421"},"FC7":{"t":"DA62"},"FC8":{"t":"PA24"},"FC9":{"t":"C180"},"FCA":{"t":"C180"},"FCB":{"t":"DH82"},"FCC":{"t":"BE35"},"FCD":{"t":"BALL"},"FCE":{"t":"C180"},"FCF":{"t":"PA31"},"FD0":{"t":"PA31"},"FD1":{"t":"PA31"},"FD2":{"t":"T211"},"FD3":{"t":"C150"},"FD4":{"t":"BE23"},"FD5":{"t":"BE35"},"FD6":{"t":"BALL"},"FD7":{"t":"C182"},"FD8":{"t":"BE33"},"FD9":{"t":"C172"},"FE4":{"t":"P28T"},"FE5":{"t":"C150"},"FE6":{"t":"BE23"},"FE7":{"t":"C150"},"FE8":{"t":"C172"},"FE9":{"t":"BE55"},"FEA":{"t":"C172"},"FEB":{"t":"LNCE"},"FEC":{"t":"C150"},"FED":{"t":"DH82"},"FEE":{"t":"C172"},"FEF":{"t":"C172"},"FF0":{"t":"C150"},"FF1":{"t":"B06"},"FF2":{"t":"C180"},"FF3":{"t":"C182"},"FF4":{"t":"C140"},"FF5":{"t":"R22"},"FF6":{"t":"ULAC"},"FF7":{"t":"C172"},"FF9":{"t":"C208"},"FFA":{"t":"C172"},"FFB":{"t":"C182"},"FFC":{"t":"DEFI"},"FFD":{"t":"C152"}}