{"000":{"t":"RV7"},"001":{"t":"PA30"},"002":{"t":"PK20"},"003":{"t":"C188"},"005":{"t":"F900"},"006":{"t":"CL60"},"007":{"t":"C82R"},"008":{"t":"C172"},"00A":{"t":"AT5T"},"00B":{"t":"PK20"},"00C":{"t":"C188"},"00D":{"t":"R44"},"00E":{"t":"M7"},"00F":{"t":"P28R"},"010":{"t":"LA4"},"011":{"t":"RV6"},"012":{"t":"EC35"},"013":{"t":"B47G"},"014":{"t":"C310"},"015":{"t":"R200"},"020":{"t":"AEST"},"021":{"t":"RV6"},"022":{"t":"M20P"},"023":{"t":"BE55"},"024":{"t":"C525"},"025":{"t":"M20P"},"026":{"t":"PA31"},"027":{"t":"PL12"},"028":{"t":"SW4"},"029":{"t":"PA36"},"02A":{"t":"C182"},"02B":{"t":"FU24"},"02C":{"t":"BE55"},"02D":{"t":"T18"},"02E":{"t":"TRF1"},"02F":{"t":"C180"},"030":{"t":"PA31"},"031":{"t":"RV7"},"032":{"t":"C206"},"033":{"t":"C182"},"034":{"t":"JAB4"},"035":{"t":"M20T"},"036":{"t":"T210"},"037":{"t":"PA31"},"038":{"t":"GLAS"},"039":{"t":"M20P"},"044":{"t":"B06"},"045":{"t":"AA5"},"046":{"t":"GA7"},"047":{"t":"M5"},"048":{"t":"GA7"},"049":{"t":"PA31"},"04A":{"t":"M20T"},"04B":{"t":"PA38"},"04C":{"t":"PA31"},"04D":{"t":"AA5"},"04E":{"t":"C180"},"04F":{"t":"C206"},"050":{"t":"PA31"},"051":{"t":"B06"},"052":{"t":"M20P"},"053":{"t":"C182"},"054":{"t":"AA5"},"055":{"t":"RV7"},"056":{"t":"H269"},"057":{"t":"C172"},"058":{"t":"RBEL"},"059":{"t":"PA31"},"05A":{"t":"R22"},"05B":{"t":"M20P"},"05C":{"t":"M20T"},"05D":{"t":"M20P"},"1D0":{"t":"C182"},"1D1":{"t":"C188"},"1D2":{"t":"C72R"},"1D3":{"t":"PA31"},"1D4":{"t":"C172"},"1D5":{"t":"PA36"},"1D6":{"t":"T6"},"1D7":{"t":"T6"},"1D8":{"t":"P68"},"1D9":{"t":"B350"},"1DA":{"t":"RV7"},"1DB":{"t":"PA36"},"1DC":{"t":"C172"},"1DD":{"t":"M20P"},"1DE":{"t":"B350"},"1DF":{"t":"DR10"},"1E0":{"t":"C172"},"1E1":{"t":"AS65"},"1E2":{"t":"C303"},"1E3":{"t":"M5"},"1E4":{"t":"B06"},"1E5":{"t":"P68"},"1E6":{"t":"T28"},"1E7":{"t":"PTS1"},"1E8":{"t":"C72R"},"1E9":{"t":"C182"},"1F4":{"t":"PA44"},"1F5":{"t":"C172"},"1F6":{"t":"PA24"},"1F7":{"t":"J3"},"1F8":{"t":"AS30"},"1F9":{"t":"P28A"},"1FA":{"t":"WIRR"},"1FB":{"t":"P32R"},"1FC":{"t":"C310"},"1FD":{"t":"DA40"},"1FE":{"t":"ULAC"},"1FF":{"t":"C340"},"200":{"t":"BALL"},"201":{"t":"B212"},"202":{"t":"BE35"},"203":{"t":"B737"},"204":{"t":"RV6"},"205":{"t":"A660"},"206":{"t":"SV4"},"207":{"t":"AC80"},"208":{"t":"R22"},"209":{"t":"B737"},"20A":{"t":"TRF1"},"20B":{"t":"TOBA"},"20C":{"t":"R44"},"20D":{"t":"RODS"},"218":{"t":"PA46"},"219":{"t":"AT3P"},"21A":{"t":"C185"},"21B":{"t":"RV6"},"21C":{"t":"PA44"},"21E":{"t":"T210"},"21F":{"t":"C72R"},"220":{"t":"L39"},"221":{"t":"SS2T"},"222":{"t":"C208"},"223":{"t":"R22"},"224":{"t":"P32R"},"225":{"t":"C140"},"226":{"t":"C172"},"227":{"t":"ZZZZ"},"228":{"t":"C82R"},"229":{"t":"EXEC"},"22A":{"t":"PA27"},"22B":{"t":"CT4"},"22C":{"t":"C182"},"22D":{"t":"C140"},"22E":{"t":"L8"},"22F":{"t":"ST75"},"230":{"t":"LNC2"},"231":{"t":"L8"},"23C":{"t":"C182"},"23D":{"t":"C182"},"23E":{"t":"C208"},"23F":{"t":"HUSK"},"240":{"t":"B06"},"241":{"t":"DFLY"},"242":{"t":"GLID"},"243":{"t":"BE76"},"244":{"t":"SR20"},"245":{"t":"SS2T"},"246":{"t":"B06"},"247":{"t":"B06"},"248":{"t":"C72R"},"249":{"t":"AP22"},"24A":{"t":"AS50"},"24B":{"t":"C82R"},"24C":{"t":"GLID"},"24D":{"t":"P28A"},"24E":{"t":"GLID"},"24F":{"t":"BALL"},"250":{"t":"GLID"},"251":{"t":"B06"},"252":{"t":"SR20"},"253":{"t":"BK17"},"254":{"t":"B06"},"255":{"t":"C140"},"260":{"t":"PT22"},"261":{"t":"P28R"},"262":{"t":"PA24"},"263":{"t":"P32R"},"264":{"t":"PA30"},"265":{"t":"FBA2"},"266":{"t":"PA30"},"267":{"t":"LNC4"},"268":{"t":"DH82"},"269":{"t":"R66"},"26A":{"t":"RV8"},"26B":{"t":"BL8"},"26C":{"t":"R44"},"26D":{"t":"B212"},"26E":{"t":"GLAS"},"26F":{"t":"P2"},"270":{"t":"C510"},"271":{"t":"GY80"},"272":{"t":"PA32"},"273":{"t":"BALL"},"275":{"t":"TOUR"},"276":{"t":"BE33"},"277":{"t":"M7"},"278":{"t":"ZZZZ"},"279":{"t":"CJ1"},"284":{"t":"SS2T"},"285":{"t":"SS2T"},"286":{"t":"C206"},"287":{"t":"AT8T"},"288":{"t":"C310"},"289":{"t":"SS2T"},"28A":{"t":"SS2T"},"28B":{"t":"C182"},"28C":{"t":"SS2T"},"28D":{"t":"SS2T"},"28E":{"t":"SS2T"},"28F":{"t":"AS50"},"290":{"t":"SS2T"},"291":{"t":"SS2T"},"292":{"t":"AS50"},"293":{"t":"C510"},"294":{"t":"SS2T"},"295":{"t":"P28A"},"296":{"t":"SS2T"},"297":{"t":"C208"},"298":{"t":"SS2T"},"299":{"t":"SS2T"},"29A":{"t":"ZZZZ"},"29B":{"t":"SS2T"},"29C":{"t":"AT8T"},"29D":{"t":"SS2T"},"2A8":{"t":"GLID"},"2A9":{"t":"GLID"},"2AA":{"t":"C208"},"2AB":{"t":"P210"},"2AC":{"t":"P210"},"2AD":{"t":"GLID"},"2AE":{"t":"PA46"},"2AF":{"t":"GLID"},"2B0":{"t":"DA42"},"2B1":{"t":"GLID"},"2B2":{"t":"C208"},"2B3":{"t":"BE20"},"2B4":{"t":"FOX"},"2B5":{"t":"GLID"},"2B6":{"t":"BALL"},"2B7":{"t":"C402"},"2B8":{"t":"GLID"},"2B9":{"t":"PA38"},"2BA":{"t":"C208"},"2BB":{"t":"TB20"},"2BC":{"t":"R44"},"2BD":{"t":"GLID"},"2BE":{"t":"M5"},"2BF":{"t":"SW3"},"2C0":{"t":"GLID"},"2C1":{"t":"GLID"},"2CC":{"t":"F100"},"2CD":{"t":"DIMO"},"2CE":{"t":"F100"},"2CF":{"t":"ZZZZ"},"2D0":{"t":"C172"},"2D1":{"t":"F100"},"2D2":{"t":"F100"},"2D3":{"t":"B47G"},"2D4":{"t":"F100"},"2D5":{"t":"F100"},"2D6":{"t":"F100"},"2D7":{"t":"A660"},"2D8":{"t":"F100"},"2D9":{"t":"F100"},"2DA":{"t":"F100"},"2DB":{"t":"F100"},"2DC":{"t":"F100"},"2DD":{"t":"B47J"},"2DE":{"t":"R44"},"2DF":{"t":"B06"},"2E0":{"t":"C182"},"2E1":{"t":"F100"},"2E2":{"t":"B737"},"2E3":{"t":"AT5T"},"2E4":{"t":"F100"},"2E5":{"t":"F100"},"2F0":{"t":"GLID"},"2F1":{"t":"P28A"},"2F2":{"t":"EC30"},"2F3":{"t":"AT8T"},"2F4":{"t":"NPOR"},"2F5":{"t":"SR22"},"2F6":{"t":"DH82"},"2F7":{"t":"BALL"},"2F8":{"t":"GLID"},"2F9":{"t":"C172"},"2FA":{"t":"R44"},"2FB":{"t":"RODS"},"2FC":{"t":"B06"},"2FD":{"t":"AT8T"},"2FE":{"t":"M18"},"2FF":{"t":"AT8T"},"300":{"t":"P32R"},"301":{"t":"P28T"},"302":{"t":"R44"},"303":{"t":"GLID"},"304":{"t":"C172"},"305":{"t":"C207"},"306":{"t":"C172"},"307":{"t":"R44"},"308":{"t":"AT6T"},"309":{"t":"AT6T"},"314":{"t":"R22"},"315":{"t":"PTS1"},"316":{"t":"E55P"},"317":{"t":"P32R"},"318":{"t":"RJ1H"},"319":{"t":"B463"},"31A":{"t":"B462"},"31B":{"t":"R44"},"31C":{"t":"B463"},"31D":{"t":"PTS1"},"31E":{"t":"P28U"},"31F":{"t":"C172"},"320":{"t":"B463"},"321":{"t":"CAD2"},"322":{"t":"M20T"},"323":{"t":"RJ1H"},"324":{"t":"RJ1H"},"325":{"t":"E50P"},"326":{"t":"P32R"},"327":{"t":"AC6L"},"328":{"t":"RJ85"},"329":{"t":"B737"},"32A":{"t":"SR22"},"32B":{"t":"GLAS"},"32C":{"t":"RJ1H"},"32D":{"t":"B463"},"338":{"t":"P32R"},"339":{"t":"PA18"},"33A":{"t":"GLID"},"33B":{"t":"C172"},"33C":{"t":"B47G"},"33D":{"t":"CB1"},"33E":{"t":"RV6"},"33F":{"t":"B06"},"340":{"t":"P68"},"341":{"t":"C152"},"342":{"t":"R44"},"343":{"t":"C152"},"344":{"t":"SASP"},"345":{"t":"GLSP"},"346":{"t":"BALL"},"347":{"t":"BE76"},"348":{"t":"F70"},"349":{"t":"R22"},"34A":{"t":"BALL"},"34B":{"t":"KTOO"},"34C":{"t":"F70"},"34D":{"t":"R22"},"34E":{"t":"P46T"},"34F":{"t":"C182"},"350":{"t":"SR22"},"351":{"t":"C172"},"35C":{"t":"PA22"},"35D":{"t":"C210"},"35E":{"t":"P28A"},"35F":{"t":"L39"},"360":{"t":"PA27"},"361":{"t":"GA8"},"362":{"t":"C206"},"363":{"t":"R22"},"364":{"t":"C172"},"365":{"t":"AT3T"},"366":{"t":"CH7B"},"367":{"t":"R22"},"368":{"t":"PA22"},"369":{"t":"C182"},"36A":{"t":"PA44"},"36B":{"t":"JS3J"},"36C":{"t":"C172"},"36D":{"t":"L5"},"36E":{"t":"C172"},"36F":{"t":"A139"},"370":{"t":"A139"},"371":{"t":"C210"},"372":{"t":"C172"},"373":{"t":"PA31"},"374":{"t":"C172"},"375":{"t":"C210"},"380":{"t":"PAY3"},"381":{"t":"R22"},"382":{"t":"BE55"},"383":{"t":"DH82"},"384":{"t":"BE20"},"385":{"t":"C152"},"386":{"t":"RV7"},"387":{"t":"M18"},"388":{"t":"R22"},"389":{"t":"C180"},"38A":{"t":"PA31"},"38B":{"t":"C182"},"38C":{"t":"C180"},"38D":{"t":"C172"},"38E":{"t":"U16"},"38F":{"t":"PA31"},"390":{"t":"C402"},"391":{"t":"C182"},"392":{"t":"EAGX"},"393":{"t":"RV9"},"394":{"t":"C172"},"395":{"t":"C208"},"396":{"t":"BE20"},"397":{"t":"CT4"},"398":{"t":"CT4"},"399":{"t":"ZZZZ"},"3A4":{"t":"VENT"},"3A5":{"t":"CJ6"},"3A6":{"t":"CJ6"},"3A7":{"t":"CJ6"},"3A8":{"t":"C25B"},"3A9":{"t":"CJ6"},"3AA":{"t":"CJ6"},"3AB":{"t":"CJ6"},"3AC":{"t":"CJ6"},"3AD":{"t":"CJ6"},"3AE":{"t":"S108"},"3AF":{"t":"CJ6"},"3B0":{"t":"CJ6"},"3B1":{"t":"B212"},"3B2":{"t":"CJ6"},"3B3":{"t":"CJ6"},"3B4":{"t":"C188"},"3B5":{"t":"M20P"},"3B6":{"t":"C206"},"3B7":{"t":"P32R"},"3B8":{"t":"CJ6"},"3B9":{"t":"CJ6"},"3BA":{"t":"C120"},"3BB":{"t":"R22"},"3BC":{"t":"CJ6"},"3BD":{"t":"CJ6"},"3C8":{"t":"R44"},"3C9":{"t":"GLAS"},"3CA":{"t":"B06"},"3CB":{"t":"P32R"},"3CC":{"t":"C172"},"3CD":{"t":"RV6"},"3CE":{"t":"RV6"},"3CF":{"t":"RV7"},"3D0":{"t":"R44"},"3D1":{"t":"RV4"},"3D2":{"t":"C210"},"3D3":{"t":"R44"},"3D4":{"t":"R22"},"3D5":{"t":"CA25"},"3D6":{"t":"DA40"},"3D7":{"t":"SR20"},"3D8":{"t":"GA8"},"3D9":{"t":"P28A"},"3DA":{"t":"S52"},"3DB":{"t":"R22"},"3DC":{"t":"C501"},"3DD":{"t":"DH82"},"3DE":{"t":"AT3P"},"3DF":{"t":"RV7"},"3E0":{"t":"L5"},"3E1":{"t":"SR22"},"3EC":{"t":"PA31"},"3ED":{"t":"PA31"},"3EE":{"t":"H500"},"3EF":{"t":"AS50"},"3F0":{"t":"C182"},"3F1":{"t":"C172"},"3F2":{"t":"PA34"},"3F3":{"t":"H500"},"3F4":{"t":"B06"},"3F5":{"t":"PTS1"},"3F6":{"t":"R22"},"3F7":{"t":"C210"},"3F8":{"t":"R44"},"3F9":{"t":"C172"},"3FA":{"t":"SS2T"},"3FB":{"t":"LJ60"},"3FC":{"t":"R44"},"3FD":{"t":"PTS2"},"3FE":{"t":"C172"},"3FF":{"t":"BE58"},"400":{"t":"F100"},"401":{"t":"B412"},"402":{"t":"C185"},"403":{"t":"AS50"},"404":{"t":"B06"},"405":{"t":"C208"},"410":{"t":"BALL"},"411":{"t":"PC12"},"412":{"t":"C208"},"413":{"t":"C208"},"414":{"t":"F100"},"415":{"t":"BE20"},"416":{"t":"S92"},"417":{"t":"PC12"},"418":{"t":"B737"},"419":{"t":"RV3"},"41A":{"t":"AS21"},"41B":{"t":"PA24"},"41C":{"t":"AS21"},"41D":{"t":"AS21"},"41E":{"t":"T6"},"41F":{"t":"C210"},"420":{"t":"C182"},"421":{"t":"PTS1"},"422":{"t":"AS21"},"423":{"t":"BE20"},"424":{"t":"AS21"},"425":{"t":"AS21"},"426":{"t":"CORS"},"427":{"t":"BL8"},"428":{"t":"B737"},"429":{"t":"F100"},"434":{"t":"P28A"},"435":{"t":"P28A"},"436":{"t":"C172"},"437":{"t":"P28A"},"438":{"t":"C337"},"439":{"t":"P28A"},"43A":{"t":"R22"},"43B":{"t":"P28A"},"43C":{"t":"P28A"},"43D":{"t":"BE58"},"43E":{"t":"EXEC"},"43F":{"t":"P28A"},"440":{"t":"P28A"},"441":{"t":"P28A"},"442":{"t":"T6"},"443":{"t":"P28A"},"444":{"t":"BL8"},"445":{"t":"RV6"},"446":{"t":"RV9"},"447":{"t":"RV7"},"448":{"t":"GLSP"},"449":{"t":"RV4"},"44A":{"t":"AS50"},"44B":{"t":"SF34"},"44C":{"t":"BALL"},"44D":{"t":"P28A"},"458":{"t":"C441"},"459":{"t":"R44"},"45A":{"t":"B412"},"45B":{"t":"R22"},"45C":{"t":"AS29"},"45D":{"t":"SLG4"},"45E":{"t":"CJ1"},"45F":{"t":"R22"},"460":{"t":"EC30"},"461":{"t":"CA25"},"462":{"t":"BE58"},"463":{"t":"C182"},"464":{"t":"BE58"},"465":{"t":"BE20"},"466":{"t":"GLID"},"467":{"t":"RV7"},"468":{"t":"E55P"},"469":{"t":"LA4"},"46A":{"t":"BE58"},"46B":{"t":"R22"},"46C":{"t":"CH7"},"46D":{"t":"B06"},"46E":{"t":"C421"},"46F":{"t":"R44"},"470":{"t":"B212"},"471":{"t":"GLID"},"47C":{"t":"BALL"},"47D":{"t":"BALL"},"47E":{"t":"C208"},"47F":{"t":"C150"},"480":{"t":"BE20"},"481":{"t":"BALL"},"482":{"t":"BE20"},"483":{"t":"R44"},"484":{"t":"BALL"},"485":{"t":"CA25"},"486":{"t":"C206"},"487":{"t":"JS32"},"488":{"t":"SASP"},"489":{"t":"CA25"},"48A":{"t":"EXEC"},"48B":{"t":"P28A"},"48C":{"t":"C208"},"48D":{"t":"SS2T"},"48E":{"t":"BE20"},"48F":{"t":"AS21"},"490":{"t":"SRAI"},"491":{"t":"ZZZZ"},"492":{"t":"C182"},"493":{"t":"BE9L"},"494":{"t":"BALL"},"495":{"t":"AT8T"},"4A0":{"t":"A139"},"4A1":{"t":"A139"},"4A2":{"t":"C182"},"4A3":{"t":"BALL"},"4A4":{"t":"BALL"},"4A5":{"t":"B06"},"4A6":{"t":"R22"},"4A7":{"t":"T51"},"4A8":{"t":"RV7"},"4A9":{"t":"AT5T"},"4AA":{"t":"P28B"},"4AB":{"t":"R44"},"4AC":{"t":"GLST"},"4AD":{"t":"R44"},"4AE":{"t":"F70"},"4AF":{"t":"C172"},"4B0":{"t":"C208"},"4B1":{"t":"HRNT"},"4B2":{"t":"P28R"},"4B3":{"t":"PA32"},"4B4":{"t":"F70"},"4B5":{"t":"AT5T"},"4B6":{"t":"BALL"},"4B7":{"t":"C208"},"4B8":{"t":"F70"},"4B9":{"t":"F70"},"4C4":{"t":"F8L"},"4C5":{"t":"C182"},"4C6":{"t":"C206"},"4C7":{"t":"C172"},"4C8":{"t":"A139"},"4C9":{"t":"EC35"},"4CA":{"t":"EC35"},"4CB":{"t":"B105"},"4CC":{"t":"B105"},"4CD":{"t":"T210"},"4CE":{"t":"B105"},"4CF":{"t":"RV10"},"4D0":{"t":"R44"},"4D1":{"t":"B212"},"4D2":{"t":"P06T"},"4D3":{"t":"C172"},"4D4":{"t":"ZZZZ"},"4D5":{"t":"UH1"},"4D6":{"t":"B412"},"4D7":{"t":"DH82"},"4D8":{"t":"S92"},"4D9":{"t":"UH1"},"4DA":{"t":"B737"},"4DB":{"t":"S2P"},"4DC":{"t":"ACAR"},"4DD":{"t":"RV9"},"4E8":{"t":"BALL"},"4E9":{"t":"C195"},"4EA":{"t":"RV7"},"4EB":{"t":"RV10"},"4EC":{"t":"S22T"},"4ED":{"t":"M20P"},"4EE":{"t":"SR22"},"4EF":{"t":"PA24"},"4F0":{"t":"PC12"},"4F1":{"t":"C208"},"4F2":{"t":"S108"},"4F3":{"t":"C72R"},"4F4":{"t":"DH82"},"4F5":{"t":"PA31"},"4F6":{"t":"PC24"},"4F7":{"t":"ZZZZ"},"4F8":{"t":"C172"},"4F9":{"t":"BE36"},"4FA":{"t":"B06"},"4FB":{"t":"C208"},"4FC":{"t":"AT8T"},"4FD":{"t":"S92"},"4FE":{"t":"C172"},"4FF":{"t":"P28U"},"500":{"t":"P28S"},"501":{"t":"C172"},"50C":{"t":"C310"},"50D":{"t":"B06"},"50E":{"t":"B06"},"50F":{"t":"B712"},"510":{"t":"B712"},"511":{"t":"DHC2"},"512":{"t":"B712"},"513":{"t":"B712"},"514":{"t":"B712"},"515":{"t":"B712"},"516":{"t":"B712"},"517":{"t":"B712"},"518":{"t":"B712"},"519":{"t":"B712"},"51A":{"t":"B712"},"51B":{"t":"PA22"},"51C":{"t":"B712"},"51D":{"t":"B712"},"51E":{"t":"C310"},"51F":{"t":"P32R"},"520":{"t":"C208"},"521":{"t":"B06"},"522":{"t":"B06"},"523":{"t":"EC30"},"524":{"t":"R200"},"525":{"t":"B06"},"530":{"t":"B190"},"531":{"t":"PA18"},"532":{"t":"AS50"},"533":{"t":"R44"},"534":{"t":"RV6"},"535":{"t":"RV7"},"536":{"t":"PA46"},"537":{"t":"R44"},"538":{"t":"EC75"},"539":{"t":"EC75"},"53A":{"t":"C172"},"53B":{"t":"BE36"},"53C":{"t":"UHEL"},"53D":{"t":"C188"},"53E":{"t":"C188"},"53F":{"t":"PA46"},"541":{"t":"C150"},"542":{"t":"VTUR"},"543":{"t":"P28S"},"544":{"t":"R22"},"545":{"t":"C172"},"546":{"t":"S92"},"547":{"t":"AS50"},"548":{"t":"R44"},"549":{"t":"AS50"},"554":{"t":"AT5T"},"555":{"t":"SS2T"},"556":{"t":"C180"},"557":{"t":"C172"},"558":{"t":"GLID"},"559":{"t":"C182"},"55A":{"t":"ZZZZ"},"55B":{"t":"T6"},"55C":{"t":"H269"},"55D":{"t":"C172"},"55E":{"t":"JAB4"},"55F":{"t":"Z42"},"560":{"t":"R22"},"561":{"t":"GLAS"},"562":{"t":"R22"},"563":{"t":"CT4"},"564":{"t":"A109"},"565":{"t":"SR22"},"566":{"t":"SIRA"},"567":{"t":"R200"},"568":{"t":"A109"},"569":{"t":"C172"},"56A":{"t":"A109"},"56B":{"t":"T6"},"56C":{"t":"H500"},"56D":{"t":"RV8"},"6E0":{"t":"F900"},"6E1":{"t":"C182"},"6E2":{"t":"H269"},"6E3":{"t":"C402"},"6E4":{"t":"B06"},"6E5":{"t":"BALL"},"6E6":{"t":"C182"},"6E7":{"t":"B47G"},"6E8":{"t":"C208"},"6E9":{"t":"RV6"},"6EA":{"t":"C210"},"6EB":{"t":"S22T"},"6EC":{"t":"R22"},"6ED":{"t":"PA31"},"6EE":{"t":"GLST"},"6EF":{"t":"P68"},"6F1":{"t":"P28R"},"6F2":{"t":"B06"},"6F3":{"t":"C210"},"6F4":{"t":"R22"},"6F5":{"t":"P68"},"6F6":{"t":"AC56"},"6F7":{"t":"R44"},"6F8":{"t":"C210"},"6F9":{"t":"P32R"},"704":{"t":"R44"},"705":{"t":"PTS1"},"706":{"t":"GLAS"},"707":{"t":"C206"},"708":{"t":"C441"},"709":{"t":"C182"},"70A":{"t":"R44"},"70B":{"t":"GLID"},"70C":{"t":"DOVE"},"70D":{"t":"R44"},"70E":{"t":"H269"},"70F":{"t":"R44"},"710":{"t":"C170"},"711":{"t":"R66"},"712":{"t":"AP22"},"713":{"t":"ZZZZ"},"714":{"t":"PA31"},"715":{"t":"SR22"},"716":{"t":"DIMO"},"717":{"t":"SR22"},"718":{"t":"B429"},"719":{"t":"COZY"},"71A":{"t":"C182"},"71C":{"t":"RV10"},"71D":{"t":"RV10"},"728":{"t":"B06"},"729":{"t":"RV6"},"72A":{"t":"BE58"},"72B":{"t":"UH1"},"72C":{"t":"RV7"},"72D":{"t":"PA31"},"72E":{"t":"C182"},"72F":{"t":"RV7"},"731":{"t":"R22"},"732":{"t":"GLAS"},"733":{"t":"R44"},"734":{"t":"R22"},"735":{"t":"C172"},"736":{"t":"EXEC"},"737":{"t":"C172"},"738":{"t":"AT3T"},"739":{"t":"RV6"},"73A":{"t":"AS50"},"73B":{"t":"SR20"},"73C":{"t":"G164"},"73D":{"t":"SR20"},"73E":{"t":"C182"},"73F":{"t":"EN28"},"740":{"t":"AC11"},"741":{"t":"R44"},"74C":{"t":"BE76"},"74D":{"t":"AT3P"},"74E":{"t":"EUPA"},"74F":{"t":"C172"},"750":{"t":"PA31"},"751":{"t":"C72R"},"752":{"t":"AT5T"},"753":{"t":"AT8T"},"754":{"t":"BALL"},"755":{"t":"PA31"},"756":{"t":"AT3P"},"757":{"t":"C206"},"758":{"t":"COL4"},"759":{"t":"AT5T"},"75A":{"t":"AT6T"},"75B":{"t":"AT8T"},"75C":{"t":"AT8T"},"75D":{"t":"AT5T"},"75E":{"t":"AT3P"},"75F":{"t":"AT5T"},"760":{"t":"C208"},"761":{"t":"AT8T"},"762":{"t":"AT8T"},"763":{"t":"AT8T"},"764":{"t":"BALL"},"765":{"t":"AT8T"},"771":{"t":"B744"},"774":{"t":"B744"},"775":{"t":"B744"},"776":{"t":"B744"},"777":{"t":"B744"},"778":{"t":"B744"},"779":{"t":"SR22"},"77A":{"t":"BE55"},"77B":{"t":"P32R"},"77C":{"t":"RV9"},"77D":{"t":"C206"},"789":{"t":"C208"},"794":{"t":"CL60"},"795":{"t":"CL60"},"796":{"t":"CL60"},"797":{"t":"C206"},"798":{"t":"A21N"},"799":{"t":"AS55"},"79A":{"t":"BALL"},"79B":{"t":"ZZZZ"},"79C":{"t":"GA8"},"79D":{"t":"H25B"},"79E":{"t":"P208"},"79F":{"t":"A21N"},"7A0":{"t":"TFUN"},"7A1":{"t":"AC11"},"7A2":{"t":"C140"},"7A3":{"t":"A21N"},"7A4":{"t":"A21N"},"7A5":{"t":"JAB4"},"7A6":{"t":"A21N"},"7A7":{"t":"C150"},"7A8":{"t":"A21N"},"7A9":{"t":"A21N"},"7AA":{"t":"A21N"},"7AB":{"t":"GLEX"},"7AD":{"t":"ZZZZ"},"7BC":{"t":"B763"},"7BD":{"t":"B763"},"7BE":{"t":"B763"},"7BF":{"t":"B763"},"7C0":{"t":"B763"},"7C1":{"t":"B763"},"7C2":{"t":"B763"},"7C3":{"t":"B763"},"7C4":{"t":"B763"},"7C5":{"t":"B763"},"7C6":{"t":"B763"},"7C7":{"t":"B763"},"7C8":{"t":"B763"},"7C9":{"t":"B763"},"7CA":{"t":"B763"},"7CB":{"t":"B763"},"7CC":{"t":"B763"},"7CD":{"t":"B763"},"7CE":{"t":"PA31"},"7CF":{"t":"SW4"},"7D0":{"t":"AP32"},"7D1":{"t":"GLST"},"7DC":{"t":"BALL"},"7DD":{"t":"RV7"},"7DE":{"t":"RV9"},"7DF":{"t":"DHC2"},"7E0":{"t":"C560"},"7E1":{"t":"P208"},"7E2":{"t":"GLST"},"7E3":{"t":"SR22"},"7E4":{"t":"C152"},"7E5":{"t":"JAB4"},"7E6":{"t":"P32R"},"7E7":{"t":"RV7"},"7E8":{"t":"P32R"},"7E9":{"t":"C560"},"7EA":{"t":"P28A"},"7EB":{"t":"R22"},"7ED":{"t":"P28A"},"7EE":{"t":"RV7"},"7EF":{"t":"HRNT"},"7F0":{"t":"DHC2"},"7F1":{"t":"RV7"},"7F2":{"t":"ULAC"},"7F3":{"t":"PA11"},"7F4":{"t":"RV7"},"7F5":{"t":"C172"},"800":{"t":"O1"},"801":{"t":"PA24"},"802":{"t":"R22"},"803":{"t":"M20P"},"804":{"t":"C172"},"805":{"t":"BALL"},"806":{"t":"O1"},"807":{"t":"PA31"},"808":{"t":"C337"},"809":{"t":"B06"},"80A":{"t":"C172"},"80B":{"t":"C182"},"80C":{"t":"T18"},"80D":{"t":"F2TH"},"80E":{"t":"LNC2"},"80F":{"t":"SR22"},"810":{"t":"C337"},"811":{"t":"P06T"},"812":{"t":"SWAK"},"813":{"t":"A210"},"814":{"t":"A210"},"815":{"t":"UHEL"},"816":{"t":"GAZL"},"817":{"t":"GAZL"},"818":{"t":"BALL"},"819":{"t":"GAZL"},"824":{"t":"B744"},"825":{"t":"B744"},"826":{"t":"B744"},"827":{"t":"B744"},"828":{"t":"B744"},"829":{"t":"B744"},"82A":{"t":"B744"},"82B":{"t":"PA18"},"82C":{"t":"B744"},"82D":{"t":"B744"},"82E":{"t":"B744"},"82F":{"t":"SR22"},"830":{"t":"B744"},"831":{"t":"B744"},"832":{"t":"B744"},"833":{"t":"B744"},"834":{"t":"B744"},"835":{"t":"B744"},"836":{"t":"B744"},"837":{"t":"B744"},"838":{"t":"B744"},"848":{"t":"BALL"},"849":{"t":"BE58"},"84A":{"t":"M20P"},"84B":{"t":"P32R"},"84D":{"t":"R44"},"84E":{"t":"TOBA"},"84F":{"t":"PISI"},"850":{"t":"BE58"},"851":{"t":"C210"},"852":{"t":"RV6"},"853":{"t":"BE33"},"854":{"t":"R22"},"855":{"t":"GLID"},"856":{"t":"B06"},"857":{"t":"L200"},"858":{"t":"R44"},"859":{"t":"GLID"},"85A":{"t":"B06"},"85B":{"t":"GLID"},"85C":{"t":"C172"},"85D":{"t":"BOLT"},"85E":{"t":"SS2T"},"85F":{"t":"BALL"},"860":{"t":"P28A"},"861":{"t":"GLID"},"86C":{"t":"R44"},"86D":{"t":"BALL"},"86E":{"t":"C82R"},"86F":{"t":"PA22"},"870":{"t":"RV6"},"871":{"t":"F8L"},"872":{"t":"R44"},"873":{"t":"C411"},"874":{"t":"C185"},"875":{"t":"LJ60"},"876":{"t":"RV10"},"877":{"t":"SF34"},"878":{"t":"SF34"},"879":{"t":"T210"},"87A":{"t":"C152"},"87B":{"t":"BALL"},"87D":{"t":"R44"},"87E":{"t":"SR22"},"87F":{"t":"JAB4"},"881":{"t":"P68"},"882":{"t":"C150"},"883":{"t":"PISI"},"884":{"t":"C72R"},"885":{"t":"J1"},"890":{"t":"RV6"},"891":{"t":"RV7"},"892":{"t":"RV6"},"893":{"t":"BE55"},"894":{"t":"BALL"},"895":{"t":"C152"},"896":{"t":"SR22"},"897":{"t":"RV6"},"898":{"t":"C82S"},"899":{"t":"C208"},"89A":{"t":"R22"},"89B":{"t":"GLAS"},"89C":{"t":"PA31"},"89D":{"t":"PA31"},"89E":{"t":"RV6"},"89F":{"t":"GA8"},"8A0":{"t":"P28A"},"8A1":{"t":"B06"},"8A2":{"t":"ZZZZ"},"8A3":{"t":"RV6"},"8A4":{"t":"C172"},"8A5":{"t":"C82R"},"8A6":{"t":"QIC2"},"8A7":{"t":"CP30"},"8A8":{"t":"BOLT"},"8A9":{"t":"ACAM"},"8B4":{"t":"C190"},"8B5":{"t":"BALL"},"8B6":{"t":"PA31"},"8B7":{"t":"RODS"},"8B8":{"t":"S12"},"8B9":{"t":"C195"},"8BA":{"t":"R44"},"8BB":{"t":"C182"},"8BC":{"t":"B06"},"8BD":{"t":"C150"},"8BE":{"t":"C172"},"8BF":{"t":"M20P"},"8C0":{"t":"B06"},"8C1":{"t":"PZ04"},"8C2":{"t":"R44"},"8C3":{"t":"JPRO"},"8C4":{"t":"QIC2"},"8C5":{"t":"B06"},"8C6":{"t":"AS50"},"8C7":{"t":"B06"},"8C8":{"t":"B733"},"8C9":{"t":"C195"},"8CA":{"t":"C172"},"8CB":{"t":"AT3T"},"8CC":{"t":"WACF"},"8CD":{"t":"UH1"},"8D8":{"t":"GLAS"},"8D9":{"t":"FBA2"},"8DA":{"t":"C182"},"8DB":{"t":"BE36"},"8DC":{"t":"R44"},"8DD":{"t":"RV6"},"8DE":{"t":"RV6"},"8DF":{"t":"RV4"},"8E0":{"t":"BALL"},"8E1":{"t":"C77R"},"8E2":{"t":"RV6"},"8E3":{"t":"LNC2"},"8E4":{"t":"C77R"},"8E5":{"t":"LAKR"},"8E6":{"t":"GLAS"},"8E7":{"t":"BALL"},"8E8":{"t":"R44"},"8E9":{"t":"R44"},"8EA":{"t":"G164"},"8EB":{"t":"C310"},"8EC":{"t":"DEFI"},"8ED":{"t":"BE36"},"8EE":{"t":"M18"},"8EF":{"t":"BOLT"},"8F0":{"t":"JAB4"},"8F1":{"t":"YK18"},"8FC":{"t":"C182"},"8FD":{"t":"RV7"},"8FE":{"t":"PA31"},"8FF":{"t":"R44"},"900":{"t":"BALL"},"901":{"t":"BALL"},"902":{"t":"S22T"},"903":{"t":"C208"},"904":{"t":"OPCA"},"905":{"t":"CA25"},"906":{"t":"EXNG"},"907":{"t":"GLAS"},"908":{"t":"CH75"},"90A":{"t":"R44"},"90B":{"t":"BALL"},"90C":{"t":"R44"},"90D":{"t":"LNP4"},"90E":{"t":"SS2T"},"90F":{"t":"B06"},"910":{"t":"SR22"},"911":{"t":"SB7"},"912":{"t":"GLID"},"913":{"t":"BALL"},"914":{"t":"J3"},"915":{"t":"R44"},"920":{"t":"A388"},"921":{"t":"A388"},"922":{"t":"A388"},"923":{"t":"A388"},"924":{"t":"A388"},"925":{"t":"A388"},"926":{"t":"A388"},"927":{"t":"A388"},"928":{"t":"A388"},"929":{"t":"A388"},"92A":{"t":"A388"},"92B":{"t":"A388"},"944":{"t":"LNC4"},"945":{"t":"RV7"},"946":{"t":"B47G"},"947":{"t":"C82R"},"948":{"t":"RV6"},"949":{"t":"RV7"},"94A":{"t":"RV6"},"94B":{"t":"R44"},"94C":{"t":"P3"},"94D":{"t":"BALL"},"94E":{"t":"BE36"},"94F":{"t":"PA25"},"950":{"t":"B47G"},"951":{"t":"RV10"},"952":{"t":"RV4"},"953":{"t":"C172"},"954":{"t":"R22"},"955":{"t":"C210"},"956":{"t":"R44"},"957":{"t":"AEST"},"958":{"t":"P46T"},"959":{"t":"RV4"},"95A":{"t":"P32R"},"95B":{"t":"SF34"},"95C":{"t":"GLAS"},"95D":{"t":"SASP"},"968":{"t":"EC30"},"969":{"t":"SREY"},"96A":{"t":"R22"},"96B":{"t":"BALL"},"96C":{"t":"BALL"},"96D":{"t":"TF21"},"96E":{"t":"GLAS"},"96F":{"t":"RV10"},"970":{"t":"JAB4"},"972":{"t":"RV10"},"973":{"t":"B06"},"974":{"t":"JAB4"},"975":{"t":"RV7"},"976":{"t":"B06"},"977":{"t":"SASY"},"978":{"t":"B06"},"979":{"t":"DHC1"},"97A":{"t":"B06"},"97B":{"t":"DFLY"},"97C":{"t":"B222"},"97D":{"t":"BE58"},"97E":{"t":"GLAS"},"97F":{"t":"B06"},"980":{"t":"PA24"},"981":{"t":"C170"},"98C":{"t":"R66"},"98D":{"t":"C210"},"98E":{"t":"P28R"},"98F":{"t":"JS32"},"990":{"t":"JS32"},"991":{"t":"ZZZZ"},"992":{"t":"RV8"},"993":{"t":"R44"},"994":{"t":"R44"},"995":{"t":"R22"},"996":{"t":"H25B"},"997":{"t":"A660"},"998":{"t":"T18"},"999":{"t":"GLID"},"99A":{"t":"C337"},"99B":{"t":"GLID"},"99C":{"t":"JS32"},"99D":{"t":"BALL"},"99E":{"t":"BALL"},"99F":{"t":"BALL"},"9A0":{"t":"C337"},"9A1":{"t":"R44"},"9A2":{"t":"RV7"},"9A3":{"t":"AEST"},"9A4":{"t":"RV7"},"9A5":{"t":"BALL"},"9B0":{"t":"C72R"},"9B1":{"t":"AT8T"},"9B2":{"t":"AT8T"},"9B3":{"t":"BE36"},"9B4":{"t":"AT8T"},"9B5":{"t":"AT8T"},"9B6":{"t":"AT8T"},"9B8":{"t":"C150"},"9B9":{"t":"AT8T"},"9BB":{"t":"C182"},"9BC":{"t":"AT8T"},"9BD":{"t":"AT8T"},"9BE":{"t":"R44"},"9BF":{"t":"BALL"},"9C1":{"t":"A109"},"9C2":{"t":"C208"},"9C3":{"t":"B47G"},"9C4":{"t":"AP22"},"9C5":{"t":"SR22"},"9C8":{"t":"A660"},"9C9":{"t":"PA24"},"9D4":{"t":"M20P"},"9D5":{"t":"LJ35"},"9D6":{"t":"SW3"},"9D7":{"t":"RV9"},"9D8":{"t":"BALL"},"9D9":{"t":"C210"},"9DA":{"t":"G150"},"9DB":{"t":"M20P"},"9DC":{"t":"ULAC"},"9DD":{"t":"CH7B"},"9DE":{"t":"BK17"},"9DF":{"t":"DH82"},"9E0":{"t":"DC3"},"9E1":{"t":"M20P"},"9E2":{"t":"T6"},"9E3":{"t":"BE58"},"9E4":{"t":"BALL"},"9E5":{"t":"G200"},"9E6":{"t":"BE40"},"9E7":{"t":"SONX"},"9E8":{"t":"C402"},"9E9":{"t":"TOUR"},"9EB":{"t":"LJ31"},"9EC":{"t":"C340"},"9ED":{"t":"R22"},"9F8":{"t":"PC12"},"9F9":{"t":"PC12"},"9FA":{"t":"C337"},"9FB":{"t":"PC12"},"9FC":{"t":"BALL"},"9FD":{"t":"PA32"},"9FE":{"t":"PC12"},"9FF":{"t":"R44"},"A00":{"t":"PC12"},"A01":{"t":"PC12"},"A02":{"t":"C172"},"A03":{"t":"GLID"},"A04":{"t":"R44"},"A05":{"t":"BE20"},"A06":{"t":"P28A"},"A07":{"t":"PC12"},"A08":{"t":"PC12"},"A09":{"t":"PC12"},"A0A":{"t":"PC12"},"A0B":{"t":"RV6"},"A0C":{"t":"PC12"},"A0D":{"t":"PC12"},"A0E":{"t":"P06T"},"A0F":{"t":"PC12"},"A10":{"t":"PC12"},"A11":{"t":"PC12"},"A1C":{"t":"BALL"},"A1D":{"t":"R66"},"A1E":{"t":"AS29"},"A1F":{"t":"RODS"},"A20":{"t":"UH1"},"A21":{"t":"B350"},"A22":{"t":"PA44"},"A23":{"t":"BALL"},"A24":{"t":"UH1"},"A25":{"t":"PA44"},"A26":{"t":"PA44"},"A27":{"t":"C182"},"A28":{"t":"PA44"},"A29":{"t":"ONEX"},"A2A":{"t":"R44"},"A2B":{"t":"PA44"},"A2D":{"t":"PA34"},"A2E":{"t":"R44"},"A2F":{"t":"RV7"},"A30":{"t":"UH1"},"A31":{"t":"PA44"},"A32":{"t":"PA44"},"A33":{"t":"PTS2"},"A34":{"t":"C441"},"A35":{"t":"BALL"},"A40":{"t":"SLG4"},"A41":{"t":"SW4"},"A42":{"t":"A21N"},"A43":{"t":"A21N"},"A44":{"t":"TS1J"},"A45":{"t":"A21N"},"A46":{"t":"SW4"},"A47":{"t":"R22"},"A48":{"t":"M20P"},"A49":{"t":"C180"},"A4B":{"t":"PA24"},"A4C":{"t":"PA31"},"A4D":{"t":"SW4"},"A4E":{"t":"RV7"},"A52":{"t":"C182"},"A53":{"t":"BE20"},"A54":{"t":"B190"},"A55":{"t":"B190"},"A56":{"t":"B190"},"A57":{"t":"B190"},"A58":{"t":"R22"},"A59":{"t":"AP32"},"A64":{"t":"C185"},"A65":{"t":"BALL"},"A66":{"t":"B06"},"A67":{"t":"BE36"},"A68":{"t":"C206"},"A69":{"t":"E110"},"A6A":{"t":"PA31"},"A6B":{"t":"C208"},"A6C":{"t":"R22"},"A6D":{"t":"R44"},"A6E":{"t":"BALL"},"A6F":{"t":"BALL"},"A70":{"t":"SLG4"},"A71":{"t":"R44"},"A72":{"t":"C404"},"A73":{"t":"C206"},"A74":{"t":"C208"},"A75":{"t":"BALL"},"A76":{"t":"BALL"},"A77":{"t":"TFUN"},"A78":{"t":"R22"},"A79":{"t":"SW4"},"A7A":{"t":"R22"},"A7B":{"t":"C185"},"A7C":{"t":"C172"},"A7D":{"t":"QIC2"},"BF0":{"t":"PA38"},"BF2":{"t":"C510"},"BF3":{"t":"BALL"},"BF4":{"t":"YK52"},"BF5":{"t":"C182"},"BF6":{"t":"B738"},"BF7":{"t":"BE55"},"BF8":{"t":"SM19"},"BF9":{"t":"RV6"},"BFA":{"t":"P28A"},"BFB":{"t":"TB20"},"BFC":{"t":"P28B"},"BFE":{"t":"PA24"},"BFF":{"t":"RV6"},"C00":{"t":"BALL"},"C01":{"t":"P28R"},"C02":{"t":"SR22"},"C03":{"t":"C172"},"C04":{"t":"C188"},"C05":{"t":"JABI"},"C06":{"t":"C205"},"C07":{"t":"BALL"},"C08":{"t":"PA27"},"C09":{"t":"SREY"},"C14":{"t":"P28R"},"C15":{"t":"P28R"},"C16":{"t":"P28A"},"C17":{"t":"P28B"},"C18":{"t":"P28A"},"C19":{"t":"P28A"},"C1A":{"t":"PA32"},"C1B":{"t":"PA30"},"C1C":{"t":"C310"},"C1D":{"t":"P28A"},"C1E":{"t":"B47G"},"C1F":{"t":"PA34"},"C20":{"t":"P28A"},"C21":{"t":"PA38"},"C22":{"t":"PA38"},"C23":{"t":"PA44"},"C24":{"t":"BALL"},"C25":{"t":"P28A"},"C26":{"t":"P28A"},"C27":{"t":"EXEC"},"C28":{"t":"EDGE"},"C29":{"t":"C210"},"C2A":{"t":"R44"},"C2B":{"t":"C172"},"C2C":{"t":"C210"},"C2D":{"t":"CAT"},"C38":{"t":"P28B"},"C39":{"t":"P28B"},"C3A":{"t":"TOUR"},"C3B":{"t":"AT8T"},"C3C":{"t":"TB20"},"C3D":{"t":"DHC2"},"C3E":{"t":"DH82"},"C3F":{"t":"GLAS"},"C40":{"t":"DH82"},"C41":{"t":"PA18"},"C42":{"t":"PA22"},"C43":{"t":"DH82"},"C44":{"t":"PA34"},"C45":{"t":"P28A"},"C46":{"t":"AS50"},"C47":{"t":"PA34"},"C48":{"t":"AS55"},"C49":{"t":"PA22"},"C4A":{"t":"AC11"},"C4B":{"t":"AC11"},"C4C":{"t":"AC11"},"C4D":{"t":"AC90"},"C4E":{"t":"AC11"},"C4F":{"t":"P68"},"C50":{"t":"J1"},"C51":{"t":"M20P"},"C5C":{"t":"P28A"},"C5D":{"t":"BALL"},"C5E":{"t":"SR22"},"C5F":{"t":"PA32"},"C60":{"t":"PC12"},"C61":{"t":"PA32"},"C62":{"t":"C172"},"C63":{"t":"C182"},"C64":{"t":"ALIG"},"C65":{"t":"T210"},"C66":{"t":"G2CA"},"C67":{"t":"PA24"},"C68":{"t":"RV7"},"C69":{"t":"PA31"},"C6A":{"t":"P28A"},"C6B":{"t":"T210"},"C6C":{"t":"RV7"},"C6D":{"t":"FOX"},"C6E":{"t":"BE36"},"C70":{"t":"PTS2"},"C71":{"t":"G2CA"},"C72":{"t":"RV14"},"C73":{"t":"SR20"},"C74":{"t":"P32R"},"C75":{"t":"PA24"},"C80":{"t":"C150"},"C81":{"t":"P28R"},"C82":{"t":"P28U"},"C83":{"t":"ULAC"},"C84":{"t":"TAYB"},"C85":{"t":"P28A"},"C86":{"t":"PA25"},"C87":{"t":"C402"},"C88":{"t":"P28A"},"C89":{"t":"RV7"},"C8A":{"t":"AT8T"},"C8B":{"t":"P28A"},"C8C":{"t":"T6"},"C8D":{"t":"C182"},"C8E":{"t":"VENT"},"C8F":{"t":"PA22"},"C90":{"t":"P28A"},"C91":{"t":"P28A"},"C92":{"t":"P28A"},"C93":{"t":"M20P"},"C94":{"t":"B06"},"C95":{"t":"BL8"},"C96":{"t":"PL2"},"C97":{"t":"LNC2"},"C98":{"t":"P28A"},"C99":{"t":"C310"},"CA4":{"t":"LJ35"},"CA5":{"t":"P28R"},"CA6":{"t":"PA38"},"CA7":{"t":"PA27"},"CA8":{"t":"PA32"},"CA9":{"t":"R66"},"CAA":{"t":"PTS2"},"CAB":{"t":"BE33"},"CAC":{"t":"B190"},"CAD":{"t":"AP22"},"CAE":{"t":"BE9L"},"CAF":{"t":"GLF5"},"CB0":{"t":"T28"},"CB1":{"t":"M20P"},"CB2":{"t":"P40"},"CB3":{"t":"C421"},"CB4":{"t":"PA27"},"CB5":{"t":"SR22"},"CB7":{"t":"BE20"},"CB8":{"t":"C172"},"CB9":{"t":"G150"},"CBA":{"t":"G150"},"CBB":{"t":"ZZZZ"},"CBC":{"t":"ZZZZ"},"CBD":{"t":"C82R"},"CC8":{"t":"TBM7"},"CC9":{"t":"C208"},"CCA":{"t":"C182"},"CCB":{"t":"PA32"},"CCC":{"t":"CRES"},"CCD":{"t":"C206"},"CCE":{"t":"BE36"},"CCF":{"t":"CT4"},"CD0":{"t":"BE36"},"CD1":{"t":"R22"},"CD2":{"t":"PA34"},"CD3":{"t":"C172"},"CD4":{"t":"AC50"},"CD5":{"t":"P68"},"CD6":{"t":"PA31"},"CD7":{"t":"PA32"},"CD9":{"t":"PK20"},"CDA":{"t":"PA24"},"CDB":{"t":"C208"},"CDC":{"t":"EC45"},"CDD":{"t":"B06"},"CDE":{"t":"EC45"},"CDF":{"t":"RV10"},"CE0":{"t":"P28A"},"CE1":{"t":"PTS2"},"CEC":{"t":"R22"},"CED":{"t":"B429"},"CEE":{"t":"EXEC"},"CEF":{"t":"PA27"},"CF0":{"t":"AS50"},"CF1":{"t":"B06"},"CF2":{"t":"ECHO"},"CF3":{"t":"R44"},"CF4":{"t":"R22"},"CF5":{"t":"H269"},"CF6":{"t":"R22"},"CF7":{"t":"B06"},"CF8":{"t":"B429"},"CF9":{"t":"AS55"},"CFA":{"t":"B06"},"CFB":{"t":"B06"},"CFC":{"t":"H269"},"CFD":{"t":"RV7"},"CFE":{"t":"C180"},"CFF":{"t":"R22"},"D00":{"t":"AS50"},"D01":{"t":"C172"},"D02":{"t":"B429"},"D03":{"t":"SR22"},"D04":{"t":"B06"},"D05":{"t":"B412"},"D10":{"t":"C172"},"D11":{"t":"PA22"},"D12":{"t":"PA22"},"D13":{"t":"PC12"},"D14":{"t":"PA44"},"D15":{"t":"R22"},"D16":{"t":"RV7"},"D17":{"t":"AS50"},"D18":{"t":"GLID"},"D19":{"t":"PA25"},"D1A":{"t":"PK20"},"D1B":{"t":"PC24"},"D1C":{"t":"P28A"},"D1D":{"t":"PA22"},"D1E":{"t":"RV4"},"D1F":{"t":"EDGE"},"D20":{"t":"PINO"},"D21":{"t":"C172"},"D22":{"t":"C172"},"D23":{"t":"PA25"},"D24":{"t":"PC12"},"D25":{"t":"RV7"},"D26":{"t":"AS50"},"D27":{"t":"C172"},"D28":{"t":"C25C"},"D29":{"t":"BE36"},"D34":{"t":"C172"},"D35":{"t":"C182"},"D36":{"t":"SR20"},"D37":{"t":"R44"},"D38":{"t":"C180"},"D3A":{"t":"C150"},"D3B":{"t":"CJ6"},"D3C":{"t":"DH82"},"D3D":{"t":"BALL"},"D3E":{"t":"P210"},"D3F":{"t":"B190"},"D40":{"t":"PA24"},"D41":{"t":"MUS2"},"D42":{"t":"AC11"},"D43":{"t":"C501"},"D44":{"t":"B190"},"D45":{"t":"TOUR"},"D46":{"t":"ST75"},"D47":{"t":"C205"},"D48":{"t":"PA31"},"D49":{"t":"C182"},"D4A":{"t":"PA22"},"D4B":{"t":"P28A"},"D4C":{"t":"C550"},"D4D":{"t":"C82R"},"D58":{"t":"C182"},"D59":{"t":"DH82"},"D5A":{"t":"DH82"},"D5B":{"t":"C182"},"D5C":{"t":"C182"},"D5D":{"t":"C172"},"D5E":{"t":"C182"},"D5F":{"t":"C72R"},"D60":{"t":"C182"},"D61":{"t":"PAY2"},"D62":{"t":"GLST"},"D63":{"t":"C150"},"D64":{"t":"C182"},"D65":{"t":"C172"},"D66":{"t":"C172"},"D67":{"t":"PA22"},"D68":{"t":"D11"},"D69":{"t":"KR2"},"D6A":{"t":"C172"},"D6B":{"t":"C150"},"D6C":{"t":"AS50"},"D6D":{"t":"C182"},"D6E":{"t":"C180"},"D6F":{"t":"GLST"},"D70":{"t":"C172"},"D71":{"t":"PA24"},"D7C":{"t":"C182"},"D7D":{"t":"C182"},"D7E":{"t":"C182"},"D7F":{"t":"H500"},"D80":{"t":"PC12"},"D81":{"t":"H500"},"D82":{"t":"C182"},"D83":{"t":"C182"},"D84":{"t":"B06"},"D85":{"t":"H500"},"D86":{"t":"SRAI"},"D87":{"t":"C150"},"D88":{"t":"AP22"},"D89":{"t":"C172"},"D8A":{"t":"C172"},"D8B":{"t":"P28A"},"D8C":{"t":"M20P"},"D8D":{"t":"C172"},"D8E":{"t":"C172"},"D8F":{"t":"C172"},"D90":{"t":"R44"},"D91":{"t":"C172"},"D92":{"t":"C188"},"D93":{"t":"RV9"},"D94":{"t":"H500"},"D95":{"t":"C172"},"DA0":{"t":"C172"},"DA1":{"t":"P28A"},"DA2":{"t":"C172"},"DA3":{"t":"A660"},"DA4":{"t":"DH82"},"DA5":{"t":"P28R"},"DA6":{"t":"PA30"},"DA7":{"t":"R44"},"DA8":{"t":"B47G"},"DA9":{"t":"P28A"},"DAA":{"t":"PA22"},"DAB":{"t":"LNC2"},"DAC":{"t":"C172"},"DAD":{"t":"C182"},"DAE":{"t":"M18"},"DAF":{"t":"BE36"},"DB0":{"t":"M20P"},"DB1":{"t":"M18"},"DB2":{"t":"ACR2"},"DB3":{"t":"R22"},"DB4":{"t":"P28A"},"DB5":{"t":"P28A"},"DB6":{"t":"P28A"},"DB7":{"t":"SIRA"},"DB8":{"t":"PL4"},"DB9":{"t":"P28A"},"DC4":{"t":"C82R"},"DC5":{"t":"SR22"},"DC6":{"t":"T210"},"DC7":{"t":"GLAS"},"DC8":{"t":"ALIG"},"DC9":{"t":"R22"},"DCA":{"t":"C82R"},"DCB":{"t":"BALL"},"DCC":{"t":"B733"},"DCD":{"t":"RV7"},"DCE":{"t":"EXPR"},"DCF":{"t":"GLID"},"DD0":{"t":"E50P"},"DD1":{"t":"PA14"},"DD3":{"t":"P28A"},"DD4":{"t":"RV6"},"DD5":{"t":"P68"},"DD6":{"t":"P68"},"DD7":{"t":"P68"},"DD8":{"t":"P68"},"DD9":{"t":"P68"},"DDA":{"t":"P68"},"DDB":{"t":"P68"},"DDC":{"t":"R44"},"DDD":{"t":"P68"},"DE8":{"t":"PA32"},"DE9":{"t":"TOUR"},"DEA":{"t":"RV6"},"DEB":{"t":"P28A"},"DEC":{"t":"C180"},"DED":{"t":"EC35"},"DEE":{"t":"PA18"},"DEF":{"t":"P28B"},"DF0":{"t":"BALL"},"DF1":{"t":"AS31"},"DF2":{"t":"C206"},"DF3":{"t":"R22"},"DF4":{"t":"PA30"},"DF5":{"t":"AS55"},"DF6":{"t":"BEAR"},"DF7":{"t":"C177"},"DF8":{"t":"P28A"},"DF9":{"t":"DHC1"},"DFA":{"t":"BALL"},"DFB":{"t":"BE36"},"DFC":{"t":"B06"},"DFD":{"t":"C208"},"DFE":{"t":"YK52"},"DFF":{"t":"CH30"},"E00":{"t":"SR22"},"E01":{"t":"EXEC"},"E0C":{"t":"M20P"},"E0D":{"t":"P28A"},"E0E":{"t":"PA25"},"E0F":{"t":"F900"},"E10":{"t":"G73T"},"E11":{"t":"D328"},"E12":{"t":"D328"},"E13":{"t":"AS50"},"E14":{"t":"G73T"},"E15":{"t":"D328"},"E16":{"t":"PA32"},"E17":{"t":"P28A"},"E18":{"t":"P28A"},"E19":{"t":"P28A"},"E1A":{"t":"P28A"},"E1B":{"t":"J3"},"E1C":{"t":"D328"},"E1D":{"t":"P28A"},"E1E":{"t":"CJ6"},"E1F":{"t":"G73T"},"E20":{"t":"P28A"},"E21":{"t":"D328"},"E22":{"t":"PA24"},"E23":{"t":"C172"},"E24":{"t":"SLG2"},"E25":{"t":"P28A"},"E30":{"t":"DA40"},"E31":{"t":"C182"},"E32":{"t":"C206"},"E33":{"t":"R22"},"E34":{"t":"DA40"},"E35":{"t":"RV10"},"E36":{"t":"DA40"},"E37":{"t":"C182"},"E38":{"t":"C172"},"E39":{"t":"C206"},"E3A":{"t":"C172"},"E3B":{"t":"C172"},"E3C":{"t":"DA40"},"E3D":{"t":"C172"},"E3E":{"t":"C182"},"E3F":{"t":"C182"},"E40":{"t":"C182"},"E41":{"t":"DA40"},"E42":{"t":"DA40"},"E43":{"t":"C206"},"E45":{"t":"SR22"},"E46":{"t":"RV12"},"E47":{"t":"C208"},"E48":{"t":"C210"},"E49":{"t":"B412"},"E54":{"t":"RV7"},"E55":{"t":"BE58"},"E56":{"t":"R44"},"E57":{"t":"C175"},"E58":{"t":"PA32"},"E59":{"t":"P28R"},"E5A":{"t":"BE58"},"E5B":{"t":"BE58"},"E5C":{"t":"BE36"},"E5D":{"t":"C172"},"E5E":{"t":"C208"},"E5F":{"t":"C172"},"E60":{"t":"PA32"},"E61":{"t":"C182"},"E62":{"t":"P28A"},"E63":{"t":"PA32"},"E64":{"t":"B230"},"E65":{"t":"PELI"},"E66":{"t":"PA22"},"E67":{"t":"ZZZZ"},"E68":{"t":"BALL"},"E69":{"t":"RV4"},"E6A":{"t":"B06"},"E6B":{"t":"SF34"},"E6C":{"t":"C172"},"E6D":{"t":"C172"},"E78":{"t":"C182"},"E79":{"t":"RV7"},"E7A":{"t":"R22"},"E7B":{"t":"DH82"},"E7D":{"t":"C206"},"E7E":{"t":"ZZZZ"},"E7F":{"t":"B47G"},"E80":{"t":"C310"},"E81":{"t":"PTS1"},"E82":{"t":"B190"},"E83":{"t":"P28A"},"E84":{"t":"C180"},"E85":{"t":"C172"},"E86":{"t":"C182"},"E87":{"t":"ZZZZ"},"E88":{"t":"C208"},"E89":{"t":"BALL"},"E8A":{"t":"C185"},"E8B":{"t":"P28A"},"E8C":{"t":"SR22"},"E8D":{"t":"C208"},"E8E":{"t":"RV7"},"E8F":{"t":"BN2P"},"E90":{"t":"C208"},"E91":{"t":"PZ04"},"E9C":{"t":"C414"},"E9D":{"t":"BE23"},"E9E":{"t":"C152"},"E9F":{"t":"PTS2"},"EA0":{"t":"AT5T"},"EA1":{"t":"AT5T"},"EA2":{"t":"AT5T"},"EA3":{"t":"AS50"},"EA4":{"t":"C172"},"EA5":{"t":"C172"},"EA6":{"t":"AT3T"},"EA7":{"t":"B47G"},"EA8":{"t":"CT4"},"EA9":{"t":"C180"},"EAA":{"t":"C340"},"EAB":{"t":"CH7A"},"EAC":{"t":"AT5T"},"EAD":{"t":"AT5T"},"EAE":{"t":"AT3T"},"EAF":{"t":"RV4"},"EB0":{"t":"AT6T"},"EB1":{"t":"PA36"},"EB2":{"t":"P28A"},"EB3":{"t":"CT4"},"EB4":{"t":"P32R"},"EB5":{"t":"RV10"},"EC0":{"t":"C172"},"EC1":{"t":"RV8"},"EC2":{"t":"C206"},"EC3":{"t":"ST75"},"EC4":{"t":"DHC1"},"EC5":{"t":"C82R"},"EC6":{"t":"VEZE"},"EC7":{"t":"C172"},"EC8":{"t":"DH82"},"EC9":{"t":"C172"},"ECA":{"t":"C210"},"ECB":{"t":"AUJ2"},"ECC":{"t":"R22"},"ECD":{"t":"RV10"},"ECE":{"t":"P28A"},"ECF":{"t":"BE33"},"ED0":{"t":"BALL"},"ED1":{"t":"TOUR"},"ED2":{"t":"CRES"},"ED3":{"t":"PA22"},"ED6":{"t":"DHC1"},"ED7":{"t":"P28A"},"ED8":{"t":"BE20"},"ED9":{"t":"P68"},"EE4":{"t":"RV7"},"EE5":{"t":"ZZZZ"},"EE6":{"t":"BALL"},"EE7":{"t":"CT4"},"EE8":{"t":"B350"},"EE9":{"t":"DA40"},"EEA":{"t":"PA44"},"EEB":{"t":"PA44"},"EEC":{"t":"C182"},"EED":{"t":"R22"},"EEE":{"t":"R22"},"EEF":{"t":"P28R"},"EF0":{"t":"TBM7"},"EF1":{"t":"C72R"},"EF2":{"t":"A139"},"EF3":{"t":"C182"},"EF4":{"t":"A139"},"EF5":{"t":"A139"},"EF6":{"t":"CJ1"},"EF7":{"t":"PA34"},"EF8":{"t":"RV7"},"EF9":{"t":"C152"},"EFA":{"t":"C210"},"EFB":{"t":"ULAC"},"EFC":{"t":"C172"},"EFD":{"t":"DH82"},"F08":{"t":"PA31"},"F09":{"t":"P28A"},"F0A":{"t":"BL8"},"F0B":{"t":"ST75"},"F0C":{"t":"P28A"},"F0E":{"t":"GLID"},"F0F":{"t":"LNC4"},"F10":{"t":"PA32"},"F11":{"t":"P28A"},"F12":{"t":"RV7"},"F13":{"t":"BL8"},"F14":{"t":"AT8T"},"F15":{"t":"DC3"},"F16":{"t":"GLID"},"F17":{"t":"T206"},"F18":{"t":"PA34"},"F19":{"t":"P32T"},"F1A":{"t":"ST75"},"F1B":{"t":"BE33"},"F1C":{"t":"B06"},"F1D":{"t":"AEST"},"F1E":{"t":"P28R"},"F1F":{"t":"C510"},"F20":{"t":"BL8"},"F21":{"t":"PA31"},"F2C":{"t":"DA40"},"F2D":{"t":"P28A"},"F2E":{"t":"P28A"},"F2F":{"t":"P28B"},"F30":{"t":"A139"},"F31":{"t":"A139"},"F32":{"t":"PA32"},"F33":{"t":"P28R"},"F34":{"t":"PA25"},"F35":{"t":"P28A"},"F36":{"t":"P210"},"F37":{"t":"P28R"},"F38":{"t":"CJ1"},"F39":{"t":"P28A"},"F3A":{"t":"PA25"},"F3B":{"t":"RV7"},"F3C":{"t":"PA18"},"F3D":{"t":"P28A"},"F3E":{"t":"P28A"},"F3F":{"t":"DA42"},"F40":{"t":"P28A"},"F41":{"t":"P28A"},"F42":{"t":"C172"},"F43":{"t":"AS50"},"F44":{"t":"B412"},"F45":{"t":"RV7"},"F50":{"t":"E110"},"F51":{"t":"P28B"},"F52":{"t":"PA32"},"F53":{"t":"AP32"},"F54":{"t":"P28B"},"F55":{"t":"RV12"},"F56":{"t":"C207"},"F57":{"t":"T210"},"F58":{"t":"P28A"},"F59":{"t":"RV7"},"F5A":{"t":"PA18"},"F5B":{"t":"RV4"},"F5C":{"t":"PA24"},"F5D":{"t":"C680"},"F5E":{"t":"C208"},"F5F":{"t":"PA30"},"F60":{"t":"BALL"},"F61":{"t":"C172"},"F62":{"t":"R44"},"F63":{"t":"C172"},"F64":{"t":"PA24"},"F65":{"t":"PA32"},"F66":{"t":"C172"},"F67":{"t":"P28A"},"F68":{"t":"R44"},"F69":{"t":"P28B"},"F74":{"t":"R22"},"F75":{"t":"CH7A"},"F76":{"t":"P28A"},"F77":{"t":"P28A"},"F78":{"t":"P28A"},"F79":{"t":"P28A"},"F7A":{"t":"P28A"},"F7B":{"t":"P28A"},"F7C":{"t":"C172"},"F7D":{"t":"PA18"},"F7E":{"t":"P28A"},"F7F":{"t":"BALL"},"F80":{"t":"P28A"},"F81":{"t":"P28A"},"F82":{"t":"C210"},"F83":{"t":"P32R"},"F84":{"t":"PZ04"},"F85":{"t":"P28A"},"F86":{"t":"P28A"},"F87":{"t":"P28A"},"F88":{"t":"PL9"},"F89":{"t":"T210"},"F8A":{"t":"P28A"},"F8B":{"t":"P28S"},"F8C":{"t":"P28T"},"F8D":{"t":"PZ04"}}