{"E000":{"t":"C172"},"E001":{"t":"AT5T"},"E002":{"t":"PA32"},"E003":{"t":"BE33"},"E006":{"t":"P28A"},"E007":{"t":"P28R"},"E009":{"t":"P28B"},"E00B":{"t":"AEST"},"E00E":{"t":"P28A"},"E00F":{"desc":"L1P"},"E010":{"t":"T28"},"E015":{"t":"C185"},"E016":{"t":"C421"},"E017":{"t":"C77R"},"E018":{"t":"P28A"},"E01C":{"t":"J3"},"E01D":{"t":"PA18"},"E020":{"desc":"L1P"},"E021":{"t":"C414"},"E024":{"t":"BE58"},"E028":{"t":"AT3T"},"E029":{"t":"P28A"},"E02B":{"t":"P28A"},"E031":{"t":"P28A"},"E034":{"desc":"L1P"},"E036":{"t":"C195"},"E037":{"t":"C172"},"E041":{"t":"T206"},"E042":{"t":"AA5"},"E045":{"t":"AT5T"},"E04A":{"t":"BE33"},"E04E":{"t":"P28A"},"E053":{"t":"AT5T"},"E054":{"t":"PA34"},"E056":{"t":"PA20"},"E057":{"t":"L8"},"E058":{"t":"C180"},"E059":{"t":"C195"},"E05A":{"t":"CH7A"},"E05B":{"t":"C185"},"E05D":{"t":"C77R"},"E05E":{"t":"P28A"},"E060":{"t":"BE33"},"E061":{"t":"ST75"},"E063":{"t":"PA18"},"E065":{"t":"AA5"},"E068":{"t":"BT36"},"E070":{"t":"P28A"},"E071":{"t":"P28A"},"E074":{"t":"P28A"},"E075":{"t":"P28R"},"E078":{"t":"C82S"},"E079":{"t":"B58T"},"E07A":{"t":"HUSK"},"E07B":{"t":"YK55"},"E07E":{"t":"C182"},"E07F":{"desc":"L1P"},"E080":{"t":"O1"},"E083":{"t":"S22T"},"E085":{"t":"GLF4"},"E086":{"t":"A321"},"E08A":{"t":"BE19"},"E08B":{"t":"ULAC"},"E08E":{"t":"FA50"},"E093":{"desc":"A1P","t":"ULAC"},"E095":{"t":"EC30"},"E096":{"desc":"L1P"},"E098":{"t":"CL60"},"E0A0":{"desc":"L1P"},"E0A7":{"t":"PC24"},"E0AA":{"desc":"L1P"},"E0AB":{"desc":"A1P"},"E0AC":{"t":"B06"},"E0AD":{"desc":"L1P"},"E0B1":{"desc":"G1P"},"E0B7":{"desc":"L1P"},"E0B9":{"desc":"L1P"},"E0BC":{"t":"SR20"},"E0BD":{"t":"FDCT"},"E0C5":{"t":"C150"},"E0C6":{"desc":"H2T"},"E0C7":{"t":"PA24"},"E0C9":{"desc":"L1P"},"E0CA":{"desc":"L1P","t":"ULAC"},"E0CC":{"t":"LJ60"},"E0CD":{"desc":"L1P"},"E0CF":{"t":"B763"},"E0D0":{"desc":"A1P"},"E0D5":{"t":"M7"},"E0D9":{"t":"C172"},"E0DD":{"desc":"L1P"},"E0DE":{"desc":"L1P","t":"ULAC"},"E0DF":{"desc":"L1P"},"E0F2":{"t":"P28A"},"E0F9":{"desc":"L1P"},"E0FB":{"t":"B763"},"E107":{"desc":"L1P"},"E10B":{"desc":"L1P"},"E10F":{"t":"BE9L"},"E111":{"desc":"L1P"},"E112":{"t":"EC30"},"E124":{"t":"C550"},"E134":{"desc":"H2T"},"E136":{"desc":"L1P"},"E138":{"desc":"L1P"},"E143":{"desc":"L1P"},"E14D":{"t":"C180"},"E15B":{"t":"C150"},"E15D":{"t":"C185"},"E166":{"t":"PA18"},"E16C":{"t":"SR20"},"E173":{"desc":"L1P"},"E174":{"t":"B350"},"E17A":{"t":"SHIP"},"E17B":{"t":"P28A"},"E17F":{"t":"PA30"},"E18B":{"desc":"L1P","t":"ULAC"},"E18C":{"t":"C180"},"E18D":{"desc":"L1P"},"E18E":{"t":"ULAC"},"E191":{"t":"C172"},"E194":{"t":"B412"},"E197":{"t":"C525"},"E198":{"desc":"L1P","t":"ULAC"},"E19D":{"desc":"L1P"},"E19E":{"desc":"L1P"},"E1A1":{"desc":"L2J"},"E1B6":{"t":"H25B"},"E1C1":{"desc":"L1T"},"E1C6":{"t":"CL30"},"E1C8":{"desc":"L1P"},"E1CF":{"t":"DA40"},"E1D0":{"t":"UH12"},"E1E8":{"t":"GLEX"},"E1F1":{"t":"CH7B"},"E1F3":{"t":"CL60"},"E1F5":{"t":"FA50"},"E1F6":{"t":"T206"},"E1FA":{"t":"BE40"},"E1FC":{"desc":"L1P"},"E201":{"t":"BALL"},"E204":{"t":"GLID"},"E20A":{"t":"PC12"},"E20B":{"t":"PC12"},"E20C":{"t":"ULAC"},"E20E":{"t":"ULAC"},"E20F":{"desc":"L1P"},"E210":{"t":"T6"},"E211":{"t":"R22"},"E213":{"t":"C152"},"E216":{"desc":"L1P"},"E21E":{"t":"CL60"},"E220":{"t":"E75L"},"E222":{"t":"PA18"},"E224":{"desc":"L1P"},"E225":{"desc":"L1P"},"E230":{"desc":"L1J"},"E238":{"t":"ULAC"},"E247":{"t":"EC55"},"E249":{"t":"A306"},"E250":{"t":"A321"},"E254":{"t":"C180"},"E262":{"t":"C750"},"E264":{"desc":"L1P","t":"ULAC"},"E276":{"t":"GLF4"},"E278":{"t":"PC12"},"E279":{"t":"PA44"},"E27B":{"desc":"L1P","t":"ULAC"},"E27E":{"t":"ULAC"},"E27F":{"desc":"L1P"},"E286":{"t":"PA32"},"E28A":{"t":"C172"},"E291":{"t":"C56X"},"E2D1":{"t":"BE20"},"E2D2":{"desc":"H6E"},"E2D3":{"t":"L8"},"E2D5":{"t":"C195"},"E2D6":{"t":"C172"},"E2D9":{"t":"C77R"},"E2DA":{"t":"P28A"},"E2DB":{"t":"L8"},"E2DD":{"t":"ST75"},"E2DE":{"t":"J3"},"E2DF":{"t":"PA18"},"E2E1":{"t":"AA5"},"E2E3":{"t":"BE9L"},"E2E5":{"t":"C172"},"E2E6":{"t":"BE36"},"E2E8":{"t":"BE58"},"E2E9":{"t":"BE35"},"E2EA":{"t":"P28R"},"E2EB":{"t":"P28B"},"E2EC":{"t":"FA24"},"E2EE":{"t":"FA24"},"E2F0":{"t":"FA24"},"E2F1":{"t":"P28A"},"E2F4":{"desc":"L1P"},"E2F6":{"t":"BE36"},"E2F8":{"t":"C195"},"E2FB":{"t":"BE36"},"E2FC":{"t":"C77R"},"E2FE":{"desc":"L1P"},"E2FF":{"t":"BE36"},"E300":{"t":"BE33"},"E304":{"t":"AA5"},"E306":{"t":"BE33"},"E308":{"t":"C172"},"E309":{"t":"BE55"},"E30B":{"t":"C172"},"E30D":{"t":"P28A"},"E30F":{"t":"P28B"},"E310":{"t":"BE30"},"E313":{"t":"P28A"},"E315":{"t":"P28A"},"E316":{"t":"P28A"},"E317":{"t":"ULAC"},"E318":{"t":"PA20"},"E319":{"t":"BE33"},"E31C":{"t":"CH7A"},"E31D":{"t":"BE36"},"E320":{"t":"P28A"},"E321":{"t":"L8"},"E326":{"t":"C150"},"E327":{"t":"AA5"},"E32D":{"t":"P28R"},"E32E":{"t":"C172"},"E330":{"desc":"L1P"},"E331":{"t":"P28A"},"E333":{"t":"P28R"},"E334":{"t":"P28B"},"E339":{"desc":"L1P"},"E33A":{"desc":"L1P"},"E33C":{"t":"BE33"},"E33E":{"t":"C195"},"E33F":{"t":"BE36"},"E340":{"t":"BE33"},"E342":{"t":"C77R"},"E343":{"t":"P28A"},"E348":{"t":"PA18"},"E34A":{"t":"BE36"},"E34B":{"t":"BE33"},"E34C":{"t":"C414"},"E34F":{"t":"BE35"},"E351":{"t":"C172"},"E353":{"t":"P28A"},"E354":{"t":"P28A"},"E355":{"desc":"L1P"},"E356":{"t":"P28R"},"E35A":{"t":"P28A"},"E35D":{"desc":"L1P","t":"ULAC"},"E35E":{"t":"BE33"},"E360":{"t":"C180"},"E361":{"t":"BE36"},"E362":{"t":"C172"},"E367":{"t":"L8"},"E368":{"t":"BE58"},"E36A":{"t":"J3"},"E36B":{"desc":"S1P","t":"PA18"},"E36D":{"t":"BT36"},"E36E":{"t":"BE55"},"E373":{"t":"P28A"},"E374":{"t":"C172"},"E376":{"t":"P28A"},"E377":{"desc":"L1P"},"E378":{"t":"P28A"},"E379":{"t":"P28R"},"E37A":{"t":"P28R"},"E37B":{"t":"P28B"},"E37C":{"t":"PA32"},"E37D":{"t":"PA34"},"E37E":{"t":"P28A"},"E37F":{"t":"P28A"},"E383":{"t":"C180"},"E385":{"t":"CH7A"},"E388":{"t":"C77R"},"E389":{"t":"P28A"},"E38A":{"t":"L8"},"E38C":{"t":"C180"},"E38D":{"t":"J3"},"E38E":{"t":"PA18"},"E391":{"t":"COL4"},"E392":{"t":"C310"},"E395":{"t":"BE36"},"E396":{"t":"BE36"},"E398":{"t":"BE35"},"E399":{"t":"P28A"},"E39B":{"t":"P28A"},"E39C":{"desc":"L1P"},"E39E":{"t":"P28B"},"E3A7":{"t":"C195"},"E3A8":{"t":"CH7A"},"E3A9":{"t":"C185"},"E3AA":{"t":"BE33"},"E3AB":{"t":"C77R"},"E3AD":{"t":"BE58"},"E3AE":{"t":"BE35"},"E3B1":{"t":"BE33"},"E3B2":{"t":"C150"},"E3B6":{"t":"BE36"},"E3B8":{"t":"BE58"},"E3BA":{"t":"BE33"},"E3BD":{"t":"P28A"},"E3BF":{"t":"P28A"},"E3C0":{"t":"P28A"},"E3C1":{"t":"P28R"},"E3C2":{"t":"P28B"},"E3C7":{"t":"BE55"},"E3CA":{"t":"C195"},"E3CD":{"t":"BE9L"},"E3CE":{"t":"C77R"},"E3CF":{"t":"P28A"},"E3D2":{"t":"BE33"},"E3D3":{"t":"BE58"},"E3D4":{"t":"BE33"},"E3D7":{"t":"BE35"},"E3DA":{"t":"C172"},"E3E0":{"t":"P28A"},"E3E1":{"desc":"L1P"},"E3E4":{"t":"P28A"},"E3E5":{"desc":"L1P"},"E3E6":{"t":"P28A"},"E3E7":{"t":"P28A"},"E3F0":{"t":"B190"},"E3F1":{"t":"C77R"},"E3F5":{"desc":"L1P"},"E3F6":{"t":"J3"},"E3F8":{"desc":"H8E"},"E3F9":{"t":"AA5"},"E401":{"t":"BE35"},"E404":{"t":"P28A"},"E406":{"t":"P28R"},"E40A":{"t":"BE58"},"E40E":{"t":"L8"},"E40F":{"t":"SR22"},"E410":{"t":"C195"},"E414":{"t":"C77R"},"E417":{"t":"BE55"},"E418":{"desc":"L1P"},"E41A":{"t":"BE33"},"E41F":{"t":"C206"},"E422":{"t":"P28R"},"E423":{"t":"C172"},"E424":{"t":"BE35"},"E426":{"t":"B14A"},"E429":{"t":"P28A"},"E42A":{"t":"P28A"},"E42B":{"desc":"L1P"},"E42C":{"desc":"L1P"},"E430":{"t":"C550"},"E431":{"t":"A321"},"E432":{"desc":"A1P"},"E433":{"t":"CH7A"},"E435":{"t":"AS50"},"E439":{"t":"GLID"},"E43A":{"desc":"L1P"},"E43C":{"t":"HUSK"},"E442":{"t":"SR22"},"E449":{"t":"B47G"},"E44A":{"t":"BE36"},"E44B":{"desc":"L1P"},"E452":{"t":"PA34"},"E454":{"desc":"L1P","t":"ULAC"},"E465":{"t":"C310"},"E466":{"t":"SR20"},"E468":{"desc":"H8E"},"E46D":{"desc":"A1T","t":"KODI"},"E46E":{"t":"P32R"},"E470":{"t":"C182"},"E477":{"desc":"L1P"},"E47C":{"t":"DA62"},"E47E":{"t":"T6"},"E481":{"t":"C172"},"E486":{"desc":"L1P"},"E487":{"t":"ULAC"},"E490":{"desc":"A1P","t":"ULAC"},"E494":{"t":"CH7A"},"E497":{"t":"CH7A"},"E4A5":{"t":"SR22"},"E4AC":{"desc":"L1P"},"E4AD":{"t":"BE35"},"E4B0":{"t":"C182"},"E4B2":{"t":"B763"},"E4C8":{"desc":"L1P"},"E4D1":{"desc":"L1P"},"E4D7":{"desc":"L1P"},"E4DB":{"t":"PA18"},"E4DF":{"t":"C208"},"E4E2":{"t":"BE20"},"E4E3":{"desc":"L1P"},"E4E5":{"desc":"L1T","t":"C206"},"E4E7":{"t":"GLID"},"E4ED":{"t":"R44"},"E4F0":{"desc":"L1P"},"E4F1":{"desc":"L1P"},"E500":{"t":"SR22"},"E504":{"desc":"L1P","t":"ULAC"},"E505":{"desc":"L1P","t":"ULAC"},"E506":{"desc":"L1P"},"E508":{"t":"BE58"},"E50A":{"desc":"L2T","t":"BE60"},"E50D":{"desc":"L1P"},"E511":{"t":"GLID"},"E512":{"t":"C150"},"E514":{"t":"C172"},"E522":{"desc":"L1P"},"E52B":{"t":"AT8T"},"E52C":{"t":"BALL"},"E531":{"t":"SHIP"},"E532":{"t":"P28A"},"E536":{"t":"C210"},"E53F":{"desc":"L2P"},"E543":{"desc":"L1P"},"E544":{"t":"HUSK"},"E546":{"t":"BALL"},"E547":{"t":"BE35"},"E548":{"t":"C172"},"E54A":{"t":"E35L"},"E54B":{"t":"BE9L"},"E551":{"t":"M20P"},"E555":{"desc":"L1P"},"E558":{"t":"LJ45"},"E55C":{"t":"B58T"},"E564":{"t":"C152"},"E56D":{"t":"CL60"},"E576":{"t":"B06"},"E57D":{"t":"CL30"},"E57E":{"t":"PA12"},"E586":{"t":"M20P"},"E58A":{"t":"BE40"},"E59F":{"t":"GLEX"},"E5A7":{"t":"BE33"},"E5AB":{"t":"C182"},"E5AC":{"desc":"L1P","t":"ULAC"},"E5AD":{"t":"CH7B"},"E5B0":{"t":"P28B"},"E5B5":{"desc":"L1P","t":"ULAC"},"E5B8":{"desc":"L1P"},"E5BB":{"desc":"L1P"},"E5C0":{"t":"C180"},"E5C1":{"t":"B06"},"E5C3":{"t":"PA18"},"E5C4":{"desc":"H4E"},"E5C7":{"t":"C340"},"E5C8":{"t":"R22"},"E5C9":{"t":"B06"},"E5CA":{"t":"C152"},"E5CC":{"t":"C182"},"E5CD":{"desc":"L1P"},"E5D0":{"t":"SR22"},"E5D2":{"desc":"L1T","t":"M600"},"E5D6":{"desc":"L1P"},"E5D7":{"t":"E75L"},"E5D9":{"t":"PA18"},"E5DA":{"t":"P28A"},"E5DB":{"t":"HUSK"},"E5DC":{"t":"GC1"},"E5DD":{"t":"TWEN"},"E5DF":{"t":"C560"},"E5EA":{"t":"B738"},"E5EB":{"t":"COL4"},"E5EE":{"t":"C25B"},"E5EF":{"t":"SR22"},"E5FE":{"t":"EC55"},"E600":{"t":"A306"},"E607":{"t":"A321"},"E60B":{"t":"SR22"},"E61B":{"desc":"L1P","t":"ULAC"},"E625":{"t":"P28A"},"E626":{"t":"BL8"},"E62A":{"t":"S22T"},"E62C":{"t":"BE40"},"E630":{"t":"PA44"},"E632":{"desc":"L1P"},"E63D":{"t":"ULAC"},"E648":{"t":"C56X"},"E653":{"t":"L39"},"E656":{"desc":"L1P"},"E67A":{"t":"T34P"},"E687":{"t":"C182"},"E68B":{"t":"SR22"},"E68C":{"t":"C195"},"E68F":{"t":"BE36"},"E694":{"desc":"L1P"},"E695":{"t":"BE58"},"E697":{"t":"C150"},"E698":{"t":"BE23"},"E69A":{"t":"BE33"},"E69B":{"desc":"L1P"},"E69C":{"t":"C172"},"E69E":{"t":"PA34"},"E69F":{"t":"C172"},"E6A0":{"t":"BE35"},"E6A1":{"desc":"L1P"},"E6A2":{"t":"P28A"},"E6A4":{"t":"P28A"},"E6A5":{"t":"ULAC"},"E6A6":{"t":"WACC"},"E6A7":{"desc":"L1P"},"E6A8":{"t":"P28B"},"E6A9":{"t":"PA32"},"E6AA":{"t":"PA34"},"E6AF":{"t":"C195"},"E6B0":{"t":"C172"},"E6B3":{"t":"C77R"},"E6B4":{"t":"P28A"},"E6B5":{"t":"L8"},"E6B6":{"desc":"L1P"},"E6BE":{"t":"C206"},"E6BF":{"t":"C172"},"E6C0":{"t":"BE35"},"E6C4":{"t":"B737"},"E6C5":{"desc":"L1P"},"E6C6":{"t":"B737"},"E6C7":{"t":"P28A"},"E6C9":{"t":"P28A"},"E6CA":{"t":"P28A"},"E6CC":{"desc":"L1P"},"E6CE":{"desc":"L1P"},"E6D0":{"t":"L8"},"E6D3":{"t":"PA32"},"E6D4":{"desc":"A1P"},"E6D9":{"t":"BE55"},"E6DD":{"t":"C150"},"E6DE":{"t":"AA5"},"E6E0":{"desc":"L1P"},"E6E2":{"t":"C172"},"E6E4":{"t":"P28A"},"E6E7":{"t":"WACC"},"E6E9":{"t":"WACC"},"E6EB":{"t":"C180"},"E6EC":{"t":"H269"},"E6ED":{"t":"P28A"},"E6F0":{"desc":"L1P"},"E6F2":{"t":"PA20"},"E6F3":{"t":"L8"},"E6F6":{"t":"CH7A"},"E6F7":{"t":"C185"},"E6FE":{"t":"J3"},"E700":{"t":"C150"},"E701":{"t":"AA5"},"E702":{"t":"BE33"},"E709":{"desc":"L1P"},"E70B":{"t":"P28A"},"E70D":{"desc":"L1P"},"E70E":{"t":"P28A"},"E70F":{"t":"P28B"},"E713":{"t":"P28A"},"E718":{"t":"C195"},"E71E":{"desc":"L1P"},"E71F":{"t":"C150"},"E722":{"t":"C210"},"E724":{"t":"AA1"},"E725":{"t":"BE33"},"E72B":{"t":"C172"},"E72C":{"t":"BE33"},"E72E":{"t":"P28A"},"E731":{"t":"P28R"},"E73A":{"t":"C180"},"E73F":{"t":"C77R"},"E741":{"t":"L8"},"E746":{"t":"C150"},"E747":{"t":"AA5"},"E748":{"t":"C182"},"E74B":{"t":"C172"},"E74D":{"t":"PA32"},"E751":{"t":"B737"},"E753":{"t":"P28A"},"E755":{"t":"P28A"},"E757":{"t":"P28A"},"E759":{"t":"P28A"},"E75B":{"t":"PA20"},"E75C":{"t":"L8"},"E75E":{"t":"C195"},"E760":{"t":"H500"},"E762":{"t":"C185"},"E763":{"t":"P28A"},"E766":{"t":"T210"},"E767":{"t":"J3"},"E76F":{"t":"BE35"},"E772":{"t":"BE55"},"E773":{"t":"P28A"},"E775":{"t":"P28A"},"E776":{"t":"P28A"},"E777":{"t":"P28R"},"E778":{"t":"P28R"},"E77A":{"desc":"L1P"},"E77B":{"t":"P28A"},"E77D":{"desc":"H1T"},"E77E":{"t":"PA20"},"E780":{"t":"C180"},"E781":{"t":"C195"},"E784":{"t":"BE33"},"E785":{"t":"C185"},"E787":{"t":"L8"},"E788":{"t":"BE36"},"E78A":{"t":"J3"},"E78B":{"t":"PA18"},"E78E":{"t":"BE95"},"E792":{"t":"BE36"},"E794":{"t":"C172"},"E795":{"t":"BE35"},"E796":{"t":"P28A"},"E797":{"desc":"L1P"},"E79C":{"t":"PA32"},"E7A3":{"t":"C180"},"E7A6":{"t":"H500"},"E7A8":{"t":"C77R"},"E7AB":{"t":"BE36"},"E7AC":{"t":"ULAC"},"E7AD":{"t":"J3"},"E7AF":{"t":"C150"},"E7B1":{"desc":"L1P"},"E7B8":{"t":"BE35"},"E7BB":{"t":"P28A"},"E7BC":{"t":"P28A"},"E7BD":{"desc":"L1P"},"E7BE":{"desc":"L1P"},"E7C1":{"t":"PA32"},"E7C2":{"t":"PA34"},"E7C4":{"t":"PA20"},"E7C6":{"desc":"L1P"},"E7C8":{"t":"CH7A"},"E7CC":{"t":"P28A"},"E7CD":{"t":"L8"},"E7CE":{"t":"BE35"},"E7CF":{"t":"C182"},"E7D2":{"t":"C150"},"E7D3":{"t":"AA5"},"E7D5":{"desc":"L1P"},"E7D7":{"desc":"L1P"},"E7D8":{"t":"BE33"},"E7D9":{"t":"P28B"},"E7DB":{"t":"BE33"},"E7DE":{"desc":"L1P"},"E7E2":{"desc":"L1P"},"E7E3":{"desc":"L1P"},"E7E5":{"desc":"L1P"},"E7E9":{"t":"B06"},"E7EA":{"desc":"H2T"},"E7EC":{"t":"C172"},"E7ED":{"t":"PC24"},"E7EE":{"desc":"L1P"},"E7F1":{"desc":"L1P"},"E7F4":{"t":"A321"},"E7F5":{"desc":"L1P","t":"ULAC"},"E7F7":{"desc":"H1P"},"E7F8":{"t":"A320"},"E800":{"t":"SR22"},"E801":{"desc":"A1P","t":"ULAC"},"E802":{"t":"BE58"},"E803":{"t":"EC35"},"E804":{"t":"BE58"},"E808":{"t":"BE58"},"E809":{"t":"BE58"},"E80B":{"desc":"L1P"},"E80C":{"t":"BE58"},"E819":{"t":"PC12"},"E81A":{"desc":"L2T"},"E81B":{"desc":"L1P"},"E81C":{"t":"P28R"},"E81F":{"desc":"L1P"},"E824":{"desc":"L4T"},"E827":{"t":"C182"},"E829":{"t":"R44"},"E82D":{"t":"ULAC"},"E82E":{"t":"C182"},"E832":{"t":"C185"},"E834":{"t":"B429"},"E838":{"desc":"L1P"},"E839":{"t":"BE58"},"E83E":{"t":"C175"},"E843":{"desc":"L1P","t":"ULAC"},"E847":{"t":"B06"},"E84B":{"t":"WACF"},"E84C":{"t":"BE58"},"E84E":{"t":"LJ45"},"E85C":{"t":"GLID"},"E867":{"t":"C182"},"E869":{"t":"B763"},"E86D":{"t":"PA18"},"E879":{"t":"ULAC"},"E87D":{"t":"PA23"},"E87E":{"desc":"L1P"},"E880":{"t":"AA5"},"E88E":{"t":"B06"},"E8AF":{"t":"BE9L"},"E8B3":{"t":"PA31"},"E8B7":{"desc":"L1P"},"E8BB":{"desc":"L1P"},"E8BD":{"t":"MD88"},"E8BF":{"t":"C182"},"E8C0":{"t":"C560"},"E8C7":{"t":"T6"},"E8C8":{"t":"BE58"},"E8D7":{"desc":"A1T","t":"KODI"},"E8D9":{"t":"B58T"},"E8E3":{"t":"BALL"},"E8E6":{"t":"B06"},"E8E7":{"desc":"L2P"},"E8E9":{"t":"B06"},"E8FA":{"t":"E550"},"E8FB":{"t":"DV20"},"E8FC":{"desc":"H1P"},"E8FD":{"t":"SW4"},"E902":{"t":"PAY4"},"E90A":{"t":"BE58"},"E90B":{"t":"BE58"},"E90F":{"t":"BALL"},"E913":{"t":"BT36"},"E916":{"t":"BE58"},"E917":{"t":"P28A"},"E924":{"t":"E545"},"E92C":{"t":"C206"},"E92D":{"t":"BE58"},"E92E":{"t":"BE95"},"E92F":{"t":"BE58"},"E934":{"t":"CL30"},"E938":{"t":"C172"},"E93D":{"t":"B06"},"E93E":{"t":"P28A"},"E945":{"desc":"L1P"},"E956":{"t":"GLEX"},"E95E":{"desc":"L1P","t":"ULAC"},"E95F":{"t":"C172"},"E960":{"t":"GLID"},"E964":{"t":"BE58"},"E965":{"desc":"L1P"},"E96A":{"t":"BE58"},"E96C":{"desc":"H1P"},"E96F":{"t":"B58T"},"E972":{"t":"RV8"},"E973":{"t":"BE58"},"E974":{"t":"C185"},"E977":{"t":"BE35"},"E978":{"t":"B06"},"E979":{"t":"CH7B"},"E97A":{"t":"ULAC"},"E97D":{"t":"C172"},"E97E":{"desc":"G1P"},"E97F":{"t":"R22"},"E981":{"t":"C56X"},"E986":{"t":"BE76"},"E987":{"desc":"L1P"},"E988":{"t":"GLID"},"E98C":{"t":"BE58"},"E991":{"t":"COL4"},"E992":{"t":"BE58"},"E995":{"t":"EA50"},"E99E":{"desc":"L1J"},"E9A0":{"t":"B06"},"E9A1":{"t":"DA42"},"E9A5":{"t":"FA20"},"E9A8":{"t":"AC11"},"E9B7":{"t":"A306"},"E9BA":{"desc":"H6E"},"E9C2":{"desc":"L1P"},"E9D2":{"desc":"L1P","t":"ULAC"},"E9DB":{"t":"GLID"},"E9DC":{"desc":"L2T"},"E9DE":{"t":"BE58"},"E9DF":{"desc":"L1P"},"E9EC":{"desc":"L1P"},"E9EE":{"t":"PA44"},"EA0D":{"desc":"L1P"},"EA0F":{"desc":"L2P"},"EA31":{"t":"T34P"},"EA3F":{"t":"G280"},"EA44":{"t":"C172"},"EA47":{"t":"C77R"},"EA4D":{"t":"PA18"},"EA53":{"t":"C172"},"EA56":{"t":"C172"},"EA57":{"t":"BE35"},"EA58":{"t":"P28A"},"EA5A":{"t":"P28A"},"EA5C":{"t":"P28A"},"EA5F":{"t":"P28A"},"EA60":{"t":"P28A"},"EA61":{"desc":"L1P"},"EA62":{"desc":"L1P"},"EA65":{"t":"C180"},"EA66":{"t":"C195"},"EA69":{"t":"C310"},"EA6A":{"t":"C77R"},"EA6B":{"t":"P28A"},"EA77":{"t":"BE35"},"EA79":{"t":"C172"},"EA7B":{"t":"BE18"},"EA7D":{"t":"P28A"},"EA7F":{"t":"P28R"},"EA80":{"t":"BE17"},"EA85":{"t":"GLID"},"EA89":{"desc":"H8E"},"EA8A":{"t":"CH7A"},"EA8D":{"t":"C77R"},"EA8F":{"t":"L8"},"EA94":{"t":"C185"},"EA9A":{"t":"BE33"},"EA9D":{"t":"BE35"},"EA9F":{"desc":"L1P"},"EAA0":{"t":"P28A"},"EAA2":{"t":"P28A"},"EAA3":{"t":"P28A"},"EAA6":{"desc":"L1P"},"EAAA":{"t":"L8"},"EAB1":{"t":"AC11"},"EAB6":{"t":"PA22"},"EAB9":{"t":"BE33"},"EABD":{"t":"BE35"},"EABE":{"t":"PA32"},"EABF":{"t":"C172"},"EAC3":{"t":"P28R"},"EAC6":{"t":"BE17"},"EACA":{"t":"PA34"},"EACB":{"t":"R66"},"EACE":{"t":"C180"},"EAD0":{"t":"C172"},"EAD4":{"t":"P28A"},"EAD5":{"t":"COL4"},"EADC":{"t":"BE33"},"EAE2":{"t":"COL3"},"EAE3":{"desc":"H8E"},"EAE6":{"t":"P28A"},"EAEA":{"t":"BE17"},"EAF0":{"t":"L8"},"EAF1":{"t":"C180"},"EAF3":{"t":"CH7A"},"EAF7":{"t":"P28A"},"EAF8":{"t":"L8"},"EAFB":{"t":"J3"},"EB05":{"t":"C172"},"EB06":{"t":"BE35"},"EB07":{"t":"P28A"},"EB08":{"t":"P28A"},"EB0E":{"desc":"L1P"},"EB0F":{"t":"P28A"},"EB15":{"t":"C195"},"EB16":{"t":"CH7A"},"EB1A":{"t":"AC11"},"EB1B":{"t":"L8"},"EB1E":{"t":"J3"},"EB22":{"t":"BE33"},"EB29":{"t":"BE35"},"EB2A":{"t":"P28A"},"EB2B":{"t":"P28A"},"EB2C":{"t":"P28R"},"EB2F":{"desc":"L1P"},"EB32":{"t":"P28A"},"EB36":{"desc":"L1P"},"EB3C":{"t":"C77R"},"EB40":{"t":"C182"},"EB44":{"t":"BALL"},"EB45":{"t":"BE55"},"EB47":{"desc":"L1P"},"EB4B":{"t":"C172"},"EB4C":{"t":"BE35"},"EB4E":{"t":"P28A"},"EB50":{"t":"P28A"},"EB52":{"t":"P28A"},"EB58":{"desc":"L1P"},"EB5C":{"t":"C172"},"EB60":{"t":"P28A"},"EB63":{"t":"C188"},"EB65":{"t":"PA18"},"EB67":{"t":"AA5"},"EB68":{"t":"BE33"},"EB6B":{"t":"C172"},"EB6D":{"t":"P28B"},"EB6F":{"t":"BE33"},"EB71":{"t":"P28A"},"EB72":{"t":"P28A"},"EB74":{"t":"P28B"},"EB78":{"t":"P28A"},"EB7B":{"t":"PA20"},"EB7C":{"t":"L8"},"EB7E":{"t":"C172"},"EB82":{"t":"C77R"},"EB8B":{"t":"BE33"},"EB92":{"t":"BE33"},"EB95":{"t":"P28A"},"EB96":{"t":"P28R"},"EB97":{"t":"P28R"},"EB98":{"t":"PA32"},"EB99":{"desc":"L1P"},"EB9B":{"desc":"L1P"},"EB9D":{"t":"AR15"},"EB9E":{"t":"BE35"},"EB9F":{"t":"BE36"},"EBA1":{"desc":"H2T"},"EBA4":{"t":"BL8"},"EBA8":{"desc":"L1P"},"EBAB":{"t":"A321"},"EBAC":{"t":"ULAC"},"EBAE":{"t":"M4"},"EBB0":{"t":"ULAC"},"EBB3":{"t":"PA18"},"EBB7":{"t":"PA27"},"EBB8":{"desc":"A1P","t":"ULAC"},"EBB9":{"desc":"L1P"},"EBC9":{"desc":"L1P"},"EBD0":{"t":"S108"},"EBD1":{"t":"GLID"},"EBD2":{"t":"ST75"},"EBD3":{"t":"PA18"},"EBD4":{"t":"SR20"},"EBDC":{"t":"S76"},"EBDE":{"t":"C182"},"EBE1":{"t":"SR22"},"EBE2":{"t":"FDCT"},"EBE9":{"t":"PA31"},"EBEB":{"desc":"L1P"},"EBEC":{"desc":"H1P"},"EBF5":{"desc":"L1P","t":"TB1"},"EBF9":{"t":"C182"},"EBFA":{"desc":"L1P"},"EBFE":{"desc":"L1P"},"EC05":{"t":"LJ45"},"EC12":{"t":"P28A"},"EC1B":{"desc":"A2P"},"EC1E":{"t":"C182"},"EC20":{"t":"B763"},"EC27":{"t":"H25B"},"EC2C":{"t":"C172"},"EC34":{"desc":"L1P","t":"ULAC"},"EC38":{"t":"R44"},"EC40":{"t":"BE33"},"EC4D":{"t":"C25C"},"EC4E":{"t":"SR22"},"EC4F":{"desc":"L1P"},"EC5B":{"desc":"L1P"},"EC5D":{"desc":"L1P"},"EC67":{"t":"GLF6"},"EC68":{"t":"B350"},"EC6A":{"t":"M7"},"EC6E":{"t":"GALX"},"EC72":{"desc":"L1P"},"EC77":{"t":"C25B"},"EC7B":{"desc":"A1P"},"EC7F":{"desc":"L2P"},"EC87":{"t":"P180"},"EC8B":{"t":"T206"},"EC97":{"desc":"H2E"},"EC98":{"t":"CL60"},"EC99":{"t":"AT6T"},"EC9A":{"desc":"L1P"},"EC9B":{"desc":"L1P","t":"ULAC"},"EC9F":{"desc":"L1P"},"ECA0":{"t":"P28A"},"ECA4":{"desc":"H2T"},"ECB1":{"t":"E550"},"ECB2":{"desc":"L1P"},"ECB4":{"t":"SW4"},"ECB5":{"t":"BE35"},"ECB7":{"desc":"L1P"},"ECB9":{"t":"R44"},"ECC3":{"t":"EC35"},"ECCC":{"t":"GLF2"},"ECCE":{"t":"P28A"},"ECDB":{"t":"E545"},"ECE3":{"desc":"L1P"},"ECE4":{"desc":"H6E"},"ECE5":{"t":"BALL"},"ECE6":{"t":"CH7B"},"ECE7":{"t":"B429"},"ECEA":{"t":"SR20"},"ECED":{"t":"BE35"},"ECF3":{"desc":"L1P"},"ED16":{"t":"LJ35"},"ED17":{"t":"A139"},"ED1E":{"t":"C177"},"ED23":{"t":"R44"},"ED25":{"desc":"L1P"},"ED26":{"t":"PA27"},"ED27":{"desc":"H1P"},"ED29":{"desc":"L1P"},"ED2F":{"t":"B06"},"ED30":{"desc":"L1P"},"ED31":{"t":"ULAC"},"ED34":{"t":"B190"},"ED36":{"t":"R22"},"ED38":{"t":"C152"},"ED3A":{"t":"BE58"},"ED3E":{"t":"SR22"},"ED3F":{"t":"GLID"},"ED45":{"desc":"L1P","t":"ULAC"},"ED46":{"t":"GLID"},"ED47":{"t":"PA18"},"ED49":{"t":"BRAV"},"ED4A":{"t":"C152"},"ED4B":{"t":"BALL"},"ED53":{"t":"CH7B"},"ED6E":{"t":"A306"},"ED89":{"desc":"L1P","t":"ULAC"},"ED9A":{"t":"CL30"},"ED9E":{"t":"PA44"},"EDA0":{"desc":"L1P"},"EDA4":{"desc":"H1P"},"EDA7":{"t":"GLF5"},"EDB9":{"t":"RV12"},"EDBA":{"desc":"H4E"},"EDBC":{"t":"GLID"},"EDC2":{"desc":"A1P"},"EDD7":{"desc":"H2E"},"EDDD":{"t":"B58T"},"EDE7":{"desc":"H8E"},"EDF3":{"t":"ULAC"},"EDF7":{"t":"PA20"},"EDFE":{"t":"C77R"},"EDFF":{"t":"P28A"},"EE00":{"t":"L8"},"EE04":{"t":"PA18"},"EE05":{"t":"C150"},"EE0A":{"t":"C172"},"EE0B":{"t":"C172"},"EE0C":{"t":"P28R"},"EE10":{"t":"P28B"},"EE11":{"t":"PA32"},"EE18":{"t":"P28R"},"EE1A":{"t":"PA20"},"EE1B":{"t":"L8"},"EE1D":{"t":"C195"},"EE1E":{"t":"C172"},"EE1F":{"t":"C185"},"EE21":{"t":"C77R"},"EE22":{"t":"P28A"},"EE23":{"t":"L8"},"EE26":{"t":"J3"},"EE28":{"t":"C150"},"EE2D":{"t":"C172"},"EE2E":{"t":"BE33"},"EE2F":{"t":"PA32"},"EE32":{"t":"E145"},"EE34":{"t":"E145"},"EE36":{"t":"P28A"},"EE38":{"t":"P28A"},"EE3A":{"t":"P28A"},"EE3B":{"t":"P28R"},"EE3D":{"t":"PA20"},"EE3E":{"t":"L8"},"EE3F":{"t":"C180"},"EE40":{"t":"C195"},"EE42":{"t":"C185"},"EE43":{"t":"C421"},"EE47":{"t":"BE36"},"EE48":{"t":"C182"},"EE49":{"t":"J3"},"EE4A":{"t":"PA18"},"EE4B":{"t":"C150"},"EE4C":{"t":"AA5"},"EE4D":{"t":"BE33"},"EE50":{"t":"C172"},"EE51":{"t":"BE33"},"EE52":{"t":"P28A"},"EE58":{"t":"FA24"},"EE5A":{"t":"PA34"},"EE5C":{"t":"P28A"},"EE5D":{"t":"P28A"},"EE5E":{"t":"P28A"},"EE62":{"t":"C180"},"EE67":{"t":"C77R"},"EE6A":{"t":"BE33"},"EE6F":{"desc":"L1P"},"EE70":{"t":"BE35"},"EE73":{"t":"C172"},"EE75":{"t":"P28R"},"EE76":{"t":"C172"},"EE77":{"t":"BE35"},"EE78":{"t":"P28A"},"EE79":{"t":"P28R"},"EE7B":{"t":"P28A"},"EE7D":{"t":"P28A"},"EE7E":{"t":"P28A"},"EE81":{"t":"PA32"},"EE82":{"desc":"L1P"},"EE84":{"t":"L8"},"EE85":{"t":"C180"},"EE8C":{"t":"L8"},"EE8D":{"t":"BE36"},"EE8F":{"t":"J3"},"EE91":{"t":"C150"},"EE95":{"t":"C172"},"EE96":{"t":"FA62"},"EE97":{"t":"BE33"},"EE98":{"t":"P32R"},"EE9A":{"t":"BE35"},"EE9E":{"t":"P28A"},"EE9F":{"t":"P28A"},"EEA0":{"t":"P28A"},"EEA1":{"t":"P28A"},"EEA5":{"t":"FA24"},"EEAB":{"t":"C185"},"EEAD":{"t":"C77R"},"EEB0":{"t":"BE35"},"EEB1":{"t":"BALL"},"EEB5":{"t":"AA5"},"EEB8":{"t":"C206"},"EEB9":{"desc":"A2P"},"EEBA":{"t":"BE55"},"EEC1":{"t":"ULAC"},"EEC3":{"t":"P28A"},"EEC4":{"t":"P28A"},"EEC5":{"t":"P28A"},"EEC9":{"t":"PA20"},"EECB":{"t":"C180"},"EECC":{"t":"BE33"},"EECD":{"t":"C172"},"EECF":{"t":"C340"},"EED1":{"t":"P28A"},"EED4":{"t":"C182"},"EED6":{"t":"PA18"},"EED8":{"t":"AA5"},"EEDA":{"t":"C414"},"EEE0":{"t":"BE35"},"EEE2":{"t":"PA32"},"EEE3":{"t":"P28A"},"EEE6":{"t":"J2"},"EEE7":{"t":"P28A"},"EEE9":{"t":"P28A"},"EEEA":{"t":"B789"},"EEEB":{"desc":"L2T","t":"BE18"},"EEED":{"t":"P28A"},"EEF0":{"t":"CH7A"},"EEF3":{"t":"C77R"},"EEF4":{"t":"P28A"},"EEF6":{"t":"BE33"},"EEF7":{"t":"C182"},"EEF8":{"t":"J3"},"EEF9":{"t":"PA18"},"EEFC":{"t":"BE33"},"EF00":{"t":"BE35"},"EF02":{"t":"C172"},"EF05":{"t":"J2"},"EF09":{"t":"P28A"},"EF0A":{"t":"P28A"},"EF0D":{"t":"P28B"},"EF0F":{"t":"PA20"},"EF10":{"t":"C82S"},"EF13":{"t":"CH7A"},"EF16":{"t":"C185"},"EF17":{"t":"P28A"},"EF1A":{"t":"C182"},"EF1B":{"t":"J3"},"EF1E":{"t":"AA5"},"EF1F":{"t":"BE35"},"EF20":{"t":"BT36"},"EF23":{"t":"BE35"},"EF26":{"t":"BE35"},"EF2A":{"t":"E145"},"EF2B":{"t":"P28A"},"EF31":{"t":"GLID"},"EF32":{"t":"PA20"},"EF34":{"t":"COL4"},"EF3D":{"t":"C188"},"EF3F":{"t":"PA18"},"EF40":{"t":"C150"},"EF41":{"t":"P28A"},"EF45":{"t":"BE35"},"EF47":{"t":"P28A"},"EF49":{"t":"BE55"},"EF4E":{"t":"P28A"},"EF4F":{"t":"P28A"},"EF51":{"t":"P28A"},"EF53":{"t":"P28B"},"EF54":{"t":"BE9L"},"EF55":{"t":"C82R"},"EF56":{"t":"G164"},"EF57":{"t":"PA32"},"EF59":{"desc":"L1P"},"EF5A":{"desc":"L1P"},"EF5D":{"t":"GLID"},"EF5F":{"t":"P28T"},"EF60":{"t":"GLID"},"EF61":{"t":"PA30"},"EF66":{"t":"C421"},"EF67":{"t":"SF50"},"EF68":{"desc":"L1P"},"EF69":{"desc":"L1P"},"EF6A":{"t":"BL17"},"EF6B":{"t":"T210"},"EF6F":{"desc":"H1P"},"EF70":{"t":"BE55"},"EF72":{"t":"BE19"},"EF75":{"t":"C25B"},"EF76":{"desc":"L1P"},"EF77":{"t":"P32T"},"EF78":{"t":"BE58"},"EF79":{"desc":"L1P"},"EF7A":{"desc":"A1P"},"EF7B":{"desc":"L2P"},"EF7C":{"t":"ST75"},"EF7D":{"desc":"L1P"},"EF7E":{"desc":"L1P"},"EF85":{"t":"CH7A"},"EF86":{"desc":"L1P"},"EF87":{"desc":"L1P"},"EF89":{"desc":"L1P"},"EF8A":{"t":"ST75"},"EF8B":{"desc":"L1P"},"EF90":{"t":"C206"},"EF92":{"t":"BE18"},"EF93":{"t":"BE20"},"EF95":{"t":"C680"},"EF97":{"t":"AA5"},"EF98":{"t":"LJ60"},"EF99":{"t":"BE33"},"EF9A":{"desc":"L1P"},"EF9B":{"desc":"A1P"},"EF9C":{"desc":"L1P"},"EF9E":{"t":"L8"},"EFA1":{"t":"BE58"},"EFA2":{"t":"C172"},"EFA3":{"desc":"L1P"},"EFA5":{"t":"GLID"},"EFA6":{"t":"E55P"},"EFAA":{"desc":"L1P"},"EFAB":{"desc":"H1P"},"EFAC":{"t":"PA23"},"EFAE":{"t":"PA24"},"EFB0":{"t":"M20P"},"EFB2":{"desc":"L1P","t":"LA4"},"EFB4":{"t":"BL8"},"EFB6":{"desc":"L1P"},"EFB7":{"desc":"L1P"},"EFB9":{"desc":"L1P"},"EFBB":{"desc":"L1P"},"EFBC":{"t":"P28A"},"EFBD":{"t":"C72R"},"EFBE":{"desc":"L1P"},"EFBF":{"t":"C152"},"EFC1":{"t":"J3"},"EFC2":{"t":"BE36"},"EFC3":{"t":"C172"},"EFC4":{"desc":"L1P"},"EFC5":{"t":"P32R"},"EFC6":{"desc":"A1P"},"EFC9":{"desc":"L1P"},"EFCD":{"desc":"L1P","t":"ULAC"},"EFCE":{"desc":"A1P"},"EFD1":{"t":"C310"},"EFD2":{"t":"C172"},"EFD3":{"t":"DA42"},"EFD4":{"desc":"L1P"},"EFD8":{"t":"T6"},"EFDA":{"desc":"H2T"},"EFDB":{"t":"C441"},"EFDE":{"desc":"L2J"},"EFDF":{"t":"LJ35"},"EFE3":{"t":"BE35"},"EFE4":{"t":"R44"},"EFE7":{"desc":"L1P"},"EFE8":{"t":"F900"},"EFEC":{"t":"R22"},"EFED":{"t":"T206"},"EFEF":{"t":"BE17"},"EFF1":{"t":"BE20"},"EFF2":{"desc":"L1P","t":"ULAC"},"EFF5":{"t":"BE60"},"EFF6":{"desc":"L1P"},"EFF7":{"t":"BE35"},"EFF8":{"desc":"L1P"},"EFF9":{"t":"C206"},"EFFB":{"desc":"H4E"},"EFFF":{"desc":"L1P"},"children":["A00","A01","A02","A03","A04","A05","A06","A07","A08","A09","A0A","A0B","A0C","A0D","A0F"]}