{"001":{"t":"C680"},"002":{"t":"SHIP"},"005":{"desc":"L1P"},"006":{"desc":"L1P"},"007":{"t":"GLF5"},"009":{"t":"BE40"},"00A":{"desc":"L1P"},"00B":{"desc":"L1P"},"00C":{"t":"B06"},"00D":{"t":"GLF6"},"00E":{"t":"GLF5"},"00F":{"desc":"L1P"},"010":{"t":"C750"},"012":{"t":"GLEX"},"013":{"desc":"A2P"},"014":{"t":"PA31"},"015":{"desc":"H4E"},"016":{"t":"BE55"},"017":{"t":"BE35"},"018":{"t":"C172"},"019":{"t":"SR22"},"01A":{"t":"FA7X"},"01C":{"desc":"A1P","t":"ULAC"},"01D":{"t":"GLF5"},"01F":{"t":"T34P"},"021":{"t":"BE55"},"022":{"t":"S76"},"023":{"desc":"H1P","t":"GYRO"},"024":{"desc":"L1P"},"026":{"t":"C25C"},"028":{"desc":"L2J","t":"GLF5"},"029":{"t":"C182"},"02B":{"desc":"L1P"},"02C":{"t":"C750"},"02D":{"t":"GLID"},"02E":{"desc":"L1P"},"030":{"t":"BE35"},"031":{"t":"GLF5"},"032":{"desc":"L1P"},"034":{"t":"F2TH"},"035":{"t":"CL30"},"037":{"t":"GLF5"},"039":{"t":"C25B"},"03A":{"t":"CL30"},"03B":{"t":"FA50"},"03C":{"t":"E55P"},"03E":{"t":"BE33"},"03F":{"t":"B58T"},"040":{"desc":"L1P"},"041":{"t":"BE55"},"042":{"t":"CL60"},"043":{"t":"AA1"},"044":{"t":"AS50"},"045":{"t":"NAVI"},"046":{"t":"P337"},"047":{"t":"CL60"},"049":{"t":"PC12"},"04A":{"desc":"L1P"},"04B":{"t":"GC1"},"04C":{"t":"C190"},"04D":{"t":"GLF4"},"04E":{"t":"C500"},"04F":{"t":"BE40"},"050":{"t":"GLF5"},"052":{"t":"LJ31"},"053":{"desc":"L1P"},"054":{"t":"GL5T"},"055":{"t":"CL60"},"056":{"t":"BE33"},"058":{"t":"GLID"},"059":{"t":"GA5C"},"05A":{"t":"BE35"},"05B":{"desc":"L1P"},"05E":{"t":"GLF6"},"060":{"t":"BE50"},"063":{"t":"R66"},"065":{"t":"C182"},"066":{"t":"C172"},"067":{"t":"EA50"},"069":{"t":"ST75"},"06A":{"t":"G150"},"06B":{"t":"RV12"},"06D":{"t":"PRM1"},"070":{"t":"HDJT"},"072":{"desc":"L1P"},"074":{"desc":"L1P"},"077":{"t":"CL60"},"078":{"desc":"L1T"},"07A":{"t":"BE36"},"07B":{"t":"NAVI"},"07C":{"desc":"L1P"},"07E":{"desc":"L1P"},"07F":{"t":"GLF6"},"081":{"desc":"L1P"},"082":{"t":"G280"},"083":{"t":"TOBA"},"084":{"t":"GLEX"},"086":{"t":"G280"},"087":{"t":"C180"},"08A":{"t":"EC35"},"08B":{"t":"C525"},"08C":{"desc":"L1P"},"08D":{"desc":"L1P"},"08F":{"t":"C82S"},"091":{"desc":"L1J"},"095":{"t":"BE55"},"096":{"t":"C421"},"098":{"desc":"L1P"},"09A":{"desc":"L1P"},"09B":{"t":"PC12"},"09D":{"desc":"L1P"},"09E":{"t":"BE9L"},"0A1":{"desc":"L1P"},"0A3":{"t":"PA27"},"0A5":{"t":"GLF5"},"0A6":{"desc":"L1P"},"0A7":{"t":"C421"},"0A8":{"desc":"L1P"},"0A9":{"t":"FA7X"},"0AA":{"t":"SF50"},"0AB":{"desc":"L1P"},"0AC":{"desc":"L1P"},"0AD":{"desc":"L1P"},"0AE":{"t":"C177"},"0B1":{"t":"C25B"},"0B3":{"t":"BE55"},"0B4":{"t":"GLF5"},"0B9":{"t":"BE33"},"0BD":{"desc":"L1P"},"0BF":{"t":"CL30"},"0C2":{"t":"C750"},"0C3":{"desc":"L1P","t":"LA4"},"0C4":{"t":"C337"},"0C6":{"desc":"L1P"},"0C7":{"t":"BE20"},"0C9":{"t":"CL60"},"0CA":{"t":"PRM1"},"0CB":{"desc":"H4E"},"0CC":{"t":"LJ60"},"0CD":{"t":"R66"},"0CE":{"t":"PA34"},"0CF":{"desc":"L1P"},"0D2":{"t":"C172"},"0D3":{"t":"BL17"},"0D4":{"t":"F2TH"},"0D5":{"t":"PA18"},"0D6":{"desc":"L2J"},"0D7":{"t":"GLF5"},"0D8":{"t":"BE40"},"0D9":{"t":"PA24"},"0DB":{"t":"BE35"},"0DE":{"desc":"L1P"},"0DF":{"t":"FA10"},"0E1":{"t":"C182"},"0E3":{"t":"C25C"},"0E4":{"t":"E55P"},"0E5":{"t":"C150"},"0E7":{"t":"C56X"},"0E8":{"t":"GLF6"},"0EA":{"t":"GLID"},"0EC":{"desc":"L1P"},"0ED":{"desc":"L1P"},"0F0":{"desc":"L1P"},"0F1":{"t":"T210"},"0F3":{"desc":"L1P"},"0F4":{"t":"C150"},"0F5":{"t":"WW24"},"0F6":{"t":"C172"},"0F7":{"desc":"L1P"},"0F9":{"t":"FA7X"},"0FA":{"t":"BE33"},"0FB":{"t":"PA18"},"0FC":{"t":"GA5C"},"0FD":{"t":"GLF6"},"0FE":{"t":"GLF5"},"0FF":{"desc":"L1P"},"101":{"t":"C195"},"102":{"t":"C25B"},"103":{"t":"GLID"},"105":{"t":"BE35"},"106":{"t":"GLID"},"107":{"t":"M20P"},"108":{"desc":"L1P"},"10A":{"t":"P28A"},"10B":{"t":"T210"},"10C":{"t":"PA24"},"10E":{"t":"BE60"},"10F":{"desc":"L1P"},"110":{"t":"BE33"},"112":{"t":"BE36"},"113":{"t":"C182"},"114":{"desc":"L1P"},"116":{"t":"BE9T"},"119":{"t":"ST75"},"11A":{"t":"PA30"},"11B":{"t":"DA62"},"11C":{"t":"C25C"},"11D":{"t":"B407"},"120":{"desc":"L1P"},"121":{"t":"C56X"},"122":{"desc":"L2T"},"123":{"t":"P28A"},"124":{"t":"BE58"},"125":{"t":"E55P"},"126":{"desc":"L1P"},"127":{"desc":"A2P"},"128":{"t":"CL30"},"12B":{"t":"UH1"},"12C":{"desc":"L1P"},"12D":{"t":"AS50"},"12E":{"desc":"L1P"},"12F":{"t":"C680"},"131":{"t":"F2TH"},"133":{"t":"GLEX"},"135":{"desc":"L1T"},"136":{"desc":"L1P"},"137":{"t":"A139"},"138":{"t":"C172"},"139":{"t":"C550"},"13A":{"t":"BE35"},"13B":{"desc":"L1P"},"13C":{"t":"BE20"},"13F":{"t":"C150"},"140":{"t":"PA30"},"142":{"desc":"L1P"},"143":{"desc":"L1P"},"144":{"t":"BE95"},"145":{"desc":"L1P"},"146":{"t":"GLID"},"147":{"desc":"L1P"},"148":{"desc":"A1P"},"14D":{"t":"M20P"},"14E":{"t":"GLF6"},"14F":{"t":"BE33"},"150":{"desc":"G1P"},"151":{"t":"G280"},"152":{"t":"S22T"},"153":{"t":"GLID"},"154":{"desc":"L1P"},"157":{"t":"C680"},"158":{"desc":"L1P"},"159":{"t":"BE30"},"15A":{"t":"H25B"},"15B":{"t":"BE35"},"15C":{"desc":"L1P"},"15D":{"t":"C56X"},"15F":{"t":"BE55"},"160":{"t":"C208"},"161":{"t":"P28R"},"162":{"t":"RV12"},"164":{"desc":"L1P"},"165":{"t":"C680"},"167":{"t":"BE35"},"16C":{"t":"C421"},"16E":{"t":"C182"},"16F":{"desc":"L1P"},"170":{"desc":"L1P"},"171":{"t":"C172"},"173":{"t":"C414"},"175":{"desc":"L1P","t":"LA4"},"177":{"t":"BE33"},"179":{"t":"AEST"},"17A":{"desc":"L1P"},"17B":{"t":"CL30"},"17C":{"t":"CL30"},"17D":{"t":"C525"},"17F":{"t":"GA5C"},"180":{"t":"C510"},"181":{"t":"GLF6"},"182":{"t":"HDJT"},"183":{"t":"P210"},"185":{"t":"C185"},"186":{"t":"GLID"},"187":{"t":"GLF5"},"188":{"t":"P46T"},"18A":{"t":"C510"},"18B":{"t":"BE55"},"191":{"t":"HDJT"},"192":{"t":"FA7X"},"193":{"t":"F900"},"194":{"t":"C185"},"195":{"t":"B350"},"196":{"t":"AS50"},"197":{"t":"PA12"},"198":{"desc":"L2J","t":"GLF5"},"199":{"t":"GLF5"},"19A":{"t":"PRM1"},"19B":{"t":"S22T"},"19C":{"t":"BE35"},"19D":{"t":"T206"},"19E":{"t":"BE20"},"19F":{"t":"GLF4"},"1A0":{"t":"B429"},"1A2":{"t":"PA27"},"1A3":{"t":"AEST"},"1A4":{"t":"LJ45"},"1A6":{"t":"C550"},"1A7":{"desc":"A2P"},"1A8":{"t":"AA5"},"1A9":{"t":"PA27"},"1AA":{"desc":"L1P"},"1AB":{"t":"AEST"},"1AC":{"t":"C172"},"1AD":{"t":"C195"},"1AE":{"t":"PC12"},"1AF":{"t":"GLF4"},"1B0":{"desc":"L1P"},"1B1":{"t":"GLF6"},"1B4":{"desc":"L1T","t":"M600"},"1B5":{"t":"LJ45"},"1B6":{"t":"C150"},"1B7":{"t":"GLF4"},"1BB":{"t":"B350"},"1BC":{"t":"B737"},"1BD":{"t":"GA5C"},"1C0":{"t":"LJ35"},"1C1":{"t":"E50P"},"1C2":{"t":"C550"},"1C5":{"t":"C680"},"1C7":{"t":"BE9L"},"1C8":{"t":"GLID"},"1C9":{"desc":"H1P"},"1CA":{"t":"P337"},"1CB":{"t":"P32R"},"1CC":{"desc":"L1P"},"1CE":{"t":"P28A"},"1CF":{"t":"C25B"},"1D0":{"t":"C560"},"1D4":{"t":"SF50"},"1DC":{"t":"BE35"},"1DD":{"t":"AS50"},"1DE":{"t":"B350"},"1DF":{"desc":"L1P"},"1E1":{"desc":"L1P"},"1E2":{"desc":"L1P"},"1E4":{"t":"LJ55"},"1E6":{"desc":"L1P","t":"LA4"},"1E7":{"t":"BE95"},"1E9":{"t":"F2TH"},"1ED":{"t":"CL60"},"1F1":{"t":"C510"},"1F2":{"desc":"L1T"},"1F3":{"desc":"L1T"},"1F5":{"t":"BE36"},"1F6":{"desc":"L1P"},"1F7":{"t":"SF50"},"1F9":{"t":"E55P"},"1FA":{"t":"BE55"},"1FC":{"t":"BE35"},"1FD":{"t":"C25B"},"1FE":{"desc":"L1P"},"200":{"t":"SF50"},"201":{"t":"PA46"},"203":{"t":"BE36"},"204":{"desc":"L2J"},"205":{"desc":"L2J"},"206":{"desc":"L1P"},"207":{"desc":"L1P"},"208":{"t":"AS50"},"209":{"t":"PA30"},"20A":{"t":"B350"},"20B":{"t":"GLEX"},"20D":{"t":"PA24"},"20F":{"t":"C172"},"210":{"t":"PA24"},"212":{"desc":"L1P"},"213":{"t":"BE35"},"214":{"t":"GLID"},"216":{"desc":"L1P"},"217":{"t":"PRM1"},"21B":{"desc":"L1P"},"21C":{"desc":"L1P"},"21D":{"desc":"L2P"},"221":{"t":"PRM1"},"225":{"desc":"L1P"},"228":{"t":"E550"},"229":{"t":"C421"},"22A":{"desc":"L1P"},"22B":{"t":"C310"},"22C":{"t":"C210"},"234":{"t":"BE35"},"236":{"t":"NAVI"},"238":{"t":"BE35"},"23A":{"t":"C182"},"23D":{"desc":"L1P"},"23E":{"desc":"L1P"},"23F":{"desc":"L1P"},"240":{"desc":"A1P"},"241":{"t":"GLF4"},"242":{"t":"PA18"},"243":{"desc":"L1P"},"244":{"t":"C680"},"245":{"desc":"A1P"},"246":{"desc":"L1P"},"24B":{"t":"P337"},"24C":{"t":"M20P"},"24D":{"t":"P337"},"24E":{"desc":"L1P"},"24F":{"t":"BE36"},"251":{"t":"P337"},"252":{"desc":"L1P"},"253":{"t":"C180"},"257":{"t":"P337"},"258":{"desc":"L1P"},"259":{"t":"CH7A"},"25B":{"t":"SHIP"},"25C":{"t":"C320"},"25F":{"t":"M20P"},"260":{"t":"HUSK"},"261":{"t":"R44"},"262":{"t":"BE10"},"264":{"t":"B06"},"265":{"t":"BE55"},"267":{"t":"C750"},"268":{"t":"CH7A"},"26B":{"t":"T206"},"26C":{"t":"P28R"},"26E":{"t":"C25C"},"26F":{"t":"C182"},"271":{"t":"HUSK"},"273":{"t":"F900"},"275":{"desc":"L1P"},"276":{"t":"C208"},"277":{"desc":"L1P","t":"ULAC"},"278":{"t":"C310"},"279":{"t":"GLID"},"27A":{"t":"C172"},"27B":{"t":"AEST"},"27C":{"t":"GLID"},"27D":{"desc":"L1P"},"27E":{"desc":"H2T"},"27F":{"t":"A109"},"280":{"desc":"L1P"},"281":{"t":"PA34"},"282":{"t":"BE35"},"283":{"desc":"A2P"},"284":{"t":"GLID"},"285":{"t":"BE55"},"286":{"desc":"L1P"},"287":{"t":"B47G"},"288":{"t":"BE35"},"289":{"desc":"L1P"},"28A":{"t":"SR22"},"28B":{"t":"CH7B"},"28C":{"desc":"L1P"},"28E":{"t":"BE36"},"290":{"t":"C206"},"291":{"t":"S22T"},"293":{"desc":"L1P"},"294":{"desc":"L1P"},"295":{"t":"M20P"},"296":{"desc":"L1P"},"297":{"desc":"L1P"},"298":{"t":"S108"},"299":{"t":"PA18"},"29A":{"desc":"L1P"},"29D":{"t":"C82T"},"29E":{"t":"PAY1"},"2A3":{"t":"C206"},"2A4":{"desc":"L1P"},"2A5":{"desc":"L1P"},"2A8":{"t":"C210"},"2A9":{"t":"T206"},"2AA":{"desc":"L1P"},"2AB":{"t":"BL17"},"2AC":{"t":"PC12"},"2AE":{"t":"BE9T"},"2AF":{"t":"C172"},"2B0":{"t":"PA46"},"2B1":{"t":"PA46"},"2B2":{"t":"RV12"},"2B4":{"desc":"H1T","t":"B47G"},"2B6":{"t":"PA34"},"2B8":{"desc":"L1P"},"2B9":{"t":"PA18"},"2BA":{"t":"GLID"},"2BB":{"desc":"L1P"},"2BE":{"desc":"L1P"},"2BF":{"t":"PA18"},"2C0":{"desc":"L2T"},"2C1":{"desc":"H8E"},"2C2":{"t":"BE20"},"2C3":{"desc":"L1P"},"2C4":{"t":"BE35"},"2C5":{"t":"CL30"},"2C6":{"t":"C550"},"2C7":{"t":"CL30"},"2C8":{"t":"AEST"},"2CD":{"desc":"L1P"},"2CF":{"desc":"L1P"},"2D1":{"t":"C310"},"2D2":{"t":"F2TH"},"2D3":{"t":"BE35"},"2D5":{"t":"M20P"},"2D8":{"t":"FA10"},"2D9":{"t":"AA1"},"2DA":{"t":"PC12"},"2DB":{"t":"C310"},"2DD":{"t":"CL60"},"2DE":{"t":"C421"},"2E2":{"desc":"L1P"},"2E3":{"t":"T210"},"2E5":{"t":"LJ35"},"2E6":{"t":"C150"},"2E7":{"desc":"H1P"},"2E8":{"desc":"L1P"},"2EA":{"desc":"L1P"},"2EB":{"desc":"L1P"},"2EC":{"t":"B350"},"2ED":{"t":"BE23"},"2EF":{"t":"GLID"},"2F0":{"t":"C425"},"2F1":{"t":"C82T"},"2F2":{"desc":"L1P"},"2F4":{"t":"C180"},"2F7":{"t":"BE9L"},"2F8":{"t":"BE35"},"2F9":{"t":"P28A"},"2FB":{"t":"GLID"},"2FC":{"t":"C82R"},"2FD":{"t":"T210"},"2FE":{"desc":"A2P"},"2FF":{"t":"HUSK"},"302":{"t":"C150"},"303":{"desc":"L1P"},"305":{"t":"GLID"},"307":{"t":"L39"},"30A":{"t":"GLF5"},"30B":{"desc":"L1P"},"30D":{"t":"E35L"},"311":{"t":"C210"},"312":{"t":"C750"},"313":{"desc":"L1P"},"315":{"t":"C210"},"316":{"t":"T210"},"317":{"t":"CH7B"},"318":{"t":"C182"},"31C":{"t":"MU2"},"31D":{"t":"HUSK"},"31E":{"t":"M20P"},"31F":{"desc":"L1P"},"320":{"t":"T210"},"321":{"t":"HUSK"},"322":{"t":"F900"},"323":{"t":"LJ45"},"324":{"t":"C208"},"325":{"t":"GLID"},"326":{"desc":"L1P","t":"ULAC"},"329":{"desc":"L1P"},"32A":{"t":"AEST"},"32B":{"desc":"L1P"},"32C":{"desc":"L1P"},"32D":{"t":"P32T"},"32E":{"t":"TAYB"},"330":{"desc":"L1P"},"331":{"t":"GLF4"},"333":{"desc":"L1P"},"337":{"t":"C185"},"338":{"desc":"L1P"},"339":{"desc":"L1P"},"33B":{"t":"CH7B"},"33D":{"desc":"H1T"},"341":{"desc":"L1P"},"342":{"desc":"L1P"},"343":{"t":"M20T"},"345":{"t":"CL60"},"346":{"t":"S22T"},"347":{"desc":"L1P"},"34A":{"t":"ST75"},"34B":{"desc":"L1P"},"34D":{"t":"GC1"},"352":{"t":"B06"},"353":{"t":"C185"},"354":{"desc":"L1P"},"355":{"t":"BE36"},"356":{"t":"GLID"},"357":{"desc":"L1P"},"359":{"desc":"L1P"},"35A":{"t":"B407"},"35B":{"t":"ST75"},"35E":{"t":"BT36"},"35F":{"t":"R66"},"361":{"desc":"L1P"},"363":{"desc":"L1P"},"366":{"t":"GLID"},"367":{"t":"GLID"},"36A":{"t":"L39"},"36B":{"t":"BE40"},"36C":{"t":"C550"},"36D":{"desc":"L1P"},"36E":{"t":"F900"},"36F":{"t":"PA24"},"370":{"t":"LJ60"},"371":{"t":"SR22"},"372":{"t":"C525"},"375":{"t":"GLID"},"376":{"desc":"L1P"},"377":{"desc":"L1P"},"378":{"desc":"L1P"},"37A":{"t":"CL60"},"37B":{"t":"BE55"},"37D":{"desc":"L1P"},"37E":{"desc":"L1P"},"37F":{"t":"B06"},"382":{"t":"PC24"},"383":{"t":"R66"},"384":{"desc":"L1P"},"385":{"desc":"H2T"},"386":{"t":"GLF5"},"387":{"t":"C195"},"388":{"t":"T28"},"389":{"desc":"L1P"},"38A":{"t":"FA10"},"38D":{"t":"B58T"},"38E":{"desc":"L1P"},"38F":{"desc":"L1P"},"392":{"t":"LJ45"},"394":{"t":"BE36"},"395":{"desc":"L1P"},"397":{"t":"BE23"},"398":{"desc":"L1P"},"399":{"t":"AS50"},"39C":{"t":"PA24"},"39D":{"desc":"L1P"},"39F":{"t":"PA34"},"3A2":{"t":"PA34"},"3A3":{"t":"PA18"},"3A5":{"desc":"L1P"},"3A6":{"t":"C25A"},"3A7":{"desc":"L1P"},"3A9":{"t":"PA32"},"3AC":{"desc":"L1P"},"3AE":{"t":"PA46"},"3B0":{"t":"C310"},"3B1":{"t":"PA22"},"3B5":{"t":"BE36"},"3B6":{"t":"S22T"},"3B8":{"t":"M7"},"3B9":{"t":"ST75"},"3BB":{"t":"PA31"},"3C0":{"desc":"L1P"},"3C1":{"t":"R44"},"3C2":{"t":"C25A"},"3C4":{"desc":"L1P"},"3CA":{"t":"HA4T"},"3CB":{"t":"GLID"},"3CE":{"t":"BE20"},"3D3":{"t":"SR22"},"3D4":{"desc":"L1P"},"3D8":{"t":"UH1"},"3DA":{"t":"C150"},"3DB":{"desc":"L1P"},"3DC":{"t":"PA23"},"3E0":{"t":"T210"},"3E1":{"desc":"H4E"},"3E2":{"t":"BE35"},"3E3":{"t":"SF50"},"3E4":{"desc":"L2P"},"3E6":{"t":"C210"},"3E8":{"desc":"L1P"},"3EA":{"desc":"L2J","t":"G150"},"3ED":{"t":"T210"},"3F0":{"t":"CL30"},"3F2":{"t":"PA24"},"3F3":{"t":"TBM7"},"3F6":{"t":"GL5T"},"3F7":{"desc":"L1P"},"3F9":{"t":"B06"},"3FA":{"desc":"L1P"},"3FC":{"t":"GC1"},"3FD":{"t":"P46T"},"3FE":{"desc":"L1P"},"400":{"t":"GLID"},"401":{"t":"AA5"},"402":{"t":"M5"},"403":{"t":"GLID"},"405":{"desc":"A1P"},"407":{"t":"C550"},"408":{"t":"C560"},"40A":{"t":"AT6T"},"40B":{"t":"R22"},"40C":{"desc":"L1P"},"40D":{"desc":"L1P"},"40E":{"desc":"L1P"},"40F":{"desc":"L1P"},"411":{"t":"H25B"},"412":{"t":"AT8T"},"414":{"t":"C25B"},"415":{"t":"C680"},"416":{"t":"P210"},"417":{"t":"C82S"},"418":{"t":"B06"},"41A":{"t":"B350"},"41B":{"t":"GLID"},"41D":{"t":"J3"},"41E":{"t":"S22T"},"421":{"t":"BE35"},"425":{"t":"C550"},"426":{"t":"GLID"},"427":{"t":"BALL"},"428":{"t":"BE35"},"42A":{"t":"CL30"},"42B":{"t":"R44"},"42D":{"t":"C180"},"42E":{"t":"BALL"},"433":{"desc":"L1P"},"436":{"t":"B25"},"437":{"desc":"L1P"},"438":{"desc":"L1P"},"439":{"desc":"L1P"},"43B":{"desc":"L1P"},"43C":{"t":"C152"},"43F":{"t":"LJ31"},"443":{"t":"GLID"},"446":{"desc":"L1P"},"448":{"t":"S22T"},"44B":{"desc":"L1T"},"44C":{"desc":"L1P"},"44E":{"t":"B350"},"44F":{"t":"B58T"},"450":{"t":"PC12"},"451":{"t":"GLID"},"453":{"t":"NAVI"},"454":{"t":"BE60"},"456":{"t":"BE9L"},"457":{"t":"GLID"},"459":{"t":"GLID"},"45A":{"t":"BALL"},"45B":{"t":"BALL"},"45C":{"t":"M20P"},"45D":{"t":"GLID"},"45E":{"t":"C182"},"45F":{"t":"BE35"},"461":{"desc":"H1P"},"462":{"t":"UH1"},"465":{"t":"T28"},"466":{"desc":"L1P"},"468":{"t":"F900"},"469":{"desc":"L1P"},"46B":{"t":"C172"},"46C":{"desc":"L1P"},"46D":{"t":"C340"},"46F":{"t":"GLF5"},"470":{"desc":"H1T"},"473":{"desc":"L1P"},"475":{"t":"HDJT"},"477":{"t":"GALX"},"478":{"desc":"L1P"},"479":{"t":"J3"},"47A":{"t":"C750"},"47C":{"t":"B06"},"47E":{"desc":"L1P"},"480":{"t":"ULAC"},"481":{"t":"C210"},"483":{"desc":"L1P"},"484":{"t":"PA31"},"485":{"t":"PA27"},"48A":{"t":"H25B"},"48B":{"desc":"L1T"},"48D":{"t":"M20P"},"491":{"t":"T206"},"492":{"desc":"L1P"},"493":{"t":"T210"},"494":{"t":"GLF4"},"495":{"t":"PA18"},"496":{"desc":"L1P"},"497":{"desc":"L1P"},"498":{"t":"GLID"},"49A":{"t":"S22T"},"49C":{"desc":"L1P"},"49F":{"desc":"L1P"},"4A0":{"t":"GLID"},"4A1":{"desc":"L1P"},"4A8":{"t":"S108"},"4AA":{"desc":"L1P"},"4AB":{"desc":"L1P"},"4AC":{"t":"C172"},"4AE":{"t":"P32R"},"4AF":{"t":"SR22"},"4B3":{"t":"J3"},"4B4":{"t":"GLEX"},"4B6":{"desc":"L1P"},"4B7":{"t":"CL60"},"4B9":{"t":"P32T"},"4BB":{"t":"H25B"},"4BC":{"t":"C182"},"4BD":{"t":"C421"},"4BE":{"t":"G280"},"4BF":{"t":"GLF6"},"4C0":{"desc":"L1T"},"4C1":{"t":"BE35"},"4C2":{"desc":"L2T"},"4C4":{"t":"C56X"},"4C5":{"t":"FA20"},"4C6":{"desc":"H1T"},"4CA":{"t":"F900"},"4CB":{"t":"GLF6"},"4CC":{"t":"C421"},"4CE":{"desc":"L2T"},"4CF":{"t":"C172"},"4D2":{"t":"B350"},"4D3":{"desc":"L2P"},"4D4":{"t":"T210"},"4D5":{"t":"BE95"},"4D6":{"t":"PA32"},"4DA":{"t":"PA32"},"4DD":{"t":"BE9T"},"4DE":{"t":"PA27"},"4E0":{"desc":"L1P"},"4E1":{"t":"PA38"},"4E2":{"desc":"L1P"},"4E4":{"t":"MU2"},"4E5":{"t":"BE30"},"4E6":{"desc":"L1P"},"4E7":{"t":"C182"},"4E8":{"t":"C25B"},"4E9":{"t":"C425"},"4EA":{"desc":"L1P"},"4EB":{"desc":"L4P"},"4EC":{"desc":"L2T"},"4ED":{"t":"C172"},"4EF":{"t":"C56X"},"4F2":{"t":"PAY2"},"4F3":{"t":"PA27"},"4F6":{"t":"L8"},"4F7":{"desc":"L1P","t":"ULAC"},"4F9":{"t":"FA10"},"4FB":{"desc":"L1P"},"4FC":{"t":"C414"},"500":{"t":"DA62"},"501":{"t":"T210"},"502":{"t":"GLID"},"503":{"t":"NAVI"},"504":{"t":"B06"},"505":{"desc":"L1P","t":"GLF4"},"509":{"desc":"L2J"},"50D":{"t":"BL8"},"50E":{"desc":"L1P"},"50F":{"t":"B58T"},"510":{"t":"C550"},"513":{"desc":"L1P"},"515":{"t":"M20P"},"516":{"desc":"L1P"},"517":{"t":"C206"},"51B":{"t":"B350"},"51C":{"desc":"L2J"},"51D":{"t":"R44"},"51E":{"desc":"L1P"},"522":{"t":"GALX"},"523":{"t":"C310"},"524":{"t":"PA31"},"525":{"desc":"H1P"},"526":{"desc":"L1P"},"527":{"t":"E50P"},"528":{"t":"BE58"},"529":{"t":"GLF6"},"52B":{"t":"P28A"},"52C":{"t":"P180"},"52D":{"t":"GLF4"},"52E":{"t":"E50P"},"531":{"t":"G164"},"532":{"t":"C150"},"533":{"t":"BE35"},"537":{"t":"E50P"},"538":{"t":"E55P"},"539":{"t":"GLID"},"53A":{"t":"FA10"},"53C":{"t":"CL60"},"53D":{"t":"BE55"},"53E":{"t":"BE40"},"53F":{"t":"C182"},"541":{"t":"SR22"},"545":{"desc":"H2T"},"548":{"desc":"L1P","t":"ULAC"},"549":{"t":"E50P"},"54A":{"t":"ASTR"},"54B":{"desc":"L2J"},"54C":{"desc":"L1P"},"54D":{"desc":"H1P"},"550":{"t":"PA46"},"551":{"t":"C501"},"552":{"desc":"L1P"},"553":{"desc":"L1P"},"554":{"t":"T210"},"555":{"desc":"L1P"},"556":{"t":"BE55"},"557":{"t":"EC55"},"558":{"t":"BE9L"},"559":{"desc":"L1P"},"55B":{"t":"BE60"},"55C":{"t":"SR22"},"55E":{"t":"GLF5"},"560":{"t":"G150"},"562":{"t":"C68A"},"567":{"t":"PA46"},"56A":{"t":"GLF5"},"56C":{"t":"C340"},"56D":{"desc":"L1P"},"56E":{"t":"H25B"},"56F":{"t":"C340"},"571":{"t":"B58T"},"573":{"t":"P28A"},"574":{"t":"BE36"},"575":{"t":"B47G"},"576":{"t":"HUSK"},"578":{"t":"B350"},"579":{"t":"C182"},"57A":{"t":"HUSK"},"57C":{"t":"PC24"},"57D":{"t":"PC12"},"57F":{"t":"S22T"},"580":{"t":"C414"},"581":{"t":"P28A"},"582":{"desc":"L1T","t":"GLF4"},"583":{"t":"P32R"},"584":{"t":"C310"},"588":{"t":"MITE"},"58A":{"t":"BE58"},"58C":{"t":"PA31"},"58D":{"t":"C25B"},"58E":{"desc":"L2P"},"590":{"desc":"L1P"},"591":{"t":"C25B"},"593":{"desc":"H6E"},"594":{"t":"GA5C"},"595":{"t":"C172"},"596":{"t":"T206"},"597":{"t":"BE9L"},"598":{"desc":"L1P"},"59A":{"desc":"L2T"},"59B":{"t":"C182"},"59D":{"t":"C172"},"59E":{"t":"BE35"},"5A0":{"desc":"L1P"},"5A1":{"t":"GLID"},"5A2":{"desc":"L1T"},"5A6":{"t":"M20P"},"5A8":{"desc":"L2J"},"5AA":{"t":"BE35"},"5AC":{"desc":"L1P"},"5AD":{"t":"LJ45"},"5AE":{"t":"C421"},"5AF":{"t":"H25B"},"5B0":{"t":"BALL"},"5B1":{"t":"E55P"},"5B2":{"t":"C177"},"5B3":{"t":"C172"},"5B5":{"t":"P28B"},"5B7":{"t":"E55P"},"5B8":{"t":"BE33"},"5B9":{"t":"C414"},"5BA":{"t":"UH12"},"5BB":{"desc":"H4E"},"5BE":{"t":"CL60"},"5BF":{"t":"BE60"},"5C3":{"t":"PA32"},"5C4":{"t":"C501"},"5C5":{"t":"PA31"},"5C7":{"t":"C172"},"5C8":{"t":"C750"},"5C9":{"t":"F2TH"},"5CB":{"t":"C340"},"5CD":{"desc":"L1P"},"5CE":{"desc":"L1P"},"5CF":{"desc":"L1P"},"5D0":{"t":"SR22"},"5D2":{"t":"BE58"},"5D4":{"desc":"L1E"},"5D5":{"desc":"L1P"},"5D7":{"t":"BE55"},"5D8":{"t":"P28A"},"5D9":{"t":"C340"},"5DA":{"t":"MU2"},"5DB":{"desc":"L1P"},"5DC":{"t":"BE9L"},"5DF":{"t":"E50P"},"5E1":{"t":"P32R"},"5E4":{"t":"FA10"},"5E5":{"t":"PA31"},"5E7":{"desc":"L1P"},"5E8":{"desc":"L1P","t":"ULAC"},"5E9":{"t":"B06"},"5EA":{"t":"BE55"},"5EC":{"desc":"L1P"},"5ED":{"t":"BE35"},"5F0":{"t":"GLID"},"5F2":{"desc":"L1P"},"5F3":{"desc":"L1P"},"5F4":{"t":"E50P"},"5F7":{"t":"M20P"},"5F9":{"t":"PA31"},"5FA":{"t":"EA50"},"5FB":{"t":"AEST"},"5FC":{"desc":"L1T"},"5FE":{"t":"C680"},"5FF":{"t":"C525"},"601":{"desc":"L1P"},"605":{"t":"C172"},"607":{"t":"AC11"},"609":{"t":"BE35"},"60A":{"t":"BE33"},"60B":{"desc":"L1P"},"60C":{"t":"E50P"},"60F":{"t":"SR22"},"610":{"t":"BE20"},"611":{"t":"BE58"},"612":{"desc":"L1P"},"614":{"t":"C82R"},"623":{"t":"GL5T"},"624":{"t":"BE9L"},"62C":{"t":"BE60"},"62D":{"t":"BE33"},"62E":{"t":"E55P"},"630":{"t":"BE60"},"631":{"t":"BE19"},"632":{"t":"BE36"},"635":{"t":"C172"},"636":{"t":"O1"},"639":{"t":"C172"},"63D":{"t":"PA31"},"63F":{"t":"M7"},"640":{"desc":"L2T"},"643":{"t":"S22T"},"645":{"t":"CL30"},"647":{"t":"C56X"},"648":{"t":"C182"},"649":{"desc":"L1P"},"64A":{"t":"BE55"},"64F":{"t":"C182"},"652":{"t":"BE35"},"653":{"desc":"L1P"},"654":{"t":"G150"},"657":{"t":"C172"},"658":{"desc":"L1P"},"659":{"desc":"L1P"},"65A":{"t":"PA18"},"65B":{"t":"C560"},"65E":{"desc":"A1P"},"65F":{"t":"BE33"},"660":{"t":"P28R"},"662":{"t":"M20P"},"663":{"desc":"L1P"},"664":{"t":"C310"},"665":{"desc":"L1P"},"668":{"t":"SF50"},"669":{"desc":"L1P"},"66A":{"desc":"L1P"},"66B":{"t":"C510"},"671":{"t":"ULAC"},"672":{"t":"BE10"},"673":{"t":"BE35"},"674":{"t":"C182"},"67A":{"t":"C150"},"67F":{"desc":"L2J"},"680":{"desc":"L1P"},"681":{"t":"C150"},"682":{"t":"BALL"},"684":{"t":"F900"},"687":{"desc":"L1P"},"688":{"desc":"H4E"},"68A":{"t":"DA40"},"68B":{"t":"C340"},"68C":{"t":"B190"},"68F":{"t":"BE9L"},"690":{"t":"EA50"},"691":{"t":"B47G"},"694":{"desc":"L2J"},"695":{"t":"P32R"},"696":{"t":"B190"},"699":{"desc":"L1P"},"69D":{"t":"C560"},"6A0":{"t":"B58T"},"6A2":{"t":"ULAC"},"6A3":{"desc":"L1P"},"6A6":{"desc":"L1P"},"6A9":{"t":"C172"},"6AA":{"t":"U21"},"6AC":{"t":"PA32"},"6AD":{"t":"PRM1"},"6AF":{"t":"B429"},"6B0":{"desc":"L1P"},"6B3":{"desc":"L1P"},"6B5":{"t":"LJ25"},"6B6":{"t":"C560"},"6B8":{"t":"R22"},"6B9":{"t":"BE33"},"6BA":{"t":"C550"},"6BD":{"t":"P28A"},"6BE":{"t":"E50P"},"6BF":{"t":"C175"},"6C9":{"t":"BE36"},"6CB":{"t":"T6"},"6CC":{"t":"GLID"},"6CE":{"desc":"L1P"},"6CF":{"t":"BE33"},"6D1":{"t":"PA31"},"6D2":{"t":"GLF5"},"6D3":{"desc":"L1P"},"6D5":{"t":"CL60"},"6D6":{"desc":"L1P"},"6D7":{"t":"AA1"},"6DA":{"t":"C25C"},"6DB":{"t":"AA5"},"6DC":{"t":"C56X"},"6DD":{"t":"PC12"},"6E1":{"t":"PA31"},"6E7":{"t":"T210"},"6E8":{"t":"FA10"},"6EB":{"t":"C172"},"6EF":{"t":"S22T"},"6F1":{"t":"SR20"},"6F2":{"t":"SR22"},"6F4":{"desc":"L1P"},"701":{"t":"T34P"},"705":{"t":"C25C"},"706":{"desc":"L1P"},"708":{"t":"SR22"},"709":{"desc":"L1P","t":"ULAC"},"70A":{"desc":"L1P"},"70B":{"t":"BE55"},"70D":{"t":"GLID"},"711":{"t":"C550"},"714":{"t":"AR15"},"715":{"t":"BE23"},"717":{"t":"BE55"},"718":{"t":"S108"},"719":{"t":"C310"},"71A":{"t":"P28A"},"71B":{"t":"C310"},"71C":{"t":"DG15"},"71D":{"t":"AA5"},"71E":{"t":"BE35"},"71F":{"t":"C152"},"723":{"t":"C180"},"724":{"t":"GLID"},"726":{"t":"WACO"},"729":{"t":"C82S"},"72B":{"desc":"L1P"},"72C":{"t":"C210"},"72E":{"desc":"H1P"},"72F":{"t":"DG15"},"730":{"desc":"L1P"},"731":{"desc":"L2P"},"733":{"t":"C195"},"734":{"t":"CH7A"},"735":{"desc":"H1P"},"738":{"t":"M20P"},"739":{"t":"FDCT"},"73A":{"t":"YK55"},"73B":{"t":"C172"},"73D":{"t":"SS2T"},"73E":{"t":"C310"},"740":{"t":"GLID"},"741":{"desc":"L1P"},"743":{"t":"C172"},"744":{"desc":"L1P"},"745":{"desc":"L1P"},"746":{"desc":"H1P"},"749":{"t":"GLID"},"74B":{"t":"C150"},"74D":{"desc":"L1P"},"751":{"desc":"A2P"},"755":{"desc":"L1P","t":"ULAC"},"757":{"t":"CH7A"},"759":{"t":"M20T"},"75A":{"t":"M7"},"75E":{"t":"C172"},"75F":{"t":"M7"},"761":{"t":"C310"},"763":{"t":"M7"},"765":{"t":"C150"},"76A":{"t":"GLID"},"76B":{"t":"M7"},"76C":{"t":"M20P"},"770":{"desc":"H1P"},"771":{"desc":"L1P"},"772":{"desc":"L1P"},"776":{"t":"P210"},"778":{"t":"P28A"},"779":{"t":"C195"},"77A":{"t":"CH7A"},"77B":{"t":"M20P"},"77D":{"t":"AR15"},"77E":{"t":"AC11"},"77F":{"t":"L8"},"780":{"t":"M20P"},"783":{"desc":"L1T"},"784":{"t":"P32R"},"78B":{"t":"COL4"},"78D":{"desc":"L1P"},"78F":{"t":"M20P"},"790":{"t":"C150"},"791":{"t":"C172"},"792":{"t":"M7"},"794":{"t":"J3"},"795":{"desc":"L1P","t":"ULAC"},"797":{"desc":"L1P"},"798":{"desc":"L1P"},"79A":{"t":"AT5P"},"79C":{"t":"M7"},"79D":{"t":"C172"},"79E":{"t":"AT5T"},"79F":{"t":"AT3P"},"7A0":{"t":"P28A"},"7A1":{"t":"AC11"},"7A4":{"t":"C172"},"7A5":{"desc":"L1P"},"7A6":{"t":"PA23"},"7A7":{"t":"M20P"},"7A9":{"t":"M20P"},"7AC":{"t":"C172"},"7AE":{"t":"P28A"},"7AF":{"t":"BALL"},"7B0":{"desc":"L1P"},"7B6":{"t":"M20P"},"7B9":{"t":"M20P"},"7BB":{"desc":"L1P"},"7BC":{"desc":"L1P","t":"ULAC"},"7BD":{"t":"PA46"},"7BE":{"desc":"L1P"},"7BF":{"t":"C195"},"7C0":{"t":"BL8"},"7C1":{"t":"C185"},"7C3":{"t":"AR15"},"7C5":{"t":"L8"},"7C6":{"desc":"A1P"},"7C8":{"t":"AT3P"},"7CE":{"t":"M20T"},"7CF":{"t":"AT3T"},"7D1":{"t":"M20T"},"7D4":{"t":"C150"},"7D5":{"t":"C150"},"7D7":{"t":"ST75"},"7DB":{"desc":"L1P"},"7DD":{"desc":"L1P"},"7DF":{"t":"M20P"},"7E2":{"t":"C190"},"7E3":{"t":"BL8"},"7E9":{"desc":"L1P"},"7EC":{"t":"GLID"},"7ED":{"desc":"L1P"},"7F1":{"t":"M20P"},"7F2":{"t":"C172"},"7F3":{"t":"M20P"},"7F5":{"t":"AT5T"},"7F7":{"t":"DC10"},"7FC":{"t":"B47G"},"7FE":{"desc":"H1T"},"7FF":{"t":"C150"},"800":{"t":"M7"},"801":{"desc":"A1P"},"803":{"desc":"L1J"},"807":{"t":"BE55"},"808":{"t":"AS50"},"80C":{"t":"P28S"},"80E":{"t":"M20P"},"80F":{"desc":"L1P"},"811":{"t":"M20T"},"812":{"t":"PRM1"},"813":{"t":"C182"},"814":{"t":"M7"},"816":{"t":"AT5T"},"817":{"t":"PA34"},"818":{"desc":"L1P"},"81A":{"t":"C150"},"81C":{"t":"C150"},"81D":{"t":"C150"},"81E":{"t":"M20P"},"81F":{"t":"C150"},"820":{"t":"C150"},"821":{"t":"C150"},"822":{"t":"AT5T"},"823":{"t":"M20P"},"825":{"t":"C402"},"826":{"desc":"L1P"},"827":{"t":"M20P"},"828":{"t":"C195"},"829":{"t":"CH7A"},"82A":{"t":"AT5T"},"82B":{"t":"C208"},"82D":{"desc":"L1P","t":"ULAC"},"82E":{"t":"AA5"},"82F":{"t":"M20P"},"830":{"t":"C172"},"831":{"t":"PA27"},"833":{"t":"AT3P"},"834":{"t":"M20P"},"835":{"t":"B788"},"839":{"t":"M7"},"83A":{"t":"P28A"},"83C":{"desc":"L1P"},"83D":{"t":"C150"},"83F":{"t":"C150"},"841":{"t":"ULAC"},"842":{"t":"C150"},"843":{"t":"C150"},"846":{"t":"C150"},"847":{"desc":"L1P"},"848":{"t":"PA18"},"84A":{"t":"M20P"},"84B":{"t":"C195"},"84C":{"t":"CH7B"},"84D":{"t":"SS2T"},"84E":{"desc":"L1P"},"84F":{"t":"AR15"},"852":{"t":"AT5T"},"853":{"t":"M20P"},"855":{"t":"C182"},"856":{"t":"C310"},"85D":{"t":"P28A"},"85F":{"desc":"L1P"},"861":{"desc":"L1P"},"862":{"t":"C150"},"866":{"t":"C150"},"868":{"t":"C150"},"86A":{"t":"C172"},"86B":{"t":"C180"},"86D":{"desc":"L1P"},"86E":{"t":"BL8"},"870":{"t":"B06"},"871":{"t":"C182"},"872":{"t":"GLID"},"873":{"desc":"L1P"},"874":{"t":"LJ35"},"875":{"t":"C206"},"877":{"t":"C82S"},"878":{"desc":"L1P"},"87B":{"t":"B772"},"87D":{"t":"C152"},"87F":{"desc":"L1P","t":"ULAC"},"880":{"t":"HUSK"},"881":{"t":"BE60"},"883":{"t":"GLID"},"884":{"desc":"L1P","t":"ULAC"},"885":{"desc":"L1P"},"886":{"t":"BE35"},"887":{"t":"BL8"},"889":{"t":"SR22"},"88C":{"desc":"L1P"},"88D":{"desc":"L1P"},"88E":{"t":"B350"},"88F":{"desc":"L1P"},"890":{"t":"BE55"},"892":{"t":"BALL"},"894":{"desc":"L1P"},"895":{"t":"BE9L"},"896":{"desc":"L1P"},"899":{"t":"T6"},"89B":{"t":"BL8"},"89D":{"t":"MITE"},"89E":{"t":"C425"},"89F":{"desc":"L1P"},"8A0":{"t":"BE40"},"8A1":{"t":"SR22"},"8A2":{"t":"P32R"},"8A3":{"t":"BALL"},"8A4":{"t":"C208"},"8A5":{"t":"C182"},"8A6":{"desc":"L1P"},"8A8":{"desc":"H1T"},"8A9":{"t":"BE24"},"8AA":{"t":"CRJ2"},"8AB":{"t":"GLF5"},"8AE":{"desc":"L1P"},"8B0":{"desc":"H6E"},"8B1":{"t":"GLF4"},"8B2":{"t":"C77R"},"8B3":{"t":"GLID"},"8B4":{"t":"GLID"},"8B6":{"desc":"L1P"},"8B7":{"t":"DA42"},"8B8":{"desc":"L1P"},"8B9":{"t":"BE55"},"8BC":{"desc":"L1P"},"8BD":{"t":"B06"},"8BE":{"t":"PA24"},"8BF":{"desc":"L1P"},"8C0":{"desc":"L1P"},"8C1":{"t":"AS50"},"8C2":{"t":"AC11"},"8C3":{"desc":"L1P"},"8C4":{"t":"C150"},"8C5":{"t":"A321"},"8C6":{"t":"P32T"},"8C8":{"desc":"L1P"},"8C9":{"t":"BCS1"},"8CB":{"t":"P32R"},"8CC":{"t":"M20P"},"8CD":{"t":"C82S"},"8CE":{"desc":"L1P","t":"ULAC"},"8D0":{"desc":"L1P"},"8D1":{"t":"PA18"},"8D2":{"t":"M20P"},"8D3":{"t":"SR20"},"8D4":{"t":"T206"},"8D5":{"t":"C680"},"8D6":{"desc":"L2P"},"8D7":{"desc":"L1P"},"8DA":{"t":"GLID"},"8DB":{"desc":"L1P"},"8DD":{"desc":"L1P"},"8DF":{"t":"C56X"},"8E0":{"desc":"L1P"},"8E5":{"t":"E300"},"8E8":{"t":"CH7B"},"8E9":{"t":"C150"},"8EA":{"desc":"H1P"},"8EB":{"t":"C680"},"8EC":{"t":"BE19"},"8ED":{"t":"B763"},"8EF":{"t":"E50P"},"8F0":{"t":"GLID"},"8F2":{"t":"SR22"},"8F3":{"t":"C150"},"8F4":{"t":"PA34"},"8F8":{"t":"C240"},"8F9":{"desc":"L1P"},"8FA":{"t":"T6"},"8FB":{"t":"C510"},"8FF":{"desc":"L1P"},"904":{"desc":"L1P"},"905":{"t":"R44"},"906":{"desc":"L1P"},"90A":{"desc":"L1P"},"90B":{"t":"P28U"},"90C":{"desc":"L1P"},"90D":{"t":"GLID"},"90E":{"t":"P28A"},"90F":{"desc":"L1T"},"911":{"t":"C140"},"913":{"desc":"L1P"},"915":{"t":"C172"},"916":{"t":"SR22"},"917":{"desc":"L1P","t":"ULAC"},"91A":{"desc":"L1P"},"91C":{"desc":"L1P"},"91D":{"desc":"L1P"},"920":{"t":"B407"},"922":{"t":"PA27"},"923":{"t":"HDJT"},"925":{"t":"C425"},"929":{"t":"E75L"},"92B":{"t":"FA10"},"92C":{"t":"BE35"},"932":{"t":"F2TH"},"933":{"t":"P28A"},"934":{"desc":"L1P"},"936":{"desc":"L1P"},"938":{"t":"PC12"},"939":{"desc":"L1P"},"93A":{"t":"T6"},"93B":{"t":"C210"},"93C":{"desc":"H2T"},"93D":{"t":"P28R"},"93E":{"t":"C550"},"93F":{"t":"BE35"},"940":{"desc":"L1P"},"941":{"t":"DA40"},"943":{"desc":"L1P"},"945":{"t":"HDJT"},"948":{"t":"C525"},"94C":{"desc":"L1P"},"94F":{"t":"PA18"},"952":{"t":"CL60"},"953":{"t":"BT36"},"955":{"desc":"L1P"},"956":{"t":"LJ45"},"957":{"desc":"L1P"},"958":{"t":"BE36"},"95A":{"t":"C560"},"95B":{"desc":"A1T","t":"KODI"},"95C":{"t":"PA12"},"95D":{"t":"C172"},"95E":{"t":"C182"},"95F":{"t":"M20P"},"961":{"t":"P28A"},"965":{"t":"PC12"},"966":{"t":"C172"},"967":{"t":"BALL"},"968":{"t":"BL17"},"969":{"t":"C525"},"96A":{"t":"GLID"},"96C":{"desc":"A1P"},"96E":{"t":"C172"},"970":{"t":"P28A"},"973":{"t":"C82S"},"978":{"t":"C172"},"979":{"t":"GLID"},"97A":{"desc":"L1P","t":"ULAC"},"97F":{"t":"PA31"},"980":{"t":"C175"},"981":{"desc":"L2T"},"983":{"t":"C402"},"984":{"t":"B47G"},"985":{"desc":"L1P"},"986":{"desc":"L2J","t":"GLF5"},"987":{"t":"C150"},"989":{"t":"PA34"},"98B":{"desc":"L1P"},"98C":{"desc":"L1P"},"98E":{"t":"SR20"},"98F":{"t":"P28A"},"990":{"t":"T206"},"991":{"t":"M20P"},"993":{"t":"SR22"},"994":{"t":"GLF5"},"996":{"desc":"H2T"},"997":{"t":"TNAV"},"998":{"t":"AS50"},"99A":{"t":"PA31"},"99B":{"t":"LJ60"},"99C":{"desc":"L2P"},"9A2":{"t":"P28A"},"9A3":{"t":"P32T"},"9A4":{"t":"A321"},"9A8":{"t":"SR20"},"9AC":{"t":"PA27"},"9AD":{"t":"TBM7"},"9AE":{"t":"GLF4"},"9AF":{"t":"T6"},"9B0":{"t":"GLID"},"9B1":{"t":"BT36"},"9B5":{"desc":"A2P"},"9B6":{"desc":"L1P"},"9B7":{"t":"C680"},"9BA":{"t":"PC12"},"9BB":{"t":"PA27"},"9BC":{"desc":"L1P"},"9BF":{"t":"C210"},"9C0":{"desc":"L1P"},"9C1":{"t":"C425"},"9C2":{"t":"BE36"},"9C4":{"t":"F2TH"},"9C8":{"desc":"L1P"},"9DA":{"t":"GL5T"},"9E2":{"t":"GC1"},"9E3":{"t":"BL8"},"9E4":{"t":"C421"},"9E5":{"t":"PA31"},"9E6":{"desc":"L1P"},"9E7":{"t":"CL60"},"9E8":{"t":"T6"},"9E9":{"t":"C182"},"9EA":{"desc":"L1P"},"9EB":{"desc":"L1P"},"9EC":{"t":"C172"},"9EE":{"t":"P28A"},"9F0":{"t":"GLID"},"9F2":{"t":"C501"},"9F4":{"t":"P28T"},"9F6":{"desc":"L1P"},"9F7":{"t":"GLID"},"9F8":{"desc":"L2J"},"9FA":{"desc":"L1P"},"9FC":{"t":"PA34"},"9FD":{"desc":"L1P"},"9FE":{"t":"PA18"},"A02":{"t":"BE20"},"A03":{"desc":"L1P"},"A04":{"desc":"H1P"},"A05":{"desc":"L1P","t":"ULAC"},"A06":{"t":"PA23"},"A08":{"t":"BE10"},"A09":{"t":"C182"},"A0C":{"t":"LJ60"},"A0D":{"desc":"L1P"},"A0F":{"desc":"L1P"},"A11":{"desc":"L1P"},"A12":{"desc":"H1T"},"A14":{"t":"M20P"},"A15":{"t":"C421"},"A16":{"desc":"L1P"},"A17":{"t":"C182"},"A18":{"t":"B737"},"A1A":{"t":"C172"},"A1C":{"t":"BL8"},"A1D":{"desc":"L1P"},"A1E":{"t":"P32R"},"A1F":{"t":"B06"},"A20":{"t":"BALL"},"A24":{"desc":"L1P"},"A26":{"t":"CJ6"},"A28":{"t":"R44"},"A29":{"desc":"L1P"},"A2A":{"t":"GLID"},"A2D":{"t":"C525"},"A2E":{"t":"PA23"},"A31":{"t":"GL5T"},"A32":{"t":"B190"},"A37":{"t":"M20T"},"A38":{"desc":"A1P","t":"ULAC"},"A3F":{"t":"C172"},"A41":{"desc":"L2T"},"A46":{"t":"VO10"},"A47":{"desc":"L1P"},"A48":{"t":"C182"},"A4A":{"desc":"L2T"},"A50":{"t":"C172"},"A52":{"t":"SR22"},"A54":{"t":"P28A"},"A56":{"t":"M7"},"A57":{"t":"LJ24"},"A58":{"t":"T6"},"A59":{"t":"EC45"},"A5B":{"t":"C750"},"A5F":{"t":"P32R"},"A60":{"desc":"L2T"},"A61":{"desc":"L1P"},"A62":{"t":"P32R"},"A63":{"t":"C56X"},"A64":{"t":"BE35"},"A66":{"desc":"L1P"},"A67":{"desc":"L1P"},"A69":{"desc":"L1P"},"A6D":{"t":"C182"},"A6F":{"t":"BE40"},"A70":{"t":"C172"},"A76":{"t":"C560"},"A77":{"desc":"L1P"},"A78":{"t":"T6"},"A83":{"desc":"L1P"},"A84":{"t":"SR22"},"A8A":{"t":"G280"},"A8C":{"desc":"L1P"},"A8D":{"t":"C208"},"A8E":{"desc":"L1P"},"A91":{"t":"WACF"},"A93":{"t":"PA31"},"A9B":{"desc":"L1P"},"AA3":{"t":"P28B"},"AA7":{"desc":"L1P"},"AA8":{"desc":"L1P","t":"ULAC"},"AB5":{"t":"BALL"},"AB8":{"desc":"L1P","t":"ULAC"},"ABB":{"desc":"L1P"},"ABF":{"t":"H269"},"AC1":{"t":"PA12"},"AC4":{"t":"M20P"},"AC7":{"t":"C195"},"AC8":{"desc":"L1P"},"AC9":{"desc":"L2P"},"ACA":{"t":"M20P"},"ACB":{"t":"AR15"},"ACD":{"t":"M4"},"ACE":{"t":"AT3P"},"ACF":{"desc":"L1P"},"AD0":{"t":"C680"},"AD2":{"t":"CH7B"},"AD3":{"t":"CH7A"},"AD7":{"desc":"L2T"},"AD8":{"t":"FA24"},"AD9":{"desc":"L1P"},"ADA":{"t":"P28R"},"ADB":{"desc":"L1P"},"ADD":{"t":"C150"},"AE0":{"desc":"L1P"},"AE1":{"t":"C150"},"AE6":{"t":"T210"},"AE7":{"t":"PA18"},"AEB":{"desc":"L1J"},"AEC":{"desc":"L1P"},"AEE":{"t":"AR15"},"AEF":{"t":"AC11"},"AF0":{"desc":"L1P"},"AF1":{"desc":"A1P"},"AF3":{"t":"C172"},"AF6":{"t":"M20P"},"AF7":{"t":"C310"},"AF8":{"t":"CH7A"},"AF9":{"desc":"L1P"},"AFA":{"desc":"L1P","t":"ULAC"},"AFB":{"t":"BE35"},"AFE":{"desc":"L1P"},"B00":{"t":"COL4"},"B02":{"t":"BALL"},"B03":{"t":"AT5T"},"B04":{"desc":"L1P"},"B05":{"desc":"L1P"},"B06":{"t":"AT5T"},"B09":{"t":"AR11"},"B0A":{"t":"PA18"},"B0B":{"t":"AT3T"},"B0C":{"t":"M20T"},"B10":{"t":"AA1"},"B11":{"desc":"L1P"},"B12":{"desc":"L1P"},"B15":{"t":"M7"},"B17":{"t":"M20P"},"B1B":{"t":"AT3P"},"B1F":{"t":"P28R"},"B20":{"t":"C182"},"B21":{"t":"AT5T"},"B22":{"desc":"L1P"},"B24":{"t":"AT8T"},"B25":{"t":"GLF2"},"B26":{"t":"GLID"},"B27":{"t":"AT5T"},"B28":{"t":"AT5T"},"B29":{"desc":"L1P"},"B2B":{"t":"AT5T"},"B2C":{"t":"CL30"},"B2D":{"t":"B763"},"B2E":{"t":"ULAC"},"B30":{"t":"C195"},"B31":{"t":"CH7B"},"B32":{"t":"AT3P"},"B34":{"t":"AR15"},"B36":{"t":"L8"},"B37":{"t":"M20P"},"B3B":{"t":"M7"},"B3D":{"t":"AT3P"},"B3F":{"t":"M20P"},"B42":{"t":"P28R"},"B43":{"t":"C182"},"B45":{"t":"CH7A"},"B46":{"t":"C150"},"B48":{"t":"NAVI"},"B49":{"t":"C150"},"B4B":{"t":"C150"},"B50":{"t":"S22T"},"B52":{"desc":"L1P","t":"ULAC"},"B54":{"t":"CH7A"},"B55":{"t":"C172"},"B56":{"t":"M7"},"B5A":{"t":"AT3P"},"B5B":{"t":"C150"},"B5C":{"t":"AT3P"},"B5D":{"desc":"L1P","t":"ULAC"},"B5E":{"t":"M7"},"B60":{"desc":"L1P"},"B61":{"t":"C82T"},"B62":{"t":"M20P"},"B64":{"t":"BE55"},"B66":{"desc":"L1P"},"B67":{"desc":"L1P"},"B68":{"t":"C182"},"B69":{"t":"C150"},"B6A":{"desc":"L1P"},"B6B":{"t":"M20P"},"B6C":{"t":"C150"},"B6D":{"t":"NAVI"},"B6E":{"t":"C150"},"B6F":{"desc":"L1P"},"B70":{"t":"C150"},"B74":{"t":"B788"},"B75":{"desc":"L1P"},"B76":{"t":"C195"},"B77":{"t":"M20P"},"B78":{"t":"C185"},"B7C":{"t":"L8"},"B7D":{"t":"AT3P"},"B7E":{"t":"C150"},"B81":{"t":"C310"},"B83":{"t":"M20P"},"B84":{"t":"DA40"},"B86":{"t":"C172"},"B87":{"t":"BE55"},"B8A":{"t":"GLID"},"B8B":{"t":"C150"},"B8D":{"desc":"L1P"},"B90":{"t":"M20P"},"B91":{"t":"E45X"},"B92":{"t":"M4"},"B93":{"desc":"L1P"},"B95":{"desc":"L1P"},"B97":{"t":"M20P"},"B98":{"t":"M20P"},"B99":{"t":"C195"},"B9A":{"t":"M20P"},"B9E":{"t":"C150"},"BA2":{"t":"C182"},"BA7":{"t":"C82S"},"BA8":{"t":"M20T"},"BA9":{"t":"C172"},"BAA":{"t":"BE35"},"BAB":{"t":"M20T"},"BB0":{"t":"M20T"},"BB3":{"t":"M20T"},"BB5":{"t":"M20T"},"BB6":{"desc":"L1P"},"BB7":{"desc":"L1P"},"BB8":{"t":"GLID"},"BB9":{"t":"PA18"},"BBA":{"desc":"H8E"},"BBB":{"t":"M20P"},"BBD":{"t":"CH7B"},"BBE":{"t":"M20P"},"BBF":{"t":"M20T"},"BC0":{"desc":"L1P"},"BC1":{"t":"AC11"},"BC2":{"desc":"L1P"},"BC3":{"t":"M20T"},"BC4":{"t":"M20T"},"BC6":{"t":"PA23"},"BC7":{"desc":"L1P"},"BC9":{"t":"PA18"},"BCA":{"t":"AC11"},"BCB":{"desc":"L1P"},"BCD":{"desc":"L1P"},"BCE":{"t":"AT3T"},"BD1":{"desc":"L1P"},"BD2":{"t":"C177"},"BD6":{"t":"B47G"},"BD7":{"t":"C182"},"BD8":{"t":"C150"},"BD9":{"desc":"L2P"},"BDC":{"desc":"L1P"},"BDD":{"desc":"L1P"},"BDE":{"t":"M20P"},"BDF":{"desc":"L1P"},"BE0":{"t":"BL8"},"BE1":{"desc":"L1P"},"BE2":{"desc":"L1P"},"BE3":{"t":"C82T"},"BE4":{"desc":"L2T"},"BE7":{"t":"M20P"},"BE9":{"desc":"L1P"},"BEA":{"desc":"L1P"},"BEB":{"desc":"L1P"},"BED":{"t":"PA24"},"BEE":{"desc":"L1P"},"BEF":{"t":"M20P"},"BF0":{"t":"BE35"},"BF4":{"desc":"L2T"},"BF9":{"t":"AT5T"},"BFA":{"t":"C150"},"BFB":{"t":"B788"},"BFC":{"t":"CH7A"},"BFD":{"t":"AT3T"},"BFF":{"desc":"L1P","t":"ULAC"},"C01":{"t":"M20P"},"C03":{"t":"CH7A"},"C04":{"t":"C172"},"C08":{"desc":"L1P"},"C0A":{"t":"M7"},"C0B":{"desc":"A2P"},"C0C":{"t":"SR20"},"C0F":{"t":"AT5T"},"C10":{"t":"PA44"},"C12":{"t":"R44"},"C16":{"t":"M20P"},"C19":{"desc":"L1T","t":"AT3P"},"C1B":{"t":"M20P"},"C1C":{"t":"UH12"},"C1D":{"t":"UH12"},"C1F":{"t":"RC3"},"C20":{"desc":"L2J"},"C22":{"t":"GLEX"},"C23":{"t":"HUSK"},"C25":{"t":"C172"},"C26":{"t":"C441"},"C27":{"t":"B407"},"C28":{"t":"R44"},"C2A":{"desc":"H2T"},"C2B":{"t":"C525"},"C2C":{"t":"C206"},"C2D":{"desc":"L1P"},"C2E":{"t":"HUSK"},"C30":{"t":"P46T"},"C32":{"t":"S22T"},"C33":{"t":"AA5"},"C34":{"t":"M20P"},"C3B":{"t":"C337"},"C3C":{"desc":"A1P","t":"ULAC"},"C3D":{"t":"UH12"},"C3F":{"desc":"L1P"},"C40":{"desc":"L1P"},"C42":{"desc":"L2J","t":"GLF5"},"C43":{"t":"AR11"},"C45":{"t":"GLID"},"C46":{"desc":"L1P"},"C47":{"t":"BALL"},"C48":{"t":"C206"},"C4A":{"t":"GLF4"},"C4B":{"t":"C182"},"C4C":{"desc":"L1P"},"C4D":{"desc":"L1P"},"C53":{"t":"E190"},"C54":{"t":"C180"},"C55":{"t":"HUSK"},"C57":{"t":"BE36"},"C58":{"t":"SR20"},"C59":{"t":"CL30"},"C5B":{"desc":"H1T"},"C5D":{"t":"SR20"},"C63":{"desc":"H1T"},"C66":{"t":"FDCT"},"C68":{"t":"R44"},"C6C":{"t":"BE58"},"C6D":{"desc":"L1P"},"C6E":{"t":"B762"},"C6F":{"t":"BE20"},"C71":{"desc":"L1P"},"C72":{"t":"P28A"},"C73":{"t":"DV20"},"C74":{"desc":"A1P"},"C78":{"t":"BT36"},"C79":{"desc":"L1P"},"C7A":{"t":"A321"},"C7B":{"desc":"A1P","t":"ULAC"},"C7D":{"t":"C551"},"C7E":{"t":"C510"},"C80":{"t":"BCS1"},"C81":{"t":"GLID"},"C82":{"t":"SR22"},"C85":{"t":"GLF5"},"C87":{"t":"P32R"},"C89":{"t":"BL8"},"C91":{"desc":"L1P"},"C94":{"t":"E50P"},"C96":{"t":"P28R"},"C98":{"t":"GLID"},"C9A":{"desc":"L1P","t":"ULAC"},"C9C":{"t":"E300"},"C9D":{"desc":"L1P"},"C9E":{"desc":"L1P"},"CA0":{"t":"BE55"},"CA1":{"t":"P28A"},"CA2":{"desc":"L1P","t":"ULAC"},"CA3":{"desc":"H4E","t":"GALX"},"CA4":{"t":"B763"},"CAB":{"desc":"L1P"},"CAD":{"t":"COL3"},"CB3":{"t":"C172"},"CB4":{"t":"UH1"},"CBA":{"t":"GLID"},"CBF":{"t":"SR20"},"CC4":{"desc":"L1P"},"CC6":{"desc":"L2T"},"CC9":{"t":"BE9L"},"CCD":{"desc":"L1P"},"CCE":{"desc":"L1P","t":"ULAC"},"CD3":{"t":"C550"},"CDB":{"desc":"L1P","t":"ULAC"},"CDC":{"t":"BE36"},"CDD":{"desc":"H1T"},"CDE":{"t":"EC35"},"CE0":{"t":"E75L"},"CE2":{"t":"GLID"},"CE6":{"t":"C172"},"CE8":{"t":"HUSK"},"CEB":{"desc":"G1P"},"CEC":{"desc":"L1P"},"CED":{"t":"ULAC"},"CEF":{"t":"GLF4"},"CF0":{"t":"C82S"},"CF2":{"desc":"L1T"},"CF3":{"t":"T210"},"CF4":{"t":"E300"},"CF5":{"t":"SF50"},"CF6":{"t":"BE35"},"CF8":{"desc":"L1P"},"CFA":{"t":"C310"},"CFC":{"desc":"L1P"},"CFE":{"t":"BL8"},"D01":{"desc":"L1P","t":"ULAC"},"D03":{"t":"GLID"},"D06":{"desc":"L1P"},"D0F":{"desc":"L1P"},"D13":{"t":"B350"},"D14":{"t":"C172"},"D15":{"desc":"L1P"},"D16":{"desc":"L1P"},"D18":{"t":"SR22"},"D1A":{"t":"P210"},"D1D":{"t":"C172"},"D1E":{"t":"BALL"},"D1F":{"t":"P28A"},"D21":{"desc":"L1P"},"D22":{"t":"TBM7"},"D23":{"desc":"L1P"},"D25":{"t":"LJ60"},"D27":{"t":"PA34"},"D2A":{"t":"C182"},"D2D":{"desc":"L1P"},"D2E":{"t":"SR22"},"D2F":{"t":"H269"},"D31":{"t":"PA18"},"D33":{"desc":"L1P"},"D35":{"desc":"L1P"},"D36":{"t":"C182"},"D38":{"t":"T6"},"D39":{"t":"M4"},"D3A":{"desc":"L1P"},"D3C":{"t":"FDCT"},"D40":{"desc":"L1P"},"D41":{"t":"GC1"},"D45":{"t":"M7"},"D48":{"t":"C172"},"D4F":{"t":"R22"},"D53":{"desc":"H8E"},"D57":{"t":"B06"},"D5A":{"desc":"L1P"},"D5B":{"t":"A321"},"D60":{"desc":"H3E"},"D65":{"t":"GLF4"},"D68":{"desc":"L1P","t":"E50P"},"D69":{"t":"SR22"},"D6A":{"desc":"L1P"},"D6C":{"desc":"L1P","t":"ULAC"},"D6D":{"t":"P28A"},"D6F":{"desc":"L1P"},"D70":{"desc":"L1P","t":"ULAC"},"D71":{"desc":"L1P"},"D72":{"t":"M20P"},"D73":{"desc":"L1P"},"D77":{"t":"C172"},"D78":{"t":"T34P"},"D79":{"t":"M20P"},"D80":{"t":"BE55"},"D9B":{"t":"BE35"},"D9C":{"desc":"L1P"},"D9E":{"desc":"A1P"},"D9F":{"t":"AS50"},"DA1":{"desc":"L1P"},"DA2":{"desc":"L1P"},"DA5":{"t":"PA34"},"DAA":{"t":"T206"},"DAD":{"desc":"L1P"},"DAE":{"desc":"L1P"},"DB2":{"t":"BE36"},"DB3":{"t":"BE18"},"DB4":{"t":"BE60"},"DB5":{"t":"ULAC"},"DB6":{"desc":"L1P"},"DB9":{"desc":"L1J"},"DBA":{"desc":"H1T","t":"B47G"},"DBB":{"t":"C172"},"DC0":{"desc":"A1P","t":"ULAC"},"DC2":{"t":"SR22"},"DC3":{"desc":"L1P"},"DC4":{"t":"ULAC"},"DC5":{"t":"H500"},"DC7":{"t":"R66"},"DC8":{"desc":"L1P"},"DC9":{"desc":"L1P"},"DCA":{"desc":"L1P","t":"ULAC"},"DCB":{"t":"PA18"},"DCC":{"desc":"L1P"},"DCD":{"desc":"H8E"},"DCE":{"t":"PA18"},"DD2":{"desc":"G1P","t":"GYRO"},"DD3":{"desc":"L1P"},"DD4":{"desc":"L1P"},"DD5":{"desc":"L1P"},"DD6":{"t":"GLID"},"DD7":{"t":"PA31"},"DD8":{"t":"M20T"},"DDC":{"desc":"A1P"},"DDD":{"desc":"L1P"},"DE0":{"t":"GLID"},"DE1":{"t":"DV20"},"DE2":{"desc":"L1P"},"DE4":{"t":"DV20"},"DE7":{"t":"C152"},"DF0":{"desc":"H2T"},"DF8":{"t":"DA40"},"DF9":{"t":"A320"},"E0B":{"t":"C560"},"E0D":{"t":"C750"},"E0E":{"t":"LJ25"},"E0F":{"desc":"H4E"},"E12":{"t":"PA18"},"E17":{"t":"PA18"},"E18":{"desc":"L2P"},"E19":{"t":"C340"},"E1A":{"desc":"H4E"},"E1E":{"t":"PA31"},"E20":{"t":"BE9T"},"E21":{"desc":"L1P"},"E22":{"t":"PA31"},"E24":{"t":"H269"},"E26":{"t":"PA20"},"E2B":{"desc":"L1P"},"E2D":{"t":"C560"},"E2E":{"desc":"L1P"},"E2F":{"t":"C310"},"E3A":{"t":"PAY2"},"E3D":{"desc":"L1P"},"E45":{"desc":"L1J"},"E48":{"t":"YAK3"},"E4A":{"desc":"A1P"},"E52":{"t":"YK52"},"E54":{"t":"M20P"},"E5F":{"desc":"L1P","t":"ULAC"},"E61":{"desc":"L1P"},"E76":{"desc":"L1P"},"E77":{"desc":"L1P"},"E7A":{"desc":"L1P"},"E7B":{"t":"M20P"},"E7E":{"t":"P28A"},"E82":{"t":"PA30"},"E86":{"t":"C182"},"E89":{"t":"H269"},"E8B":{"t":"H269"},"E8C":{"t":"H269"},"E8D":{"t":"C170"},"E8E":{"t":"C206"},"E8F":{"t":"BE35"},"E90":{"desc":"L1P"},"E92":{"t":"H269"},"E95":{"t":"G164"},"E98":{"t":"C150"},"E9A":{"t":"C150"},"E9B":{"t":"C150"},"E9D":{"desc":"L2P"},"E9F":{"t":"AT5T"},"EA0":{"t":"C182"},"EA2":{"t":"CH7A"},"EA4":{"desc":"L1P"},"EA6":{"t":"AC11"},"EA7":{"t":"M20P"},"EA9":{"t":"C150"},"EAB":{"t":"C82S"},"EAC":{"t":"M7"},"EAE":{"desc":"H4E"},"EB0":{"t":"M20P"},"EB1":{"desc":"L1P"},"EB2":{"t":"BE36"},"EB3":{"t":"P28R"},"EB6":{"t":"G164"},"EB7":{"t":"G164"},"EB9":{"t":"C177"},"EBB":{"t":"G164"},"EBE":{"t":"G164"},"EC2":{"t":"PA18"},"EC4":{"t":"C195"},"EC6":{"t":"C185"},"EC7":{"t":"C525"},"ECB":{"desc":"A1P"},"ECC":{"t":"C182"},"ECD":{"t":"AT5T"},"ECF":{"t":"UH1"},"ED1":{"desc":"L2T"},"ED3":{"t":"M20T"},"ED6":{"t":"P28R"},"ED7":{"t":"RV12"},"EDB":{"t":"COL4"},"EDE":{"desc":"L1P"},"EE3":{"t":"GLID"},"EE4":{"t":"PA18"},"EE6":{"t":"E135"},"EE7":{"t":"TAYB"},"EE8":{"t":"CH7A"},"EE9":{"t":"C185"},"EEA":{"t":"UH12"},"EED":{"t":"PA18"},"EEF":{"t":"SF50"},"EF0":{"t":"PA18"},"EF4":{"t":"WACO"},"EF8":{"t":"BE33"},"EF9":{"t":"P28B"},"EFB":{"desc":"L1P"},"EFE":{"desc":"L1P","t":"ULAC"},"F01":{"t":"M7"},"F06":{"t":"C210"},"F08":{"t":"BALL"},"F09":{"t":"M20P"},"F0A":{"desc":"L1P"},"F0C":{"t":"A321"},"F0D":{"t":"ULAC"},"F0E":{"t":"P28A"},"F10":{"desc":"A1P","t":"ULAC"},"F11":{"t":"BE60"},"F12":{"t":"C182"},"F13":{"desc":"L1P"},"F14":{"t":"BALL"},"F15":{"t":"P28A"},"F16":{"desc":"L1P"},"F17":{"t":"TBM7"},"F18":{"t":"BE35"},"F19":{"t":"PA34"},"F1B":{"desc":"L1P"},"F1E":{"desc":"L1P"},"F1F":{"t":"M7"},"F21":{"t":"C210"},"F26":{"t":"G164"},"F27":{"desc":"H2T"},"F28":{"desc":"L1P"},"F29":{"desc":"L1P"},"F2A":{"t":"AT5T"},"F2E":{"t":"CH7A"},"F30":{"desc":"L1P"},"F35":{"t":"C182"},"F36":{"t":"M7"},"F3B":{"desc":"A1P"},"F3D":{"t":"C172"},"F3E":{"t":"BE35"},"F3F":{"t":"P28A"},"F41":{"desc":"L1P","t":"ULAC"},"F42":{"t":"G164"},"F43":{"desc":"L1P"},"F45":{"t":"G164"},"F46":{"t":"G164"},"F47":{"t":"C150"},"F48":{"t":"G164"},"F4C":{"desc":"L1P"},"F4D":{"t":"M20P"},"F4E":{"t":"BE50"},"F4F":{"t":"M20T"},"F51":{"t":"CH7A"},"F52":{"t":"M20P"},"F54":{"t":"P28A"},"F55":{"t":"AC11"},"F58":{"t":"C172"},"F59":{"t":"M20P"},"F5A":{"desc":"H8E"},"F5D":{"desc":"L1P"},"F5E":{"t":"BE35"},"F5F":{"t":"M20T"},"F60":{"t":"C208"},"F61":{"desc":"L1P"},"F62":{"t":"P28A"},"F63":{"t":"B412"},"F65":{"desc":"L1P"},"F67":{"t":"C82S"},"F6F":{"desc":"L1P"},"F71":{"t":"P28A"},"F72":{"t":"BE36"},"F73":{"t":"C421"},"F74":{"t":"CH7A"},"F75":{"t":"PA32"},"F7A":{"desc":"L1P"},"F7B":{"t":"C172"},"F7D":{"t":"C680"},"F81":{"t":"M20P"},"F83":{"desc":"H1P"},"F85":{"t":"C180"},"F86":{"desc":"L1P"},"F8C":{"t":"GLF5"},"F91":{"desc":"L1P"},"F93":{"desc":"L1P"},"F95":{"t":"ST75"},"F97":{"t":"CH7A"},"F98":{"t":"C185"},"F99":{"t":"C82S"},"F9A":{"t":"AR15"},"F9E":{"t":"C182"},"FA1":{"desc":"L1P"},"FA2":{"t":"P210"},"FA3":{"t":"B407"},"FA4":{"t":"BL8"},"FA6":{"desc":"L1P"},"FA7":{"t":"BE55"},"FAF":{"t":"M7"},"FB1":{"t":"G164"},"FB6":{"t":"PA18"},"FB7":{"t":"M20P"},"FB9":{"desc":"L1P"},"FBA":{"t":"CH7B"},"FBC":{"desc":"A2P"},"FBD":{"t":"P28A"},"FBF":{"t":"L8"},"FC1":{"t":"M20P"},"FC2":{"t":"M7"},"FC3":{"t":"ST75"},"FC5":{"t":"BE36"},"FC6":{"desc":"L1P"},"FC7":{"t":"T206"},"FC9":{"desc":"L1P"},"FCA":{"desc":"L1P"},"FCB":{"t":"PA32"},"FCC":{"t":"C208"},"FCE":{"desc":"L1P"},"FD1":{"desc":"A1P"},"FD2":{"t":"G164"},"FD6":{"t":"G164"},"FDA":{"t":"HUSK"},"FDC":{"t":"BL8"},"FDE":{"t":"B06"},"FE3":{"t":"GLF5"},"FE4":{"desc":"L1P"},"FE5":{"t":"C185"},"FE6":{"t":"C208"},"FE9":{"t":"C182"},"FEA":{"t":"C82T"},"FEB":{"t":"PA32"},"FED":{"t":"P28A"},"FEE":{"desc":"L1P"},"FF1":{"desc":"H4E"},"FF2":{"desc":"L1P","t":"ULAC"},"FF3":{"desc":"L2P"},"FF4":{"t":"HUSK"},"FF5":{"t":"BL8"},"FF7":{"desc":"L1P"},"FFA":{"desc":"L1P"},"FFB":{"desc":"L1P"},"FFE":{"t":"PA44"}}