{"000":{"t":"GLID"},"003":{"t":"PA12"},"005":{"t":"PA31"},"007":{"desc":"L1P"},"00A":{"t":"C560"},"00B":{"t":"SR22"},"00E":{"t":"P28T"},"00F":{"t":"GLF3"},"012":{"desc":"H1T"},"013":{"desc":"L1P"},"016":{"t":"C25A"},"019":{"t":"H269"},"01B":{"t":"GLID"},"01C":{"desc":"L1P"},"01D":{"t":"C172"},"020":{"t":"BE30"},"021":{"t":"C550"},"024":{"desc":"L1P"},"025":{"t":"ULAC"},"026":{"t":"ERCO"},"027":{"t":"C150"},"029":{"t":"E55P"},"02A":{"desc":"L1P"},"02B":{"desc":"A1P"},"02D":{"desc":"L1P"},"02F":{"t":"C175"},"030":{"t":"SF50"},"034":{"desc":"L1P"},"035":{"t":"C25B"},"036":{"t":"C320"},"037":{"t":"BCS1"},"039":{"desc":"H6E"},"03A":{"t":"M20T"},"03B":{"t":"A321"},"03D":{"desc":"L1P"},"03E":{"t":"P32R"},"040":{"t":"C402"},"041":{"desc":"L1P"},"042":{"t":"SR22"},"049":{"t":"C310"},"04A":{"t":"PA46"},"04D":{"t":"SR20"},"04E":{"desc":"L1P"},"054":{"t":"BE36"},"055":{"t":"LJ45"},"057":{"desc":"H8E"},"058":{"t":"GLID"},"05B":{"t":"B763"},"05C":{"desc":"L1P"},"060":{"desc":"L1P"},"064":{"t":"COL3"},"066":{"t":"C150"},"067":{"t":"C310"},"069":{"t":"ULAC"},"06A":{"t":"C172"},"06F":{"t":"BE18"},"071":{"t":"BALL"},"072":{"t":"GLID"},"074":{"desc":"L1P"},"076":{"t":"SR22"},"077":{"t":"GLID"},"07A":{"t":"PA31"},"07B":{"desc":"L1P"},"07C":{"t":"B737"},"07D":{"t":"BALL"},"07F":{"t":"C56X"},"080":{"t":"M5"},"081":{"t":"GLID"},"083":{"t":"GLID"},"084":{"t":"GLID"},"08B":{"desc":"L2J"},"08C":{"desc":"L1P"},"091":{"t":"HDJT"},"092":{"desc":"L1P"},"094":{"desc":"L1P"},"096":{"t":"PA24"},"097":{"t":"E75L"},"099":{"t":"M7"},"09C":{"t":"ULAC"},"09F":{"t":"HUSK"},"0A1":{"t":"GLID"},"0A2":{"t":"UH12"},"0A4":{"t":"FA62"},"0A5":{"t":"TBM7"},"0A7":{"t":"ERCO"},"0A8":{"t":"C414"},"0A9":{"desc":"L1P"},"0AA":{"desc":"L1P"},"0AB":{"t":"P28A"},"0AC":{"t":"LJ31"},"0AD":{"t":"GLID"},"0AF":{"desc":"H1T"},"0B1":{"desc":"L1P"},"0B2":{"desc":"L1P"},"0B3":{"t":"HDJT"},"0B8":{"desc":"L1P","t":"ULAC"},"0BB":{"t":"B350"},"0BD":{"t":"P28B"},"0C0":{"t":"C172"},"0C4":{"t":"C25B"},"0CB":{"t":"C172"},"0D3":{"desc":"L1P"},"0D4":{"t":"AT3T"},"0D5":{"t":"BALL"},"0D6":{"t":"S22T"},"0D9":{"desc":"L1P"},"0DB":{"t":"BE58"},"0DE":{"desc":"L1P"},"0DF":{"t":"GLID"},"0E4":{"t":"GLID"},"0E5":{"t":"T6"},"0E6":{"t":"C172"},"0ED":{"t":"HUSK"},"0EE":{"desc":"L1P"},"0F0":{"desc":"L1P"},"0F3":{"t":"GLID"},"0F4":{"desc":"L1P"},"0F5":{"desc":"L1P"},"0F6":{"t":"SR22"},"0F7":{"t":"C56X"},"0F8":{"desc":"L1P"},"0F9":{"desc":"L1P"},"0FA":{"t":"BE65"},"0FC":{"t":"T206"},"0FD":{"desc":"L1P","t":"ULAC"},"0FE":{"t":"EC45"},"105":{"desc":"L1P"},"106":{"desc":"L2P"},"108":{"t":"C182"},"10E":{"t":"B06"},"112":{"t":"A321"},"116":{"t":"GLID"},"120":{"t":"C182"},"124":{"t":"COL4"},"125":{"t":"PA30"},"126":{"desc":"L1P","t":"ULAC"},"12C":{"desc":"L1P"},"12E":{"t":"GLID"},"12F":{"desc":"L1P"},"130":{"t":"M20P"},"133":{"t":"GLID"},"136":{"t":"M7"},"137":{"desc":"L1P","t":"ULAC"},"148":{"t":"GL5T"},"151":{"t":"T206"},"153":{"t":"C404"},"154":{"desc":"L1P","t":"ULAC"},"155":{"desc":"L1P"},"156":{"t":"GLID"},"157":{"t":"BE24"},"158":{"t":"GLID"},"159":{"desc":"L1P"},"15C":{"t":"C310"},"15E":{"t":"ULAC"},"160":{"t":"PA32"},"161":{"t":"PA23"},"165":{"desc":"L1P","t":"ULAC"},"169":{"desc":"L1P"},"16A":{"t":"P28A"},"16B":{"t":"F2TH"},"16E":{"t":"BE36"},"16F":{"t":"B190"},"170":{"t":"C150"},"171":{"t":"GLID"},"172":{"t":"C206"},"174":{"t":"AC90"},"175":{"t":"BE36"},"177":{"desc":"L1P"},"17B":{"desc":"L1P","t":"ULAC"},"17D":{"t":"C172"},"17E":{"t":"GLEX"},"180":{"t":"E75L"},"182":{"t":"GLID"},"184":{"desc":"L1P"},"186":{"t":"LJ31"},"187":{"desc":"L1P"},"189":{"t":"GLID"},"18D":{"t":"RV12"},"18E":{"desc":"L1P"},"18F":{"t":"M20T"},"192":{"desc":"L1P"},"193":{"desc":"L1P"},"194":{"t":"P28A"},"197":{"desc":"L1P"},"198":{"t":"C182"},"19B":{"desc":"L1P","t":"TB0"},"19E":{"t":"C152"},"1A6":{"desc":"L1P"},"1AC":{"t":"A320"},"1AF":{"t":"DA40"},"1B4":{"desc":"L1P"},"1BE":{"t":"C172"},"1C5":{"desc":"H1T"},"1C6":{"t":"BALL"},"1C7":{"t":"EC45"},"1C8":{"t":"GLF3"},"1C9":{"t":"PA18"},"1CD":{"t":"NAVI"},"1CE":{"desc":"L1E"},"1CF":{"desc":"H8E"},"1D0":{"t":"B06"},"1D1":{"desc":"H4E"},"1D2":{"t":"J3"},"1D4":{"t":"GLF6"},"1D5":{"t":"GLID"},"1D8":{"desc":"L1P"},"1D9":{"desc":"L1P"},"1DF":{"desc":"L1P"},"1E2":{"t":"BE33"},"1E6":{"t":"GLID"},"1EB":{"desc":"L1P"},"1F7":{"t":"GLID"},"1F8":{"t":"ULAC"},"209":{"t":"YK52"},"230":{"t":"GL5T"},"231":{"t":"BE17"},"23E":{"t":"P32R"},"240":{"desc":"H8E"},"241":{"t":"M20P"},"242":{"desc":"L1P"},"243":{"desc":"L1P"},"246":{"t":"BE35"},"249":{"t":"M7"},"24A":{"t":"C150"},"24C":{"desc":"L1P"},"24D":{"desc":"L1P"},"24F":{"t":"C177"},"254":{"t":"GLID"},"256":{"desc":"L1P"},"25C":{"t":"AR15"},"262":{"t":"C208"},"264":{"t":"M20T"},"265":{"t":"C152"},"268":{"t":"T206"},"269":{"t":"BE36"},"26A":{"t":"C82S"},"26C":{"desc":"L1P"},"26D":{"t":"C150"},"26F":{"t":"C150"},"271":{"t":"CH7A"},"272":{"desc":"L1P","t":"ULAC"},"276":{"t":"T34P"},"27B":{"t":"C195"},"27C":{"t":"CH7A"},"27D":{"t":"B06"},"27E":{"t":"P46T"},"27F":{"t":"P46T"},"280":{"t":"AC11"},"283":{"t":"C150"},"288":{"desc":"L1P"},"28B":{"t":"C172"},"28C":{"t":"BE35"},"28D":{"t":"M20T"},"28F":{"t":"M20P"},"294":{"t":"BALL"},"299":{"t":"M7"},"29A":{"desc":"A1P"},"29B":{"t":"C172"},"29C":{"desc":"L1P"},"29D":{"t":"M7"},"2A8":{"t":"PA23"},"2A9":{"t":"M20P"},"2AB":{"desc":"H4E"},"2AC":{"t":"PA27"},"2AF":{"t":"BE35"},"2B0":{"t":"P28A"},"2B1":{"t":"C172"},"2B3":{"t":"GLID"},"2B5":{"t":"COL4"},"2B8":{"t":"BALL"},"2BC":{"t":"M7"},"2BD":{"desc":"L1P"},"2BE":{"t":"PA18"},"2C2":{"t":"CH7A"},"2C5":{"t":"AR15"},"2C7":{"t":"L8"},"2CE":{"t":"M20P"},"2D3":{"t":"P28A"},"2D4":{"desc":"H8E"},"2D7":{"desc":"L1P"},"2D8":{"desc":"L1P","t":"ULAC"},"2DF":{"desc":"L1P"},"2E0":{"desc":"L1P"},"2E1":{"desc":"L1P"},"2E4":{"t":"BALL"},"2E5":{"t":"CH7B"},"2E8":{"t":"AR15"},"2EA":{"t":"L8"},"2EB":{"t":"AT5T"},"2ED":{"t":"M20P"},"2F1":{"t":"B350"},"2F2":{"desc":"L1P"},"2F6":{"t":"P28R"},"2FB":{"t":"GLID"},"2FD":{"t":"GLID"},"2FF":{"t":"GLID"},"300":{"t":"GLID"},"301":{"t":"GLID"},"302":{"desc":"L1P","t":"ULAC"},"306":{"desc":"L1P","t":"ULAC"},"308":{"t":"CH7A"},"30C":{"t":"AC11"},"30D":{"t":"GLID"},"30E":{"t":"PA27"},"30F":{"t":"C172"},"310":{"t":"M7"},"311":{"t":"COL4"},"312":{"t":"P28A"},"313":{"t":"M20P"},"315":{"t":"BE36"},"316":{"t":"M20P"},"318":{"t":"AT5T"},"319":{"t":"PA32"},"31E":{"t":"GLID"},"320":{"t":"ULAC"},"321":{"desc":"L1P"},"322":{"t":"GLID"},"323":{"t":"GLID"},"324":{"t":"M20P"},"328":{"t":"BE35"},"32B":{"t":"CH7A"},"32D":{"desc":"L1P"},"32F":{"t":"AC11"},"330":{"desc":"L1P","t":"ULAC"},"331":{"desc":"L1P"},"332":{"t":"C150"},"333":{"t":"C208"},"335":{"t":"C310"},"337":{"desc":"H8E"},"338":{"t":"C182"},"33A":{"t":"C180"},"33B":{"t":"P180"},"33E":{"desc":"L1P"},"340":{"t":"GLID"},"341":{"t":"GLID"},"342":{"desc":"L1P"},"343":{"t":"GLID"},"344":{"t":"H269"},"347":{"t":"GLID"},"348":{"t":"GLID"},"34A":{"t":"T6"},"34B":{"t":"S108"},"34D":{"t":"AR11"},"34E":{"t":"CH7B"},"34F":{"t":"P28A"},"352":{"t":"AC11"},"356":{"t":"H269"},"35B":{"desc":"H8E"},"35E":{"t":"M20P"},"361":{"desc":"L1P","t":"ULAC"},"362":{"t":"C150"},"366":{"t":"GLID"},"367":{"t":"GLID"},"369":{"t":"GLID"},"36A":{"t":"GLID"},"36B":{"t":"GLID"},"36D":{"t":"BE35"},"36E":{"t":"M20P"},"370":{"desc":"L1P"},"373":{"t":"T210"},"375":{"t":"AC11"},"376":{"t":"M20P"},"378":{"desc":"L1P"},"37A":{"t":"C182"},"37D":{"t":"M20P"},"37E":{"t":"BE36"},"37F":{"t":"PA34"},"381":{"desc":"L1P"},"382":{"t":"P28A"},"387":{"t":"GLID"},"38A":{"desc":"L1P"},"38B":{"desc":"L1P"},"38F":{"desc":"L1J"},"390":{"desc":"L1P"},"391":{"t":"P28A"},"392":{"t":"C182"},"393":{"t":"BL8"},"395":{"t":"B407"},"396":{"t":"C177"},"397":{"desc":"L1P","t":"ULAC"},"398":{"desc":"H1T"},"399":{"t":"BE9L"},"39B":{"desc":"L1P"},"39C":{"t":"HUSK"},"39E":{"t":"B06"},"3A0":{"t":"GLF4"},"3A1":{"desc":"H1T"},"3A3":{"desc":"L1P"},"3A5":{"desc":"L1P"},"3A8":{"desc":"L1P"},"3A9":{"t":"ERCO"},"3AA":{"desc":"L1P"},"3AC":{"desc":"L1P"},"3AD":{"t":"GLID"},"3AE":{"desc":"L2T"},"3B3":{"desc":"L1P"},"3B4":{"desc":"L1P"},"3B5":{"desc":"L1T"},"3B6":{"desc":"L1P"},"3B7":{"desc":"L1P"},"3B9":{"desc":"L1P"},"3BA":{"desc":"L1P"},"3BC":{"t":"C182"},"3BD":{"t":"CH7B"},"3BE":{"t":"C185"},"3C0":{"t":"BE20"},"3C1":{"t":"SR22"},"3C3":{"t":"HUSK"},"3C5":{"desc":"A1P","t":"PA18"},"3C6":{"desc":"L1P"},"3C8":{"desc":"L2P"},"3CA":{"desc":"L1P"},"3CC":{"desc":"L1P"},"3CE":{"t":"H269"},"3D0":{"t":"PA30"},"3D6":{"desc":"H1P"},"3D8":{"t":"BE20"},"3DB":{"desc":"L1P"},"3DC":{"t":"GLEX"},"3DD":{"t":"BE24"},"3DE":{"t":"T6"},"3DF":{"desc":"L1P"},"3E0":{"t":"C185"},"3E1":{"desc":"L1P"},"3E2":{"desc":"L1P"},"3E4":{"t":"GLID"},"3E6":{"t":"BALL"},"3E7":{"desc":"L1P"},"3E8":{"t":"A321"},"3E9":{"desc":"L1P"},"3ED":{"t":"AC95"},"3EE":{"t":"BCS1"},"3EF":{"desc":"L2P"},"3F0":{"desc":"L1P","t":"ULAC"},"3F4":{"desc":"L1P","t":"TB0"},"3F7":{"desc":"H2T"},"3F8":{"t":"C172"},"3F9":{"desc":"L1P"},"3FB":{"t":"R44"},"3FD":{"t":"H25B"},"3FE":{"desc":"L1P"},"402":{"desc":"L1P"},"404":{"t":"P28R"},"405":{"desc":"L1P","t":"ULAC"},"406":{"t":"SR22"},"407":{"t":"BE20"},"409":{"desc":"L1P"},"40E":{"desc":"H8E"},"411":{"t":"C150"},"412":{"t":"B763"},"413":{"desc":"L1P"},"419":{"t":"BE36"},"41B":{"t":"COL3"},"41E":{"t":"C172"},"41F":{"t":"CL30"},"428":{"t":"LJ60"},"429":{"desc":"L1P"},"42A":{"t":"BE24"},"42E":{"t":"SR22"},"430":{"t":"P32R"},"432":{"desc":"L1P"},"434":{"desc":"L1P"},"436":{"desc":"L1P"},"437":{"desc":"L1P"},"438":{"desc":"L1P"},"43C":{"desc":"L1P","t":"ULAC"},"43F":{"t":"ST75"},"444":{"t":"C185"},"445":{"t":"UH1"},"447":{"t":"UH12"},"448":{"t":"HDJT"},"44D":{"desc":"L1P"},"44E":{"t":"E75L"},"44F":{"t":"B722"},"450":{"t":"C182"},"451":{"desc":"L1P"},"456":{"t":"HUSK"},"459":{"t":"DA40"},"45A":{"t":"C172"},"45B":{"desc":"L1P"},"45C":{"t":"PA18"},"45E":{"t":"C208"},"45F":{"desc":"L1P"},"460":{"t":"PA34"},"461":{"desc":"H8E"},"462":{"desc":"L1P"},"463":{"t":"GLID"},"466":{"t":"C208"},"468":{"t":"BALL"},"469":{"t":"C182"},"46C":{"t":"C150"},"46D":{"t":"BL8"},"46F":{"desc":"L1P","t":"ULAC"},"471":{"desc":"L1P"},"473":{"desc":"L1P"},"478":{"t":"C82S"},"47A":{"desc":"L1P"},"47B":{"desc":"L1P"},"47D":{"t":"C150"},"47F":{"t":"BE9L"},"485":{"t":"SR20"},"48A":{"t":"ST75"},"48B":{"t":"BE33"},"48C":{"t":"BALL"},"48E":{"desc":"L1P"},"491":{"desc":"L1P"},"492":{"t":"ULAC"},"493":{"desc":"L1P"},"497":{"t":"AS50"},"49A":{"t":"H25B"},"49B":{"t":"FDCT"},"49C":{"t":"P68"},"49D":{"t":"C172"},"49E":{"t":"C56X"},"49F":{"t":"C525"},"4A3":{"desc":"L1P"},"4A4":{"desc":"H1P"},"4A8":{"desc":"L1P"},"4A9":{"desc":"L1P"},"4AC":{"desc":"L1P"},"4AF":{"t":"BE55"},"4B0":{"desc":"L1P"},"4B2":{"t":"PA31"},"4B3":{"desc":"L1P"},"4B5":{"t":"FA7X"},"4B9":{"desc":"L1P"},"4BC":{"desc":"L1P"},"4C9":{"t":"A321"},"4CC":{"t":"C180"},"4CD":{"t":"GLID"},"4D5":{"t":"C182"},"4D6":{"t":"A119"},"4D7":{"t":"M20P"},"4D8":{"t":"C750"},"4D9":{"t":"C172"},"4DB":{"t":"C172"},"4DD":{"t":"LJ35"},"4DE":{"desc":"L1T"},"4DF":{"desc":"A1P"},"4E3":{"desc":"L1P"},"4E6":{"t":"T206"},"4E7":{"desc":"L1P"},"4EA":{"t":"GLID"},"4ED":{"desc":"L1P"},"4EE":{"t":"J3"},"4FF":{"t":"GL5T"},"500":{"t":"F2TH"},"501":{"desc":"L1P"},"507":{"t":"C750"},"509":{"desc":"L1J"},"50A":{"t":"C185"},"50B":{"desc":"L1J"},"50D":{"t":"H25B"},"50E":{"desc":"L1P"},"510":{"t":"LJ60"},"512":{"t":"B06"},"514":{"desc":"L1J"},"515":{"t":"C750"},"517":{"desc":"L1P"},"518":{"t":"WW24"},"519":{"t":"B06"},"51B":{"desc":"L1P"},"51C":{"desc":"L1P"},"522":{"desc":"L1P"},"523":{"t":"PC12"},"525":{"desc":"L1P"},"526":{"t":"T28"},"527":{"desc":"L2J","t":"GALX"},"528":{"desc":"L1P"},"529":{"desc":"L1P"},"52A":{"t":"C150"},"52E":{"t":"C182"},"530":{"desc":"A1P"},"532":{"desc":"L1P"},"533":{"t":"H500"},"535":{"t":"FDCT"},"536":{"desc":"H1P"},"537":{"desc":"L1P"},"539":{"t":"PA18"},"53A":{"desc":"L1P","t":"ULAC"},"53B":{"t":"P28A"},"53C":{"t":"BALL"},"53D":{"desc":"L1P"},"53E":{"t":"R44"},"53F":{"desc":"L1J"},"545":{"desc":"L1P"},"546":{"desc":"L1P"},"548":{"t":"SR22"},"549":{"t":"C185"},"54B":{"desc":"L1P"},"54D":{"t":"B06"},"552":{"desc":"L1P"},"553":{"t":"B744"},"555":{"t":"C152"},"563":{"desc":"L1P"},"566":{"t":"DA40"},"567":{"t":"A320"},"56C":{"t":"P28A"},"579":{"t":"C560"},"57B":{"desc":"H4E"},"57E":{"t":"EC35"},"57F":{"t":"GLF2"},"586":{"desc":"L1P"},"588":{"t":"P210"},"58C":{"t":"PA32"},"58F":{"desc":"L1P"},"590":{"t":"C421"},"592":{"t":"PA34"},"596":{"t":"PA34"},"599":{"t":"BE36"},"59B":{"t":"C208"},"59D":{"desc":"L1P"},"5AB":{"desc":"L1P"},"5B6":{"desc":"L1P"},"5C0":{"t":"YK52"},"5D0":{"desc":"H8E"},"5E2":{"desc":"L1P"},"5E7":{"desc":"L1P"},"5E8":{"t":"GLF6"},"5EB":{"t":"PC24"},"5EC":{"t":"C208"},"5EE":{"t":"C185"},"5F0":{"t":"P32R"},"5F1":{"t":"AC11"},"5F2":{"t":"L8"},"5F6":{"t":"C82R"},"5F8":{"t":"M7"},"5FA":{"t":"BE55"},"5FB":{"t":"PA34"},"5FC":{"t":"C172"},"5FD":{"t":"BE35"},"5FE":{"t":"P28A"},"600":{"t":"PA32"},"603":{"desc":"L1P"},"604":{"t":"C150"},"605":{"t":"PA18"},"60B":{"desc":"L2P"},"60C":{"t":"PA18"},"60E":{"t":"M20T"},"612":{"t":"M20T"},"613":{"t":"P32R"},"615":{"desc":"L1P"},"616":{"t":"C208"},"617":{"t":"C182"},"619":{"desc":"L1P"},"61A":{"t":"P28A"},"61C":{"t":"C172"},"61E":{"desc":"L1P"},"620":{"t":"AT8T"},"621":{"t":"P28A"},"624":{"t":"C177"},"62C":{"t":"BALL"},"62D":{"t":"T210"},"62E":{"t":"GLID"},"62F":{"t":"PA18"},"630":{"t":"B25"},"631":{"desc":"H1P"},"632":{"desc":"L1P"},"633":{"t":"CH7A"},"635":{"t":"C172"},"637":{"t":"M7"},"638":{"t":"L8"},"639":{"t":"M7"},"63A":{"t":"ST75"},"63C":{"t":"H269"},"63D":{"t":"BALL"},"63E":{"t":"BE55"},"63F":{"t":"C172"},"640":{"t":"B58T"},"641":{"t":"PA34"},"643":{"desc":"L1P"},"644":{"t":"P28R"},"646":{"t":"M7"},"647":{"t":"C177"},"648":{"t":"M7"},"649":{"t":"M20P"},"64C":{"t":"C150"},"651":{"desc":"L1P"},"654":{"t":"T6"},"655":{"t":"C195"},"657":{"t":"C185"},"659":{"t":"M20T"},"65A":{"t":"AC11"},"65B":{"t":"PA18"},"65E":{"desc":"L1P"},"660":{"t":"P28R"},"662":{"t":"C172"},"663":{"t":"S61"},"664":{"t":"GC1"},"666":{"t":"BE33"},"667":{"t":"P28R"},"669":{"t":"M20P"},"66C":{"t":"UH1"},"66D":{"t":"C170"},"670":{"t":"BALL"},"672":{"t":"M7"},"673":{"t":"C150"},"678":{"t":"C190"},"679":{"t":"CH7A"},"67A":{"t":"M7"},"67B":{"t":"C140"},"67C":{"t":"PA34"},"67D":{"t":"AC11"},"67F":{"t":"M7"},"680":{"t":"B350"},"681":{"t":"M7"},"683":{"t":"UH1"},"685":{"t":"C180"},"686":{"t":"J5"},"688":{"t":"M20P"},"689":{"t":"BE35"},"68D":{"t":"J3"},"68F":{"t":"O1"},"690":{"desc":"L1P"},"691":{"t":"O1"},"692":{"t":"O1"},"693":{"t":"C172"},"695":{"t":"CH7A"},"698":{"t":"PA18"},"699":{"desc":"L1P"},"69A":{"t":"B06"},"69C":{"t":"CH7A"},"69D":{"t":"M20P"},"69F":{"desc":"S1P","t":"AR15"},"6A0":{"desc":"L1P"},"6A1":{"t":"L8"},"6A2":{"desc":"A1P"},"6A6":{"t":"C310"},"6A7":{"t":"M7"},"6A8":{"t":"TAYD"},"6AC":{"t":"BE55"},"6AD":{"t":"M20P"},"6AE":{"t":"C182"},"6B0":{"t":"CH7A"},"6B2":{"t":"C150"},"6B3":{"desc":"L1P"},"6B4":{"t":"C150"},"6B5":{"t":"C150"},"6B6":{"t":"CH7A"},"6B7":{"t":"C206"},"6B9":{"t":"C150"},"6BC":{"t":"M20P"},"6BF":{"t":"BL8"},"6C1":{"t":"BALL"},"6C4":{"t":"L8"},"6C6":{"t":"ST75"},"6CD":{"t":"M20P"},"6CE":{"t":"T206"},"6CF":{"t":"NAVI"},"6D0":{"t":"P28A"},"6D1":{"desc":"L1P"},"6D2":{"desc":"L1P"},"6D3":{"desc":"L1P"},"6DC":{"t":"M20P"},"6DD":{"desc":"L1P"},"6DE":{"t":"M20T"},"6DF":{"t":"BE18"},"6E0":{"t":"T6"},"6E2":{"t":"CH7B"},"6E3":{"t":"C185"},"6E5":{"t":"P28A"},"6E6":{"t":"AC11"},"6E8":{"t":"M20P"},"6E9":{"t":"P28A"},"6EA":{"t":"M7"},"6EC":{"t":"P28S"},"6F0":{"t":"M7"},"6F1":{"desc":"L1P"},"6F2":{"t":"BE55"},"6F3":{"t":"AA1"},"6F4":{"t":"M7"},"6F5":{"t":"GLID"},"6F6":{"desc":"L1P"},"6F7":{"desc":"L1P"},"6F9":{"t":"C150"},"6FA":{"t":"C150"},"6FB":{"t":"H269"},"6FD":{"desc":"L1P"},"6FE":{"t":"C150"},"701":{"t":"PA18"},"703":{"t":"CH7B"},"704":{"t":"M20T"},"705":{"t":"CH7B"},"706":{"t":"M7"},"708":{"t":"AR15"},"70B":{"desc":"A1P"},"70C":{"t":"ST75"},"70F":{"t":"M7"},"712":{"t":"M7"},"716":{"t":"M7"},"717":{"t":"S61"},"719":{"t":"PA32"},"71A":{"t":"M7"},"71E":{"t":"M7"},"720":{"t":"C150"},"721":{"t":"C150"},"723":{"t":"J3"},"724":{"t":"B763"},"726":{"t":"PA11"},"727":{"desc":"L2P"},"729":{"t":"BALL"},"72B":{"t":"AR15"},"72C":{"t":"AC11"},"72D":{"desc":"L1P"},"731":{"t":"PA18"},"734":{"desc":"L1P"},"735":{"t":"M20T"},"738":{"t":"CH7A"},"739":{"t":"PA32"},"73A":{"t":"BALL"},"73B":{"t":"M7"},"73E":{"t":"J3"},"73F":{"t":"CH7A"},"741":{"t":"C150"},"744":{"t":"C150"},"745":{"desc":"L1P"},"746":{"desc":"H2T"},"748":{"t":"C82R"},"749":{"t":"ULAC"},"74A":{"t":"H500"},"74B":{"t":"C25C"},"74D":{"t":"F2TH"},"752":{"t":"A320"},"753":{"t":"B407"},"755":{"t":"B06"},"758":{"t":"C150"},"759":{"t":"B06"},"75B":{"t":"P28A"},"75C":{"desc":"L1P","t":"ULAC"},"75F":{"t":"SHIP"},"760":{"t":"BE35"},"761":{"desc":"H2T"},"762":{"t":"HUSK"},"763":{"t":"C310"},"764":{"desc":"L1P"},"765":{"t":"ULAC"},"767":{"t":"C560"},"768":{"t":"BL8"},"769":{"desc":"L1P"},"76A":{"t":"F900"},"76B":{"t":"BALL"},"76C":{"t":"BALL"},"76E":{"desc":"L1P"},"771":{"desc":"H8E"},"775":{"desc":"L1P"},"776":{"desc":"H6E"},"77A":{"desc":"L2P"},"77B":{"t":"BL17"},"77C":{"desc":"A1P","t":"PA18"},"77D":{"t":"C680"},"77E":{"t":"ULAC"},"781":{"t":"PA27"},"783":{"t":"SR22"},"785":{"t":"H269"},"786":{"t":"BALL"},"787":{"t":"BALL"},"78B":{"desc":"L1P","t":"ULAC"},"78E":{"t":"C310"},"792":{"t":"GLID"},"793":{"t":"AT3P"},"794":{"desc":"L1P"},"796":{"t":"BALL"},"798":{"t":"T210"},"79E":{"desc":"L1P"},"7A0":{"t":"C150"},"7A2":{"desc":"L1P"},"7A3":{"t":"GLID"},"7A5":{"t":"BCS1"},"7A7":{"desc":"H1P"},"7A8":{"t":"A321"},"7A9":{"t":"PA32"},"7AC":{"desc":"L1P"},"7AD":{"t":"PA23"},"7AE":{"desc":"L1J"},"7AF":{"t":"C172"},"7B0":{"t":"BALL"},"7B4":{"desc":"H4E"},"7B6":{"t":"BALL"},"7BB":{"t":"NAVI"},"7BC":{"t":"C150"},"7BF":{"t":"B190"},"7C4":{"t":"J5"},"7C5":{"t":"BE33"},"7C7":{"t":"C425"},"7C9":{"t":"B763"},"7CA":{"t":"BALL"},"7D2":{"t":"M7"},"7D4":{"desc":"H2T"},"7D5":{"desc":"L1P"},"7DD":{"desc":"L1P"},"7E1":{"t":"GLID"},"7E5":{"t":"BALL"},"7EB":{"t":"P180"},"7ED":{"desc":"L1P"},"7EE":{"desc":"L1P"},"7EF":{"desc":"L1P","t":"ULAC"},"7F3":{"desc":"L1P","t":"ULAC"},"7F6":{"t":"GLID"},"7F9":{"t":"SR22"},"7FC":{"t":"C172"},"7FE":{"desc":"H1T","t":"UH12"},"800":{"t":"GLID"},"802":{"t":"BALL"},"804":{"t":"P32R"},"805":{"t":"E75L"},"80F":{"t":"C510"},"810":{"t":"C560"},"811":{"desc":"L1P"},"812":{"t":"PA18"},"813":{"t":"B06"},"814":{"desc":"L1P"},"815":{"t":"C208"},"816":{"desc":"L1P"},"817":{"t":"PA12"},"819":{"t":"C172"},"81B":{"t":"C182"},"81F":{"t":"PA18"},"820":{"desc":"L2J","t":"B38M"},"824":{"desc":"L1P"},"825":{"desc":"H1T"},"829":{"t":"C402"},"82A":{"t":"BALL"},"833":{"t":"SR22"},"83D":{"desc":"L1P","t":"ULAC"},"841":{"t":"C310"},"842":{"t":"SR22"},"843":{"t":"EA50"},"844":{"desc":"H2T"},"848":{"t":"BALL"},"849":{"t":"B06"},"84F":{"t":"B06"},"854":{"t":"C172"},"855":{"desc":"L1P"},"85A":{"t":"GLID"},"85B":{"t":"PAY1"},"85C":{"t":"A119"},"85D":{"t":"C310"},"85E":{"desc":"L2J"},"866":{"t":"E300"},"86A":{"desc":"L1P"},"86C":{"t":"C182"},"86D":{"t":"SR20"},"86E":{"t":"ULAC"},"86F":{"desc":"L1P"},"874":{"t":"AA5"},"879":{"t":"BALL"},"87C":{"desc":"H1T"},"87D":{"desc":"H2T"},"87F":{"t":"BALL"},"880":{"t":"A321"},"883":{"t":"C185"},"884":{"t":"GLID"},"889":{"desc":"L1P"},"88D":{"t":"M20P"},"88E":{"t":"BALL"},"890":{"t":"C172"},"892":{"t":"BALL"},"896":{"t":"S22T"},"89A":{"t":"BALL"},"89C":{"t":"BALL"},"8A1":{"t":"GLID"},"8A4":{"desc":"L1P"},"8C0":{"t":"BALL"},"8C1":{"desc":"L1P"},"8C2":{"t":"C172"},"8C4":{"t":"C208"},"8C5":{"t":"C240"},"8C6":{"t":"C650"},"8C7":{"t":"HUSK"},"8C8":{"t":"B58T"},"8CE":{"t":"BALL"},"8D2":{"desc":"L1P"},"8D6":{"desc":"L1P"},"8D7":{"t":"GLID"},"8DA":{"t":"ULAC"},"8DB":{"t":"B105"},"8DD":{"t":"T28"},"8DE":{"t":"BALL"},"8E0":{"t":"FA50"},"8E1":{"desc":"L1P"},"8E2":{"t":"P180"},"8E5":{"t":"C182"},"8E8":{"t":"BALL"},"8E9":{"t":"GLF5"},"8EA":{"t":"H500"},"8ED":{"desc":"L1P"},"8EE":{"t":"E75L"},"8F0":{"t":"PA18"},"8F2":{"t":"GLF2"},"8F3":{"t":"PA32"},"8F4":{"t":"C560"},"8FB":{"t":"C82S"},"8FC":{"desc":"L1T"},"8FE":{"t":"AT5T"},"900":{"t":"ULAC"},"902":{"t":"SR22"},"904":{"t":"C182"},"906":{"desc":"L1P"},"909":{"t":"TOBA"},"90A":{"t":"H500"},"90C":{"t":"C152"},"915":{"t":"BALL"},"917":{"t":"CL60"},"91A":{"t":"GLID"},"91B":{"t":"BALL"},"91D":{"t":"DA40"},"91E":{"t":"A320"},"923":{"desc":"H4E"},"924":{"t":"C182"},"925":{"t":"ERCO"},"927":{"t":"C208"},"92D":{"desc":"L1P"},"930":{"desc":"L1P"},"934":{"t":"BALL"},"935":{"t":"EC35"},"936":{"desc":"H1T"},"937":{"t":"SHIP"},"93B":{"desc":"L1P"},"93C":{"t":"PA18"},"93D":{"t":"BALL"},"93F":{"t":"ULAC"},"942":{"desc":"H4E"},"945":{"desc":"L1P"},"946":{"t":"SR22"},"947":{"desc":"L2T"},"949":{"desc":"L1P"},"94B":{"t":"GLID"},"94C":{"t":"GLID"},"94D":{"t":"ULAC"},"953":{"desc":"L1P"},"954":{"t":"BE35"},"962":{"desc":"L1P"},"964":{"t":"BALL"},"96A":{"t":"L39"},"981":{"t":"BALL"},"983":{"desc":"L1P"},"998":{"t":"BALL"},"99E":{"t":"BALL"},"9A0":{"t":"PA18"},"9A1":{"t":"M20T"},"9A2":{"t":"C150"},"9A5":{"t":"C185"},"9A6":{"desc":"H8E"},"9A9":{"t":"L8"},"9AE":{"t":"M20T"},"9AF":{"t":"M7"},"9B1":{"t":"BE36"},"9B3":{"t":"C180"},"9B8":{"t":"CH7A"},"9BC":{"t":"CH7A"},"9BD":{"t":"C150"},"9BF":{"t":"C150"},"9C0":{"t":"CH7A"},"9C1":{"t":"C150"},"9C3":{"t":"PA18"},"9C7":{"t":"CH7B"},"9CA":{"t":"AR15"},"9CC":{"t":"M20P"},"9D1":{"desc":"L1P"},"9D2":{"t":"GLID"},"9D3":{"t":"M7"},"9D4":{"t":"M7"},"9D6":{"t":"C206"},"9D8":{"t":"P28A"},"9D9":{"t":"M20P"},"9DA":{"t":"M7"},"9DB":{"t":"J3"},"9DC":{"t":"J3"},"9E1":{"desc":"L1P"},"9E3":{"t":"C150"},"9E5":{"desc":"H8E"},"9E6":{"t":"S22T"},"9EA":{"t":"CH7A"},"9EB":{"t":"C185"},"9ED":{"t":"AR15"},"9F0":{"t":"P46T"},"9F1":{"t":"C182"},"9F3":{"desc":"H8E"},"9F4":{"t":"C310"},"9F7":{"t":"M7"},"9FA":{"t":"GLID"},"9FC":{"t":"GLID"},"9FE":{"t":"CH7A"},"A00":{"t":"PA46"},"A01":{"t":"GLID"},"A02":{"t":"C150"},"A03":{"t":"CH7A"},"A04":{"t":"CH7A"},"A06":{"desc":"L1P"},"A08":{"desc":"L1P"},"A0A":{"t":"C182"},"A0C":{"t":"C195"},"A0F":{"desc":"L1P"},"A10":{"t":"P28A"},"A13":{"t":"M20P"},"A14":{"t":"ST75"},"A16":{"t":"BALL"},"A1A":{"t":"M7"},"A1D":{"t":"C82S"},"A1E":{"t":"C172"},"A1F":{"desc":"L1P"},"A23":{"desc":"L1P"},"A25":{"t":"C140"},"A2C":{"t":"GLID"},"A2E":{"t":"M20P"},"A2F":{"t":"C195"},"A30":{"t":"CH7A"},"A32":{"desc":"H8E"},"A35":{"t":"M20P"},"A37":{"t":"T6"},"A3A":{"t":"PA32"},"A3D":{"t":"M7"},"A3E":{"t":"PA34"},"A3F":{"t":"C172"},"A40":{"t":"BE58"},"A41":{"t":"PA34"},"A4B":{"desc":"L1P"},"A4C":{"t":"C150"},"A4E":{"t":"C402"},"A4F":{"desc":"L1P"},"A51":{"t":"M7"},"A53":{"t":"CH7A"},"A54":{"t":"AT5T"},"A56":{"t":"AR15"},"A57":{"t":"M7"},"A5A":{"t":"C182"},"A5E":{"t":"ULAC"},"A60":{"t":"M7"},"A62":{"t":"C172"},"A63":{"t":"GLID"},"A64":{"t":"M7"},"A66":{"t":"M7"},"A67":{"t":"M7"},"A68":{"desc":"L1P"},"A69":{"t":"NAVI"},"A6B":{"t":"T34P"},"A6C":{"t":"M7"},"A6E":{"t":"C150"},"A71":{"desc":"L1P"},"A72":{"desc":"H8E"},"A73":{"t":"PC12"},"A75":{"t":"C195"},"A76":{"t":"CH7B"},"A77":{"t":"C185"},"A79":{"t":"P28S"},"A7A":{"t":"AC11"},"A7C":{"desc":"A1P"},"A80":{"t":"C310"},"A83":{"t":"M20P"},"A8C":{"desc":"L1P"},"A92":{"t":"C150"},"A93":{"desc":"L1P"},"A98":{"t":"C195"},"A9A":{"t":"C172"},"A9B":{"desc":"L1P"},"A9C":{"t":"P32R"},"A9D":{"t":"AC11"},"A9E":{"t":"L8"},"AA1":{"desc":"L1P"},"AA3":{"t":"C82S"},"AA4":{"t":"C172"},"AA6":{"t":"C182"},"AA9":{"t":"BE36"},"AAA":{"t":"P28A"},"AAC":{"t":"C82S"},"AAE":{"t":"ST75"},"AAF":{"t":"PA18"},"AB1":{"t":"C150"},"AB4":{"t":"C150"},"AB5":{"desc":"L1P"},"AB6":{"desc":"L1P"},"AB7":{"desc":"L1P"},"ABA":{"desc":"L1P"},"ABB":{"t":"C190"},"ABD":{"desc":"L2P"},"AC0":{"t":"AC11"},"AC2":{"desc":"A1P"},"AC3":{"t":"C150"},"AC4":{"t":"C208"},"AC7":{"t":"BE58"},"AC9":{"t":"M7"},"ACB":{"t":"C172"},"ACC":{"desc":"H8E"},"ACF":{"t":"COL4"},"AD0":{"t":"COL4"},"AD2":{"t":"COL4"},"AD3":{"t":"ST75"},"AD4":{"t":"ST75"},"AD6":{"t":"PA46"},"AD9":{"t":"BALL"},"ADB":{"t":"PA18"},"ADC":{"t":"BALL"},"ADE":{"t":"GLID"},"ADF":{"t":"CH7A"},"AE0":{"t":"P28A"},"AE2":{"t":"AR15"},"AE3":{"t":"AC11"},"AE5":{"desc":"A1P"},"AEA":{"t":"C175"},"AEB":{"t":"BALL"},"AF0":{"t":"BALL"},"AF1":{"t":"BALL"},"AF2":{"t":"BALL"},"AF5":{"t":"C150"},"AF6":{"desc":"L1P"},"AFA":{"t":"T6"},"B00":{"desc":"L1P"},"B01":{"t":"BL8"},"B03":{"t":"B06"},"B04":{"t":"C172"},"B05":{"t":"B06"},"B09":{"desc":"L1P"},"B0A":{"t":"B06"},"B0B":{"t":"C208"},"B0C":{"t":"BALL"},"B0E":{"t":"GLID"},"B0F":{"desc":"L1P"},"B10":{"t":"P32R"},"B12":{"desc":"H6E"},"B17":{"t":"BE35"},"B18":{"desc":"L2P"},"B19":{"desc":"L1P","t":"ULAC"},"B1A":{"t":"P28A"},"B1B":{"desc":"L1P"},"B1C":{"desc":"L1P","t":"ULAC"},"B1F":{"desc":"L1P"},"B20":{"desc":"L1P"},"B22":{"desc":"L1P"},"B27":{"t":"GLID"},"B28":{"t":"C82S"},"B2C":{"t":"BALL"},"B31":{"t":"C402"},"B32":{"t":"BL17"},"B33":{"desc":"A1P"},"B34":{"t":"SR20"},"B35":{"t":"GLF4"},"B39":{"t":"C525"},"B3A":{"t":"F900"},"B3C":{"desc":"L1P"},"B3E":{"desc":"H1T"},"B42":{"t":"FDCT"},"B49":{"desc":"L1P"},"B4A":{"t":"EN28"},"B4C":{"desc":"L1P"},"B4D":{"t":"BE9L"},"B4E":{"t":"GLID"},"B53":{"t":"GLID"},"B54":{"desc":"H2T"},"B56":{"t":"A321"},"B59":{"desc":"A1P"},"B5A":{"t":"GLID"},"B5C":{"t":"BCS1"},"B5E":{"desc":"L1P"},"B62":{"desc":"L1P"},"B63":{"desc":"H8E"},"B64":{"t":"BL8"},"B65":{"t":"E35L"},"B66":{"t":"C172"},"B6A":{"t":"R22"},"B6B":{"desc":"L1P"},"B6D":{"t":"BALL"},"B6E":{"t":"P28A"},"B70":{"desc":"L1P"},"B73":{"t":"C172"},"B74":{"t":"C172"},"B77":{"t":"BALL"},"B78":{"t":"F900"},"B7A":{"t":"SR22"},"B7B":{"t":"TOBA"},"B7C":{"desc":"H6E"},"B7D":{"desc":"L1P"},"B7E":{"t":"R44"},"B80":{"t":"B763"},"B81":{"t":"LJ60"},"B82":{"desc":"L1P"},"B87":{"t":"P28A"},"B8C":{"desc":"L1P"},"B90":{"t":"AC50"},"B95":{"t":"BE58"},"B96":{"t":"BE20"},"B97":{"t":"C172"},"B9B":{"t":"DG15"},"B9E":{"t":"LJ45"},"B9F":{"desc":"L1P"},"BA5":{"desc":"L1P"},"BA6":{"t":"C172"},"BA9":{"t":"PA32"},"BAA":{"desc":"L1P","t":"ULAC"},"BB5":{"desc":"H1T","t":"UH12"},"BBB":{"t":"P28A"},"BBC":{"t":"E75L"},"BBE":{"t":"B06"},"BC6":{"t":"PA24"},"BC8":{"desc":"L1J"},"BC9":{"t":"B06"},"BD1":{"t":"PA27"},"BD2":{"desc":"L1P"},"BD4":{"desc":"L1P"},"BD7":{"t":"S22T"},"BD8":{"t":"C25B"},"BDB":{"desc":"L1P"},"BDF":{"t":"BE36"},"BE0":{"t":"C172"},"BE1":{"t":"BALL"},"BE7":{"t":"BE40"},"BE9":{"t":"E55P"},"BF0":{"desc":"L1P"},"BF1":{"t":"H269"},"BF8":{"t":"P32R"},"BF9":{"t":"AT8T"},"BFA":{"t":"PA46"},"BFB":{"desc":"H1P"},"C00":{"desc":"L1P"},"C03":{"desc":"L2P"},"C09":{"t":"SIRA"},"C0B":{"t":"SR20"},"C0D":{"t":"GLID"},"C11":{"desc":"L1P"},"C12":{"t":"HUSK"},"C13":{"t":"BE58"},"C14":{"t":"S22T"},"C18":{"t":"GLID"},"C19":{"desc":"H1P"},"C1A":{"t":"C525"},"C1C":{"t":"BE9L"},"C1D":{"desc":"L1P"},"C21":{"t":"PA32"},"C22":{"t":"P28A"},"C24":{"t":"SR20"},"C26":{"desc":"H8E"},"C2A":{"t":"BE35"},"C2B":{"t":"PA32"},"C33":{"desc":"H1T"},"C34":{"t":"C172"},"C37":{"t":"A321"},"C44":{"t":"BE20"},"C45":{"desc":"L1P"},"C46":{"t":"C750"},"C48":{"t":"P28R"},"C49":{"desc":"L1P"},"C4A":{"t":"C650"},"C4D":{"t":"C172"},"C54":{"t":"C182"},"C57":{"desc":"L1P"},"C58":{"t":"GLID"},"C5C":{"t":"M20T"},"C76":{"t":"C172"},"C77":{"desc":"L1P"},"C79":{"t":"R22"},"C7A":{"t":"PA31"},"C7B":{"t":"C208"},"C7C":{"t":"C182"},"C7D":{"t":"BE20"},"C81":{"t":"C82T"},"C87":{"desc":"L1P"},"C89":{"desc":"L1P"},"C8A":{"t":"BALL"},"C90":{"t":"BALL"},"C91":{"desc":"L1P"},"C93":{"t":"ULAC"},"C96":{"t":"EC35"},"C99":{"desc":"L2J","t":"B38M"},"C9A":{"desc":"L1P"},"C9E":{"t":"C550"},"CA1":{"t":"H500"},"CA4":{"desc":"L2T"},"CA5":{"t":"E75L"},"CA7":{"t":"GLID"},"CAB":{"t":"GLF4"},"CAF":{"desc":"L1P"},"CB0":{"t":"SR22"},"CB2":{"t":"C82S"},"CB3":{"desc":"L1P"},"CB4":{"t":"M20T"},"CB6":{"t":"SR22"},"CB7":{"desc":"L1P"},"CBA":{"desc":"L1P"},"CBD":{"t":"DV20"},"CC0":{"t":"C180"},"CC3":{"t":"C152"},"CD4":{"t":"DA40"},"CD9":{"t":"BE35"},"CDA":{"desc":"L1P"},"CDE":{"t":"C208"},"CE3":{"t":"C172"},"CE7":{"t":"C560"},"CEA":{"desc":"H1T"},"CEB":{"desc":"L2P"},"CEC":{"t":"EC30"},"CEE":{"desc":"H8E"},"CEF":{"desc":"L1P","t":"ULAC"},"CF2":{"desc":"L1P"},"CF3":{"desc":"L1E"},"CF4":{"desc":"S1P","t":"ULAC"},"CF6":{"desc":"H4E"},"CFC":{"desc":"L1P"},"CFD":{"desc":"L1P","t":"ULAC"},"CFE":{"desc":"L1P"},"D00":{"desc":"L1P"},"D03":{"t":"C172"},"D04":{"t":"PA18"},"D21":{"t":"L39"},"D39":{"desc":"H8E"},"D41":{"desc":"H8E"},"D4F":{"desc":"H8E"},"D54":{"desc":"H4E"},"D55":{"t":"B06"},"D5B":{"t":"CH7A"},"D5C":{"t":"C185"},"D5E":{"t":"AR15"},"D66":{"t":"BE36"},"D68":{"t":"P28A"},"D6B":{"t":"BE55"},"D70":{"t":"P51"},"D71":{"t":"T6"},"D73":{"t":"C150"},"D76":{"t":"P51"},"D79":{"desc":"H6E"},"D7A":{"t":"BALL"},"D7D":{"t":"BE36"},"D7E":{"t":"CH7B"},"D7F":{"t":"BE58"},"D80":{"t":"BALL"},"D81":{"t":"BALL"},"D87":{"t":"C206"},"D88":{"t":"PA32"},"D8A":{"t":"BALL"},"D8B":{"t":"P46T"},"D8E":{"t":"BE33"},"D8F":{"t":"C172"},"D90":{"t":"NAVI"},"D95":{"desc":"L1P"},"D97":{"t":"C150"},"D99":{"t":"C150"},"D9A":{"t":"C150"},"D9B":{"desc":"L1P"},"D9C":{"desc":"H8E"},"DA2":{"t":"C185"},"DA3":{"t":"BALL"},"DA6":{"t":"BALL"},"DA9":{"desc":"L1P"},"DAB":{"t":"BALL"},"DAD":{"t":"BALL"},"DAF":{"t":"PA32"},"DB0":{"t":"BALL"},"DB1":{"t":"BE36"},"DB3":{"t":"BALL"},"DB6":{"t":"C150"},"DB8":{"t":"BALL"},"DB9":{"t":"C172"},"DBB":{"desc":"L1P"},"DBD":{"t":"C150"},"DBE":{"desc":"L1P"},"DC1":{"t":"M20P"},"DC2":{"t":"P32R"},"DC4":{"t":"CH7A"},"DC6":{"desc":"L1P"},"DC7":{"t":"P32R"},"DCA":{"t":"P28A"},"DCB":{"desc":"H6E"},"DCE":{"t":"P32R"},"DD0":{"t":"BALL"},"DD1":{"t":"BALL"},"DD3":{"t":"BALL"},"DD4":{"t":"BE36"},"DD6":{"t":"BALL"},"DD7":{"desc":"L1P"},"DD8":{"t":"C150"},"DD9":{"t":"BALL"},"DDA":{"t":"C172"},"DDC":{"t":"BALL"},"DDE":{"t":"BALL"},"DE3":{"desc":"H6E"},"DE5":{"t":"BE58"},"DE6":{"desc":"L1P"},"DE7":{"t":"CH7A"},"DE8":{"desc":"L1P"},"DE9":{"desc":"L1P"},"DEA":{"desc":"L2P"},"DEC":{"t":"L8"},"DF3":{"t":"PA46"},"DF4":{"t":"BALL"},"DF5":{"t":"M20P"},"DF6":{"t":"C172"},"DF8":{"t":"P28A"},"DFF":{"t":"C150"},"E00":{"t":"C150"},"E02":{"t":"C150"},"E04":{"t":"C150"},"E06":{"t":"PA18"},"E07":{"t":"BE58"},"E09":{"t":"PA46"},"E11":{"desc":"L1P"},"E12":{"t":"M20P"},"E13":{"t":"PA23"},"E15":{"desc":"H4E"},"E16":{"t":"M20T"},"E17":{"desc":"H1P"},"E18":{"t":"C182"},"E19":{"t":"T206"},"E1A":{"t":"M20T"},"E1B":{"t":"M20P"},"E1C":{"t":"P46T"},"E1F":{"t":"C150"},"E21":{"t":"C150"},"E26":{"t":"C150"},"E27":{"desc":"L1P"},"E28":{"desc":"L1P"},"E29":{"t":"PA18"},"E2A":{"t":"P32R"},"E2B":{"t":"M20P"},"E2D":{"t":"P32R"},"E30":{"t":"BE58"},"E33":{"desc":"A1P"},"E34":{"t":"ST75"},"E35":{"t":"ST75"},"E36":{"t":"BE36"},"E37":{"t":"PA20"},"E39":{"t":"P32R"},"E3B":{"t":"M20P"},"E3D":{"t":"GLF4"},"E3F":{"desc":"L1P"},"E42":{"t":"C150"},"E43":{"t":"C182"},"E44":{"t":"C150"},"E4A":{"t":"C150"},"E4C":{"desc":"L1P"},"E50":{"t":"CH7A"},"E51":{"t":"M20P"},"E52":{"t":"M20P"},"E53":{"t":"AR15"},"E56":{"t":"C150"},"E57":{"t":"C210"},"E58":{"t":"ST75"},"E5A":{"t":"P28A"},"E5C":{"desc":"L1P"},"E60":{"t":"M20P"},"E61":{"t":"P28A"},"E62":{"t":"P28A"},"E63":{"desc":"L1P"},"E68":{"t":"J3"},"E6D":{"t":"C150"},"E6F":{"t":"M20P"},"E71":{"t":"C82S"},"E72":{"t":"C195"},"E74":{"t":"C172"},"E75":{"t":"M20P"},"E76":{"t":"P28A"},"E78":{"t":"BE9L"},"E79":{"desc":"A1P"},"E7A":{"t":"C172"},"E7B":{"t":"ST75"},"E7E":{"t":"M20P"},"E7F":{"desc":"L1P","t":"ULAC"},"E83":{"t":"DG15"},"E84":{"t":"M20P"},"E88":{"t":"C150"},"E89":{"t":"C150"},"E8A":{"t":"C150"},"E8D":{"desc":"L1P"},"E8E":{"t":"C150"},"E8F":{"t":"C150"},"E90":{"t":"C150"},"E92":{"t":"PA18"},"E95":{"t":"C195"},"E96":{"t":"CH7A"},"E97":{"t":"BE33"},"E98":{"t":"M20P"},"E9A":{"t":"AC11"},"E9B":{"desc":"L1P"},"E9C":{"t":"C182"},"E9F":{"t":"NAVI"},"EA5":{"t":"C172"},"EA6":{"t":"BE36"},"EA7":{"t":"PA32"},"EAB":{"t":"PA34"},"EAD":{"t":"C150"},"EAE":{"t":"P46T"},"EB3":{"t":"B06"},"EB7":{"t":"PA34"},"EB8":{"t":"BL8"},"EBA":{"t":"B407"},"EBB":{"t":"C172"},"EBD":{"t":"EC30"},"EBE":{"t":"SR22"},"EBF":{"t":"M7"},"EC0":{"t":"C172"},"EC1":{"t":"HUSK"},"EC3":{"t":"T206"},"EC5":{"desc":"H1P"},"EC9":{"t":"C750"},"ECA":{"t":"BL8"},"ECB":{"t":"S22T"},"ECD":{"desc":"L1P","t":"ULAC"},"ECE":{"desc":"L1P"},"ECF":{"t":"C172"},"ED0":{"t":"S22T"},"ED1":{"t":"SR22"},"ED4":{"desc":"H1T","t":"B505"},"ED6":{"desc":"L2T"},"ED7":{"t":"PTS2"},"ED8":{"desc":"L1P","t":"ULAC"},"ED9":{"t":"C337"},"EDA":{"desc":"L1P"},"EDB":{"t":"H500"},"EE3":{"desc":"L1P"},"EE6":{"t":"UH1"},"EE7":{"desc":"L1P"},"EE8":{"desc":"L1P"},"EE9":{"t":"SR22"},"EEB":{"t":"SR20"},"EEC":{"t":"H25B"},"EEE":{"t":"C172"},"EEF":{"t":"UH1"},"EF1":{"desc":"H1T"},"EF2":{"t":"DV20"},"EF9":{"desc":"L1P"},"EFB":{"t":"FA50"},"EFD":{"t":"HDJT"},"EFF":{"t":"BE40"},"F00":{"desc":"L1P"},"F01":{"t":"C680"},"F04":{"desc":"L1P"},"F06":{"desc":"L2P"},"F09":{"desc":"L1P"},"F0A":{"desc":"L1P"},"F0B":{"desc":"H4E"},"F0C":{"desc":"L1P"},"F0D":{"t":"A321"},"F10":{"desc":"L1P"},"F11":{"t":"GLID"},"F13":{"t":"BCS1"},"F15":{"desc":"L1P"},"F19":{"t":"DA62"},"F1A":{"t":"BALL"},"F1C":{"t":"BALL"},"F1E":{"t":"C550"},"F29":{"desc":"L1P","t":"ULAC"},"F2A":{"t":"C172"},"F2F":{"t":"PA18"},"F32":{"t":"TOBA"},"F34":{"desc":"L1T"},"F35":{"t":"PA31"},"F37":{"t":"B763"},"F39":{"t":"T6"},"F3A":{"t":"R22"},"F3E":{"t":"BALL"},"F44":{"t":"C340"},"F4B":{"desc":"L1P"},"F4D":{"desc":"L1P"},"F4E":{"t":"YK52"},"F50":{"desc":"H6E"},"F52":{"t":"B06"},"F55":{"t":"S22T"},"F56":{"t":"F900"},"F57":{"desc":"L1P"},"F5C":{"desc":"L1P"},"F5D":{"t":"GLID"},"F64":{"t":"BE55"},"F6D":{"desc":"L1P"},"F72":{"desc":"L1P"},"F73":{"t":"E75L"},"F7E":{"desc":"L1P"},"F81":{"desc":"L1P"},"F83":{"desc":"L1P","t":"ULAC"},"F84":{"t":"C525"},"F85":{"desc":"L1P"},"F88":{"desc":"L1P"},"F89":{"desc":"L1P"},"F8B":{"t":"C206"},"F8E":{"t":"BE33"},"F92":{"t":"GLID"},"F97":{"t":"C208"},"F98":{"t":"E300"},"F99":{"t":"DA40"},"F9C":{"desc":"H4E"},"FA2":{"t":"COL4"},"FA4":{"desc":"L1P"},"FA5":{"desc":"A1T","t":"KODI"},"FA6":{"t":"R44"},"FAF":{"t":"C185"},"FB1":{"t":"BALL"},"FB2":{"t":"A139"},"FB5":{"t":"GLID"},"FB7":{"t":"B06"},"FB8":{"t":"R44"},"FBB":{"desc":"L1P"},"FC0":{"t":"ECHO"},"FC1":{"t":"H25B"},"FC2":{"t":"BE36"},"FC8":{"desc":"L1P"},"FC9":{"desc":"H6E"},"FCA":{"desc":"L1P"},"FCB":{"desc":"L1T","t":"PA46"},"FCD":{"desc":"L1P"},"FD1":{"desc":"L1P"},"FD3":{"t":"AT3T"},"FD4":{"t":"BE36"},"FD8":{"t":"P28A"},"FD9":{"t":"C172"},"FDB":{"t":"SR20"},"FDF":{"t":"S22T"},"FE1":{"desc":"L2P"},"FE2":{"t":"T28"},"FE5":{"t":"P28A"},"FE8":{"t":"DA42"},"FEA":{"t":"UH1"},"FEE":{"t":"A321"},"FFB":{"t":"PA27"},"FFC":{"t":"SR22"},"FFD":{"t":"PAY2"}}