{"000":{"t":"C182"},"001":{"desc":"L1P"},"002":{"t":"B06"},"003":{"t":"PC24"},"004":{"desc":"L1P","t":"ULAC"},"006":{"t":"PA46"},"00A":{"t":"ST75"},"00B":{"t":"C172"},"00C":{"t":"C25B"},"011":{"desc":"L1P"},"02D":{"t":"C172"},"02E":{"desc":"L1P"},"032":{"t":"C172"},"033":{"t":"F2TH"},"034":{"t":"C82R"},"038":{"t":"LJ25"},"039":{"desc":"L1P"},"03A":{"desc":"H4E"},"03C":{"desc":"L1P"},"03E":{"t":"BALL"},"040":{"desc":"L1P"},"041":{"desc":"L1P"},"044":{"desc":"L1P"},"045":{"t":"NAVI"},"047":{"t":"BE40"},"048":{"t":"ULAC"},"049":{"desc":"L1P"},"04A":{"t":"GLID"},"04B":{"t":"H500"},"04D":{"desc":"L1P"},"04E":{"desc":"L1P"},"04F":{"t":"C177"},"050":{"t":"P180"},"051":{"t":"GLID"},"053":{"t":"C182"},"056":{"desc":"L1P"},"057":{"desc":"L1P"},"05A":{"desc":"L1P"},"05B":{"desc":"L2T"},"05C":{"t":"E75L"},"05F":{"t":"PA32"},"060":{"desc":"L1P"},"061":{"t":"BALL"},"062":{"t":"GLF4"},"064":{"t":"RV12"},"065":{"desc":"L1P"},"066":{"desc":"L1P"},"067":{"desc":"L1P"},"069":{"t":"C82S"},"06C":{"t":"GLID"},"06D":{"t":"SR22"},"06E":{"desc":"L1P"},"06F":{"t":"C72R"},"070":{"t":"C310"},"071":{"t":"SIRA"},"074":{"t":"DV20"},"078":{"t":"B744"},"088":{"t":"A320"},"08B":{"t":"DA40"},"090":{"t":"TOBA"},"091":{"desc":"L1P"},"093":{"desc":"L2P"},"0A1":{"t":"GLF5"},"0A3":{"t":"EC30"},"0A5":{"t":"BE33"},"0AA":{"desc":"L2P"},"0AD":{"desc":"H4E"},"0AF":{"t":"C182"},"0B3":{"t":"S61"},"0B5":{"desc":"L1P"},"0B9":{"t":"PRM1"},"0BA":{"t":"BE50"},"0BE":{"t":"FDCT"},"0C2":{"t":"RV14"},"0CD":{"desc":"L1P"},"0D2":{"desc":"L1P"},"0D3":{"desc":"L1J"},"0D8":{"desc":"L1P"},"0DB":{"t":"WACF"},"0E5":{"t":"YK52"},"0F2":{"t":"C310"},"0F5":{"t":"L39"},"0F7":{"t":"CH7A"},"10D":{"t":"BALL"},"10F":{"t":"PA24"},"111":{"desc":"L1P"},"112":{"t":"AT5T"},"115":{"t":"AR15"},"118":{"desc":"A1P"},"119":{"t":"C210"},"11B":{"t":"PA23"},"121":{"t":"C172"},"122":{"t":"BE33"},"123":{"t":"PA34"},"124":{"desc":"L1P"},"125":{"t":"M20T"},"129":{"desc":"L1P"},"131":{"t":"PA31"},"133":{"t":"P28A"},"134":{"t":"C195"},"135":{"t":"CH7A"},"137":{"desc":"L1P"},"138":{"t":"AR15"},"139":{"t":"AC11"},"13A":{"desc":"L1P"},"13B":{"desc":"A1P"},"13C":{"t":"T210"},"13D":{"t":"J3"},"13E":{"t":"PA23"},"141":{"t":"P46T"},"142":{"t":"BE55"},"143":{"t":"M20P"},"144":{"t":"C172"},"145":{"t":"BE36"},"146":{"t":"P28A"},"148":{"t":"C172"},"14B":{"t":"BE55"},"14D":{"t":"O1"},"14E":{"t":"O1"},"152":{"t":"M20P"},"153":{"desc":"H6E"},"154":{"t":"PA18"},"158":{"t":"CH7B"},"159":{"t":"BE36"},"15B":{"t":"AR15"},"15C":{"t":"AC11"},"15D":{"t":"L8"},"15E":{"desc":"A1P"},"15F":{"t":"DC3"},"160":{"t":"M20P"},"162":{"t":"P28A"},"165":{"t":"BALL"},"167":{"t":"C172"},"169":{"t":"P28A"},"16A":{"t":"M20P"},"16B":{"t":"M20P"},"16D":{"desc":"L1P"},"171":{"t":"M20P"},"174":{"t":"UH12"},"175":{"t":"B06"},"176":{"desc":"H8E"},"177":{"t":"PA18"},"178":{"t":"M20P"},"17B":{"t":"CH7A"},"17C":{"t":"C172"},"17D":{"t":"M20T"},"181":{"desc":"A1P"},"182":{"t":"C182"},"185":{"t":"C310"},"187":{"t":"BE58"},"188":{"t":"P28R"},"189":{"t":"M20P"},"18A":{"t":"BALL"},"18B":{"desc":"H1T"},"18C":{"t":"P28R"},"18D":{"t":"C172"},"18F":{"desc":"L1P"},"190":{"t":"BALL"},"191":{"t":"C150"},"193":{"desc":"L1P"},"196":{"t":"C150"},"197":{"t":"C150"},"199":{"desc":"H8E"},"19A":{"desc":"H8E"},"19C":{"t":"C182"},"19D":{"t":"C195"},"19F":{"t":"C185"},"1A0":{"t":"BE20"},"1A2":{"t":"AC11"},"1A3":{"t":"L8"},"1A4":{"t":"CH7B"},"1A5":{"t":"M20P"},"1A6":{"t":"ST75"},"1A9":{"t":"BALL"},"1AA":{"t":"M20P"},"1AB":{"t":"C172"},"1AC":{"t":"PA34"},"1AE":{"t":"BE33"},"1AF":{"t":"C206"},"1B0":{"t":"M20P"},"1B3":{"t":"C150"},"1B4":{"t":"C150"},"1B5":{"desc":"L1P"},"1B9":{"t":"C150"},"1BA":{"t":"C150"},"1BB":{"t":"C150"},"1BC":{"desc":"L1P"},"1BD":{"t":"PA18"},"1BE":{"t":"H60"},"1BF":{"t":"M20P"},"1C0":{"t":"C195"},"1C1":{"t":"CH7A"},"1C4":{"t":"AR15"},"1C5":{"t":"AC11"},"1C6":{"desc":"L1P","t":"ULAC"},"1C7":{"desc":"A1P"},"1C8":{"t":"C77R"},"1C9":{"t":"PA46"},"1CC":{"t":"P28A"},"1D1":{"t":"B06"},"1D2":{"t":"BE58"},"1D3":{"t":"B06"},"1D5":{"t":"C150"},"1D6":{"desc":"L1P"},"1D7":{"t":"C150"},"1D8":{"desc":"L1P"},"1D9":{"t":"C150"},"1DD":{"t":"C150"},"1DF":{"desc":"A1P"},"1E5":{"t":"C185"},"1E6":{"t":"B06"},"1E8":{"t":"AC11"},"1E9":{"t":"BE9L"},"1EC":{"t":"M20P"},"1EE":{"t":"P28A"},"1F3":{"t":"C172"},"1F5":{"t":"P28A"},"1FA":{"t":"C150"},"1FB":{"t":"C150"},"1FC":{"t":"M20P"},"1FD":{"desc":"L1P"},"1FE":{"t":"C150"},"1FF":{"t":"PA46"},"201":{"t":"C175"},"202":{"desc":"L3P"},"203":{"t":"C185"},"204":{"t":"BE35"},"205":{"t":"M20P"},"206":{"t":"C195"},"207":{"t":"CH7B"},"208":{"t":"C185"},"209":{"t":"M20P"},"20A":{"t":"AR15"},"20B":{"t":"AC11"},"20D":{"t":"M20P"},"215":{"t":"M20P"},"216":{"t":"M20P"},"217":{"t":"BE36"},"218":{"t":"P28R"},"219":{"t":"M20T"},"21E":{"t":"C150"},"21F":{"t":"C150"},"222":{"t":"C150"},"224":{"desc":"L1P"},"225":{"desc":"L1P"},"226":{"t":"PA18"},"229":{"desc":"H4E"},"22A":{"t":"CH7A"},"22B":{"t":"C185"},"22E":{"desc":"L1P"},"22F":{"t":"L8"},"230":{"desc":"L1P"},"231":{"t":"C172"},"232":{"t":"B06"},"233":{"desc":"L1P"},"234":{"t":"B06"},"236":{"t":"BE58"},"237":{"desc":"H1T"},"238":{"t":"PA34"},"23D":{"desc":"L1P"},"23E":{"desc":"L1P"},"240":{"t":"T206"},"242":{"t":"C150"},"243":{"desc":"L1P"},"245":{"t":"C150"},"249":{"t":"B06"},"24A":{"t":"M20T"},"24C":{"t":"BE9L"},"24D":{"t":"CH7A"},"24E":{"t":"BALL"},"24F":{"t":"H60"},"250":{"t":"P28A"},"251":{"t":"AC11"},"252":{"t":"M20P"},"253":{"desc":"A1P"},"254":{"t":"C172"},"256":{"t":"M20P"},"257":{"t":"C310"},"259":{"t":"M20P"},"25B":{"t":"B212"},"25C":{"t":"M20P"},"25F":{"t":"P28A"},"262":{"t":"BALL"},"263":{"desc":"L1P"},"264":{"t":"C150"},"268":{"t":"T206"},"269":{"desc":"A1P"},"26A":{"desc":"L1P"},"26C":{"t":"GLID"},"26E":{"t":"S108"},"26F":{"t":"PA31"},"270":{"desc":"L2J"},"271":{"t":"B06"},"272":{"t":"R44"},"273":{"t":"A119"},"275":{"t":"BALL"},"277":{"t":"BE20"},"278":{"t":"HUSK"},"279":{"t":"C208"},"27A":{"desc":"L1P"},"27E":{"t":"C77R"},"280":{"t":"P28A"},"282":{"t":"DC10"},"285":{"t":"BE35"},"286":{"desc":"L2T"},"287":{"desc":"L1P"},"289":{"desc":"L1P"},"28C":{"desc":"L1P"},"28E":{"desc":"L1P"},"28F":{"t":"FA50"},"291":{"t":"C68A"},"296":{"desc":"H8E"},"297":{"t":"S108"},"29D":{"t":"E190"},"2A0":{"desc":"L1P"},"2A1":{"t":"C337"},"2A3":{"t":"GLF5"},"2A4":{"t":"DA40"},"2A5":{"desc":"L1P"},"2A6":{"desc":"L1P"},"2A7":{"t":"C525"},"2A9":{"t":"DV20"},"2AA":{"t":"S108"},"2AC":{"t":"SR22"},"2AE":{"t":"TBM7"},"2AF":{"t":"PA22"},"2B7":{"desc":"A1P"},"2B9":{"desc":"L2J","t":"GLF5"},"2BA":{"t":"H269"},"2BB":{"t":"H25B"},"2BD":{"t":"S108"},"2BE":{"t":"BALL"},"2C0":{"t":"R44"},"2C4":{"t":"A321"},"2C6":{"t":"BCS1"},"2C7":{"t":"B06"},"2C8":{"desc":"L1P"},"2CA":{"t":"GLF4"},"2CC":{"desc":"H1P"},"2D0":{"t":"C25B"},"2D2":{"t":"BE10"},"2D3":{"t":"H500"},"2D4":{"t":"C172"},"2D5":{"t":"C180"},"2D8":{"t":"R44"},"2E2":{"t":"CL30"},"2E5":{"t":"GLF4"},"2E8":{"t":"SR22"},"2E9":{"t":"B350"},"2EB":{"t":"M7"},"2EE":{"t":"B763"},"2F1":{"desc":"L1P"},"2F2":{"t":"F900"},"2F4":{"t":"LJ25"},"302":{"t":"S108"},"303":{"desc":"L1P","t":"ULAC"},"304":{"t":"BE35"},"305":{"t":"YK52"},"309":{"desc":"L1P"},"30D":{"desc":"L1P"},"310":{"t":"SR22"},"317":{"t":"C180"},"318":{"desc":"L1P","t":"ULAC"},"31B":{"desc":"L1P"},"321":{"t":"C172"},"322":{"t":"M7"},"329":{"t":"AS50"},"32A":{"t":"E75L"},"32C":{"t":"BL8"},"334":{"desc":"A1P"},"335":{"t":"E50P"},"336":{"desc":"L1P","t":"ULAC"},"337":{"t":"PC12"},"339":{"t":"GLF4"},"33A":{"t":"GLID"},"33B":{"t":"BL8"},"33C":{"t":"BE55"},"33E":{"desc":"L1P"},"33F":{"t":"PA31"},"340":{"t":"C172"},"341":{"t":"LJ35"},"344":{"desc":"L1P"},"345":{"t":"H269"},"346":{"t":"BE36"},"349":{"desc":"L1P"},"34D":{"t":"GLID"},"34E":{"t":"B350"},"34F":{"desc":"A1P"},"350":{"t":"FA10"},"351":{"t":"S108"},"353":{"t":"BALL"},"356":{"t":"C25A"},"357":{"t":"P46T"},"359":{"desc":"L1P","t":"ULAC"},"35A":{"t":"LJ45"},"35B":{"t":"BE36"},"35E":{"desc":"L1P"},"362":{"desc":"L1P"},"366":{"desc":"L1P"},"367":{"t":"C25B"},"368":{"t":"S108"},"369":{"t":"S22T"},"36B":{"t":"B58T"},"36C":{"desc":"L1P"},"36D":{"desc":"H1T"},"36E":{"t":"B06"},"36F":{"t":"C560"},"371":{"desc":"L1P"},"373":{"t":"AS50"},"378":{"t":"CL30"},"379":{"t":"DA42"},"37A":{"t":"C414"},"37B":{"t":"S22T"},"37E":{"t":"P28T"},"37F":{"desc":"L1P"},"380":{"desc":"L1T"},"381":{"t":"M20P"},"382":{"t":"C500"},"383":{"desc":"L1P"},"384":{"desc":"L1P"},"386":{"t":"SR20"},"387":{"desc":"L1P"},"389":{"desc":"L1T"},"38B":{"t":"BALL"},"38C":{"t":"S108"},"38D":{"t":"E190"},"38E":{"t":"R44"},"38F":{"desc":"L1P"},"390":{"t":"B737"},"394":{"desc":"A1P"},"398":{"t":"TNAV"},"39A":{"desc":"L1P"},"39C":{"t":"P28A"},"39F":{"t":"DA42"},"3A4":{"desc":"L1P"},"3A5":{"t":"A321"},"3A9":{"t":"P32R"},"3AF":{"t":"GLF5"},"3B1":{"desc":"L1P"},"3B3":{"t":"GLF6"},"3B4":{"t":"PA16"},"3B7":{"t":"C182"},"3B9":{"t":"F900"},"3BB":{"desc":"L1P"},"3BF":{"t":"H500"},"3C2":{"t":"GLID"},"3C3":{"t":"C172"},"3E5":{"t":"LJ35"},"3E6":{"desc":"L1P"},"3E7":{"t":"S108"},"3E9":{"t":"C208"},"3EA":{"desc":"L1P","t":"ULAC"},"3EB":{"t":"J3"},"3EC":{"t":"BE20"},"3ED":{"t":"BE36"},"3EE":{"t":"H25B"},"3EF":{"t":"S108"},"3F1":{"desc":"L1P"},"3F3":{"t":"C56X"},"3F5":{"t":"GLF4"},"3FD":{"t":"AC90"},"3FF":{"t":"B407"},"402":{"t":"ECHO"},"403":{"t":"PA24"},"404":{"t":"CJ6"},"408":{"desc":"L1P"},"40A":{"t":"C182"},"40C":{"desc":"A1P","t":"ULAC"},"40D":{"desc":"A1P"},"40F":{"t":"C172"},"410":{"t":"S108"},"411":{"t":"S108"},"412":{"desc":"L2T"},"413":{"t":"E75L"},"415":{"t":"PA18"},"416":{"t":"AS50"},"417":{"desc":"L1P"},"418":{"t":"C172"},"41B":{"t":"AT5T"},"420":{"t":"C82S"},"421":{"desc":"L1P"},"425":{"desc":"L1P"},"426":{"t":"C170"},"427":{"desc":"L1P","t":"COL4"},"42A":{"desc":"L1P"},"42B":{"desc":"H4E"},"42F":{"t":"GLID"},"430":{"t":"H60"},"431":{"t":"PAY2"},"43F":{"desc":"L1P"},"442":{"t":"DA40"},"443":{"t":"A320"},"447":{"desc":"A1P"},"457":{"t":"C560"},"45A":{"t":"EC35"},"45E":{"desc":"A1P"},"460":{"t":"B06"},"462":{"t":"BALL"},"464":{"desc":"L1P"},"467":{"t":"S108"},"468":{"t":"S108"},"46C":{"t":"PA32"},"470":{"t":"GLID"},"471":{"t":"S108"},"475":{"t":"S108"},"477":{"t":"S108"},"48F":{"desc":"L1P"},"492":{"desc":"L1P","t":"TB0"},"499":{"desc":"H1P"},"49C":{"t":"YK52"},"4AA":{"desc":"L1P"},"4C1":{"t":"ULAC"},"4C3":{"desc":"L1P"},"4C4":{"desc":"A1P"},"4C8":{"t":"C190"},"4CA":{"t":"C172"},"4CC":{"t":"P28A"},"4CD":{"desc":"L1P"},"4CE":{"t":"L8"},"4D0":{"t":"C182"},"4D1":{"t":"B06"},"4D2":{"t":"M20P"},"4D3":{"desc":"H8E"},"4D4":{"t":"BALL"},"4D5":{"t":"BE58"},"4D9":{"t":"BE33"},"4DA":{"t":"P28A"},"4DC":{"desc":"L1P"},"4E1":{"desc":"L1P"},"4E2":{"t":"P28A"},"4E4":{"desc":"L1P"},"4E5":{"t":"C150"},"4E7":{"desc":"L1P"},"4E8":{"t":"PA18"},"4EA":{"t":"UH1"},"4EB":{"t":"C190"},"4ED":{"desc":"L1P"},"4EF":{"desc":"L1P"},"4F0":{"t":"AC11"},"4F1":{"t":"B06"},"4FB":{"t":"C172"},"4FC":{"t":"C150"},"4FE":{"t":"BE36"},"502":{"desc":"L1P"},"504":{"t":"B06"},"505":{"t":"C150"},"506":{"t":"PA24"},"507":{"t":"J3"},"509":{"desc":"L1P"},"50A":{"desc":"L1P"},"50E":{"t":"C195"},"50F":{"t":"CH7A"},"510":{"t":"C172"},"511":{"t":"J3"},"513":{"t":"T206"},"514":{"t":"L8"},"518":{"t":"C182"},"51E":{"t":"C172"},"520":{"t":"P28A"},"521":{"t":"M20T"},"522":{"t":"AA5"},"523":{"t":"C150"},"52C":{"t":"C150"},"531":{"t":"C195"},"532":{"t":"BL8"},"533":{"t":"M20P"},"535":{"desc":"S1P","t":"AR15"},"536":{"t":"S108"},"538":{"t":"M20P"},"53C":{"t":"C310"},"53D":{"t":"BALL"},"53E":{"t":"BE9L"},"53F":{"t":"M20T"},"541":{"t":"T206"},"542":{"t":"BE58"},"546":{"t":"C150"},"548":{"t":"C150"},"549":{"desc":"L1P"},"54C":{"t":"C150"},"54E":{"t":"C150"},"54F":{"t":"C150"},"550":{"desc":"L1P"},"555":{"t":"CH7A"},"556":{"t":"C185"},"557":{"t":"M20T"},"558":{"t":"BALL"},"55B":{"t":"M20P"},"55C":{"desc":"L1P"},"563":{"t":"M20T"},"564":{"t":"M20P"},"565":{"desc":"L1P"},"566":{"t":"B06"},"56B":{"t":"PA18"},"56C":{"t":"C150"},"56D":{"t":"C150"},"56F":{"t":"C150"},"570":{"t":"C150"},"571":{"t":"C150"},"575":{"t":"B06"},"576":{"t":"M20T"},"579":{"t":"C172"},"57A":{"t":"M20T"},"57C":{"t":"AC11"},"57D":{"t":"M20T"},"57E":{"desc":"L1P","t":"LA4"},"57F":{"t":"C182"},"580":{"t":"M20T"},"581":{"desc":"L1P"},"584":{"t":"M20T"},"585":{"t":"B06"},"588":{"t":"M20T"},"589":{"t":"M20P"},"58A":{"t":"GLID"},"58B":{"t":"M20T"},"58D":{"t":"M20T"},"58F":{"t":"PA27"},"592":{"t":"C150"},"595":{"t":"C150"},"596":{"t":"GLF4"},"597":{"t":"PA18"},"598":{"t":"R44"},"599":{"t":"SR22"},"59B":{"t":"CH7A"},"59C":{"t":"C208"},"59E":{"t":"P28S"},"59F":{"t":"AC11"},"5A1":{"t":"C180"},"5A2":{"t":"C182"},"5A5":{"t":"M20P"},"5A7":{"t":"M20T"},"5A8":{"t":"M20T"},"5A9":{"t":"C172"},"5AA":{"t":"C172"},"5AB":{"t":"BT36"},"5AF":{"desc":"L1P"},"5B4":{"desc":"L1P"},"5B5":{"desc":"L1P"},"5B9":{"t":"GLID"},"5BA":{"t":"PA18"},"5BC":{"t":"C172"},"5BE":{"t":"CH7A"},"5C2":{"t":"AC11"},"5C3":{"t":"L8"},"5C8":{"t":"M20T"},"5CA":{"t":"BT36"},"5CB":{"t":"COL4"},"5D6":{"t":"GLID"},"5D8":{"t":"DC93"},"5D9":{"t":"C150"},"5DC":{"t":"CL60"},"5E0":{"desc":"L1P"},"5E1":{"t":"CH7A"},"5E2":{"t":"M20T"},"5E4":{"t":"AR15"},"5E5":{"t":"AC11"},"5E6":{"t":"L8"},"5E7":{"t":"BE36"},"5E8":{"t":"M20T"},"5E9":{"t":"H500"},"5EC":{"t":"C56X"},"5ED":{"t":"M20T"},"5EE":{"t":"M20T"},"5EF":{"t":"C172"},"5F0":{"t":"C172"},"5F3":{"desc":"H1T","t":"B505"},"5F5":{"t":"C150"},"5F6":{"t":"C150"},"5F8":{"desc":"L1P"},"5FB":{"desc":"L1P"},"5FD":{"t":"C150"},"5FE":{"t":"C150"},"5FF":{"desc":"L2J"},"600":{"t":"PA18"},"601":{"t":"M20P"},"602":{"t":"BE36"},"603":{"t":"C172"},"604":{"t":"BE36"},"605":{"t":"C185"},"606":{"t":"M20T"},"608":{"t":"AC11"},"60B":{"t":"C182"},"60D":{"t":"PA23"},"612":{"t":"C172"},"614":{"t":"BE36"},"615":{"t":"P28R"},"617":{"desc":"L1P"},"619":{"t":"C150"},"61C":{"t":"NAVI"},"61D":{"t":"C150"},"61F":{"t":"C172"},"621":{"t":"C150"},"622":{"t":"GLID"},"624":{"t":"HUSK"},"626":{"desc":"L1P"},"628":{"desc":"H1T"},"629":{"t":"BE33"},"62A":{"t":"A109"},"62B":{"t":"A109"},"62D":{"t":"BE35"},"62E":{"t":"A109"},"62F":{"t":"HUSK"},"631":{"t":"C25A"},"635":{"t":"PA32"},"63B":{"t":"A109"},"63C":{"t":"R44"},"63D":{"t":"BE33"},"63E":{"desc":"L1P"},"63F":{"t":"EC35"},"643":{"t":"H25B"},"644":{"desc":"L2T"},"645":{"desc":"L1P"},"647":{"desc":"L1P"},"648":{"t":"A109"},"64C":{"t":"GLID"},"64D":{"desc":"L1P"},"64E":{"t":"A109"},"651":{"t":"GLID"},"654":{"desc":"L1P"},"655":{"t":"C501"},"656":{"t":"C25C"},"657":{"t":"C340"},"658":{"t":"PA27"},"65B":{"t":"C152"},"65C":{"t":"A109"},"65D":{"t":"GLF6"},"65E":{"desc":"H6E"},"662":{"t":"GLID"},"663":{"t":"T206"},"664":{"t":"C182"},"665":{"t":"C82S"},"667":{"t":"FDCT"},"66A":{"desc":"L1P"},"66C":{"t":"A109"},"66D":{"desc":"L2T"},"66E":{"desc":"L1P"},"66F":{"desc":"L1P"},"671":{"t":"C550"},"672":{"t":"GLF3"},"674":{"desc":"H8E"},"675":{"t":"BALL"},"676":{"desc":"L1T"},"677":{"desc":"L1P"},"678":{"desc":"L1P"},"679":{"t":"C82S"},"67A":{"desc":"L1P"},"67B":{"t":"A321"},"67E":{"t":"A139"},"67F":{"t":"NAVI"},"681":{"t":"BCS1"},"682":{"desc":"L1P"},"683":{"t":"B58T"},"688":{"t":"BE36"},"68A":{"t":"GLID"},"68F":{"desc":"L1P"},"690":{"desc":"L1P"},"697":{"t":"C172"},"69B":{"desc":"L1P"},"69F":{"t":"LJ45"},"6A0":{"desc":"L1P"},"6A2":{"t":"A109"},"6A3":{"t":"PA31"},"6A5":{"t":"B763"},"6A6":{"desc":"L1P"},"6B0":{"t":"C172"},"6B2":{"t":"SR22"},"6BA":{"t":"C550"},"6BB":{"t":"GLID"},"6BC":{"desc":"L1P"},"6BF":{"desc":"L1P"},"6C1":{"t":"H60"},"6C4":{"t":"A109"},"6C7":{"t":"P28A"},"6CA":{"desc":"L1P"},"6CC":{"desc":"L1P"},"6CF":{"t":"ASTR"},"6D0":{"desc":"L1P"},"6D2":{"t":"C210"},"6D4":{"t":"GLID"},"6D8":{"t":"A109"},"6DB":{"desc":"L1P"},"6DE":{"desc":"L1P","t":"ULAC"},"6DF":{"t":"A109"},"6E1":{"t":"E75L"},"6E2":{"t":"R22"},"6E7":{"desc":"L1P"},"6E9":{"t":"LJ60"},"6EB":{"desc":"L1P"},"6EC":{"desc":"L1P"},"6ED":{"desc":"L1P"},"6EE":{"t":"C550"},"6EF":{"desc":"L1P"},"6F2":{"t":"BL8"},"6F3":{"desc":"H1P"},"6F5":{"t":"BALL"},"6F6":{"desc":"L1P"},"6F7":{"desc":"L1J"},"6F8":{"t":"A109"},"6F9":{"t":"A109"},"6FC":{"desc":"L2J","t":"B38M"},"6FD":{"desc":"L1P"},"700":{"t":"AC11"},"704":{"desc":"L1P"},"706":{"t":"P28S"},"709":{"desc":"L1P"},"70A":{"desc":"L1P"},"70B":{"t":"B350"},"710":{"t":"GLID"},"715":{"desc":"L1P"},"71F":{"desc":"H1T"},"721":{"t":"P28A"},"722":{"t":"E50P"},"725":{"t":"BALL"},"728":{"t":"BE36"},"72A":{"t":"AS50"},"72D":{"t":"A109"},"72E":{"t":"BRAV"},"72F":{"desc":"L1P","t":"ULAC"},"730":{"t":"C172"},"736":{"t":"A109"},"737":{"desc":"H1T"},"738":{"t":"P32T"},"739":{"t":"R44"},"73A":{"t":"BE20"},"73D":{"desc":"G1P"},"73E":{"t":"A109"},"73F":{"t":"CL30"},"740":{"desc":"L1P"},"741":{"t":"BE36"},"742":{"t":"A109"},"746":{"desc":"H1P"},"747":{"t":"P180"},"748":{"t":"GLID"},"74B":{"t":"S22T"},"74D":{"desc":"L1P"},"74F":{"t":"J4"},"750":{"t":"T6"},"75A":{"t":"A109"},"75C":{"t":"A321"},"768":{"t":"A109"},"769":{"desc":"H6E"},"76A":{"t":"A109"},"76B":{"t":"BL8"},"76F":{"t":"ULAC"},"773":{"desc":"L1P"},"779":{"desc":"L1P"},"781":{"t":"BE35"},"792":{"t":"GL5T"},"79A":{"t":"H25B"},"79B":{"t":"B06"},"79C":{"t":"P28A"},"79D":{"t":"C206"},"79E":{"desc":"L1P"},"7A0":{"t":"M20T"},"7A2":{"desc":"L1P","t":"ULAC"},"7A3":{"desc":"L1P"},"7A5":{"desc":"L1P"},"7A6":{"t":"GLID"},"7AB":{"t":"T206"},"7AC":{"desc":"L1P","t":"ULAC"},"7AE":{"desc":"L1P"},"7AF":{"t":"AA1"},"7B3":{"t":"BE95"},"7B6":{"desc":"L1P"},"7B7":{"t":"S22T"},"7B9":{"t":"A109"},"7BA":{"desc":"L1P"},"7BC":{"t":"A109"},"7C1":{"desc":"H2T"},"7C3":{"t":"ULAC"},"7C5":{"t":"GLF4"},"7C8":{"t":"C206"},"7CA":{"t":"E75L"},"7CC":{"t":"PA18"},"7CD":{"t":"AS50"},"7CE":{"desc":"L1P"},"7CF":{"desc":"L1P"},"7D0":{"t":"C56X"},"7D2":{"t":"A109"},"7D3":{"t":"A109"},"7D5":{"t":"C172"},"7D6":{"t":"A109"},"7D7":{"desc":"H6E"},"7DC":{"desc":"L1P"},"7DD":{"desc":"L1P"},"7DE":{"t":"FA20"},"7E1":{"t":"C25B"},"7E3":{"t":"BE36"},"7E5":{"desc":"L1P"},"7E6":{"t":"L13M"},"7F6":{"t":"B06"},"7F9":{"t":"DA40"},"7FA":{"t":"A320"},"7FE":{"t":"BE33"},"810":{"t":"BALL"},"817":{"desc":"L1P"},"818":{"t":"ST75"},"819":{"desc":"L1P"},"81A":{"desc":"L1P"},"81B":{"desc":"H4E"},"81C":{"t":"PA34"},"81E":{"t":"A109"},"81F":{"t":"A109"},"820":{"t":"A109"},"821":{"t":"SR20"},"825":{"t":"GLID"},"827":{"desc":"L1P"},"829":{"desc":"A1T","t":"KODI"},"82C":{"t":"HUSK"},"830":{"desc":"L1J"},"83E":{"t":"A109"},"841":{"desc":"L1J"},"849":{"t":"C182"},"853":{"t":"YK52"},"863":{"t":"L39"},"874":{"t":"A109"},"878":{"desc":"L1P","t":"ULAC"},"87B":{"desc":"L1P"},"880":{"t":"CH7A"},"881":{"t":"C172"},"882":{"desc":"H1P"},"884":{"t":"C172"},"886":{"t":"M20T"},"887":{"t":"C182"},"889":{"t":"M20P"},"88A":{"t":"P28S"},"88E":{"t":"C172"},"88F":{"t":"C172"},"890":{"t":"C172"},"891":{"t":"CL60"},"897":{"t":"C150"},"89A":{"t":"C150"},"89C":{"desc":"L1P"},"89D":{"t":"C82S"},"89E":{"t":"GLID"},"89F":{"t":"M20T"},"8A1":{"t":"M20P"},"8A2":{"t":"C195"},"8A5":{"t":"BE36"},"8A6":{"t":"AR15"},"8A8":{"t":"L8"},"8A9":{"t":"M20T"},"8AA":{"t":"C172"},"8AB":{"t":"M20T"},"8AC":{"t":"H500"},"8AE":{"t":"BALL"},"8AF":{"t":"H500"},"8B2":{"t":"C172"},"8B6":{"desc":"L1P"},"8B8":{"t":"C150"},"8BC":{"t":"C150"},"8BF":{"t":"C150"},"8C2":{"t":"C172"},"8C4":{"t":"R44"},"8C5":{"t":"C195"},"8C9":{"t":"BE9L"},"8CC":{"t":"H500"},"8D3":{"t":"P28A"},"8D4":{"t":"C82S"},"8D6":{"t":"BE55"},"8D7":{"t":"P28R"},"8D8":{"t":"BE36"},"8DB":{"t":"C150"},"8DC":{"t":"C150"},"8DD":{"t":"C150"},"8DE":{"t":"C150"},"8DF":{"t":"C150"},"8E1":{"t":"C150"},"8E4":{"desc":"L1P"},"8E5":{"t":"B763"},"8E8":{"desc":"H8E"},"8E9":{"t":"BL8"},"8EB":{"t":"BE58"},"8EF":{"desc":"L1P","t":"LA4"},"8FA":{"t":"P28A"},"8FB":{"t":"H269"},"901":{"t":"C150"},"903":{"t":"C82S"},"904":{"t":"C150"},"906":{"desc":"L1P"},"90B":{"t":"SR22"},"90C":{"t":"CH7A"},"90D":{"t":"C172"},"90E":{"t":"BE58"},"910":{"t":"AC11"},"913":{"t":"FA62"},"919":{"t":"P28R"},"91A":{"t":"C172"},"91C":{"t":"BE35"},"91F":{"desc":"L1P"},"920":{"t":"C150"},"921":{"t":"C150"},"922":{"t":"C150"},"923":{"desc":"L1P"},"924":{"t":"C150"},"925":{"t":"C150"},"926":{"t":"C150"},"928":{"t":"C182"},"92A":{"desc":"L1P"},"92B":{"t":"BE36"},"92C":{"t":"M20P"},"92F":{"t":"CH7B"},"930":{"t":"C185"},"931":{"t":"GLID"},"933":{"desc":"L1P"},"93C":{"t":"H500"},"93D":{"t":"C172"},"93F":{"t":"BE9L"},"940":{"t":"P28R"},"944":{"t":"C150"},"945":{"desc":"L1P"},"948":{"t":"C150"},"949":{"t":"C150"},"94A":{"t":"V10"},"94D":{"desc":"H1P"},"952":{"t":"CH7A"},"953":{"t":"BALL"},"955":{"t":"AR15"},"956":{"t":"AC11"},"957":{"t":"BE36"},"95F":{"t":"P28A"},"960":{"t":"C172"},"962":{"t":"S22T"},"967":{"t":"C150"},"968":{"desc":"L1P"},"96B":{"t":"C182"},"96C":{"desc":"L1P"},"96D":{"desc":"L1P"},"96E":{"desc":"L1P"},"971":{"t":"PA18"},"974":{"t":"C195"},"975":{"t":"CH7A"},"977":{"t":"BE36"},"978":{"t":"AR15"},"979":{"t":"H500"},"97A":{"t":"L8"},"97B":{"desc":"L1P"},"97C":{"t":"C172"},"97D":{"t":"C172"},"982":{"t":"P28A"},"985":{"t":"BE36"},"987":{"t":"C172"},"988":{"t":"BE36"},"98A":{"t":"C150"},"98B":{"t":"LJ35"},"98E":{"t":"C150"},"997":{"t":"C195"},"998":{"t":"CH7B"},"99E":{"t":"GLEX"},"99F":{"t":"C172"},"9A0":{"t":"H269"},"9A3":{"t":"SR22"},"9A6":{"t":"C172"},"9A8":{"t":"BE36"},"9AE":{"t":"CH7A"},"9AF":{"t":"CH7A"},"9B0":{"t":"B429"},"9B1":{"t":"CH7A"},"9B3":{"t":"CH7B"},"9B5":{"t":"CH7B"},"9B6":{"t":"C525"},"9B7":{"t":"BE36"},"9B9":{"t":"M20P"},"9BC":{"t":"C185"},"9BE":{"t":"AR15"},"9BF":{"t":"PA32"},"9C6":{"t":"BALL"},"9C7":{"desc":"L1P"},"9CB":{"t":"BE36"},"9CD":{"t":"PA18"},"9CE":{"desc":"L1P"},"9CF":{"t":"CH7B"},"9D1":{"t":"C150"},"9D2":{"t":"C150"},"9D5":{"desc":"L1P"},"9D6":{"t":"C150"},"9D9":{"t":"BE9L"},"9DA":{"t":"CL60"},"9DB":{"t":"GLID"},"9DD":{"t":"BE55"},"9DE":{"desc":"L1P"},"9DF":{"t":"PA23"},"9E1":{"t":"PC12"},"9E2":{"t":"HUSK"},"9E3":{"t":"TAYD"},"9E4":{"t":"C25C"},"9E6":{"t":"LJ60"},"9E8":{"t":"T210"},"9E9":{"t":"GLEX"},"9EA":{"t":"GLF5"},"9EB":{"t":"H500"},"9EC":{"t":"C185"},"9EF":{"desc":"L1T"},"9F0":{"t":"BE35"},"9F1":{"desc":"L1P"},"9F4":{"t":"PA38"},"9F6":{"t":"BT36"},"9F8":{"desc":"L1P"},"9FB":{"desc":"L1P"},"9FD":{"t":"PA17"},"A00":{"t":"C414"},"A01":{"desc":"L1P"},"A02":{"t":"BALL"},"A04":{"desc":"L1P"},"A05":{"t":"C182"},"A09":{"t":"BE33"},"A0A":{"t":"PC12"},"A0B":{"t":"PA22"},"A0C":{"t":"C185"},"A0D":{"t":"P28A"},"A0E":{"desc":"L1P"},"A0F":{"desc":"L1P"},"A11":{"t":"BE35"},"A12":{"t":"BE50"},"A13":{"t":"PA24"},"A14":{"desc":"L1P"},"A15":{"t":"J3"},"A16":{"desc":"L1P"},"A17":{"desc":"L1P"},"A18":{"t":"FA62"},"A19":{"t":"GLID"},"A1A":{"t":"C56X"},"A1B":{"t":"B06"},"A1C":{"t":"E50P"},"A1E":{"t":"SR22"},"A1F":{"desc":"H1T","t":"UH12"},"A20":{"t":"PA24"},"A21":{"t":"P28R"},"A23":{"t":"AA1"},"A24":{"t":"YK11"},"A25":{"desc":"L1P"},"A28":{"desc":"L1P"},"A2A":{"t":"C310"},"A2D":{"t":"C180"},"A2F":{"desc":"L1P"},"A30":{"t":"AEST"},"A31":{"desc":"L1P"},"A33":{"desc":"L1P"},"A36":{"t":"H269"},"A37":{"t":"BE9L"},"A38":{"t":"PA22"},"A3A":{"desc":"L1P"},"A3D":{"t":"C182"},"A3E":{"t":"BE35"},"A3F":{"t":"CRJ7"},"A40":{"t":"BE9L"},"A41":{"t":"BE58"},"A44":{"t":"CL30"},"A46":{"t":"C56X"},"A48":{"t":"GLID"},"A49":{"desc":"L1P"},"A4A":{"t":"BE35"},"A4C":{"desc":"L1P"},"A4D":{"t":"EC30"},"A4F":{"t":"S22T"},"A50":{"desc":"L1P"},"A51":{"desc":"L1P"},"A52":{"t":"BE58"},"A53":{"desc":"L1P"},"A56":{"desc":"L1P"},"A58":{"t":"S22T"},"A59":{"desc":"L1P"},"A5A":{"t":"BE35"},"A5C":{"desc":"L1P"},"A5D":{"t":"BE55"},"A5F":{"t":"B06"},"A60":{"t":"C182"},"A62":{"t":"P28R"},"A64":{"t":"C150"},"A65":{"t":"BE35"},"A66":{"t":"EC30"},"A67":{"t":"C182"},"A6A":{"t":"PA25"},"A6B":{"t":"C303"},"A6C":{"t":"VALI"},"A6D":{"desc":"H1T"},"A6E":{"desc":"L1P"},"A6F":{"t":"NAVI"},"A70":{"desc":"L1P"},"A74":{"t":"J3"},"A75":{"t":"P28A"},"A76":{"t":"CH7B"},"A77":{"t":"BE35"},"A78":{"desc":"L1P"},"A79":{"t":"LJ35"},"A7A":{"t":"P28A"},"A7B":{"t":"SF50"},"A7C":{"t":"BE35"},"A7D":{"t":"P28A"},"A81":{"t":"C150"},"A83":{"t":"C680"},"A84":{"t":"GLID"},"A85":{"t":"GLF5"},"A86":{"t":"C310"},"A87":{"desc":"L1P"},"A88":{"t":"PA34"},"A89":{"desc":"L1P"},"A8A":{"t":"P28A"},"A8B":{"desc":"L1P"},"A8C":{"desc":"L1P"},"A8D":{"t":"C310"},"A8E":{"t":"C550"},"A8F":{"t":"GC1"},"A90":{"desc":"L1P"},"A91":{"t":"C180"},"A93":{"t":"P32R"},"A94":{"desc":"L1P"},"A95":{"t":"GALX"},"A96":{"t":"R44"},"A97":{"t":"T6"},"A98":{"t":"EC30"},"A99":{"t":"PA34"},"A9B":{"t":"BE35"},"A9E":{"t":"M20T"},"A9F":{"desc":"A1P","t":"ULAC"},"AA0":{"t":"HUSK"},"AA3":{"t":"C340"},"AA4":{"t":"BE35"},"AA5":{"desc":"L1P"},"AA7":{"t":"C182"},"AA9":{"desc":"L1P"},"AAA":{"t":"PA18"},"AAB":{"t":"P210"},"AB0":{"desc":"L1P"},"AB1":{"t":"BE35"},"AB3":{"desc":"L1P"},"AB4":{"t":"C150"},"AB5":{"t":"P28R"},"AB6":{"t":"AA5"},"AB7":{"t":"CH7B"},"ABB":{"t":"P28A"},"ABC":{"desc":"L1P"},"ABD":{"t":"GLID"},"AC1":{"t":"BE55"},"AC2":{"t":"BE36"},"AC3":{"t":"HUSK"},"AC4":{"t":"GLID"},"AC5":{"t":"M20T"},"AC7":{"t":"S22T"},"AC9":{"desc":"L1P"},"ACA":{"t":"EC30"},"ACB":{"t":"T210"},"ACC":{"t":"BE35"},"ACD":{"t":"C172"},"AD0":{"desc":"L1P"},"AD1":{"t":"PA32"},"AD2":{"t":"PA30"},"AD3":{"t":"HUSK"},"AD4":{"desc":"L2P"},"AD5":{"t":"C210"},"AD7":{"desc":"L1P","t":"ULAC"},"AD8":{"desc":"L1P"},"AD9":{"t":"GLID"},"ADC":{"desc":"L1P"},"ADD":{"t":"T206"},"ADE":{"desc":"L1P"},"ADF":{"desc":"L1P"},"AE0":{"desc":"L1T"},"AE3":{"t":"EC30"},"AE4":{"desc":"L1P"},"AE5":{"t":"GC1"},"AE6":{"t":"AA5"},"AE7":{"desc":"L1P"},"AE9":{"desc":"L1T"},"AEA":{"t":"SBR1"},"AEB":{"t":"P28B"},"AED":{"desc":"L1P"},"AEE":{"desc":"L1T"},"AEF":{"t":"C172"},"AF0":{"desc":"L1P"},"AF2":{"desc":"L1P"},"AF3":{"t":"BL8"},"AF4":{"desc":"L1P"},"AF5":{"t":"M20P"},"AF7":{"t":"J3"},"AF9":{"t":"C441"},"AFA":{"t":"C500"},"AFB":{"t":"PA27"},"AFC":{"t":"EC30"},"AFD":{"t":"S22T"},"AFE":{"desc":"L1P"},"B00":{"t":"S22T"},"B05":{"t":"SR22"},"B06":{"desc":"L1P"},"B09":{"t":"GLID"},"B0A":{"desc":"L1P"},"B0B":{"t":"UH1"},"B0C":{"t":"LJ45"},"B0D":{"t":"BE55"},"B0E":{"desc":"L1P"},"B11":{"desc":"L1P"},"B13":{"t":"C172"},"B14":{"desc":"L1P"},"B15":{"t":"EC30"},"B17":{"desc":"L1P","t":"ULAC"},"B18":{"t":"P28A"},"B1C":{"t":"PC12"},"B1D":{"t":"PC12"},"B20":{"t":"PA22"},"B21":{"desc":"L1P"},"B24":{"t":"P337"},"B25":{"desc":"L1P"},"B26":{"t":"C240"},"B27":{"t":"C182"},"B28":{"desc":"L1P"},"B29":{"desc":"L1P"},"B2B":{"t":"PA34"},"B2C":{"t":"S22T"},"B2D":{"t":"B412"},"B2E":{"desc":"L1P"},"B2F":{"t":"SR22"},"B33":{"t":"J3"},"B34":{"desc":"L1P"},"B35":{"desc":"L1P"},"B36":{"t":"PA30"},"B37":{"t":"PA27"},"B39":{"t":"EC30"},"B3B":{"t":"EC30"},"B3C":{"t":"EC30"},"B3D":{"t":"EC30"},"B3E":{"t":"EC30"},"B3F":{"t":"EC30"},"B40":{"t":"EC30"},"B41":{"t":"EC30"},"B42":{"t":"EC30"},"B43":{"t":"EC30"},"B44":{"t":"EC30"},"B45":{"t":"EC30"},"B46":{"t":"EC30"},"B48":{"t":"EC30"},"B49":{"t":"GLID"},"B4A":{"t":"PA30"},"B4B":{"t":"EC30"},"B4C":{"desc":"L1P"},"B4D":{"t":"EC30"},"B4E":{"t":"EC30"},"B4F":{"t":"EC30"},"B50":{"t":"EC30"},"B51":{"t":"C195"},"B52":{"t":"R44"},"B53":{"desc":"L1P"},"B55":{"t":"GLID"},"B58":{"desc":"L1P"},"B5C":{"t":"BT36"},"B5D":{"t":"BT36"},"B5E":{"desc":"H1P"},"B60":{"t":"GLID"},"B61":{"t":"P28S"},"B62":{"desc":"L1P"},"B63":{"t":"BE35"},"B64":{"t":"YK11"},"B65":{"desc":"L1P"},"B66":{"desc":"L1P"},"B68":{"t":"M20P"},"B6A":{"t":"PA11"},"B6B":{"t":"GLID"},"B6C":{"t":"PA31"},"B6D":{"t":"BE95"},"B6E":{"t":"SR22"},"B6F":{"desc":"L1P"},"B71":{"t":"C25B"},"B72":{"t":"T6"},"B73":{"desc":"L2T"},"B74":{"t":"GLID"},"B75":{"t":"C310"},"B76":{"t":"SF50"},"B77":{"t":"BE9L"},"B78":{"t":"B407"},"B7B":{"desc":"L1P"},"B7C":{"desc":"L1P"},"B7D":{"t":"SR20"},"B7E":{"desc":"L1P"},"B7F":{"t":"GLID"},"B80":{"desc":"L1P"},"B81":{"t":"BE55"},"B82":{"t":"GLID"},"B84":{"t":"GLID"},"B86":{"t":"T210"},"B87":{"t":"PA27"},"B88":{"t":"E55P"},"B8B":{"t":"C25B"},"B8C":{"t":"C310"},"B8D":{"desc":"L1T"},"B8E":{"desc":"L1P"},"B91":{"desc":"L1P"},"B92":{"t":"EC30"},"B94":{"t":"F2TH"},"B96":{"desc":"L1P"},"B97":{"t":"B06"},"B98":{"t":"GLID"},"B99":{"t":"GLID"},"B9A":{"desc":"L1P"},"B9C":{"t":"GLID"},"B9F":{"t":"GLID"},"BA0":{"t":"C680"},"BA3":{"t":"M7"},"BA4":{"desc":"L1P"},"BA7":{"t":"H25B"},"BA8":{"t":"BALL"},"BAB":{"t":"EC30"},"BAE":{"t":"PA31"},"BAF":{"t":"GLID"},"BB1":{"t":"BALL"},"BB3":{"t":"BT36"},"BB4":{"t":"P32R"},"BB5":{"t":"C175"},"BB6":{"desc":"L1P"},"BB7":{"t":"BE35"},"BB8":{"t":"BE60"},"BB9":{"desc":"L1P","t":"TB0"},"BBA":{"t":"GLID"},"BBB":{"desc":"L1P"},"BBC":{"t":"BE35"},"BBF":{"t":"BE55"},"BC0":{"desc":"L1P"},"BC1":{"t":"GLID"},"BC3":{"desc":"L1P"},"BC5":{"t":"GLID"},"BC8":{"t":"TBM7"},"BC9":{"t":"M20P"},"BCA":{"desc":"L1P"},"BCB":{"desc":"L1P"},"BCC":{"t":"C182"},"BCD":{"t":"BE36"},"BCE":{"t":"SR22"},"BD1":{"desc":"L1P"},"BD2":{"desc":"L1P"},"BD6":{"t":"C182"},"BD8":{"t":"S22T"},"BD9":{"t":"SIRA"},"BDA":{"t":"F900"},"BDB":{"t":"BE9T"},"BDC":{"t":"BE36"},"BDD":{"desc":"L1P"},"BDE":{"desc":"L1P"},"BDF":{"t":"P337"},"BE0":{"desc":"A1P"},"BE4":{"t":"GLID"},"BE5":{"desc":"L1P"},"BE6":{"t":"SR20"},"BE7":{"t":"PT22"},"BE8":{"t":"L11E"},"BEC":{"t":"L11E"},"BEF":{"t":"GLID"},"BF3":{"t":"BE36"},"BF4":{"t":"L39"},"BF5":{"desc":"L1P"},"BF6":{"t":"EC30"},"BF8":{"desc":"L1P"},"BF9":{"t":"SR20"},"BFB":{"desc":"L1P"},"BFD":{"t":"CH7B"},"BFE":{"desc":"L1P"},"BFF":{"desc":"L1P"},"C00":{"desc":"L1P"},"C01":{"desc":"L1P"},"C03":{"t":"PA18"},"C04":{"t":"TBM7"},"C05":{"t":"M20P"},"C06":{"desc":"L1P"},"C09":{"t":"C182"},"C0A":{"t":"YK50"},"C0C":{"desc":"A1P"},"C0D":{"t":"PA34"},"C0E":{"t":"BE58"},"C0F":{"t":"EC30"},"C11":{"t":"C150"},"C12":{"t":"PA32"},"C14":{"t":"GLID"},"C15":{"t":"C150"},"C17":{"t":"PA30"},"C18":{"t":"C182"},"C1A":{"t":"M7"},"C1B":{"desc":"L1P","t":"ULAC"},"C1D":{"t":"M20T"},"C1E":{"desc":"L1P"},"C1F":{"desc":"H1T"},"C20":{"t":"R66"},"C21":{"desc":"L1P"},"C24":{"desc":"L1P"},"C25":{"t":"DA40"},"C2A":{"t":"AA5"},"C2B":{"t":"BE33"},"C2D":{"t":"M7"},"C2E":{"t":"ST75"},"C2F":{"t":"H500"},"C30":{"desc":"L1P"},"C32":{"desc":"L1P"},"C33":{"desc":"L1P","t":"ULAC"},"C34":{"t":"BALL"},"C36":{"desc":"L1P"},"C37":{"desc":"L1P"},"C39":{"desc":"L1P"},"C40":{"t":"A321"},"C41":{"t":"E55P"},"C43":{"desc":"L1P"},"C44":{"desc":"L1P"},"C45":{"desc":"L1P"},"C46":{"t":"C172"},"C47":{"desc":"H1P"},"C49":{"t":"B190"},"C4B":{"desc":"L1P","t":"ULAC"},"C4D":{"desc":"L2P"},"C50":{"t":"C210"},"C54":{"t":"AT3T"},"C55":{"desc":"L1P"},"C56":{"t":"PTS2"},"C57":{"t":"GLID"},"C58":{"t":"BE9L"},"C5D":{"t":"BALL"},"C5E":{"desc":"L1P"},"C61":{"t":"SR20"},"C62":{"t":"C172"},"C64":{"t":"E190"},"C66":{"t":"PA34"},"C67":{"t":"BL17"},"C68":{"t":"BE35"},"C69":{"desc":"L1P"},"C6F":{"desc":"A1P"},"C72":{"t":"BE20"},"C73":{"t":"CL60"},"C75":{"t":"AEST"},"C76":{"t":"C310"},"C77":{"t":"DV20"},"C7A":{"t":"B58T"},"C7B":{"t":"C750"},"C7E":{"t":"PA18"},"C80":{"t":"BE35"},"C83":{"desc":"L1P"},"C85":{"desc":"L1P"},"C86":{"t":"C421"},"C89":{"desc":"L1P"},"C8A":{"desc":"L1T","t":"M600"},"C8B":{"desc":"L1P"},"C8C":{"desc":"L1P"},"C91":{"t":"BCS1"},"C93":{"t":"C77R"},"C94":{"t":"A321"},"C97":{"desc":"L1P","t":"ULAC"},"C98":{"t":"C150"},"C9A":{"t":"B350"},"C9C":{"desc":"L1P"},"C9D":{"t":"BALL"},"C9F":{"desc":"H2T"},"CA2":{"t":"U21"},"CA5":{"desc":"L1P"},"CA8":{"t":"H269"},"CA9":{"t":"LJ55"},"CAB":{"desc":"L1P"},"CAD":{"t":"F900"},"CAF":{"desc":"L1P"},"CB0":{"t":"PA22"},"CB2":{"t":"BE55"},"CB3":{"t":"B06"},"CB4":{"t":"C25A"},"CB5":{"t":"B763"},"CBB":{"t":"SR22"},"CBC":{"t":"C150"},"CBE":{"t":"COL3"},"CC1":{"t":"C182"},"CC2":{"t":"L39"},"CC9":{"t":"BE20"},"CCB":{"t":"BE58"},"CCC":{"t":"C182"},"CCD":{"t":"H25B"},"CD3":{"t":"SR22"},"CD4":{"desc":"H2T"},"CD5":{"desc":"L1P"},"CDA":{"desc":"L1P"},"CDB":{"desc":"H1P"},"CDE":{"t":"PC12"},"CE3":{"t":"GALX"},"CE4":{"t":"L39"},"CE6":{"t":"BALL"},"CEA":{"desc":"L1P"},"CEB":{"t":"HDJT"},"CED":{"desc":"L1P"},"CEF":{"t":"EC45"},"CF0":{"t":"T210"},"CF1":{"t":"E75L"},"CF3":{"t":"M7"},"CFC":{"t":"P28A"},"CFD":{"t":"C501"},"CFF":{"t":"WW24"},"D01":{"t":"ST75"},"D04":{"desc":"L1P","t":"G150"},"D07":{"t":"GLID"},"D09":{"desc":"L1P"},"D0C":{"desc":"L2J","t":"B38M"},"D0F":{"desc":"L1P"},"D10":{"t":"GLF4"},"D12":{"desc":"L2P"},"D14":{"desc":"L1P"},"D16":{"desc":"L1P"},"D1C":{"desc":"L1P"},"D20":{"t":"T210"},"D29":{"desc":"L1P"},"D2E":{"t":"B412"},"D2F":{"t":"BALL"},"D32":{"t":"C680"},"D33":{"t":"PA24"},"D38":{"t":"PA30"},"D39":{"t":"P28A"},"D3D":{"desc":"L1P"},"D3E":{"desc":"L1P"},"D3F":{"t":"B06"},"D40":{"t":"C172"},"D41":{"desc":"L1P"},"D44":{"t":"GLID"},"D46":{"desc":"L1P"},"D47":{"t":"HUSK"},"D49":{"desc":"H1P"},"D4B":{"t":"BT36"},"D4C":{"desc":"L1P"},"D50":{"desc":"A1P"},"D54":{"t":"M20P"},"D56":{"desc":"L1P"},"D57":{"t":"P28R"},"D5A":{"t":"S22T"},"D5B":{"t":"C68A"},"D5C":{"t":"S22T"},"D5F":{"desc":"L1P"},"D61":{"t":"C750"},"D68":{"t":"C206"},"D6D":{"t":"C337"},"D70":{"t":"GLID"},"D74":{"t":"UH1"},"D75":{"desc":"L1P"},"D78":{"desc":"L1P"},"D79":{"t":"M20T"},"D7C":{"desc":"H1P"},"D7D":{"t":"C208"},"D7E":{"t":"C177"},"D7F":{"t":"C56X"},"D82":{"t":"A388"},"D83":{"desc":"H2T"},"D84":{"t":"BE9L"},"D88":{"t":"PRM1"},"D89":{"t":"PTS2"},"D8A":{"desc":"L1P","t":"ULAC"},"D90":{"desc":"L1P","t":"ULAC"},"D91":{"t":"L8"},"DA2":{"t":"GL5T"},"DAA":{"desc":"L1P"},"DAD":{"desc":"H8E"},"DAE":{"desc":"L1P"},"DB1":{"desc":"L1P"},"DB2":{"desc":"L1P"},"DB3":{"t":"C172"},"DB4":{"desc":"L1P"},"DB5":{"t":"P337"},"DB6":{"desc":"L1P"},"DB8":{"desc":"L1T"},"DBA":{"t":"J3"},"DBC":{"desc":"H6E"},"DBE":{"t":"PA34"},"DC3":{"desc":"L1P"},"DC5":{"t":"C172"},"DC6":{"desc":"L1P"},"DC7":{"t":"UH1"},"DCA":{"t":"CH7B"},"DCC":{"desc":"L2J"},"DCE":{"t":"C182"},"DCF":{"t":"C337"},"DD0":{"t":"GLF4"},"DD1":{"desc":"L1P"},"DD2":{"t":"C172"},"DD3":{"desc":"L1P"},"DD4":{"t":"C150"},"DD5":{"t":"PA46"},"DD6":{"t":"BE76"},"DD8":{"desc":"L1P"},"DD9":{"t":"R44"},"DDA":{"t":"E75L"},"DDC":{"desc":"L1P"},"DDD":{"t":"SR22"},"DDE":{"desc":"L1P"},"DDF":{"t":"J3"},"DE1":{"t":"BALL"},"DE2":{"t":"M20P"},"DE4":{"desc":"L1P"},"DE5":{"desc":"L1P"},"DE6":{"t":"C182"},"DE7":{"desc":"L1P"},"DE9":{"t":"P28A"},"DEA":{"t":"C550"},"DED":{"desc":"L1P"},"DEE":{"desc":"L1P"},"DEF":{"t":"P208"},"DF2":{"desc":"L1P"},"DF5":{"desc":"L1P","t":"TB0"},"DF6":{"desc":"H4E"},"DFD":{"t":"RV12"},"E00":{"desc":"L1P","t":"ULAC"},"E06":{"t":"C182"},"E08":{"desc":"L1P"},"E09":{"t":"DA40"},"E0A":{"t":"A320"},"E0E":{"t":"C140"},"E13":{"t":"C414"},"E1C":{"t":"P28A"},"E20":{"t":"S22T"},"E21":{"t":"EC35"},"E22":{"desc":"G1P"},"E27":{"desc":"A1P"},"E28":{"t":"GALX"},"E29":{"desc":"L2P"},"E2B":{"desc":"H4E"},"E2C":{"desc":"L1P"},"E2D":{"t":"SR22"},"E2E":{"t":"B06"},"E2F":{"t":"C172"},"E31":{"t":"SR20"},"E33":{"desc":"L1P","t":"ULAC"},"E35":{"desc":"L1P"},"E37":{"t":"P32T"},"E38":{"t":"H25B"},"E39":{"t":"PA32"},"E3C":{"t":"PA30"},"E3E":{"desc":"L1T"},"E40":{"t":"C140"},"E4E":{"desc":"L1P"},"E56":{"desc":"L1T"},"E58":{"desc":"L1P"},"E59":{"t":"WACF"},"E5A":{"t":"YK50"},"E5D":{"t":"C210"},"E63":{"t":"YK52"},"E6F":{"desc":"L1P"},"E72":{"desc":"L2T"},"E88":{"desc":"L1P"},"E8B":{"t":"C172"},"E8D":{"t":"ERCO"},"E8E":{"t":"PA20"},"E8F":{"desc":"L1P"},"E92":{"t":"BE36"},"E93":{"t":"HDJT"},"E95":{"t":"L8"},"E99":{"desc":"L1P"},"E9C":{"t":"C175"},"E9D":{"t":"O1"},"E9E":{"t":"C172"},"EA0":{"desc":"H4E"},"EA1":{"desc":"L1P"},"EA5":{"desc":"H6E"},"EA6":{"desc":"H6E"},"EA7":{"desc":"H6E"},"EA8":{"desc":"L1P"},"EA9":{"desc":"H6E"},"EAA":{"desc":"H6E"},"EAC":{"desc":"L1P"},"EAD":{"desc":"H6E"},"EAE":{"t":"DG15"},"EAF":{"t":"CL60"},"EB0":{"t":"L8"},"EB1":{"t":"C177"},"EB2":{"desc":"L1P"},"EB3":{"t":"CH7A"},"EB4":{"desc":"L1P"},"EB5":{"t":"M20P"},"EB7":{"t":"GLID"},"EBA":{"desc":"L1P"},"EBB":{"t":"H500"},"EBE":{"desc":"A1P"},"EC2":{"t":"B47G"},"EC8":{"desc":"L1P"},"ECD":{"desc":"L1P"},"ECF":{"desc":"L1P"},"ED0":{"t":"C172"},"ED1":{"desc":"H1T"},"ED2":{"desc":"L2P"},"ED4":{"t":"C177"},"ED5":{"t":"H500"},"ED6":{"t":"CH7A"},"ED7":{"t":"C172"},"ED8":{"t":"C185"},"EDA":{"t":"AC11"},"EDC":{"desc":"L1P","t":"LA4"},"EDD":{"t":"C172"},"EDE":{"t":"PA32"},"EE2":{"t":"GLID"},"EE3":{"t":"TWEN"},"EE5":{"t":"NAVI"},"EE6":{"t":"BE35"},"EE7":{"t":"P28A"},"EE8":{"t":"C150"},"EEC":{"t":"CH7A"},"EED":{"t":"CH7A"},"EEF":{"t":"CH7A"},"EF0":{"t":"CH7A"},"EF2":{"t":"CH7A"},"EF3":{"t":"CH7A"},"EF4":{"t":"CH7A"},"EF5":{"t":"PA18"},"EF7":{"desc":"L2T"},"EF8":{"t":"C140"},"EF9":{"t":"CH7A"},"EFB":{"t":"BE9L"},"EFC":{"t":"C82S"},"EFF":{"t":"H500"},"F00":{"t":"C172"},"F03":{"t":"C310"},"F05":{"t":"S76"},"F06":{"t":"H269"},"F08":{"t":"H500"},"F09":{"t":"BALL"},"F0A":{"t":"P28A"},"F0B":{"desc":"L1P"},"F0E":{"t":"CH7A"},"F10":{"t":"CH7A"},"F18":{"t":"PA18"},"F19":{"t":"L8"},"F1A":{"desc":"L1P"},"F1B":{"t":"C140"},"F1C":{"t":"CH7A"},"F1D":{"t":"C172"},"F1E":{"t":"J3"},"F1F":{"t":"P28A"},"F20":{"t":"AC11"},"F21":{"t":"L8"},"F23":{"t":"C172"},"F24":{"t":"PA18"},"F28":{"t":"GLID"},"F29":{"desc":"L1P"},"F2D":{"t":"C172"},"F2F":{"t":"H269"},"F31":{"t":"CH7A"},"F32":{"t":"CH7A"},"F33":{"desc":"L1P"},"F39":{"t":"CH7A"},"F3B":{"t":"PA18"},"F3C":{"t":"CH7A"},"F3D":{"t":"C177"},"F3E":{"t":"C140"},"F3F":{"t":"EN48"},"F40":{"t":"C172"},"F42":{"desc":"S1P","t":"AR15"},"F43":{"t":"AC11"},"F49":{"t":"C310"},"F4A":{"t":"BALL"},"F4B":{"t":"GLID"},"F4E":{"t":"C206"},"F50":{"t":"C182"},"F52":{"t":"S22T"},"F53":{"t":"CH7A"},"F55":{"t":"CH7A"},"F56":{"t":"CH7A"},"F57":{"t":"H500"},"F58":{"t":"CH7A"},"F59":{"t":"H500"},"F5C":{"t":"CH7A"},"F5E":{"t":"PA18"},"F5F":{"t":"GLID"},"F60":{"t":"PA22"},"F61":{"t":"C140"},"F62":{"t":"BL8"},"F63":{"desc":"H8E"},"F64":{"t":"H500"},"F68":{"desc":"H4E"},"F6B":{"t":"YK52"},"F6C":{"t":"C310"},"F6E":{"t":"GLID"},"F6F":{"t":"PA11"},"F73":{"t":"PA34"},"F75":{"t":"H500"},"F77":{"t":"CH7A"},"F78":{"t":"CH7A"},"F79":{"t":"CH7A"},"F7B":{"t":"CH7A"},"F7C":{"t":"CH7A"},"F7D":{"t":"CH7A"},"F7E":{"t":"M20P"},"F80":{"desc":"L1P"},"F82":{"t":"L8"},"F83":{"t":"PA22"},"F85":{"t":"CH7A"},"F86":{"t":"C172"},"F87":{"t":"C172"},"F88":{"t":"P28A"},"F8A":{"t":"L8"},"F8D":{"t":"H500"},"F8E":{"t":"H500"},"F8F":{"t":"C310"},"F90":{"desc":"L1P"},"F91":{"t":"GLID"},"F92":{"t":"H500"},"F93":{"t":"BE36"},"F94":{"t":"H269"},"F95":{"desc":"H6E"},"F96":{"desc":"A1P"},"F98":{"t":"BALL"},"F9A":{"t":"CH7A"},"F9B":{"t":"CH7A"},"F9C":{"t":"CH7A"},"F9E":{"t":"CH7A"},"F9F":{"desc":"L1P"},"FA0":{"t":"CH7A"},"FA1":{"t":"CH7A"},"FA6":{"t":"S22T"},"FA7":{"t":"C140"},"FA8":{"t":"CH7B"},"FA9":{"t":"C172"},"FAB":{"t":"P28A"},"FAC":{"t":"AC11"},"FAF":{"t":"GLF6"},"FB0":{"t":"BE36"},"FB1":{"t":"C82S"},"FB2":{"desc":"L1P"},"FB4":{"t":"GLID"},"FB5":{"t":"SR20"},"FB8":{"t":"BE36"},"FB9":{"t":"P28A"},"FBD":{"t":"CH7A"},"FBE":{"t":"H500"},"FC1":{"t":"CH7A"},"FC2":{"t":"CH7A"},"FC3":{"t":"CH7B"},"FC7":{"t":"PA18"},"FC8":{"t":"L8"},"FCA":{"t":"C140"},"FCF":{"t":"PA18"},"FD0":{"t":"L8"},"FD2":{"t":"C337"},"FD7":{"t":"GLID"},"FD9":{"t":"C172"},"FDB":{"t":"PA18"},"FDC":{"t":"P28A"},"FDD":{"t":"C150"},"FDF":{"t":"CH7B"},"FE1":{"t":"C150"},"FE4":{"t":"CH7A"},"FE6":{"t":"C150"},"FE7":{"t":"CH7A"},"FE8":{"t":"CH7A"},"FE9":{"t":"GLF5"},"FEA":{"desc":"L1P"},"FEB":{"t":"BE9T"},"FED":{"t":"CH7A"},"FEE":{"t":"H500"},"FEF":{"t":"P28R"},"FF0":{"t":"C550"},"FF2":{"t":"R22"},"FF3":{"t":"PA32"},"FF5":{"t":"BE58"},"FF6":{"t":"GLF5"},"FFA":{"desc":"L2P"},"FFB":{"t":"B752"},"FFC":{"t":"C337"},"FFF":{"t":"BE58"}}