{"000":{"t":"B190"},"002":{"t":"P28A"},"003":{"desc":"L1P"},"005":{"t":"C500"},"007":{"t":"TBM7"},"008":{"t":"CH7B"},"00A":{"t":"GLID"},"00D":{"desc":"L1P"},"00E":{"t":"C185"},"010":{"desc":"L1P"},"015":{"desc":"L1P","t":"ULAC"},"018":{"t":"BE35"},"019":{"t":"C414"},"01B":{"desc":"L1P"},"01C":{"t":"C185"},"01D":{"t":"BE9T"},"01F":{"t":"CL60"},"020":{"t":"S22T"},"022":{"t":"PA31"},"023":{"desc":"L1P"},"025":{"t":"C182"},"026":{"t":"AEST"},"028":{"t":"E55P"},"02A":{"t":"P28R"},"02B":{"t":"GLF4"},"02C":{"t":"GLID"},"02D":{"t":"PA18"},"02E":{"desc":"L1P"},"02F":{"desc":"L1E"},"030":{"t":"BE35"},"031":{"desc":"L1P"},"032":{"t":"A319"},"033":{"t":"C182"},"035":{"t":"HDJT"},"036":{"desc":"L1P"},"037":{"t":"PA18"},"038":{"t":"A321"},"039":{"t":"M20P"},"03A":{"t":"C182"},"03B":{"t":"M20P"},"03C":{"desc":"L1T"},"03D":{"desc":"L1P"},"03E":{"t":"P28R"},"040":{"t":"PA27"},"044":{"desc":"L1P"},"045":{"t":"UH1"},"046":{"t":"AEST"},"047":{"t":"PA24"},"048":{"t":"SR22"},"049":{"t":"PA46"},"04A":{"desc":"L1P"},"04B":{"t":"B350"},"04C":{"desc":"L1T"},"04E":{"t":"PA24"},"050":{"desc":"L1P"},"051":{"t":"BE35"},"053":{"t":"EN28"},"056":{"desc":"A1P"},"057":{"desc":"L1P"},"05A":{"t":"P28A"},"05B":{"t":"BE9T"},"05C":{"desc":"L1P"},"060":{"t":"SR22"},"061":{"desc":"L1P"},"064":{"t":"C172"},"065":{"t":"C185"},"066":{"t":"C185"},"067":{"t":"C650"},"068":{"desc":"L1P"},"069":{"t":"P28R"},"06A":{"t":"PA32"},"06B":{"t":"BE55"},"06C":{"t":"B763"},"06D":{"t":"C82T"},"06E":{"t":"BE55"},"071":{"t":"GLEX"},"074":{"t":"LJ25"},"075":{"t":"P28R"},"077":{"t":"P28A"},"078":{"desc":"L1P"},"07C":{"t":"BE40"},"07E":{"t":"AT8T"},"07F":{"t":"AT8T"},"080":{"t":"C185"},"081":{"t":"PA31"},"082":{"desc":"L1P"},"083":{"t":"YK52"},"086":{"t":"C182"},"087":{"t":"C182"},"088":{"t":"B407"},"089":{"t":"C550"},"08A":{"t":"BE33"},"08B":{"desc":"L1P"},"08E":{"t":"M20P"},"091":{"t":"BE35"},"092":{"t":"C340"},"093":{"t":"C56X"},"095":{"t":"BL8"},"096":{"desc":"L1P","t":"ULAC"},"098":{"t":"C140"},"099":{"desc":"L1P"},"09A":{"t":"BALL"},"09B":{"t":"BALL"},"09C":{"t":"C150"},"09F":{"t":"B06"},"0A1":{"desc":"L1P"},"0A3":{"t":"C182"},"0A5":{"t":"CH7B"},"0A7":{"t":"C72R"},"0A8":{"t":"E75L"},"0AA":{"t":"C172"},"0AB":{"t":"SR22"},"0AD":{"t":"C172"},"0AE":{"t":"B350"},"0B1":{"t":"FA7X"},"0B3":{"t":"BE9L"},"0B4":{"desc":"L1P"},"0B5":{"desc":"L1P","t":"ULAC"},"0B6":{"t":"R66"},"0B8":{"t":"PAY2"},"0BA":{"desc":"L1P"},"0BC":{"desc":"L1P"},"0BE":{"t":"C510"},"0C2":{"t":"M200"},"0C3":{"t":"B06"},"0C4":{"t":"HDJT"},"0C7":{"t":"PA18"},"0CA":{"t":"BE55"},"0CB":{"t":"BE35"},"0CC":{"t":"BE9L"},"0CD":{"t":"C182"},"0CE":{"t":"BE9L"},"0CF":{"t":"M7"},"0D1":{"t":"BE55"},"0D2":{"t":"GLID"},"0D4":{"t":"C25B"},"0D5":{"t":"LJ45"},"0D6":{"t":"GLID"},"0D7":{"t":"NAVI"},"0D8":{"desc":"L1P"},"0D9":{"t":"GLID"},"0DB":{"t":"LJ35"},"0DD":{"t":"R22"},"0DE":{"t":"C425"},"0E1":{"desc":"L1P"},"0E4":{"t":"C170"},"0E5":{"t":"AA5"},"0E6":{"t":"PA18"},"0E7":{"desc":"L1P"},"0E8":{"t":"PA18"},"0EA":{"t":"PA24"},"0EC":{"t":"C172"},"0ED":{"t":"C550"},"0EE":{"t":"T34P"},"0EF":{"desc":"L1P"},"0F0":{"desc":"H1P"},"0F1":{"desc":"H1T"},"0F2":{"t":"C680"},"0F4":{"desc":"L1P"},"0F5":{"t":"BL8"},"0F7":{"t":"P28B"},"0FA":{"t":"C140"},"0FB":{"desc":"L1P"},"0FD":{"t":"B350"},"0FE":{"t":"BE55"},"0FF":{"t":"P28B"},"100":{"t":"H25B"},"101":{"t":"H25B"},"105":{"t":"S22T"},"106":{"t":"M20P"},"107":{"t":"C501"},"108":{"desc":"L1P"},"109":{"t":"M20P"},"10C":{"t":"BE20"},"10D":{"t":"M20P"},"10E":{"t":"BE35"},"10F":{"t":"GLF5"},"111":{"desc":"L1P"},"112":{"desc":"L1T","t":"PA46"},"114":{"t":"PA27"},"115":{"t":"B350"},"116":{"t":"S22T"},"118":{"t":"C680"},"119":{"t":"C310"},"11A":{"t":"GLID"},"11B":{"t":"SR22"},"11C":{"desc":"L1P"},"11D":{"t":"BCS1"},"11E":{"t":"E190"},"11F":{"t":"C206"},"121":{"desc":"H1P"},"122":{"t":"PA46"},"123":{"desc":"L1P"},"124":{"t":"P28A"},"126":{"desc":"L1P"},"127":{"t":"BE20"},"12B":{"t":"P32R"},"12C":{"desc":"L1P"},"12E":{"t":"C140"},"12F":{"t":"F900"},"130":{"t":"R44"},"131":{"t":"R22"},"132":{"t":"BE36"},"133":{"t":"BE55"},"135":{"t":"BE35"},"137":{"t":"PA34"},"138":{"t":"C340"},"139":{"t":"PA31"},"13A":{"t":"PA30"},"13B":{"t":"B06"},"13D":{"desc":"L1P"},"13E":{"t":"BE55"},"13F":{"t":"BALL"},"140":{"desc":"L1P"},"142":{"desc":"L1P"},"143":{"t":"BE20"},"144":{"t":"T210"},"147":{"desc":"L1P"},"154":{"t":"BE55"},"159":{"t":"GL5T"},"163":{"t":"C340"},"164":{"t":"P46T"},"166":{"t":"MD87"},"167":{"t":"TBM7"},"168":{"t":"BALL"},"169":{"desc":"L1P"},"16A":{"desc":"L1P"},"16B":{"t":"C152"},"16C":{"t":"GLID"},"16D":{"t":"BE33"},"16E":{"t":"P28A"},"16F":{"t":"GLID"},"171":{"t":"C182"},"173":{"t":"SR20"},"175":{"t":"BE55"},"176":{"t":"P32R"},"177":{"t":"PA34"},"178":{"t":"CH7A"},"17B":{"t":"C172"},"17C":{"t":"SR22"},"17D":{"t":"BE35"},"17E":{"t":"C310"},"17F":{"t":"PA24"},"180":{"desc":"L1P"},"181":{"t":"C550"},"182":{"t":"T210"},"183":{"t":"GA5C"},"184":{"desc":"L2T"},"186":{"t":"PA34"},"187":{"t":"P32R"},"188":{"t":"B06"},"18A":{"t":"C182"},"18B":{"t":"BE30"},"18E":{"desc":"L1P"},"18F":{"t":"F900"},"190":{"t":"PA46"},"191":{"t":"SHIP"},"193":{"desc":"H1P"},"195":{"t":"C150"},"196":{"t":"BE9L"},"197":{"t":"B429"},"199":{"t":"C421"},"19A":{"desc":"L1P","t":"ULAC"},"19B":{"desc":"L1P"},"19C":{"desc":"L1P"},"19D":{"t":"C172"},"19E":{"t":"C421"},"19F":{"t":"BE35"},"1A0":{"t":"SF50"},"1A1":{"desc":"A1P"},"1A2":{"t":"HUSK"},"1A4":{"desc":"H4E"},"1A5":{"t":"SR22"},"1A7":{"t":"R66"},"1A9":{"t":"BE55"},"1AA":{"desc":"A1P"},"1AB":{"desc":"L1P","t":"ULAC"},"1AD":{"desc":"H4E"},"1AE":{"t":"GLF6"},"1AF":{"t":"PA31"},"1B0":{"t":"UH1"},"1B2":{"desc":"L1P"},"1B4":{"t":"R22"},"1BD":{"t":"A320"},"1C0":{"desc":"H4E"},"1C3":{"t":"HUSK"},"1C6":{"desc":"H1T","t":"S55P"},"1CB":{"t":"T210"},"1CC":{"t":"R44"},"1CD":{"t":"GLID"},"1CF":{"t":"PC12"},"1D1":{"t":"BE55"},"1D2":{"t":"T34P"},"1D5":{"t":"P180"},"1D6":{"t":"M20P"},"1D7":{"desc":"L1P"},"1DB":{"desc":"L1P"},"1DE":{"desc":"A2P"},"1E1":{"desc":"L1P"},"1E2":{"t":"BE55"},"1E4":{"t":"C180"},"1E5":{"t":"PC12"},"1E6":{"t":"FA10"},"1E8":{"t":"BE60"},"1E9":{"t":"C180"},"1EA":{"t":"P28R"},"1EE":{"t":"GLID"},"1EF":{"t":"M20P"},"1F5":{"t":"C82S"},"1F7":{"t":"C310"},"1F8":{"t":"GLID"},"1FA":{"desc":"L1P"},"1FC":{"desc":"L1P"},"1FD":{"desc":"L1P"},"200":{"t":"HUSK"},"202":{"t":"BE60"},"207":{"desc":"L1P"},"209":{"t":"E300"},"20C":{"t":"E300"},"20D":{"t":"BE58"},"210":{"desc":"L2J"},"212":{"t":"BE35"},"217":{"t":"C240"},"222":{"desc":"L1P"},"224":{"t":"B190"},"225":{"t":"C650"},"226":{"desc":"L1P"},"228":{"t":"R22"},"229":{"t":"T206"},"22A":{"desc":"L1J"},"22B":{"t":"BALL"},"235":{"t":"A321"},"236":{"t":"H25B"},"23E":{"t":"BE36"},"23F":{"t":"M20P"},"240":{"t":"C172"},"241":{"t":"P180"},"243":{"desc":"L2P"},"245":{"t":"BE35"},"247":{"t":"BL8"},"248":{"t":"C172"},"24B":{"t":"E120"},"24C":{"t":"BE9L"},"250":{"t":"BALL"},"251":{"t":"H500"},"252":{"t":"FA62"},"254":{"t":"GLID"},"257":{"t":"BE35"},"25A":{"t":"BALL"},"25D":{"t":"B47G"},"25E":{"t":"C177"},"25F":{"t":"C150"},"260":{"desc":"L2J"},"261":{"t":"E45X"},"262":{"t":"E45X"},"264":{"t":"E45X"},"265":{"t":"ST75"},"266":{"t":"PA18"},"267":{"desc":"A1P"},"26A":{"desc":"L1P"},"26C":{"desc":"L2J"},"26E":{"t":"E55P"},"271":{"t":"P32R"},"273":{"t":"GLF5"},"276":{"t":"C525"},"277":{"t":"CH7A"},"27C":{"t":"C150"},"27D":{"t":"BE33"},"27E":{"t":"S76"},"27F":{"t":"AEST"},"280":{"t":"RV12"},"281":{"t":"E45X"},"282":{"t":"BE35"},"286":{"t":"C180"},"287":{"t":"E45X"},"289":{"t":"PA18"},"28A":{"t":"B350"},"28C":{"t":"C140"},"28D":{"t":"CH7A"},"28F":{"desc":"L2T"},"290":{"t":"C175"},"291":{"t":"BE58"},"292":{"desc":"L1P"},"293":{"desc":"L1P"},"294":{"t":"BE17"},"297":{"t":"C310"},"29A":{"t":"C180"},"29B":{"t":"YK55"},"29E":{"t":"P28R"},"29F":{"desc":"L1P"},"2A2":{"t":"E45X"},"2A5":{"desc":"H6E"},"2A6":{"t":"ST75"},"2A7":{"t":"C150"},"2A8":{"t":"E45X"},"2AC":{"t":"GLID"},"2AD":{"t":"L8"},"2AE":{"t":"PA18"},"2B2":{"t":"GLID"},"2B7":{"t":"T210"},"2B8":{"t":"PA18"},"2BB":{"t":"GLF6"},"2BC":{"t":"GLID"},"2BD":{"t":"C310"},"2BE":{"t":"P28A"},"2BF":{"desc":"L1P"},"2C0":{"desc":"L1P"},"2C1":{"t":"BE58"},"2C5":{"t":"C82R"},"2C6":{"t":"P28A"},"2C7":{"t":"C82R"},"2C9":{"t":"C150"},"2CB":{"t":"E45X"},"2CC":{"t":"C150"},"2CD":{"t":"C150"},"2CE":{"desc":"L1P"},"2CF":{"t":"C208"},"2D0":{"t":"L8"},"2D1":{"t":"GLID"},"2D3":{"t":"CH7A"},"2D4":{"t":"C172"},"2D6":{"t":"AR15"},"2D7":{"t":"BE36"},"2D8":{"t":"BE20"},"2D9":{"desc":"L1P","t":"LA4"},"2DA":{"desc":"H8E"},"2DB":{"t":"GLID"},"2DC":{"t":"ULAC"},"2DE":{"desc":"L1P"},"2E0":{"t":"C150"},"2E2":{"desc":"L1P"},"2E4":{"t":"BE36"},"2E5":{"t":"C150"},"2E6":{"t":"BE9L"},"2E7":{"t":"E45X"},"2E8":{"t":"BE60"},"2E9":{"t":"C150"},"2EB":{"t":"C150"},"2EC":{"t":"C150"},"2ED":{"t":"C150"},"2EE":{"desc":"H1P"},"2F1":{"desc":"L1P","t":"ULAC"},"2F3":{"t":"L8"},"2F6":{"t":"CH7A"},"2F7":{"t":"R22"},"2F9":{"t":"AR15"},"2FD":{"t":"C208"},"302":{"t":"GLID"},"303":{"t":"P208"},"304":{"t":"C172"},"306":{"desc":"H8E"},"309":{"t":"BE36"},"30A":{"t":"E45X"},"30B":{"t":"PA24"},"30D":{"desc":"L3P"},"30F":{"t":"E45X"},"310":{"t":"C150"},"311":{"t":"C150"},"313":{"desc":"L1P"},"314":{"t":"CH7A"},"315":{"t":"BE36"},"316":{"t":"L8"},"318":{"t":"C140"},"319":{"t":"CH7B"},"31B":{"t":"C208"},"31E":{"t":"L8"},"31F":{"desc":"A1P"},"322":{"t":"PA23"},"324":{"t":"BE40"},"325":{"desc":"H1T","t":"B505"},"326":{"t":"BE55"},"329":{"t":"C208"},"32C":{"t":"BE36"},"32E":{"t":"FA62"},"32F":{"desc":"L1P"},"331":{"t":"E45X"},"332":{"t":"E45X"},"335":{"desc":"L1P"},"336":{"t":"C150"},"337":{"t":"GLID"},"338":{"desc":"L1P"},"339":{"t":"L8"},"33A":{"t":"PA18"},"33B":{"t":"GLID"},"33C":{"t":"BL8"},"33D":{"desc":"L1P"},"33E":{"t":"C208"},"33F":{"t":"PA15"},"345":{"t":"C182"},"349":{"t":"C172"},"34A":{"t":"C172"},"34C":{"t":"GLID"},"34D":{"t":"P28R"},"350":{"desc":"L3P"},"351":{"t":"T6"},"352":{"t":"C177"},"353":{"t":"C150"},"356":{"t":"E45X"},"357":{"t":"CH7A"},"358":{"desc":"L1P"},"359":{"t":"C185"},"35B":{"t":"AA5"},"35C":{"t":"L8"},"366":{"desc":"L1P"},"367":{"t":"R22"},"368":{"t":"T206"},"369":{"t":"P28A"},"36B":{"t":"GLID"},"36C":{"t":"BE55"},"36E":{"t":"PA18"},"370":{"t":"P28R"},"372":{"t":"P28A"},"374":{"t":"E45X"},"375":{"t":"C182"},"376":{"t":"C150"},"377":{"t":"E45X"},"378":{"t":"C185"},"379":{"t":"C150"},"37A":{"t":"E45X"},"37C":{"t":"E45X"},"37E":{"desc":"L1P"},"380":{"t":"SR22"},"381":{"t":"C140"},"382":{"t":"BL8"},"385":{"desc":"L1P"},"387":{"t":"HA4T"},"38C":{"desc":"L2P"},"38D":{"desc":"L1P"},"38F":{"t":"BE36"},"391":{"t":"C208"},"396":{"t":"J3"},"397":{"t":"E45X"},"398":{"t":"E45X"},"399":{"t":"E45X"},"39A":{"t":"E45X"},"39C":{"t":"C150"},"39F":{"t":"E45X"},"3A1":{"desc":"L1P","t":"TB0"},"3A2":{"desc":"L2P"},"3A3":{"desc":"L1P"},"3A4":{"t":"BE55"},"3A5":{"desc":"L1P"},"3A6":{"desc":"L1J"},"3A7":{"t":"PC12"},"3A9":{"desc":"H2T"},"3AC":{"t":"C421"},"3AE":{"t":"A321"},"3B2":{"t":"H500"},"3B3":{"desc":"H8E"},"3B6":{"t":"CH7A"},"3B9":{"t":"AC11"},"3BA":{"desc":"L1P"},"3BB":{"t":"AC11"},"3BC":{"t":"BE36"},"3BE":{"t":"LJ60"},"3C0":{"t":"PA18"},"3C1":{"t":"RV12"},"3C2":{"desc":"L2T"},"3C3":{"t":"BE40"},"3C4":{"t":"UH12"},"3C6":{"t":"AC11"},"3C8":{"desc":"L1P"},"3CC":{"desc":"L1P"},"3CF":{"desc":"L1P"},"3D2":{"t":"E190"},"3D3":{"t":"GLID"},"3D4":{"t":"AC11"},"3D9":{"t":"CL60"},"3DD":{"t":"SF50"},"3DF":{"t":"C68A"},"3E1":{"t":"M7"},"3E3":{"t":"AC11"},"3E8":{"t":"C56X"},"3EB":{"t":"C441"},"3EC":{"t":"N3N"},"3EE":{"t":"M20P"},"3F0":{"desc":"L1P"},"3F2":{"t":"GLID"},"3F3":{"t":"AC11"},"3F4":{"desc":"L1P","t":"ULAC"},"3F6":{"t":"BE33"},"3F7":{"t":"ULAC"},"3F8":{"t":"DA62"},"3F9":{"t":"A321"},"3FD":{"t":"C182"},"3FE":{"desc":"L1P","t":"ULAC"},"3FF":{"t":"BCS1"},"401":{"t":"R66"},"404":{"desc":"L1P"},"405":{"t":"BE36"},"406":{"t":"EA50"},"40A":{"t":"AC90"},"40B":{"t":"AC11"},"40E":{"t":"EA50"},"40F":{"t":"ULAC"},"411":{"t":"ASTR"},"413":{"t":"B06"},"417":{"desc":"G1P","t":"GYRO"},"419":{"desc":"L1P"},"41A":{"t":"T210"},"41B":{"desc":"L1P"},"420":{"desc":"A2P"},"421":{"t":"A119"},"422":{"t":"AS50"},"423":{"t":"B763"},"427":{"t":"F2TH"},"42E":{"desc":"L1P"},"42F":{"t":"S22T"},"430":{"t":"AA5"},"437":{"desc":"H1P"},"438":{"desc":"L2J","t":"GA7C"},"439":{"t":"BE33"},"43A":{"t":"C180"},"440":{"t":"R44"},"442":{"desc":"H1P"},"448":{"t":"C25A"},"449":{"t":"AC11"},"44B":{"desc":"L1P"},"44C":{"t":"E55P"},"452":{"t":"AT5T"},"453":{"t":"H60"},"454":{"t":"PA46"},"45E":{"t":"C310"},"45F":{"t":"E75L"},"460":{"t":"C310"},"462":{"t":"AC11"},"465":{"t":"B350"},"467":{"t":"HUSK"},"469":{"t":"RV12"},"46A":{"t":"AC11"},"46B":{"t":"BALL"},"46C":{"t":"PA18"},"470":{"t":"ULAC"},"471":{"desc":"L1P"},"472":{"t":"R44"},"474":{"t":"GLID"},"475":{"t":"P28A"},"479":{"t":"P28R"},"47B":{"desc":"H4E"},"47D":{"desc":"L1P"},"486":{"t":"BE36"},"488":{"t":"PA18"},"489":{"desc":"L1P"},"48C":{"t":"RV12"},"48E":{"desc":"L1P"},"491":{"desc":"A1T","t":"KODI"},"493":{"desc":"L1P"},"496":{"desc":"L1P"},"497":{"desc":"L1P"},"49B":{"desc":"L1P","t":"ULAC"},"49C":{"desc":"A1P"},"49D":{"t":"AC11"},"49E":{"t":"M7"},"49F":{"t":"C150"},"4A1":{"t":"S22T"},"4A5":{"t":"GLID"},"4A6":{"desc":"H2T"},"4A8":{"t":"C150"},"4A9":{"t":"B06"},"4AB":{"desc":"L1P"},"4AD":{"t":"C208"},"4AF":{"t":"AC11"},"4B6":{"t":"AC11"},"4B7":{"t":"O1"},"4BA":{"desc":"L2P"},"4BB":{"t":"AC11"},"4BC":{"t":"BE36"},"4BD":{"t":"C421"},"4BE":{"t":"S22T"},"4C4":{"desc":"L1P","t":"ULAC"},"4C6":{"t":"EC35"},"4CB":{"t":"GLEX"},"4CD":{"t":"C172"},"4CF":{"t":"C150"},"4D0":{"t":"C177"},"4D4":{"t":"DA42"},"4D8":{"t":"C182"},"4DD":{"t":"S22T"},"4DF":{"t":"RV12"},"4E2":{"desc":"L1P"},"4E7":{"t":"PA12"},"4E9":{"t":"BE58"},"4EC":{"t":"C172"},"4EE":{"t":"M20P"},"4EF":{"t":"S22T"},"4F0":{"desc":"L1P"},"4F2":{"desc":"L1P"},"4F6":{"desc":"L1P"},"4F7":{"t":"DC91"},"4F8":{"desc":"L1P"},"4FB":{"t":"GLID"},"4FE":{"t":"C172"},"501":{"t":"C170"},"510":{"t":"GL5T"},"518":{"desc":"L1P"},"519":{"t":"CH7B"},"51A":{"t":"J3"},"51B":{"t":"AC11"},"51C":{"t":"BALL"},"51D":{"desc":"L1P","t":"ULAC"},"51E":{"desc":"L1P"},"521":{"t":"HUSK"},"523":{"t":"C421"},"524":{"t":"M20T"},"526":{"t":"C170"},"528":{"t":"AR11"},"529":{"desc":"L1P"},"531":{"t":"BE35"},"532":{"t":"L13M"},"533":{"desc":"L1P"},"534":{"t":"CH7B"},"537":{"t":"BE58"},"538":{"desc":"L1P"},"539":{"desc":"H1T","t":"B47G"},"53A":{"t":"AC11"},"53B":{"t":"SR22"},"53C":{"desc":"L1P"},"53D":{"desc":"L1P"},"53F":{"t":"C182"},"541":{"desc":"A1P","t":"SR22"},"542":{"t":"C180"},"543":{"desc":"L1P","t":"ULAC"},"545":{"t":"C172"},"546":{"desc":"G1P"},"547":{"desc":"L1P"},"548":{"t":"B737"},"54A":{"desc":"L1P"},"54C":{"desc":"L1P","t":"ULAC"},"54D":{"t":"AC11"},"550":{"t":"RV12"},"551":{"desc":"L1P"},"556":{"desc":"L1P"},"558":{"t":"P28A"},"55A":{"t":"SR22"},"55B":{"t":"AC11"},"55C":{"desc":"L1P"},"569":{"desc":"L1P"},"574":{"t":"A320"},"577":{"t":"DA40"},"57C":{"t":"TOBA"},"57D":{"t":"RV12"},"57E":{"t":"C182"},"582":{"t":"PC12"},"590":{"desc":"L1P"},"591":{"desc":"L1P"},"593":{"desc":"L1P"},"597":{"t":"RV12"},"599":{"desc":"H4E"},"59B":{"t":"R44"},"59D":{"desc":"L1P"},"59E":{"t":"GLF4"},"59F":{"desc":"G1P","t":"GYRO"},"5A1":{"t":"PA32"},"5A2":{"t":"AC11"},"5A3":{"t":"ULAC"},"5A6":{"t":"PA24"},"5A7":{"desc":"L1P"},"5AA":{"t":"C310"},"5AE":{"t":"BE35"},"5BA":{"t":"RV12"},"5BC":{"t":"RV12"},"5BE":{"desc":"L1P"},"5BF":{"desc":"L1P"},"5C7":{"desc":"L1P"},"5C9":{"desc":"L1P"},"5D8":{"t":"RV12"},"5DB":{"t":"B190"},"5E0":{"t":"AC11"},"5F6":{"desc":"L1P","t":"ULAC"},"5F9":{"t":"N3N"},"5FC":{"t":"BE36"},"5FD":{"t":"C172"},"5FE":{"t":"CH7A"},"5FF":{"t":"C172"},"600":{"t":"GLF5"},"604":{"desc":"A1P"},"605":{"t":"BE35"},"60A":{"t":"GLID"},"60C":{"t":"PA18"},"60D":{"t":"C206"},"60E":{"t":"C208"},"611":{"t":"C172"},"612":{"desc":"L1P"},"613":{"t":"M20P"},"614":{"t":"WACF"},"615":{"t":"WACF"},"616":{"t":"C150"},"618":{"t":"B738"},"61A":{"t":"C150"},"61B":{"t":"C150"},"61C":{"t":"CH7A"},"61D":{"t":"BALL"},"61F":{"t":"PA18"},"620":{"t":"C140"},"621":{"desc":"L1P"},"624":{"desc":"L1P"},"628":{"desc":"L1J"},"62B":{"t":"C310"},"62C":{"t":"JCOM"},"62D":{"t":"BALL"},"62E":{"t":"C182"},"62F":{"desc":"L1P"},"631":{"t":"PA12"},"632":{"t":"P28A"},"633":{"t":"C150"},"634":{"desc":"L1P"},"635":{"t":"WACF"},"636":{"t":"WACO"},"63B":{"desc":"L1P","t":"ULAC"},"63D":{"t":"BALL"},"63E":{"t":"SR22"},"63F":{"desc":"L1P"},"640":{"t":"P28A"},"641":{"t":"BT36"},"642":{"desc":"L1P"},"643":{"t":"C140"},"644":{"t":"P32R"},"645":{"t":"C172"},"646":{"desc":"L1P"},"647":{"t":"AR15"},"64A":{"desc":"L1P","t":"LA4"},"64B":{"desc":"L1P"},"64D":{"t":"BE35"},"64F":{"t":"AT8T"},"651":{"t":"C172"},"654":{"t":"GC1"},"655":{"t":"P28A"},"656":{"t":"BT36"},"657":{"t":"BE36"},"658":{"t":"C310"},"659":{"t":"WACF"},"65A":{"t":"PA46"},"65C":{"desc":"L1P"},"65D":{"desc":"L1P","t":"ULAC"},"65E":{"t":"C177"},"65F":{"t":"C150"},"660":{"t":"C150"},"661":{"t":"WACF"},"663":{"t":"PA18"},"664":{"desc":"L1P"},"665":{"t":"PA22"},"667":{"t":"PA18"},"668":{"t":"C206"},"66B":{"desc":"L1P"},"66E":{"t":"C182"},"66F":{"desc":"L1P"},"670":{"t":"PA23"},"673":{"t":"B06"},"675":{"t":"T210"},"676":{"t":"BE36"},"677":{"t":"P28A"},"67C":{"t":"C150"},"67F":{"t":"C150"},"680":{"t":"M20P"},"681":{"t":"C150"},"682":{"t":"WACF"},"683":{"t":"C150"},"685":{"t":"PA18"},"686":{"t":"BE36"},"687":{"t":"C182"},"688":{"t":"PA22"},"68A":{"t":"M20P"},"68D":{"t":"AR15"},"690":{"t":"S22T"},"691":{"t":"C172"},"694":{"t":"C150"},"696":{"t":"GLID"},"697":{"t":"GLID"},"698":{"t":"M20P"},"69A":{"t":"GLID"},"69B":{"t":"C525"},"69F":{"t":"WACF"},"6A0":{"t":"C150"},"6A1":{"t":"C150"},"6A3":{"t":"WACF"},"6A4":{"desc":"L1P"},"6A5":{"t":"WACF"},"6A8":{"desc":"L1P"},"6A9":{"t":"ASTR"},"6AA":{"t":"L8"},"6AB":{"t":"PA20"},"6AC":{"t":"C140"},"6AE":{"t":"C172"},"6AF":{"desc":"L1T","t":"C182"},"6B0":{"t":"AR15"},"6B1":{"t":"ASTR"},"6B9":{"desc":"A1P","t":"ULAC"},"6BA":{"t":"P28R"},"6BD":{"t":"BALL"},"6BE":{"t":"P28R"},"6C2":{"t":"C150"},"6C4":{"t":"WACO"},"6C5":{"t":"WACF"},"6C7":{"t":"WACF"},"6C8":{"t":"C150"},"6CA":{"t":"WACF"},"6CB":{"desc":"L1P"},"6CC":{"t":"C182"},"6CD":{"desc":"H8E"},"6CF":{"t":"C140"},"6D0":{"t":"BL8"},"6D2":{"desc":"L1P"},"6D3":{"t":"P28A"},"6D4":{"t":"BE9L"},"6D5":{"t":"L8"},"6D7":{"t":"C172"},"6D9":{"t":"GLID"},"6DA":{"t":"P28A"},"6DC":{"desc":"L1P"},"6DD":{"desc":"L1P"},"6E1":{"t":"P28R"},"6E4":{"t":"WACF"},"6E6":{"t":"C150"},"6E8":{"t":"WACF"},"6EB":{"t":"WACF"},"6EC":{"t":"C150"},"6EE":{"desc":"L1P"},"6EF":{"t":"PA18"},"6F0":{"desc":"H1P"},"6F1":{"t":"BALL"},"6F2":{"t":"C172"},"6F3":{"t":"CH7A"},"6F4":{"t":"C172"},"6F5":{"t":"S22T"},"6F7":{"t":"BE36"},"6F8":{"t":"C525"},"6FB":{"t":"CH7A"},"6FC":{"t":"E55P"},"6FE":{"t":"SR22"},"705":{"t":"C150"},"708":{"t":"C177"},"709":{"t":"C150"},"70A":{"t":"WACF"},"70B":{"desc":"L1P"},"70D":{"desc":"L1P"},"70E":{"desc":"L1P"},"711":{"desc":"L1P"},"712":{"t":"PA18"},"714":{"t":"T210"},"716":{"t":"CH7A"},"717":{"t":"C172"},"71B":{"t":"L8"},"71C":{"t":"C208"},"71E":{"t":"BALL"},"720":{"t":"P28R"},"721":{"t":"S22T"},"722":{"desc":"H2T"},"723":{"t":"BE36"},"724":{"t":"C172"},"726":{"t":"T206"},"728":{"t":"C150"},"72B":{"t":"C150"},"72D":{"t":"C150"},"72E":{"t":"PA18"},"72F":{"t":"C150"},"730":{"desc":"L1P"},"732":{"t":"C650"},"733":{"t":"C150"},"734":{"t":"PA18"},"735":{"t":"PA18"},"737":{"t":"C172"},"738":{"t":"C140"},"739":{"t":"C56X"},"73A":{"t":"C172"},"73B":{"t":"C208"},"73E":{"t":"C172"},"73F":{"t":"M20T"},"740":{"t":"C172"},"741":{"desc":"L1P"},"742":{"t":"C182"},"743":{"t":"C310"},"744":{"t":"BALL"},"745":{"t":"BE58"},"746":{"t":"BE35"},"747":{"t":"C172"},"748":{"t":"J3"},"749":{"t":"BE58"},"74C":{"desc":"L1P"},"74D":{"t":"C150"},"74E":{"desc":"L1P"},"750":{"desc":"L1P"},"752":{"t":"C150"},"754":{"t":"C150"},"756":{"t":"C150"},"75A":{"t":"BE55"},"75B":{"desc":"L1P","t":"TB0"},"75C":{"t":"GLID"},"75D":{"t":"B06"},"75E":{"t":"R44"},"75F":{"t":"C206"},"760":{"desc":"H2T"},"761":{"t":"GLID"},"762":{"t":"C172"},"763":{"desc":"L1P"},"764":{"t":"B407"},"765":{"t":"A321"},"766":{"t":"C240"},"768":{"desc":"H1P"},"769":{"desc":"L1P"},"76A":{"t":"PA38"},"76C":{"desc":"L1J"},"76D":{"t":"BT36"},"76E":{"t":"B190"},"770":{"t":"ASTR"},"771":{"desc":"H1T","t":"H60"},"772":{"t":"C172"},"773":{"t":"SR20"},"776":{"t":"C175"},"778":{"t":"C25A"},"779":{"t":"C180"},"77D":{"desc":"L1P"},"77F":{"t":"PA46"},"781":{"desc":"L1P"},"782":{"t":"C182"},"783":{"t":"VALI"},"78B":{"t":"C501"},"78C":{"desc":"L1P"},"78D":{"desc":"L1P"},"78E":{"desc":"L1P"},"791":{"desc":"L1P","t":"ULAC"},"792":{"desc":"L1P"},"793":{"t":"C82T"},"794":{"desc":"L1P"},"795":{"t":"DV20"},"796":{"t":"C182"},"798":{"t":"T206"},"79B":{"t":"GLF6"},"79F":{"t":"PA11"},"7A0":{"desc":"H1P"},"7A3":{"t":"BE33"},"7A4":{"t":"GLID"},"7A5":{"t":"GLID"},"7A6":{"t":"ULAC"},"7A7":{"desc":"L1P"},"7A8":{"t":"PC12"},"7A9":{"t":"PA34"},"7AC":{"t":"LJ60"},"7AE":{"desc":"L1P"},"7B0":{"desc":"H4E"},"7B1":{"desc":"L1P"},"7B2":{"t":"BCS1"},"7B3":{"t":"C172"},"7B4":{"t":"SR22"},"7B5":{"desc":"L1P"},"7B6":{"desc":"L1P"},"7B9":{"t":"A321"},"7BD":{"t":"EA50"},"7BE":{"desc":"L1P"},"7BF":{"desc":"L1P"},"7C0":{"t":"SR22"},"7C5":{"t":"P28A"},"7D0":{"t":"EC30"},"7D4":{"desc":"L1P"},"7D5":{"t":"C182"},"7D6":{"t":"C152"},"7D7":{"desc":"A2P"},"7D8":{"t":"BE23"},"7D9":{"t":"UH1"},"7DA":{"t":"B763"},"7E3":{"t":"COL3"},"7E6":{"t":"C172"},"7E7":{"t":"P46T"},"7EE":{"t":"P28A"},"7F5":{"t":"R66"},"7F9":{"t":"C414"},"7FF":{"t":"SR22"},"809":{"t":"C182"},"811":{"desc":"L1T","t":"M600"},"813":{"t":"PA32"},"815":{"t":"C182"},"816":{"t":"E75L"},"818":{"t":"S22T"},"81D":{"t":"HDJT"},"821":{"desc":"H1P"},"822":{"t":"PA27"},"823":{"t":"P28B"},"824":{"t":"EA50"},"827":{"desc":"L1P"},"828":{"t":"B350"},"829":{"t":"BL8"},"82A":{"desc":"L1P"},"82B":{"t":"BE35"},"82C":{"desc":"L1P"},"82E":{"desc":"H1T"},"830":{"t":"BE23"},"831":{"desc":"L1P"},"832":{"t":"BE36"},"834":{"t":"S22T"},"835":{"desc":"L1P"},"837":{"desc":"L1P"},"839":{"t":"C310"},"83A":{"t":"B350"},"83C":{"desc":"L1P"},"843":{"t":"SR22"},"852":{"desc":"L1P"},"855":{"t":"C185"},"85E":{"desc":"L1P"},"862":{"desc":"G1P"},"863":{"t":"BE58"},"86B":{"desc":"L1P"},"86C":{"desc":"L1P"},"86E":{"t":"PA46"},"870":{"t":"CH7B"},"873":{"desc":"L2T"},"874":{"desc":"L1P"},"875":{"desc":"A1P"},"877":{"desc":"H8E"},"879":{"t":"C421"},"87B":{"t":"S22T"},"87C":{"t":"CH7B"},"87D":{"t":"EC35"},"87F":{"desc":"L1P","t":"TB1"},"881":{"desc":"L1P"},"884":{"t":"HUSK"},"888":{"t":"C150"},"88B":{"t":"DA40"},"89D":{"desc":"L1P"},"89E":{"t":"PA14"},"89F":{"t":"C150"},"8A0":{"desc":"L1P"},"8A1":{"t":"B06"},"8A3":{"t":"C172"},"8A4":{"t":"GLF4"},"8A5":{"desc":"H1T"},"8A6":{"desc":"A1P"},"8AE":{"desc":"L1P"},"8B1":{"desc":"L1P"},"8B2":{"t":"BALL"},"8B6":{"t":"BE17"},"8C7":{"t":"GL5T"},"8CF":{"desc":"L1P","t":"ULAC"},"8D4":{"t":"RV12"},"8D5":{"t":"C208"},"8DA":{"t":"B06"},"8DB":{"t":"GLID"},"8DF":{"desc":"H6E"},"8E0":{"desc":"H1P"},"8E3":{"desc":"L1P"},"8E9":{"t":"GLID"},"8EB":{"t":"PA18"},"8EC":{"t":"DA40"},"8EF":{"t":"C182"},"8F0":{"t":"BE10"},"8F1":{"desc":"L1P"},"8F6":{"t":"C182"},"8F7":{"desc":"L1P"},"8F8":{"t":"CL60"},"8F9":{"t":"C150"},"8FC":{"t":"C172"},"8FD":{"t":"P28A"},"8FF":{"t":"E75L"},"901":{"t":"P46T"},"904":{"t":"BALL"},"908":{"desc":"H4E"},"909":{"desc":"L1P"},"90C":{"t":"C82S"},"90E":{"t":"M20T"},"911":{"t":"P32R"},"912":{"desc":"L1P"},"913":{"t":"P210"},"916":{"t":"BE35"},"917":{"t":"GLID"},"91E":{"desc":"L1P"},"92B":{"t":"C560"},"92E":{"t":"DA40"},"92F":{"t":"A320"},"933":{"t":"BE35"},"935":{"desc":"L1P"},"939":{"desc":"L1P"},"93D":{"t":"P28S"},"94D":{"t":"E110"},"950":{"desc":"L2P"},"953":{"t":"S22T"},"955":{"t":"GLF4"},"956":{"t":"S61"},"958":{"t":"ERCO"},"95D":{"desc":"H8E"},"95E":{"t":"FDCT"},"961":{"t":"J3"},"963":{"t":"P28R"},"965":{"t":"BE35"},"97A":{"desc":"L1P"},"97E":{"t":"WACF"},"988":{"t":"YK52"},"994":{"desc":"L1P"},"996":{"t":"GLID"},"9AD":{"desc":"L1P","t":"ULAC"},"9B0":{"t":"PA18"},"9B1":{"t":"PA18"},"9B2":{"t":"F900"},"9B3":{"t":"PA22"},"9B4":{"t":"PC12"},"9B6":{"t":"C172"},"9B8":{"desc":"L1P"},"9B9":{"t":"BE9L"},"9BC":{"t":"BE35"},"9BF":{"t":"BE36"},"9C0":{"desc":"H8E"},"9C1":{"t":"GLID"},"9C3":{"t":"C172"},"9CE":{"t":"C150"},"9D1":{"t":"C150"},"9D4":{"t":"PA18"},"9D5":{"t":"L8"},"9DB":{"t":"AR15"},"9DC":{"desc":"L1P"},"9DD":{"t":"COL4"},"9DE":{"desc":"A1P"},"9DF":{"t":"C182"},"9E1":{"t":"PA23"},"9E2":{"t":"P28S"},"9E4":{"desc":"L1P"},"9E5":{"desc":"L1P"},"9E7":{"t":"COL4"},"9E8":{"t":"C182"},"9EB":{"desc":"L1P"},"9EE":{"desc":"A1P"},"9F2":{"desc":"L1P"},"9F8":{"desc":"L1P"},"9F9":{"t":"PA22"},"9FB":{"t":"CH7A"},"9FC":{"t":"C208"},"9FE":{"t":"AR15"},"A01":{"desc":"A1P"},"A03":{"t":"FA62"},"A04":{"t":"PA23"},"A05":{"t":"PA32"},"A08":{"t":"BE55"},"A09":{"t":"T210"},"A0B":{"t":"C172"},"A0C":{"t":"C172"},"A10":{"t":"BALL"},"A11":{"t":"C150"},"A12":{"t":"C150"},"A13":{"desc":"L1P"},"A14":{"t":"C150"},"A15":{"desc":"L1P"},"A18":{"t":"C150"},"A19":{"t":"PA18"},"A1A":{"t":"BE33"},"A1C":{"t":"H500"},"A1D":{"t":"C140"},"A1E":{"t":"CH7A"},"A1F":{"t":"C172"},"A20":{"t":"COL4"},"A23":{"desc":"L1P"},"A24":{"desc":"H8E"},"A25":{"t":"C150"},"A28":{"t":"C310"},"A2C":{"t":"C172"},"A2F":{"t":"M20P"},"A30":{"t":"C150"},"A32":{"t":"C177"},"A33":{"t":"C150"},"A34":{"t":"C150"},"A35":{"desc":"L1P"},"A36":{"desc":"L1P"},"A37":{"desc":"L1P"},"A38":{"desc":"L1P"},"A39":{"desc":"L1P"},"A3A":{"desc":"L1P"},"A3B":{"desc":"L1P"},"A3C":{"desc":"L1P"},"A3D":{"t":"BE36"},"A40":{"t":"C182"},"A42":{"t":"C172"},"A44":{"t":"AR15"},"A49":{"t":"COL4"},"A4A":{"t":"PA23"},"A4B":{"t":"P32R"},"A4D":{"t":"GLID"},"A4E":{"t":"GLID"},"A4F":{"t":"C172"},"A50":{"t":"CH7A"},"A51":{"t":"BE36"},"A52":{"t":"BE36"},"A5A":{"t":"T206"},"A5F":{"desc":"H1P"},"A61":{"desc":"L1P"},"A63":{"t":"C140"},"A64":{"t":"CH7A"},"A65":{"t":"C172"},"A67":{"t":"AR15"},"A69":{"t":"C525"},"A6B":{"t":"C150"},"A6F":{"desc":"L1P"},"A70":{"t":"GLID"},"A71":{"desc":"H1P"},"A76":{"t":"C150"},"A79":{"t":"C150"},"A7A":{"t":"C150"},"A7B":{"t":"C150"},"A80":{"t":"C150"},"A81":{"desc":"A1P"},"A82":{"t":"PA18"},"A83":{"t":"BE36"},"A84":{"t":"L8"},"A85":{"t":"PA22"},"A86":{"t":"C140"},"A87":{"t":"CH7A"},"A89":{"t":"C182"},"A8A":{"t":"AR15"},"A8C":{"desc":"H4E"},"A8E":{"t":"C150"},"A8F":{"t":"BE36"},"A90":{"t":"BE36"},"A93":{"t":"BE36"},"A96":{"t":"BE36"},"A99":{"t":"BE36"},"A9E":{"t":"C150"},"A9F":{"t":"R22"},"AA0":{"t":"C150"},"AA1":{"t":"C150"},"AA2":{"t":"C150"},"AA3":{"t":"C177"},"AA4":{"t":"C150"},"AA5":{"t":"A320"},"AA6":{"t":"COL3"},"AA7":{"t":"L8"},"AAB":{"t":"C172"},"AAE":{"t":"AC11"},"AAF":{"desc":"L1P"},"AB1":{"t":"C210"},"AB2":{"t":"ST75"},"AB3":{"t":"GLID"},"AB7":{"t":"BE55"},"AB8":{"t":"C172"},"ABC":{"t":"C182"},"ABD":{"t":"M20P"},"ABF":{"t":"C150"},"AC1":{"t":"C150"},"AC6":{"t":"C177"},"AC7":{"t":"C206"},"AC8":{"desc":"H6E"},"ACA":{"desc":"L1P"},"ACC":{"desc":"L1P"},"ACD":{"t":"CH7B"},"ACE":{"t":"P28R"},"AD0":{"t":"AR15"},"AD1":{"t":"M20P"},"AD3":{"desc":"A1P"},"AD5":{"t":"M20P"},"AD6":{"t":"M20P"},"AD9":{"t":"GLID"},"ADA":{"desc":"H8E"},"ADE":{"t":"P28R"},"ADF":{"t":"C172"},"AE0":{"t":"C150"},"AE1":{"t":"C150"},"AE3":{"t":"LJ35"},"AE8":{"t":"C150"},"AEA":{"t":"C150"},"AED":{"t":"L8"},"AEF":{"t":"C140"},"AF1":{"t":"C172"},"AF2":{"t":"M20P"},"AF5":{"t":"L8"},"AF6":{"t":"P32R"},"AF7":{"t":"C182"},"AF9":{"t":"M20P"},"AFA":{"desc":"L1P"},"AFC":{"t":"GLID"},"AFE":{"t":"C172"},"B00":{"t":"B47G"},"B01":{"desc":"L1P"},"B02":{"t":"M20P"},"B03":{"t":"M20T"},"B04":{"t":"COL4"},"B06":{"t":"C150"},"B07":{"t":"C150"},"B09":{"t":"C150"},"B0A":{"t":"C150"},"B0E":{"t":"PA18"},"B0F":{"desc":"L1P"},"B11":{"desc":"L1P"},"B12":{"desc":"L2P"},"B13":{"t":"AC11"},"B16":{"t":"C206"},"B18":{"t":"C421"},"B1B":{"t":"C310"},"B1C":{"t":"AC11"},"B1F":{"desc":"L1P"},"B21":{"t":"AC11"},"B24":{"t":"AC11"},"B25":{"t":"B190"},"B27":{"desc":"L1P"},"B28":{"t":"AC11"},"B29":{"t":"PAY3"},"B2A":{"t":"M20P"},"B2B":{"desc":"L1P"},"B2C":{"t":"FA7X"},"B2F":{"desc":"L1P"},"B31":{"t":"AA5"},"B33":{"t":"AC11"},"B34":{"t":"AC11"},"B36":{"desc":"L1P"},"B38":{"t":"P32R"},"B39":{"t":"SR20"},"B3A":{"t":"AC11"},"B3D":{"t":"AC11"},"B3E":{"t":"AC11"},"B40":{"t":"E190"},"B45":{"t":"PA30"},"B46":{"t":"AC11"},"B47":{"t":"P28A"},"B48":{"t":"AC11"},"B49":{"desc":"L1P"},"B4D":{"t":"PA18"},"B4E":{"t":"SR22"},"B4F":{"desc":"H1P"},"B53":{"t":"AC11"},"B56":{"t":"BE9T"},"B5A":{"desc":"L1P"},"B5B":{"t":"S22T"},"B5C":{"t":"S22T"},"B5D":{"desc":"L1P"},"B5F":{"t":"S22T"},"B60":{"t":"AC11"},"B63":{"desc":"L1P"},"B64":{"desc":"L1P","t":"TB0"},"B66":{"t":"GLID"},"B67":{"t":"A321"},"B68":{"t":"AC11"},"B6A":{"t":"UH1"},"B6B":{"desc":"L1P"},"B6C":{"t":"AC11"},"B6D":{"t":"BCS1"},"B6E":{"t":"A139"},"B6F":{"t":"AC11"},"B72":{"t":"CJ6"},"B73":{"t":"NAVI"},"B74":{"t":"EA50"},"B76":{"desc":"L1P"},"B78":{"t":"AC11"},"B7E":{"t":"PA32"},"B81":{"t":"AT6T"},"B83":{"t":"R44"},"B85":{"t":"AC11"},"B8C":{"t":"BE55"},"B8D":{"t":"C172"},"B8E":{"t":"C172"},"B8F":{"t":"B06"},"B90":{"t":"UH1"},"B91":{"t":"B763"},"B92":{"t":"AC11"},"B93":{"desc":"L1T"},"B9D":{"desc":"H6E"},"BA1":{"t":"C525"},"BA7":{"desc":"L1P","t":"ULAC"},"BA9":{"desc":"L1P"},"BAC":{"t":"AC11"},"BAD":{"desc":"L1P"},"BAF":{"desc":"L1P"},"BB2":{"desc":"L1P"},"BB6":{"desc":"H1T"},"BB7":{"t":"AC11"},"BBB":{"desc":"L1P"},"BBE":{"t":"BE17"},"BBF":{"t":"PC24"},"BC0":{"t":"BE20"},"BC1":{"t":"FA50"},"BC2":{"t":"H500"},"BC6":{"t":"AC11"},"BC8":{"desc":"L1T"},"BC9":{"t":"C425"},"BCC":{"t":"AC11"},"BCD":{"t":"E75L"},"BCF":{"t":"M7"},"BD2":{"t":"C421"},"BD3":{"t":"B350"},"BD7":{"desc":"L1P","t":"ULAC"},"BD8":{"t":"AC11"},"BD9":{"desc":"H8E"},"BDA":{"desc":"L1P"},"BDB":{"t":"BE35"},"BDE":{"t":"AC11"},"BE0":{"desc":"H1P"},"BE1":{"desc":"L1P"},"BE3":{"t":"BL8"},"BE5":{"desc":"L1T"},"BE7":{"t":"PA34"},"BE8":{"t":"GLID"},"BE9":{"t":"AC11"},"BEC":{"desc":"L1P"},"BF0":{"t":"AC11"},"BF1":{"desc":"L2P"},"BF2":{"desc":"L1P"},"BF8":{"t":"RV12"},"BF9":{"t":"AC11"},"BFA":{"t":"AC11"},"BFB":{"t":"AC11"},"BFC":{"desc":"L1P"},"BFD":{"t":"C560"},"BFE":{"desc":"L1P"},"C09":{"desc":"L1P"},"C0A":{"desc":"H1T"},"C0B":{"t":"BALL"},"C0C":{"desc":"L1P","t":"ULAC"},"C11":{"desc":"L2T"},"C15":{"t":"S22T"},"C1B":{"t":"BE36"},"C1C":{"desc":"H4E"},"C1E":{"t":"AC11"},"C23":{"desc":"L1P"},"C24":{"t":"AC11"},"C29":{"t":"AC11"},"C2A":{"t":"C414"},"C2B":{"desc":"L1P"},"C2C":{"t":"M7"},"C2D":{"t":"SR22"},"C2E":{"t":"AC11"},"C2F":{"desc":"L2P"},"C32":{"desc":"L1P"},"C33":{"t":"GLID"},"C34":{"t":"AC11"},"C36":{"desc":"L1P"},"C38":{"t":"AS50"},"C3B":{"t":"PA44"},"C3E":{"t":"PA31"},"C43":{"desc":"L1P"},"C4B":{"desc":"L1P"},"C4C":{"t":"AS50"},"C51":{"desc":"H6E"},"C55":{"desc":"L1P"},"C56":{"t":"AC11"},"C57":{"t":"BE58"},"C5B":{"t":"BL17"},"C5C":{"t":"C208"},"C5D":{"t":"B58T"},"C5F":{"t":"BE33"},"C60":{"t":"AC11"},"C64":{"t":"PA31"},"C65":{"t":"PTS2"},"C69":{"t":"AC11"},"C6D":{"t":"GLID"},"C7E":{"t":"GL5T"},"C86":{"t":"BE55"},"C87":{"t":"PA18"},"C88":{"desc":"L1P"},"C89":{"t":"AC11"},"C8C":{"t":"C208"},"C8D":{"t":"S22T"},"C8E":{"desc":"H8E"},"C90":{"desc":"H4E"},"C91":{"desc":"L1P"},"C92":{"t":"PTS2"},"C94":{"desc":"A1T","t":"KODI"},"C96":{"t":"AC11"},"C97":{"t":"PA30"},"C98":{"desc":"L1P"},"C9A":{"desc":"L1P"},"C9B":{"t":"AC11"},"C9F":{"t":"BE35"},"CA0":{"t":"PA31"},"CA2":{"desc":"L1P"},"CA3":{"t":"AC11"},"CA4":{"t":"AC11"},"CA5":{"t":"B06"},"CA6":{"t":"AC11"},"CA7":{"desc":"L1P"},"CA8":{"t":"AC11"},"CAA":{"t":"AC11"},"CAB":{"t":"AC11"},"CAC":{"t":"ASTR"},"CAD":{"t":"C182"},"CAF":{"t":"AC11"},"CB0":{"t":"AC11"},"CB4":{"desc":"L1P"},"CB6":{"t":"E75L"},"CB7":{"t":"GLID"},"CB8":{"t":"PA18"},"CBA":{"t":"AC11"},"CBB":{"t":"AC11"},"CBE":{"t":"RV12"},"CC1":{"t":"BL8"},"CC3":{"t":"C82S"},"CC4":{"desc":"L1P"},"CC6":{"t":"BE35"},"CCA":{"desc":"L1P"},"CCC":{"t":"TAMP"},"CCD":{"t":"GLID"},"CCE":{"t":"T206"},"CD7":{"desc":"L1P"},"CE2":{"t":"AC11"},"CE5":{"t":"DA40"},"CE6":{"t":"A320"},"CEA":{"desc":"L1P"},"CEB":{"desc":"L1P"},"CED":{"t":"AC11"},"CF0":{"t":"AEST"},"CF1":{"t":"R22"},"CF4":{"t":"C172"},"CFA":{"t":"C550"},"CFB":{"desc":"H1T"},"CFE":{"desc":"L1P"},"D03":{"t":"C25A"},"D04":{"t":"BE9L"},"D06":{"t":"AC11"},"D08":{"t":"AC11"},"D0A":{"t":"S22T"},"D0B":{"t":"B407"},"D0E":{"t":"AT5T"},"D0F":{"t":"M7"},"D11":{"t":"C172"},"D13":{"t":"BE35"},"D15":{"desc":"L1P"},"D18":{"desc":"L2T"},"D1C":{"t":"PA24"},"D2A":{"desc":"L1P"},"D4E":{"desc":"L2T"},"D67":{"t":"BE18"},"D68":{"t":"LJ35"},"D69":{"desc":"L1P"},"D6A":{"t":"PA22"},"D6B":{"desc":"A1P"},"D70":{"t":"AC11"},"D72":{"t":"M20P"},"D75":{"t":"PA23"},"D76":{"t":"P28A"},"D79":{"t":"M20T"},"D7D":{"t":"PA32"},"D7E":{"t":"C150"},"D82":{"t":"C150"},"D84":{"t":"M20P"},"D85":{"t":"C150"},"D87":{"t":"C150"},"D89":{"t":"C150"},"D8A":{"desc":"L1P"},"D8B":{"t":"M20P"},"D8C":{"t":"M20T"},"D8D":{"t":"H60"},"D8E":{"t":"C140"},"D8F":{"t":"CH7A"},"D93":{"desc":"L1P"},"D94":{"t":"M20P"},"D96":{"t":"C172"},"D97":{"t":"M20P"},"D9B":{"t":"GLID"},"D9C":{"t":"ULAC"},"D9D":{"t":"C172"},"D9E":{"t":"J3"},"DA0":{"t":"C414"},"DA1":{"t":"COL4"},"DA2":{"t":"M20P"},"DA4":{"desc":"L1P"},"DA7":{"t":"C82S"},"DA9":{"t":"C150"},"DAA":{"desc":"L1P"},"DAF":{"t":"L8"},"DB1":{"t":"C140"},"DB2":{"t":"CH7A"},"DB3":{"t":"C172"},"DB4":{"t":"M20P"},"DB5":{"t":"AR15"},"DB8":{"t":"M20P"},"DB9":{"t":"M20P"},"DBA":{"t":"ST75"},"DBC":{"t":"P28A"},"DBE":{"t":"GLID"},"DBF":{"t":"M20P"},"DC5":{"t":"M20P"},"DC7":{"t":"BE36"},"DC8":{"desc":"L1P"},"DC9":{"t":"M20P"},"DCC":{"t":"WACF"},"DCD":{"t":"WACF"},"DCF":{"t":"C177"},"DD0":{"t":"GLID"},"DD1":{"t":"M20P"},"DD2":{"t":"L8"},"DD4":{"t":"C140"},"DD5":{"t":"CH7A"},"DD6":{"t":"C172"},"DD8":{"desc":"L1P"},"DD9":{"t":"AC11"},"DDA":{"t":"M20P"},"DDB":{"t":"H60"},"DDC":{"t":"C172"},"DDD":{"t":"M20P"},"DDE":{"t":"BALL"},"DE1":{"t":"GLID"},"DE3":{"t":"C140"},"DE4":{"t":"CH7A"},"DE5":{"t":"M20T"},"DE6":{"t":"C82S"},"DE8":{"t":"COL4"},"DE9":{"t":"C150"},"DEB":{"t":"WACC"},"DEC":{"t":"C150"},"DED":{"desc":"L1P","t":"ULAC"},"DF4":{"t":"PA18"},"DF6":{"t":"H60"},"DF7":{"desc":"A1P"},"DF8":{"t":"CH7A"},"DF9":{"t":"C182"},"DFA":{"t":"SR20"},"DFC":{"t":"AC11"},"DFD":{"t":"M20P"},"DFE":{"desc":"A1P"},"DFF":{"t":"C172"},"E00":{"t":"M20P"},"E01":{"t":"M20P"},"E08":{"t":"M20P"},"E09":{"t":"P28A"},"E0A":{"t":"C150"},"E0B":{"t":"P28A"},"E0C":{"t":"WACF"},"E0E":{"t":"C150"},"E0F":{"desc":"L1P"},"E10":{"desc":"L1P"},"E13":{"t":"C150"},"E16":{"desc":"L1P"},"E18":{"t":"C82S"},"E19":{"desc":"H6E"},"E1C":{"t":"C185"},"E1E":{"desc":"L1P"},"E1F":{"t":"AC11"},"E20":{"t":"L8"},"E22":{"t":"C182"},"E25":{"t":"UH1"},"E26":{"desc":"L1P"},"E28":{"t":"M20P"},"E29":{"t":"M20P"},"E2F":{"t":"WACF"},"E31":{"t":"C150"},"E32":{"desc":"L1P"},"E33":{"t":"C150"},"E38":{"desc":"L1P"},"E3C":{"desc":"H6E"},"E3E":{"t":"CH7A"},"E3F":{"t":"C172"},"E41":{"t":"PA32"},"E42":{"t":"M20P"},"E44":{"t":"M20P"},"E45":{"t":"C337"},"E47":{"t":"M20P"},"E4A":{"t":"GLID"},"E4B":{"t":"M20P"},"E4D":{"desc":"L1P"},"E4F":{"t":"GLID"},"E52":{"t":"C150"},"E57":{"t":"WACF"},"E58":{"t":"WACF"},"E5A":{"t":"WACF"},"E5B":{"t":"WACF"},"E5D":{"t":"M20P"},"E5F":{"desc":"H1P"},"E60":{"t":"M20T"},"E62":{"t":"C172"},"E63":{"t":"M20T"},"E64":{"t":"P32R"},"E65":{"t":"AC11"},"E66":{"t":"L8"},"E67":{"desc":"A1P"},"E69":{"desc":"L1P"},"E6B":{"t":"C140"},"E70":{"t":"C172"},"E71":{"t":"BALL"},"E72":{"t":"P28R"},"E75":{"desc":"L1P"},"E78":{"desc":"L1P"},"E7B":{"t":"C177"},"E7D":{"t":"WACF"},"E7E":{"t":"C150"},"E80":{"t":"PA18"},"E81":{"t":"M20P"},"E83":{"t":"C140"},"E84":{"t":"CH7A"},"E85":{"t":"C172"},"E86":{"t":"M20P"},"E87":{"t":"AR15"},"E88":{"desc":"H6E"},"E8C":{"t":"M20P"},"E90":{"t":"GLID"},"E91":{"t":"BE35"},"E92":{"t":"M20P"},"E97":{"t":"B06"},"E98":{"desc":"L1P"},"E99":{"t":"WACF"},"E9A":{"t":"WACF"},"E9D":{"t":"C150"},"EA0":{"t":"C150"},"EA1":{"desc":"L1P"},"EA2":{"desc":"L1P"},"EA3":{"t":"PA18"},"EA4":{"t":"M20T"},"EA5":{"t":"SR22"},"EA9":{"t":"M20T"},"EAA":{"t":"M20T"},"EAB":{"t":"WACF"},"EAD":{"t":"M20T"},"EB0":{"t":"M20T"},"EB3":{"t":"GLID"},"EB5":{"t":"M20P"},"EB6":{"t":"DG15"},"EB8":{"t":"M20P"},"EBB":{"t":"WACF"},"EBC":{"t":"C150"},"EBD":{"t":"C150"},"EBE":{"t":"C150"},"EC0":{"t":"M20P"},"EC4":{"t":"C150"},"EC5":{"t":"H60"},"EC6":{"t":"BE17"},"EC7":{"t":"AT6T"},"EC9":{"t":"H269"},"ECB":{"desc":"L1P"},"ECD":{"desc":"L1P"},"ECE":{"t":"AS50"},"ECF":{"desc":"L1J"},"ED0":{"desc":"L1P"},"ED1":{"desc":"L1P"},"ED2":{"desc":"L2J","t":"B39M"},"ED3":{"t":"CL30"},"ED4":{"t":"SR20"},"ED6":{"desc":"L1P"},"EDB":{"t":"C185"},"EDC":{"t":"B190"},"EDF":{"desc":"L1P"},"EE0":{"t":"C25C"},"EE1":{"t":"C525"},"EE2":{"desc":"L1P","t":"ULAC"},"EE6":{"desc":"L1P"},"EE7":{"t":"C340"},"EEB":{"t":"PAY2"},"EEF":{"t":"C182"},"EF1":{"desc":"L1P"},"EF4":{"desc":"L1P"},"EF6":{"t":"CH7B"},"EF7":{"t":"E190"},"EF8":{"t":"SR22"},"EF9":{"t":"BE35"},"EFB":{"t":"BL17"},"EFC":{"t":"SR22"},"EFD":{"t":"AC11"},"EFE":{"t":"C152"},"EFF":{"desc":"L1P"},"F01":{"t":"C25A"},"F02":{"t":"C310"},"F04":{"desc":"L1P"},"F05":{"t":"SR22"},"F06":{"t":"C172"},"F09":{"t":"P32R"},"F0A":{"t":"BE20"},"F0D":{"t":"C210"},"F0E":{"desc":"L1P"},"F11":{"desc":"L1P"},"F13":{"desc":"L1P"},"F14":{"t":"P28R"},"F15":{"t":"R22"},"F16":{"t":"ULAC"},"F18":{"desc":"L1P"},"F19":{"desc":"L1J"},"F1A":{"t":"SR22"},"F1B":{"desc":"L1P"},"F1C":{"t":"BE95"},"F1D":{"desc":"L1P"},"F1E":{"t":"A321"},"F1F":{"desc":"L1P"},"F21":{"t":"BE20"},"F22":{"desc":"L1P","t":"TB0"},"F24":{"t":"BCS1"},"F25":{"desc":"L4J"},"F2A":{"desc":"L1P"},"F2B":{"t":"C340"},"F2D":{"t":"H500"},"F35":{"t":"T206"},"F38":{"desc":"L1P"},"F3B":{"t":"S22T"},"F45":{"desc":"A2P"},"F46":{"t":"A119"},"F47":{"t":"UH1"},"F48":{"t":"B763"},"F4C":{"t":"C172"},"F4F":{"desc":"L1P"},"F51":{"t":"COL3"},"F5C":{"t":"BE35"},"F5E":{"desc":"H4E"},"F60":{"desc":"H6E"},"F64":{"t":"A109"},"F66":{"t":"C208"},"F67":{"desc":"L1P"},"F6E":{"t":"AC11"},"F71":{"desc":"H8E"},"F72":{"desc":"L1P","t":"ULAC"},"F75":{"t":"B350"},"F77":{"desc":"H6E"},"F79":{"t":"H500"},"F83":{"t":"P32R"},"F84":{"t":"E75L"},"F87":{"t":"RV12"},"F8E":{"t":"TOBA"},"F8F":{"t":"P28A"},"F91":{"desc":"L1P"},"F93":{"t":"AA5"},"F94":{"t":"C140"},"F96":{"desc":"L1P"},"F98":{"desc":"L1T"},"F99":{"desc":"L1P"},"F9E":{"t":"TOBA"},"F9F":{"t":"GLEX"},"FA3":{"t":"AC11"},"FA9":{"desc":"A1P"},"FAA":{"t":"TBM7"},"FAD":{"t":"C182"},"FB1":{"t":"CL60"},"FB3":{"desc":"L1P"},"FB8":{"t":"C172"},"FB9":{"t":"AC11"},"FC0":{"desc":"L1P"},"FC1":{"t":"AT3T"},"FC2":{"t":"BALL"},"FC3":{"t":"GLID"},"FC5":{"t":"R22"},"FC6":{"t":"CL30"},"FC9":{"t":"LJ45"},"FD0":{"t":"GLF4"},"FD1":{"desc":"H4E"},"FD5":{"t":"C172"},"FD9":{"desc":"L1P","t":"ULAC"},"FDA":{"t":"BE36"},"FDB":{"t":"C172"},"FDC":{"t":"S10"},"FDD":{"t":"AC11"},"FDF":{"t":"FA50"},"FE0":{"desc":"L1J"},"FE1":{"t":"GLEX"},"FE2":{"desc":"L1J"},"FE4":{"t":"SR22"},"FE5":{"t":"SR22"},"FE9":{"t":"BE35"},"FEA":{"t":"M20P"},"FEE":{"desc":"L1P"},"FF2":{"t":"TOBA"},"FF3":{"desc":"L2P"},"FF8":{"desc":"L1P"},"FF9":{"t":"DA40"},"FFB":{"t":"C182"},"FFF":{"t":"A321"}}