{"000":{"desc":"L1P"},"007":{"t":"BE9L"},"00C":{"t":"PA18"},"00E":{"t":"PA22"},"010":{"t":"CH7A"},"013":{"t":"AR15"},"014":{"t":"AC11"},"015":{"t":"C172"},"018":{"desc":"L1P"},"01A":{"t":"C150"},"01B":{"t":"B14C"},"01D":{"t":"P28A"},"01E":{"t":"C172"},"021":{"t":"M20P"},"025":{"t":"C172"},"026":{"t":"C172"},"028":{"t":"C172"},"02A":{"t":"C172"},"02B":{"t":"C172"},"02E":{"t":"GLID"},"030":{"t":"COL3"},"035":{"t":"C310"},"036":{"t":"AR15"},"037":{"t":"AC11"},"03A":{"t":"GLF5"},"03C":{"t":"PA23"},"040":{"t":"COL4"},"041":{"t":"C172"},"042":{"t":"C172"},"046":{"t":"BE35"},"048":{"t":"BE35"},"04A":{"t":"C172"},"04C":{"t":"R22"},"04F":{"desc":"L2P"},"050":{"desc":"L2P"},"052":{"t":"PA18"},"05E":{"t":"COL4"},"060":{"t":"BALL"},"062":{"t":"C182"},"063":{"t":"P28R"},"067":{"t":"M20P"},"06B":{"t":"C172"},"06E":{"t":"C172"},"06F":{"t":"C172"},"071":{"t":"COL4"},"072":{"t":"C172"},"073":{"t":"C172"},"074":{"t":"R44"},"075":{"t":"PC12"},"076":{"t":"L8"},"078":{"t":"C170"},"07C":{"t":"P28S"},"07E":{"t":"L8"},"082":{"t":"PA23"},"085":{"t":"BE35"},"086":{"t":"P28A"},"087":{"t":"C172"},"088":{"t":"J3"},"08D":{"t":"C206"},"08E":{"desc":"L1P"},"08F":{"t":"C172"},"090":{"t":"C172"},"093":{"t":"C172"},"094":{"t":"C172"},"095":{"t":"C172"},"096":{"desc":"L1P"},"097":{"t":"ULAC"},"098":{"t":"COL4"},"09C":{"t":"CH7A"},"09E":{"t":"C310"},"0A0":{"t":"AC11"},"0A3":{"t":"C182"},"0A7":{"t":"BL17"},"0A8":{"t":"C182"},"0A9":{"t":"C208"},"0AA":{"t":"C172"},"0AB":{"t":"C82S"},"0AD":{"t":"COL4"},"0B0":{"t":"C172"},"0B1":{"t":"C172"},"0B4":{"t":"COL4"},"0B5":{"t":"C172"},"0B7":{"t":"SR22"},"0B8":{"desc":"L1P"},"0B9":{"t":"C172"},"0BA":{"t":"GLID"},"0BC":{"t":"HUSK"},"0C3":{"t":"AC11"},"0C4":{"t":"L8"},"0C6":{"t":"C337"},"0CA":{"t":"BL17"},"0CC":{"t":"P208"},"0CE":{"t":"M7"},"0D1":{"t":"C150"},"0D3":{"t":"C172"},"0D4":{"t":"C172"},"0D6":{"t":"C172"},"0D7":{"t":"B737"},"0D8":{"t":"O1"},"0DA":{"t":"P28A"},"0DD":{"desc":"A1P"},"0DE":{"t":"T206"},"0E1":{"t":"C170"},"0E4":{"t":"C310"},"0E8":{"t":"COL4"},"0EA":{"t":"FA24"},"0EF":{"t":"P28A"},"0F0":{"t":"C172"},"0F1":{"t":"C303"},"0F2":{"desc":"L1P"},"0F4":{"t":"C208"},"0F5":{"t":"COL4"},"0F6":{"t":"C172"},"0FC":{"t":"C172"},"0FD":{"t":"C177"},"0FE":{"t":"C172"},"101":{"t":"PA18"},"102":{"t":"L8"},"104":{"t":"C170"},"105":{"t":"C25A"},"106":{"t":"C172"},"108":{"t":"AR15"},"10A":{"desc":"L1P","t":"ULAC"},"10C":{"t":"C337"},"110":{"t":"BL17"},"112":{"t":"C208"},"115":{"t":"C172"},"116":{"t":"M20P"},"118":{"t":"BE33"},"11B":{"t":"C172"},"11F":{"t":"C172"},"120":{"t":"C172"},"122":{"t":"C172"},"124":{"t":"PA18"},"127":{"t":"COL3"},"128":{"t":"CH7A"},"12B":{"t":"PA34"},"12C":{"t":"AC11"},"12D":{"t":"L8"},"134":{"t":"C182"},"135":{"t":"P28A"},"13B":{"t":"COL4"},"13E":{"t":"C177"},"13F":{"t":"C172"},"140":{"desc":"L1P"},"145":{"t":"C172"},"146":{"desc":"L1P"},"147":{"t":"ULAC"},"148":{"t":"L8"},"14A":{"t":"BE9L"},"14D":{"t":"C310"},"14E":{"t":"AR15"},"150":{"t":"L8"},"152":{"t":"C182"},"155":{"t":"C150"},"156":{"t":"BL17"},"157":{"t":"C182"},"15C":{"t":"M20P"},"15E":{"desc":"L1P"},"15F":{"t":"C172"},"160":{"t":"C172"},"162":{"t":"C172"},"163":{"t":"C172"},"164":{"t":"C172"},"165":{"t":"C172"},"16A":{"t":"PA32"},"16C":{"t":"GLF4"},"16D":{"t":"AEST"},"16F":{"t":"BE36"},"170":{"t":"R44"},"171":{"desc":"G1P"},"172":{"desc":"L1P","t":"ULAC"},"173":{"t":"C680"},"174":{"desc":"L1P"},"175":{"desc":"L1P"},"176":{"t":"B789"},"177":{"t":"A321"},"178":{"t":"ULAC"},"17A":{"t":"PA44"},"17B":{"t":"BE20"},"17C":{"t":"ULAC"},"17E":{"t":"P28A"},"183":{"t":"SIRA"},"184":{"desc":"A1P","t":"ULAC"},"186":{"t":"T28"},"187":{"desc":"L1P"},"189":{"desc":"L1P","t":"ULAC"},"18A":{"t":"LJ31"},"18E":{"t":"J3"},"18F":{"t":"P06T"},"193":{"t":"C414"},"194":{"t":"T28"},"195":{"desc":"L1P"},"197":{"t":"SR22"},"198":{"t":"C182"},"19B":{"t":"E190"},"19C":{"t":"P46T"},"1A0":{"t":"SR20"},"1A1":{"desc":"L1P"},"1A2":{"desc":"L1P","t":"ULAC"},"1A3":{"t":"C172"},"1A5":{"desc":"L1P"},"1A7":{"t":"BE36"},"1A8":{"t":"AT6T"},"1AA":{"t":"M7"},"1AC":{"desc":"L1P"},"1B1":{"t":"SR22"},"1B6":{"desc":"H4E"},"1B7":{"t":"S22T"},"1B9":{"desc":"L1P"},"1BA":{"desc":"L1P"},"1BC":{"t":"RV12"},"1BD":{"t":"M7"},"1C1":{"t":"CH7A"},"1C2":{"t":"A321"},"1C3":{"t":"P28A"},"1C6":{"t":"C208"},"1C8":{"t":"BCS1"},"1C9":{"t":"PA18"},"1CE":{"t":"M20P"},"1D3":{"desc":"L1T","t":"P210"},"1D6":{"t":"R44"},"1D9":{"desc":"L1P"},"1DA":{"t":"T28"},"1DC":{"t":"C172"},"1E6":{"t":"C441"},"1E8":{"t":"SR20"},"1EA":{"t":"UH1"},"1EB":{"desc":"G1P"},"1EC":{"t":"B763"},"1ED":{"desc":"L1P"},"1F9":{"t":"SR22"},"202":{"t":"GLF5"},"203":{"desc":"H2T"},"20A":{"desc":"L1P"},"20E":{"desc":"L1P"},"210":{"t":"P28R"},"211":{"desc":"H1T"},"212":{"desc":"L1P"},"214":{"desc":"L2J","t":"GLF5"},"216":{"desc":"L1P","t":"ULAC"},"219":{"desc":"L1P","t":"ULAC"},"21A":{"desc":"H8E"},"21B":{"t":"P32R"},"223":{"desc":"L1P"},"224":{"t":"E120"},"225":{"desc":"L1P","t":"ULAC"},"228":{"t":"E75L"},"229":{"t":"C172"},"235":{"t":"T28"},"236":{"desc":"L1P"},"238":{"t":"SR20"},"23A":{"desc":"L1P"},"23B":{"desc":"L1P"},"23D":{"t":"F900"},"240":{"t":"BE9T"},"242":{"t":"C182"},"243":{"desc":"L1P"},"24B":{"t":"BE95"},"24C":{"t":"T28"},"253":{"t":"H25B"},"257":{"desc":"L1P"},"25B":{"t":"R44"},"25C":{"t":"GLID"},"25D":{"t":"PA18"},"262":{"desc":"L1P"},"264":{"desc":"L1P"},"266":{"t":"PA30"},"267":{"desc":"L1P","t":"ULAC"},"26A":{"desc":"L1P"},"26C":{"desc":"L1P"},"26D":{"desc":"L1P"},"26F":{"desc":"L1P"},"276":{"desc":"L1P"},"27E":{"t":"C172"},"27F":{"t":"AEST"},"280":{"t":"C340"},"281":{"t":"T28"},"282":{"t":"J3"},"283":{"t":"DV20"},"284":{"t":"PA31"},"289":{"desc":"L1P"},"28D":{"desc":"L1P"},"28E":{"t":"RV12"},"28F":{"t":"PA44"},"292":{"t":"VALI"},"29A":{"desc":"A1P"},"2A6":{"desc":"H1P"},"2A7":{"desc":"H1T"},"2AF":{"t":"BE23"},"2B0":{"t":"P06T"},"2B1":{"t":"M20P"},"2B5":{"t":"SR22"},"2B7":{"desc":"L1P"},"2B8":{"t":"PC24"},"2BD":{"t":"S22T"},"2C0":{"desc":"L2P"},"2C1":{"t":"FA62"},"2C4":{"desc":"L1P","t":"ULAC"},"2E1":{"t":"C172"},"2E3":{"desc":"L1P"},"2E4":{"t":"T28"},"2E7":{"t":"GLID"},"2F1":{"t":"C150"},"2F2":{"desc":"L1P"},"2F3":{"desc":"A1P"},"2FB":{"desc":"H1P"},"2FD":{"t":"C172"},"2FF":{"desc":"L1P","t":"ULAC"},"300":{"desc":"L2T"},"301":{"desc":"L1E"},"302":{"t":"C172"},"304":{"t":"FA7X"},"30A":{"desc":"A1P","t":"ULAC"},"30B":{"t":"GLID"},"30C":{"t":"C208"},"30F":{"t":"C180"},"311":{"t":"E75L"},"313":{"desc":"H1P"},"314":{"desc":"L1J"},"31E":{"t":"RV12"},"325":{"t":"C206"},"32D":{"t":"B744"},"334":{"t":"GLID"},"338":{"t":"BALL"},"33A":{"t":"A306"},"33D":{"t":"DA40"},"341":{"t":"A320"},"351":{"t":"BL8"},"357":{"t":"BE20"},"358":{"t":"AA5"},"360":{"t":"BE36"},"361":{"t":"SR20"},"364":{"t":"TBM7"},"366":{"desc":"L1P"},"367":{"desc":"L2T"},"368":{"t":"T6"},"36A":{"t":"BE36"},"36C":{"t":"PA32"},"36E":{"t":"ST75"},"36F":{"t":"BE58"},"370":{"t":"C25B"},"373":{"t":"AT5T"},"376":{"desc":"L1P"},"377":{"t":"BE35"},"3A9":{"t":"TAYB"},"3C4":{"t":"L8"},"3C5":{"t":"PA22"},"3C9":{"t":"C310"},"3CA":{"desc":"H8E"},"3CC":{"t":"C172"},"3D4":{"t":"P28R"},"3D6":{"desc":"L1P"},"3D9":{"t":"C150"},"3DA":{"t":"COL4"},"3DC":{"t":"C172"},"3E0":{"t":"C172"},"3E5":{"t":"SR20"},"3E6":{"desc":"L1P","t":"ULAC"},"3E9":{"t":"C170"},"3EA":{"t":"CH7A"},"3EB":{"t":"SR22"},"3EF":{"desc":"L1P"},"3F1":{"t":"C337"},"3F2":{"desc":"L1P","t":"ULAC"},"3F4":{"t":"C172"},"3F6":{"t":"C182"},"3F9":{"desc":"H8E"},"3FA":{"desc":"L1P"},"401":{"t":"C208"},"402":{"t":"S22T"},"405":{"desc":"L1P"},"407":{"t":"C172"},"408":{"desc":"L1P"},"409":{"t":"AR11"},"40A":{"t":"L8"},"40B":{"t":"PA22"},"40C":{"t":"COL4"},"40D":{"t":"CH7A"},"40E":{"t":"C185"},"414":{"t":"COL4"},"419":{"t":"R44"},"41B":{"t":"C172"},"41F":{"t":"C150"},"420":{"t":"BE35"},"421":{"t":"C172"},"422":{"t":"C172"},"423":{"t":"C172"},"426":{"t":"GLID"},"428":{"t":"BALL"},"429":{"desc":"L2P"},"42B":{"t":"HUSK"},"42C":{"t":"PA18"},"42E":{"t":"PA22"},"430":{"t":"CH7A"},"43A":{"t":"C150"},"43B":{"t":"B14C"},"43E":{"t":"C172"},"440":{"desc":"A1P"},"444":{"t":"C172"},"445":{"t":"C172"},"447":{"t":"C172"},"448":{"t":"C172"},"44A":{"t":"C172"},"44E":{"t":"T6"},"450":{"t":"B350"},"451":{"t":"SR20"},"452":{"t":"ULAC"},"459":{"desc":"L1P"},"45B":{"t":"P28A"},"45C":{"t":"BE36"},"45D":{"t":"C150"},"45E":{"t":"BL17"},"460":{"t":"C182"},"465":{"t":"C150"},"466":{"t":"BE95"},"467":{"t":"C172"},"46E":{"desc":"L1P"},"46F":{"desc":"H6E"},"470":{"t":"C172"},"471":{"desc":"H6E"},"473":{"desc":"H4E"},"475":{"t":"COL4"},"477":{"t":"C185"},"479":{"t":"AR15"},"47F":{"t":"BALL"},"480":{"t":"C150"},"481":{"t":"BL17"},"483":{"t":"C150"},"485":{"t":"COL4"},"486":{"desc":"L1P"},"488":{"t":"C172"},"489":{"t":"BE55"},"491":{"t":"R22"},"494":{"desc":"L1P"},"496":{"t":"L8"},"497":{"t":"COL4"},"498":{"t":"C170"},"499":{"t":"CH7A"},"49A":{"t":"C185"},"49B":{"t":"P28A"},"49C":{"desc":"H8E"},"49D":{"t":"AC11"},"4A6":{"t":"P28A"},"4AB":{"t":"C150"},"4AD":{"t":"C172"},"4B2":{"t":"C172"},"4B3":{"t":"C172"},"4B4":{"t":"C172"},"4B5":{"t":"C177"},"4B7":{"t":"P210"},"4B9":{"t":"ULAC"},"4BA":{"t":"SR20"},"4BB":{"t":"COL4"},"4BC":{"t":"C172"},"4BD":{"desc":"L1P","t":"ULAC"},"4BF":{"t":"AR15"},"4C9":{"t":"PA32"},"4CA":{"t":"C172"},"4CB":{"t":"GLID"},"4D1":{"t":"C172"},"4D2":{"t":"C172"},"4D4":{"t":"C172"},"4D5":{"t":"C172"},"4D6":{"t":"C172"},"4D8":{"t":"C172"},"4DB":{"t":"M20P"},"4DC":{"desc":"H8E"},"4DE":{"t":"C170"},"4E2":{"t":"P28A"},"4E6":{"t":"C337"},"4E7":{"t":"COL4"},"4E9":{"t":"C150"},"4EB":{"t":"C182"},"4EE":{"t":"C172"},"4F2":{"t":"BE33"},"4F3":{"t":"C172"},"4F5":{"desc":"L1P"},"4F6":{"t":"C172"},"4F7":{"t":"C172"},"4F8":{"t":"C172"},"4F9":{"t":"C172"},"4FA":{"t":"C172"},"4FB":{"t":"B47G"},"4FD":{"t":"GLID"},"500":{"t":"PA22"},"501":{"t":"C170"},"505":{"t":"AR15"},"50C":{"t":"C150"},"50D":{"t":"BL17"},"50F":{"desc":"H4E"},"510":{"t":"T210"},"513":{"t":"M20P"},"514":{"t":"C172"},"515":{"desc":"H4E"},"519":{"t":"C172"},"51A":{"desc":"L1P"},"51C":{"t":"R22"},"51D":{"t":"C172"},"51E":{"t":"C172"},"51F":{"t":"C172"},"521":{"t":"GLID"},"522":{"t":"A321"},"523":{"t":"BT36"},"527":{"t":"R44"},"528":{"t":"TBM7"},"529":{"t":"C172"},"52B":{"t":"GLEX"},"52C":{"t":"A109"},"52F":{"t":"ULAC"},"531":{"t":"A109"},"532":{"t":"C310"},"533":{"desc":"L1J"},"535":{"t":"PA34"},"537":{"desc":"L1P"},"538":{"desc":"A1P","t":"ULAC"},"53A":{"t":"BE35"},"53B":{"t":"C182"},"53C":{"t":"PA31"},"53F":{"t":"BE36"},"540":{"t":"B407"},"542":{"desc":"L1P"},"54A":{"desc":"L1P"},"54B":{"desc":"L1J"},"552":{"desc":"L1P"},"553":{"t":"TBM7"},"555":{"t":"LJ45"},"556":{"desc":"A1P","t":"PA18"},"559":{"desc":"L1P"},"55A":{"t":"C208"},"55D":{"t":"C25A"},"55F":{"t":"C310"},"561":{"t":"M7"},"564":{"t":"C182"},"565":{"t":"FDCT"},"569":{"desc":"L1P","t":"ULAC"},"56B":{"t":"E120"},"56C":{"desc":"L1P"},"56F":{"desc":"A1P"},"570":{"desc":"L1P"},"571":{"desc":"L1P"},"573":{"t":"C25B"},"578":{"t":"S22T"},"579":{"t":"A321"},"57A":{"t":"C310"},"57D":{"desc":"L1P"},"57F":{"t":"BCS1"},"581":{"desc":"L2T"},"58A":{"t":"BE33"},"58E":{"t":"P46T"},"590":{"t":"T206"},"596":{"t":"R44"},"59A":{"t":"P28R"},"59E":{"desc":"L1P"},"5A3":{"t":"B763"},"5AE":{"t":"C172"},"5B7":{"desc":"L1P"},"5B9":{"t":"C650"},"5BA":{"desc":"L1P"},"5BB":{"t":"E55P"},"5BD":{"t":"P208"},"5BF":{"desc":"L1P"},"5C5":{"t":"SR22"},"5C7":{"desc":"L1P"},"5C9":{"desc":"H6E"},"5CC":{"t":"C172"},"5D0":{"t":"DC3"},"5D1":{"t":"UH12"},"5D6":{"t":"C172"},"5DF":{"t":"E75L"},"5E9":{"t":"S22T"},"5EB":{"desc":"L1P"},"5EE":{"t":"FA20"},"5EF":{"desc":"H8E"},"5F3":{"desc":"L1P"},"5F7":{"desc":"L1P"},"5FB":{"t":"C182"},"5FE":{"t":"PC12"},"601":{"desc":"L1P"},"602":{"t":"C172"},"604":{"desc":"A1P"},"613":{"t":"GLID"},"614":{"t":"C185"},"61B":{"t":"ST75"},"61C":{"t":"U21"},"61D":{"t":"BALL"},"61E":{"t":"PAY1"},"629":{"t":"C185"},"62C":{"t":"BRAV"},"62D":{"t":"C550"},"634":{"t":"C185"},"635":{"t":"P28A"},"636":{"desc":"L2P"},"638":{"t":"C175"},"63A":{"desc":"L1P"},"63B":{"t":"GLID"},"63C":{"t":"GLF4"},"63F":{"desc":"H1P"},"640":{"desc":"L1J"},"644":{"desc":"L1J"},"645":{"desc":"L1P"},"646":{"t":"PA44"},"64F":{"t":"AS50"},"655":{"t":"S58T"},"65A":{"t":"GLID"},"65E":{"t":"GLF4"},"667":{"t":"GLID"},"668":{"t":"C550"},"669":{"t":"DC3"},"66D":{"t":"GLID"},"66F":{"t":"FDCT"},"670":{"t":"PC12"},"671":{"t":"S22T"},"672":{"desc":"L2T"},"676":{"t":"C185"},"677":{"desc":"H4E"},"678":{"t":"FA62"},"67B":{"t":"RV12"},"67F":{"t":"BE55"},"690":{"t":"B737"},"698":{"desc":"L1P"},"69A":{"desc":"L1P","t":"ULAC"},"69B":{"t":"M20T"},"69C":{"desc":"L1P"},"69E":{"t":"GLID"},"6A1":{"t":"BE36"},"6A4":{"desc":"L1P"},"6A6":{"t":"C550"},"6A8":{"desc":"L1P"},"6AC":{"t":"RV9"},"6B1":{"t":"C172"},"6B2":{"t":"P28R"},"6B3":{"t":"ULAC"},"6B4":{"t":"PA32"},"6B5":{"t":"H500"},"6B6":{"t":"C182"},"6B8":{"desc":"H4E"},"6BA":{"t":"E300"},"6BC":{"t":"C172"},"6BF":{"t":"UH1"},"6C1":{"t":"SR22"},"6C3":{"t":"BE55"},"6C6":{"t":"C172"},"6C7":{"desc":"L1P"},"6C8":{"t":"C172"},"6CC":{"desc":"L1P","t":"AC90"},"6D3":{"t":"S22T"},"6D4":{"t":"LJ35"},"6D5":{"desc":"L1P"},"6D7":{"t":"BE9L"},"6D8":{"t":"PC12"},"6DA":{"t":"BE36"},"6DE":{"t":"AS50"},"6DF":{"t":"B741"},"6E0":{"desc":"L1J"},"6E3":{"t":"L29"},"6E4":{"desc":"L1P"},"6F1":{"t":"A306"},"6FC":{"t":"C182"},"6FD":{"desc":"L1P"},"715":{"t":"ECHO"},"717":{"t":"BALL"},"718":{"desc":"L1P","t":"ULAC"},"721":{"t":"R44"},"726":{"t":"C172"},"727":{"desc":"L1P"},"72A":{"desc":"L2T"},"72B":{"t":"GLID"},"72C":{"t":"GLID"},"72E":{"t":"BE35"},"731":{"desc":"L1P"},"733":{"desc":"L1P"},"744":{"desc":"L2J"},"747":{"t":"WACF"},"74C":{"t":"R22"},"779":{"desc":"L1P"},"77C":{"t":"SR22"},"77D":{"t":"AT6T"},"77E":{"desc":"L1P"},"77F":{"t":"C182"},"781":{"t":"P28A"},"782":{"t":"AC11"},"783":{"t":"C182"},"785":{"t":"C182"},"789":{"t":"B14C"},"78F":{"t":"M20P"},"793":{"t":"C172"},"794":{"t":"C172"},"79A":{"t":"C172"},"79D":{"t":"PA18"},"79E":{"t":"L8"},"7A0":{"t":"C170"},"7A2":{"t":"C172"},"7A8":{"t":"C182"},"7A9":{"t":"COL4"},"7AA":{"t":"C182"},"7AD":{"t":"C182"},"7AE":{"t":"B350"},"7B6":{"desc":"L1P"},"7BA":{"t":"C172"},"7BB":{"t":"C172"},"7BC":{"t":"C172"},"7BD":{"t":"C172"},"7BE":{"t":"C172"},"7BF":{"desc":"L1P"},"7C2":{"t":"C177"},"7C3":{"t":"C170"},"7C5":{"t":"C185"},"7C6":{"t":"C310"},"7C7":{"t":"CH7A"},"7C8":{"t":"AC11"},"7CB":{"t":"C182"},"7CD":{"t":"PA23"},"7CF":{"t":"B14C"},"7D1":{"desc":"H8E"},"7D2":{"t":"C172"},"7D4":{"desc":"L1P"},"7D5":{"t":"M20P"},"7D6":{"t":"C150"},"7D8":{"desc":"L1P"},"7D9":{"t":"E145"},"7DB":{"t":"C172"},"7DE":{"t":"C172"},"7E2":{"desc":"L1P"},"7E4":{"t":"L8"},"7E5":{"t":"SR22"},"7E6":{"t":"C170"},"7E7":{"t":"C208"},"7E8":{"t":"C172"},"7EA":{"t":"AR15"},"7F1":{"t":"C150"},"7F3":{"t":"C182"},"7F4":{"t":"PA34"},"7F6":{"t":"C310"},"7FB":{"desc":"L1P"},"7FC":{"t":"C172"},"7FE":{"t":"C172"},"800":{"t":"C172"},"801":{"t":"C172"},"803":{"desc":"L1P"},"804":{"desc":"L1P"},"806":{"t":"PA18"},"808":{"t":"C177"},"80A":{"t":"CH7A"},"80B":{"t":"C172"},"80D":{"t":"AR15"},"811":{"t":"L8"},"813":{"t":"COL4"},"814":{"t":"C150"},"815":{"t":"BL17"},"816":{"t":"C182"},"81B":{"t":"M20P"},"81E":{"t":"C172"},"820":{"desc":"L1P"},"821":{"t":"C172"},"825":{"t":"C172"},"829":{"t":"PA18"},"82C":{"t":"C170"},"830":{"t":"AR15"},"831":{"t":"COL4"},"83A":{"t":"P28A"},"83B":{"t":"C172"},"83E":{"t":"M20P"},"842":{"t":"C172"},"843":{"t":"C172"},"844":{"t":"C172"},"846":{"t":"C172"},"84B":{"desc":"L1P"},"84C":{"t":"BE35"},"84E":{"t":"C177"},"850":{"t":"CH7A"},"851":{"t":"C185"},"852":{"t":"C310"},"853":{"desc":"H8E"},"857":{"t":"T206"},"85A":{"t":"C150"},"85C":{"t":"C182"},"85E":{"t":"C172"},"861":{"t":"M20P"},"862":{"t":"C208"},"864":{"t":"C172"},"868":{"t":"H500"},"86C":{"t":"C172"},"86D":{"desc":"L1P"},"86E":{"t":"GLID"},"86F":{"t":"PA18"},"872":{"t":"C170"},"873":{"t":"COL4"},"874":{"t":"C172"},"875":{"t":"C310"},"876":{"t":"PA32"},"877":{"t":"AC11"},"878":{"t":"L8"},"879":{"t":"SR22"},"87F":{"t":"C182"},"880":{"t":"PA32"},"884":{"t":"M20P"},"88A":{"t":"C172"},"88B":{"t":"C172"},"88D":{"t":"C172"},"893":{"t":"L8"},"895":{"t":"C170"},"898":{"t":"COL3"},"89A":{"desc":"H4E"},"89D":{"t":"C182"},"8A1":{"t":"BL17"},"8A2":{"t":"C182"},"8A9":{"t":"BE35"},"8AA":{"t":"C172"},"8AD":{"t":"C172"},"8AE":{"t":"C177"},"8AF":{"t":"C172"},"8B2":{"desc":"L1P"},"8B4":{"t":"ERCO"},"8B5":{"desc":"L1P"},"8BC":{"t":"COL4"},"8BE":{"t":"COL4"},"8C0":{"t":"C210"},"8C2":{"desc":"L1P"},"8C5":{"t":"C182"},"8C7":{"t":"C172"},"8C9":{"t":"ULAC"},"8CA":{"t":"M20P"},"8CC":{"t":"BE95"},"8CE":{"t":"C172"},"8D1":{"t":"C172"},"8D4":{"t":"C172"},"8D7":{"t":"BE9L"},"8D8":{"desc":"L1P"},"8DC":{"t":"ASTR"},"8DE":{"desc":"L1P"},"8DF":{"t":"PA34"},"8E0":{"desc":"L1P"},"8E2":{"t":"BE58"},"8E3":{"t":"PA31"},"8E4":{"desc":"L1P"},"8E7":{"desc":"L1P","t":"ULAC"},"8E8":{"t":"BE35"},"8E9":{"t":"B47G"},"8EC":{"desc":"L1P"},"8F2":{"t":"C150"},"8F3":{"t":"C140"},"8F4":{"t":"SF50"},"8F5":{"desc":"L1P"},"8F7":{"t":"HUSK"},"8FA":{"t":"C210"},"8FC":{"t":"BE36"},"8FD":{"t":"GLID"},"8FF":{"t":"C320"},"900":{"t":"BALL"},"901":{"t":"PA27"},"903":{"t":"VALI"},"905":{"desc":"L1P"},"906":{"desc":"L1P"},"907":{"desc":"L1P"},"909":{"desc":"L1P"},"90A":{"t":"C210"},"90B":{"t":"PA31"},"90C":{"t":"C172"},"90D":{"t":"BALL"},"90E":{"t":"GLID"},"90F":{"t":"BL17"},"914":{"t":"P28A"},"915":{"t":"ERCO"},"916":{"desc":"H1P"},"919":{"t":"L8"},"91A":{"t":"C560"},"91C":{"desc":"L1P"},"91E":{"desc":"L1P"},"920":{"desc":"L1P"},"921":{"t":"GLID"},"923":{"t":"GLID"},"924":{"t":"DA40"},"925":{"t":"PA12"},"926":{"t":"C25B"},"927":{"desc":"L1P"},"928":{"desc":"L1P"},"929":{"desc":"L1P"},"92E":{"t":"C501"},"932":{"t":"C208"},"933":{"t":"C150"},"934":{"t":"C182"},"937":{"t":"RV12"},"938":{"desc":"L1P"},"939":{"desc":"L1P"},"93C":{"t":"BE35"},"93D":{"t":"C152"},"93E":{"t":"GLID"},"942":{"t":"C337"},"943":{"desc":"L1P"},"944":{"desc":"L1P"},"945":{"t":"BE33"},"946":{"desc":"L1P"},"949":{"desc":"L1P"},"94D":{"t":"PA31"},"94E":{"t":"S22T"},"950":{"desc":"L1P"},"952":{"t":"E300"},"957":{"t":"B06"},"958":{"desc":"H4E"},"959":{"desc":"L1P"},"95A":{"desc":"L1P"},"95B":{"t":"PA18"},"95C":{"t":"C182"},"95D":{"desc":"H2T"},"961":{"desc":"L1P"},"963":{"t":"BE10"},"965":{"t":"R66"},"966":{"t":"PA31"},"967":{"t":"P337"},"969":{"t":"B407"},"96B":{"t":"GLID"},"96C":{"t":"T6"},"970":{"desc":"L1P"},"971":{"t":"GLID"},"973":{"t":"R44"},"975":{"t":"BE9L"},"976":{"t":"R22"},"978":{"desc":"L1P"},"979":{"desc":"L1P"},"97C":{"t":"PA30"},"97E":{"desc":"L1P"},"984":{"desc":"L1T"},"985":{"desc":"L1P"},"986":{"t":"BE9L"},"987":{"desc":"L1P"},"988":{"desc":"L1P"},"989":{"desc":"H2T"},"98A":{"t":"HUSK"},"98C":{"t":"COL4"},"98F":{"t":"GLID"},"990":{"t":"BALL"},"991":{"t":"C177"},"992":{"t":"C421"},"993":{"t":"BE55"},"998":{"desc":"L1P"},"99A":{"t":"HUSK"},"99B":{"t":"BRAV"},"99C":{"t":"C185"},"99D":{"desc":"L1P"},"99E":{"t":"HUSK"},"9A0":{"t":"GLF5"},"9A2":{"t":"AEST"},"9A3":{"t":"BE18"},"9A5":{"desc":"L1P"},"9A6":{"desc":"L1P"},"9A7":{"t":"T34P"},"9A8":{"t":"BL8"},"9AC":{"desc":"L1P"},"9AE":{"desc":"L1P"},"9B1":{"t":"GL5T"},"9B2":{"t":"C172"},"9B3":{"desc":"L1P"},"9B6":{"desc":"L1P","t":"ULAC"},"9BA":{"desc":"L1P"},"9BC":{"desc":"L1P"},"9BD":{"t":"C501"},"9BE":{"desc":"L1P"},"9BF":{"t":"P28A"},"9C0":{"t":"C340"},"9C2":{"desc":"H1T"},"9C3":{"t":"C172"},"9C4":{"desc":"A2P"},"9C5":{"desc":"L1J"},"9C9":{"t":"P28A"},"9CA":{"t":"T210"},"9CB":{"t":"PTS2"},"9D3":{"t":"GLID"},"9D4":{"t":"BALL"},"9D6":{"desc":"L1P"},"9D7":{"t":"J3"},"9D8":{"desc":"L1P"},"9D9":{"t":"CH7B"},"9DB":{"t":"S22T"},"9DE":{"t":"PA34"},"9DF":{"desc":"L1P"},"9E0":{"desc":"L1P"},"9E2":{"t":"GLID"},"9E3":{"t":"HUSK"},"9E4":{"desc":"L1P"},"9E7":{"desc":"L1P"},"9EA":{"t":"ULAC"},"9ED":{"desc":"L1J"},"9EE":{"t":"C180"},"9EF":{"t":"M20P"},"9F1":{"t":"C421"},"9F3":{"desc":"L1P","t":"ULAC"},"9F4":{"desc":"L1P"},"9F5":{"t":"BE55"},"9F6":{"t":"SR22"},"9F9":{"t":"P28A"},"9FB":{"desc":"L1P"},"9FC":{"t":"GLF6"},"9FD":{"desc":"L1P"},"9FE":{"t":"GLID"},"A00":{"desc":"L1P"},"A01":{"t":"B407"},"A02":{"t":"SR20"},"A03":{"t":"G164"},"A04":{"desc":"L1P"},"A07":{"desc":"H4E"},"A08":{"t":"AEST"},"A09":{"t":"PA31"},"A0A":{"desc":"L1P"},"A0B":{"desc":"L1P"},"A10":{"desc":"L1P"},"A11":{"t":"B06"},"A12":{"t":"C180"},"A15":{"t":"M20P"},"A16":{"desc":"L1P"},"A18":{"desc":"A1P"},"A19":{"t":"C441"},"A1D":{"t":"PC12"},"A1F":{"t":"CH7B"},"A20":{"t":"PA46"},"A21":{"desc":"L1P"},"A22":{"t":"B58T"},"A23":{"desc":"L1T"},"A24":{"t":"C421"},"A25":{"desc":"L1P"},"A26":{"desc":"L1J"},"A27":{"t":"C310"},"A28":{"desc":"L1P"},"A29":{"t":"BL8"},"A2A":{"t":"BE35"},"A2B":{"desc":"L1P"},"A2C":{"t":"ERCO"},"A2D":{"t":"E300"},"A2F":{"t":"ST75"},"A31":{"t":"EC30"},"A32":{"t":"GLID"},"A33":{"desc":"L1P"},"A34":{"t":"SR22"},"A35":{"t":"M7"},"A37":{"t":"S22T"},"A42":{"t":"HUSK"},"A50":{"t":"AC90"},"A54":{"desc":"L1P"},"A56":{"t":"P28B"},"A57":{"t":"CH7A"},"A58":{"t":"BE55"},"A59":{"t":"BE36"},"A5B":{"desc":"H1T"},"A5C":{"t":"J2"},"A60":{"desc":"L1P"},"A61":{"t":"BE35"},"A63":{"desc":"L1P"},"A66":{"desc":"L1P"},"A67":{"desc":"A1P"},"A69":{"t":"GLF4"},"A6C":{"t":"H500"},"A6F":{"t":"GLID"},"A70":{"desc":"L1P"},"A71":{"desc":"L1P"},"A72":{"t":"C172"},"A73":{"t":"PA18"},"A74":{"desc":"H1P"},"A75":{"t":"HUSK"},"A76":{"t":"C172"},"A78":{"desc":"L1P"},"A79":{"t":"ST75"},"A7A":{"t":"C501"},"A7B":{"desc":"L1T"},"A7C":{"desc":"L1P"},"A7E":{"desc":"L1P"},"A7F":{"t":"C750"},"A81":{"t":"T34P"},"A83":{"t":"GLID"},"A86":{"t":"M20P"},"A88":{"desc":"L1P"},"A8B":{"desc":"L1P"},"A8D":{"t":"M20P"},"A8E":{"t":"T210"},"A8F":{"t":"C172"},"A91":{"t":"GLID"},"A95":{"desc":"H4E"},"A96":{"t":"BE58"},"A97":{"desc":"L1P"},"A9C":{"desc":"L1P"},"AA1":{"desc":"L1P"},"AA8":{"desc":"L1P"},"AAB":{"t":"BALL"},"AAF":{"desc":"L1P"},"AB4":{"desc":"L1P"},"AB6":{"desc":"L1P"},"AB8":{"t":"SF50"},"AB9":{"desc":"L1P"},"ABE":{"t":"EC45"},"ABF":{"t":"BE33"},"AC3":{"desc":"L1P","t":"ULAC"},"AC4":{"desc":"L1P"},"AC5":{"desc":"L2P"},"ACC":{"t":"P32R"},"ACE":{"t":"T34P"},"AD0":{"t":"H500"},"AD1":{"desc":"A1P"},"AD4":{"desc":"L1P"},"AD5":{"t":"P46T"},"AD6":{"desc":"L1P"},"AD7":{"t":"BL8"},"ADC":{"t":"P32R"},"ADD":{"t":"C185"},"ADE":{"t":"C182"},"ADF":{"desc":"L1P"},"AE1":{"t":"C185"},"AE5":{"desc":"L1P"},"AE7":{"desc":"L1P"},"AE8":{"desc":"A1P"},"AEF":{"desc":"L1P"},"AF0":{"t":"J3"},"AF1":{"desc":"L1P"},"AF3":{"desc":"L1P"},"AF5":{"desc":"L1P"},"AF6":{"desc":"L1P"},"AF7":{"desc":"L1P"},"AF9":{"desc":"L1P"},"AFB":{"t":"BE35"},"AFD":{"desc":"L1P"},"B01":{"t":"CH7B"},"B04":{"t":"PA12"},"B08":{"t":"YK52"},"B0A":{"desc":"L1P"},"B0B":{"desc":"L1P"},"B0C":{"t":"C172"},"B0F":{"desc":"L2T"},"B12":{"desc":"L1P"},"B13":{"t":"ULAC"},"B16":{"t":"BE36"},"B17":{"t":"GLID"},"B1B":{"desc":"L1P"},"B1C":{"desc":"L1P"},"B1D":{"t":"M7"},"B1E":{"desc":"L1P"},"B23":{"t":"HDJT"},"B2F":{"t":"BE36"},"B30":{"t":"EC30"},"B31":{"desc":"L1P","t":"ULAC"},"B32":{"desc":"L1T","t":"M600"},"B34":{"t":"BL8"},"B35":{"t":"EC30"},"B36":{"t":"B06"},"B39":{"t":"EC30"},"B3D":{"t":"YAK3"},"B3E":{"t":"A321"},"B3F":{"desc":"L1P","t":"ULAC"},"B41":{"desc":"L4T"},"B42":{"t":"T28"},"B43":{"desc":"L1J"},"B45":{"t":"A109"},"B46":{"desc":"L1P","t":"ULAC"},"B49":{"desc":"L2P"},"B4A":{"desc":"L1P"},"B4B":{"desc":"L2T"},"B4C":{"desc":"L1P"},"B50":{"desc":"L1P","t":"ULAC"},"B52":{"t":"B06"},"B54":{"t":"BALL"},"B56":{"t":"AT8T"},"B57":{"desc":"L1P"},"B5A":{"desc":"L1P"},"B5B":{"desc":"L1P"},"B5C":{"t":"VALI"},"B5D":{"t":"EC30"},"B5E":{"t":"PA31"},"B5F":{"t":"PA32"},"B61":{"desc":"L1P"},"B62":{"desc":"L1P"},"B64":{"t":"GLID"},"B66":{"t":"B06"},"B69":{"t":"C152"},"B6A":{"desc":"L4T"},"B6E":{"t":"EC30"},"B6F":{"desc":"L1P"},"B71":{"t":"T206"},"B73":{"t":"EC30"},"B74":{"t":"EC30"},"B75":{"desc":"L1P"},"B78":{"t":"GLID"},"B7B":{"t":"EC30"},"B7C":{"desc":"L2P"},"B7D":{"t":"C172"},"B7E":{"desc":"A1P"},"B7F":{"t":"GLID"},"B83":{"t":"P28R"},"B88":{"t":"BE9L"},"B8A":{"desc":"L1P"},"B8F":{"t":"BCS1"},"B91":{"t":"T206"},"B95":{"t":"B14A"},"B96":{"desc":"H4E"},"B98":{"t":"E50P"},"B9A":{"t":"EC30"},"BA3":{"desc":"L1P"},"BA5":{"t":"TAMP"},"BAB":{"desc":"L1P"},"BAE":{"t":"LJ35"},"BB0":{"desc":"A2P"},"BB3":{"t":"B763"},"BBB":{"desc":"L1P"},"BC7":{"desc":"L1P"},"BC9":{"t":"EC30"},"BCA":{"t":"EC30"},"BCD":{"t":"R44"},"BCF":{"t":"PA32"},"BD2":{"t":"GLID"},"BD3":{"t":"EC30"},"BD5":{"desc":"L2T"},"BD8":{"t":"H25B"},"BDB":{"t":"GLF5"},"BDC":{"t":"AA5"},"BDD":{"desc":"L1P","t":"ULAC"},"BDE":{"desc":"L1P"},"BE0":{"desc":"L1P"},"BE1":{"t":"UH12"},"BE2":{"t":"EC30"},"BE9":{"t":"C150"},"BEB":{"t":"C414"},"BED":{"t":"EC30"},"BEF":{"t":"E75L"},"BFA":{"t":"C172"},"BFB":{"t":"GLID"},"BFC":{"desc":"H4E"},"BFE":{"t":"GLF4"},"C01":{"t":"B06"},"C03":{"desc":"L1P"},"C05":{"t":"P28A"},"C09":{"t":"ULAC"},"C0D":{"t":"EC30"},"C0F":{"desc":"L1P"},"C12":{"t":"P32T"},"C13":{"t":"B350"},"C1A":{"t":"EC30"},"C1B":{"t":"EC30"},"C1D":{"desc":"L1P"},"C22":{"t":"EC30"},"C27":{"desc":"L1P"},"C2C":{"t":"M20P"},"C2D":{"t":"BALL"},"C2E":{"desc":"L1P"},"C33":{"t":"EC30"},"C35":{"desc":"A1P"},"C36":{"t":"EC30"},"C44":{"t":"C441"},"C45":{"desc":"L1P"},"C46":{"t":"SR20"},"C48":{"t":"EC30"},"C49":{"t":"C182"},"C4B":{"t":"GLID"},"C4C":{"t":"SF50"},"C4F":{"desc":"L1P","t":"ULAC"},"C50":{"t":"PA30"},"C55":{"t":"MU2"},"C56":{"t":"PA44"},"C57":{"t":"EC30"},"C5F":{"t":"EC30"},"C62":{"t":"EC30"},"C64":{"desc":"L1T","t":"M600"},"C72":{"t":"EC30"},"C79":{"desc":"L2P"},"C7C":{"t":"EC30"},"C7F":{"desc":"L1P"},"C82":{"desc":"L1P"},"C86":{"t":"BE58"},"C87":{"desc":"L1P"},"C88":{"t":"FA62"},"C8A":{"desc":"L1P"},"C8B":{"desc":"L1P"},"C8F":{"desc":"L2P"},"CA8":{"desc":"L1P"},"CA9":{"t":"C340"},"CAB":{"t":"P210"},"CAF":{"t":"SR22"},"CB0":{"t":"L8"},"CB3":{"t":"BE20"},"CB8":{"t":"P28A"},"CBC":{"t":"C150"},"CC2":{"desc":"L8E"},"CC3":{"t":"EC30"},"CC4":{"desc":"L1P"},"CC7":{"t":"B190"},"CCA":{"t":"T206"},"CCB":{"t":"R44"},"CD1":{"desc":"L1P"},"CD2":{"t":"GLID"},"CD3":{"t":"ULAC"},"CD8":{"t":"E75L"},"CDA":{"t":"P28R"},"CDB":{"desc":"L1P"},"CDC":{"t":"RV12"},"CDD":{"t":"C182"},"CDE":{"t":"T28"},"CE2":{"t":"AA5"},"CE5":{"desc":"L1P","t":"ULAC"},"CE6":{"desc":"L1T","t":"GLF5"},"CE8":{"t":"EC30"},"CEC":{"desc":"H1P"},"CEE":{"desc":"L1P"},"CEF":{"desc":"L1P"},"CF3":{"t":"P46T"},"CF4":{"desc":"L1P"},"D01":{"t":"A306"},"D0C":{"t":"B47G"},"D0D":{"desc":"H8E"},"D18":{"desc":"L1P"},"D1F":{"t":"BL8"},"D25":{"desc":"L1P"},"D2A":{"t":"C56X"},"D2D":{"desc":"L1P"},"D30":{"desc":"L1P"},"D35":{"desc":"H4E"},"D36":{"t":"EC30"},"D3A":{"t":"BE40"},"D4E":{"t":"P32T"},"D57":{"t":"WACF"},"D59":{"t":"H25B"},"D5B":{"desc":"L1P"},"D68":{"desc":"L1P"},"D6C":{"desc":"L1P"},"D6E":{"desc":"L1P"},"D70":{"desc":"A1P"},"D89":{"desc":"L1P","t":"ULAC"},"D8A":{"t":"M20P"},"D8C":{"t":"PA22"},"D8D":{"desc":"L1P"},"D8E":{"t":"CH7A"},"D91":{"t":"R66"},"D93":{"t":"L8"},"D97":{"t":"M7"},"D98":{"t":"C150"},"D9A":{"desc":"L1P"},"D9B":{"t":"C172"},"D9D":{"desc":"L1P","t":"ULAC"},"DA0":{"t":"C172"},"DA1":{"t":"BE35"},"DA2":{"desc":"L1P"},"DA3":{"desc":"H4E"},"DA4":{"desc":"L1P"},"DA6":{"t":"C172"},"DAA":{"t":"C172"},"DAB":{"t":"C172"},"DAC":{"desc":"H6E"},"DAF":{"t":"PA22"},"DB0":{"desc":"H4E"},"DB3":{"t":"GLID"},"DB4":{"t":"AR15"},"DB5":{"t":"AC11"},"DB7":{"desc":"L1P"},"DBF":{"t":"P28A"},"DC6":{"desc":"L1P"},"DC8":{"t":"B78X"},"DC9":{"t":"B78X"},"DCD":{"t":"B78X"},"DCE":{"t":"C177"},"DD1":{"t":"L8"},"DD2":{"t":"COL4"},"DD4":{"t":"CH7A"},"DD6":{"t":"C182"},"DD8":{"t":"AC11"},"DDA":{"t":"C182"},"DDE":{"t":"C150"},"DE0":{"t":"C182"},"DE2":{"t":"C172"},"DE6":{"t":"C172"},"DE7":{"t":"BE55"},"DE8":{"t":"C172"},"DE9":{"desc":"L1P"},"DEC":{"desc":"L1P"},"DEE":{"desc":"L1P"},"DEF":{"t":"WACF"},"DF0":{"t":"WACF"},"DF1":{"desc":"L1P"},"DF2":{"desc":"L1T"},"DF3":{"t":"SR22"},"DF5":{"t":"PA22"},"DF6":{"t":"C170"},"DF7":{"t":"CH7A"},"DFA":{"t":"SR22"},"DFC":{"t":"L8"},"DFE":{"desc":"L1P"},"E01":{"t":"C150"},"E03":{"t":"C182"},"E05":{"t":"C172"},"E07":{"t":"M20P"},"E09":{"t":"C172"},"E0B":{"t":"C172"},"E0C":{"t":"L39"},"E0D":{"desc":"L1P"},"E0E":{"t":"C172"},"E11":{"t":"C172"},"E12":{"t":"WACC"},"E14":{"t":"C172"},"E16":{"t":"PA18"},"E17":{"desc":"H1T"},"E18":{"t":"BALL"},"E19":{"t":"C170"},"E1B":{"t":"C172"},"E1D":{"desc":"S1P","t":"AR15"},"E1F":{"t":"L8"},"E21":{"t":"C150"},"E26":{"desc":"L1P"},"E27":{"t":"GLID"},"E28":{"t":"C172"},"E2A":{"t":"M20P"},"E2B":{"t":"UH1"},"E2C":{"t":"C172"},"E2F":{"desc":"L1P"},"E31":{"desc":"L1P"},"E33":{"t":"BALL"},"E34":{"desc":"L1P"},"E36":{"desc":"L1P"},"E38":{"desc":"H6E"},"E39":{"t":"PA18"},"E3A":{"t":"C172"},"E3E":{"t":"C172"},"E41":{"t":"AC11"},"E46":{"t":"PA23"},"E47":{"t":"C150"},"E4F":{"t":"C172"},"E50":{"t":"BE55"},"E51":{"t":"WACC"},"E54":{"t":"C172"},"E57":{"t":"C172"},"E58":{"desc":"L1P"},"E59":{"t":"C172"},"E5A":{"t":"C172"},"E5E":{"t":"C172"},"E62":{"t":"C310"},"E65":{"desc":"L1P"},"E67":{"t":"C172"},"E68":{"t":"ST75"},"E70":{"t":"M20P"},"E72":{"t":"C172"},"E75":{"t":"C177"},"E76":{"desc":"L1P"},"E79":{"t":"C172"},"E7D":{"t":"C172"},"E7E":{"t":"BE55"},"E7F":{"desc":"H8E"},"E81":{"t":"C172"},"E85":{"t":"C172"},"E86":{"t":"P28A"},"E8B":{"t":"ST75"},"E94":{"t":"FA7X"},"E95":{"t":"C172"},"E96":{"t":"BE35"},"E98":{"t":"WACF"},"E99":{"t":"WACC"},"E9B":{"t":"WACF"},"E9C":{"t":"WACF"},"E9D":{"t":"C172"},"E9E":{"t":"C172"},"E9F":{"t":"C172"},"EA0":{"t":"C172"},"EA3":{"t":"PA23"},"EA4":{"t":"PA22"},"EA8":{"t":"C310"},"EA9":{"desc":"S1P","t":"AR15"},"EAC":{"t":"COL4"},"EB1":{"t":"BALL"},"EB2":{"t":"C182"},"EB4":{"t":"C150"},"EB8":{"t":"C172"},"EB9":{"t":"BE35"},"EBB":{"t":"C172"},"EBC":{"desc":"S1P"},"EBD":{"t":"C172"},"EBE":{"t":"C177"},"EC6":{"t":"C550"},"EC8":{"t":"C170"},"ECB":{"t":"C172"},"ECC":{"t":"AR15"},"ED0":{"t":"C182"},"ED3":{"t":"C150"},"ED5":{"t":"C182"},"ED7":{"t":"C172"},"ED9":{"t":"M20P"},"EDB":{"t":"C172"},"EDC":{"t":"BE95"},"EDF":{"t":"C560"},"EE0":{"t":"C172"},"EE2":{"t":"C172"},"EE3":{"t":"C172"},"EE6":{"t":"C172"},"EE7":{"t":"AA1"},"EE8":{"desc":"L1P","t":"ULAC"},"EE9":{"desc":"L1T","t":"M600"},"EEA":{"t":"PA25"},"EEC":{"desc":"L1P","t":"ULAC"},"EED":{"desc":"H2T"},"EEE":{"t":"PC12"},"EF1":{"t":"LJ35"},"EF2":{"desc":"L1P"},"EF3":{"t":"H500"},"EF4":{"t":"SR22"},"EFA":{"desc":"A1P"},"EFD":{"desc":"L1P","t":"ULAC"},"F00":{"t":"C172"},"F01":{"t":"BE35"},"F02":{"desc":"L2P"},"F03":{"desc":"L1P"},"F04":{"desc":"L2J"},"F0A":{"desc":"L1P"},"F0B":{"desc":"L1P"},"F0C":{"t":"BE9L"},"F13":{"desc":"L1P"},"F14":{"desc":"L1P"},"F15":{"t":"E50P"},"F19":{"desc":"L1P"},"F1A":{"desc":"L1P","t":"ULAC"},"F1B":{"t":"P28A"},"F1C":{"desc":"L1P"},"F1D":{"desc":"L1P"},"F1E":{"t":"SR20"},"F1F":{"desc":"L1P"},"F20":{"t":"C152"},"F21":{"desc":"L4T"},"F22":{"desc":"L1P"},"F26":{"desc":"L1P"},"F28":{"t":"M7"},"F2A":{"desc":"L2P"},"F2C":{"t":"FDCT"},"F2F":{"desc":"L2P"},"F30":{"t":"GLID"},"F33":{"desc":"L1P"},"F34":{"t":"DA40"},"F35":{"desc":"L1P"},"F36":{"desc":"A1P"},"F37":{"t":"BE35"},"F3E":{"t":"C82S"},"F41":{"t":"PA23"},"F43":{"desc":"L1P"},"F44":{"t":"GLF6"},"F45":{"t":"T206"},"F46":{"t":"BCS1"},"F48":{"t":"BL8"},"F49":{"t":"S22T"},"F4C":{"t":"C180"},"F4D":{"t":"SR22"},"F4F":{"desc":"L4T"},"F53":{"t":"SR20"},"F57":{"desc":"L1P"},"F5A":{"t":"F2TH"},"F5D":{"desc":"L1P"},"F60":{"t":"CRJ9"},"F65":{"t":"BE55"},"F66":{"t":"PA27"},"F69":{"desc":"L1P"},"F6A":{"t":"B763"},"F6D":{"desc":"L1P"},"F6E":{"desc":"L1P"},"F70":{"desc":"L2T"},"F75":{"t":"C172"},"F7E":{"desc":"L1P"},"F80":{"desc":"L1P"},"F81":{"t":"EC30"},"F83":{"desc":"L1P","t":"ULAC"},"F8C":{"desc":"L2T"},"F8F":{"t":"BL8"},"F90":{"desc":"L1P"},"F93":{"desc":"A1P"},"F97":{"t":"B14A"},"F9A":{"desc":"L1P"},"F9D":{"t":"S22T"},"F9F":{"desc":"L1P"},"FA2":{"desc":"L1T","t":"M600"},"FA4":{"desc":"H2T"},"FA5":{"t":"PAY2"},"FA6":{"t":"E75L"},"FA8":{"desc":"L1P"},"FA9":{"desc":"L1P"},"FB0":{"desc":"L1P"},"FB1":{"desc":"L1P"},"FB2":{"desc":"L1P"},"FB3":{"desc":"L1P"},"FB4":{"t":"C172"},"FB5":{"t":"GLF4"},"FB6":{"desc":"L1P"},"FB8":{"desc":"L1P"},"FBA":{"desc":"L1P"},"FBB":{"desc":"L2P"},"FBC":{"t":"HUSK"},"FC1":{"desc":"L1P"},"FC2":{"desc":"L2P"},"FC6":{"t":"LJ45"},"FCA":{"desc":"H1T"},"FCF":{"t":"B350"},"FD0":{"t":"B350"},"FD2":{"t":"CL60"},"FD9":{"t":"CL30"},"FDA":{"t":"CL30"},"FE0":{"t":"AA5"},"FE5":{"desc":"L1P"},"FE6":{"desc":"L1P"},"FE8":{"t":"EC45"},"FE9":{"t":"F900"},"FEA":{"desc":"L1P"},"FED":{"t":"P28A"},"FEF":{"t":"EC30"},"FF2":{"t":"P28A"},"FF3":{"desc":"A1P"},"FF4":{"t":"S22T"},"FF6":{"desc":"L1P"},"FFB":{"desc":"L1P"},"FFC":{"t":"M20P"},"FFF":{"t":"BE35"}}