{"000":{"t":"B58T"},"002":{"t":"SR22"},"003":{"desc":"A1P"},"004":{"t":"C25B"},"005":{"desc":"L1P"},"007":{"desc":"L1P"},"009":{"t":"PA31"},"00B":{"desc":"L1P"},"00C":{"t":"C25C"},"00D":{"t":"C172"},"010":{"desc":"L1P"},"014":{"t":"TNAV"},"021":{"t":"A321"},"029":{"t":"H500"},"02D":{"desc":"L1P"},"02E":{"t":"P28A"},"02F":{"t":"C310"},"030":{"t":"PAY2"},"033":{"desc":"L1P"},"034":{"t":"C650"},"035":{"t":"M7"},"036":{"t":"PA31"},"037":{"desc":"L1P"},"038":{"t":"C525"},"03D":{"desc":"L2P"},"03E":{"desc":"L1P"},"042":{"t":"ULAC"},"05F":{"desc":"L1P"},"060":{"t":"CH7A"},"061":{"desc":"L1P"},"062":{"t":"BL8"},"065":{"t":"C208"},"066":{"desc":"L1P"},"067":{"t":"CH7A"},"068":{"t":"P28A"},"06A":{"t":"PA46"},"06B":{"t":"PA27"},"06F":{"t":"C560"},"070":{"desc":"L1P"},"073":{"desc":"L1P"},"074":{"desc":"H1P"},"076":{"desc":"H1P"},"078":{"desc":"L1P"},"07A":{"desc":"L1P"},"07C":{"t":"B06"},"07D":{"t":"BL8"},"07E":{"t":"B190"},"07F":{"t":"CH7B"},"080":{"t":"EC35"},"081":{"t":"BE20"},"082":{"desc":"L1P"},"084":{"desc":"L1P"},"086":{"t":"BE9T"},"088":{"t":"SR22"},"089":{"t":"GLID"},"08D":{"t":"GLF4"},"08E":{"t":"GLID"},"08F":{"t":"E75L"},"091":{"t":"PA46"},"092":{"desc":"L1P"},"095":{"t":"EC30"},"098":{"t":"GLID"},"09A":{"t":"SR22"},"09C":{"t":"EC30"},"09D":{"t":"E300"},"0A4":{"t":"P208"},"0A5":{"t":"PA27"},"0A6":{"t":"BE55"},"0A7":{"t":"SR22"},"0A9":{"desc":"H2T"},"0AA":{"t":"AA5"},"0AB":{"desc":"L1P"},"0B8":{"t":"A306"},"0D3":{"desc":"L1P","t":"ULAC"},"0D6":{"t":"C72R"},"0DC":{"t":"GC1"},"0DE":{"t":"HUSK"},"0DF":{"t":"HUSK"},"0E0":{"desc":"L1P"},"0E4":{"t":"BALL"},"0E7":{"t":"S61"},"0E8":{"t":"B06"},"0ED":{"t":"EC30"},"0EE":{"desc":"L1P"},"0F1":{"desc":"L1P"},"10E":{"t":"C180"},"128":{"desc":"L1T"},"140":{"desc":"H6E"},"141":{"t":"BE33"},"143":{"desc":"L1P"},"145":{"t":"CH7A"},"146":{"t":"C172"},"149":{"t":"AC11"},"14A":{"t":"P28A"},"14C":{"t":"COL4"},"150":{"t":"BALL"},"152":{"t":"BE9L"},"154":{"t":"C172"},"156":{"t":"B47G"},"157":{"t":"B350"},"159":{"t":"C172"},"15A":{"t":"C172"},"15D":{"t":"C172"},"15F":{"t":"COL4"},"161":{"t":"C177"},"162":{"t":"C172"},"163":{"t":"EC35"},"167":{"t":"C170"},"16A":{"t":"C310"},"16C":{"t":"AC11"},"16E":{"t":"C337"},"16F":{"t":"DG15"},"170":{"t":"BALL"},"174":{"t":"C182"},"179":{"t":"B47G"},"17B":{"t":"BE55"},"17C":{"t":"B752"},"17F":{"t":"B752"},"180":{"desc":"L1P"},"181":{"t":"C172"},"183":{"t":"C172"},"184":{"t":"E45X"},"185":{"t":"C172"},"187":{"t":"PA18"},"189":{"t":"PA22"},"18B":{"t":"C172"},"18C":{"t":"C172"},"18D":{"desc":"L1P"},"18E":{"t":"AR15"},"191":{"t":"C337"},"192":{"t":"C210"},"193":{"t":"ST75"},"197":{"t":"C182"},"199":{"t":"C172"},"19B":{"t":"M20P"},"19D":{"t":"C172"},"1A1":{"desc":"A2P"},"1A2":{"t":"E45X"},"1A3":{"t":"E45X"},"1A6":{"t":"C172"},"1A7":{"t":"C177"},"1A8":{"t":"C172"},"1A9":{"t":"PA18"},"1AB":{"t":"B14A"},"1AD":{"t":"C170"},"1AE":{"t":"CH7A"},"1AF":{"desc":"L1P"},"1B0":{"desc":"L1P","t":"ULAC"},"1B3":{"t":"L8"},"1B6":{"t":"ST75"},"1B7":{"t":"PA18"},"1B9":{"t":"C310"},"1BB":{"desc":"L1P"},"1BD":{"desc":"L1P","t":"ULAC"},"1BE":{"t":"BE36"},"1BF":{"t":"B14C"},"1C0":{"t":"C172"},"1C2":{"desc":"H4E"},"1C3":{"t":"BE95"},"1C4":{"t":"E45X"},"1C5":{"t":"E45X"},"1C6":{"desc":"H4E"},"1C7":{"desc":"H4E"},"1C8":{"desc":"H4E"},"1CA":{"t":"B752"},"1CB":{"desc":"L1P"},"1CC":{"desc":"L1P"},"1CD":{"t":"PA18"},"1CE":{"t":"L8"},"1CF":{"t":"SR22"},"1D0":{"t":"C170"},"1D2":{"t":"C172"},"1D3":{"t":"C310"},"1D6":{"desc":"L1P"},"1D9":{"t":"ST75"},"1DD":{"t":"C337"},"1DF":{"t":"C210"},"1E1":{"t":"M20P"},"1E2":{"t":"C208"},"1E3":{"desc":"L1P"},"1E4":{"t":"BE35"},"1E5":{"t":"C172"},"1E8":{"t":"C172"},"1E9":{"t":"C172"},"1EB":{"desc":"L1P"},"1EC":{"t":"C172"},"1EE":{"t":"C170"},"1F1":{"t":"C82S"},"1F3":{"t":"E50P"},"1F4":{"t":"C172"},"1F5":{"t":"C172"},"1F7":{"desc":"H8E"},"1F9":{"t":"L8"},"1FA":{"t":"ULAC"},"1FB":{"t":"C182"},"1FC":{"t":"ST75"},"1FE":{"t":"C150"},"201":{"desc":"L1P"},"202":{"t":"C172"},"204":{"t":"M20P"},"205":{"t":"B47G"},"207":{"t":"BE55"},"209":{"t":"C172"},"20A":{"t":"C172"},"20B":{"desc":"L1P"},"20C":{"t":"C172"},"20E":{"t":"C172"},"20F":{"t":"C172"},"210":{"desc":"L1P"},"211":{"t":"C180"},"212":{"desc":"L1P"},"213":{"t":"PA34"},"216":{"t":"C56X"},"219":{"t":"B350"},"21A":{"desc":"H6E"},"21B":{"t":"AC11"},"21C":{"desc":"L1P"},"21F":{"desc":"L1P"},"220":{"t":"PA23"},"222":{"t":"BE36"},"223":{"desc":"L1P"},"226":{"t":"CH7A"},"227":{"t":"M20P"},"22A":{"t":"BE35"},"22B":{"t":"C172"},"22C":{"t":"E45X"},"22F":{"t":"C172"},"232":{"desc":"L1P"},"233":{"desc":"L1P"},"234":{"t":"C172"},"235":{"desc":"L1P"},"236":{"t":"PA18"},"239":{"t":"C170"},"23A":{"t":"C172"},"23D":{"t":"P28A"},"240":{"desc":"A1P"},"241":{"t":"C182"},"243":{"t":"PA23"},"245":{"t":"AA5"},"246":{"t":"C182"},"247":{"t":"P28A"},"248":{"t":"C172"},"24A":{"t":"M20P"},"24F":{"t":"C172"},"256":{"t":"C172"},"257":{"desc":"L1P"},"25C":{"t":"C170"},"25F":{"desc":"L1P","t":"ULAC"},"260":{"t":"P28S"},"262":{"t":"L8"},"265":{"desc":"H8E"},"266":{"t":"C185"},"267":{"t":"C172"},"268":{"t":"AA5"},"26A":{"t":"P28A"},"271":{"t":"C177"},"273":{"t":"C172"},"275":{"t":"C172"},"276":{"t":"C172"},"278":{"t":"C172"},"279":{"t":"C172"},"280":{"t":"C182"},"285":{"t":"L8"},"286":{"t":"C337"},"289":{"t":"PA23"},"28A":{"t":"C150"},"28B":{"t":"AA5"},"28C":{"desc":"L1P"},"292":{"t":"C172"},"293":{"t":"BE35"},"294":{"t":"C172"},"29A":{"t":"C172"},"2A1":{"t":"EN28"},"2A2":{"t":"BL8"},"2A4":{"t":"B06"},"2AB":{"t":"P28A"},"2AC":{"t":"A321"},"2B1":{"t":"ULAC"},"2B4":{"desc":"L1P","t":"ULAC"},"2B5":{"t":"BALL"},"2B8":{"t":"BE55"},"2B9":{"desc":"L2P"},"2BA":{"desc":"H8E"},"2BB":{"t":"P28A"},"2BD":{"desc":"L1P"},"2BF":{"t":"M20P"},"2C0":{"t":"AS50"},"2C2":{"desc":"L1P"},"2C3":{"t":"GA5C"},"2C5":{"desc":"L1P"},"2C8":{"t":"B47G"},"2CB":{"desc":"L1P"},"2D1":{"t":"PA30"},"2D2":{"t":"P28A"},"2D6":{"t":"C650"},"2D8":{"desc":"L4T"},"2D9":{"t":"P32T"},"2DC":{"desc":"L1P"},"2DD":{"t":"HUSK"},"2DF":{"t":"SR20"},"2E2":{"t":"C240"},"2E3":{"t":"PA34"},"2EA":{"desc":"L1P","t":"ULAC"},"2EB":{"t":"F2TH"},"2ED":{"desc":"L1P"},"2F2":{"desc":"H1P"},"2F6":{"t":"C180"},"2F8":{"t":"BL8"},"2FA":{"t":"P32R"},"2FB":{"t":"DA40"},"2FC":{"desc":"L1P"},"2FD":{"t":"BCS1"},"2FF":{"t":"PA44"},"304":{"desc":"L1P"},"313":{"t":"EN28"},"317":{"t":"CRJ9"},"31C":{"desc":"L1P"},"31E":{"t":"BE36"},"321":{"t":"B763"},"327":{"desc":"L1P"},"335":{"t":"S22T"},"336":{"desc":"L1P"},"338":{"t":"EC30"},"341":{"t":"P32R"},"346":{"t":"C550"},"347":{"t":"P32R"},"34B":{"desc":"L1P","t":"ULAC"},"34F":{"t":"UH12"},"350":{"desc":"L1P"},"352":{"t":"B06"},"35A":{"t":"C82R"},"35B":{"t":"EC35"},"35D":{"t":"E75L"},"35F":{"t":"BE9L"},"365":{"t":"HUSK"},"36C":{"t":"GLF4"},"36D":{"desc":"L1P"},"375":{"desc":"L1P"},"379":{"desc":"L1P"},"37C":{"t":"AT6T"},"383":{"t":"B190"},"386":{"desc":"L1P"},"38C":{"t":"PA32"},"38F":{"desc":"A1T","t":"KODI"},"391":{"desc":"L1P"},"399":{"t":"PA18"},"39A":{"t":"DA40"},"39C":{"desc":"L1P","t":"ULAC"},"39E":{"t":"PA32"},"3A2":{"t":"LJ35"},"3A4":{"desc":"A1P"},"3A5":{"desc":"L1P"},"3A6":{"t":"EC30"},"3AA":{"desc":"L1P","t":"ULAC"},"3AB":{"t":"PA46"},"3B3":{"t":"M20P"},"3B4":{"desc":"L1P"},"3B7":{"t":"C182"},"3BA":{"t":"R22"},"3BC":{"desc":"L1P"},"3C2":{"t":"PA18"},"3C4":{"t":"PA44"},"3CB":{"t":"BE20"},"3D1":{"t":"LJ45"},"3E4":{"t":"BE23"},"3E5":{"t":"BL8"},"3E7":{"t":"M20P"},"3EA":{"t":"C172"},"3ED":{"t":"BL8"},"3EF":{"desc":"L1P"},"3F0":{"desc":"L1P","t":"ULAC"},"3F5":{"t":"C206"},"3FD":{"t":"S108"},"416":{"t":"ULAC"},"418":{"desc":"L1P"},"41C":{"t":"SR22"},"420":{"desc":"L1P"},"421":{"desc":"L1P"},"422":{"t":"C172"},"427":{"desc":"H1P"},"428":{"t":"ULAC"},"42A":{"desc":"L1P"},"42C":{"t":"C402"},"42F":{"t":"GLID"},"432":{"t":"ULAC"},"433":{"t":"GLF5"},"43B":{"t":"C177"},"43F":{"desc":"L1P"},"440":{"t":"GLID"},"441":{"t":"PA32"},"445":{"t":"GLID"},"446":{"t":"E75L"},"448":{"t":"ULAC"},"44A":{"desc":"L1P"},"44B":{"t":"R44"},"450":{"t":"H500"},"451":{"desc":"L1T"},"456":{"t":"PC12"},"459":{"t":"DA42"},"45A":{"t":"SR20"},"45C":{"desc":"H1T"},"45D":{"t":"BE55"},"464":{"t":"GLID"},"472":{"desc":"H2E"},"48A":{"desc":"L1P","t":"ULAC"},"48C":{"desc":"L1P"},"48D":{"t":"C172"},"49F":{"desc":"L1P"},"4A4":{"t":"EC30"},"4A8":{"t":"S22T"},"4AC":{"desc":"L1P"},"4C5":{"t":"BE35"},"4DB":{"desc":"L1P"},"4F7":{"t":"GLID"},"4F8":{"t":"PA18"},"4FA":{"t":"PA22"},"4FB":{"t":"C170"},"4FC":{"t":"CH7A"},"4FF":{"t":"AR15"},"500":{"t":"AC11"},"501":{"t":"B350"},"508":{"t":"C182"},"50C":{"t":"M20P"},"50D":{"desc":"L1P"},"50E":{"t":"C172"},"510":{"t":"C172"},"512":{"t":"E45X"},"513":{"t":"C172"},"515":{"t":"C172"},"516":{"t":"C172"},"518":{"t":"C172"},"51A":{"desc":"L1P"},"51B":{"t":"B763"},"51C":{"t":"L8"},"51D":{"t":"COL3"},"51F":{"t":"CH7A"},"521":{"t":"C310"},"522":{"t":"P32R"},"525":{"t":"BALL"},"526":{"desc":"H4E"},"52A":{"t":"AA5"},"52B":{"t":"C182"},"52C":{"desc":"L1P","t":"ULAC"},"531":{"t":"C172"},"534":{"t":"C172"},"53C":{"t":"C172"},"53D":{"t":"AC11"},"53E":{"t":"PA18"},"53F":{"t":"B350"},"541":{"desc":"L1P"},"542":{"t":"C172"},"543":{"t":"C185"},"544":{"t":"C310"},"545":{"t":"AR15"},"546":{"t":"AC11"},"547":{"t":"C172"},"548":{"t":"SR22"},"54C":{"t":"C150"},"54D":{"t":"C185"},"54F":{"desc":"A1T","t":"KODI"},"552":{"desc":"A1P"},"553":{"t":"BL8"},"554":{"t":"C82S"},"557":{"t":"C172"},"55C":{"t":"C172"},"55D":{"t":"B738"},"55E":{"t":"C172"},"560":{"desc":"L1P"},"561":{"t":"B350"},"562":{"t":"L8"},"564":{"t":"T206"},"565":{"t":"C182"},"568":{"t":"AR15"},"56A":{"t":"C172"},"56C":{"t":"C182"},"56D":{"t":"C82S"},"570":{"t":"C208"},"576":{"t":"C172"},"577":{"t":"C208"},"57A":{"t":"C172"},"57B":{"t":"C172"},"57C":{"t":"GLID"},"57E":{"t":"B14A"},"57F":{"t":"C172"},"581":{"t":"C172"},"582":{"t":"C172"},"584":{"t":"PA18"},"586":{"t":"PA22"},"587":{"desc":"H8E"},"588":{"t":"C172"},"589":{"t":"C172"},"58A":{"t":"C208"},"58B":{"t":"AR15"},"58C":{"desc":"L1P"},"592":{"t":"COL4"},"596":{"t":"C172"},"597":{"t":"C172"},"598":{"t":"M20P"},"59A":{"t":"C172"},"59B":{"t":"BE35"},"59C":{"t":"C172"},"59F":{"t":"C172"},"5A0":{"t":"ST75"},"5A4":{"t":"B738"},"5A5":{"t":"C172"},"5A6":{"desc":"L1P"},"5A7":{"t":"PA18"},"5A8":{"t":"L8"},"5AA":{"t":"C82S"},"5AC":{"t":"C172"},"5AF":{"t":"AC11"},"5B0":{"t":"L8"},"5B3":{"desc":"L1P"},"5B6":{"t":"AA1"},"5B7":{"t":"C182"},"5BA":{"t":"C172"},"5BD":{"t":"C82S"},"5C3":{"t":"C172"},"5C4":{"t":"C172"},"5C6":{"t":"C172"},"5C7":{"t":"C172"},"5C8":{"t":"C82S"},"5CA":{"t":"C68A"},"5CB":{"t":"B350"},"5CC":{"t":"S22T"},"5CD":{"t":"BALL"},"5CE":{"t":"CH7A"},"5CF":{"t":"C172"},"5D3":{"t":"PTS2"},"5D6":{"t":"J3"},"5D8":{"t":"C150"},"5DB":{"t":"P28A"},"5DD":{"t":"C172"},"5E0":{"t":"C172"},"5E1":{"t":"BE35"},"5E3":{"t":"C172"},"5E4":{"t":"C172"},"5E5":{"t":"C172"},"5E8":{"t":"C172"},"5EB":{"t":"C172"},"5EC":{"t":"L8"},"5ED":{"t":"B763"},"5F1":{"t":"T206"},"5F2":{"t":"C172"},"5F3":{"t":"COL4"},"5F5":{"t":"C525"},"5F6":{"t":"T206"},"5F8":{"t":"ST75"},"5F9":{"t":"C172"},"5FC":{"t":"AA5"},"5FD":{"t":"C182"},"5FE":{"t":"PA32"},"601":{"t":"M20P"},"603":{"t":"C172"},"606":{"desc":"L1P"},"608":{"t":"C172"},"60A":{"t":"C172"},"60B":{"t":"C172"},"60C":{"t":"C172"},"60D":{"t":"C172"},"611":{"t":"T28"},"613":{"desc":"L1P"},"614":{"t":"C172"},"615":{"t":"C172"},"618":{"t":"AC11"},"61A":{"desc":"L1P"},"61C":{"t":"C82S"},"61F":{"t":"AA5"},"620":{"t":"C182"},"622":{"t":"C172"},"623":{"desc":"L1P"},"627":{"t":"BE35"},"628":{"t":"C185"},"62A":{"t":"C177"},"62B":{"t":"C172"},"62C":{"desc":"L1P"},"62D":{"t":"C177"},"62E":{"t":"C172"},"62F":{"t":"C172"},"633":{"t":"PA18"},"635":{"t":"PA22"},"636":{"t":"C82S"},"639":{"t":"C525"},"63A":{"t":"AR15"},"63C":{"t":"L8"},"63E":{"t":"ST75"},"640":{"t":"PA23"},"641":{"t":"C172"},"645":{"t":"C210"},"646":{"t":"C172"},"647":{"t":"M20P"},"64A":{"t":"BE33"},"64C":{"t":"T206"},"64E":{"t":"C172"},"64F":{"t":"C172"},"650":{"t":"C172"},"651":{"t":"C172"},"652":{"t":"C180"},"653":{"t":"B47G"},"655":{"t":"UH1"},"657":{"t":"R44"},"65A":{"desc":"H8E"},"65B":{"t":"B06"},"65D":{"t":"BE33"},"65F":{"t":"C172"},"661":{"desc":"H1P"},"662":{"desc":"L1P"},"663":{"t":"A321"},"664":{"desc":"L1P"},"666":{"desc":"L1P"},"668":{"desc":"L1J"},"66B":{"desc":"L1P"},"66F":{"desc":"L1P","t":"ULAC"},"670":{"t":"B190"},"677":{"t":"H500"},"678":{"desc":"L1P"},"67D":{"desc":"L1P"},"680":{"t":"BE33"},"681":{"t":"VALI"},"682":{"desc":"L1P"},"688":{"desc":"L1J"},"689":{"t":"P212"},"68A":{"t":"P28R"},"68C":{"t":"SR20"},"68E":{"desc":"H8E"},"68F":{"t":"BE33"},"692":{"desc":"L1J"},"693":{"t":"M20P"},"695":{"desc":"L1J"},"696":{"t":"C172"},"698":{"desc":"L1J"},"699":{"desc":"H8E"},"69D":{"t":"C310"},"6A1":{"desc":"L2P"},"6A2":{"t":"DV20"},"6A3":{"t":"M20P"},"6A4":{"desc":"L1P"},"6A6":{"t":"AT5T"},"6A7":{"t":"E300"},"6AD":{"desc":"A1T","t":"KODI"},"6AF":{"desc":"L1P"},"6B1":{"t":"PA32"},"6B2":{"t":"C182"},"6B4":{"t":"BCS1"},"6B5":{"desc":"L1J"},"6B6":{"desc":"L1P"},"6B7":{"desc":"L1P"},"6BA":{"desc":"L1P"},"6BD":{"t":"BE33"},"6C2":{"desc":"H1T"},"6C3":{"t":"LJ35"},"6C6":{"t":"BE36"},"6CC":{"desc":"L1P"},"6CE":{"t":"CRJ9"},"6D3":{"t":"PA22"},"6D6":{"t":"BE33"},"6D8":{"t":"B763"},"6D9":{"desc":"L4T"},"6E4":{"desc":"H8E"},"6E5":{"t":"PA18"},"6E9":{"desc":"H1T"},"6EC":{"t":"S22T"},"6ED":{"t":"BE20"},"6F7":{"t":"C525"},"6F8":{"t":"BE33"},"6FE":{"desc":"L1P"},"702":{"desc":"L1P","t":"ULAC"},"706":{"t":"UH12"},"70A":{"desc":"H8E"},"70B":{"t":"AT5T"},"70C":{"desc":"L1P"},"70D":{"desc":"L1J"},"712":{"t":"EC30"},"714":{"t":"E75L"},"716":{"desc":"L1P"},"722":{"desc":"L1P"},"724":{"t":"BL8"},"726":{"desc":"L1P"},"729":{"desc":"L1P"},"72A":{"t":"S108"},"72E":{"t":"BE9L"},"733":{"desc":"L1P"},"739":{"t":"PA46"},"73A":{"desc":"L1P"},"73D":{"desc":"L1P"},"740":{"desc":"L1P"},"741":{"desc":"L1J"},"746":{"desc":"A1T","t":"KODI"},"748":{"t":"H25B"},"750":{"t":"BE35"},"752":{"t":"GLID"},"753":{"desc":"L1P","t":"ULAC"},"75B":{"desc":"L1P","t":"ULAC"},"75C":{"desc":"L1P"},"75D":{"t":"EC30"},"75E":{"desc":"L1P"},"761":{"desc":"L1P","t":"ULAC"},"769":{"t":"BE35"},"76A":{"t":"CH7B"},"76B":{"t":"R44"},"76C":{"t":"SR20"},"76D":{"t":"BE33"},"771":{"desc":"L1J"},"774":{"desc":"L1P","t":"ULAC"},"777":{"t":"M20P"},"779":{"t":"BE55"},"77A":{"t":"GLID"},"77B":{"desc":"L1P"},"77E":{"t":"BE33"},"782":{"t":"BL8"},"785":{"desc":"L1P"},"786":{"t":"C337"},"78E":{"t":"F900"},"79B":{"desc":"L1P","t":"ULAC"},"79C":{"t":"P180"},"79E":{"t":"C340"},"79F":{"desc":"H6E"},"7A0":{"t":"PC12"},"7A3":{"t":"EC30"},"7A4":{"t":"BL8"},"7A5":{"t":"P46T"},"7AB":{"t":"M20T"},"7AC":{"t":"PTS2"},"7AD":{"t":"PA32"},"7B0":{"t":"ULAC"},"7B4":{"t":"BE35"},"7CD":{"t":"ST75"},"7D0":{"t":"GLF4"},"7D1":{"desc":"A1P"},"7D4":{"t":"WACF"},"7D6":{"t":"M20P"},"7D8":{"t":"F2TH"},"7D9":{"desc":"L1P"},"7DB":{"desc":"L1P"},"7DE":{"t":"J3"},"7E8":{"t":"BE33"},"7E9":{"t":"C501"},"7EC":{"t":"P28A"},"7F1":{"desc":"L2J","t":"B38M"},"7F2":{"t":"M20T"},"7F6":{"t":"P46T"},"7F7":{"t":"GLID"},"7FA":{"desc":"L1P"},"7FD":{"t":"E75L"},"7FF":{"t":"PA18"},"801":{"desc":"L1P"},"803":{"t":"BE33"},"805":{"t":"C510"},"807":{"t":"H60"},"80B":{"desc":"L1P"},"810":{"t":"C182"},"812":{"t":"P208"},"815":{"desc":"L1P"},"818":{"t":"AA5"},"826":{"t":"A306"},"829":{"desc":"A1P"},"831":{"desc":"L1P"},"83D":{"t":"BE33"},"841":{"desc":"L1P","t":"ULAC"},"842":{"t":"LJ45"},"844":{"t":"C172"},"846":{"t":"C182"},"84A":{"t":"ULAC"},"84D":{"t":"PA46"},"852":{"desc":"H1T","t":"UH12"},"858":{"desc":"L1P"},"85C":{"t":"BALL"},"85E":{"desc":"A1P"},"862":{"desc":"L1P"},"8AB":{"desc":"S1P","t":"ULAC"},"8AF":{"t":"PA18"},"8B0":{"t":"L8"},"8B3":{"t":"CH7A"},"8B5":{"t":"T206"},"8B6":{"t":"AR15"},"8B8":{"desc":"L1P"},"8BB":{"t":"C172"},"8BD":{"desc":"H8E"},"8C0":{"t":"P28A"},"8C2":{"t":"C172"},"8C3":{"t":"M20P"},"8C5":{"t":"C172"},"8C8":{"t":"C172"},"8CA":{"t":"C172"},"8CC":{"t":"C177"},"8CE":{"t":"C177"},"8D2":{"t":"PA18"},"8D4":{"desc":"L2T"},"8D5":{"t":"C170"},"8D6":{"t":"CH7A"},"8D7":{"t":"C172"},"8D9":{"t":"AR15"},"8DA":{"t":"AC11"},"8DC":{"t":"P28B"},"8DD":{"t":"T210"},"8DF":{"desc":"H4E"},"8E1":{"t":"AA5"},"8E2":{"t":"C182"},"8E3":{"t":"P28A"},"8E8":{"t":"C172"},"8E9":{"t":"BE33"},"8EB":{"desc":"A1P"},"8EC":{"t":"C172"},"8EE":{"t":"C177"},"8F3":{"t":"C172"},"8F4":{"desc":"H1P"},"8FA":{"desc":"L1P"},"8FC":{"t":"AR15"},"903":{"t":"C150"},"905":{"t":"C182"},"906":{"t":"P28A"},"909":{"t":"M20P"},"90C":{"t":"BE55"},"90D":{"t":"C172"},"90F":{"desc":"L1P"},"910":{"t":"C172"},"912":{"desc":"L1P"},"914":{"t":"C172"},"917":{"t":"BE55"},"91B":{"t":"WACF"},"91C":{"t":"C172"},"91D":{"t":"SR22"},"91F":{"t":"P32R"},"921":{"t":"L8"},"923":{"t":"C172"},"925":{"t":"C82T"},"926":{"desc":"H8E"},"927":{"t":"AA5"},"928":{"t":"BL17"},"929":{"t":"C210"},"92A":{"t":"C172"},"92C":{"t":"M20P"},"92D":{"t":"B47G"},"930":{"t":"C172"},"931":{"t":"COL3"},"934":{"t":"C172"},"937":{"t":"C172"},"93B":{"t":"PA18"},"93F":{"t":"CH7A"},"940":{"t":"C172"},"942":{"t":"PA34"},"948":{"t":"PA23"},"94B":{"t":"C182"},"94C":{"t":"P28R"},"94F":{"t":"M20P"},"950":{"t":"COL3"},"955":{"t":"C177"},"959":{"t":"C172"},"95A":{"desc":"L2P"},"95F":{"desc":"L1P"},"960":{"t":"PA22"},"965":{"t":"P28A"},"967":{"desc":"A1P"},"969":{"t":"DG15"},"96B":{"t":"PA23"},"96C":{"t":"C150"},"96D":{"t":"AA5"},"972":{"t":"M20P"},"973":{"t":"B47G"},"974":{"desc":"H8E"},"979":{"t":"C172"},"97C":{"t":"C172"},"97E":{"t":"C172"},"981":{"t":"PA18"},"982":{"t":"L8"},"983":{"t":"SR22"},"984":{"desc":"L1P"},"986":{"t":"C172"},"989":{"t":"AR11"},"98C":{"t":"DG15"},"98F":{"desc":"H8E"},"990":{"t":"AA5"},"991":{"t":"C182"},"993":{"t":"C172"},"995":{"t":"M20P"},"99B":{"t":"C177"},"99D":{"t":"C172"},"99E":{"t":"C172"},"99F":{"t":"C172"},"9A0":{"t":"C172"},"9A3":{"desc":"L1P"},"9A4":{"desc":"L1P"},"9A5":{"t":"L8"},"9A7":{"t":"C170"},"9A8":{"t":"CH7A"},"9AB":{"t":"AR15"},"9AE":{"t":"C337"},"9B0":{"desc":"L1P"},"9B2":{"t":"C150"},"9B3":{"t":"AA5"},"9B4":{"t":"CL30"},"9B5":{"t":"P28A"},"9B6":{"t":"CL30"},"9B7":{"desc":"L1P"},"9B8":{"t":"M20P"},"9B9":{"desc":"H4E"},"9BA":{"t":"C172"},"9BC":{"t":"C172"},"9BE":{"t":"T6"},"9BF":{"t":"C172"},"9C1":{"desc":"L1P"},"9C2":{"t":"C172"},"9C3":{"t":"C172"},"9C4":{"t":"C172"},"9C5":{"t":"C177"},"9C8":{"t":"C206"},"9CB":{"t":"CH7A"},"9CC":{"t":"C172"},"9CD":{"t":"C310"},"9CF":{"t":"AC11"},"9D9":{"t":"C411"},"9DA":{"t":"C172"},"9DD":{"t":"C172"},"9E2":{"t":"C172"},"9E3":{"t":"C172"},"9E5":{"t":"C172"},"9E9":{"desc":"L1P"},"9EC":{"desc":"S1P","t":"PA22"},"9EE":{"t":"CH7A"},"9EF":{"t":"C172"},"9F0":{"t":"C310"},"9F5":{"t":"ST75"},"9F9":{"t":"AA5"},"9FD":{"t":"C172"},"9FE":{"t":"M20P"},"A00":{"t":"C172"},"A01":{"t":"BE55"},"A03":{"t":"C172"},"A06":{"t":"C172"},"A09":{"desc":"L1P"},"A0B":{"t":"C172"},"A0C":{"t":"T34P"},"A0D":{"t":"T34P"},"A0E":{"t":"R44"},"A0F":{"desc":"L1P"},"A10":{"t":"PA34"},"A12":{"t":"B06"},"A13":{"t":"T34P"},"A15":{"desc":"L1P"},"A16":{"t":"SR22"},"A17":{"desc":"L1P"},"A18":{"desc":"L1P"},"A19":{"t":"EC35"},"A1A":{"t":"A321"},"A1B":{"t":"ULAC"},"A1D":{"desc":"L1P"},"A1E":{"t":"DV20"},"A22":{"desc":"S2T"},"A26":{"t":"C172"},"A27":{"desc":"L1P"},"A28":{"t":"BE36"},"A29":{"t":"GLID"},"A2A":{"desc":"L1P"},"A2C":{"desc":"L1P","t":"ULAC"},"A31":{"t":"T34P"},"A37":{"desc":"L1P"},"A3B":{"t":"HUSK"},"A3F":{"desc":"L1P"},"A41":{"desc":"L2P"},"A42":{"desc":"L1P"},"A43":{"t":"T34P"},"A47":{"t":"P32T"},"A48":{"t":"FA50"},"A49":{"t":"SR22"},"A4B":{"t":"R44"},"A4C":{"desc":"L1P"},"A4D":{"t":"M7"},"A51":{"t":"FDCT"},"A55":{"desc":"L1P"},"A58":{"t":"T34P"},"A5A":{"desc":"L1P"},"A5B":{"desc":"L1P"},"A5C":{"t":"HUSK"},"A5F":{"desc":"L1P","t":"ULAC"},"A60":{"t":"T34P"},"A61":{"t":"C182"},"A64":{"desc":"L1P"},"A68":{"t":"T34P"},"A69":{"t":"PA34"},"A6B":{"t":"BCS1"},"A6D":{"t":"PA44"},"A71":{"desc":"L1P","t":"ULAC"},"A73":{"t":"P46T"},"A74":{"t":"P180"},"A7D":{"desc":"L1J"},"A81":{"t":"TAMP"},"A85":{"t":"CRJ9"},"A8A":{"t":"BE55"},"A8D":{"t":"P28A"},"A8F":{"t":"B763"},"A96":{"t":"C56X"},"A98":{"desc":"L1P"},"A9B":{"t":"PA27"},"AA3":{"desc":"L1P","t":"ULAC"},"AAA":{"t":"C340"},"AAE":{"t":"T34P"},"AB4":{"desc":"L1P"},"AB8":{"t":"C82S"},"ACB":{"t":"E75L"},"ACC":{"t":"T34P"},"ACD":{"desc":"L1P"},"AD6":{"t":"CH7A"},"AD7":{"desc":"L1P"},"AD8":{"t":"T34P"},"ADB":{"t":"M20T"},"AE3":{"desc":"L1P"},"AE6":{"t":"P28R"},"AE7":{"t":"P180"},"AE9":{"desc":"L1P"},"AEF":{"t":"C82S"},"AF1":{"t":"T34P"},"B09":{"t":"BALL"},"B0A":{"t":"T34P"},"B10":{"desc":"L1P"},"B13":{"desc":"L1P"},"B14":{"t":"EC30"},"B18":{"desc":"L1P","t":"ULAC"},"B20":{"t":"P46T"},"B21":{"t":"BL8"},"B22":{"t":"T34P"},"B23":{"t":"M20P"},"B24":{"t":"B58T"},"B25":{"desc":"L1P"},"B27":{"t":"PA34"},"B28":{"t":"M7"},"B2B":{"t":"PA44"},"B2C":{"desc":"L1P"},"B2E":{"t":"M20P"},"B31":{"t":"B06"},"B45":{"desc":"L1P"},"B55":{"t":"ULAC"},"B58":{"t":"PC12"},"B59":{"t":"SR20"},"B5B":{"t":"C172"},"B5E":{"desc":"L2T"},"B63":{"t":"DA40"},"B6B":{"t":"WACF"},"B84":{"t":"PA18"},"B86":{"t":"BALL"},"B87":{"t":"BL8"},"B88":{"t":"T34P"},"B8A":{"t":"C206"},"B8C":{"t":"T34P"},"B94":{"desc":"L1P"},"B95":{"desc":"L1P"},"B96":{"desc":"L1P"},"B98":{"desc":"L2T"},"B99":{"desc":"L1P"},"B9D":{"desc":"L1P"},"B9F":{"desc":"L1P"},"BA0":{"t":"C510"},"BA1":{"t":"B06"},"BA3":{"t":"P28A"},"BA9":{"t":"T34P"},"BAB":{"t":"B06"},"BAD":{"t":"SR22"},"BAF":{"t":"PA46"},"BB2":{"t":"PRM1"},"BB4":{"t":"E75L"},"BB6":{"t":"GLID"},"BB8":{"t":"BE50"},"BB9":{"t":"SR22"},"BBA":{"desc":"L1P"},"BBC":{"t":"BE33"},"BBD":{"desc":"A1P","t":"ULAC"},"BC2":{"t":"GLID"},"BC7":{"t":"AEST"},"BC8":{"t":"T34P"},"BCA":{"t":"AS50"},"BCC":{"desc":"L1P"},"BDD":{"t":"A306"},"BE0":{"desc":"L1P"},"BF6":{"t":"P28A"},"BF8":{"desc":"L1P","t":"ULAC"},"BFB":{"t":"C172"},"C03":{"t":"NAVI"},"C05":{"desc":"L1P"},"C0D":{"t":"CL60"},"C12":{"t":"P28A"},"C19":{"desc":"L1P"},"C2B":{"t":"GLID"},"C33":{"desc":"L1P"},"C64":{"desc":"L1P","t":"ULAC"},"C65":{"desc":"L1P"},"C66":{"t":"PA18"},"C6A":{"t":"C172"},"C6D":{"t":"AR15"},"C6E":{"t":"AC11"},"C71":{"t":"COL4"},"C77":{"t":"P28A"},"C79":{"desc":"A2P"},"C7A":{"t":"M20P"},"C7B":{"t":"WACC"},"C7C":{"t":"C172"},"C7D":{"t":"BE95"},"C7E":{"t":"C172"},"C7F":{"desc":"L1P"},"C80":{"t":"C172"},"C82":{"t":"C172"},"C83":{"t":"C172"},"C84":{"t":"C172"},"C86":{"t":"WACC"},"C8C":{"t":"C170"},"C8D":{"t":"CH7A"},"C8E":{"t":"C172"},"C90":{"t":"P28A"},"C96":{"t":"C182"},"C98":{"t":"AA5"},"C9A":{"t":"P28R"},"C9C":{"t":"BE17"},"C9F":{"t":"C172"},"CA0":{"t":"BE95"},"CA1":{"desc":"L1P"},"CA2":{"t":"C177"},"CA3":{"t":"WACC"},"CA9":{"t":"WACC"},"CAA":{"t":"WACF"},"CAB":{"t":"GLID"},"CAC":{"t":"PA18"},"CAE":{"t":"PA20"},"CAF":{"t":"C170"},"CB0":{"desc":"L1P"},"CB1":{"t":"C172"},"CB2":{"t":"C310"},"CB3":{"t":"P28A"},"CB7":{"t":"ST75"},"CBB":{"t":"AA5"},"CBC":{"t":"C182"},"CBD":{"t":"P28R"},"CBE":{"desc":"L1P"},"CC1":{"desc":"H1T","t":"B47G"},"CC3":{"desc":"H8E"},"CCA":{"t":"C172"},"CCB":{"t":"WACC"},"CCD":{"t":"C172"},"CCE":{"desc":"L2P"},"CD0":{"t":"L8"},"CD2":{"t":"C170"},"CD3":{"t":"CH7A"},"CD6":{"desc":"H8E"},"CD8":{"t":"L8"},"CDA":{"t":"ST75"},"CDF":{"t":"C182"},"CE0":{"t":"PA32"},"CE3":{"t":"M20P"},"CE7":{"t":"C177"},"CE8":{"t":"C172"},"CEA":{"t":"C182"},"CEB":{"t":"WACC"},"CEC":{"t":"C172"},"CEE":{"t":"C172"},"CF4":{"t":"PA22"},"CF5":{"t":"C170"},"CF6":{"t":"CH7A"},"CF9":{"t":"P28A"},"CFD":{"t":"ST75"},"CFF":{"t":"PA23"},"D03":{"desc":"L1P"},"D04":{"t":"C182"},"D05":{"t":"ST75"},"D06":{"t":"M20P"},"D0C":{"t":"WACF"},"D0E":{"t":"WACF"},"D0F":{"t":"C172"},"D10":{"t":"WACF"},"D11":{"t":"C172"},"D14":{"desc":"L1P"},"D17":{"t":"C177"},"D18":{"t":"C170"},"D1B":{"t":"RV12"},"D1C":{"t":"AR15"},"D1E":{"t":"L8"},"D21":{"t":"COL4"},"D22":{"t":"PA23"},"D24":{"t":"AA5"},"D25":{"t":"C182"},"D26":{"desc":"L1P"},"D29":{"t":"M20P"},"D2B":{"t":"C172"},"D2D":{"t":"C172"},"D2E":{"t":"C172"},"D2F":{"t":"C172"},"D31":{"t":"C177"},"D33":{"t":"C172"},"D36":{"desc":"L1P"},"D39":{"t":"L8"},"D3B":{"t":"GLID"},"D3C":{"t":"C172"},"D3E":{"t":"C310"},"D3F":{"t":"AR15"},"D40":{"t":"AC11"},"D42":{"t":"C337"},"D43":{"t":"ST75"},"D47":{"t":"AA5"},"D49":{"t":"P28A"},"D4C":{"t":"M20P"},"D4D":{"t":"B47G"},"D4F":{"desc":"L1P"},"D50":{"t":"C172"},"D51":{"t":"C172"},"D52":{"desc":"L1P"},"D54":{"t":"C172"},"D55":{"t":"C172"},"D58":{"t":"C177"},"D59":{"t":"C172"},"D5B":{"t":"PA18"},"D5C":{"t":"L8"},"D5D":{"t":"SR22"},"D60":{"t":"C172"},"D62":{"t":"P28S"},"D6A":{"t":"AA5"},"D6B":{"t":"C182"},"D6C":{"t":"P28A"},"D6E":{"t":"ST75"},"D70":{"t":"B47G"},"D78":{"t":"C172"},"D7A":{"desc":"L1P"},"D7C":{"t":"C172"},"D7E":{"t":"PA18"},"D82":{"t":"CH7A"},"D83":{"t":"C172"},"D85":{"t":"AR15"},"D87":{"desc":"L1P"},"D88":{"t":"C172"},"D8D":{"t":"AA5"},"D8F":{"desc":"L3E"},"D91":{"t":"C172"},"D93":{"t":"UH12"},"D94":{"t":"C172"},"D95":{"t":"UH12"},"D97":{"t":"C172"},"D99":{"t":"C172"},"D9A":{"t":"C177"},"D9C":{"t":"C172"},"D9F":{"t":"C172"},"DA4":{"t":"C170"},"DA6":{"t":"C172"},"DA7":{"t":"C310"},"DA8":{"t":"AR15"},"DB1":{"t":"C182"},"DB2":{"t":"P28R"},"DB3":{"desc":"L4E"},"DB7":{"t":"C172"},"DB8":{"desc":"L1P"},"DBB":{"t":"C172"},"DBC":{"t":"C177"},"DBD":{"t":"C172"},"DBE":{"desc":"L1P"},"DC4":{"t":"C185"},"DC5":{"t":"BE9L"},"DC6":{"t":"BE35"},"DC7":{"desc":"A1P"},"DC9":{"t":"EC35"},"DCD":{"t":"LJ35"},"DCE":{"desc":"L1P"},"DCF":{"t":"GLID"},"DD0":{"t":"B407"},"DD4":{"desc":"L1P"},"DD5":{"t":"GLID"},"DD6":{"desc":"L1J"},"DD7":{"t":"C150"},"DDD":{"desc":"L1P"},"DDE":{"desc":"L2P"},"DE0":{"t":"E55P"},"DE1":{"t":"GLID"},"DE2":{"t":"BE35"},"DE3":{"desc":"L1P","t":"ULAC"},"DE5":{"desc":"H2T"},"DED":{"t":"EC35"},"DEE":{"t":"L13M"},"DF0":{"t":"EC35"},"DF2":{"t":"BE33"},"DF6":{"desc":"L1P","t":"ULAC"},"DF7":{"t":"P212"},"DF9":{"t":"C208"},"DFB":{"t":"BE33"},"DFD":{"t":"CL30"},"DFF":{"t":"EC35"},"E01":{"t":"C56X"},"E02":{"t":"EC35"},"E04":{"t":"EC35"},"E07":{"t":"GLID"},"E08":{"t":"FDCT"},"E0C":{"t":"HDJT"},"E0F":{"desc":"L1P","t":"ULAC"},"E10":{"t":"DA42"},"E11":{"t":"GLID"},"E13":{"desc":"L1P","t":"TB0"},"E15":{"desc":"L1P"},"E16":{"t":"P28S"},"E17":{"t":"EC35"},"E1B":{"t":"C180"},"E1E":{"t":"BCS1"},"E20":{"desc":"L1P"},"E21":{"t":"SR22"},"E24":{"t":"BE35"},"E28":{"t":"C172"},"E2B":{"t":"EC35"},"E2C":{"t":"EC35"},"E2F":{"t":"P28A"},"E34":{"t":"L39"},"E39":{"t":"PA18"},"E3A":{"desc":"L1P"},"E3C":{"t":"CRJ9"},"E3E":{"t":"GLID"},"E41":{"t":"C182"},"E43":{"t":"BE58"},"E46":{"t":"B763"},"E4C":{"t":"P46T"},"E53":{"t":"GALX"},"E5A":{"t":"T206"},"E5B":{"desc":"L1P"},"E60":{"t":"EC35"},"E6B":{"t":"GLID"},"E73":{"t":"C170"},"E7C":{"desc":"L1P"},"E82":{"t":"E75L"},"E8D":{"t":"BE35"},"E8E":{"t":"C170"},"E8F":{"t":"M20P"},"E90":{"desc":"L1P"},"E93":{"desc":"L1P","t":"ULAC"},"E95":{"desc":"L1P"},"E97":{"t":"BE35"},"E98":{"t":"P46T"},"E9C":{"t":"GLID"},"E9D":{"t":"SR20"},"EA1":{"t":"HUSK"},"EA5":{"t":"BE95"},"EA9":{"t":"SR22"},"EB6":{"t":"PA18"},"EB7":{"t":"R44"},"EBE":{"desc":"L1P"},"EBF":{"t":"DA40"},"EC0":{"desc":"L2P"},"EC1":{"t":"EC35"},"EC4":{"t":"EC35"},"EC8":{"t":"GLID"},"EC9":{"t":"EC35"},"ED0":{"desc":"L1P"},"ED4":{"t":"EC35"},"ED7":{"t":"BE9L"},"ED8":{"t":"HUSK"},"ED9":{"t":"EC20"},"EDA":{"t":"AS50"},"EDD":{"t":"EC35"},"EDE":{"desc":"A2P"},"EDF":{"t":"EC35"},"EE0":{"t":"GLID"},"EE1":{"t":"BE30"},"EE2":{"t":"EC35"},"EE3":{"desc":"L1P"},"EE4":{"t":"GLID"},"EE8":{"t":"GLID"},"EEC":{"t":"EC35"},"EF0":{"t":"EC35"},"EF1":{"t":"GLID"},"EF3":{"t":"C185"},"EFA":{"t":"EC35"},"EFD":{"t":"A321"},"EFE":{"t":"EC35"},"F09":{"desc":"L1P","t":"ULAC"},"F0B":{"t":"PA31"},"F0C":{"desc":"L1P"},"F0D":{"desc":"L1P"},"F0F":{"t":"PC12"},"F10":{"t":"BE35"},"F11":{"t":"EC30"},"F12":{"t":"C172"},"F1A":{"desc":"L1P","t":"LA4"},"F1B":{"t":"ULAC"},"F1E":{"t":"ULAC"},"F1F":{"desc":"L1P"},"F21":{"desc":"A1P"},"F3D":{"t":"PA18"},"F3E":{"desc":"L1P"},"F3F":{"t":"GLID"},"F41":{"t":"C208"},"F42":{"desc":"H1P"},"F43":{"desc":"L1P"},"F44":{"t":"PA31"},"F47":{"t":"GLID"},"F49":{"t":"SR22"},"F4B":{"t":"BE35"},"F4E":{"t":"C525"},"F50":{"t":"B58T"},"F54":{"desc":"L1P"},"F57":{"t":"E35L"},"F5B":{"t":"E35L"},"F5C":{"t":"LJ35"},"F5E":{"t":"E35L"},"F5F":{"t":"E35L"},"F60":{"t":"CL60"},"F62":{"t":"C56X"},"F64":{"t":"SR22"},"F6A":{"t":"E135"},"F6B":{"t":"E75L"},"F6D":{"desc":"L1P"},"F6E":{"desc":"L1P"},"F6F":{"t":"BE35"},"F71":{"t":"C182"},"F74":{"t":"EC35"},"F76":{"t":"EC35"},"F79":{"t":"CH7A"},"F7D":{"t":"C82S"},"F7E":{"t":"T206"},"F7F":{"t":"COL4"},"F82":{"t":"PA31"},"F86":{"t":"PA44"},"F94":{"t":"A306"},"F97":{"t":"PA46"},"F98":{"t":"EC35"},"FA0":{"t":"G164"},"FA1":{"t":"BE35"},"FAF":{"desc":"L1P","t":"ULAC"},"FB2":{"t":"C172"},"FB3":{"t":"EC35"},"FB8":{"desc":"A1P"},"FB9":{"t":"C152"},"FBA":{"t":"R44"},"FBB":{"t":"C560"},"FBF":{"desc":"L1P"},"FC1":{"t":"EC35"},"FC2":{"t":"PA18"},"FC3":{"t":"EC35"},"FC4":{"t":"PA18"},"FC6":{"desc":"L1P"},"FCA":{"desc":"L1P"},"FCD":{"t":"BE35"},"FD0":{"desc":"L1P"},"FD1":{"desc":"L1T"},"FE2":{"t":"GLID"},"FEA":{"t":"BE35"}}