{"000":{"desc":"H1P"},"001":{"desc":"L1P","t":"ULAC"},"002":{"t":"C240"},"006":{"t":"SR22"},"007":{"t":"HUSK"},"00A":{"t":"R22"},"00B":{"t":"BE20"},"00D":{"t":"GLID"},"00F":{"t":"P28R"},"010":{"t":"AEST"},"012":{"t":"ULAC"},"013":{"t":"PC12"},"014":{"t":"R66"},"016":{"t":"C206"},"018":{"t":"ECHO"},"019":{"desc":"L1P"},"01A":{"t":"UH1"},"01E":{"desc":"L1P"},"01F":{"desc":"L1P"},"021":{"desc":"H1T"},"024":{"t":"T6"},"025":{"t":"PA18"},"026":{"t":"GLID"},"028":{"desc":"L1P"},"029":{"desc":"L1P"},"02A":{"t":"GLF4"},"02B":{"t":"P28A"},"02E":{"t":"P28R"},"031":{"t":"T6"},"038":{"t":"CL60"},"039":{"desc":"L1P"},"03B":{"t":"SR20"},"03C":{"t":"C150"},"03E":{"desc":"H1T"},"03F":{"desc":"L1P"},"042":{"t":"R66"},"043":{"t":"C172"},"044":{"desc":"L1P","t":"ULAC"},"046":{"desc":"L1P"},"047":{"t":"GLID"},"04B":{"t":"BE9L"},"04D":{"desc":"L1P"},"051":{"t":"BALL"},"052":{"t":"AA5"},"053":{"desc":"L1P"},"054":{"t":"ULAC"},"057":{"t":"BE9L"},"058":{"t":"LJ55"},"059":{"desc":"A1P"},"05F":{"t":"GLID"},"060":{"t":"B14C"},"061":{"t":"PA46"},"064":{"desc":"L1P"},"068":{"t":"BE17"},"06A":{"t":"PA22"},"06B":{"t":"AA5"},"06D":{"desc":"L1P"},"070":{"desc":"L1P"},"071":{"t":"BE35"},"074":{"t":"C82S"},"075":{"t":"BE36"},"078":{"desc":"L1P"},"079":{"t":"C182"},"07A":{"t":"S22T"},"081":{"desc":"L1P"},"084":{"t":"GLID"},"087":{"t":"F900"},"089":{"t":"BE36"},"08A":{"t":"PA30"},"08B":{"t":"GLF5"},"08C":{"t":"C501"},"091":{"t":"UH12"},"096":{"t":"C441"},"09A":{"t":"BE58"},"09B":{"desc":"L1P","t":"ULAC"},"09D":{"t":"LJ45"},"09E":{"t":"J3"},"09F":{"t":"ST75"},"0A0":{"t":"C172"},"0A1":{"desc":"L1P"},"0A2":{"desc":"L1P"},"0A4":{"desc":"L1P"},"0A5":{"t":"C550"},"0A6":{"t":"HUSK"},"0AA":{"t":"C750"},"0AB":{"desc":"L1P"},"0AE":{"t":"BE58"},"0B0":{"t":"AA5"},"0B2":{"desc":"L1P","t":"ULAC"},"0B3":{"t":"H500"},"0B6":{"t":"C421"},"0CD":{"desc":"L1P","t":"LA4"},"0CE":{"t":"BE55"},"0CF":{"desc":"A1P"},"0D0":{"desc":"L1P","t":"ULAC"},"0D1":{"t":"PA22"},"0D2":{"desc":"L1P"},"0D3":{"t":"CH7B"},"0D4":{"desc":"L1P"},"0D6":{"desc":"L1P"},"0D7":{"t":"P28A"},"0D8":{"t":"M20P"},"0D9":{"desc":"L1P"},"0DA":{"t":"C550"},"0DB":{"desc":"H4E"},"0DC":{"t":"C152"},"0DE":{"desc":"L1P"},"0E1":{"t":"CL60"},"0E2":{"t":"BALL"},"0E5":{"t":"BE17"},"0E6":{"t":"GLF6"},"0E7":{"t":"C172"},"0E8":{"t":"PA31"},"0E9":{"t":"ST75"},"0EB":{"t":"WW24"},"0EC":{"t":"C310"},"0ED":{"t":"C150"},"0EE":{"t":"E50P"},"0EF":{"desc":"L1P"},"0F0":{"desc":"L1P"},"0F1":{"t":"H25B"},"0F3":{"t":"B407"},"0F7":{"desc":"A1P"},"0FA":{"desc":"L1P"},"0FD":{"t":"GLID"},"100":{"desc":"L1T"},"101":{"t":"PA46"},"106":{"t":"BE23"},"107":{"t":"PA32"},"108":{"desc":"L1P"},"10A":{"t":"BE9L"},"10C":{"t":"CH7B"},"10D":{"t":"BE55"},"10E":{"t":"PA18"},"10F":{"t":"C551"},"110":{"t":"HUSK"},"112":{"desc":"H1T"},"113":{"t":"PA30"},"114":{"desc":"L1P"},"117":{"t":"BE18"},"118":{"t":"B222"},"119":{"t":"BALL"},"11D":{"t":"GLID"},"123":{"t":"BALL"},"125":{"desc":"L1P"},"128":{"t":"BALL"},"129":{"t":"BE23"},"12C":{"desc":"L1E"},"131":{"desc":"L1P"},"133":{"t":"C172"},"135":{"desc":"L1P","t":"ULAC"},"137":{"t":"C501"},"139":{"t":"SF50"},"13B":{"t":"C82S"},"13E":{"t":"GLID"},"142":{"t":"GLID"},"143":{"t":"CH7B"},"144":{"t":"C172"},"145":{"t":"RV12"},"149":{"t":"CL60"},"14E":{"desc":"L1P"},"14F":{"desc":"L1P"},"150":{"t":"BE9T"},"151":{"desc":"L1P"},"153":{"desc":"L1P"},"154":{"t":"C172"},"157":{"t":"H269"},"15B":{"desc":"L1P"},"15E":{"t":"B429"},"15F":{"t":"BE36"},"160":{"t":"HUSK"},"161":{"t":"HUSK"},"162":{"t":"ST75"},"163":{"desc":"L1P","t":"ULAC"},"168":{"t":"GLID"},"16A":{"desc":"H1T"},"16D":{"desc":"L1P"},"170":{"desc":"L1P"},"173":{"t":"GLID"},"174":{"t":"BALL"},"176":{"desc":"L1P"},"177":{"desc":"L1P"},"179":{"t":"F2TH"},"17D":{"t":"BE55"},"17F":{"t":"CL60"},"181":{"desc":"L2J"},"182":{"t":"GLID"},"185":{"desc":"L1T","t":"YAK9"},"186":{"t":"S58P"},"189":{"t":"PA31"},"18B":{"desc":"L1P"},"18C":{"desc":"L1P"},"190":{"t":"C25B"},"193":{"t":"S22T"},"195":{"t":"T210"},"1AA":{"t":"ULAC"},"1AD":{"t":"BE17"},"1AE":{"t":"BALL"},"1AF":{"t":"HUSK"},"1B3":{"t":"H60"},"1B4":{"desc":"L1T"},"1B6":{"desc":"H2T"},"1B7":{"t":"LJ60"},"1BA":{"t":"B407"},"1BB":{"t":"A321"},"1BD":{"t":"H60"},"1BF":{"t":"ULAC"},"1C1":{"t":"H60"},"1C7":{"t":"B47G"},"1C8":{"desc":"L1P"},"1CA":{"t":"BL8"},"1CB":{"t":"RV12"},"1CE":{"desc":"H1T"},"1D1":{"t":"H60"},"1D3":{"desc":"L1P"},"1D5":{"t":"LJ60"},"1D7":{"t":"C25B"},"1D8":{"t":"LJ60"},"1D9":{"t":"CRJX"},"1DC":{"t":"PA30"},"1E0":{"desc":"A1P"},"1E1":{"t":"H269"},"1E2":{"t":"C150"},"1E3":{"t":"AS50"},"1E4":{"t":"H60"},"1EB":{"t":"BALL"},"1EC":{"t":"CH7A"},"1ED":{"t":"H60"},"1EE":{"t":"SR20"},"1EF":{"t":"H60"},"1F0":{"t":"BE60"},"1F5":{"t":"PA18"},"1F8":{"t":"H60"},"1F9":{"t":"M20P"},"1FA":{"t":"H500"},"1FB":{"t":"PA23"},"1FC":{"t":"C421"},"1FE":{"desc":"L1P"},"200":{"desc":"L1P"},"201":{"t":"BALL"},"204":{"desc":"H4E"},"205":{"desc":"L1P"},"206":{"t":"H60"},"208":{"t":"H60"},"20A":{"desc":"L1P"},"20C":{"t":"H60"},"210":{"desc":"H2T"},"212":{"desc":"L1P"},"217":{"t":"LJ60"},"219":{"desc":"A2P"},"21A":{"desc":"H2T"},"21E":{"t":"LJ60"},"21F":{"t":"H60"},"221":{"t":"H60"},"224":{"t":"H60"},"225":{"t":"SR22"},"227":{"t":"H60"},"22B":{"desc":"L1P"},"22E":{"t":"P28A"},"230":{"t":"B763"},"23C":{"t":"C172"},"23E":{"desc":"L1P"},"244":{"desc":"L1P"},"246":{"desc":"L1P"},"247":{"t":"LJ35"},"24B":{"t":"LJ60"},"250":{"desc":"L1P"},"255":{"desc":"H1T"},"256":{"desc":"L1P"},"262":{"t":"BE20"},"263":{"t":"BALL"},"268":{"t":"PA12"},"26B":{"desc":"L1P"},"276":{"desc":"L1P"},"277":{"t":"B06"},"279":{"desc":"L1J"},"27B":{"desc":"H1T"},"27D":{"t":"RV12"},"27E":{"desc":"L1P"},"286":{"desc":"L1P"},"290":{"desc":"H1T","t":"H60"},"29B":{"desc":"L1P"},"29D":{"t":"PA22"},"29E":{"desc":"A1T","t":"KODI"},"2A0":{"t":"C150"},"2A1":{"t":"AA5"},"2A8":{"t":"BE50"},"2A9":{"desc":"H2T"},"2AA":{"t":"BALL"},"2AB":{"desc":"L1P","t":"ULAC"},"2AC":{"t":"GLF4"},"2B3":{"t":"P28T"},"2B4":{"t":"PA24"},"2B9":{"desc":"L1P","t":"ULAC"},"2C2":{"desc":"L1P"},"2C3":{"desc":"H1P"},"2C4":{"t":"COL4"},"2C6":{"t":"C172"},"2C9":{"desc":"L1P"},"2CA":{"t":"PA30"},"2CC":{"desc":"L1P"},"2CE":{"desc":"L1P"},"2CF":{"desc":"L1P"},"2D1":{"desc":"L1P"},"2D3":{"desc":"L1P"},"2E2":{"t":"R22"},"2EC":{"t":"H60"},"2EF":{"t":"H60"},"2F3":{"t":"C182"},"2F4":{"t":"H60"},"2F5":{"t":"C402"},"2F6":{"t":"PA18"},"2FA":{"t":"SR22"},"2FF":{"desc":"L1P"},"305":{"t":"PA44"},"306":{"t":"BALL"},"31D":{"t":"GLEX"},"329":{"desc":"L1P"},"32B":{"t":"P28A"},"331":{"t":"TBM7"},"335":{"t":"BALL"},"339":{"desc":"L1P"},"33A":{"t":"B350"},"33E":{"desc":"L1P","t":"ULAC"},"33F":{"t":"B06"},"340":{"t":"CL30"},"341":{"desc":"L1P"},"342":{"desc":"L1P"},"344":{"t":"BE20"},"345":{"t":"SR22"},"347":{"t":"LJ60"},"349":{"t":"P180"},"34A":{"t":"B350"},"34C":{"t":"BE35"},"34E":{"t":"SR22"},"34F":{"t":"GLID"},"350":{"desc":"L1P"},"355":{"t":"E75L"},"357":{"t":"P28A"},"359":{"t":"BRAV"},"35A":{"t":"BALL"},"35B":{"t":"ULAC"},"35E":{"t":"LJ60"},"360":{"t":"PA18"},"363":{"desc":"L1T"},"364":{"desc":"H2T"},"365":{"t":"P28A"},"368":{"desc":"L2J","t":"B38M"},"369":{"t":"T206"},"36D":{"t":"AA5"},"370":{"t":"BE33"},"372":{"t":"H60"},"373":{"t":"H60"},"37D":{"t":"H60"},"37E":{"t":"A306"},"381":{"t":"BALL"},"399":{"desc":"L1P"},"39A":{"t":"BALL"},"3A4":{"t":"C175"},"3A5":{"t":"CL30"},"3AE":{"t":"PA18"},"3B0":{"desc":"L1P"},"3B3":{"t":"GLID"},"3B7":{"t":"HUSK"},"3B9":{"desc":"L1P"},"3BB":{"desc":"L2P"},"3C9":{"desc":"H1T","t":"H60"},"3D1":{"desc":"H8E"},"3D4":{"t":"AA1"},"3ED":{"desc":"A1T","t":"KODI"},"403":{"t":"ULAC"},"40A":{"t":"C150"},"40B":{"t":"CH7A"},"40D":{"t":"BE50"},"410":{"t":"C140"},"411":{"t":"BALL"},"416":{"t":"AA5"},"418":{"t":"C414"},"419":{"t":"C172"},"41B":{"t":"PC12"},"41C":{"t":"T210"},"41D":{"desc":"H8E"},"41E":{"t":"H269"},"421":{"desc":"H1T"},"422":{"t":"C150"},"423":{"t":"BALL"},"424":{"desc":"L2P"},"425":{"t":"C150"},"426":{"t":"C150"},"427":{"t":"B78X"},"428":{"t":"B78X"},"429":{"desc":"L1P"},"42C":{"t":"C180"},"42F":{"desc":"H8E"},"434":{"desc":"H1T"},"436":{"desc":"L1P"},"438":{"t":"C150"},"43A":{"t":"P28A"},"43E":{"t":"BE35"},"443":{"t":"C150"},"444":{"t":"C150"},"449":{"t":"C150"},"44A":{"t":"C150"},"44C":{"t":"B763"},"44D":{"t":"PA18"},"44F":{"t":"BALL"},"450":{"desc":"L2P"},"451":{"t":"CH7A"},"452":{"t":"C172"},"453":{"t":"CH7A"},"457":{"desc":"H1T"},"458":{"t":"C182"},"45A":{"t":"PA22"},"45B":{"t":"BALL"},"460":{"t":"C172"},"461":{"t":"BE33"},"466":{"t":"C177"},"468":{"t":"C177"},"46B":{"t":"C150"},"46E":{"t":"C150"},"46F":{"t":"B763"},"470":{"desc":"H8E"},"471":{"t":"BALL"},"472":{"t":"C180"},"474":{"t":"C172"},"475":{"t":"C172"},"476":{"t":"CH7A"},"477":{"t":"BALL"},"47A":{"t":"BALL"},"47B":{"t":"AS50"},"47C":{"desc":"L1P"},"481":{"t":"C414"},"482":{"t":"BALL"},"488":{"t":"BALL"},"48B":{"t":"C150"},"491":{"t":"RYST"},"493":{"t":"PA18"},"494":{"t":"L11"},"495":{"t":"COL4"},"496":{"t":"BALL"},"497":{"t":"CH7A"},"498":{"t":"C172"},"499":{"t":"CH7B"},"49A":{"desc":"L1P","t":"ULAC"},"4A1":{"t":"C150"},"4A2":{"t":"B763"},"4A4":{"desc":"L1P"},"4A6":{"t":"C140"},"4A7":{"t":"BE58"},"4A9":{"t":"C172"},"4AA":{"desc":"H1T"},"4AD":{"t":"C150"},"4B0":{"t":"C150"},"4B1":{"t":"C150"},"4B3":{"t":"C150"},"4B4":{"t":"C150"},"4B5":{"t":"B763"},"4B6":{"desc":"L1P"},"4B8":{"t":"C180"},"4BC":{"t":"CH7B"},"4BF":{"desc":"H2T"},"4C0":{"desc":"L1P"},"4C1":{"t":"T210"},"4C2":{"desc":"L1P"},"4C5":{"t":"AA1"},"4C8":{"t":"BALL"},"4C9":{"t":"C120"},"4CE":{"desc":"H1T"},"4CF":{"t":"C150"},"4D1":{"t":"C150"},"4D5":{"t":"C150"},"4D6":{"t":"C150"},"4D7":{"desc":"L1P"},"4D8":{"desc":"L1P"},"4D9":{"t":"PA18"},"4DD":{"t":"BALL"},"4DE":{"t":"BALL"},"4DF":{"t":"CH7B"},"4E3":{"t":"BALL"},"4E7":{"t":"C150"},"4E8":{"t":"AA1"},"4E9":{"desc":"L1P"},"4EB":{"t":"BALL"},"4EC":{"t":"C120"},"4ED":{"t":"BE55"},"4EE":{"t":"BALL"},"4EF":{"t":"C172"},"4F3":{"desc":"H1T"},"4F4":{"t":"C150"},"4F5":{"t":"C150"},"4F6":{"t":"B763"},"4F7":{"t":"C177"},"4FA":{"desc":"H1T"},"4FC":{"t":"BALL"},"4FD":{"t":"B763"},"4FE":{"t":"C180"},"4FF":{"t":"C170"},"501":{"t":"C172"},"503":{"t":"C77R"},"505":{"t":"L8"},"506":{"t":"SF50"},"508":{"desc":"L1P"},"50B":{"t":"AA1"},"50C":{"desc":"L1P"},"514":{"desc":"L2P"},"515":{"t":"C150"},"517":{"t":"C150"},"518":{"t":"C150"},"51A":{"t":"BALL"},"51D":{"t":"C150"},"51E":{"t":"B763"},"521":{"t":"C180"},"523":{"t":"CH7A"},"524":{"t":"C172"},"525":{"t":"CH7B"},"528":{"t":"L8"},"52B":{"desc":"L1P"},"52F":{"t":"C172"},"533":{"t":"BALL"},"535":{"t":"C172"},"537":{"t":"C150"},"53B":{"t":"C150"},"53C":{"desc":"L2P"},"53F":{"t":"C150"},"541":{"t":"B763"},"544":{"t":"C180"},"546":{"t":"C172"},"547":{"t":"C180"},"54B":{"t":"L8"},"54E":{"desc":"L1P"},"551":{"t":"AA1"},"557":{"t":"C210"},"558":{"t":"C172"},"55B":{"t":"C150"},"55D":{"t":"C150"},"561":{"t":"C150"},"563":{"desc":"L1P"},"565":{"desc":"L1P"},"566":{"t":"A321"},"567":{"t":"B58T"},"568":{"t":"B06"},"56B":{"t":"GLID"},"56E":{"t":"PC12"},"571":{"t":"HUSK"},"573":{"t":"C172"},"575":{"desc":"L1P"},"576":{"t":"L13M"},"57A":{"t":"P28A"},"57D":{"desc":"L1J"},"57E":{"desc":"L2J"},"57F":{"desc":"A1P","t":"ULAC"},"580":{"t":"EA50"},"585":{"t":"P28A"},"589":{"desc":"L2P"},"58F":{"desc":"A1P"},"590":{"desc":"L1P"},"593":{"t":"R44"},"597":{"t":"S108"},"598":{"t":"DV20"},"59A":{"t":"PA18"},"59B":{"t":"S22T"},"59C":{"t":"E50P"},"59E":{"t":"S61"},"5A3":{"t":"R44"},"5A5":{"desc":"L1P"},"5A8":{"t":"T206"},"5A9":{"t":"C182"},"5B0":{"desc":"L1P"},"5B1":{"t":"DA40"},"5B5":{"t":"P28A"},"5B6":{"desc":"L1P","t":"ULAC"},"5B7":{"desc":"L1P","t":"ULAC"},"5B8":{"desc":"L1P","t":"ULAC"},"5BC":{"t":"GLID"},"5C1":{"desc":"L1P"},"5C4":{"desc":"L1P"},"5C5":{"desc":"L1P"},"5C9":{"t":"C180"},"5D5":{"t":"A4"},"5DF":{"t":"F900"},"5E2":{"t":"M20P"},"5E3":{"desc":"L1P"},"5E5":{"t":"E300"},"5E7":{"t":"B763"},"5EE":{"desc":"L1P"},"5FB":{"desc":"L1P","t":"ULAC"},"5FD":{"desc":"L1P"},"5FE":{"desc":"L1P"},"606":{"desc":"L1P"},"60D":{"t":"C172"},"622":{"t":"GLID"},"62E":{"desc":"L1P"},"62F":{"desc":"L1P"},"634":{"t":"CL60"},"635":{"t":"PTS2"},"636":{"desc":"H8E"},"637":{"t":"SR22"},"638":{"desc":"A1P"},"639":{"t":"ULAC"},"642":{"t":"S22T"},"646":{"t":"BE17"},"647":{"desc":"H1T"},"649":{"t":"BE36"},"651":{"t":"DA62"},"652":{"t":"P28A"},"655":{"desc":"A1T","t":"KODI"},"658":{"t":"SR20"},"65B":{"t":"C172"},"65F":{"desc":"A1P"},"660":{"t":"H500"},"661":{"t":"BALL"},"662":{"desc":"L1P","t":"ULAC"},"667":{"t":"ERCO"},"670":{"desc":"L1P"},"678":{"t":"ST75"},"679":{"t":"P32R"},"67A":{"t":"P28A"},"67B":{"t":"COL4"},"684":{"t":"GLF4"},"686":{"t":"M20P"},"688":{"t":"PA27"},"689":{"desc":"L1P"},"690":{"desc":"L1P","t":"ULAC"},"691":{"t":"BALL"},"6AA":{"t":"PA24"},"6AB":{"t":"E50P"},"6AC":{"desc":"L2J"},"6B5":{"t":"E50P"},"6B9":{"t":"CRJ9"},"6BA":{"desc":"L2T","t":"DC3"},"6BB":{"t":"PTS2"},"6BC":{"t":"P28A"},"6DC":{"t":"BE55"},"6DE":{"desc":"L1P"},"6E1":{"t":"PA30"},"6E2":{"desc":"H4E"},"6E4":{"desc":"L1P"},"6E6":{"desc":"L1P"},"6E7":{"desc":"L1P"},"6E8":{"t":"C414"},"6E9":{"desc":"L2P"},"6EA":{"t":"P32R"},"6ED":{"desc":"L1P"},"6F0":{"desc":"L1P"},"6F1":{"desc":"L1P"},"6F5":{"t":"GC1"},"6F6":{"t":"BL8"},"6F7":{"t":"ST75"},"6F8":{"desc":"L1P","t":"ULAC"},"6F9":{"t":"C650"},"6FA":{"t":"BL8"},"6FB":{"t":"B06"},"6FC":{"t":"BL8"},"6FD":{"desc":"H1P"},"701":{"t":"P28A"},"703":{"t":"T206"},"705":{"t":"SR22"},"706":{"t":"GLID"},"707":{"t":"ULAC"},"70A":{"t":"P28A"},"70C":{"t":"E75L"},"70E":{"t":"PA18"},"710":{"desc":"L1P","t":"ULAC"},"711":{"t":"PTS2"},"714":{"t":"P28A"},"71A":{"t":"C550"},"71C":{"desc":"H8E"},"71E":{"t":"BE33"},"71F":{"t":"BE36"},"720":{"desc":"H1P"},"724":{"desc":"L1P"},"735":{"t":"A306"},"73C":{"t":"A321"},"740":{"t":"B350"},"74E":{"t":"C206"},"750":{"desc":"L1P","t":"ULAC"},"759":{"t":"BE35"},"75B":{"t":"BALL"},"75C":{"t":"EC35"},"75F":{"t":"CH7B"},"764":{"desc":"L1P"},"765":{"desc":"L1P"},"767":{"t":"R44"},"772":{"desc":"L1P"},"788":{"desc":"H6E"},"78B":{"desc":"L1P"},"7A4":{"desc":"L2T"},"7BA":{"t":"ULAC"},"7BE":{"t":"PA18"},"7BF":{"desc":"H1T"},"7C0":{"t":"GLID"},"7C1":{"t":"B763"},"7C3":{"t":"C172"},"7C9":{"t":"C182"},"7CA":{"t":"ULAC"},"7CD":{"t":"ULAC"},"7CE":{"desc":"H8E"},"7D1":{"t":"C120"},"7D7":{"t":"C150"},"7DA":{"desc":"L1P"},"7DB":{"t":"C150"},"7DD":{"t":"C150"},"7DE":{"t":"C150"},"7DF":{"t":"C150"},"7E0":{"desc":"L1P"},"7E1":{"t":"PA18"},"7E2":{"t":"B763"},"7E5":{"t":"CH7A"},"7E6":{"t":"C172"},"7E7":{"desc":"H8E"},"7E8":{"t":"C77R"},"7EA":{"t":"L8"},"7ED":{"desc":"L1P"},"7EE":{"t":"PA22"},"7F0":{"t":"AA5"},"7F1":{"desc":"L1P"},"7F4":{"t":"C120"},"7FA":{"t":"BALL"},"7FB":{"t":"E45X"},"7FD":{"t":"C150"},"803":{"t":"B407"},"804":{"t":"PA18"},"806":{"t":"C180"},"808":{"t":"C172"},"80B":{"t":"J3"},"80D":{"t":"BALL"},"80E":{"t":"PA18"},"80F":{"t":"ST75"},"810":{"desc":"L1P"},"815":{"t":"B763"},"817":{"t":"C140"},"818":{"desc":"L1P","t":"ULAC"},"81B":{"t":"BALL"},"81C":{"t":"C150"},"81E":{"desc":"L1P"},"821":{"t":"C150"},"823":{"t":"C150"},"824":{"t":"C150"},"825":{"t":"C150"},"826":{"desc":"L1P"},"827":{"desc":"H8E"},"828":{"t":"B763"},"82C":{"t":"C172"},"82D":{"t":"CH7A"},"82E":{"t":"C77R"},"830":{"t":"BALL"},"832":{"t":"C185"},"833":{"desc":"L1P"},"836":{"t":"AA5"},"838":{"t":"C414"},"83A":{"t":"C172"},"83B":{"t":"AA5"},"83D":{"t":"C172"},"83F":{"desc":"L1P"},"843":{"t":"C177"},"845":{"desc":"L1P"},"846":{"t":"C177"},"84A":{"t":"BALL"},"84B":{"t":"L11"},"84C":{"t":"C180"},"84F":{"t":"C172"},"850":{"t":"CH7A"},"852":{"desc":"L1P"},"864":{"desc":"L1P"},"869":{"t":"E45X"},"86A":{"desc":"L1P","t":"ULAC"},"86B":{"t":"E45X"},"86D":{"t":"C172"},"86E":{"t":"L11"},"871":{"t":"C172"},"872":{"t":"C172"},"880":{"t":"C172"},"881":{"t":"DA62"},"882":{"t":"T210"},"886":{"t":"E45X"},"88D":{"t":"C150"},"88F":{"t":"PT22"},"890":{"desc":"L1P"},"892":{"t":"C180"},"893":{"t":"C170"},"894":{"t":"CH7A"},"895":{"t":"C172"},"896":{"t":"CH7A"},"897":{"t":"C77R"},"899":{"t":"L8"},"89A":{"desc":"L1T"},"89C":{"desc":"L1P"},"89D":{"t":"PA22"},"89F":{"t":"AA5"},"8A1":{"t":"C414"},"8AB":{"desc":"L1P"},"8AC":{"desc":"L1P"},"8AD":{"t":"C150"},"8AE":{"t":"C150"},"8B1":{"t":"C150"},"8B5":{"t":"C180"},"8B7":{"t":"CH7A"},"8B9":{"t":"CH7A"},"8BA":{"t":"C77R"},"8BE":{"t":"ST75"},"8BF":{"desc":"L1P"},"8C1":{"t":"C150"},"8C6":{"t":"C172"},"8CB":{"t":"E45X"},"8CF":{"t":"C150"},"8D2":{"t":"C150"},"8D3":{"t":"E45X"},"8D4":{"t":"C150"},"8D5":{"t":"GLID"},"8D7":{"t":"ULAC"},"8D8":{"desc":"L1P"},"8D9":{"t":"C170"},"8DA":{"t":"CH7A"},"8DC":{"t":"CH7A"},"8DD":{"t":"C77R"},"8DF":{"t":"L8"},"8E1":{"t":"C185"},"8E2":{"desc":"L1P"},"8E6":{"t":"ULAC"},"8E7":{"t":"C414"},"8EA":{"desc":"L1P"},"8EE":{"t":"C150"},"8EF":{"desc":"L1P"},"8F0":{"desc":"L1P"},"8F1":{"t":"E45X"},"8F3":{"t":"C177"},"8F4":{"desc":"L1P"},"8F9":{"t":"B763"},"8FA":{"desc":"H8E"},"8FC":{"t":"C170"},"8FE":{"t":"C172"},"907":{"t":"C150"},"908":{"t":"AA1"},"909":{"desc":"L1P"},"90C":{"t":"C140"},"90D":{"t":"BE55"},"911":{"desc":"L1P"},"915":{"t":"C150"},"917":{"t":"C150"},"918":{"t":"C150"},"91A":{"t":"C177"},"91B":{"t":"PA22"},"91C":{"desc":"L1P"},"91D":{"t":"A321"},"91E":{"desc":"H1P"},"91F":{"t":"CH7B"},"921":{"t":"EC35"},"922":{"t":"GLID"},"927":{"t":"AC90"},"92A":{"desc":"H1P"},"92D":{"t":"C172"},"92E":{"t":"L101"},"931":{"t":"PA18"},"936":{"desc":"A1P","t":"ULAC"},"937":{"t":"C150"},"938":{"t":"BL8"},"93B":{"desc":"H1P"},"93D":{"t":"H60"},"93E":{"t":"C182"},"93F":{"desc":"H1P"},"946":{"t":"C162"},"947":{"desc":"H1P"},"94A":{"t":"PA34"},"94D":{"desc":"H1P"},"94E":{"t":"S108"},"94F":{"t":"COL4"},"951":{"t":"C162"},"952":{"t":"SR20"},"95A":{"desc":"L1P"},"95E":{"desc":"L1P"},"95F":{"t":"C182"},"960":{"desc":"H1P"},"968":{"desc":"H1P"},"969":{"desc":"H1P"},"96B":{"desc":"H1P"},"96C":{"desc":"L2T"},"96D":{"t":"B58T"},"96E":{"t":"GLID"},"96F":{"desc":"L1P","t":"ULAC"},"970":{"t":"EA50"},"971":{"desc":"H1P"},"972":{"t":"UH12"},"975":{"desc":"H1P"},"97E":{"desc":"H1P"},"97F":{"desc":"H1P"},"983":{"t":"C25B"},"98C":{"t":"A4"},"991":{"desc":"H1T"},"994":{"desc":"H1P"},"999":{"t":"C152"},"99A":{"desc":"H1P"},"99B":{"desc":"H1P"},"99C":{"t":"E300"},"99E":{"t":"B763"},"9A1":{"desc":"H1P"},"9A7":{"desc":"H1P"},"9AC":{"desc":"H1P"},"9AE":{"desc":"H1P"},"9B2":{"t":"B350"},"9B3":{"t":"C208"},"9B4":{"t":"GALX"},"9B5":{"t":"BE20"},"9BD":{"t":"DA40"},"9BE":{"desc":"L1P"},"9CB":{"desc":"H1P"},"9CC":{"t":"C162"},"9CF":{"t":"C172"},"9D2":{"t":"C162"},"9D5":{"t":"C162"},"9DB":{"t":"C172"},"9E5":{"desc":"L1P"},"9E6":{"t":"S22T"},"9E7":{"t":"GLF5"},"9E9":{"desc":"H1T"},"9F0":{"desc":"L1P"},"9F2":{"desc":"H1P"},"9F5":{"t":"C182"},"9F9":{"desc":"H1P"},"9FA":{"desc":"H1T"},"9FD":{"t":"PA18"},"A00":{"desc":"L1P","t":"ULAC"},"A04":{"t":"C162"},"A06":{"desc":"H1P"},"A09":{"desc":"H1P"},"A0F":{"desc":"H1P"},"A18":{"t":"BALL"},"A1C":{"t":"PA11"},"A1E":{"t":"P28A"},"A21":{"desc":"H1P"},"A22":{"t":"C162"},"A24":{"desc":"H1P"},"A27":{"t":"C162"},"A2F":{"t":"UH12"},"A30":{"t":"HUSK"},"A31":{"desc":"H1P"},"A33":{"t":"BE33"},"A34":{"t":"C172"},"A37":{"desc":"A1P"},"A3B":{"desc":"L1P"},"A41":{"desc":"H1P"},"A44":{"t":"EC35"},"A48":{"t":"BE55"},"A53":{"desc":"G1P","t":"GYRO"},"A54":{"desc":"H1P"},"A58":{"t":"C180"},"A59":{"t":"F2TH"},"A61":{"desc":"H1P"},"A62":{"desc":"H6E"},"A63":{"t":"PC12"},"A64":{"t":"PA44"},"A65":{"desc":"H1P"},"A68":{"t":"C162"},"A6D":{"t":"PA30"},"A6F":{"desc":"H1P"},"A70":{"t":"CRJ9"},"A73":{"t":"C152"},"A7A":{"t":"BE20"},"A8B":{"t":"GLEX"},"A94":{"desc":"L1P"},"A98":{"desc":"H1P"},"A99":{"desc":"H1P"},"A9B":{"desc":"H1T"},"A9C":{"desc":"H1P"},"A9F":{"desc":"H1P"},"AA3":{"t":"M20T"},"AA5":{"desc":"L1P"},"AA7":{"desc":"L1P"},"AA8":{"desc":"H1P"},"AAD":{"t":"C208"},"AAE":{"desc":"L1J"},"AB2":{"t":"ECHO"},"AB4":{"t":"A109"},"AB5":{"desc":"H1P"},"AB6":{"desc":"H1P"},"AB9":{"t":"GLID"},"ABA":{"desc":"H1P"},"ABC":{"t":"SR22"},"ABD":{"t":"GLID"},"ABE":{"t":"BE9L"},"AC3":{"t":"E75L"},"AC5":{"t":"PA18"},"AC8":{"t":"C182"},"ACA":{"desc":"H1T"},"ACD":{"desc":"H1P"},"ACE":{"t":"C550"},"AD1":{"t":"AS50"},"AD6":{"t":"BALL"},"AD7":{"desc":"A1P"},"ADA":{"t":"C162"},"ADF":{"t":"DA40"},"AEC":{"t":"A306"},"AF3":{"t":"A321"},"AF7":{"desc":"L1P"},"B12":{"desc":"L1P"},"B13":{"t":"B737"},"B24":{"desc":"H8E"},"B29":{"desc":"H1P"},"B42":{"t":"C162"},"B47":{"t":"C162"},"B5B":{"desc":"L2T"},"B74":{"t":"G280"},"B75":{"t":"PA18"},"B79":{"t":"AR11"},"B7B":{"t":"CH7B"},"B80":{"desc":"H1P"},"B82":{"t":"PA22"},"B84":{"t":"AA1"},"B8F":{"t":"C150"},"B90":{"desc":"L1P"},"B91":{"desc":"L1P"},"B92":{"t":"WACC"},"B93":{"t":"C150"},"B94":{"t":"C150"},"B95":{"desc":"L1P"},"B9B":{"t":"C170"},"B9D":{"t":"C172"},"B9F":{"t":"C77R"},"BA2":{"t":"BALL"},"BA3":{"t":"PC12"},"BA9":{"t":"C414"},"BAC":{"t":"BE55"},"BB0":{"t":"C150"},"BB1":{"t":"WACC"},"BB2":{"t":"WACC"},"BB4":{"desc":"L1P"},"BB6":{"t":"C150"},"BB7":{"t":"B738"},"BBA":{"t":"C182"},"BBB":{"desc":"A1P"},"BBC":{"desc":"L1P"},"BBD":{"t":"C180"},"BC0":{"t":"C172"},"BC2":{"t":"C77R"},"BC5":{"t":"BALL"},"BC8":{"t":"P32R"},"BC9":{"t":"C150"},"BCC":{"t":"NAVI"},"BCF":{"t":"BE55"},"BD4":{"t":"C150"},"BD5":{"t":"C150"},"BD8":{"t":"C150"},"BD9":{"desc":"L1P"},"BDA":{"desc":"L1P"},"BDC":{"t":"WACC"},"BDE":{"desc":"L1P"},"BE0":{"t":"C180"},"BE3":{"t":"C172"},"BE7":{"desc":"L1P"},"BE9":{"t":"C182"},"BEC":{"t":"C150"},"BF1":{"t":"C172"},"BF5":{"desc":"H8E"},"BFA":{"t":"B738"},"BFC":{"desc":"L1P"},"BFD":{"t":"C172"},"BFE":{"t":"C150"},"C00":{"t":"C182"},"C05":{"t":"CH7A"},"C06":{"t":"C172"},"C07":{"t":"CH7A"},"C08":{"t":"C185"},"C0A":{"t":"GLF4"},"C0B":{"t":"BALL"},"C0F":{"t":"C150"},"C12":{"t":"C414"},"C14":{"t":"C140"},"C15":{"t":"BE33"},"C17":{"t":"C172"},"C18":{"desc":"L1P","t":"ULAC"},"C1A":{"t":"WACC"},"C1C":{"t":"C150"},"C1D":{"t":"P28A"},"C1F":{"t":"WACC"},"C22":{"t":"WACC"},"C23":{"t":"GLF4"},"C25":{"t":"L11"},"C26":{"t":"SR22"},"C27":{"t":"C170"},"C2A":{"t":"CH7B"},"C2C":{"t":"P28A"},"C2D":{"t":"L8"},"C2E":{"t":"TOBA"},"C30":{"desc":"L1P"},"C31":{"t":"PA22"},"C32":{"t":"C150"},"C33":{"t":"AA1"},"C36":{"t":"T210"},"C38":{"t":"BE35"},"C3A":{"t":"C172"},"C3C":{"t":"P28A"},"C3D":{"desc":"L1P"},"C3E":{"t":"P28A"},"C3F":{"t":"PA32"},"C43":{"t":"P28A"},"C44":{"desc":"L1P"},"C46":{"desc":"L1P"},"C49":{"t":"C180"},"C4C":{"t":"C172"},"C4F":{"t":"P28A"},"C51":{"t":"EC30"},"C52":{"t":"ST75"},"C53":{"desc":"L1P"},"C56":{"t":"AA1"},"C5B":{"t":"BE33"},"C5D":{"t":"C172"},"C5E":{"desc":"H8E"},"C61":{"desc":"L1P"},"C67":{"desc":"L1P"},"C68":{"t":"PA32"},"C69":{"desc":"L1P"},"C6A":{"t":"PA18"},"C6B":{"t":"L11"},"C6C":{"t":"C180"},"C6E":{"t":"C172"},"C6F":{"t":"C172"},"C71":{"t":"P28A"},"C77":{"t":"PA22"},"C78":{"t":"C150"},"C79":{"t":"AA1"},"C7B":{"t":"C414"},"C7D":{"t":"C140"},"C80":{"t":"C172"},"C83":{"desc":"L1P"},"C85":{"t":"P28A"},"C86":{"desc":"L1P"},"C8A":{"t":"P28R"},"C8B":{"t":"P28B"},"C93":{"t":"CH7A"},"C94":{"t":"P28A"},"C9B":{"t":"C150"},"C9E":{"t":"T28"},"CA1":{"t":"BE35"},"CA4":{"t":"C185"},"CA8":{"t":"P28A"},"CA9":{"t":"P28A"},"CAB":{"desc":"L1P"},"CAC":{"desc":"L1P"},"CAD":{"t":"P28A"},"CAE":{"t":"P28A"},"CB1":{"t":"L11"},"CB3":{"t":"C170"},"CB4":{"t":"C172"},"CB5":{"t":"C172"},"CB7":{"t":"SR22"},"CB8":{"t":"P28A"},"CBF":{"t":"AA1"},"CC4":{"t":"BE58"},"CC9":{"desc":"L1P"},"CCA":{"t":"PA34"},"CCB":{"t":"P28R"},"CD1":{"t":"P28B"},"CD3":{"desc":"H1P"},"CD4":{"t":"A321"},"CD5":{"t":"ULAC"},"CD6":{"desc":"H2T"},"CD9":{"t":"GLID"},"CDD":{"desc":"H1P"},"CDE":{"t":"LJ31"},"CDF":{"t":"P28A"},"CE3":{"desc":"L1P"},"CE4":{"t":"DV20"},"CE5":{"t":"ULAC"},"CE8":{"t":"C82S"},"CED":{"t":"BE30"},"CEF":{"t":"CH7B"},"CF0":{"desc":"L1P"},"CF2":{"t":"EC35"},"CF7":{"desc":"L1P","t":"ULAC"},"CFA":{"desc":"L1P"},"CFC":{"desc":"L1P"},"D08":{"t":"B06"},"D09":{"t":"SR20"},"D0F":{"t":"LJ35"},"D10":{"t":"C210"},"D11":{"desc":"L1P"},"D16":{"t":"C240"},"D17":{"t":"C182"},"D1E":{"desc":"H1T"},"D20":{"t":"P32R"},"D22":{"t":"C82S"},"D26":{"desc":"L1P"},"D28":{"t":"H25B"},"D29":{"t":"M20T"},"D2E":{"t":"GLID"},"D39":{"t":"F2TH"},"D3E":{"t":"GLEX"},"D43":{"t":"A4"},"D49":{"t":"CL60"},"D55":{"t":"B763"},"D59":{"t":"FA7X"},"D61":{"desc":"L1P"},"D6B":{"desc":"H4E"},"D6C":{"t":"BE23"},"D6D":{"desc":"L1P"},"D7B":{"desc":"L1T","t":"M600"},"D82":{"t":"C182"},"D8D":{"desc":"L1T","t":"M600"},"D9B":{"t":"C550"},"D9D":{"t":"C182"},"DA7":{"t":"C650"},"DAB":{"t":"CL60"},"DAC":{"t":"GLID"},"DAD":{"t":"PA32"},"DB0":{"t":"GLF4"},"DCE":{"t":"C150"},"DD3":{"t":"P180"},"DD5":{"t":"P28A"},"DE6":{"t":"C25C"},"DE7":{"t":"HUSK"},"DE8":{"desc":"A1P"},"DE9":{"t":"C172"},"DEA":{"t":"GLF4"},"DEB":{"t":"C172"},"DF2":{"t":"M20T"},"DF7":{"desc":"L1P"},"DFF":{"t":"BE55"},"E0F":{"desc":"H4E"},"E18":{"desc":"L1P"},"E19":{"t":"GLF3"},"E24":{"desc":"L1P"},"E31":{"t":"BE55"},"E42":{"t":"GLEX"},"E4A":{"t":"C680"},"E4C":{"t":"ULAC"},"E4D":{"t":"ULAC"},"E4E":{"t":"GLID"},"E52":{"t":"C180"},"E54":{"t":"R44"},"E55":{"t":"B407"},"E5A":{"t":"BALL"},"E5F":{"t":"SR20"},"E63":{"t":"BL8"},"E64":{"t":"GLID"},"E66":{"desc":"L1P","t":"ULAC"},"E67":{"t":"S22T"},"E6B":{"t":"R22"},"E71":{"t":"BE55"},"E73":{"desc":"L1P"},"E75":{"t":"PA46"},"E78":{"desc":"H1P"},"E7A":{"t":"E75L"},"E7C":{"t":"PA18"},"E7F":{"t":"C510"},"E91":{"t":"C162"},"E92":{"t":"T6"},"E95":{"t":"BE36"},"EA3":{"t":"A306"},"EA6":{"t":"A321"},"EBE":{"desc":"L1P","t":"ULAC"},"EC0":{"t":"GLID"},"EC7":{"t":"C170"},"EE0":{"desc":"L1P"},"F0F":{"desc":"L1P"},"F12":{"desc":"L2T"},"F28":{"desc":"L1P","t":"ULAC"},"F2C":{"t":"A319"},"F2D":{"t":"L11"},"F2E":{"t":"C180"},"F34":{"t":"P28A"},"F38":{"desc":"L1P"},"F39":{"t":"PA22"},"F3F":{"t":"C120"},"F40":{"t":"PA46"},"F42":{"t":"C172"},"F44":{"t":"H269"},"F48":{"t":"P28A"},"F49":{"t":"P28A"},"F4F":{"t":"BALL"},"F50":{"t":"L11"},"F52":{"desc":"L1P"},"F53":{"t":"C172"},"F55":{"t":"CH7B"},"F57":{"t":"P28A"},"F5A":{"t":"ST75"},"F66":{"desc":"H8E"},"F68":{"t":"P28R"},"F6A":{"t":"P28B"},"F6B":{"t":"J2"},"F6C":{"t":"UH1"},"F6E":{"t":"P28A"},"F6F":{"t":"P28A"},"F70":{"t":"P28A"},"F73":{"t":"L11"},"F74":{"t":"C180"},"F76":{"t":"C172"},"F77":{"t":"C172"},"F78":{"t":"CH7A"},"F79":{"t":"P28A"},"F7A":{"t":"P28A"},"F7D":{"t":"C182"},"F7E":{"desc":"L1P"},"F7F":{"t":"PA22"},"F81":{"t":"AA1"},"F86":{"t":"BE35"},"F89":{"desc":"H8E"},"F8A":{"t":"P28A"},"F8B":{"t":"P28R"},"F8C":{"t":"P28B"},"F90":{"t":"P28A"},"F93":{"t":"P28R"},"F97":{"t":"H269"},"F9B":{"t":"CH7A"},"FA0":{"t":"C182"},"FA4":{"t":"AA1"},"FAA":{"t":"T210"},"FAF":{"t":"PA32"},"FB7":{"t":"T6"},"FB9":{"t":"L11"},"FBB":{"t":"C170"},"FBD":{"t":"C172"},"FBE":{"t":"CH7A"},"FC0":{"t":"P28A"},"FC3":{"t":"ST75"},"FC4":{"desc":"L1P"},"FC7":{"t":"AA1"},"FCC":{"t":"BE35"},"FCD":{"t":"T210"},"FCE":{"t":"C172"},"FD0":{"t":"P28A"},"FD1":{"t":"P28A"},"FD3":{"desc":"L1P"},"FD8":{"t":"P28A"},"FE3":{"t":"P28A"},"FE4":{"t":"L8"},"FE9":{"t":"C150"},"FEA":{"t":"AA1"},"FEF":{"t":"BE36"},"FF2":{"desc":"H8E"},"FF3":{"t":"P28A"},"FF4":{"t":"P28A"},"FF9":{"t":"B47G"},"FFA":{"t":"P28A"},"FFB":{"desc":"L1P"},"FFC":{"t":"P28A"},"FFE":{"t":"PA18"},"FFF":{"desc":"L1P"}}