{"002":{"desc":"L1T","t":"PA46"},"003":{"t":"C414"},"004":{"desc":"G1P","t":"GYRO"},"00D":{"t":"C56X"},"00E":{"desc":"L1P","t":"TB0"},"015":{"t":"SF50"},"01E":{"t":"HDJT"},"020":{"t":"LJ60"},"02A":{"desc":"L1P"},"02E":{"t":"E55P"},"02F":{"t":"C162"},"031":{"t":"E55P"},"035":{"t":"BE36"},"03A":{"t":"CH7B"},"047":{"desc":"L1P"},"05C":{"t":"P28A"},"060":{"t":"C68A"},"061":{"t":"DA40"},"068":{"t":"P28A"},"06B":{"desc":"L1P"},"06C":{"desc":"L2T"},"075":{"desc":"L1P"},"079":{"t":"BE35"},"07A":{"t":"C425"},"07B":{"t":"ULAC"},"07C":{"t":"SR20"},"087":{"t":"SR22"},"08A":{"t":"C172"},"08E":{"desc":"H8E"},"092":{"t":"GLID"},"09B":{"t":"GLF5"},"09D":{"t":"BE33"},"0A1":{"t":"CL60"},"0A7":{"t":"GLF6"},"0AB":{"t":"ERCO"},"0AC":{"desc":"H6E"},"0AE":{"desc":"L1P"},"0AF":{"t":"B429"},"0B1":{"t":"DA42"},"0B5":{"t":"GLF5"},"0BC":{"t":"S22T"},"0BD":{"desc":"H4E"},"0C1":{"t":"C680"},"0D5":{"t":"GLEX"},"0DD":{"desc":"L1P"},"0DF":{"desc":"L1P"},"0E0":{"desc":"L1P"},"0E4":{"desc":"L1P"},"0E7":{"t":"R44"},"0F1":{"t":"P46T"},"0F7":{"t":"T206"},"0F9":{"t":"ULAC"},"0FA":{"t":"P210"},"100":{"desc":"H1T"},"104":{"t":"BE60"},"106":{"t":"SR20"},"107":{"t":"GLID"},"108":{"t":"B06"},"109":{"t":"R44"},"10B":{"t":"CRJ2"},"10D":{"t":"E75L"},"110":{"t":"C182"},"111":{"t":"B407"},"112":{"t":"C182"},"11B":{"desc":"L1P"},"11F":{"t":"LJ35"},"124":{"desc":"L1P","t":"ULAC"},"125":{"desc":"L1P"},"126":{"t":"C510"},"128":{"t":"BE35"},"136":{"t":"A306"},"139":{"desc":"H6E"},"141":{"desc":"L1P"},"15B":{"t":"C402"},"162":{"desc":"L1P"},"166":{"t":"GLF4"},"16B":{"desc":"A2P"},"173":{"desc":"L1P"},"18C":{"t":"C172"},"1BD":{"t":"LJ60"},"1BF":{"t":"PA20"},"1C0":{"t":"L11"},"1C1":{"t":"C180"},"1C2":{"t":"C170"},"1C4":{"t":"C172"},"1C5":{"t":"CH7B"},"1C6":{"t":"P28S"},"1CD":{"t":"C150"},"1CE":{"t":"C82R"},"1D8":{"desc":"L1P"},"1DA":{"desc":"L1P"},"1E3":{"desc":"H4E"},"1E4":{"t":"C180"},"1E5":{"t":"C170"},"1E6":{"t":"CH7A"},"1E7":{"t":"C172"},"1E8":{"t":"CH7B"},"1EF":{"t":"PA22"},"1F3":{"t":"SR22"},"1F4":{"t":"T210"},"1FA":{"t":"B06"},"1FB":{"t":"FA24"},"1FC":{"t":"FA24"},"1FE":{"desc":"L1P"},"202":{"t":"FA24"},"205":{"t":"PA20"},"207":{"t":"C180"},"208":{"desc":"H8E"},"20A":{"t":"C172"},"20D":{"t":"P28A"},"214":{"t":"C82R"},"218":{"t":"C120"},"219":{"desc":"L1P","t":"ULAC"},"21B":{"t":"C172"},"21D":{"desc":"L1P"},"220":{"desc":"L1P"},"22A":{"t":"C172"},"230":{"t":"P28A"},"238":{"desc":"L1P"},"23C":{"t":"BE55"},"23E":{"t":"C172"},"23F":{"t":"C185"},"242":{"t":"B06"},"24C":{"t":"L11"},"24D":{"t":"C180"},"250":{"t":"C172"},"251":{"t":"CH7B"},"252":{"t":"P28A"},"253":{"t":"P28A"},"258":{"t":"PA22"},"25F":{"t":"BE35"},"261":{"t":"C172"},"262":{"t":"C82S"},"269":{"desc":"L1P"},"26B":{"desc":"L1P"},"26D":{"desc":"L1P"},"270":{"t":"C180"},"271":{"t":"C170"},"274":{"t":"CH7B"},"27B":{"t":"PA22"},"27C":{"t":"C150"},"27E":{"t":"BE9L"},"281":{"t":"C140"},"28A":{"desc":"L2T"},"28E":{"t":"FA24"},"290":{"desc":"H8E"},"291":{"t":"PA22"},"292":{"t":"L11"},"293":{"t":"C180"},"295":{"t":"C172"},"296":{"t":"C172"},"299":{"t":"P28A"},"29C":{"t":"C185"},"29F":{"t":"C150"},"2A4":{"t":"C120"},"2A7":{"t":"C172"},"2A8":{"t":"C185"},"2B5":{"t":"L11"},"2B6":{"t":"C172"},"2B9":{"t":"C172"},"2BA":{"t":"CH7B"},"2BC":{"t":"P28A"},"2C1":{"t":"PA22"},"2C8":{"t":"BE36"},"2C9":{"t":"T210"},"2CC":{"desc":"L1P"},"2CE":{"t":"FA24"},"2D4":{"desc":"L1P"},"2D5":{"desc":"L1P"},"2D6":{"t":"GLID"},"2D8":{"desc":"G1P"},"2D9":{"t":"C172"},"2DA":{"t":"C170"},"2DB":{"t":"C172"},"2DC":{"t":"C172"},"2DE":{"t":"P28A"},"2DF":{"t":"P28A"},"2E0":{"t":"L8"},"2E1":{"t":"C172"},"2E3":{"desc":"H6E"},"2E6":{"t":"C185"},"2E8":{"t":"P28A"},"2EA":{"t":"C172"},"2EB":{"t":"BE35"},"2EC":{"desc":"L1P"},"2EE":{"t":"C185"},"2F5":{"desc":"L1P"},"2F9":{"t":"ULAC"},"2FC":{"t":"T6"},"2FD":{"t":"C170"},"301":{"t":"P28A"},"302":{"t":"P28A"},"303":{"t":"L8"},"305":{"t":"C182"},"308":{"t":"C150"},"30B":{"t":"P28A"},"30D":{"desc":"H8E"},"311":{"t":"C185"},"314":{"desc":"H6E"},"316":{"t":"C172"},"317":{"t":"C172"},"319":{"t":"FA24"},"31D":{"desc":"L1P","t":"ULAC"},"31E":{"t":"B06"},"31F":{"t":"PA25"},"323":{"desc":"L1P"},"326":{"t":"C172"},"329":{"t":"C172"},"32B":{"desc":"L1P"},"32E":{"desc":"L1P"},"32F":{"t":"B737"},"336":{"t":"BALL"},"337":{"desc":"L2T"},"338":{"t":"S22T"},"339":{"desc":"L1P"},"33A":{"desc":"L1P"},"33C":{"desc":"L1P"},"341":{"desc":"L1P","t":"ULAC"},"346":{"desc":"L1P"},"347":{"desc":"L1P"},"348":{"t":"P28A"},"34B":{"t":"P32T"},"34E":{"desc":"L1P"},"350":{"desc":"L2T","t":"B752"},"351":{"t":"C172"},"352":{"desc":"L1P"},"353":{"t":"SR20"},"355":{"desc":"L2P"},"35B":{"desc":"L1P"},"35D":{"t":"C182"},"360":{"t":"R44"},"361":{"t":"FDCT"},"368":{"t":"T6"},"369":{"desc":"L1P","t":"ULAC"},"36A":{"t":"P28R"},"36C":{"t":"CH7B"},"370":{"t":"E300"},"372":{"t":"C310"},"374":{"t":"PTS2"},"376":{"t":"C182"},"378":{"t":"BE9L"},"379":{"desc":"G1P"},"37D":{"t":"SR22"},"380":{"t":"B763"},"381":{"desc":"L1P"},"383":{"t":"PA34"},"384":{"t":"C72R"},"392":{"desc":"H2T"},"397":{"t":"E300"},"399":{"t":"CH7B"},"39C":{"desc":"H4E"},"39F":{"t":"B763"},"3A1":{"desc":"A1P"},"3A3":{"t":"F900"},"3A5":{"t":"C177"},"3AB":{"desc":"L1P"},"3AC":{"t":"C180"},"3B4":{"desc":"L1P"},"3B6":{"desc":"L1P"},"3BB":{"desc":"L1P","t":"ULAC"},"3BE":{"t":"B190"},"3C3":{"t":"BT36"},"3C4":{"desc":"L1P"},"3CC":{"t":"M20P"},"3CE":{"t":"BE20"},"3CF":{"t":"C172"},"3DC":{"desc":"A1P"},"3DE":{"desc":"L1P"},"3E6":{"t":"C182"},"3E9":{"t":"BE20"},"3EC":{"desc":"L1P"},"3ED":{"desc":"H8E"},"3F1":{"t":"P210"},"3F3":{"t":"P28R"},"3F5":{"desc":"L1P"},"3F6":{"t":"C172"},"3F7":{"t":"AT8T"},"3FA":{"t":"C177"},"3FE":{"desc":"L1P"},"400":{"t":"BALL"},"402":{"t":"C182"},"40F":{"t":"C414"},"418":{"t":"BE58"},"419":{"t":"BALL"},"41F":{"t":"P28A"},"420":{"t":"LJ60"},"422":{"t":"GLEX"},"423":{"t":"GLID"},"425":{"t":"C172"},"430":{"t":"E300"},"432":{"desc":"H4E"},"433":{"desc":"H4E"},"435":{"t":"C172"},"436":{"t":"C441"},"438":{"desc":"L1P"},"439":{"desc":"L1P"},"43B":{"desc":"A1P"},"440":{"t":"S22T"},"441":{"desc":"L1P"},"446":{"desc":"L1P","t":"ULAC"},"449":{"t":"C180"},"44E":{"t":"C172"},"462":{"t":"BE35"},"464":{"desc":"L1P"},"465":{"t":"CH7B"},"469":{"t":"T210"},"46B":{"desc":"L1P"},"46D":{"desc":"L1P"},"46E":{"t":"P208"},"470":{"t":"C182"},"472":{"desc":"L1P"},"473":{"t":"DV20"},"474":{"t":"BALL"},"478":{"t":"C172"},"495":{"t":"CH7A"},"496":{"t":"T206"},"49C":{"desc":"L1P"},"49D":{"desc":"L1P"},"49F":{"t":"B06"},"4A4":{"t":"BE58"},"4A5":{"desc":"L1P"},"4A6":{"desc":"L1P"},"4A8":{"desc":"L1P"},"4A9":{"t":"BE20"},"4B1":{"t":"GLF5"},"4B5":{"desc":"L1P"},"4B7":{"desc":"L1P"},"4B9":{"desc":"L1P"},"4BB":{"t":"BE55"},"4BD":{"t":"SR20"},"4C0":{"t":"R44"},"4C2":{"t":"COL4"},"4C6":{"desc":"L1P"},"4C7":{"t":"GA5C"},"4C8":{"desc":"L1P"},"4C9":{"t":"GLF4"},"4CC":{"t":"C185"},"4CD":{"t":"BE36"},"4CF":{"t":"B407"},"4D6":{"desc":"L1P"},"4D7":{"desc":"L1P"},"4DB":{"desc":"L1P","t":"ULAC"},"4DC":{"t":"C240"},"4DF":{"desc":"L1P"},"4ED":{"t":"A306"},"4F4":{"t":"A321"},"50A":{"desc":"L2P"},"513":{"t":"C208"},"514":{"t":"C150"},"515":{"t":"C208"},"519":{"desc":"L1P"},"51F":{"desc":"L1P"},"522":{"t":"ERCO"},"526":{"t":"M4"},"52A":{"desc":"L1P"},"52F":{"desc":"L1P"},"535":{"desc":"L1P"},"540":{"desc":"L1P"},"577":{"t":"L11"},"57A":{"t":"CH7A"},"57B":{"t":"C172"},"57F":{"t":"L8"},"580":{"t":"C172"},"583":{"t":"PA22"},"584":{"t":"C150"},"585":{"t":"C185"},"58A":{"t":"BE35"},"58E":{"t":"FA24"},"58F":{"t":"FA24"},"592":{"t":"FA24"},"598":{"t":"GLID"},"599":{"t":"PA22"},"59B":{"t":"C180"},"59C":{"t":"C170"},"59D":{"t":"CH7A"},"59E":{"t":"C172"},"59F":{"t":"CH7B"},"5A0":{"t":"P28S"},"5A1":{"t":"P28A"},"5A4":{"desc":"L1P"},"5A5":{"t":"BL8"},"5A6":{"t":"PA22"},"5A8":{"t":"C82R"},"5B3":{"desc":"L1P","t":"ULAC"},"5B8":{"t":"C82S"},"5BB":{"desc":"L1P"},"5BC":{"t":"PA22"},"5BD":{"t":"L11"},"5BE":{"t":"C180"},"5C1":{"t":"C172"},"5C2":{"t":"CH7B"},"5C4":{"t":"P28A"},"5C6":{"t":"C82S"},"5C7":{"t":"C185"},"5C9":{"t":"PA22"},"5CD":{"t":"P28A"},"5D2":{"t":"C172"},"5D4":{"t":"B212"},"5DD":{"t":"B06"},"5DF":{"t":"PA22"},"5E1":{"t":"C180"},"5E3":{"t":"CH7A"},"5E8":{"t":"L8"},"5EE":{"t":"C82R"},"5F0":{"t":"P28A"},"5F2":{"t":"DA40"},"5F3":{"t":"BE35"},"5F7":{"t":"B212"},"5FC":{"t":"J2"},"606":{"t":"C172"},"60A":{"t":"P28A"},"60B":{"t":"L8"},"60C":{"t":"T206"},"60D":{"t":"C185"},"611":{"t":"C185"},"616":{"t":"BE36"},"621":{"desc":"L1P"},"624":{"desc":"L1P"},"625":{"t":"PA22"},"627":{"t":"C180"},"62B":{"t":"CH7B"},"62C":{"t":"P28A"},"62D":{"t":"P28A"},"630":{"t":"C182"},"631":{"t":"BALL"},"633":{"t":"C150"},"634":{"t":"C82R"},"638":{"t":"C140"},"639":{"t":"BE35"},"63A":{"t":"R44"},"643":{"t":"BE24"},"644":{"desc":"L1P"},"64A":{"t":"C180"},"64E":{"t":"CH7B"},"650":{"t":"P28A"},"657":{"t":"C82R"},"659":{"t":"P28A"},"65B":{"t":"C120"},"65C":{"t":"BE33"},"65D":{"t":"C210"},"65E":{"t":"C172"},"66A":{"desc":"L1P"},"671":{"t":"CH7A"},"672":{"t":"P28A"},"678":{"t":"PA22"},"67B":{"desc":"L1P"},"67C":{"t":"P28A"},"67F":{"t":"BE36"},"681":{"t":"C172"},"684":{"t":"J2"},"689":{"t":"E145"},"68C":{"t":"B06"},"68D":{"desc":"L1P"},"691":{"t":"C170"},"692":{"t":"CH7A"},"693":{"desc":"L1P"},"696":{"desc":"L1P"},"69B":{"t":"PA22"},"69C":{"t":"C150"},"69D":{"t":"C82R"},"6A1":{"t":"C172"},"6A2":{"t":"BE35"},"6A3":{"t":"C210"},"6A7":{"t":"E145"},"6AD":{"t":"E145"},"6B0":{"t":"GLID"},"6B3":{"t":"C180"},"6B7":{"t":"CH7A"},"6B8":{"t":"P28A"},"6BB":{"t":"C182"},"6BC":{"t":"C182"},"6C0":{"t":"C82R"},"6C2":{"t":"P28A"},"6C4":{"t":"C140"},"6C5":{"t":"BE36"},"6C8":{"t":"C185"},"6D0":{"desc":"L1P"},"6D3":{"t":"BE9L"},"6D4":{"t":"LJ35"},"6D6":{"t":"C210"},"6D7":{"t":"M20P"},"6D8":{"t":"M20P"},"6DA":{"t":"PA27"},"6DC":{"t":"LJ25"},"6DD":{"desc":"L1P"},"6DE":{"t":"PA27"},"6DF":{"desc":"L1P"},"6E0":{"t":"C414"},"6E1":{"t":"C56X"},"6E2":{"t":"AA1"},"6E3":{"t":"FA10"},"6E4":{"t":"P32R"},"6E5":{"t":"GLID"},"6E6":{"t":"BE76"},"6E7":{"t":"P32R"},"6E8":{"t":"P28A"},"6EA":{"t":"P28U"},"6EC":{"t":"LJ35"},"6ED":{"t":"GLID"},"6F1":{"t":"PA30"},"6F2":{"desc":"L1P"},"6F3":{"t":"GLID"},"6F5":{"t":"C182"},"6F6":{"desc":"L1P"},"6F7":{"desc":"L1P"},"6F9":{"t":"C172"},"6FB":{"t":"BE55"},"6FD":{"t":"BE58"},"6FE":{"t":"C172"},"702":{"t":"BE19"},"704":{"t":"BL8"},"705":{"desc":"H1P"},"706":{"desc":"L1P"},"708":{"t":"BE35"},"709":{"t":"BE35"},"70A":{"t":"BE36"},"70B":{"t":"B350"},"70C":{"desc":"L1P"},"70D":{"desc":"L1P"},"70F":{"t":"C206"},"710":{"desc":"L2T"},"711":{"t":"P28A"},"712":{"t":"PA30"},"713":{"t":"PRM1"},"714":{"t":"C425"},"716":{"t":"PA24"},"718":{"desc":"L1P"},"719":{"desc":"L1P"},"71B":{"desc":"L1P"},"71C":{"t":"SF50"},"722":{"t":"BE35"},"724":{"t":"B407"},"725":{"desc":"H1T"},"727":{"desc":"L1P"},"729":{"t":"M20P"},"72A":{"desc":"L2P"},"72B":{"t":"C77R"},"72C":{"desc":"L1P"},"72D":{"t":"PC12"},"72E":{"t":"FA20"},"730":{"desc":"L1P"},"731":{"t":"S22T"},"736":{"t":"E300"},"739":{"t":"BE36"},"73A":{"desc":"L1P"},"73C":{"t":"C56X"},"73E":{"desc":"L1P"},"73F":{"desc":"L1P"},"740":{"t":"BE20"},"743":{"desc":"L1P"},"744":{"t":"R44"},"745":{"t":"H25B"},"746":{"desc":"L1P"},"748":{"t":"RV12"},"749":{"t":"B58T"},"74D":{"t":"GLID"},"74E":{"desc":"L1P"},"750":{"desc":"L1P"},"751":{"t":"PA23"},"752":{"t":"C560"},"753":{"desc":"A1P"},"754":{"t":"C182"},"755":{"desc":"L1P"},"756":{"t":"BE35"},"758":{"t":"C150"},"759":{"t":"H60"},"75A":{"t":"GLF5"},"75B":{"desc":"L1P"},"75D":{"t":"M20P"},"761":{"t":"M7"},"762":{"t":"C550"},"763":{"desc":"L1P"},"765":{"t":"P28R"},"767":{"desc":"L1P","t":"ULAC"},"768":{"desc":"L1P"},"76A":{"desc":"L1P","t":"ULAC"},"76C":{"t":"BE17"},"76D":{"desc":"L1P"},"76F":{"desc":"L1P"},"770":{"t":"GLID"},"771":{"t":"B350"},"772":{"t":"GLID"},"774":{"desc":"L1P"},"775":{"t":"BE17"},"776":{"t":"C172"},"777":{"t":"C207"},"778":{"t":"B58T"},"77A":{"desc":"L1P"},"77B":{"desc":"L1P"},"77C":{"t":"AA5"},"77E":{"t":"BE36"},"77F":{"t":"C310"},"780":{"t":"GLEX"},"783":{"desc":"H1P"},"785":{"desc":"L1P"},"787":{"t":"P32R"},"78A":{"t":"MU2"},"78B":{"desc":"L1P"},"78C":{"t":"HDJT"},"791":{"t":"C182"},"792":{"desc":"L1J"},"794":{"t":"C210"},"795":{"t":"M20P"},"796":{"t":"GLID"},"797":{"t":"ECHO"},"798":{"t":"GLID"},"799":{"t":"UH1"},"79A":{"t":"HUSK"},"79B":{"t":"C172"},"79E":{"desc":"L1P"},"79F":{"t":"CH7B"},"7A0":{"t":"ERCO"},"7A2":{"t":"AC11"},"7A5":{"desc":"L1P"},"7A6":{"t":"BE36"},"7A7":{"desc":"L1J"},"7AD":{"t":"GLF6"},"7B0":{"t":"GLID"},"7B1":{"desc":"L1P"},"7B2":{"t":"ULAC"},"7B3":{"t":"C210"},"7B6":{"desc":"L1P"},"7B7":{"desc":"H2T"},"7B8":{"t":"BE33"},"7B9":{"t":"S22T"},"7BA":{"t":"SR22"},"7BB":{"desc":"A1P"},"7BC":{"t":"BE55"},"7BD":{"t":"BL8"},"7BE":{"t":"CL30"},"7BF":{"t":"BE9L"},"7C0":{"desc":"L1P","t":"ULAC"},"7C4":{"desc":"L4T"},"7C5":{"t":"BE55"},"7C7":{"desc":"L1P"},"7CA":{"t":"GLF4"},"7CE":{"desc":"A1P"},"7CF":{"t":"B412"},"7D1":{"t":"BE55"},"7D2":{"desc":"L1P"},"7D4":{"t":"P28A"},"7D5":{"t":"BE55"},"7D6":{"t":"P46T"},"7D7":{"t":"C525"},"7D8":{"t":"GLF3"},"7D9":{"desc":"L1P"},"7DB":{"desc":"H1P"},"7DC":{"t":"C550"},"7E2":{"desc":"L1P"},"7E3":{"desc":"L1P"},"7E4":{"desc":"L1T"},"7E7":{"desc":"L1P"},"7E8":{"t":"BE35"},"7E9":{"t":"PA30"},"7EA":{"t":"PA32"},"7EB":{"t":"PA32"},"7EC":{"t":"M20T"},"7EF":{"t":"C340"},"7F2":{"desc":"L1P"},"7F3":{"t":"C182"},"7F5":{"desc":"L1P"},"7F6":{"t":"UH12"},"7F7":{"t":"HUSK"},"7F8":{"t":"P28T"},"7FB":{"t":"C172"},"7FD":{"t":"M7"},"7FF":{"t":"ULAC"},"800":{"t":"ST75"},"801":{"t":"P28A"},"802":{"desc":"L1P"},"803":{"desc":"H4E"},"804":{"t":"GLF5"},"805":{"t":"PA18"},"806":{"t":"C206"},"807":{"t":"PA46"},"808":{"t":"J3"},"809":{"t":"C172"},"80A":{"desc":"L1P"},"80B":{"t":"E300"},"80C":{"t":"BE9L"},"80D":{"t":"C650"},"810":{"t":"B06"},"811":{"t":"M20P"},"812":{"t":"GLID"},"814":{"t":"PA12"},"815":{"t":"C414"},"816":{"t":"B06"},"819":{"t":"M7"},"81A":{"t":"P180"},"81B":{"desc":"L1P"},"81C":{"t":"PA22"},"81D":{"desc":"L1P"},"81E":{"desc":"L1P"},"81F":{"desc":"L1P"},"821":{"desc":"L1P"},"823":{"t":"BE35"},"824":{"t":"P46T"},"825":{"t":"M20P"},"827":{"desc":"L1P"},"82A":{"t":"PA31"},"82B":{"desc":"L1P"},"82E":{"desc":"L1P"},"82F":{"desc":"L1P"},"831":{"t":"P28A"},"835":{"t":"C25B"},"836":{"desc":"L1P"},"849":{"t":"PA34"},"84C":{"t":"M20T"},"84D":{"t":"J3"},"850":{"t":"BE33"},"851":{"desc":"L1P"},"853":{"desc":"L1P"},"856":{"desc":"L1P"},"857":{"t":"H25B"},"858":{"t":"P28A"},"859":{"t":"C510"},"85B":{"t":"C152"},"85C":{"desc":"L1P"},"85D":{"desc":"L1P"},"85F":{"desc":"L1P"},"860":{"t":"GLID"},"861":{"t":"GLF5"},"864":{"desc":"L1P"},"866":{"t":"BALL"},"867":{"t":"ST75"},"868":{"desc":"L1P"},"86A":{"t":"BE17"},"86B":{"t":"P28U"},"86C":{"desc":"H1P"},"86D":{"t":"C172"},"86F":{"t":"HUSK"},"871":{"t":"SR22"},"872":{"t":"B407"},"873":{"desc":"L2P"},"874":{"t":"C185"},"875":{"t":"B47G"},"876":{"desc":"L1P","t":"LA4"},"877":{"t":"SR20"},"879":{"t":"BE17"},"87A":{"desc":"L1P"},"87B":{"t":"GC1"},"87C":{"t":"GLID"},"87D":{"t":"C337"},"87E":{"t":"PA24"},"87F":{"t":"C170"},"880":{"t":"C210"},"881":{"t":"GLID"},"882":{"t":"CL60"},"883":{"t":"T6"},"884":{"desc":"L1P"},"886":{"t":"C441"},"887":{"t":"BE60"},"88A":{"desc":"L1P"},"88D":{"t":"C510"},"88E":{"desc":"A1P"},"88F":{"desc":"L1P"},"891":{"t":"H25B"},"892":{"t":"B06"},"893":{"t":"C560"},"896":{"t":"C310"},"898":{"t":"L8"},"899":{"t":"CL30"},"8A0":{"t":"SR22"},"8A4":{"t":"C172"},"8A7":{"t":"BE36"},"8B0":{"t":"BE20"},"8B1":{"t":"C525"},"8B2":{"t":"BE9L"},"8B4":{"desc":"A1P"},"8B5":{"desc":"L1P"},"8B6":{"t":"PA17"},"8B7":{"desc":"H1P"},"8B8":{"desc":"H1P"},"8BB":{"t":"BE35"},"8BD":{"desc":"L1P"},"8BF":{"desc":"L1P","t":"ULAC"},"8C1":{"desc":"L1T"},"8C3":{"desc":"L2T"},"8C6":{"t":"NAVI"},"8C8":{"desc":"L4P"},"8C9":{"desc":"L1P"},"8CB":{"t":"B350"},"8CC":{"desc":"L1P"},"8CD":{"t":"PA27"},"8CE":{"t":"BE35"},"8CF":{"t":"BE20"},"8D0":{"desc":"A1P"},"8D1":{"t":"M20P"},"8D2":{"t":"HUSK"},"8D3":{"desc":"L1P"},"8D5":{"t":"BE36"},"8D6":{"t":"BE55"},"8D9":{"t":"S108"},"8DF":{"desc":"L1P"},"8E0":{"t":"BE36"},"8E2":{"desc":"L1P","t":"ULAC"},"8E4":{"desc":"L1P"},"8E5":{"t":"ULAC"},"8E8":{"desc":"L1P","t":"ULAC"},"8E9":{"desc":"H1T"},"8EB":{"desc":"L1P"},"8EF":{"t":"R66"},"8F1":{"t":"C750"},"8F2":{"desc":"L1P"},"8F3":{"desc":"L1P"},"8FA":{"desc":"L1P"},"8FC":{"t":"EN28"},"8FD":{"t":"GLID"},"904":{"t":"YK55"},"908":{"t":"SR20"},"90A":{"t":"C182"},"90B":{"t":"H269"},"911":{"desc":"L1P"},"914":{"t":"YAK3"},"916":{"t":"SR20"},"921":{"t":"C680"},"924":{"t":"C170"},"929":{"desc":"L2P"},"92B":{"t":"GLID"},"92C":{"t":"C170"},"92D":{"t":"C170"},"92F":{"desc":"L1P","t":"ULAC"},"930":{"t":"C182"},"934":{"t":"C170"},"937":{"t":"C170"},"939":{"t":"B06"},"93D":{"t":"C170"},"93E":{"t":"C170"},"93F":{"t":"C172"},"941":{"desc":"A1P"},"942":{"t":"C170"},"945":{"t":"C170"},"946":{"t":"C170"},"947":{"t":"H269"},"948":{"t":"C170"},"949":{"desc":"L1P"},"94A":{"desc":"L1P"},"94B":{"t":"C170"},"94D":{"t":"C170"},"950":{"t":"C170"},"956":{"desc":"L1P"},"957":{"t":"C170"},"958":{"t":"C170"},"95B":{"t":"ST75"},"960":{"t":"C172"},"961":{"desc":"H1T"},"963":{"t":"SR20"},"965":{"t":"C170"},"969":{"desc":"L1P"},"96A":{"t":"C170"},"96D":{"t":"C170"},"974":{"t":"C170"},"978":{"t":"C170"},"97A":{"desc":"L1P"},"97E":{"t":"C170"},"97F":{"t":"C170"},"983":{"t":"SR22"},"984":{"t":"C170"},"985":{"desc":"L1P"},"986":{"t":"C170"},"988":{"t":"GLID"},"989":{"t":"DA40"},"98D":{"t":"C170"},"992":{"t":"EA50"},"993":{"t":"P337"},"994":{"t":"C170"},"999":{"t":"E170"},"99A":{"t":"SR22"},"9A1":{"t":"C170"},"9A3":{"t":"C170"},"9AA":{"t":"C170"},"9AE":{"t":"SR22"},"9AF":{"t":"B763"},"9B0":{"t":"GLID"},"9B6":{"t":"C170"},"9BA":{"desc":"H1T"},"9BB":{"t":"C170"},"9C3":{"t":"C170"},"9C4":{"t":"C170"},"9C5":{"desc":"L1P"},"9C6":{"t":"C170"},"9CE":{"t":"B190"},"9CF":{"desc":"L1P"},"9D1":{"t":"BALL"},"9D3":{"desc":"H4E"},"9DF":{"t":"C208"},"9E2":{"t":"B47G"},"9EA":{"t":"BE33"},"9EC":{"t":"A109"},"9ED":{"t":"PA34"},"9EE":{"t":"C170"},"9F5":{"t":"C170"},"9F6":{"t":"C170"},"9F7":{"t":"C170"},"9F8":{"t":"BE20"},"9FA":{"t":"C170"},"9FC":{"t":"C170"},"9FF":{"t":"C170"},"A00":{"t":"C170"},"A05":{"t":"C170"},"A06":{"t":"C150"},"A07":{"t":"C170"},"A0A":{"t":"C170"},"A10":{"t":"C170"},"A11":{"desc":"L1P"},"A16":{"t":"C170"},"A1A":{"t":"C170"},"A1F":{"t":"C150"},"A20":{"t":"C170"},"A23":{"t":"C170"},"A27":{"t":"C170"},"A28":{"t":"P46T"},"A29":{"t":"BALL"},"A2A":{"t":"C170"},"A2C":{"t":"C170"},"A2F":{"t":"P28A"},"A33":{"t":"C170"},"A40":{"t":"BE35"},"A41":{"t":"DA40"},"A42":{"t":"C170"},"A43":{"desc":"H2T"},"A46":{"desc":"L1P"},"A4B":{"t":"CH7A"},"A4C":{"desc":"L1P"},"A50":{"t":"C25A"},"A51":{"t":"C170"},"A52":{"t":"BALL"},"A53":{"t":"C525"},"A55":{"t":"C170"},"A59":{"t":"C170"},"A61":{"desc":"L1P"},"A6F":{"desc":"L1P"},"A72":{"t":"PT22"},"A73":{"desc":"L2T"},"A74":{"t":"C170"},"A75":{"t":"JS31"},"A76":{"t":"R66"},"A79":{"t":"SR20"},"A7C":{"desc":"L1P"},"A7E":{"t":"GLID"},"A80":{"t":"C170"},"A81":{"t":"CRJ9"},"A82":{"t":"C170"},"A83":{"t":"C170"},"A84":{"t":"C170"},"A89":{"t":"C170"},"A8B":{"t":"EN28"},"AA4":{"desc":"L1P"},"AA6":{"t":"C172"},"AA9":{"t":"C170"},"AAC":{"t":"C170"},"AAE":{"t":"C170"},"AAF":{"t":"BE20"},"AB0":{"desc":"L1P"},"AB2":{"t":"C170"},"AB4":{"desc":"L2J"},"AB5":{"t":"C170"},"AB9":{"t":"C170"},"ABD":{"t":"BE17"},"ABF":{"t":"C170"},"AC0":{"t":"B06"},"AC2":{"t":"BE9L"},"AC3":{"t":"BALL"},"AC4":{"t":"SR22"},"AC5":{"desc":"L2J"},"AC6":{"t":"C170"},"AC7":{"t":"C172"},"AC8":{"t":"C170"},"ACB":{"t":"C172"},"ACD":{"t":"SR22"},"ACE":{"t":"B47G"},"ACF":{"t":"C170"},"AD0":{"t":"C152"},"AD2":{"t":"GLEX"},"AD4":{"t":"E75L"},"AD6":{"t":"PA18"},"AD7":{"t":"PA27"},"AD8":{"t":"PA34"},"AD9":{"t":"C170"},"ADA":{"t":"C170"},"ADF":{"desc":"H1P"},"AE2":{"t":"C25A"},"AE4":{"t":"C170"},"AE8":{"t":"GLID"},"AE9":{"t":"P06T"},"AEC":{"desc":"L1P","t":"ULAC"},"AEF":{"t":"C170"},"AFD":{"t":"A306"},"B00":{"t":"A321"},"B04":{"t":"C170"},"B08":{"t":"C170"},"B18":{"desc":"L1P","t":"ULAC"},"B1D":{"t":"C170"},"B22":{"desc":"L1P"},"B24":{"t":"CL30"},"B27":{"t":"BE9L"},"B2C":{"desc":"L2P"},"B31":{"t":"C170"},"B32":{"t":"C170"},"B33":{"t":"PA12"},"B36":{"desc":"L1P","t":"ULAC"},"B38":{"t":"C170"},"B51":{"t":"E75L"},"B53":{"t":"C170"},"B85":{"t":"AEST"},"B87":{"t":"BE35"},"B88":{"t":"C180"},"B89":{"t":"C170"},"B8A":{"t":"CH7A"},"B8B":{"t":"GLID"},"B8E":{"t":"P28A"},"B91":{"t":"C337"},"B94":{"t":"C150"},"B9B":{"t":"BE35"},"B9F":{"t":"C150"},"BA0":{"t":"B78X"},"BA2":{"t":"C150"},"BA5":{"desc":"L1P"},"BA7":{"t":"C150"},"BA8":{"t":"C172"},"BA9":{"t":"PA18"},"BAA":{"desc":"L1P","t":"ULAC"},"BAB":{"desc":"L1P"},"BAC":{"t":"M20P"},"BAD":{"t":"P32T"},"BB0":{"t":"CH7B"},"BB2":{"desc":"L1P"},"BB3":{"desc":"L1P"},"BB6":{"t":"PA22"},"BB7":{"t":"C150"},"BB8":{"t":"C185"},"BB9":{"desc":"L1P"},"BBA":{"t":"P28A"},"BBC":{"t":"C172"},"BBD":{"t":"BE35"},"BC0":{"desc":"L1P"},"BC1":{"desc":"L1P"},"BC2":{"t":"C182"},"BC5":{"t":"C150"},"BC6":{"t":"B78X"},"BC7":{"t":"C150"},"BC8":{"t":"B78X"},"BCA":{"t":"C177"},"BCD":{"t":"ST75"},"BCE":{"t":"C180"},"BD0":{"t":"C172"},"BD3":{"t":"P28A"},"BD7":{"t":"ST75"},"BDA":{"t":"C150"},"BDB":{"t":"C82R"},"BDD":{"t":"BE55"},"BDF":{"t":"C172"},"BE5":{"t":"C150"},"BEA":{"desc":"L1P"},"BED":{"desc":"L1P"},"BEF":{"t":"PA22"},"BF3":{"t":"CH7A"},"BF7":{"t":"P28A"},"BFA":{"t":"C182"},"BFB":{"t":"C120"},"BFC":{"t":"PA22"},"BFD":{"t":"C150"},"BFE":{"desc":"H4E"},"C00":{"t":"P28A"},"C03":{"t":"BE35"},"C0A":{"t":"C150"},"C0F":{"desc":"L1P"},"C10":{"t":"C150"},"C15":{"t":"C170"},"C17":{"desc":"L1P"},"C1C":{"desc":"L1P"},"C1D":{"t":"ST75"},"C20":{"t":"C182"},"C23":{"t":"P28A"},"C24":{"desc":"L1P"},"C25":{"t":"C140"},"C26":{"t":"BE55"},"C2A":{"desc":"L1P"},"C2D":{"t":"C150"},"C2F":{"t":"C150"},"C31":{"t":"C150"},"C32":{"t":"C150"},"C33":{"t":"C177"},"C34":{"desc":"L1J"},"C36":{"t":"ST75"},"C37":{"t":"C68A"},"C38":{"t":"C170"},"C3A":{"t":"C172"},"C3B":{"t":"BE33"},"C3D":{"t":"P28A"},"C40":{"t":"P28R"},"C44":{"t":"C82R"},"C46":{"t":"P28A"},"C48":{"t":"C172"},"C4C":{"t":"CH7B"},"C4D":{"t":"C177"},"C4E":{"desc":"L1P"},"C4F":{"t":"C177"},"C50":{"t":"C170"},"C52":{"t":"P06T"},"C54":{"desc":"L1P"},"C55":{"desc":"L1P"},"C56":{"t":"C82R"},"C59":{"t":"PA12"},"C5B":{"t":"C170"},"C5C":{"t":"CH7A"},"C5E":{"t":"BE55"},"C60":{"t":"P28A"},"C63":{"t":"C337"},"C69":{"t":"P28A"},"C6B":{"t":"C140"},"C6C":{"t":"BE36"},"C70":{"t":"C150"},"C71":{"t":"BE17"},"C74":{"t":"BE17"},"C75":{"t":"C150"},"C78":{"t":"C177"},"C79":{"t":"C150"},"C7A":{"t":"M20P"},"C7B":{"t":"PA22"},"C7E":{"t":"C170"},"C80":{"t":"C172"},"C82":{"t":"P28R"},"C84":{"t":"L8"},"C86":{"t":"ST75"},"C89":{"t":"C150"},"C8A":{"desc":"H4E"},"C8B":{"t":"DA40"},"C8C":{"t":"PA23"},"C8F":{"t":"BE36"},"C94":{"t":"BE17"},"C95":{"t":"BE17"},"C96":{"t":"BE17"},"C97":{"t":"BE17"},"C9A":{"t":"C150"},"C9B":{"t":"BE17"},"C9C":{"t":"P28A"},"C9E":{"desc":"L1P"},"C9F":{"t":"ST75"},"CA0":{"t":"C180"},"CA3":{"t":"C172"},"CA9":{"t":"ST75"},"CAB":{"t":"PA22"},"CAC":{"t":"C150"},"CAD":{"t":"C185"},"CAF":{"t":"P28A"},"CB0":{"t":"C120"},"CB1":{"t":"C120"},"CB2":{"t":"BE35"},"CB5":{"t":"C336"},"CB6":{"t":"PA18"},"CB8":{"t":"BE17"},"CB9":{"t":"BE17"},"CBB":{"t":"DC10"},"CBC":{"desc":"L1P"},"CC1":{"t":"B763"},"CC3":{"t":"C180"},"CC4":{"desc":"L1P"},"CC9":{"t":"P28A"},"CCC":{"desc":"H8E"},"CD2":{"t":"C182"},"CD9":{"desc":"L1P"},"CDA":{"t":"C177"},"CDC":{"desc":"L1P"},"CE1":{"t":"C150"},"CE3":{"desc":"L1P"},"CE4":{"desc":"H1P"},"CE5":{"t":"C510"},"CE6":{"desc":"L1P"},"CEB":{"desc":"H1P"},"CEE":{"t":"GLID"},"CF0":{"t":"CL60"},"CF4":{"t":"LJ31"},"CF6":{"desc":"L2T"},"CF9":{"desc":"L1P"},"D00":{"t":"T210"},"D05":{"desc":"L1P"},"D08":{"t":"DA40"},"D12":{"t":"G164"},"D16":{"t":"S108"},"D17":{"t":"PA44"},"D18":{"t":"DA40"},"D19":{"desc":"L1P"},"D1A":{"t":"SR20"},"D1B":{"t":"BE36"},"D1F":{"t":"B190"},"D20":{"desc":"L4P"},"D22":{"desc":"L1P"},"D24":{"t":"C172"},"D26":{"t":"BL8"},"D27":{"t":"C240"},"D2F":{"desc":"L2P"},"D30":{"desc":"L1P","t":"ULAC"},"D31":{"desc":"L1P","t":"ULAC"},"D32":{"t":"BE20"},"D35":{"t":"B58T"},"D36":{"desc":"L1P"},"D37":{"desc":"H1P"},"D3A":{"desc":"L1P"},"D3B":{"t":"GLID"},"D3C":{"t":"B763"},"D3F":{"desc":"L1P"},"D40":{"desc":"L1P"},"D47":{"t":"B763"},"D48":{"desc":"L1P"},"D51":{"desc":"L1P"},"D56":{"t":"P28A"},"D59":{"t":"C182"},"D5E":{"t":"FA7X"},"D61":{"t":"BE55"},"D63":{"t":"BE55"},"D65":{"desc":"H4E"},"D6C":{"desc":"L2T"},"D72":{"desc":"L1P"},"D7A":{"t":"P32T"},"D7B":{"desc":"L2J","t":"GA7C"},"D7C":{"desc":"L1P"},"D7D":{"desc":"L2T"},"D8B":{"t":"M5"},"D8C":{"t":"E300"},"D93":{"t":"BE35"},"D95":{"t":"CH7A"},"D9B":{"desc":"H1P"},"DA1":{"t":"P46T"},"DA4":{"t":"M7"},"DA5":{"t":"SR22"},"DAB":{"t":"S22T"},"DAC":{"t":"BE35"},"DAE":{"t":"P28R"},"DAF":{"t":"GLF4"},"DB0":{"t":"BE55"},"DB3":{"desc":"L1P"},"DB4":{"t":"SF50"},"DB5":{"t":"GL5T"},"DB7":{"t":"C172"},"DBA":{"t":"PAY2"},"DBC":{"t":"PTS2"},"DBD":{"t":"C340"},"DC5":{"desc":"L1P","t":"ULAC"},"DCF":{"desc":"L1P"},"DD6":{"t":"C210"},"DD7":{"desc":"L1P"},"DDE":{"desc":"L1P"},"DDF":{"desc":"L1J"},"DE1":{"desc":"L1P","t":"ULAC"},"DE3":{"desc":"H4E"},"DE9":{"t":"BALL"},"DEC":{"t":"C82S"},"DF8":{"t":"SR22"},"DFA":{"desc":"L1P"},"DFB":{"t":"H25B"},"DFC":{"t":"C172"},"DFD":{"desc":"L1P"},"DFF":{"t":"C82R"},"E01":{"desc":"L1T"},"E02":{"desc":"L1P"},"E03":{"desc":"L1P"},"E08":{"t":"BE9L"},"E2A":{"desc":"L2T"},"E2B":{"t":"BE36"},"E2C":{"t":"RV12"},"E2D":{"t":"EC45"},"E2F":{"t":"BT36"},"E30":{"t":"ULAC"},"E34":{"desc":"H1T"},"E3A":{"t":"DA40"},"E3B":{"desc":"H8E"},"E42":{"t":"C172"},"E45":{"desc":"H4E"},"E5C":{"t":"C172"},"E5D":{"desc":"L1P","t":"ULAC"},"E5F":{"desc":"H4E"},"E64":{"t":"C150"},"E66":{"t":"B06"},"E67":{"t":"C206"},"E69":{"t":"BE35"},"E6C":{"t":"T206"},"E74":{"desc":"L1P"},"E75":{"t":"B06"},"E76":{"desc":"L1P"},"E77":{"t":"C172"},"E7A":{"t":"DA40"},"E7C":{"t":"R44"},"E7E":{"t":"C172"},"E82":{"t":"C182"},"E84":{"t":"SR22"},"E85":{"t":"GLID"},"E86":{"t":"C182"},"E8B":{"t":"E75L"},"E8F":{"desc":"L1P"},"E90":{"desc":"L1P"},"E91":{"t":"SR22"},"E94":{"t":"FA50"},"E96":{"t":"P210"},"E98":{"desc":"L1P"},"E99":{"t":"T210"},"E9B":{"desc":"L1P"},"E9E":{"t":"SR22"},"EA2":{"t":"P32R"},"EA3":{"t":"S22T"},"EA6":{"t":"C182"},"EA7":{"t":"B744"},"EB4":{"t":"A306"},"EB7":{"t":"A321"},"EB8":{"t":"C510"},"EC0":{"t":"C172"},"ED1":{"t":"SR22"},"ED8":{"desc":"L1P"},"ED9":{"t":"P28A"},"EDA":{"t":"C182"},"EDB":{"t":"R44"},"EE1":{"t":"C501"},"EE4":{"t":"PA27"},"EE8":{"desc":"L1P"},"EEA":{"t":"R44"},"EED":{"desc":"L1P"},"EF1":{"t":"BE35"},"F07":{"t":"GLID"},"F0A":{"t":"BE35"},"F23":{"desc":"L2P"},"F3C":{"desc":"L1J"},"F3D":{"t":"BE58"},"F3F":{"t":"C180"},"F42":{"t":"C172"},"F43":{"t":"C182"},"F44":{"t":"C310"},"F45":{"t":"P28A"},"F4E":{"t":"P28A"},"F50":{"t":"C140"},"F56":{"t":"C150"},"F57":{"t":"C177"},"F59":{"t":"B752"},"F5A":{"t":"B752"},"F5B":{"t":"C150"},"F5C":{"desc":"L1P"},"F5D":{"t":"E45X"},"F5F":{"desc":"L1P"},"F62":{"t":"C180"},"F63":{"desc":"L1P"},"F69":{"desc":"L1P"},"F6E":{"desc":"L1P"},"F6F":{"desc":"L1P"},"F71":{"t":"P28B"},"F73":{"t":"BE55"},"F74":{"t":"C182"},"F75":{"desc":"L1P"},"F7A":{"t":"ST75"},"F7B":{"t":"SR22"},"F7D":{"t":"E45X"},"F7E":{"desc":"L1P"},"F80":{"desc":"L1P"},"F81":{"desc":"L1P"},"F82":{"desc":"L1P","t":"ULAC"},"F84":{"t":"ST75"},"F85":{"t":"C180"},"F86":{"t":"C170"},"F87":{"t":"CH7A"},"F8A":{"t":"C310"},"F8B":{"t":"P28A"},"F8C":{"t":"L8"},"F8E":{"desc":"L1P"},"F8F":{"t":"C120"},"F91":{"t":"C150"},"F93":{"t":"C182"},"F94":{"t":"P28A"},"F9D":{"t":"B752"},"F9E":{"t":"P32R"},"FA1":{"t":"B752"},"FA3":{"t":"B752"},"FA4":{"t":"UH12"},"FA8":{"t":"C182"},"FAA":{"t":"CH7A"},"FAC":{"t":"BE35"},"FAD":{"t":"S22T"},"FAE":{"t":"P28A"},"FAF":{"t":"L8"},"FB1":{"t":"C337"},"FB3":{"desc":"L1J"},"FB4":{"t":"C150"},"FB5":{"t":"C82R"},"FB9":{"t":"C172"},"FC0":{"t":"C82R"},"FC1":{"t":"B752"},"FC2":{"t":"C150"},"FC4":{"t":"C150"},"FC5":{"t":"C177"},"FC6":{"t":"E45X"},"FC7":{"t":"B752"},"FC9":{"desc":"L1P"},"FCA":{"t":"PA18"},"FCB":{"t":"C180"},"FCC":{"t":"C170"},"FCD":{"t":"CH7A"},"FCF":{"t":"BE33"},"FD1":{"t":"P28A"},"FD4":{"t":"ST75"},"FD7":{"t":"C150"},"FDA":{"t":"C172"},"FE2":{"t":"C150"},"FE3":{"t":"C177"},"FE4":{"t":"C150"},"FE5":{"desc":"L1P"},"FE7":{"t":"E45X"},"FEA":{"desc":"L1P"},"FEB":{"t":"GLID"},"FED":{"t":"ST75"},"FEE":{"t":"C180"},"FEF":{"t":"C170"},"FF0":{"t":"CH7A"},"FF1":{"t":"C172"},"FF5":{"t":"L8"},"FF6":{"t":"T206"},"FF7":{"t":"ST75"},"FF8":{"t":"C120"},"FFD":{"t":"C172"}}