{"000":{"t":"BE33"},"002":{"t":"PA27"},"00A":{"t":"CRJ2"},"00D":{"t":"E45X"},"00F":{"t":"PA22"},"010":{"desc":"H8E"},"011":{"t":"C180"},"013":{"t":"C310"},"016":{"t":"P32R"},"017":{"t":"P28A"},"01A":{"t":"J3"},"01C":{"t":"PA22"},"01E":{"t":"C82R"},"020":{"t":"P28A"},"024":{"t":"C210"},"02E":{"t":"H500"},"030":{"t":"E45X"},"031":{"desc":"L1P"},"032":{"t":"PA22"},"038":{"desc":"L1P"},"03B":{"t":"L8"},"03C":{"t":"M20T"},"03E":{"t":"C120"},"03F":{"t":"ULAC"},"041":{"t":"T206"},"042":{"t":"B58T"},"045":{"t":"C172"},"046":{"t":"BE35"},"047":{"t":"T210"},"048":{"t":"C206"},"04A":{"t":"C150"},"04B":{"t":"J3"},"04C":{"t":"C177"},"04D":{"t":"C177"},"04E":{"t":"C150"},"050":{"t":"C150"},"051":{"t":"C177"},"053":{"desc":"L1P"},"054":{"desc":"H1P"},"055":{"t":"PC24"},"056":{"desc":"L1P"},"058":{"t":"C170"},"059":{"t":"C310"},"05A":{"t":"C172"},"05B":{"t":"BE33"},"05C":{"t":"C310"},"05D":{"t":"AC11"},"060":{"desc":"L1P"},"062":{"t":"PA22"},"064":{"t":"C185"},"066":{"desc":"L1P"},"06D":{"t":"C180"},"06E":{"t":"C150"},"072":{"t":"E45X"},"073":{"t":"C177"},"074":{"t":"C177"},"076":{"t":"C177"},"079":{"t":"ST75"},"07B":{"t":"C170"},"07D":{"t":"C172"},"083":{"t":"CH7A"},"086":{"t":"C150"},"08C":{"t":"RV12"},"090":{"desc":"L1P"},"095":{"desc":"L1P"},"096":{"t":"E45X"},"097":{"desc":"L1P"},"098":{"desc":"L1P"},"09A":{"desc":"L1P"},"09B":{"t":"C172"},"09C":{"t":"C180"},"09E":{"t":"S64"},"09F":{"t":"C172"},"0A0":{"t":"AS50"},"0A1":{"t":"PC12"},"0A4":{"t":"B752"},"0A5":{"t":"C172"},"0A6":{"t":"C172"},"0A7":{"t":"C172"},"0A9":{"t":"C172"},"0AB":{"t":"C172"},"0AC":{"t":"ULAC"},"0AD":{"t":"C172"},"0AF":{"t":"C172"},"0B0":{"desc":"L1P","t":"ULAC"},"0B4":{"t":"C172"},"0B5":{"t":"C172"},"0B6":{"t":"C172"},"0B7":{"t":"C172"},"0B8":{"t":"C72R"},"0B9":{"t":"C172"},"0BA":{"t":"C172"},"0BC":{"t":"C172"},"0BE":{"t":"C172"},"0BF":{"t":"C172"},"0C0":{"t":"C172"},"0C1":{"t":"C172"},"0C4":{"t":"C172"},"0C5":{"t":"C172"},"0C6":{"t":"C172"},"0C9":{"t":"C172"},"0CA":{"t":"C172"},"0CE":{"t":"C172"},"0CF":{"t":"C172"},"0D0":{"t":"C172"},"0D1":{"t":"C172"},"0D2":{"t":"C72R"},"0D3":{"t":"C172"},"0D4":{"t":"C172"},"0D5":{"t":"C172"},"0D6":{"t":"C172"},"0D7":{"t":"C172"},"0D8":{"t":"C172"},"0DA":{"t":"C172"},"0DB":{"t":"C172"},"0E2":{"t":"C172"},"0E4":{"t":"C172"},"0E6":{"desc":"L1P"},"0E7":{"t":"C172"},"0E8":{"t":"C172"},"0EA":{"t":"C172"},"0EC":{"t":"C172"},"0EE":{"desc":"L2P"},"0F0":{"t":"C172"},"0F1":{"t":"C172"},"0F2":{"t":"C172"},"0F3":{"t":"B763"},"0F4":{"t":"C72R"},"0F6":{"t":"C172"},"0F7":{"t":"C172"},"0F8":{"t":"C172"},"0FA":{"t":"C172"},"0FB":{"desc":"H4E"},"0FE":{"t":"B763"},"0FF":{"t":"C172"},"101":{"t":"C172"},"102":{"t":"C172"},"104":{"desc":"L2T"},"105":{"t":"C172"},"106":{"t":"C172"},"10A":{"t":"C172"},"10B":{"t":"C172"},"10D":{"t":"C172"},"10E":{"t":"C172"},"10F":{"t":"TAMP"},"110":{"t":"C172"},"114":{"t":"C172"},"115":{"t":"GALX"},"117":{"t":"C172"},"118":{"t":"C172"},"119":{"t":"C172"},"11B":{"t":"C172"},"11C":{"desc":"L1P"},"11D":{"t":"B763"},"11F":{"t":"C172"},"121":{"t":"F2TH"},"122":{"t":"C172"},"124":{"t":"C172"},"125":{"t":"C172"},"126":{"t":"C172"},"128":{"t":"C172"},"12A":{"t":"C172"},"12B":{"t":"C172"},"12D":{"t":"C172"},"12E":{"t":"C172"},"131":{"t":"C172"},"132":{"t":"B190"},"133":{"t":"C172"},"134":{"t":"C172"},"137":{"t":"C172"},"138":{"t":"C172"},"139":{"t":"C172"},"13B":{"t":"C172"},"13C":{"t":"C172"},"13D":{"t":"C172"},"141":{"t":"C172"},"142":{"t":"C172"},"143":{"t":"C172"},"145":{"t":"C172"},"146":{"t":"C172"},"147":{"t":"C172"},"14A":{"t":"C172"},"14E":{"t":"C172"},"150":{"t":"C172"},"151":{"t":"C172"},"155":{"t":"C172"},"158":{"t":"C172"},"15A":{"t":"C172"},"15C":{"t":"C172"},"15F":{"t":"C172"},"160":{"t":"C172"},"164":{"t":"C172"},"165":{"t":"C172"},"167":{"t":"C172"},"168":{"t":"C172"},"16A":{"t":"C172"},"16B":{"t":"C172"},"16C":{"t":"C172"},"16D":{"t":"C172"},"16E":{"t":"C172"},"16F":{"t":"C172"},"170":{"t":"C172"},"171":{"t":"C172"},"174":{"t":"PC12"},"175":{"t":"C172"},"177":{"t":"C172"},"17C":{"desc":"L1P"},"17D":{"t":"C72R"},"17F":{"t":"C172"},"180":{"t":"C172"},"183":{"t":"C172"},"185":{"t":"C172"},"186":{"t":"C172"},"18A":{"t":"C172"},"18C":{"t":"C172"},"18D":{"t":"C172"},"18E":{"desc":"L1P"},"191":{"t":"C172"},"193":{"t":"C172"},"196":{"desc":"L1J"},"197":{"t":"RV12"},"198":{"t":"C172"},"19B":{"t":"C172"},"19C":{"t":"C172"},"19E":{"t":"C172"},"19F":{"t":"C172"},"1A1":{"t":"FDCT"},"1A2":{"t":"C172"},"1A5":{"t":"C172"},"1AA":{"t":"C172"},"1AF":{"t":"P46T"},"1B0":{"t":"C172"},"1B1":{"t":"C172"},"1B2":{"t":"C172"},"1B3":{"t":"C172"},"1B4":{"t":"C172"},"1B6":{"t":"C172"},"1B8":{"t":"C172"},"1B9":{"t":"C172"},"1BA":{"t":"C72R"},"1BC":{"t":"C172"},"1BE":{"t":"C172"},"1BF":{"t":"C172"},"1C0":{"t":"C172"},"1C4":{"t":"C172"},"1C6":{"t":"DA40"},"1C7":{"t":"C172"},"1CA":{"t":"C172"},"1CB":{"t":"P28R"},"1CD":{"t":"C172"},"1D5":{"t":"C172"},"1D8":{"t":"C172"},"1DD":{"t":"C172"},"1E1":{"t":"C172"},"1E2":{"t":"PC12"},"1E5":{"t":"C72R"},"1E6":{"t":"C172"},"1E7":{"t":"C172"},"1E8":{"t":"C172"},"1E9":{"t":"C172"},"1EA":{"t":"C172"},"1EB":{"desc":"L1P"},"1EC":{"t":"C172"},"1F0":{"t":"C172"},"1F1":{"t":"C172"},"1F2":{"t":"C172"},"1F4":{"t":"C172"},"1F5":{"t":"C172"},"1F9":{"t":"BE35"},"20E":{"t":"C172"},"212":{"t":"C172"},"213":{"t":"C172"},"215":{"t":"C172"},"216":{"t":"C172"},"217":{"desc":"L1P"},"218":{"t":"C172"},"219":{"t":"C72R"},"21A":{"t":"C172"},"21B":{"t":"C172"},"21C":{"t":"C172"},"222":{"t":"C172"},"223":{"t":"C172"},"226":{"t":"C172"},"227":{"t":"C172"},"22C":{"t":"C172"},"22D":{"t":"C172"},"230":{"t":"C172"},"231":{"t":"C72R"},"232":{"t":"C172"},"234":{"t":"C172"},"235":{"t":"C172"},"237":{"t":"UH12"},"238":{"t":"C172"},"239":{"t":"C172"},"23B":{"t":"C172"},"23C":{"t":"C172"},"241":{"t":"C172"},"243":{"t":"C172"},"244":{"t":"PA18"},"245":{"t":"C172"},"246":{"t":"C172"},"247":{"t":"C172"},"248":{"t":"C172"},"24B":{"t":"C172"},"24C":{"t":"C172"},"24E":{"t":"C172"},"24F":{"t":"C172"},"250":{"t":"C172"},"251":{"t":"C172"},"252":{"t":"C172"},"253":{"t":"C172"},"254":{"t":"C172"},"255":{"t":"C172"},"256":{"t":"C172"},"259":{"t":"C172"},"260":{"t":"C172"},"263":{"t":"C172"},"26B":{"t":"A306"},"26E":{"t":"A321"},"275":{"t":"C172"},"280":{"t":"C172"},"281":{"t":"C172"},"286":{"desc":"L1P","t":"ULAC"},"288":{"t":"C172"},"28B":{"t":"C172"},"28D":{"t":"C172"},"28F":{"t":"C172"},"290":{"t":"C172"},"291":{"t":"C172"},"294":{"t":"C172"},"295":{"t":"C172"},"296":{"t":"C172"},"297":{"t":"C172"},"298":{"t":"C172"},"29A":{"t":"C172"},"29C":{"t":"C172"},"29D":{"t":"C172"},"29F":{"t":"C172"},"2A3":{"t":"C172"},"2A4":{"t":"C172"},"2A6":{"t":"C172"},"2A8":{"t":"BE35"},"2B6":{"t":"C172"},"2BE":{"t":"C172"},"2C1":{"t":"C172"},"2C2":{"t":"C172"},"2C9":{"t":"C172"},"2D8":{"t":"C172"},"2DA":{"t":"C172"},"2E0":{"t":"C172"},"2E1":{"t":"C72R"},"2F3":{"t":"GLID"},"2F4":{"t":"C172"},"2F5":{"t":"ST75"},"2F7":{"t":"C170"},"2F9":{"desc":"L1P"},"2FA":{"t":"BE35"},"305":{"t":"P28A"},"307":{"t":"C140"},"309":{"t":"C210"},"30B":{"t":"C172"},"30C":{"t":"C150"},"30F":{"t":"C150"},"310":{"t":"C177"},"311":{"t":"C150"},"316":{"t":"BE36"},"318":{"desc":"L1P"},"319":{"t":"C180"},"31C":{"t":"C172"},"31D":{"t":"BE35"},"320":{"t":"L8"},"323":{"t":"C120"},"326":{"t":"C82R"},"327":{"desc":"L1P"},"32A":{"t":"C120"},"32F":{"t":"C150"},"330":{"t":"ST75"},"332":{"t":"ST75"},"336":{"t":"CRJ2"},"337":{"t":"C150"},"338":{"t":"C177"},"33B":{"t":"ST75"},"33C":{"t":"C180"},"33F":{"t":"C172"},"341":{"t":"C310"},"342":{"t":"P28A"},"343":{"t":"L8"},"347":{"desc":"L1P"},"349":{"t":"C82R"},"34A":{"t":"C172"},"34B":{"t":"BE35"},"34D":{"t":"C140"},"352":{"t":"J2"},"353":{"t":"C150"},"355":{"t":"C172"},"358":{"t":"TAYB"},"35B":{"t":"B738"},"35E":{"t":"C206"},"35F":{"t":"C180"},"363":{"t":"BE33"},"364":{"t":"P32R"},"365":{"t":"AC11"},"368":{"t":"C337"},"36A":{"t":"PA22"},"36B":{"t":"C150"},"370":{"t":"C172"},"375":{"t":"C150"},"378":{"t":"B738"},"379":{"t":"J2"},"37D":{"t":"B06"},"380":{"t":"PA22"},"381":{"desc":"L1P"},"382":{"t":"C180"},"383":{"t":"S22T"},"384":{"t":"CH7A"},"385":{"t":"C172"},"386":{"t":"BE33"},"388":{"t":"P28A"},"389":{"t":"C172"},"38A":{"t":"C182"},"38B":{"t":"C337"},"38C":{"t":"C120"},"38F":{"t":"C82R"},"391":{"t":"C210"},"392":{"t":"C172"},"395":{"t":"SR22"},"396":{"t":"C172"},"398":{"desc":"L1P"},"39C":{"t":"B738"},"39D":{"t":"B738"},"39F":{"t":"J2"},"3A5":{"t":"C180"},"3A6":{"t":"C170"},"3A8":{"t":"C172"},"3AB":{"t":"P28A"},"3AD":{"t":"C182"},"3AE":{"t":"C182"},"3B3":{"desc":"L1P"},"3B4":{"t":"P28A"},"3B7":{"t":"BE35"},"3BA":{"t":"C336"},"3BC":{"t":"C150"},"3BE":{"desc":"L1P"},"3BF":{"desc":"L2J","t":"B38M"},"3C1":{"t":"C150"},"3C2":{"t":"C150"},"3C3":{"t":"C150"},"3C4":{"t":"C150"},"3CA":{"t":"CH7A"},"3D1":{"desc":"L1J"},"3D2":{"t":"C120"},"3D3":{"t":"PA22"},"3D5":{"t":"C185"},"3D7":{"t":"C172"},"3DF":{"desc":"L1P"},"3E0":{"desc":"L2J","t":"B38M"},"3E1":{"t":"C150"},"3E2":{"desc":"L2J","t":"B38M"},"3E3":{"desc":"L2J","t":"B38M"},"3E4":{"t":"C150"},"3E5":{"t":"C150"},"3E8":{"desc":"L1P"},"3EA":{"desc":"L1P"},"3EB":{"t":"C180"},"3EC":{"t":"C170"},"3EE":{"t":"C172"},"3F3":{"t":"T206"},"3F6":{"t":"PA22"},"3F7":{"t":"C150"},"3F9":{"t":"MU2"},"401":{"desc":"L1P"},"403":{"desc":"L2J","t":"B38M"},"405":{"t":"C172"},"40A":{"desc":"L2J","t":"B38M"},"40D":{"desc":"H4E"},"40E":{"t":"C180"},"411":{"t":"C172"},"412":{"t":"BE35"},"413":{"t":"P28A"},"415":{"desc":"L1P"},"416":{"t":"T206"},"417":{"t":"C182"},"419":{"t":"PA22"},"41A":{"t":"C150"},"41B":{"t":"C185"},"41D":{"t":"T28"},"41F":{"t":"C140"},"425":{"t":"C180"},"427":{"t":"J2"},"428":{"desc":"L1P"},"429":{"desc":"L2J","t":"B38M"},"42A":{"t":"PA32"},"42B":{"t":"J2"},"42C":{"desc":"L1P"},"42D":{"desc":"L2J","t":"B38M"},"42E":{"desc":"L1P"},"430":{"t":"ST75"},"431":{"t":"C180"},"433":{"t":"CH7A"},"434":{"t":"C180"},"436":{"t":"C172"},"445":{"t":"C172"},"448":{"t":"C150"},"44A":{"t":"C150"},"44B":{"desc":"L2J","t":"B38M"},"44C":{"t":"C150"},"44D":{"desc":"L2J","t":"B38M"},"44E":{"t":"C172"},"44F":{"t":"C150"},"450":{"t":"C150"},"451":{"desc":"H1P"},"452":{"t":"SBR1"},"453":{"t":"C550"},"455":{"t":"S64"},"458":{"t":"BALL"},"45D":{"t":"H500"},"45F":{"t":"B752"},"462":{"t":"GLID"},"464":{"t":"ULAC"},"465":{"t":"BALL"},"467":{"t":"C172"},"46B":{"t":"B350"},"46C":{"t":"C172"},"46F":{"desc":"L1P"},"472":{"desc":"L1P"},"473":{"t":"AS50"},"47D":{"t":"CRJX"},"484":{"t":"PC12"},"486":{"t":"SR22"},"487":{"t":"TAYD"},"488":{"t":"SR20"},"48A":{"t":"ULAC"},"48E":{"t":"S22T"},"491":{"t":"FA7X"},"492":{"desc":"L1P"},"49D":{"t":"BE55"},"4A0":{"t":"C172"},"4A7":{"desc":"L1P"},"4A8":{"t":"GLID"},"4AD":{"desc":"L1P"},"4AF":{"desc":"L1P"},"4B5":{"t":"B763"},"4B6":{"t":"WACF"},"4B7":{"desc":"L1P"},"4BC":{"desc":"L1P"},"4C2":{"t":"C82S"},"4C6":{"desc":"L1P","t":"ULAC"},"4CC":{"desc":"L1P"},"4CF":{"desc":"L1P"},"4D4":{"t":"B763"},"4DF":{"desc":"H1T"},"4E8":{"desc":"L1P"},"4EB":{"desc":"L2T"},"4F0":{"t":"E50P"},"504":{"desc":"H8E"},"51A":{"desc":"L1T"},"51F":{"desc":"L1P","t":"ULAC"},"526":{"t":"GALX"},"528":{"t":"DA40"},"533":{"desc":"L1P"},"534":{"t":"C172"},"536":{"t":"R66"},"53B":{"t":"SR22"},"53F":{"t":"C172"},"543":{"t":"LJ60"},"544":{"t":"BE30"},"545":{"desc":"L1P"},"54C":{"desc":"L1P"},"54E":{"t":"BALL"},"557":{"t":"C172"},"558":{"t":"FDCT"},"565":{"t":"P32R"},"566":{"t":"DA40"},"568":{"t":"C210"},"56A":{"t":"C172"},"570":{"t":"B350"},"571":{"desc":"L1P"},"576":{"t":"B06"},"595":{"t":"GLF5"},"597":{"t":"B06"},"598":{"t":"GLF3"},"59A":{"t":"ULAC"},"59D":{"desc":"L1P"},"5A1":{"t":"C172"},"5A3":{"desc":"L1P","t":"ULAC"},"5AC":{"t":"CH7B"},"5B0":{"t":"BE35"},"5D0":{"t":"C72R"},"5D1":{"t":"AT5T"},"5D2":{"t":"C170"},"5D4":{"t":"B06"},"5D5":{"desc":"L1P"},"5DA":{"t":"DA40"},"5DB":{"desc":"L1P"},"5E3":{"t":"B06"},"5E5":{"t":"B06"},"5E6":{"t":"BL8"},"5E8":{"t":"B407"},"5EB":{"t":"UH12"},"5EC":{"t":"C172"},"5EF":{"t":"PA32"},"5F2":{"t":"SR22"},"5F4":{"desc":"L1T","t":"M600"},"5F7":{"desc":"L1P","t":"ULAC"},"5F9":{"t":"E75L"},"5FC":{"t":"AT8T"},"5FE":{"t":"BE20"},"607":{"t":"TBM7"},"60B":{"desc":"L1T"},"610":{"t":"PA18"},"611":{"t":"BE20"},"615":{"t":"B744"},"622":{"t":"A306"},"625":{"t":"A321"},"62E":{"t":"C172"},"633":{"t":"C172"},"63E":{"desc":"L1P"},"646":{"desc":"L1P"},"64F":{"desc":"L1P"},"652":{"t":"SR20"},"65F":{"desc":"L1P"},"679":{"t":"C172"},"698":{"desc":"L1P"},"6A9":{"desc":"L2T"},"6AB":{"t":"BL17"},"6AC":{"t":"ST75"},"6B0":{"t":"C172"},"6B3":{"desc":"L1P"},"6B8":{"t":"PA22"},"6BB":{"t":"C172"},"6BC":{"desc":"L1P"},"6C0":{"desc":"L1P"},"6C2":{"t":"C336"},"6C3":{"desc":"L2J","t":"B38M"},"6C4":{"desc":"L2J","t":"B38M"},"6C5":{"desc":"L2J","t":"B38M"},"6C6":{"desc":"L2J","t":"B38M"},"6C7":{"t":"C172"},"6C9":{"desc":"L2J","t":"B38M"},"6CA":{"t":"O1"},"6CC":{"desc":"L2J","t":"B38M"},"6D0":{"desc":"L1P"},"6D2":{"t":"CH7A"},"6D3":{"t":"C172"},"6D5":{"t":"C310"},"6D6":{"t":"P28A"},"6DB":{"t":"PA22"},"6DE":{"t":"C172"},"6E1":{"t":"C120"},"6E2":{"t":"BE36"},"6E6":{"desc":"L2J","t":"B38M"},"6E7":{"desc":"L2J","t":"B38M"},"6E8":{"desc":"L2J","t":"B38M"},"6EA":{"desc":"L2J","t":"B38M"},"6EB":{"desc":"L2J","t":"B38M"},"6EC":{"desc":"L2J","t":"B38M"},"6ED":{"desc":"L2J","t":"B38M"},"6F0":{"desc":"L1P"},"6F1":{"t":"C182"},"6F2":{"t":"ST75"},"6F6":{"t":"C172"},"6F9":{"t":"P28A"},"6FB":{"t":"C182"},"6FC":{"t":"C337"},"700":{"t":"C82R"},"701":{"t":"C172"},"702":{"t":"P28A"},"704":{"t":"C172"},"709":{"desc":"L2J","t":"B38M"},"70A":{"desc":"L2J","t":"B38M"},"70B":{"desc":"L2J","t":"B38M"},"70D":{"t":"P28A"},"70E":{"desc":"L1P"},"70F":{"desc":"L2J","t":"B38M"},"710":{"desc":"L2J","t":"B38M"},"711":{"desc":"L2J","t":"B38M"},"712":{"desc":"L2J","t":"B38M"},"717":{"t":"C170"},"719":{"t":"C172"},"71A":{"t":"BE35"},"71C":{"t":"P28A"},"71D":{"t":"L8"},"71F":{"desc":"H4E"},"723":{"t":"C206"},"724":{"t":"C172"},"72C":{"desc":"A1P"},"72D":{"desc":"L2J","t":"B38M"},"72E":{"t":"DC3"},"72F":{"desc":"L2J","t":"B38M"},"730":{"t":"DC3"},"731":{"desc":"L2J","t":"B38M"},"732":{"desc":"L2J","t":"B38M"},"733":{"desc":"L2J","t":"B38M"},"734":{"desc":"L2J","t":"B38M"},"735":{"desc":"L2J","t":"B38M"},"737":{"desc":"L1P"},"738":{"t":"ST75"},"73C":{"t":"C172"},"73D":{"t":"BE55"},"73E":{"t":"P28A"},"747":{"t":"C172"},"748":{"t":"P28A"},"749":{"t":"T210"},"74C":{"t":"C210"},"750":{"desc":"L2J","t":"B38M"},"751":{"desc":"L1P"},"752":{"t":"RYST"},"753":{"desc":"L2J","t":"B38M"},"757":{"t":"RYST"},"75A":{"t":"PA18"},"75D":{"t":"C170"},"75E":{"t":"C310"},"75F":{"t":"C172"},"760":{"t":"BE33"},"765":{"t":"C182"},"768":{"t":"C150"},"76F":{"t":"C172"},"772":{"t":"RYST"},"773":{"t":"RYST"},"774":{"t":"RYST"},"775":{"t":"RYST"},"779":{"t":"RYST"},"77F":{"t":"C180"},"780":{"t":"C170"},"787":{"t":"C182"},"78A":{"t":"PA22"},"78E":{"t":"P28A"},"791":{"t":"BE35"},"795":{"t":"RYST"},"79B":{"t":"ST75"},"79D":{"t":"RYST"},"79E":{"t":"RYST"},"79F":{"t":"C172"},"7A0":{"t":"P28A"},"7A1":{"t":"BE35"},"7A2":{"t":"C180"},"7A4":{"t":"C310"},"7A5":{"t":"C172"},"7A6":{"t":"BE35"},"7A9":{"desc":"H8E"},"7AA":{"t":"C182"},"7AB":{"t":"C182"},"7AE":{"t":"C150"},"7AF":{"t":"C82R"},"7B0":{"t":"C182"},"7B1":{"t":"P28A"},"7B3":{"t":"C172"},"7B9":{"t":"C150"},"7BA":{"desc":"L1P"},"7BD":{"t":"C150"},"7BE":{"desc":"H1T","t":"S55P"},"7C3":{"t":"PA18"},"7C5":{"t":"C182"},"7C8":{"t":"C172"},"7C9":{"t":"BE35"},"7CB":{"t":"P28A"},"7D3":{"t":"C172"},"7D4":{"t":"P28A"},"7DD":{"t":"C150"},"7DF":{"t":"ST75"},"7E1":{"t":"T206"},"7E8":{"t":"C180"},"7EA":{"t":"CH7A"},"7EB":{"t":"C172"},"7EE":{"t":"P28A"},"7EF":{"t":"L8"},"7F7":{"t":"P28A"},"7FE":{"t":"TAYA"},"804":{"t":"O1"},"807":{"desc":"L2P"},"809":{"t":"C182"},"80A":{"t":"C25B"},"80F":{"t":"BE35"},"810":{"t":"A321"},"811":{"t":"AS50"},"812":{"desc":"L1P"},"815":{"t":"EC30"},"81A":{"desc":"L1P"},"81B":{"t":"B737"},"81D":{"desc":"L2T"},"822":{"t":"FA10"},"823":{"t":"C172"},"824":{"desc":"L1P"},"82A":{"desc":"L1P","t":"ULAC"},"82F":{"desc":"L1P"},"834":{"t":"CRJX"},"83A":{"desc":"L1P"},"83B":{"t":"S108"},"83C":{"t":"P32R"},"83D":{"desc":"L1P"},"83E":{"t":"PA18"},"841":{"t":"C501"},"847":{"desc":"L1P"},"849":{"desc":"L1P"},"84B":{"desc":"L1P"},"84C":{"desc":"L1P"},"856":{"desc":"H1T"},"857":{"t":"P28A"},"85C":{"desc":"L1P"},"85F":{"t":"SR22"},"861":{"t":"B763"},"863":{"t":"BE23"},"864":{"t":"C550"},"865":{"t":"C414"},"868":{"t":"C77R"},"86C":{"t":"B763"},"870":{"t":"H500"},"879":{"desc":"H2T"},"886":{"t":"P28A"},"88B":{"t":"B763"},"892":{"desc":"L1P"},"894":{"t":"CL60"},"8A1":{"desc":"L1P"},"8A5":{"t":"C172"},"8AD":{"t":"C82R"},"8B8":{"t":"C180"},"8C0":{"t":"BALL"},"8C9":{"desc":"L1P"},"8D1":{"t":"P28A"},"8D3":{"t":"BE20"},"8D8":{"desc":"L1P"},"8DA":{"t":"BE33"},"8DB":{"desc":"L1P"},"8DC":{"desc":"L1P"},"8DF":{"t":"C172"},"8E2":{"t":"C560"},"8E6":{"desc":"L1P"},"8EA":{"t":"C310"},"8F6":{"desc":"L1P"},"8FC":{"desc":"L1P"},"903":{"t":"C195"},"904":{"desc":"L1J"},"905":{"t":"BALL"},"909":{"desc":"L1P"},"90F":{"t":"FDCT"},"914":{"t":"C185"},"91E":{"desc":"L1P"},"91F":{"desc":"L1P"},"920":{"desc":"L1P"},"921":{"t":"C172"},"923":{"desc":"L1P"},"924":{"t":"S22T"},"927":{"t":"AT8T"},"928":{"desc":"L1P"},"92A":{"t":"S22T"},"92C":{"desc":"L1P"},"92E":{"desc":"L1P"},"93A":{"t":"GLID"},"94E":{"desc":"L1P"},"94F":{"desc":"H6E"},"950":{"desc":"L1P"},"951":{"t":"P28A"},"95A":{"desc":"L1P"},"981":{"t":"CH7B"},"983":{"t":"CH7B"},"984":{"t":"LJ24"},"98C":{"desc":"L1P"},"990":{"desc":"L1P"},"991":{"desc":"L1P"},"992":{"desc":"L1P"},"994":{"desc":"L1P"},"99B":{"desc":"L1P"},"99C":{"t":"AS50"},"99F":{"t":"P210"},"9A0":{"t":"CH7B"},"9A2":{"t":"C25B"},"9A3":{"t":"S22T"},"9A4":{"desc":"L1P"},"9A5":{"desc":"L1P"},"9A7":{"t":"UH1"},"9A9":{"desc":"A1P","t":"ULAC"},"9AA":{"t":"GLID"},"9AE":{"desc":"L1P"},"9B0":{"t":"E75L"},"9B2":{"desc":"L1P"},"9B4":{"t":"BL8"},"9B5":{"desc":"L1P"},"9B6":{"desc":"L1P"},"9BA":{"t":"C172"},"9BD":{"desc":"L1P"},"9BE":{"desc":"H1T"},"9C8":{"desc":"L1P"},"9C9":{"desc":"L1P"},"9CB":{"t":"BE58"},"9CC":{"t":"B744"},"9D9":{"t":"A306"},"9DC":{"t":"A321"},"9E4":{"desc":"L1P"},"9FE":{"t":"P180"},"A01":{"desc":"L1P"},"A09":{"desc":"L1P"},"A3B":{"t":"SR22"},"A48":{"desc":"L2T"},"A62":{"t":"PA22"},"A64":{"t":"C172"},"A67":{"t":"C172"},"A68":{"t":"BE33"},"A6C":{"t":"T206"},"A73":{"t":"C172"},"A76":{"t":"BE33"},"A7E":{"desc":"L1P"},"A83":{"t":"C172"},"A84":{"t":"GLID"},"A86":{"t":"GLID"},"A87":{"t":"C180"},"A8B":{"t":"BE35"},"A8D":{"t":"P28A"},"A8E":{"t":"L8"},"A90":{"t":"C337"},"A91":{"t":"C120"},"A92":{"t":"PA22"},"A95":{"t":"C172"},"A98":{"t":"C120"},"A9F":{"desc":"L1P"},"AA3":{"desc":"L1P"},"AA6":{"desc":"L1P"},"AAC":{"t":"C310"},"AAD":{"t":"C172"},"AAE":{"t":"BE33"},"AB5":{"desc":"L1P"},"AB7":{"t":"T28"},"AB8":{"t":"C172"},"ABB":{"t":"C172"},"ABD":{"t":"T210"},"AC6":{"t":"LJ60"},"ACE":{"t":"C170"},"AD0":{"t":"C172"},"AD1":{"t":"BE55"},"AD2":{"t":"P28A"},"AD3":{"t":"P28A"},"AD5":{"t":"C172"},"AD6":{"desc":"L1P"},"ADA":{"t":"C185"},"ADB":{"t":"C172"},"ADE":{"t":"C172"},"ADF":{"t":"BE35"},"AE7":{"desc":"L1P"},"AEC":{"desc":"L1P"},"AF1":{"t":"C170"},"AF4":{"t":"BE35"},"AF7":{"desc":"H6E"},"AF8":{"t":"C82S"},"B02":{"t":"BE58"},"B03":{"t":"C210"},"B05":{"t":"C510"},"B06":{"desc":"L1P"},"B0B":{"t":"WACF"},"B0C":{"desc":"L1P"},"B0D":{"desc":"L1P"},"B0F":{"desc":"L1P"},"B14":{"t":"C170"},"B16":{"t":"C172"},"B1A":{"desc":"H8E"},"B1B":{"t":"C82S"},"B20":{"t":"C185"},"B21":{"t":"C172"},"B22":{"t":"P28A"},"B24":{"t":"C120"},"B25":{"t":"BE33"},"B29":{"desc":"L1P"},"B2A":{"desc":"L1P"},"B2C":{"t":"WACC"},"B30":{"desc":"L1P"},"B33":{"t":"M20P"},"B34":{"desc":"L1P"},"B36":{"t":"C180"},"B3A":{"t":"BE35"},"B3B":{"t":"P28R"},"B3E":{"t":"T206"},"B40":{"t":"C120"},"B43":{"t":"C82R"},"B44":{"t":"SS2P"},"B45":{"t":"P28A"},"B4B":{"t":"C336"},"B4E":{"t":"WACC"},"B50":{"t":"WACC"},"B52":{"t":"WACC"},"B55":{"desc":"L1P"},"B56":{"t":"GLID"},"B58":{"desc":"L1P"},"B59":{"t":"C180"},"B5C":{"t":"C172"},"B5D":{"t":"BE33"},"B5E":{"t":"P28S"},"B5F":{"t":"P28A"},"B61":{"t":"C172"},"B62":{"t":"C182"},"B65":{"t":"C150"},"B66":{"t":"C82R"},"B67":{"t":"SS2P"},"B68":{"t":"P28A"},"B6F":{"desc":"L1P"},"B70":{"t":"WACC"},"B71":{"t":"WACC"},"B72":{"t":"WACC"},"B73":{"t":"WACC"},"B75":{"desc":"H1P"},"B7C":{"desc":"H8E"},"B7D":{"t":"C170"},"B7F":{"t":"C172"},"B80":{"t":"BE33"},"B82":{"t":"P28A"},"B86":{"t":"C120"},"B87":{"t":"PA22"},"B89":{"t":"C206"},"B8B":{"t":"P28A"},"B8C":{"desc":"L1P"},"B8E":{"t":"BE55"},"B91":{"t":"C205"},"B92":{"desc":"L1P"},"B93":{"desc":"A2P"},"B95":{"desc":"L1P"},"B9B":{"desc":"L1P"},"B9C":{"t":"GLID"},"BA1":{"t":"CH7A"},"BAA":{"desc":"H8E"},"BAB":{"t":"C150"},"BAE":{"t":"P28A"},"BAF":{"desc":"L1P"},"BB0":{"t":"C172"},"BB5":{"desc":"L1P"},"BB7":{"desc":"L1P"},"BBF":{"desc":"L1T","t":"M600"},"BC0":{"t":"C175"},"BC2":{"t":"ULAC"},"BC3":{"t":"PC12"},"BC5":{"t":"EC20"},"BC8":{"t":"C175"},"BCA":{"t":"C175"},"BCC":{"t":"C421"},"BCD":{"t":"B752"},"BD1":{"t":"P28A"},"BD2":{"t":"ULAC"},"BD8":{"t":"BE9L"},"BD9":{"t":"J3"},"BDA":{"t":"C170"},"BDC":{"t":"GA5C"},"BE0":{"t":"GLF3"},"BE4":{"t":"GLF4"},"BEA":{"t":"P32R"},"BEB":{"desc":"L1P"},"BF2":{"t":"S108"},"BF3":{"t":"MU2"},"BF4":{"t":"C175"},"BF6":{"t":"SR20"},"BF8":{"t":"C172"},"BFA":{"desc":"L1P"},"BFB":{"t":"FA10"},"BFE":{"desc":"L1P"},"C00":{"t":"C182"},"C0C":{"t":"DA40"},"C0E":{"t":"R44"},"C0F":{"t":"GLID"},"C12":{"t":"ST75"},"C13":{"t":"C175"},"C17":{"desc":"L1P"},"C18":{"t":"B763"},"C20":{"desc":"L1P"},"C22":{"t":"SR22"},"C23":{"t":"B763"},"C24":{"t":"C172"},"C27":{"desc":"L1P"},"C29":{"desc":"L2T"},"C30":{"t":"E50P"},"C37":{"t":"BE20"},"C39":{"t":"E50P"},"C3D":{"t":"C175"},"C42":{"t":"B763"},"C49":{"desc":"L2J"},"C4D":{"desc":"H2T"},"C4E":{"t":"LJ24"},"C52":{"t":"C175"},"C56":{"t":"C175"},"C6F":{"desc":"L1P"},"C70":{"t":"UH12"},"C73":{"desc":"L1P"},"C76":{"t":"LJ45"},"C88":{"t":"C650"},"C89":{"t":"BE20"},"C8A":{"t":"TAYB"},"C8D":{"t":"EA50"},"C92":{"desc":"H2T"},"C93":{"t":"H500"},"C9A":{"t":"C175"},"C9C":{"t":"C175"},"CA1":{"t":"J3"},"CA2":{"t":"C172"},"CA3":{"t":"C402"},"CA7":{"desc":"L1P"},"CAD":{"t":"R44"},"CB3":{"t":"M20P"},"CBA":{"t":"BE36"},"CBB":{"t":"AT8T"},"CBC":{"t":"BALL"},"CBF":{"t":"DV20"},"CCF":{"desc":"A1P"},"CD3":{"t":"C175"},"CD4":{"t":"P46T"},"CD5":{"t":"PA24"},"CD6":{"t":"E55P"},"CD7":{"t":"ST75"},"CD8":{"t":"C172"},"CDA":{"desc":"L2J"},"CDB":{"t":"SR22"},"CDD":{"t":"R44"},"CDE":{"desc":"L2P"},"CDF":{"t":"C180"},"CE4":{"t":"B06"},"CE5":{"t":"C177"},"CE8":{"t":"BALL"},"CE9":{"t":"LJ45"},"CEC":{"t":"P46T"},"CF3":{"t":"PC12"},"CFD":{"t":"C175"},"D05":{"t":"C175"},"D06":{"t":"B407"},"D09":{"t":"C175"},"D0C":{"t":"SR20"},"D10":{"t":"B350"},"D11":{"desc":"A1P"},"D13":{"t":"C175"},"D17":{"desc":"L1P"},"D2F":{"desc":"L2J"},"D37":{"t":"C175"},"D38":{"t":"CH7B"},"D3B":{"t":"C25B"},"D40":{"t":"C175"},"D42":{"t":"BL8"},"D43":{"desc":"L1P","t":"ULAC"},"D48":{"t":"E170"},"D4B":{"t":"R44"},"D4C":{"desc":"L1P"},"D50":{"desc":"L1P"},"D51":{"t":"BE20"},"D53":{"t":"AS50"},"D55":{"t":"ST75"},"D58":{"t":"C175"},"D5C":{"t":"C175"},"D65":{"t":"SW4"},"D67":{"t":"E75L"},"D69":{"t":"BE35"},"D6A":{"t":"C175"},"D6B":{"t":"C175"},"D70":{"t":"C175"},"D71":{"t":"C175"},"D72":{"desc":"L1P"},"D75":{"t":"BALL"},"D7A":{"desc":"L2J","t":"B38M"},"D7B":{"t":"C175"},"D7E":{"t":"C175"},"D83":{"t":"B744"},"D8C":{"t":"C175"},"D93":{"t":"SR22"},"D9E":{"t":"C175"},"DB4":{"t":"PA22"},"DB5":{"t":"PC12"},"DB6":{"t":"P46T"},"DB7":{"t":"GLID"},"DBC":{"t":"BALL"},"DC4":{"t":"C175"},"DC9":{"t":"P28S"},"DDE":{"t":"GLID"},"DDF":{"t":"ULAC"},"E17":{"desc":"L2T"},"E19":{"desc":"H2E"},"E1B":{"desc":"L1P"},"E1E":{"t":"C172"},"E20":{"t":"P32R"},"E21":{"t":"P28A"},"E24":{"t":"C337"},"E26":{"t":"PA18"},"E28":{"t":"C185"},"E2A":{"t":"P28A"},"E2B":{"desc":"L1P"},"E2D":{"t":"BE35"},"E2E":{"desc":"L1P"},"E32":{"desc":"L1P"},"E34":{"t":"BE36"},"E36":{"t":"BE35"},"E3A":{"t":"BE36"},"E3B":{"t":"B06"},"E3E":{"t":"C180"},"E3F":{"t":"P51"},"E40":{"t":"CH7A"},"E42":{"t":"BE33"},"E44":{"t":"P28A"},"E45":{"t":"BALL"},"E48":{"t":"C120"},"E4B":{"t":"C82R"},"E4D":{"t":"P28A"},"E4E":{"desc":"H8E"},"E4F":{"t":"C120"},"E51":{"desc":"L1P"},"E55":{"desc":"L1P"},"E57":{"t":"E135"},"E5A":{"t":"BE35"},"E61":{"t":"C180"},"E63":{"t":"CH7A"},"E66":{"t":"P28A"},"E67":{"t":"AC11"},"E6C":{"t":"PA18"},"E70":{"t":"C172"},"E73":{"t":"BE36"},"E77":{"t":"BE36"},"E79":{"t":"BE33"},"E7C":{"desc":"L1P"},"E7D":{"t":"BE55"},"E80":{"desc":"L2J","t":"B39M"},"E82":{"desc":"H8E"},"E84":{"t":"ULAC"},"E85":{"t":"C170"},"E8B":{"desc":"L1P"},"E92":{"desc":"L1P"},"E96":{"t":"BE33"},"E9F":{"t":"H269"},"EA4":{"t":"GLID"},"EA5":{"t":"PA18"},"EA6":{"t":"BALL"},"EA7":{"desc":"L1P","t":"ULAC"},"EB1":{"t":"C120"},"EB2":{"t":"PA18"},"EB5":{"desc":"H6E"},"EB6":{"t":"C172"},"EB7":{"desc":"L1P"},"EB8":{"t":"C172"},"EBA":{"t":"C210"},"EBD":{"t":"J2"},"EBF":{"t":"J2"},"EC6":{"t":"J2"},"EC8":{"t":"PA18"},"EC9":{"desc":"H4E"},"ECA":{"t":"C180"},"ECB":{"t":"C170"},"ECD":{"t":"C172"},"ED5":{"t":"PA18"},"ED7":{"t":"C82R"},"EDB":{"t":"C120"},"EDC":{"t":"BE36"},"EE0":{"desc":"L2J","t":"B39M"},"EE4":{"t":"J2"},"EE7":{"desc":"L2J","t":"B39M"},"EE9":{"t":"C175"},"EEC":{"desc":"H6E"},"EED":{"t":"C180"},"EEE":{"t":"C170"},"EEF":{"t":"CH7A"},"EF0":{"t":"C172"},"EF3":{"t":"P28A"},"EF5":{"t":"T206"},"EF6":{"t":"ST75"},"EF9":{"t":"C150"},"EFA":{"t":"C185"},"EFB":{"t":"BE58"},"EFC":{"t":"C172"},"EFD":{"t":"T210"},"EFE":{"t":"C182"},"EFF":{"t":"BE35"},"F04":{"t":"BE35"},"F07":{"desc":"L2J","t":"B39M"},"F08":{"desc":"L2J","t":"B39M"},"F09":{"desc":"L2J","t":"B39M"},"F0B":{"t":"BE35"},"F0C":{"t":"J2"},"F0D":{"t":"B752"},"F11":{"t":"C170"},"F13":{"t":"C172"},"F14":{"t":"BE55"},"F19":{"t":"PA18"},"F1B":{"t":"PA18"},"F1D":{"t":"C82R"},"F21":{"t":"C120"},"F27":{"t":"BE36"},"F28":{"t":"C182"},"F2A":{"desc":"L2J","t":"B39M"},"F2B":{"desc":"L1P"},"F2D":{"t":"BE55"},"F2F":{"t":"J2"},"F33":{"desc":"L1P","t":"ULAC"},"F37":{"t":"BE33"},"F39":{"t":"P28A"},"F3D":{"t":"C120"},"F42":{"t":"P28A"},"F43":{"desc":"L1P"},"F44":{"t":"C172"},"F45":{"t":"BE33"},"F53":{"desc":"L1P","t":"ULAC"},"F54":{"t":"PA18"},"F56":{"t":"GLF5"},"F57":{"t":"C170"},"F59":{"t":"C172"},"F5A":{"t":"BE33"},"F5B":{"t":"P28A"},"F5C":{"t":"P28A"},"F5F":{"t":"J4"},"F61":{"t":"PA18"},"F65":{"t":"P28A"},"F67":{"t":"C172"},"F6E":{"t":"B06"},"F74":{"desc":"L1P"},"F77":{"desc":"L1P"},"F78":{"t":"B752"},"F7A":{"t":"S64"},"F7C":{"t":"B06"},"F83":{"t":"S76"},"F88":{"t":"DV20"},"F89":{"t":"B737"},"F8F":{"desc":"L1P"},"F90":{"t":"BE35"},"F91":{"t":"S76"},"F93":{"t":"BE76"},"F97":{"t":"GLID"},"F99":{"desc":"L1P"},"F9A":{"t":"C25B"},"F9B":{"t":"C172"},"FA1":{"t":"SF50"},"FA9":{"t":"S108"},"FAA":{"t":"B752"},"FAB":{"desc":"L1P","t":"ULAC"},"FB0":{"t":"F2TH"},"FB4":{"t":"F900"},"FB5":{"t":"PA44"},"FB7":{"t":"T206"},"FB9":{"t":"PRM1"},"FC2":{"desc":"L1P"},"FC4":{"desc":"L1P"},"FC5":{"desc":"H1T"},"FC8":{"desc":"L1P"},"FCB":{"desc":"L1P"},"FCD":{"t":"C56X"},"FCF":{"t":"B763"},"FD0":{"t":"S76"},"FD2":{"t":"BE36"},"FDA":{"t":"B763"},"FDC":{"t":"C172"},"FEB":{"t":"C172"},"FED":{"t":"S76"},"FF4":{"desc":"L1P"},"FF9":{"t":"B763"}}