{"001":{"t":"GLID"},"005":{"desc":"L1P"},"006":{"t":"C206"},"007":{"t":"C56X"},"008":{"t":"BE20"},"00C":{"desc":"L1J"},"00E":{"t":"B06"},"010":{"t":"P180"},"013":{"t":"P28A"},"014":{"t":"P32R"},"015":{"t":"SR22"},"01C":{"t":"E75L"},"01F":{"t":"B407"},"021":{"t":"C310"},"026":{"t":"BL8"},"02A":{"t":"GLID"},"02F":{"desc":"L2J","t":"B38M"},"030":{"t":"T206"},"032":{"t":"B06"},"033":{"t":"T206"},"04C":{"t":"A321"},"051":{"desc":"L1P"},"061":{"t":"H500"},"06A":{"desc":"L2T"},"079":{"desc":"L1P","t":"ULAC"},"07B":{"desc":"H8E"},"07E":{"desc":"L2T"},"082":{"desc":"L2J"},"090":{"desc":"L1P"},"09B":{"t":"GLID"},"0B1":{"desc":"L1P"},"0C2":{"desc":"L1P"},"0CC":{"t":"BE30"},"0CD":{"t":"M20P"},"0CE":{"desc":"L1P"},"0D0":{"t":"C195"},"0D1":{"t":"BE33"},"0D3":{"t":"C172"},"0D4":{"desc":"L1P"},"0D5":{"t":"F900"},"0D7":{"t":"L8"},"0D8":{"t":"BE24"},"0D9":{"t":"C182"},"0DB":{"t":"CH7A"},"0DE":{"desc":"L1P"},"0DF":{"t":"P28R"},"0E1":{"t":"C120"},"0E3":{"t":"C182"},"0E4":{"t":"M20P"},"0E6":{"t":"C172"},"0E7":{"t":"C172"},"0E8":{"t":"C172"},"0E9":{"t":"C172"},"0EC":{"t":"C172"},"0EE":{"t":"TAYA"},"0EF":{"t":"C172"},"0F0":{"t":"BE50"},"0F1":{"t":"PA20"},"0F2":{"t":"C172"},"0F3":{"t":"C170"},"0F4":{"t":"C185"},"0F6":{"t":"C172"},"0F9":{"t":"P28A"},"0FA":{"t":"L8"},"0FC":{"t":"C182"},"0FD":{"t":"C140"},"0FE":{"t":"PA18"},"102":{"desc":"L1P"},"103":{"t":"T206"},"105":{"t":"BE19"},"106":{"desc":"L1P"},"107":{"t":"M20P"},"109":{"t":"C172"},"10B":{"t":"TAYA"},"10D":{"t":"C172"},"10E":{"t":"TAYA"},"111":{"t":"C172"},"115":{"t":"L8"},"117":{"t":"C150"},"118":{"t":"CH7A"},"119":{"t":"DA40"},"11A":{"t":"T206"},"11C":{"t":"C750"},"11D":{"t":"T206"},"11E":{"t":"BE23"},"11F":{"desc":"L1P"},"120":{"t":"C140"},"121":{"desc":"L1P"},"125":{"t":"P28A"},"127":{"t":"C140"},"128":{"desc":"L1P"},"12A":{"t":"M20P"},"12C":{"t":"C172"},"12E":{"t":"C172"},"130":{"t":"C172"},"131":{"t":"C172"},"135":{"t":"C172"},"136":{"desc":"L1P"},"139":{"t":"C170"},"13A":{"desc":"A1P","t":"ULAC"},"13B":{"t":"SR22"},"13C":{"t":"BE23"},"13D":{"t":"C150"},"13E":{"t":"P28B"},"13F":{"t":"PA32"},"141":{"t":"BE23"},"142":{"t":"SR22"},"143":{"t":"GLF4"},"144":{"t":"BE35"},"145":{"t":"C77R"},"147":{"desc":"L1P"},"148":{"t":"P28R"},"14A":{"t":"C172"},"14B":{"t":"BE19"},"14D":{"t":"M20P"},"14E":{"t":"C150"},"14F":{"t":"C172"},"153":{"desc":"L1P"},"155":{"desc":"L1P","t":"ULAC"},"15A":{"t":"BE36"},"15B":{"desc":"L1P"},"15F":{"t":"C172"},"164":{"t":"AS50"},"168":{"t":"C77R"},"16A":{"t":"PA18"},"16F":{"desc":"L1P"},"170":{"t":"M20P"},"171":{"t":"C150"},"172":{"t":"C172"},"175":{"t":"C172"},"176":{"t":"C172"},"177":{"t":"C172"},"178":{"t":"C172"},"17A":{"t":"C172"},"17B":{"t":"TAYA"},"17E":{"t":"L8"},"17F":{"t":"C170"},"181":{"t":"CH7A"},"184":{"t":"C172"},"187":{"t":"LJ24"},"189":{"t":"C140"},"18A":{"t":"PA18"},"18C":{"t":"BALL"},"18D":{"t":"BE35"},"18E":{"t":"BE35"},"191":{"desc":"L1P"},"193":{"t":"M20P"},"194":{"t":"BE35"},"195":{"t":"C172"},"198":{"t":"TAYA"},"19A":{"t":"C172"},"19C":{"t":"C172"},"19D":{"t":"C172"},"1A0":{"desc":"L1P"},"1A1":{"desc":"L1P"},"1A3":{"t":"BE35"},"1A5":{"t":"C172"},"1A6":{"t":"C208"},"1A8":{"t":"C560"},"1AA":{"t":"AA5"},"1AB":{"t":"SR22"},"1AD":{"t":"PA18"},"1AE":{"desc":"L1P"},"1B4":{"t":"BE19"},"1B6":{"t":"M20P"},"1B8":{"t":"TAYA"},"1BD":{"t":"C177"},"1BF":{"t":"C172"},"1C0":{"t":"C172"},"1C1":{"t":"C172"},"1C4":{"t":"L8"},"1C5":{"t":"C170"},"1C8":{"t":"M20P"},"1C9":{"t":"C560"},"1CA":{"t":"TBM7"},"1CB":{"t":"GLF5"},"1CC":{"t":"PA11"},"1CE":{"t":"GLF5"},"1D1":{"desc":"L1P"},"1D2":{"t":"BALL"},"1D3":{"t":"C172"},"1D4":{"t":"CH7A"},"1D5":{"t":"C172"},"1D7":{"t":"BE19"},"1D8":{"t":"C182"},"1DC":{"t":"C172"},"1DE":{"t":"C172"},"1DF":{"t":"C172"},"1E1":{"t":"C172"},"1E4":{"t":"C172"},"1E6":{"desc":"L2P"},"1E8":{"t":"C170"},"1E9":{"t":"BE55"},"1EA":{"t":"CH7A"},"1EB":{"t":"C172"},"1EC":{"desc":"L1P"},"1EE":{"desc":"L1P"},"1EF":{"t":"L8"},"1F3":{"t":"PA18"},"1F5":{"t":"T210"},"1F6":{"desc":"A1P"},"1F7":{"t":"PA32"},"1FA":{"t":"P46T"},"1FD":{"t":"C150"},"1FE":{"t":"C172"},"1FF":{"t":"C172"},"200":{"t":"C172"},"202":{"t":"C172"},"204":{"t":"C172"},"205":{"t":"C172"},"206":{"t":"C172"},"20A":{"t":"L8"},"20B":{"t":"GLF5"},"20D":{"t":"C172"},"20E":{"t":"M20P"},"20F":{"desc":"L1P","t":"ULAC"},"210":{"t":"P32R"},"212":{"t":"C172"},"213":{"desc":"L1P"},"214":{"t":"CL60"},"215":{"t":"CJ6"},"216":{"t":"SR22"},"217":{"t":"C77R"},"218":{"t":"BALL"},"219":{"desc":"L1P"},"21A":{"t":"P28A"},"21C":{"t":"C140"},"21D":{"t":"BE19"},"21E":{"t":"C182"},"21F":{"t":"M20P"},"220":{"t":"C150"},"223":{"t":"C172"},"224":{"t":"TAYA"},"225":{"t":"C180"},"226":{"t":"C172"},"229":{"t":"C172"},"22B":{"desc":"L1P"},"22C":{"t":"ULAC"},"22D":{"t":"B06"},"22E":{"desc":"L1P","t":"ULAC"},"22F":{"desc":"L1P"},"234":{"desc":"H2T"},"238":{"desc":"L1E","t":"ULAC"},"239":{"t":"B752"},"23C":{"t":"EA50"},"23D":{"t":"BE20"},"23E":{"desc":"L1P"},"241":{"t":"M20P"},"245":{"t":"BE35"},"246":{"t":"C172"},"247":{"t":"GLF5"},"248":{"t":"BL8"},"249":{"t":"GLF4"},"24B":{"desc":"L1P"},"24D":{"t":"AS50"},"24E":{"t":"R44"},"250":{"t":"M20T"},"253":{"desc":"L1P"},"255":{"desc":"L1P"},"256":{"t":"C82S"},"25A":{"desc":"L1P"},"25D":{"t":"C182"},"25E":{"t":"S108"},"25F":{"desc":"L2P"},"261":{"t":"PA18"},"266":{"desc":"L1P"},"26A":{"t":"S22T"},"26C":{"t":"SR22"},"26E":{"desc":"H4E"},"26F":{"desc":"L1P","t":"ULAC"},"272":{"desc":"L1P"},"277":{"desc":"L1P"},"278":{"desc":"L1P"},"279":{"t":"C310"},"27F":{"t":"BE36"},"280":{"t":"P32R"},"282":{"desc":"L1P"},"283":{"desc":"L1P"},"284":{"t":"B763"},"288":{"t":"DA40"},"289":{"t":"M20P"},"28D":{"t":"F2TH"},"290":{"t":"H500"},"293":{"t":"LJ45"},"2A9":{"t":"C182"},"2AE":{"t":"B763"},"2B5":{"t":"BE33"},"2C2":{"desc":"A1P"},"2C3":{"t":"B190"},"2C4":{"t":"AC90"},"2D3":{"desc":"L2P"},"2DB":{"t":"TAYB"},"2DD":{"t":"GLID"},"2E6":{"t":"R44"},"2F4":{"t":"A109"},"2F6":{"t":"E190"},"2F7":{"desc":"L1P"},"2FA":{"desc":"L1P"},"2FE":{"t":"F2TH"},"302":{"t":"R44"},"30E":{"t":"F2TH"},"31E":{"t":"C150"},"326":{"t":"BE18"},"327":{"t":"PA46"},"32B":{"desc":"H1T"},"331":{"t":"SF50"},"340":{"t":"PA46"},"342":{"t":"C172"},"344":{"t":"C172"},"348":{"t":"FA10"},"350":{"t":"P180"},"351":{"desc":"L1P","t":"ULAC"},"35C":{"t":"CH7B"},"36C":{"t":"A320"},"372":{"t":"GLF3"},"37D":{"t":"PA46"},"380":{"t":"CRJ9"},"381":{"t":"C550"},"382":{"desc":"L1P","t":"ULAC"},"386":{"t":"GLID"},"38A":{"t":"BE35"},"3A3":{"t":"BE36"},"3A4":{"t":"PA18"},"3A6":{"t":"AC11"},"3A7":{"t":"C185"},"3AB":{"desc":"L1P","t":"ULAC"},"3AD":{"t":"AT5T"},"3AF":{"t":"M20P"},"3B1":{"desc":"L1P"},"3B3":{"desc":"L1P"},"3B4":{"t":"RV12"},"3B7":{"desc":"L1P"},"3B8":{"desc":"L1P"},"3BC":{"desc":"G1P"},"3BD":{"t":"P28A"},"3BF":{"t":"BE9L"},"3C0":{"desc":"L1P"},"3C4":{"t":"R22"},"3C6":{"desc":"L1P"},"3C7":{"desc":"L1P"},"3CA":{"desc":"H4E"},"3CC":{"t":"SR22"},"3CF":{"t":"R44"},"3D3":{"t":"E75L"},"3D6":{"t":"C172"},"3D7":{"t":"TOBA"},"3D8":{"t":"C172"},"3DB":{"desc":"A1P"},"3DD":{"t":"C152"},"3DE":{"t":"PTS2"},"3E3":{"desc":"L1T"},"3E6":{"t":"DA42"},"3E8":{"desc":"L1P"},"3EB":{"desc":"G1P"},"3EF":{"t":"B744"},"403":{"t":"A321"},"407":{"t":"C180"},"417":{"t":"EN48"},"421":{"desc":"L2T"},"422":{"desc":"A1P","t":"ULAC"},"430":{"desc":"L1P","t":"ULAC"},"431":{"t":"T206"},"435":{"desc":"S2T"},"44B":{"desc":"L1P"},"484":{"t":"SR22"},"486":{"t":"L8"},"48A":{"t":"C337"},"48C":{"t":"P28A"},"48D":{"t":"C170"},"48E":{"t":"L8"},"48F":{"t":"LARK"},"490":{"t":"C150"},"491":{"t":"BE36"},"492":{"t":"P32R"},"495":{"t":"BE55"},"496":{"desc":"L1P"},"49A":{"t":"C182"},"49B":{"t":"AA1"},"49C":{"t":"BE33"},"49D":{"t":"C177"},"49E":{"t":"C172"},"49F":{"t":"C172"},"4A0":{"t":"C172"},"4A3":{"t":"C172"},"4A4":{"t":"C172"},"4A6":{"t":"C172"},"4A7":{"desc":"A1P"},"4A8":{"desc":"L1P","t":"ULAC"},"4AB":{"desc":"L1P"},"4AC":{"desc":"L1P"},"4AD":{"t":"C172"},"4AE":{"t":"R44"},"4B1":{"t":"L8"},"4B3":{"t":"J3"},"4B5":{"t":"GLID"},"4B8":{"t":"GLID"},"4BD":{"t":"C182"},"4BE":{"t":"M20P"},"4BF":{"t":"C150"},"4C0":{"t":"C172"},"4C1":{"t":"C172"},"4C2":{"t":"C177"},"4C6":{"desc":"L1P"},"4C7":{"t":"C172"},"4C8":{"desc":"L1P"},"4C9":{"t":"C172"},"4CA":{"t":"GLF6"},"4CB":{"t":"AA1"},"4CC":{"t":"PA34"},"4CD":{"desc":"L1P"},"4CE":{"t":"SR22"},"4D0":{"t":"BALL"},"4D1":{"t":"AA5"},"4D4":{"t":"P32R"},"4D6":{"desc":"L1T","t":"PA46"},"4D8":{"desc":"L1P"},"4D9":{"t":"C77R"},"4DA":{"desc":"H4E"},"4DD":{"t":"C185"},"4DE":{"t":"C120"},"4DF":{"t":"M20P"},"4E0":{"t":"PA46"},"4E2":{"t":"C150"},"4E3":{"t":"C172"},"4E5":{"t":"C172"},"4EA":{"t":"C172"},"4EC":{"t":"C172"},"4ED":{"t":"BE55"},"4EF":{"t":"WACO"},"4F0":{"t":"L13M"},"4F2":{"t":"CH7A"},"4F3":{"t":"C172"},"4F4":{"t":"P28A"},"4F5":{"t":"P28A"},"4F6":{"t":"C182"},"4F9":{"t":"J3"},"4FB":{"t":"PA18"},"4FD":{"desc":"L1P","t":"ULAC"},"4FF":{"t":"AA5"},"500":{"t":"T206"},"501":{"t":"C172"},"503":{"t":"C182"},"504":{"desc":"L2J"},"505":{"t":"C150"},"506":{"t":"C172"},"507":{"t":"C172"},"508":{"desc":"L1P"},"509":{"t":"C172"},"50C":{"t":"C172"},"50F":{"t":"C172"},"511":{"desc":"L1P","t":"ULAC"},"512":{"t":"SR20"},"513":{"t":"L13M"},"514":{"t":"BE36"},"516":{"t":"C172"},"517":{"t":"S22T"},"519":{"t":"C172"},"51B":{"desc":"L1P"},"51C":{"t":"T6"},"51D":{"t":"BALL"},"51F":{"t":"C77R"},"522":{"desc":"L1P"},"524":{"t":"C120"},"525":{"t":"BE19"},"527":{"t":"AA1"},"529":{"t":"C172"},"52A":{"desc":"L1P"},"52B":{"t":"C172"},"52D":{"desc":"L1P"},"52F":{"t":"C172"},"530":{"t":"C172"},"531":{"t":"C177"},"532":{"t":"C172"},"533":{"t":"S22T"},"534":{"t":"BE36"},"535":{"t":"L8"},"536":{"t":"RV12"},"537":{"t":"BE35"},"539":{"t":"C172"},"53C":{"desc":"L1P","t":"ULAC"},"53D":{"t":"BE35"},"53E":{"t":"M20P"},"541":{"t":"S22T"},"543":{"desc":"H4E"},"544":{"t":"GLID"},"545":{"t":"C150"},"546":{"t":"HUSK"},"547":{"t":"BALL"},"549":{"t":"C182"},"54D":{"t":"C172"},"54E":{"t":"C172"},"54F":{"t":"C172"},"550":{"t":"C172"},"553":{"t":"C172"},"554":{"t":"C177"},"556":{"desc":"L1P"},"558":{"t":"R44"},"559":{"t":"C170"},"55A":{"t":"BE35"},"55B":{"t":"CH7A"},"55C":{"t":"C172"},"55E":{"t":"C150"},"55F":{"t":"PAY2"},"560":{"t":"L8"},"561":{"desc":"L1P"},"562":{"t":"C182"},"567":{"desc":"L1P","t":"ULAC"},"568":{"t":"AA5"},"56A":{"t":"C140"},"56C":{"t":"C182"},"56F":{"t":"C172"},"571":{"t":"C177"},"572":{"t":"C177"},"575":{"t":"C172"},"576":{"t":"C177"},"577":{"t":"C172"},"579":{"t":"BALL"},"57B":{"t":"L8"},"57C":{"t":"C170"},"57D":{"desc":"L1P"},"57E":{"t":"C172"},"57F":{"t":"C172"},"580":{"t":"AS50"},"582":{"t":"AC11"},"583":{"t":"L8"},"585":{"desc":"L1P"},"586":{"t":"C140"},"587":{"desc":"S1P","t":"PA18"},"588":{"t":"C77R"},"589":{"t":"BALL"},"58A":{"t":"C172"},"58B":{"desc":"L1P"},"58C":{"t":"C185"},"58F":{"t":"C185"},"590":{"t":"M20P"},"593":{"t":"C172"},"594":{"desc":"L1P"},"595":{"t":"C172"},"597":{"t":"C172"},"598":{"t":"C172"},"599":{"t":"C172"},"59A":{"t":"C172"},"59D":{"t":"PA22"},"59E":{"desc":"G1P"},"59F":{"t":"C170"},"5A0":{"t":"BE35"},"5A1":{"t":"CH7A"},"5A2":{"t":"P210"},"5A3":{"t":"F900"},"5A4":{"t":"P28A"},"5A5":{"t":"M20P"},"5A8":{"desc":"L1P"},"5A9":{"t":"C172"},"5AC":{"t":"SR22"},"5AD":{"t":"BE33"},"5AE":{"t":"C182"},"5AF":{"t":"C185"},"5B0":{"desc":"L1P"},"5B1":{"t":"SR22"},"5B2":{"t":"F2TH"},"5B3":{"t":"M20P"},"5B4":{"t":"C150"},"5B6":{"t":"C172"},"5B7":{"t":"C177"},"5B8":{"t":"C177"},"5BC":{"t":"C177"},"5BE":{"t":"C172"},"5BF":{"t":"BE36"},"5C1":{"t":"BL17"},"5C3":{"t":"BE35"},"5C4":{"t":"CH7A"},"5C5":{"t":"C185"},"5C6":{"t":"AA5"},"5CA":{"t":"GLF4"},"5CB":{"t":"J3"},"5CF":{"t":"BALL"},"5D1":{"t":"C185"},"5D2":{"t":"C185"},"5D3":{"t":"C120"},"5D4":{"t":"BE19"},"5D7":{"t":"C150"},"5D9":{"t":"C172"},"5DA":{"t":"C172"},"5DB":{"t":"C177"},"5DC":{"t":"C172"},"5DD":{"t":"C172"},"5DF":{"t":"C172"},"5E3":{"t":"J3"},"5E4":{"t":"B752"},"5E6":{"t":"CH7A"},"5E8":{"t":"AS50"},"5EA":{"t":"B350"},"5EF":{"desc":"L1E","t":"ULAC"},"5F3":{"t":"C172"},"5F8":{"t":"UH1"},"5FB":{"t":"C206"},"5FC":{"t":"BE58"},"5FD":{"desc":"A1P","t":"ULAC"},"5FF":{"t":"BL8"},"600":{"desc":"L1P"},"602":{"desc":"L1P","t":"ULAC"},"605":{"t":"CH7B"},"60D":{"t":"ULAC"},"611":{"t":"C172"},"614":{"desc":"L2J","t":"E195"},"615":{"t":"S108"},"618":{"t":"B06"},"621":{"t":"PA34"},"623":{"t":"PA18"},"62F":{"desc":"L1P","t":"ULAC"},"630":{"desc":"L1P"},"631":{"desc":"L1P"},"635":{"desc":"L1P"},"636":{"desc":"L1P"},"63B":{"t":"B763"},"63C":{"desc":"L1P"},"640":{"desc":"L2P"},"643":{"t":"H269"},"64A":{"desc":"A1P"},"64B":{"t":"CH7B"},"657":{"t":"T210"},"65F":{"desc":"L1P"},"665":{"t":"B763"},"66C":{"desc":"H8E"},"679":{"desc":"L1P"},"67A":{"t":"B190"},"67E":{"t":"PC12"},"680":{"desc":"H1P"},"685":{"t":"PA32"},"68A":{"t":"GLF4"},"692":{"t":"B06"},"694":{"t":"LJ60"},"698":{"t":"G280"},"69E":{"desc":"H1T"},"6AD":{"t":"E190"},"6AE":{"t":"P32R"},"6AF":{"desc":"L1P"},"6B3":{"t":"C525"},"6B4":{"t":"BL8"},"6B7":{"t":"C182"},"6BC":{"desc":"L1P"},"6BD":{"t":"CH7A"},"6C0":{"desc":"L2P"},"6C4":{"t":"J3"},"6C5":{"t":"U21"},"6D0":{"desc":"L1P"},"6D4":{"desc":"L1P"},"6DE":{"t":"AT5T"},"6EE":{"desc":"H2T"},"6F7":{"t":"B06"},"6FA":{"desc":"H8E"},"6FB":{"t":"C172"},"706":{"t":"FA50"},"707":{"t":"AEST"},"708":{"t":"M7"},"70B":{"t":"RV12"},"70F":{"t":"A346"},"715":{"desc":"L1P"},"723":{"t":"A320"},"728":{"t":"C210"},"729":{"t":"GLF3"},"72C":{"t":"B06"},"72F":{"t":"C172"},"736":{"t":"C25B"},"738":{"desc":"L1P"},"739":{"t":"PA34"},"741":{"t":"BL8"},"75C":{"desc":"L1P"},"75D":{"desc":"L1P"},"75E":{"t":"DC3"},"765":{"t":"GLF5"},"766":{"desc":"L1P"},"767":{"t":"T206"},"768":{"t":"C210"},"76A":{"desc":"L1P"},"76B":{"desc":"L1P"},"76E":{"desc":"L1P"},"773":{"t":"BE36"},"774":{"desc":"L1P","t":"TB0"},"775":{"t":"C680"},"776":{"t":"ULAC"},"77A":{"t":"M7"},"77F":{"desc":"L1P"},"781":{"t":"C172"},"783":{"t":"SR22"},"784":{"t":"F2TH"},"788":{"t":"P28A"},"78A":{"t":"E75L"},"78C":{"t":"PA32"},"78E":{"t":"PA34"},"78F":{"t":"P32R"},"794":{"t":"C172"},"796":{"t":"PC12"},"79A":{"t":"PA22"},"79D":{"t":"DA42"},"7B6":{"desc":"H6E"},"7BA":{"t":"A321"},"7BE":{"t":"BL17"},"7D7":{"t":"P32R"},"7E3":{"desc":"L1P"},"7E7":{"t":"ULAC"},"7EC":{"desc":"L2J"},"83C":{"desc":"G1P","t":"GYRO"},"83D":{"t":"L8"},"83E":{"t":"C170"},"842":{"t":"GA5C"},"843":{"t":"P28S"},"845":{"t":"GLF6"},"847":{"t":"C56X"},"849":{"desc":"L1P"},"84B":{"t":"BE40"},"84C":{"desc":"H6E"},"84D":{"t":"P28A"},"852":{"t":"M20P"},"853":{"t":"CL30"},"854":{"t":"C177"},"855":{"t":"C172"},"856":{"t":"C172"},"857":{"t":"C172"},"858":{"t":"C172"},"859":{"t":"C172"},"85A":{"t":"C177"},"85B":{"t":"C172"},"85E":{"desc":"L1P"},"860":{"desc":"H1P"},"861":{"t":"C170"},"866":{"t":"PA32"},"867":{"desc":"L1P"},"86A":{"t":"C182"},"86E":{"desc":"H8E"},"870":{"t":"P28A"},"874":{"t":"C182"},"876":{"desc":"L1P"},"878":{"t":"C172"},"87A":{"t":"C172"},"87B":{"t":"C177"},"87E":{"t":"C172"},"880":{"t":"C172"},"884":{"t":"F900"},"885":{"desc":"L1P"},"889":{"t":"P32R"},"88B":{"t":"C82S"},"891":{"t":"C206"},"897":{"t":"C182"},"898":{"t":"M20P"},"899":{"t":"C150"},"89A":{"t":"C172"},"89C":{"desc":"L1P"},"89E":{"t":"C177"},"8A0":{"t":"TAYA"},"8A2":{"t":"C177"},"8A3":{"t":"TAYA"},"8A4":{"t":"CL60"},"8A6":{"t":"L8"},"8A7":{"t":"C180"},"8A9":{"t":"CH7A"},"8AA":{"t":"C172"},"8AC":{"t":"P32R"},"8AF":{"t":"BE23"},"8B2":{"t":"PA18"},"8B4":{"t":"BALL"},"8B6":{"desc":"L1P"},"8B7":{"t":"C185"},"8B8":{"t":"C172"},"8B9":{"t":"BE36"},"8BA":{"t":"C208"},"8BB":{"t":"GLEX"},"8BD":{"t":"C172"},"8BF":{"t":"TAYA"},"8C0":{"t":"C172"},"8C4":{"t":"C172"},"8C5":{"t":"C172"},"8C6":{"t":"C172"},"8C8":{"t":"PA18"},"8CB":{"t":"BE35"},"8D3":{"t":"SR22"},"8D4":{"t":"C140"},"8D7":{"t":"BALL"},"8D8":{"desc":"H1T"},"8D9":{"t":"P28A"},"8DD":{"t":"C182"},"8DF":{"t":"CH7A"},"8E0":{"t":"C172"},"8E1":{"t":"C172"},"8E2":{"t":"C172"},"8E4":{"t":"TAYA"},"8E7":{"t":"C177"},"8E8":{"t":"C172"},"8EA":{"desc":"L1P"},"8EB":{"desc":"L1P"},"8EC":{"desc":"L1P"},"8ED":{"t":"BE35"},"8EE":{"t":"BALL"},"8EF":{"t":"CH7A"},"8F6":{"t":"C182"},"8F7":{"t":"BALL"},"8FA":{"desc":"L1P"},"8FB":{"t":"BALL"},"8FC":{"t":"BALL"},"8FE":{"t":"C120"},"8FF":{"t":"TAYA"},"902":{"t":"C150"},"903":{"t":"C172"},"905":{"t":"BALL"},"906":{"t":"C172"},"907":{"t":"C172"},"90A":{"t":"C177"},"90C":{"t":"C172"},"911":{"t":"BE35"},"912":{"t":"CH7A"},"915":{"t":"P28R"},"918":{"t":"BE23"},"91B":{"t":"S22T"},"91C":{"t":"C77R"},"91D":{"t":"GLF4"},"91F":{"desc":"L1P"},"921":{"t":"C82S"},"926":{"t":"C172"},"927":{"t":"C172"},"92B":{"t":"C172"},"92C":{"t":"C172"},"92D":{"t":"C172"},"92E":{"t":"C172"},"932":{"t":"BALL"},"933":{"t":"C170"},"937":{"t":"C414"},"938":{"t":"P28S"},"93B":{"t":"BE19"},"942":{"desc":"L1P"},"945":{"t":"BE19"},"947":{"t":"M20P"},"948":{"t":"C150"},"94D":{"t":"C172"},"951":{"t":"C172"},"954":{"t":"PA18"},"955":{"t":"L8"},"956":{"t":"C170"},"958":{"t":"CH7A"},"95A":{"desc":"L1P"},"95B":{"t":"P32R"},"95C":{"desc":"L1P"},"95E":{"t":"BE23"},"95F":{"t":"C182"},"960":{"t":"C140"},"961":{"t":"PA18"},"965":{"t":"P28A"},"967":{"t":"C120"},"969":{"t":"C182"},"96A":{"t":"M20P"},"96B":{"t":"C150"},"96C":{"t":"C177"},"96D":{"t":"C172"},"96E":{"t":"C172"},"972":{"t":"C172"},"973":{"t":"C172"},"974":{"t":"C172"},"978":{"t":"FA10"},"979":{"t":"C170"},"97B":{"t":"C172"},"97C":{"t":"FA50"},"97E":{"t":"PA34"},"980":{"desc":"L1P"},"981":{"t":"BE23"},"982":{"t":"C182"},"983":{"t":"C140"},"984":{"t":"BALL"},"985":{"t":"C77R"},"988":{"t":"P28R"},"98A":{"t":"C120"},"98E":{"t":"C150"},"994":{"t":"C177"},"995":{"t":"C172"},"996":{"t":"C172"},"998":{"t":"C172"},"999":{"t":"P28A"},"99B":{"t":"BE35"},"99C":{"desc":"H4E"},"99F":{"desc":"L1P"},"9A0":{"desc":"L2T"},"9A2":{"t":"R22"},"9A5":{"desc":"L2P"},"9A6":{"t":"HUSK"},"9A7":{"t":"B752"},"9AA":{"t":"C172"},"9AB":{"t":"GLID"},"9AC":{"t":"GLID"},"9AE":{"t":"P28A"},"9AF":{"desc":"L1P"},"9B3":{"t":"HUSK"},"9B4":{"t":"E55P"},"9B6":{"t":"BE9T"},"9B7":{"desc":"H1T"},"9BA":{"desc":"L1P"},"9BF":{"desc":"L1P"},"9C1":{"t":"PRM1"},"9C8":{"desc":"L1P"},"9CC":{"desc":"L1P"},"9CD":{"t":"C182"},"9CE":{"t":"AA5"},"9CF":{"t":"B06"},"9D1":{"desc":"L1P","t":"ULAC"},"9D2":{"t":"C750"},"9D3":{"t":"BE9L"},"9D4":{"t":"RV12"},"9D7":{"desc":"L1P"},"9D8":{"t":"PC12"},"9DA":{"t":"P46T"},"9DD":{"t":"GLID"},"9DE":{"t":"FDCT"},"9E4":{"desc":"L2T"},"9E6":{"desc":"L1P","t":"ULAC"},"9E8":{"desc":"L1P"},"9E9":{"desc":"L1P"},"9EB":{"t":"GALX"},"9EC":{"desc":"L1P"},"9ED":{"desc":"L1P"},"9F0":{"desc":"L1P"},"9F1":{"desc":"L1J"},"9F2":{"t":"B763"},"9F3":{"desc":"L1P"},"9F6":{"t":"PA31"},"9F9":{"t":"S22T"},"9FA":{"t":"BE9L"},"9FD":{"t":"GLID"},"A01":{"desc":"L1P"},"A03":{"t":"S22T"},"A1C":{"t":"B763"},"A1D":{"desc":"H1T"},"A1E":{"t":"FA50"},"A20":{"t":"H25B"},"A30":{"t":"C182"},"A32":{"desc":"L1P"},"A34":{"t":"CL60"},"A37":{"desc":"A1P"},"A3A":{"t":"SR22"},"A3E":{"desc":"L1P"},"A41":{"desc":"L1P"},"A45":{"t":"P28A"},"A4F":{"t":"G280"},"A52":{"t":"HDJT"},"A57":{"t":"P32R"},"A62":{"desc":"L1P"},"A64":{"t":"P28R"},"A65":{"t":"BL8"},"A68":{"desc":"L1P"},"A6C":{"t":"C500"},"A70":{"desc":"L1P"},"A73":{"t":"SHIP"},"A74":{"t":"PA24"},"A7C":{"desc":"H4E"},"A81":{"desc":"L1P"},"A85":{"desc":"L1P"},"A86":{"t":"B14C"},"A87":{"t":"BE35"},"A8A":{"desc":"A1T","t":"KODI"},"A8B":{"desc":"L1P"},"A8C":{"t":"ULAC"},"A94":{"desc":"L1P"},"A95":{"t":"GL5T"},"A96":{"desc":"H1P"},"A97":{"desc":"L1P"},"A9C":{"desc":"L1P"},"A9F":{"desc":"L1P"},"AA2":{"t":"C172"},"AAE":{"t":"HUSK"},"AAF":{"desc":"L1P"},"AB0":{"t":"C172"},"AB1":{"t":"M20P"},"AB4":{"t":"SR22"},"AB5":{"t":"BE20"},"AB6":{"desc":"L1P"},"AB8":{"t":"C510"},"AB9":{"desc":"L1P"},"ABE":{"t":"GLID"},"ABF":{"desc":"L1P","t":"ULAC"},"AC2":{"t":"PA32"},"AC6":{"t":"C182"},"ACA":{"desc":"L2T"},"ADA":{"t":"A320"},"ADF":{"t":"CL60"},"AE0":{"t":"P180"},"AE1":{"t":"B58T"},"AE3":{"t":"C172"},"AE6":{"t":"P28T"},"AE7":{"t":"CH7A"},"AE9":{"t":"P28R"},"AEA":{"t":"BE9L"},"AEF":{"desc":"L1P"},"AF0":{"t":"PA34"},"AF4":{"t":"T206"},"B11":{"desc":"L1P"},"B12":{"t":"C182"},"B13":{"t":"M20P"},"B14":{"t":"GLID"},"B15":{"desc":"L1P"},"B16":{"desc":"L1P","t":"ULAC"},"B17":{"t":"C182"},"B18":{"t":"E300"},"B1A":{"t":"RV7"},"B1D":{"t":"PRM1"},"B1E":{"t":"C182"},"B22":{"desc":"L1P"},"B25":{"desc":"L1P"},"B26":{"desc":"L1P"},"B2A":{"desc":"L1P"},"B2B":{"t":"BL8"},"B2C":{"desc":"L1P"},"B2D":{"t":"G280"},"B30":{"desc":"L1P"},"B32":{"t":"C182"},"B34":{"desc":"L1P","t":"ULAC"},"B36":{"desc":"H2T"},"B38":{"t":"C172"},"B3A":{"desc":"A1P"},"B3C":{"t":"HUSK"},"B3F":{"desc":"L1P"},"B41":{"t":"E75L"},"B43":{"desc":"A2P"},"B44":{"desc":"L1P"},"B45":{"t":"S22T"},"B46":{"t":"P32R"},"B48":{"t":"T206"},"B4B":{"t":"GALX"},"B4D":{"t":"P210"},"B51":{"t":"P28A"},"B54":{"t":"DA42"},"B55":{"t":"BE40"},"B56":{"t":"P06T"},"B5D":{"desc":"H4E","t":"B744"},"B71":{"t":"A321"},"B75":{"desc":"L1P"},"B76":{"desc":"L1P"},"B7E":{"t":"SF50"},"B83":{"desc":"L1P"},"B8E":{"desc":"L1P"},"B8F":{"desc":"H4E"},"B90":{"t":"P28A"},"B94":{"t":"S22T"},"B9A":{"desc":"L2P"},"B9C":{"t":"ULAC"},"B9D":{"t":"DH8D"},"B9F":{"t":"HDJT"},"BA0":{"desc":"L1P"},"BA3":{"desc":"L1P"},"BA5":{"t":"PA18"},"BA7":{"t":"E300"},"BB5":{"t":"C750"},"BBD":{"t":"C750"},"BC0":{"t":"B350"},"BC3":{"t":"C182"},"BD9":{"t":"M7"},"BF1":{"t":"SR22"},"BF3":{"desc":"H4E"},"BF4":{"t":"L8"},"BFA":{"t":"P28A"},"BFC":{"t":"BALL"},"BFD":{"desc":"L1P"},"BFF":{"desc":"L1P"},"C06":{"t":"C172"},"C07":{"t":"BE19"},"C08":{"t":"C182"},"C09":{"t":"M20P"},"C0B":{"t":"C172"},"C10":{"t":"C172"},"C11":{"t":"DC3"},"C12":{"t":"C172"},"C13":{"t":"C172"},"C16":{"t":"PA18"},"C19":{"t":"BE35"},"C1C":{"t":"BALL"},"C20":{"t":"BE24"},"C21":{"desc":"L1P"},"C24":{"t":"C77R"},"C25":{"t":"BALL"},"C27":{"t":"BALL"},"C29":{"t":"C140"},"C2A":{"t":"BE19"},"C2B":{"t":"C182"},"C2C":{"t":"M20P"},"C2E":{"t":"C172"},"C31":{"t":"C172"},"C32":{"t":"C180"},"C34":{"t":"C172"},"C39":{"t":"SR22"},"C3B":{"desc":"L1P","t":"ULAC"},"C3C":{"t":"C182"},"C3D":{"desc":"L1P"},"C3E":{"t":"BALL"},"C40":{"t":"P28A"},"C41":{"t":"M20P"},"C4A":{"t":"P28A"},"C4D":{"t":"BE19"},"C4E":{"t":"C182"},"C58":{"t":"BALL"},"C59":{"t":"C172"},"C5B":{"t":"FA10"},"C5C":{"t":"GLID"},"C5E":{"t":"C170"},"C5F":{"t":"BE35"},"C63":{"t":"P28A"},"C67":{"t":"C182"},"C69":{"t":"BALL"},"C6A":{"t":"C77R"},"C6D":{"t":"P28R"},"C78":{"t":"C172"},"C7A":{"t":"C172"},"C7C":{"t":"C172"},"C7D":{"desc":"L1P"},"C7F":{"t":"PA18"},"C84":{"desc":"L1P"},"C85":{"t":"B350"},"C8A":{"t":"C182"},"C90":{"t":"P28R"},"C91":{"t":"C185"},"C93":{"t":"ULAC"},"C94":{"t":"C182"},"C95":{"t":"M20P"},"C97":{"t":"C172"},"C9B":{"t":"C172"},"C9E":{"t":"C172"},"C9F":{"t":"C172"},"CA0":{"t":"C172"},"CA2":{"t":"BE33"},"CA3":{"t":"C182"},"CA4":{"t":"C170"},"CA5":{"t":"BE35"},"CA8":{"t":"C414"},"CA9":{"t":"P28A"},"CAD":{"t":"GLID"},"CAE":{"t":"C140"},"CB0":{"t":"C77R"},"CB1":{"desc":"H1P"},"CB3":{"t":"P28A"},"CB4":{"t":"C185"},"CB5":{"t":"C120"},"CB6":{"desc":"L1P"},"CB8":{"t":"M20P"},"CBA":{"desc":"H6E"},"CBB":{"t":"B789"},"CBE":{"t":"C172"},"CBF":{"t":"C172"},"CC0":{"t":"C172"},"CC2":{"t":"C172"},"CC4":{"t":"P28S"},"CC5":{"t":"PA22"},"CC6":{"t":"BALL"},"CC7":{"t":"C170"},"CCC":{"t":"P28R"},"CCD":{"t":"M20P"},"CD0":{"t":"C182"},"CD7":{"t":"C185"},"CD9":{"t":"BE19"},"CDB":{"t":"M20P"},"CDC":{"t":"C150"},"CDF":{"t":"C172"},"CE1":{"t":"BALL"},"CE4":{"t":"C172"},"CE7":{"t":"COL4"},"CE8":{"t":"B763"},"CEA":{"t":"C170"},"CEC":{"t":"C172"},"CEF":{"t":"P28S"},"CF4":{"t":"C120"},"CF6":{"desc":"L1P","t":"ULAC"},"CF9":{"t":"BALL"},"CFC":{"t":"BALL"},"CFE":{"t":"M20P"},"D01":{"t":"C172"},"D02":{"t":"C172"},"D06":{"t":"C177"},"D07":{"t":"C177"},"D08":{"t":"C172"},"D0A":{"desc":"L1P"},"D0B":{"desc":"L1P","t":"ULAC"},"D0E":{"t":"BE35"},"D0F":{"t":"CH7A"},"D10":{"t":"C172"},"D13":{"desc":"L1P"},"D15":{"t":"BE23"},"D16":{"t":"C182"},"D17":{"t":"C140"},"D1A":{"t":"C172"},"D1E":{"t":"C206"},"D20":{"t":"C182"},"D22":{"t":"C150"},"D25":{"t":"C172"},"D26":{"t":"C172"},"D29":{"t":"B789"},"D2A":{"t":"C172"},"D2B":{"t":"C172"},"D2C":{"desc":"L1P"},"D2E":{"t":"ULAC"},"D30":{"t":"C170"},"D36":{"t":"BE55"},"D37":{"t":"L8"},"D39":{"t":"C182"},"D3B":{"t":"PA22"},"D3C":{"t":"C77R"},"D3D":{"desc":"L1P"},"D3E":{"t":"PA32"},"D3F":{"t":"P28B"},"D40":{"t":"C185"},"D41":{"t":"C140"},"D42":{"t":"M20P"},"D43":{"t":"C182"},"D44":{"t":"M20P"},"D46":{"t":"BALL"},"D48":{"t":"C172"},"D49":{"t":"GLID"},"D4B":{"desc":"L1P"},"D4C":{"t":"C172"},"D4D":{"t":"C172"},"D4E":{"desc":"L1P"},"D4F":{"t":"C172"},"D51":{"t":"SHIP"},"D52":{"desc":"L1P"},"D53":{"t":"PA24"},"D54":{"t":"GLEX"},"D55":{"desc":"L1P"},"D56":{"desc":"L1P"},"D57":{"t":"B429"},"D58":{"t":"CH7B"},"D59":{"desc":"L1P"},"D5A":{"t":"C182"},"D5C":{"t":"M20P"},"D5D":{"t":"M20P"},"D5F":{"desc":"L2P"},"D60":{"t":"B06"},"D62":{"t":"BE60"},"D65":{"t":"C208"},"D66":{"t":"C177"},"D67":{"desc":"L1P"},"D68":{"t":"PA12"},"D6A":{"t":"SR22"},"D6B":{"desc":"A1P","t":"ULAC"},"D6C":{"t":"BE55"},"D6E":{"t":"C25A"},"D6F":{"t":"PA15"},"D70":{"t":"C150"},"D71":{"t":"GALX"},"D72":{"t":"BE36"},"D74":{"t":"O1"},"D75":{"t":"M20T"},"D76":{"t":"J3"},"D77":{"t":"CH7B"},"D78":{"t":"C177"},"D79":{"t":"B06"},"D7C":{"desc":"H1T"},"D7D":{"desc":"L1P"},"D81":{"t":"P28R"},"D82":{"t":"AC50"},"D83":{"t":"GLF6"},"D84":{"t":"AA1"},"D85":{"t":"BE35"},"D86":{"t":"GLF4"},"D88":{"t":"J3"},"D89":{"t":"C340"},"D8A":{"t":"GLID"},"D8E":{"t":"P28U"},"D90":{"t":"C180"},"D92":{"desc":"A1P"},"D93":{"desc":"L1P"},"D94":{"t":"BE35"},"D95":{"t":"PC24"},"D96":{"t":"BALL"},"D98":{"t":"C185"},"D9A":{"t":"M20P"},"D9B":{"desc":"L1P"},"D9D":{"t":"P28A"},"D9E":{"t":"BE30"},"D9F":{"t":"BE35"},"DA2":{"t":"GLF4"},"DA3":{"t":"P28A"},"DA7":{"desc":"L1P"},"DA8":{"t":"T210"},"DA9":{"t":"BE35"},"DAA":{"t":"PA32"},"DAB":{"desc":"L2P"},"DAC":{"t":"BE35"},"DAD":{"t":"PA18"},"DAE":{"desc":"L1P"},"DAF":{"t":"BE35"},"DB0":{"t":"PA24"},"DB1":{"t":"P28R"},"DB5":{"t":"GLF6"},"DB7":{"t":"C182"},"DB8":{"t":"EA50"},"DB9":{"desc":"L1P"},"DBA":{"t":"AA5"},"DBB":{"desc":"L1P"},"DBC":{"desc":"L1P"},"DC0":{"t":"SF50"},"DC2":{"t":"A109"},"DC3":{"desc":"L1P"},"DC4":{"desc":"L1P"},"DC5":{"t":"PT22"},"DC6":{"t":"COL4"},"DC7":{"t":"RV12"},"DCB":{"desc":"L1P"},"DCC":{"t":"BE35"},"DCD":{"t":"CH7A"},"DCE":{"t":"AEST"},"DD1":{"desc":"L1P"},"DD2":{"t":"CL60"},"DD3":{"t":"GLEX"},"DD5":{"t":"B06"},"DD6":{"desc":"H2T"},"DD8":{"t":"BE33"},"DD9":{"desc":"L1P"},"DDA":{"t":"NAVI"},"DDB":{"t":"C172"},"DDC":{"t":"SF50"},"DDD":{"t":"FA50"},"DDE":{"t":"M20T"},"DE1":{"t":"LJ31"},"DE3":{"desc":"H1T"},"DE4":{"t":"PA27"},"DE6":{"t":"C140"},"DE7":{"t":"GALX"},"DE8":{"t":"C185"},"DEA":{"desc":"L1P"},"DEB":{"t":"AA5"},"DED":{"desc":"L1P"},"DEE":{"t":"C56X"},"DEF":{"t":"C205"},"DF5":{"t":"BE60"},"DF6":{"t":"C550"},"DF7":{"t":"BE35"},"DFB":{"t":"PA12"},"DFC":{"t":"SF50"},"DFD":{"desc":"L1P"},"E01":{"t":"C172"},"E03":{"t":"GLF4"},"E04":{"desc":"L1P"},"E06":{"t":"T28"},"E09":{"t":"BE33"},"E0B":{"t":"CL30"},"E0C":{"desc":"L1P"},"E0D":{"desc":"L1P"},"E10":{"t":"PA27"},"E11":{"t":"PA34"},"E13":{"t":"C82R"},"E19":{"t":"PA12"},"E1A":{"t":"C421"},"E1C":{"t":"BE36"},"E1D":{"desc":"L1P"},"E1E":{"t":"BE60"},"E20":{"t":"BL8"},"E21":{"t":"C172"},"E22":{"t":"C402"},"E23":{"t":"C182"},"E24":{"desc":"L1P"},"E25":{"desc":"L1P"},"E26":{"desc":"L1P"},"E27":{"desc":"L1P"},"E2A":{"desc":"L1P"},"E2B":{"desc":"L1P"},"E2C":{"desc":"L1P"},"E2D":{"desc":"L1P"},"E2E":{"t":"GL5T"},"E2F":{"t":"BE35"},"E30":{"t":"GLID"},"E31":{"t":"P46T"},"E32":{"desc":"L1P"},"E33":{"t":"PA18"},"E34":{"t":"BE36"},"E35":{"t":"C25C"},"E36":{"t":"T210"},"E38":{"t":"C177"},"E39":{"t":"C177"},"E3B":{"t":"GLID"},"E3D":{"t":"HA4T"},"E3E":{"t":"BE55"},"E3F":{"t":"M20P"},"E40":{"desc":"L1P"},"E44":{"t":"CH7A"},"E46":{"t":"GLID"},"E4B":{"t":"G280"},"E4C":{"t":"GLF6"},"E4D":{"t":"PA18"},"E4E":{"t":"BE33"},"E50":{"t":"GLID"},"E52":{"desc":"L1T","t":"M600"},"E53":{"t":"BE33"},"E54":{"t":"C120"},"E56":{"desc":"L1P"},"E57":{"t":"GC1"},"E59":{"t":"C680"},"E5C":{"desc":"L1P"},"E5D":{"desc":"L1P"},"E5E":{"t":"G164"},"E60":{"desc":"L1P"},"E62":{"t":"C421"},"E65":{"t":"SR22"},"E66":{"t":"C310"},"E68":{"t":"TBM7"},"E69":{"desc":"A1P"},"E6B":{"t":"GLEX"},"E6C":{"t":"P32T"},"E6E":{"t":"P180"},"E6F":{"t":"BE36"},"E70":{"desc":"L1P"},"E74":{"desc":"L1P"},"E75":{"t":"C152"},"E76":{"t":"BE33"},"E77":{"desc":"L1P"},"E79":{"desc":"L1P"},"E7B":{"desc":"L1P"},"E7D":{"t":"GLF6"},"E80":{"t":"BE9L"},"E81":{"desc":"L1P"},"E84":{"desc":"L1P"},"E86":{"t":"B06"},"E87":{"desc":"H1T"},"E88":{"t":"SBR1"},"E89":{"t":"C170"},"E8C":{"t":"C441"},"E8F":{"desc":"L1P"},"E90":{"desc":"L1P"},"E92":{"desc":"H1P"},"E94":{"t":"PA22"},"E95":{"t":"P32R"},"E96":{"desc":"L1P"},"E98":{"t":"AEST"},"E9A":{"t":"TBM7"},"E9B":{"desc":"L1P"},"E9C":{"desc":"L1P"},"E9D":{"t":"GLF6"},"E9F":{"t":"C337"},"EA0":{"t":"PC24"},"EA1":{"desc":"L1P"},"EA2":{"t":"CH7A"},"EA3":{"t":"PA31"},"EA4":{"t":"ST75"},"EA5":{"desc":"L1P"},"EA6":{"desc":"A1P"},"EA7":{"t":"T206"},"EA8":{"t":"PA22"},"EA9":{"desc":"L1P"},"EAA":{"desc":"L2P"},"EAB":{"t":"PA44"},"EAC":{"t":"P28A"},"EAE":{"desc":"L1P"},"EAF":{"t":"C680"},"EB1":{"desc":"L1P"},"EB3":{"t":"P337"},"EB4":{"t":"GL5T"},"EB5":{"t":"P337"},"EB6":{"t":"C680"},"EB7":{"t":"PA22"},"EB9":{"t":"P337"},"EBB":{"t":"P337"},"EBD":{"t":"P337"},"EBF":{"t":"GLID"},"EC1":{"desc":"L1P"},"EC4":{"t":"PA27"},"EC9":{"desc":"L2T"},"ECA":{"t":"M20P"},"ECB":{"t":"C560"},"ECC":{"t":"BE20"},"ECD":{"desc":"L1P"},"ECE":{"t":"C25B"},"ECF":{"desc":"L1P"},"ED0":{"t":"M20P"},"ED1":{"t":"SF50"},"ED4":{"t":"C500"},"ED5":{"desc":"L1P"},"ED6":{"t":"PA27"},"ED8":{"desc":"L2T"},"ED9":{"t":"P28A"},"EDA":{"t":"PA24"},"EDB":{"t":"UH12"},"EDC":{"desc":"L1P"},"EDD":{"t":"BE9T"},"EDE":{"t":"P210"},"EDF":{"desc":"L1P"},"EE3":{"t":"PA32"},"EE4":{"t":"BE9L"},"EE5":{"t":"AS50"},"EE7":{"desc":"L1P"},"EE8":{"t":"CH7B"},"EEB":{"t":"C72R"},"EEC":{"t":"T210"},"EED":{"t":"LJ31"},"EEF":{"t":"B429"},"EF2":{"t":"C170"},"EF3":{"desc":"L1P"},"EF4":{"desc":"L1P"},"EF5":{"t":"PA24"},"EF6":{"t":"AS50"},"EF7":{"t":"P32R"},"EF8":{"t":"C25A"},"EFA":{"t":"GLEX"},"EFB":{"t":"C150"},"EFC":{"t":"RC3"},"EFD":{"t":"R66"},"EFE":{"t":"BE35"},"EFF":{"desc":"A1P"},"F00":{"desc":"L1P"},"F01":{"t":"C337"},"F05":{"t":"BE95"},"F06":{"desc":"L1P"},"F08":{"t":"C172"},"F09":{"desc":"L1P"},"F0A":{"desc":"A1P"},"F0B":{"t":"SF50"},"F0C":{"desc":"L1P"},"F0E":{"desc":"L1P"},"F0F":{"t":"C560"},"F10":{"t":"BE36"},"F11":{"desc":"A1P"},"F13":{"t":"CL30"},"F15":{"t":"AEST"},"F1A":{"t":"BE33"},"F1C":{"t":"C680"},"F1F":{"t":"C310"},"F20":{"t":"P28R"},"F21":{"t":"C650"},"F22":{"t":"PTS2"},"F24":{"t":"BALL"},"F25":{"t":"BE55"},"F27":{"t":"BE9L"},"F28":{"t":"BE20"},"F2A":{"desc":"A1P"},"F2B":{"t":"BE35"},"F2D":{"t":"B350"},"F2E":{"t":"M5"},"F2F":{"t":"BE95"},"F30":{"t":"T34P"},"F33":{"t":"PA30"},"F36":{"t":"AEST"},"F3B":{"t":"PA30"},"F3C":{"t":"BT36"},"F3E":{"t":"CH7B"},"F3F":{"t":"UH12"},"F40":{"t":"B58T"},"F41":{"desc":"L1P"},"F43":{"t":"T34P"},"F44":{"t":"M20P"},"F45":{"t":"C185"},"F47":{"desc":"L1P"},"F48":{"desc":"L2J"},"F49":{"t":"NAVI"},"F4A":{"t":"B06"},"F4B":{"t":"C206"},"F4C":{"t":"C510"},"F4D":{"t":"SF50"},"F50":{"desc":"L1P"},"F51":{"t":"PA31"},"F53":{"desc":"L1J"},"F56":{"desc":"L1P"},"F57":{"t":"C310"},"F5A":{"t":"BE58"},"F61":{"t":"C172"},"F62":{"desc":"L1P"},"F63":{"desc":"L1P"},"F64":{"desc":"L1P"},"F65":{"desc":"L1P"},"F66":{"t":"PA30"},"F67":{"t":"BALL"},"F6A":{"desc":"L1P"},"F6B":{"t":"C182"},"F6C":{"desc":"L1P"},"F6F":{"t":"BL17"},"F70":{"t":"CL30"},"F72":{"desc":"L1P"},"F73":{"t":"GLID"},"F74":{"t":"C310"},"F77":{"desc":"L1P"},"F78":{"t":"GLID"},"F79":{"t":"GLID"},"F7A":{"t":"BE58"},"F7C":{"t":"C310"},"F7D":{"t":"PC12"},"F7E":{"desc":"L1P"},"F82":{"t":"AA5"},"F85":{"t":"PA30"},"F86":{"t":"PA18"},"F87":{"t":"C206"},"F88":{"t":"GLID"},"F8A":{"t":"EA50"},"F8B":{"desc":"L1T"},"F8E":{"t":"BE33"},"F8F":{"desc":"L1P"},"F90":{"t":"BE36"},"F92":{"t":"C525"},"F94":{"t":"C182"},"F96":{"t":"PTS2"},"F98":{"t":"SR22"},"F99":{"t":"BALL"},"F9A":{"desc":"L1P"},"F9C":{"desc":"L1P"},"F9D":{"t":"BE9L"},"FA1":{"desc":"L1P"},"FA2":{"desc":"A1P"},"FA4":{"desc":"L1P"},"FA5":{"t":"BE35"},"FA6":{"desc":"L1P"},"FA8":{"t":"CH7A"},"FAA":{"t":"PA23"},"FAB":{"t":"C172"},"FAC":{"t":"GLID"},"FAD":{"t":"BE35"},"FAE":{"t":"T206"},"FAF":{"t":"BE20"},"FB0":{"desc":"L1P"},"FB1":{"desc":"L1P","t":"TB0"},"FB3":{"t":"TOBA"},"FB4":{"desc":"L1P"},"FB5":{"desc":"L1P"},"FB8":{"t":"C82S"},"FBB":{"t":"S22T"},"FBC":{"desc":"H1T"},"FBD":{"t":"C25C"},"FBE":{"t":"C77R"},"FBF":{"t":"C208"},"FC0":{"t":"C77R"},"FC1":{"t":"SR20"},"FC2":{"t":"P28B"},"FC3":{"t":"P32R"},"FC4":{"t":"GLID"},"FC5":{"t":"PA31"},"FC7":{"t":"GALX"},"FCA":{"desc":"L1P"},"FCB":{"t":"B407"},"FCE":{"t":"GALX"},"FCF":{"desc":"L2T"},"FD0":{"desc":"L1P"},"FD3":{"t":"C180"},"FD6":{"t":"PA27"},"FD8":{"t":"P32R"},"FDB":{"t":"AEST"},"FDC":{"t":"P337"},"FDD":{"t":"SR22"},"FDE":{"t":"RC3"},"FDF":{"t":"C560"},"FE0":{"t":"SR20"},"FE1":{"desc":"L1P"},"FE2":{"t":"C170"},"FE3":{"t":"BE60"},"FE4":{"t":"C182"},"FE6":{"desc":"A1P"},"FE8":{"desc":"L1P"},"FE9":{"t":"T206"},"FEB":{"desc":"L1P","t":"TB0"},"FEC":{"t":"LJ55"},"FED":{"t":"BE36"},"FEE":{"t":"C152"},"FEF":{"t":"C72R"},"FF0":{"t":"SR20"},"FF1":{"desc":"L1P"},"FF2":{"t":"GLID"},"FF5":{"desc":"L1P"},"FF8":{"t":"C525"},"FF9":{"t":"R44"},"FFA":{"t":"C182"},"FFE":{"t":"BE55"},"FFF":{"t":"C172"}}