{"000":{"desc":"L1P"},"001":{"t":"PA27"},"002":{"t":"GLID"},"003":{"t":"PA46"},"004":{"t":"GLID"},"007":{"t":"GLID"},"008":{"t":"TOBA"},"009":{"desc":"L1P"},"00B":{"desc":"L1P","t":"TB0"},"00C":{"desc":"L1P","t":"TB0"},"00D":{"desc":"L1P","t":"TB0"},"00E":{"t":"GC1"},"00F":{"desc":"L1P"},"010":{"desc":"L1P"},"012":{"t":"GLID"},"013":{"desc":"L1P"},"014":{"t":"SR20"},"016":{"t":"M20P"},"018":{"t":"GLID"},"019":{"t":"TOBA"},"01A":{"desc":"L1P"},"01B":{"desc":"L1P"},"01C":{"t":"C172"},"020":{"t":"TOBA"},"021":{"t":"TOBA"},"022":{"t":"ULAC"},"023":{"t":"B350"},"024":{"t":"E300"},"026":{"t":"C310"},"027":{"t":"BE95"},"02A":{"t":"C182"},"02B":{"t":"BE9L"},"02E":{"desc":"L1P"},"030":{"t":"FA20"},"031":{"desc":"L1P","t":"TB0"},"032":{"t":"H500"},"034":{"desc":"L1P"},"036":{"desc":"L1P","t":"TB1"},"037":{"desc":"L1P","t":"TB1"},"038":{"desc":"L1P"},"03B":{"t":"TOBA"},"03C":{"desc":"L2T"},"03D":{"t":"ULAC"},"03F":{"desc":"L1P","t":"TB1"},"040":{"t":"GLF4"},"041":{"t":"GLID"},"042":{"t":"GLID"},"043":{"desc":"L1P"},"044":{"t":"BE35"},"046":{"desc":"L1P","t":"TB1"},"047":{"t":"P28A"},"04A":{"desc":"L1P","t":"TB0"},"04B":{"desc":"L1P"},"04D":{"t":"A109"},"04E":{"t":"F900"},"050":{"desc":"L1P"},"052":{"t":"BE9L"},"053":{"desc":"L1P","t":"TB0"},"055":{"desc":"L1P"},"056":{"t":"L39"},"059":{"t":"C680"},"05A":{"t":"C172"},"05F":{"t":"FA20"},"062":{"t":"DA40"},"063":{"t":"C414"},"064":{"t":"T210"},"065":{"t":"BE36"},"067":{"desc":"L1P"},"068":{"t":"GLEX"},"06A":{"t":"GLID"},"06B":{"t":"C172"},"06D":{"desc":"L1P"},"06E":{"t":"GLID"},"06F":{"t":"AS50"},"070":{"t":"HUSK"},"074":{"desc":"L1P"},"075":{"t":"PA22"},"076":{"t":"P28A"},"077":{"desc":"L1P"},"078":{"desc":"H1P"},"079":{"t":"P210"},"07C":{"t":"C25A"},"07E":{"t":"P28A"},"07F":{"t":"C340"},"080":{"desc":"L1P"},"083":{"t":"C182"},"086":{"desc":"L1P"},"087":{"t":"BE55"},"088":{"t":"M20P"},"08A":{"t":"TOBA"},"08C":{"desc":"L1T"},"08D":{"desc":"L1P"},"08E":{"desc":"L1P"},"091":{"desc":"L1P"},"092":{"t":"TOBA"},"093":{"t":"C182"},"095":{"t":"S22T"},"096":{"t":"TOBA"},"097":{"desc":"L1P","t":"TB1"},"098":{"t":"TOBA"},"09C":{"t":"EA50"},"09D":{"t":"PA46"},"0A4":{"t":"SR22"},"0A5":{"desc":"H1E","t":"R44"},"0A6":{"t":"BALL"},"0A8":{"desc":"L1P"},"0A9":{"t":"PA18"},"0AA":{"desc":"L1P"},"0AB":{"t":"P28R"},"0AE":{"desc":"L1P"},"0AF":{"t":"P28A"},"0B0":{"t":"BE20"},"0B4":{"t":"AEST"},"0B5":{"t":"R44"},"0B6":{"t":"M7"},"0B7":{"desc":"L1P","t":"TB1"},"0B8":{"desc":"L1P","t":"TB1"},"0BA":{"t":"PA31"},"0BB":{"t":"BALL"},"0BD":{"desc":"L1P"},"0BE":{"t":"AC90"},"0BF":{"t":"BE20"},"0C0":{"t":"M20T"},"0C3":{"desc":"L1P"},"0C4":{"t":"GLID"},"0C5":{"desc":"A2P"},"0C6":{"t":"C525"},"0C7":{"t":"C680"},"0C8":{"t":"S22T"},"0C9":{"t":"GLID"},"0CA":{"desc":"L1P"},"0CB":{"t":"R66"},"0CD":{"desc":"L1P"},"0CE":{"t":"P51"},"0D1":{"t":"C172"},"0D2":{"t":"C421"},"0D4":{"t":"R44"},"0D5":{"desc":"L1P"},"0D6":{"t":"BALL"},"0D7":{"t":"AA5"},"0D8":{"desc":"L1P","t":"TB1"},"0D9":{"desc":"L1P","t":"TB1"},"0DA":{"desc":"L1P","t":"TB1"},"0DD":{"t":"C310"},"0DE":{"t":"TOBA"},"0E2":{"t":"A109"},"0E7":{"desc":"L4J"},"0E8":{"t":"GLID"},"0EC":{"desc":"L1P"},"0ED":{"t":"FA20"},"0EF":{"desc":"L1P"},"0F1":{"desc":"L1T"},"0F2":{"t":"P46T"},"0F3":{"desc":"L1P"},"0F5":{"t":"B212"},"0F6":{"t":"P28A"},"0F7":{"desc":"L1P"},"0F8":{"t":"H25B"},"0F9":{"t":"GLID"},"0FA":{"desc":"L1J"},"0FB":{"desc":"L1P"},"0FC":{"t":"SR20"},"0FD":{"t":"PA22"},"0FF":{"t":"PA20"},"100":{"desc":"L1P"},"101":{"t":"PA46"},"104":{"t":"M20P"},"106":{"t":"S22T"},"107":{"t":"S22T"},"10B":{"t":"P28A"},"119":{"t":"GLID"},"121":{"t":"PA24"},"122":{"t":"B190"},"123":{"desc":"L1P"},"127":{"t":"TBM7"},"128":{"t":"GL5T"},"129":{"t":"C172"},"12A":{"desc":"L1P"},"12C":{"t":"BE35"},"12D":{"t":"C501"},"12E":{"t":"P28S"},"12F":{"desc":"L1P"},"131":{"desc":"L1P"},"132":{"t":"C185"},"133":{"t":"M20P"},"136":{"desc":"L1P"},"137":{"desc":"L1P"},"13A":{"t":"BE9L"},"13B":{"t":"P28A"},"13C":{"t":"CH7B"},"13D":{"desc":"L1P"},"140":{"desc":"L1P"},"141":{"t":"C25B"},"142":{"t":"NAVI"},"143":{"t":"GLID"},"147":{"desc":"L1P","t":"TB0"},"148":{"t":"B430"},"14A":{"desc":"A1P"},"14B":{"t":"AEST"},"14C":{"t":"GLID"},"14D":{"t":"C172"},"14E":{"t":"HUSK"},"14F":{"t":"GLID"},"150":{"desc":"L1P"},"153":{"t":"F2TH"},"155":{"desc":"L1P","t":"TB0"},"157":{"desc":"L1P"},"159":{"t":"P51"},"15C":{"t":"GLID"},"15D":{"t":"TOBA"},"15E":{"desc":"L1P","t":"TB0"},"15F":{"t":"B737"},"161":{"t":"PA34"},"162":{"t":"E55P"},"163":{"t":"R44"},"164":{"t":"GLID"},"165":{"t":"SR20"},"166":{"t":"M20P"},"167":{"t":"B06"},"16A":{"t":"BE55"},"16C":{"desc":"L1P"},"16F":{"desc":"L1P"},"172":{"t":"SR20"},"174":{"t":"GLID"},"176":{"t":"M20P"},"178":{"t":"BALL"},"17A":{"t":"R66"},"17B":{"t":"HDJT"},"184":{"t":"GLID"},"185":{"t":"TAYB"},"187":{"t":"GLID"},"188":{"desc":"L1P","t":"TB0"},"18C":{"desc":"H2T"},"18F":{"t":"C310"},"190":{"t":"C525"},"191":{"t":"M20P"},"193":{"desc":"L1P"},"195":{"t":"M20T"},"196":{"desc":"L1P"},"197":{"desc":"L1P","t":"TB0"},"199":{"desc":"L1P"},"19E":{"desc":"A1P"},"19F":{"t":"C414"},"1A0":{"desc":"L1P"},"1A2":{"desc":"L1P"},"1A3":{"t":"C441"},"1A4":{"t":"C310"},"1A6":{"t":"B407"},"1A7":{"t":"PA34"},"1A8":{"t":"FA20"},"1A9":{"t":"PAY2"},"1AA":{"t":"C172"},"1AC":{"t":"BE9L"},"1B0":{"desc":"L1P"},"1B3":{"desc":"L1P"},"1B4":{"desc":"L1P"},"1B5":{"t":"B06"},"1B7":{"desc":"L1P"},"1BA":{"desc":"A1P"},"1C1":{"t":"M20T"},"1C2":{"t":"BE60"},"1C5":{"t":"LJ31"},"1C8":{"desc":"L1P"},"1C9":{"desc":"L1P"},"1CD":{"t":"E50P"},"1D0":{"desc":"L1P"},"1D2":{"t":"M20P"},"1D3":{"t":"F2TH"},"1D6":{"t":"PA18"},"1DB":{"t":"ASTR"},"1DE":{"t":"GLID"},"1E7":{"desc":"L1P"},"1E9":{"t":"B06"},"1EB":{"t":"BALL"},"201":{"t":"GLID"},"202":{"t":"E50P"},"203":{"t":"GLEX"},"204":{"t":"C208"},"206":{"t":"P28R"},"207":{"t":"P28A"},"20A":{"t":"BE24"},"20B":{"t":"BE55"},"20E":{"desc":"L1P"},"211":{"t":"C750"},"213":{"t":"SR22"},"214":{"t":"C550"},"215":{"desc":"L1P"},"217":{"t":"M20P"},"219":{"t":"GALX"},"21D":{"t":"GALX"},"21E":{"desc":"L1P"},"220":{"t":"AA5"},"221":{"desc":"L1P"},"224":{"desc":"H1P","t":"GALX"},"225":{"t":"C337"},"227":{"t":"FDCT"},"22C":{"t":"GLID"},"22D":{"desc":"L1P"},"22E":{"t":"BE20"},"231":{"t":"BE35"},"236":{"t":"PA32"},"237":{"t":"BE55"},"23A":{"t":"AC11"},"23B":{"t":"PA32"},"23C":{"t":"C500"},"23D":{"t":"F2TH"},"240":{"desc":"L1P"},"243":{"t":"FA20"},"245":{"t":"F2TH"},"247":{"t":"M20T"},"249":{"t":"C750"},"24A":{"t":"M7"},"24B":{"t":"PA31"},"24E":{"t":"M200"},"24F":{"t":"BE20"},"250":{"t":"PA24"},"251":{"t":"C421"},"253":{"t":"CL60"},"254":{"t":"PA27"},"255":{"t":"GLID"},"256":{"desc":"L1P"},"257":{"desc":"L1P"},"25C":{"t":"M20T"},"25E":{"t":"SR22"},"25F":{"t":"BL17"},"260":{"t":"C25B"},"262":{"desc":"L2J"},"264":{"t":"GLID"},"268":{"t":"BE20"},"269":{"t":"BL17"},"26D":{"t":"P28S"},"26F":{"desc":"H1P"},"271":{"t":"C425"},"272":{"t":"GLF3"},"273":{"desc":"L1P"},"277":{"t":"BE60"},"278":{"t":"GLF6"},"27A":{"t":"SR20"},"281":{"desc":"L1P"},"282":{"t":"PA31"},"283":{"desc":"L1P"},"287":{"desc":"L1P"},"289":{"t":"FA20"},"28C":{"t":"BE20"},"290":{"t":"BE20"},"292":{"t":"C25A"},"294":{"desc":"L1P"},"295":{"t":"AA5"},"299":{"desc":"L2T"},"29A":{"t":"GALX"},"29B":{"t":"AR11"},"29C":{"t":"C340"},"29D":{"t":"BE33"},"2A3":{"t":"P28R"},"2A4":{"desc":"L1P"},"2A5":{"desc":"L1P"},"2A6":{"t":"GALX"},"2A7":{"t":"BE40"},"2A8":{"desc":"L2J"},"2AA":{"t":"BE20"},"2AB":{"desc":"L1P"},"2AF":{"t":"FA50"},"2B2":{"t":"GLID"},"2B5":{"t":"SR22"},"2B6":{"t":"BE20"},"2B8":{"desc":"H6E"},"2B9":{"t":"HUSK"},"2BA":{"t":"HUSK"},"2BD":{"desc":"L1P"},"2BE":{"t":"P32R"},"2BF":{"t":"EC35"},"2C0":{"t":"C206"},"2C2":{"t":"B06"},"2C5":{"t":"HUSK"},"2C9":{"t":"HUSK"},"2CB":{"desc":"L1P"},"2CD":{"t":"CL30"},"2D0":{"t":"PA46"},"2D1":{"t":"BE33"},"2D3":{"desc":"L1P"},"2D4":{"t":"M7"},"2D5":{"t":"P28R"},"2D6":{"t":"BE20"},"2D9":{"t":"PA46"},"2DB":{"t":"BE20"},"2DD":{"t":"C750"},"2DF":{"t":"E300"},"2E0":{"t":"F2TH"},"2E6":{"t":"LJ31"},"2E8":{"t":"BE95"},"2EE":{"desc":"H1T"},"2F0":{"t":"M7"},"2F3":{"desc":"A1T","t":"KODI"},"2F4":{"t":"P28R"},"2F5":{"t":"C208"},"2F6":{"desc":"L1P"},"2F7":{"desc":"L2P"},"2F8":{"t":"B47G"},"2FD":{"t":"HUSK"},"2FE":{"t":"AT8T"},"2FF":{"t":"SR22"},"300":{"t":"GLF4"},"301":{"t":"C210"},"302":{"t":"C310"},"303":{"t":"C208"},"304":{"t":"S108"},"305":{"t":"C650"},"309":{"desc":"L1P"},"30B":{"desc":"L2J"},"30E":{"t":"CL60"},"30F":{"desc":"L1P"},"313":{"t":"F2TH"},"316":{"desc":"L1P"},"317":{"t":"P32T"},"318":{"t":"CH7B"},"319":{"t":"C414"},"31A":{"t":"P28A"},"31C":{"desc":"L2T"},"31E":{"desc":"L2T"},"322":{"desc":"L1P"},"324":{"t":"GLID"},"328":{"t":"LJ60"},"329":{"desc":"L2P"},"32B":{"desc":"H4E"},"330":{"t":"BE20"},"332":{"t":"C550"},"333":{"t":"BE20"},"33B":{"t":"C210"},"33C":{"t":"E75L"},"33D":{"t":"PC12"},"33F":{"t":"GLID"},"340":{"t":"C550"},"341":{"t":"P28R"},"343":{"t":"B738"},"344":{"t":"BE20"},"346":{"desc":"L2T"},"348":{"t":"PA31"},"349":{"t":"BALL"},"34A":{"desc":"A1P"},"34B":{"t":"B06"},"34C":{"desc":"L1P"},"34D":{"t":"GLID"},"34F":{"t":"PAY2"},"350":{"t":"BE20"},"351":{"desc":"L1P"},"354":{"desc":"L1P"},"357":{"t":"CRJ9"},"358":{"t":"PRM1"},"359":{"t":"C172"},"35C":{"t":"PA31"},"35D":{"t":"P28A"},"35E":{"desc":"H1P"},"35F":{"desc":"L1P"},"360":{"t":"BE20"},"361":{"t":"BE33"},"362":{"t":"GALX"},"36B":{"desc":"L1P"},"371":{"t":"T206"},"372":{"t":"CL60"},"37B":{"t":"PA31"},"37C":{"desc":"L1P"},"37D":{"t":"T210"},"37F":{"t":"BE9L"},"380":{"t":"BE23"},"382":{"desc":"L1P"},"384":{"t":"M20P"},"385":{"t":"P28R"},"386":{"t":"BE9L"},"388":{"t":"BE95"},"389":{"desc":"L1P","t":"ULAC"},"38A":{"t":"BE20"},"38B":{"t":"BE20"},"38C":{"t":"B58T"},"38E":{"t":"RV12"},"390":{"t":"C150"},"393":{"t":"TOBA"},"394":{"desc":"L1P"},"395":{"t":"PA34"},"397":{"t":"C150"},"398":{"t":"BE20"},"399":{"t":"P32T"},"39A":{"t":"FA50"},"39B":{"t":"C310"},"39C":{"t":"PA31"},"39E":{"t":"C525"},"39F":{"desc":"L1P"},"3A0":{"desc":"L2T"},"3A1":{"t":"BE55"},"3A5":{"t":"PRM1"},"3A7":{"t":"HUSK"},"3A9":{"desc":"L1P"},"3AA":{"t":"E75L"},"3AC":{"t":"C150"},"3AD":{"desc":"A1P"},"3AE":{"desc":"H1P"},"3AF":{"desc":"L1P"},"3B1":{"t":"BE36"},"3B2":{"desc":"L1P"},"3B7":{"t":"C206"},"3B9":{"t":"C421"},"3BD":{"t":"PAY1"},"3C0":{"t":"BALL"},"3C3":{"desc":"L1P"},"3C5":{"t":"BE9L"},"3C6":{"t":"T210"},"3C7":{"desc":"L1P"},"3CC":{"t":"BE36"},"3CD":{"t":"R22"},"3D3":{"t":"EC35"},"3D5":{"t":"PA18"},"3D6":{"t":"P28A"},"3D7":{"t":"BALL"},"3D8":{"t":"B752"},"3DA":{"t":"BE20"},"3DC":{"t":"GLID"},"3DF":{"t":"BE20"},"3E0":{"t":"B06"},"3E3":{"t":"PAY2"},"3EA":{"t":"P32R"},"3EC":{"t":"M20P"},"3F2":{"t":"C182"},"3F8":{"t":"P28R"},"3F9":{"t":"BE20"},"3FA":{"desc":"L1P"},"3FB":{"desc":"H4E"},"3FC":{"t":"T6"},"3FD":{"t":"GLID"},"3FF":{"t":"AT8T"},"401":{"t":"FA20"},"402":{"t":"FA50"},"403":{"t":"C421"},"404":{"t":"B737"},"405":{"t":"BE20"},"407":{"t":"T210"},"408":{"t":"PA34"},"40C":{"t":"PA46"},"40D":{"t":"BE20"},"410":{"t":"GLID"},"413":{"t":"BE20"},"41B":{"t":"PAY2"},"41F":{"desc":"L1P"},"425":{"desc":"L1P","t":"ULAC"},"429":{"t":"C680"},"42C":{"t":"C340"},"433":{"t":"YK18"},"441":{"t":"BALL"},"443":{"desc":"L1P"},"445":{"t":"BL8"},"448":{"desc":"L1P"},"44C":{"t":"C172"},"45A":{"t":"BE20"},"45B":{"t":"GLF2"},"45C":{"t":"F2TH"},"45D":{"t":"L8"},"45F":{"t":"GLID"},"460":{"t":"U21"},"463":{"t":"AA5"},"466":{"t":"F2TH"},"467":{"t":"SR22"},"46D":{"t":"BALL"},"46E":{"desc":"L1P"},"46F":{"desc":"L1P"},"471":{"t":"C560"},"473":{"t":"C150"},"474":{"t":"NAVI"},"475":{"t":"AT8T"},"477":{"desc":"L1P"},"478":{"desc":"L1P"},"479":{"t":"C172"},"47C":{"t":"C177"},"47D":{"t":"C172"},"47F":{"desc":"L1P"},"480":{"t":"BE35"},"482":{"t":"BE35"},"483":{"t":"BALL"},"486":{"t":"ERCO"},"487":{"desc":"L1P"},"488":{"desc":"L1P"},"489":{"desc":"A1P"},"48D":{"t":"C77R"},"48E":{"t":"C182"},"490":{"desc":"L1P"},"491":{"t":"M4"},"493":{"t":"BE35"},"495":{"t":"C172"},"498":{"desc":"L1P"},"499":{"t":"C172"},"49B":{"t":"C172"},"49C":{"t":"C172"},"49F":{"t":"C172"},"4A0":{"t":"C172"},"4A1":{"t":"BALL"},"4A2":{"desc":"L1P"},"4A4":{"desc":"L1P"},"4A6":{"desc":"L1P"},"4A8":{"desc":"L1P","t":"ULAC"},"4A9":{"t":"BALL"},"4AA":{"desc":"L2J","t":"A21N"},"4AB":{"t":"L8"},"4AD":{"t":"J3"},"4AE":{"t":"C140"},"4AF":{"t":"C335"},"4B0":{"t":"C77R"},"4B1":{"t":"C182"},"4B3":{"desc":"A1P"},"4B5":{"desc":"L1P"},"4B6":{"t":"BE35"},"4BA":{"desc":"L1P"},"4BD":{"t":"C177"},"4BF":{"t":"C172"},"4C0":{"t":"C172"},"4C1":{"desc":"L1P"},"4C3":{"t":"C172"},"4C6":{"t":"AT5T"},"4C7":{"desc":"L1P"},"4C9":{"t":"C172"},"4CB":{"t":"C182"},"4CC":{"t":"BALL"},"4CD":{"t":"AT6T"},"4CE":{"desc":"L1P"},"4CF":{"desc":"L1P"},"4D0":{"t":"P28A"},"4D1":{"t":"M20T"},"4D2":{"t":"PA23"},"4D3":{"t":"C77R"},"4D4":{"t":"C182"},"4D5":{"desc":"L2P"},"4DA":{"desc":"L1P"},"4DB":{"t":"AT8T"},"4DC":{"t":"C150"},"4DE":{"t":"C172"},"4DF":{"t":"C172"},"4E0":{"t":"C172"},"4E1":{"desc":"L1P"},"4E2":{"t":"BALL"},"4E4":{"t":"J2"},"4E5":{"t":"C172"},"4E6":{"t":"C172"},"4E7":{"t":"L8"},"4E8":{"desc":"L1P"},"4EA":{"t":"BALL"},"4EC":{"t":"CH7A"},"4EF":{"desc":"L1P"},"4F0":{"t":"BALL"},"4F1":{"t":"L8"},"4F4":{"t":"C140"},"4F7":{"t":"C182"},"4FB":{"desc":"L1P"},"4FC":{"t":"BE35"},"4FD":{"t":"C182"},"4FE":{"desc":"L1P"},"4FF":{"t":"C150"},"500":{"t":"C172"},"501":{"t":"C172"},"505":{"t":"C172"},"506":{"t":"C172"},"507":{"t":"C172"},"50A":{"desc":"L1P"},"50E":{"t":"BE35"},"50F":{"desc":"L1P"},"511":{"t":"C182"},"512":{"desc":"L1P"},"513":{"desc":"L1P"},"514":{"desc":"L1P"},"517":{"t":"C140"},"519":{"t":"C77R"},"51A":{"desc":"L1P"},"51B":{"desc":"L1P"},"51D":{"desc":"L1P"},"520":{"t":"C182"},"522":{"desc":"L1P"},"523":{"t":"C172"},"524":{"t":"C172"},"525":{"t":"C172"},"526":{"t":"C172"},"528":{"t":"C172"},"529":{"t":"C177"},"52A":{"t":"C172"},"52B":{"t":"C172"},"530":{"desc":"L1P"},"531":{"t":"BE35"},"532":{"t":"CH7A"},"534":{"t":"C182"},"535":{"t":"ERCO"},"536":{"desc":"L1P"},"538":{"desc":"L1P"},"539":{"t":"C25B"},"53A":{"t":"C140"},"53B":{"t":"C182"},"53C":{"t":"C77R"},"53D":{"t":"C182"},"53E":{"desc":"L1P"},"540":{"desc":"L1P"},"544":{"t":"BALL"},"545":{"t":"C150"},"546":{"t":"C172"},"547":{"t":"C172"},"548":{"t":"AT6T"},"549":{"t":"C172"},"54A":{"desc":"L1P"},"54B":{"t":"C172"},"54E":{"t":"C172"},"54F":{"t":"C172"},"550":{"t":"S22T"},"551":{"t":"AT6T"},"552":{"t":"L8"},"553":{"t":"R44"},"554":{"t":"BE35"},"555":{"t":"BE76"},"556":{"t":"BALL"},"557":{"t":"BE24"},"558":{"t":"ERCO"},"55A":{"t":"BE76"},"55C":{"t":"P28R"},"55E":{"t":"PA23"},"55F":{"t":"C77R"},"560":{"t":"C182"},"561":{"t":"BALL"},"562":{"t":"C182"},"565":{"t":"BE33"},"567":{"t":"C172"},"568":{"t":"C150"},"569":{"t":"C172"},"56A":{"t":"C172"},"56B":{"t":"C172"},"56C":{"t":"C172"},"56D":{"t":"C172"},"571":{"t":"J2"},"572":{"t":"C172"},"573":{"t":"G164"},"574":{"desc":"H4E"},"575":{"t":"BE24"},"577":{"t":"BE35"},"578":{"t":"BE76"},"57A":{"t":"C182"},"57E":{"desc":"H1P"},"580":{"t":"BALL"},"582":{"t":"C77R"},"585":{"t":"BE23"},"587":{"t":"C120"},"588":{"t":"BE35"},"58B":{"t":"BE24"},"58D":{"t":"BALL"},"590":{"t":"J2"},"591":{"t":"C177"},"595":{"t":"C172"},"597":{"t":"C56X"},"599":{"t":"B06"},"59A":{"t":"BE23"},"59B":{"t":"BE76"},"59C":{"desc":"L1P"},"59F":{"t":"BALL"},"5A0":{"t":"BE24"},"5A5":{"t":"C77R"},"5A8":{"t":"BE24"},"5A9":{"t":"BE24"},"5AA":{"desc":"L1P"},"5AB":{"desc":"L1P"},"5AC":{"t":"BE76"},"5AD":{"t":"BE76"},"5B0":{"t":"C172"},"5B2":{"t":"C172"},"5B3":{"t":"C177"},"5B4":{"t":"C172"},"5B5":{"t":"J2"},"5B6":{"t":"C172"},"5B7":{"t":"M20P"},"5BA":{"t":"M20P"},"5BB":{"t":"C150"},"5BE":{"t":"M20P"},"5C1":{"t":"M20P"},"5C2":{"t":"S22T"},"5C3":{"t":"M20P"},"5C4":{"t":"M20P"},"5C5":{"t":"M20P"},"5C6":{"desc":"L1P"},"5C7":{"t":"M20P"},"5C9":{"t":"M20P"},"5CB":{"t":"GLID"},"5CC":{"t":"M20P"},"5CD":{"t":"M20P"},"5CF":{"t":"M20P"},"5D3":{"t":"BE35"},"5D4":{"t":"M20P"},"5D6":{"t":"M20P"},"5D7":{"desc":"H4E"},"5D8":{"t":"M20P"},"5DA":{"t":"M20P"},"5DB":{"t":"M20P"},"5DC":{"t":"M20P"},"5DE":{"desc":"L1P"},"5DF":{"t":"M20P"},"5E0":{"t":"M20P"},"5E1":{"t":"M20P"},"5E3":{"t":"FA20"},"5E5":{"t":"M20P"},"5E6":{"t":"M20P"},"5E7":{"t":"M20P"},"5E8":{"t":"M20P"},"5E9":{"t":"M20P"},"5EA":{"t":"M20P"},"5EB":{"t":"M20P"},"5EC":{"t":"S108"},"5EE":{"t":"M20P"},"5EF":{"t":"M20P"},"5F0":{"t":"M20P"},"5F1":{"t":"GLF6"},"5F3":{"t":"M20P"},"5F4":{"t":"BE20"},"5F5":{"t":"M20P"},"5F6":{"t":"M20P"},"5F7":{"t":"C182"},"5F9":{"t":"M20P"},"5FA":{"desc":"L1P"},"5FB":{"t":"M20P"},"5FD":{"t":"M20P"},"5FE":{"t":"M20P"},"600":{"t":"M20P"},"601":{"t":"M20P"},"602":{"t":"M20P"},"603":{"t":"M20P"},"604":{"t":"M20P"},"605":{"t":"B58T"},"606":{"t":"M20P"},"607":{"t":"M20P"},"608":{"t":"M20P"},"609":{"t":"M20P"},"60B":{"t":"M20P"},"60D":{"t":"M20P"},"60E":{"t":"M20P"},"610":{"t":"M20P"},"611":{"t":"M20P"},"612":{"t":"M20P"},"613":{"t":"M20P"},"614":{"t":"M20P"},"615":{"t":"M20P"},"616":{"t":"M20P"},"617":{"desc":"L1P"},"618":{"t":"M20P"},"619":{"t":"M20P"},"61B":{"t":"M20P"},"61C":{"t":"M20P"},"61D":{"desc":"L1P"},"61E":{"t":"M20P"},"61F":{"t":"EA50"},"620":{"t":"M20P"},"621":{"t":"M20P"},"622":{"t":"M20P"},"623":{"t":"M20P"},"624":{"t":"M20P"},"625":{"t":"M20P"},"627":{"t":"M20P"},"62A":{"t":"M20P"},"62C":{"t":"M20P"},"62D":{"t":"M20P"},"62E":{"t":"M20P"},"62F":{"t":"M20P"},"630":{"t":"M20P"},"633":{"t":"M20P"},"634":{"t":"C182"},"637":{"t":"M20P"},"638":{"t":"M20P"},"639":{"t":"M20P"},"63A":{"t":"M20P"},"63E":{"t":"M20P"},"640":{"t":"M20P"},"642":{"t":"M20P"},"643":{"t":"O1"},"644":{"t":"M20P"},"645":{"t":"M20P"},"646":{"t":"M20P"},"647":{"t":"A320"},"648":{"t":"C172"},"649":{"t":"M20P"},"64B":{"t":"M20P"},"64C":{"t":"BALL"},"64D":{"t":"M20P"},"64E":{"t":"M20P"},"653":{"t":"M20P"},"654":{"t":"M20P"},"655":{"t":"M20P"},"658":{"t":"M20P"},"659":{"t":"M20P"},"65B":{"t":"B190"},"65C":{"t":"M200"},"65D":{"t":"M20P"},"65E":{"t":"M20P"},"65F":{"t":"M20P"},"660":{"t":"M20P"},"661":{"t":"M20P"},"662":{"t":"M20P"},"665":{"t":"PA46"},"666":{"t":"M20P"},"667":{"t":"M20P"},"668":{"t":"M20P"},"669":{"t":"M20P"},"66A":{"t":"M20P"},"66B":{"t":"M20P"},"66C":{"t":"M20P"},"66D":{"desc":"H8E"},"670":{"t":"M20P"},"672":{"t":"M20P"},"674":{"t":"M20P"},"675":{"t":"M20P"},"677":{"t":"M20P"},"678":{"t":"M20P"},"679":{"t":"C750"},"67A":{"t":"M20P"},"67B":{"t":"M20P"},"67C":{"t":"M20P"},"67D":{"t":"M20P"},"67E":{"desc":"L1P"},"680":{"t":"M20P"},"681":{"t":"M20P"},"682":{"t":"GLID"},"684":{"t":"M20P"},"685":{"t":"M20P"},"686":{"t":"M20P"},"687":{"t":"M20P"},"688":{"t":"M20P"},"689":{"t":"M20P"},"68A":{"t":"BE35"},"68B":{"t":"M20P"},"68C":{"t":"M20P"},"68D":{"t":"M20P"},"68E":{"t":"M20P"},"690":{"t":"M20P"},"691":{"t":"E75L"},"692":{"t":"M20P"},"693":{"t":"M20P"},"695":{"t":"M20P"},"696":{"t":"M20P"},"697":{"t":"M20P"},"698":{"t":"M20P"},"699":{"t":"M20P"},"69A":{"t":"M20P"},"69B":{"t":"C140"},"69C":{"t":"BE20"},"69D":{"t":"M20P"},"69E":{"t":"M20P"},"6A0":{"t":"M20P"},"6A1":{"t":"M20P"},"6A2":{"t":"M20P"},"6A3":{"t":"M20P"},"6A5":{"t":"M20P"},"6A6":{"t":"M20P"},"6A9":{"desc":"L1T"},"6AA":{"t":"M20P"},"6AB":{"t":"M20P"},"6AC":{"t":"C172"},"6AD":{"t":"M20P"},"6AE":{"t":"M20P"},"6B0":{"t":"M20P"},"6B1":{"t":"M20P"},"6B3":{"t":"M20P"},"6B4":{"t":"B25"},"6B5":{"t":"M20P"},"6B6":{"desc":"H1P"},"6B7":{"t":"M20P"},"6B8":{"t":"M20P"},"6B9":{"t":"M20P"},"6BA":{"t":"PC12"},"6BC":{"t":"M20P"},"6BD":{"t":"M20P"},"6BE":{"t":"M20P"},"6BF":{"t":"M20P"},"6C0":{"t":"M20P"},"6C2":{"t":"M20P"},"6C3":{"t":"M20P"},"6C4":{"t":"M20P"},"6C5":{"t":"H25B"},"6C6":{"t":"M20P"},"6C7":{"t":"M20P"},"6C8":{"t":"B737"},"6C9":{"t":"M20P"},"6CA":{"t":"M20P"},"6CC":{"t":"M20P"},"6CD":{"t":"M20P"},"6CF":{"t":"M20P"},"6D0":{"t":"C25B"},"6D1":{"t":"M20P"},"6D2":{"t":"M20P"},"6D3":{"t":"M20P"},"6D4":{"t":"M20P"},"6D5":{"t":"M20P"},"6D6":{"t":"M20P"},"6D7":{"t":"M20P"},"6D9":{"t":"MITE"},"6DA":{"t":"M20P"},"6DB":{"t":"M20P"},"6DC":{"t":"M20P"},"6DD":{"t":"M20P"},"6DE":{"desc":"L1P"},"6DF":{"t":"M20P"},"6E0":{"t":"M20P"},"6E1":{"t":"M20P"},"6E2":{"t":"M20P"},"6E3":{"t":"M20P"},"6E4":{"t":"M20P"},"6E6":{"t":"M20P"},"6E8":{"t":"M20P"},"6E9":{"t":"M20P"},"6EA":{"t":"M20P"},"6EC":{"t":"M20P"},"6ED":{"t":"M20P"},"6EF":{"t":"M20P"},"6F0":{"t":"PA27"},"6F1":{"t":"M20P"},"6F2":{"t":"M20P"},"6F3":{"t":"E75L"},"6F5":{"t":"M20P"},"6F6":{"desc":"L1P"},"6F7":{"t":"M20P"},"6F8":{"t":"M20P"},"6F9":{"t":"M20P"},"6FA":{"t":"M20P"},"6FB":{"t":"M20P"},"6FC":{"t":"M20P"},"6FD":{"t":"BE20"},"6FE":{"t":"M20P"},"6FF":{"t":"M20P"},"700":{"t":"B06"},"701":{"t":"M20P"},"702":{"t":"M20P"},"703":{"t":"M20P"},"705":{"t":"M20P"},"708":{"t":"M20P"},"709":{"t":"M20P"},"70A":{"t":"M20P"},"70C":{"t":"M20P"},"70D":{"t":"M20P"},"70E":{"t":"M20P"},"710":{"t":"M20P"},"711":{"t":"M20P"},"713":{"t":"M20P"},"714":{"desc":"L1P"},"715":{"t":"M20P"},"716":{"t":"M20P"},"717":{"t":"M20P"},"719":{"t":"M20P"},"71A":{"t":"M20P"},"71B":{"t":"M20P"},"71D":{"t":"M20P"},"720":{"t":"M20P"},"721":{"t":"M20P"},"723":{"t":"M20P"},"724":{"t":"M20P"},"726":{"t":"M20T"},"728":{"t":"M20P"},"729":{"t":"M20P"},"72A":{"t":"M20P"},"72B":{"t":"M20P"},"72C":{"t":"M20P"},"72D":{"t":"M20P"},"72E":{"t":"M20P"},"72F":{"t":"M20P"},"730":{"t":"M20P"},"731":{"t":"M20P"},"732":{"t":"M20P"},"736":{"t":"M20P"},"737":{"t":"M20P"},"738":{"t":"M20P"},"73A":{"t":"M20P"},"73C":{"t":"M20P"},"73F":{"t":"M20P"},"741":{"t":"M20P"},"742":{"t":"M20P"},"743":{"t":"M20P"},"744":{"t":"M20P"},"745":{"desc":"L1P"},"746":{"t":"M20P"},"747":{"t":"M20P"},"748":{"t":"M20P"},"749":{"t":"M20P"},"74A":{"desc":"L1P","t":"ULAC"},"74B":{"t":"M20P"},"74C":{"t":"M20P"},"74D":{"t":"ULAC"},"74E":{"t":"M20P"},"74F":{"t":"M20P"},"750":{"t":"P28A"},"751":{"t":"M20P"},"752":{"t":"C182"},"753":{"t":"M20P"},"754":{"t":"M20P"},"755":{"t":"M20P"},"756":{"t":"B06"},"757":{"t":"M20P"},"758":{"t":"C82S"},"759":{"t":"M20P"},"75A":{"t":"M20P"},"75B":{"t":"O1"},"75C":{"t":"M20P"},"75D":{"t":"C560"},"75E":{"t":"M20P"},"75F":{"t":"M20P"},"762":{"t":"M20P"},"763":{"desc":"L1P"},"764":{"t":"M20P"},"766":{"t":"M20P"},"767":{"t":"M20P"},"768":{"t":"M20P"},"769":{"t":"M20P"},"76B":{"t":"C172"},"76C":{"t":"M20P"},"76D":{"t":"M20P"},"76E":{"t":"M20P"},"76F":{"t":"M20P"},"770":{"t":"M20P"},"772":{"t":"M20P"},"773":{"t":"M20P"},"774":{"t":"M20P"},"775":{"t":"M20P"},"777":{"t":"M20P"},"77A":{"t":"M20P"},"77B":{"t":"M20P"},"77D":{"t":"M20P"},"77E":{"t":"M20P"},"781":{"t":"M20P"},"782":{"t":"M20P"},"783":{"t":"M20P"},"785":{"t":"M20P"},"786":{"t":"M20P"},"78A":{"t":"PAY2"},"78D":{"desc":"H8E"},"78E":{"t":"M20P"},"78F":{"t":"B752"},"791":{"t":"M20P"},"792":{"t":"M20P"},"793":{"t":"M20P"},"794":{"t":"M20P"},"797":{"t":"M20P"},"79A":{"t":"M20P"},"79B":{"t":"M20P"},"79D":{"t":"M20P"},"79E":{"t":"M20P"},"79F":{"t":"M20P"},"7A0":{"t":"M20P"},"7A1":{"t":"M20P"},"7A2":{"t":"M20P"},"7A3":{"t":"M20P"},"7A4":{"t":"M20P"},"7A5":{"t":"M20P"},"7A6":{"t":"M20P"},"7A8":{"t":"M20P"},"7A9":{"t":"M20P"},"7AC":{"t":"M20P"},"7AE":{"t":"M20P"},"7AF":{"t":"M20P"},"7B1":{"t":"BE36"},"7B2":{"t":"M20P"},"7B4":{"t":"AEST"},"7B5":{"t":"M20P"},"7B6":{"t":"M20P"},"7B7":{"t":"M20P"},"7BA":{"t":"M20P"},"7BB":{"t":"M20P"},"7BC":{"t":"M20P"},"7BE":{"t":"F2TH"},"7BF":{"t":"M20P"},"7C0":{"t":"M20P"},"7C2":{"t":"M20P"},"7C3":{"t":"M20P"},"7C5":{"t":"M20P"},"7C6":{"t":"M20P"},"7C9":{"t":"M20P"},"7CA":{"t":"M20P"},"7CB":{"t":"M20P"},"7CC":{"t":"M20P"},"7CD":{"t":"M20P"},"7CE":{"t":"M20P"},"7CF":{"t":"M20P"},"7D0":{"t":"CRJ2"},"7D1":{"t":"M20P"},"7D4":{"t":"M20P"},"7D5":{"t":"M20P"},"7D6":{"t":"M20P"},"7D7":{"t":"M20P"},"7DA":{"t":"M20P"},"7DB":{"t":"M20P"},"7DC":{"t":"M20P"},"7DD":{"t":"M20P"},"7DE":{"t":"M20P"},"7E2":{"t":"M20P"},"7E4":{"t":"M20P"},"7E5":{"t":"M20P"},"7E6":{"t":"M20P"},"7E7":{"t":"M20P"},"7E9":{"t":"M20P"},"7EA":{"t":"M20P"},"7EB":{"t":"M20P"},"7EC":{"t":"M20P"},"7ED":{"t":"M20P"},"7EE":{"t":"M20P"},"7F2":{"t":"M20P"},"7F4":{"t":"M20P"},"7F5":{"t":"E120"},"7F9":{"t":"M20P"},"7FB":{"t":"M20P"},"7FD":{"t":"M20P"},"7FE":{"t":"M20P"},"7FF":{"t":"M20P"},"800":{"t":"M20P"},"801":{"t":"M20P"},"804":{"t":"M20P"},"805":{"desc":"L1P","t":"ULAC"},"806":{"t":"M20P"},"808":{"t":"M20P"},"809":{"t":"M20P"},"80B":{"t":"M20P"},"80D":{"t":"M20P"},"80E":{"t":"M20P"},"810":{"t":"M20P"},"811":{"t":"M20P"},"813":{"t":"BE23"},"814":{"t":"L8"},"815":{"t":"BE95"},"818":{"t":"C56X"},"819":{"t":"C182"},"81A":{"t":"BALL"},"81B":{"t":"BALL"},"81C":{"t":"BALL"},"81D":{"t":"BE23"},"81E":{"t":"J3"},"81F":{"t":"C140"},"820":{"t":"TWEN"},"821":{"t":"C77R"},"824":{"desc":"A1P"},"825":{"t":"M4"},"827":{"t":"BE33"},"828":{"t":"C182"},"82A":{"t":"P28A"},"82C":{"t":"J2"},"82D":{"t":"C172"},"830":{"t":"C172"},"831":{"t":"C172"},"835":{"t":"M20P"},"837":{"t":"L8"},"838":{"t":"BE95"},"839":{"t":"BE35"},"83C":{"desc":"L1P"},"83E":{"t":"BALL"},"83F":{"t":"L8"},"840":{"desc":"L1P"},"841":{"desc":"L1J"},"842":{"t":"C140"},"843":{"desc":"L1P"},"844":{"t":"C77R"},"846":{"t":"T210"},"847":{"desc":"L1P"},"849":{"t":"SSAB"},"84A":{"t":"BALL"},"84B":{"t":"C182"},"84C":{"t":"BALL"},"84E":{"desc":"L1P"},"84F":{"t":"C172"},"853":{"t":"C172"},"854":{"t":"C177"},"857":{"t":"BE24"},"858":{"desc":"L1P"},"859":{"t":"BE24"},"85B":{"t":"GLEX"},"85D":{"t":"C172"},"85F":{"t":"C182"},"862":{"t":"BE19"},"863":{"desc":"A1P"},"864":{"t":"J3"},"865":{"t":"BE23"},"866":{"t":"SHIP"},"867":{"t":"C77R"},"868":{"t":"C182"},"869":{"t":"T210"},"86B":{"t":"M4"},"86C":{"t":"C140"},"86D":{"t":"BE35"},"86F":{"t":"C182"},"870":{"t":"BALL"},"871":{"t":"BE23"},"872":{"t":"C172"},"873":{"desc":"L1P"},"874":{"t":"C172"},"875":{"t":"C177"},"876":{"t":"BE76"},"877":{"t":"C182"},"878":{"t":"C177"},"879":{"t":"BALL"},"87B":{"desc":"L1P"},"87C":{"t":"BE19"},"87D":{"t":"L8"},"884":{"t":"BALL"},"885":{"desc":"L1P"},"888":{"t":"BE23"},"88B":{"t":"C182"},"88D":{"t":"ERCO"},"88E":{"t":"M4"},"88F":{"t":"BE76"},"891":{"t":"C182"},"892":{"t":"C172"},"896":{"t":"C172"},"897":{"t":"C172"},"898":{"t":"T6"},"89A":{"t":"C172"},"89B":{"desc":"L1P"},"89E":{"t":"C180"},"8A0":{"t":"L8"},"8A3":{"t":"C172"},"8A5":{"t":"BE24"},"8A7":{"t":"BALL"},"8A9":{"desc":"A1P"},"8AC":{"t":"PA18"},"8AD":{"t":"C77R"},"8AE":{"t":"C182"},"8AF":{"t":"C182"},"8B1":{"t":"M20P"},"8B2":{"t":"C120"},"8B3":{"t":"ULAC"},"8B4":{"t":"C182"},"8B8":{"t":"C172"},"8B9":{"t":"C177"},"8BA":{"t":"C172"},"8BC":{"t":"C177"},"8BF":{"t":"BE55"},"8C0":{"t":"J3"},"8C3":{"t":"L8"},"8C4":{"t":"BE36"},"8C5":{"t":"BE35"},"8C6":{"t":"CH7A"},"8C8":{"desc":"L1P"},"8CA":{"t":"BALL"},"8CD":{"t":"BALL"},"8CE":{"desc":"L1P"},"8D0":{"t":"C77R"},"8D1":{"t":"C182"},"8D3":{"t":"BE33"},"8D5":{"t":"BE35"},"8D6":{"t":"BE35"},"8D7":{"t":"C182"},"8D8":{"t":"C172"},"8DA":{"t":"J2"},"8DB":{"t":"C177"},"8DD":{"desc":"L1P"},"8DE":{"t":"C172"},"8DF":{"t":"C172"},"8E0":{"t":"J3"},"8E1":{"t":"C172"},"8E2":{"t":"C172"},"8E3":{"t":"C172"},"8E5":{"t":"FA7X"},"8E6":{"t":"L8"},"8E7":{"t":"BE55"},"8E8":{"t":"BE35"},"8EB":{"desc":"L1T"},"8ED":{"desc":"L2J","t":"A21N"},"8EE":{"t":"BE55"},"8F0":{"t":"J3"},"8F1":{"t":"BE36"},"8F2":{"t":"PA23"},"8F4":{"t":"C182"},"8F5":{"desc":"A1P"},"8F8":{"t":"C120"},"8FA":{"t":"C182"},"8FB":{"t":"BE35"},"8FC":{"t":"C150"},"8FE":{"t":"J2"},"8FF":{"t":"C310"},"902":{"t":"J3"},"906":{"t":"C172"},"907":{"desc":"L1P","t":"ULAC"},"90A":{"t":"C182"},"90B":{"t":"BE35"},"90C":{"t":"C82S"},"90D":{"t":"AT6T"},"90E":{"t":"C182"},"910":{"desc":"L2J","t":"A21N"},"911":{"t":"L8"},"912":{"desc":"A1P"},"914":{"t":"AT8T"},"915":{"t":"BE35"},"916":{"t":"C77R"},"91C":{"t":"BE55"},"91D":{"t":"C182"},"91E":{"t":"ULAC"},"920":{"t":"C177"},"922":{"t":"C172"},"924":{"t":"C177"},"925":{"t":"C172"},"926":{"t":"C172"},"927":{"t":"C172"},"928":{"t":"C172"},"929":{"t":"ULAC"},"92A":{"desc":"L1P"},"92B":{"t":"BE36"},"92C":{"t":"L8"},"92D":{"t":"BE35"},"92E":{"t":"BE35"},"92F":{"t":"CH7A"},"931":{"t":"C182"},"932":{"t":"ERCO"},"933":{"t":"BALL"},"935":{"t":"B58T"},"936":{"t":"P28S"},"937":{"t":"C140"},"938":{"t":"PA23"},"93A":{"t":"HA4T"},"940":{"t":"C182"},"941":{"t":"ULAC"},"942":{"t":"C150"},"944":{"t":"C172"},"945":{"t":"C172"},"946":{"t":"C172"},"948":{"t":"C172"},"94B":{"t":"C172"},"94C":{"t":"C172"},"94D":{"desc":"L1P"},"94E":{"t":"C182"},"94F":{"t":"L8"},"950":{"t":"GLEX"},"952":{"t":"C172"},"953":{"t":"BALL"},"955":{"t":"EN28"},"957":{"t":"BE33"},"958":{"desc":"L1P"},"959":{"t":"J3"},"95B":{"t":"AT5T"},"95E":{"t":"T210"},"962":{"t":"BE33"},"964":{"t":"C172"},"966":{"t":"C172"},"967":{"desc":"L1P"},"968":{"t":"C177"},"969":{"t":"C172"},"96B":{"t":"C172"},"96C":{"t":"C172"},"96D":{"t":"C172"},"96F":{"t":"C172"},"971":{"desc":"L2P"},"972":{"t":"C421"},"974":{"t":"A320"},"977":{"desc":"L2P"},"979":{"t":"EC30"},"97A":{"t":"C172"},"97B":{"desc":"L1P"},"97C":{"desc":"A1P"},"97D":{"t":"C172"},"97F":{"desc":"H1T"},"982":{"t":"P28A"},"985":{"t":"C650"},"989":{"desc":"L1P"},"98C":{"desc":"L1P"},"98D":{"t":"BE35"},"98F":{"t":"HUSK"},"991":{"desc":"H1P"},"994":{"t":"AC11"},"99A":{"t":"R44"},"99C":{"desc":"L1P"},"99F":{"t":"C206"},"9A2":{"t":"PA18"},"9A3":{"t":"S108"},"9A4":{"t":"PA34"},"9A5":{"t":"P28A"},"9A6":{"t":"H269"},"9A8":{"desc":"L1P"},"9AA":{"desc":"L1P"},"9AB":{"t":"B47G"},"9AF":{"t":"SR22"},"9B1":{"t":"C172"},"9B3":{"desc":"L1P"},"9B4":{"t":"GLID"},"9B5":{"t":"C82R"},"9BC":{"t":"BE35"},"9BE":{"t":"C421"},"9BF":{"t":"M20P"},"9C1":{"desc":"H1P"},"9C2":{"t":"C680"},"9C3":{"t":"AA5"},"9C6":{"t":"BE55"},"9C7":{"desc":"L1P"},"9C9":{"desc":"L1P"},"9CD":{"t":"PA31"},"9D1":{"desc":"H1P"},"9D5":{"t":"C172"},"9D6":{"t":"EA50"},"9D8":{"t":"AA5"},"9DA":{"t":"E545"},"9DD":{"desc":"L2T"},"9E3":{"t":"C182"},"9E7":{"desc":"L1P"},"9E9":{"desc":"L2P"},"9EA":{"desc":"L1P"},"9EB":{"t":"F2TH"},"9EE":{"t":"C182"},"9F4":{"t":"BE20"},"9F6":{"t":"AT3T"},"9F9":{"desc":"L1P"},"9FE":{"t":"A320"},"9FF":{"desc":"L1P","t":"ULAC"},"A08":{"t":"G280"},"A09":{"desc":"A1P"},"A0C":{"t":"M20P"},"A0D":{"t":"GLID"},"A0E":{"t":"GLID"},"A0F":{"t":"R44"},"A13":{"desc":"L1P"},"A15":{"desc":"L1P"},"A17":{"desc":"L1P"},"A19":{"t":"M7"},"A21":{"desc":"L2J","t":"A21N"},"A22":{"desc":"L1P"},"A26":{"desc":"H6E"},"A2C":{"t":"C500"},"A2E":{"t":"C208"},"A31":{"desc":"L1P"},"A35":{"desc":"L1P"},"A39":{"t":"BE35"},"A3A":{"t":"M20P"},"A3C":{"desc":"A1P","t":"ULAC"},"A3D":{"t":"BALL"},"A41":{"desc":"L2P"},"A42":{"t":"CH7A"},"A43":{"t":"C650"},"A44":{"t":"J3"},"A45":{"desc":"L1P","t":"ULAC"},"A47":{"t":"C650"},"A48":{"t":"E75L"},"A49":{"desc":"L1P"},"A4A":{"t":"LJ24"},"A4B":{"t":"SR22"},"A4D":{"desc":"L1P"},"A4E":{"desc":"L1P"},"A52":{"desc":"L1P"},"A53":{"t":"PA34"},"A62":{"t":"GA5C"},"A6B":{"desc":"L1P"},"A6D":{"desc":"L1P"},"A73":{"desc":"L1P","t":"ULAC"},"A76":{"t":"GLID"},"A77":{"desc":"H1P"},"A79":{"desc":"L1P"},"A7C":{"t":"DA40"},"A80":{"t":"GLID"},"A82":{"t":"RV12"},"A84":{"desc":"L1P"},"A85":{"t":"P28A"},"A86":{"t":"PA18"},"A87":{"t":"T206"},"A88":{"t":"BE55"},"A8B":{"t":"M20P"},"A8C":{"t":"B06"},"A8D":{"desc":"L1P"},"A8E":{"desc":"L1P"},"A8F":{"desc":"L1P"},"A90":{"desc":"L1P","t":"ULAC"},"A92":{"desc":"H1P"},"A94":{"desc":"L1P"},"A95":{"desc":"L1P"},"AA1":{"t":"BE20"},"AA2":{"t":"C172"},"AAA":{"t":"E75L"},"AB1":{"t":"A320"},"AB4":{"t":"C172"},"AB6":{"t":"BE58"},"AB7":{"desc":"H6E"},"AB8":{"t":"EC20"},"AB9":{"t":"M20P"},"ABB":{"t":"PC12"},"ABE":{"t":"B06"},"AC0":{"t":"GLID"},"AC2":{"t":"M20P"},"AC7":{"t":"CRJ2"},"ACB":{"t":"GLID"},"ACC":{"t":"GLF2"},"ACD":{"t":"C172"},"ACF":{"desc":"L1P"},"AE0":{"t":"CL60"},"AE8":{"desc":"L2P"},"AEC":{"desc":"L1P"},"AF0":{"desc":"L1P"},"AF1":{"t":"C177"},"AF3":{"t":"C56X"},"AF6":{"desc":"L1P"},"AF8":{"t":"AC11"},"AFC":{"desc":"L1P"},"AFD":{"desc":"L1P"},"B01":{"t":"C180"},"B02":{"t":"C182"},"B03":{"t":"BE77"},"B04":{"desc":"H2T"},"B07":{"desc":"L1P"},"B08":{"t":"BL8"},"B09":{"desc":"L1P"},"B0C":{"t":"H269"},"B0F":{"t":"C82S"},"B12":{"desc":"L1P"},"B15":{"desc":"L1P"},"B16":{"t":"C414"},"B18":{"t":"E75L"},"B1A":{"t":"PA18"},"B1E":{"desc":"L1P"},"B25":{"desc":"L1P"},"B26":{"desc":"L1P"},"B28":{"t":"B06"},"B2F":{"t":"PC12"},"B30":{"desc":"L1P"},"B33":{"t":"P208"},"B48":{"t":"B752"},"B49":{"t":"B190"},"B4C":{"desc":"L1P"},"B4D":{"desc":"L1P"},"B4E":{"desc":"L1P"},"B52":{"desc":"L1P"},"B53":{"t":"GLID"},"B5D":{"desc":"H1T"},"B60":{"desc":"L1P"},"B62":{"desc":"L1P"},"B64":{"t":"GLF4"},"B65":{"desc":"L1P"},"B66":{"desc":"L1P"},"B68":{"t":"M7"},"B69":{"desc":"H4E"},"B6B":{"t":"P28S"},"B6C":{"desc":"L1P"},"B6E":{"t":"GLID"},"B70":{"desc":"L1P"},"B72":{"t":"B737"},"B73":{"t":"C150"},"B75":{"t":"F900"},"B76":{"desc":"L2T"},"B77":{"t":"R44"},"B7D":{"desc":"L1P"},"B8C":{"desc":"L1P"},"B8F":{"desc":"L1P","t":"ULAC"},"B94":{"t":"L39"},"B97":{"t":"M20P"},"B98":{"t":"YK55"},"BB1":{"t":"F2TH"},"BBC":{"desc":"L1P","t":"ULAC"},"BBE":{"t":"GLID"},"BC9":{"t":"C25C"},"BCA":{"t":"BE33"},"BCB":{"t":"L8"},"BCC":{"t":"C182"},"BCD":{"t":"BE35"},"BCE":{"t":"CH7A"},"BCF":{"t":"BALL"},"BD0":{"t":"C182"},"BD1":{"t":"C25A"},"BD2":{"desc":"L1P"},"BD5":{"t":"J3"},"BD6":{"t":"C140"},"BD8":{"t":"C208"},"BDC":{"t":"M4"},"BDD":{"t":"C140"},"BDE":{"t":"BE35"},"BDF":{"t":"C182"},"BE0":{"t":"BL17"},"BE1":{"t":"C150"},"BE2":{"desc":"L1P"},"BE3":{"t":"C172"},"BE4":{"t":"C172"},"BE5":{"t":"C172"},"BE6":{"t":"C177"},"BE7":{"desc":"L1P"},"BE8":{"t":"J3"},"BE9":{"t":"C172"},"BEA":{"t":"C172"},"BEF":{"t":"BE95"},"BF0":{"t":"BE35"},"BF1":{"t":"BE35"},"BF4":{"desc":"L1P"},"BF5":{"desc":"L2T"},"BF6":{"t":"L8"},"BF7":{"desc":"A1P"},"BF8":{"desc":"L1P"},"BF9":{"desc":"L1P"},"BFA":{"desc":"L1P"},"BFB":{"t":"C77R"},"BFC":{"t":"P28A"},"BFD":{"desc":"L1P"},"BFF":{"t":"BE58"},"C00":{"t":"BALL"},"C04":{"t":"C150"},"C06":{"t":"C172"},"C07":{"desc":"H1T","t":"S92"},"C08":{"t":"C172"},"C09":{"t":"C177"},"C0A":{"t":"C172"},"C0B":{"t":"C172"},"C0C":{"t":"C177"},"C0D":{"t":"C172"},"C0E":{"t":"C172"},"C0F":{"t":"PT22"},"C10":{"t":"CH7A"},"C11":{"t":"AT8T"},"C12":{"t":"BE95"},"C13":{"desc":"L1P"},"C14":{"desc":"L1P"},"C16":{"desc":"L1P"},"C17":{"t":"ERCO"},"C18":{"t":"BALL"},"C1A":{"t":"LJ45"},"C1B":{"t":"J3"},"C1C":{"t":"BE36"},"C1D":{"desc":"A1P"},"C1E":{"t":"AT8T"},"C1F":{"desc":"L1P"},"C20":{"desc":"L1P"},"C21":{"t":"BE58"},"C22":{"t":"M4"},"C24":{"t":"BE35"},"C25":{"t":"BALL"},"C26":{"t":"AT5T"},"C29":{"t":"C77R"},"C2A":{"t":"C177"},"C2B":{"t":"C177"},"C2C":{"t":"BE35"},"C2D":{"t":"C172"},"C2E":{"t":"C172"},"C30":{"desc":"L1P"},"C31":{"t":"C177"},"C32":{"t":"T6"},"C33":{"t":"BE55"},"C34":{"t":"BALL"},"C35":{"t":"BE58"},"C38":{"desc":"L1P"},"C3C":{"t":"BE55"},"C3D":{"t":"BE33"},"C3E":{"t":"J3"},"C3F":{"t":"BALL"},"C42":{"t":"P28A"},"C43":{"desc":"L1P"},"C44":{"desc":"H1P"},"C45":{"t":"M4"},"C47":{"t":"BE55"},"C48":{"t":"C182"},"C49":{"t":"C172"},"C4A":{"t":"BE55"},"C4B":{"t":"C172"},"C4C":{"t":"J3"},"C4D":{"t":"C172"},"C4E":{"t":"C172"},"C4F":{"t":"BE33"},"C51":{"t":"C172"},"C52":{"t":"C177"},"C53":{"t":"C172"},"C56":{"t":"BE33"},"C58":{"t":"BE95"},"C5A":{"t":"H269"},"C5C":{"t":"BE35"},"C5D":{"t":"ERCO"},"C5E":{"desc":"L1P"},"C5F":{"t":"BE35"},"C60":{"desc":"A1P"},"C62":{"t":"C140"},"C63":{"t":"PA24"},"C64":{"t":"BE36"},"C65":{"t":"P28A"},"C66":{"t":"C82R"},"C68":{"t":"M4"},"C69":{"t":"BE35"},"C6A":{"t":"BE35"},"C6B":{"t":"C182"},"C6E":{"t":"J3"},"C6F":{"t":"C172"},"C70":{"t":"C172"},"C71":{"t":"C172"},"C74":{"t":"C172"},"C75":{"t":"C172"},"C77":{"t":"P28U"},"C79":{"desc":"L1P"},"C7A":{"desc":"L1P"},"C7D":{"t":"CH7A"},"C81":{"t":"BALL"},"C82":{"t":"L8"},"C83":{"desc":"L1P"},"C85":{"t":"BE36"},"C86":{"t":"BE60"},"C87":{"t":"C77R"},"C89":{"t":"PA18"},"C8F":{"t":"C172"},"C90":{"t":"C150"},"C91":{"t":"C172"},"C92":{"t":"C172"},"C93":{"t":"C180"},"C96":{"t":"J3"},"C98":{"t":"J3"},"C99":{"t":"J3"},"C9A":{"t":"C172"},"C9D":{"t":"L8"},"C9E":{"t":"BE95"},"C9F":{"t":"BE35"},"CA0":{"desc":"L1P"},"CA3":{"t":"ERCO"},"CA5":{"t":"L8"},"CA6":{"desc":"L1P"},"CA7":{"t":"J3"},"CA8":{"t":"C120"},"CAB":{"desc":"H6E"},"CAF":{"t":"C140"},"CB0":{"t":"BE58"},"CB1":{"t":"C182"},"CB2":{"t":"H269"},"CB3":{"t":"C150"},"CB5":{"t":"J3"},"CB6":{"t":"C172"},"CB7":{"desc":"L1P"},"CB8":{"t":"C172"},"CB9":{"t":"BALL"},"CBB":{"t":"C172"},"CBC":{"t":"C172"},"CBE":{"desc":"L1J"},"CC0":{"t":"L8"},"CC1":{"desc":"L1P"},"CC2":{"t":"BE58"},"CC5":{"t":"C182"},"CC7":{"desc":"L2J","t":"A21N"},"CC8":{"desc":"H8E"},"CCC":{"t":"C182"},"CCD":{"t":"C77R"},"CCE":{"t":"C182"},"CCF":{"t":"BALL"},"CD0":{"t":"H269"},"CD1":{"t":"BE58"},"CD3":{"t":"BE33"},"CD4":{"t":"C182"},"CD5":{"t":"C172"},"CD7":{"t":"C172"},"CD9":{"t":"C172"},"CDB":{"t":"C177"},"CDE":{"desc":"L1P"},"CDF":{"t":"C172"},"CE0":{"t":"C172"},"CE2":{"t":"BE35"},"CE3":{"t":"C182"},"CE4":{"t":"BALL"},"CE5":{"desc":"L1P"},"CE6":{"t":"CH7A"},"CE9":{"t":"ERCO"},"CEA":{"desc":"H1T","t":"H269"},"CEB":{"t":"L8"},"CEC":{"t":"BALL"},"CED":{"t":"J3"},"CEF":{"t":"BE35"},"CF0":{"t":"C77R"},"CF1":{"t":"P28A"},"CF2":{"t":"T210"},"CF3":{"t":"GLID"},"CF4":{"t":"M4"},"CF6":{"t":"BE55"},"CF7":{"t":"C182"},"CFA":{"t":"J3"},"CFB":{"desc":"L1P"},"CFC":{"t":"C172"},"CFD":{"t":"C172"},"CFE":{"t":"J3"},"CFF":{"t":"C120"},"D00":{"t":"C172"},"D01":{"desc":"L1P"},"D03":{"t":"C172"},"D04":{"desc":"L1P"},"D05":{"t":"L8"},"D07":{"t":"BE95"},"D08":{"t":"BE35"},"D09":{"desc":"H1P"},"D0B":{"t":"C182"},"D0D":{"desc":"L2J","t":"A21N"},"D0F":{"desc":"A1P"},"D11":{"t":"ULAC"},"D12":{"t":"BE36"},"D13":{"t":"C77R"},"D14":{"t":"C182"},"D15":{"t":"C210"},"D16":{"t":"BALL"},"D17":{"t":"M4"},"D18":{"t":"C140"},"D19":{"t":"BE33"},"D1B":{"t":"C172"},"D1D":{"t":"C172"},"D1E":{"t":"C172"},"D1F":{"t":"BE58"},"D22":{"t":"C172"},"D23":{"t":"C177"},"D25":{"t":"C172"},"D26":{"t":"C172"},"D27":{"t":"CL60"},"D28":{"t":"GLF5"},"D2B":{"desc":"L2P"},"D2E":{"t":"F2TH"},"D2F":{"desc":"H1P"},"D32":{"t":"C180"},"D34":{"t":"PA31"},"D36":{"t":"P46T"},"D39":{"t":"YK52"},"D3D":{"desc":"L1P"},"D42":{"desc":"A1P","t":"ULAC"},"D43":{"t":"FDCT"},"D44":{"desc":"A1P"},"D45":{"desc":"H6E"},"D48":{"t":"C525"},"D4C":{"t":"DV20"},"D4E":{"t":"C310"},"D4F":{"t":"PRM1"},"D56":{"t":"P28R"},"D59":{"t":"BCS3"},"D5B":{"t":"PA46"},"D5C":{"desc":"L1P","t":"ULAC"},"D5D":{"t":"P28B"},"D5E":{"t":"SR20"},"D62":{"t":"AS50"},"D64":{"t":"GLF4"},"D66":{"t":"B763"},"D68":{"t":"C172"},"D6A":{"desc":"L1P"},"D73":{"t":"P28A"},"D75":{"desc":"L1T","t":"C182"},"D76":{"t":"DV20"},"D79":{"t":"BE40"},"D7B":{"t":"BE20"},"D7F":{"t":"PA27"},"D80":{"t":"C680"},"D83":{"desc":"L1P"},"D84":{"t":"DA40"},"D8D":{"t":"P28A"},"D8F":{"desc":"L1P"},"D90":{"desc":"L1P"},"D94":{"t":"B06"},"D9A":{"t":"C182"},"D9E":{"desc":"L1P"},"DA2":{"t":"E300"},"DA5":{"t":"P28A"},"DB5":{"t":"A320"},"DC3":{"t":"RV12"},"DC6":{"t":"AT6T"},"DD0":{"t":"C172"},"DD8":{"t":"B407"},"DDB":{"t":"BALL"},"DE8":{"t":"C560"},"DEC":{"desc":"L1P"},"DF2":{"t":"E190"},"DF3":{"desc":"L1P"},"DF5":{"desc":"L2J","t":"GLEX"},"DF6":{"desc":"L1P"},"DF7":{"t":"ULAC"},"DF9":{"desc":"L1P"},"DFB":{"t":"C414"},"DFF":{"t":"E75L"},"E18":{"desc":"A1T","t":"KODI"},"E1A":{"t":"C172"},"E23":{"desc":"A1P"},"E27":{"t":"R44"},"E28":{"desc":"L1P"},"E33":{"t":"FDCT"},"E34":{"t":"SR20"},"E3B":{"desc":"L1P"},"E3C":{"t":"P28A"},"E3E":{"desc":"L1P"},"E3F":{"t":"P28A"},"E42":{"desc":"L1P"},"E43":{"desc":"L1P"},"E49":{"desc":"H4E"},"E50":{"t":"CL60"},"E57":{"t":"FA50"},"E60":{"t":"C560"},"E61":{"t":"E75L"},"E68":{"t":"A320"},"E6E":{"t":"B06"},"E6F":{"desc":"L1P"},"E70":{"t":"BE9L"},"E78":{"t":"BE35"},"E82":{"t":"M20P"},"E9F":{"t":"CL60"},"EA2":{"t":"GLF4"},"EA3":{"t":"BE9L"},"EA4":{"desc":"L1P","t":"ULAC"},"EA5":{"t":"SR22"},"EB1":{"t":"BE35"},"EB3":{"desc":"L1P"},"EB7":{"desc":"L1P"},"EB8":{"t":"PA23"},"EBB":{"t":"PA30"},"EBC":{"desc":"L1P","t":"ULAC"},"EC1":{"t":"PA32"},"EC6":{"t":"C82S"},"EC8":{"desc":"A1P"},"EC9":{"t":"E50P"},"ECA":{"t":"SR22"},"ECB":{"desc":"L1P"},"ECF":{"t":"E75L"},"ED1":{"t":"PA18"},"ED2":{"t":"BE20"},"EDD":{"t":"H25B"},"EE2":{"t":"DA40"},"EF6":{"desc":"L1P"},"EFB":{"t":"DA40"},"EFF":{"t":"B752"},"F03":{"desc":"L1P"},"F14":{"t":"LJ25"},"F1C":{"desc":"L1P"},"F20":{"desc":"H4E"},"F22":{"t":"AEST"},"F28":{"desc":"L1P"},"F29":{"t":"B737"},"F2E":{"desc":"L1P","t":"ULAC"},"F4F":{"t":"YK55"},"F67":{"t":"AS50"},"F73":{"desc":"L1P","t":"ULAC"},"F80":{"desc":"L1P"},"F82":{"t":"DA40"},"F83":{"t":"C172"},"F84":{"t":"BALL"},"F85":{"t":"BALL"},"F89":{"t":"BALL"},"F8A":{"t":"BE36"},"F8B":{"desc":"L1P","t":"ULAC"},"F8D":{"t":"C120"},"F8E":{"t":"GLF6"},"F92":{"t":"GLID"},"F93":{"t":"M4"},"F94":{"t":"C140"},"F97":{"t":"C172"},"F98":{"t":"C150"},"F99":{"t":"C177"},"F9A":{"t":"C172"},"F9B":{"t":"BALL"},"F9D":{"t":"TAYA"},"F9E":{"t":"C172"},"F9F":{"t":"BALL"},"FA0":{"t":"BE35"},"FA1":{"t":"BALL"},"FA3":{"desc":"L1P"},"FA5":{"t":"BE36"},"FA6":{"desc":"L1P"},"FA9":{"t":"BALL"},"FAD":{"t":"BE36"},"FB1":{"t":"BE36"},"FB2":{"t":"C77R"},"FB3":{"t":"BE33"},"FB7":{"t":"C120"},"FBA":{"t":"C172"},"FBB":{"t":"B58T"},"FBC":{"t":"C172"},"FBE":{"t":"C172"},"FBF":{"t":"C177"},"FC0":{"t":"C172"},"FC1":{"t":"C180"},"FC2":{"t":"B06"},"FC4":{"t":"BE35"},"FC5":{"t":"C172"},"FC7":{"t":"J3"},"FC8":{"t":"L8"},"FCB":{"t":"BE35"},"FCC":{"desc":"H8E"},"FCD":{"t":"C182"},"FCF":{"desc":"L1P"},"FD0":{"t":"AT5T"},"FD1":{"desc":"A1P"},"FD2":{"t":"PA32"},"FD5":{"t":"BALL"},"FD9":{"t":"M4"},"FDA":{"t":"C120"},"FDB":{"t":"BE33"},"FDC":{"t":"C182"},"FDD":{"t":"C172"},"FDE":{"t":"C150"},"FDF":{"t":"C172"},"FE1":{"t":"TAYA"},"FE2":{"t":"C172"},"FE4":{"desc":"L1P"},"FE5":{"desc":"L1P"},"FE6":{"t":"C172"},"FE9":{"t":"H25B"},"FEA":{"t":"BALL"},"FEB":{"desc":"H8E"},"FEC":{"t":"BE95"},"FEE":{"t":"CH7A"},"FF0":{"t":"C182"},"FF4":{"t":"BE33"},"FF7":{"t":"PA23"},"FF9":{"t":"AT5T"},"FFF":{"t":"C182"}}