{"001":{"t":"BE33"},"002":{"t":"ULAC"},"003":{"desc":"L1P","t":"ULAC"},"004":{"t":"C172"},"008":{"t":"C172"},"00B":{"t":"C177"},"00D":{"t":"BE55"},"00E":{"desc":"L1P"},"010":{"t":"BE35"},"013":{"desc":"L1P"},"014":{"t":"ERCO"},"015":{"t":"C188"},"016":{"desc":"L1P"},"018":{"desc":"L1P"},"019":{"t":"C152"},"01B":{"t":"CH7A"},"01C":{"t":"P28A"},"021":{"t":"GLID"},"022":{"t":"C182"},"023":{"t":"C172"},"024":{"t":"H269"},"026":{"t":"C172"},"028":{"desc":"L1P"},"029":{"t":"C172"},"02A":{"t":"C172"},"02B":{"t":"C172"},"02C":{"t":"C172"},"02D":{"t":"C172"},"02E":{"desc":"L1P"},"02F":{"t":"P32R"},"030":{"t":"CH7A"},"031":{"t":"BE36"},"032":{"t":"CH7A"},"033":{"t":"BE35"},"034":{"t":"AT5T"},"036":{"t":"C182"},"037":{"t":"ERCO"},"039":{"t":"L8"},"03A":{"desc":"A1P"},"03B":{"t":"J3"},"03C":{"desc":"L1P"},"03D":{"t":"BE35"},"03E":{"t":"C77R"},"03F":{"t":"BE36"},"042":{"t":"P28A"},"043":{"t":"C140"},"044":{"t":"BE55"},"045":{"t":"BALL"},"04A":{"t":"C172"},"04B":{"t":"C172"},"04D":{"t":"C172"},"04F":{"t":"C172"},"050":{"t":"C177"},"051":{"desc":"A1P"},"053":{"t":"CH7A"},"054":{"t":"BALL"},"057":{"desc":"H1P"},"058":{"t":"B06"},"059":{"desc":"L1P"},"05E":{"t":"H269"},"05F":{"t":"C140"},"060":{"t":"BE36"},"061":{"t":"C77R"},"062":{"t":"C182"},"063":{"t":"C210"},"064":{"desc":"L1P"},"068":{"t":"BALL"},"06A":{"t":"BE36"},"06B":{"t":"C172"},"06E":{"t":"C172"},"06F":{"t":"C172"},"070":{"t":"C172"},"071":{"t":"C172"},"072":{"t":"AA5"},"073":{"t":"C172"},"076":{"t":"BT36"},"077":{"t":"L8"},"07B":{"t":"BALL"},"07C":{"t":"C182"},"080":{"t":"BE33"},"082":{"t":"BE33"},"083":{"t":"PA23"},"084":{"t":"BE36"},"085":{"t":"C182"},"086":{"t":"T210"},"087":{"t":"GLID"},"088":{"t":"BALL"},"089":{"t":"C120"},"08A":{"t":"BE35"},"08B":{"t":"C182"},"08C":{"t":"C172"},"08D":{"t":"BE36"},"093":{"t":"C177"},"094":{"t":"C172"},"095":{"t":"C172"},"097":{"t":"C180"},"09D":{"t":"C172"},"0A0":{"t":"ERCO"},"0A1":{"desc":"L2J","t":"A21N"},"0A2":{"t":"L8"},"0A3":{"desc":"L1P"},"0A4":{"t":"J3"},"0A5":{"t":"BE33"},"0A7":{"t":"AT5T"},"0A8":{"t":"C182"},"0A9":{"t":"T210"},"0AB":{"t":"BE35"},"0AC":{"t":"BE36"},"0AD":{"desc":"L2P"},"0AE":{"t":"BE33"},"0B2":{"t":"C172"},"0B3":{"t":"C172"},"0B5":{"t":"C172"},"0B7":{"desc":"L1P"},"0B8":{"t":"C172"},"0BA":{"t":"C172"},"0BC":{"t":"BALL"},"0BD":{"desc":"H8E"},"0BE":{"t":"T6"},"0C3":{"t":"BALL"},"0C4":{"desc":"L2J","t":"A21N"},"0C5":{"t":"BALL"},"0C6":{"t":"BALL"},"0C7":{"t":"J3"},"0C8":{"t":"C140"},"0C9":{"t":"PA23"},"0CA":{"desc":"L1P"},"0CB":{"t":"C182"},"0CD":{"t":"BALL"},"0CE":{"t":"M4"},"0CF":{"t":"BE36"},"0D0":{"t":"BE33"},"0D1":{"t":"M20T"},"0D2":{"t":"AT8T"},"0D3":{"t":"C150"},"0D4":{"t":"C172"},"0D5":{"t":"BALL"},"0D6":{"t":"C172"},"0D7":{"t":"C172"},"0D8":{"t":"C177"},"0DB":{"desc":"L1P"},"0DC":{"t":"C172"},"0DD":{"t":"C172"},"0DF":{"t":"GLF5"},"0E1":{"desc":"H8E"},"0E2":{"t":"CH7B"},"0E5":{"desc":"L2T"},"0E6":{"desc":"H8E"},"0E8":{"desc":"L1P","t":"ULAC"},"0EE":{"t":"UH1"},"0F0":{"desc":"H4E"},"0F3":{"t":"B06"},"0F4":{"t":"ULAC"},"0F8":{"t":"BE35"},"0F9":{"desc":"A1P","t":"ULAC"},"0FB":{"t":"C402"},"0FC":{"desc":"L2T"},"0FD":{"t":"C172"},"0FF":{"t":"C560"},"100":{"desc":"L1P"},"103":{"desc":"L1P"},"104":{"t":"UH1"},"106":{"t":"TWEN"},"108":{"t":"SR22"},"110":{"t":"BCS3"},"111":{"desc":"L1P"},"112":{"t":"C501"},"114":{"t":"PA18"},"116":{"desc":"L1P","t":"ULAC"},"117":{"t":"C550"},"119":{"desc":"H1T"},"11D":{"t":"C172"},"11F":{"desc":"L1P"},"12A":{"t":"R44"},"12B":{"desc":"L2P"},"12D":{"desc":"L1P","t":"ULAC"},"12E":{"t":"GALX"},"131":{"t":"GLID"},"132":{"t":"BE40"},"134":{"desc":"L1P"},"135":{"t":"SR20"},"136":{"desc":"L1P"},"138":{"t":"M20P"},"13B":{"t":"UH1"},"144":{"t":"P28A"},"14B":{"desc":"L2T"},"14F":{"desc":"A2P"},"154":{"desc":"L1P"},"15C":{"t":"GLID"},"16C":{"t":"A320"},"175":{"t":"BE58"},"176":{"desc":"L1P"},"17E":{"desc":"L1P"},"180":{"desc":"L1P"},"183":{"desc":"H1T"},"186":{"desc":"L1P"},"18B":{"t":"M20P"},"18F":{"desc":"L2J","t":"A21N"},"19C":{"desc":"L1E"},"19F":{"t":"SF50"},"1A0":{"desc":"H1T"},"1A3":{"desc":"L1P"},"1A7":{"t":"C525"},"1A8":{"desc":"L1P"},"1A9":{"t":"UH1"},"1AE":{"t":"GLID"},"1AF":{"t":"T206"},"1B1":{"t":"CL60"},"1B3":{"desc":"L1P"},"1B5":{"desc":"L1J"},"1B6":{"t":"E75L"},"1B8":{"t":"BE20"},"1B9":{"t":"BE20"},"1BC":{"t":"C182"},"1C0":{"desc":"L1P"},"1C7":{"t":"PA18"},"1CA":{"t":"R22"},"1CC":{"t":"C340"},"1D5":{"desc":"L1P"},"1D9":{"desc":"H4E"},"1DC":{"t":"R44"},"1DF":{"desc":"L1P"},"1E7":{"t":"BE33"},"1EA":{"desc":"H6E"},"1F3":{"t":"HUSK"},"1F4":{"t":"B350"},"1F5":{"t":"R44"},"1F6":{"t":"GLID"},"1F7":{"desc":"L1P","t":"TB0"},"1F8":{"desc":"H4E"},"1FD":{"t":"GLID"},"200":{"desc":"H4E"},"203":{"t":"LJ45"},"204":{"desc":"L1P"},"207":{"desc":"L1P"},"20F":{"t":"P28R"},"212":{"t":"SR20"},"218":{"t":"E75L"},"21F":{"t":"A320"},"220":{"t":"UH1"},"224":{"t":"BE36"},"226":{"desc":"A1P"},"227":{"t":"PA32"},"229":{"t":"A660"},"22D":{"desc":"H1T"},"22E":{"desc":"L1P","t":"ULAC"},"230":{"t":"C550"},"239":{"t":"BE23"},"23D":{"t":"GLID"},"24E":{"t":"F2TH"},"256":{"desc":"L1P"},"257":{"t":"BE20"},"258":{"t":"P28S"},"25A":{"t":"DV20"},"25B":{"t":"SR20"},"25F":{"t":"CH7B"},"260":{"t":"P28B"},"262":{"t":"SR20"},"267":{"t":"T206"},"268":{"t":"LJ31"},"26A":{"desc":"L1P"},"26F":{"t":"B06"},"271":{"desc":"L1P"},"272":{"t":"PA27"},"273":{"t":"BL8"},"276":{"t":"DA40"},"278":{"t":"PA32"},"27A":{"t":"H269"},"27B":{"desc":"L1P"},"27D":{"t":"C340"},"281":{"desc":"L1P"},"282":{"desc":"L1P"},"285":{"desc":"L1P"},"286":{"t":"E75L"},"288":{"t":"GLID"},"289":{"t":"M20P"},"28E":{"desc":"L1P"},"290":{"t":"UH1"},"291":{"desc":"L1P"},"293":{"desc":"L1P"},"296":{"t":"BE20"},"299":{"t":"T206"},"29A":{"t":"PA18"},"29C":{"t":"R44"},"29D":{"t":"FA20"},"29E":{"t":"AS50"},"2A1":{"desc":"H1T"},"2A2":{"t":"B772"},"2A9":{"t":"UH1"},"2B2":{"t":"B06"},"2B6":{"t":"B752"},"2BC":{"t":"BALL"},"2C1":{"desc":"L1P"},"2CB":{"desc":"H1T"},"2CC":{"t":"SR20"},"2CF":{"t":"GLID"},"2D3":{"t":"B350"},"2D5":{"t":"E55P"},"2D7":{"desc":"L1P","t":"ULAC"},"2E0":{"t":"B737"},"2E4":{"t":"FA10"},"2E5":{"t":"PA30"},"2EC":{"desc":"L1J"},"318":{"desc":"L1P","t":"TB0"},"31E":{"desc":"L1P"},"32A":{"desc":"L1P","t":"ULAC"},"338":{"t":"BE35"},"339":{"desc":"A1P"},"33A":{"t":"BE36"},"33B":{"t":"ULAC"},"33C":{"t":"AT5T"},"33E":{"t":"BE36"},"33F":{"t":"C182"},"340":{"t":"BALL"},"341":{"t":"L8"},"342":{"desc":"A1P"},"343":{"t":"J3"},"345":{"t":"BE35"},"347":{"t":"C182"},"349":{"t":"BALL"},"34A":{"t":"BE36"},"34B":{"t":"BALL"},"34D":{"t":"C182"},"34E":{"t":"BE35"},"34F":{"t":"C150"},"351":{"t":"C172"},"352":{"t":"C172"},"353":{"t":"C177"},"354":{"t":"C172"},"355":{"t":"C172"},"356":{"t":"C172"},"358":{"t":"BALL"},"35B":{"t":"CH7A"},"35D":{"t":"S22T"},"35E":{"t":"BE35"},"360":{"desc":"A1P"},"361":{"t":"C182"},"362":{"desc":"L1P"},"364":{"desc":"L1P"},"365":{"t":"BE23"},"368":{"t":"BE33"},"369":{"t":"C77R"},"36A":{"t":"P28A"},"36B":{"t":"C182"},"36C":{"t":"GLID"},"36F":{"t":"BE35"},"370":{"t":"B06"},"372":{"t":"BE55"},"373":{"t":"C177"},"375":{"t":"C172"},"376":{"t":"C172"},"377":{"t":"TAYB"},"378":{"t":"TAYB"},"379":{"t":"C182"},"37A":{"t":"C172"},"37B":{"t":"C172"},"37C":{"t":"ULAC"},"37E":{"t":"CH7A"},"37F":{"t":"BE35"},"380":{"t":"BE95"},"381":{"desc":"L1P"},"382":{"t":"BE55"},"386":{"desc":"L1P"},"387":{"t":"L8"},"389":{"desc":"A1P"},"38A":{"t":"C140"},"38C":{"t":"C172"},"38D":{"t":"C182"},"38E":{"t":"T210"},"38F":{"t":"GLID"},"391":{"desc":"L1T"},"393":{"t":"B222"},"395":{"t":"C150"},"396":{"t":"C172"},"397":{"t":"C172"},"398":{"t":"C172"},"399":{"t":"C172"},"39B":{"t":"C172"},"39D":{"t":"C172"},"3A0":{"t":"M7"},"3A1":{"t":"BE58"},"3A3":{"t":"H269"},"3A6":{"desc":"L1P"},"3A7":{"t":"BE55"},"3A8":{"t":"CH7A"},"3A9":{"desc":"L2J","t":"A21N"},"3AA":{"t":"L8"},"3AB":{"t":"BE23"},"3AC":{"t":"P28A"},"3AE":{"desc":"L1P"},"3AF":{"t":"C77R"},"3B0":{"t":"P28A"},"3B1":{"t":"T210"},"3B5":{"t":"BALL"},"3B6":{"t":"BE36"},"3B7":{"t":"C172"},"3B8":{"t":"C150"},"3B9":{"t":"R22"},"3BA":{"t":"C172"},"3C0":{"t":"C172"},"3C1":{"t":"ULAC"},"3C2":{"t":"C172"},"3C4":{"t":"B58T"},"3C6":{"t":"B06"},"3C8":{"t":"CH7A"},"3C9":{"t":"BALL"},"3CA":{"t":"C182"},"3CC":{"desc":"L2J","t":"A21N"},"3CD":{"t":"BE36"},"3CE":{"t":"BE24"},"3CF":{"t":"P28A"},"3D2":{"t":"C77R"},"3D3":{"t":"C182"},"3D4":{"t":"BALL"},"3D5":{"t":"GLID"},"3D7":{"t":"BE36"},"3D8":{"t":"BE36"},"3D9":{"t":"C182"},"3DA":{"t":"C182"},"3DB":{"t":"C150"},"3DD":{"t":"BALL"},"3DE":{"t":"TAYB"},"3DF":{"t":"C172"},"3E0":{"t":"BE33"},"3E1":{"t":"C172"},"3E2":{"t":"UH1"},"3E3":{"t":"TAYB"},"3E4":{"t":"C82R"},"3E5":{"t":"H269"},"3E6":{"desc":"L1P"},"3E8":{"t":"L8"},"3E9":{"t":"BE36"},"3EA":{"t":"GLID"},"3EB":{"t":"BE36"},"3ED":{"t":"AT5T"},"3F0":{"t":"L8"},"3F3":{"t":"PA18"},"3F4":{"t":"PA23"},"3F5":{"t":"YK52"},"3F6":{"t":"BALL"},"3FC":{"t":"C182"},"3FD":{"t":"C172"},"3FE":{"t":"C150"},"400":{"t":"C172"},"401":{"t":"C172"},"403":{"t":"C172"},"404":{"t":"C172"},"406":{"t":"C172"},"407":{"desc":"L1P"},"40C":{"t":"H269"},"40D":{"t":"BALL"},"40F":{"desc":"L1P"},"411":{"t":"BALL"},"413":{"t":"C172"},"414":{"t":"BE24"},"415":{"t":"J3"},"416":{"t":"C140"},"419":{"t":"P28A"},"41A":{"t":"T210"},"41C":{"t":"C150"},"41E":{"t":"BE33"},"420":{"t":"BE36"},"421":{"t":"BE36"},"425":{"t":"C180"},"426":{"t":"C172"},"427":{"t":"C172"},"429":{"desc":"L1P"},"42C":{"desc":"L1P"},"42D":{"t":"BE19"},"42E":{"t":"BE36"},"42F":{"t":"C82S"},"431":{"t":"C172"},"433":{"t":"C182"},"435":{"desc":"L2J","t":"A21N"},"436":{"t":"L8"},"437":{"t":"L29"},"439":{"t":"BE36"},"43A":{"t":"BE36"},"43B":{"t":"C77R"},"43E":{"t":"BALL"},"440":{"t":"AT3T"},"441":{"t":"BE35"},"443":{"t":"C172"},"444":{"t":"C150"},"445":{"t":"C172"},"446":{"t":"C172"},"447":{"t":"C172"},"449":{"t":"C172"},"44A":{"t":"C172"},"44D":{"t":"BE35"},"450":{"t":"BE19"},"451":{"t":"BE36"},"454":{"t":"CH7A"},"457":{"t":"ERCO"},"458":{"desc":"L2J","t":"A21N"},"45A":{"t":"BE23"},"45B":{"t":"P28A"},"45D":{"t":"UH1"},"463":{"t":"BE36"},"464":{"t":"BE35"},"466":{"t":"C172"},"467":{"t":"BE33"},"469":{"t":"C172"},"46C":{"t":"C172"},"46D":{"t":"C172"},"46E":{"t":"C172"},"46F":{"t":"C172"},"470":{"t":"C172"},"471":{"t":"C82S"},"473":{"t":"BE36"},"475":{"t":"BE95"},"47A":{"t":"ERCO"},"47C":{"t":"B190"},"47E":{"t":"J3"},"47F":{"t":"BE35"},"480":{"t":"C82S"},"481":{"t":"C77R"},"482":{"t":"P28A"},"485":{"t":"M4"},"487":{"t":"BE35"},"488":{"t":"C182"},"489":{"t":"BALL"},"48A":{"t":"BE36"},"48B":{"t":"C172"},"48C":{"desc":"L1P"},"48D":{"t":"C172"},"48F":{"t":"C172"},"490":{"desc":"L1P"},"491":{"t":"C172"},"493":{"t":"BALL"},"497":{"t":"C205"},"498":{"desc":"L1T"},"49A":{"t":"M20P"},"49B":{"t":"M20P"},"49D":{"t":"BE58"},"4A0":{"desc":"L1P"},"4A2":{"t":"AS50"},"4A4":{"t":"PA46"},"4A6":{"desc":"H1P"},"4A7":{"t":"S22T"},"4AB":{"t":"C205"},"4AC":{"t":"BALL"},"4B1":{"t":"C205"},"4B3":{"t":"UH1"},"4B5":{"t":"M20P"},"4B9":{"t":"BE20"},"4BA":{"t":"DV20"},"4BC":{"t":"C525"},"4BD":{"t":"C205"},"4BF":{"t":"RV12"},"4C1":{"t":"UH1"},"4C7":{"t":"M20P"},"4C9":{"t":"C402"},"4CA":{"t":"M20P"},"4CB":{"t":"M20P"},"4CC":{"t":"S22T"},"4CD":{"t":"UH1"},"4CF":{"t":"AT5T"},"4D1":{"desc":"L1P"},"4D3":{"t":"C205"},"4D4":{"t":"RV12"},"4D5":{"desc":"L1P"},"4D6":{"t":"B06"},"4D8":{"t":"C205"},"4D9":{"t":"M20P"},"4E1":{"t":"M20P"},"4E2":{"desc":"H8E"},"4E4":{"t":"M20P"},"4E5":{"desc":"L1P"},"4E8":{"t":"GLID"},"4E9":{"desc":"A1P"},"4EA":{"t":"FA20"},"4ED":{"desc":"L1P"},"4EF":{"t":"UH1"},"4F2":{"t":"DA40"},"4F3":{"desc":"L1P"},"4F8":{"t":"UH1"},"4FA":{"desc":"L1P"},"4FD":{"t":"SR20"},"502":{"t":"B06"},"503":{"t":"BE20"},"505":{"t":"GL5T"},"507":{"desc":"L1P"},"513":{"t":"C205"},"516":{"t":"B06"},"51A":{"t":"C172"},"51C":{"t":"C205"},"51E":{"desc":"H4E"},"521":{"t":"GA5C"},"523":{"t":"A320"},"526":{"t":"UH1"},"528":{"t":"UH1"},"52C":{"t":"M20P"},"52E":{"desc":"A1P"},"531":{"desc":"H1T"},"538":{"desc":"L1P"},"53C":{"t":"B06"},"53D":{"desc":"H1P"},"53E":{"t":"TAMP"},"542":{"desc":"L1P","t":"ULAC"},"545":{"t":"M20P"},"546":{"desc":"L2J","t":"A21N"},"547":{"t":"M20P"},"548":{"t":"C172"},"552":{"t":"C205"},"553":{"desc":"L1P"},"554":{"t":"UH1"},"55A":{"desc":"L1P"},"55E":{"t":"M20P"},"560":{"desc":"L1P"},"561":{"t":"ULAC"},"565":{"desc":"H1T"},"566":{"desc":"L1P"},"56B":{"t":"C182"},"56D":{"t":"E75L"},"56E":{"desc":"L1P","t":"ULAC"},"56F":{"t":"M20P"},"573":{"t":"CL60"},"577":{"desc":"L1P"},"57A":{"t":"AT8T"},"57B":{"t":"M20P"},"57D":{"desc":"L1P"},"57E":{"desc":"L1P"},"581":{"t":"M20P"},"585":{"t":"UH1"},"588":{"t":"UH1"},"589":{"t":"BE58"},"590":{"t":"C205"},"592":{"t":"SR20"},"595":{"t":"UH1"},"59B":{"t":"M20P"},"59C":{"t":"UH1"},"5A1":{"desc":"H6E"},"5AA":{"t":"BL8"},"5AE":{"t":"M20P"},"5B0":{"t":"M20P"},"5B1":{"t":"M20P"},"5B3":{"t":"M20P"},"5B6":{"t":"M20P"},"5B7":{"t":"M20P"},"5BA":{"t":"BE9L"},"5BF":{"t":"M8"},"5C2":{"t":"M20P"},"5C4":{"t":"C210"},"5C6":{"t":"C180"},"5CF":{"t":"E75L"},"5D2":{"t":"C185"},"5D6":{"t":"A320"},"5DB":{"t":"BE36"},"5DC":{"t":"B06"},"5DD":{"desc":"L1P"},"5DE":{"t":"HUSK"},"5E6":{"t":"M20P"},"5E7":{"t":"BE35"},"5E9":{"t":"M20P"},"5ED":{"t":"UH1"},"5F0":{"t":"GLID"},"603":{"t":"M20P"},"605":{"t":"CL60"},"60D":{"desc":"L1P"},"60F":{"t":"R44"},"610":{"desc":"L1T"},"611":{"desc":"L1P"},"614":{"t":"M20P"},"615":{"t":"UH1"},"616":{"t":"M20P"},"618":{"t":"M20P"},"619":{"t":"AT5T"},"61E":{"t":"M20P"},"61F":{"t":"C205"},"621":{"desc":"L1P"},"622":{"t":"M20P"},"626":{"t":"M20P"},"62A":{"desc":"H1T"},"62B":{"t":"M20P"},"62C":{"t":"P32R"},"62D":{"desc":"L1P"},"62E":{"t":"R44"},"630":{"t":"AT5T"},"631":{"t":"H269"},"634":{"t":"BE20"},"637":{"t":"M20P"},"638":{"t":"BE9L"},"63D":{"t":"E75L"},"63E":{"desc":"L1P"},"63F":{"t":"PA18"},"640":{"t":"UH1"},"643":{"desc":"A1P"},"646":{"t":"M20P"},"647":{"t":"P28A"},"648":{"desc":"L1J"},"649":{"t":"UH1"},"64B":{"t":"BE20"},"64D":{"desc":"L1T"},"658":{"t":"M20P"},"66B":{"t":"M20P"},"66D":{"t":"B752"},"672":{"desc":"L1P"},"674":{"t":"UH1"},"685":{"t":"M20P"},"68A":{"desc":"L1P"},"68B":{"t":"GALX"},"68D":{"t":"C441"},"690":{"desc":"L1P","t":"ULAC"},"692":{"t":"S22T"},"697":{"t":"B737"},"698":{"t":"FA20"},"69B":{"desc":"L1P"},"69C":{"desc":"L1P"},"69F":{"t":"UH1"},"6B9":{"desc":"H2T"},"6BD":{"t":"YK55"},"6CA":{"desc":"L1P"},"6CC":{"t":"HUSK"},"6D2":{"desc":"L1P"},"6D3":{"t":"C25A"},"6D5":{"t":"P28A"},"6D9":{"t":"P28B"},"6E1":{"desc":"L1P","t":"ULAC"},"6EE":{"desc":"L1P"},"6EF":{"t":"BE9L"},"6F0":{"t":"L8"},"6F1":{"t":"BE95"},"6F2":{"t":"SR20"},"6F3":{"t":"C172"},"6F5":{"t":"C182"},"6F6":{"t":"ERCO"},"6F8":{"t":"L8"},"6F9":{"t":"BE23"},"6FB":{"t":"BE36"},"6FC":{"t":"PA23"},"6FE":{"t":"C182"},"6FF":{"t":"T210"},"701":{"t":"M4"},"702":{"t":"C140"},"703":{"desc":"L1P"},"704":{"t":"C182"},"705":{"t":"BE33"},"706":{"t":"BE35"},"707":{"t":"C172"},"709":{"t":"C172"},"70A":{"t":"C172"},"70B":{"t":"C172"},"70C":{"t":"C182"},"70D":{"t":"M20T"},"712":{"t":"C25A"},"713":{"t":"BE55"},"714":{"t":"BE95"},"715":{"t":"P51"},"718":{"t":"C182"},"719":{"t":"ERCO"},"71A":{"t":"H269"},"71B":{"t":"BE35"},"71C":{"t":"BE24"},"71F":{"desc":"L1P"},"720":{"t":"C77R"},"721":{"t":"C182"},"722":{"desc":"L1P"},"724":{"t":"M4"},"726":{"t":"BE36"},"727":{"t":"BE36"},"728":{"t":"C172"},"729":{"desc":"A1P"},"72A":{"desc":"L1P"},"72C":{"t":"C172"},"72D":{"t":"BALL"},"72E":{"t":"C180"},"730":{"t":"C172"},"733":{"t":"C172"},"736":{"t":"BALL"},"739":{"t":"CH7A"},"73B":{"t":"C182"},"73E":{"t":"L8"},"740":{"t":"P28A"},"741":{"t":"C140"},"743":{"t":"C77R"},"744":{"t":"P28A"},"745":{"t":"BALL"},"748":{"t":"C172"},"74A":{"t":"BALL"},"74C":{"t":"C150"},"74D":{"t":"C172"},"74E":{"t":"C172"},"74F":{"t":"C82R"},"750":{"desc":"L1T"},"751":{"t":"TAYA"},"753":{"t":"C172"},"754":{"t":"AT5T"},"755":{"t":"C172"},"75A":{"t":"T28"},"75C":{"t":"CH7A"},"75F":{"t":"ULAC"},"760":{"desc":"L1P"},"762":{"t":"BE19"},"763":{"t":"J3"},"764":{"t":"C140"},"766":{"desc":"L1P"},"767":{"desc":"L1P"},"768":{"desc":"L1P"},"76B":{"t":"C140"},"76C":{"t":"BE35"},"76D":{"t":"C182"},"76F":{"t":"C150"},"771":{"t":"C172"},"772":{"t":"C172"},"773":{"t":"C172"},"776":{"t":"H269"},"777":{"t":"C172"},"77C":{"t":"L8"},"77D":{"t":"BE95"},"77F":{"t":"C172"},"780":{"desc":"L1P"},"781":{"t":"C182"},"783":{"t":"PA18"},"784":{"t":"T28"},"785":{"t":"BE23"},"786":{"t":"P28A"},"787":{"t":"BE35"},"789":{"t":"C77R"},"78A":{"t":"C182"},"78B":{"t":"C172"},"78D":{"t":"M4"},"78F":{"t":"BE35"},"790":{"t":"C182"},"791":{"t":"C172"},"792":{"t":"C82S"},"793":{"t":"PA27"},"794":{"t":"C172"},"795":{"t":"C172"},"796":{"t":"C172"},"797":{"t":"C172"},"799":{"t":"TAYA"},"79B":{"desc":"L1P"},"79C":{"t":"C172"},"79F":{"desc":"L1P"},"7A1":{"t":"BE35"},"7A2":{"t":"C172"},"7A5":{"t":"BALL"},"7A7":{"desc":"L1P"},"7A9":{"t":"P28R"},"7AA":{"t":"C140"},"7AB":{"t":"BE55"},"7AC":{"t":"T206"},"7AD":{"t":"C172"},"7AE":{"desc":"L1P","t":"ULAC"},"7AF":{"t":"GLID"},"7B0":{"t":"BE35"},"7B1":{"t":"UH1"},"7B3":{"t":"C182"},"7B5":{"t":"C150"},"7B6":{"t":"C180"},"7B7":{"desc":"L1T"},"7B8":{"t":"C172"},"7B9":{"t":"C172"},"7BA":{"t":"C172"},"7BB":{"t":"C172"},"7BE":{"desc":"L1P"},"7BF":{"t":"C172"},"7C0":{"desc":"L1P"},"7C4":{"t":"BE35"},"7C5":{"t":"C172"},"7C7":{"desc":"L1P"},"7C8":{"t":"ERCO"},"7CB":{"t":"BE24"},"7CC":{"t":"P28S"},"7CD":{"t":"B58T"},"7CF":{"t":"C77R"},"7D1":{"t":"T210"},"7D3":{"t":"M4"},"7D4":{"t":"C120"},"7D6":{"t":"C182"},"7D8":{"t":"BALL"},"7D9":{"t":"C172"},"7DD":{"t":"C172"},"7DE":{"t":"C172"},"7DF":{"t":"C172"},"7E0":{"t":"C172"},"7E2":{"t":"ULAC"},"7E4":{"t":"BE36"},"7E6":{"t":"BE9L"},"7E8":{"t":"CH7A"},"7E9":{"t":"BALL"},"7EA":{"t":"C182"},"7EB":{"t":"C550"},"7ED":{"t":"L8"},"7EE":{"t":"BE23"},"7EF":{"t":"P28S"},"7F0":{"t":"BALL"},"7F1":{"t":"C82S"},"7F5":{"t":"GLID"},"7F7":{"t":"C120"},"7F9":{"t":"C182"},"7FA":{"t":"C172"},"7FD":{"t":"C172"},"7FE":{"t":"BE35"},"801":{"t":"C172"},"802":{"t":"AT6T"},"803":{"desc":"L1P"},"804":{"desc":"L1P"},"805":{"desc":"L1P"},"807":{"t":"BE55"},"808":{"t":"L8"},"809":{"t":"B58T"},"80D":{"t":"C182"},"810":{"t":"B58T"},"811":{"desc":"L1P"},"812":{"t":"J3"},"815":{"t":"C77R"},"819":{"desc":"L1P"},"81B":{"t":"BE35"},"81D":{"desc":"L1P"},"825":{"t":"BALL"},"828":{"t":"C172"},"82A":{"t":"BE35"},"82B":{"t":"BALL"},"82C":{"t":"AT6T"},"82D":{"t":"BALL"},"82E":{"t":"C172"},"832":{"desc":"L2J","t":"A21N"},"833":{"t":"L8"},"834":{"t":"BE19"},"835":{"t":"J3"},"836":{"t":"C140"},"837":{"t":"B58T"},"83A":{"desc":"L1P"},"83C":{"t":"T206"},"83E":{"t":"BE35"},"83F":{"t":"BE58"},"840":{"t":"C172"},"842":{"t":"C172"},"843":{"t":"C172"},"844":{"t":"C172"},"845":{"t":"C172"},"846":{"t":"C172"},"849":{"t":"C172"},"84C":{"desc":"L2P"},"84E":{"t":"C206"},"84F":{"desc":"H1T"},"850":{"t":"B06"},"853":{"t":"PC12"},"854":{"t":"T206"},"856":{"t":"B06"},"858":{"t":"B06"},"859":{"t":"T206"},"85B":{"t":"B06"},"85D":{"t":"C206"},"85F":{"t":"PA44"},"861":{"desc":"L2T"},"864":{"t":"C206"},"865":{"t":"T206"},"866":{"t":"BE35"},"867":{"t":"T206"},"868":{"t":"B06"},"869":{"t":"C206"},"86A":{"t":"T206"},"86B":{"t":"B06"},"86D":{"t":"B06"},"86E":{"t":"B06"},"870":{"desc":"L2P"},"871":{"t":"C206"},"872":{"t":"B06"},"874":{"t":"B06"},"876":{"t":"C206"},"877":{"t":"T206"},"878":{"t":"CRJX"},"87B":{"t":"B06"},"87C":{"t":"B06"},"87E":{"t":"BCS3"},"881":{"t":"P28A"},"882":{"t":"T206"},"886":{"t":"C206"},"887":{"t":"B06"},"888":{"t":"B06"},"889":{"t":"LJ45"},"88D":{"t":"C206"},"890":{"t":"B06"},"891":{"t":"T206"},"893":{"t":"T206"},"894":{"t":"BE33"},"898":{"t":"C206"},"89B":{"t":"C206"},"89E":{"t":"B06"},"89F":{"t":"B06"},"8A1":{"t":"C206"},"8A3":{"t":"B06"},"8A4":{"t":"T206"},"8A6":{"t":"B06"},"8AA":{"t":"T206"},"8AC":{"t":"T206"},"8AD":{"t":"T206"},"8AE":{"desc":"L2P"},"8AF":{"t":"T206"},"8B0":{"t":"C206"},"8B2":{"t":"T206"},"8B6":{"t":"T206"},"8B8":{"t":"B06"},"8B9":{"t":"B06"},"8BA":{"t":"C206"},"8BB":{"t":"T206"},"8BC":{"t":"C206"},"8BD":{"t":"T206"},"8C2":{"t":"B06"},"8C3":{"t":"T206"},"8C9":{"t":"C206"},"8CA":{"t":"C206"},"8CB":{"t":"B06"},"8CD":{"t":"B06"},"8D0":{"desc":"L1P"},"8D5":{"t":"C206"},"8D7":{"t":"C206"},"8D8":{"t":"CL30"},"8DA":{"t":"A320"},"8DB":{"t":"G280"},"8DC":{"t":"B06"},"8DF":{"t":"B06"},"8E3":{"t":"T206"},"8E4":{"t":"T206"},"8E5":{"t":"C206"},"8E6":{"t":"C206"},"8E8":{"t":"T206"},"8ED":{"t":"C206"},"8EE":{"t":"B06"},"8EF":{"t":"C206"},"8F1":{"t":"BE33"},"8F3":{"t":"C206"},"8F4":{"t":"B06"},"8F5":{"t":"C206"},"8F7":{"t":"T206"},"8F8":{"t":"CH7A"},"8FC":{"t":"T206"},"8FF":{"t":"C206"},"900":{"t":"T206"},"901":{"t":"B06"},"903":{"t":"T206"},"904":{"t":"T206"},"905":{"t":"T206"},"908":{"t":"T206"},"90D":{"desc":"L1P"},"90E":{"t":"M20P"},"911":{"desc":"L1P"},"912":{"desc":"H1T"},"915":{"t":"T206"},"916":{"t":"C206"},"917":{"t":"E190"},"919":{"t":"C206"},"91B":{"t":"C206"},"91E":{"t":"C206"},"920":{"t":"C206"},"921":{"t":"C206"},"924":{"t":"E75L"},"925":{"t":"B06"},"926":{"t":"B06"},"927":{"t":"B06"},"929":{"t":"C206"},"92A":{"t":"T206"},"92D":{"t":"B06"},"92E":{"t":"C206"},"931":{"t":"C205"},"932":{"t":"T206"},"938":{"t":"B06"},"93A":{"t":"C206"},"93C":{"desc":"L1P","t":"ULAC"},"93D":{"desc":"A1T","t":"KODI"},"93E":{"t":"B06"},"93F":{"t":"B06"},"940":{"desc":"L1P"},"943":{"t":"C206"},"945":{"t":"C206"},"947":{"t":"T206"},"949":{"t":"C206"},"94C":{"t":"T206"},"94D":{"t":"C206"},"94E":{"t":"T206"},"950":{"t":"B06"},"952":{"t":"T206"},"956":{"t":"T206"},"957":{"t":"B06"},"95C":{"t":"B06"},"960":{"desc":"A2P"},"962":{"t":"T206"},"963":{"t":"C172"},"964":{"t":"T206"},"965":{"t":"T206"},"967":{"t":"C206"},"969":{"t":"B06"},"96A":{"desc":"L1P"},"96B":{"t":"C206"},"96C":{"t":"C206"},"96D":{"t":"T206"},"96E":{"t":"B06"},"972":{"t":"T206"},"974":{"t":"T206"},"975":{"t":"T206"},"976":{"t":"C206"},"978":{"t":"T206"},"979":{"t":"C206"},"97A":{"t":"B06"},"97E":{"t":"B06"},"982":{"t":"UH1"},"986":{"t":"E75L"},"98B":{"t":"C680"},"98C":{"t":"B06"},"98D":{"t":"A320"},"990":{"t":"B06"},"992":{"t":"BE20"},"993":{"desc":"H6E"},"994":{"t":"C206"},"995":{"t":"B06"},"996":{"t":"T206"},"998":{"t":"T206"},"99A":{"t":"B06"},"99C":{"t":"C206"},"99D":{"t":"B06"},"99E":{"t":"T206"},"9A0":{"t":"C206"},"9A1":{"t":"T206"},"9A2":{"desc":"L1P"},"9A3":{"t":"CRJ2"},"9A4":{"t":"C206"},"9A7":{"desc":"H1T"},"9A9":{"t":"C206"},"9AB":{"t":"C206"},"9BC":{"t":"CL60"},"9C5":{"t":"T206"},"9C6":{"t":"C206"},"9C7":{"t":"T206"},"9C8":{"desc":"A1P"},"9CA":{"t":"C206"},"9CB":{"t":"PA30"},"9CC":{"t":"C206"},"9CE":{"t":"C206"},"9D0":{"t":"B06"},"9D2":{"t":"T206"},"9D4":{"t":"T206"},"9D6":{"t":"C206"},"9D8":{"t":"B06"},"9D9":{"t":"B06"},"9DB":{"t":"B06"},"9DD":{"t":"BE55"},"9DE":{"t":"B06"},"9DF":{"t":"C206"},"9E1":{"t":"C206"},"9E3":{"t":"B06"},"9E4":{"t":"B06"},"9E5":{"t":"B06"},"9E6":{"t":"T206"},"9E7":{"t":"C206"},"9E8":{"t":"B06"},"9E9":{"t":"S22T"},"9EA":{"t":"T206"},"9EB":{"t":"C206"},"9ED":{"t":"ULAC"},"9EE":{"desc":"L1P"},"9EF":{"t":"C206"},"9F0":{"t":"C206"},"9F1":{"t":"C206"},"9F2":{"t":"B06"},"9F3":{"t":"C206"},"9F4":{"t":"E75L"},"9F6":{"t":"PA18"},"9F7":{"t":"B06"},"9F9":{"t":"C206"},"9FA":{"t":"C206"},"9FD":{"t":"B06"},"9FE":{"t":"B06"},"9FF":{"t":"R44"},"A01":{"t":"B06"},"A02":{"t":"BE36"},"A06":{"t":"B06"},"A08":{"t":"C206"},"A0A":{"t":"BE19"},"A0B":{"t":"B06"},"A0C":{"t":"C206"},"A0E":{"t":"T206"},"A10":{"t":"B772"},"A14":{"t":"T206"},"A17":{"t":"B06"},"A19":{"t":"B06"},"A20":{"t":"C206"},"A24":{"t":"B752"},"A28":{"desc":"L1P"},"A2A":{"t":"T206"},"A2B":{"t":"B06"},"A2F":{"t":"T206"},"A33":{"t":"B06"},"A39":{"t":"T206"},"A3A":{"t":"C206"},"A41":{"desc":"L1P"},"A42":{"t":"B06"},"A43":{"t":"C206"},"A44":{"t":"B06"},"A45":{"t":"C206"},"A46":{"t":"C82S"},"A47":{"t":"B06"},"A48":{"t":"B06"},"A4B":{"t":"T206"},"A4C":{"t":"B06"},"A4E":{"t":"B737"},"A4F":{"t":"T206"},"A52":{"desc":"L1P"},"A53":{"t":"T206"},"A56":{"t":"C206"},"A57":{"t":"B06"},"A58":{"t":"T206"},"A5A":{"t":"T206"},"A65":{"t":"C206"},"A68":{"t":"T206"},"A70":{"desc":"H2T"},"A73":{"desc":"L1P"},"A74":{"t":"C206"},"A84":{"t":"C206"},"A85":{"t":"B06"},"A8A":{"t":"B06"},"A8E":{"t":"C206"},"A98":{"desc":"L1P","t":"ULAC"},"A9D":{"desc":"L1P"},"AA4":{"t":"B06"},"AA6":{"desc":"L1P"},"AA7":{"t":"L8"},"AA9":{"t":"BE35"},"AAA":{"t":"C172"},"AAC":{"t":"C182"},"AAD":{"t":"AT8T"},"AAE":{"desc":"L2J","t":"A21N"},"AB1":{"t":"AT8T"},"AB2":{"t":"B06"},"AB4":{"t":"C77R"},"AB7":{"t":"GLID"},"AB8":{"t":"C172"},"ABA":{"t":"BE35"},"ABE":{"t":"C172"},"ABF":{"t":"C172"},"AC0":{"t":"B58T"},"AC1":{"t":"BE35"},"AC2":{"t":"C172"},"AC3":{"t":"C180"},"AC4":{"t":"C172"},"AC5":{"t":"AT8T"},"AC7":{"t":"GLID"},"AC8":{"t":"T206"},"AC9":{"t":"BE36"},"ACA":{"t":"C206"},"ACC":{"t":"AT6T"},"ACD":{"t":"C172"},"ACF":{"t":"C182"},"AD1":{"t":"B06"},"AD2":{"t":"B58T"},"AD3":{"t":"AT6T"},"AD5":{"t":"C140"},"AD9":{"desc":"L1P"},"ADA":{"t":"GLID"},"ADB":{"t":"BE55"},"ADC":{"t":"C120"},"ADE":{"desc":"L1P"},"ADF":{"t":"C172"},"AE2":{"desc":"L1P"},"AE3":{"t":"C172"},"AE4":{"t":"C172"},"AE6":{"t":"FA24"},"AE7":{"t":"C172"},"AE8":{"t":"T206"},"AE9":{"t":"C172"},"AEA":{"t":"FA24"},"AED":{"t":"BE35"},"AEE":{"t":"BE95"},"AF0":{"t":"CH7A"},"AF2":{"desc":"L1P"},"AF3":{"t":"H269"},"AF6":{"t":"BE23"},"AF7":{"t":"P32R"},"AF8":{"t":"H269"},"AFB":{"t":"P28A"},"AFC":{"desc":"L1P"},"AFD":{"t":"GLID"},"AFE":{"t":"M4"},"AFF":{"t":"C120"},"B00":{"t":"BE35"},"B05":{"t":"C172"},"B08":{"t":"FA24"},"B0A":{"t":"C172"},"B0C":{"t":"FA24"},"B0D":{"desc":"L1P"},"B0F":{"desc":"A1P"},"B11":{"t":"BE33"},"B12":{"t":"BE35"},"B13":{"t":"CH7A"},"B15":{"t":"BE58"},"B17":{"t":"C188"},"B19":{"t":"BE19"},"B1A":{"t":"J3"},"B1B":{"t":"C140"},"B1C":{"t":"C182"},"B1D":{"t":"C77R"},"B23":{"t":"M20T"},"B24":{"t":"BE23"},"B28":{"desc":"L1P"},"B29":{"t":"FA24"},"B2B":{"t":"C172"},"B2D":{"t":"C172"},"B2E":{"t":"C172"},"B30":{"t":"C82R"},"B31":{"desc":"L1P"},"B33":{"t":"L8"},"B34":{"t":"BE55"},"B36":{"t":"CH7A"},"B37":{"t":"T206"},"B38":{"t":"C182"},"B39":{"t":"ERCO"},"B3A":{"t":"AT8T"},"B3B":{"t":"BE55"},"B3F":{"t":"T206"},"B42":{"t":"B06"},"B43":{"t":"P28R"},"B44":{"t":"M4"},"B45":{"t":"BE58"},"B46":{"t":"BALL"},"B47":{"t":"C182"},"B48":{"t":"C172"},"B4A":{"t":"C180"},"B4B":{"desc":"L1P"},"B4C":{"t":"GLID"},"B50":{"t":"GLID"},"B51":{"desc":"L1P"},"B52":{"t":"C172"},"B53":{"t":"BE55"},"B54":{"desc":"L1P"},"B56":{"desc":"L1P"},"B5B":{"t":"C182"},"B5F":{"t":"BE95"},"B60":{"desc":"L1P"},"B61":{"t":"AT5T"},"B62":{"t":"H269"},"B63":{"t":"BE36"},"B64":{"t":"T28"},"B65":{"t":"AT8T"},"B67":{"t":"M4"},"B68":{"t":"C140"},"B69":{"t":"BE33"},"B6B":{"t":"BE35"},"B6C":{"t":"C150"},"B6F":{"t":"C172"},"B71":{"t":"BE35"},"B74":{"t":"L8"},"B76":{"t":"L8"},"B78":{"t":"BE36"},"B79":{"t":"L8"},"B7B":{"t":"BE35"},"B7C":{"t":"AT5T"},"B7E":{"t":"C182"},"B80":{"t":"C188"},"B81":{"t":"L8"},"B83":{"t":"J3"},"B84":{"t":"BE35"},"B87":{"desc":"H1P"},"B88":{"desc":"L1P"},"B89":{"desc":"L1P"},"B8A":{"t":"M4"},"B8B":{"t":"C120"},"B8F":{"t":"C150"},"B90":{"t":"C172"},"B91":{"t":"ST75"},"B93":{"t":"L8"},"B95":{"t":"C172"},"B96":{"t":"C172"},"B97":{"t":"C172"},"B98":{"t":"C172"},"B9C":{"desc":"L1T"},"B9F":{"t":"AT8T"},"BA1":{"t":"C182"},"BA2":{"desc":"L1P"},"BA3":{"desc":"L1P"},"BA5":{"t":"BE23"},"BA6":{"desc":"L1P"},"BA9":{"t":"BALL"},"BAC":{"desc":"L1P"},"BAF":{"desc":"L1P"},"BB0":{"desc":"L1P"},"BB1":{"t":"C172"},"BB3":{"t":"C172"},"BB4":{"t":"BALL"},"BB8":{"t":"C172"},"BB9":{"t":"C172"},"BBC":{"desc":"L1P","t":"ULAC"},"BBE":{"t":"B06"},"BBF":{"desc":"L1T"},"BC1":{"t":"BE35"},"BC5":{"t":"ERCO"},"BC7":{"t":"L8"},"BC9":{"t":"J3"},"BCA":{"t":"C140"},"BCC":{"desc":"A1P"},"BCE":{"t":"C82T"},"BD0":{"desc":"L1P"},"BD1":{"t":"UH12"},"BD2":{"desc":"L1T"},"BD4":{"t":"C172"},"BD5":{"t":"C150"},"BD9":{"t":"B06"},"BDD":{"t":"L8"},"BDF":{"t":"C172"},"BE2":{"t":"C208"},"BE3":{"t":"BE18"},"BE4":{"t":"BE35"},"BE5":{"t":"CH7A"},"BEA":{"t":"B58T"},"BEB":{"t":"B06"},"BEC":{"t":"P28A"},"BED":{"desc":"L1P"},"BEE":{"desc":"L1P","t":"ULAC"},"BEF":{"t":"C510"},"BF0":{"t":"C182"},"BF3":{"t":"M4"},"BF4":{"desc":"L1P","t":"ULAC"},"BF5":{"t":"C208"},"BF6":{"t":"C182"},"BF7":{"t":"B58T"},"BF9":{"t":"L8"},"BFA":{"t":"H269"},"BFB":{"t":"L8"},"BFC":{"t":"C172"},"BFF":{"desc":"L1P"},"C00":{"t":"C172"},"C02":{"desc":"L1P"},"C04":{"desc":"L1P"},"C05":{"desc":"L1P"},"C06":{"t":"P28A"},"C07":{"desc":"L2P"},"C0A":{"t":"BE50"},"C0B":{"desc":"H1P"},"C0C":{"t":"PRM1"},"C0D":{"t":"GLID"},"C0F":{"t":"T206"},"C10":{"desc":"L1P"},"C11":{"t":"E75L"},"C14":{"t":"M20T"},"C15":{"t":"GLID"},"C16":{"desc":"L1J"},"C17":{"desc":"L1P"},"C19":{"t":"LJ60"},"C1A":{"t":"B762"},"C1E":{"desc":"A1P","t":"ULAC"},"C20":{"t":"ASTR"},"C24":{"t":"C25A"},"C25":{"desc":"L1P"},"C32":{"t":"BALL"},"C37":{"t":"C172"},"C38":{"t":"P28A"},"C39":{"desc":"L1T"},"C3A":{"t":"C82S"},"C3F":{"t":"C25C"},"C42":{"t":"BE20"},"C44":{"t":"B06"},"C47":{"t":"B06"},"C4B":{"desc":"L1P"},"C4F":{"t":"BE35"},"C50":{"desc":"L1P"},"C52":{"desc":"G1P"},"C53":{"desc":"L1P"},"C55":{"desc":"L1T"},"C56":{"desc":"L1P"},"C57":{"t":"B06"},"C59":{"desc":"L1P"},"C5A":{"desc":"L1P"},"C5B":{"desc":"L1P"},"C5F":{"t":"C207"},"C60":{"desc":"L1P"},"C63":{"t":"SR22"},"C68":{"t":"CH7A"},"C69":{"t":"EA50"},"C6B":{"t":"C170"},"C70":{"t":"B06"},"C75":{"desc":"L1P"},"C78":{"desc":"H1P"},"C7C":{"desc":"L4P"},"C81":{"desc":"L2P"},"C85":{"t":"C207"},"C91":{"t":"A320"},"C9A":{"desc":"L1P"},"C9B":{"desc":"L1P"},"CA2":{"desc":"L1P"},"CA5":{"t":"ULAC"},"CA6":{"desc":"L1P"},"CAA":{"desc":"L1P"},"CAB":{"desc":"H1P"},"CAC":{"desc":"L1P"},"CB0":{"desc":"L1P","t":"ULAC"},"CB3":{"t":"CRJ9"},"CB4":{"t":"C207"},"CB5":{"t":"BE20"},"CC1":{"t":"C172"},"CC4":{"desc":"L1P"},"CC7":{"t":"P28S"},"CCC":{"t":"C206"},"CCE":{"t":"CL60"},"CD3":{"desc":"L2P"},"CD5":{"t":"BL8"},"CD7":{"desc":"L1P","t":"ULAC"},"CDA":{"desc":"L1P"},"CDB":{"t":"E75L"},"CDC":{"desc":"L1P"},"CDE":{"t":"AEST"},"CE0":{"t":"C77R"},"CE5":{"desc":"L2J"},"CF1":{"t":"M4"},"CF4":{"desc":"A1T","t":"KODI"},"CF7":{"desc":"L1P"},"CFF":{"t":"AT8T"},"D00":{"t":"BALL"},"D06":{"t":"E300"},"D09":{"desc":"L1P"},"D0F":{"t":"M20P"},"D10":{"desc":"L1P"},"D18":{"t":"PA32"},"D19":{"t":"SR22"},"D1A":{"desc":"L1P"},"D1B":{"t":"PA31"},"D1F":{"t":"B06"},"D20":{"desc":"L2J"},"D23":{"t":"C25A"},"D27":{"t":"C207"},"D28":{"desc":"L1P"},"D2F":{"desc":"L1P"},"D35":{"t":"C180"},"D3A":{"desc":"L1P"},"D3D":{"desc":"L1P"},"D44":{"t":"A320"},"D45":{"t":"PC12"},"D46":{"t":"PC12"},"D49":{"t":"BE9L"},"D4A":{"desc":"L1P"},"D4B":{"t":"C182"},"D4D":{"t":"R44"},"D53":{"t":"HUSK"},"D5A":{"t":"CRJ2"},"D7B":{"t":"CL60"},"D7D":{"t":"C207"},"D7E":{"desc":"L1P"},"D7F":{"t":"AA5"},"D81":{"desc":"A1P","t":"ULAC"},"D83":{"t":"B06"},"D89":{"t":"M20T"},"D8C":{"t":"C425"},"D8F":{"desc":"L1P"},"D95":{"t":"C182"},"D96":{"t":"BE10"},"D98":{"t":"UH1"},"DA5":{"t":"C441"},"DA6":{"t":"PC12"},"DA9":{"desc":"L1P"},"DAB":{"t":"E75L"},"DAE":{"t":"SIRA"},"DAF":{"t":"EA50"},"DB0":{"t":"BALL"},"DB3":{"desc":"L1P"},"DB6":{"desc":"L1P"},"DBA":{"t":"ASTO"},"DBB":{"desc":"L1P"},"DBD":{"t":"FA7X"},"DBF":{"t":"H25A"},"DC1":{"t":"B06"},"DC3":{"t":"AS50"},"DCF":{"t":"GLID"},"DD7":{"t":"TWEN"},"DDB":{"t":"B752"},"DDF":{"desc":"L1P"},"DE0":{"desc":"L1P"},"DEF":{"t":"PA32"},"DF4":{"desc":"L1P"},"DF8":{"t":"C182"},"DF9":{"t":"P46T"},"DFB":{"desc":"L1P","t":"ULAC"},"DFE":{"t":"FDCT"},"E04":{"t":"SR22"},"E05":{"t":"B737"},"E0A":{"t":"BE36"},"E11":{"t":"E300"},"E1F":{"desc":"L1P","t":"ULAC"},"E27":{"desc":"H2T"},"E32":{"t":"C207"},"E34":{"desc":"L1P"},"E46":{"t":"BE36"},"E4F":{"t":"BE58"},"E5E":{"t":"L8"},"E5F":{"t":"S108"},"E63":{"t":"C182"},"E64":{"t":"ERCO"},"E66":{"t":"C206"},"E67":{"t":"BE58"},"E68":{"t":"P28A"},"E69":{"t":"C140"},"E6C":{"t":"M20T"},"E6D":{"t":"T210"},"E6F":{"t":"B06"},"E71":{"t":"BE55"},"E72":{"t":"C182"},"E73":{"desc":"A1P"},"E74":{"t":"C208"},"E75":{"t":"AT8T"},"E76":{"desc":"L1P"},"E78":{"desc":"A1P"},"E79":{"t":"C172"},"E7A":{"desc":"L1P"},"E7B":{"t":"C182"},"E7C":{"t":"C172"},"E7D":{"t":"C182"},"E7E":{"t":"C182"},"E81":{"t":"BE23"},"E82":{"desc":"L1P"},"E87":{"desc":"L1P"},"E89":{"t":"L8"},"E8A":{"desc":"L1P"},"E8B":{"t":"P28R"},"E8D":{"t":"PA23"},"E8F":{"t":"P28A"},"E90":{"desc":"H1T"},"E91":{"t":"P28R"},"E92":{"desc":"L1P"},"E94":{"t":"BE33"},"E95":{"desc":"A1P"},"E96":{"t":"BE36"},"E99":{"t":"C172"},"E9B":{"t":"C182"},"E9C":{"t":"C172"},"E9E":{"t":"C172"},"EA0":{"t":"AT8T"},"EA1":{"desc":"L1P"},"EA2":{"desc":"L2P"},"EA5":{"desc":"L1P"},"EA6":{"t":"AT3T"},"EA7":{"desc":"L1P"},"EA9":{"t":"C182"},"EAB":{"t":"BALL"},"EAE":{"t":"B06"},"EB0":{"t":"PA23"},"EB1":{"t":"C77R"},"EB3":{"t":"C82T"},"EB4":{"t":"P28R"},"EB7":{"t":"BE35"},"EB8":{"t":"AA5"},"EB9":{"desc":"L1P"},"EBC":{"t":"C172"},"EBE":{"desc":"L1P"},"EC0":{"t":"C182"},"EC1":{"t":"AT8T"},"EC2":{"t":"C172"},"EC4":{"t":"C172"},"EC5":{"desc":"L1P"},"EC7":{"t":"L8"},"EC9":{"t":"BE35"},"ECA":{"t":"C172"},"ECC":{"t":"C182"},"ECF":{"t":"M20P"},"ED0":{"t":"B58T"},"ED1":{"t":"P28R"},"ED2":{"t":"C140"},"ED5":{"t":"C182"},"ED7":{"t":"P28R"},"ED8":{"desc":"L1P"},"EDA":{"t":"BE35"},"EDB":{"t":"HUSK"},"EDC":{"t":"T6"},"EDD":{"desc":"L1P"},"EDE":{"t":"C182"},"EDF":{"desc":"L1P"},"EE0":{"desc":"L1P"},"EE2":{"t":"C172"},"EE3":{"t":"C182"},"EE4":{"desc":"L1P"},"EE5":{"t":"GLID"},"EE9":{"t":"C172"},"EEB":{"t":"H269"},"EEC":{"desc":"L1P"},"EED":{"t":"CH7A"},"EEF":{"t":"BE35"},"EF1":{"desc":"L1P"},"EF3":{"t":"BE55"},"EF7":{"t":"C77R"},"EFB":{"t":"M4"},"EFF":{"t":"C172"},"F00":{"t":"C150"},"F01":{"t":"C182"},"F03":{"t":"C172"},"F04":{"t":"C182"},"F05":{"t":"BALL"},"F06":{"t":"C172"},"F07":{"desc":"L1P"},"F08":{"t":"C172"},"F09":{"t":"BE23"},"F0A":{"t":"C172"},"F0C":{"t":"BE24"},"F0D":{"desc":"L1P"},"F10":{"t":"BE24"},"F12":{"t":"C182"},"F14":{"t":"C188"},"F16":{"t":"BE23"},"F17":{"t":"J3"},"F18":{"t":"BALL"},"F1A":{"t":"C77R"},"F1B":{"t":"P28A"},"F1D":{"t":"SR20"},"F20":{"t":"BE35"},"F21":{"t":"BE24"},"F22":{"t":"C172"},"F24":{"desc":"L1P"},"F25":{"t":"C182"},"F26":{"t":"C185"},"F27":{"t":"BE17"},"F28":{"t":"BE24"},"F29":{"t":"C182"},"F2A":{"t":"C172"},"F2B":{"t":"C182"},"F2C":{"desc":"L1P"},"F2D":{"desc":"L1P"},"F2F":{"t":"BE23"},"F30":{"desc":"L1T"},"F32":{"t":"BE35"},"F33":{"t":"CH7A"},"F34":{"t":"BALL"},"F35":{"t":"C182"},"F37":{"t":"C82R"},"F38":{"t":"L8"},"F39":{"t":"BE36"},"F3A":{"t":"P28S"},"F3D":{"t":"C77R"},"F3E":{"t":"C208"},"F3F":{"t":"T210"},"F40":{"t":"P28R"},"F41":{"desc":"L1P"},"F42":{"t":"C120"},"F44":{"t":"C182"},"F45":{"t":"C172"},"F46":{"t":"C150"},"F47":{"desc":"L1P"},"F48":{"t":"C182"},"F4A":{"t":"C172"},"F4B":{"desc":"L1P"},"F4C":{"desc":"L1P"},"F4E":{"t":"C182"},"F50":{"t":"C182"},"F52":{"t":"BE23"},"F53":{"t":"L8"},"F54":{"t":"BE23"},"F55":{"t":"BE35"},"F58":{"t":"C182"},"F59":{"t":"ERCO"},"F5A":{"desc":"L1P"},"F5E":{"t":"C82S"},"F60":{"t":"C77R"},"F62":{"desc":"L1P"},"F63":{"t":"P28R"},"F64":{"t":"M4"},"F6A":{"t":"C172"},"F6B":{"t":"C182"},"F6D":{"t":"C172"},"F6E":{"t":"C182"},"F71":{"t":"C182"},"F72":{"t":"BE17"},"F73":{"t":"BE17"},"F75":{"t":"P28R"},"F76":{"t":"P32T"},"F78":{"t":"GLID"},"F7C":{"t":"ERCO"},"F7F":{"t":"BALL"},"F84":{"t":"C182"},"F85":{"t":"ERCO"},"F86":{"t":"P28R"},"F87":{"desc":"L1P"},"F88":{"t":"C120"},"F89":{"t":"BE55"},"F8B":{"t":"C172"},"F8C":{"t":"C150"},"F8E":{"desc":"L1P"},"F8F":{"desc":"L1P"},"F91":{"t":"P28A"},"F93":{"t":"C185"},"F94":{"t":"PA32"},"F96":{"t":"C172"},"F99":{"t":"BALL"},"F9C":{"t":"CH7A"},"F9E":{"t":"C182"},"FA2":{"t":"BE36"},"FA3":{"t":"P28S"},"FA4":{"t":"PA44"},"FA6":{"t":"C77R"},"FA7":{"t":"P28A"},"FA8":{"desc":"A1P"},"FA9":{"t":"P28R"},"FAC":{"t":"PA44"},"FAD":{"t":"P32T"},"FAE":{"t":"P28U"},"FAF":{"t":"C150"},"FB1":{"t":"C182"},"FB2":{"t":"C172"},"FB3":{"t":"C182"},"FB4":{"t":"C182"},"FB5":{"desc":"L1P"},"FB6":{"t":"BALL"},"FB7":{"t":"C182"},"FB8":{"t":"BE17"},"FB9":{"t":"C182"},"FBA":{"t":"C208"},"FBD":{"t":"C208"},"FBF":{"t":"C208"},"FC0":{"t":"C208"},"FC1":{"t":"C208"},"FC2":{"t":"B06"},"FC3":{"t":"C208"},"FC4":{"t":"C208"},"FC7":{"t":"B407"},"FC8":{"t":"E75L"},"FC9":{"desc":"L1P"},"FCB":{"t":"C208"},"FCC":{"t":"GLID"},"FCD":{"t":"C172"},"FD0":{"t":"B427"},"FD1":{"t":"C208"},"FD2":{"t":"C208"},"FD4":{"t":"C208"},"FD5":{"t":"C208"},"FD7":{"t":"BE20"},"FDB":{"t":"C25A"},"FDC":{"t":"LJ60"},"FDE":{"t":"C208"},"FDF":{"t":"C208"},"FE8":{"t":"C208"},"FEA":{"t":"C208"},"FEC":{"t":"BCS3"},"FED":{"desc":"L1P"},"FEE":{"t":"PA44"},"FEF":{"desc":"L1E","t":"C208"},"FF1":{"t":"SR20"},"FF2":{"t":"C208"},"FF4":{"t":"PC12"},"FF5":{"desc":"L1P"},"FF7":{"t":"PA12"},"FF9":{"t":"P208"},"FFA":{"t":"C208"},"FFB":{"t":"C172"},"FFD":{"t":"C208"},"FFE":{"t":"GLID"},"FFF":{"t":"FDCT"}}