{"000":{"desc":"L1P"},"001":{"desc":"L1P"},"002":{"t":"PA34"},"003":{"desc":"L1P","t":"ULAC"},"004":{"t":"B06"},"008":{"desc":"L1P"},"00B":{"t":"GLID"},"015":{"t":"DA40"},"018":{"t":"DA40"},"019":{"desc":"L1P"},"01B":{"t":"BE35"},"01F":{"t":"R22"},"020":{"t":"SF50"},"024":{"t":"C182"},"025":{"t":"GLID"},"026":{"t":"C750"},"027":{"t":"GLID"},"028":{"t":"M20P"},"02A":{"t":"AA5"},"02B":{"desc":"L1P"},"02C":{"t":"P28R"},"02F":{"t":"BE35"},"030":{"t":"P28A"},"031":{"t":"S22T"},"034":{"t":"C172"},"037":{"desc":"L1P"},"038":{"t":"C525"},"039":{"desc":"L1P"},"03A":{"t":"C310"},"03B":{"desc":"L1P"},"03C":{"t":"C177"},"03D":{"desc":"H1T"},"03E":{"t":"GA5C"},"03F":{"t":"PA30"},"040":{"t":"B47G"},"041":{"t":"C172"},"042":{"t":"S22T"},"046":{"t":"UH12"},"047":{"t":"GLID"},"048":{"t":"P28U"},"04A":{"t":"G150"},"04B":{"t":"O1"},"04C":{"t":"AA5"},"04D":{"desc":"L1P"},"04E":{"t":"BL8"},"04F":{"t":"PA46"},"051":{"t":"GLF6"},"052":{"t":"BE95"},"053":{"t":"PC12"},"054":{"t":"GLID"},"056":{"t":"C208"},"057":{"desc":"L1P"},"058":{"t":"C210"},"059":{"t":"BE35"},"05A":{"desc":"L1P"},"05B":{"t":"PA24"},"05C":{"t":"S22T"},"05E":{"t":"BE35"},"062":{"t":"F2TH"},"064":{"desc":"H1T"},"066":{"t":"GLID"},"068":{"t":"BE58"},"069":{"t":"EC30"},"06B":{"t":"GLID"},"06C":{"t":"C25C"},"074":{"t":"B06"},"078":{"desc":"L1P"},"07B":{"t":"S22T"},"07C":{"t":"PA32"},"07D":{"t":"GLID"},"081":{"desc":"L1P"},"083":{"t":"NAVI"},"084":{"t":"M20P"},"085":{"desc":"L1P"},"086":{"t":"SR22"},"088":{"desc":"L1P"},"089":{"t":"P210"},"08A":{"t":"SR22"},"08B":{"t":"BE35"},"08D":{"t":"PRM1"},"08E":{"desc":"L1P"},"091":{"desc":"L1P"},"093":{"t":"BE9L"},"094":{"t":"H25B"},"095":{"t":"PA27"},"097":{"desc":"L1P"},"098":{"desc":"L1P"},"099":{"t":"B58T"},"09A":{"desc":"L1P"},"09C":{"t":"C208"},"09D":{"t":"AA1"},"09F":{"desc":"L1T"},"0A0":{"t":"M20P"},"0A1":{"t":"SR22"},"0A2":{"t":"PAY2"},"0A4":{"t":"AT8T"},"0A5":{"desc":"L1P"},"0A6":{"desc":"L1P"},"0A7":{"t":"BE33"},"0AA":{"t":"BE55"},"0AC":{"t":"C182"},"0AD":{"t":"BE36"},"0AE":{"t":"J3"},"0AF":{"t":"SR20"},"0B1":{"t":"P28A"},"0B2":{"t":"SR22"},"0B3":{"t":"DIMO"},"0B4":{"desc":"L1P"},"0B5":{"t":"BE35"},"0B9":{"t":"SR22"},"0BB":{"desc":"L1P"},"0BC":{"t":"BE35"},"0BE":{"t":"SR22"},"0BF":{"desc":"L1P"},"0C0":{"t":"GLID"},"0C3":{"desc":"L1P"},"0C5":{"desc":"L2P"},"0C6":{"desc":"L1P"},"0C7":{"t":"SF50"},"0CB":{"t":"C172"},"0CD":{"t":"CL30"},"0CE":{"desc":"L2P"},"0CF":{"desc":"L1P","t":"ULAC"},"0D8":{"t":"CJ6"},"0DB":{"desc":"A1P"},"0DC":{"t":"BL8"},"0DE":{"desc":"L1P"},"0E0":{"desc":"L1P"},"0E5":{"desc":"L1P"},"0E8":{"t":"B06"},"0E9":{"t":"GLID"},"0EA":{"desc":"L1P"},"0EC":{"desc":"L1P"},"0ED":{"t":"SR22"},"0EE":{"desc":"L1P"},"0EF":{"t":"HUSK"},"0F2":{"desc":"L1P","t":"ULAC"},"0FB":{"t":"BE36"},"0FC":{"t":"B222"},"0FF":{"t":"PA27"},"100":{"t":"SR22"},"101":{"t":"BE55"},"103":{"t":"F2TH"},"104":{"desc":"A2P"},"105":{"t":"SR22"},"106":{"desc":"L1P"},"108":{"t":"R22"},"10B":{"t":"C25B"},"10D":{"t":"SR22"},"10F":{"desc":"L1P"},"114":{"t":"DC10"},"116":{"desc":"H8E"},"11B":{"t":"T6"},"11C":{"t":"SR22"},"11D":{"t":"AEST"},"11E":{"t":"M20P"},"121":{"t":"C56X"},"122":{"desc":"L1P"},"123":{"desc":"L1P","t":"ULAC"},"124":{"t":"P32T"},"128":{"t":"C550"},"12A":{"t":"C310"},"12C":{"desc":"L2T"},"130":{"t":"BE55"},"132":{"t":"BCS3"},"133":{"t":"S108"},"135":{"desc":"L1P"},"136":{"t":"A109"},"137":{"t":"SR22"},"138":{"t":"P28A"},"139":{"t":"AS50"},"13A":{"t":"B350"},"13B":{"desc":"L1T"},"13D":{"t":"LJ35"},"141":{"t":"C172"},"144":{"t":"C182"},"145":{"t":"S22T"},"147":{"t":"FA10"},"149":{"desc":"L1P"},"14A":{"t":"B763"},"14C":{"t":"BE35"},"14E":{"t":"M20P"},"151":{"t":"C206"},"152":{"t":"F2TH"},"155":{"desc":"L1P"},"156":{"t":"C510"},"15A":{"t":"M200"},"15C":{"desc":"L1P"},"15D":{"t":"BE50"},"165":{"t":"GLID"},"166":{"t":"C208"},"168":{"t":"R44"},"16A":{"desc":"L1P","t":"ULAC"},"173":{"t":"C172"},"17B":{"desc":"L1P"},"17D":{"desc":"L1P"},"17E":{"t":"GLEX"},"180":{"t":"C172"},"181":{"t":"M20P"},"189":{"t":"PA44"},"18B":{"desc":"L2T"},"190":{"t":"R22"},"197":{"t":"BE35"},"198":{"desc":"L1P","t":"ULAC"},"19B":{"t":"C414"},"19E":{"t":"R44"},"1A1":{"t":"SR22"},"1A2":{"t":"B190"},"1A3":{"t":"PA34"},"1A5":{"t":"B06"},"1AC":{"desc":"L1P"},"1B0":{"t":"PA18"},"1B1":{"desc":"L2J","t":"A21N"},"1B4":{"t":"C310"},"1B7":{"desc":"L1P"},"1BE":{"desc":"L1P"},"1CA":{"t":"C172"},"1CC":{"t":"YK52"},"1D0":{"t":"P28A"},"1D2":{"t":"H25B"},"1D3":{"t":"CH7A"},"1D4":{"t":"C525"},"1D7":{"t":"PC12"},"1D8":{"t":"E75L"},"1DA":{"t":"MU2"},"1DE":{"desc":"L1P"},"1E2":{"desc":"L1P"},"1E3":{"t":"PA34"},"1E5":{"t":"PA34"},"1E8":{"desc":"L1P"},"1EB":{"desc":"L1P"},"1EE":{"t":"S22T"},"1F7":{"t":"BE20"},"1FB":{"t":"P32R"},"1FC":{"t":"S22T"},"1FD":{"t":"BALL"},"1FE":{"t":"CL60"},"200":{"t":"C56X"},"203":{"t":"GLF4"},"214":{"desc":"A1P"},"215":{"t":"TBM7"},"217":{"t":"AS50"},"218":{"t":"LJ60"},"219":{"t":"C206"},"21A":{"desc":"L1P"},"21B":{"t":"P28R"},"21C":{"t":"B06"},"21D":{"t":"SF34"},"21F":{"t":"CH7A"},"220":{"desc":"L1P"},"222":{"t":"ULAC"},"224":{"t":"SR22"},"229":{"t":"BE36"},"22E":{"t":"T28"},"235":{"t":"DV20"},"23A":{"t":"E75L"},"241":{"t":"A320"},"243":{"desc":"L1P"},"244":{"t":"C172"},"247":{"desc":"H6E"},"24A":{"desc":"H1T"},"24B":{"t":"PC12"},"24C":{"t":"H25B"},"24E":{"t":"BALL"},"250":{"t":"S22T"},"252":{"t":"M4"},"257":{"t":"CRJ2"},"258":{"t":"ST75"},"269":{"desc":"A1T","t":"KODI"},"270":{"t":"CL60"},"279":{"t":"BE20"},"27A":{"desc":"L1P"},"27E":{"desc":"L1P"},"281":{"t":"SR22"},"283":{"desc":"L1P"},"284":{"t":"P32T"},"286":{"t":"BE36"},"288":{"desc":"L1P"},"28C":{"t":"RV10"},"291":{"t":"GLID"},"293":{"t":"BALL"},"294":{"t":"C560"},"298":{"t":"R44"},"299":{"t":"EC30"},"29A":{"desc":"H1T"},"29C":{"t":"T6"},"29D":{"desc":"H1P"},"29F":{"t":"B06"},"2A1":{"t":"SR22"},"2A2":{"t":"ST75"},"2A6":{"t":"R44"},"2AA":{"t":"P210"},"2AB":{"desc":"L1P"},"2AC":{"t":"R44"},"2AD":{"t":"C185"},"2AE":{"t":"GLF4"},"2B0":{"t":"RV12"},"2B1":{"t":"PA34"},"2B2":{"t":"SR20"},"2B3":{"t":"T210"},"2B6":{"t":"M20P"},"2B8":{"desc":"L1P"},"2BB":{"t":"GLID"},"2BC":{"t":"BE20"},"2BF":{"desc":"L1P"},"2C3":{"t":"C152"},"2C4":{"t":"B772"},"2C9":{"t":"ULAC"},"2CF":{"t":"P46T"},"2DC":{"t":"BE55"},"2E1":{"desc":"L1P"},"2E2":{"t":"S22T"},"2EA":{"t":"C56X"},"2EB":{"desc":"H4E"},"2EE":{"t":"BE20"},"2F5":{"t":"PA46"},"2F6":{"desc":"L1P"},"2F7":{"t":"T210"},"2F8":{"t":"C172"},"2F9":{"desc":"H6E"},"2FB":{"desc":"L2T"},"2FC":{"desc":"L1P"},"2FF":{"t":"ST75"},"301":{"t":"R22"},"302":{"t":"B737"},"305":{"t":"BE36"},"306":{"t":"C82R"},"307":{"desc":"L1P"},"30A":{"desc":"L1P"},"30B":{"t":"P28A"},"30E":{"desc":"L1P"},"314":{"desc":"H8E"},"31C":{"t":"C310"},"323":{"t":"C208"},"327":{"desc":"L1P"},"335":{"t":"ULAC"},"341":{"desc":"H8E"},"359":{"t":"GLID"},"35F":{"t":"C82S"},"360":{"t":"C182"},"362":{"t":"P32T"},"363":{"t":"M20P"},"364":{"t":"BALL"},"365":{"t":"BALL"},"366":{"t":"C140"},"368":{"desc":"L1T"},"369":{"t":"M20T"},"36A":{"t":"PA32"},"36F":{"t":"C337"},"370":{"t":"P28B"},"371":{"t":"SHIP"},"372":{"desc":"L1P","t":"ULAC"},"373":{"t":"C150"},"375":{"t":"C150"},"376":{"t":"L8"},"37B":{"t":"C150"},"37C":{"t":"M20P"},"37D":{"t":"M20P"},"37E":{"desc":"L1P"},"380":{"t":"C170"},"384":{"t":"ERCO"},"385":{"t":"BALL"},"386":{"t":"L8"},"387":{"t":"BE35"},"388":{"t":"M20P"},"389":{"t":"C140"},"38A":{"t":"M20P"},"38B":{"t":"M20P"},"38C":{"t":"M20P"},"38E":{"t":"P28A"},"38F":{"t":"BE36"},"390":{"t":"C140"},"393":{"t":"C177"},"394":{"desc":"H4E"},"395":{"t":"C172"},"398":{"t":"L8"},"399":{"t":"C150"},"39B":{"t":"C150"},"39E":{"t":"C150"},"39F":{"t":"GLID"},"3A0":{"t":"P28A"},"3A1":{"desc":"L1P"},"3A2":{"t":"BALL"},"3A3":{"desc":"L1P"},"3A5":{"desc":"L1P"},"3A8":{"t":"C150"},"3A9":{"t":"L8"},"3AA":{"t":"P28U"},"3AB":{"desc":"L1P"},"3AC":{"t":"T206"},"3AD":{"t":"PA23"},"3AE":{"t":"C172"},"3B1":{"desc":"L1P"},"3B2":{"t":"PA32"},"3B3":{"t":"C140"},"3B4":{"t":"P28A"},"3B6":{"t":"P28B"},"3B7":{"t":"P28A"},"3B8":{"t":"L8"},"3BB":{"t":"L8"},"3BD":{"t":"C150"},"3BF":{"t":"C150"},"3C1":{"t":"C150"},"3C2":{"desc":"L1P"},"3C3":{"t":"P28A"},"3C4":{"t":"BALL"},"3C5":{"desc":"H1P"},"3C6":{"t":"P28A"},"3C8":{"t":"P28A"},"3C9":{"t":"C182"},"3CA":{"t":"ERCO"},"3CD":{"t":"BE33"},"3CE":{"t":"P28A"},"3CF":{"t":"C140"},"3D0":{"t":"PA23"},"3D1":{"t":"BALL"},"3D2":{"t":"AA5"},"3D4":{"t":"P28A"},"3D5":{"desc":"L1P"},"3D6":{"t":"P28A"},"3D8":{"t":"TBM7"},"3DA":{"desc":"H4E"},"3DD":{"t":"FA24"},"3DF":{"t":"C172"},"3E1":{"t":"FA24"},"3E2":{"t":"C150"},"3E4":{"t":"C150"},"3E6":{"t":"P28B"},"3E8":{"t":"C180"},"3E9":{"t":"P28A"},"3EB":{"t":"C140"},"3EC":{"t":"C182"},"3EE":{"t":"BALL"},"3EF":{"t":"L8"},"3F0":{"t":"M20P"},"3F2":{"t":"C140"},"3F3":{"t":"ULAC"},"3F7":{"t":"P28R"},"3F8":{"t":"PA32"},"3F9":{"t":"C140"},"3FB":{"t":"PA44"},"3FC":{"t":"C177"},"3FD":{"desc":"L1P"},"3FF":{"t":"BALL"},"400":{"t":"PA34"},"402":{"t":"C182"},"405":{"t":"FA24"},"409":{"t":"PA18"},"40A":{"t":"BALL"},"40D":{"t":"CH7A"},"40E":{"t":"P28B"},"410":{"t":"P28U"},"412":{"desc":"L1P"},"413":{"t":"BE55"},"414":{"t":"P28A"},"415":{"t":"C140"},"416":{"t":"P32T"},"417":{"t":"BALL"},"41A":{"desc":"L1P"},"41B":{"t":"PA32"},"41C":{"t":"C140"},"41D":{"t":"PA34"},"41E":{"desc":"L1P"},"41F":{"t":"P28B"},"420":{"t":"BALL"},"422":{"t":"L8"},"423":{"t":"L8"},"424":{"t":"C150"},"425":{"t":"BALL"},"426":{"t":"C172"},"42C":{"t":"P28A"},"42D":{"t":"P28B"},"42E":{"t":"C180"},"42F":{"t":"P28A"},"431":{"t":"BALL"},"432":{"t":"T28"},"438":{"t":"C140"},"439":{"t":"BALL"},"43A":{"t":"P28T"},"43B":{"t":"T210"},"43D":{"t":"P28A"},"442":{"t":"C177"},"444":{"t":"C150"},"445":{"t":"P28A"},"44D":{"t":"C185"},"44F":{"t":"PA18"},"451":{"t":"C180"},"452":{"t":"C170"},"453":{"t":"C172"},"454":{"t":"C310"},"455":{"t":"C182"},"456":{"t":"ERCO"},"457":{"t":"C150"},"458":{"t":"L8"},"459":{"t":"BE36"},"45A":{"t":"J3"},"462":{"t":"C140"},"465":{"t":"T28"},"466":{"t":"P28A"},"467":{"t":"C150"},"46B":{"desc":"L1P"},"46D":{"t":"C150"},"46F":{"t":"C150"},"471":{"t":"C172"},"472":{"t":"P32T"},"473":{"t":"L8"},"474":{"desc":"L1P"},"477":{"t":"BALL"},"478":{"t":"C182"},"47B":{"t":"L8"},"47C":{"t":"C680"},"47D":{"t":"J3"},"483":{"t":"P28A"},"486":{"t":"M20P"},"48A":{"t":"C172"},"48D":{"t":"C150"},"48F":{"t":"C150"},"490":{"t":"C150"},"491":{"t":"L8"},"492":{"t":"C172"},"494":{"desc":"L1P"},"495":{"desc":"L1P"},"498":{"t":"C170"},"499":{"t":"C172"},"49C":{"t":"C82S"},"49D":{"desc":"H1T","t":"B47G"},"49F":{"t":"BE35"},"4A0":{"t":"M20P"},"4A1":{"t":"C120"},"4A2":{"t":"PA27"},"4A4":{"t":"T210"},"4A6":{"t":"PA32"},"4A7":{"desc":"H1P"},"4A8":{"t":"P28A"},"4AB":{"t":"P28B"},"4AD":{"t":"C150"},"4AE":{"t":"L8"},"4B4":{"t":"BE36"},"4B5":{"t":"L8"},"4B6":{"t":"BE33"},"4B7":{"t":"C560"},"4B8":{"t":"C172"},"4BB":{"t":"PA31"},"4BD":{"desc":"L1P"},"4BE":{"desc":"L1P"},"4C0":{"t":"P32R"},"4C1":{"desc":"L1P"},"4C2":{"t":"C188"},"4C3":{"t":"S22T"},"4C4":{"desc":"L1P","t":"TB0"},"4CA":{"t":"T28"},"4CC":{"desc":"L1P","t":"ULAC"},"4CD":{"t":"SR22"},"4D0":{"desc":"L1P"},"4D1":{"t":"C182"},"4D2":{"desc":"L1P"},"4D3":{"t":"M20P"},"4D4":{"t":"PA18"},"4D5":{"t":"BE35"},"4D7":{"t":"C210"},"4D8":{"desc":"G1P"},"4D9":{"desc":"L2T"},"4DB":{"t":"L8"},"4DD":{"t":"SR22"},"4DE":{"desc":"L1T"},"4E2":{"desc":"L1P"},"4E6":{"t":"CL60"},"4E9":{"t":"BCS3"},"4EA":{"t":"S108"},"4EB":{"t":"AEST"},"4EC":{"t":"FA50"},"4ED":{"t":"GLID"},"4EE":{"t":"SR22"},"4EF":{"t":"S22T"},"4F0":{"desc":"L1P"},"4F1":{"desc":"L1T"},"4F2":{"t":"BE58"},"4F5":{"t":"S22T"},"4F8":{"t":"GLID"},"4FA":{"desc":"A1P"},"4FB":{"t":"P32R"},"4FC":{"t":"FDCT"},"4FE":{"desc":"L1P"},"4FF":{"t":"GLID"},"500":{"t":"HDJT"},"503":{"desc":"L1P"},"505":{"t":"BE33"},"506":{"t":"BE36"},"508":{"t":"PC12"},"509":{"t":"PA24"},"50A":{"t":"GLF6"},"50C":{"desc":"A1P"},"50D":{"t":"P32T"},"50F":{"t":"C172"},"510":{"desc":"L1P"},"511":{"t":"BE36"},"51C":{"t":"GLID"},"51D":{"t":"GLF4"},"51F":{"t":"PA20"},"520":{"t":"SR22"},"522":{"t":"P28A"},"523":{"t":"S22T"},"527":{"desc":"H1P"},"528":{"t":"E50P"},"52A":{"t":"C172"},"531":{"t":"AA5"},"534":{"desc":"L1P"},"535":{"t":"C150"},"536":{"desc":"L1P","t":"ULAC"},"538":{"t":"M20P"},"540":{"t":"PA44"},"542":{"desc":"L2T"},"547":{"t":"B350"},"548":{"desc":"L1P"},"54E":{"t":"B350"},"551":{"t":"S22T"},"554":{"desc":"L1P"},"556":{"t":"P32R"},"558":{"t":"C68A"},"55A":{"desc":"L1P"},"55C":{"t":"B06"},"55F":{"t":"C82S"},"560":{"t":"S22T"},"563":{"t":"SR22"},"567":{"t":"FA20"},"569":{"desc":"L1P"},"56D":{"t":"UH1"},"56E":{"t":"R22"},"570":{"t":"FA7X"},"575":{"t":"M20P"},"577":{"desc":"L2P"},"580":{"desc":"L1P"},"581":{"t":"SR22"},"584":{"t":"P180"},"585":{"t":"C206"},"588":{"t":"GLID"},"58B":{"desc":"L1P"},"58F":{"t":"E75L"},"591":{"desc":"L2J"},"592":{"t":"T206"},"595":{"t":"HUSK"},"59C":{"t":"R22"},"5A3":{"t":"P28B"},"5A4":{"t":"C172"},"5A5":{"desc":"L1P"},"5A7":{"desc":"L1P"},"5AA":{"t":"GLID"},"5AB":{"t":"S22T"},"5AE":{"desc":"L1P"},"5B2":{"t":"GLID"},"5B3":{"t":"AS50"},"5B5":{"t":"C680"},"5B7":{"t":"SF50"},"5B9":{"desc":"L1P"},"5BA":{"desc":"L1P"},"5BE":{"desc":"L2T"},"5C3":{"t":"FDCT"},"5CB":{"desc":"L1P"},"5CD":{"t":"C310"},"5CF":{"t":"PC12"},"5D0":{"t":"C172"},"5D1":{"t":"C172"},"5D2":{"desc":"L1J"},"5D3":{"t":"RV6"},"5D4":{"t":"GLF4"},"5D6":{"t":"C182"},"5D7":{"t":"BE30"},"5D9":{"t":"EN28"},"5DB":{"t":"BE36"},"5DD":{"t":"AS50"},"5E0":{"desc":"L1P"},"5E4":{"t":"BE36"},"5E5":{"desc":"H4E"},"5E8":{"t":"P28A"},"5ED":{"t":"J3"},"5F1":{"t":"E75L"},"5F6":{"desc":"L2T"},"5F8":{"t":"A320"},"5FA":{"t":"PC12"},"5FB":{"t":"C172"},"5FD":{"desc":"L1P"},"5FE":{"t":"AS50"},"5FF":{"t":"H25B"},"600":{"t":"PC12"},"603":{"desc":"L1P","t":"ULAC"},"604":{"t":"S22T"},"605":{"t":"SR22"},"606":{"t":"AA5"},"608":{"t":"S22T"},"609":{"t":"BL8"},"60B":{"t":"PA46"},"60D":{"t":"SR20"},"60E":{"t":"CRJ2"},"60F":{"desc":"L1P"},"610":{"desc":"H4E"},"611":{"t":"BALL"},"615":{"desc":"L1P"},"625":{"desc":"H4E"},"627":{"t":"F2TH"},"62F":{"t":"CH7A"},"631":{"desc":"L1P"},"632":{"t":"PC12"},"633":{"desc":"H4E"},"635":{"t":"BE35"},"637":{"t":"R22"},"638":{"desc":"L1P"},"63A":{"desc":"L1P"},"63D":{"t":"SR22"},"641":{"desc":"L1P"},"643":{"desc":"L1P"},"648":{"t":"C25C"},"649":{"desc":"L1P"},"64A":{"t":"GLID"},"64B":{"desc":"L1P","t":"ULAC"},"64C":{"t":"P28R"},"64E":{"t":"S22T"},"64F":{"t":"RV12"},"653":{"desc":"L1P"},"654":{"t":"C172"},"656":{"desc":"L1P"},"659":{"desc":"L1P"},"65A":{"desc":"L1T","t":"PA46"},"65C":{"t":"CL30"},"661":{"t":"PA18"},"663":{"t":"PA46"},"664":{"desc":"L1P","t":"ULAC"},"667":{"t":"RV12"},"668":{"t":"H500"},"66A":{"t":"C172"},"66C":{"t":"BE35"},"66D":{"desc":"L1P"},"671":{"t":"SR20"},"672":{"desc":"L1P"},"673":{"t":"S22T"},"674":{"t":"P28A"},"676":{"t":"FA20"},"677":{"t":"SR22"},"678":{"t":"BALL"},"67A":{"t":"P208"},"67B":{"t":"B772"},"680":{"desc":"H8E"},"686":{"desc":"L1J"},"68B":{"t":"TWEN"},"693":{"t":"M20P"},"695":{"desc":"L1P"},"696":{"t":"S22T"},"69B":{"desc":"L1P"},"69C":{"desc":"A1P"},"6A1":{"t":"C56X"},"6A3":{"t":"BE33"},"6A5":{"t":"FDCT"},"6AC":{"desc":"H1P"},"6AD":{"t":"P28A"},"6AE":{"desc":"L1P"},"6B0":{"desc":"L1P"},"6B3":{"t":"P32R"},"6B7":{"desc":"H1P"},"6B8":{"t":"R22"},"6B9":{"t":"B737"},"6BA":{"desc":"H8E"},"6BC":{"t":"LJ45"},"6BD":{"t":"BE33"},"6BE":{"desc":"A1P","t":"ULAC"},"6C3":{"t":"HUSK"},"6C5":{"t":"M5"},"6C8":{"desc":"L1P"},"6CE":{"t":"CRJ2"},"6DB":{"t":"PC12"},"6DE":{"t":"AA1"},"6E2":{"t":"M20P"},"6E8":{"desc":"L1P"},"6F3":{"desc":"H8E"},"6F7":{"desc":"L1P"},"6FC":{"desc":"L2E"},"709":{"t":"R22"},"70D":{"desc":"H4E"},"70F":{"t":"C182"},"711":{"desc":"L1P"},"712":{"t":"L8"},"717":{"t":"BALL"},"719":{"t":"C150"},"71A":{"t":"RV12"},"71B":{"t":"BE24"},"71C":{"t":"J3"},"71F":{"t":"P32R"},"720":{"t":"T210"},"724":{"t":"BALL"},"725":{"t":"M20P"},"726":{"t":"P28A"},"727":{"t":"M20P"},"72A":{"t":"C172"},"72B":{"t":"C150"},"72C":{"t":"AR11"},"72E":{"t":"AR11"},"72F":{"t":"C150"},"731":{"t":"AR11"},"733":{"desc":"L1P"},"735":{"desc":"L1P"},"736":{"t":"P28A"},"737":{"t":"C170"},"738":{"t":"P28B"},"739":{"t":"C310"},"73A":{"t":"C182"},"73C":{"t":"P28B"},"73D":{"t":"L8"},"73E":{"t":"BE23"},"73F":{"t":"J3"},"740":{"t":"B47G"},"741":{"t":"BALL"},"742":{"t":"C421"},"746":{"t":"P32T"},"748":{"t":"M20P"},"74A":{"t":"C177"},"74B":{"t":"P28A"},"74C":{"t":"C150"},"750":{"desc":"L1P"},"751":{"t":"C150"},"752":{"t":"AR11"},"753":{"t":"P32T"},"757":{"t":"C310"},"759":{"t":"BALL"},"75A":{"t":"P28R"},"75B":{"t":"CH7A"},"75D":{"desc":"L1P"},"75E":{"t":"ERCO"},"760":{"t":"L8"},"761":{"t":"BE24"},"764":{"t":"PA23"},"766":{"t":"P28A"},"76A":{"t":"C140"},"76B":{"t":"C172"},"76D":{"t":"C177"},"76F":{"desc":"L1P"},"770":{"t":"T210"},"771":{"desc":"S1P","t":"AR11"},"772":{"t":"C150"},"776":{"t":"AR11"},"777":{"t":"C150"},"778":{"t":"C150"},"779":{"desc":"L1P"},"77A":{"t":"PA20"},"77C":{"t":"C180"},"77E":{"desc":"L1P"},"77F":{"t":"P28B"},"780":{"t":"C182"},"781":{"t":"ERCO"},"782":{"t":"C150"},"783":{"t":"L8"},"785":{"t":"P28B"},"786":{"t":"M20T"},"78C":{"desc":"L1P"},"78D":{"t":"C140"},"78E":{"t":"P28T"},"792":{"t":"C150"},"793":{"t":"C185"},"794":{"desc":"L1P"},"797":{"t":"C150"},"798":{"t":"P32T"},"799":{"t":"AR11"},"79A":{"t":"C150"},"79C":{"desc":"L1P"},"79D":{"t":"PA22"},"79E":{"t":"L8"},"79F":{"t":"C180"},"7A0":{"t":"P28B"},"7A2":{"t":"P32T"},"7A3":{"t":"C182"},"7A4":{"t":"ERCO"},"7A7":{"t":"C182"},"7A8":{"t":"P28A"},"7AA":{"t":"PA23"},"7AB":{"t":"C421"},"7B0":{"t":"P28U"},"7B1":{"desc":"L1P"},"7B2":{"t":"SR20"},"7B3":{"t":"C177"},"7B5":{"t":"T6"},"7B7":{"t":"C150"},"7B8":{"t":"C210"},"7BA":{"t":"C150"},"7BB":{"t":"C150"},"7BC":{"t":"C150"},"7C0":{"desc":"S1P","t":"PA22"},"7C2":{"t":"S22T"},"7C3":{"t":"T28"},"7C4":{"t":"CH7A"},"7C8":{"t":"C150"},"7C9":{"t":"L8"},"7CA":{"t":"BE23"},"7CB":{"t":"J3"},"7CC":{"t":"C140"},"7CD":{"t":"PA23"},"7CE":{"t":"P28T"},"7D0":{"t":"BALL"},"7D1":{"t":"C185"},"7D6":{"t":"M20P"},"7D7":{"t":"P28A"},"7D8":{"t":"C150"},"7DB":{"t":"C150"},"7DC":{"t":"YK52"},"7DD":{"t":"C150"},"7DF":{"t":"C150"},"7E0":{"t":"C150"},"7E1":{"t":"C150"},"7E3":{"t":"PA22"},"7E4":{"t":"L8"},"7E5":{"t":"C180"},"7E7":{"t":"CH7A"},"7E8":{"t":"C206"},"7EC":{"t":"R22"},"7EF":{"t":"C140"},"7F1":{"t":"P28U"},"7F5":{"t":"C206"},"7F6":{"t":"C140"},"7F8":{"t":"C337"},"7F9":{"t":"PA44"},"7FB":{"t":"C150"},"7FC":{"t":"CJ6"},"7FD":{"t":"C150"},"7FF":{"t":"AR11"},"801":{"t":"M20P"},"804":{"t":"AR11"},"808":{"t":"C182"},"809":{"t":"PA44"},"80A":{"t":"P32T"},"80D":{"t":"ERCO"},"80F":{"t":"P28A"},"810":{"t":"C182"},"815":{"t":"T210"},"817":{"t":"C185"},"819":{"desc":"G1P"},"81C":{"t":"BE35"},"81D":{"t":"BALL"},"81E":{"t":"C150"},"81F":{"t":"AR11"},"820":{"t":"C150"},"821":{"t":"AR11"},"823":{"t":"P28A"},"826":{"t":"C150"},"82B":{"t":"C180"},"82F":{"desc":"L1P"},"832":{"desc":"L1P"},"833":{"t":"BE19"},"834":{"t":"M20P"},"838":{"t":"T210"},"839":{"t":"PA32"},"83B":{"t":"PA34"},"83E":{"t":"P28A"},"840":{"t":"P28T"},"842":{"t":"AR11"},"843":{"t":"SF50"},"844":{"t":"C150"},"845":{"t":"M20P"},"847":{"t":"C150"},"84D":{"t":"L8"},"84E":{"t":"C180"},"84F":{"t":"C170"},"850":{"t":"C172"},"854":{"t":"C150"},"855":{"desc":"L1P"},"856":{"t":"BE23"},"857":{"t":"BE36"},"858":{"t":"C140"},"85D":{"t":"C185"},"85F":{"t":"C140"},"862":{"t":"P28A"},"863":{"t":"P28T"},"864":{"t":"C150"},"865":{"t":"C150"},"866":{"t":"C150"},"867":{"t":"P28A"},"868":{"t":"C150"},"86A":{"t":"C150"},"86B":{"t":"C150"},"86D":{"t":"P28A"},"86E":{"desc":"L1P"},"86F":{"desc":"A2P"},"871":{"t":"BE55"},"872":{"t":"BE36"},"873":{"t":"DA40"},"876":{"t":"BE9T"},"878":{"t":"B47G"},"879":{"t":"C180"},"87A":{"t":"S22T"},"87D":{"desc":"L1P"},"880":{"t":"BE55"},"881":{"t":"C210"},"883":{"t":"PA34"},"884":{"t":"C310"},"885":{"t":"C414"},"886":{"t":"AEST"},"887":{"desc":"L1P"},"889":{"t":"S22T"},"88A":{"t":"BE23"},"88B":{"desc":"L1P"},"88D":{"t":"EA50"},"88F":{"t":"SR22"},"890":{"t":"M20P"},"891":{"t":"C414"},"892":{"t":"C172"},"89A":{"t":"SR22"},"89C":{"t":"C172"},"89D":{"desc":"L1P"},"89F":{"desc":"L1P"},"8A0":{"desc":"L1P"},"8A2":{"t":"BL8"},"8A3":{"t":"BE35"},"8A5":{"desc":"L1P"},"8A7":{"t":"S22T"},"8A9":{"desc":"L1P","t":"ULAC"},"8AD":{"t":"PC12"},"8B1":{"t":"BE36"},"8B2":{"t":"TBM7"},"8B3":{"t":"C182"},"8B7":{"t":"GLID"},"8B8":{"t":"BE20"},"8BA":{"desc":"A1P"},"8BB":{"t":"C560"},"8BC":{"t":"P32R"},"8BE":{"t":"S22T"},"8BF":{"t":"PC12"},"8C1":{"desc":"H1T"},"8C2":{"desc":"L1P"},"8C3":{"t":"C310"},"8C4":{"t":"M20T"},"8C5":{"t":"P28A"},"8C6":{"desc":"G1P"},"8C7":{"desc":"L1P"},"8C9":{"t":"S22T"},"8CA":{"t":"BE35"},"8CB":{"desc":"L1P"},"8CC":{"t":"BE35"},"8CE":{"t":"S22T"},"8CF":{"t":"GLID"},"8D1":{"desc":"L1P"},"8D6":{"desc":"L1P"},"8D7":{"t":"SR22"},"8D9":{"t":"BE33"},"8DB":{"desc":"L1P"},"8DC":{"desc":"L1P"},"8DD":{"t":"GLID"},"8E3":{"t":"C182"},"8E4":{"desc":"L1P"},"8E8":{"t":"PA23"},"8E9":{"t":"B222"},"8EC":{"t":"T206"},"8ED":{"desc":"L2T"},"8EF":{"t":"SF50"},"8F0":{"t":"C150"},"8F2":{"t":"C182"},"8F3":{"t":"C414"},"8F6":{"t":"ST75"},"8F7":{"t":"P28A"},"8F8":{"desc":"L1P"},"8F9":{"t":"BE33"},"8FA":{"t":"ULAC"},"8FC":{"t":"AA1"},"8FD":{"desc":"L1T","t":"PA46"},"8FE":{"desc":"A2P"},"901":{"t":"C310"},"903":{"t":"C750"},"906":{"t":"P28U"},"907":{"t":"AEST"},"908":{"desc":"L1P"},"909":{"t":"M20P"},"90A":{"t":"PA32"},"90B":{"t":"DA40"},"90C":{"desc":"L1P"},"90D":{"t":"R22"},"90F":{"desc":"L1P"},"910":{"t":"BE36"},"911":{"t":"BE60"},"912":{"desc":"A1P"},"913":{"t":"E50P"},"916":{"t":"B58T"},"917":{"desc":"L1P"},"919":{"t":"GLF5"},"91A":{"t":"PAY1"},"91B":{"t":"M20P"},"91C":{"t":"GLF4"},"91E":{"desc":"L1P"},"91F":{"t":"B06"},"920":{"t":"P28T"},"921":{"t":"BT36"},"923":{"t":"C172"},"924":{"desc":"L1P"},"926":{"desc":"L1T"},"928":{"desc":"L2J"},"929":{"t":"PA24"},"92A":{"t":"M20T"},"92C":{"t":"C82R"},"92F":{"t":"S22T"},"931":{"t":"HUSK"},"933":{"t":"SR20"},"935":{"t":"HUSK"},"938":{"t":"R22"},"939":{"t":"BE36"},"93B":{"desc":"L1P"},"93C":{"t":"F2TH"},"93D":{"t":"M20P"},"93E":{"t":"BE95"},"93F":{"t":"C182"},"942":{"t":"PA32"},"943":{"t":"C525"},"945":{"t":"BE33"},"946":{"t":"E75L"},"949":{"t":"EC20"},"94C":{"t":"BE33"},"94E":{"t":"BE40"},"952":{"t":"E55P"},"953":{"desc":"L2T"},"954":{"t":"AEST"},"955":{"desc":"L1P"},"957":{"desc":"L1P"},"958":{"t":"PA27"},"959":{"desc":"L1J"},"95A":{"desc":"L1P"},"95B":{"desc":"L1P"},"95C":{"desc":"L1P"},"95E":{"t":"C82T"},"960":{"t":"M20P"},"961":{"t":"P28A"},"962":{"t":"P28A"},"963":{"t":"H25B"},"965":{"t":"C82S"},"969":{"t":"C320"},"96A":{"t":"BE20"},"96D":{"t":"SR22"},"96E":{"desc":"L2P"},"971":{"desc":"H4E"},"972":{"t":"C337"},"973":{"desc":"L1P"},"974":{"t":"B222"},"977":{"t":"BE10"},"97A":{"t":"T206"},"97B":{"t":"M20T"},"97D":{"desc":"L1P"},"97E":{"t":"NAVI"},"97F":{"t":"GLF5"},"980":{"desc":"L1P"},"983":{"desc":"L1P"},"984":{"t":"BE55"},"985":{"t":"CL60"},"986":{"t":"C310"},"987":{"t":"AC90"},"98A":{"t":"C206"},"98B":{"t":"PA12"},"98C":{"t":"BE33"},"98E":{"t":"M20T"},"98F":{"t":"P28A"},"993":{"t":"F2TH"},"994":{"t":"C182"},"995":{"t":"FA10"},"99B":{"t":"J3"},"99C":{"t":"P28A"},"99D":{"t":"GLF4"},"99F":{"t":"P28A"},"9A0":{"t":"LJ45"},"9A1":{"t":"C25A"},"9A3":{"t":"DV20"},"9A6":{"desc":"L1P"},"9A7":{"t":"BE60"},"9AB":{"desc":"L1P"},"9AC":{"t":"E75L"},"9AD":{"desc":"L2T"},"9AF":{"t":"A320"},"9B0":{"t":"BE33"},"9B1":{"desc":"L1P"},"9B2":{"t":"C172"},"9B4":{"t":"ERCO"},"9B5":{"t":"C150"},"9B6":{"t":"H25B"},"9B7":{"desc":"L1P"},"9B9":{"t":"C310"},"9BA":{"t":"C82T"},"9BB":{"t":"BE55"},"9BD":{"t":"P28A"},"9BE":{"t":"GLID"},"9C1":{"desc":"L1P"},"9C2":{"t":"P32T"},"9C4":{"t":"C414"},"9C6":{"t":"P28S"},"9C8":{"t":"B350"},"9C9":{"desc":"L1P"},"9CA":{"t":"C182"},"9CD":{"t":"C182"},"9CE":{"t":"C150"},"9E6":{"t":"BE58"},"9E7":{"t":"P28R"},"9E8":{"t":"BE58"},"9EA":{"t":"C340"},"9EB":{"t":"BE36"},"9ED":{"t":"BE58"},"9EF":{"t":"M20P"},"9F0":{"t":"CH7B"},"9F1":{"desc":"L1T"},"9F2":{"t":"C414"},"9F3":{"desc":"H1P"},"9F5":{"t":"S22T"},"9F6":{"t":"UH1"},"9F7":{"t":"P28S"},"9F8":{"t":"S22T"},"9FA":{"desc":"L1P"},"9FB":{"desc":"L1P"},"9FE":{"t":"BE58"},"9FF":{"t":"BE35"},"A00":{"t":"C150"},"A01":{"t":"C180"},"A02":{"desc":"L1P","t":"ULAC"},"A03":{"t":"BE36"},"A07":{"t":"EC30"},"A08":{"t":"C210"},"A09":{"t":"PA17"},"A0A":{"t":"PAY1"},"A0B":{"t":"BE35"},"A0C":{"t":"BL17"},"A0D":{"t":"M20P"},"A0F":{"t":"SR22"},"A10":{"t":"P32R"},"A11":{"t":"C310"},"A14":{"t":"SR22"},"A15":{"desc":"L1P"},"A18":{"desc":"A1P"},"A19":{"t":"C150"},"A1A":{"t":"RV12"},"A1C":{"t":"BE36"},"A1D":{"t":"UH12"},"A1E":{"t":"M7"},"A1F":{"desc":"A1P"},"A21":{"t":"P28B"},"A22":{"t":"C182"},"A24":{"t":"PA18"},"A25":{"t":"S22T"},"A28":{"t":"S108"},"A29":{"t":"S76"},"A2A":{"t":"BE35"},"A2E":{"t":"C172"},"A31":{"t":"PA23"},"A32":{"t":"B772"},"A39":{"t":"R44"},"A3B":{"t":"TF22"},"A42":{"t":"C172"},"A45":{"desc":"H8E"},"A4C":{"t":"R44"},"A4D":{"t":"BE33"},"A52":{"t":"S22T"},"A56":{"t":"T210"},"A58":{"desc":"L1P"},"A5A":{"t":"C25B"},"A5B":{"t":"M20P"},"A5E":{"t":"C25B"},"A5F":{"t":"C182"},"A65":{"t":"PA27"},"A66":{"t":"AA5"},"A69":{"t":"C205"},"A6A":{"t":"BE23"},"A6D":{"t":"C337"},"A6E":{"desc":"L2P"},"A6F":{"t":"S22T"},"A70":{"t":"B737"},"A71":{"t":"BE36"},"A74":{"t":"BE55"},"A75":{"t":"C170"},"A7A":{"t":"CH7B"},"A85":{"t":"SR22"},"A87":{"t":"C185"},"A88":{"t":"C182"},"A8A":{"desc":"L1P"},"A8D":{"desc":"L1P"},"A8E":{"t":"SF50"},"A91":{"t":"C208"},"A97":{"desc":"A1P"},"AA3":{"desc":"A1P","t":"ULAC"},"AAB":{"desc":"L1P"},"AAC":{"t":"SR22"},"AAD":{"t":"SR20"},"AAE":{"t":"BE35"},"AAF":{"desc":"L1P"},"ABA":{"t":"PA46"},"ABB":{"desc":"H4E"},"AC0":{"desc":"L1P"},"AC6":{"t":"GLF4"},"AC8":{"t":"PA22"},"AC9":{"t":"L8"},"ACC":{"t":"P32T"},"ACD":{"t":"UH1"},"AD0":{"t":"PA32"},"AD1":{"t":"PA22"},"AD2":{"t":"BE24"},"AD4":{"t":"M20P"},"AD5":{"t":"PA22"},"AD8":{"t":"C210"},"ADB":{"t":"C140"},"ADD":{"t":"PA22"},"ADE":{"t":"C182"},"ADF":{"t":"P28U"},"AE2":{"t":"C210"},"AE3":{"t":"C150"},"AE4":{"t":"P28A"},"AE5":{"t":"C172"},"AE6":{"t":"T206"},"AE7":{"t":"TAYB"},"AE8":{"t":"C150"},"AEA":{"t":"C182"},"AED":{"t":"C180"},"AF1":{"t":"M20T"},"AF4":{"t":"P28A"},"AF8":{"t":"PA23"},"AF9":{"t":"C421"},"AFA":{"t":"C172"},"AFC":{"t":"P28A"},"AFE":{"t":"C140"},"B00":{"t":"C82S"},"B01":{"t":"C177"},"B02":{"t":"C185"},"B03":{"t":"C150"},"B04":{"t":"TAYB"},"B06":{"t":"P32T"},"B09":{"t":"TAYB"},"B0E":{"t":"PA20"},"B0F":{"t":"P28A"},"B10":{"t":"PC12"},"B11":{"t":"C170"},"B12":{"t":"CH7A"},"B14":{"t":"C182"},"B15":{"t":"ERCO"},"B18":{"t":"B407"},"B1B":{"t":"PA23"},"B1E":{"t":"S22T"},"B1F":{"t":"P28A"},"B21":{"t":"RV12"},"B22":{"t":"C170"},"B23":{"t":"C337"},"B25":{"t":"PA24"},"B26":{"t":"TAYB"},"B28":{"desc":"L1P"},"B2C":{"desc":"L1P"},"B2D":{"t":"TAYB"},"B2E":{"t":"TAYB"},"B31":{"desc":"H1P"},"B32":{"t":"P28A"},"B33":{"t":"C180"},"B36":{"t":"P28A"},"B37":{"t":"C182"},"B38":{"t":"BALL"},"B3A":{"t":"L8"},"B3C":{"t":"J3"},"B3D":{"t":"P28A"},"B3E":{"t":"R22"},"B3F":{"t":"P28A"},"B40":{"t":"P28A"},"B41":{"t":"T210"},"B42":{"t":"C185"},"B43":{"t":"C182"},"B44":{"t":"P28B"},"B47":{"t":"C177"},"B48":{"t":"P28U"},"B49":{"t":"C172"},"B4B":{"t":"T210"},"B4C":{"t":"TAYB"},"B4E":{"t":"TAYB"},"B50":{"t":"C172"},"B53":{"t":"PA18"},"B55":{"t":"P28B"},"B57":{"t":"BE58"},"B58":{"t":"C170"},"B59":{"t":"M20P"},"B5B":{"t":"BALL"},"B5C":{"t":"C150"},"B5D":{"t":"P28A"},"B5E":{"t":"BE23"},"B5F":{"t":"J3"},"B65":{"desc":"L1P"},"B67":{"t":"C140"},"B68":{"t":"P28B"},"B69":{"t":"C337"},"B6B":{"t":"P28U"},"B6E":{"t":"TAYB"},"B6F":{"t":"C150"},"B71":{"t":"C150"},"B72":{"t":"TAYB"},"B74":{"t":"C150"},"B75":{"t":"TAYB"},"B76":{"t":"SR22"},"B77":{"t":"C172"},"B78":{"t":"L8"},"B7A":{"t":"P28A"},"B7B":{"t":"C182"},"B7C":{"t":"C172"},"B80":{"t":"L8"},"B81":{"t":"BE24"},"B82":{"t":"J3"},"B83":{"t":"P28A"},"B87":{"t":"PA32"},"B88":{"t":"C82T"},"B8A":{"t":"C140"},"B8B":{"t":"ULAC"},"B8E":{"t":"P28B"},"B8F":{"t":"C150"},"B90":{"t":"C150"},"B91":{"t":"C150"},"B92":{"t":"C150"},"B94":{"t":"C150"},"B95":{"t":"TAYB"},"B96":{"t":"TAYB"},"B97":{"t":"TAYB"},"B9A":{"t":"PA22"},"B9D":{"t":"P28A"},"B9E":{"t":"CH7A"},"BA2":{"desc":"L1P"},"BA3":{"desc":"H1P"},"BA4":{"t":"BT36"},"BA5":{"t":"J3"},"BA6":{"t":"P28A"},"BA9":{"t":"T210"},"BAA":{"t":"C210"},"BAB":{"t":"P28R"},"BAD":{"t":"C140"},"BAF":{"t":"P28A"},"BB0":{"t":"C177"},"BB1":{"t":"P28A"},"BB2":{"t":"C150"},"BB4":{"t":"PA32"},"BB7":{"t":"C172"},"BB8":{"t":"P28A"},"BBD":{"desc":"L1P"},"BBF":{"t":"PA18"},"BC1":{"t":"CH7A"},"BC2":{"t":"C182"},"BC4":{"t":"PA44"},"BC5":{"t":"PA32"},"BC6":{"t":"L8"},"BC9":{"t":"C140"},"BCC":{"t":"P28A"},"BCE":{"desc":"L1P"},"BD0":{"t":"C140"},"BD1":{"t":"PA34"},"BD2":{"t":"P28A"},"BD3":{"t":"C177"},"BD4":{"t":"P28A"},"BD6":{"t":"C172"},"BD8":{"desc":"L1P"},"BDB":{"t":"C150"},"BDC":{"t":"C150"},"BDF":{"desc":"A1P"},"BE3":{"t":"M20P"},"BE5":{"t":"C310"},"BE6":{"t":"C182"},"BE9":{"t":"M20P"},"BEB":{"t":"J3"},"BF0":{"t":"C210"},"BF1":{"t":"C82S"},"BF2":{"t":"PA34"},"BF3":{"t":"C140"},"BF7":{"t":"P28A"},"BF9":{"desc":"L1P"},"BFC":{"t":"C150"},"BFD":{"t":"C150"},"BFF":{"t":"TAYB"},"C04":{"t":"L8"},"C05":{"t":"C180"},"C06":{"t":"C170"},"C07":{"t":"C172"},"C08":{"t":"M20P"},"C0B":{"t":"PA32"},"C0C":{"t":"L8"},"C0E":{"t":"J3"},"C11":{"t":"P28A"},"C13":{"t":"C210"},"C15":{"t":"PA44"},"C17":{"t":"P28B"},"C18":{"t":"C185"},"C19":{"t":"P28A"},"C1A":{"t":"P28A"},"C1C":{"t":"TAYB"},"C1E":{"t":"P32T"},"C20":{"t":"P32T"},"C21":{"t":"TAYB"},"C22":{"t":"C150"},"C26":{"t":"GLF5"},"C29":{"desc":"L1P"},"C2C":{"t":"HA4T"},"C2D":{"t":"CRJ7"},"C2E":{"desc":"H1T"},"C2F":{"t":"CH7A"},"C31":{"desc":"L2T"},"C32":{"t":"B407"},"C36":{"desc":"A1P"},"C37":{"desc":"H4E"},"C38":{"t":"SF50"},"C3E":{"desc":"L1P"},"C41":{"t":"BE36"},"C42":{"desc":"H1P"},"C43":{"t":"C82T"},"C44":{"t":"C172"},"C47":{"desc":"L2T"},"C4A":{"t":"C414"},"C4B":{"t":"SR22"},"C51":{"t":"C82R"},"C54":{"t":"C172"},"C57":{"t":"BCS3"},"C58":{"desc":"L1P"},"C59":{"desc":"L2T"},"C5A":{"t":"BALL"},"C5B":{"desc":"L1P","t":"ULAC"},"C5C":{"desc":"L1P"},"C5E":{"t":"C525"},"C5F":{"t":"PA12"},"C62":{"t":"C172"},"C64":{"t":"BE18"},"C66":{"t":"SR20"},"C69":{"t":"C240"},"C6A":{"t":"FDCT"},"C6D":{"t":"S22T"},"C71":{"t":"BE33"},"C72":{"t":"PA27"},"C73":{"desc":"L1P"},"C74":{"t":"DV20"},"C76":{"t":"EC30"},"C77":{"t":"S22T"},"C79":{"desc":"A1P"},"C7C":{"desc":"L1P"},"C81":{"desc":"H1P"},"C82":{"t":"DA40"},"C86":{"t":"BE35"},"C8A":{"t":"T28"},"C8B":{"t":"TBM7"},"C8D":{"desc":"L1P"},"C8F":{"desc":"L1P","t":"ULAC"},"C96":{"t":"C182"},"C9A":{"t":"SR22"},"CA3":{"t":"FA50"},"CA4":{"t":"H25B"},"CA6":{"t":"M20P"},"CA7":{"t":"SR22"},"CAC":{"t":"F2TH"},"CB1":{"t":"C208"},"CBC":{"desc":"H1P"},"CBD":{"t":"GLF5"},"CBE":{"t":"SR22"},"CBF":{"t":"GLID"},"CC4":{"t":"P28A"},"CC6":{"t":"SR22"},"CC7":{"t":"CH7B"},"CCD":{"t":"COL3"},"CCE":{"desc":"L1P"},"CD2":{"desc":"L1P"},"CD5":{"t":"C310"},"CD6":{"desc":"L2J","t":"A21N"},"CD8":{"t":"C206"},"CD9":{"t":"RV12"},"CDC":{"t":"R22"},"CDD":{"t":"SR22"},"CE7":{"t":"UH1"},"CEA":{"t":"CH7B"},"CEB":{"t":"B222"},"CEE":{"desc":"L1P"},"CEF":{"desc":"L1P"},"CF2":{"t":"P28S"},"CF4":{"t":"C525"},"CF5":{"t":"TBM8"},"CF6":{"desc":"L1P"},"CF7":{"t":"SR22"},"CF8":{"desc":"L1P"},"CFA":{"t":"C82S"},"CFC":{"desc":"L1P"},"CFD":{"t":"E75L"},"CFE":{"t":"BE30"},"CFF":{"t":"CRJ2"},"D00":{"t":"E55P"},"D02":{"t":"C560"},"D07":{"desc":"L1P"},"D0A":{"t":"R22"},"D0F":{"t":"C208"},"D13":{"t":"BE58"},"D17":{"t":"A139"},"D20":{"t":"COL4"},"D21":{"t":"AS50"},"D24":{"t":"C206"},"D25":{"t":"SR22"},"D27":{"t":"BE20"},"D28":{"t":"BE10"},"D2C":{"t":"PC12"},"D2E":{"t":"C172"},"D39":{"t":"BE35"},"D3A":{"desc":"L1T","t":"M600"},"D3D":{"t":"PA32"},"D3E":{"t":"C182"},"D3F":{"t":"B06"},"D40":{"t":"R22"},"D42":{"desc":"L1P"},"D43":{"t":"SR22"},"D45":{"desc":"L1P"},"D47":{"t":"GLID"},"D49":{"t":"SR22"},"D4A":{"t":"M20T"},"D4B":{"t":"AS50"},"D4E":{"t":"BE20"},"D5A":{"t":"DV20"},"D5F":{"t":"E75L"},"D66":{"t":"A320"},"D6B":{"desc":"L1T","t":"M600"},"D6C":{"desc":"H6E"},"D6D":{"t":"C402"},"D70":{"t":"C140"},"D71":{"desc":"L1P","t":"ULAC"},"D72":{"t":"L39"},"D73":{"desc":"L1P","t":"ULAC"},"D75":{"t":"R44"},"D79":{"t":"BALL"},"D7C":{"desc":"L1P"},"D7D":{"desc":"L1P"},"D80":{"t":"C510"},"D8E":{"desc":"A1T","t":"KODI"},"D95":{"t":"F2TH"},"DA0":{"t":"BE30"},"DA2":{"desc":"L1P","t":"ULAC"},"DA3":{"desc":"L1P"},"DA4":{"t":"CH7A"},"DA5":{"desc":"L1P"},"DA6":{"t":"C182"},"DA7":{"desc":"L1P"},"DA8":{"desc":"L1P"},"DAB":{"desc":"A1P"},"DAE":{"desc":"H1P"},"DB2":{"t":"SR22"},"DB6":{"desc":"L1P","t":"ULAC"},"DB8":{"t":"B58T"},"DB9":{"t":"T206"},"DBB":{"desc":"L1P"},"DBE":{"t":"EC30"},"DC0":{"desc":"L1P"},"DC2":{"t":"COL4"},"DC6":{"t":"ULAC"},"DC8":{"desc":"L1P"},"DCC":{"desc":"L1P"},"DCF":{"t":"PA18"},"DD0":{"t":"H269"},"DD2":{"t":"C206"},"DD3":{"desc":"L1P"},"DD5":{"t":"SR22"},"DD6":{"t":"SR20"},"DD9":{"desc":"L1P"},"DDA":{"t":"C182"},"DDB":{"desc":"A1P"},"DDC":{"t":"SR22"},"DDD":{"t":"BE20"},"DDF":{"t":"C172"},"DE0":{"t":"SR22"},"DE1":{"desc":"L2T"},"DE2":{"t":"P06T"},"DE3":{"t":"CL30"},"DE5":{"t":"SR22"},"DE9":{"t":"B772"},"DF2":{"t":"TF22"},"E01":{"t":"MITE"},"E03":{"t":"S22T"},"E11":{"t":"R44"},"E1C":{"desc":"L1P"},"E1E":{"t":"P28A"},"E20":{"desc":"L1P","t":"ULAC"},"E22":{"t":"C180"},"E26":{"desc":"L1P"},"E27":{"t":"B737"},"E28":{"t":"GLID"},"E2C":{"t":"S22T"},"E2F":{"t":"P28R"},"E31":{"t":"SF50"},"E33":{"t":"PA34"},"E41":{"desc":"L1P"},"E45":{"desc":"H12E"},"E4C":{"t":"AA1"},"E64":{"t":"P28A"},"E65":{"t":"P28A"},"E81":{"t":"C180"},"E82":{"t":"C185"},"E87":{"t":"C150"},"E8A":{"t":"J3"},"E8B":{"t":"C140"},"E8D":{"t":"P28U"},"E90":{"t":"P28A"},"E92":{"t":"C140"},"E93":{"t":"C172"},"E94":{"t":"P28A"},"E95":{"t":"PA18"},"E9B":{"t":"C150"},"E9C":{"t":"C150"},"E9E":{"t":"C150"},"E9F":{"t":"C150"},"EA1":{"desc":"L1P"},"EA5":{"t":"C170"},"EA6":{"t":"C182"},"EA7":{"t":"C182"},"EA9":{"t":"ERCO"},"EAA":{"t":"P32T"},"EAB":{"t":"L8"},"EAE":{"t":"C140"},"EB3":{"t":"C185"},"EB7":{"t":"M20T"},"EB8":{"t":"P28A"},"EBA":{"t":"C150"},"EC0":{"t":"M20T"},"EC1":{"t":"AR11"},"EC2":{"t":"C150"},"EC3":{"t":"AR11"},"EC4":{"desc":"L1P"},"EC5":{"t":"P28A"},"EC6":{"desc":"L1P"},"EC9":{"t":"C172"},"ECA":{"t":"C310"},"ECB":{"t":"C182"},"ECF":{"t":"BE19"},"ED1":{"t":"P28A"},"ED3":{"t":"P28B"},"ED9":{"t":"P28A"},"EDC":{"t":"BL17"},"EDD":{"t":"M20T"},"EDE":{"t":"AR11"},"EE2":{"t":"C150"},"EE5":{"desc":"L1P"},"EE6":{"t":"C150"},"EE7":{"desc":"L1P"},"EE9":{"t":"P28A"},"EEA":{"t":"P28A"},"EEB":{"t":"C170"},"EEE":{"t":"C182"},"EF0":{"t":"C150"},"EF1":{"t":"L8"},"EF2":{"t":"PA32"},"EF5":{"t":"PA23"},"EF7":{"t":"C185"},"EF8":{"t":"C210"},"EF9":{"t":"C185"},"EFC":{"t":"P28A"},"EFD":{"t":"P28A"},"F00":{"desc":"S1P","t":"AR11"},"F04":{"t":"BE55"},"F05":{"t":"C150"},"F06":{"t":"P28B"},"F0A":{"desc":"L1P"},"F0C":{"t":"PA44"},"F10":{"t":"P28A"},"F11":{"t":"C182"},"F14":{"t":"L8"},"F16":{"t":"J3"},"F18":{"t":"CH7B"},"F19":{"t":"M20P"},"F1A":{"t":"T210"},"F1D":{"t":"C82S"},"F1E":{"t":"C140"},"F1F":{"t":"BALL"},"F2F":{"t":"P28A"},"F30":{"t":"P28B"},"F31":{"t":"C170"},"F32":{"t":"C172"},"F36":{"t":"C150"},"F37":{"t":"L8"},"F38":{"t":"BE23"},"F39":{"t":"J3"},"F3C":{"t":"C421"},"F3D":{"desc":"L1P"},"F3E":{"t":"T210"},"F41":{"t":"C172"},"F42":{"t":"PA30"},"F45":{"t":"P28B"},"F47":{"t":"C150"},"F49":{"desc":"H1T","t":"B47G"},"F4A":{"t":"C150"},"F4B":{"t":"C150"},"F4C":{"desc":"L1P"},"F4D":{"t":"DC3"},"F4F":{"t":"AR11"},"F50":{"desc":"H1P"},"F53":{"t":"P28B"},"F54":{"t":"PA44"},"F55":{"t":"CH7A"},"F56":{"desc":"L1T","t":"G164"},"F57":{"t":"P28A"},"F5C":{"t":"P32R"},"F5D":{"t":"J3"},"F5E":{"t":"PA23"},"F5F":{"t":"C421"},"F60":{"t":"T210"},"F62":{"t":"C185"},"F63":{"desc":"H1P"},"F64":{"t":"C140"},"F65":{"t":"P28A"},"F67":{"t":"YK52"},"F68":{"t":"P28B"},"F69":{"t":"C150"},"F6A":{"t":"C150"},"F6B":{"desc":"L1P"},"F6C":{"t":"P32T"},"F6D":{"desc":"L1P"},"F6F":{"t":"AR11"},"F74":{"t":"P32T"},"F75":{"t":"L8"},"F77":{"desc":"L1P"},"F78":{"t":"CH7A"},"F7A":{"t":"C182"},"F7B":{"t":"ERCO"},"F7C":{"t":"C150"},"F7D":{"t":"P28A"},"F7E":{"t":"BE23"},"F80":{"t":"C140"},"F82":{"t":"P28B"},"F84":{"t":"C82S"},"F85":{"t":"P28A"},"F87":{"t":"C140"},"F88":{"t":"GLID"},"F8B":{"desc":"L1P"},"F8C":{"t":"P32T"},"F8F":{"t":"C182"},"F94":{"t":"AR11"},"F99":{"t":"C180"},"F9A":{"t":"C170"},"F9B":{"t":"C172"},"F9D":{"t":"P28A"},"F9E":{"t":"C170"},"F9F":{"t":"C150"},"FA1":{"t":"BE24"},"FA2":{"t":"J3"},"FA9":{"desc":"H1P"},"FAA":{"t":"C140"},"FAB":{"t":"GLID"},"FAC":{"t":"C337"},"FAD":{"t":"C177"},"FAE":{"t":"P28B"},"FAF":{"t":"AR11"},"FB2":{"t":"AR11"},"FB3":{"t":"AR11"},"FB4":{"t":"C150"},"FB5":{"t":"AR11"},"FB7":{"t":"AR11"},"FB8":{"t":"AR11"},"FBA":{"t":"PA22"},"FBC":{"desc":"L1T"},"FBD":{"t":"PA34"},"FC0":{"t":"C182"},"FC1":{"t":"ERCO"},"FC3":{"t":"L8"},"FC4":{"t":"BE19"},"FC7":{"t":"PA23"},"FCB":{"t":"P28A"},"FCD":{"desc":"L1T"},"FCE":{"t":"B06"},"FCF":{"t":"FA7X"},"FD0":{"t":"J3"},"FD1":{"t":"P28B"},"FD5":{"t":"C150"},"FD6":{"t":"J3"},"FD7":{"t":"C172"},"FD8":{"t":"C210"},"FDD":{"t":"S22T"},"FDE":{"desc":"A1P"},"FDF":{"t":"BE33"},"FE0":{"t":"C82R"},"FE1":{"desc":"L1P"},"FE4":{"t":"CRJ7"},"FE7":{"t":"B739"},"FE8":{"t":"C205"},"FE9":{"t":"B407"},"FEB":{"desc":"L1P"},"FED":{"t":"SR22"},"FF2":{"desc":"L1P"},"FF5":{"desc":"L1P"},"FF6":{"t":"GLID"},"FF9":{"desc":"L1P","t":"ULAC"},"FFD":{"t":"SR22"},"FFE":{"t":"GLF4"}}