{"001":{"desc":"A1P"},"007":{"t":"DA40"},"008":{"t":"SR22"},"00B":{"desc":"L1P"},"00E":{"t":"BCS3"},"00F":{"t":"S108"},"010":{"t":"BE58"},"011":{"desc":"L1P"},"013":{"t":"SR20"},"014":{"t":"SR22"},"015":{"t":"SR22"},"016":{"t":"GLID"},"017":{"t":"C185"},"018":{"t":"C525"},"019":{"t":"S22T"},"01B":{"t":"M20P"},"01C":{"t":"AT8T"},"01D":{"t":"C421"},"01F":{"t":"PC24"},"020":{"t":"T206"},"021":{"t":"S22T"},"025":{"t":"C750"},"027":{"t":"SR22"},"028":{"t":"E300"},"029":{"t":"SR22"},"02A":{"t":"FA24"},"02B":{"desc":"L1P"},"02C":{"t":"SR22"},"02D":{"t":"PC24"},"02E":{"t":"ST75"},"02F":{"t":"SR22"},"030":{"desc":"L1P","t":"ULAC"},"033":{"t":"BE36"},"034":{"desc":"L1P"},"036":{"t":"BE36"},"038":{"t":"BE36"},"039":{"desc":"L1P"},"03D":{"t":"GLID"},"043":{"t":"SR22"},"044":{"desc":"L1P"},"046":{"t":"B06"},"04A":{"t":"SR22"},"04B":{"t":"B407"},"04D":{"t":"C182"},"051":{"desc":"A1P"},"054":{"desc":"H4E"},"059":{"t":"AC95"},"05A":{"t":"CL60"},"05E":{"t":"BE40"},"064":{"desc":"L1P"},"068":{"t":"PC24"},"06A":{"t":"SR22"},"073":{"t":"R44"},"074":{"desc":"L1P"},"075":{"t":"LJ45"},"079":{"t":"WW24"},"07A":{"t":"G150"},"07B":{"t":"C240"},"07D":{"t":"HUSK"},"07F":{"desc":"L1P"},"080":{"desc":"A1P"},"081":{"t":"C560"},"083":{"t":"SR22"},"08C":{"t":"C180"},"092":{"t":"SR22"},"095":{"t":"BALL"},"09A":{"t":"BE35"},"09D":{"t":"P28R"},"0A5":{"desc":"L4P"},"0A6":{"t":"C172"},"0A7":{"t":"P28A"},"0A8":{"t":"SR22"},"0A9":{"t":"P180"},"0AB":{"t":"SR22"},"0AC":{"t":"SR22"},"0AD":{"desc":"L1P"},"0AE":{"t":"PA46"},"0AF":{"t":"S22T"},"0B1":{"t":"S22T"},"0B3":{"desc":"L1P"},"0B4":{"t":"E75L"},"0B5":{"t":"GLID"},"0B6":{"desc":"L1P"},"0B9":{"t":"C680"},"0BA":{"t":"C56X"},"0BE":{"t":"PA24"},"0BF":{"t":"T210"},"0C0":{"t":"B06"},"0C1":{"t":"C550"},"0C5":{"t":"S22T"},"0C7":{"desc":"H4E"},"0C8":{"t":"BL8"},"0C9":{"t":"GLF3"},"0CA":{"t":"B06"},"0CE":{"t":"SR22"},"0D0":{"desc":"L1P"},"0D7":{"t":"CH7A"},"0D8":{"t":"AS50"},"0DB":{"t":"E35L"},"0E0":{"t":"R22"},"0E1":{"t":"E55P"},"0E3":{"desc":"L1T","t":"M600"},"0E7":{"t":"SR22"},"0E8":{"t":"SR20"},"0EC":{"t":"S22T"},"0EF":{"t":"SR22"},"0F0":{"desc":"L1P"},"0F1":{"t":"C172"},"0F2":{"t":"C77R"},"0F6":{"desc":"L1P"},"0F7":{"t":"R22"},"0F8":{"t":"P210"},"0FB":{"t":"GLID"},"0FC":{"t":"P28A"},"100":{"desc":"L1P"},"102":{"t":"AS50"},"104":{"t":"SR22"},"108":{"desc":"L2J"},"109":{"t":"CL60"},"10C":{"t":"F2TH"},"10D":{"t":"P28A"},"111":{"t":"SR22"},"116":{"t":"E75L"},"11D":{"t":"A320"},"122":{"desc":"L1J"},"124":{"t":"SR22"},"125":{"t":"SR22"},"128":{"t":"SR22"},"129":{"t":"DA42"},"12B":{"t":"SR22"},"12C":{"t":"T210"},"12D":{"desc":"L1P"},"136":{"t":"S22T"},"13B":{"desc":"A1P"},"155":{"t":"CH7B"},"156":{"t":"R44"},"157":{"t":"SR22"},"15A":{"t":"SR20"},"15B":{"t":"BE36"},"15C":{"t":"R44"},"15D":{"t":"SR22"},"15F":{"desc":"L1P","t":"ULAC"},"162":{"desc":"L1P"},"166":{"t":"SR22"},"168":{"desc":"L1P"},"169":{"t":"SR22"},"16D":{"t":"BE55"},"16E":{"desc":"L2T"},"16F":{"t":"LJ45"},"170":{"desc":"L1P","t":"ULAC"},"172":{"desc":"L1P"},"174":{"desc":"L1P"},"175":{"t":"BE35"},"176":{"t":"SR22"},"178":{"t":"SR22"},"179":{"desc":"L1P"},"17B":{"t":"UH1"},"17D":{"t":"SR22"},"17E":{"t":"AA1"},"17F":{"t":"SR22"},"183":{"desc":"L1P"},"184":{"t":"SR22"},"186":{"t":"PA18"},"188":{"t":"P28A"},"18A":{"desc":"H1P"},"18C":{"t":"C82S"},"18D":{"t":"SR22"},"18F":{"t":"PTS2"},"192":{"t":"ULAC"},"193":{"desc":"L1P"},"194":{"t":"PA22"},"196":{"desc":"L1P"},"197":{"t":"FDCT"},"19B":{"t":"PC12"},"19F":{"t":"SR22"},"1A0":{"t":"B772"},"1A9":{"t":"TF22"},"1B8":{"t":"P28A"},"1BA":{"desc":"L1P"},"1C1":{"t":"SF50"},"1C8":{"t":"R22"},"1C9":{"t":"C172"},"1CD":{"t":"P28A"},"1D2":{"t":"PC24"},"1D3":{"desc":"L1P","t":"ULAC"},"1DB":{"t":"GLID"},"1DD":{"t":"DA40"},"1DE":{"t":"B737"},"1E1":{"desc":"L1P"},"1E2":{"t":"S22T"},"1E3":{"t":"SR22"},"1E6":{"desc":"L1P"},"1E8":{"t":"HUSK"},"1EA":{"t":"T6"},"1ED":{"desc":"A1P"},"1F8":{"desc":"L1P"},"1FB":{"desc":"L1P"},"203":{"desc":"L1P"},"21C":{"desc":"L1P"},"22B":{"t":"EA50"},"235":{"t":"BE50"},"237":{"t":"P28B"},"239":{"t":"PA34"},"23A":{"t":"C172"},"23B":{"t":"C310"},"23C":{"t":"P28A"},"23D":{"t":"ERCO"},"23E":{"t":"C150"},"23F":{"t":"P28A"},"240":{"t":"BE23"},"243":{"t":"PA23"},"247":{"t":"P28A"},"24A":{"desc":"H1T","t":"B47G"},"24B":{"t":"C337"},"24F":{"t":"C150"},"252":{"t":"DG15"},"257":{"t":"C150"},"258":{"t":"BE95"},"25A":{"t":"P32T"},"25D":{"t":"CH7A"},"25E":{"t":"C310"},"25F":{"t":"P28A"},"262":{"t":"P28A"},"265":{"t":"P28T"},"268":{"t":"T210"},"269":{"t":"C210"},"26A":{"t":"C185"},"26B":{"desc":"H1P"},"26C":{"t":"C172"},"26D":{"t":"P28A"},"26E":{"t":"T206"},"26F":{"t":"P28A"},"270":{"t":"BALL"},"271":{"t":"DG15"},"273":{"t":"T206"},"274":{"t":"ULAC"},"276":{"t":"C150"},"277":{"t":"DG15"},"279":{"t":"DG15"},"27A":{"t":"P32T"},"27E":{"t":"C182"},"27F":{"t":"C170"},"281":{"t":"P28B"},"282":{"t":"C182"},"285":{"desc":"L1P"},"286":{"t":"BE23"},"287":{"t":"J3"},"288":{"t":"P28T"},"289":{"t":"R22"},"28E":{"t":"PA44"},"28F":{"t":"C140"},"293":{"t":"PA32"},"296":{"desc":"L1P"},"297":{"t":"DG15"},"298":{"t":"DG15"},"29D":{"t":"C172"},"29E":{"t":"A319"},"29F":{"t":"PA22"},"2A0":{"t":"L8"},"2A1":{"t":"C180"},"2A3":{"t":"C172"},"2A4":{"t":"P32T"},"2A6":{"desc":"L1P"},"2A7":{"desc":"L1T"},"2A9":{"t":"BE23"},"2AA":{"t":"S108"},"2AB":{"t":"P28U"},"2AC":{"t":"P28A"},"2B1":{"t":"B77W"},"2B2":{"t":"P28A"},"2B4":{"t":"C337"},"2B5":{"t":"C177"},"2B6":{"t":"P28U"},"2BA":{"t":"BALL"},"2BB":{"t":"T210"},"2BC":{"t":"C150"},"2BD":{"t":"C150"},"2C0":{"t":"C150"},"2C1":{"t":"PC12"},"2C3":{"t":"PA34"},"2C4":{"t":"C180"},"2C7":{"t":"C310"},"2C8":{"t":"S22T"},"2C9":{"t":"ERCO"},"2CC":{"t":"BE24"},"2CD":{"t":"P28A"},"2CF":{"t":"PA27"},"2D0":{"t":"P32T"},"2D1":{"desc":"A1P"},"2D2":{"t":"SF50"},"2D3":{"t":"C82R"},"2D5":{"t":"P28A"},"2D6":{"t":"C82S"},"2D7":{"t":"C337"},"2D8":{"t":"C177"},"2D9":{"t":"PA32"},"2DA":{"t":"DG15"},"2DD":{"desc":"L1P"},"2DE":{"t":"ULAC"},"2DF":{"t":"C150"},"2E0":{"t":"P32T"},"2E1":{"t":"C210"},"2E2":{"t":"C150"},"2E4":{"t":"GLID"},"2E5":{"t":"P32T"},"2E6":{"t":"L8"},"2E7":{"t":"C180"},"2EB":{"t":"C182"},"2EE":{"t":"P28A"},"2EF":{"t":"BE19"},"2F1":{"desc":"L1P"},"2F2":{"desc":"L1P"},"2F5":{"desc":"L1P"},"2F7":{"t":"P28A"},"2F8":{"t":"C140"},"2F9":{"t":"P28A"},"2FC":{"t":"M5"},"2FD":{"t":"P32T"},"2FF":{"t":"C150"},"306":{"t":"T210"},"307":{"desc":"L1P","t":"ULAC"},"308":{"desc":"S1P","t":"PA20"},"309":{"t":"L8"},"30A":{"t":"C140"},"30B":{"t":"C170"},"30C":{"t":"C172"},"30F":{"t":"SR22"},"310":{"t":"C150"},"313":{"t":"J3"},"315":{"desc":"L1P"},"317":{"t":"T210"},"31A":{"desc":"L1P"},"31E":{"t":"C177"},"322":{"t":"C150"},"327":{"t":"C172"},"32A":{"desc":"L1P"},"32B":{"t":"P32T"},"32C":{"t":"PA44"},"32E":{"t":"P28A"},"32F":{"t":"CH7A"},"331":{"t":"C182"},"332":{"t":"ERCO"},"333":{"t":"C150"},"334":{"t":"P28A"},"335":{"t":"BE23"},"336":{"t":"P28R"},"337":{"t":"C140"},"33A":{"t":"SR22"},"33B":{"t":"T210"},"33C":{"t":"C182"},"33F":{"t":"P28S"},"340":{"t":"P28T"},"346":{"t":"P28A"},"348":{"t":"C150"},"349":{"t":"AR11"},"34A":{"t":"C150"},"34B":{"t":"AR11"},"34C":{"t":"C172"},"351":{"t":"P28A"},"354":{"t":"P28T"},"355":{"t":"ERCO"},"358":{"t":"BE23"},"359":{"t":"J3"},"35A":{"t":"C140"},"35B":{"t":"PA23"},"35D":{"t":"T210"},"35F":{"t":"C185"},"360":{"t":"P28A"},"361":{"desc":"L1P"},"362":{"t":"B47G"},"363":{"t":"P28T"},"364":{"t":"C177"},"36A":{"t":"C150"},"36D":{"t":"C150"},"36E":{"t":"C150"},"36F":{"t":"C150"},"373":{"t":"C180"},"375":{"t":"C172"},"376":{"t":"ULAC"},"377":{"t":"C182"},"37A":{"t":"P28A"},"37C":{"t":"C310"},"37D":{"t":"P28U"},"37E":{"t":"P28B"},"381":{"t":"T210"},"382":{"t":"P28A"},"383":{"desc":"L1T","t":"SS2P"},"384":{"t":"P28A"},"385":{"t":"B47G"},"386":{"t":"P28T"},"387":{"t":"C177"},"388":{"t":"B06"},"38A":{"t":"C150"},"38B":{"t":"AR11"},"390":{"t":"AR11"},"391":{"t":"C150"},"392":{"t":"C150"},"393":{"desc":"L1P"},"394":{"desc":"L1P"},"395":{"desc":"H6E"},"396":{"t":"PA25"},"397":{"t":"BL8"},"399":{"t":"B06"},"39A":{"t":"PC24"},"39E":{"t":"HUSK"},"39F":{"t":"S22T"},"3A0":{"t":"R44"},"3A1":{"t":"C172"},"3A4":{"t":"CL30"},"3A5":{"t":"E50P"},"3A8":{"desc":"L1P"},"3A9":{"t":"BE20"},"3AA":{"t":"B762"},"3AC":{"desc":"L1P"},"3AD":{"t":"B47G"},"3B0":{"t":"AA5"},"3B1":{"desc":"L1P"},"3B3":{"desc":"L1P"},"3B5":{"desc":"L2T"},"3B6":{"t":"H25B"},"3B7":{"t":"GLEX"},"3BF":{"desc":"L1P"},"3C2":{"t":"BE50"},"3C5":{"t":"BCS3"},"3C6":{"desc":"L1T"},"3C7":{"t":"PAY1"},"3C8":{"t":"P28A"},"3C9":{"t":"FA10"},"3CB":{"desc":"L1P"},"3CC":{"t":"SR22"},"3D0":{"desc":"L1P"},"3D1":{"desc":"L1P"},"3D2":{"t":"B350"},"3D4":{"t":"C152"},"3D6":{"t":"BT36"},"3D7":{"t":"C240"},"3D8":{"desc":"L1P"},"3DC":{"t":"GLF4"},"3DE":{"desc":"L1P"},"3E0":{"t":"DV20"},"3E1":{"t":"HDJT"},"3E2":{"t":"GLF4"},"3E6":{"desc":"L1P","t":"ULAC"},"3EB":{"desc":"L1P"},"3F1":{"desc":"L1P"},"3F8":{"t":"NAVI"},"3FC":{"t":"BALL"},"3FD":{"t":"GLF5"},"409":{"desc":"L1P"},"40E":{"desc":"A1P"},"411":{"t":"SR22"},"412":{"t":"C182"},"415":{"t":"SR22"},"418":{"t":"P28A"},"41D":{"t":"B407"},"421":{"t":"C172"},"423":{"t":"R22"},"426":{"t":"CL30"},"42B":{"desc":"L1P"},"42F":{"t":"BALL"},"432":{"t":"B06"},"438":{"t":"LJ60"},"43C":{"t":"C750"},"444":{"t":"C550"},"445":{"desc":"L1P"},"44A":{"t":"BALL"},"44B":{"t":"EC25"},"44C":{"t":"NAVI"},"44E":{"t":"S22T"},"44F":{"t":"PA27"},"451":{"desc":"L1P"},"45C":{"desc":"L1P"},"45D":{"t":"C82R"},"45E":{"desc":"L1P"},"45F":{"desc":"L1T"},"460":{"t":"GALX"},"46A":{"t":"BE95"},"46B":{"t":"E75L"},"46D":{"t":"C172"},"471":{"t":"BE36"},"478":{"t":"C150"},"480":{"t":"P28A"},"481":{"t":"BE58"},"483":{"desc":"L1P"},"487":{"t":"M20T"},"48A":{"t":"COL4"},"48C":{"t":"R22"},"48E":{"t":"C310"},"48F":{"t":"AS50"},"496":{"desc":"L2T"},"4A7":{"t":"C182"},"4A8":{"t":"P46T"},"4A9":{"t":"PAY3"},"4AA":{"t":"PA46"},"4AC":{"t":"T206"},"4AD":{"desc":"L1P"},"4AF":{"t":"C172"},"4B0":{"t":"C172"},"4B1":{"t":"S22T"},"4B2":{"t":"R44"},"4B3":{"t":"AC90"},"4B5":{"desc":"H4E"},"4B7":{"desc":"L1P"},"4BB":{"t":"SF50"},"4BC":{"t":"BE20"},"4BF":{"t":"BALL"},"4C0":{"t":"CL60"},"4C5":{"t":"B763"},"4C7":{"t":"DA40"},"4CD":{"t":"E75L"},"4D8":{"t":"B752"},"4D9":{"t":"BE36"},"4DA":{"t":"P28R"},"4DD":{"t":"B06"},"4DF":{"desc":"L1P","t":"ULAC"},"4E0":{"t":"B734"},"4E3":{"t":"P32R"},"4E4":{"t":"S22T"},"4EA":{"desc":"L1P"},"4EB":{"t":"PAY2"},"4F1":{"desc":"L1P"},"503":{"t":"CL60"},"50A":{"t":"CH7B"},"50B":{"t":"BE55"},"50C":{"t":"C172"},"50D":{"t":"S22T"},"510":{"desc":"H1P"},"513":{"t":"B06"},"516":{"t":"SR22"},"519":{"t":"SR20"},"51B":{"t":"BALL"},"51C":{"t":"P28A"},"51F":{"t":"C25B"},"520":{"desc":"H1T"},"524":{"desc":"L1P"},"525":{"desc":"L2T"},"526":{"t":"BE40"},"527":{"t":"C25B"},"52A":{"desc":"L1P"},"52B":{"t":"BL8"},"530":{"desc":"L1P"},"532":{"t":"BE35"},"534":{"t":"GLID"},"535":{"desc":"L1P","t":"ULAC"},"53D":{"t":"C182"},"53E":{"t":"BE58"},"53F":{"t":"P28A"},"541":{"t":"AC90"},"543":{"t":"C172"},"545":{"t":"BL8"},"548":{"t":"SR22"},"549":{"t":"PA31"},"54A":{"t":"SR22"},"54D":{"desc":"L1P"},"54F":{"desc":"L2T"},"551":{"t":"R44"},"552":{"t":"BE50"},"553":{"t":"C182"},"556":{"t":"TWEN"},"557":{"t":"B772"},"56F":{"t":"BE55"},"576":{"desc":"L1P"},"581":{"t":"SR22"},"588":{"t":"GLID"},"58B":{"t":"C172"},"58C":{"desc":"L1P"},"594":{"t":"R22"},"595":{"t":"B737"},"599":{"t":"C172"},"5A1":{"t":"BE35"},"5BA":{"desc":"L1P"},"5CA":{"t":"BALL"},"5D1":{"desc":"L1P"},"5D2":{"t":"SR20"},"5D3":{"t":"AC11"},"5EC":{"t":"GLID"},"5ED":{"t":"PA22"},"5EE":{"t":"P28A"},"5EF":{"desc":"L1P"},"5F0":{"t":"C170"},"5F1":{"t":"C172"},"5F3":{"t":"C25C"},"5F4":{"t":"ERCO"},"5F5":{"t":"C150"},"5F6":{"t":"P28A"},"5FA":{"desc":"L1T"},"5FF":{"t":"B77W"},"602":{"t":"P28T"},"603":{"desc":"L1P"},"605":{"t":"ULAC"},"606":{"t":"C150"},"607":{"desc":"L1P"},"608":{"t":"C25C"},"60C":{"t":"C150"},"610":{"desc":"L1P"},"611":{"t":"L8"},"616":{"t":"C182"},"61B":{"t":"P28U"},"61E":{"t":"BE36"},"621":{"t":"C82R"},"622":{"t":"B77W"},"624":{"t":"B47G"},"628":{"t":"C150"},"62B":{"desc":"L1P"},"62D":{"t":"C150"},"62F":{"desc":"L1P"},"630":{"t":"T6"},"633":{"desc":"H1T"},"635":{"t":"C180"},"638":{"t":"C310"},"639":{"t":"C182"},"63D":{"t":"BE23"},"63E":{"t":"J3"},"63F":{"t":"BALL"},"640":{"desc":"L1P","t":"ULAC"},"642":{"t":"T210"},"643":{"t":"T210"},"644":{"t":"C185"},"646":{"t":"C140"},"649":{"t":"C177"},"64A":{"t":"C82S"},"64E":{"t":"C150"},"64F":{"t":"BALL"},"651":{"t":"C150"},"653":{"t":"C150"},"654":{"t":"C150"},"655":{"desc":"H1P"},"658":{"t":"C180"},"65D":{"t":"ERCO"},"660":{"t":"BE24"},"661":{"t":"P28S"},"663":{"t":"PA23"},"669":{"t":"C140"},"66B":{"desc":"L1P"},"66C":{"t":"C177"},"66F":{"desc":"L1P"},"671":{"t":"C150"},"674":{"t":"C150"},"675":{"t":"C150"},"679":{"t":"PA20"},"67B":{"t":"C180"},"67E":{"t":"C150"},"67F":{"t":"C182"},"682":{"t":"L8"},"683":{"t":"AT3T"},"685":{"t":"C120"},"686":{"t":"PA23"},"689":{"desc":"L1T"},"68B":{"t":"C172"},"68C":{"t":"C140"},"690":{"desc":"L1P"},"691":{"t":"C150"},"693":{"t":"C150"},"695":{"t":"C150"},"697":{"desc":"L1P"},"699":{"desc":"L1P"},"69C":{"t":"BE33"},"69D":{"desc":"L1P"},"69E":{"t":"YK52"},"69F":{"t":"C170"},"6A0":{"t":"C172"},"6A1":{"t":"GLID"},"6A3":{"t":"T206"},"6A7":{"t":"T206"},"6A8":{"t":"BE35"},"6A9":{"desc":"L1P"},"6AD":{"t":"S22T"},"6AF":{"t":"C140"},"6B1":{"t":"C337"},"6B2":{"t":"PA30"},"6B3":{"desc":"L1P"},"6BB":{"desc":"L1P"},"6BC":{"t":"C150"},"6BF":{"desc":"L1T"},"6C0":{"desc":"L1P"},"6C1":{"t":"C180"},"6C2":{"t":"C170"},"6C4":{"t":"C310"},"6C5":{"desc":"H1P"},"6C6":{"t":"ERCO"},"6C8":{"desc":"L1P"},"6C9":{"desc":"L1T"},"6CF":{"t":"C82T"},"6D2":{"desc":"L1P"},"6D4":{"t":"C337"},"6D8":{"t":"C150"},"6DA":{"t":"C150"},"6DB":{"t":"C150"},"6DF":{"t":"C150"},"6E1":{"desc":"L1P"},"6E5":{"t":"C170"},"6EC":{"t":"BE24"},"6EE":{"t":"C140"},"6F1":{"t":"C82R"},"6F4":{"desc":"H1P"},"6F5":{"t":"C140"},"6F9":{"desc":"L1P"},"6FA":{"t":"C150"},"703":{"desc":"L1P"},"704":{"t":"PC12"},"705":{"t":"PA20"},"70D":{"t":"C188"},"715":{"t":"C210"},"716":{"t":"C185"},"718":{"t":"C140"},"719":{"t":"BE18"},"71B":{"t":"C177"},"71C":{"t":"C182"},"71D":{"t":"C185"},"71E":{"desc":"L1P"},"71F":{"t":"C150"},"720":{"t":"C150"},"721":{"t":"C150"},"722":{"t":"C150"},"723":{"t":"C150"},"726":{"t":"C150"},"729":{"desc":"L1P"},"72A":{"desc":"L1P"},"72C":{"t":"CH7A"},"72D":{"t":"C310"},"731":{"t":"L8"},"732":{"t":"BE23"},"733":{"t":"C150"},"737":{"t":"T210"},"738":{"t":"T210"},"73A":{"desc":"H1P"},"73D":{"desc":"L1P","t":"ULAC"},"73E":{"desc":"L1P"},"740":{"t":"C150"},"741":{"t":"CJ6"},"743":{"t":"C182"},"744":{"t":"C150"},"745":{"t":"C150"},"746":{"t":"C150"},"747":{"t":"C150"},"748":{"t":"C172"},"74B":{"t":"GLID"},"74C":{"t":"PC12"},"74D":{"t":"ULAC"},"74E":{"t":"C182"},"74F":{"t":"M20P"},"751":{"t":"PC12"},"752":{"t":"R66"},"753":{"t":"T28"},"755":{"desc":"L1P"},"756":{"desc":"L1P"},"757":{"desc":"L1P","t":"ULAC"},"75C":{"desc":"L1P","t":"ULAC"},"75D":{"t":"TBM7"},"764":{"t":"C210"},"766":{"t":"SR22"},"767":{"t":"SR22"},"76A":{"t":"BL8"},"76B":{"t":"SR22"},"76C":{"desc":"L2T"},"76D":{"desc":"L1P"},"76F":{"desc":"L1P"},"776":{"t":"CRJX"},"778":{"t":"P32R"},"77C":{"t":"BCS3"},"77D":{"t":"M20T"},"77E":{"t":"C172"},"780":{"t":"GLID"},"781":{"t":"SR20"},"783":{"t":"SR22"},"784":{"desc":"A2P"},"785":{"t":"SR22"},"786":{"t":"B752"},"787":{"t":"FA20"},"788":{"t":"S22T"},"78B":{"t":"C182"},"78D":{"t":"M20T"},"78F":{"t":"FDCT"},"791":{"t":"C560"},"794":{"t":"B763"},"796":{"t":"BE95"},"797":{"t":"DA40"},"799":{"desc":"L1P"},"79C":{"t":"P28A"},"79E":{"t":"AT5T"},"7A2":{"t":"C77R"},"7A4":{"desc":"L1P"},"7A6":{"t":"U21"},"7A7":{"t":"DA42"},"7A8":{"t":"P32R"},"7AA":{"desc":"L1P"},"7AF":{"t":"WACF"},"7B2":{"t":"CL60"},"7BA":{"desc":"L1P"},"7C1":{"desc":"L1P"},"7CC":{"t":"SR22"},"7E1":{"t":"B752"},"7ED":{"t":"B06"},"7F1":{"desc":"A2P"},"7FA":{"desc":"L1P"},"7FB":{"desc":"L2J","t":"A21N"},"7FD":{"t":"P208"},"808":{"t":"C414"},"80A":{"t":"BALL"},"80B":{"desc":"L1P"},"811":{"t":"E35L"},"814":{"t":"C172"},"81B":{"t":"SR22"},"81D":{"desc":"A1P"},"822":{"t":"E75L"},"824":{"t":"CRJ2"},"828":{"t":"C82S"},"82C":{"desc":"L1P"},"82E":{"t":"SR22"},"837":{"desc":"L2T"},"838":{"t":"SR20"},"83A":{"desc":"L1P","t":"ULAC"},"83E":{"t":"SR20"},"840":{"t":"E50P"},"845":{"t":"C206"},"846":{"t":"AS50"},"851":{"t":"PA34"},"85E":{"t":"PA24"},"85F":{"t":"BE33"},"860":{"t":"BE20"},"861":{"t":"M7"},"862":{"t":"TBM7"},"863":{"t":"T206"},"865":{"desc":"G1P"},"868":{"t":"C441"},"869":{"t":"S22T"},"86C":{"t":"GLF4"},"86E":{"desc":"L1P"},"870":{"t":"AS50"},"875":{"t":"CL60"},"877":{"t":"PC12"},"878":{"t":"AEST"},"87E":{"t":"PC12"},"884":{"t":"E75L"},"891":{"t":"DA40"},"892":{"desc":"L1P"},"893":{"t":"C550"},"894":{"t":"AS50"},"89A":{"t":"S22T"},"89C":{"t":"S22T"},"8A2":{"t":"GLID"},"8C3":{"t":"TBM7"},"8CA":{"t":"SR22"},"8CD":{"t":"M20P"},"8D0":{"t":"BE36"},"8D2":{"t":"BALL"},"8D3":{"t":"GLF4"},"8D4":{"desc":"L1P"},"8D6":{"desc":"L1P"},"8DB":{"t":"BE95"},"8DC":{"t":"EC35"},"8DD":{"t":"S22T"},"8DE":{"t":"BT36"},"8E1":{"t":"SF50"},"8E4":{"t":"GLEX"},"8E6":{"t":"GLF5"},"8E7":{"t":"C182"},"8E9":{"t":"P28A"},"8EB":{"t":"SR22"},"8ED":{"t":"P28A"},"8EE":{"desc":"L1P"},"8F0":{"t":"C56X"},"8F4":{"t":"PA18"},"8F5":{"t":"R22"},"8F8":{"t":"PC12"},"8FA":{"t":"M7"},"8FB":{"desc":"H4E"},"900":{"t":"C82S"},"902":{"t":"M7"},"905":{"t":"SR20"},"909":{"t":"SR22"},"90A":{"t":"SR22"},"90E":{"t":"B772"},"91F":{"desc":"L1T"},"929":{"t":"AC11"},"940":{"t":"B06"},"941":{"desc":"L1P"},"942":{"t":"BE40"},"943":{"desc":"L1P"},"945":{"desc":"L1P"},"94A":{"desc":"L1P"},"94C":{"t":"B737"},"951":{"t":"C82T"},"958":{"desc":"L1P"},"96F":{"t":"SR22"},"971":{"desc":"L1P"},"98A":{"t":"P28A"},"98E":{"t":"BALL"},"9A3":{"t":"M7"},"9A5":{"t":"L8"},"9A8":{"t":"C182"},"9AA":{"t":"C182"},"9AC":{"t":"C150"},"9AE":{"desc":"L1P"},"9AF":{"t":"P28A"},"9B1":{"t":"PA23"},"9B4":{"t":"T210"},"9B5":{"t":"C82R"},"9B7":{"t":"C140"},"9BA":{"t":"C177"},"9BE":{"t":"C150"},"9C0":{"t":"BE36"},"9C3":{"desc":"L1P"},"9C5":{"t":"C150"},"9C6":{"desc":"L1P"},"9C7":{"t":"PA18"},"9C8":{"t":"L8"},"9C9":{"t":"C180"},"9CB":{"t":"CH7A"},"9D1":{"t":"BE36"},"9D3":{"desc":"L1P"},"9D5":{"t":"P28A"},"9D6":{"t":"T210"},"9D8":{"t":"C82R"},"9DD":{"t":"C177"},"9E1":{"t":"C150"},"9E3":{"desc":"H1P"},"9E4":{"t":"C150"},"9E5":{"t":"TAYB"},"9E6":{"t":"M10"},"9E7":{"t":"TAYB"},"9E8":{"t":"TAYB"},"9EA":{"desc":"L1P"},"9ED":{"desc":"L1P"},"9EF":{"t":"P28A"},"9F0":{"t":"PA12"},"9F3":{"t":"L8"},"9F4":{"t":"SF50"},"9F5":{"t":"P28A"},"9F8":{"t":"P28A"},"9FA":{"t":"T210"},"9FB":{"t":"C185"},"9FF":{"t":"C337"},"A00":{"t":"C177"},"A01":{"desc":"L1J"},"A05":{"t":"TAYB"},"A07":{"t":"TAYB"},"A09":{"desc":"L1P"},"A0A":{"t":"C150"},"A0F":{"t":"C180"},"A10":{"desc":"L1P"},"A15":{"t":"C150"},"A18":{"t":"J3"},"A1A":{"desc":"H1P"},"A1B":{"t":"P28R"},"A1E":{"t":"C82R"},"A20":{"desc":"L1P"},"A21":{"t":"R44"},"A22":{"t":"GLID"},"A23":{"t":"C177"},"A25":{"t":"TAYB"},"A2D":{"t":"C150"},"A32":{"desc":"L1P"},"A33":{"t":"C170"},"A34":{"t":"CH7A"},"A36":{"t":"C182"},"A37":{"t":"ERCO"},"A39":{"desc":"L1P"},"A3A":{"t":"BE58"},"A3B":{"t":"P28A"},"A41":{"t":"P28A"},"A42":{"desc":"H1P"},"A47":{"desc":"L1P"},"A48":{"t":"R22"},"A4D":{"t":"C150"},"A4E":{"t":"TAYB"},"A50":{"t":"C150"},"A53":{"t":"PA18"},"A56":{"t":"C170"},"A58":{"t":"C310"},"A59":{"t":"C182"},"A5C":{"t":"L8"},"A5D":{"t":"BE35"},"A5E":{"t":"P28A"},"A61":{"t":"PA32"},"A62":{"t":"T210"},"A64":{"t":"BE76"},"A66":{"t":"C140"},"A67":{"t":"C82S"},"A69":{"t":"C177"},"A6B":{"t":"T210"},"A6D":{"t":"TAYB"},"A71":{"t":"C150"},"A72":{"t":"TAYB"},"A76":{"t":"B47G"},"A79":{"t":"C170"},"A7A":{"t":"CH7A"},"A7B":{"t":"C310"},"A7D":{"t":"BALL"},"A7E":{"t":"C150"},"A7F":{"t":"C82S"},"A80":{"desc":"L1P"},"A81":{"t":"P28R"},"A82":{"t":"C140"},"A84":{"t":"P32R"},"A86":{"t":"T210"},"A87":{"desc":"L1P"},"A89":{"t":"C140"},"A8A":{"t":"T6"},"A8B":{"t":"C337"},"A8D":{"t":"P28A"},"A8F":{"t":"TAYB"},"A90":{"t":"C150"},"A91":{"t":"C150"},"A95":{"t":"C150"},"A96":{"t":"TAYB"},"A97":{"t":"C182"},"A99":{"t":"BE35"},"A9B":{"t":"C180"},"AA2":{"t":"L8"},"AA3":{"desc":"L1T"},"AA6":{"desc":"L1P"},"AAA":{"t":"C185"},"AAC":{"t":"C140"},"AAE":{"t":"C337"},"AAF":{"t":"C177"},"AB0":{"desc":"L1P"},"AB2":{"t":"TAYB"},"AB4":{"t":"C150"},"AB7":{"t":"C150"},"AB8":{"t":"C150"},"AB9":{"desc":"L1P"},"ABB":{"desc":"L1P"},"ABC":{"t":"C172"},"ABD":{"t":"T206"},"ABE":{"t":"C303"},"AC1":{"t":"C310"},"AC2":{"t":"B06"},"AC3":{"t":"ERCO"},"AC4":{"t":"C150"},"AC6":{"desc":"H1T"},"AC7":{"t":"SR22"},"AC8":{"desc":"L1P"},"ACA":{"desc":"L1P"},"ACC":{"t":"C82R"},"AD0":{"t":"B06"},"AD1":{"t":"B06"},"AD2":{"t":"PA30"},"AD3":{"t":"ST75"},"AD5":{"desc":"L1P"},"AD6":{"t":"C150"},"AD7":{"desc":"L1P"},"ADA":{"desc":"L1P"},"ADD":{"t":"C172"},"AE3":{"desc":"L1P"},"AE6":{"desc":"L1P"},"AE7":{"desc":"L1P"},"AE8":{"t":"L8"},"AE9":{"t":"AA5"},"AEA":{"t":"P32R"},"AEB":{"t":"T6"},"AEC":{"t":"M20P"},"AED":{"t":"P28A"},"AEF":{"t":"BALL"},"AF0":{"t":"T6"},"AF1":{"t":"T6"},"AF2":{"desc":"L1P"},"AF8":{"desc":"L1P"},"AF9":{"t":"C150"},"AFB":{"desc":"L1P"},"B01":{"desc":"L1P"},"B02":{"desc":"L1P"},"B04":{"desc":"L1P"},"B05":{"t":"BL8"},"B08":{"desc":"L1P"},"B09":{"t":"A320"},"B0B":{"desc":"H2T"},"B0C":{"t":"PA31"},"B0D":{"t":"PA34"},"B0E":{"desc":"L1P"},"B0F":{"t":"C172"},"B10":{"desc":"L1P"},"B16":{"desc":"L2T"},"B1A":{"t":"B763"},"B1B":{"t":"BE35"},"B1C":{"desc":"H4E"},"B1D":{"t":"GLID"},"B1E":{"desc":"L1P"},"B1F":{"t":"SR22"},"B20":{"t":"GLID"},"B22":{"t":"GLID"},"B23":{"t":"C172"},"B27":{"t":"PC12"},"B2B":{"t":"B58T"},"B2C":{"t":"C182"},"B30":{"t":"SR20"},"B32":{"t":"BE55"},"B34":{"t":"S108"},"B35":{"t":"PA27"},"B36":{"t":"BALL"},"B38":{"t":"GLID"},"B3A":{"desc":"L1P"},"B3C":{"t":"TBM7"},"B3D":{"desc":"L1P"},"B3E":{"t":"FA20"},"B3F":{"t":"S22T"},"B40":{"t":"C182"},"B42":{"t":"C172"},"B46":{"t":"FDCT"},"B4D":{"t":"C210"},"B4F":{"desc":"L1P"},"B50":{"t":"BE9L"},"B55":{"t":"S22T"},"B56":{"desc":"L1P"},"B57":{"desc":"A1P"},"B5E":{"t":"BE50"},"B5F":{"desc":"L1P"},"B62":{"t":"GLID"},"B65":{"t":"SR22"},"B69":{"t":"PA31"},"B6A":{"desc":"L1P","t":"ULAC"},"B6C":{"t":"ULAC"},"B6E":{"t":"ULAC"},"B71":{"desc":"L1P","t":"ULAC"},"B72":{"t":"P32R"},"B77":{"t":"S22T"},"B7C":{"desc":"L1P"},"B7E":{"desc":"L1P"},"B81":{"t":"C172"},"B83":{"t":"SR22"},"B98":{"t":"EA50"},"B99":{"t":"BE9L"},"B9A":{"desc":"L2P"},"B9B":{"t":"R44"},"B9D":{"t":"S22T"},"BA0":{"t":"C208"},"BA1":{"t":"FA50"},"BAC":{"t":"E190"},"BB1":{"t":"SR22"},"BB2":{"desc":"L2J","t":"A21N"},"BB5":{"t":"F900"},"BBF":{"desc":"L1P"},"BC6":{"t":"S22T"},"BCA":{"t":"R44"},"BCB":{"t":"C510"},"BCC":{"t":"PA18"},"BCD":{"desc":"L1P"},"BCE":{"desc":"L1P"},"BD2":{"t":"SR22"},"BD4":{"t":"P28A"},"BD9":{"t":"E75L"},"BDC":{"desc":"L2T"},"BE6":{"t":"SR22"},"BF1":{"desc":"L1P"},"BFC":{"desc":"L1P"},"BFD":{"t":"GLF2"},"BFF":{"t":"SW4"},"C01":{"t":"SW4"},"C03":{"desc":"A1P"},"C05":{"desc":"L2T"},"C07":{"t":"C150"},"C0A":{"t":"BE36"},"C0D":{"t":"EA50"},"C15":{"t":"C172"},"C18":{"t":"C56X"},"C19":{"desc":"L1P"},"C1B":{"t":"PC12"},"C1C":{"t":"GLID"},"C1D":{"t":"B06"},"C1E":{"desc":"L1P"},"C20":{"desc":"L1P"},"C21":{"t":"S22T"},"C23":{"t":"SR22"},"C25":{"desc":"L1P"},"C27":{"t":"AS50"},"C2A":{"t":"BE35"},"C2C":{"t":"B06"},"C2E":{"desc":"L1T"},"C30":{"desc":"L1P"},"C32":{"t":"AS50"},"C35":{"t":"GLID"},"C36":{"t":"DV20"},"C3B":{"t":"E75L"},"C3C":{"t":"C150"},"C3F":{"t":"PC12"},"C47":{"t":"DV20"},"C48":{"desc":"H8E"},"C4E":{"t":"SR22"},"C53":{"t":"COL4"},"C54":{"t":"GLID"},"C55":{"desc":"L1P"},"C56":{"t":"P28A"},"C58":{"t":"DA40"},"C60":{"t":"BE35"},"C79":{"t":"ULAC"},"C7B":{"desc":"L1P"},"C7F":{"t":"PA32"},"C80":{"t":"PA27"},"C81":{"t":"GLF4"},"C82":{"t":"C182"},"C85":{"t":"PA31"},"C87":{"desc":"L1P"},"C89":{"t":"DA62"},"C8B":{"t":"SR22"},"C8D":{"desc":"L1P"},"C93":{"t":"GLID"},"C94":{"desc":"L1P"},"C95":{"desc":"L1P","t":"ULAC"},"C96":{"t":"GLID"},"C97":{"t":"C680"},"C98":{"t":"CH7B"},"C9B":{"t":"E55P"},"C9D":{"t":"E55P"},"C9E":{"desc":"L1P"},"CA0":{"t":"SR22"},"CA1":{"t":"B407"},"CA2":{"t":"A109"},"CA3":{"t":"C206"},"CA6":{"t":"GLF4"},"CA9":{"t":"A320"},"CAB":{"t":"PA18"},"CAE":{"t":"BALL"},"CAF":{"desc":"L1T"},"CB1":{"t":"C182"},"CB2":{"desc":"L1P"},"CB3":{"desc":"L1P"},"CB7":{"t":"PAY2"},"CC0":{"t":"C172"},"CC2":{"desc":"L1P"},"CC5":{"t":"B772"},"CCC":{"t":"EA50"},"CE6":{"t":"PC24"},"CE8":{"desc":"L1P"},"CED":{"t":"C56X"},"CEF":{"t":"B06"},"CF6":{"t":"YK50"},"CF7":{"t":"PC12"},"CF8":{"t":"SR22"},"CF9":{"t":"C172"},"CFB":{"t":"E135"},"CFC":{"t":"C82S"},"CFD":{"t":"CL60"},"CFE":{"desc":"L1P","t":"ULAC"},"D01":{"t":"FA20"},"D02":{"t":"R22"},"D03":{"t":"B737"},"D0B":{"desc":"L2T"},"D0E":{"t":"AEST"},"D26":{"t":"P28A"},"D28":{"desc":"L1P"},"D40":{"t":"M7"},"D41":{"t":"GLID"},"D5D":{"desc":"L1T"},"D60":{"t":"C310"},"D61":{"t":"C82S"},"D62":{"t":"ERCO"},"D63":{"t":"C150"},"D64":{"t":"AC11"},"D65":{"t":"BE36"},"D66":{"t":"C82S"},"D68":{"t":"PA23"},"D69":{"t":"C82S"},"D6B":{"desc":"L1T"},"D6D":{"desc":"H1P"},"D6E":{"t":"C140"},"D75":{"t":"C150"},"D76":{"t":"J4"},"D78":{"t":"J3"},"D79":{"t":"C150"},"D7A":{"t":"J3"},"D7B":{"t":"C150"},"D7C":{"t":"C150"},"D7D":{"desc":"L1P"},"D82":{"t":"C172"},"D85":{"t":"ERCO"},"D87":{"t":"L8"},"D88":{"t":"B58T"},"D8A":{"t":"C140"},"D8B":{"t":"PA23"},"D8D":{"t":"T210"},"D8F":{"t":"VO10"},"D90":{"desc":"H1P"},"D93":{"t":"C337"},"D94":{"t":"C177"},"D95":{"desc":"L1T"},"D97":{"t":"BE19"},"D9A":{"t":"J3"},"D9C":{"t":"C150"},"DA0":{"desc":"L1P"},"DA1":{"t":"PA20"},"DA2":{"desc":"L1P"},"DA3":{"t":"C172"},"DA4":{"t":"T206"},"DA5":{"t":"CH7A"},"DA6":{"t":"C310"},"DA7":{"t":"C182"},"DA8":{"t":"SR20"},"DA9":{"t":"ULAC"},"DAB":{"t":"BE35"},"DAC":{"t":"P28A"},"DAE":{"t":"T206"},"DAF":{"t":"P28A"},"DB0":{"t":"T210"},"DB2":{"t":"P28R"},"DB3":{"desc":"H1P"},"DB4":{"t":"C172"},"DB6":{"t":"C206"},"DB7":{"t":"C177"},"DB8":{"t":"PA18"},"DB9":{"t":"C150"},"DBB":{"t":"C150"},"DBD":{"t":"J4"},"DBE":{"t":"J4"},"DBF":{"t":"J3"},"DC1":{"t":"C150"},"DC2":{"t":"C150"},"DC6":{"t":"C180"},"DC9":{"t":"P28A"},"DCB":{"t":"ERCO"},"DCC":{"t":"C150"},"DCE":{"t":"BE36"},"DCF":{"desc":"L1P"},"DD0":{"t":"TAYB"},"DD2":{"t":"P28A"},"DD4":{"desc":"H1P"},"DD5":{"t":"P28R"},"DD7":{"t":"C140"},"DD9":{"t":"C337"},"DDC":{"t":"H269"},"DDD":{"t":"C150"},"DDF":{"t":"J3"},"DE4":{"t":"C150"},"DE8":{"t":"C172"},"DEA":{"t":"C170"},"DEB":{"t":"CH7A"},"DEC":{"t":"C310"},"DEE":{"t":"ERCO"},"DEF":{"t":"C150"},"DF0":{"t":"C182"},"DF1":{"t":"BE9L"},"DF4":{"t":"C172"},"DF5":{"t":"P28A"},"DF6":{"desc":"H2T"},"DF8":{"t":"P28R"},"DFA":{"t":"J3"},"DFB":{"t":"B06"},"DFC":{"t":"C337"},"E00":{"t":"C150"},"E02":{"t":"B06"},"E04":{"t":"J3"},"E08":{"t":"J3"},"E09":{"desc":"L1P"},"E0C":{"t":"C303"},"E0D":{"t":"C170"},"E0E":{"t":"CH7A"},"E13":{"t":"C182"},"E14":{"t":"BE35"},"E15":{"t":"UH12"},"E18":{"t":"B06"},"E1A":{"desc":"L1P"},"E1B":{"t":"SR22"},"E23":{"t":"BALL"},"E24":{"t":"C172"},"E25":{"t":"UH1"},"E26":{"t":"C172"},"E27":{"desc":"L1P"},"E2A":{"t":"C150"},"E2B":{"t":"C150"},"E2F":{"t":"BE33"},"E30":{"desc":"L1P"},"E33":{"t":"C182"},"E38":{"t":"P28S"},"E3D":{"t":"C82T"},"E41":{"desc":"L1P"},"E43":{"desc":"L1P"},"E45":{"t":"P28A"},"E46":{"t":"C82S"},"E49":{"t":"J4"},"E4A":{"t":"C150"},"E4F":{"desc":"L1P"},"E50":{"t":"B06"},"E51":{"t":"BALL"},"E53":{"t":"P28A"},"E54":{"t":"CH7A"},"E55":{"t":"C310"},"E5C":{"t":"C140"},"E5D":{"t":"GLID"},"E5E":{"t":"P28S"},"E60":{"t":"C82T"},"E61":{"t":"C172"},"E62":{"desc":"H1P"},"E63":{"t":"P28A"},"E64":{"desc":"H1T","t":"B47G"},"E66":{"t":"C182"},"E67":{"t":"BE17"},"E69":{"t":"C150"},"E6A":{"t":"J4"},"E6F":{"desc":"L1P"},"E70":{"t":"J4"},"E71":{"desc":"H6E"},"E72":{"desc":"L1T"},"E73":{"t":"PA22"},"E76":{"desc":"L1P"},"E77":{"t":"CH7A"},"E79":{"desc":"L1P"},"E7A":{"t":"ERCO"},"E7E":{"t":"J3"},"E7F":{"t":"C140"},"E80":{"desc":"L1P"},"E88":{"t":"C337"},"E89":{"t":"C82S"},"E8A":{"t":"GLID"},"E8B":{"t":"C150"},"E8E":{"desc":"L1P"},"E8F":{"t":"C150"},"E90":{"t":"C150"},"E92":{"t":"J3"},"E93":{"t":"C150"},"E95":{"t":"WACC"},"E96":{"t":"PA22"},"E9B":{"desc":"L1P"},"E9C":{"t":"C182"},"E9D":{"t":"ERCO"},"E9E":{"t":"C150"},"EA2":{"t":"C120"},"EA4":{"desc":"L1P"},"EA5":{"t":"T210"},"EA7":{"t":"P28R"},"EA8":{"t":"C188"},"EA9":{"t":"C140"},"EAB":{"t":"C337"},"EB0":{"t":"C150"},"EB4":{"t":"O1"},"EBB":{"t":"BE36"},"EBC":{"t":"T28"},"EBE":{"t":"B06"},"EBF":{"t":"T28"},"EC1":{"desc":"H2T"},"EC2":{"t":"B350"},"EC3":{"desc":"H1P"},"EC4":{"t":"M20P"},"EC5":{"t":"P28A"},"EC6":{"t":"C172"},"EC7":{"t":"FA7X"},"EC9":{"t":"C172"},"ECB":{"desc":"L1J"},"ED1":{"t":"C82S"},"ED2":{"t":"BE35"},"ED3":{"t":"G280"},"ED5":{"desc":"L1P"},"ED7":{"t":"P180"},"ED9":{"t":"GLID"},"EDA":{"desc":"L2T"},"EDB":{"t":"EC35"},"EE3":{"t":"SF50"},"EE4":{"desc":"L1P","t":"ULAC"},"EE6":{"desc":"H4E"},"EE7":{"t":"BE35"},"EEB":{"t":"BE33"},"EEC":{"t":"C82T"},"EEE":{"t":"S22T"},"EF0":{"desc":"L2P"},"EF1":{"t":"SR22"},"EF2":{"t":"E50P"},"EF3":{"t":"TBM7"},"EF4":{"desc":"L1P"},"EF5":{"desc":"L1T","t":"BE36"},"EF6":{"t":"BE36"},"EF7":{"t":"BL17"},"EF9":{"t":"C182"},"EFC":{"desc":"L1P"},"EFD":{"t":"FDCT"},"F01":{"t":"HDJT"},"F06":{"t":"C750"},"F07":{"t":"GLID"},"F0A":{"t":"S22T"},"F0B":{"desc":"L2T"},"F0F":{"t":"S22T"},"F10":{"t":"BE36"},"F14":{"desc":"L1P","t":"ULAC"},"F15":{"desc":"H1P"},"F16":{"t":"AT6T"},"F1D":{"desc":"L1P"},"F22":{"t":"S22T"},"F2D":{"t":"AA5"},"F2F":{"desc":"L1P"},"F36":{"desc":"H1P"},"F3A":{"t":"SR22"},"F3F":{"t":"FA50"},"F46":{"t":"A320"},"F48":{"desc":"L1P"},"F4F":{"desc":"L1P","t":"TB1"},"F54":{"t":"SF50"},"F56":{"t":"P28A"},"F5B":{"desc":"L1P"},"F60":{"t":"E50P"},"F61":{"desc":"L1P","t":"ULAC"},"F69":{"desc":"L2J","t":"A21N"},"F74":{"desc":"L1P"},"F76":{"t":"C82R"},"F79":{"t":"T206"},"F81":{"t":"BALL"},"F82":{"t":"C182"},"F83":{"t":"E190"},"F84":{"t":"T28"},"F85":{"t":"PC12"},"F88":{"t":"GLID"},"F89":{"t":"C421"},"F8B":{"t":"T28"},"F8C":{"desc":"L1P"},"F8F":{"t":"C182"},"F90":{"t":"E75L"},"F92":{"t":"P28A"},"F96":{"desc":"L1P"},"F9A":{"desc":"L1P"},"F9D":{"desc":"L1T"},"FA2":{"t":"P28A"},"FA6":{"desc":"L1P","t":"ULAC"},"FA7":{"desc":"L1P"},"FAB":{"t":"P180"},"FAC":{"t":"CL30"},"FB3":{"t":"CL30"},"FB4":{"t":"AS50"},"FBA":{"t":"SR20"},"FBB":{"t":"CRJ7"},"FC7":{"desc":"L1P"},"FCC":{"t":"C195"},"FCD":{"desc":"L1P"},"FCF":{"t":"T28"},"FD1":{"t":"TBM7"},"FD4":{"t":"C551"},"FD5":{"desc":"L1P"},"FD8":{"t":"SR22"},"FDA":{"t":"GLID"},"FDE":{"t":"EC35"},"FE6":{"t":"T28"},"FE8":{"t":"P28R"},"FE9":{"t":"C208"},"FF2":{"t":"E75L"},"FF9":{"t":"A320"},"FFC":{"t":"C172"},"FFE":{"desc":"L1P"},"FFF":{"desc":"H6E"}}