{"003":{"t":"E75L"},"007":{"desc":"L1P"},"00A":{"t":"A320"},"00C":{"t":"PC12"},"00D":{"t":"C172"},"00F":{"t":"P210"},"010":{"t":"P28A"},"013":{"t":"P28B"},"01B":{"t":"P28B"},"01F":{"t":"P28B"},"020":{"t":"GALX"},"041":{"desc":"L1P"},"042":{"t":"R22"},"044":{"t":"C82R"},"049":{"desc":"L1P"},"04D":{"t":"BT36"},"04F":{"t":"E55P"},"051":{"t":"BALL"},"052":{"desc":"L1P"},"055":{"desc":"L1P"},"05A":{"t":"BE36"},"05D":{"desc":"L1P","t":"ULAC"},"05E":{"t":"DA40"},"05F":{"desc":"A1P"},"060":{"desc":"L1P"},"062":{"t":"P28B"},"068":{"t":"C172"},"06C":{"t":"C402"},"073":{"t":"PA18"},"076":{"t":"BT36"},"07B":{"t":"C172"},"084":{"t":"DA42"},"085":{"t":"P32R"},"08D":{"desc":"L1E"},"0A5":{"desc":"L1P"},"0A6":{"t":"RV12"},"0BE":{"t":"BE36"},"0C3":{"t":"GLID"},"0CB":{"t":"B737"},"0D5":{"t":"HUSK"},"122":{"desc":"L1P"},"123":{"t":"C206"},"124":{"t":"GC1"},"125":{"t":"C180"},"128":{"desc":"L1P"},"129":{"t":"C182"},"12A":{"t":"ERCO"},"12B":{"t":"BE33"},"131":{"t":"PA25"},"132":{"t":"P28A"},"134":{"t":"NAVI"},"136":{"t":"C140"},"139":{"t":"PA36"},"13B":{"t":"AT3P"},"13C":{"t":"TAYB"},"13D":{"t":"TAYB"},"13E":{"t":"TAYB"},"13F":{"t":"TAYB"},"140":{"t":"BE10"},"142":{"t":"BE35"},"143":{"t":"BE36"},"144":{"t":"BE35"},"145":{"desc":"L1P"},"146":{"t":"PA18"},"147":{"t":"GC1"},"14C":{"t":"C182"},"14D":{"t":"ERCO"},"150":{"t":"BE23"},"151":{"t":"PA12"},"152":{"t":"PA38"},"154":{"t":"P28A"},"155":{"t":"P28A"},"156":{"desc":"H1P"},"15A":{"t":"BE23"},"15B":{"desc":"L1P"},"15D":{"t":"BE23"},"160":{"t":"BE33"},"162":{"t":"BE55"},"163":{"t":"BE36"},"164":{"t":"AT3P"},"166":{"t":"AT3T"},"167":{"t":"TAYB"},"16A":{"t":"GC1"},"16B":{"t":"C182"},"170":{"t":"PA18"},"171":{"t":"C182"},"173":{"t":"BE23"},"174":{"t":"PA12"},"177":{"t":"BE23"},"178":{"t":"C182"},"179":{"t":"C337"},"17E":{"t":"C182"},"180":{"t":"BE23"},"181":{"t":"BE36"},"182":{"t":"BE36"},"18B":{"desc":"L1P"},"18F":{"t":"C170"},"190":{"t":"CH7A"},"191":{"t":"C210"},"192":{"t":"C182"},"195":{"t":"C172"},"198":{"t":"PA38"},"199":{"t":"PA38"},"19B":{"t":"C182"},"19C":{"t":"C182"},"19D":{"t":"NAVI"},"19E":{"t":"P28B"},"19F":{"t":"C140"},"1A1":{"t":"C182"},"1A2":{"t":"C177"},"1A3":{"t":"BE23"},"1A4":{"t":"PA38"},"1A6":{"t":"TAYB"},"1AC":{"t":"TAYB"},"1AD":{"t":"BE36"},"1B1":{"t":"C180"},"1B4":{"t":"C210"},"1B5":{"t":"C182"},"1B7":{"t":"BE23"},"1B8":{"t":"J3"},"1BA":{"t":"PA12"},"1BB":{"t":"PA38"},"1BC":{"t":"PA18"},"1BE":{"t":"C182"},"1C0":{"t":"P28A"},"1C4":{"t":"C182"},"1C6":{"desc":"A1P"},"1C9":{"t":"BE33"},"1CE":{"t":"AT3P"},"1D0":{"t":"AT3T"},"1D2":{"t":"PA38"},"1D3":{"t":"GC1"},"1D4":{"t":"C82R"},"1D5":{"t":"PA38"},"1D7":{"t":"T206"},"1D8":{"t":"ULAC"},"1D9":{"t":"ERCO"},"1DA":{"t":"T206"},"1DC":{"t":"BE23"},"1DE":{"t":"C182"},"1E0":{"t":"BE23"},"1E2":{"t":"PA46"},"1E3":{"t":"NAVI"},"1E5":{"t":"C140"},"1EA":{"t":"TAYB"},"1ED":{"t":"P28R"},"1EF":{"t":"C182"},"1F3":{"t":"BE58"},"1F5":{"t":"PA18"},"1F7":{"t":"C180"},"1F8":{"t":"C170"},"1F9":{"t":"C182"},"1FB":{"t":"C182"},"1FE":{"t":"L8"},"200":{"t":"C182"},"201":{"t":"C182"},"203":{"desc":"L1P"},"205":{"t":"C337"},"208":{"t":"C140"},"209":{"t":"P28A"},"20B":{"t":"C182"},"20C":{"t":"BE23"},"20D":{"desc":"L1P"},"20E":{"desc":"L1P"},"210":{"t":"TAYB"},"215":{"t":"TAYB"},"218":{"t":"PA18"},"219":{"t":"GC1"},"21A":{"t":"AT3P"},"21B":{"t":"C170"},"21C":{"t":"CH7A"},"21E":{"t":"C182"},"21F":{"t":"ERCO"},"223":{"t":"C182"},"224":{"t":"C140"},"225":{"t":"BE55"},"229":{"t":"NAVI"},"22B":{"t":"C140"},"22D":{"t":"C182"},"22F":{"t":"PA27"},"230":{"t":"TAYB"},"231":{"t":"TAYB"},"233":{"t":"C172"},"234":{"t":"BE35"},"235":{"t":"C172"},"236":{"t":"C182"},"237":{"t":"C182"},"238":{"t":"C172"},"239":{"t":"TAYB"},"23B":{"t":"PA18"},"23F":{"t":"PA38"},"241":{"t":"C182"},"246":{"t":"PA12"},"248":{"t":"PA18"},"249":{"t":"BE23"},"24A":{"t":"BALL"},"24B":{"t":"C182"},"24D":{"t":"C172"},"24E":{"t":"C140"},"250":{"t":"C182"},"252":{"t":"BE23"},"255":{"t":"BE36"},"258":{"t":"BE35"},"259":{"t":"TAYB"},"25B":{"t":"TAYB"},"25F":{"t":"GC1"},"260":{"t":"C180"},"261":{"t":"C170"},"262":{"t":"CH7A"},"264":{"t":"C182"},"266":{"t":"BE23"},"267":{"t":"C182"},"269":{"t":"PA12"},"26B":{"t":"C172"},"26C":{"t":"WACF"},"26F":{"t":"NAVI"},"272":{"t":"P32T"},"273":{"t":"PA44"},"274":{"t":"C177"},"275":{"t":"C172"},"276":{"t":"TAYB"},"27A":{"t":"TAYB"},"27C":{"t":"TAYB"},"280":{"desc":"L1P"},"283":{"t":"ULAC"},"286":{"desc":"L1P"},"289":{"desc":"H2T"},"28A":{"t":"C182"},"28B":{"t":"B739"},"28D":{"desc":"L1P"},"292":{"desc":"L1P","t":"ULAC"},"29A":{"desc":"L1P"},"29C":{"t":"F2TH"},"2A1":{"t":"C680"},"2A5":{"t":"DA40"},"2AB":{"t":"AS50"},"2B3":{"desc":"L1T","t":"PA46"},"2B4":{"t":"C206"},"2B5":{"desc":"L1P","t":"ULAC"},"2BA":{"t":"SR22"},"2BB":{"desc":"H2T"},"2BD":{"t":"LJ35"},"2BF":{"t":"B763"},"2C1":{"t":"C182"},"2C4":{"t":"P28A"},"2CC":{"desc":"L1P"},"2CE":{"t":"GLID"},"2CF":{"t":"B58T"},"2D3":{"desc":"L1P"},"2D5":{"t":"B47G"},"2DD":{"t":"DA40"},"2DE":{"t":"C172"},"2E1":{"t":"C310"},"2E5":{"desc":"L1P"},"2EA":{"t":"C56X"},"2FE":{"desc":"L1P"},"300":{"t":"C182"},"301":{"desc":"L1P"},"313":{"t":"B06"},"318":{"t":"GLF5"},"31C":{"t":"B738"},"327":{"t":"GLF4"},"330":{"t":"E300"},"340":{"t":"PA18"},"347":{"t":"HUSK"},"34B":{"desc":"L1P","t":"ULAC"},"34C":{"desc":"L1P"},"34F":{"t":"GLID"},"353":{"desc":"L1P"},"355":{"t":"P46T"},"358":{"t":"E75L"},"35B":{"t":"E55P"},"35D":{"desc":"A1P","t":"ULAC"},"364":{"t":"BL17"},"366":{"desc":"L1P"},"386":{"desc":"L1P"},"387":{"desc":"L1P","t":"ULAC"},"389":{"t":"S22T"},"38C":{"desc":"L1P"},"38F":{"t":"SF50"},"394":{"desc":"L1P"},"395":{"t":"PA46"},"399":{"t":"C182"},"3A2":{"t":"C25A"},"3BA":{"t":"E75L"},"3BF":{"desc":"L1P"},"3C1":{"t":"A320"},"3C6":{"desc":"L1P"},"3C9":{"t":"PAY2"},"3CF":{"desc":"H2T"},"3D7":{"t":"CRJ2"},"3F0":{"t":"CL60"},"3F9":{"desc":"L1P"},"3FA":{"t":"M20T"},"3FB":{"desc":"L1P"},"3FC":{"desc":"L1P"},"3FD":{"t":"C82S"},"401":{"t":"SR22"},"403":{"desc":"L1J"},"406":{"t":"M20T"},"409":{"desc":"L1P"},"40C":{"desc":"L1P"},"411":{"t":"BE35"},"417":{"t":"PC12"},"419":{"t":"EC30"},"41C":{"desc":"L2T"},"41D":{"t":"C421"},"41F":{"t":"BE40"},"423":{"t":"P46T"},"42A":{"t":"GLID"},"42B":{"t":"ECHO"},"42D":{"t":"BALL"},"42E":{"t":"BE95"},"432":{"t":"C172"},"43C":{"t":"DA42"},"43F":{"t":"LJ24"},"45D":{"t":"RV12"},"46A":{"t":"C560"},"471":{"t":"RV12"},"475":{"desc":"L1P"},"478":{"t":"C550"},"482":{"t":"B737"},"48C":{"t":"HUSK"},"48E":{"t":"FA7X"},"4DB":{"t":"PA38"},"4DD":{"t":"C170"},"4DE":{"t":"C182"},"4DF":{"t":"C172"},"4E0":{"t":"C182"},"4E1":{"t":"PA18"},"4E2":{"t":"C172"},"4E8":{"t":"BE23"},"4EB":{"t":"NAVI"},"4EC":{"t":"C172"},"4ED":{"t":"C140"},"4EE":{"t":"C182"},"4EF":{"t":"T206"},"4F3":{"desc":"L1P"},"4F5":{"desc":"L1P"},"4F8":{"desc":"L1P"},"4F9":{"t":"B737"},"4FA":{"t":"B737"},"4FD":{"t":"PA22"},"4FF":{"t":"C180"},"501":{"t":"C172"},"504":{"t":"T206"},"507":{"t":"PA38"},"50A":{"t":"PA22"},"50C":{"t":"C182"},"50D":{"t":"BALL"},"50E":{"t":"P28A"},"510":{"t":"AT3P"},"511":{"t":"BE19"},"512":{"t":"C182"},"513":{"t":"PA36"},"515":{"desc":"L1P"},"519":{"t":"BE36"},"51C":{"t":"BE36"},"520":{"t":"PA38"},"521":{"t":"GC1"},"522":{"t":"C82R"},"523":{"t":"C170"},"524":{"t":"CH7A"},"526":{"t":"C182"},"529":{"t":"PA38"},"52E":{"t":"BE23"},"530":{"t":"PA18"},"532":{"t":"C172"},"534":{"t":"BE19"},"535":{"t":"C182"},"537":{"t":"BE23"},"539":{"t":"B737"},"53B":{"t":"BE35"},"53C":{"t":"BE36"},"544":{"t":"GC1"},"545":{"t":"C82R"},"546":{"desc":"L1P"},"548":{"t":"C210"},"549":{"t":"C172"},"54B":{"t":"PA18"},"54C":{"t":"C172"},"54E":{"t":"C172"},"54F":{"t":"C140"},"554":{"t":"P28A"},"555":{"t":"C172"},"557":{"t":"BE24"},"55A":{"t":"C172"},"560":{"t":"C182"},"562":{"t":"PA38"},"563":{"t":"PA38"},"567":{"t":"GC1"},"568":{"t":"C82R"},"56A":{"t":"C172"},"56B":{"t":"AS50"},"56C":{"t":"C182"},"56D":{"t":"ERCO"},"570":{"t":"PA38"},"572":{"t":"C120"},"577":{"t":"P28A"},"578":{"t":"C172"},"579":{"t":"C140"},"57A":{"t":"AT3P"},"57B":{"t":"C182"},"57D":{"t":"BE23"},"57F":{"desc":"L1P"},"582":{"t":"AT3T"},"58B":{"t":"C82R"},"58C":{"t":"C170"},"58D":{"t":"CH7A"},"591":{"t":"C182"},"592":{"t":"L8"},"593":{"t":"BE23"},"594":{"t":"P28A"},"595":{"t":"C140"},"596":{"t":"PA22"},"597":{"t":"BE23"},"599":{"t":"T210"},"59E":{"t":"C182"},"5A0":{"t":"BE23"},"5A3":{"t":"BE36"},"5A4":{"t":"BE33"},"5A7":{"t":"C182"},"5A8":{"t":"BE33"},"5AB":{"t":"R22"},"5B2":{"t":"C182"},"5B4":{"t":"BE23"},"5B6":{"t":"BE23"},"5B7":{"t":"PA12"},"5B8":{"t":"C120"},"5B9":{"t":"PA22"},"5BA":{"t":"BE23"},"5BB":{"t":"C182"},"5BD":{"t":"P28A"},"5BE":{"t":"C172"},"5BF":{"t":"C182"},"5C1":{"t":"C182"},"5C4":{"desc":"L1P"},"5C9":{"desc":"L1P"},"5CE":{"desc":"L1P"},"5D1":{"t":"BE36"},"5D3":{"t":"C172"},"5D4":{"t":"C210"},"5D5":{"t":"C182"},"5D9":{"t":"BE23"},"5DC":{"t":"C182"},"5E1":{"t":"P28A"},"5E4":{"t":"C182"},"5E5":{"t":"C182"},"5E6":{"t":"PA27"},"5E8":{"desc":"L1P","t":"ULAC"},"5EE":{"t":"C172"},"5F1":{"t":"R22"},"5F3":{"t":"PA38"},"5F4":{"t":"C180"},"5F6":{"desc":"L1P"},"5F7":{"t":"PA38"},"5F8":{"t":"C182"},"5FD":{"t":"PA12"},"600":{"t":"AT3P"},"603":{"t":"P28A"},"604":{"t":"P28A"},"607":{"t":"T206"},"608":{"t":"T206"},"609":{"t":"BE23"},"60B":{"t":"T206"},"60C":{"t":"C182"},"60E":{"desc":"L1P"},"60F":{"desc":"L1P"},"611":{"desc":"L1P","t":"ULAC"},"612":{"t":"C172"},"616":{"t":"GC1"},"617":{"t":"C82R"},"618":{"t":"C170"},"619":{"t":"CH7A"},"61A":{"t":"T206"},"61B":{"t":"PA38"},"61E":{"t":"PA18"},"620":{"t":"PA12"},"621":{"t":"C140"},"622":{"t":"PA38"},"624":{"t":"C182"},"626":{"t":"GLEX"},"627":{"t":"C172"},"629":{"t":"BALL"},"62A":{"t":"C182"},"62B":{"t":"C177"},"62D":{"desc":"L1P"},"62F":{"desc":"L1P"},"635":{"t":"C172"},"636":{"desc":"L1P"},"63B":{"desc":"H2T"},"63F":{"t":"B734"},"642":{"t":"B739"},"643":{"desc":"L2T"},"644":{"t":"A109"},"648":{"t":"SR22"},"64A":{"t":"PA44"},"652":{"desc":"A1P","t":"ULAC"},"653":{"desc":"L1P","t":"ULAC"},"655":{"desc":"L1P"},"658":{"t":"C501"},"66B":{"t":"SR22"},"66E":{"t":"SR22"},"670":{"t":"SR22"},"672":{"desc":"H2T"},"678":{"t":"C182"},"67B":{"t":"C82S"},"67C":{"t":"FDCT"},"683":{"t":"C206"},"685":{"t":"WW24"},"686":{"t":"DA40"},"68C":{"desc":"L1P"},"68F":{"t":"BL8"},"694":{"t":"BE33"},"69C":{"t":"DV20"},"6A5":{"t":"C550"},"6B5":{"desc":"L1P","t":"ULAC"},"6B6":{"t":"C421"},"6B7":{"desc":"A1P","t":"ULAC"},"6C5":{"t":"A320"},"6CA":{"t":"B06"},"6CE":{"desc":"L1P","t":"ULAC"},"6DF":{"desc":"L1P"},"702":{"t":"E190"},"707":{"t":"SR22"},"70E":{"t":"C550"},"70F":{"t":"E75L"},"712":{"desc":"L1P","t":"ULAC"},"71D":{"t":"C25C"},"723":{"t":"C25B"},"72A":{"t":"ULAC"},"73D":{"t":"PC12"},"73E":{"t":"LJ45"},"743":{"desc":"L1P"},"74B":{"t":"C82S"},"74C":{"desc":"L1P"},"74D":{"t":"S22T"},"74E":{"t":"P32R"},"753":{"t":"GLF4"},"759":{"t":"S22T"},"75E":{"t":"SR20"},"762":{"t":"GLID"},"764":{"desc":"H1P"},"768":{"t":"P28A"},"771":{"t":"E75L"},"776":{"desc":"L1P"},"778":{"t":"A320"},"77E":{"desc":"H6E"},"783":{"desc":"L1P"},"786":{"desc":"H2T"},"78E":{"t":"DA40"},"78F":{"desc":"L2P"},"7A7":{"t":"CL60"},"7B2":{"desc":"L1P"},"7BB":{"t":"C25A"},"7BF":{"desc":"L1P"},"7C0":{"t":"SR22"},"7C1":{"desc":"A1P"},"7C3":{"desc":"L1P"},"7C8":{"t":"BE33"},"7C9":{"t":"BE36"},"7CA":{"t":"GLID"},"7CD":{"desc":"A1P"},"7CE":{"t":"S22T"},"7D4":{"t":"C56X"},"7D6":{"t":"C172"},"7D8":{"t":"B06"},"7D9":{"desc":"L1P"},"7DA":{"desc":"L1P"},"7E1":{"t":"PA18"},"7E5":{"t":"C25C"},"7E7":{"t":"RV12"},"7E9":{"t":"C172"},"7EC":{"t":"T206"},"7F3":{"desc":"L1P","t":"ULAC"},"7F6":{"t":"C172"},"7FA":{"t":"TWEN"},"80B":{"t":"DA42"},"813":{"t":"T28"},"814":{"t":"RV12"},"81F":{"t":"PC12"},"838":{"t":"P28B"},"839":{"t":"B737"},"83A":{"t":"SR22"},"83E":{"t":"R44"},"85E":{"t":"BE17"},"878":{"t":"BALL"},"890":{"t":"R22"},"891":{"t":"C172"},"893":{"t":"C182"},"894":{"t":"C170"},"898":{"t":"BALL"},"89A":{"t":"PA38"},"89C":{"t":"P28A"},"89E":{"t":"PA22"},"8A0":{"t":"C182"},"8A2":{"t":"P28A"},"8A4":{"t":"C140"},"8A6":{"t":"C182"},"8A7":{"t":"C182"},"8A8":{"t":"PA27"},"8A9":{"t":"PA38"},"8AB":{"t":"C206"},"8AC":{"t":"TAYB"},"8AE":{"t":"TAYB"},"8B0":{"t":"C182"},"8B6":{"t":"C180"},"8B7":{"t":"C170"},"8B9":{"t":"C210"},"8BD":{"t":"PA38"},"8BF":{"t":"PA12"},"8C0":{"t":"PA38"},"8C9":{"t":"C182"},"8CA":{"t":"T206"},"8CB":{"t":"C172"},"8CC":{"t":"AT3P"},"8CE":{"t":"TAYB"},"8CF":{"t":"AT3T"},"8D2":{"t":"C182"},"8D3":{"t":"TAYB"},"8D8":{"desc":"L2P"},"8DA":{"t":"C182"},"8DB":{"t":"C182"},"8DD":{"t":"C182"},"8DE":{"t":"C182"},"8E1":{"t":"BE23"},"8E2":{"t":"P28A"},"8E6":{"t":"C172"},"8E7":{"t":"C337"},"8E8":{"t":"P28A"},"8E9":{"t":"C172"},"8EA":{"t":"PA38"},"8EC":{"t":"C182"},"8ED":{"t":"C182"},"8F1":{"t":"BE36"},"8F3":{"t":"BE23"},"8F4":{"t":"TAYB"},"8F5":{"t":"ULAC"},"8F6":{"desc":"L1P"},"8FA":{"t":"BE35"},"8FB":{"t":"GC1"},"8FE":{"t":"CH7A"},"8FF":{"t":"PA38"},"900":{"t":"C172"},"901":{"t":"ERCO"},"904":{"t":"T206"},"906":{"t":"C120"},"907":{"t":"PA22"},"90F":{"t":"C182"},"910":{"t":"C210"},"911":{"desc":"H4E"},"912":{"t":"BE23"},"913":{"t":"PA38"},"915":{"t":"TAYB"},"917":{"t":"TAYB"},"918":{"t":"TAYB"},"91E":{"t":"GC1"},"921":{"t":"CH7A"},"923":{"t":"C182"},"924":{"t":"ERCO"},"925":{"t":"BE23"},"927":{"t":"C172"},"928":{"t":"PA12"},"929":{"t":"C140"},"92A":{"t":"PA22"},"92B":{"t":"BE23"},"92C":{"t":"P28B"},"92D":{"t":"T210"},"92F":{"t":"C172"},"932":{"t":"C182"},"933":{"t":"C177"},"936":{"t":"C172"},"939":{"t":"TAYB"},"93E":{"desc":"L1P","t":"ULAC"},"940":{"t":"PA22"},"941":{"t":"GC1"},"942":{"t":"C82R"},"943":{"t":"C170"},"944":{"t":"CH7A"},"945":{"t":"C172"},"947":{"t":"ERCO"},"949":{"t":"PA38"},"94B":{"t":"PA12"},"94F":{"t":"BALL"},"951":{"t":"P28A"},"952":{"t":"C172"},"956":{"t":"R22"},"957":{"desc":"L1P"},"959":{"t":"BE23"},"95B":{"t":"TAYB"},"961":{"t":"BE19"},"965":{"t":"C82R"},"966":{"t":"C170"},"967":{"t":"C172"},"96A":{"t":"ERCO"},"96E":{"t":"PA12"},"96F":{"t":"PA38"},"972":{"t":"P28A"},"973":{"t":"PA18"},"974":{"t":"P28A"},"976":{"t":"C172"},"977":{"t":"AT3P"},"978":{"t":"PA36"},"97A":{"t":"BE23"},"984":{"t":"TAYB"},"985":{"t":"GLID"},"987":{"t":"GC1"},"988":{"t":"C180"},"98A":{"t":"CH7A"},"98B":{"t":"C210"},"98C":{"t":"C182"},"98D":{"t":"ERCO"},"991":{"t":"PA12"},"995":{"t":"C182"},"996":{"t":"PA18"},"998":{"t":"C172"},"999":{"t":"C140"},"9A0":{"t":"TAYB"},"9A4":{"t":"TAYB"},"9A6":{"t":"TAYB"},"9A8":{"t":"ST75"},"9A9":{"t":"PA38"},"9AA":{"t":"PA38"},"9AB":{"t":"C180"},"9AD":{"t":"CH7A"},"9AE":{"t":"C210"},"9AF":{"t":"C182"},"9B0":{"t":"ERCO"},"9B2":{"t":"L8"},"9B3":{"t":"C172"},"9B4":{"t":"PA12"},"9BA":{"t":"PA38"},"9BB":{"t":"C172"},"9BE":{"t":"C182"},"9BF":{"t":"C177"},"9C0":{"t":"BE23"},"9C1":{"t":"TAYB"},"9C5":{"t":"TAYB"},"9C9":{"t":"TAYB"},"9CF":{"t":"PA38"},"9D1":{"t":"PA38"},"9D2":{"t":"T206"},"9D3":{"t":"ERCO"},"9D6":{"t":"T206"},"9D8":{"t":"C120"},"9DB":{"t":"C182"},"9DC":{"t":"C82T"},"9DD":{"t":"PA38"},"9DE":{"t":"C172"},"9DF":{"t":"C172"},"9E0":{"t":"BE19"},"9E6":{"t":"TAYB"},"9EC":{"t":"TAYB"},"9EE":{"t":"PT22"},"9EF":{"t":"PA32"},"9F0":{"t":"BE35"},"9F1":{"desc":"L1P","t":"ULAC"},"9F4":{"t":"B06"},"9F6":{"desc":"H6E"},"9F7":{"t":"AS50"},"9F8":{"t":"BE36"},"9FA":{"desc":"L2T"},"9FD":{"t":"SR20"},"A01":{"t":"PA44"},"A04":{"desc":"L1P"},"A05":{"t":"F900"},"A07":{"t":"B763"},"A09":{"desc":"A1P","t":"ULAC"},"A0B":{"t":"COL4"},"A21":{"t":"P28A"},"A22":{"t":"LJ31"},"A25":{"t":"FA20"},"A29":{"desc":"H2T"},"A2F":{"desc":"L1P"},"A32":{"t":"C170"},"A34":{"t":"C25C"},"A3B":{"desc":"L1P"},"A3D":{"t":"DA40"},"A40":{"t":"L39"},"A41":{"t":"BE55"},"A43":{"t":"R44"},"A44":{"desc":"L1P"},"A46":{"t":"L39"},"A4B":{"t":"DA40"},"A4F":{"t":"FDCT"},"A53":{"t":"BE17"},"A57":{"desc":"L1P"},"A5E":{"t":"C414"},"A67":{"desc":"L1P"},"A6C":{"desc":"L1P"},"A7D":{"t":"SR22"},"A81":{"t":"B06"},"A86":{"t":"GLF5"},"A96":{"desc":"L1P","t":"ULAC"},"A9E":{"desc":"L1P"},"AB2":{"desc":"L8E"},"AB7":{"t":"SR20"},"AB8":{"t":"P28A"},"AB9":{"t":"E190"},"ABA":{"t":"LJ31"},"AC0":{"t":"ULAC"},"AC5":{"t":"C425"},"AC6":{"t":"E75L"},"AC7":{"t":"C208"},"AC8":{"desc":"A1P"},"AC9":{"t":"G150"},"ACB":{"t":"BE20"},"ACC":{"desc":"L1P"},"AD0":{"t":"C172"},"AD1":{"t":"BE20"},"ADE":{"desc":"L1P"},"ADF":{"desc":"A1T","t":"KODI"},"AF1":{"t":"CRJ7"},"AF4":{"t":"BL8"},"AFB":{"desc":"L1P"},"B02":{"desc":"L1P"},"B03":{"t":"DA40"},"B05":{"t":"B407"},"B10":{"desc":"H4E"},"B13":{"t":"C206"},"B19":{"t":"H500"},"B1C":{"t":"PA18"},"B1F":{"t":"P28A"},"B28":{"t":"E75L"},"B2D":{"desc":"L1P"},"B2F":{"t":"A320"},"B34":{"t":"C172"},"B40":{"desc":"L1P"},"B45":{"t":"B06"},"B46":{"desc":"L1P"},"B49":{"t":"L39"},"B5E":{"t":"CL60"},"B68":{"desc":"L1P"},"B6E":{"t":"L39"},"B6F":{"desc":"L1P","t":"ULAC"},"B78":{"t":"H25B"},"B7F":{"t":"BE35"},"B81":{"t":"UH12"},"B82":{"t":"ULAC"},"B84":{"t":"C421"},"B85":{"t":"CH7B"},"B87":{"t":"EC30"},"B8B":{"t":"RV12"},"B8D":{"t":"C172"},"B8F":{"t":"LJ45"},"B91":{"t":"P32R"},"B94":{"t":"M20P"},"B98":{"t":"C180"},"B9B":{"t":"C56X"},"BAD":{"t":"BALL"},"BAE":{"t":"C172"},"BB2":{"desc":"H6E"},"BCA":{"t":"BE35"},"BCB":{"t":"RV12"},"BDF":{"desc":"L1P"},"BE3":{"t":"GLID"},"BE4":{"t":"S22T"},"BE7":{"desc":"A1P","t":"ULAC"},"BEB":{"desc":"A1P"},"BEC":{"desc":"H1P"},"BEF":{"t":"C180"},"BF0":{"t":"B737"},"BF1":{"desc":"L1P","t":"ULAC"},"BF3":{"t":"S22T"},"BF5":{"t":"S22T"},"C40":{"desc":"L1P"},"C48":{"t":"PA22"},"C49":{"t":"GC1"},"C4A":{"t":"C172"},"C4B":{"t":"C170"},"C4F":{"t":"PA18"},"C52":{"t":"BE23"},"C54":{"t":"C140"},"C55":{"t":"PA22"},"C56":{"t":"BE23"},"C58":{"t":"C210"},"C59":{"t":"P28A"},"C5A":{"t":"C172"},"C5C":{"t":"BE19"},"C5E":{"t":"CH7A"},"C5F":{"t":"BE23"},"C67":{"t":"AR11"},"C6C":{"t":"C182"},"C6F":{"t":"T206"},"C70":{"t":"C210"},"C71":{"t":"C182"},"C74":{"desc":"L1P"},"C76":{"t":"C172"},"C77":{"t":"C120"},"C78":{"t":"PA22"},"C79":{"t":"P28A"},"C7C":{"t":"P28A"},"C7D":{"t":"PA32"},"C7E":{"t":"C140"},"C7F":{"t":"BE19"},"C81":{"t":"C177"},"C86":{"t":"PA38"},"C8A":{"desc":"L1P"},"C8C":{"t":"AR11"},"C8F":{"desc":"L1P"},"C90":{"t":"C180"},"C93":{"t":"C210"},"C94":{"t":"PA38"},"C95":{"t":"PA18"},"C98":{"t":"BE23"},"C9B":{"t":"PA22"},"C9C":{"t":"P28A"},"C9D":{"t":"C182"},"CA1":{"t":"C140"},"CA3":{"t":"C182"},"CA5":{"t":"BE23"},"CA7":{"t":"AR11"},"CAB":{"t":"AR11"},"CAD":{"t":"AR11"},"CB2":{"t":"PA38"},"CB3":{"t":"C180"},"CB4":{"t":"C170"},"CB6":{"t":"C210"},"CB8":{"t":"ERCO"},"CBB":{"t":"BE23"},"CBC":{"t":"PA12"},"CBD":{"t":"AT3T"},"CC2":{"t":"P28A"},"CC8":{"t":"C172"},"CCC":{"desc":"H1P"},"CCE":{"t":"AR11"},"CD3":{"desc":"L1P"},"CD4":{"t":"PA22"},"CD5":{"t":"GC1"},"CD7":{"t":"C170"},"CD8":{"t":"CH7A"},"CD9":{"t":"C210"},"CDB":{"t":"ERCO"},"CDF":{"t":"P28R"},"CE0":{"t":"AT3T"},"CE1":{"desc":"S1P","t":"PA22"},"CE3":{"t":"AT6T"},"CE4":{"t":"C82R"},"CE7":{"t":"C140"},"CEB":{"t":"BE23"},"CF1":{"t":"PA38"},"CF8":{"t":"PA38"},"CFC":{"desc":"L1P"},"CFE":{"t":"ERCO"},"D00":{"desc":"L1P"},"D03":{"t":"C120"},"D06":{"t":"C182"},"D08":{"t":"P28A"},"D09":{"t":"C172"},"D0A":{"t":"P28A"},"D0B":{"t":"BE19"},"D0C":{"t":"C182"},"D0D":{"t":"C177"},"D11":{"desc":"L1P"},"D13":{"desc":"L1P"},"D15":{"desc":"S1P","t":"AR11"},"D18":{"t":"C182"},"D1B":{"desc":"L1P"},"D1F":{"t":"C210"},"D20":{"t":"C182"},"D21":{"t":"ERCO"},"D22":{"t":"PA18"},"D23":{"t":"C182"},"D28":{"t":"BE23"},"D29":{"t":"C182"},"D2A":{"t":"C82T"},"D2C":{"t":"C150"},"D2F":{"desc":"L1P"},"D30":{"t":"C177"},"D31":{"t":"BE23"},"D33":{"t":"AR11"},"D34":{"t":"AR11"},"D35":{"t":"BE19"},"D38":{"t":"BE23"},"D3C":{"desc":"L1P"},"D3D":{"t":"PA38"},"D3E":{"t":"GC1"},"D40":{"t":"C170"},"D41":{"t":"BE23"},"D43":{"t":"C182"},"D48":{"t":"PA12"},"D4C":{"t":"C182"},"D4D":{"t":"C337"},"D4E":{"t":"P28A"},"D50":{"t":"C140"},"D51":{"t":"BE19"},"D52":{"t":"C182"},"D56":{"t":"AR11"},"D59":{"t":"AR11"},"D5A":{"t":"AR11"},"D5B":{"t":"BE23"},"D5C":{"t":"AR11"},"D5E":{"t":"BE23"},"D61":{"t":"GC1"},"D63":{"t":"C170"},"D65":{"t":"C210"},"D6C":{"t":"PA38"},"D6E":{"t":"BE23"},"D70":{"t":"C337"},"D73":{"desc":"L1P"},"D75":{"t":"C182"},"D79":{"t":"AR11"},"D7A":{"t":"BE19"},"D7B":{"t":"B789"},"D7D":{"t":"AR11"},"D7E":{"t":"BE23"},"D84":{"t":"GC1"},"D86":{"t":"C170"},"D88":{"t":"C210"},"D89":{"t":"C182"},"D8A":{"t":"PA18"},"D8C":{"t":"L8"},"D8D":{"t":"BE23"},"D8F":{"t":"GLID"},"D90":{"t":"PA22"},"D92":{"desc":"L2P"},"D93":{"t":"PA18"},"D94":{"t":"P28A"},"D95":{"t":"PA25"},"D96":{"t":"L39"},"D97":{"t":"BE24"},"D99":{"t":"C177"},"DA1":{"desc":"S1P","t":"AR11"},"DA4":{"t":"AR11"},"DA6":{"t":"BE9L"},"DA7":{"t":"BE35"},"DA8":{"desc":"L1P"},"DA9":{"t":"CL30"},"DAB":{"t":"B06"},"DAC":{"t":"C172"},"DAD":{"t":"BE35"},"DAE":{"t":"SF50"},"DAF":{"t":"C500"},"DB0":{"t":"BE55"},"DB1":{"desc":"L1P"},"DB2":{"t":"S22T"},"DB4":{"t":"P28A"},"DB7":{"t":"BE36"},"DB8":{"t":"SR22"},"DB9":{"t":"AA5"},"DBA":{"desc":"L1P","t":"ULAC"},"DBD":{"t":"GLID"},"DBE":{"desc":"L1P"},"DBF":{"desc":"L1P"},"DC1":{"t":"AC11"},"DC4":{"t":"BE36"},"DC5":{"t":"BE36"},"DC6":{"t":"BE20"},"DC7":{"desc":"L2T"},"DC9":{"t":"BE36"},"DCB":{"desc":"L1P"},"DCC":{"desc":"L1P"},"DCD":{"t":"C180"},"DCF":{"desc":"L1P"},"DD0":{"t":"M20P"},"DD1":{"desc":"L1P"},"DD4":{"t":"TAYB"},"DD6":{"t":"BL8"},"DD7":{"desc":"L1P"},"DD8":{"desc":"L1P"},"DD9":{"t":"SR22"},"DDA":{"desc":"L1P"},"DDB":{"t":"AC90"},"DDD":{"desc":"L1P","t":"ULAC"},"DDE":{"t":"C340"},"DDF":{"t":"BE20"},"DE0":{"t":"T210"},"DE1":{"t":"C185"},"DE2":{"t":"PA31"},"DE3":{"t":"GLID"},"DE4":{"t":"S22T"},"DE6":{"desc":"L1P"},"DE8":{"t":"SR22"},"DE9":{"t":"BL17"},"DEA":{"t":"PA34"},"DEC":{"t":"C172"},"DED":{"desc":"L1T","t":"M600"},"DEF":{"t":"C182"},"DF0":{"desc":"H1T","t":"B505"},"DF1":{"desc":"L1P"},"DF2":{"t":"GLID"},"DF4":{"t":"C337"},"DF9":{"t":"BE60"},"DFA":{"desc":"L1P"},"DFC":{"desc":"L1P"},"DFF":{"t":"C560"},"E02":{"desc":"L1P"},"E03":{"desc":"L1P"},"E05":{"desc":"L1P"},"E09":{"desc":"A1P"},"E0A":{"t":"C550"},"E0D":{"t":"C340"},"E0E":{"desc":"L1P","t":"ULAC"},"E0F":{"t":"SR22"},"E10":{"t":"ULAC"},"E13":{"t":"EA50"},"E15":{"t":"C82T"},"E16":{"t":"BE10"},"E17":{"t":"SR22"},"E18":{"t":"SF50"},"E1B":{"desc":"L1P"},"E1C":{"desc":"G1P"},"E1E":{"desc":"L1P"},"E20":{"desc":"L1P"},"E22":{"desc":"L1P"},"E23":{"t":"C182"},"E24":{"t":"FA24"},"E25":{"desc":"L1P"},"E28":{"t":"CL30"},"E29":{"t":"PTS2"},"E2A":{"t":"C185"},"E2C":{"t":"F900"},"E2E":{"t":"P28A"},"E2F":{"t":"FA24"},"E33":{"desc":"H2T"},"E35":{"t":"R44"},"E36":{"t":"GLF2"},"E3C":{"t":"G150"},"E3D":{"t":"E300"},"E3E":{"t":"C421"},"E3F":{"t":"C180"},"E40":{"t":"BRAV"},"E42":{"t":"C560"},"E43":{"desc":"L1P"},"E44":{"t":"BE55"},"E46":{"t":"S22T"},"E48":{"t":"BE76"},"E49":{"t":"BE20"},"E4A":{"t":"R66"},"E4C":{"desc":"A1T"},"E4D":{"desc":"L1P"},"E4E":{"t":"AC90"},"E4F":{"t":"LJ60"},"E50":{"t":"C172"},"E51":{"t":"G280"},"E52":{"desc":"L1P","t":"ULAC"},"E55":{"desc":"L1P"},"E56":{"desc":"A1P"},"E57":{"desc":"L1P"},"E58":{"t":"GLID"},"E59":{"t":"BE20"},"E5A":{"desc":"L1P"},"E5C":{"desc":"L1P"},"E5E":{"desc":"L1P"},"E60":{"t":"BE33"},"E61":{"desc":"H1T","t":"B47G"},"E63":{"t":"C182"},"E65":{"desc":"L1P"},"E66":{"t":"T210"},"E67":{"desc":"L1P"},"E68":{"t":"HUSK"},"E69":{"desc":"L2T"},"E6A":{"desc":"L1P"},"E6F":{"t":"B06"},"E70":{"desc":"S1P"},"E71":{"t":"C182"},"E72":{"t":"BE9T"},"E73":{"desc":"L1P"},"E74":{"desc":"L1P"},"E76":{"desc":"L1P"},"E79":{"desc":"L1P"},"E7C":{"desc":"L1P"},"E7E":{"t":"GLF4"},"E7F":{"t":"P28A"},"E82":{"t":"BE35"},"E87":{"t":"C210"},"E88":{"t":"PA31"},"E89":{"desc":"L1P"},"E8C":{"desc":"L1P"},"E8D":{"desc":"L1P"},"E8E":{"desc":"L1P"},"E8F":{"t":"BE55"},"E91":{"t":"C172"},"E93":{"t":"C310"},"E94":{"t":"GLID"},"E95":{"desc":"L1P"},"E99":{"t":"C650"},"E9A":{"t":"M20P"},"E9C":{"t":"M20T"},"E9D":{"t":"SR20"},"E9E":{"desc":"H1P"},"EA0":{"t":"BE35"},"EA1":{"t":"SR22"},"EA3":{"t":"BE24"},"EA4":{"t":"BE24"},"EA5":{"desc":"L1P"},"EA6":{"t":"SR22"},"EA8":{"desc":"L1P"},"EA9":{"t":"LJ24"},"EAA":{"t":"BE36"},"EAB":{"t":"BALL"},"EAE":{"desc":"L1P"},"EB2":{"t":"C172"},"EB4":{"desc":"L1P"},"EB5":{"desc":"L1P"},"EB6":{"t":"BALL"},"EBA":{"t":"BE55"},"EBC":{"desc":"L1P"},"EBF":{"t":"PA22"},"EC1":{"t":"LJ60"},"EC3":{"t":"CH7B"},"EC5":{"desc":"L1P"},"EC7":{"t":"B47G"},"EC9":{"t":"GLID"},"ECB":{"t":"P32R"},"ECE":{"t":"SR22"},"ED0":{"t":"TBM7"},"ED1":{"t":"GLID"},"ED2":{"t":"BE36"},"ED3":{"t":"P28A"},"ED5":{"t":"GLID"},"ED6":{"desc":"L1P"},"ED8":{"t":"HUSK"},"EDA":{"t":"T210"},"EDC":{"desc":"L1P"},"EDE":{"t":"GLID"},"EE2":{"t":"B407"},"EE3":{"desc":"L1P"},"EE4":{"t":"BE58"},"EE6":{"t":"LJ55"},"EE9":{"t":"B407"},"EEB":{"t":"PA18"},"EEE":{"t":"PC24"},"EEF":{"t":"BE24"},"EF1":{"t":"PAY2"},"EF3":{"t":"C56X"},"EF4":{"t":"GLID"},"EF5":{"desc":"A1P"},"EF7":{"t":"C310"},"EF8":{"desc":"L1P"},"EF9":{"desc":"L1E"},"EFA":{"t":"BE24"},"EFC":{"desc":"L1P"},"EFD":{"t":"C441"},"EFE":{"desc":"L1P"},"EFF":{"t":"GLID"},"F01":{"desc":"L1P"},"F02":{"t":"COL3"},"F03":{"desc":"L1P"},"F05":{"t":"C560"},"F06":{"t":"PA18"},"F16":{"t":"LJ45"},"F17":{"t":"M5"},"F1D":{"desc":"L1P"},"F1E":{"t":"BE33"},"F1F":{"desc":"H1P"},"F20":{"t":"BE55"},"F21":{"t":"GLID"},"F22":{"t":"C182"},"F23":{"t":"SR22"},"F25":{"t":"C182"},"F26":{"desc":"L1T","t":"M600"},"F28":{"desc":"L1P"},"F29":{"t":"BE35"},"F2B":{"desc":"L1P"},"F2D":{"desc":"L1P"},"F2E":{"desc":"L1P"},"F2F":{"t":"R44"},"F31":{"desc":"L1P"},"F32":{"desc":"L1P"},"F35":{"desc":"L1P"},"F36":{"t":"LJ24"},"F37":{"t":"LJ24"},"F38":{"desc":"L1P"},"F39":{"t":"C206"},"F3A":{"t":"BL8"},"F3B":{"t":"GC1"},"F3C":{"desc":"L1P"},"F3D":{"t":"C172"},"F3E":{"desc":"L1P"},"F40":{"desc":"L1P"},"F41":{"t":"C414"},"F42":{"t":"H25B"},"F43":{"t":"J3"},"F44":{"t":"BE10"},"F45":{"desc":"L1P"},"F46":{"t":"BE20"},"F48":{"desc":"L1P"},"F49":{"desc":"L1P"},"F4B":{"t":"P28R"},"F4C":{"desc":"L1P"},"F4D":{"t":"BE36"},"F4E":{"t":"BL8"},"F4F":{"t":"TAYB"},"F50":{"desc":"L1P","t":"TB0"},"F51":{"t":"P210"},"F52":{"desc":"L1P"},"F53":{"t":"BE24"},"F54":{"t":"PA30"},"F56":{"desc":"L1P"},"F57":{"t":"FA7X"},"F58":{"t":"CH7B"},"F59":{"t":"LJ24"},"F5A":{"desc":"L1P"},"F5D":{"t":"H269"},"F5E":{"t":"BALL"},"F5F":{"desc":"L1P"},"F60":{"t":"P28A"},"F62":{"desc":"L1P"},"F63":{"t":"B06"},"F64":{"t":"C425"},"F65":{"desc":"L1P"},"F66":{"t":"GLID"},"F67":{"desc":"G1P"},"F69":{"desc":"L1P"},"F6C":{"t":"C56X"},"F6F":{"t":"C25B"},"F79":{"t":"PC24"},"F81":{"desc":"L1P"},"F82":{"t":"RV12"},"F86":{"t":"C182"},"F87":{"t":"GLID"},"F8A":{"desc":"L1J"},"F8C":{"t":"RV12"},"F8D":{"desc":"L1P","t":"ULAC"},"F8F":{"desc":"A2P"},"F91":{"t":"P32R"},"F93":{"t":"PC24"},"F95":{"t":"C182"},"F9A":{"t":"O1"},"F9B":{"t":"GLID"},"F9C":{"desc":"L1P"},"F9D":{"desc":"L2T"},"F9E":{"t":"S22T"},"F9F":{"t":"PA34"},"FA0":{"t":"AA5"},"FA1":{"desc":"L1P"},"FA2":{"t":"M5"},"FA4":{"t":"BE35"},"FA5":{"desc":"L1P"},"FA6":{"desc":"L1T"},"FA8":{"t":"P32R"},"FAA":{"t":"GLID"},"FAC":{"desc":"A1P"},"FAE":{"desc":"L1P"},"FB0":{"t":"LJ24"},"FB2":{"desc":"L1P"},"FB3":{"t":"PC24"},"FB6":{"t":"PA18"},"FB7":{"desc":"L1P"},"FB8":{"desc":"L1P"},"FBE":{"desc":"L1P"},"FC1":{"t":"C525"},"FC5":{"t":"SR20"},"FCB":{"t":"PC12"},"FCC":{"t":"BE18"},"FD0":{"desc":"A1P"},"FD4":{"t":"CH7B"},"FD6":{"t":"YK52"},"FD7":{"desc":"L1P"},"FD8":{"desc":"L1P"},"FDA":{"t":"E550"},"FDD":{"t":"GLF2"},"FDE":{"t":"P208"},"FE1":{"desc":"L1P"},"FE3":{"desc":"L1P"},"FE5":{"desc":"L1P"},"FE6":{"desc":"L1P"},"FE9":{"t":"ASTR"},"FF1":{"desc":"L1P"},"FF3":{"desc":"L1P","t":"ULAC"},"FF6":{"desc":"L1P"},"FFE":{"desc":"L1P"},"FFF":{"desc":"L1P","t":"ULAC"}}