{"002":{"t":"CH7A"},"004":{"t":"B733"},"005":{"desc":"L1P"},"007":{"t":"AS50"},"009":{"t":"BL8"},"00D":{"t":"S22T"},"011":{"t":"B737"},"018":{"t":"LJ31"},"01B":{"desc":"A1P","t":"ULAC"},"020":{"t":"H60"},"023":{"t":"DA40"},"024":{"desc":"G1P","t":"GYRO"},"026":{"desc":"L1P"},"028":{"t":"C240"},"029":{"desc":"A1P"},"031":{"t":"S108"},"032":{"t":"COL4"},"034":{"desc":"L1P","t":"ULAC"},"037":{"desc":"L1P"},"039":{"desc":"H2T"},"03B":{"t":"FA20"},"03D":{"desc":"L1P"},"03F":{"t":"T206"},"043":{"t":"C172"},"045":{"desc":"L1P"},"047":{"t":"GLF6"},"04B":{"desc":"H6E"},"04C":{"desc":"L1P"},"04D":{"t":"C182"},"051":{"desc":"L1P"},"052":{"t":"SW4"},"053":{"t":"C240"},"055":{"t":"AT3T"},"056":{"t":"C172"},"05F":{"t":"C240"},"073":{"t":"P46T"},"074":{"desc":"L1P"},"07C":{"t":"PA38"},"080":{"desc":"L1P"},"087":{"t":"H500"},"091":{"t":"B06"},"095":{"desc":"L1P"},"097":{"t":"C310"},"09C":{"t":"C240"},"09D":{"t":"UH1"},"0A0":{"t":"B190"},"0A6":{"t":"C208"},"0AE":{"desc":"L1P"},"0B1":{"t":"B58T"},"0B6":{"desc":"L2P"},"0B7":{"t":"S61"},"0BE":{"desc":"L1P"},"0C2":{"desc":"L8E"},"0C5":{"t":"EC35"},"0C8":{"t":"P28A"},"0C9":{"t":"PA27"},"0D0":{"t":"PC24"},"0D1":{"t":"LJ60"},"0D3":{"desc":"L1P"},"0D5":{"t":"DV20"},"0D6":{"t":"E75L"},"0E1":{"t":"BE20"},"0E8":{"t":"R44"},"0F2":{"desc":"L1P"},"0FA":{"t":"AT8T"},"0FB":{"t":"BALL"},"0FC":{"desc":"L1P","t":"ULAC"},"0FF":{"t":"C240"},"100":{"t":"F900"},"101":{"t":"PA30"},"105":{"t":"C182"},"112":{"t":"BE35"},"113":{"desc":"L1P"},"114":{"t":"SR22"},"115":{"t":"CL60"},"116":{"t":"C240"},"118":{"desc":"L1P"},"119":{"desc":"H1P"},"11A":{"t":"C240"},"11E":{"t":"C210"},"123":{"t":"C240"},"124":{"t":"C240"},"127":{"t":"PC24"},"138":{"t":"E75L"},"13F":{"t":"A320"},"141":{"t":"GLID"},"144":{"desc":"L2P"},"146":{"t":"BALL"},"147":{"t":"C240"},"148":{"desc":"H1T","t":"B505"},"14C":{"desc":"L1P"},"150":{"t":"BALL"},"155":{"t":"T206"},"16E":{"t":"CL60"},"176":{"t":"PA34"},"177":{"t":"C310"},"179":{"t":"C310"},"17A":{"desc":"L1P"},"17D":{"t":"C82T"},"17F":{"t":"BL8"},"182":{"t":"R44"},"187":{"t":"R44"},"188":{"t":"C421"},"18A":{"desc":"L1P"},"18B":{"desc":"L1P"},"18C":{"desc":"L1P"},"18F":{"desc":"L1P"},"190":{"t":"GLID"},"191":{"desc":"L1P"},"192":{"t":"M7"},"193":{"desc":"H1P"},"195":{"t":"EC45"},"196":{"desc":"L1P"},"197":{"t":"EC30"},"19B":{"desc":"L1P"},"19E":{"t":"C310"},"19F":{"t":"SR22"},"1A0":{"t":"BL8"},"1A2":{"t":"C152"},"1A6":{"t":"E75L"},"1A8":{"desc":"L1P"},"1A9":{"t":"C240"},"1AE":{"t":"PA44"},"1AF":{"t":"GLID"},"1B0":{"desc":"L1P"},"1B4":{"t":"C240"},"1B9":{"t":"DA42"},"1BA":{"t":"C240"},"1BB":{"t":"P06T"},"1BE":{"t":"C240"},"1C2":{"desc":"H6E"},"1DA":{"t":"H25B"},"1DB":{"t":"RV12"},"1DC":{"t":"C240"},"1E7":{"desc":"L1P"},"1EC":{"t":"S22T"},"1ED":{"desc":"L1P"},"1F3":{"desc":"L1P"},"1F4":{"t":"SR22"},"1F5":{"t":"BALL"},"1F9":{"t":"AS50"},"1FE":{"t":"GL5T"},"1FF":{"desc":"L1P"},"200":{"t":"B737"},"201":{"desc":"L1P"},"20C":{"desc":"L1P"},"222":{"desc":"H2T"},"257":{"t":"P28A"},"25A":{"t":"C180"},"25B":{"t":"C170"},"25D":{"desc":"L1P"},"25E":{"t":"C240"},"25F":{"t":"ERCO"},"266":{"t":"C182"},"267":{"t":"C182"},"268":{"t":"PA18"},"269":{"t":"T206"},"26B":{"t":"C140"},"26D":{"t":"BE24"},"26E":{"t":"C172"},"26F":{"t":"BE50"},"273":{"t":"TAYB"},"275":{"t":"BE23"},"276":{"t":"BE19"},"277":{"desc":"H1P"},"279":{"t":"BE24"},"27B":{"t":"C182"},"27C":{"t":"PA38"},"280":{"t":"PA38"},"281":{"t":"C182"},"283":{"t":"C150"},"284":{"t":"L8"},"285":{"t":"C172"},"286":{"desc":"L1P"},"287":{"t":"C120"},"28A":{"t":"C182"},"28C":{"t":"NAVI"},"28F":{"t":"GLID"},"291":{"t":"C172"},"293":{"t":"PA18"},"295":{"t":"C206"},"299":{"desc":"L1P"},"29A":{"t":"BE24"},"29B":{"t":"BE23"},"29C":{"t":"BE23"},"29E":{"t":"BE55"},"29F":{"t":"GC1"},"2A5":{"t":"ERCO"},"2A7":{"t":"PA38"},"2A8":{"t":"C172"},"2AB":{"t":"PA18"},"2AD":{"t":"C182"},"2AF":{"t":"NAVI"},"2B1":{"t":"C140"},"2B2":{"t":"GLID"},"2B3":{"t":"C182"},"2B4":{"t":"L8"},"2B6":{"t":"BE19"},"2B9":{"desc":"L1P"},"2BB":{"t":"BE19"},"2BC":{"t":"BE23"},"2BD":{"t":"BE23"},"2BE":{"t":"BE24"},"2BF":{"t":"BE19"},"2C2":{"t":"GC1"},"2C4":{"t":"PA38"},"2C5":{"t":"CH7A"},"2C6":{"t":"PA38"},"2C7":{"t":"C182"},"2C9":{"t":"C150"},"2CB":{"t":"C172"},"2CC":{"t":"PA12"},"2CE":{"t":"GLID"},"2CF":{"t":"C182"},"2D0":{"t":"C182"},"2D3":{"t":"C172"},"2D5":{"t":"GLID"},"2D7":{"t":"C172"},"2DA":{"t":"TAYB"},"2DB":{"t":"TAYB"},"2DE":{"t":"TAYB"},"2E1":{"t":"BE24"},"2E3":{"desc":"L1P"},"2E5":{"t":"GC1"},"2E6":{"t":"C180"},"2E8":{"t":"CH7A"},"2E9":{"t":"C180"},"2EB":{"t":"ERCO"},"2ED":{"desc":"L1P"},"2EE":{"t":"C172"},"2EF":{"t":"PA12"},"2F1":{"t":"PA18"},"2F2":{"t":"C182"},"2F5":{"t":"PA38"},"2F7":{"t":"C140"},"2F8":{"t":"GLID"},"2FA":{"t":"C172"},"2FB":{"t":"C182"},"2FD":{"t":"PA44"},"2FE":{"desc":"L1P"},"302":{"t":"TAYB"},"303":{"desc":"L1P"},"30B":{"t":"BALL"},"30D":{"t":"C182"},"30E":{"t":"PA18"},"310":{"t":"L8"},"312":{"t":"PA27"},"317":{"t":"C182"},"31B":{"t":"GLID"},"31F":{"desc":"L1P"},"324":{"t":"BE24"},"325":{"t":"ULAC"},"326":{"t":"BE23"},"32C":{"t":"C180"},"32D":{"t":"PA38"},"32E":{"t":"CH7A"},"332":{"t":"PA18"},"333":{"t":"PA38"},"336":{"t":"C120"},"337":{"t":"P46T"},"338":{"t":"C182"},"339":{"t":"C182"},"33B":{"t":"NAVI"},"33E":{"t":"GLID"},"33F":{"desc":"L1P"},"344":{"t":"BALL"},"349":{"t":"B47G"},"34A":{"t":"TAYB"},"34B":{"t":"TAYB"},"350":{"t":"PA38"},"351":{"desc":"L1P"},"353":{"t":"C182"},"354":{"t":"ERCO"},"357":{"desc":"L1P"},"359":{"t":"C172"},"35A":{"t":"PA38"},"35C":{"t":"C170"},"35F":{"t":"C172"},"360":{"t":"PA36"},"361":{"t":"BALL"},"362":{"t":"BALL"},"367":{"t":"BALL"},"368":{"t":"TAYB"},"36B":{"t":"TAYB"},"371":{"t":"PA38"},"372":{"t":"C180"},"374":{"t":"CH7A"},"375":{"t":"C180"},"376":{"t":"C182"},"377":{"t":"ERCO"},"378":{"t":"C150"},"379":{"desc":"L1P"},"37A":{"t":"PA38"},"380":{"desc":"L1P"},"381":{"t":"NAVI"},"383":{"t":"C140"},"384":{"t":"BALL"},"385":{"t":"C182"},"389":{"t":"TAYB"},"38B":{"t":"ULAC"},"38E":{"t":"TAYB"},"38F":{"t":"TAYB"},"391":{"t":"B732"},"393":{"t":"PA22"},"395":{"t":"C180"},"397":{"t":"C172"},"398":{"desc":"H1P"},"39A":{"t":"ERCO"},"39C":{"t":"H25B"},"39E":{"t":"PA12"},"3A4":{"t":"NAVI"},"3A6":{"t":"PA36"},"3A8":{"t":"C182"},"3A9":{"t":"C180"},"3B2":{"t":"UH1"},"3B3":{"t":"TAYB"},"3B5":{"desc":"L1P"},"3B7":{"desc":"L1P"},"3B9":{"t":"CH7A"},"3BC":{"t":"C182"},"3BE":{"t":"EC35"},"3BF":{"t":"C310"},"3C0":{"desc":"L1P"},"3C2":{"t":"EC35"},"3C6":{"t":"C320"},"3C8":{"t":"PA44"},"3C9":{"t":"R44"},"3CA":{"desc":"A1P","t":"ULAC"},"3CB":{"desc":"L1P"},"3CC":{"t":"B190"},"3CE":{"t":"B763"},"3CF":{"desc":"L1P"},"3D0":{"t":"C208"},"3D2":{"t":"E145"},"3D5":{"t":"C501"},"3DA":{"t":"DA40"},"3DB":{"desc":"L1P","t":"ULAC"},"3DD":{"desc":"L1P"},"3E0":{"desc":"L1P"},"3E4":{"desc":"L1P"},"3E9":{"t":"LJ35"},"3EB":{"t":"PA18"},"3ED":{"t":"GLF4"},"3EE":{"t":"PA23"},"3F1":{"t":"C25B"},"3F4":{"t":"SR22"},"3F6":{"t":"SR20"},"3FA":{"t":"WW24"},"3FC":{"desc":"L1P"},"401":{"desc":"L2T","t":"BE18"},"402":{"t":"C210"},"403":{"desc":"L1P"},"404":{"desc":"L1P"},"406":{"t":"E50P"},"407":{"desc":"L1P"},"408":{"t":"PA46"},"409":{"t":"SW4"},"40B":{"desc":"L1P"},"40D":{"t":"RV12"},"412":{"t":"C550"},"416":{"desc":"L1P"},"41A":{"t":"C172"},"41B":{"t":"GL5T"},"41C":{"desc":"L1P"},"42A":{"t":"AA5"},"42B":{"desc":"L1P"},"42F":{"t":"C421"},"433":{"t":"T6"},"434":{"t":"B412"},"443":{"t":"C240"},"444":{"desc":"L1T"},"445":{"t":"C550"},"44C":{"t":"AC11"},"44D":{"t":"BE33"},"44E":{"desc":"L1P"},"453":{"desc":"G1P"},"45D":{"t":"S22T"},"45E":{"desc":"L1P","t":"TB1"},"461":{"desc":"L1P"},"463":{"desc":"L1P"},"466":{"t":"BE33"},"467":{"desc":"H1P"},"468":{"desc":"L1P"},"46D":{"t":"BE36"},"473":{"t":"M20T"},"475":{"desc":"L1P"},"477":{"desc":"L1P","t":"ULAC"},"479":{"desc":"L8E"},"47F":{"t":"P28A"},"483":{"desc":"L1P"},"486":{"desc":"H1T"},"48A":{"t":"GLID"},"48C":{"t":"PA30"},"48D":{"t":"E75L"},"48F":{"t":"H25B"},"490":{"desc":"L1P"},"494":{"t":"E145"},"497":{"t":"BE17"},"49A":{"t":"PA22"},"49B":{"desc":"L1P"},"49D":{"desc":"L1P"},"4A7":{"t":"C82S"},"4A8":{"t":"C172"},"4A9":{"t":"M20T"},"4B0":{"desc":"L1P"},"4B2":{"desc":"L1P"},"4B3":{"t":"SR22"},"4B9":{"t":"LJ45"},"4BB":{"t":"SR20"},"4BC":{"t":"S22T"},"4C0":{"t":"CRJ9"},"4C1":{"t":"GLID"},"4C5":{"desc":"L1P"},"4C9":{"desc":"L2P"},"4CA":{"t":"HUSK"},"4CB":{"t":"SR22"},"4CC":{"desc":"H4E"},"4CE":{"t":"C182"},"4CF":{"desc":"L1P"},"4D0":{"t":"R44"},"4D2":{"desc":"L1P"},"4D7":{"t":"T206"},"4DB":{"t":"B407"},"4DE":{"t":"C421"},"4E2":{"t":"CL60"},"4E6":{"t":"P28A"},"4EF":{"t":"E75L"},"4F0":{"t":"BE55"},"4F6":{"t":"A320"},"4F8":{"desc":"L1P"},"4F9":{"t":"C172"},"4FB":{"t":"HUSK"},"4FC":{"t":"HUSK"},"4FD":{"t":"PA27"},"4FE":{"t":"CH7B"},"4FF":{"desc":"L1P"},"501":{"t":"C150"},"503":{"t":"BE20"},"505":{"t":"SR22"},"506":{"t":"C172"},"507":{"t":"P46T"},"510":{"desc":"L1P","t":"ULAC"},"525":{"t":"CL60"},"52D":{"t":"BE33"},"52E":{"t":"CH7B"},"52F":{"desc":"L1P"},"530":{"t":"M20P"},"531":{"t":"C185"},"533":{"desc":"L1P"},"534":{"t":"C172"},"538":{"t":"RV12"},"539":{"t":"C240"},"53B":{"desc":"L1P"},"53D":{"t":"C150"},"53E":{"t":"BE36"},"541":{"desc":"L1P"},"543":{"desc":"H10E"},"547":{"desc":"L2T"},"548":{"t":"CH7A"},"549":{"desc":"L1P","t":"ULAC"},"54A":{"t":"UH1"},"54B":{"t":"P32R"},"54C":{"desc":"L1P"},"54D":{"t":"M20P"},"54E":{"t":"SR22"},"54F":{"desc":"L1J"},"551":{"t":"SR22"},"552":{"desc":"L1P","t":"ULAC"},"554":{"desc":"L1P"},"556":{"t":"C182"},"558":{"desc":"L1P"},"55B":{"desc":"L1P"},"55D":{"t":"E75L"},"55E":{"t":"GLID"},"55F":{"t":"PA18"},"561":{"t":"SR22"},"563":{"desc":"L1P","t":"ULAC"},"565":{"t":"PA44"},"566":{"desc":"L1T"},"56A":{"t":"SR22"},"56B":{"t":"SR22"},"56C":{"t":"PA27"},"570":{"t":"C421"},"571":{"t":"AA5"},"574":{"t":"PA18"},"578":{"t":"TWEN"},"579":{"desc":"H6E"},"582":{"t":"GLID"},"592":{"t":"RV12"},"593":{"t":"C240"},"59F":{"desc":"L1P"},"5A2":{"t":"R44"},"5A4":{"t":"P28A"},"5A5":{"t":"B350"},"5A6":{"t":"PA31"},"5A8":{"t":"HUSK"},"5AC":{"t":"BE58"},"5AD":{"desc":"L1P"},"5B2":{"t":"PA18"},"5B5":{"desc":"L1P","t":"ULAC"},"5B6":{"t":"C185"},"5B7":{"t":"B737"},"5B8":{"t":"PA27"},"5BB":{"t":"BE58"},"5BC":{"desc":"L1P"},"5BF":{"desc":"L1P"},"5D9":{"desc":"H2T"},"5F5":{"t":"P28A"},"5F9":{"desc":"L4J"},"60E":{"desc":"L1P"},"610":{"t":"GC1"},"611":{"t":"C180"},"612":{"t":"C170"},"613":{"t":"C172"},"617":{"t":"C150"},"618":{"desc":"L1P"},"619":{"t":"C172"},"61A":{"t":"PA12"},"61B":{"t":"C120"},"61C":{"t":"PA18"},"61D":{"t":"C182"},"61E":{"t":"P46T"},"620":{"t":"PA38"},"621":{"t":"C172"},"624":{"t":"C182"},"627":{"desc":"L1P"},"628":{"t":"PA38"},"62A":{"t":"E45X"},"62D":{"desc":"L1P"},"62E":{"desc":"L1P","t":"ULAC"},"62F":{"t":"C172"},"630":{"desc":"L1P"},"631":{"t":"BE35"},"632":{"t":"C650"},"635":{"t":"C170"},"636":{"t":"CH7A"},"637":{"t":"R22"},"639":{"t":"ERCO"},"63A":{"t":"C150"},"63C":{"t":"C172"},"63D":{"t":"P28S"},"63E":{"t":"C140"},"63F":{"t":"PA18"},"641":{"t":"C182"},"643":{"desc":"L1P"},"644":{"t":"C172"},"646":{"t":"GLID"},"648":{"t":"C172"},"649":{"t":"YK52"},"64B":{"desc":"H1T","t":"S55P"},"64E":{"desc":"L1P"},"64F":{"desc":"L1P"},"652":{"desc":"L1P"},"655":{"t":"PA20"},"65B":{"t":"PA46"},"65F":{"t":"PA38"},"660":{"t":"P28S"},"663":{"t":"C182"},"664":{"t":"P28A"},"666":{"t":"P208"},"667":{"t":"C172"},"668":{"t":"C140"},"669":{"t":"C172"},"66A":{"t":"PA36"},"66B":{"desc":"L2P"},"66D":{"desc":"L1P"},"66F":{"desc":"L1P"},"675":{"t":"E45X"},"676":{"t":"C82S"},"677":{"t":"M20P"},"678":{"t":"PA46"},"679":{"t":"GC1"},"683":{"t":"C82S"},"686":{"desc":"L1P"},"687":{"t":"NAVI"},"688":{"t":"C337"},"689":{"t":"P28A"},"68A":{"t":"C172"},"68C":{"t":"GLID"},"68D":{"t":"R44"},"691":{"t":"BE35"},"693":{"t":"PA38"},"694":{"desc":"L1P"},"696":{"t":"BE36"},"697":{"desc":"L1P"},"699":{"t":"P28A"},"69A":{"desc":"L1P"},"69B":{"t":"PA38"},"69E":{"t":"C170"},"6A3":{"t":"L13M"},"6A4":{"t":"L8"},"6A5":{"t":"GLID"},"6A6":{"desc":"L1P"},"6A8":{"t":"PA18"},"6A9":{"t":"P32R"},"6AC":{"t":"BRAV"},"6AD":{"t":"C172"},"6AE":{"t":"C140"},"6B1":{"t":"C172"},"6B6":{"t":"C175"},"6B7":{"t":"C172"},"6B8":{"desc":"L1P"},"6B9":{"t":"PA22"},"6BB":{"desc":"L1P"},"6BD":{"t":"A139"},"6BF":{"desc":"L1P"},"6C0":{"t":"R22"},"6C2":{"desc":"L1P"},"6C3":{"t":"C180"},"6C5":{"t":"ERCO"},"6C6":{"t":"BALL"},"6C7":{"t":"L8"},"6CB":{"t":"PA18"},"6CC":{"t":"C182"},"6CD":{"t":"C182"},"6CE":{"t":"AC50"},"6CF":{"t":"NAVI"},"6D1":{"t":"C140"},"6D5":{"desc":"L1P"},"6D8":{"desc":"L1P"},"6D9":{"t":"C172"},"6DA":{"desc":"L1P"},"6DB":{"t":"C172"},"6DD":{"desc":"L1P"},"6DF":{"t":"C185"},"6E1":{"t":"PA22"},"6E2":{"t":"PA38"},"6E3":{"t":"C180"},"6E4":{"t":"BALL"},"6E5":{"t":"CH7A"},"6E7":{"t":"BALL"},"6EA":{"desc":"L1P"},"6EB":{"t":"C172"},"6EC":{"t":"P32R"},"6EF":{"t":"C182"},"6F0":{"desc":"L1P"},"6F1":{"t":"T6"},"6F2":{"t":"NAVI"},"6F3":{"t":"C172"},"6F6":{"desc":"L1P"},"6F7":{"t":"CH7A"},"6FA":{"t":"BE35"},"6FB":{"desc":"L1P"},"6FE":{"t":"B58T"},"6FF":{"desc":"L1P"},"700":{"desc":"L1P"},"701":{"desc":"L1P"},"704":{"t":"PA22"},"705":{"desc":"L1P"},"706":{"t":"C180"},"708":{"t":"C172"},"709":{"desc":"L1P"},"70A":{"t":"PA38"},"70B":{"t":"ERCO"},"70D":{"desc":"L1P"},"70E":{"t":"C172"},"70F":{"t":"P32R"},"710":{"t":"C140"},"713":{"t":"C182"},"714":{"t":"C337"},"715":{"desc":"L1P"},"716":{"t":"UH1"},"719":{"t":"C182"},"71C":{"desc":"L1P"},"71D":{"t":"B06"},"71F":{"desc":"L1P"},"723":{"t":"PA46"},"727":{"t":"PA22"},"728":{"t":"GC1"},"729":{"t":"C180"},"72A":{"t":"C170"},"72C":{"t":"ULAC"},"72D":{"t":"C182"},"730":{"t":"PA38"},"731":{"t":"C172"},"732":{"t":"PA12"},"733":{"t":"SR22"},"736":{"t":"P28A"},"737":{"t":"C337"},"739":{"t":"C172"},"73A":{"t":"PA27"},"73B":{"t":"P46T"},"73C":{"t":"C182"},"73E":{"t":"BALL"},"73F":{"desc":"L1P"},"740":{"desc":"L1P"},"741":{"t":"B58T"},"742":{"t":"BE35"},"743":{"desc":"L1P","t":"ULAC"},"744":{"t":"GLID"},"746":{"t":"C185"},"748":{"t":"L39"},"74A":{"t":"PA22"},"74D":{"t":"C170"},"74E":{"t":"CH7A"},"74F":{"t":"C180"},"750":{"t":"C182"},"751":{"t":"ERCO"},"752":{"t":"C150"},"753":{"t":"L8"},"754":{"t":"C172"},"756":{"desc":"L1T"},"757":{"t":"PA22"},"758":{"t":"C182"},"759":{"t":"C182"},"75B":{"t":"PA38"},"760":{"t":"C172"},"763":{"t":"B06"},"764":{"t":"BE36"},"766":{"t":"BE36"},"767":{"t":"BE35"},"769":{"desc":"L1P"},"76C":{"t":"B14A"},"76D":{"t":"AS50"},"76F":{"desc":"L1P"},"771":{"desc":"L1P"},"773":{"t":"C182"},"774":{"desc":"L1P"},"775":{"t":"EC35"},"777":{"t":"C172"},"779":{"t":"HUSK"},"77B":{"t":"GLID"},"77E":{"t":"C680"},"77F":{"t":"ULAC"},"781":{"t":"C172"},"783":{"t":"B190"},"785":{"t":"SR22"},"786":{"desc":"L1P"},"788":{"t":"M20T"},"789":{"t":"BL8"},"78A":{"desc":"L1P"},"78C":{"desc":"L1P","t":"ULAC"},"78E":{"t":"B06"},"790":{"desc":"L1P"},"791":{"t":"DA42"},"797":{"t":"C525"},"798":{"desc":"L2P"},"79B":{"desc":"L1P"},"79E":{"t":"PA31"},"79F":{"t":"S108"},"7A1":{"t":"M20P"},"7A2":{"t":"P32R"},"7A3":{"desc":"L1P"},"7A7":{"desc":"H2T"},"7A9":{"desc":"L2J"},"7AA":{"t":"DV20"},"7AB":{"desc":"L1P"},"7AD":{"t":"M20P"},"7AF":{"t":"ULAC"},"7B0":{"t":"LJ60"},"7B1":{"t":"FDCT"},"7B3":{"t":"DA42"},"7BB":{"desc":"L1P"},"7BE":{"desc":"L1P"},"7BF":{"desc":"L1P"},"7C0":{"t":"SW4"},"7C1":{"t":"C501"},"7C2":{"desc":"L1P"},"7C6":{"t":"DA42"},"7C9":{"desc":"L1P"},"7CA":{"desc":"L1P"},"7D1":{"t":"C172"},"7D3":{"t":"PA32"},"7D6":{"t":"PA38"},"7DD":{"t":"C182"},"7E7":{"t":"PA32"},"7EC":{"t":"DA42"},"7F0":{"t":"BE35"},"7F6":{"desc":"L1P"},"803":{"t":"C340"},"804":{"t":"COL3"},"80A":{"t":"PA31"},"80E":{"t":"DA40"},"80F":{"t":"GLF5"},"813":{"t":"BE58"},"815":{"desc":"L1P","t":"TB0"},"81C":{"t":"AA5"},"81D":{"t":"BE35"},"824":{"desc":"L1P"},"828":{"t":"M20P"},"830":{"desc":"L8E"},"835":{"t":"T28"},"837":{"t":"BE33"},"83C":{"desc":"L2T"},"83D":{"t":"PC12"},"840":{"desc":"H1P"},"841":{"desc":"L1P"},"844":{"t":"E75L"},"846":{"t":"CRJ2"},"847":{"t":"C56X"},"84A":{"t":"C172"},"84B":{"t":"E145"},"84E":{"desc":"L1P"},"84F":{"t":"C340"},"851":{"t":"UH1"},"854":{"t":"P32R"},"85A":{"t":"PA32"},"85D":{"desc":"A1T","t":"KODI"},"860":{"desc":"L1P"},"862":{"t":"C25B"},"863":{"t":"S22T"},"867":{"desc":"L1P"},"86C":{"desc":"L1P"},"86D":{"t":"BE9T"},"86F":{"desc":"L1P"},"873":{"t":"C525"},"875":{"desc":"L1P"},"877":{"t":"CRJ9"},"880":{"t":"BE35"},"882":{"t":"SR22"},"884":{"t":"M20P"},"885":{"t":"C206"},"886":{"t":"BE60"},"887":{"t":"R44"},"889":{"t":"PA46"},"88E":{"desc":"L1P"},"891":{"t":"BALL"},"892":{"t":"B407"},"895":{"t":"S22T"},"898":{"desc":"L1P"},"899":{"desc":"L1P"},"89A":{"t":"BE20"},"89D":{"t":"P28A"},"8A0":{"t":"PC12"},"8A6":{"t":"E75L"},"8AA":{"t":"BE9L"},"8AC":{"t":"BALL"},"8AD":{"t":"A320"},"8B2":{"t":"P28B"},"8B6":{"desc":"L1P"},"8B9":{"t":"C525"},"8BB":{"t":"PC24"},"8BD":{"desc":"A1T"},"8BE":{"t":"PA46"},"8BF":{"desc":"L1P"},"8C3":{"t":"SR20"},"8C4":{"desc":"L1P"},"8C7":{"desc":"L1P"},"8CA":{"desc":"L1P"},"8DC":{"t":"CL60"},"8E4":{"t":"BE33"},"8E5":{"t":"PAY3"},"8E6":{"t":"C172"},"8E7":{"t":"BE58"},"8E9":{"t":"M20T"},"8EA":{"t":"C525"},"8EE":{"t":"PA31"},"8EF":{"t":"GLID"},"8F5":{"desc":"L1P"},"8F6":{"t":"C172"},"8F9":{"desc":"L1P"},"8FB":{"t":"P210"},"8FD":{"desc":"L1P"},"8FE":{"t":"RV12"},"8FF":{"desc":"L1P"},"900":{"desc":"L1P","t":"ULAC"},"901":{"t":"C525"},"902":{"t":"SR22"},"903":{"t":"BE35"},"904":{"t":"PC12"},"905":{"t":"EC30"},"909":{"t":"DC3"},"90B":{"t":"C172"},"90D":{"t":"SR22"},"90F":{"desc":"L1P"},"911":{"t":"SR22"},"914":{"t":"E75L"},"917":{"t":"P208"},"919":{"t":"T206"},"91C":{"t":"RV12"},"91E":{"desc":"L1P"},"91F":{"t":"T206"},"921":{"desc":"L1P"},"922":{"t":"SR22"},"923":{"desc":"L1P"},"928":{"t":"GLID"},"929":{"desc":"L1P"},"92B":{"t":"C172"},"92F":{"t":"C206"},"930":{"desc":"H6E"},"943":{"desc":"L1P"},"948":{"t":"T210"},"949":{"t":"RV12"},"961":{"desc":"L1P"},"963":{"t":"T206"},"96E":{"t":"B737"},"96F":{"desc":"L1P"},"972":{"t":"C172"},"973":{"t":"M20T"},"976":{"t":"PA18"},"978":{"t":"HUSK"},"97A":{"t":"C150"},"990":{"desc":"H2T"},"993":{"t":"DA40"},"9AC":{"desc":"L1P"},"9C5":{"desc":"L1P"},"9C9":{"t":"C170"},"9CA":{"t":"CH7A"},"9CE":{"t":"C150"},"9CF":{"t":"L8"},"9D0":{"desc":"L1P"},"9D4":{"desc":"L1P"},"9D6":{"t":"C180"},"9D7":{"t":"NAVI"},"9D8":{"t":"C172"},"9DE":{"t":"C172"},"9DF":{"t":"C182"},"9E0":{"t":"B738"},"9E2":{"t":"C172"},"9E3":{"t":"C172"},"9E4":{"t":"AR11"},"9E5":{"t":"C172"},"9E6":{"desc":"L1P"},"9E7":{"t":"AR11"},"9E9":{"t":"BALL"},"9EA":{"desc":"L1P"},"9EB":{"t":"C180"},"9ED":{"t":"CH7A"},"9EE":{"t":"C180"},"9F0":{"t":"BALL"},"9F3":{"t":"C172"},"9F4":{"desc":"L1P"},"9F6":{"t":"PA22"},"9F7":{"t":"C182"},"9F8":{"t":"P28A"},"9F9":{"t":"PA18"},"9FB":{"t":"C172"},"9FD":{"t":"P28A"},"9FE":{"t":"C182"},"9FF":{"t":"C172"},"A01":{"t":"C172"},"A02":{"t":"B738"},"A03":{"t":"B738"},"A04":{"t":"C172"},"A05":{"t":"C152"},"A06":{"t":"C172"},"A07":{"t":"BALL"},"A08":{"t":"AR11"},"A09":{"t":"C172"},"A0A":{"t":"C172"},"A0C":{"desc":"L1P"},"A0D":{"t":"GC1"},"A0F":{"t":"PA38"},"A13":{"t":"PA18"},"A16":{"t":"C172"},"A17":{"t":"BE23"},"A19":{"t":"PA38"},"A1B":{"t":"C182"},"A1D":{"t":"NAVI"},"A1E":{"t":"P32R"},"A1F":{"t":"C140"},"A20":{"t":"GLID"},"A22":{"t":"P28A"},"A24":{"t":"BALL"},"A25":{"t":"C172"},"A26":{"t":"C172"},"A27":{"t":"C172"},"A28":{"t":"B738"},"A29":{"t":"BALL"},"A2A":{"t":"C172"},"A2B":{"t":"C180"},"A2C":{"t":"AR11"},"A2E":{"t":"CH7B"},"A2F":{"t":"C185"},"A31":{"t":"C82S"},"A32":{"t":"C170"},"A33":{"t":"C172"},"A34":{"t":"C180"},"A38":{"t":"L8"},"A39":{"t":"C172"},"A3B":{"t":"BALL"},"A3C":{"t":"BALL"},"A3E":{"t":"P28A"},"A3F":{"t":"T210"},"A40":{"t":"NAVI"},"A41":{"t":"C172"},"A42":{"t":"C140"},"A44":{"t":"C182"},"A45":{"t":"C172"},"A48":{"t":"AR11"},"A49":{"desc":"L1P"},"A4A":{"t":"BALL"},"A4B":{"desc":"L1P","t":"ULAC"},"A4D":{"t":"C172"},"A4E":{"t":"C172"},"A4F":{"t":"C172"},"A50":{"t":"C172"},"A51":{"t":"M7"},"A52":{"t":"PA18"},"A55":{"t":"PA38"},"A57":{"t":"P28A"},"A59":{"desc":"A1P"},"A5B":{"desc":"L1P"},"A5C":{"t":"C172"},"A5D":{"desc":"L1P"},"A5F":{"t":"C82S"},"A60":{"t":"C182"},"A61":{"t":"C182"},"A63":{"t":"NAVI"},"A64":{"t":"P46T"},"A66":{"t":"GLID"},"A67":{"t":"TBM7"},"A68":{"t":"C172"},"A6A":{"t":"C82S"},"A6B":{"t":"PA38"},"A6C":{"t":"C152"},"A6E":{"t":"AR11"},"A6F":{"t":"C172"},"A70":{"t":"C172"},"A71":{"t":"C172"},"A72":{"t":"AR11"},"A73":{"t":"C172"},"A74":{"t":"CL30"},"A75":{"t":"PA44"},"A76":{"t":"GC1"},"A77":{"t":"C182"},"A78":{"desc":"L1P"},"A79":{"t":"CH7A"},"A7B":{"t":"C182"},"A7C":{"t":"ERCO"},"A7D":{"t":"GLF6"},"A7F":{"t":"C172"},"A80":{"t":"P28A"},"A82":{"desc":"L1P"},"A84":{"t":"C182"},"A85":{"t":"T210"},"A86":{"t":"NAVI"},"A88":{"t":"C140"},"A89":{"t":"GLID"},"A8A":{"desc":"L1P"},"A8D":{"desc":"L1P"},"A8E":{"t":"C172"},"A90":{"t":"AR11"},"A92":{"t":"AR11"},"A93":{"t":"C172"},"A94":{"t":"C172"},"A95":{"t":"C172"},"A96":{"t":"C172"},"A97":{"t":"LJ45"},"A98":{"desc":"L1P"},"A99":{"t":"C82S"},"A9A":{"t":"PA38"},"A9B":{"t":"C170"},"A9C":{"t":"CH7A"},"A9D":{"t":"PA38"},"AA0":{"t":"PA18"},"AA1":{"desc":"L1P"},"AA2":{"t":"C172"},"AA7":{"t":"C182"},"AA9":{"t":"NAVI"},"AAA":{"t":"C172"},"AAB":{"t":"L13M"},"AAC":{"t":"GLID"},"AAD":{"t":"C182"},"AAE":{"t":"C172"},"AB0":{"t":"C152"},"AB1":{"t":"C152"},"AB2":{"t":"C172"},"AB3":{"t":"C172"},"AB4":{"t":"C152"},"AB5":{"t":"C172"},"AB6":{"t":"C152"},"AB7":{"t":"C172"},"AB8":{"t":"C172"},"AB9":{"t":"C152"},"ABA":{"t":"C172"},"ABC":{"t":"C82S"},"ABE":{"t":"PA18"},"AC1":{"t":"C182"},"AC2":{"t":"ERCO"},"AC5":{"t":"C172"},"AC6":{"t":"P28A"},"ACA":{"t":"P28A"},"ACC":{"t":"NAVI"},"ACD":{"t":"P28A"},"ACE":{"t":"C140"},"AD1":{"t":"C172"},"AD3":{"t":"PA38"},"AD6":{"desc":"L1P","t":"ULAC"},"AD9":{"t":"AR11"},"ADD":{"t":"CL30"},"ADF":{"t":"GC1"},"AE0":{"t":"C180"},"AE2":{"t":"SR22"},"AE3":{"t":"PA38"},"AE4":{"t":"C182"},"AE5":{"t":"ERCO"},"AE6":{"t":"C82S"},"AE7":{"t":"PA38"},"AE8":{"t":"BALL"},"AE9":{"t":"PA12"},"AEB":{"t":"PA30"},"AED":{"t":"C182"},"AEF":{"t":"NAVI"},"AF1":{"t":"R22"},"AF2":{"t":"GLID"},"AF3":{"t":"C182"},"AF4":{"t":"C172"},"AF5":{"t":"BALL"},"AF8":{"t":"BALL"},"AFA":{"t":"AR11"},"AFC":{"t":"AR11"},"AFD":{"t":"T206"},"AFF":{"t":"C82S"},"B00":{"t":"GLID"},"B02":{"t":"GC1"},"B05":{"t":"C185"},"B07":{"t":"C182"},"B09":{"desc":"L1P"},"B0A":{"t":"PA38"},"B0B":{"t":"C172"},"B0C":{"t":"PA12"},"B0F":{"t":"C82S"},"B10":{"t":"T206"},"B11":{"t":"PA18"},"B12":{"t":"P28A"},"B13":{"t":"C172"},"B14":{"t":"C140"},"B16":{"t":"C182"},"B17":{"t":"C172"},"B1A":{"desc":"L1P"},"B1C":{"t":"T206"},"B1D":{"desc":"L1P"},"B1F":{"t":"C152"},"B23":{"desc":"L2P"},"B24":{"desc":"L1P"},"B26":{"t":"ULAC"},"B27":{"desc":"H2T"},"B2A":{"t":"PC12"},"B2B":{"desc":"H1P"},"B2C":{"t":"AS50"},"B2E":{"t":"PA18"},"B30":{"t":"BE20"},"B34":{"desc":"L1E","t":"ULAC"},"B35":{"t":"DA40"},"B36":{"t":"PA44"},"B38":{"desc":"A1P"},"B3E":{"t":"CL60"},"B41":{"t":"C170"},"B48":{"t":"DA40"},"B56":{"t":"S108"},"B58":{"desc":"L1P","t":"ULAC"},"B5A":{"t":"SR20"},"B5D":{"t":"PA25"},"B5E":{"t":"SR22"},"B60":{"t":"BE20"},"B62":{"desc":"L1P"},"B64":{"t":"C172"},"B68":{"t":"FDCT"},"B6D":{"t":"HUSK"},"B71":{"desc":"L1P"},"B77":{"t":"SW4"},"B7B":{"t":"T28"},"B7F":{"t":"T206"},"B80":{"t":"DA40"},"B84":{"t":"P28R"},"B8D":{"t":"C501"},"B90":{"t":"R22"},"B99":{"desc":"L1P"},"BAA":{"t":"FA20"},"BBA":{"t":"P28A"},"BBC":{"t":"BALL"},"BBD":{"t":"AS50"},"BCF":{"desc":"L1P"},"BD3":{"t":"BE35"},"BE1":{"t":"GLID"},"BE7":{"desc":"L8E"},"BEC":{"t":"GLID"},"BED":{"t":"P28A"},"BEE":{"t":"S22T"},"BF3":{"desc":"L1P"},"BF4":{"desc":"L1P"},"BFA":{"t":"CL60"},"BFB":{"t":"E75L"},"BFC":{"t":"LJ35"},"BFD":{"desc":"L1P"},"C01":{"desc":"L1P"},"C02":{"t":"E145"},"C05":{"t":"CH7A"},"C0B":{"t":"PA46"},"C11":{"desc":"A1P"},"C13":{"desc":"H1T"},"C1F":{"t":"AT5T"},"C21":{"t":"B06"},"C2E":{"t":"CRJ9"},"C37":{"t":"M20P"},"C38":{"t":"CH7B"},"C39":{"t":"C337"},"C3A":{"t":"C82S"},"C3B":{"desc":"L1P"},"C3C":{"t":"C206"},"C3E":{"t":"P28A"},"C3F":{"t":"B350"},"C5D":{"t":"E75L"},"C64":{"t":"A320"},"C6C":{"desc":"L2J","t":"HA4T"},"C70":{"t":"HA4T"},"C7A":{"t":"P32R"},"C93":{"t":"CL60"},"C9F":{"desc":"L1P"},"CAF":{"desc":"L1P"},"CB0":{"t":"S22T"},"CB3":{"t":"T210"},"CB4":{"desc":"L1P"},"CB5":{"t":"PA22"},"CBA":{"t":"C560"},"CC2":{"t":"C172"},"CC4":{"t":"SR22"},"CC9":{"desc":"L1P"},"CCA":{"desc":"L1P"},"CCB":{"t":"E75L"},"CCD":{"t":"PA18"},"CCE":{"t":"ECHO"},"CCF":{"t":"AS50"},"CD0":{"t":"BALL"},"CD1":{"desc":"H6E"},"CD9":{"desc":"L1P","t":"ULAC"},"CDE":{"t":"DA42"},"CE2":{"t":"BALL"},"CE3":{"t":"PC12"},"CE7":{"desc":"H6E"},"CF2":{"t":"BALL"},"D00":{"t":"RV12"},"D1D":{"t":"S22T"},"D24":{"t":"R22"},"D25":{"t":"B737"},"D2D":{"t":"B06"},"D43":{"desc":"H12E"},"D47":{"desc":"H2T"},"D4A":{"desc":"L1P"},"D63":{"desc":"H8E"},"D7C":{"desc":"L1P"},"D80":{"t":"C170"},"D82":{"t":"C180"},"D85":{"t":"C150"},"D86":{"desc":"L1P"},"D87":{"t":"C172"},"D89":{"t":"C140"},"D8B":{"t":"T206"},"D8C":{"desc":"L2P"},"D8E":{"t":"NAVI"},"D8F":{"t":"C172"},"D90":{"t":"C140"},"D93":{"t":"P32R"},"D95":{"t":"TAYB"},"D96":{"t":"T206"},"D9A":{"t":"C152"},"DA0":{"t":"PA22"},"DA1":{"t":"GC1"},"DA2":{"t":"PA38"},"DA3":{"t":"C170"},"DA4":{"t":"C172"},"DA5":{"t":"PA38"},"DA6":{"t":"C182"},"DAA":{"t":"C172"},"DAB":{"t":"PA12"},"DAE":{"t":"C182"},"DB0":{"t":"C82T"},"DB1":{"t":"NAVI"},"DB2":{"t":"C172"},"DB3":{"t":"C206"},"DB5":{"t":"C82S"},"DB6":{"t":"C185"},"DBA":{"t":"TAYB"},"DBB":{"t":"C152"},"DBC":{"t":"C172"},"DBD":{"t":"C152"},"DC0":{"t":"C172"},"DC1":{"t":"PA38"},"DC2":{"desc":"L1P"},"DC4":{"t":"GC1"},"DC5":{"t":"C180"},"DCA":{"t":"PA18"},"DCC":{"t":"C172"},"DCE":{"t":"PA12"},"DCF":{"t":"C140"},"DD0":{"t":"PA22"},"DD1":{"t":"C182"},"DD2":{"t":"C182"},"DD3":{"t":"C337"},"DD6":{"t":"C140"},"DD8":{"t":"C182"},"DDB":{"desc":"L2P"},"DDE":{"t":"TAYB"},"DE2":{"t":"C152"},"DE6":{"t":"PA20"},"DE9":{"t":"C182"},"DEA":{"t":"C206"},"DEB":{"t":"PA38"},"DEC":{"t":"C182"},"DF1":{"t":"P28A"},"DF2":{"t":"PA38"},"DF5":{"t":"C182"},"DF6":{"t":"C172"},"DF7":{"t":"NAVI"},"DF8":{"t":"C82S"},"DFA":{"t":"GLID"},"DFB":{"t":"L8"},"DFC":{"t":"C172"},"DFF":{"t":"C152"},"E00":{"t":"TAYB"},"E01":{"t":"C152"},"E02":{"t":"C172"},"E04":{"t":"C172"},"E05":{"t":"C182"},"E08":{"desc":"H1P"},"E0B":{"t":"C180"},"E0C":{"t":"C170"},"E0D":{"t":"CH7A"},"E0E":{"t":"C180"},"E10":{"t":"ERCO"},"E13":{"t":"C172"},"E14":{"t":"P28A"},"E15":{"t":"C140"},"E1B":{"t":"C172"},"E1E":{"t":"C182"},"E1F":{"t":"C206"},"E22":{"t":"TAYB"},"E23":{"t":"P28A"},"E28":{"t":"TAYB"},"E29":{"t":"TAYB"},"E2B":{"desc":"L1P"},"E2C":{"t":"BE35"},"E2E":{"t":"C182"},"E2F":{"t":"C170"},"E30":{"t":"CH7A"},"E31":{"t":"C180"},"E32":{"t":"C182"},"E34":{"t":"C150"},"E36":{"t":"C172"},"E37":{"t":"P28A"},"E39":{"t":"PA22"},"E3A":{"t":"C182"},"E3E":{"t":"C172"},"E44":{"t":"C172"},"E45":{"t":"C152"},"E46":{"t":"C172"},"E4B":{"t":"TAYB"},"E4F":{"t":"PA22"},"E50":{"t":"GC1"},"E51":{"t":"C180"},"E53":{"t":"CH7A"},"E55":{"t":"C182"},"E5A":{"t":"P28R"},"E5B":{"t":"C172"},"E5C":{"t":"PA22"},"E5E":{"t":"C182"},"E5F":{"t":"C337"},"E60":{"t":"NAVI"},"E62":{"t":"C182"},"E63":{"t":"C172"},"E65":{"t":"P28A"},"E69":{"t":"TAYB"},"E6A":{"t":"C152"},"E6B":{"t":"C152"},"E6C":{"t":"S22T"},"E70":{"t":"TAYB"},"E73":{"t":"GC1"},"E74":{"t":"C180"},"E75":{"desc":"L1T","t":"G164"},"E77":{"t":"C180"},"E7C":{"t":"C182"},"E7D":{"t":"PA27"},"E81":{"t":"C182"},"E83":{"t":"NAVI"},"E84":{"t":"T210"},"E85":{"t":"C140"},"E86":{"t":"C182"},"E87":{"t":"C182"},"E88":{"t":"C172"},"E8B":{"t":"TAYB"},"E8C":{"t":"P28A"},"E8D":{"t":"C152"},"E90":{"t":"C182"},"E93":{"t":"TAYB"},"E95":{"t":"C182"},"E99":{"t":"C172"},"E9A":{"t":"C182"},"E9B":{"t":"C182"},"E9C":{"t":"ERCO"},"E9D":{"t":"C150"},"E9E":{"t":"L8"},"E9F":{"t":"PA38"},"EA1":{"t":"C140"},"EA2":{"t":"PA22"},"EA4":{"t":"P28A"},"EA5":{"t":"C172"},"EA6":{"t":"NAVI"},"EA7":{"t":"C172"},"EA8":{"t":"C140"},"EAA":{"t":"C182"},"EAB":{"t":"C172"},"EAD":{"t":"TAYB"},"EAE":{"t":"TAYB"},"EB0":{"t":"TAYB"},"EB2":{"t":"C152"},"EB3":{"t":"TAYB"},"EB4":{"t":"TAYB"},"EB6":{"t":"C182"},"EB9":{"t":"C182"},"EBA":{"t":"C206"},"EBB":{"t":"C82S"},"EBD":{"t":"ST75"},"EBE":{"t":"C182"},"EBF":{"t":"ERCO"},"EC0":{"t":"C150"},"EC2":{"t":"C172"},"EC3":{"t":"PA12"},"EC5":{"t":"PA22"},"EC7":{"t":"C82S"},"EC8":{"t":"C82S"},"EC9":{"t":"C182"},"ECA":{"t":"C172"},"ECD":{"t":"C182"},"ECE":{"t":"C172"},"ECF":{"t":"C172"},"ED2":{"t":"TAYB"},"ED3":{"t":"TAYB"},"ED6":{"t":"TAYB"},"ED7":{"t":"PA38"},"ED9":{"t":"C152"},"EDA":{"t":"PC12"},"EDB":{"t":"FA10"},"EDD":{"t":"PAY1"},"EDE":{"desc":"L2P"},"EE3":{"t":"SR22"},"EE4":{"t":"H60"},"EE5":{"t":"PA18"},"EE6":{"t":"CL60"},"EE7":{"t":"EC35"},"EEB":{"desc":"L1E","t":"ULAC"},"EED":{"t":"PA44"},"EF1":{"t":"B190"},"EF5":{"desc":"L1P"},"EFC":{"t":"R44"},"EFD":{"desc":"L1P"},"EFF":{"t":"DA40"},"F00":{"t":"P28A"},"F04":{"desc":"A1P"},"F09":{"t":"S22T"},"F0D":{"t":"F2TH"},"F0E":{"t":"P212"},"F10":{"t":"R44"},"F14":{"t":"PA25"},"F17":{"t":"FA20"},"F1B":{"t":"AS50"},"F1D":{"t":"R44"},"F1E":{"t":"R44"},"F1F":{"desc":"L1P","t":"ULAC"},"F23":{"t":"GLID"},"F25":{"desc":"L1P"},"F26":{"desc":"L1P"},"F27":{"t":"C172"},"F28":{"t":"C182"},"F29":{"desc":"L1P"},"F2A":{"desc":"L1P"},"F2C":{"t":"P46T"},"F2E":{"t":"SW4"},"F30":{"t":"R44"},"F36":{"t":"P28A"},"F37":{"t":"GLF6"},"F3B":{"desc":"L1P"},"F3F":{"t":"BE58"},"F4F":{"t":"AA5"},"F53":{"t":"SR22"},"F63":{"t":"H25B"},"F68":{"t":"C172"},"F71":{"desc":"L1P"},"F72":{"t":"FA24"},"F74":{"desc":"L1P"},"F78":{"t":"R44"},"F82":{"desc":"L1P"},"F86":{"desc":"A2P"},"F8A":{"desc":"A1P"},"F8F":{"t":"C210"},"F96":{"t":"SR22"},"F9B":{"t":"SF50"},"F9E":{"desc":"L8E"},"FA3":{"t":"GLF4"},"FA4":{"t":"P28A"},"FA5":{"t":"R44"},"FA8":{"t":"FA7X"},"FAB":{"t":"BE36"},"FAF":{"t":"AS50"},"FB0":{"t":"BE35"},"FB2":{"t":"E75L"},"FB5":{"t":"E300"},"FB9":{"t":"E145"},"FBC":{"t":"GLID"},"FC2":{"desc":"L1P"},"FC8":{"t":"C182"},"FCD":{"t":"R44"},"FD1":{"t":"R44"},"FD5":{"t":"BE35"},"FD6":{"t":"AT6T"},"FD7":{"t":"BALL"},"FD8":{"t":"B06"},"FD9":{"desc":"L1P"},"FDC":{"t":"E55P"},"FDE":{"t":"LJ35"},"FDF":{"t":"C82S"},"FE1":{"t":"PA46"},"FE5":{"t":"CRJ9"},"FE6":{"t":"SR20"},"FEE":{"t":"PA31"},"FEF":{"t":"P32R"},"FF0":{"t":"SR22"},"FF1":{"desc":"L1P"},"FF2":{"t":"E50P"},"FF3":{"t":"T206"},"FF5":{"t":"P28A"},"FF7":{"desc":"L1P"},"FF8":{"t":"R44"},"FF9":{"t":"TAYB"},"FFA":{"t":"R44"}}