{"003":{"t":"COL4"},"007":{"desc":"L1P"},"00B":{"t":"P28A"},"014":{"t":"E75L"},"018":{"t":"BALL"},"01B":{"t":"A320"},"020":{"desc":"A1P"},"023":{"t":"J3"},"02C":{"desc":"L1P"},"031":{"t":"CRJ2"},"034":{"t":"SR22"},"039":{"t":"PC24"},"04A":{"t":"CL60"},"052":{"t":"PA27"},"053":{"t":"R44"},"058":{"desc":"L1P"},"059":{"t":"LJ35"},"05A":{"t":"R44"},"05B":{"desc":"L1P","t":"ULAC"},"05C":{"desc":"L1P"},"05D":{"t":"R44"},"060":{"t":"C182"},"064":{"t":"C172"},"066":{"desc":"L1P"},"067":{"t":"GLID"},"06B":{"t":"GALX"},"06E":{"desc":"L1P"},"070":{"desc":"H1T"},"073":{"t":"EC30"},"076":{"t":"R44"},"077":{"desc":"L1P"},"079":{"t":"C205"},"07D":{"t":"AA5"},"082":{"t":"E75L"},"084":{"t":"SR22"},"085":{"t":"S22T"},"086":{"t":"R44"},"087":{"t":"BALL"},"088":{"desc":"H6E"},"099":{"t":"PA24"},"09A":{"t":"AS50"},"09D":{"t":"PC24"},"09E":{"desc":"L1P"},"0AE":{"t":"P212"},"0B6":{"t":"PC24"},"0B7":{"t":"RV12"},"0B8":{"t":"R44"},"0C9":{"desc":"L1P"},"0D0":{"t":"R44"},"0D1":{"t":"R44"},"0D3":{"t":"R44"},"0D6":{"desc":"L1P"},"0D7":{"desc":"L1P"},"0DC":{"t":"B737"},"0E4":{"t":"B06"},"0E8":{"desc":"L1P"},"0FE":{"desc":"H2T"},"11A":{"t":"R44"},"133":{"t":"ULAC"},"135":{"t":"GC1"},"136":{"t":"PA38"},"138":{"t":"CH7A"},"13C":{"t":"C150"},"13E":{"t":"C172"},"141":{"t":"T206"},"142":{"t":"C182"},"144":{"desc":"A1P"},"145":{"t":"PA38"},"146":{"t":"C172"},"147":{"t":"T206"},"148":{"t":"GLID"},"14A":{"t":"C172"},"14C":{"t":"C152"},"14F":{"t":"C152"},"152":{"t":"TAYB"},"153":{"t":"TAYB"},"154":{"t":"TAYB"},"155":{"t":"BALL"},"156":{"t":"T6"},"157":{"t":"PA38"},"158":{"t":"GC1"},"15A":{"t":"C172"},"15B":{"t":"C172"},"15C":{"t":"PA38"},"15D":{"t":"T206"},"160":{"t":"C441"},"162":{"t":"PA27"},"163":{"desc":"L1P"},"166":{"t":"C182"},"167":{"t":"T210"},"168":{"t":"NAVI"},"16B":{"t":"GLID"},"16C":{"t":"C182"},"16D":{"t":"T206"},"16F":{"t":"PA36"},"171":{"t":"BALL"},"177":{"t":"BALL"},"179":{"desc":"L1P"},"17B":{"t":"GC1"},"17C":{"t":"C180"},"17E":{"t":"C172"},"180":{"t":"C182"},"182":{"t":"C150"},"183":{"t":"L8"},"184":{"t":"C172"},"185":{"t":"PA12"},"186":{"t":"C120"},"188":{"t":"C182"},"18B":{"t":"NAVI"},"18D":{"t":"PA36"},"194":{"t":"TAYB"},"198":{"t":"TAYB"},"19B":{"t":"C182"},"19D":{"t":"PA22"},"19E":{"t":"GC1"},"1A0":{"t":"C170"},"1A1":{"t":"CH7A"},"1A2":{"t":"PA38"},"1A4":{"t":"C182"},"1A7":{"t":"C172"},"1A9":{"t":"C140"},"1AB":{"t":"C182"},"1AC":{"t":"C182"},"1AD":{"t":"C337"},"1AE":{"t":"NAVI"},"1AF":{"t":"C172"},"1B1":{"t":"GLID"},"1B5":{"t":"TAYB"},"1B8":{"t":"TAYB"},"1BE":{"t":"TAYB"},"1BF":{"t":"R44"},"1C0":{"t":"PA18"},"1C1":{"t":"GC1"},"1C3":{"t":"C170"},"1C4":{"t":"C82S"},"1C6":{"t":"C182"},"1C7":{"t":"C172"},"1C8":{"t":"PA18"},"1CB":{"t":"PA12"},"1CC":{"t":"PA46"},"1CD":{"t":"PA22"},"1CE":{"t":"C182"},"1CF":{"t":"C182"},"1D4":{"t":"GLID"},"1D5":{"t":"C182"},"1D6":{"t":"C172"},"1D7":{"t":"P180"},"1D8":{"t":"C182"},"1DB":{"t":"TAYB"},"1DC":{"t":"TAYB"},"1DE":{"t":"TAYB"},"1DF":{"t":"C172"},"1E2":{"desc":"L1P"},"1E3":{"t":"PA18"},"1E6":{"t":"PA38"},"1EB":{"t":"C206"},"1F0":{"t":"PA22"},"1F2":{"t":"C182"},"1F4":{"t":"PA38"},"1F5":{"t":"C172"},"1F6":{"t":"C182"},"1F7":{"t":"GLID"},"1F8":{"t":"C182"},"1F9":{"t":"C172"},"1FB":{"desc":"L1P"},"206":{"t":"C182"},"207":{"t":"GC1"},"208":{"t":"C180"},"209":{"t":"C170"},"20C":{"t":"C182"},"20D":{"t":"ERCO"},"20F":{"t":"PA38"},"211":{"t":"PA12"},"212":{"t":"PA38"},"215":{"t":"C182"},"216":{"t":"C182"},"217":{"t":"NAVI"},"219":{"desc":"L1P"},"21A":{"t":"GLID"},"21B":{"t":"C206"},"21C":{"t":"C172"},"21D":{"t":"C172"},"221":{"t":"TAYB"},"223":{"t":"TAYB"},"224":{"t":"TAYB"},"229":{"desc":"L1P"},"22A":{"t":"C172"},"22B":{"t":"C180"},"22C":{"t":"C172"},"22D":{"t":"C82S"},"22F":{"t":"C182"},"231":{"t":"PA18"},"232":{"t":"PA38"},"235":{"t":"C208"},"237":{"t":"C182"},"238":{"t":"P28A"},"23A":{"t":"NAVI"},"23B":{"t":"C172"},"23C":{"t":"C140"},"23F":{"t":"C172"},"241":{"t":"C182"},"243":{"t":"C152"},"248":{"t":"PA38"},"24A":{"t":"TAYB"},"24B":{"desc":"L1P"},"24D":{"t":"C172"},"24F":{"t":"C170"},"250":{"t":"C172"},"251":{"t":"C180"},"253":{"t":"ERCO"},"255":{"t":"PA38"},"257":{"t":"P28S"},"259":{"desc":"L1P"},"25A":{"t":"C182"},"25B":{"t":"P28A"},"25D":{"t":"NAVI"},"261":{"t":"C182"},"262":{"t":"C172"},"264":{"t":"C182"},"267":{"t":"C172"},"269":{"desc":"L1P","t":"ULAC"},"26A":{"t":"C152"},"26B":{"t":"TAYB"},"26E":{"desc":"L1P"},"26F":{"t":"C182"},"270":{"t":"GC1"},"271":{"t":"C182"},"272":{"t":"C170"},"273":{"t":"P28A"},"274":{"t":"C180"},"275":{"t":"C182"},"276":{"t":"ERCO"},"277":{"t":"C185"},"278":{"t":"L8"},"279":{"t":"C172"},"27B":{"t":"C140"},"27C":{"t":"PA22"},"27D":{"t":"C182"},"280":{"t":"C182"},"281":{"t":"C172"},"282":{"t":"C140"},"28B":{"t":"TAYB"},"28F":{"t":"C152"},"292":{"desc":"L1P","t":"ULAC"},"295":{"t":"B738"},"299":{"t":"PA27"},"29C":{"desc":"L1P"},"29D":{"desc":"L1P"},"29E":{"t":"EC30"},"2A2":{"t":"B06"},"2A3":{"t":"S22T"},"2A4":{"t":"PA44"},"2A8":{"t":"B190"},"2A9":{"t":"B762"},"2AB":{"t":"C172"},"2AC":{"t":"BALL"},"2AE":{"t":"BL8"},"2AF":{"t":"GLF5"},"2B2":{"desc":"L1P"},"2B6":{"t":"DA40"},"2B7":{"t":"C310"},"2C0":{"t":"PA18"},"2C4":{"t":"UH12"},"2C5":{"t":"P28A"},"2C6":{"t":"PA34"},"2C8":{"t":"SR20"},"2C9":{"t":"BE23"},"2CA":{"t":"AC90"},"2CC":{"desc":"H2T"},"2CE":{"t":"CL60"},"2CF":{"desc":"L1P"},"2D0":{"t":"LJ45"},"2D2":{"t":"SR22"},"2D4":{"t":"C425"},"2D5":{"t":"C182"},"2D6":{"t":"FDCT"},"2DE":{"t":"M20P"},"2DF":{"desc":"L1P"},"2E5":{"t":"SW4"},"2E6":{"t":"C56X"},"2E7":{"t":"BALL"},"2E9":{"t":"P28B"},"2EE":{"t":"DA40"},"2F2":{"t":"P28R"},"2F6":{"desc":"L1P"},"2F7":{"desc":"L1T","t":"PA46"},"2F9":{"desc":"H4E"},"302":{"t":"RV12"},"306":{"t":"TAMP"},"30A":{"desc":"L1P"},"30C":{"t":"E300"},"30F":{"t":"GLID"},"317":{"t":"LJ45"},"31F":{"t":"C172"},"333":{"t":"B190"},"338":{"t":"LJ45"},"33A":{"t":"PA44"},"341":{"desc":"L1P"},"34D":{"desc":"L1P"},"355":{"desc":"L8E"},"35C":{"desc":"L1P"},"35D":{"t":"BE33"},"35E":{"t":"GLID"},"362":{"t":"PTS2"},"364":{"t":"C414"},"366":{"desc":"L1P"},"368":{"t":"DV20"},"369":{"t":"E75L"},"36A":{"t":"PAY3"},"36B":{"t":"C208"},"36E":{"desc":"L1P"},"370":{"t":"E145"},"373":{"t":"LJ45"},"37F":{"t":"SR22"},"382":{"desc":"A1T","t":"KODI"},"388":{"t":"PA18"},"38C":{"t":"BE36"},"38D":{"t":"DA40"},"38F":{"desc":"L1P","t":"TB1"},"39C":{"t":"CRJ9"},"3A5":{"t":"BE18"},"3A6":{"t":"P32R"},"3A7":{"t":"BL17"},"3A8":{"t":"C206"},"3A9":{"desc":"L1P"},"3AC":{"t":"C25C"},"3B6":{"t":"LJ55"},"3B7":{"t":"R66"},"3B8":{"t":"C510"},"3BA":{"t":"PA30"},"3BE":{"desc":"L1P"},"3C6":{"t":"DV20"},"3CB":{"t":"E75L"},"3CF":{"t":"BALL"},"3D2":{"t":"A320"},"3D7":{"t":"SR22"},"3D8":{"t":"EC35"},"3DC":{"t":"PC12"},"3DE":{"desc":"L1P"},"3E9":{"t":"ST75"},"3F0":{"t":"P28A"},"401":{"t":"CL60"},"415":{"t":"BE36"},"416":{"desc":"L1P"},"41D":{"desc":"L1P"},"422":{"t":"PA46"},"425":{"desc":"L1P"},"426":{"desc":"L1P"},"428":{"t":"BL8"},"432":{"t":"SR20"},"437":{"t":"BE36"},"439":{"t":"B734"},"43B":{"t":"C421"},"43C":{"t":"P06T"},"43F":{"desc":"H6E"},"447":{"desc":"L1P"},"449":{"t":"P28A"},"44C":{"t":"BE36"},"44D":{"t":"GLF5"},"450":{"desc":"L1P"},"451":{"t":"LJ45"},"455":{"desc":"L1P"},"465":{"desc":"L1P"},"46E":{"t":"RV12"},"46F":{"t":"C240"},"486":{"desc":"L1P"},"488":{"desc":"A1P"},"493":{"t":"B737"},"494":{"t":"SR22"},"498":{"t":"S22T"},"49B":{"t":"B06"},"49D":{"t":"HUSK"},"49F":{"desc":"L1P"},"4AA":{"t":"C56X"},"4B5":{"desc":"H2T"},"4D1":{"desc":"L1P"},"4ED":{"t":"PA38"},"4EF":{"desc":"L1P"},"4F1":{"t":"C182"},"4F4":{"t":"L8"},"4F5":{"t":"C172"},"4F6":{"t":"PA12"},"4F7":{"t":"PA38"},"4F8":{"t":"PA22"},"4F9":{"t":"C182"},"4FA":{"t":"C182"},"4FB":{"t":"T210"},"4FC":{"t":"NAVI"},"4FD":{"t":"P28A"},"4FE":{"t":"C140"},"500":{"t":"C182"},"503":{"t":"J3"},"504":{"t":"C152"},"505":{"t":"J3"},"506":{"t":"J3"},"50A":{"t":"T206"},"50E":{"t":"T206"},"50F":{"t":"GC1"},"510":{"t":"C180"},"512":{"t":"CH7A"},"513":{"t":"C180"},"514":{"t":"C182"},"515":{"t":"C182"},"517":{"t":"L8"},"518":{"t":"C172"},"519":{"t":"PA12"},"51A":{"t":"C172"},"51C":{"t":"C182"},"51D":{"t":"P28A"},"51E":{"t":"M7"},"51F":{"desc":"L1P"},"520":{"t":"C182"},"521":{"t":"PA36"},"524":{"t":"T206"},"525":{"t":"C182"},"528":{"t":"C152"},"52E":{"t":"T206"},"535":{"t":"CH7A"},"536":{"t":"C180"},"537":{"t":"PA38"},"53A":{"t":"L8"},"53D":{"t":"C140"},"53E":{"t":"PA22"},"53F":{"t":"C182"},"540":{"t":"C182"},"542":{"t":"PA38"},"543":{"t":"C72R"},"549":{"t":"J4"},"54B":{"t":"C152"},"54C":{"t":"J4"},"54D":{"desc":"L1P"},"551":{"t":"J3"},"552":{"t":"C172"},"555":{"t":"GC1"},"556":{"t":"C180"},"559":{"t":"C180"},"55A":{"t":"C182"},"55B":{"t":"C182"},"55C":{"t":"C206"},"55D":{"t":"L8"},"562":{"t":"C182"},"563":{"t":"P28A"},"564":{"t":"T210"},"565":{"t":"NAVI"},"568":{"t":"GLID"},"56A":{"t":"C172"},"56C":{"t":"C152"},"56E":{"t":"C152"},"56F":{"t":"J4"},"572":{"t":"J4"},"57B":{"t":"C172"},"57C":{"t":"PA27"},"57D":{"t":"C182"},"581":{"t":"C172"},"585":{"t":"C150"},"586":{"t":"C182"},"588":{"t":"P28A"},"58A":{"t":"C172"},"58C":{"t":"C182"},"58D":{"t":"C182"},"58F":{"t":"PA38"},"592":{"desc":"L1P","t":"ULAC"},"593":{"t":"C152"},"595":{"t":"C152"},"596":{"t":"C172"},"59A":{"desc":"L1P"},"59B":{"t":"GC1"},"59D":{"t":"C170"},"59E":{"t":"C182"},"5A2":{"t":"PA18"},"5A3":{"t":"L8"},"5A4":{"t":"C206"},"5A5":{"t":"PA12"},"5A7":{"t":"PA22"},"5A8":{"t":"C182"},"5A9":{"t":"C182"},"5AC":{"t":"C182"},"5AE":{"t":"GLID"},"5AF":{"t":"T206"},"5B0":{"t":"C172"},"5B2":{"t":"J4"},"5B3":{"t":"J3"},"5B5":{"t":"C152"},"5B6":{"t":"T6"},"5BA":{"t":"J3"},"5BD":{"t":"PA22"},"5C0":{"t":"PA38"},"5C3":{"t":"PA18"},"5C4":{"t":"T206"},"5C5":{"t":"PA18"},"5C6":{"t":"L8"},"5C7":{"t":"T206"},"5C8":{"t":"C182"},"5C9":{"t":"PA38"},"5CA":{"t":"PA24"},"5CC":{"t":"C182"},"5CE":{"t":"NAVI"},"5D0":{"t":"C182"},"5D1":{"t":"GLID"},"5D2":{"t":"C182"},"5D6":{"desc":"H1P"},"5D7":{"desc":"L1P"},"5D9":{"t":"J4"},"5DB":{"t":"BE24"},"5DE":{"t":"T206"},"5DF":{"t":"ST75"},"5E0":{"t":"PA38"},"5E1":{"t":"GC1"},"5E2":{"t":"C182"},"5E3":{"t":"C170"},"5E4":{"t":"C82S"},"5E5":{"t":"C150"},"5E6":{"t":"PA38"},"5E7":{"t":"PA18"},"5E8":{"t":"PA18"},"5E9":{"t":"L8"},"5EF":{"t":"C182"},"5F0":{"t":"C337"},"5F1":{"t":"NAVI"},"5F2":{"t":"C206"},"5F4":{"t":"GLID"},"5F6":{"t":"C172"},"5F8":{"t":"J3"},"5FA":{"t":"J4"},"5FC":{"t":"J3"},"5FD":{"t":"BE24"},"5FE":{"t":"C172"},"601":{"t":"C185"},"603":{"t":"BE35"},"604":{"t":"BE58"},"605":{"t":"C180"},"606":{"t":"C170"},"608":{"t":"C150"},"609":{"t":"C172"},"60A":{"t":"ERCO"},"60C":{"t":"L8"},"60D":{"t":"C172"},"60E":{"t":"C172"},"60F":{"t":"C140"},"610":{"t":"PA22"},"611":{"t":"P28A"},"612":{"t":"BE58"},"614":{"t":"NAVI"},"615":{"t":"C172"},"617":{"t":"PAY1"},"618":{"t":"C182"},"619":{"t":"C172"},"61C":{"t":"BE24"},"623":{"t":"BE24"},"624":{"t":"BE23"},"626":{"t":"PA38"},"628":{"t":"C180"},"629":{"t":"C170"},"62A":{"t":"CH7A"},"62C":{"t":"PA38"},"62E":{"t":"PA18"},"630":{"t":"C172"},"631":{"t":"C172"},"632":{"t":"C140"},"633":{"t":"PA38"},"634":{"t":"CH7A"},"635":{"t":"C182"},"636":{"t":"C172"},"637":{"t":"NAVI"},"638":{"t":"C172"},"639":{"t":"C172"},"63C":{"t":"C172"},"63E":{"t":"BE19"},"640":{"t":"BE23"},"643":{"t":"BE19"},"645":{"t":"BE19"},"646":{"t":"BE23"},"647":{"t":"BE23"},"649":{"desc":"L1P"},"64A":{"t":"LJ45"},"64C":{"t":"PA12"},"64D":{"t":"P28R"},"64F":{"desc":"L1P"},"650":{"t":"F900"},"651":{"desc":"L1P"},"652":{"desc":"L1P"},"653":{"desc":"L1P"},"654":{"t":"BE36"},"655":{"t":"B407"},"657":{"t":"T206"},"659":{"t":"C182"},"65A":{"t":"E120"},"65B":{"t":"M20P"},"65E":{"desc":"L1P"},"65F":{"t":"B190"},"660":{"t":"B762"},"661":{"t":"P28B"},"662":{"t":"C310"},"663":{"desc":"A1P","t":"ULAC"},"664":{"t":"M20P"},"665":{"t":"C182"},"666":{"desc":"L2J"},"667":{"t":"C414"},"66B":{"t":"SR22"},"66C":{"t":"C340"},"66E":{"t":"PA34"},"672":{"t":"AT5T"},"673":{"t":"SR20"},"674":{"t":"C337"},"677":{"t":"BL17"},"67B":{"t":"S108"},"67D":{"t":"P28A"},"67E":{"t":"C206"},"67F":{"t":"SR20"},"682":{"t":"C182"},"683":{"desc":"H2T"},"685":{"t":"BE9L"},"687":{"t":"SR22"},"689":{"t":"C172"},"68B":{"t":"S22T"},"68C":{"desc":"G1P"},"68D":{"desc":"L1P"},"690":{"desc":"L1P"},"693":{"t":"C25B"},"694":{"t":"GLID"},"695":{"desc":"L1P"},"696":{"t":"SR22"},"697":{"t":"ULAC"},"698":{"desc":"L1P"},"69C":{"t":"SW4"},"6A0":{"t":"SR22"},"6A5":{"t":"TAYB"},"6A6":{"desc":"L1P"},"6AA":{"t":"SR22"},"6AB":{"t":"BE36"},"6B0":{"t":"T210"},"6B2":{"t":"BE35"},"6B4":{"t":"SR22"},"6B8":{"t":"PC12"},"6C5":{"t":"ERCO"},"6C7":{"t":"SR20"},"6C9":{"desc":"A1P"},"6DF":{"desc":"L1P"},"6E0":{"t":"G280"},"6E2":{"t":"GLID"},"6E4":{"desc":"L3J","t":"A332"},"6EA":{"t":"C525"},"6EB":{"t":"SR22"},"6F0":{"t":"C25C"},"6F1":{"t":"BE9L"},"6F9":{"desc":"A1P"},"6FA":{"desc":"L1P"},"6FE":{"t":"GLID"},"705":{"desc":"L1P"},"70C":{"desc":"L8E"},"711":{"t":"P210"},"713":{"t":"P28R"},"714":{"t":"M20P"},"715":{"t":"BL17"},"71B":{"desc":"L1P"},"71C":{"t":"CL60"},"71D":{"t":"M20P"},"71F":{"t":"S22T"},"720":{"t":"E75L"},"721":{"t":"C750"},"726":{"t":"C340"},"727":{"t":"E145"},"72A":{"t":"BL8"},"72B":{"t":"C340"},"72C":{"t":"SF50"},"73B":{"t":"C208"},"73C":{"desc":"L1P"},"73F":{"t":"C182"},"743":{"t":"PA46"},"744":{"t":"AT3T"},"745":{"t":"BALL"},"746":{"t":"R44"},"747":{"t":"PA18"},"74E":{"desc":"L1P","t":"ULAC"},"753":{"t":"CRJ9"},"754":{"t":"C180"},"757":{"t":"B737"},"75C":{"desc":"L1P"},"75D":{"t":"E50P"},"75E":{"desc":"L1P"},"75F":{"desc":"L1P"},"761":{"t":"T206"},"764":{"desc":"L1P"},"767":{"desc":"L1P"},"768":{"t":"MITE"},"76E":{"t":"SR22"},"771":{"t":"PA30"},"775":{"t":"C206"},"779":{"t":"P28A"},"77A":{"desc":"H1T"},"782":{"t":"E75L"},"786":{"t":"BALL"},"789":{"t":"A320"},"78F":{"t":"C182"},"790":{"desc":"L1P"},"792":{"t":"DA40"},"796":{"t":"BE20"},"798":{"t":"AC11"},"799":{"t":"SR22"},"79A":{"t":"AA5"},"79C":{"desc":"H1P"},"79F":{"t":"CRJ2"},"7A0":{"t":"SR22"},"7A2":{"t":"S22T"},"7A3":{"desc":"L1P"},"7B8":{"t":"CL60"},"7B9":{"desc":"L4J"},"7C1":{"t":"CH7B"},"7C6":{"t":"AS50"},"7C8":{"desc":"L1P"},"7C9":{"desc":"L1P"},"7CA":{"desc":"L1P"},"7CB":{"desc":"L1P"},"7CC":{"desc":"L1P","t":"ULAC"},"7CE":{"desc":"L1P"},"7D1":{"desc":"L1P"},"7D4":{"t":"RV12"},"7D9":{"desc":"L1P"},"7DA":{"t":"DA40"},"7DB":{"desc":"L1P"},"7DC":{"desc":"L1P","t":"ULAC"},"7DD":{"t":"B350"},"7DE":{"t":"C82S"},"7E0":{"t":"CH7B"},"7E3":{"desc":"L1P"},"7E5":{"desc":"L1P"},"7E7":{"t":"C172"},"7E9":{"desc":"L1P"},"7ED":{"t":"M7"},"7EE":{"desc":"L1P","t":"ULAC"},"7EF":{"desc":"L1P"},"7F0":{"t":"E75L"},"7F2":{"t":"C182"},"7F3":{"t":"BL17"},"7F4":{"desc":"L1P"},"7F5":{"t":"BALL"},"7F6":{"t":"S22T"},"7F8":{"t":"C82T"},"7FA":{"desc":"L1P"},"7FB":{"t":"SR22"},"7FD":{"t":"SR20"},"803":{"desc":"L1P","t":"ULAC"},"804":{"desc":"L1P"},"808":{"desc":"L1P"},"80B":{"t":"HUSK"},"80C":{"desc":"L1P"},"824":{"t":"GA5C"},"825":{"desc":"L1P"},"826":{"t":"C240"},"836":{"t":"C206"},"837":{"desc":"L1P"},"83E":{"desc":"L1T","t":"M600"},"83F":{"t":"BE35"},"843":{"t":"BE23"},"845":{"t":"S22T"},"84D":{"t":"T6"},"84F":{"t":"S22T"},"852":{"t":"B06"},"856":{"desc":"A1P"},"86F":{"t":"SF50"},"888":{"t":"T6"},"8A1":{"desc":"H1P"},"8A2":{"t":"C172"},"8A3":{"t":"GC1"},"8A7":{"t":"C180"},"8A8":{"t":"C182"},"8AA":{"t":"C150"},"8AB":{"t":"PA38"},"8AE":{"t":"C120"},"8B0":{"t":"P28A"},"8B1":{"t":"P28A"},"8B3":{"t":"NAVI"},"8B4":{"t":"P28A"},"8B5":{"t":"PA36"},"8B6":{"t":"GLID"},"8B7":{"t":"C182"},"8BA":{"t":"BE19"},"8BC":{"t":"BE19"},"8BF":{"t":"BE19"},"8C0":{"t":"PA38"},"8C1":{"t":"T206"},"8C2":{"t":"BE24"},"8C3":{"t":"J3"},"8C5":{"t":"PA18"},"8C7":{"desc":"L1P","t":"ULAC"},"8C8":{"t":"C206"},"8C9":{"t":"C182"},"8CA":{"t":"T206"},"8CB":{"t":"C182"},"8CD":{"t":"C150"},"8CE":{"t":"GLF4"},"8CF":{"t":"C172"},"8D0":{"t":"PA32"},"8D2":{"t":"C172"},"8D3":{"t":"P28A"},"8D4":{"t":"C182"},"8D7":{"t":"C172"},"8D8":{"t":"C140"},"8DA":{"t":"C182"},"8DB":{"t":"C172"},"8DF":{"t":"C172"},"8E0":{"t":"C172"},"8E1":{"t":"J3"},"8E2":{"t":"BE23"},"8E3":{"t":"C172"},"8E5":{"t":"BE19"},"8E6":{"t":"C172"},"8E7":{"desc":"L1P"},"8EA":{"t":"PA38"},"8EC":{"t":"C172"},"8ED":{"t":"PA38"},"8EE":{"t":"C206"},"8F0":{"t":"C150"},"8F1":{"t":"PA38"},"8F2":{"t":"C172"},"8F3":{"t":"PA12"},"8F4":{"t":"C120"},"8F5":{"t":"C182"},"8F7":{"t":"P28A"},"8F8":{"t":"C337"},"8F9":{"t":"C172"},"8FA":{"t":"C172"},"8FB":{"t":"C140"},"8FC":{"t":"ULAC"},"901":{"t":"J3"},"905":{"t":"BE24"},"90C":{"t":"C182"},"90D":{"t":"C172"},"90F":{"t":"CH7A"},"915":{"t":"PA38"},"918":{"t":"PA22"},"91B":{"t":"C182"},"91C":{"t":"NAVI"},"91D":{"t":"C172"},"91F":{"t":"GLID"},"921":{"t":"C172"},"924":{"t":"BE23"},"925":{"t":"J3"},"929":{"t":"J3"},"92A":{"t":"J3"},"92B":{"t":"BE23"},"92D":{"t":"DG15"},"92E":{"t":"H500"},"930":{"t":"T206"},"931":{"t":"C172"},"932":{"t":"CH7A"},"933":{"desc":"L1P"},"935":{"t":"C172"},"939":{"t":"PA12"},"93A":{"t":"C140"},"93B":{"t":"PA22"},"93C":{"t":"P28R"},"93D":{"t":"C182"},"93E":{"t":"PA18"},"940":{"t":"C172"},"942":{"t":"P32R"},"944":{"t":"C172"},"946":{"t":"BE23"},"949":{"t":"J3"},"94B":{"t":"BE19"},"94C":{"t":"BE19"},"94F":{"t":"J3"},"951":{"t":"PA22"},"953":{"t":"C180"},"955":{"t":"C172"},"957":{"t":"C182"},"959":{"t":"C150"},"95F":{"t":"C172"},"960":{"t":"P28A"},"962":{"t":"NAVI"},"963":{"t":"C172"},"966":{"t":"C182"},"96B":{"t":"BE23"},"96C":{"t":"BE19"},"96D":{"t":"J3"},"971":{"t":"C182"},"974":{"t":"PA22"},"975":{"t":"PA38"},"976":{"desc":"L1P"},"978":{"t":"C172"},"979":{"desc":"A1P"},"97A":{"t":"SR22"},"97B":{"t":"PA18"},"97F":{"t":"PA12"},"980":{"t":"C140"},"981":{"t":"PA22"},"982":{"t":"C182"},"983":{"t":"C182"},"985":{"t":"C172"},"986":{"t":"C172"},"987":{"t":"C172"},"988":{"t":"GLID"},"989":{"t":"C172"},"98C":{"t":"BE19"},"98E":{"t":"BE24"},"98F":{"t":"BE23"},"991":{"t":"BE24"},"999":{"t":"C182"},"99A":{"t":"C170"},"99C":{"t":"C180"},"99D":{"t":"C182"},"99E":{"t":"ERCO"},"99F":{"t":"C150"},"9A1":{"t":"C172"},"9A2":{"t":"PA12"},"9A5":{"t":"C172"},"9A6":{"t":"C182"},"9B0":{"t":"C172"},"9B1":{"t":"BE24"},"9B2":{"t":"C182"},"9B5":{"t":"BE23"},"9B8":{"t":"BE19"},"9BB":{"t":"C182"},"9BC":{"t":"C180"},"9BD":{"t":"DV20"},"9BE":{"t":"C172"},"9BF":{"t":"C182"},"9C0":{"t":"BE36"},"9C1":{"t":"PA18"},"9C2":{"t":"M20P"},"9C3":{"t":"L8"},"9C4":{"t":"C172"},"9C5":{"desc":"L1P"},"9C6":{"t":"PA38"},"9C9":{"t":"C182"},"9CA":{"t":"SR22"},"9CB":{"t":"P28A"},"9CC":{"t":"C172"},"9CD":{"t":"C140"},"9CE":{"t":"BL8"},"9CF":{"desc":"L1P"},"9D0":{"t":"T206"},"9D1":{"desc":"L1P"},"9D3":{"t":"J4"},"9D8":{"t":"J3"},"9DB":{"t":"J3"},"9DD":{"t":"PA22"},"9DE":{"t":"B47G"},"9E0":{"t":"C170"},"9E5":{"desc":"A1P"},"9E6":{"t":"PA38"},"9E8":{"t":"C150"},"9E9":{"t":"C120"},"9EA":{"t":"PA22"},"9EB":{"t":"C182"},"9EC":{"t":"C182"},"9EE":{"t":"NAVI"},"9EF":{"t":"BALL"},"9F1":{"t":"GLID"},"9F2":{"t":"C182"},"9F3":{"t":"C172"},"9F8":{"t":"BE23"},"9F9":{"t":"J3"},"9FB":{"t":"BE23"},"9FC":{"t":"C172"},"9FF":{"desc":"L1P"},"A00":{"t":"S22T"},"A01":{"t":"BE35"},"A02":{"t":"S22T"},"A03":{"desc":"H2T"},"A09":{"t":"C550"},"A0A":{"t":"B739"},"A0B":{"t":"S22T"},"A0C":{"t":"PC12"},"A0E":{"t":"C172"},"A10":{"desc":"L1P"},"A15":{"desc":"H1P"},"A16":{"t":"B190"},"A1A":{"t":"BE35"},"A1C":{"t":"BL8"},"A1F":{"desc":"L1P"},"A20":{"t":"C525"},"A22":{"desc":"L1P"},"A23":{"desc":"H1P"},"A24":{"desc":"L1P"},"A29":{"desc":"L1P"},"A2A":{"desc":"L1P"},"A2E":{"desc":"L1P"},"A32":{"t":"S108"},"A33":{"t":"E120"},"A34":{"t":"T206"},"A35":{"desc":"L1P"},"A36":{"t":"DA40"},"A3A":{"t":"B350"},"A3B":{"t":"F900"},"A3C":{"t":"CL60"},"A3D":{"t":"DV20"},"A3E":{"t":"E55P"},"A3F":{"t":"C560"},"A40":{"t":"SR22"},"A43":{"t":"SBR1"},"A44":{"t":"C320"},"A45":{"t":"PC12"},"A46":{"t":"PA38"},"A4B":{"desc":"L1P"},"A4C":{"t":"DA40"},"A4D":{"t":"R44"},"A4E":{"desc":"L1T"},"A50":{"desc":"L1P"},"A52":{"t":"C560"},"A53":{"t":"SW4"},"A57":{"desc":"L1P"},"A59":{"t":"J3"},"A5B":{"t":"C510"},"A5C":{"t":"DA40"},"A5D":{"desc":"L1P"},"A60":{"t":"P28R"},"A64":{"desc":"L1P"},"A67":{"desc":"H1P"},"A6A":{"t":"C310"},"A6D":{"t":"C560"},"A70":{"t":"GLF5"},"A79":{"desc":"L1P"},"A7D":{"t":"C206"},"A8D":{"t":"F900"},"A8E":{"t":"CL30"},"A96":{"desc":"L1P"},"A97":{"desc":"L1P"},"A99":{"t":"A139"},"AA1":{"t":"B190"},"AA2":{"t":"SR22"},"AA3":{"t":"BE55"},"AA7":{"t":"C402"},"AAB":{"t":"PA32"},"AAF":{"desc":"L1P"},"AB1":{"desc":"L1P"},"AB7":{"desc":"H2T"},"ABD":{"t":"BL8"},"AC3":{"desc":"L8E"},"AC6":{"t":"A109"},"AC8":{"t":"E300"},"ACA":{"t":"E190"},"ACB":{"desc":"L1P"},"ACC":{"t":"CL30"},"ACF":{"desc":"A1P"},"AD0":{"t":"LJ45"},"AD2":{"t":"E55P"},"AD3":{"t":"P180"},"AD4":{"t":"C550"},"AD6":{"t":"C208"},"ADA":{"desc":"L1P"},"ADD":{"t":"BE36"},"ADE":{"t":"E145"},"AE1":{"desc":"L1P"},"AE2":{"t":"E55P"},"AE3":{"desc":"L1P"},"AE8":{"t":"CL30"},"AED":{"t":"C206"},"AFA":{"desc":"L1P"},"AFC":{"t":"TBM7"},"AFD":{"t":"PC12"},"B00":{"t":"AT5T"},"B05":{"desc":"L1T","t":"M600"},"B06":{"t":"PA31"},"B08":{"t":"R44"},"B0A":{"t":"CRJ9"},"B0C":{"t":"GA5C"},"B0F":{"t":"C72R"},"B13":{"desc":"L1P"},"B14":{"t":"BL8"},"B15":{"desc":"H2T"},"B16":{"t":"COL4"},"B17":{"t":"BE9L"},"B19":{"t":"SF50"},"B1A":{"t":"P28A"},"B1B":{"t":"LJ60"},"B1D":{"t":"PC12"},"B1F":{"t":"P28B"},"B21":{"t":"C56X"},"B24":{"t":"PC12"},"B25":{"desc":"L1P"},"B27":{"desc":"L2P"},"B28":{"desc":"L1P"},"B29":{"t":"LJ45"},"B2C":{"t":"PC12"},"B39":{"t":"E75L"},"B3D":{"t":"BALL"},"B40":{"t":"A320"},"B41":{"desc":"H1P"},"B46":{"desc":"H6E"},"B48":{"t":"SR20"},"B56":{"t":"G150"},"B59":{"desc":"H1T"},"B6F":{"t":"CL60"},"B77":{"desc":"L1P"},"B79":{"t":"SR22"},"B7B":{"desc":"L1P"},"B7D":{"desc":"L1P"},"B80":{"t":"BE36"},"B83":{"t":"RV12"},"B85":{"t":"ULAC"},"B86":{"t":"RV12"},"B87":{"desc":"L1P"},"B8A":{"t":"C56X"},"B8B":{"desc":"L1P"},"B8C":{"t":"E50P"},"B90":{"desc":"L1P"},"B91":{"t":"C206"},"B93":{"desc":"L1P"},"B94":{"desc":"L1P"},"B95":{"t":"AT8T"},"B97":{"t":"L39"},"BA0":{"t":"SR22"},"BA1":{"t":"EA50"},"BA2":{"desc":"L1P"},"BA4":{"desc":"L1P"},"BA5":{"desc":"H2T"},"BA7":{"t":"E75L"},"BA8":{"t":"B350"},"BA9":{"t":"PA18"},"BAC":{"desc":"A1T","t":"KODI"},"BAD":{"desc":"L1P"},"BB0":{"t":"WACF"},"BB2":{"t":"P46T"},"BB3":{"t":"C208"},"BBA":{"t":"SR22"},"BC0":{"desc":"L1T"},"BDB":{"desc":"L1P"},"BDD":{"t":"C240"},"BF4":{"desc":"H1T","t":"B47G"},"BF8":{"t":"F2TH"},"BF9":{"t":"GL5T"},"BFC":{"desc":"L1P"},"C00":{"t":"S22T"},"C01":{"t":"B737"},"C02":{"t":"E55P"},"C05":{"t":"C510"},"C06":{"desc":"L1P"},"C09":{"t":"B06"},"C0D":{"desc":"L1P"},"C3F":{"desc":"L1P","t":"ULAC"},"C47":{"desc":"L1P"},"C58":{"desc":"L1P"},"C5A":{"t":"C172"},"C5B":{"t":"C180"},"C5E":{"t":"C182"},"C5F":{"t":"C182"},"C60":{"t":"PA18"},"C62":{"t":"L8"},"C63":{"t":"C172"},"C64":{"t":"PA12"},"C66":{"t":"C182"},"C67":{"t":"C182"},"C6B":{"t":"C172"},"C6C":{"t":"C140"},"C72":{"t":"J4"},"C73":{"t":"B737"},"C75":{"t":"PA38"},"C76":{"t":"J3"},"C77":{"t":"B737"},"C79":{"t":"C152"},"C7C":{"t":"PA22"},"C7E":{"t":"C180"},"C7F":{"t":"C182"},"C80":{"t":"C82S"},"C83":{"t":"ERCO"},"C84":{"t":"C150"},"C85":{"t":"L8"},"C86":{"t":"PA38"},"C88":{"t":"PA38"},"C8A":{"t":"C182"},"C8B":{"t":"C182"},"C8D":{"t":"NAVI"},"C8E":{"t":"P28A"},"C90":{"t":"GLID"},"C92":{"t":"C172"},"C93":{"t":"BALL"},"C94":{"t":"J3"},"C98":{"t":"C152"},"C99":{"t":"B737"},"C9A":{"t":"J3"},"C9C":{"t":"PA38"},"C9E":{"t":"BE36"},"CA3":{"t":"CH7A"},"CA4":{"t":"C180"},"CA6":{"t":"ERCO"},"CA7":{"t":"C152"},"CAA":{"t":"PA12"},"CAB":{"t":"PA38"},"CAD":{"t":"C182"},"CAE":{"t":"C182"},"CB1":{"t":"C172"},"CB2":{"t":"PA38"},"CB3":{"t":"GLID"},"CB4":{"t":"C182"},"CB5":{"t":"BE36"},"CB8":{"t":"J3"},"CBC":{"t":"C152"},"CBD":{"desc":"L1P"},"CC0":{"t":"B737"},"CC3":{"t":"B47G"},"CC4":{"t":"C180"},"CC8":{"t":"C172"},"CC9":{"t":"ERCO"},"CCD":{"t":"PA12"},"CCE":{"t":"PA38"},"CCF":{"t":"PA22"},"CD1":{"t":"C182"},"CD5":{"t":"C140"},"CD6":{"t":"P28A"},"CD8":{"t":"P28A"},"CD9":{"t":"C172"},"CDC":{"desc":"L1P","t":"ULAC"},"CE0":{"t":"B737"},"CE1":{"t":"J3"},"CE2":{"t":"C172"},"CE3":{"t":"J3"},"CE6":{"t":"PA38"},"CE7":{"t":"C182"},"CE8":{"t":"C170"},"CE9":{"t":"C172"},"CEA":{"t":"PA38"},"CEB":{"t":"PA38"},"CEC":{"t":"ERCO"},"CED":{"t":"C150"},"CF0":{"t":"PA12"},"CF1":{"t":"C182"},"CF2":{"t":"PA22"},"CF3":{"t":"C182"},"CF5":{"t":"C337"},"CF6":{"t":"NAVI"},"CF7":{"t":"C172"},"CF8":{"t":"C82S"},"CF9":{"t":"GLID"},"CFA":{"t":"C182"},"CFB":{"t":"C172"},"CFC":{"t":"PA18"},"CFD":{"t":"J3"},"D04":{"t":"C82S"},"D05":{"t":"C172"},"D08":{"t":"PA22"},"D0A":{"t":"C180"},"D0B":{"t":"C170"},"D0F":{"t":"ERCO"},"D12":{"t":"C172"},"D13":{"t":"PA12"},"D14":{"t":"C120"},"D15":{"t":"PA22"},"D16":{"t":"C182"},"D19":{"t":"PA38"},"D1B":{"t":"C120"},"D1D":{"t":"C182"},"D21":{"t":"J3"},"D22":{"t":"C152"},"D26":{"t":"C172"},"D29":{"t":"J3"},"D2C":{"t":"B47G"},"D2D":{"t":"C180"},"D2F":{"t":"C172"},"D31":{"t":"PA38"},"D33":{"t":"C172"},"D36":{"t":"P28A"},"D37":{"t":"PA38"},"D3A":{"t":"C182"},"D3B":{"t":"C210"},"D3D":{"t":"C172"},"D3E":{"t":"C120"},"D3F":{"t":"GLID"},"D40":{"t":"C172"},"D41":{"t":"C172"},"D45":{"t":"J3"},"D46":{"t":"C152"},"D47":{"t":"C152"},"D48":{"t":"C152"},"D49":{"t":"C152"},"D4A":{"t":"C152"},"D4E":{"t":"ULAC"},"D53":{"t":"C172"},"D54":{"t":"C182"},"D56":{"t":"C172"},"D57":{"t":"PA38"},"D59":{"t":"PA12"},"D5D":{"t":"C182"},"D5E":{"t":"P28A"},"D5F":{"t":"P28A"},"D63":{"t":"T206"},"D66":{"t":"J3"},"D69":{"t":"C152"},"D6A":{"desc":"L1P","t":"ULAC"},"D6B":{"t":"C152"},"D6C":{"t":"J4"},"D6D":{"t":"J3"},"D6E":{"t":"J3"},"D71":{"t":"T206"},"D74":{"t":"C82S"},"D75":{"t":"CH7A"},"D76":{"t":"C180"},"D77":{"t":"C182"},"D79":{"t":"SF50"},"D7D":{"t":"C120"},"D7E":{"t":"PA18"},"D7F":{"t":"C182"},"D80":{"t":"C182"},"D82":{"t":"P28A"},"D83":{"t":"C172"},"D84":{"t":"P28A"},"D86":{"t":"C182"},"D87":{"t":"C172"},"D89":{"t":"C172"},"D8A":{"t":"C152"},"D8C":{"t":"C172"},"D8E":{"t":"J3"},"D90":{"t":"C172"},"D91":{"t":"J3"},"D94":{"t":"PA20"},"D95":{"t":"C172"},"D96":{"t":"C180"},"D98":{"t":"CH7A"},"D9B":{"t":"PA18"},"D9C":{"t":"C150"},"D9D":{"t":"PA38"},"D9E":{"t":"C172"},"D9F":{"t":"C172"},"DA0":{"t":"C140"},"DA2":{"t":"C182"},"DA4":{"t":"ULAC"},"DA6":{"t":"C172"},"DA8":{"t":"GLID"},"DA9":{"t":"C182"},"DAA":{"t":"C172"},"DB2":{"t":"J3"},"DB3":{"t":"J3"},"DB6":{"t":"BE36"},"DB7":{"t":"M7"},"DBA":{"desc":"L4J"},"DBC":{"t":"B06"},"DC0":{"desc":"L1T"},"DC1":{"t":"B739"},"DC3":{"t":"P32R"},"DC5":{"t":"COL3"},"DC8":{"t":"SR22"},"DCB":{"desc":"H4E"},"DCD":{"t":"B190"},"DCE":{"t":"B762"},"DD6":{"desc":"L1P"},"DDB":{"t":"DA40"},"DDE":{"t":"FA50"},"DE2":{"t":"F900"},"DE5":{"desc":"L1P"},"DE9":{"t":"S108"},"DEB":{"t":"P28A"},"DEC":{"desc":"L1P","t":"ULAC"},"DED":{"t":"SR20"},"DF0":{"t":"SR22"},"DF1":{"t":"R44"},"DF5":{"desc":"L1P"},"DF7":{"t":"SR20"},"DF9":{"t":"S22T"},"DFB":{"t":"FDCT"},"E02":{"t":"BE55"},"E03":{"t":"P46T"},"E04":{"t":"R44"},"E05":{"t":"ULAC"},"E06":{"desc":"L1P"},"E07":{"desc":"L1P","t":"ULAC"},"E09":{"t":"SR22"},"E0A":{"desc":"L2T"},"E0D":{"t":"R44"},"E0E":{"t":"SR22"},"E13":{"t":"DA40"},"E1B":{"t":"BE17"},"E1E":{"t":"H25B"},"E2B":{"t":"C172"},"E4D":{"t":"SR22"},"E4E":{"t":"G280"},"E66":{"t":"M5"},"E67":{"t":"C750"},"E77":{"t":"T210"},"E7A":{"desc":"L8E"},"E81":{"t":"BE55"},"E87":{"t":"BE10"},"E8A":{"desc":"H4E"},"E8D":{"t":"C208"},"E90":{"t":"SR20"},"E94":{"t":"C182"},"E98":{"t":"PA27"},"E99":{"t":"C208"},"E9C":{"desc":"A1P"},"E9E":{"t":"GLID"},"E9F":{"t":"C25B"},"EA4":{"t":"S22T"},"EB1":{"desc":"L1P"},"EB2":{"t":"LJ60"},"EB4":{"t":"R44"},"EB7":{"t":"S22T"},"EB8":{"t":"C510"},"EC1":{"t":"CRJ9"},"EC3":{"t":"PA34"},"EC7":{"t":"F900"},"ECA":{"t":"BE55"},"ECB":{"t":"BL8"},"ECC":{"t":"GLID"},"ED1":{"t":"P28A"},"ED5":{"t":"CL30"},"ED6":{"desc":"L1P"},"ED8":{"t":"SR22"},"EDA":{"desc":"L1P"},"EF0":{"t":"E75L"},"EF7":{"t":"A320"},"EFA":{"t":"C172"},"EFD":{"t":"C208"},"EFF":{"t":"SR20"},"F00":{"desc":"L1P"},"F03":{"t":"BE36"},"F04":{"t":"BE20"},"F06":{"t":"DA40"},"F08":{"t":"C25B"},"F10":{"t":"M20P"},"F11":{"desc":"L1P"},"F26":{"t":"CL60"},"F2F":{"t":"C172"},"F31":{"t":"T206"},"F33":{"desc":"L1P","t":"ULAC"},"F34":{"t":"C25A"},"F35":{"t":"SR20"},"F38":{"desc":"L1P"},"F3E":{"t":"T206"},"F42":{"desc":"L1P"},"F43":{"desc":"L1P"},"F47":{"t":"GLID"},"F48":{"desc":"L1P"},"F4A":{"desc":"L1P"},"F4B":{"t":"UH1"},"F4C":{"t":"C25B"},"F4F":{"t":"SR22"},"F51":{"desc":"L1P"},"F52":{"t":"G150"},"F57":{"desc":"L1P"},"F59":{"desc":"L1P"},"F5C":{"desc":"L1P"},"F5E":{"t":"B734"},"F60":{"t":"PA18"},"F61":{"t":"P06T"},"F64":{"t":"TWEN"},"F6A":{"desc":"L1P"},"F72":{"desc":"L1P"},"F74":{"t":"SF50"},"F75":{"t":"BALL"},"F7A":{"desc":"H1E"},"F85":{"t":"TBM7"},"F92":{"t":"GLID"},"F93":{"t":"RV12"},"FB8":{"t":"B737"},"FC0":{"t":"B06"},"FD1":{"t":"ULAC"},"FDD":{"desc":"L2P"},"FF6":{"t":"C172"}}