{"00F":{"desc":"L1P","t":"ULAC"},"010":{"t":"ULAC"},"011":{"t":"B47G"},"013":{"t":"C170"},"014":{"t":"CH7A"},"015":{"t":"PA38"},"016":{"t":"C182"},"018":{"desc":"L1P","t":"ULAC"},"019":{"t":"L8"},"01A":{"t":"C172"},"020":{"t":"T210"},"022":{"t":"C172"},"023":{"t":"P28A"},"026":{"desc":"A1P","t":"ULAC"},"02E":{"t":"J3"},"032":{"t":"GLID"},"035":{"t":"C180"},"036":{"t":"C170"},"037":{"t":"CH7A"},"039":{"t":"C182"},"03B":{"desc":"L1P","t":"ULAC"},"03D":{"t":"C172"},"03E":{"t":"ULAC"},"03F":{"t":"C120"},"042":{"t":"C182"},"043":{"desc":"L1P","t":"ULAC"},"044":{"t":"P28A"},"045":{"t":"C206"},"046":{"desc":"L1P","t":"ULAC"},"047":{"t":"GLID"},"048":{"t":"ULAC"},"049":{"t":"C172"},"04B":{"t":"PA38"},"04D":{"t":"J4"},"051":{"t":"C152"},"052":{"t":"PA38"},"058":{"t":"C180"},"059":{"t":"C170"},"05A":{"t":"CH7A"},"05B":{"t":"ULAC"},"060":{"t":"C172"},"064":{"t":"C182"},"067":{"t":"NAVI"},"068":{"t":"ULAC"},"06A":{"t":"GLID"},"077":{"t":"J4"},"07C":{"t":"C170"},"07D":{"t":"CH7A"},"07E":{"t":"C180"},"07F":{"t":"C182"},"081":{"t":"C188"},"082":{"t":"PA38"},"084":{"t":"PA12"},"087":{"t":"C182"},"088":{"t":"C182"},"08B":{"desc":"L1P","t":"ULAC"},"08D":{"desc":"L1P","t":"ULAC"},"08E":{"desc":"L1P"},"092":{"t":"C152"},"093":{"desc":"L1P"},"097":{"t":"PA38"},"098":{"desc":"L1P","t":"ULAC"},"09B":{"desc":"L1P"},"09E":{"t":"C180"},"0A0":{"t":"CH7A"},"0A1":{"t":"C180"},"0A2":{"t":"ULAC"},"0A3":{"desc":"L1P"},"0A4":{"t":"C150"},"0A5":{"t":"PA38"},"0A6":{"t":"C172"},"0A8":{"t":"PA38"},"0AA":{"desc":"L1P","t":"ULAC"},"0AD":{"t":"NAVI"},"0AE":{"t":"C172"},"0B4":{"t":"J3"},"0B7":{"desc":"L1P","t":"ULAC"},"0B8":{"t":"J4"},"0BF":{"t":"PA18"},"0C2":{"t":"C170"},"0C3":{"t":"CH7A"},"0C4":{"desc":"L1P"},"0C5":{"t":"C182"},"0C6":{"t":"ERCO"},"0C7":{"t":"C150"},"0C8":{"t":"L8"},"0C9":{"t":"PA38"},"0CA":{"t":"PA12"},"0CD":{"t":"C182"},"0CE":{"t":"P28A"},"0CF":{"t":"C337"},"0D0":{"t":"NAVI"},"0D2":{"t":"C140"},"0D4":{"t":"P28A"},"0D5":{"t":"C172"},"0D6":{"desc":"L1P","t":"ULAC"},"0D9":{"t":"J4"},"0DA":{"t":"J3"},"0DD":{"t":"C152"},"0DE":{"t":"C152"},"0E0":{"desc":"L1P"},"0E2":{"t":"PA11"},"0E3":{"t":"EA50"},"0E4":{"t":"C180"},"0E6":{"t":"CH7A"},"0E8":{"t":"C182"},"0E9":{"t":"ERCO"},"0EB":{"t":"L8"},"0EC":{"t":"PA38"},"0ED":{"t":"PA12"},"0EF":{"t":"PA22"},"0F1":{"t":"C182"},"0F2":{"t":"C337"},"0F4":{"t":"PA34"},"0F5":{"t":"C140"},"0F6":{"t":"GLID"},"0F7":{"t":"C182"},"0F8":{"t":"C172"},"0F9":{"t":"ULAC"},"103":{"t":"J3"},"105":{"t":"PA18"},"106":{"t":"ULAC"},"108":{"t":"C170"},"109":{"t":"ULAC"},"10B":{"t":"C182"},"10C":{"t":"PA18"},"10E":{"t":"L8"},"111":{"t":"ULAC"},"114":{"t":"C182"},"115":{"t":"C82R"},"117":{"t":"C172"},"11B":{"t":"C172"},"121":{"t":"C152"},"125":{"t":"J3"},"127":{"desc":"G1P","t":"GYRO"},"128":{"t":"PA18"},"12A":{"t":"PA38"},"12B":{"t":"C170"},"12C":{"t":"CH7A"},"12D":{"t":"PA38"},"12E":{"t":"C182"},"130":{"t":"C150"},"131":{"t":"L8"},"132":{"t":"ULAC"},"133":{"t":"P28A"},"134":{"t":"C140"},"135":{"t":"P28A"},"137":{"t":"C182"},"139":{"t":"NAVI"},"13B":{"t":"C140"},"13C":{"t":"GLID"},"13D":{"t":"C182"},"144":{"t":"C152"},"146":{"t":"C152"},"147":{"t":"C152"},"149":{"t":"J3"},"14A":{"desc":"L1P"},"14B":{"t":"PA18"},"14C":{"t":"PA38"},"14D":{"t":"C180"},"14E":{"t":"C170"},"14F":{"t":"CH7A"},"151":{"t":"C182"},"152":{"desc":"L1P"},"153":{"t":"C150"},"154":{"t":"PA38"},"155":{"t":"C172"},"156":{"t":"PA12"},"157":{"t":"PA38"},"15C":{"t":"NAVI"},"15D":{"t":"C172"},"160":{"t":"C182"},"161":{"desc":"L1P","t":"ULAC"},"165":{"t":"J3"},"168":{"t":"C152"},"16E":{"t":"BE33"},"170":{"t":"ULAC"},"174":{"t":"GLID"},"175":{"desc":"H8E"},"177":{"t":"CL60"},"178":{"desc":"L1P"},"179":{"t":"C750"},"17A":{"desc":"L1P"},"17C":{"t":"FA50"},"17E":{"t":"BE20"},"181":{"t":"B762"},"184":{"t":"B190"},"185":{"desc":"L1P"},"187":{"desc":"L1P"},"188":{"t":"B744"},"191":{"t":"C182"},"1A0":{"t":"PA46"},"1A1":{"t":"C525"},"1A2":{"t":"P28A"},"1A3":{"desc":"L1E","t":"C208"},"1A7":{"t":"BE36"},"1A8":{"desc":"H2T"},"1AA":{"t":"SR22"},"1AC":{"desc":"L2T","t":"DC3"},"1AE":{"t":"BE9L"},"1B0":{"t":"B58T"},"1B2":{"t":"FDCT"},"1C0":{"t":"HUSK"},"1C1":{"desc":"L2T"},"1C3":{"t":"BE58"},"1C4":{"t":"R44"},"1C5":{"t":"M20P"},"1CA":{"t":"DA40"},"1D2":{"desc":"L1P"},"1D3":{"t":"BE35"},"1D4":{"desc":"L1P","t":"ULAC"},"1ED":{"t":"PA46"},"1F4":{"t":"F2TH"},"1FC":{"t":"C172"},"205":{"t":"G280"},"206":{"desc":"H1P"},"207":{"desc":"L1P"},"210":{"desc":"L1P"},"215":{"desc":"H1T"},"21A":{"t":"PC12"},"21D":{"t":"B212"},"22B":{"t":"LJ24"},"236":{"t":"E300"},"237":{"t":"P28A"},"238":{"t":"E190"},"244":{"t":"GLID"},"247":{"t":"C172"},"24F":{"t":"C172"},"258":{"desc":"L1P"},"269":{"t":"AT5T"},"278":{"t":"CRJ9"},"281":{"desc":"L1P"},"282":{"t":"BL8"},"284":{"t":"C150"},"285":{"t":"C180"},"286":{"t":"M20T"},"288":{"t":"P28A"},"28A":{"t":"FDCT"},"28B":{"desc":"L1P"},"28C":{"t":"M7"},"28D":{"t":"CH7A"},"28F":{"desc":"L1P"},"292":{"desc":"L1P"},"295":{"t":"BE33"},"296":{"desc":"L1P"},"29A":{"desc":"L1T"},"29E":{"t":"P28A"},"2A7":{"t":"E75L"},"2AB":{"t":"BALL"},"2AE":{"t":"A320"},"2B1":{"t":"C172"},"2B2":{"desc":"L1T"},"2B3":{"desc":"L1P"},"2BD":{"t":"AC11"},"2C4":{"t":"CRJ2"},"2CC":{"desc":"L1P","t":"ULAC"},"2DD":{"t":"CL60"},"2E5":{"desc":"L1P"},"2E6":{"t":"CH7B"},"2E8":{"desc":"H1P"},"2E9":{"t":"M7"},"2F5":{"t":"AA5"},"2F9":{"desc":"L1P"},"2FA":{"desc":"L1P"},"2FF":{"t":"M20P"},"300":{"desc":"A2P"},"302":{"t":"GLID"},"304":{"t":"BL8"},"30C":{"t":"C210"},"310":{"desc":"L1P"},"313":{"desc":"A1P"},"314":{"desc":"L1P"},"317":{"t":"PA18"},"318":{"t":"T206"},"319":{"t":"BALL"},"31E":{"t":"C208"},"31F":{"t":"B06"},"320":{"t":"BE55"},"323":{"t":"SR20"},"328":{"t":"DA42"},"329":{"desc":"L1P"},"32D":{"t":"CL60"},"331":{"desc":"H1E"},"349":{"desc":"L1P"},"34A":{"t":"RV12"},"34C":{"desc":"L1T"},"363":{"t":"C182"},"368":{"t":"P28A"},"36A":{"t":"BE33"},"36D":{"t":"BE33"},"36E":{"t":"BE9L"},"36F":{"t":"B737"},"370":{"desc":"L1P"},"373":{"t":"SR22"},"374":{"t":"S22T"},"377":{"t":"B06"},"37B":{"desc":"L1P"},"37C":{"t":"GLID"},"394":{"t":"BE33"},"3C8":{"t":"B47G"},"3C9":{"desc":"L1P","t":"ULAC"},"3CE":{"desc":"L1P","t":"ULAC"},"3CF":{"t":"C150"},"3D1":{"t":"C172"},"3D2":{"t":"P28A"},"3D3":{"t":"C120"},"3D4":{"desc":"L1P","t":"ULAC"},"3D6":{"t":"C182"},"3D9":{"t":"C172"},"3DA":{"t":"PA38"},"3DB":{"desc":"L1P","t":"ULAC"},"3DC":{"t":"C182"},"3DD":{"t":"P28A"},"3DF":{"t":"ULAC"},"3E0":{"t":"J4"},"3E3":{"t":"J3"},"3E4":{"t":"J3"},"3E6":{"t":"J3"},"3E7":{"t":"C152"},"3E8":{"t":"J3"},"3EA":{"t":"PA18"},"3EC":{"t":"PA38"},"3EE":{"t":"CH7A"},"3EF":{"t":"PA38"},"3F0":{"t":"C182"},"3F4":{"t":"C172"},"3F5":{"t":"PA12"},"3F8":{"t":"C182"},"3F9":{"t":"C182"},"3FA":{"t":"C337"},"3FB":{"t":"P28A"},"3FC":{"desc":"L1P"},"3FD":{"t":"C140"},"3FF":{"t":"C182"},"401":{"desc":"L1P","t":"ULAC"},"402":{"t":"J3"},"406":{"t":"PA38"},"40F":{"t":"C180"},"411":{"t":"CH7A"},"412":{"desc":"L1P","t":"ULAC"},"413":{"desc":"L1P","t":"ULAC"},"415":{"t":"C150"},"417":{"t":"ULAC"},"418":{"t":"PA12"},"419":{"t":"C120"},"41B":{"t":"ULAC"},"41D":{"t":"T210"},"41E":{"t":"P28A"},"420":{"t":"ULAC"},"423":{"t":"BE36"},"425":{"t":"C152"},"426":{"t":"J4"},"42A":{"t":"J4"},"42B":{"t":"J4"},"42C":{"desc":"L4P"},"42D":{"t":"J3"},"42E":{"t":"J4"},"432":{"t":"C180"},"436":{"desc":"L1P","t":"ULAC"},"438":{"t":"C150"},"439":{"t":"L8"},"43B":{"t":"PA12"},"43D":{"t":"ULAC"},"43E":{"t":"C182"},"440":{"t":"ULAC"},"442":{"desc":"L1P","t":"ULAC"},"443":{"t":"C140"},"444":{"t":"GLID"},"445":{"t":"C182"},"446":{"t":"C172"},"44A":{"t":"C152"},"44B":{"t":"C152"},"44C":{"t":"J3"},"44D":{"t":"J3"},"44F":{"t":"J3"},"450":{"t":"C152"},"453":{"t":"PA18"},"454":{"t":"PA38"},"455":{"t":"ULAC"},"456":{"t":"C170"},"457":{"t":"C182"},"45C":{"t":"L8"},"45E":{"t":"P28A"},"460":{"t":"ULAC"},"461":{"t":"C182"},"463":{"desc":"L1P","t":"ULAC"},"465":{"t":"ULAC"},"467":{"t":"GLID"},"468":{"desc":"L1P","t":"ULAC"},"469":{"t":"ULAC"},"471":{"t":"J3"},"472":{"t":"C152"},"475":{"t":"C172"},"476":{"t":"PA38"},"479":{"t":"PA38"},"47A":{"t":"CH7A"},"47B":{"t":"C180"},"47C":{"t":"C182"},"480":{"t":"ULAC"},"481":{"t":"P28R"},"485":{"t":"C182"},"487":{"t":"P28A"},"488":{"t":"C172"},"489":{"t":"ULAC"},"48A":{"t":"GLID"},"48B":{"t":"ULAC"},"48E":{"t":"C152"},"490":{"t":"J4"},"498":{"desc":"L1P"},"499":{"t":"PA18"},"49A":{"t":"ULAC"},"49B":{"t":"ULAC"},"49E":{"t":"C180"},"4A1":{"t":"ULAC"},"4A3":{"t":"C172"},"4A4":{"t":"P28R"},"4A6":{"t":"PA18"},"4A7":{"t":"ULAC"},"4A9":{"t":"ULAC"},"4AA":{"t":"NAVI"},"4AB":{"t":"C172"},"4AF":{"t":"C172"},"4B1":{"t":"J3"},"4BB":{"desc":"L1P"},"4BC":{"desc":"S1P","t":"PA18"},"4BD":{"t":"PA18"},"4C0":{"t":"C172"},"4C2":{"t":"C182"},"4C3":{"t":"ULAC"},"4C8":{"t":"C140"},"4C9":{"t":"PA18"},"4CB":{"t":"P28A"},"4CC":{"t":"ULAC"},"4CD":{"t":"NAVI"},"4CE":{"t":"ULAC"},"4CF":{"t":"C140"},"4D0":{"t":"GLID"},"4D1":{"t":"C182"},"4D2":{"t":"C172"},"4D6":{"t":"B789"},"4D7":{"t":"B789"},"4D8":{"t":"B789"},"4DA":{"t":"B789"},"4DC":{"t":"PA18"},"4DD":{"t":"B789"},"4DE":{"desc":"L1P"},"4E1":{"t":"CH7A"},"4E2":{"t":"PA38"},"4E3":{"t":"CH7A"},"4E4":{"t":"C180"},"4E5":{"t":"C182"},"4E8":{"t":"ULAC"},"4E9":{"t":"C172"},"4EC":{"t":"PA18"},"4EE":{"t":"C182"},"4EF":{"t":"T210"},"4F0":{"t":"ULAC"},"4F1":{"t":"C172"},"4F2":{"t":"C140"},"4F3":{"t":"GLID"},"4F4":{"t":"C182"},"4F5":{"t":"C172"},"4F7":{"t":"B789"},"4F8":{"t":"C152"},"4FD":{"t":"C152"},"501":{"t":"GLID"},"502":{"t":"PA38"},"503":{"desc":"H1P"},"504":{"t":"ULAC"},"507":{"desc":"L1P","t":"ULAC"},"50A":{"t":"ULAC"},"50B":{"desc":"L1P"},"50D":{"t":"PA12"},"50F":{"t":"PA38"},"510":{"t":"P28A"},"511":{"t":"ULAC"},"512":{"t":"ULAC"},"514":{"t":"ULAC"},"518":{"t":"C172"},"51B":{"t":"C152"},"51C":{"t":"J3"},"51F":{"t":"C152"},"522":{"t":"C152"},"526":{"t":"SF50"},"527":{"t":"M7"},"528":{"desc":"L1P"},"529":{"t":"PA34"},"52A":{"desc":"L1P"},"52B":{"t":"C205"},"52C":{"desc":"L1P"},"52E":{"t":"B06"},"530":{"t":"L39"},"532":{"t":"LJ35"},"533":{"t":"E300"},"534":{"t":"C551"},"535":{"t":"BE95"},"536":{"t":"HUSK"},"539":{"t":"SR22"},"53A":{"t":"C182"},"53D":{"t":"S22T"},"53E":{"t":"BE76"},"53F":{"t":"R44"},"540":{"t":"LJ31"},"541":{"desc":"L1P"},"543":{"desc":"L1P"},"544":{"desc":"L1P"},"545":{"t":"C525"},"546":{"t":"B06"},"548":{"desc":"A1P"},"54A":{"desc":"L1P"},"54B":{"desc":"L1P"},"54C":{"desc":"L1P"},"54E":{"t":"BL17"},"550":{"t":"BE35"},"554":{"t":"S22T"},"555":{"desc":"A2P"},"557":{"desc":"L1P"},"558":{"t":"P32R"},"55A":{"desc":"A1P","t":"ULAC"},"55B":{"desc":"L1P"},"55C":{"t":"AC90"},"55D":{"desc":"L1P"},"55E":{"t":"BE36"},"55F":{"desc":"L1P"},"560":{"t":"CJ6"},"561":{"t":"C56X"},"563":{"desc":"L1P"},"565":{"t":"GLF5"},"567":{"desc":"L1P"},"568":{"t":"BE20"},"569":{"desc":"L1P"},"56A":{"t":"BE40"},"56C":{"t":"C172"},"56D":{"t":"PA46"},"570":{"t":"P28A"},"571":{"t":"BE60"},"572":{"desc":"L1P"},"574":{"t":"SR22"},"575":{"desc":"L1P"},"576":{"desc":"A2P"},"577":{"t":"PA18"},"578":{"desc":"L1P"},"57A":{"desc":"L1P"},"57D":{"desc":"H1P"},"57E":{"desc":"L1P"},"580":{"desc":"L1P"},"581":{"desc":"L1P"},"584":{"desc":"L1P"},"588":{"t":"SR22"},"589":{"t":"L8"},"58A":{"desc":"L1P"},"58B":{"t":"C340"},"58D":{"desc":"L1P"},"58E":{"t":"GLID"},"58F":{"t":"C152"},"590":{"t":"C650"},"591":{"desc":"L1P"},"594":{"t":"P28R"},"596":{"desc":"L1P"},"599":{"t":"AA5"},"59A":{"t":"C172"},"59E":{"t":"C310"},"59F":{"t":"E300"},"5A1":{"desc":"L1P"},"5A3":{"t":"PA34"},"5A5":{"t":"C180"},"5A7":{"t":"C421"},"5A8":{"desc":"H1P"},"5A9":{"t":"C185"},"5AA":{"desc":"L1P"},"5AB":{"t":"F2TH"},"5AD":{"desc":"L1P"},"5B0":{"t":"BE36"},"5B3":{"t":"C550"},"5B4":{"t":"PA27"},"5B8":{"desc":"A1P"},"5BB":{"t":"EA50"},"5BC":{"desc":"L1P"},"5BD":{"desc":"L1P"},"5BE":{"desc":"L1P"},"5C1":{"t":"BL8"},"5C2":{"t":"DV20"},"5C3":{"t":"B06"},"5C5":{"desc":"L1P","t":"ULAC"},"5C6":{"t":"B25"},"5C7":{"t":"GLF4"},"5C9":{"t":"T206"},"5CB":{"t":"BE9L"},"5CC":{"t":"PA31"},"5CD":{"desc":"A1P"},"5CF":{"t":"GLF5"},"5D0":{"desc":"L1P"},"5D1":{"desc":"L1P","t":"ULAC"},"5D3":{"t":"C550"},"5D4":{"t":"J3"},"5D7":{"desc":"L1P"},"5D9":{"t":"C240"},"5DB":{"t":"P28A"},"5DC":{"t":"BE35"},"5DD":{"t":"HDJT"},"5DE":{"desc":"L1P"},"5DF":{"t":"GLF5"},"5E2":{"t":"C182"},"5E5":{"t":"DA42"},"5E8":{"t":"SIRA"},"5E9":{"t":"SR22"},"5EB":{"t":"HUSK"},"5ED":{"t":"BE33"},"5EE":{"t":"C208"},"5F0":{"t":"C210"},"5F2":{"desc":"L1P"},"5F3":{"t":"PA27"},"5F5":{"desc":"L1P"},"5F7":{"t":"BE55"},"5F9":{"t":"HUSK"},"5FA":{"desc":"L1P"},"5FD":{"t":"BE55"},"5FE":{"desc":"L1P"},"602":{"t":"M20P"},"603":{"t":"E300"},"605":{"t":"B25"},"606":{"t":"BE17"},"607":{"t":"BE20"},"609":{"desc":"L1P"},"60C":{"desc":"L1P"},"60D":{"desc":"L1P"},"60E":{"desc":"H1T"},"60F":{"desc":"L1P"},"612":{"t":"PA18"},"614":{"t":"T6"},"616":{"t":"CH7B"},"618":{"desc":"L1P"},"61B":{"t":"P32R"},"61D":{"desc":"L1P"},"61E":{"t":"F2TH"},"61F":{"desc":"L1P"},"620":{"t":"ULAC"},"621":{"t":"B47G"},"622":{"t":"P28A"},"623":{"t":"S22T"},"624":{"desc":"L1P"},"625":{"t":"ST75"},"626":{"t":"C77R"},"627":{"t":"PA46"},"629":{"t":"GLID"},"62A":{"t":"AEST"},"62C":{"t":"BALL"},"62D":{"t":"C310"},"62F":{"t":"BT36"},"630":{"t":"BE36"},"631":{"t":"BE35"},"634":{"t":"S108"},"637":{"t":"C25A"},"638":{"t":"PA24"},"63A":{"t":"C25C"},"63B":{"t":"PRM1"},"63D":{"desc":"L1P"},"63E":{"desc":"L1P"},"63F":{"t":"SF50"},"640":{"desc":"L1P"},"641":{"t":"BE36"},"643":{"t":"SR22"},"644":{"t":"C185"},"645":{"desc":"L1P"},"646":{"desc":"L1P"},"648":{"desc":"L1P"},"649":{"t":"GLID"},"64B":{"t":"BALL"},"64C":{"t":"SR22"},"64D":{"desc":"L1P"},"64E":{"t":"F900"},"652":{"t":"B25"},"654":{"t":"CH7A"},"657":{"t":"HUSK"},"658":{"t":"PC12"},"659":{"t":"COL4"},"65F":{"desc":"L1P","t":"ULAC"},"661":{"t":"B407"},"665":{"t":"BALL"},"667":{"t":"PC12"},"668":{"t":"LJ25"},"66A":{"desc":"L1P"},"66D":{"t":"C240"},"66E":{"t":"PA34"},"670":{"t":"PA46"},"671":{"t":"P28A"},"674":{"t":"PA27"},"675":{"t":"P28A"},"678":{"t":"C56X"},"67A":{"t":"PA30"},"67B":{"desc":"L1P"},"67C":{"t":"AA5"},"67E":{"t":"R44"},"67F":{"t":"LJ25"},"680":{"t":"L39"},"681":{"t":"T206"},"683":{"t":"BE36"},"68E":{"t":"BALL"},"695":{"t":"LJ45"},"69A":{"t":"BE33"},"69D":{"t":"GLF4"},"69E":{"desc":"L1P"},"6A0":{"t":"BE33"},"6A2":{"t":"C340"},"6A3":{"desc":"L1P"},"6A4":{"t":"BE33"},"6A5":{"t":"GLID"},"6A7":{"desc":"A1P"},"6A8":{"t":"B58T"},"6A9":{"desc":"L1P"},"6AA":{"desc":"L1P"},"6AD":{"desc":"H1P"},"6AE":{"t":"C77R"},"6B0":{"desc":"L1P"},"6B2":{"t":"BE55"},"6B5":{"desc":"L1P"},"6B6":{"desc":"L1P"},"6B7":{"t":"CL60"},"6B8":{"t":"C185"},"6B9":{"t":"B47G"},"6BA":{"desc":"L1P"},"6BC":{"t":"GLID"},"6BD":{"desc":"L1P"},"6BE":{"t":"C25A"},"6BF":{"t":"C172"},"6C0":{"t":"GLID"},"6C1":{"t":"C550"},"6C3":{"desc":"L1P"},"6C5":{"desc":"L1P"},"6C6":{"t":"T6"},"6C7":{"t":"FA10"},"6C8":{"desc":"L1P"},"6CB":{"desc":"L1P"},"6CE":{"desc":"L1P"},"6CF":{"t":"C340"},"6D0":{"desc":"L1P"},"6D1":{"t":"PTS2"},"6D2":{"desc":"L1P"},"6D7":{"t":"PA22"},"6D8":{"desc":"L1P"},"6D9":{"desc":"L1P","t":"ULAC"},"6DA":{"t":"BT36"},"6DC":{"desc":"L1P"},"6DE":{"t":"AT5T"},"6E3":{"desc":"L1P"},"6E5":{"desc":"L1P"},"6E7":{"desc":"L1P"},"6E8":{"desc":"H4E"},"6EC":{"desc":"L2T"},"6F1":{"t":"UH1"},"6F3":{"t":"BALL"},"6F5":{"t":"BE36"},"6F9":{"t":"GLF5"},"6FD":{"t":"P32R"},"700":{"t":"CL60"},"701":{"t":"E145"},"702":{"t":"BE35"},"705":{"desc":"L1P"},"709":{"t":"SF50"},"70A":{"desc":"H1P"},"70B":{"t":"S22T"},"70C":{"t":"BE36"},"70D":{"desc":"L1T"},"711":{"desc":"L1P"},"712":{"desc":"L1P"},"714":{"t":"L8"},"719":{"t":"PC12"},"71A":{"t":"HUSK"},"71B":{"desc":"L1P"},"71C":{"t":"BE20"},"71D":{"t":"P210"},"71E":{"t":"P32R"},"71F":{"t":"J3"},"720":{"desc":"L1P"},"724":{"desc":"L1P"},"725":{"desc":"L1P"},"72B":{"desc":"L1P"},"72E":{"t":"BE36"},"72F":{"t":"C182"},"730":{"desc":"L1P"},"731":{"desc":"L1T","t":"M600"},"734":{"t":"GLID"},"735":{"desc":"L1P"},"73D":{"t":"C310"},"73E":{"t":"PC12"},"73F":{"desc":"L1P"},"740":{"t":"H25B"},"744":{"t":"SR20"},"747":{"t":"R44"},"748":{"t":"M20P"},"74B":{"desc":"L2P"},"74C":{"desc":"L1P"},"750":{"desc":"L2P"},"755":{"desc":"L1P"},"758":{"t":"FDCT"},"75B":{"t":"B25"},"75D":{"t":"SR22"},"760":{"t":"GLID"},"762":{"desc":"L1P"},"763":{"t":"PA18"},"765":{"desc":"L1P"},"76A":{"t":"R44"},"76B":{"t":"CL60"},"770":{"t":"P46T"},"77C":{"t":"C182"},"77F":{"t":"B350"},"781":{"t":"PA31"},"782":{"t":"C560"},"784":{"t":"GLF4"},"785":{"t":"CL30"},"788":{"t":"PA31"},"789":{"t":"E55P"},"78C":{"t":"FA50"},"78E":{"t":"GLID"},"790":{"t":"C680"},"793":{"t":"BE20"},"795":{"t":"B762"},"797":{"t":"BALL"},"798":{"t":"PA25"},"79A":{"desc":"L1P","t":"ULAC"},"79B":{"t":"PA27"},"79C":{"t":"BALL"},"79E":{"desc":"L2T"},"79F":{"t":"C25C"},"7A2":{"t":"BALL"},"7A5":{"desc":"L1T"},"7A7":{"t":"BALL"},"7A8":{"desc":"L1P"},"7A9":{"t":"PA46"},"7AC":{"t":"S22T"},"7B1":{"t":"B06"},"7B2":{"t":"DA40"},"7B3":{"t":"PA24"},"7B4":{"t":"SR20"},"7B6":{"desc":"L1J"},"7B7":{"t":"C68A"},"7BA":{"t":"SR22"},"7BB":{"t":"BE20"},"7BC":{"t":"C680"},"7BE":{"t":"B06"},"7C0":{"desc":"H1P"},"7C2":{"desc":"L1P"},"7C4":{"t":"SF50"},"7C5":{"t":"C182"},"7C9":{"desc":"L2P"},"7CB":{"desc":"L1P"},"7CC":{"t":"B58T"},"7CE":{"t":"B06"},"7D2":{"desc":"L1P"},"7D4":{"t":"F2TH"},"7D5":{"desc":"L1P"},"7D6":{"t":"CL30"},"7DA":{"desc":"L1P"},"7DD":{"desc":"H1T","t":"GLF5"},"7E2":{"t":"C206"},"7F7":{"t":"C182"},"7F8":{"t":"ASTR"},"7FB":{"t":"C182"},"7FE":{"t":"BE20"},"7FF":{"t":"PA27"},"807":{"t":"P28A"},"814":{"t":"BE35"},"817":{"t":"C182"},"818":{"t":"BE20"},"81F":{"t":"GLID"},"822":{"desc":"L2J"},"826":{"t":"PA24"},"82D":{"desc":"L1P"},"830":{"t":"P32R"},"839":{"desc":"L2J"},"83D":{"t":"BE20"},"844":{"desc":"H8E"},"846":{"desc":"L1P"},"848":{"desc":"L1P"},"849":{"t":"F900"},"84B":{"t":"BE20"},"84C":{"desc":"L1P"},"84D":{"desc":"L1P"},"84E":{"t":"SR22"},"857":{"t":"BE20"},"85F":{"t":"C170"},"861":{"t":"BALL"},"862":{"t":"GLF4"},"864":{"t":"J3"},"865":{"desc":"H2T"},"86B":{"t":"EC20"},"870":{"desc":"H1T"},"871":{"desc":"L1P"},"878":{"t":"C82T"},"879":{"t":"BE20"},"87B":{"t":"E550"},"87F":{"t":"FA7X"},"880":{"t":"B350"},"881":{"t":"PA24"},"889":{"desc":"L1P"},"88A":{"desc":"L1T"},"891":{"t":"BE95"},"892":{"t":"HUSK"},"893":{"t":"H25B"},"894":{"t":"S22T"},"895":{"t":"PA31"},"896":{"t":"T206"},"898":{"desc":"L1P"},"89B":{"desc":"L1P"},"89C":{"t":"BE33"},"89D":{"t":"B58T"},"89F":{"desc":"A2P"},"8A1":{"desc":"L1P","t":"ULAC"},"8A3":{"desc":"A1P","t":"ULAC"},"8A8":{"t":"B762"},"8AB":{"desc":"L1P"},"8AD":{"t":"BE20"},"8B4":{"t":"BE20"},"8B7":{"t":"E75L"},"8BB":{"t":"BALL"},"8BE":{"t":"A320"},"8C2":{"t":"GLID"},"8C3":{"desc":"A1P"},"8C4":{"t":"PA27"},"8C6":{"t":"PA24"},"8C7":{"desc":"H1P"},"8CD":{"t":"C560"},"8CE":{"t":"CL30"},"8CF":{"t":"PA46"},"8D1":{"desc":"L1P"},"8D4":{"t":"CRJ2"},"8D7":{"t":"BALL"},"8ED":{"t":"CL60"},"8F5":{"t":"BALL"},"8F6":{"t":"C172"},"8F7":{"t":"PA24"},"8F8":{"desc":"L1P","t":"ULAC"},"8FB":{"desc":"H1P"},"8FC":{"t":"GLF4"},"8FE":{"t":"GLF4"},"900":{"t":"CJ6"},"907":{"t":"PA27"},"909":{"desc":"L1P"},"90E":{"t":"AEST"},"90F":{"t":"P46T"},"910":{"desc":"L1P"},"911":{"desc":"L1P","t":"ULAC"},"912":{"t":"UH1"},"914":{"t":"S22T"},"919":{"desc":"L1P","t":"ULAC"},"91A":{"t":"SR20"},"91E":{"t":"C560"},"920":{"t":"BE20"},"921":{"t":"C172"},"924":{"t":"SR22"},"925":{"t":"E75L"},"927":{"t":"PA18"},"928":{"t":"PA27"},"92A":{"t":"BE35"},"92C":{"t":"BALL"},"92D":{"t":"AS50"},"92E":{"t":"CL30"},"92F":{"t":"R44"},"930":{"t":"PA24"},"933":{"t":"BE20"},"938":{"desc":"L2P"},"939":{"t":"BE20"},"93C":{"desc":"L1P"},"93D":{"desc":"G1P"},"94E":{"t":"MD11"},"95A":{"t":"RV12"},"96C":{"desc":"L1P"},"973":{"t":"PA32"},"974":{"desc":"A1P","t":"ULAC"},"975":{"t":"BALL"},"978":{"t":"P28A"},"979":{"t":"BE20"},"97A":{"t":"EC20"},"97F":{"t":"B737"},"984":{"desc":"A1P"},"987":{"t":"GLID"},"989":{"t":"HUSK"},"9A1":{"t":"BE20"},"9A2":{"t":"GLID"},"9A4":{"t":"BE33"},"9A6":{"t":"SF50"},"9B0":{"desc":"L1P"},"9B8":{"t":"BALL"},"9BD":{"desc":"H1P"},"9C5":{"desc":"L1P"},"9D9":{"t":"C170"},"9DB":{"t":"PA38"},"9DE":{"t":"ERCO"},"9E0":{"t":"L8"},"9E1":{"t":"C172"},"9E2":{"t":"M20T"},"9E4":{"t":"PA22"},"9E5":{"t":"C150"},"9E6":{"t":"C182"},"9E8":{"desc":"L1P"},"9E9":{"t":"P28A"},"9EA":{"desc":"L1P"},"9EB":{"desc":"L1T","t":"G164"},"9EC":{"t":"C172"},"9ED":{"t":"C170"},"9EE":{"t":"CH7B"},"9EF":{"t":"GLID"},"9F0":{"t":"GLID"},"9F1":{"desc":"L1P"},"9F5":{"desc":"L1P"},"9F6":{"t":"GLID"},"9FA":{"desc":"L1P"},"9FB":{"t":"CH7A"},"9FC":{"t":"C170"},"9FF":{"t":"CH7A"},"A00":{"t":"CH7B"},"A01":{"t":"ERCO"},"A02":{"t":"C150"},"A03":{"t":"L8"},"A05":{"t":"PA27"},"A06":{"desc":"L1P","t":"TB0"},"A08":{"t":"C182"},"A09":{"t":"P28A"},"A0A":{"t":"T210"},"A0C":{"t":"C172"},"A0D":{"t":"C170"},"A0E":{"t":"BE24"},"A0F":{"t":"C182"},"A10":{"t":"C172"},"A11":{"t":"CH7A"},"A12":{"desc":"H1P"},"A19":{"desc":"L1P","t":"ULAC"},"A1C":{"desc":"L1P"},"A1D":{"t":"PA22"},"A1E":{"t":"CH7A"},"A20":{"desc":"L1P"},"A22":{"t":"CH7A"},"A23":{"desc":"L1P","t":"ULAC"},"A24":{"desc":"L1P"},"A25":{"t":"C150"},"A26":{"t":"BALL"},"A29":{"desc":"H2T"},"A2B":{"desc":"L1P"},"A2C":{"t":"C182"},"A2E":{"t":"NAVI"},"A2F":{"t":"C172"},"A33":{"t":"C172"},"A34":{"t":"BL8"},"A35":{"t":"ULAC"},"A36":{"t":"ULAC"},"A38":{"t":"PA38"},"A3B":{"t":"GLID"},"A3D":{"t":"C152"},"A40":{"t":"C172"},"A41":{"desc":"L1P"},"A43":{"desc":"L1P","t":"TB0"},"A44":{"t":"CH7A"},"A45":{"t":"CH7A"},"A47":{"t":"ERCO"},"A48":{"t":"C150"},"A49":{"t":"L8"},"A4C":{"desc":"L1J"},"A4D":{"t":"PA38"},"A4E":{"desc":"L1P","t":"ULAC"},"A4F":{"t":"C182"},"A51":{"t":"NAVI"},"A53":{"t":"PA38"},"A54":{"desc":"H1P"},"A55":{"t":"BE58"},"A56":{"t":"C172"},"A57":{"t":"CH7B"},"A58":{"t":"P28A"},"A5A":{"t":"J3"},"A5B":{"t":"J3"},"A64":{"desc":"L1P","t":"TB0"},"A65":{"t":"C170"},"A67":{"t":"CH7A"},"A68":{"t":"CH7B"},"A6B":{"t":"C150"},"A6C":{"desc":"L1P"},"A6D":{"t":"C172"},"A6E":{"t":"PA12"},"A70":{"desc":"L1P","t":"LA4"},"A72":{"t":"C182"},"A74":{"t":"COL4"},"A75":{"t":"YK52"},"A76":{"t":"ULAC"},"A77":{"desc":"L1P"},"A78":{"t":"C206"},"A80":{"t":"J3"},"A82":{"t":"C152"},"A83":{"t":"BALL"},"A84":{"t":"J4"},"A85":{"desc":"L1P"},"A86":{"t":"PA22"},"A87":{"desc":"L1P"},"A89":{"t":"YK52"},"A8A":{"t":"CH7A"},"A8B":{"t":"CH7A"},"A8D":{"t":"GLID"},"A8E":{"t":"COL4"},"A8F":{"t":"PA38"},"A90":{"t":"C172"},"A91":{"t":"PA12"},"A92":{"t":"C140"},"A95":{"t":"P28A"},"A99":{"t":"C170"},"A9B":{"t":"C206"},"A9C":{"t":"C172"},"A9D":{"t":"BL8"},"A9F":{"t":"BALL"},"AA0":{"t":"J3"},"AA1":{"t":"C152"},"AA3":{"t":"P28B"},"AA5":{"t":"C152"},"AA9":{"desc":"L1P","t":"ULAC"},"AAA":{"t":"CH7A"},"AAF":{"t":"PA38"},"AB2":{"t":"L8"},"AB3":{"t":"PA38"},"AB5":{"t":"C140"},"AB7":{"t":"C182"},"AB8":{"t":"ULAC"},"AB9":{"t":"C210"},"ABA":{"t":"NAVI"},"ABB":{"t":"C172"},"ABC":{"desc":"L1P"},"ABD":{"t":"BE24"},"ABE":{"t":"C206"},"ABF":{"t":"C172"},"AC0":{"t":"CH7B"},"AC3":{"t":"PA38"},"AC4":{"t":"ULAC"},"ACB":{"desc":"L1P"},"ACC":{"t":"PA38"},"ACE":{"t":"C170"},"ACF":{"t":"PA38"},"AD0":{"t":"CH7A"},"AD2":{"t":"C182"},"AD4":{"t":"C188"},"AD5":{"t":"VO10"},"AD6":{"desc":"L1P"},"AD7":{"t":"PA12"},"AD9":{"t":"PA38"},"ADA":{"t":"PA32"},"ADB":{"t":"C182"},"ADC":{"t":"COL4"},"ADD":{"desc":"L1P","t":"TB0"},"AE0":{"t":"BE24"},"AE1":{"t":"B47G"},"AE2":{"t":"C172"},"AE3":{"desc":"L1P"},"AE4":{"t":"J3"},"AEC":{"desc":"L1P"},"AF0":{"t":"CH7A"},"AF4":{"t":"CH7A"},"AF5":{"t":"C182"},"AF6":{"t":"GLID"},"AF8":{"t":"B47G"},"AF9":{"t":"C172"},"AFB":{"t":"C140"},"AFE":{"t":"C182"},"AFF":{"t":"T210"},"B03":{"t":"BE24"},"B04":{"t":"C206"},"B06":{"t":"CH7A"},"B07":{"desc":"L1P"},"B08":{"desc":"L1P"},"B10":{"t":"B47G"},"B11":{"t":"GLID"},"B12":{"t":"PA38"},"B15":{"desc":"L1P"},"B17":{"t":"B47G"},"B1B":{"t":"C180"},"B1C":{"t":"C172"},"B1D":{"t":"ULAC"},"B1F":{"t":"PA22"},"B21":{"t":"P28A"},"B23":{"t":"NAVI"},"B24":{"t":"C172"},"B25":{"t":"C170"},"B26":{"desc":"L1P"},"B27":{"desc":"L1P","t":"TB0"},"B28":{"t":"C172"},"B29":{"t":"BL8"},"B2A":{"desc":"L1P"},"B2B":{"t":"PA38"},"B30":{"desc":"L1P","t":"TB0"},"B32":{"t":"AR11"},"B33":{"t":"J3"},"B35":{"desc":"L1P"},"B37":{"desc":"G1P"},"B3B":{"t":"PC24"},"B3C":{"desc":"L1P"},"B3F":{"t":"B739"},"B43":{"t":"A119"},"B46":{"t":"PA34"},"B47":{"t":"PA44"},"B4A":{"desc":"L1P"},"B4C":{"t":"B762"},"B4D":{"t":"B763"},"B4E":{"t":"GLID"},"B4F":{"t":"GLID"},"B51":{"t":"P28S"},"B52":{"t":"R22"},"B59":{"t":"DA40"},"B5C":{"t":"P51"},"B5E":{"desc":"L1P"},"B63":{"t":"M20T"},"B67":{"t":"C140"},"B68":{"t":"C172"},"B69":{"t":"C501"},"B6C":{"desc":"L4P"},"B6D":{"t":"BE20"},"B72":{"t":"CH7A"},"B75":{"t":"SR22"},"B77":{"desc":"L1P"},"B78":{"t":"P51"},"B7B":{"t":"SF50"},"B7C":{"desc":"L1P"},"B7D":{"desc":"L1P"},"B82":{"t":"P28R"},"B8C":{"t":"CH7B"},"B8E":{"t":"T206"},"B90":{"desc":"L1P"},"B95":{"t":"C82S"},"B96":{"desc":"L1P"},"B9A":{"t":"PA27"},"B9C":{"t":"E300"},"BAA":{"t":"AC90"},"BAB":{"t":"R66"},"BAD":{"t":"EC25"},"BB8":{"t":"B734"},"BC4":{"t":"CL30"},"BCB":{"t":"AEST"},"BCC":{"desc":"L1P"},"BD6":{"t":"GLID"},"BD7":{"t":"C525"},"BDD":{"t":"BE33"},"BDF":{"t":"GLF5"},"BE4":{"t":"AS50"},"BE7":{"t":"A109"},"BF2":{"t":"C72R"},"BF4":{"t":"GLF4"},"BFE":{"desc":"L1P","t":"ULAC"},"BFF":{"t":"CH7B"},"C06":{"t":"PC12"},"C07":{"t":"M20T"},"C08":{"t":"C421"},"C09":{"t":"DA62"},"C0E":{"t":"R44"},"C13":{"t":"E135"},"C16":{"t":"BE18"},"C18":{"t":"BE20"},"C1A":{"t":"C25A"},"C1B":{"desc":"L1P"},"C2F":{"t":"P51"},"C30":{"t":"DA40"},"C31":{"t":"GALX"},"C35":{"t":"R44"},"C3A":{"t":"GLID"},"C3B":{"desc":"L1P"},"C48":{"desc":"L1P"},"C49":{"t":"CH7B"},"C4C":{"desc":"L1P"},"C4D":{"t":"C182"},"C4F":{"t":"P28A"},"C50":{"desc":"H4E"},"C54":{"t":"GLF4"},"C5E":{"t":"P51"},"C65":{"t":"P28A"},"C68":{"t":"PC12"},"C6E":{"t":"E75L"},"C75":{"t":"A320"},"C7A":{"t":"M20P"},"C7B":{"t":"DA40"},"C8B":{"t":"CRJ2"},"CA4":{"t":"CL60"},"CAC":{"t":"C182"},"CAD":{"t":"C172"},"CAE":{"desc":"L1P"},"CB2":{"t":"E300"},"CB3":{"desc":"L1P"},"CB6":{"desc":"L1P"},"CBE":{"desc":"L1P"},"CC2":{"t":"AA5"},"CC5":{"desc":"L1P"},"CC7":{"t":"S22T"},"CC9":{"t":"LJ60"},"CCF":{"desc":"L1P"},"CD3":{"t":"H25B"},"CD5":{"t":"SR20"},"CDC":{"t":"E75L"},"CDE":{"t":"PA12"},"CDF":{"t":"ASTO"},"CE4":{"t":"PA18"},"CE9":{"t":"R44"},"CEF":{"t":"LJ25"},"CF0":{"t":"M7"},"D05":{"t":"MD11"},"D10":{"desc":"L1P"},"D11":{"t":"RV12"},"D1E":{"t":"GLF4"},"D2C":{"t":"BL8"},"D2D":{"desc":"H6E"},"D2F":{"t":"P28A"},"D31":{"desc":"L1P"},"D36":{"t":"B737"},"D3A":{"t":"ULAC"},"D3E":{"t":"C411"},"D40":{"t":"HUSK"},"D42":{"desc":"L1P"},"D5B":{"desc":"L1P"},"D74":{"t":"C195"},"D75":{"t":"B06"},"D8E":{"t":"PA18"},"D92":{"t":"CH7A"},"D94":{"t":"CH7A"},"D95":{"t":"PA18"},"D97":{"desc":"L1P","t":"TB0"},"D99":{"t":"PA27"},"D9A":{"desc":"H8E"},"D9B":{"desc":"L1P"},"D9C":{"t":"P32R"},"D9F":{"t":"NAVI"},"DA2":{"desc":"L1P","t":"ULAC"},"DA3":{"t":"PA32"},"DA4":{"t":"COL4"},"DA5":{"t":"BL8"},"DA6":{"t":"L8"},"DA7":{"desc":"L1P"},"DA9":{"t":"L8"},"DAA":{"desc":"L1P"},"DAC":{"t":"L8"},"DAE":{"t":"L8"},"DAF":{"desc":"L2P"},"DB1":{"t":"PA18"},"DB2":{"t":"F900"},"DB4":{"t":"C182"},"DB6":{"t":"CH7A"},"DB7":{"desc":"L1P"},"DB8":{"t":"ERCO"},"DBA":{"t":"BALL"},"DBB":{"t":"C172"},"DBC":{"t":"PA12"},"DBD":{"desc":"H8E"},"DBF":{"desc":"L1P"},"DC0":{"t":"C182"},"DC2":{"t":"GLID"},"DC4":{"t":"C170"},"DC5":{"t":"BE24"},"DC6":{"desc":"L1P","t":"COL3"},"DC7":{"desc":"L1P"},"DC8":{"t":"J3"},"DD0":{"t":"C172"},"DD2":{"t":"L8"},"DD4":{"t":"PA18"},"DD5":{"t":"CH7A"},"DD7":{"t":"PA18"},"DDA":{"t":"C182"},"DDC":{"t":"C150"},"DDD":{"t":"L8"},"DDE":{"t":"PA38"},"DE0":{"t":"PA38"},"DE1":{"t":"PA22"},"DE2":{"t":"C182"},"DE3":{"desc":"L1P","t":"TB0"},"DE4":{"t":"C337"},"DE6":{"t":"C172"},"DE8":{"t":"BE24"},"DE9":{"desc":"L1P"},"DEB":{"t":"BL8"},"DEC":{"t":"PA46"},"DF1":{"desc":"L1P","t":"TB0"},"DF3":{"t":"L8"},"DF4":{"t":"L8"},"DF6":{"desc":"L1P"},"DF7":{"t":"PA38"},"DF8":{"t":"CH7A"},"DFA":{"t":"C170"},"DFC":{"t":"CH7A"},"DFD":{"t":"C182"},"DFE":{"t":"GLID"},"DFF":{"t":"C150"},"E00":{"t":"C180"},"E01":{"t":"C172"},"E02":{"t":"PA12"},"E03":{"desc":"L1P"},"E04":{"t":"PA22"},"E05":{"desc":"L1P"},"E07":{"desc":"L1P","t":"ULAC"},"E08":{"t":"NAVI"},"E0A":{"t":"C170"},"E0B":{"t":"BE24"},"E0C":{"t":"C206"},"E0D":{"t":"C172"},"E12":{"t":"GLID"},"E13":{"t":"E45X"},"E16":{"t":"PA38"},"E17":{"t":"L8"},"E1A":{"t":"PA18"},"E1C":{"t":"C170"},"E1D":{"t":"C170"},"E1F":{"desc":"L1P"},"E20":{"t":"ULAC"},"E23":{"t":"L8"},"E24":{"t":"C172"},"E26":{"t":"C140"},"E29":{"t":"C182"},"E2B":{"t":"NAVI"},"E2C":{"t":"C172"},"E2E":{"t":"BE24"},"E2F":{"t":"C206"},"E30":{"t":"C172"},"E31":{"t":"CH7B"},"E32":{"t":"PA38"},"E34":{"t":"L8"},"E36":{"t":"L8"},"E38":{"desc":"L1P"},"E39":{"t":"L8"},"E3A":{"desc":"L1P"},"E3B":{"t":"ULAC"},"E3D":{"t":"PA18"},"E3E":{"desc":"L1P"},"E3F":{"t":"C170"},"E40":{"t":"C170"},"E44":{"t":"GLID"},"E45":{"t":"C150"},"E46":{"t":"L8"},"E47":{"t":"C172"},"E4A":{"t":"PA22"},"E4B":{"t":"COL4"},"E4E":{"t":"NAVI"},"E4F":{"t":"P28A"},"E50":{"t":"C170"},"E51":{"t":"BE24"},"E53":{"t":"P28A"},"E54":{"t":"CH7B"},"E56":{"desc":"L1P"},"E59":{"t":"L8"},"E5A":{"desc":"L1P"},"E5B":{"t":"BALL"},"E5E":{"desc":"L1P"},"E60":{"t":"PA18"},"E61":{"t":"PA38"},"E62":{"t":"PA38"},"E65":{"t":"CH7A"},"E67":{"t":"ERCO"},"E6A":{"t":"C172"},"E6C":{"t":"C120"},"E6D":{"t":"PA22"},"E70":{"t":"COL4"},"E72":{"t":"C172"},"E73":{"t":"C77R"},"E74":{"t":"BE24"},"E76":{"t":"C172"},"E77":{"t":"PA27"},"E7C":{"t":"L8"},"E7D":{"t":"L8"},"E81":{"t":"GLID"},"E83":{"desc":"L1P"},"E84":{"t":"PA38"},"E85":{"desc":"L1P"},"E8A":{"t":"GLID"},"E8B":{"t":"C150"},"E8C":{"desc":"H1P"},"E8D":{"t":"C172"},"E91":{"t":"P32R"},"E92":{"t":"P28A"},"E93":{"t":"ULAC"},"E94":{"t":"BALL"},"E98":{"desc":"L1P"},"E99":{"t":"C172"},"E9A":{"t":"C185"},"E9F":{"t":"L8"},"EA3":{"t":"L8"},"EA4":{"desc":"L1P"},"EA6":{"t":"PA18"},"EA9":{"t":"C170"},"EAA":{"t":"CH7A"},"EAB":{"t":"CH7A"},"EAC":{"t":"CH7B"},"EAD":{"desc":"L1P"},"EAF":{"t":"L8"},"EB0":{"t":"PA38"},"EB2":{"t":"C120"},"EB3":{"t":"PA22"},"EB4":{"t":"C182"},"EB7":{"t":"NAVI"},"EB8":{"t":"P28A"},"EB9":{"t":"C170"},"EBA":{"t":"ULAC"},"EBB":{"t":"C206"},"EBC":{"t":"C172"},"EBD":{"t":"CH7B"},"EC1":{"t":"FA24"},"EC3":{"t":"FA24"},"EC4":{"t":"TOBA"},"ECA":{"desc":"L1P"},"ECD":{"desc":"L1P","t":"ULAC"},"ECE":{"t":"P46T"},"ED0":{"t":"GLID"},"ED3":{"t":"C172"},"ED4":{"t":"P28S"},"ED6":{"t":"PA22"},"ED7":{"t":"TOBA"},"ED8":{"t":"C182"},"EDA":{"desc":"L1P","t":"TB0"},"EDB":{"t":"C172"},"EDD":{"t":"BE24"},"EDE":{"t":"PAY1"},"EE0":{"t":"CH7B"},"EE1":{"t":"B14A"},"EE3":{"t":"B14A"},"EE4":{"t":"B14A"},"EE6":{"t":"B14A"},"EE7":{"desc":"H1P"},"EE8":{"t":"ULAC"},"EE9":{"desc":"L1P"},"EEB":{"desc":"L1P"},"EEC":{"t":"M20T"},"EED":{"t":"BE33"},"EEF":{"t":"M20T"},"EF0":{"t":"M20T"},"EF2":{"t":"C182"},"EF3":{"t":"E55P"},"EF4":{"t":"M20T"},"EF5":{"t":"M20T"},"EF8":{"t":"E50P"},"EF9":{"t":"M20T"},"EFA":{"t":"M20T"},"EFC":{"t":"M20T"},"EFD":{"t":"M20T"},"EFF":{"t":"B762"},"F00":{"t":"M20T"},"F02":{"t":"DA40"},"F03":{"t":"M20T"},"F04":{"t":"M20T"},"F05":{"t":"M20T"},"F06":{"t":"M20T"},"F07":{"t":"C195"},"F09":{"t":"M20T"},"F0D":{"t":"M20T"},"F11":{"t":"M20T"},"F12":{"t":"M20T"},"F15":{"t":"M20T"},"F16":{"t":"M20T"},"F1A":{"desc":"L2T"},"F1C":{"t":"M20T"},"F1D":{"t":"M20T"},"F1E":{"t":"P46T"},"F1F":{"t":"M20T"},"F20":{"t":"S22T"},"F21":{"t":"M20T"},"F23":{"desc":"L1P"},"F24":{"t":"M20T"},"F25":{"t":"M20T"},"F26":{"t":"AS50"},"F2A":{"desc":"L1P"},"F2B":{"t":"M20T"},"F2C":{"t":"T206"},"F2E":{"t":"M20T"},"F2F":{"desc":"L1P"},"F32":{"t":"SF50"},"F33":{"desc":"L1P"},"F37":{"t":"M20T"},"F38":{"t":"DA40"},"F39":{"t":"M20T"},"F3A":{"t":"M20T"},"F3F":{"t":"CL60"},"F41":{"t":"M20T"},"F42":{"t":"C310"},"F43":{"desc":"L1P"},"F45":{"t":"BE55"},"F47":{"t":"M20T"},"F48":{"t":"M20T"},"F4B":{"t":"GLF5"},"F4C":{"desc":"A1P"},"F4F":{"t":"AA5"},"F50":{"t":"M20T"},"F53":{"t":"P28A"},"F5C":{"t":"M20T"},"F60":{"t":"C172"},"F64":{"t":"EC25"},"F66":{"desc":"L1P"},"F6B":{"t":"M20T"},"F75":{"t":"M20T"},"F84":{"t":"M20T"},"F8D":{"t":"GLID"},"F92":{"desc":"A1P"},"F93":{"t":"C182"},"F94":{"t":"FDCT"},"FA7":{"t":"M20T"},"FA9":{"t":"C182"},"FAB":{"t":"B350"},"FB0":{"t":"M20T"},"FB4":{"t":"GLID"},"FB5":{"desc":"L1P","t":"ULAC"},"FB7":{"t":"M20T"},"FB9":{"t":"M20T"},"FBC":{"t":"M20T"},"FBE":{"t":"C525"},"FC0":{"t":"C172"},"FC2":{"t":"M20T"},"FC4":{"t":"C182"},"FC9":{"desc":"L1P"},"FCA":{"t":"E135"},"FCD":{"desc":"A1T","t":"KODI"},"FCE":{"t":"BE20"},"FD0":{"t":"C180"},"FD9":{"t":"M20T"},"FE2":{"desc":"L1P"},"FE6":{"t":"M20T"},"FE7":{"t":"AT5T"},"FE9":{"t":"PC12"},"FED":{"t":"UH12"},"FF2":{"t":"S22T"},"FF8":{"t":"T206"},"FFF":{"t":"M20T"}}