{"000":{"t":"M20P"},"001":{"t":"M20T"},"002":{"t":"M20T"},"003":{"desc":"L1P"},"004":{"t":"M20T"},"006":{"t":"P28A"},"007":{"desc":"H4E"},"008":{"t":"PA46"},"009":{"t":"M20T"},"00A":{"t":"M20T"},"00F":{"t":"M20T"},"010":{"t":"M20T"},"011":{"t":"C152"},"015":{"t":"M20T"},"017":{"t":"M20T"},"018":{"desc":"L1P"},"021":{"t":"A320"},"025":{"t":"E75L"},"02C":{"t":"A320"},"031":{"t":"SR22"},"033":{"t":"M20T"},"037":{"t":"SR20"},"038":{"desc":"L1P"},"03A":{"t":"F900"},"03C":{"t":"M20T"},"03D":{"t":"PAY2"},"041":{"t":"M20T"},"042":{"t":"PTS2"},"043":{"t":"SF50"},"049":{"desc":"A1P","t":"ULAC"},"04A":{"t":"M20T"},"04B":{"desc":"L2T"},"056":{"t":"M20T"},"05B":{"t":"CL60"},"063":{"t":"P32R"},"064":{"t":"C172"},"066":{"t":"BE9L"},"067":{"t":"M20T"},"069":{"t":"E300"},"06A":{"desc":"H1P"},"06B":{"t":"M20T"},"06D":{"t":"M20T"},"06F":{"t":"M20T"},"071":{"t":"LJ60"},"074":{"t":"M20T"},"077":{"t":"C525"},"07C":{"t":"C340"},"07D":{"t":"EC35"},"07E":{"t":"C172"},"07F":{"t":"R22"},"080":{"t":"M20T"},"081":{"desc":"L1P"},"082":{"desc":"L1P","t":"ULAC"},"083":{"t":"TBM7"},"085":{"t":"M20T"},"088":{"t":"C182"},"08A":{"t":"C172"},"08E":{"desc":"H1P"},"091":{"t":"T210"},"093":{"t":"E75L"},"094":{"desc":"L1P"},"095":{"t":"PA18"},"096":{"desc":"L1T"},"097":{"t":"M20T"},"098":{"t":"M20T"},"099":{"t":"M20T"},"09B":{"t":"EC30"},"09C":{"t":"M20T"},"0A1":{"t":"M20T"},"0A7":{"desc":"L1P"},"0AE":{"t":"HUSK"},"0BC":{"t":"MD11"},"0C7":{"t":"BE33"},"0C8":{"t":"M20T"},"0D0":{"t":"SF50"},"0D1":{"desc":"L1T","t":"C182"},"0D2":{"t":"M20T"},"0D3":{"t":"M20T"},"0D7":{"t":"LJ60"},"0DB":{"t":"M20T"},"0E0":{"t":"T6"},"0E1":{"t":"PA34"},"0E2":{"desc":"L1P"},"0E3":{"t":"C152"},"0E4":{"t":"M20T"},"0E7":{"t":"M20T"},"0ED":{"t":"B737"},"0F1":{"t":"M20T"},"0F2":{"t":"M20T"},"0F7":{"t":"HUSK"},"105":{"t":"M20T"},"112":{"t":"HUSK"},"114":{"t":"M20T"},"115":{"t":"M20T"},"117":{"t":"M20T"},"118":{"t":"M20T"},"11A":{"t":"M20T"},"11D":{"t":"M20T"},"11F":{"t":"M20T"},"120":{"t":"M20T"},"121":{"t":"M20T"},"122":{"t":"M20T"},"125":{"t":"M20T"},"129":{"t":"M20T"},"12A":{"t":"M20T"},"12B":{"desc":"L1P"},"12C":{"t":"M20T"},"12E":{"t":"M20T"},"130":{"t":"M20T"},"145":{"t":"PA38"},"146":{"t":"PA38"},"147":{"desc":"L1P"},"149":{"t":"CH7A"},"14B":{"t":"C182"},"14C":{"t":"GLID"},"14F":{"t":"C172"},"151":{"t":"C140"},"153":{"t":"C182"},"154":{"t":"C182"},"155":{"desc":"L1P"},"157":{"t":"GLID"},"158":{"t":"C170"},"15A":{"desc":"L1P","t":"ULAC"},"15C":{"t":"ULAC"},"15E":{"t":"B738"},"164":{"desc":"L1P"},"166":{"desc":"L1P"},"16A":{"t":"C170"},"16B":{"desc":"L1P","t":"ULAC"},"16D":{"desc":"H1P"},"16E":{"t":"C182"},"16F":{"t":"ULAC"},"172":{"t":"C172"},"174":{"desc":"L1P","t":"TB0"},"175":{"t":"PA22"},"177":{"t":"P28A"},"178":{"t":"PA18"},"179":{"t":"NAVI"},"17A":{"t":"P28A"},"17C":{"desc":"L1P"},"17D":{"t":"GLID"},"17E":{"t":"C172"},"17F":{"t":"CH7B"},"180":{"desc":"A1P"},"184":{"t":"BALL"},"185":{"t":"L8"},"186":{"t":"C152"},"189":{"desc":"L1P","t":"TB0"},"18A":{"desc":"L1P"},"18B":{"t":"PA22"},"18C":{"desc":"L1P","t":"TB0"},"18D":{"t":"PA38"},"18E":{"desc":"L1P","t":"TB1"},"18F":{"t":"PA11"},"191":{"t":"C182"},"193":{"t":"C150"},"197":{"t":"ULAC"},"198":{"t":"R44"},"199":{"t":"C182"},"19A":{"t":"C182"},"19B":{"desc":"L1P"},"19C":{"t":"NAVI"},"19E":{"t":"PA31"},"1A0":{"t":"C206"},"1A1":{"t":"ULAC"},"1A4":{"t":"C152"},"1A6":{"desc":"L1P"},"1A8":{"t":"C152"},"1AE":{"t":"PA22"},"1AF":{"t":"PA38"},"1B0":{"t":"C170"},"1B1":{"t":"C170"},"1B2":{"t":"CH7A"},"1B3":{"t":"CH7A"},"1B4":{"t":"C182"},"1B5":{"t":"ERCO"},"1BA":{"t":"C140"},"1BB":{"t":"PA22"},"1BC":{"t":"C182"},"1BD":{"t":"C182"},"1BF":{"desc":"L1P","t":"ULAC"},"1C0":{"t":"P28A"},"1C4":{"t":"C172"},"1C5":{"t":"BL8"},"1C7":{"t":"L8"},"1C9":{"t":"C152"},"1CB":{"desc":"L1P","t":"ULAC"},"1CC":{"t":"L8"},"1D0":{"desc":"A1P"},"1D4":{"t":"C170"},"1D6":{"t":"CH7A"},"1D7":{"desc":"L1P"},"1D8":{"t":"GLID"},"1DA":{"t":"C180"},"1DB":{"t":"C172"},"1DC":{"t":"PA12"},"1DF":{"t":"C182"},"1E2":{"t":"NAVI"},"1E3":{"t":"P28A"},"1E4":{"t":"C170"},"1E5":{"t":"BE24"},"1E7":{"t":"C172"},"1E8":{"t":"BL8"},"1F1":{"t":"J3"},"1F3":{"t":"P28A"},"1F5":{"t":"PA38"},"1F6":{"t":"C170"},"1F7":{"t":"C170"},"1F8":{"t":"CH7A"},"1F9":{"t":"CH7A"},"1FA":{"t":"C182"},"1FB":{"t":"ERCO"},"1FC":{"t":"C150"},"1FD":{"t":"SR22"},"201":{"t":"SR20"},"202":{"t":"C182"},"203":{"t":"C182"},"205":{"t":"NAVI"},"207":{"t":"SR22"},"209":{"t":"T210"},"20A":{"t":"P28A"},"20B":{"t":"C185"},"20C":{"t":"BALL"},"20E":{"t":"PA38"},"211":{"t":"C152"},"215":{"t":"TOBA"},"217":{"t":"PA22"},"218":{"desc":"L1P"},"21A":{"t":"C170"},"21B":{"t":"CH7A"},"21F":{"t":"ULAC"},"220":{"t":"ULAC"},"221":{"desc":"L1P"},"222":{"t":"PA12"},"223":{"t":"C140"},"225":{"t":"PA34"},"226":{"t":"C182"},"227":{"t":"C82T"},"22B":{"desc":"L1P"},"22C":{"t":"C206"},"22D":{"t":"C172"},"230":{"t":"L8"},"232":{"t":"L8"},"233":{"t":"L8"},"234":{"t":"C152"},"236":{"t":"L8"},"238":{"t":"C152"},"239":{"desc":"L1P"},"23B":{"t":"CH7A"},"23C":{"t":"C170"},"23F":{"t":"CH7A"},"240":{"t":"C182"},"242":{"t":"C150"},"247":{"t":"PA22"},"248":{"t":"C182"},"249":{"t":"ULAC"},"24A":{"t":"C337"},"24B":{"desc":"L1P"},"24C":{"t":"P28A"},"24D":{"t":"C170"},"250":{"t":"C172"},"251":{"desc":"L1P"},"252":{"t":"L8"},"253":{"t":"C152"},"254":{"t":"BALL"},"256":{"t":"L8"},"25A":{"t":"TAMP"},"25C":{"desc":"L1P"},"25D":{"t":"PA22"},"25E":{"t":"PA38"},"260":{"desc":"L1P"},"261":{"desc":"L1P","t":"TB0"},"263":{"t":"BALL"},"264":{"t":"GLID"},"265":{"t":"C150"},"266":{"t":"L8"},"267":{"t":"C172"},"268":{"t":"PA12"},"26C":{"t":"C182"},"26D":{"t":"PA18"},"26E":{"desc":"L1P"},"26F":{"t":"P28A"},"272":{"t":"C206"},"273":{"t":"C172"},"274":{"desc":"L1P"},"276":{"desc":"L1P"},"279":{"t":"C152"},"27C":{"t":"PA38"},"27D":{"t":"L8"},"27E":{"t":"L8"},"284":{"t":"CH7A"},"285":{"t":"CH7A"},"288":{"t":"C150"},"289":{"t":"L8"},"28D":{"desc":"L1P"},"292":{"t":"C172"},"293":{"t":"PA38"},"295":{"t":"PA46"},"299":{"t":"L8"},"29F":{"t":"L8"},"2A1":{"desc":"H2T"},"2A3":{"t":"PA23"},"2A6":{"t":"A320"},"2A8":{"t":"SF34"},"2AD":{"t":"B739"},"2AE":{"t":"LJ45"},"2AF":{"t":"EC35"},"2B5":{"t":"PA44"},"2BA":{"t":"B762"},"2BC":{"desc":"A1P"},"2BF":{"t":"S22T"},"2D5":{"t":"HDJT"},"2D6":{"t":"BL8"},"2D8":{"desc":"L1P"},"2D9":{"t":"SR22"},"2DA":{"desc":"L1P"},"2DD":{"t":"AS50"},"2E1":{"t":"TWEN"},"2E3":{"t":"C680"},"2E7":{"t":"FDCT"},"2EA":{"t":"C525"},"2EE":{"t":"GLID"},"2F1":{"t":"EN28"},"2F4":{"t":"C180"},"2F5":{"t":"PC24"},"2F7":{"t":"GLID"},"2F9":{"t":"S22T"},"2FF":{"t":"PA31"},"302":{"t":"GLF5"},"307":{"t":"SR22"},"30F":{"desc":"L1P"},"317":{"t":"C82R"},"33C":{"t":"B734"},"344":{"t":"B190"},"34A":{"desc":"H1J"},"35D":{"desc":"L1T","t":"PA46"},"36C":{"t":"P28A"},"36D":{"t":"GLID"},"36E":{"t":"BE33"},"372":{"t":"T206"},"377":{"desc":"L1P"},"379":{"t":"DV20"},"37C":{"t":"SR22"},"381":{"t":"E135"},"390":{"t":"M20T"},"39E":{"t":"CL60"},"3A3":{"t":"AS50"},"3AB":{"desc":"L1P"},"3B7":{"t":"PA46"},"3BD":{"t":"P28A"},"3BE":{"desc":"H6E"},"3C2":{"desc":"L1P"},"3C8":{"t":"EC35"},"3CF":{"desc":"L1P"},"3D0":{"t":"C172"},"3DC":{"t":"E75L"},"3E3":{"t":"A320"},"3E8":{"desc":"L1P"},"3EB":{"t":"PC12"},"3F8":{"desc":"L1P"},"400":{"t":"S22T"},"412":{"t":"CL60"},"41B":{"t":"C172"},"41C":{"desc":"L1P"},"425":{"t":"BT36"},"426":{"t":"LJ45"},"42A":{"t":"C180"},"42E":{"desc":"L1P"},"434":{"t":"EC35"},"435":{"t":"C441"},"436":{"t":"LJ45"},"437":{"t":"UH1"},"438":{"desc":"L1P"},"439":{"t":"B190"},"43D":{"t":"GLID"},"443":{"t":"SR22"},"448":{"t":"P28A"},"44A":{"t":"E75L"},"44B":{"desc":"L1P"},"44C":{"t":"C56X"},"44D":{"t":"C208"},"458":{"t":"M20T"},"45A":{"desc":"L1P"},"462":{"t":"C680"},"473":{"t":"MD11"},"47E":{"t":"FDCT"},"47F":{"t":"RV12"},"497":{"t":"SR22"},"4A3":{"t":"P28A"},"4A4":{"t":"B737"},"4A5":{"t":"C182"},"4A8":{"t":"ULAC"},"4AE":{"t":"HUSK"},"4B0":{"t":"GLID"},"4C1":{"t":"CL30"},"4FD":{"desc":"L1P"},"502":{"t":"C182"},"503":{"t":"ERCO"},"505":{"t":"C180"},"506":{"t":"C172"},"507":{"t":"P28S"},"508":{"t":"PA38"},"509":{"t":"C170"},"50B":{"t":"C182"},"50F":{"t":"C77R"},"510":{"desc":"L1P","t":"TB0"},"512":{"t":"C172"},"513":{"desc":"L1P","t":"TB0"},"515":{"t":"C152"},"516":{"t":"C152"},"517":{"t":"BALL"},"519":{"t":"B14A"},"51C":{"desc":"H2T"},"51D":{"t":"B14A"},"51F":{"t":"PA38"},"522":{"t":"C170"},"524":{"t":"CH7B"},"525":{"t":"ULAC"},"527":{"t":"C150"},"529":{"t":"C172"},"52A":{"t":"PA12"},"52D":{"t":"C185"},"52E":{"t":"P28A"},"530":{"t":"NAVI"},"531":{"t":"BE36"},"535":{"t":"P28A"},"539":{"t":"B14A"},"53B":{"t":"B14A"},"53C":{"t":"TAMP"},"541":{"desc":"L1P"},"545":{"desc":"L1P","t":"TB0"},"547":{"t":"CH7A"},"548":{"t":"C182"},"54A":{"t":"C150"},"54D":{"desc":"L1P","t":"TB0"},"54E":{"t":"ULAC"},"54F":{"t":"PA22"},"551":{"t":"C182"},"552":{"t":"C185"},"553":{"t":"ULAC"},"554":{"t":"C172"},"556":{"t":"BE24"},"557":{"t":"C206"},"558":{"t":"C172"},"559":{"t":"C185"},"55A":{"desc":"L1P","t":"ULAC"},"55D":{"t":"FA24"},"55E":{"t":"P46T"},"55F":{"t":"C152"},"560":{"t":"BALL"},"561":{"t":"FA24"},"563":{"t":"FA24"},"564":{"t":"ST75"},"567":{"t":"C170"},"568":{"t":"C170"},"56A":{"t":"CH7A"},"56E":{"desc":"L1P"},"570":{"t":"PA12"},"571":{"t":"C120"},"573":{"t":"C182"},"574":{"t":"C182"},"576":{"t":"NAVI"},"577":{"t":"C172"},"578":{"t":"C77R"},"579":{"t":"BE24"},"57A":{"t":"P28A"},"57F":{"t":"C152"},"580":{"t":"L8"},"588":{"t":"PA18"},"589":{"desc":"L1P"},"58A":{"desc":"L1P","t":"ULAC"},"58C":{"desc":"H1P"},"58F":{"t":"ULAC"},"590":{"t":"ULAC"},"593":{"t":"PA12"},"595":{"t":"PA22"},"597":{"t":"C182"},"598":{"t":"ULAC"},"59A":{"t":"B77W"},"59C":{"t":"BE24"},"59E":{"t":"C172"},"5A0":{"t":"PA38"},"5A2":{"t":"L8"},"5A5":{"t":"L8"},"5A7":{"t":"L8"},"5A9":{"t":"ULAC"},"5AA":{"t":"GLID"},"5AD":{"t":"C170"},"5AF":{"desc":"L1P","t":"TB0"},"5B0":{"t":"CH7B"},"5B5":{"desc":"L1P"},"5B6":{"desc":"L1P","t":"ULAC"},"5B7":{"desc":"L1P"},"5B8":{"t":"COL4"},"5B9":{"t":"C182"},"5BA":{"t":"ST75"},"5BC":{"desc":"L1P"},"5BD":{"t":"P28A"},"5BE":{"t":"C77R"},"5C0":{"t":"COL4"},"5C1":{"t":"C172"},"5C2":{"desc":"L1P"},"5C4":{"t":"C152"},"5C7":{"t":"ULAC"},"5CA":{"t":"C152"},"5CC":{"t":"C152"},"5CD":{"desc":"L1P"},"5CE":{"t":"PA38"},"5D0":{"t":"C170"},"5D1":{"t":"C170"},"5D2":{"t":"PA22"},"5D4":{"t":"C182"},"5D5":{"t":"ERCO"},"5D8":{"t":"C172"},"5D9":{"t":"PA46"},"5DB":{"desc":"L1P","t":"LA4"},"5DC":{"t":"C182"},"5E0":{"t":"C172"},"5E1":{"t":"C170"},"5E3":{"t":"C206"},"5E5":{"t":"CH7A"},"5E8":{"t":"C152"},"5E9":{"desc":"L1P"},"5EC":{"t":"L8"},"5ED":{"desc":"L1P"},"5F2":{"t":"PA18"},"5F3":{"t":"C170"},"5F4":{"t":"PA38"},"5F7":{"t":"C182"},"5F8":{"t":"ERCO"},"5FA":{"t":"C180"},"5FB":{"t":"C172"},"5FF":{"t":"ULAC"},"602":{"t":"NAVI"},"604":{"t":"C170"},"607":{"t":"BALL"},"60F":{"t":"L8"},"614":{"t":"PA38"},"615":{"desc":"L1P"},"617":{"t":"C170"},"619":{"t":"CH7A"},"61A":{"t":"CH7A"},"61C":{"t":"C182"},"61D":{"t":"BALL"},"61E":{"t":"ULAC"},"61F":{"desc":"L1P"},"621":{"desc":"L1P"},"622":{"t":"ULAC"},"623":{"t":"C182"},"624":{"t":"T210"},"625":{"t":"NAVI"},"626":{"t":"C172"},"627":{"t":"C77R"},"628":{"t":"BE24"},"62A":{"t":"C172"},"62B":{"t":"BL8"},"632":{"t":"P28A"},"634":{"t":"ULAC"},"638":{"t":"PA38"},"63B":{"desc":"L1P"},"63C":{"t":"ULAC"},"63D":{"t":"PA38"},"63E":{"t":"ERCO"},"63F":{"t":"BALL"},"643":{"t":"C120"},"646":{"t":"C182"},"648":{"t":"NAVI"},"649":{"t":"C172"},"64A":{"desc":"L1P","t":"ULAC"},"64B":{"t":"BE24"},"64C":{"t":"COL3"},"64D":{"t":"C172"},"651":{"t":"FA24"},"652":{"t":"C152"},"655":{"desc":"L1P"},"658":{"t":"C152"},"659":{"t":"AA5"},"65B":{"t":"BE35"},"664":{"desc":"L1P"},"666":{"t":"C501"},"66A":{"desc":"L1P"},"66C":{"t":"PA44"},"66F":{"desc":"L1P"},"672":{"desc":"L1P"},"673":{"desc":"A1P"},"676":{"t":"BE55"},"67E":{"desc":"L1P"},"685":{"t":"PTS2"},"68D":{"t":"GLF4"},"68F":{"t":"SR22"},"690":{"t":"SR20"},"695":{"t":"GLID"},"696":{"desc":"L1P"},"698":{"t":"C310"},"69D":{"t":"T206"},"69E":{"t":"FDCT"},"6A5":{"t":"BE55"},"6A6":{"t":"DA40"},"6A7":{"t":"SR22"},"6A8":{"t":"DV20"},"6A9":{"desc":"A1P"},"6AD":{"desc":"L1P","t":"ULAC"},"6AE":{"desc":"H6E"},"6B0":{"t":"PC12"},"6B1":{"t":"EC30"},"6B3":{"t":"BE36"},"6B5":{"t":"C560"},"6B9":{"t":"E550"},"6BE":{"t":"S22T"},"6C0":{"t":"J5"},"6C8":{"t":"C172"},"6CA":{"desc":"L1P"},"6E0":{"t":"F2TH"},"6E8":{"t":"LJ45"},"6F1":{"t":"G280"},"6F3":{"desc":"L1P"},"6FB":{"t":"B190"},"701":{"desc":"H1J"},"709":{"t":"B212"},"714":{"desc":"L1P"},"723":{"t":"P28A"},"738":{"t":"E135"},"73E":{"desc":"L1P"},"747":{"t":"C177"},"754":{"desc":"L1P"},"755":{"t":"AT5T"},"75A":{"desc":"L1P"},"765":{"desc":"H4E"},"76E":{"t":"PA32"},"76F":{"t":"C680"},"772":{"t":"C182"},"774":{"t":"P28A"},"775":{"desc":"H8E"},"779":{"desc":"L1P"},"77D":{"desc":"L1P"},"781":{"t":"PA32"},"782":{"t":"S22T"},"78F":{"desc":"H4E"},"793":{"t":"E75L"},"79A":{"t":"A320"},"79D":{"t":"C172"},"7A0":{"desc":"H6E"},"7A1":{"t":"C340"},"7A2":{"t":"BE30"},"7A3":{"desc":"L1P"},"7B0":{"t":"CRJ2"},"7B3":{"t":"PC24"},"7C9":{"t":"CL60"},"7D1":{"t":"AC11"},"7D2":{"t":"C172"},"7D7":{"t":"E300"},"7DD":{"desc":"L1P"},"7E3":{"t":"SR22"},"7E6":{"desc":"L1P"},"7EC":{"t":"H25B"},"7ED":{"t":"SR22"},"7EE":{"t":"GLF5"},"7EF":{"desc":"L1P"},"7F2":{"desc":"L1P"},"7F6":{"desc":"H1T"},"7F8":{"t":"C172"},"7FA":{"t":"R22"},"7FC":{"desc":"L1P"},"801":{"t":"E75L"},"803":{"t":"PA18"},"804":{"desc":"H10E"},"805":{"t":"C510"},"807":{"desc":"H6E"},"80F":{"t":"C414"},"811":{"t":"P28A"},"814":{"t":"C206"},"82A":{"t":"MD11"},"854":{"desc":"L1P","t":"ULAC"},"855":{"t":"C185"},"85B":{"t":"B737"},"85F":{"t":"ULAC"},"867":{"t":"GLID"},"875":{"desc":"L1P"},"8B2":{"t":"GLID"},"8B3":{"t":"PA22"},"8B5":{"t":"PA38"},"8B7":{"t":"CH7A"},"8B8":{"t":"CH7B"},"8BB":{"desc":"L1P","t":"ULAC"},"8BE":{"desc":"L1P"},"8BF":{"t":"C140"},"8C0":{"t":"PA22"},"8C1":{"t":"P28A"},"8C2":{"t":"C182"},"8C4":{"t":"NAVI"},"8C6":{"t":"C170"},"8CF":{"desc":"L1P"},"8D2":{"desc":"L1P"},"8D3":{"t":"C152"},"8D5":{"desc":"H6E"},"8D6":{"desc":"L1P"},"8D8":{"t":"C170"},"8DA":{"t":"CH7A"},"8DC":{"t":"C182"},"8E1":{"desc":"L1P"},"8E2":{"desc":"L1P","t":"ULAC"},"8E6":{"t":"PA18"},"8E7":{"t":"ULAC"},"8E8":{"t":"ULAC"},"8E9":{"t":"ULAC"},"8EB":{"t":"C206"},"8EC":{"t":"ULAC"},"8ED":{"t":"ULAC"},"8EE":{"t":"PA38"},"8F1":{"t":"C152"},"8F4":{"t":"C152"},"8F9":{"desc":"L1P","t":"ULAC"},"8FB":{"t":"C170"},"901":{"t":"BALL"},"902":{"desc":"L1P"},"904":{"t":"PA12"},"905":{"t":"C120"},"907":{"desc":"L1P","t":"ULAC"},"908":{"t":"C182"},"909":{"t":"C337"},"90A":{"desc":"L1P"},"90B":{"t":"C172"},"90D":{"t":"P32R"},"910":{"t":"BL8"},"913":{"desc":"L1P"},"917":{"t":"C152"},"91E":{"t":"C170"},"920":{"t":"CH7A"},"921":{"t":"CH7A"},"922":{"desc":"L1P","t":"ULAC"},"923":{"t":"ULAC"},"925":{"desc":"L1P"},"926":{"t":"ULAC"},"927":{"t":"ULAC"},"928":{"t":"C140"},"92B":{"t":"C182"},"92D":{"desc":"L1P","t":"ULAC"},"92E":{"t":"P28A"},"930":{"desc":"L1P","t":"ULAC"},"932":{"t":"ULAC"},"934":{"t":"C152"},"935":{"desc":"L1P"},"936":{"desc":"L1P"},"93A":{"desc":"L1P"},"93B":{"desc":"L1P"},"93D":{"desc":"L1P"},"941":{"desc":"L1P","t":"ULAC"},"942":{"t":"C170"},"945":{"t":"C182"},"94A":{"t":"PA12"},"94B":{"t":"C140"},"94C":{"t":"PA22"},"94E":{"t":"C182"},"94F":{"t":"PA18"},"950":{"desc":"L1P"},"951":{"t":"BALL"},"953":{"desc":"L1P"},"954":{"t":"ULAC"},"955":{"t":"C172"},"957":{"desc":"L1P"},"963":{"desc":"L1P"},"964":{"t":"PA44"},"965":{"t":"C170"},"967":{"t":"CH7A"},"968":{"t":"C182"},"969":{"t":"PA46"},"96B":{"desc":"L1P"},"96D":{"t":"PA12"},"96E":{"t":"ULAC"},"96F":{"t":"PA22"},"971":{"t":"C182"},"973":{"desc":"L1P"},"974":{"t":"P28A"},"975":{"t":"C170"},"976":{"t":"BE24"},"978":{"t":"C172"},"979":{"t":"C185"},"97B":{"desc":"L1P"},"97D":{"desc":"L1P"},"97F":{"desc":"L1P"},"980":{"desc":"L1P"},"987":{"t":"C170"},"988":{"t":"C170"},"98A":{"t":"CH7A"},"98B":{"t":"CH7A"},"98C":{"t":"ERCO"},"98D":{"t":"ULAC"},"98E":{"t":"C180"},"98F":{"t":"ULAC"},"992":{"t":"PA22"},"993":{"t":"P28A"},"994":{"t":"C182"},"995":{"t":"ULAC"},"997":{"t":"P28A"},"99B":{"t":"C172"},"99C":{"t":"CH7B"},"99D":{"t":"PA34"},"99E":{"desc":"L1P"},"99F":{"desc":"L1P"},"9A0":{"desc":"L1P"},"9A2":{"desc":"L1P"},"9A3":{"t":"BE36"},"9A4":{"t":"C152"},"9A5":{"desc":"L1P"},"9A6":{"t":"C152"},"9A7":{"desc":"L1P"},"9AB":{"t":"PA38"},"9AC":{"t":"CH7A"},"9AD":{"t":"CH7B"},"9AE":{"t":"C182"},"9AF":{"t":"PA18"},"9B0":{"t":"C150"},"9B1":{"t":"L8"},"9B2":{"t":"C172"},"9B3":{"t":"PA12"},"9B6":{"t":"P28A"},"9B7":{"t":"ULAC"},"9B9":{"t":"COL3"},"9BA":{"t":"C172"},"9BC":{"t":"BE24"},"9BD":{"t":"C206"},"9BE":{"t":"P32R"},"9BF":{"t":"BL8"},"9C1":{"desc":"L1P"},"9C6":{"t":"C152"},"9C7":{"t":"C152"},"9CB":{"t":"PA22"},"9CC":{"t":"PA38"},"9CD":{"t":"PA38"},"9CE":{"t":"C170"},"9CF":{"desc":"L1P","t":"ULAC"},"9D1":{"t":"C182"},"9D9":{"t":"P28A"},"9DA":{"t":"C182"},"9DD":{"t":"C172"},"9DF":{"t":"BE24"},"9E1":{"t":"C172"},"9E3":{"t":"C152"},"9E6":{"desc":"L1P"},"9E8":{"desc":"L1P"},"9EA":{"desc":"L1P"},"9F1":{"t":"PA46"},"9F2":{"t":"ULAC"},"9F3":{"t":"CH7A"},"9F4":{"t":"C182"},"9F5":{"t":"ERCO"},"9F8":{"t":"C172"},"9F9":{"t":"PA12"},"9FB":{"t":"PA22"},"9FC":{"t":"P28A"},"9FD":{"desc":"L1P","t":"ULAC"},"A00":{"desc":"L1P","t":"ULAC"},"A04":{"t":"C172"},"A05":{"t":"BL8"},"A0B":{"desc":"L1P"},"A0C":{"t":"BE36"},"A0D":{"t":"C152"},"A0F":{"desc":"L1P"},"A10":{"t":"P337"},"A11":{"t":"C310"},"A12":{"desc":"H4E"},"A17":{"desc":"L1P"},"A18":{"desc":"G1P"},"A1C":{"t":"PA18"},"A1D":{"t":"E50P"},"A23":{"t":"C182"},"A25":{"desc":"L1P"},"A28":{"t":"B762"},"A2A":{"t":"BE35"},"A2B":{"t":"BE55"},"A2C":{"t":"B350"},"A2E":{"t":"BE35"},"A30":{"desc":"L1P"},"A32":{"desc":"L2T"},"A35":{"t":"DV20"},"A38":{"t":"B06"},"A3A":{"t":"BL8"},"A3B":{"t":"SR22"},"A3E":{"t":"CL30"},"A3F":{"t":"SR22"},"A43":{"desc":"L1P"},"A44":{"t":"P212"},"A45":{"t":"P28A"},"A46":{"t":"CL60"},"A49":{"desc":"L1J"},"A4B":{"desc":"L1P"},"A4C":{"desc":"A2P","t":"BALL"},"A4F":{"t":"B762"},"A51":{"desc":"L1P"},"A55":{"t":"FDCT"},"A5C":{"desc":"L1P"},"A5D":{"t":"DA40"},"A5E":{"desc":"L1P"},"A60":{"t":"SR20"},"A64":{"t":"P32R"},"A65":{"desc":"H6E"},"A66":{"desc":"L1P"},"A68":{"desc":"L1P"},"A6A":{"t":"SR22"},"A6D":{"t":"PA32"},"A6E":{"desc":"L1P"},"A70":{"t":"E550"},"A71":{"t":"P46T"},"A72":{"t":"H25B"},"A75":{"t":"C150"},"A7A":{"desc":"H1P"},"A81":{"t":"BE55"},"A87":{"desc":"A1P"},"A89":{"t":"EC25"},"A99":{"t":"C182"},"A9C":{"t":"C750"},"A9F":{"t":"BE55"},"AA7":{"t":"P32T"},"AA8":{"t":"GLF4"},"AAF":{"desc":"L1P"},"AB2":{"t":"B190"},"AB7":{"desc":"L2P","t":"BALL"},"AB8":{"desc":"H1J"},"AB9":{"t":"B06"},"AC0":{"desc":"L1P"},"AC9":{"t":"HDJT"},"ADF":{"t":"S22T"},"AE5":{"desc":"H1T"},"AE7":{"t":"SR22"},"AEA":{"desc":"H1P"},"AEE":{"t":"M20T"},"AF2":{"t":"BE55"},"AF3":{"desc":"L1P"},"AF5":{"t":"S22T"},"AFA":{"t":"PA32"},"B02":{"t":"C172"},"B0D":{"t":"BALL"},"B0E":{"t":"R44"},"B11":{"t":"AS50"},"B16":{"desc":"L1P"},"B1F":{"t":"LJ55"},"B24":{"t":"SF50"},"B25":{"t":"BE55"},"B26":{"t":"C310"},"B29":{"t":"C182"},"B2B":{"t":"P06T"},"B2C":{"desc":"H8E"},"B2D":{"t":"ULAC"},"B2E":{"t":"B430"},"B32":{"t":"C525"},"B35":{"desc":"L1P"},"B38":{"t":"C25C"},"B3D":{"desc":"L1P"},"B3E":{"t":"T28"},"B4A":{"t":"E75L"},"B51":{"t":"A320"},"B57":{"t":"C170"},"B59":{"desc":"L1P"},"B5E":{"t":"B47J"},"B5F":{"t":"AS50"},"B62":{"t":"SR20"},"B67":{"t":"PTS2"},"B68":{"desc":"L1P"},"B6C":{"t":"PRM1"},"B80":{"t":"CL60"},"B88":{"t":"BE55"},"B89":{"t":"C25B"},"B8A":{"t":"H25B"},"B8B":{"t":"C56X"},"B8E":{"t":"E300"},"B94":{"t":"EC30"},"B96":{"desc":"L1P"},"B9C":{"t":"LJ55"},"BA2":{"t":"GLID"},"BA3":{"t":"S22T"},"BA4":{"t":"R22"},"BA5":{"t":"EC20"},"BA6":{"desc":"L1P"},"BA7":{"t":"CH7B"},"BA8":{"desc":"L1P"},"BA9":{"t":"C750"},"BAB":{"t":"P28A"},"BAC":{"t":"LJ60"},"BAD":{"t":"C56X"},"BAF":{"t":"B06"},"BB1":{"desc":"L1P"},"BB6":{"t":"SR22"},"BB8":{"t":"E75L"},"BBB":{"desc":"L1E"},"BBD":{"t":"C550"},"BC3":{"t":"PA44"},"BC6":{"t":"T206"},"BC8":{"desc":"H1T","t":"H269"},"BCB":{"desc":"H6E"},"BCC":{"t":"BE20"},"BCE":{"desc":"L1P"},"BCF":{"desc":"L1P"},"BE1":{"t":"MD11"},"BE4":{"t":"P212"},"BEC":{"desc":"A1P"},"BED":{"t":"RV12"},"BF3":{"t":"C68A"},"BFD":{"t":"R44"},"C06":{"t":"RV10"},"C07":{"t":"BALL"},"C09":{"desc":"L1P"},"C0B":{"t":"C82R"},"C0F":{"desc":"L1P"},"C12":{"t":"B737"},"C13":{"t":"BE55"},"C16":{"t":"ULAC"},"C17":{"t":"S22T"},"C1C":{"t":"HUSK"},"C1E":{"desc":"L1P"},"C37":{"desc":"L1P"},"C50":{"desc":"L1P"},"C69":{"t":"T6"},"C6A":{"t":"ULAC"},"C6B":{"t":"R22"},"C6E":{"desc":"L1P","t":"ULAC"},"C6F":{"t":"CH7A"},"C71":{"t":"ULAC"},"C72":{"t":"C150"},"C73":{"t":"L8"},"C74":{"t":"C172"},"C75":{"t":"P28A"},"C77":{"t":"PA38"},"C79":{"t":"C182"},"C7A":{"t":"C210"},"C7B":{"t":"NAVI"},"C7C":{"desc":"L1P","t":"ULAC"},"C7F":{"t":"C206"},"C80":{"t":"P28A"},"C84":{"t":"C152"},"C8D":{"t":"ULAC"},"C8F":{"t":"C170"},"C90":{"t":"C170"},"C93":{"t":"C182"},"C94":{"t":"ERCO"},"C95":{"t":"C150"},"C97":{"desc":"L1P","t":"ULAC"},"C9A":{"t":"PA22"},"C9C":{"t":"C182"},"C9E":{"t":"NAVI"},"C9F":{"t":"P28A"},"CA2":{"t":"C206"},"CA3":{"desc":"L1P","t":"ULAC"},"CA4":{"t":"CH7B"},"CA5":{"t":"BALL"},"CA6":{"t":"P28A"},"CA9":{"t":"C152"},"CAC":{"t":"C152"},"CAD":{"t":"C152"},"CAF":{"desc":"L1P"},"CB3":{"t":"PA38"},"CB4":{"desc":"L1P"},"CB5":{"t":"CH7A"},"CB8":{"t":"C150"},"CB9":{"t":"C180"},"CBA":{"t":"C172"},"CBB":{"t":"PA12"},"CBC":{"desc":"L1P","t":"ULAC"},"CBE":{"t":"P28A"},"CBF":{"t":"C182"},"CC0":{"desc":"L1P","t":"ULAC"},"CC2":{"desc":"L1P","t":"ULAC"},"CC3":{"t":"C170"},"CC4":{"t":"M20P"},"CC5":{"t":"C206"},"CC6":{"t":"PAY1"},"CC9":{"t":"GLID"},"CCD":{"t":"C152"},"CD1":{"t":"BALL"},"CD4":{"t":"CH7A"},"CD5":{"t":"C170"},"CD6":{"t":"C170"},"CD8":{"t":"BALL"},"CD9":{"t":"C182"},"CDA":{"t":"BALL"},"CDC":{"t":"BALL"},"CDE":{"t":"PA12"},"CDF":{"t":"C140"},"CE1":{"t":"C182"},"CE2":{"t":"C182"},"CE4":{"t":"NAVI"},"CE6":{"t":"C170"},"CE7":{"t":"M20P"},"CE9":{"t":"P28A"},"CEB":{"desc":"L1P"},"CEC":{"desc":"L1P"},"CED":{"t":"PA18"},"CF1":{"t":"BALL"},"CF4":{"desc":"L1P"},"CF6":{"t":"PA22"},"CF8":{"t":"C170"},"CFC":{"t":"PA38"},"CFD":{"t":"GLID"},"CFF":{"t":"C180"},"D00":{"t":"C172"},"D01":{"t":"PA12"},"D02":{"t":"C120"},"D04":{"t":"BALL"},"D05":{"t":"C182"},"D06":{"t":"C337"},"D07":{"t":"NAVI"},"D08":{"t":"C172"},"D0A":{"t":"M20P"},"D0B":{"t":"C206"},"D0D":{"t":"C185"},"D0E":{"desc":"L1P"},"D10":{"desc":"L1P"},"D11":{"desc":"L1P"},"D13":{"desc":"L1P"},"D14":{"desc":"L1P"},"D15":{"desc":"L1P"},"D16":{"desc":"L1P"},"D18":{"desc":"L1P"},"D1A":{"t":"P28A"},"D1B":{"t":"C170"},"D1D":{"t":"CH7A"},"D1E":{"t":"CH7A"},"D20":{"t":"ERCO"},"D21":{"t":"C150"},"D23":{"t":"C172"},"D24":{"t":"PA12"},"D25":{"t":"C140"},"D26":{"t":"PA22"},"D2A":{"t":"NAVI"},"D2B":{"t":"C172"},"D2C":{"t":"C77R"},"D31":{"desc":"L1P"},"D33":{"t":"P28A"},"D35":{"desc":"L1P"},"D36":{"desc":"L1P"},"D37":{"t":"BALL"},"D38":{"t":"C152"},"D3A":{"desc":"L1P"},"D3C":{"t":"PA22"},"D3D":{"t":"CH7A"},"D40":{"t":"BALL"},"D42":{"t":"ULAC"},"D43":{"t":"ERCO"},"D45":{"t":"C180"},"D47":{"t":"PA12"},"D4A":{"t":"P28S"},"D4B":{"t":"PAY1"},"D4D":{"t":"NAVI"},"D4F":{"t":"C170"},"D51":{"t":"C206"},"D52":{"t":"C172"},"D55":{"desc":"H1P"},"D57":{"desc":"L1P"},"D58":{"t":"C152"},"D5A":{"desc":"H1T"},"D5B":{"t":"C152"},"D5E":{"t":"GLID"},"D5F":{"t":"PA22"},"D61":{"t":"C170"},"D62":{"t":"C170"},"D63":{"t":"CH7A"},"D67":{"t":"C150"},"D68":{"t":"BALL"},"D69":{"t":"C172"},"D6A":{"t":"PA12"},"D6B":{"t":"C120"},"D6C":{"t":"PA22"},"D6E":{"t":"C182"},"D6F":{"t":"C82R"},"D70":{"t":"NAVI"},"D71":{"t":"C172"},"D73":{"t":"M20P"},"D74":{"t":"C206"},"D75":{"t":"C172"},"D78":{"desc":"L1P"},"D79":{"t":"C152"},"D7A":{"t":"C152"},"D7C":{"t":"C152"},"D7E":{"t":"BALL"},"D7F":{"t":"ULAC"},"D81":{"desc":"H1P"},"D83":{"t":"CH7A"},"D85":{"t":"C170"},"D86":{"t":"CH7A"},"D87":{"t":"CH7A"},"D88":{"t":"C182"},"D8A":{"t":"C150"},"D8C":{"t":"C172"},"D8E":{"desc":"L1P","t":"ULAC"},"D91":{"t":"C182"},"D94":{"t":"C172"},"D96":{"t":"ULAC"},"D9C":{"t":"C152"},"D9F":{"desc":"L1P"},"DA0":{"desc":"L1P"},"DA2":{"t":"BALL"},"DA5":{"t":"PA22"},"DA6":{"t":"CH7A"},"DAA":{"t":"CH7A"},"DAC":{"desc":"L1P"},"DAD":{"t":"C188"},"DAE":{"desc":"L1P"},"DAF":{"t":"C172"},"DB2":{"t":"PA22"},"DB3":{"t":"C182"},"DB5":{"t":"PA18"},"DB7":{"t":"C172"},"DB9":{"t":"M20P"},"DBA":{"t":"C206"},"DBB":{"t":"C172"},"DBD":{"desc":"L1P"},"DBE":{"desc":"L1P"},"DBF":{"t":"BALL"},"DC3":{"t":"PA38"},"DC7":{"desc":"H1P"},"DC8":{"t":"FA50"},"DC9":{"t":"PA44"},"DCB":{"t":"PA22"},"DD0":{"t":"LJ45"},"DD1":{"t":"GLID"},"DD2":{"desc":"L1P"},"DD4":{"t":"HUSK"},"DDA":{"t":"PA44"},"DDC":{"desc":"H1P"},"DDD":{"t":"SR22"},"DDF":{"t":"B762"},"DE1":{"desc":"A1P"},"DE2":{"t":"GLID"},"DE3":{"t":"HDJT"},"DE4":{"desc":"L1P","t":"ULAC"},"DE5":{"desc":"H1P"},"DEC":{"desc":"L1P"},"DF3":{"t":"PC12"},"DF5":{"t":"SR22"},"DFA":{"desc":"L1P"},"DFB":{"t":"C402"},"DFC":{"desc":"L1P"},"E06":{"desc":"L1P"},"E08":{"t":"C550"},"E13":{"t":"PA12"},"E14":{"t":"C25B"},"E15":{"t":"BE36"},"E17":{"t":"M20P"},"E1F":{"t":"P32T"},"E24":{"t":"GLID"},"E27":{"t":"C25C"},"E28":{"t":"BE36"},"E38":{"desc":"L1J"},"E40":{"t":"EC25"},"E45":{"desc":"L1P"},"E46":{"t":"P28A"},"E49":{"desc":"L1P"},"E62":{"desc":"L1P"},"E63":{"desc":"L2J","t":"E195"},"E65":{"t":"CL30"},"E6C":{"t":"C172"},"E6E":{"t":"T34P"},"E6F":{"desc":"H1J"},"E70":{"t":"AA5"},"E90":{"t":"BE76"},"E92":{"t":"C525"},"E93":{"t":"FA50"},"E9C":{"t":"HUSK"},"EA6":{"t":"E135"},"EA9":{"t":"GLID"},"EAA":{"t":"PA38"},"EAB":{"t":"BALL"},"EBB":{"t":"UH1"},"EC5":{"t":"SR22"},"EC9":{"t":"E55P"},"ECC":{"t":"GLF5"},"EDC":{"desc":"L1P"},"EDD":{"t":"T206"},"EDF":{"t":"SR20"},"EE2":{"t":"P28A"},"EE7":{"desc":"L1P"},"EEC":{"t":"AT5T"},"EF0":{"t":"C172"},"EF4":{"t":"T34P"},"F00":{"t":"B350"},"F01":{"t":"E75L"},"F08":{"t":"A320"},"F0B":{"t":"C172"},"F0D":{"t":"C501"},"F0E":{"desc":"H6E"},"F10":{"t":"PA18"},"F1E":{"t":"CRJ2"},"F1F":{"t":"BE58"},"F37":{"t":"CL60"},"F42":{"t":"F2TH"},"F48":{"t":"ULAC"},"F4F":{"desc":"L1P"},"F50":{"desc":"L1P"},"F53":{"desc":"L1P"},"F54":{"desc":"H1P"},"F59":{"t":"C82R"},"F5B":{"t":"R22"},"F5D":{"desc":"L1P"},"F5F":{"t":"PA32"},"F62":{"t":"S22T"},"F64":{"desc":"L1P"},"F66":{"desc":"L1P"},"F68":{"t":"SR22"},"F6D":{"desc":"H1T","t":"B47G"},"F6F":{"t":"E75L"},"F71":{"t":"PA18"},"F74":{"desc":"L2P"},"F76":{"t":"C206"},"F98":{"t":"MD11"},"FA3":{"t":"FA10"},"FA4":{"t":"RV12"},"FAE":{"t":"LJ45"},"FAF":{"t":"S22T"},"FBC":{"t":"TBM7"},"FBE":{"t":"CL30"},"FC9":{"t":"B737"},"FCE":{"desc":"A1P"}}