{"002":{"desc":"L1P"},"010":{"desc":"L2P"},"019":{"desc":"L1P"},"01F":{"t":"AA5"},"020":{"t":"P28A"},"027":{"t":"P28A"},"029":{"t":"PA32"},"032":{"desc":"L1P"},"033":{"t":"AT5T"},"039":{"t":"P32R"},"03B":{"desc":"L1P"},"03C":{"t":"C172"},"03E":{"desc":"L1P"},"043":{"t":"C172"},"047":{"t":"HUSK"},"04B":{"t":"G280"},"04E":{"t":"S22T"},"057":{"t":"SR20"},"05B":{"t":"C680"},"060":{"t":"C206"},"065":{"t":"R44"},"070":{"desc":"L1P"},"07E":{"t":"E145"},"080":{"t":"BE36"},"082":{"t":"M20P"},"085":{"desc":"L1P"},"086":{"t":"P32R"},"089":{"desc":"L1P"},"08A":{"desc":"L1P"},"08F":{"t":"B722"},"090":{"t":"GLF4"},"092":{"t":"E75L"},"096":{"desc":"L1P","t":"ULAC"},"09A":{"t":"P28R"},"0A8":{"desc":"L1P"},"0AA":{"t":"A320"},"0AC":{"t":"LJ45"},"0AF":{"t":"P32R"},"0B0":{"t":"P28R"},"0B2":{"desc":"L1T"},"0BA":{"desc":"L1P"},"0BB":{"desc":"L1P"},"0BF":{"desc":"L1P"},"0C0":{"t":"CH7B"},"0E1":{"desc":"L1P"},"0E3":{"desc":"L1P"},"0E5":{"t":"T28"},"0E7":{"desc":"L1P"},"0F2":{"desc":"L1P"},"0F3":{"t":"C25A"},"0F5":{"desc":"L1P","t":"ULAC"},"0F6":{"t":"R66"},"0F9":{"t":"E50P"},"0FA":{"t":"GLID"},"0FB":{"t":"BL8"},"0FC":{"t":"SR22"},"108":{"t":"C172"},"10A":{"t":"CH7B"},"10C":{"t":"P28A"},"111":{"desc":"L2J"},"113":{"t":"PA18"},"13A":{"t":"MD11"},"157":{"t":"C25C"},"159":{"t":"C320"},"15E":{"desc":"L1P","t":"ULAC"},"162":{"desc":"L1P"},"16A":{"t":"SR22"},"16E":{"t":"C180"},"170":{"desc":"A2P"},"173":{"t":"PA30"},"190":{"desc":"L1P"},"1C1":{"t":"PA30"},"1C2":{"desc":"L1P"},"1C4":{"t":"B47J"},"1C5":{"t":"C170"},"1C7":{"t":"P28B"},"1C8":{"t":"C182"},"1CA":{"t":"GLID"},"1CF":{"t":"C120"},"1D1":{"t":"C172"},"1D3":{"t":"C150"},"1D5":{"t":"C172"},"1D7":{"t":"BE35"},"1D9":{"t":"C182"},"1DF":{"t":"L8"},"1E0":{"t":"L8"},"1E1":{"t":"P28A"},"1E2":{"t":"P28A"},"1E3":{"t":"UH12"},"1E6":{"t":"C180"},"1E7":{"t":"B47G"},"1E8":{"t":"C170"},"1EB":{"t":"C182"},"1EC":{"t":"PA32"},"1F2":{"t":"C140"},"1F3":{"t":"PA18"},"1F7":{"t":"P28A"},"1F9":{"t":"C150"},"1FC":{"t":"PA32"},"1FD":{"t":"BL8"},"200":{"t":"B788"},"201":{"t":"C340"},"204":{"t":"L8"},"205":{"t":"AA5"},"206":{"t":"L8"},"207":{"t":"L8"},"20B":{"t":"C170"},"20C":{"t":"ST75"},"20D":{"t":"C172"},"20E":{"t":"C182"},"213":{"t":"C172"},"214":{"t":"PA12"},"218":{"t":"C182"},"21A":{"t":"P28A"},"220":{"t":"PA18"},"221":{"t":"BE36"},"222":{"t":"ERCO"},"224":{"t":"AA5"},"227":{"t":"P28A"},"228":{"t":"AA5"},"229":{"t":"ERCO"},"22A":{"t":"AA5"},"22E":{"t":"P28A"},"22F":{"t":"NAVI"},"230":{"t":"C172"},"235":{"t":"L8"},"236":{"t":"P28A"},"237":{"t":"P28A"},"238":{"t":"C140"},"239":{"t":"PA18"},"23E":{"t":"C172"},"241":{"t":"C177"},"243":{"t":"P28A"},"244":{"t":"AA5"},"246":{"t":"ERCO"},"247":{"t":"PA32"},"248":{"t":"P32R"},"249":{"t":"PA32"},"24D":{"t":"ERCO"},"250":{"t":"P28A"},"253":{"t":"CH7A"},"258":{"t":"L8"},"259":{"t":"C172"},"25A":{"t":"P28A"},"25C":{"t":"PA18"},"25D":{"t":"C172"},"262":{"t":"C150"},"263":{"t":"BE35"},"266":{"t":"PA18"},"268":{"t":"T28"},"26A":{"t":"ERCO"},"26F":{"t":"AA5"},"270":{"t":"P28A"},"272":{"t":"C180"},"273":{"t":"B47J"},"274":{"t":"P28T"},"275":{"t":"P28T"},"276":{"t":"CH7A"},"277":{"t":"C182"},"278":{"t":"CH7B"},"279":{"t":"GLID"},"27C":{"t":"P28T"},"27E":{"t":"P28T"},"27F":{"t":"PA18"},"280":{"t":"C172"},"281":{"desc":"L1P"},"282":{"t":"C150"},"283":{"t":"P28R"},"286":{"t":"BE36"},"287":{"t":"C177"},"289":{"t":"CH7A"},"28A":{"t":"AA5"},"28F":{"t":"T6"},"291":{"desc":"L1P"},"292":{"t":"P28A"},"293":{"t":"P28A"},"294":{"t":"N3N"},"298":{"t":"WACC"},"299":{"t":"C172"},"29A":{"t":"C182"},"29B":{"t":"P28U"},"29E":{"desc":"L1P"},"2A1":{"t":"C120"},"2A2":{"t":"P28U"},"2A3":{"t":"C172"},"2A4":{"t":"P28R"},"2A6":{"desc":"L1P"},"2A8":{"t":"BE35"},"2AA":{"t":"P28B"},"2AB":{"t":"P28B"},"2AC":{"t":"BL8"},"2AD":{"t":"ERCO"},"2AF":{"t":"ERCO"},"2B3":{"t":"P28B"},"2B4":{"t":"P28B"},"2B6":{"t":"AA5"},"2B8":{"t":"P28B"},"2BB":{"t":"BE35"},"2BD":{"t":"C182"},"2BE":{"t":"T6"},"2C2":{"t":"C172"},"2C3":{"t":"P28A"},"2C6":{"t":"P28B"},"2C7":{"t":"C182"},"2C8":{"desc":"L2P"},"2CA":{"desc":"L1P"},"2CB":{"t":"BE35"},"2CC":{"t":"P28B"},"2CD":{"t":"PA32"},"2CE":{"t":"C182"},"2CF":{"t":"PA18"},"2D1":{"t":"B14A"},"2D2":{"t":"B14A"},"2D3":{"desc":"L1P"},"2D4":{"t":"B14A"},"2D6":{"t":"AA5"},"2D8":{"t":"P28A"},"2D9":{"t":"P28A"},"2DA":{"t":"GLID"},"2DE":{"desc":"L1P"},"2DF":{"t":"CH7A"},"2E6":{"t":"PA12"},"2E7":{"t":"C120"},"2EC":{"t":"P28A"},"2F1":{"t":"C182"},"2F3":{"t":"B14A"},"2F4":{"t":"AA5"},"2F6":{"t":"AA5"},"2F7":{"t":"B14A"},"2F9":{"t":"AA5"},"2FA":{"t":"B789"},"2FB":{"t":"P28B"},"2FC":{"t":"P28B"},"2FF":{"t":"B47G"},"300":{"t":"C170"},"301":{"t":"PA32"},"303":{"t":"C182"},"304":{"t":"CH7B"},"306":{"desc":"L1P"},"30A":{"t":"PA32"},"30F":{"t":"P28A"},"311":{"t":"BE35"},"312":{"desc":"L1P"},"317":{"t":"AA5"},"319":{"t":"AA5"},"31A":{"t":"B14A"},"31B":{"t":"AA5"},"31C":{"t":"AA5"},"31E":{"t":"AA5"},"323":{"t":"P32R"},"325":{"desc":"L1J"},"326":{"t":"B06"},"327":{"t":"C172"},"328":{"t":"C680"},"329":{"t":"PA27"},"32A":{"t":"T206"},"32B":{"desc":"L1P"},"32D":{"t":"P32R"},"32E":{"t":"C208"},"32F":{"t":"BE36"},"331":{"desc":"H1T","t":"B505"},"332":{"t":"GLID"},"333":{"desc":"L1P"},"339":{"desc":"L1P"},"33A":{"t":"FA50"},"33B":{"t":"BE18"},"33C":{"t":"PC12"},"33D":{"t":"P337"},"33E":{"desc":"H6E"},"33F":{"t":"C340"},"340":{"desc":"L1P"},"342":{"t":"CH7A"},"343":{"t":"PA24"},"345":{"desc":"L1P"},"346":{"desc":"L1P"},"348":{"t":"SR22"},"34A":{"desc":"L1P"},"34B":{"t":"T6"},"34C":{"desc":"A1P"},"34E":{"t":"GLID"},"34F":{"t":"GLID"},"350":{"desc":"L1P"},"351":{"t":"PC12"},"352":{"t":"PC12"},"354":{"t":"ST75"},"355":{"t":"BL8"},"356":{"t":"B58T"},"357":{"t":"NAVI"},"359":{"t":"S22T"},"35A":{"t":"CL60"},"35C":{"desc":"L1P"},"35D":{"desc":"L1P"},"35E":{"t":"WW24"},"35F":{"t":"C182"},"361":{"t":"BE58"},"363":{"desc":"L1P"},"364":{"t":"BE58"},"366":{"t":"CL60"},"367":{"desc":"L1P"},"368":{"t":"PA34"},"369":{"t":"RV12"},"36A":{"t":"GLID"},"36B":{"desc":"L1J"},"36D":{"t":"BE58"},"36E":{"desc":"L1P"},"36F":{"t":"BE35"},"370":{"t":"BE55"},"371":{"t":"SF50"},"372":{"desc":"L1P"},"373":{"t":"GLID"},"375":{"desc":"L1P"},"376":{"desc":"L1P"},"377":{"t":"BE36"},"378":{"t":"P28B"},"379":{"t":"GLID"},"37D":{"desc":"L1P"},"381":{"desc":"A1P"},"382":{"t":"S22T"},"383":{"desc":"L1P"},"384":{"desc":"L1P"},"386":{"t":"BE33"},"387":{"t":"BRAV"},"389":{"desc":"L1P"},"38A":{"desc":"L1P"},"38B":{"t":"SR20"},"38C":{"t":"J3"},"38D":{"t":"R22"},"38E":{"desc":"L1P"},"38F":{"desc":"L1P"},"391":{"t":"M20P"},"395":{"t":"C172"},"396":{"t":"GLID"},"399":{"desc":"L1P","t":"ULAC"},"39A":{"desc":"L1P"},"39D":{"desc":"L1P"},"39E":{"desc":"L1P"},"39F":{"desc":"L1P"},"3A0":{"t":"P32R"},"3A1":{"t":"C206"},"3A3":{"desc":"L1P","t":"ULAC"},"3A4":{"t":"CH7A"},"3A5":{"desc":"L1P"},"3A7":{"desc":"L1P"},"3A9":{"t":"C182"},"3AA":{"t":"M20P"},"3AC":{"desc":"L1P","t":"ULAC"},"3AE":{"t":"GLEX"},"3B0":{"t":"DV20"},"3B6":{"t":"P28S"},"3B8":{"t":"AC90"},"3B9":{"desc":"L1P"},"3BA":{"desc":"H1P"},"3BB":{"t":"AC90"},"3BE":{"desc":"L1P"},"3BF":{"t":"M7"},"3C0":{"desc":"L1P"},"3C1":{"t":"ULAC"},"3C2":{"t":"CH7B"},"3C3":{"desc":"L1P"},"3C5":{"t":"H25B"},"3C7":{"t":"B47G"},"3C8":{"t":"E55P"},"3CB":{"desc":"L1P"},"3CC":{"t":"G164"},"3CD":{"desc":"L1P","t":"ULAC"},"3D1":{"t":"PC24"},"3D3":{"t":"HUSK"},"3D4":{"t":"AS50"},"3D7":{"t":"CL30"},"3D8":{"t":"COL4"},"3D9":{"desc":"L1P"},"3DA":{"desc":"L1P"},"3DB":{"t":"C172"},"3DE":{"t":"BE36"},"3E1":{"t":"GLID"},"3E3":{"t":"HUSK"},"3E5":{"t":"L39"},"3E6":{"t":"B06"},"3EA":{"desc":"L1P"},"3EB":{"desc":"L1P"},"3ED":{"t":"M6"},"3EE":{"desc":"L1P"},"3F0":{"desc":"L1J"},"3F1":{"t":"GLID"},"3F2":{"desc":"L1P"},"3F3":{"desc":"L1P"},"3F4":{"desc":"L1P"},"3F7":{"desc":"L1P"},"3F9":{"t":"BE24"},"3FA":{"t":"P180"},"3FD":{"desc":"L1P"},"3FE":{"t":"G150"},"403":{"desc":"L1P"},"405":{"desc":"L1P"},"407":{"t":"PA46"},"409":{"t":"SR22"},"40A":{"t":"B222"},"40B":{"desc":"L1J"},"40C":{"desc":"L1P"},"40D":{"desc":"A2P"},"40E":{"t":"C180"},"410":{"desc":"L1P"},"412":{"t":"CH7A"},"413":{"t":"GLID"},"414":{"desc":"L1P"},"417":{"desc":"L4P"},"418":{"desc":"L1P"},"419":{"t":"R44"},"41B":{"t":"P28A"},"41C":{"t":"PAY2"},"41D":{"t":"AS50"},"41E":{"t":"SF50"},"41F":{"desc":"L1P"},"422":{"t":"PA18"},"424":{"t":"LJ60"},"425":{"t":"C77R"},"426":{"t":"AEST"},"427":{"desc":"L1P"},"428":{"t":"WW24"},"429":{"desc":"A1P"},"42D":{"t":"EC20"},"430":{"t":"AS50"},"434":{"t":"BE9L"},"435":{"t":"S22T"},"437":{"t":"C25A"},"438":{"desc":"L1P"},"43A":{"t":"BE58"},"43B":{"t":"C208"},"43D":{"desc":"H2T"},"43E":{"desc":"L1P"},"444":{"t":"EA50"},"448":{"desc":"L1J"},"449":{"t":"PC24"},"44A":{"t":"C172"},"44E":{"t":"P28A"},"44F":{"t":"ASTR"},"450":{"t":"P28A"},"451":{"t":"C150"},"452":{"t":"R22"},"458":{"t":"CJ6"},"459":{"desc":"L1P"},"45B":{"t":"T206"},"462":{"desc":"A1P"},"463":{"desc":"L1P","t":"ULAC"},"466":{"t":"NAVI"},"467":{"t":"TAYB"},"469":{"t":"C182"},"46A":{"desc":"L1P"},"46B":{"t":"BE20"},"46C":{"t":"E550"},"46D":{"t":"DA40"},"46E":{"desc":"L2J","t":"T28"},"46F":{"t":"H269"},"470":{"desc":"L1P"},"471":{"desc":"L1P"},"472":{"t":"T206"},"474":{"t":"M4"},"476":{"desc":"L2T"},"477":{"t":"GLID"},"480":{"t":"C56X"},"482":{"t":"C560"},"493":{"t":"GLID"},"498":{"desc":"L1P"},"499":{"t":"AA1"},"49A":{"t":"BE95"},"49B":{"desc":"L1P"},"49C":{"t":"R66"},"49D":{"t":"LJ45"},"49E":{"t":"BE36"},"49F":{"t":"PTS2"},"4A0":{"t":"R66"},"4A2":{"t":"BE55"},"4A4":{"t":"P28R"},"4A6":{"desc":"L1P"},"4A8":{"t":"B58T"},"4A9":{"desc":"L1P"},"4AC":{"desc":"L1P"},"4AD":{"desc":"A1P"},"4AE":{"desc":"L1P"},"4AF":{"desc":"L1P"},"4B1":{"t":"B06"},"4B3":{"t":"C25C"},"4B4":{"t":"PA24"},"4B5":{"t":"P28R"},"4B6":{"desc":"L1P"},"4B7":{"t":"BE55"},"4B8":{"t":"BL8"},"4BC":{"t":"S22T"},"4BD":{"desc":"L1P"},"4BF":{"t":"P28R"},"4C1":{"t":"C185"},"4C2":{"desc":"L1P"},"4C3":{"t":"GLID"},"4C4":{"desc":"L1P"},"4C6":{"t":"B732"},"4C7":{"desc":"L1P"},"4C9":{"t":"GLID"},"4CB":{"desc":"L1P"},"4CD":{"t":"BE36"},"4CE":{"desc":"L1P"},"4CF":{"t":"P28A"},"4D2":{"desc":"L1P"},"4D3":{"t":"B14A"},"4D5":{"t":"P28A"},"4D6":{"desc":"L1P"},"4D8":{"desc":"L1P"},"4DA":{"t":"T210"},"4DB":{"desc":"L1P"},"4DC":{"desc":"L1P"},"4DF":{"t":"WACO"},"4E0":{"desc":"L1P"},"4E3":{"t":"SR22"},"4E5":{"desc":"L2J"},"4E6":{"t":"GLID"},"4EF":{"t":"PA31"},"4F4":{"desc":"L1T"},"4FC":{"t":"BE35"},"4FE":{"desc":"L1P"},"502":{"desc":"L1P"},"505":{"t":"SF50"},"508":{"t":"R44"},"50A":{"t":"L39"},"516":{"t":"C208"},"517":{"t":"RV12"},"518":{"t":"BE36"},"519":{"desc":"L1P"},"51A":{"t":"C680"},"51B":{"desc":"L1P"},"51C":{"desc":"A1P"},"51D":{"t":"SR22"},"521":{"desc":"L1P"},"522":{"t":"R44"},"523":{"desc":"L1P"},"525":{"desc":"L1P"},"527":{"desc":"L1P"},"52A":{"t":"B06"},"52C":{"t":"HUSK"},"530":{"desc":"L4P"},"531":{"desc":"L1P"},"532":{"t":"GLID"},"534":{"desc":"L1P"},"53A":{"t":"GLID"},"53E":{"t":"BALL"},"544":{"t":"C421"},"547":{"t":"BE50"},"548":{"t":"SR22"},"54A":{"t":"PA18"},"553":{"desc":"L1P"},"565":{"t":"LJ45"},"56F":{"desc":"A1P"},"570":{"t":"C56X"},"576":{"t":"ULAC"},"57F":{"t":"B06"},"584":{"t":"B739"},"586":{"t":"HUSK"},"58C":{"t":"B737"},"591":{"t":"A332"},"592":{"desc":"H4E"},"594":{"t":"GLID"},"596":{"t":"P180"},"59A":{"desc":"H1T","t":"S92"},"5A3":{"t":"B738"},"5AD":{"t":"C402"},"5AE":{"t":"BALL"},"5AF":{"t":"U21"},"5B0":{"t":"SR20"},"5B1":{"desc":"L1P"},"5B4":{"t":"CL30"},"5B5":{"t":"C25B"},"5B6":{"t":"LJ35"},"5B7":{"t":"CL30"},"5B8":{"t":"B763"},"5BC":{"desc":"H1P"},"5C7":{"desc":"L1P"},"5C8":{"t":"DV20"},"5CB":{"desc":"L1P"},"5CD":{"desc":"L1P"},"5D0":{"t":"GLF6"},"5D1":{"desc":"L1P"},"5D6":{"t":"DA40"},"5DA":{"desc":"L1P"},"5DC":{"desc":"L1P","t":"TB1"},"5F8":{"t":"B737"},"5F9":{"desc":"L1P"},"5FA":{"t":"C182"},"5FB":{"t":"A109"},"5FC":{"t":"B763"},"5FD":{"desc":"L1P"},"621":{"t":"LJ45"},"622":{"t":"TOBA"},"626":{"desc":"L1P"},"62A":{"t":"P28A"},"63B":{"t":"C182"},"642":{"t":"SR22"},"644":{"desc":"L1P"},"64A":{"desc":"L1P"},"64B":{"desc":"L1P"},"650":{"t":"EA50"},"653":{"desc":"L1P"},"65B":{"t":"BE9L"},"65C":{"t":"BE9L"},"65D":{"desc":"L1P"},"65E":{"t":"R22"},"675":{"t":"AT5T"},"676":{"desc":"L1T"},"67C":{"t":"B06"},"68D":{"t":"PA27"},"68E":{"t":"E145"},"690":{"t":"BE9L"},"694":{"t":"P28A"},"695":{"t":"GLID"},"698":{"desc":"L1P"},"699":{"desc":"L1P"},"69B":{"desc":"L2P"},"69F":{"t":"DA40"},"6A0":{"t":"BALL"},"6A3":{"t":"FA50"},"6A6":{"desc":"L1P","t":"ULAC"},"6A9":{"t":"BE9L"},"6AA":{"t":"PA44"},"6B3":{"desc":"L2J"},"6BA":{"t":"A320"},"6BF":{"desc":"L1P"},"6C0":{"t":"BE9L"},"6C4":{"t":"C172"},"6CB":{"t":"B190"},"6D0":{"t":"GLF4"},"6F7":{"desc":"L1E"},"6FC":{"desc":"L1P"},"6FD":{"t":"C182"},"702":{"desc":"L2P"},"705":{"desc":"H4E"},"70A":{"t":"BE36"},"70C":{"t":"GLID"},"710":{"t":"A109"},"712":{"t":"R22"},"716":{"desc":"L1P"},"71A":{"t":"SR22"},"71B":{"t":"B47G"},"71F":{"t":"E120"},"721":{"desc":"L2J"},"72B":{"t":"H60"},"72F":{"t":"E300"},"738":{"t":"C172"},"73C":{"t":"C172"},"748":{"t":"BALL"},"74A":{"t":"MD11"},"75C":{"t":"PA23"},"75E":{"t":"SF50"},"76F":{"t":"SR22"},"772":{"desc":"H4E"},"77A":{"desc":"L1P"},"77B":{"t":"B737"},"787":{"t":"M5"},"78A":{"t":"A320"},"78C":{"desc":"H1P"},"7D3":{"t":"C180"},"7D6":{"t":"GL5T"},"7D7":{"t":"C172"},"7D8":{"t":"C182"},"7D9":{"t":"H25B"},"7DA":{"t":"PA34"},"7DC":{"t":"L8"},"7DE":{"desc":"L1P"},"7DF":{"t":"C120"},"7E0":{"t":"PA22"},"7E4":{"t":"M200"},"7E8":{"t":"C177"},"7E9":{"t":"C182"},"7EA":{"t":"PA22"},"7EB":{"t":"C206"},"7EC":{"t":"C172"},"7ED":{"t":"C210"},"7EE":{"t":"T210"},"7F1":{"t":"C172"},"7F4":{"t":"FA24"},"7F6":{"t":"P28A"},"7F7":{"t":"P28A"},"7F8":{"t":"C180"},"7F9":{"t":"C170"},"7FA":{"desc":"L1P"},"7FD":{"t":"P28A"},"7FF":{"t":"C180"},"800":{"t":"BE58"},"801":{"t":"PA12"},"804":{"t":"P28A"},"805":{"t":"C310"},"806":{"desc":"L1T"},"807":{"t":"P28A"},"809":{"desc":"L1P"},"80B":{"t":"C177"},"80D":{"t":"PA22"},"80E":{"t":"FA24"},"80F":{"t":"C206"},"816":{"t":"C206"},"819":{"t":"C180"},"81A":{"t":"P28A"},"81B":{"t":"C180"},"81C":{"t":"C170"},"81D":{"t":"CH7A"},"820":{"t":"ERCO"},"822":{"t":"C180"},"823":{"t":"M20P"},"824":{"t":"PA12"},"826":{"t":"PA22"},"827":{"t":"C185"},"828":{"t":"P28A"},"829":{"t":"P28A"},"82A":{"t":"M200"},"82C":{"desc":"L1P"},"82F":{"t":"C182"},"832":{"t":"P28T"},"833":{"t":"C210"},"838":{"t":"P28U"},"839":{"t":"C172"},"83C":{"t":"P28A"},"83D":{"desc":"L1P"},"83E":{"t":"C180"},"83F":{"t":"P28A"},"841":{"t":"C182"},"842":{"t":"M20T"},"843":{"t":"GLID"},"846":{"t":"M20P"},"847":{"t":"PA12"},"848":{"t":"C140"},"84A":{"t":"C185"},"84D":{"t":"P28T"},"84F":{"desc":"L1P"},"851":{"t":"C177"},"854":{"desc":"L1P"},"856":{"t":"BALL"},"858":{"t":"C210"},"85A":{"t":"J3"},"85E":{"t":"C501"},"85F":{"t":"P28T"},"860":{"t":"BE35"},"861":{"t":"P28U"},"862":{"t":"C170"},"863":{"t":"CH7A"},"865":{"desc":"L1T"},"866":{"t":"ERCO"},"868":{"t":"P28B"},"86A":{"t":"PA12"},"86B":{"t":"C120"},"86D":{"t":"C185"},"86E":{"t":"P28B"},"872":{"desc":"L1P"},"878":{"t":"J3"},"879":{"t":"J3"},"87A":{"t":"J3"},"87E":{"t":"C172"},"880":{"t":"P28A"},"882":{"t":"C180"},"883":{"t":"PA32"},"886":{"t":"C172"},"889":{"t":"GLID"},"88C":{"t":"M20P"},"88E":{"t":"C140"},"88F":{"t":"PA22"},"891":{"t":"C310"},"892":{"t":"C150"},"893":{"t":"M200"},"894":{"t":"C172"},"897":{"t":"C177"},"899":{"t":"CH7B"},"8A0":{"t":"C172"},"8A3":{"t":"C206"},"8A7":{"t":"C180"},"8A8":{"t":"C170"},"8AC":{"t":"ERCO"},"8AF":{"t":"M20P"},"8B0":{"t":"PA12"},"8B1":{"t":"C120"},"8B3":{"t":"C185"},"8B7":{"t":"C172"},"8B8":{"desc":"L1P"},"8BE":{"t":"C206"},"8BF":{"t":"P28B"},"8C5":{"t":"C206"},"8C7":{"desc":"L1P"},"8C8":{"t":"AS50"},"8C9":{"t":"BE35"},"8CA":{"t":"C180"},"8CB":{"t":"PA34"},"8CC":{"t":"CH7A"},"8CD":{"t":"B738"},"8CE":{"desc":"L1P"},"8D3":{"t":"PA12"},"8D4":{"t":"C140"},"8D5":{"t":"PA22"},"8D6":{"t":"PA34"},"8D7":{"t":"P28R"},"8DA":{"t":"C172"},"8DB":{"desc":"L1P"},"8DF":{"t":"BL8"},"8E0":{"t":"C82T"},"8E2":{"t":"TAYB"},"8E6":{"desc":"L1P"},"8EB":{"desc":"L1P"},"8ED":{"t":"C180"},"8EF":{"t":"CH7A"},"8F0":{"t":"C182"},"8F1":{"desc":"L1P"},"8F3":{"t":"C150"},"8F5":{"t":"M20P"},"8F7":{"t":"C120"},"8F8":{"t":"PA22"},"8FB":{"t":"C150"},"8FC":{"t":"M200"},"8FD":{"desc":"L1P"},"900":{"t":"PA34"},"901":{"t":"P32R"},"903":{"t":"J3"},"906":{"t":"J3"},"907":{"t":"T210"},"90E":{"t":"C180"},"90F":{"t":"PA32"},"910":{"t":"C180"},"911":{"t":"C170"},"91C":{"t":"P28A"},"91E":{"t":"C150"},"925":{"t":"PA22"},"926":{"desc":"L1P"},"92E":{"t":"P28A"},"930":{"t":"P337"},"931":{"t":"ULAC"},"933":{"t":"BE35"},"934":{"t":"CH7B"},"937":{"desc":"L1P","t":"ULAC"},"938":{"desc":"H1P"},"93B":{"desc":"L1P"},"93D":{"t":"C140"},"93E":{"t":"C421"},"942":{"t":"B350"},"943":{"t":"B737"},"948":{"t":"A332"},"949":{"desc":"H4E"},"94A":{"t":"FA50"},"94B":{"t":"GLID"},"94E":{"desc":"L1P"},"958":{"t":"BE55"},"95C":{"desc":"L2J","t":"B39M"},"95F":{"desc":"L1P"},"963":{"t":"S108"},"964":{"t":"CH7B"},"965":{"t":"P28A"},"966":{"t":"BE9L"},"96C":{"t":"P68"},"96F":{"t":"BE58"},"973":{"t":"B763"},"975":{"t":"FDCT"},"97F":{"t":"C180"},"982":{"t":"BE9L"},"984":{"t":"GLID"},"987":{"t":"AT3T"},"988":{"t":"BL8"},"98C":{"desc":"L1P"},"98E":{"t":"PC12"},"990":{"t":"C56X"},"991":{"desc":"L1P"},"996":{"t":"MD87"},"998":{"t":"C172"},"9A1":{"t":"GLID"},"9A8":{"t":"PRM1"},"9AE":{"desc":"L1P"},"9B1":{"desc":"L1P"},"9B3":{"t":"B763"},"9B7":{"t":"FA50"},"9BE":{"t":"C82S"},"9C0":{"t":"PC12"},"9CA":{"desc":"H4E"},"9CC":{"t":"B738"},"9D9":{"desc":"L1P","t":"TB1"},"9E1":{"t":"P28A"},"9E3":{"t":"A109"},"9E9":{"desc":"L1P"},"9EE":{"t":"P28A"},"9F2":{"desc":"H1P"},"9F5":{"t":"C172"},"9FB":{"desc":"L1P"},"9FD":{"t":"C182"},"A05":{"t":"A388"},"A0A":{"t":"GLID"},"A18":{"t":"C172"},"A29":{"t":"PC12"},"A2C":{"t":"P28A"},"A33":{"t":"P28A"},"A3C":{"desc":"L1P","t":"ULAC"},"A47":{"t":"P28R"},"A49":{"t":"C172"},"A4B":{"t":"P28A"},"A4D":{"t":"F900"},"A4E":{"t":"P28A"},"A50":{"t":"BE9L"},"A56":{"desc":"L1P"},"A59":{"t":"T206"},"A6A":{"desc":"L2J"},"A71":{"t":"A320"},"A76":{"desc":"L1P"},"A77":{"t":"BE20"},"A79":{"t":"HUSK"},"A7A":{"desc":"H4E"},"A7B":{"t":"C172"},"A87":{"t":"PTS2"},"AA9":{"t":"BL8"},"AAA":{"t":"C414"},"AAE":{"desc":"H4E"},"AB6":{"t":"C172"},"AB9":{"desc":"L1P"},"ABC":{"desc":"L1P"},"AC1":{"t":"B06"},"AC2":{"t":"BL8"},"AC5":{"desc":"L1P"},"AC8":{"desc":"L1P","t":"TB0"},"ACD":{"t":"GLID"},"ACF":{"t":"C182"},"AD1":{"t":"GLEX"},"AD3":{"desc":"L1T","t":"M600"},"AD5":{"t":"GLID"},"AD6":{"t":"E120"},"AD7":{"desc":"L1P"},"AD8":{"desc":"L2J"},"ADA":{"desc":"L2P"},"AE6":{"t":"GLID"},"AE8":{"t":"BL8"},"AEC":{"desc":"L1P"},"B01":{"t":"MD11"},"B1A":{"t":"PA27"},"B1D":{"desc":"L1P"},"B21":{"desc":"A2P"},"B25":{"t":"GLID"},"B28":{"t":"P28A"},"B32":{"t":"B737"},"B3E":{"t":"M5"},"B58":{"t":"C172"},"B70":{"desc":"L1P"},"B8B":{"t":"BE35"},"B8D":{"t":"C170"},"B8E":{"t":"CH7A"},"B92":{"t":"C150"},"B94":{"t":"M20P"},"B95":{"t":"PA12"},"B97":{"desc":"L1P","t":"ULAC"},"B9F":{"t":"C177"},"BA9":{"t":"C172"},"BAC":{"desc":"L1P"},"BAD":{"t":"ULAC"},"BAF":{"t":"J3"},"BB0":{"t":"C182"},"BB1":{"t":"C182"},"BB2":{"t":"C182"},"BB3":{"t":"P28A"},"BB8":{"t":"SR22"},"BBA":{"t":"P28T"},"BBF":{"t":"C172"},"BC0":{"desc":"L1P"},"BC1":{"t":"P28U"},"BC2":{"t":"C177"},"BC3":{"t":"C182"},"BC5":{"t":"C206"},"BC6":{"desc":"L1P"},"BC8":{"t":"T210"},"BC9":{"t":"C206"},"BCF":{"desc":"L1P"},"BD1":{"t":"P28B"},"BD2":{"t":"C180"},"BD3":{"t":"C170"},"BD4":{"t":"CH7A"},"BD7":{"t":"ERCO"},"BDA":{"desc":"L2P"},"BDB":{"t":"P28A"},"BDD":{"t":"PA22"},"BE1":{"t":"M200"},"BE3":{"t":"PA34"},"BE5":{"desc":"L1P"},"BE7":{"t":"PA22"},"BEC":{"t":"B752"},"BEF":{"t":"C206"},"BF1":{"t":"B752"},"BF2":{"desc":"L1P"},"BF3":{"desc":"L1P"},"BF4":{"t":"BE18"},"BF5":{"t":"C180"},"BF6":{"t":"C170"},"BF7":{"t":"C172"},"BFB":{"t":"C150"},"BFC":{"t":"CH7A"},"BFE":{"t":"PA12"},"C03":{"t":"C150"},"C04":{"t":"M200"},"C05":{"t":"PA44"},"C0B":{"t":"C206"},"C0C":{"desc":"L1P"},"C0F":{"t":"BE40"},"C13":{"t":"T210"},"C16":{"t":"P28A"},"C17":{"t":"P28A"},"C18":{"t":"C180"},"C1A":{"t":"CH7A"},"C1B":{"t":"C182"},"C1C":{"t":"P28A"},"C1D":{"t":"ERCO"},"C1E":{"t":"C150"},"C1F":{"t":"C180"},"C20":{"t":"M20P"},"C21":{"t":"PA12"},"C23":{"t":"PA22"},"C24":{"desc":"L1P"},"C25":{"t":"P28R"},"C27":{"t":"M200"},"C28":{"t":"C172"},"C29":{"desc":"L1P"},"C2C":{"t":"SR22"},"C2D":{"t":"PA22"},"C30":{"t":"C206"},"C33":{"t":"PA32"},"C38":{"desc":"L1P"},"C3B":{"t":"C180"},"C3C":{"t":"C170"},"C3D":{"t":"CH7A"},"C3E":{"t":"C182"},"C3F":{"t":"P28B"},"C40":{"t":"ERCO"},"C42":{"t":"L8"},"C43":{"t":"M20P"},"C44":{"t":"P28B"},"C45":{"t":"C140"},"C47":{"t":"P28A"},"C49":{"t":"C150"},"C4A":{"t":"P28B"},"C4C":{"desc":"L1P"},"C52":{"t":"T206"},"C54":{"t":"AR11"},"C58":{"t":"PA32"},"C5A":{"t":"C172"},"C5C":{"t":"C180"},"C5F":{"t":"C170"},"C60":{"t":"CH7A"},"C61":{"t":"C182"},"C65":{"desc":"L1P"},"C66":{"t":"M20P"},"C67":{"t":"PA12"},"C6D":{"t":"M200"},"C6E":{"t":"C172"},"C6F":{"desc":"L1P"},"C70":{"t":"PA44"},"C74":{"t":"C172"},"C78":{"t":"T206"},"C7C":{"t":"C172"},"C7F":{"desc":"L1P","t":"ULAC"},"C80":{"t":"BE35"},"C81":{"t":"C180"},"C82":{"t":"C170"},"C83":{"t":"CH7A"},"C84":{"t":"C182"},"C87":{"t":"C150"},"C89":{"t":"M20P"},"C8C":{"t":"PA22"},"C8E":{"t":"P28R"},"C8F":{"t":"C150"},"C90":{"t":"P28A"},"C96":{"t":"PA22"},"C97":{"t":"PA32"},"C99":{"t":"PA32"},"C9A":{"t":"C206"},"C9D":{"t":"T210"},"C9F":{"t":"AR11"},"CA1":{"desc":"L1P"},"CA3":{"t":"P28T"},"CA5":{"t":"P28B"},"CA6":{"t":"C172"},"CAA":{"t":"C150"},"CAB":{"t":"C180"},"CAC":{"desc":"L1P"},"CAD":{"t":"PA12"},"CAF":{"t":"PA22"},"CB0":{"t":"P28A"},"CB1":{"t":"C310"},"CB2":{"t":"C150"},"CB5":{"desc":"L1P"},"CB6":{"desc":"H1T","t":"B47G"},"CB7":{"t":"P28A"},"CB9":{"t":"PA22"},"CBB":{"t":"C206"},"CBC":{"t":"AR11"},"CC0":{"t":"C206"},"CC2":{"t":"T206"},"CC3":{"desc":"L1P"},"CC5":{"t":"P28A"},"CC7":{"t":"C180"},"CCA":{"t":"C182"},"CCE":{"t":"C180"},"CCF":{"t":"P28A"},"CD0":{"t":"PA12"},"CD2":{"t":"ULAC"},"CD3":{"t":"P28S"},"CD5":{"t":"C150"},"CD6":{"t":"M200"},"CD7":{"t":"P28T"},"CD9":{"desc":"H1T","t":"B47G"},"CDC":{"t":"PA22"},"CDD":{"t":"T210"},"CE5":{"t":"AR11"},"CE6":{"t":"RV12"},"CE7":{"desc":"L1P"},"CE8":{"t":"U21"},"CEA":{"desc":"H4E"},"CED":{"t":"B06"},"CF2":{"t":"B739"},"CF4":{"t":"B407"},"CFA":{"t":"B737"},"CFD":{"t":"PA32"},"CFF":{"t":"A332"},"D00":{"desc":"H4E"},"D01":{"t":"H269"},"D02":{"t":"R22"},"D04":{"t":"BL8"},"D09":{"t":"B06"},"D16":{"t":"C208"},"D1A":{"t":"S108"},"D1B":{"t":"C172"},"D1C":{"t":"C182"},"D1D":{"desc":"L1P"},"D1E":{"t":"SR22"},"D21":{"desc":"L1P"},"D26":{"desc":"L1P"},"D28":{"t":"C182"},"D2A":{"t":"B763"},"D2B":{"t":"C680"},"D2C":{"t":"FDCT"},"D30":{"desc":"L1P"},"D33":{"desc":"L1P"},"D34":{"t":"C172"},"D35":{"t":"ECHO"},"D36":{"desc":"L1P"},"D3B":{"t":"GLID"},"D3C":{"t":"SF50"},"D41":{"desc":"H1P"},"D43":{"t":"SR22"},"D48":{"desc":"G1P"},"D4C":{"desc":"L1P"},"D4D":{"t":"MD87"},"D4F":{"t":"PA18"},"D50":{"t":"C172"},"D54":{"t":"P28A"},"D58":{"desc":"L1P"},"D61":{"t":"BALL"},"D65":{"desc":"L1P"},"D66":{"desc":"H8E"},"D6A":{"t":"B763"},"D71":{"desc":"L1P"},"D76":{"desc":"L1P"},"D7A":{"desc":"L1P"},"D7E":{"t":"PA34"},"D83":{"t":"B738"},"D8F":{"t":"S22T"},"D97":{"t":"P32R"},"DA5":{"t":"P28A"},"DB0":{"desc":"L1P"},"DB1":{"t":"ECHO"},"DB2":{"t":"E190"},"DB5":{"t":"P28A"},"DBE":{"t":"SF50"},"DC0":{"desc":"L1P"},"DC9":{"desc":"L1P"},"DCF":{"t":"C172"},"DD8":{"desc":"A1T","t":"KODI"},"DE2":{"desc":"L1P"},"DE3":{"t":"P28A"},"DE4":{"desc":"L1P"},"DE8":{"desc":"H1T"},"DE9":{"t":"M20P"},"DEA":{"t":"P28A"},"DEC":{"t":"SR20"},"DF3":{"desc":"L1P"},"DFB":{"desc":"L1P"},"DFC":{"t":"C182"},"DFE":{"desc":"L1P","t":"ULAC"},"DFF":{"t":"NAVI"},"E00":{"t":"LJ35"},"E02":{"t":"P28A"},"E03":{"desc":"H1T","t":"S92"},"E07":{"desc":"A1P"},"E09":{"t":"M20P"},"E0D":{"desc":"H4E"},"E0E":{"t":"GLF4"},"E10":{"t":"BE36"},"E14":{"t":"ERCO"},"E18":{"t":"PA44"},"E21":{"desc":"L2J"},"E28":{"t":"A320"},"E2D":{"t":"PC12"},"E2E":{"t":"PA44"},"E30":{"t":"FA50"},"E31":{"t":"R22"},"E32":{"t":"C172"},"E37":{"desc":"L1P"},"E3C":{"t":"CRJ9"},"E3E":{"t":"PC24"},"E3F":{"desc":"L1P"},"E45":{"t":"C185"},"E5F":{"desc":"L1P"},"E60":{"t":"DA40"},"E64":{"t":"PA30"},"E65":{"desc":"L1E"},"E66":{"t":"AC11"},"E68":{"desc":"L1P"},"E6B":{"t":"P28R"},"E6C":{"desc":"H2T"},"E70":{"t":"C414"},"E71":{"desc":"H1P"},"E78":{"t":"AC50"},"E7B":{"desc":"L1P","t":"ULAC"},"E84":{"desc":"L1P"},"E86":{"t":"C172"},"E88":{"t":"SR22"},"E89":{"t":"C208"},"E8A":{"t":"C25C"},"E8E":{"desc":"L1P"},"E8F":{"desc":"L2J"},"E91":{"desc":"L1P"},"E92":{"t":"ECHO"},"E94":{"t":"C172"},"E96":{"t":"GLID"},"E98":{"t":"B350"},"EA1":{"desc":"L1P"},"EA2":{"desc":"L1P"},"EA3":{"t":"PA18"},"EAA":{"t":"TWEN"},"EB8":{"t":"MD11"},"EC3":{"desc":"L1P","t":"TB0"},"EC4":{"t":"RV12"},"EDD":{"t":"FA50"},"EDF":{"t":"P28A"},"EE8":{"t":"GLID"},"EE9":{"t":"B737"},"EED":{"t":"S22T"},"EF3":{"t":"HUSK"},"EF5":{"t":"M5"},"F0A":{"desc":"L1J"},"F0E":{"desc":"L1P"},"F44":{"t":"C170"},"F47":{"t":"C340"},"F48":{"t":"ERCO"},"F49":{"t":"C150"},"F4A":{"t":"C180"},"F4C":{"t":"PA12"},"F4E":{"t":"PA22"},"F50":{"t":"C310"},"F51":{"t":"C150"},"F53":{"t":"C172"},"F54":{"t":"C150"},"F55":{"t":"P28A"},"F57":{"t":"C182"},"F58":{"t":"PA22"},"F59":{"desc":"L1P"},"F5D":{"t":"C206"},"F5F":{"t":"AR11"},"F62":{"t":"C210"},"F63":{"desc":"A1P"},"F64":{"t":"C180"},"F65":{"t":"BE35"},"F66":{"t":"C180"},"F67":{"t":"C170"},"F6B":{"t":"ERCO"},"F6C":{"t":"C150"},"F6D":{"t":"L8"},"F6E":{"t":"M20P"},"F70":{"t":"PA32"},"F72":{"t":"P32R"},"F73":{"t":"P28R"},"F74":{"t":"PA32"},"F77":{"desc":"L1P"},"F7C":{"t":"T206"},"F7F":{"desc":"L1P"},"F81":{"t":"P28A"},"F83":{"t":"C206"},"F84":{"t":"P28A"},"F87":{"t":"C180"},"F8B":{"t":"CH7A"},"F8C":{"t":"C182"},"F8E":{"t":"GLID"},"F8F":{"t":"C150"},"F92":{"t":"PA12"},"F94":{"t":"SR22"},"F95":{"t":"P32R"},"F97":{"t":"C150"},"F99":{"t":"PA34"},"F9A":{"desc":"L1P"},"F9B":{"t":"PA34"},"F9D":{"t":"P28S"},"F9F":{"t":"P28A"},"FA0":{"t":"C177"},"FA1":{"t":"P28A"},"FA3":{"t":"C206"},"FA6":{"t":"P28A"},"FA8":{"t":"AR11"},"FAA":{"t":"C180"},"FAC":{"t":"BE35"},"FAD":{"t":"C170"},"FAE":{"t":"CH7A"},"FB3":{"t":"C180"},"FB4":{"t":"M20P"},"FB5":{"t":"PA12"},"FB6":{"t":"PA32"},"FB7":{"t":"PA22"},"FB8":{"t":"P28A"},"FBA":{"t":"C150"},"FBC":{"t":"C172"},"FBE":{"desc":"L1P"},"FC0":{"t":"C182"},"FC1":{"t":"CH7A"},"FC2":{"t":"P28A"},"FC8":{"t":"BALL"},"FCB":{"t":"C172"},"FCD":{"t":"C180"},"FCE":{"t":"BE35"},"FCF":{"t":"PA34"},"FD2":{"t":"C182"},"FD4":{"t":"GLID"},"FD5":{"t":"C150"},"FD7":{"t":"PA34"},"FD8":{"t":"P28R"},"FD9":{"t":"C120"},"FDC":{"desc":"L1T","t":"M600"},"FE2":{"t":"C177"},"FE3":{"t":"C182"},"FEC":{"t":"P28U"},"FED":{"t":"AR11"},"FF0":{"t":"C180"},"FF2":{"t":"C180"},"FF3":{"t":"P28A"},"FF5":{"t":"C182"},"FF7":{"t":"ERCO"},"FF9":{"t":"L8"},"FFA":{"t":"BALL"},"FFB":{"t":"PA12"},"FFC":{"t":"P28T"},"FFF":{"t":"P28R"}}