{"0000":{"t":"C150"},"0003":{"t":"C172"},"0005":{"t":"C177"},"0006":{"t":"C182"},"0007":{"desc":"L1P"},"0008":{"desc":"L1P"},"0009":{"t":"C172"},"000A":{"desc":"L1P"},"000C":{"desc":"L1P"},"000F":{"t":"PA34"},"0010":{"desc":"L1P"},"0012":{"t":"GLID"},"0017":{"t":"CL30"},"001A":{"t":"ERCO"},"001B":{"t":"P28B"},"001D":{"t":"M20P"},"001E":{"t":"M20P"},"001F":{"t":"C120"},"0023":{"t":"C150"},"0024":{"t":"VO10"},"0025":{"t":"P28B"},"0027":{"t":"C152"},"0029":{"t":"C182"},"002C":{"t":"J3"},"002D":{"t":"J3"},"002E":{"t":"P28A"},"002F":{"desc":"L1P"},"0030":{"t":"P28A"},"0033":{"desc":"L1P"},"0036":{"desc":"A1P","t":"ULAC"},"0038":{"t":"PA32"},"003A":{"t":"C172"},"003D":{"t":"GLID"},"0040":{"t":"M20P"},"0041":{"t":"P28R"},"0044":{"t":"P28R"},"0047":{"t":"VO10"},"0048":{"t":"C172"},"0049":{"t":"BE35"},"004A":{"t":"B06"},"004C":{"t":"C182"},"004D":{"t":"PA22"},"0050":{"desc":"L1P"},"0051":{"desc":"L1P"},"0052":{"t":"P28A"},"0056":{"t":"C210"},"0059":{"t":"PA32"},"005C":{"t":"C170"},"005E":{"desc":"L1P"},"0060":{"desc":"L1P"},"0061":{"t":"C150"},"0063":{"t":"M20P"},"0068":{"t":"C310"},"0069":{"t":"C150"},"006A":{"t":"VO10"},"006B":{"t":"C172"},"006D":{"t":"B06"},"006E":{"t":"PA32"},"006F":{"t":"C182"},"0073":{"t":"P28A"},"0074":{"desc":"L1P"},"0076":{"t":"P28A"},"0077":{"t":"C172"},"0079":{"desc":"L1P"},"007A":{"t":"C206"},"007B":{"t":"GLF5"},"007D":{"t":"BE35"},"007E":{"t":"C180"},"007F":{"t":"C170"},"0080":{"t":"CH7A"},"0081":{"t":"C182"},"0082":{"desc":"L1P"},"0087":{"t":"PA12"},"0088":{"t":"C170"},"008C":{"t":"C150"},"008D":{"t":"PA22"},"008E":{"t":"C172"},"008F":{"t":"BE35"},"0091":{"t":"C177"},"0096":{"t":"C206"},"0099":{"desc":"L1P"},"009A":{"t":"P28A"},"009C":{"desc":"L1P"},"009D":{"t":"C206"},"009E":{"t":"P337"},"00A1":{"desc":"H4E"},"00A2":{"t":"CH7A"},"00A4":{"t":"B06"},"00A9":{"t":"B739"},"00AB":{"t":"B407"},"00AF":{"t":"B738"},"00B4":{"desc":"H4E"},"00B6":{"t":"A332"},"00B7":{"desc":"H4E"},"00B9":{"t":"GLID"},"00BF":{"desc":"H1T","t":"S92"},"00C8":{"desc":"L1P"},"00D1":{"t":"S108"},"00D2":{"t":"C172"},"00D4":{"desc":"L1P"},"00D5":{"t":"SR20"},"00DB":{"t":"E55P"},"00DD":{"desc":"L1P"},"00DF":{"t":"C182"},"00E1":{"t":"B06"},"00E3":{"t":"FDCT"},"00EC":{"desc":"L1P"},"00ED":{"t":"DV20"},"00F6":{"desc":"L1P"},"0103":{"desc":"L1P"},"0104":{"t":"MD87"},"0121":{"t":"B763"},"012C":{"desc":"L1P"},"012D":{"t":"P28R"},"0141":{"t":"R44"},"0151":{"t":"CL30"},"015C":{"t":"P28A"},"0167":{"desc":"L1P","t":"ULAC"},"016B":{"desc":"L1P","t":"ULAC"},"016D":{"desc":"A1P"},"016E":{"t":"GL5T"},"0175":{"desc":"L1P","t":"ULAC"},"0178":{"t":"R44"},"0184":{"desc":"L1T"},"019A":{"t":"P28A"},"01A5":{"t":"SR22"},"01B2":{"desc":"L1P"},"01B3":{"t":"CH7B"},"01B5":{"t":"LJ24"},"01B9":{"t":"P28R"},"01BB":{"t":"C172"},"01BE":{"t":"C510"},"01C3":{"desc":"L1P"},"01C4":{"desc":"H4E"},"01CF":{"t":"PA44"},"01D8":{"desc":"L2J"},"01DF":{"t":"A320"},"01E4":{"t":"ASTR"},"01E7":{"desc":"L1P"},"01E9":{"t":"C172"},"01EE":{"t":"S76"},"01F3":{"t":"CRJ9"},"0211":{"t":"GLID"},"0217":{"desc":"L1P","t":"ULAC"},"0219":{"t":"C206"},"021D":{"desc":"L1T"},"0221":{"t":"P28A"},"022A":{"desc":"L1P"},"022C":{"desc":"G1P"},"022F":{"t":"ULAC"},"0230":{"t":"CH7A"},"0232":{"desc":"L1P"},"0235":{"t":"P46T"},"0239":{"t":"E145"},"023B":{"t":"BT36"},"023D":{"t":"C172"},"023F":{"t":"SR22"},"0243":{"desc":"H1T","t":"AS65"},"0246":{"t":"E75L"},"0248":{"t":"PA18"},"024B":{"t":"E55P"},"0250":{"desc":"A1P","t":"ULAC"},"0253":{"desc":"L1P"},"025A":{"t":"C68A"},"025D":{"t":"PC12"},"026F":{"t":"MD11"},"0277":{"t":"E120"},"0293":{"desc":"L1P"},"0296":{"t":"P28A"},"02A0":{"t":"B737"},"02AA":{"t":"HUSK"},"02AC":{"t":"M5"},"02F9":{"t":"BE35"},"02FB":{"t":"C170"},"02FC":{"t":"C172"},"02FD":{"t":"C182"},"02FF":{"t":"GLID"},"0300":{"t":"C150"},"0302":{"t":"M20P"},"0303":{"t":"PA12"},"0304":{"t":"C120"},"0306":{"t":"P32R"},"0307":{"t":"P28R"},"0308":{"desc":"L1P"},"030A":{"t":"C172"},"030B":{"t":"PA34"},"030D":{"t":"C177"},"0310":{"t":"WACF"},"0311":{"t":"WACF"},"0313":{"t":"WACF"},"0315":{"t":"P28T"},"0317":{"t":"C177"},"0319":{"t":"WACF"},"031B":{"t":"C180"},"031C":{"t":"BE35"},"031F":{"t":"C172"},"0322":{"t":"C172"},"0323":{"t":"C150"},"0325":{"t":"PA34"},"0326":{"t":"P28S"},"0329":{"t":"P32R"},"032D":{"t":"C172"},"032F":{"desc":"L1P"},"0330":{"t":"C177"},"0331":{"t":"C182"},"0333":{"t":"P28T"},"0335":{"t":"WACF"},"033D":{"t":"RV12"},"033E":{"t":"C180"},"0341":{"t":"C170"},"0343":{"t":"PA32"},"0348":{"t":"M20P"},"034A":{"t":"C120"},"034C":{"t":"PA32"},"034E":{"t":"C150"},"0352":{"desc":"L1P"},"0356":{"t":"C177"},"0357":{"t":"C177"},"0358":{"t":"WACF"},"0359":{"t":"WACF"},"035A":{"t":"WACF"},"035D":{"t":"WACF"},"035E":{"t":"WACF"},"035F":{"t":"C177"},"0361":{"t":"P28A"},"0363":{"t":"C180"},"0366":{"t":"C182"},"036A":{"t":"L8"},"036C":{"t":"PA12"},"036D":{"t":"C140"},"036F":{"t":"PA34"},"0371":{"t":"C150"},"0374":{"t":"P28A"},"0379":{"t":"C177"},"037A":{"t":"C177"},"037D":{"t":"C177"},"037E":{"t":"C177"},"0380":{"t":"WACF"},"0381":{"t":"WACF"},"0384":{"t":"C180"},"0386":{"t":"P28A"},"0387":{"t":"C170"},"0388":{"t":"CH7A"},"0389":{"t":"C182"},"038A":{"desc":"L1P"},"038F":{"t":"PA12"},"0396":{"t":"C172"},"039A":{"t":"C182"},"039C":{"t":"C177"},"039D":{"desc":"H1P"},"039E":{"t":"C177"},"039F":{"t":"C177"},"03A0":{"t":"C177"},"03A1":{"t":"C177"},"03A9":{"t":"C180"},"03AA":{"t":"C170"},"03AB":{"t":"CH7A"},"03AC":{"t":"C182"},"03AD":{"t":"P28A"},"03AF":{"t":"C150"},"03B0":{"t":"L8"},"03B1":{"t":"M20P"},"03B3":{"t":"P28A"},"03B7":{"t":"P28A"},"03B9":{"t":"P28A"},"03BA":{"t":"P28A"},"03BC":{"t":"C177"},"03BE":{"t":"PA22"},"03BF":{"t":"C177"},"03C1":{"t":"WACF"},"03C2":{"t":"WACF"},"03C4":{"t":"WACF"},"03C5":{"t":"C177"},"03C6":{"t":"WACF"},"03C8":{"t":"C210"},"03CA":{"desc":"L1P"},"03CC":{"t":"C180"},"03CD":{"t":"C170"},"03D1":{"t":"ERCO"},"03D2":{"t":"C150"},"03D4":{"t":"M20P"},"03D5":{"t":"PA12"},"03D6":{"t":"P28T"},"03D8":{"t":"P28A"},"03DD":{"t":"C150"},"03E1":{"t":"PA22"},"03E3":{"t":"P28B"},"03E4":{"t":"C177"},"03E6":{"t":"WACF"},"03E7":{"t":"WACF"},"03E8":{"t":"C177"},"03E9":{"t":"C177"},"03EA":{"t":"WACF"},"03EC":{"desc":"L1P"},"03EE":{"t":"P28U"},"03EF":{"t":"B738"},"03F0":{"t":"C170"},"03F4":{"t":"ERCO"},"03F5":{"t":"C150"},"03F9":{"t":"P28A"},"03FA":{"t":"PA22"},"03FB":{"t":"P28A"},"03FC":{"t":"P28A"},"03FF":{"t":"C172"},"0402":{"t":"P28A"},"0403":{"t":"C182"},"0405":{"t":"WACC"},"0406":{"desc":"L1P"},"0407":{"desc":"L1P"},"0409":{"t":"P28B"},"040A":{"desc":"L1P"},"040B":{"t":"P28B"},"040C":{"t":"C177"},"040E":{"t":"C177"},"040F":{"t":"GLID"},"0410":{"t":"C180"},"0412":{"t":"C180"},"0415":{"t":"P28A"},"041A":{"t":"M20P"},"041C":{"t":"C120"},"041D":{"desc":"L1P","t":"LA4"},"0422":{"t":"P28A"},"0426":{"t":"C182"},"042B":{"t":"B763"},"042D":{"desc":"L1P"},"042F":{"t":"B763"},"0431":{"t":"C177"},"0433":{"t":"BE33"},"0436":{"t":"C170"},"0438":{"t":"C182"},"043A":{"t":"ERCO"},"043B":{"t":"P28A"},"043D":{"t":"M20P"},"043F":{"t":"P28U"},"0440":{"desc":"L1P","t":"LA4"},"0441":{"t":"P28A"},"0445":{"t":"C172"},"0448":{"t":"C177"},"0449":{"t":"C182"},"044A":{"t":"PA22"},"044D":{"desc":"L1P"},"044E":{"desc":"L1P"},"044F":{"t":"P28B"},"0450":{"t":"C177"},"0451":{"desc":"L1P"},"0453":{"desc":"L1P"},"0454":{"t":"T210"},"0456":{"desc":"L1P"},"0457":{"desc":"H6E"},"045C":{"t":"PC24"},"0460":{"t":"B739"},"0462":{"t":"BE36"},"0466":{"t":"B772"},"046F":{"desc":"L1P"},"0470":{"t":"GLID"},"0478":{"t":"P28B"},"0488":{"desc":"L1P"},"0489":{"t":"SR22"},"048A":{"t":"BALL"},"048B":{"t":"C25B"},"0490":{"desc":"L1P"},"0494":{"t":"P06T"},"0496":{"t":"C182"},"0499":{"t":"C182"},"049C":{"t":"H25B"},"049D":{"t":"C525"},"04A1":{"t":"BE60"},"04A3":{"desc":"L1T"},"04A4":{"t":"DV20"},"04AC":{"t":"GLF4"},"04AD":{"t":"DA42"},"04AF":{"desc":"L1P"},"04B1":{"t":"P46T"},"04B2":{"t":"DA40"},"04B6":{"t":"BE58"},"04BB":{"t":"MD87"},"04D3":{"desc":"L1P"},"04D4":{"t":"ULAC"},"04D8":{"t":"B763"},"04DE":{"t":"B738"},"04E4":{"t":"P28R"},"04F3":{"t":"SR20"},"04F4":{"t":"GLID"},"04F7":{"desc":"L1P"},"051A":{"desc":"A1P","t":"ULAC"},"0520":{"t":"E190"},"052A":{"t":"C206"},"052F":{"t":"C208"},"0535":{"desc":"L1P","t":"ULAC"},"0545":{"t":"P28B"},"0551":{"t":"AT8T"},"0569":{"t":"B06"},"056A":{"t":"C182"},"056C":{"t":"SR22"},"0570":{"t":"GLID"},"057B":{"desc":"H8E"},"0589":{"t":"PC12"},"0596":{"t":"A320"},"059C":{"t":"P28A"},"059E":{"desc":"L1P"},"05A0":{"t":"C172"},"05A3":{"t":"ULAC"},"05A4":{"t":"R44"},"05A6":{"t":"C172"},"05AA":{"t":"CRJ9"},"05B0":{"t":"C25B"},"05D1":{"desc":"L1P"},"05D3":{"desc":"L1P"},"05D6":{"desc":"L1P"},"05D8":{"t":"HUSK"},"05DF":{"t":"C560"},"05E1":{"desc":"L1P"},"05E2":{"t":"C172"},"05E7":{"t":"P28A"},"05EC":{"t":"B407"},"05F1":{"t":"GLID"},"05F4":{"t":"C172"},"05FD":{"t":"E75L"},"05FF":{"t":"PA18"},"0602":{"desc":"L1P"},"060A":{"t":"SF34"},"060F":{"t":"CJ6"},"0611":{"t":"BE9L"},"0614":{"t":"P28A"},"0626":{"t":"MD11"},"0657":{"t":"B737"},"0661":{"t":"HUSK"},"0663":{"t":"FA7X"},"06AE":{"t":"J3"},"06AF":{"t":"C180"},"06B2":{"t":"C170"},"06B4":{"t":"C182"},"06B5":{"t":"CH7B"},"06B6":{"t":"ERCO"},"06B8":{"t":"C180"},"06B9":{"t":"M20P"},"06BD":{"t":"P28R"},"06BE":{"t":"P28R"},"06C0":{"t":"P28B"},"06C1":{"t":"C172"},"06C2":{"t":"P28B"},"06C5":{"t":"C182"},"06C6":{"t":"P28B"},"06C7":{"t":"C177"},"06C8":{"t":"B772"},"06CC":{"t":"AR11"},"06CE":{"t":"P28B"},"06CF":{"t":"P28B"},"06D0":{"t":"C177"},"06D3":{"t":"P28B"},"06D6":{"t":"CH7A"},"06DA":{"t":"C150"},"06DB":{"t":"BALL"},"06DC":{"t":"P28A"},"06DE":{"t":"C140"},"06DF":{"t":"PA22"},"06E1":{"t":"GLID"},"06E3":{"t":"VO10"},"06E4":{"t":"P28A"},"06E5":{"t":"BE35"},"06EE":{"t":"AR11"},"06EF":{"t":"C177"},"06F0":{"t":"AR11"},"06F1":{"t":"BALL"},"06F6":{"t":"BE35"},"06F8":{"t":"C170"},"06F9":{"t":"CH7A"},"06FA":{"t":"C182"},"06FD":{"t":"C150"},"06FE":{"t":"L8"},"06FF":{"t":"M20P"},"0700":{"t":"PA12"},"0704":{"t":"P28A"},"0705":{"t":"C150"},"0706":{"t":"P28A"},"0707":{"t":"C172"},"070A":{"t":"C177"},"070C":{"t":"PA22"},"070E":{"desc":"L1P"},"070F":{"t":"C177"},"0711":{"t":"AR11"},"0713":{"t":"C177"},"0714":{"t":"AR11"},"0717":{"t":"GLID"},"0718":{"t":"C180"},"071A":{"t":"C180"},"071B":{"t":"P28T"},"071E":{"t":"CH7A"},"071F":{"t":"ERCO"},"0721":{"t":"L8"},"0723":{"t":"PA12"},"0725":{"t":"PA22"},"0726":{"t":"P32R"},"0729":{"t":"M200"},"072A":{"t":"C172"},"072D":{"t":"C177"},"072E":{"t":"P28U"},"0730":{"t":"C177"},"0732":{"t":"C177"},"0733":{"t":"AR11"},"0734":{"t":"C177"},"0735":{"t":"PA34"},"0736":{"t":"C177"},"0739":{"t":"C177"},"073B":{"t":"C180"},"073C":{"t":"BE35"},"073D":{"t":"C180"},"073E":{"t":"C170"},"073F":{"t":"CH7A"},"0740":{"t":"C182"},"0742":{"t":"ERCO"},"0743":{"t":"C150"},"0744":{"t":"L8"},"0745":{"t":"M20P"},"074B":{"t":"C150"},"074C":{"t":"VO10"},"074D":{"t":"C172"},"074E":{"t":"P28B"},"074F":{"t":"B06"},"0751":{"t":"P28B"},"0752":{"t":"BL8"},"0753":{"t":"C177"},"0754":{"t":"C177"},"0755":{"t":"C177"},"0757":{"t":"C177"},"0758":{"t":"AR11"},"075A":{"t":"AR11"},"075B":{"t":"C177"},"075C":{"t":"C177"},"075D":{"desc":"A2P"},"075E":{"t":"ULAC"},"0761":{"t":"P28B"},"0762":{"t":"CH7A"},"0768":{"t":"M20P"},"0769":{"t":"PA12"},"076A":{"t":"C140"},"076C":{"t":"P28A"},"076D":{"t":"P28R"},"076E":{"t":"C150"},"076F":{"t":"P28B"},"0770":{"t":"C172"},"0771":{"t":"C150"},"0772":{"desc":"L1P"},"0773":{"desc":"L1P"},"0778":{"t":"AR11"},"077B":{"t":"C177"},"077C":{"t":"AR11"},"077D":{"t":"DG15"},"077F":{"t":"C177"},"0780":{"desc":"L1P"},"0782":{"t":"P28B"},"0783":{"t":"C180"},"0785":{"t":"C172"},"078B":{"t":"M20P"},"078C":{"t":"P28A"},"078D":{"t":"C120"},"078E":{"t":"PA22"},"078F":{"t":"P28A"},"0790":{"t":"C310"},"0791":{"t":"C150"},"0792":{"t":"VO10"},"0793":{"t":"C172"},"079B":{"t":"C177"},"079F":{"t":"PA34"},"07A0":{"t":"C177"},"07A1":{"t":"C177"},"07A2":{"t":"C177"},"07A3":{"t":"PA24"},"07A6":{"t":"C180"},"07A7":{"t":"C170"},"07A8":{"t":"PA32"},"07A9":{"t":"C182"},"07AA":{"desc":"L1P"},"07AB":{"t":"GLID"},"07AC":{"t":"C150"},"07AE":{"t":"M20P"},"07B1":{"t":"PA22"},"07B6":{"t":"PA32"},"07B7":{"desc":"L1P"},"07BF":{"t":"AR11"},"07C0":{"t":"C177"},"07C3":{"t":"AR11"},"07C5":{"t":"C177"},"07C9":{"t":"C180"},"07CB":{"t":"CH7A"},"07CF":{"t":"C150"},"07D4":{"t":"PA22"},"07D5":{"t":"P28A"},"07D8":{"t":"VO10"},"07DD":{"t":"C182"},"07DF":{"t":"C177"},"07E0":{"t":"C177"},"07E4":{"t":"C177"},"07E5":{"desc":"L1P"},"07E6":{"t":"AR11"},"07E7":{"t":"C177"},"07EA":{"t":"C180"},"07EB":{"t":"BE35"},"07ED":{"t":"C170"},"07EE":{"t":"PA34"},"07F3":{"t":"L8"},"07F4":{"t":"M20P"},"07F6":{"t":"C140"},"07FA":{"t":"C150"},"07FC":{"t":"C172"},"07FD":{"t":"C172"},"07FE":{"t":"B06"},"0800":{"t":"C182"},"0807":{"t":"C177"},"0809":{"t":"AR11"},"080A":{"t":"AR11"},"080C":{"desc":"L1P"},"080D":{"t":"ULAC"},"080F":{"desc":"L1P"},"0810":{"t":"BL8"},"0812":{"t":"B06"},"0813":{"t":"PC12"},"0817":{"t":"SR22"},"0819":{"t":"HUSK"},"081F":{"desc":"H8E","t":"B737"},"0825":{"desc":"H4E"},"0826":{"desc":"L1P"},"0828":{"desc":"L1P"},"0829":{"t":"P28A"},"082C":{"desc":"L1P"},"0831":{"desc":"L1P","t":"ULAC"},"0834":{"t":"PA34"},"0837":{"t":"BE17"},"083B":{"desc":"L1P"},"0840":{"t":"B06"},"0841":{"t":"RC3"},"0842":{"t":"B06"},"0843":{"t":"SR20"},"0844":{"t":"C441"},"0849":{"t":"LJ35"},"084A":{"t":"B733"},"084B":{"desc":"L1P"},"0850":{"t":"T206"},"0851":{"t":"FDCT"},"0858":{"t":"PA18"},"0859":{"t":"P28A"},"085A":{"desc":"L1P"},"085B":{"t":"BE20"},"085C":{"t":"AT6T"},"085D":{"t":"BE50"},"085F":{"desc":"L1P"},"0863":{"t":"SR22"},"0864":{"desc":"H1P"},"0869":{"t":"C525"},"0872":{"t":"MD87"},"0874":{"t":"SR22"},"0889":{"desc":"L1P"},"088B":{"t":"T206"},"088F":{"t":"B763"},"089B":{"t":"P28R"},"08A6":{"desc":"L1P"},"08AA":{"t":"PC24"},"08B5":{"t":"C182"},"08BC":{"desc":"L1P"},"08BF":{"desc":"L1P"},"08CD":{"t":"B06"},"08D5":{"t":"AS50"},"08D7":{"desc":"L1P"},"08D9":{"desc":"L1P","t":"ULAC"},"08DB":{"desc":"L1P"},"08DC":{"t":"GLF4"},"08DE":{"desc":"L1P"},"08E1":{"t":"H25B"},"08E3":{"t":"DA40"},"08EC":{"desc":"L1P","t":"ULAC"},"08EE":{"t":"RV12"},"08F1":{"desc":"L1P","t":"ULAC"},"08FD":{"desc":"L1P"},"0907":{"t":"C25A"},"0908":{"desc":"L1P"},"090A":{"desc":"L1P"},"0915":{"t":"C172"},"0918":{"desc":"L1P"},"091B":{"desc":"L2J"},"0921":{"t":"P28B"},"0925":{"t":"C172"},"0927":{"desc":"H1P"},"0928":{"t":"GLID"},"092B":{"t":"C525"},"0930":{"t":"P32R"},"0931":{"desc":"L1P"},"0932":{"desc":"H8E"},"094D":{"t":"A320"},"094E":{"t":"LJ24"},"0952":{"desc":"L1P"},"0955":{"desc":"L1P"},"0957":{"t":"C172"},"095B":{"t":"C510"},"095D":{"t":"C172"},"095E":{"t":"PA46"},"0961":{"t":"CRJ9"},"0984":{"t":"PA34"},"0985":{"t":"DA42"},"098A":{"desc":"L1P"},"098D":{"t":"BT36"},"098F":{"desc":"L1P"},"0995":{"desc":"L1P"},"0999":{"desc":"L1P"},"099D":{"t":"PA46"},"099E":{"t":"GLID"},"099F":{"t":"PA27"},"09A1":{"t":"SR22"},"09A6":{"t":"B06"},"09A9":{"desc":"L1P"},"09AD":{"t":"P32R"},"09AF":{"desc":"L1P"},"09B4":{"t":"E75L"},"09B6":{"t":"PA18"},"09B9":{"t":"AC11"},"09BE":{"t":"C150"},"09C8":{"desc":"L1P"},"09DD":{"t":"MD11"},"09FC":{"desc":"L1P"},"0A0E":{"t":"B737"},"0A16":{"t":"GLID"},"0A18":{"t":"HUSK"},"0A1A":{"t":"E300"},"0A30":{"desc":"L1P"},"0A33":{"t":"FA24"},"0A65":{"desc":"A2P"},"0A66":{"t":"PA44"},"0A67":{"t":"BE35"},"0A68":{"t":"C180"},"0A69":{"t":"C170"},"0A6A":{"t":"CH7A"},"0A6B":{"t":"C182"},"0A6C":{"t":"P28A"},"0A73":{"t":"P28A"},"0A74":{"desc":"L1P"},"0A75":{"t":"P28R"},"0A76":{"t":"C150"},"0A77":{"t":"VO10"},"0A78":{"t":"C172"},"0A79":{"t":"C150"},"0A7A":{"t":"P28A"},"0A7B":{"t":"C177"},"0A7C":{"t":"C182"},"0A7D":{"t":"PA22"},"0A7F":{"t":"C172"},"0A80":{"t":"TAYB"},"0A82":{"t":"TAYB"},"0A84":{"t":"TAYB"},"0A86":{"t":"TAYB"},"0A87":{"t":"C177"},"0A8E":{"t":"C182"},"0A8F":{"t":"CH7B"},"0A90":{"t":"ERCO"},"0A91":{"t":"C150"},"0A92":{"t":"L8"},"0A94":{"t":"PA12"},"0A98":{"t":"C310"},"0A9E":{"t":"PA32"},"0AA0":{"t":"PA22"},"0AA1":{"desc":"L1P"},"0AA2":{"t":"TAYB"},"0AA3":{"t":"C177"},"0AA5":{"t":"TAYB"},"0AA9":{"t":"C177"},"0AAB":{"desc":"L1P"},"0AAC":{"t":"C180"},"0AAD":{"t":"BE35"},"0AAE":{"t":"C180"},"0AB0":{"t":"C172"},"0AB1":{"t":"C182"},"0AB3":{"t":"GLID"},"0AB5":{"t":"L8"},"0AB7":{"t":"PA12"},"0AB9":{"t":"PA22"},"0ABA":{"t":"C421"},"0ABB":{"t":"P28R"},"0ABD":{"t":"VO10"},"0ABE":{"t":"C172"},"0AC2":{"t":"P28A"},"0AC4":{"t":"C177"},"0AC5":{"t":"C177"},"0AC7":{"t":"C177"},"0ACB":{"t":"TAYB"},"0AD0":{"t":"BE35"},"0AD1":{"t":"C180"},"0AD3":{"t":"C172"},"0AD5":{"t":"CH7B"},"0AD6":{"t":"GLID"},"0AD7":{"t":"C150"},"0AD8":{"t":"L8"},"0ADA":{"t":"PA12"},"0ADC":{"t":"PA22"},"0ADD":{"t":"P28S"},"0ADF":{"t":"C150"},"0AE0":{"t":"VO10"},"0AE1":{"t":"P28A"},"0AE4":{"t":"C177"},"0AE6":{"t":"PA22"},"0AE7":{"t":"C177"},"0AE8":{"t":"C177"},"0AEC":{"t":"P28A"},"0AEE":{"t":"P28A"},"0AEF":{"t":"C177"},"0AF0":{"t":"C177"},"0AF3":{"t":"BE35"},"0AF4":{"t":"GLID"},"0AF5":{"t":"C170"},"0AF7":{"t":"C182"},"0AF9":{"t":"GLID"},"0AFE":{"t":"P28A"},"0B00":{"t":"P28T"},"0B04":{"t":"C172"},"0B07":{"t":"C177"},"0B08":{"t":"C182"},"0B09":{"t":"PA22"},"0B0C":{"t":"T210"},"0B0E":{"t":"TAYB"},"0B12":{"t":"C177"},"0B17":{"t":"BALL"},"0B18":{"t":"C170"},"0B19":{"t":"CH7A"},"0B1A":{"t":"C182"},"0B1C":{"t":"ERCO"},"0B1D":{"t":"C150"},"0B1E":{"t":"L8"},"0B20":{"t":"P28A"},"0B21":{"t":"C120"},"0B23":{"t":"P28B"},"0B24":{"t":"P28B"},"0B26":{"t":"P28B"},"0B2B":{"t":"C182"},"0B2F":{"t":"C172"},"0B30":{"t":"TAYB"},"0B31":{"t":"C177"},"0B36":{"t":"TAYB"},"0B37":{"t":"T6"},"0B38":{"t":"P28B"},"0B39":{"t":"P28B"},"0B3A":{"t":"P28B"},"0B3D":{"t":"UH1"},"0B40":{"t":"C150"},"0B41":{"t":"L8"},"0B42":{"t":"M20P"},"0B45":{"t":"P28A"},"0B47":{"t":"P28A"},"0B48":{"t":"C150"},"0B49":{"t":"M200"},"0B4A":{"t":"C172"},"0B4E":{"t":"C182"},"0B4F":{"t":"CH7A"},"0B51":{"desc":"L1P"},"0B53":{"t":"C177"},"0B56":{"t":"P28T"},"0B5A":{"desc":"L1P"},"0B5B":{"desc":"L1P","t":"ULAC"},"0B5E":{"t":"PA12"},"0B5F":{"t":"CH7A"},"0B60":{"t":"P28B"},"0B63":{"t":"C150"},"0B64":{"t":"C180"},"0B65":{"t":"M20P"},"0B66":{"t":"P28B"},"0B67":{"t":"PA32"},"0B68":{"t":"PA22"},"0B69":{"t":"C421"},"0B6A":{"t":"PA32"},"0B78":{"t":"TAYB"},"0B79":{"t":"TAYB"},"0B80":{"t":"C180"},"0B87":{"t":"C180"},"0B88":{"t":"M20P"},"0B8E":{"desc":"L1P"},"0B93":{"t":"C177"},"0B95":{"t":"PA22"},"0B97":{"t":"C177"},"0B9A":{"t":"C177"},"0B9B":{"t":"C177"},"0BA4":{"t":"C170"},"0BA5":{"t":"CH7A"},"0BA7":{"desc":"L1P"},"0BA9":{"t":"C150"},"0BAB":{"t":"M20P"},"0BAC":{"t":"P28A"},"0BAF":{"t":"P28A"},"0BB1":{"t":"C150"},"0BB3":{"t":"P28A"},"0BB6":{"t":"C177"},"0BB7":{"t":"C182"},"0BB9":{"t":"TAYB"},"0BBB":{"t":"C177"},"0BBC":{"t":"C177"},"0BBE":{"t":"C177"},"0BBF":{"t":"C177"},"0BC6":{"desc":"H4E"},"0BC7":{"t":"BL8"},"0BC9":{"t":"B06"},"0BCA":{"desc":"A1P"},"0BCE":{"t":"B739"},"0BD0":{"desc":"L1P","t":"ULAC"},"0BD4":{"t":"PA32"},"0BD6":{"t":"B737"},"0BDC":{"desc":"H4E"},"0BDD":{"t":"BE55"},"0BE0":{"t":"PA18"},"0BE6":{"t":"C210"},"0BF2":{"t":"C172"},"0BF8":{"t":"P28A"},"0BF9":{"t":"B06"},"0BFE":{"t":"PA31"},"0C01":{"desc":"L1P"},"0C04":{"t":"C182"},"0C07":{"t":"T206"},"0C08":{"t":"FDCT"},"0C0C":{"desc":"L2J"},"0C11":{"desc":"L1P"},"0C12":{"t":"C525"},"0C13":{"t":"M20P"},"0C14":{"t":"T206"},"0C18":{"desc":"L1P"},"0C1B":{"t":"P28R"},"0C20":{"desc":"A1P"},"0C24":{"desc":"H6E"},"0C29":{"t":"MD87"},"0C2F":{"desc":"L1P"},"0C46":{"t":"B763"},"0C4B":{"desc":"L1P"},"0C52":{"t":"T206"},"0C6B":{"desc":"H1P"},"0C73":{"desc":"L1P"},"0C81":{"t":"P32R"},"0C8D":{"t":"LJ45"},"0C8E":{"t":"E190"},"0C8F":{"desc":"L1P"},"0C98":{"t":"A388"},"0C9A":{"t":"PA18"},"0C9C":{"desc":"L1P"},"0CA8":{"desc":"L1P","t":"ULAC"},"0CBE":{"t":"LJ60"},"0CBF":{"t":"DA62"},"0CC1":{"desc":"L1P","t":"P46T"},"0CDC":{"t":"C172"},"0CDE":{"t":"P28R"},"0CDF":{"desc":"L1P"},"0CE5":{"t":"SR22"},"0CEC":{"desc":"L1P"},"0D04":{"t":"A320"},"0D05":{"t":"C172"},"0D09":{"t":"ST75"},"0D0B":{"t":"T206"},"0D0D":{"t":"AS50"},"0D0E":{"t":"C172"},"0D10":{"t":"SF50"},"0D15":{"t":"C25B"},"0D18":{"t":"CRJ9"},"0D22":{"desc":"H1P"},"0D3B":{"desc":"H1T"},"0D3F":{"desc":"L1P"},"0D41":{"desc":"L1P"},"0D42":{"t":"F2TH"},"0D4F":{"desc":"L1P"},"0D54":{"t":"AS50"},"0D55":{"t":"BE30"},"0D56":{"t":"CL30"},"0D57":{"desc":"L1P"},"0D58":{"desc":"L1P"},"0D5F":{"desc":"L1P","t":"ULAC"},"0D64":{"t":"SR22"},"0D66":{"t":"P46T"},"0D6A":{"desc":"L1P"},"0D6B":{"t":"E75L"},"0D6D":{"t":"PA18"},"0D6E":{"desc":"L2P"},"0D82":{"desc":"L1P"},"0D83":{"desc":"L1P"},"0D94":{"t":"MD11"},"0DAF":{"t":"C56X"},"0DC5":{"t":"B737"},"0DD1":{"t":"M5"},"0DEA":{"t":"DG15"},"0E1D":{"t":"C180"},"0E20":{"t":"P28A"},"0E21":{"t":"CH7A"},"0E22":{"t":"BE35"},"0E24":{"t":"ERCO"},"0E25":{"t":"C150"},"0E27":{"t":"P28T"},"0E29":{"t":"C140"},"0E2A":{"t":"PA22"},"0E2C":{"t":"P28B"},"0E2D":{"t":"C150"},"0E2F":{"t":"C172"},"0E31":{"desc":"L1P"},"0E33":{"t":"PA32"},"0E34":{"t":"PA22"},"0E39":{"t":"P28B"},"0E3B":{"t":"TAYB"},"0E3D":{"t":"TAYB"},"0E3F":{"t":"PA18"},"0E40":{"t":"C180"},"0E41":{"t":"P28A"},"0E43":{"t":"C170"},"0E45":{"t":"C182"},"0E48":{"t":"C188"},"0E4D":{"t":"PA22"},"0E50":{"t":"C150"},"0E51":{"t":"M200"},"0E54":{"t":"P28A"},"0E55":{"t":"C177"},"0E56":{"t":"C182"},"0E58":{"t":"P28B"},"0E5E":{"t":"BALL"},"0E5F":{"t":"C177"},"0E60":{"desc":"L1P"},"0E61":{"t":"C177"},"0E63":{"t":"C180"},"0E64":{"t":"BE35"},"0E66":{"t":"C170"},"0E67":{"t":"C172"},"0E68":{"t":"C182"},"0E6A":{"t":"ERCO"},"0E6C":{"t":"L8"},"0E6D":{"t":"M20P"},"0E74":{"t":"M200"},"0E75":{"t":"P28A"},"0E77":{"t":"P28T"},"0E78":{"t":"C177"},"0E79":{"t":"P28T"},"0E7A":{"t":"BL8"},"0E7E":{"t":"P32T"},"0E7F":{"t":"TAYB"},"0E80":{"t":"C177"},"0E88":{"t":"C180"},"0E8B":{"t":"C182"},"0E8D":{"t":"ERCO"},"0E91":{"t":"PA12"},"0E96":{"t":"C150"},"0E9A":{"t":"B06"},"0E9B":{"t":"C177"},"0E9C":{"t":"C182"},"0E9F":{"t":"T210"},"0EAB":{"t":"P28B"},"0EAC":{"t":"P28B"},"0EAE":{"t":"C182"},"0EB4":{"t":"PA12"},"0EB9":{"t":"C150"},"0EBA":{"t":"M200"},"0EBC":{"t":"C150"},"0EBF":{"t":"C182"},"0EC1":{"t":"TAYB"},"0EC3":{"t":"TAYB"},"0EC4":{"t":"C177"},"0EC6":{"t":"C177"},"0EC9":{"t":"P28U"},"0ECB":{"t":"ST75"},"0ECC":{"t":"PA32"},"0ECE":{"t":"C180"},"0ED1":{"t":"C182"},"0ED8":{"t":"C120"},"0EDB":{"t":"PA34"},"0EDC":{"t":"T6"},"0EDD":{"desc":"L1P"},"0EDE":{"t":"C172"},"0EE0":{"t":"P28A"},"0EE1":{"t":"C177"},"0EE5":{"t":"C177"},"0EE8":{"t":"TAYB"},"0EEB":{"t":"TAYB"},"0EEF":{"t":"C180"},"0EF1":{"t":"J5"},"0EF2":{"t":"C170"},"0EF3":{"t":"ERCO"},"0EF4":{"t":"C182"},"0EF6":{"t":"GLID"},"0EF8":{"t":"C180"},"0EF9":{"t":"M20P"},"0EFA":{"t":"PA12"},"0EFB":{"t":"C120"},"0EFE":{"t":"P28R"},"0F00":{"t":"M200"},"0F02":{"t":"C150"},"0F05":{"t":"P32R"},"0F06":{"t":"PA22"},"0F0A":{"t":"TAYB"},"0F0B":{"t":"C172"},"0F0E":{"t":"C177"},"0F12":{"desc":"L1P","t":"ULAC"},"0F15":{"t":"PA44"},"0F16":{"t":"C172"},"0F18":{"t":"CH7A"},"0F1B":{"t":"L8"},"0F1C":{"t":"M20P"},"0F20":{"t":"PA32"},"0F22":{"t":"C150"},"0F27":{"desc":"L1P"},"0F29":{"t":"PA22"},"0F2A":{"t":"TAYB"},"0F2B":{"t":"TAYB"},"0F2D":{"t":"C177"},"0F2E":{"t":"T210"},"0F2F":{"t":"BALL"},"0F31":{"t":"P28B"},"0F32":{"t":"T6"},"0F35":{"t":"C180"},"0F37":{"desc":"L1P"},"0F3B":{"desc":"L1P"},"0F3F":{"t":"P32T"},"0F41":{"t":"C120"},"0F42":{"t":"PA22"},"0F45":{"t":"C150"},"0F46":{"t":"PA34"},"0F4A":{"t":"C177"},"0F4B":{"t":"BALL"},"0F4C":{"t":"PA22"},"0F4F":{"t":"TAYB"},"0F50":{"t":"TAYB"},"0F51":{"t":"TAYB"},"0F55":{"t":"TAYB"},"0F56":{"t":"TAYB"},"0F58":{"desc":"L1P","t":"ULAC"},"0F59":{"t":"BE35"},"0F5A":{"t":"T34P"},"0F5B":{"t":"PA34"},"0F5F":{"t":"ERCO"},"0F61":{"t":"L8"},"0F62":{"t":"M20P"},"0F63":{"t":"PA12"},"0F64":{"t":"C140"},"0F65":{"desc":"L1P","t":"LA4"},"0F66":{"t":"PA32"},"0F68":{"t":"P28A"},"0F69":{"t":"M200"},"0F6F":{"t":"P28U"},"0F70":{"t":"TAYB"},"0F72":{"t":"TAYB"},"0F74":{"t":"TAYB"},"0F76":{"t":"TAYB"},"0F79":{"t":"GLID"},"0F7A":{"desc":"L1P"},"0F7B":{"t":"ULAC"},"0F7E":{"t":"BL8"},"0F85":{"t":"B739"},"0F87":{"desc":"L1P","t":"ULAC"},"0F89":{"t":"F900"},"0F93":{"desc":"H4E"},"0F94":{"t":"C172"},"0F95":{"t":"G280"},"0F97":{"t":"T206"},"0F9F":{"t":"S22T"},"0FAD":{"t":"PA46"},"0FAE":{"t":"B06"},"0FB0":{"desc":"H1T"},"0FB1":{"t":"SR20"},"0FB6":{"desc":"H1T"},"0FB9":{"t":"T206"},"0FBB":{"t":"C172"},"0FBF":{"t":"FDCT"},"0FC3":{"desc":"L1P"},"0FC7":{"t":"DV20"},"0FC9":{"t":"C337"},"0FCE":{"desc":"L1P"},"0FD2":{"t":"BE55"},"0FD6":{"t":"T210"},"0FD7":{"desc":"L1P"},"0FDB":{"desc":"L1P"},"0FDF":{"t":"H500"},"0FE0":{"t":"MD87"},"0FE8":{"desc":"L1P"},"0FF9":{"t":"AT5T"},"0FFD":{"t":"B763"},"0FFE":{"t":"FA10"},"D001":{"t":"B25"},"D002":{"t":"LJ45"},"D003":{"desc":"L1P"},"D004":{"t":"C340"},"D007":{"t":"P51"},"D00F":{"desc":"L1P"},"D014":{"t":"P212"},"D015":{"t":"BE35"},"D016":{"desc":"A1P"},"D017":{"t":"PA34"},"D018":{"t":"SR20"},"D019":{"t":"BE36"},"D01A":{"t":"B58T"},"D01B":{"t":"C72R"},"D01C":{"t":"C25A"},"D01D":{"t":"B350"},"D01F":{"t":"C82S"},"D021":{"desc":"L2P"},"D022":{"t":"P28U"},"D023":{"t":"BE36"},"D024":{"t":"C172"},"D02C":{"t":"BE36"},"D02D":{"t":"SR22"},"D02F":{"desc":"L1P"},"D030":{"desc":"A1P","t":"ULAC"},"D033":{"t":"B350"},"D035":{"t":"R66"},"D039":{"t":"A321"},"D03A":{"t":"T206"},"D03D":{"t":"S22T"},"D03E":{"t":"M20P"},"D041":{"t":"PTS2"},"D042":{"t":"G280"},"D048":{"desc":"H4E"},"D04B":{"t":"SR20"},"D051":{"t":"R44"},"D055":{"desc":"L1P"},"D057":{"t":"SR22"},"D05B":{"t":"BALL"},"D05E":{"desc":"L1P"},"D05F":{"t":"PA44"},"D060":{"t":"C172"},"D061":{"t":"RV12"},"D062":{"t":"CH7B"},"D066":{"t":"C172"},"D06A":{"t":"LJ45"},"D074":{"t":"E545"},"D079":{"desc":"L1P"},"D07A":{"t":"ASTR"},"D07E":{"desc":"A2P"},"D07F":{"desc":"L1P"},"D082":{"t":"GLF2"},"D088":{"desc":"L2P"},"D089":{"t":"TOBA"},"D08C":{"t":"M7"},"D092":{"desc":"L1P"},"D093":{"t":"BE40"},"D097":{"t":"CL30"},"D098":{"desc":"L1P"},"D09B":{"desc":"H1P"},"D09E":{"t":"PA24"},"D0AA":{"desc":"L1P"},"D0AB":{"t":"E300"},"D0AC":{"desc":"L1P"},"D0AE":{"desc":"L1P"},"D0B0":{"t":"PA23"},"D0B1":{"t":"BE33"},"D0B3":{"t":"RV12"},"D0B7":{"t":"ULAC"},"D0B9":{"t":"SR22"},"D0BA":{"desc":"L1P"},"D0BB":{"t":"ULAC"},"D0C1":{"desc":"L1P"},"D0C2":{"desc":"G1P"},"D0C4":{"t":"BALL"},"D0CE":{"t":"F900"},"D0D3":{"desc":"L1P"},"D0D6":{"desc":"L1P"},"D0D7":{"t":"BE33"},"D0DB":{"desc":"H1P"},"D0DC":{"desc":"L1P"},"D0DD":{"t":"RV12"},"D0DE":{"t":"GLF5"},"D0E1":{"desc":"L1P"},"D0E3":{"t":"R22"},"D0E6":{"t":"GLF6"},"D0ED":{"t":"C25B"},"D0F4":{"desc":"L1P"},"D0F5":{"t":"LJ45"},"D0F6":{"t":"C310"},"D0F9":{"t":"C172"},"D0FC":{"t":"H269"},"D0FE":{"t":"P28A"},"D100":{"t":"PA46"},"D101":{"desc":"L1P","t":"ULAC"},"D102":{"desc":"L1P"},"D10D":{"desc":"L1P","t":"ULAC"},"D10F":{"t":"A319"},"D119":{"t":"BALL"},"D122":{"t":"A320"},"D123":{"t":"PC12"},"D126":{"t":"PC12"},"D127":{"t":"M20T"},"D129":{"desc":"L1P"},"D12A":{"desc":"H4E"},"D12C":{"t":"C56X"},"D12D":{"t":"BE58"},"D12E":{"t":"R66"},"D130":{"t":"S22T"},"D132":{"t":"BE35"},"D134":{"t":"M7"},"D136":{"desc":"L1P"},"D138":{"desc":"A1P"},"D13B":{"desc":"L1P"},"D140":{"t":"C172"},"D150":{"t":"E55P"},"D158":{"desc":"L1P"},"D159":{"t":"BL8"},"D15A":{"desc":"L1P"},"D15B":{"desc":"L1P","t":"ULAC"},"D15C":{"desc":"L1P"},"D15E":{"t":"PC12"},"D162":{"t":"C82S"},"D163":{"t":"LJ45"},"D164":{"desc":"H1P"},"D166":{"t":"PA46"},"D168":{"t":"B06"},"D16A":{"desc":"L1P"},"D16C":{"desc":"L1P"},"D16D":{"desc":"L1P"},"D170":{"desc":"H6E"},"D171":{"desc":"L1P"},"D176":{"t":"P32R"},"D177":{"desc":"L1P"},"D178":{"t":"LJ45"},"D17B":{"t":"F900"},"D17C":{"desc":"L1P"},"D17D":{"desc":"L1P"},"D17F":{"t":"AEST"},"D181":{"t":"SR22"},"D186":{"t":"C182"},"D18A":{"t":"RV12"},"D18C":{"t":"TRIN"},"D18D":{"t":"C177"},"D18F":{"desc":"L1P"},"D190":{"t":"M20P"},"D192":{"t":"B25"},"D193":{"t":"C182"},"D194":{"desc":"L1P"},"D195":{"desc":"L1P"},"D196":{"t":"M20P"},"D198":{"t":"C425"},"D19A":{"t":"WW24"},"D19B":{"t":"SR22"},"D1A3":{"t":"BE36"},"D1A4":{"desc":"H6E"},"D1AB":{"t":"R22"},"D1B1":{"t":"B763"},"D1B4":{"t":"M20P"},"D1B8":{"desc":"L1P"},"D1C5":{"desc":"L2T","t":"DC3"},"D1CC":{"desc":"L1P","t":"ULAC"},"D1CE":{"desc":"H1T","t":"S92"},"D1D8":{"desc":"L1T","t":"C182"},"D1D9":{"desc":"L1P"},"D1DB":{"t":"BE23"},"D1DC":{"t":"M20P"},"D1DD":{"t":"R44"},"D1E0":{"t":"S22T"},"D1E2":{"t":"UH1"},"D1E7":{"t":"P46T"},"D1EA":{"desc":"L1P"},"D1ED":{"t":"SR22"},"D1EE":{"t":"S22T"},"D1EF":{"desc":"L1P"},"D1F0":{"t":"CL60"},"D207":{"t":"P28A"},"D21C":{"t":"BE60"},"D220":{"t":"BE35"},"D23A":{"t":"PA22"},"D23C":{"t":"C170"},"D23E":{"t":"AR11"},"D23F":{"t":"C182"},"D240":{"t":"GLID"},"D243":{"t":"J3"},"D246":{"t":"J3"},"D24A":{"t":"BE55"},"D24D":{"t":"C195"},"D24E":{"t":"PA32"},"D24F":{"t":"M20P"},"D252":{"t":"C177"},"D254":{"t":"C77R"},"D255":{"t":"AR11"},"D256":{"t":"AR11"},"D258":{"t":"C177"},"D25C":{"desc":"A1P"},"D25F":{"t":"C170"},"D260":{"t":"P51"},"D262":{"t":"C182"},"D266":{"t":"P28A"},"D268":{"t":"PA12"},"D269":{"t":"J3"},"D26B":{"t":"P28A"},"D26C":{"t":"C182"},"D26D":{"t":"C182"},"D26E":{"t":"C177"},"D26F":{"t":"C182"},"D270":{"t":"C195"},"D275":{"t":"C177"},"D276":{"t":"C177"},"D278":{"t":"C177"},"D279":{"t":"AR11"},"D27E":{"t":"C177"},"D280":{"t":"PA22"},"D282":{"t":"C170"},"D283":{"t":"C180"},"D284":{"t":"AR11"},"D287":{"t":"ERCO"},"D289":{"t":"P28A"},"D28E":{"t":"C320"},"D28F":{"t":"C182"},"D290":{"t":"C182"},"D292":{"t":"C182"},"D296":{"t":"C185"},"D297":{"t":"PA22"},"D299":{"t":"C177"},"D29A":{"t":"AR11"},"D29C":{"t":"C177"},"D29E":{"t":"AR11"},"D2A0":{"t":"C177"},"D2A1":{"t":"AR11"},"D2A4":{"t":"GLID"},"D2A5":{"t":"C170"},"D2A9":{"t":"B25"},"D2AB":{"t":"C150"},"D2AE":{"t":"PA12"},"D2B1":{"t":"P28A"},"D2B4":{"t":"C177"},"D2B6":{"t":"C150"},"D2B7":{"t":"PA32"},"D2BC":{"t":"AR11"},"D2C3":{"desc":"L2P"},"D2C6":{"t":"PA22"},"D2C8":{"t":"C170"},"D2C9":{"t":"C170"},"D2CD":{"t":"ERCO"},"D2CE":{"t":"C150"},"D2D2":{"t":"J3"},"D2D7":{"t":"C177"},"D2D9":{"t":"C150"},"D2DA":{"t":"PA32"},"D2DB":{"t":"M20P"},"D2DF":{"t":"AR11"},"D2E1":{"t":"C177"},"D2E2":{"t":"AR11"},"D2E3":{"t":"AR11"},"D2E7":{"t":"B58T"},"D2E8":{"desc":"L1P"},"D2E9":{"t":"PA22"},"D2EB":{"t":"C170"},"D2ED":{"t":"C172"},"D2EE":{"t":"C182"},"D2F3":{"t":"BE20"},"D2F4":{"t":"PA12"},"D2F5":{"t":"M20P"},"D2F8":{"t":"P28A"},"D2F9":{"t":"C182"},"D2FA":{"t":"C177"},"D2FD":{"t":"PA32"},"D2FF":{"t":"C180"},"D301":{"t":"AR11"},"D303":{"t":"C177"},"D305":{"t":"C177"},"D306":{"t":"C177"},"D307":{"t":"C177"},"D308":{"t":"C177"},"D30A":{"t":"C177"},"D30C":{"t":"BE60"},"D30D":{"desc":"L1P"},"D30F":{"t":"C170"},"D310":{"t":"CH7A"},"D312":{"t":"BE35"},"D313":{"desc":"H8E"},"D316":{"desc":"L1P"},"D317":{"t":"M4"},"D319":{"t":"PA23"},"D31A":{"t":"C340"},"D31E":{"t":"C182"},"D322":{"t":"C180"},"D325":{"t":"AR11"},"D329":{"t":"C77R"},"D32A":{"t":"C177"},"D32C":{"t":"C177"},"D32D":{"t":"C77R"},"D330":{"t":"C310"},"D332":{"t":"C170"},"D333":{"t":"C172"},"D334":{"t":"C182"},"D338":{"t":"J3"},"D33B":{"t":"J3"},"D33C":{"t":"PA23"},"D33F":{"t":"C182"},"D341":{"t":"C182"},"D342":{"t":"C195"},"D343":{"t":"PA32"},"D346":{"t":"PA22"},"D347":{"t":"AR11"},"D349":{"t":"AR11"},"D34A":{"t":"AR11"},"D34E":{"t":"C177"},"D350":{"t":"C177"},"D351":{"t":"R22"},"D352":{"t":"PA22"},"D354":{"t":"C170"},"D355":{"t":"C170"},"D357":{"t":"C182"},"D358":{"t":"C310"},"D35A":{"t":"C150"},"D35C":{"desc":"L1P"},"D360":{"t":"C320"},"D363":{"t":"C177"},"D365":{"t":"C195"},"D366":{"t":"PA32"},"D367":{"t":"M20P"},"D368":{"t":"C180"},"D36A":{"t":"C177"},"D36E":{"t":"AR11"},"D36F":{"t":"AR11"},"D371":{"t":"AR11"},"D375":{"t":"PA22"},"D37E":{"t":"P28A"},"D381":{"t":"M20P"},"D383":{"t":"P28A"},"D384":{"t":"C182"},"D387":{"t":"C182"},"D388":{"t":"C195"},"D389":{"t":"PA32"},"D38B":{"t":"C180"},"D38D":{"t":"AR11"},"D38F":{"t":"C177"},"D391":{"t":"C177"},"D394":{"t":"C177"},"D397":{"t":"M7"},"D39A":{"desc":"L2T"},"D39B":{"t":"CH7B"},"D39E":{"t":"B190"},"D39F":{"t":"SF34"},"D3A2":{"desc":"L1P"},"D3A4":{"t":"LJ60"},"D3A5":{"t":"B763"},"D3A9":{"t":"E55P"},"D3AE":{"desc":"L1J"},"D3B1":{"desc":"L1P"},"D3B2":{"t":"BE20"},"D3B7":{"t":"B06"},"D3B8":{"t":"BE35"},"D3BA":{"t":"C150"},"D3C1":{"desc":"L1P","t":"ULAC"},"D3C2":{"t":"C172"},"D3CA":{"t":"S108"},"D3CC":{"t":"C210"},"D3CD":{"t":"C56X"},"D3CE":{"t":"SR22"},"D3D2":{"t":"C402"},"D3D3":{"t":"SF34"},"D3D4":{"t":"T206"},"D3D6":{"t":"LJ45"},"D3D8":{"t":"C172"},"D3DB":{"t":"BE23"},"D3E3":{"t":"P28A"},"D3E5":{"desc":"L1P"},"D3EF":{"desc":"L2J"},"D3F0":{"t":"A321"},"D3F4":{"t":"DA40"},"D3F8":{"t":"C340"},"D3FC":{"t":"BT36"},"D412":{"t":"FA50"},"D415":{"desc":"L1T"},"D418":{"desc":"H1P"},"D420":{"desc":"L1P","t":"ULAC"},"D425":{"desc":"L2J","t":"A20N"},"D426":{"t":"C340"},"D427":{"desc":"L1P","t":"ULAC"},"D42B":{"t":"E55P"},"D43F":{"t":"DA42"},"D448":{"desc":"L4T"},"D44E":{"t":"BE40"},"D462":{"t":"E190"},"D468":{"t":"T206"},"D46C":{"desc":"L1P"},"D474":{"t":"P46T"},"D475":{"t":"P28B"},"D478":{"desc":"L1P"},"D479":{"t":"C172"},"D493":{"t":"AT5T"},"D497":{"desc":"L1P"},"D49B":{"t":"BALL"},"D4AB":{"t":"MITE"},"D4AE":{"t":"C340"},"D4B5":{"t":"P28A"},"D4BB":{"desc":"H1T","t":"A139"},"D4C6":{"t":"A319"},"D4E0":{"t":"F2TH"},"D4E2":{"desc":"S1P"},"D4ED":{"t":"B738"},"D4EF":{"desc":"L1P"},"D508":{"desc":"L4J"},"D510":{"desc":"L1P"},"D511":{"desc":"L1P"},"D51B":{"t":"PA24"},"D51C":{"t":"T206"},"D520":{"desc":"L1P"},"D523":{"desc":"L1P"},"D527":{"desc":"H6E"},"D528":{"t":"BE35"},"D52B":{"desc":"L1E"},"D52C":{"desc":"L1P"},"D532":{"desc":"H4E"},"D536":{"t":"C172"},"D539":{"desc":"L1P"},"D53A":{"desc":"L1P","t":"ULAC"},"D541":{"t":"P46T"},"D54D":{"t":"PA46"},"D553":{"desc":"L1P"},"D556":{"desc":"G1P"},"D557":{"t":"PA46"},"D55E":{"desc":"L2P"},"D568":{"t":"B763"},"D57B":{"t":"R22"},"D583":{"desc":"L1P","t":"ULAC"},"D585":{"t":"S92"},"D58C":{"desc":"L1P"},"D599":{"t":"UH1"},"D5A5":{"t":"M5"},"D5A6":{"desc":"L1P"},"D5B0":{"t":"C56X"},"D5BE":{"t":"L8"},"D5D7":{"t":"BE33"},"D5F6":{"t":"C182"},"D5FA":{"t":"J3"},"D5FB":{"t":"C206"},"D600":{"t":"P28A"},"D602":{"t":"C177"},"D604":{"t":"C150"},"D605":{"t":"PA32"},"D606":{"t":"M20P"},"D607":{"t":"C180"},"D60B":{"t":"C177"},"D60D":{"t":"C177"},"D60F":{"t":"C177"},"D613":{"desc":"L1P"},"D614":{"t":"PA22"},"D615":{"t":"BE35"},"D618":{"t":"AR11"},"D61B":{"t":"ERCO"},"D61C":{"t":"C150"},"D61D":{"t":"J3"},"D61F":{"t":"PA12"},"D620":{"t":"M20P"},"D623":{"t":"P28A"},"D624":{"t":"C182"},"D628":{"t":"C172"},"D629":{"t":"M20P"},"D62C":{"t":"S10"},"D62E":{"t":"C177"},"D630":{"t":"C177"},"D632":{"t":"C177"},"D634":{"t":"S10"},"D635":{"t":"S10"},"D638":{"t":"BE35"},"D639":{"t":"C170"},"D63A":{"t":"C170"},"D63B":{"t":"C172"},"D63C":{"t":"C182"},"D641":{"t":"C206"},"D646":{"t":"P28A"},"D648":{"t":"C177"},"D64A":{"t":"C195"},"D64C":{"t":"M20P"},"D64E":{"t":"PA22"},"D64F":{"t":"C177"},"D650":{"t":"S10"},"D652":{"t":"C177"},"D655":{"t":"C177"},"D658":{"t":"C177"},"D65B":{"t":"BE35"},"D65D":{"t":"C170"},"D65F":{"t":"C182"},"D660":{"t":"C310"},"D663":{"t":"J3"},"D664":{"t":"T206"},"D666":{"t":"M20P"},"D66C":{"t":"C182"},"D670":{"t":"C185"},"D671":{"t":"PA22"},"D673":{"t":"C177"},"D676":{"t":"C177"},"D677":{"t":"S10"},"D678":{"t":"C177"},"D67C":{"desc":"L1P","t":"ULAC"},"D67D":{"t":"PA22"},"D67E":{"t":"BE35"},"D67F":{"t":"C170"},"D680":{"t":"CH7B"},"D682":{"t":"C182"},"D686":{"t":"P28A"},"D687":{"t":"C206"},"D68B":{"t":"P28S"},"D68C":{"t":"GLID"},"D68E":{"desc":"L1P"},"D68F":{"t":"C182"},"D692":{"t":"M20P"},"D698":{"t":"S10"},"D699":{"t":"C177"},"D6A1":{"t":"BE35"},"D6A4":{"t":"CH7A"},"D6A6":{"t":"C310"},"D6A9":{"t":"P28A"},"D6AF":{"t":"P28A"},"D6B0":{"t":"C182"},"D6B1":{"t":"C177"},"D6B3":{"t":"C195"},"D6B5":{"t":"M20P"},"D6B7":{"t":"PA22"},"D6BA":{"t":"S10"},"D6BD":{"t":"C177"},"D6C2":{"desc":"L1P"},"D6C3":{"t":"PA22"},"D6C6":{"t":"C170"},"D6C8":{"t":"C182"},"D6C9":{"desc":"L1P"},"D6CB":{"t":"C150"},"D6CC":{"t":"P28A"},"D6CE":{"t":"PA12"},"D6D0":{"desc":"L1P"},"D6D3":{"t":"C182"},"D6D8":{"t":"M20P"},"D6DC":{"t":"C177"},"D6E1":{"t":"C177"},"D6E6":{"t":"PA22"},"D6E8":{"t":"C170"},"D6E9":{"t":"C170"},"D6EB":{"t":"C182"},"D6EE":{"t":"C150"},"D6F2":{"t":"L39"},"D6F4":{"t":"P28S"},"D6FA":{"t":"PA32"},"D6FB":{"t":"M20P"},"D6FC":{"t":"C180"},"D6FD":{"t":"PA22"},"D6FE":{"t":"S10"},"D6FF":{"t":"C177"},"D702":{"t":"C77R"},"D703":{"t":"C177"},"D704":{"t":"S10"},"D707":{"t":"C177"},"D709":{"t":"PA22"},"D70B":{"desc":"L1P"},"D70C":{"t":"BE40"},"D70E":{"t":"C182"},"D711":{"t":"C150"},"D715":{"t":"M20P"},"D716":{"t":"PA23"},"D718":{"t":"P28A"},"D71A":{"t":"C177"},"D71C":{"t":"L39"},"D71F":{"t":"C180"},"D722":{"t":"GLEX"},"D725":{"t":"C177"},"D726":{"t":"C177"},"D727":{"t":"S10"},"D729":{"t":"S10"},"D72B":{"t":"C82S"},"D72D":{"desc":"L1P"},"D72E":{"t":"C170"},"D730":{"t":"AR11"},"D731":{"desc":"A1P"},"D735":{"t":"J3"},"D737":{"t":"PA12"},"D73C":{"t":"C182"},"D73D":{"t":"C177"},"D73E":{"t":"C182"},"D741":{"t":"M20P"},"D742":{"t":"C185"},"D743":{"t":"PA22"},"D747":{"t":"S10"},"D748":{"t":"C177"},"D749":{"t":"C177"},"D74A":{"t":"S10"},"D74B":{"t":"S10"},"D74E":{"t":"GC1"},"D74F":{"t":"S22T"},"D751":{"t":"C402"},"D752":{"t":"CH7A"},"D755":{"t":"B190"},"D75A":{"t":"PA18"},"D75B":{"t":"UH1"},"D75C":{"t":"B763"},"D763":{"desc":"L1P"},"D765":{"desc":"L1J"},"D767":{"t":"B763"},"D769":{"desc":"A1P"},"D76B":{"t":"C525"},"D76C":{"t":"FA7X"},"D76F":{"t":"P28A"},"D770":{"t":"B47G"},"D779":{"t":"FA50"},"D782":{"t":"COL4"},"D783":{"t":"P32R"},"D784":{"desc":"L1P","t":"ULAC"},"D785":{"t":"SR22"},"D789":{"t":"C172"},"D78D":{"t":"B763"},"D78F":{"t":"SR22"},"D791":{"t":"C140"},"D792":{"desc":"H1T"},"D79A":{"t":"P28A"},"D79D":{"t":"S22T"},"D79E":{"desc":"G1P"},"D7A6":{"desc":"L1P"},"D7A7":{"t":"A321"},"D7AA":{"t":"DA62"},"D7AF":{"t":"PA46"},"D7B3":{"desc":"L1P"},"D7B9":{"desc":"L2T"},"D7BF":{"desc":"L1J"},"D7C3":{"t":"AT8T"},"D7DC":{"desc":"L2J","t":"A20N"},"D7E2":{"t":"E55P"},"D7E4":{"t":"CL30"},"D7E6":{"t":"WW24"},"D7E9":{"desc":"L1P"},"D7FA":{"t":"P28A"},"D80A":{"t":"E50P"},"D818":{"t":"C340"},"D819":{"desc":"L1P"},"D81F":{"t":"SR20"},"D821":{"desc":"L1P"},"D825":{"desc":"L1P"},"D828":{"desc":"L1P"},"D830":{"t":"CL30"},"D831":{"t":"C208"},"D833":{"t":"PC12"},"D836":{"t":"ST75"},"D854":{"desc":"H1P"},"D85A":{"t":"C82S"},"D862":{"t":"BT36"},"D863":{"t":"BL8"},"D864":{"desc":"L1P","t":"ULAC"},"D867":{"t":"C172"},"D86A":{"t":"C501"},"D86C":{"t":"P28A"},"D874":{"t":"EC35"},"D877":{"t":"SR22"},"D87C":{"t":"G280"},"D87D":{"t":"A319"},"D890":{"t":"A320"},"D89B":{"t":"E50P"},"D8A2":{"t":"E55P"},"D8BE":{"t":"E55P"},"D8C7":{"desc":"L1P"},"D8D1":{"t":"C750"},"D8D4":{"t":"P28A"},"D8DA":{"desc":"L1P"},"D8DE":{"desc":"H6E"},"D8E0":{"t":"C82S"},"D8E2":{"desc":"L1E"},"D8E4":{"desc":"G1P","t":"GYRO"},"D8E7":{"desc":"L1P"},"D8EB":{"desc":"L1P"},"D8EF":{"t":"SR22"},"D8F1":{"desc":"L1P"},"D8F8":{"t":"BE35"},"D8F9":{"t":"P208"},"D8FB":{"t":"H25B"},"D90A":{"desc":"L2J","t":"B38M"},"D912":{"desc":"L2P"},"D91F":{"t":"B763"},"D93A":{"desc":"L1P","t":"ULAC"},"D93C":{"t":"S92"},"D94A":{"t":"C172"},"D94F":{"t":"B47G"},"D954":{"t":"C750"},"D98E":{"t":"BE33"},"D9AA":{"t":"C170"},"D9B0":{"t":"C150"},"D9B1":{"t":"J3"},"D9B3":{"t":"PA12"},"D9B4":{"t":"M20P"},"D9B7":{"t":"P28A"},"D9B8":{"desc":"L1P"},"D9B9":{"t":"C177"},"D9BA":{"t":"C182"},"D9C0":{"t":"C77R"},"D9C1":{"t":"C177"},"D9C2":{"desc":"L1P"},"D9C3":{"desc":"L1P"},"D9C4":{"desc":"L1P"},"D9C5":{"desc":"L1P"},"D9C7":{"t":"C177"},"D9C8":{"t":"C177"},"D9C9":{"t":"C177"},"D9CA":{"desc":"L1P"},"D9CF":{"t":"AR11"},"D9D0":{"t":"C182"},"D9D1":{"t":"C310"},"D9D2":{"t":"ERCO"},"D9D3":{"t":"C150"},"D9D6":{"t":"P28A"},"D9D7":{"t":"J3"},"D9D8":{"desc":"L1J"},"D9DA":{"t":"P28A"},"D9DB":{"t":"C182"},"D9DF":{"t":"PA32"},"D9E2":{"t":"PA18"},"D9E3":{"t":"C177"},"D9E6":{"t":"C177"},"D9E7":{"t":"C177"},"D9EA":{"t":"C177"},"D9EC":{"desc":"L1P"},"D9EF":{"t":"BE35"},"D9F0":{"t":"C170"},"D9F1":{"t":"C170"},"D9F3":{"t":"C182"},"D9F4":{"t":"C310"},"D9FA":{"t":"J3"},"D9FD":{"t":"P28A"},"DA03":{"t":"M20P"},"DA05":{"t":"PA18"},"DA06":{"t":"C177"},"DA09":{"t":"C177"},"DA0A":{"desc":"L1P"},"DA0C":{"desc":"L1P"},"DA0D":{"t":"C177"},"DA0E":{"t":"C177"},"DA0F":{"t":"C177"},"DA10":{"desc":"L1P"},"DA13":{"t":"C180"},"DA15":{"t":"PA18"},"DA16":{"t":"C182"},"DA17":{"t":"C310"},"DA1C":{"t":"PA12"},"DA20":{"t":"C182"},"DA21":{"desc":"L1P"},"DA25":{"t":"C185"},"DA26":{"t":"M20P"},"DA28":{"t":"PA18"},"DA29":{"desc":"L1P"},"DA2A":{"t":"C177"},"DA2B":{"t":"C177"},"DA2E":{"t":"C177"},"DA2F":{"desc":"L1P"},"DA30":{"t":"C177"},"DA32":{"t":"C177"},"DA33":{"desc":"L1P"},"DA34":{"t":"PA22"},"DA35":{"t":"BE35"},"DA36":{"t":"C170"},"DA38":{"t":"CH7A"},"DA3F":{"t":"P28A"},"DA40":{"t":"J3"},"DA42":{"t":"C320"},"DA47":{"t":"C190"},"DA4A":{"t":"C180"},"DA4C":{"desc":"L1P"},"DA4E":{"desc":"L1P"},"DA4F":{"t":"C177"},"DA52":{"desc":"L1P"},"DA55":{"t":"C177"},"DA5B":{"t":"C172"},"DA5C":{"t":"C182"},"DA5E":{"t":"ERCO"},"DA60":{"t":"J3"},"DA64":{"t":"PA23"},"DA66":{"t":"C182"},"DA67":{"t":"C182"},"DA68":{"t":"C177"},"DA6A":{"t":"C150"},"DA6C":{"t":"M20P"},"DA6D":{"t":"C180"},"DA6E":{"t":"PA18"},"DA70":{"t":"C177"},"DA72":{"t":"C177"},"DA75":{"t":"C177"},"DA76":{"t":"C177"},"DA77":{"t":"C177"},"DA78":{"t":"C177"},"DA7A":{"t":"BE33"},"DA7C":{"t":"C170"},"DA7F":{"t":"C182"},"DA80":{"t":"B25"},"DA81":{"desc":"L1P"},"DA82":{"t":"C150"},"DA89":{"t":"C182"},"DA8C":{"t":"C182"},"DA8E":{"t":"PA32"},"DA8F":{"t":"M20P"},"DA92":{"t":"C177"},"DA93":{"t":"C177"},"DA94":{"t":"C177"},"DA96":{"t":"C177"},"DA98":{"t":"C177"},"DA99":{"t":"C177"},"DA9D":{"t":"BE36"},"DA9F":{"t":"C170"},"DAA1":{"t":"C172"},"DAA2":{"t":"C182"},"DAA4":{"t":"ERCO"},"DAA6":{"t":"P28A"},"DAA8":{"t":"P28A"},"DAA9":{"t":"J3"},"DAAD":{"t":"C182"},"DAB1":{"t":"PA32"},"DAB2":{"t":"M20P"},"DAB5":{"t":"C177"},"DAB7":{"t":"C177"},"DAB9":{"t":"C177"},"DABB":{"desc":"L1P"},"DABC":{"t":"C177"},"DABD":{"desc":"L1P"},"DAC0":{"t":"PA22"},"DAC2":{"t":"C170"},"DAC4":{"t":"AR11"},"DAC9":{"t":"P28A"},"DAD1":{"t":"C177"},"DAD3":{"t":"C150"},"DAD4":{"t":"PA32"},"DAD5":{"t":"M20P"},"DAD9":{"desc":"L1P"},"DADB":{"desc":"L1P"},"DADC":{"desc":"L1P"},"DADD":{"desc":"L1P"},"DADF":{"t":"C177"},"DAE0":{"desc":"L1P"},"DAE6":{"t":"C170"},"DAE7":{"t":"CH7A"},"DAF2":{"t":"C182"},"DAF3":{"t":"C182"},"DAF4":{"t":"C177"},"DAF7":{"t":"M4"},"DAF8":{"t":"M20P"},"DAFA":{"t":"PA18"},"DAFC":{"desc":"L1P"},"DAFE":{"desc":"L1P"},"DAFF":{"t":"C177"},"DB01":{"t":"C177"},"DB02":{"desc":"L1P"},"DB05":{"t":"H500"},"DB06":{"t":"B407"},"DB08":{"t":"C182"},"DB09":{"t":"AS50"},"DB0B":{"t":"B763"},"DB0D":{"t":"SF34"},"DB0E":{"t":"UH1"},"DB0F":{"t":"H25B"},"DB12":{"desc":"L1P","t":"ULAC"},"DB13":{"t":"B763"},"DB17":{"desc":"L1P"},"DB18":{"t":"S22T"},"DB1C":{"desc":"L1J"},"DB24":{"t":"BE40"},"DB27":{"t":"UH1"},"DB2D":{"t":"M7"},"DB38":{"t":"S108"},"DB39":{"desc":"L2T"},"DB3A":{"t":"M20T"},"DB3B":{"t":"SR22"},"DB3C":{"t":"SR22"},"DB3E":{"t":"C750"},"DB40":{"t":"C172"},"DB44":{"t":"C550"},"DB46":{"t":"C172"},"DB4C":{"t":"SF50"},"DB4D":{"desc":"L1P"},"DB51":{"t":"P28A"},"DB5A":{"t":"GLF4"},"DB5D":{"t":"UH1"},"DB5E":{"t":"A321"},"DB6A":{"desc":"L1P"},"DB76":{"desc":"L1J"},"DB85":{"t":"UH1"},"DB93":{"desc":"L2J","t":"A20N"},"DB99":{"t":"E55P"},"DB9C":{"t":"BE35"},"DBA3":{"t":"PA31"},"DBAD":{"desc":"L1P"},"DBD0":{"t":"E190"},"DBDA":{"desc":"L1P"},"DBE3":{"desc":"L1P"},"DBEC":{"desc":"L1P"},"DC01":{"t":"CH7B"},"DC03":{"desc":"L1P"},"DC12":{"t":"E300"},"DC1A":{"t":"CH7B"},"DC1B":{"desc":"L1P"},"DC1E":{"t":"C172"},"DC23":{"t":"P28A"},"DC2A":{"desc":"L4J"},"DC2E":{"t":"SF50"},"DC32":{"t":"E50P"},"DC34":{"t":"A319"},"DC35":{"t":"GLID"},"DC47":{"t":"A320"},"DC4B":{"t":"AS50"},"DC4D":{"desc":"L1P"},"DC4E":{"t":"PC12"},"DC5A":{"t":"CRJ9"},"DC5C":{"t":"M20T"},"DC5D":{"t":"ULAC"},"DC5F":{"desc":"L1P"},"DC75":{"t":"E55P"},"DC80":{"t":"GLID"},"DC8B":{"t":"PA32"},"DC8E":{"t":"GLF4"},"DC8F":{"t":"BE20"},"DC91":{"desc":"L1P"},"DC95":{"desc":"H6E"},"DC96":{"t":"BE35"},"DC97":{"t":"C177"},"DC98":{"t":"SR22"},"DC99":{"desc":"L1E"},"DC9E":{"desc":"L1P"},"DCA0":{"t":"B738"},"DCA2":{"desc":"L1P"},"DCA4":{"t":"C172"},"DCA6":{"t":"C77R"},"DCA8":{"desc":"L1P"},"DCAF":{"t":"BE36"},"DCB0":{"t":"P208"},"DCB2":{"t":"C182"},"DCBF":{"desc":"L1P"},"DCC0":{"t":"SR22"},"DCC2":{"desc":"L2J","t":"B38M"},"DCD6":{"t":"B763"},"DCF1":{"desc":"L1P","t":"ULAC"},"DD2C":{"desc":"L1P"},"DD45":{"t":"BE33"},"DD61":{"t":"C170"},"DD64":{"t":"C182"},"DD66":{"t":"ERCO"},"DD68":{"t":"P28A"},"DD6A":{"t":"PA12"},"DD6C":{"t":"PA23"},"DD6D":{"t":"P28A"},"DD70":{"t":"C177"},"DD71":{"t":"C182"},"DD74":{"t":"M20P"},"DD77":{"desc":"L1P"},"DD7E":{"t":"C77R"},"DD7F":{"t":"C177"},"DD80":{"t":"C177"},"DD81":{"desc":"L1P"},"DD85":{"t":"C170"},"DD86":{"t":"CH7A"},"DD87":{"t":"C182"},"DD8B":{"t":"J3"},"DD8D":{"t":"PA12"},"DD8E":{"t":"J3"},"DD92":{"t":"C182"},"DD93":{"t":"C177"},"DD94":{"t":"C182"},"DD96":{"t":"PA32"},"DD97":{"t":"M20P"},"DD9D":{"t":"C177"},"DD9E":{"desc":"L1P"},"DDA0":{"t":"C177"},"DDA2":{"t":"C177"},"DDA3":{"desc":"L1P"},"DDA5":{"t":"PA22"},"DDA7":{"t":"C170"},"DDA8":{"t":"C170"},"DDA9":{"t":"CH7A"},"DDAD":{"t":"C150"},"DDAE":{"t":"J3"},"DDB6":{"t":"C177"},"DDB7":{"t":"C182"},"DDB8":{"t":"C195"},"DDBA":{"t":"M20P"},"DDBE":{"t":"C177"},"DDBF":{"desc":"L1P"},"DDC0":{"t":"C177"},"DDC2":{"desc":"L1P"},"DDC3":{"desc":"L1P"},"DDC6":{"t":"C177"},"DDC7":{"desc":"L2P"},"DDCA":{"t":"C170"},"DDD3":{"t":"PA12"},"DDD7":{"t":"C182"},"DDD8":{"t":"C182"},"DDD9":{"t":"C177"},"DDDA":{"t":"C182"},"DDDC":{"t":"PA32"},"DDDE":{"t":"C180"},"DDDF":{"t":"PA18"},"DDE0":{"t":"C177"},"DDE1":{"desc":"L1P"},"DDE3":{"t":"C177"},"DDE5":{"t":"C177"},"DDF6":{"t":"PA12"},"DDF7":{"t":"M20P"},"DDFA":{"t":"C182"},"DDFC":{"t":"C177"},"DDFE":{"t":"C195"},"DE01":{"t":"C180"},"DE02":{"t":"PA18"},"DE04":{"desc":"L1P"},"DE06":{"t":"C177"},"DE08":{"t":"C177"},"DE09":{"desc":"L1P"},"DE0A":{"t":"C177"},"DE12":{"t":"CH7A"},"DE17":{"t":"J3"},"DE18":{"t":"C206"},"DE1E":{"t":"C182"},"DE21":{"t":"C195"},"DE22":{"t":"PA32"},"DE23":{"t":"M20P"},"DE25":{"t":"PA18"},"DE26":{"t":"C177"},"DE28":{"t":"C177"},"DE2A":{"desc":"L1P"},"DE2B":{"desc":"L1P"},"DE2C":{"desc":"L1P"},"DE2E":{"t":"C177"},"DE32":{"t":"BE35"},"DE33":{"t":"C170"},"DE3D":{"t":"M20P"},"DE40":{"t":"P28A"},"DE41":{"t":"BE20"},"DE43":{"t":"C182"},"DE44":{"t":"C150"},"DE45":{"t":"PA32"},"DE46":{"t":"M20P"},"DE49":{"t":"C177"},"DE4D":{"desc":"L1P"},"DE4E":{"t":"C177"},"DE4F":{"t":"C77R"},"DE51":{"t":"C177"},"DE52":{"t":"C77R"},"DE54":{"t":"PA22"},"DE56":{"t":"C170"},"DE57":{"t":"C170"},"DE58":{"t":"CH7A"},"DE5D":{"t":"J3"},"DE5F":{"t":"PA12"},"DE62":{"t":"P28A"},"DE66":{"t":"C182"},"DE69":{"t":"M20P"},"DE6F":{"t":"C177"},"DE70":{"desc":"L1P"},"DE71":{"desc":"L1P"},"DE72":{"t":"C177"},"DE75":{"desc":"L1P"},"DE76":{"t":"GLID"},"DE77":{"t":"PA22"},"DE79":{"t":"C170"},"DE7A":{"t":"C170"},"DE7E":{"t":"ERCO"},"DE82":{"t":"P28S"},"DE83":{"t":"M20P"},"DE87":{"t":"C182"},"DE8A":{"t":"C195"},"DE8B":{"t":"PA32"},"DE8E":{"t":"PA18"},"DE90":{"desc":"L1P"},"DE91":{"desc":"L1P"},"DE92":{"desc":"L1P"},"DE95":{"t":"C177"},"DE9A":{"t":"PA22"},"DE9C":{"t":"C170"},"DEA3":{"t":"P28A"},"DEA8":{"t":"C320"},"DEA9":{"t":"C182"},"DEAB":{"t":"C177"},"DEAD":{"t":"C150"},"DEAF":{"t":"M20P"},"DEB0":{"t":"C185"},"DEB2":{"desc":"L1P"},"DEB3":{"t":"C77R"},"DEB6":{"t":"C177"},"DEB7":{"desc":"L1P"},"DEB8":{"t":"C177"},"DEB9":{"t":"C177"},"DEBC":{"t":"BALL"},"DEBD":{"t":"B407"},"DEC0":{"t":"CH7A"},"DEC1":{"t":"C172"},"DEC3":{"t":"DA40"},"DEC6":{"t":"HA4T"},"DEC7":{"t":"HA4T"},"DEC9":{"t":"HUSK"},"DECA":{"t":"B763"},"DECD":{"t":"BE20"},"DECE":{"t":"AT8T"},"DED3":{"desc":"L1J"},"DED6":{"desc":"L1P"},"DED7":{"t":"R66"},"DED9":{"t":"BL8"},"DEDD":{"t":"P28A"},"DEE4":{"t":"M20P"},"DEEF":{"t":"HUSK"},"DEF0":{"t":"B350"},"DEF3":{"t":"SR20"},"DEF4":{"desc":"L1P"},"DEF5":{"t":"BALL"},"DEF7":{"t":"PA27"},"DEFA":{"desc":"L2J"},"DEFB":{"t":"B763"},"DEFD":{"t":"C82S"},"DF04":{"desc":"L1P"},"DF08":{"t":"P28A"},"DF0B":{"t":"ST75"},"DF14":{"desc":"L1P"},"DF15":{"desc":"L1P","t":"ULAC"},"DF19":{"t":"DA40"},"DF1D":{"desc":"L1P"},"DF1E":{"t":"A321"},"DF26":{"desc":"L1P"},"DF2D":{"desc":"L1J"},"DF31":{"t":"P28A"},"DF3D":{"desc":"H2T"},"DF43":{"t":"BE40"},"DF4A":{"desc":"L2J","t":"A20N"},"DF50":{"t":"E55P"},"DF6C":{"t":"F900"},"DF81":{"desc":"L1P"},"DF87":{"t":"T6"},"DF88":{"desc":"L2J"},"DF8B":{"t":"H25B"},"DF91":{"t":"C172"},"DF95":{"t":"CL60"},"DF9E":{"t":"GLF4"},"DFB7":{"desc":"L1P"},"DFBC":{"desc":"L1P"},"DFD0":{"desc":"L1P"},"DFD1":{"t":"P32R"},"DFD5":{"t":"C172"},"DFDA":{"t":"P28A"},"DFDE":{"t":"C441"},"DFE1":{"desc":"L1P"},"DFE9":{"desc":"A1P"},"DFEB":{"t":"A319"},"DFFE":{"t":"A320"},"children":["A31","A32","A33","A34","A35","A36","A37","A38","A39","A3A","A3B","A3C","A3E","A3F"]}