{"004":{"t":"T210"},"005":{"t":"BE30"},"006":{"t":"BALL"},"007":{"t":"C25B"},"008":{"t":"S22T"},"009":{"t":"BE30"},"00A":{"t":"E55P"},"00C":{"t":"C680"},"00D":{"desc":"L1P"},"00F":{"desc":"L1P"},"010":{"t":"CL30"},"014":{"t":"HUSK"},"015":{"t":"PA32"},"01B":{"t":"GLEX"},"01D":{"t":"C680"},"01E":{"t":"C750"},"01F":{"t":"CL30"},"020":{"t":"PA18"},"021":{"t":"B47G"},"022":{"t":"T28"},"024":{"t":"E55P"},"025":{"t":"BE19"},"026":{"t":"R22"},"027":{"t":"BE55"},"028":{"t":"PA32"},"02A":{"desc":"L2P"},"02C":{"t":"PA34"},"02E":{"desc":"A1P"},"02F":{"t":"C25B"},"033":{"t":"BE55"},"034":{"t":"B350"},"035":{"t":"C150"},"036":{"t":"CL30"},"038":{"t":"CL30"},"039":{"desc":"L1P"},"03B":{"t":"CL30"},"03D":{"t":"C25C"},"03E":{"t":"BE30"},"03F":{"desc":"L1P"},"041":{"t":"BE55"},"042":{"desc":"H6E"},"043":{"t":"P28R"},"044":{"t":"C25C"},"045":{"t":"C182"},"046":{"t":"BALL"},"048":{"desc":"L1P"},"04B":{"t":"C172"},"04C":{"t":"E300"},"04F":{"t":"C172"},"050":{"desc":"L1P"},"052":{"t":"P68"},"053":{"t":"PA32"},"055":{"t":"E50P"},"056":{"desc":"L2J"},"058":{"t":"ST75"},"05E":{"desc":"L1J"},"060":{"t":"CL30"},"061":{"t":"AEST"},"062":{"t":"E300"},"063":{"t":"ST75"},"065":{"t":"M20P"},"066":{"t":"HUSK"},"067":{"t":"C421"},"068":{"t":"BE30"},"069":{"t":"M20P"},"06A":{"t":"M20P"},"06B":{"desc":"L2T","t":"DC3"},"06C":{"t":"E55P"},"06D":{"t":"GLID"},"06E":{"desc":"L2P"},"06F":{"t":"R44"},"070":{"desc":"L1P"},"071":{"t":"PA30"},"072":{"t":"E300"},"073":{"t":"AEST"},"076":{"t":"BE55"},"078":{"t":"BALL"},"079":{"t":"C25B"},"07A":{"t":"E55P"},"07B":{"t":"E300"},"07C":{"t":"CL30"},"080":{"t":"H269"},"086":{"t":"GLID"},"087":{"t":"CL30"},"08F":{"t":"BALL"},"090":{"desc":"L1P"},"092":{"desc":"L1P"},"093":{"desc":"L1P"},"096":{"t":"CL30"},"097":{"t":"C77R"},"098":{"t":"P28R"},"09A":{"t":"B06"},"09E":{"t":"E300"},"0A0":{"desc":"L1P"},"0A2":{"t":"B350"},"0A3":{"t":"C310"},"0A4":{"t":"E300"},"0A6":{"t":"CRJ9"},"0A8":{"t":"C172"},"0A9":{"t":"BE30"},"0AB":{"desc":"H4E"},"0AC":{"desc":"A1P","t":"ULAC"},"0C0":{"t":"C172"},"0C1":{"t":"E55P"},"0C9":{"t":"G280"},"0CA":{"t":"M20T"},"0CC":{"t":"BE40"},"0CE":{"t":"PA30"},"0CF":{"desc":"L1P"},"0D0":{"t":"AA5"},"0D2":{"t":"P32R"},"0D3":{"desc":"L1P"},"0D4":{"t":"CL30"},"0D5":{"t":"PA32"},"0D9":{"t":"BE33"},"0DA":{"t":"BE33"},"0DB":{"t":"BE36"},"0DD":{"desc":"L1P"},"0DE":{"desc":"L1P"},"0DF":{"t":"E55P"},"0E1":{"desc":"H6E"},"0E3":{"t":"BE33"},"0E4":{"desc":"L1P"},"0E6":{"desc":"L1P"},"0E7":{"t":"BE30"},"0E8":{"t":"GLF4"},"0E9":{"t":"M7"},"0EC":{"t":"C82T"},"0ED":{"t":"PRM1"},"0EE":{"t":"PC12"},"0F1":{"t":"C414"},"0F2":{"t":"PAY1"},"0F3":{"t":"C150"},"0F5":{"t":"SR20"},"0F7":{"t":"B733"},"0F8":{"desc":"L1P"},"0F9":{"desc":"L2J"},"0FA":{"t":"M20P"},"0FB":{"t":"PA18"},"0FC":{"t":"BE9T"},"0FE":{"t":"WW24"},"0FF":{"t":"C182"},"100":{"t":"BE30"},"101":{"desc":"L1P"},"102":{"desc":"L1P"},"103":{"t":"BE58"},"105":{"t":"CL60"},"106":{"desc":"L1P"},"107":{"t":"B350"},"108":{"t":"BE30"},"109":{"t":"BE20"},"10D":{"t":"BE33"},"10E":{"t":"CL30"},"110":{"t":"CL60"},"11C":{"t":"R44"},"11D":{"t":"GLF3"},"120":{"t":"PA32"},"12B":{"t":"E300"},"12E":{"t":"BE9L"},"12F":{"t":"GLID"},"130":{"desc":"H1P"},"135":{"t":"O1"},"137":{"t":"GLID"},"139":{"t":"P32R"},"13B":{"t":"BE30"},"13E":{"desc":"A1P"},"13F":{"desc":"L1P"},"141":{"desc":"L1P"},"146":{"t":"E300"},"147":{"t":"PA31"},"149":{"t":"BE20"},"14A":{"desc":"L1P"},"14B":{"t":"P32T"},"14C":{"t":"C182"},"14F":{"t":"BE20"},"150":{"t":"CL30"},"151":{"t":"P32R"},"152":{"t":"BE30"},"154":{"t":"PAY1"},"155":{"t":"BE30"},"157":{"t":"BL8"},"15C":{"desc":"H4E"},"15D":{"t":"P28A"},"15E":{"t":"R44"},"15F":{"t":"GLID"},"160":{"t":"E300"},"16A":{"t":"WW24"},"171":{"t":"E300"},"178":{"t":"GLID"},"17A":{"t":"M20P"},"186":{"t":"BE30"},"189":{"t":"GLID"},"18C":{"t":"BALL"},"18D":{"t":"C150"},"1A3":{"t":"C25C"},"1A9":{"t":"E55P"},"1AB":{"t":"P32T"},"1AC":{"desc":"L1T","t":"TEX2"},"1AE":{"t":"SR22"},"1B1":{"desc":"L1P"},"1B2":{"t":"SS2T"},"1B4":{"t":"PA32"},"1B6":{"t":"PA12"},"1B9":{"t":"C182"},"1BB":{"t":"BALL"},"1BC":{"t":"C337"},"1BD":{"t":"C172"},"1C1":{"t":"C182"},"1C2":{"t":"PA22"},"1C3":{"desc":"H1P"},"1C5":{"t":"PA18"},"1C6":{"t":"BALL"},"1C8":{"t":"P32T"},"1C9":{"t":"GLID"},"1CA":{"t":"P32T"},"1CC":{"t":"P28A"},"1CE":{"t":"BALL"},"1CF":{"t":"C195"},"1D0":{"t":"BE35"},"1D4":{"desc":"L1P"},"1D5":{"t":"BALL"},"1D7":{"t":"P28A"},"1D8":{"desc":"L1P"},"1DA":{"t":"C140"},"1DB":{"t":"PA32"},"1DF":{"t":"P28A"},"1E0":{"t":"C172"},"1E1":{"t":"BE35"},"1E2":{"t":"P28A"},"1E3":{"t":"PA32"},"1E4":{"t":"BALL"},"1E6":{"t":"BALL"},"1E8":{"t":"P28A"},"1E9":{"t":"C177"},"1EA":{"t":"C177"},"1EB":{"t":"P28A"},"1EC":{"t":"BALL"},"1ED":{"t":"C177"},"1EE":{"t":"BALL"},"1EF":{"desc":"L1T"},"1F1":{"t":"BALL"},"1F2":{"t":"P28A"},"1F3":{"t":"BE35"},"1F5":{"t":"CH7A"},"1FC":{"t":"P28A"},"1FE":{"desc":"L1P","t":"LA4"},"1FF":{"t":"C182"},"204":{"t":"BALL"},"205":{"t":"BE36"},"207":{"t":"C182"},"208":{"t":"PA22"},"209":{"t":"P28A"},"20C":{"t":"T50"},"20D":{"t":"P28R"},"20F":{"t":"P32T"},"210":{"t":"BALL"},"211":{"t":"PA34"},"212":{"t":"BALL"},"213":{"desc":"L2J"},"214":{"t":"M8"},"217":{"t":"C310"},"218":{"t":"C172"},"219":{"t":"C182"},"21A":{"t":"BALL"},"21B":{"t":"ERCO"},"21C":{"t":"C150"},"21D":{"t":"P28A"},"21E":{"t":"C310"},"220":{"desc":"L1P"},"222":{"t":"P28A"},"223":{"t":"BALL"},"224":{"t":"BALL"},"225":{"t":"BALL"},"229":{"t":"C150"},"22B":{"t":"PA22"},"22D":{"desc":"L1P"},"22E":{"t":"BALL"},"22F":{"t":"C177"},"230":{"t":"P28A"},"233":{"t":"P32T"},"234":{"t":"T210"},"236":{"desc":"L1P"},"237":{"t":"C170"},"238":{"t":"C190"},"239":{"t":"BALL"},"23C":{"t":"C182"},"23D":{"desc":"L1P"},"240":{"desc":"L1T"},"242":{"t":"PA12"},"243":{"t":"BALL"},"245":{"t":"BALL"},"247":{"t":"BALL"},"248":{"desc":"L1P"},"24A":{"desc":"L1T"},"24B":{"desc":"L1T"},"24C":{"t":"R22"},"24E":{"t":"PA22"},"24F":{"t":"C177"},"252":{"t":"C177"},"253":{"t":"C177"},"255":{"t":"BALL"},"257":{"t":"BALL"},"258":{"t":"T206"},"25A":{"t":"C170"},"25B":{"t":"C195"},"25C":{"t":"BE35"},"25D":{"t":"PA44"},"25E":{"t":"CH7A"},"25F":{"t":"C182"},"260":{"desc":"L1P"},"261":{"t":"ERCO"},"262":{"t":"PA32"},"263":{"t":"P28A"},"266":{"t":"P28U"},"267":{"t":"BALL"},"268":{"t":"P28U"},"269":{"t":"BALL"},"26A":{"t":"C150"},"26B":{"t":"P28A"},"26E":{"t":"BALL"},"26F":{"t":"C150"},"270":{"t":"T206"},"271":{"t":"PA22"},"272":{"t":"BALL"},"275":{"t":"BALL"},"278":{"desc":"L1P"},"27C":{"t":"DC3"},"27D":{"t":"C170"},"27E":{"t":"C195"},"27F":{"t":"SS2T"},"280":{"t":"C310"},"281":{"t":"CH7A"},"282":{"t":"BALL"},"284":{"t":"ERCO"},"286":{"t":"P28A"},"28B":{"t":"C182"},"28C":{"desc":"L1P"},"28D":{"t":"C150"},"291":{"t":"P28A"},"292":{"t":"C150"},"293":{"t":"C182"},"295":{"t":"BALL"},"298":{"t":"P28A"},"29B":{"desc":"L1P"},"29C":{"t":"P28A"},"29D":{"desc":"L1P"},"29E":{"t":"PA32"},"29F":{"t":"H25B"},"2A0":{"t":"C170"},"2A1":{"t":"P28A"},"2A2":{"desc":"L1P"},"2A3":{"t":"BALL"},"2A4":{"t":"ULAC"},"2A5":{"t":"C182"},"2A6":{"desc":"L1P"},"2A9":{"t":"P28A"},"2AA":{"t":"BALL"},"2AB":{"t":"PA12"},"2AF":{"t":"BALL"},"2B1":{"t":"P28A"},"2B4":{"t":"BE58"},"2B5":{"t":"C150"},"2B6":{"t":"BALL"},"2B8":{"desc":"L1P"},"2BA":{"t":"BALL"},"2BB":{"desc":"L1P"},"2BC":{"t":"P32T"},"2BD":{"t":"M7"},"2C3":{"t":"P28A"},"2C4":{"t":"P28A"},"2C5":{"t":"BE35"},"2C6":{"t":"C310"},"2C7":{"t":"C172"},"2C8":{"t":"P28A"},"2CA":{"t":"ERCO"},"2CB":{"t":"BCS3"},"2CD":{"t":"BALL"},"2CF":{"t":"C120"},"2D0":{"desc":"L1P","t":"ULAC"},"2D2":{"t":"C320"},"2D3":{"t":"GLID"},"2D5":{"t":"P28A"},"2D7":{"t":"BALL"},"2D8":{"t":"C150"},"2D9":{"t":"C182"},"2DD":{"t":"P32T"},"2E2":{"t":"BALL"},"2E5":{"t":"SR22"},"2E6":{"t":"C170"},"2E7":{"t":"ULAC"},"2EA":{"t":"CH7A"},"2EB":{"t":"M7"},"2EC":{"desc":"L1P"},"2ED":{"t":"BALL"},"2EE":{"t":"BALL"},"2F1":{"t":"PA12"},"2F3":{"desc":"L1P"},"2F4":{"t":"BALL"},"2F5":{"t":"BALL"},"2F6":{"t":"C150"},"2F8":{"t":"P28A"},"2FB":{"t":"C150"},"2FC":{"t":"BALL"},"2FD":{"t":"BALL"},"2FF":{"t":"BALL"},"302":{"desc":"A1P"},"304":{"t":"C177"},"306":{"t":"C177"},"307":{"t":"BALL"},"308":{"t":"NAVI"},"309":{"t":"C208"},"30B":{"t":"PA34"},"30C":{"t":"BL8"},"30E":{"desc":"L2J"},"30F":{"t":"F2TH"},"310":{"desc":"H4E"},"311":{"t":"ULAC"},"312":{"t":"C510"},"313":{"desc":"L1P"},"314":{"t":"C337"},"31A":{"t":"E55P"},"31B":{"t":"EC30"},"31D":{"t":"P28A"},"31F":{"desc":"L12E"},"321":{"t":"E55P"},"322":{"desc":"L1P"},"325":{"desc":"L1P"},"327":{"t":"E55P"},"328":{"t":"EC30"},"32A":{"t":"P32R"},"32B":{"desc":"L1P"},"330":{"t":"R22"},"337":{"t":"GLID"},"33C":{"t":"PA32"},"33F":{"desc":"L1P","t":"ULAC"},"341":{"t":"C172"},"342":{"t":"RV12"},"343":{"t":"AS50"},"346":{"desc":"L2T"},"349":{"t":"C414"},"34D":{"t":"BE58"},"350":{"t":"BE30"},"356":{"t":"C310"},"357":{"desc":"L1P"},"358":{"t":"C185"},"359":{"t":"E300"},"35B":{"t":"S22T"},"35C":{"desc":"L1P"},"35E":{"t":"AT3P"},"35F":{"t":"S22T"},"362":{"t":"C172"},"363":{"t":"B737"},"364":{"t":"C501"},"365":{"t":"DA40"},"367":{"t":"BCS3"},"368":{"t":"A321"},"369":{"desc":"L1P","t":"ULAC"},"36B":{"desc":"L1P"},"36D":{"desc":"L1P"},"36F":{"t":"T210"},"372":{"t":"P32R"},"373":{"desc":"L1P"},"378":{"desc":"L8E"},"379":{"t":"PA30"},"37D":{"desc":"L1P"},"37E":{"desc":"L1P"},"382":{"t":"LJ35"},"389":{"t":"SR22"},"38A":{"t":"A139"},"38F":{"t":"TBM7"},"396":{"desc":"L2J","t":"A20N"},"397":{"desc":"L1P"},"39F":{"t":"SR20"},"3A0":{"t":"C180"},"3A2":{"t":"AS50"},"3A9":{"t":"SR22"},"3AA":{"t":"AT3P"},"3AB":{"desc":"L16E"},"3AF":{"desc":"H8E"},"3B1":{"t":"C510"},"3B4":{"t":"C150"},"3B8":{"desc":"L1P"},"3BD":{"t":"R22"},"3BE":{"desc":"H1T"},"3C4":{"desc":"L10E"},"3C5":{"desc":"L1P"},"3C6":{"t":"UH1"},"3C8":{"t":"C750"},"3D1":{"t":"GLID"},"3D3":{"desc":"L1P"},"3D4":{"t":"C82S"},"3D6":{"t":"CL30"},"3D7":{"t":"BE36"},"3D8":{"desc":"L1P"},"3DB":{"t":"M20P"},"3DC":{"t":"CL30"},"3DD":{"t":"PA18"},"3DF":{"t":"SR22"},"3E1":{"t":"C172"},"3E2":{"desc":"L1P"},"3E3":{"t":"HDJT"},"3EA":{"t":"GLF5"},"3EB":{"t":"P32R"},"3ED":{"t":"M20P"},"3F1":{"t":"P32R"},"3F2":{"t":"B733"},"3F3":{"desc":"L1P"},"3F4":{"t":"PA32"},"3F6":{"desc":"L1P"},"3FC":{"desc":"L1P"},"3FF":{"t":"BALL"},"403":{"t":"C56X"},"407":{"desc":"H6E"},"408":{"t":"B407"},"40A":{"t":"C56X"},"40F":{"t":"M20P"},"41C":{"desc":"A1P","t":"ULAC"},"41D":{"t":"TBM7"},"41F":{"t":"C185"},"420":{"t":"SR22"},"422":{"t":"EC35"},"423":{"t":"H269"},"425":{"t":"DA40"},"426":{"t":"EA50"},"427":{"t":"H25B"},"432":{"t":"HUSK"},"434":{"t":"L39"},"435":{"t":"GLID"},"437":{"t":"A319"},"439":{"t":"C172"},"43F":{"desc":"A1P"},"440":{"t":"E300"},"447":{"desc":"L1P"},"449":{"t":"A319"},"44A":{"t":"B738"},"44E":{"t":"BE58"},"44F":{"t":"B738"},"452":{"t":"B06"},"454":{"t":"C150"},"456":{"t":"EC35"},"458":{"t":"PA32"},"459":{"t":"C206"},"45D":{"t":"CRJ9"},"45E":{"desc":"L1P"},"45F":{"t":"PA32"},"460":{"t":"BE20"},"467":{"t":"GLID"},"480":{"t":"R66"},"481":{"desc":"L1P"},"483":{"t":"HUSK"},"484":{"t":"F900"},"486":{"desc":"L1P"},"487":{"t":"GLID"},"489":{"t":"LJ45"},"48C":{"t":"S22T"},"48E":{"t":"GLID"},"491":{"t":"C210"},"492":{"t":"P32R"},"494":{"t":"SR22"},"495":{"t":"R22"},"498":{"desc":"H6E"},"49A":{"desc":"L1P"},"49B":{"t":"BALL"},"49C":{"desc":"L1P","t":"ULAC"},"49D":{"t":"H500"},"49E":{"t":"PA34"},"4A1":{"t":"R22"},"4A5":{"t":"M20P"},"4A7":{"t":"M20P"},"4A9":{"t":"B737"},"4AB":{"t":"P28A"},"4B0":{"desc":"L2J"},"4B2":{"t":"BALL"},"4B5":{"t":"P32R"},"4B8":{"desc":"L1P"},"4B9":{"t":"E55P"},"4BA":{"desc":"L1P"},"4BE":{"t":"M20T"},"4C0":{"t":"AS50"},"4C2":{"t":"GLID"},"4C3":{"t":"BE10"},"4C6":{"t":"M20P"},"4C7":{"t":"GLID"},"4C8":{"desc":"L1P"},"4CC":{"desc":"L1P"},"4D9":{"t":"B763"},"4DC":{"desc":"L1P"},"4E5":{"t":"RV12"},"4EB":{"t":"GLID"},"4F4":{"t":"C56X"},"4F5":{"t":"SR20"},"4FD":{"t":"GLID"},"4FF":{"t":"C170"},"501":{"t":"AT3P"},"505":{"t":"E300"},"506":{"desc":"H8E"},"509":{"t":"G280"},"512":{"desc":"L1P"},"516":{"t":"BRAV"},"524":{"desc":"L1P"},"532":{"t":"GLID"},"548":{"desc":"L1P"},"563":{"t":"C195"},"566":{"t":"P28A"},"567":{"t":"ULAC"},"568":{"t":"M7"},"569":{"t":"BALL"},"56A":{"t":"C150"},"56B":{"t":"P28B"},"56C":{"t":"C310"},"56D":{"t":"PA12"},"570":{"t":"BALL"},"573":{"t":"PA32"},"574":{"t":"C172"},"575":{"t":"C150"},"576":{"t":"P28A"},"577":{"t":"R44"},"578":{"t":"P28U"},"579":{"t":"PA22"},"57A":{"t":"PA34"},"57B":{"t":"PA44"},"57C":{"t":"WACF"},"580":{"t":"WACF"},"581":{"t":"WACF"},"584":{"t":"S22T"},"585":{"t":"C170"},"586":{"t":"C195"},"587":{"t":"J4"},"589":{"t":"CH7A"},"58A":{"t":"C172"},"58B":{"t":"BALL"},"58C":{"t":"BALL"},"58D":{"t":"C150"},"58E":{"t":"PA32"},"590":{"desc":"L1P"},"591":{"t":"P28B"},"592":{"t":"BALL"},"593":{"t":"BALL"},"594":{"t":"BALL"},"595":{"t":"AT3T"},"596":{"t":"C320"},"598":{"t":"C150"},"599":{"t":"P28A"},"59A":{"t":"PA32"},"59B":{"t":"C182"},"59C":{"t":"P28A"},"59D":{"desc":"L1P"},"59E":{"t":"UH1"},"59F":{"t":"C177"},"5A0":{"t":"WACF"},"5A1":{"t":"P28A"},"5A3":{"t":"C177"},"5A4":{"t":"P28A"},"5A7":{"t":"GLID"},"5A8":{"t":"P28A"},"5A9":{"t":"P28B"},"5AA":{"t":"BE35"},"5AB":{"t":"P28A"},"5AC":{"t":"C172"},"5AE":{"desc":"L1P"},"5AF":{"t":"BE33"},"5B0":{"t":"C150"},"5B2":{"t":"PA32"},"5B3":{"t":"PA12"},"5B4":{"t":"P28B"},"5B8":{"t":"C150"},"5B9":{"t":"C320"},"5BD":{"t":"C150"},"5BE":{"t":"T6"},"5BF":{"t":"PA22"},"5C1":{"desc":"L1P"},"5C2":{"t":"WACF"},"5C3":{"desc":"L1P"},"5C4":{"t":"WACF"},"5C5":{"desc":"L1P"},"5C6":{"t":"P28A"},"5C7":{"t":"WACF"},"5C8":{"t":"C177"},"5C9":{"t":"WACF"},"5CA":{"t":"GLID"},"5CB":{"t":"C170"},"5CC":{"t":"BALL"},"5CE":{"t":"P28A"},"5CF":{"t":"CH7A"},"5D0":{"t":"C182"},"5D1":{"t":"BALL"},"5D2":{"desc":"H1P"},"5D3":{"desc":"L1P"},"5D5":{"t":"BALL"},"5D6":{"t":"PA12"},"5D7":{"t":"P28B"},"5D9":{"t":"BALL"},"5DA":{"t":"BALL"},"5DB":{"t":"C150"},"5DC":{"t":"BALL"},"5DE":{"t":"BE35"},"5DF":{"t":"P28T"},"5E0":{"t":"C150"},"5E1":{"t":"C182"},"5E2":{"t":"P28A"},"5E3":{"t":"WACF"},"5E6":{"t":"C177"},"5E7":{"t":"WACF"},"5E9":{"t":"WACF"},"5EB":{"t":"GLID"},"5EC":{"t":"C177"},"5ED":{"t":"R44"},"5EF":{"t":"BALL"},"5F0":{"t":"P46T"},"5F2":{"t":"C182"},"5F3":{"t":"C182"},"5F4":{"t":"P28B"},"5F5":{"t":"P28A"},"5F6":{"t":"C150"},"5F7":{"desc":"L1P"},"5F9":{"t":"PA12"},"5FC":{"t":"C182"},"5FD":{"t":"A319"},"5FF":{"desc":"L1P"},"602":{"t":"BE55"},"603":{"t":"PA32"},"604":{"t":"BALL"},"608":{"t":"C177"},"609":{"t":"WACF"},"60A":{"t":"P32R"},"60B":{"t":"C177"},"60C":{"t":"WACF"},"60D":{"t":"P28A"},"60E":{"t":"C177"},"60F":{"t":"WACF"},"612":{"t":"C195"},"613":{"t":"BE35"},"614":{"t":"P28A"},"615":{"t":"C172"},"616":{"t":"BALL"},"617":{"t":"R44"},"619":{"t":"C150"},"61A":{"t":"BALL"},"61C":{"t":"BALL"},"61D":{"t":"C140"},"61F":{"t":"AT8T"},"620":{"t":"BALL"},"623":{"t":"P28A"},"624":{"t":"BALL"},"625":{"t":"BE55"},"627":{"t":"C182"},"628":{"t":"PA22"},"629":{"t":"BALL"},"62A":{"t":"C177"},"62C":{"t":"C177"},"62D":{"desc":"L1P"},"630":{"t":"C177"},"631":{"t":"C177"},"634":{"t":"C170"},"635":{"t":"BALL"},"636":{"t":"BE35"},"637":{"t":"P28B"},"638":{"t":"CH7A"},"639":{"t":"C182"},"63A":{"desc":"L1P"},"63D":{"t":"BALL"},"63F":{"t":"P28A"},"640":{"t":"PA32"},"642":{"t":"C182"},"643":{"t":"BALL"},"644":{"t":"C150"},"645":{"t":"P28A"},"646":{"t":"C172"},"648":{"t":"P28T"},"649":{"t":"BALL"},"64A":{"t":"C182"},"650":{"t":"BALL"},"651":{"t":"WACF"},"652":{"t":"C177"},"653":{"desc":"L1P"},"654":{"t":"J3"},"655":{"t":"WACF"},"657":{"t":"C170"},"658":{"t":"BALL"},"65A":{"t":"BALL"},"65C":{"t":"BALL"},"65D":{"t":"CH7A"},"65E":{"t":"P28A"},"65F":{"t":"C150"},"660":{"t":"P28B"},"662":{"t":"PA12"},"663":{"t":"C120"},"664":{"t":"R44"},"667":{"t":"BALL"},"669":{"t":"C172"},"66A":{"desc":"L1P"},"66B":{"t":"BE35"},"66C":{"t":"C150"},"66E":{"t":"AT6T"},"670":{"t":"WACF"},"672":{"t":"P32T"},"675":{"t":"P32T"},"678":{"t":"C177"},"679":{"t":"GLID"},"67C":{"t":"BALL"},"67F":{"t":"C182"},"682":{"t":"C150"},"683":{"t":"BALL"},"685":{"t":"BALL"},"686":{"t":"C140"},"688":{"t":"C182"},"68A":{"t":"BE55"},"68B":{"desc":"L2P"},"68C":{"desc":"L1P"},"68E":{"t":"BE55"},"68F":{"t":"C150"},"690":{"t":"C182"},"691":{"t":"P28A"},"693":{"t":"C172"},"694":{"t":"C177"},"695":{"t":"BALL"},"696":{"t":"C172"},"697":{"t":"WACF"},"698":{"t":"WACF"},"699":{"t":"WACF"},"69A":{"t":"WACF"},"69B":{"t":"C177"},"69C":{"t":"GLID"},"69D":{"t":"C170"},"69F":{"t":"BALL"},"6A1":{"t":"CH7A"},"6A2":{"t":"C182"},"6A5":{"t":"C150"},"6A6":{"t":"P32T"},"6A7":{"desc":"L1P"},"6A9":{"t":"C120"},"6AA":{"t":"PA23"},"6AB":{"t":"C182"},"6AD":{"t":"R22"},"6AE":{"t":"M7"},"6AF":{"desc":"H1P"},"6B0":{"t":"BE35"},"6B2":{"t":"C150"},"6B3":{"t":"P28B"},"6B5":{"t":"P32T"},"6B6":{"t":"BALL"},"6B9":{"t":"WACF"},"6BA":{"t":"C177"},"6BB":{"t":"WACF"},"6BC":{"t":"BALL"},"6BD":{"t":"C177"},"6BE":{"t":"WACF"},"6BF":{"desc":"A2P"},"6C0":{"desc":"L2P"},"6C4":{"desc":"H6E"},"6C6":{"t":"C182"},"6CA":{"t":"GLEX"},"6CB":{"desc":"H4E"},"6CC":{"t":"M20P"},"6D1":{"t":"B739"},"6D4":{"t":"P28A"},"6D6":{"desc":"L12E"},"6D8":{"t":"E55P"},"6D9":{"t":"BE35"},"6DC":{"t":"BE36"},"6E2":{"t":"RV12"},"6E4":{"desc":"L1P"},"6E5":{"desc":"L1P"},"6EB":{"t":"CRJX"},"6F0":{"t":"SR22"},"6F2":{"desc":"L1P"},"6F3":{"t":"P06T"},"6F4":{"t":"J3"},"6F5":{"t":"PA18"},"6F6":{"t":"SR22"},"6F8":{"t":"C172"},"6F9":{"t":"BE20"},"6FA":{"t":"AS50"},"6FB":{"t":"C25A"},"6FE":{"desc":"L1P"},"700":{"t":"SR22"},"70D":{"t":"C177"},"717":{"desc":"L1P"},"718":{"t":"A321"},"71A":{"t":"B737"},"71B":{"t":"ST75"},"71C":{"t":"DA40"},"71D":{"t":"UH1"},"71E":{"t":"BCS3"},"724":{"desc":"L1P","t":"ULAC"},"72A":{"t":"PA34"},"739":{"t":"LJ35"},"741":{"t":"A139"},"742":{"t":"DC10"},"744":{"t":"P28A"},"746":{"t":"FA7X"},"748":{"t":"B738"},"756":{"t":"P28A"},"764":{"t":"C210"},"76A":{"t":"E55P"},"775":{"desc":"H1T"},"776":{"t":"H269"},"777":{"desc":"L1P"},"77B":{"desc":"L10E"},"789":{"t":"C172"},"78A":{"t":"HUSK"},"78D":{"t":"CL30"},"78F":{"t":"TBM7"},"790":{"t":"BE33"},"792":{"t":"C25B"},"794":{"desc":"L1T"},"796":{"t":"B47G"},"798":{"desc":"L1T"},"799":{"desc":"L1P"},"7A1":{"t":"CL30"},"7A4":{"t":"CL30"},"7A9":{"t":"B733"},"7AD":{"desc":"L1P"},"7B3":{"desc":"L1P"},"7BB":{"desc":"L1J"},"7BE":{"desc":"H6E"},"7BF":{"t":"B407"},"7CC":{"t":"CL30"},"7D4":{"desc":"L1P"},"7D6":{"t":"C310"},"7D7":{"t":"SF50"},"7DC":{"t":"C425"},"7DE":{"t":"FA7X"},"7DF":{"t":"PA46"},"7E1":{"t":"C182"},"7E3":{"t":"PC12"},"7EC":{"t":"GLID"},"7ED":{"t":"T28"},"7EE":{"t":"A319"},"7F7":{"t":"E300"},"7F8":{"t":"EC35"},"7FE":{"desc":"L1P"},"800":{"t":"A319"},"806":{"t":"PA44"},"807":{"t":"PC12"},"808":{"t":"AT5T"},"80A":{"t":"CL30"},"80B":{"t":"A333"},"80D":{"t":"EC35"},"811":{"t":"GLID"},"814":{"t":"CRJ9"},"816":{"t":"BE30"},"817":{"desc":"L2P"},"82F":{"t":"E55P"},"837":{"t":"CL30"},"839":{"desc":"L1P"},"83D":{"desc":"L1P"},"83E":{"desc":"L1P","t":"ULAC"},"840":{"t":"TBM7"},"843":{"desc":"L1P"},"844":{"desc":"L2J"},"845":{"desc":"L1P"},"849":{"t":"P32R"},"84B":{"t":"LJ45"},"84F":{"desc":"H6E"},"850":{"t":"GLID"},"851":{"desc":"L2J","t":"B38M"},"852":{"t":"GLF5"},"853":{"t":"EC30"},"858":{"t":"PA18"},"859":{"t":"C550"},"85A":{"t":"C310"},"85E":{"t":"C140"},"85F":{"desc":"L1P"},"860":{"t":"SR22"},"861":{"desc":"L2J","t":"B38M"},"862":{"t":"T210"},"867":{"desc":"L2J"},"86A":{"t":"PAY2"},"86B":{"t":"BE40"},"86D":{"t":"SR22"},"86F":{"desc":"L1P"},"870":{"t":"E55P"},"876":{"t":"E55P"},"877":{"t":"AS50"},"879":{"t":"GLF6"},"882":{"t":"C182"},"883":{"desc":"L1P"},"88E":{"t":"BALL"},"890":{"t":"B763"},"89B":{"desc":"L1P"},"8A7":{"t":"PA44"},"8B4":{"t":"BE36"},"8B7":{"t":"C560"},"8B8":{"t":"T206"},"8BC":{"t":"UH1"},"8C0":{"t":"G280"},"8DB":{"desc":"L1P"},"8FF":{"t":"BE33"},"902":{"desc":"H1T","t":"S92"},"91A":{"desc":"L1P"},"91B":{"t":"BE35"},"91C":{"t":"C310"},"91D":{"t":"CH7A"},"91E":{"desc":"L1P"},"920":{"t":"ERCO"},"922":{"t":"PA34"},"924":{"t":"PA44"},"925":{"t":"C140"},"928":{"t":"C320"},"929":{"t":"P28A"},"92A":{"t":"R44"},"92B":{"t":"C172"},"92C":{"t":"BALL"},"92D":{"t":"P28T"},"92E":{"t":"C150"},"92F":{"t":"C182"},"930":{"t":"PA22"},"932":{"t":"ULAC"},"933":{"t":"J3"},"93B":{"t":"GLID"},"93C":{"t":"BALL"},"93D":{"t":"C195"},"93E":{"t":"P28A"},"940":{"t":"C172"},"941":{"t":"C182"},"942":{"desc":"L1P"},"943":{"t":"P28A"},"944":{"t":"C150"},"945":{"t":"P28T"},"946":{"desc":"L1P"},"947":{"t":"PA12"},"948":{"t":"BALL"},"94A":{"t":"C182"},"94C":{"t":"C150"},"94D":{"t":"C320"},"94F":{"t":"BE35"},"950":{"t":"BE36"},"951":{"t":"C150"},"952":{"t":"C182"},"953":{"t":"PA22"},"954":{"t":"J3"},"95C":{"t":"C177"},"95F":{"t":"C170"},"960":{"desc":"H1P"},"963":{"t":"C182"},"965":{"desc":"L1P"},"966":{"desc":"L1P"},"969":{"t":"BALL"},"96A":{"t":"PA12"},"96B":{"t":"P32T"},"96F":{"t":"C150"},"972":{"t":"C150"},"973":{"t":"R44"},"974":{"t":"C150"},"975":{"t":"P28B"},"976":{"t":"PA22"},"977":{"t":"BALL"},"979":{"t":"P28A"},"97A":{"t":"C177"},"97C":{"t":"C177"},"97F":{"t":"BALL"},"981":{"t":"GLID"},"982":{"t":"C170"},"983":{"t":"C195"},"984":{"t":"P28A"},"985":{"t":"P28B"},"986":{"t":"CH7A"},"987":{"t":"C182"},"988":{"desc":"L1P"},"98A":{"t":"BCS3"},"98B":{"t":"P28T"},"98C":{"t":"C310"},"98E":{"t":"C140"},"990":{"t":"BALL"},"992":{"t":"C150"},"993":{"t":"P28A"},"995":{"t":"ULAC"},"996":{"t":"BE35"},"998":{"t":"C182"},"99A":{"t":"P28A"},"99B":{"t":"C177"},"99F":{"t":"C177"},"9A0":{"t":"J3"},"9A1":{"t":"BALL"},"9A2":{"t":"C177"},"9A3":{"t":"C177"},"9A4":{"t":"ULAC"},"9A5":{"t":"C170"},"9A7":{"t":"P28A"},"9A8":{"t":"P32T"},"9AA":{"t":"C182"},"9AC":{"t":"BE36"},"9B0":{"t":"P28A"},"9B1":{"t":"P32T"},"9B2":{"t":"PA23"},"9B3":{"t":"BE33"},"9B4":{"t":"BALL"},"9B6":{"t":"P51"},"9B7":{"desc":"L1T"},"9B8":{"desc":"L1P"},"9BA":{"t":"C150"},"9BB":{"t":"C182"},"9C1":{"t":"J3"},"9C2":{"t":"P32T"},"9C5":{"t":"ULAC"},"9C6":{"t":"P28A"},"9C7":{"desc":"L1P"},"9C8":{"t":"BALL"},"9C9":{"t":"BALL"},"9CA":{"t":"P28A"},"9CB":{"t":"C310"},"9CC":{"t":"CH7A"},"9CD":{"t":"C182"},"9CE":{"desc":"L1P"},"9CF":{"t":"ERCO"},"9D1":{"t":"P28T"},"9D3":{"t":"PA12"},"9D4":{"t":"P32T"},"9D5":{"t":"AT5T"},"9D6":{"t":"P28A"},"9D8":{"t":"C150"},"9DA":{"t":"C172"},"9DC":{"t":"BALL"},"9DF":{"t":"SS2T"},"9E0":{"t":"C177"},"9E1":{"t":"BALL"},"9E5":{"desc":"L1P"},"9E6":{"t":"J3"},"9EB":{"t":"C170"},"9EC":{"t":"C195"},"9ED":{"t":"P32T"},"9EE":{"t":"P32T"},"9F0":{"t":"C182"},"9F1":{"desc":"L1P"},"9F3":{"t":"C150"},"9F4":{"t":"BALL"},"9F5":{"t":"R44"},"9F6":{"t":"PA12"},"9F9":{"t":"C182"},"9FB":{"t":"C150"},"9FC":{"t":"C320"},"9FD":{"t":"BALL"},"9FE":{"t":"C150"},"9FF":{"t":"P28U"},"A01":{"t":"C182"},"A03":{"t":"P28A"},"A05":{"t":"J3"},"A06":{"t":"C162"},"A07":{"t":"P32T"},"A08":{"t":"C162"},"A0A":{"desc":"L1P"},"A0B":{"t":"T210"},"A0D":{"desc":"L1P"},"A0F":{"t":"C195"},"A10":{"t":"BE35"},"A13":{"t":"C182"},"A14":{"desc":"L1P"},"A15":{"t":"ERCO"},"A19":{"t":"PA12"},"A1B":{"t":"R44"},"A1D":{"t":"C320"},"A1E":{"t":"P28A"},"A1F":{"t":"C320"},"A20":{"t":"BALL"},"A21":{"t":"P28B"},"A22":{"t":"R44"},"A23":{"t":"C150"},"A26":{"t":"J5"},"A28":{"t":"J3"},"A2A":{"t":"J3"},"A2B":{"t":"C177"},"A2E":{"t":"C172"},"A2F":{"t":"J5"},"A30":{"desc":"L1P"},"A31":{"t":"P32T"},"A32":{"t":"BALL"},"A35":{"t":"P28A"},"A36":{"t":"BALL"},"A37":{"t":"C162"},"A38":{"t":"P28B"},"A3C":{"t":"P28A"},"A3D":{"t":"PA34"},"A3F":{"t":"C182"},"A41":{"t":"BALL"},"A42":{"t":"BALL"},"A43":{"desc":"L1P","t":"ULAC"},"A44":{"t":"C150"},"A45":{"t":"BE36"},"A46":{"t":"C150"},"A47":{"t":"C182"},"A48":{"t":"PA22"},"A49":{"t":"T210"},"A4B":{"t":"BE36"},"A4E":{"t":"C172"},"A53":{"desc":"L1P"},"A55":{"t":"C195"},"A56":{"t":"BE35"},"A57":{"t":"C162"},"A58":{"t":"CH7A"},"A59":{"t":"C162"},"A5A":{"t":"P28A"},"A5B":{"t":"P28B"},"A5C":{"t":"C150"},"A5E":{"t":"P32T"},"A5F":{"t":"PA12"},"A60":{"t":"C120"},"A62":{"t":"C182"},"A64":{"t":"C150"},"A65":{"t":"C320"},"A68":{"t":"P28U"},"A69":{"t":"C150"},"A6B":{"t":"PA22"},"A6F":{"t":"C177"},"A71":{"t":"J3"},"A72":{"t":"C162"},"A73":{"t":"C177"},"A74":{"desc":"H1P"},"A76":{"t":"S108"},"A77":{"t":"C501"},"A79":{"t":"C303"},"A7A":{"t":"BL8"},"A7C":{"t":"B06"},"A7D":{"t":"DA40"},"A80":{"desc":"H2T"},"A82":{"t":"GLID"},"A83":{"t":"GLID"},"A85":{"desc":"L1P"},"A87":{"desc":"L1P"},"A88":{"t":"B739"},"A8B":{"t":"P28A"},"A8F":{"t":"GLID"},"A90":{"t":"BE35"},"A91":{"t":"GLID"},"A92":{"t":"BE55"},"A94":{"t":"GLF5"},"A96":{"desc":"L1P"},"A97":{"t":"GLID"},"AA0":{"t":"GLID"},"AA1":{"t":"C182"},"AA9":{"t":"P32R"},"AAA":{"t":"BE9L"},"AAC":{"t":"C303"},"AB0":{"t":"C303"},"AB2":{"t":"BE20"},"AB3":{"t":"PA34"},"AB4":{"t":"F2TH"},"AB5":{"t":"C303"},"AB7":{"t":"C560"},"ABB":{"t":"C210"},"ABE":{"desc":"L1P","t":"ULAC"},"AC2":{"desc":"L1P"},"AC4":{"t":"C303"},"AC5":{"t":"C402"},"AC6":{"t":"E75L"},"AC8":{"desc":"L1P"},"AC9":{"t":"GLID"},"ACC":{"t":"C303"},"ACE":{"desc":"L2J"},"ACF":{"t":"A321"},"AD1":{"t":"B737"},"AD2":{"desc":"L1P"},"AD5":{"t":"BCS3"},"ADD":{"t":"PA23"},"AE0":{"t":"SF50"},"AE1":{"t":"P28A"},"AE3":{"t":"C172"},"AEB":{"t":"DA42"},"AEE":{"t":"BE58"},"AF8":{"t":"A139"},"AF9":{"t":"DC10"},"B04":{"desc":"L2J","t":"A20N"},"B09":{"t":"M20T"},"B0C":{"t":"FA10"},"B0D":{"desc":"L1P"},"B10":{"desc":"H8E"},"B1F":{"t":"P32R"},"B21":{"t":"C208"},"B22":{"t":"SF50"},"B26":{"desc":"L2P"},"B28":{"t":"T206"},"B29":{"t":"C560"},"B2C":{"desc":"H1T"},"B2D":{"t":"H269"},"B31":{"t":"C303"},"B32":{"t":"GLF6"},"B35":{"t":"BALL"},"B37":{"desc":"L2P"},"B3A":{"t":"BE36"},"B3F":{"desc":"L1P"},"B40":{"t":"BE55"},"B43":{"t":"PC12"},"B44":{"t":"CL30"},"B45":{"desc":"L1P","t":"ULAC"},"B48":{"t":"LJ60"},"B4D":{"t":"C303"},"B53":{"desc":"L1P"},"B54":{"t":"P46T"},"B59":{"t":"C82S"},"B5B":{"t":"BE33"},"B5C":{"t":"S22T"},"B5E":{"desc":"L1P"},"B60":{"t":"B733"},"B61":{"t":"C303"},"B62":{"t":"GLID"},"B69":{"t":"C303"},"B6A":{"desc":"L1P"},"B71":{"desc":"L1P","t":"ULAC"},"B74":{"t":"C210"},"B7A":{"t":"LJ45"},"B7B":{"t":"C172"},"B7D":{"desc":"L1P"},"B81":{"t":"PA18"},"B86":{"t":"BE35"},"B8A":{"desc":"L1P"},"B8B":{"desc":"L2T"},"B8C":{"t":"C303"},"B8D":{"desc":"H4E"},"B8E":{"t":"GLID"},"B8F":{"t":"C240"},"B96":{"t":"PA34"},"B98":{"t":"GLF3"},"B99":{"t":"GLID"},"B9A":{"t":"GLID"},"B9B":{"t":"GLID"},"B9C":{"t":"E50P"},"B9E":{"desc":"L1P"},"B9F":{"desc":"L1P"},"BA3":{"t":"BE36"},"BA6":{"t":"GLID"},"BB5":{"desc":"L1P"},"BBC":{"desc":"L1P"},"BBD":{"t":"PA44"},"BBE":{"t":"C303"},"BBF":{"t":"C650"},"BC4":{"t":"EC35"},"BC7":{"t":"SR22"},"BC8":{"t":"FA50"},"BCA":{"t":"P28R"},"BCB":{"t":"CRJ9"},"BCD":{"t":"BALL"},"BE4":{"t":"GLID"},"BE6":{"t":"E55P"},"BEF":{"t":"BE58"},"BF1":{"t":"PA34"},"BF3":{"desc":"L2J","t":"B38M"},"BF4":{"t":"P28A"},"BF5":{"desc":"L2J","t":"B38M"},"BF6":{"t":"C172"},"BF7":{"t":"C185"},"BFA":{"t":"BE55"},"BFC":{"desc":"L1P"},"BFE":{"t":"B350"},"BFF":{"desc":"L1P"},"C00":{"desc":"L1P"},"C02":{"desc":"L1P"},"C03":{"desc":"L1P"},"C06":{"desc":"H6E"},"C08":{"t":"BE36"},"C09":{"t":"BL8"},"C0F":{"desc":"L1P"},"C12":{"t":"CH7B"},"C17":{"t":"SR22"},"C18":{"t":"GLID"},"C19":{"t":"C172"},"C1E":{"desc":"L2J"},"C20":{"t":"PA18"},"C21":{"t":"ECHO"},"C22":{"desc":"L1P"},"C24":{"desc":"L1P"},"C27":{"t":"E55P"},"C2C":{"t":"GLID"},"C2E":{"t":"GLF4"},"C31":{"t":"PAY2"},"C32":{"t":"BE36"},"C35":{"t":"B742"},"C39":{"t":"P208"},"C3A":{"desc":"L1P"},"C47":{"t":"B763"},"C52":{"t":"P28A"},"C5B":{"t":"SF50"},"C5E":{"t":"B06"},"C60":{"t":"GLID"},"C63":{"t":"B212"},"C6C":{"t":"C303"},"C6D":{"desc":"A1P"},"C71":{"desc":"L1P"},"C7C":{"t":"CL30"},"C80":{"t":"C303"},"C82":{"t":"HUSK"},"C84":{"t":"C182"},"C87":{"desc":"L1P"},"C96":{"t":"G280"},"C9A":{"t":"LJ45"},"CB6":{"desc":"L1P"},"CCF":{"desc":"L1P","t":"ULAC"},"CD2":{"t":"AT3T"},"CD3":{"t":"BE36"},"CD4":{"t":"C172"},"CD5":{"t":"C182"},"CD6":{"t":"BE9L"},"CD8":{"t":"P32T"},"CDA":{"t":"AT8T"},"CDB":{"t":"P28R"},"CDC":{"t":"C162"},"CDE":{"t":"AT8T"},"CDF":{"t":"BALL"},"CE0":{"t":"BE36"},"CE2":{"t":"C172"},"CE3":{"t":"C150"},"CE5":{"t":"C162"},"CE6":{"t":"C182"},"CE9":{"t":"BE33"},"CEA":{"t":"C177"},"CEB":{"t":"C177"},"CEC":{"t":"C177"},"CEE":{"t":"T6"},"CEF":{"t":"C177"},"CF0":{"t":"C177"},"CF3":{"t":"P32T"},"CF4":{"t":"C195"},"CF6":{"t":"PA44"},"CF8":{"t":"C182"},"CFC":{"t":"P28T"},"CFD":{"t":"C310"},"CFF":{"t":"C120"},"D01":{"t":"BE36"},"D02":{"t":"C310"},"D05":{"t":"C172"},"D07":{"t":"P28A"},"D09":{"t":"C182"},"D0A":{"t":"M7"},"D0B":{"t":"BALL"},"D0C":{"t":"C177"},"D0D":{"t":"J5"},"D0F":{"t":"P32T"},"D10":{"t":"BE24"},"D11":{"t":"C177"},"D12":{"t":"C177"},"D14":{"desc":"H1P"},"D16":{"t":"PA34"},"D17":{"t":"C195"},"D18":{"t":"BE35"},"D19":{"t":"C162"},"D1A":{"t":"CH7A"},"D1B":{"t":"C162"},"D1C":{"desc":"L1P"},"D1E":{"t":"C150"},"D1F":{"t":"P28T"},"D20":{"t":"BE36"},"D21":{"t":"PA12"},"D23":{"t":"PA23"},"D24":{"t":"C182"},"D27":{"t":"P28A"},"D28":{"t":"C162"},"D29":{"t":"C208"},"D2A":{"t":"BE35"},"D2B":{"t":"C150"},"D30":{"t":"P28A"},"D31":{"t":"J3"},"D33":{"t":"P28R"},"D36":{"t":"C177"},"D37":{"t":"J3"},"D3A":{"t":"BE58"},"D3B":{"t":"BE35"},"D3C":{"t":"P28A"},"D3D":{"t":"CH7A"},"D3E":{"t":"M7"},"D40":{"t":"AT8T"},"D43":{"t":"C182"},"D44":{"t":"P28S"},"D45":{"t":"PA44"},"D47":{"t":"C182"},"D49":{"t":"C150"},"D4A":{"t":"P28A"},"D4B":{"t":"C162"},"D4D":{"t":"P28B"},"D50":{"t":"PA22"},"D52":{"t":"C177"},"D5A":{"t":"J3"},"D5E":{"t":"BE36"},"D61":{"desc":"L1P"},"D62":{"t":"P28A"},"D63":{"t":"ERCO"},"D64":{"t":"C170"},"D66":{"t":"C310"},"D68":{"t":"C120"},"D69":{"t":"C208"},"D6A":{"t":"P28A"},"D6C":{"t":"C150"},"D6D":{"t":"C320"},"D6E":{"t":"C172"},"D6F":{"t":"M7"},"D70":{"t":"M7"},"D71":{"t":"C150"},"D72":{"t":"C162"},"D73":{"t":"PA22"},"D74":{"t":"J4"},"D76":{"t":"J4"},"D77":{"t":"J4"},"D78":{"t":"BE33"},"D7A":{"t":"C177"},"D7B":{"t":"C177"},"D7C":{"t":"J4"},"D80":{"t":"C195"},"D82":{"t":"P28A"},"D83":{"t":"CH7A"},"D84":{"t":"R22"},"D88":{"t":"P28U"},"D8B":{"t":"PA44"},"D91":{"t":"C172"},"D93":{"t":"BE36"},"D94":{"t":"C150"},"D95":{"t":"C182"},"D98":{"t":"TAMP"},"D99":{"t":"J3"},"D9A":{"t":"C177"},"D9B":{"t":"J5"},"D9D":{"t":"BALL"},"D9E":{"t":"C177"},"D9F":{"t":"J3"},"DA4":{"t":"BE35"},"DA5":{"t":"C310"},"DA8":{"desc":"L1P"},"DAA":{"t":"P32R"},"DAD":{"t":"PA12"},"DAF":{"t":"C162"},"DB0":{"t":"C182"},"DB2":{"t":"C150"},"DB3":{"t":"BALL"},"DB6":{"t":"BE60"},"DB7":{"t":"C150"},"DB8":{"t":"C182"},"DB9":{"t":"PA22"},"DBB":{"t":"J3"},"DBC":{"desc":"L1P","t":"ULAC"},"DBE":{"t":"C162"},"DBF":{"t":"C162"},"DC0":{"t":"J3"},"DC2":{"t":"J5"},"DC3":{"t":"J3"},"DC6":{"t":"C195"},"DC7":{"t":"C162"},"DC9":{"t":"P28A"},"DCA":{"t":"P28A"},"DCE":{"t":"P28U"},"DD1":{"t":"C140"},"DD3":{"t":"C182"},"DD4":{"t":"SS2T"},"DD6":{"t":"C162"},"DD7":{"t":"P28B"},"DDA":{"t":"AT5T"},"DDC":{"t":"P28A"},"DDD":{"t":"C172"},"DDE":{"t":"P32T"},"DDF":{"t":"J3"},"DE0":{"t":"C162"},"DE1":{"t":"T210"},"DE2":{"t":"J3"},"DE5":{"t":"P28A"},"DE6":{"t":"J5"},"DE8":{"t":"AT6T"},"DE9":{"t":"P28B"},"DED":{"t":"C182"},"DEF":{"t":"ERCO"},"DF0":{"t":"C150"},"DF1":{"t":"GLID"},"DF2":{"t":"P28A"},"DF4":{"t":"P28A"},"DF5":{"t":"AT3T"},"DF6":{"t":"P28A"},"DF8":{"t":"C150"},"DF9":{"t":"P28A"},"DFA":{"t":"P28B"},"DFF":{"t":"PA22"},"E01":{"t":"P32T"},"E02":{"t":"P28A"},"E03":{"t":"C162"},"E04":{"t":"C150"},"E05":{"t":"P28A"},"E07":{"t":"C177"},"E08":{"t":"C177"},"E0D":{"t":"BE35"},"E0E":{"t":"P28A"},"E0F":{"t":"CH7A"},"E10":{"t":"R44"},"E11":{"desc":"L1P","t":"ULAC"},"E12":{"t":"ERCO"},"E14":{"t":"P28U"},"E15":{"t":"TOBA"},"E18":{"desc":"L1P","t":"TB0"},"E1B":{"desc":"L1P","t":"TB0"},"E1C":{"t":"C320"},"E1D":{"t":"BALL"},"E1E":{"t":"C150"},"E1F":{"t":"P28B"},"E21":{"t":"C162"},"E22":{"t":"PA22"},"E23":{"t":"C177"},"E25":{"t":"J3"},"E26":{"t":"C177"},"E29":{"t":"C177"},"E2A":{"t":"P46T"},"E2C":{"t":"C177"},"E30":{"t":"GLID"},"E33":{"t":"SF34"},"E34":{"t":"DA40"},"E35":{"t":"SF34"},"E3A":{"t":"GLID"},"E42":{"t":"A320"},"E46":{"t":"GLID"},"E47":{"t":"BE35"},"E49":{"t":"BALL"},"E4A":{"desc":"H4E"},"E4F":{"desc":"L2J"},"E52":{"t":"GLID"},"E55":{"t":"C525"},"E58":{"t":"GLID"},"E5A":{"t":"GLID"},"E60":{"t":"HUSK"},"E62":{"t":"GLID"},"E63":{"t":"GLEX"},"E64":{"desc":"L1P","t":"ULAC"},"E67":{"t":"C182"},"E68":{"t":"B06"},"E6B":{"t":"GLID"},"E6E":{"t":"C172"},"E72":{"t":"CL60"},"E78":{"t":"GLID"},"E79":{"desc":"L1P","t":"ULAC"},"E7B":{"t":"C182"},"E7C":{"desc":"L1P"},"E7D":{"t":"GLID"},"E7E":{"t":"B350"},"E7F":{"t":"CH7B"},"E82":{"t":"GLID"},"E83":{"desc":"L1P","t":"ULAC"},"E86":{"t":"A321"},"E88":{"t":"B737"},"E89":{"desc":"L1P"},"E8B":{"desc":"L1P"},"E8C":{"t":"BCS3"},"E8D":{"t":"PC24"},"E8E":{"t":"C152"},"E9B":{"t":"RV12"},"EA2":{"t":"DA42"},"EAF":{"t":"A139"},"EB0":{"t":"DC10"},"EB6":{"t":"E55P"},"EBB":{"desc":"L2J","t":"A20N"},"EBD":{"t":"GLID"},"EC4":{"t":"GLID"},"ECA":{"t":"GLID"},"ECC":{"t":"GLID"},"ED5":{"desc":"L1P"},"ED6":{"t":"GLID"},"ED8":{"t":"E55P"},"EDA":{"t":"PC12"},"EDE":{"t":"UH1"},"EE2":{"t":"CL60"},"EE4":{"t":"R44"},"EF1":{"t":"GLID"},"EF6":{"t":"GLID"},"EF8":{"t":"E190"},"EFA":{"t":"GLID"},"EFB":{"desc":"L1P"},"F02":{"t":"RV12"},"F04":{"t":"B47G"},"F07":{"t":"BE30"},"F08":{"desc":"L2P"},"F0B":{"t":"C340"},"F0F":{"t":"F900"},"F12":{"t":"CL30"},"F15":{"desc":"L1P"},"F17":{"t":"B733"},"F1B":{"t":"E75L"},"F28":{"t":"GLID"},"F29":{"t":"PA46"},"F2B":{"desc":"H1P"},"F2C":{"desc":"H6E"},"F30":{"t":"C68A"},"F39":{"t":"GLID"},"F42":{"t":"M20T"},"F44":{"t":"C421"},"F45":{"desc":"L1P"},"F46":{"t":"EC45"},"F49":{"t":"B06"},"F51":{"t":"C56X"},"F53":{"t":"GLID"},"F56":{"t":"BE36"},"F5A":{"desc":"L1P"},"F66":{"t":"GLID"},"F6C":{"desc":"L1P"},"F73":{"t":"PA18"},"F74":{"desc":"H6E"},"F75":{"desc":"L1P","t":"ULAC"},"F76":{"t":"C650"},"F77":{"t":"B06"},"F7B":{"t":"EC35"},"F7C":{"t":"GLID"},"F7F":{"t":"GLID"},"F82":{"t":"CRJ9"},"F83":{"desc":"L1P"},"F84":{"t":"CL30"},"F85":{"t":"PC12"},"F9D":{"t":"E55P"},"FA6":{"desc":"L1P"},"FA7":{"desc":"L2J","t":"B38M"},"FAB":{"desc":"L1P"},"FAC":{"t":"GLID"},"FAE":{"t":"CL30"},"FAF":{"t":"GLID"},"FB1":{"t":"GLID"},"FB6":{"t":"GLID"},"FB7":{"desc":"L1P","t":"ULAC"},"FBD":{"desc":"H6E"},"FBF":{"t":"GLID"},"FC0":{"desc":"L1P"},"FC2":{"t":"B06"},"FC4":{"desc":"L1P"},"FC6":{"t":"BE30"},"FC7":{"t":"GLID"},"FCC":{"t":"B06"},"FD5":{"desc":"L2J"},"FDA":{"t":"C25B"},"FE0":{"t":"GLID"},"FE3":{"t":"GLID"},"FE9":{"t":"CL60"},"FED":{"t":"C25B"},"FF1":{"desc":"L1P"},"FFE":{"t":"B763"}}