{"001":{"desc":"L1P"},"002":{"t":"C320"},"00A":{"t":"SR22"},"00B":{"t":"C320"},"00D":{"t":"EC35"},"017":{"desc":"L2T"},"01A":{"t":"PC12"},"020":{"t":"B763"},"023":{"t":"A320"},"02E":{"t":"C320"},"031":{"desc":"H1P"},"03B":{"desc":"L1P","t":"ULAC"},"044":{"desc":"L1P"},"045":{"t":"PC12"},"048":{"t":"BE58"},"04E":{"desc":"L1P"},"04F":{"t":"M20P"},"055":{"desc":"L1P"},"059":{"t":"M20P"},"06B":{"desc":"L1P"},"06E":{"desc":"L1P"},"076":{"desc":"L1P"},"08F":{"desc":"L1P"},"0AA":{"t":"PA22"},"0AB":{"t":"C170"},"0AD":{"t":"C172"},"0AF":{"t":"PA22"},"0B1":{"t":"C150"},"0B2":{"t":"GC1"},"0B3":{"t":"C310"},"0B4":{"t":"PA12"},"0B5":{"t":"BE36"},"0B8":{"t":"P28R"},"0B9":{"t":"C182"},"0BB":{"t":"C182"},"0BC":{"t":"ULAC"},"0BD":{"t":"PA32"},"0BF":{"t":"C182"},"0C0":{"t":"PA22"},"0C1":{"t":"WACF"},"0C2":{"t":"WACF"},"0C4":{"t":"P28A"},"0C5":{"t":"P28A"},"0C6":{"t":"WACF"},"0C7":{"t":"WACF"},"0C8":{"t":"WACF"},"0C9":{"t":"P28A"},"0CA":{"t":"C208"},"0CE":{"t":"BE35"},"0CF":{"t":"C180"},"0D0":{"t":"AR11"},"0D2":{"t":"M20P"},"0D3":{"t":"ERCO"},"0D4":{"t":"C150"},"0D6":{"t":"M20P"},"0DB":{"t":"YK50"},"0DC":{"t":"C182"},"0DE":{"desc":"L1P"},"0E1":{"t":"C150"},"0E3":{"t":"PA22"},"0E5":{"t":"WACF"},"0E7":{"t":"WACF"},"0E9":{"t":"PA34"},"0EA":{"t":"WACF"},"0EC":{"t":"WACF"},"0ED":{"t":"P28A"},"0EE":{"desc":"L1P"},"0F1":{"t":"C182"},"0F2":{"t":"B06"},"0F3":{"t":"AR11"},"0F6":{"t":"CH7B"},"0F8":{"t":"GC1"},"0F9":{"t":"C172"},"0FD":{"t":"B06"},"0FF":{"desc":"L1P"},"101":{"t":"BALL"},"105":{"t":"BALL"},"107":{"t":"P28R"},"108":{"t":"WACF"},"10A":{"t":"WACF"},"10B":{"t":"WACF"},"10C":{"t":"P28B"},"10D":{"t":"WACF"},"10E":{"t":"WACF"},"10F":{"t":"P28A"},"112":{"t":"C170"},"116":{"t":"AR11"},"117":{"t":"M20P"},"118":{"t":"R44"},"11D":{"t":"PA12"},"122":{"desc":"L1P","t":"ULAC"},"124":{"t":"C182"},"125":{"t":"BE35"},"12A":{"t":"P28A"},"12C":{"t":"WACF"},"12F":{"t":"WACF"},"131":{"t":"PA32"},"133":{"t":"WACF"},"138":{"t":"C180"},"13B":{"t":"T6"},"13D":{"t":"C150"},"141":{"t":"J3"},"145":{"desc":"L1P"},"147":{"t":"C182"},"14A":{"t":"C150"},"14D":{"t":"P28A"},"14F":{"t":"P28A"},"150":{"t":"P28A"},"152":{"t":"WACF"},"154":{"t":"P28R"},"156":{"t":"WACF"},"158":{"t":"C170"},"159":{"t":"PA22"},"15D":{"t":"M20P"},"160":{"t":"M20P"},"164":{"t":"J3"},"16A":{"t":"C182"},"16B":{"t":"BE36"},"16D":{"t":"C150"},"172":{"t":"P28A"},"173":{"t":"WACF"},"174":{"desc":"L1P"},"176":{"t":"P28A"},"179":{"t":"P28A"},"17C":{"t":"PA22"},"17E":{"t":"C180"},"17F":{"t":"C172"},"183":{"t":"BT36"},"185":{"t":"BE35"},"186":{"t":"R44"},"187":{"desc":"L1P"},"18B":{"t":"C182"},"18D":{"t":"C182"},"191":{"t":"BE36"},"193":{"t":"WACF"},"196":{"t":"WACF"},"197":{"desc":"L1T"},"198":{"t":"WACF"},"199":{"t":"P28A"},"19A":{"t":"P28A"},"19B":{"t":"P28A"},"19C":{"t":"P28A"},"19E":{"t":"C170"},"1A1":{"desc":"L1P"},"1A2":{"t":"C172"},"1A3":{"t":"M20P"},"1A7":{"t":"GC1"},"1A8":{"t":"BE36"},"1AB":{"t":"PA23"},"1AD":{"t":"P28R"},"1AE":{"t":"C182"},"1B0":{"t":"C182"},"1B2":{"t":"PA32"},"1B6":{"t":"P28A"},"1B7":{"t":"WACF"},"1B9":{"t":"WACF"},"1BA":{"t":"WACF"},"1BC":{"t":"WACF"},"1BD":{"desc":"L1P"},"1BF":{"t":"WACF"},"1C1":{"t":"C170"},"1C2":{"t":"PA22"},"1C7":{"t":"BALL"},"1C9":{"t":"C150"},"1CE":{"desc":"L1P"},"1D1":{"t":"C182"},"1D3":{"t":"C182"},"1D4":{"t":"BE35"},"1D5":{"desc":"L1P"},"1D6":{"t":"C150"},"1D7":{"t":"C182"},"1D8":{"desc":"L1P"},"1D9":{"t":"WACF"},"1DB":{"t":"P28A"},"1DD":{"t":"WACF"},"1DE":{"desc":"L1P"},"1DF":{"t":"GLID"},"1E2":{"t":"P28B"},"1E4":{"t":"BALL"},"1E5":{"t":"PA22"},"1E6":{"t":"BE35"},"1E7":{"t":"BE58"},"1EC":{"t":"BE36"},"1EE":{"desc":"L1P"},"1EF":{"t":"BALL"},"1F0":{"t":"J3"},"1F1":{"t":"PA23"},"1F6":{"t":"C182"},"1F9":{"desc":"L1T"},"1FD":{"t":"WACF"},"200":{"t":"WACF"},"201":{"t":"P28A"},"203":{"t":"P28A"},"205":{"t":"P28A"},"206":{"desc":"L1T"},"207":{"t":"BE35"},"209":{"t":"AC11"},"20A":{"t":"PA27"},"20B":{"t":"GLID"},"20E":{"t":"PA46"},"211":{"t":"F900"},"212":{"t":"C172"},"213":{"t":"BL17"},"215":{"t":"F2TH"},"217":{"desc":"L1P"},"218":{"t":"AEST"},"219":{"t":"AT5T"},"21C":{"t":"B06"},"21D":{"desc":"L1J"},"21E":{"t":"C182"},"21F":{"t":"SR22"},"220":{"t":"BE35"},"221":{"t":"C208"},"222":{"desc":"L1P"},"223":{"t":"BL8"},"224":{"desc":"L1P"},"226":{"t":"BE20"},"227":{"t":"SR22"},"228":{"desc":"L1P"},"22B":{"t":"P210"},"22C":{"t":"C172"},"22E":{"t":"T210"},"230":{"t":"SR22"},"231":{"t":"C182"},"232":{"t":"RV12"},"233":{"t":"C310"},"234":{"desc":"L1P"},"235":{"t":"BE35"},"236":{"t":"COL4"},"237":{"desc":"L1P"},"238":{"desc":"L1P"},"239":{"t":"PA18"},"23A":{"desc":"A1P"},"23C":{"t":"PA27"},"23E":{"t":"C421"},"23F":{"t":"SR22"},"240":{"t":"AEST"},"241":{"t":"C210"},"243":{"t":"DA40"},"244":{"t":"C56X"},"245":{"t":"B763"},"249":{"t":"PA46"},"24B":{"t":"C172"},"24C":{"desc":"L1P"},"24D":{"t":"SF50"},"24E":{"t":"TBM7"},"24F":{"desc":"L1P"},"250":{"desc":"L2T"},"252":{"t":"AA1"},"253":{"t":"AT3T"},"254":{"t":"BE33"},"255":{"t":"BALL"},"256":{"t":"B58T"},"259":{"t":"C210"},"25A":{"t":"A321"},"25C":{"t":"C182"},"25E":{"desc":"L1P"},"25F":{"t":"P28A"},"260":{"t":"PA32"},"262":{"t":"P28A"},"263":{"t":"BE35"},"264":{"t":"SR20"},"266":{"t":"BE36"},"267":{"t":"C310"},"26A":{"t":"BE9L"},"26C":{"t":"CRJ2"},"26D":{"desc":"L1P"},"26E":{"t":"PA18"},"270":{"t":"C182"},"271":{"desc":"L1P"},"273":{"t":"M20T"},"274":{"t":"F2TH"},"276":{"t":"M20P"},"277":{"t":"C525"},"279":{"t":"C172"},"27C":{"t":"AA5"},"283":{"t":"ULAC"},"284":{"t":"BE20"},"287":{"desc":"L1P","t":"ULAC"},"289":{"t":"DC10"},"28A":{"t":"M20T"},"28F":{"t":"SR22"},"295":{"t":"DA40"},"296":{"t":"FDCT"},"297":{"t":"PAY2"},"29E":{"t":"AT5T"},"29F":{"t":"P28B"},"2A1":{"t":"AA5"},"2A5":{"t":"WACF"},"2A7":{"t":"SR22"},"2A9":{"t":"MU2"},"2AD":{"t":"R66"},"2AE":{"t":"S22T"},"2AF":{"desc":"L1P"},"2B1":{"t":"GLF5"},"2B2":{"t":"C182"},"2B6":{"t":"C414"},"2B7":{"t":"C421"},"2B8":{"t":"SR22"},"2B9":{"t":"GLID"},"2BC":{"desc":"L1P"},"2BF":{"t":"HDJT"},"2C2":{"t":"HUSK"},"2C4":{"t":"PA32"},"2C8":{"t":"SR22"},"2CB":{"t":"C182"},"2D0":{"desc":"L1P"},"2D1":{"t":"AA5"},"2D3":{"desc":"L1P"},"2D4":{"t":"DA40"},"2D6":{"desc":"L1P"},"2D7":{"t":"C414"},"2DA":{"desc":"H4E"},"2DB":{"t":"S22T"},"2DC":{"t":"ULAC"},"2DD":{"t":"C185"},"2DF":{"t":"BT36"},"2E1":{"t":"BE36"},"2E3":{"desc":"L1P"},"2E8":{"t":"GLID"},"2E9":{"t":"P32R"},"2EA":{"t":"C337"},"2EB":{"desc":"L1P"},"2EC":{"desc":"L1T"},"2ED":{"desc":"A1P"},"2EE":{"desc":"L1P"},"2F1":{"desc":"L1P"},"2F2":{"t":"C182"},"2F3":{"t":"M20P"},"2F4":{"t":"E50P"},"2F8":{"t":"C550"},"2FC":{"t":"GLID"},"301":{"desc":"L2P"},"302":{"t":"P32T"},"303":{"t":"PAY2"},"305":{"t":"TAYB"},"308":{"t":"T210"},"309":{"t":"PAY4"},"30B":{"desc":"L1P"},"30C":{"t":"S22T"},"30D":{"desc":"L1P"},"30E":{"t":"EC35"},"313":{"t":"S22T"},"314":{"desc":"L1P"},"31B":{"t":"P32R"},"31D":{"t":"PTS2"},"31E":{"t":"M20P"},"31F":{"t":"C172"},"321":{"desc":"H1P"},"323":{"t":"BE23"},"325":{"desc":"L1P"},"326":{"t":"C185"},"328":{"t":"AA5"},"32A":{"desc":"L1P"},"32B":{"t":"H25B"},"32C":{"t":"SR22"},"330":{"t":"PC12"},"333":{"t":"BE55"},"334":{"desc":"L1P"},"335":{"t":"A319"},"336":{"t":"PA27"},"338":{"t":"SR20"},"33B":{"t":"C208"},"33F":{"t":"BALL"},"347":{"t":"A319"},"349":{"desc":"L1P"},"34C":{"t":"BE20"},"34D":{"t":"C172"},"34E":{"desc":"L1P"},"34F":{"t":"T210"},"350":{"t":"R66"},"351":{"desc":"H1T"},"352":{"t":"DA40"},"353":{"t":"S22T"},"356":{"desc":"L1P"},"358":{"t":"SR22"},"35A":{"t":"C182"},"35C":{"t":"R44"},"35D":{"desc":"G1P"},"35E":{"desc":"L1P"},"360":{"t":"ULAC"},"361":{"t":"C82S"},"362":{"desc":"L1P"},"365":{"t":"C82R"},"368":{"t":"M20T"},"376":{"t":"GLID"},"37F":{"t":"PA18"},"380":{"t":"C180"},"381":{"desc":"L1P"},"382":{"desc":"L1P"},"385":{"t":"SR20"},"386":{"t":"BL17"},"388":{"t":"M20T"},"389":{"desc":"L2J","t":"B38M"},"38A":{"t":"M20T"},"38C":{"t":"C340"},"38E":{"t":"BE55"},"390":{"t":"P68"},"392":{"desc":"L1P"},"394":{"t":"EC35"},"396":{"t":"C182"},"398":{"t":"HUSK"},"399":{"t":"RV12"},"39C":{"t":"SR22"},"39F":{"t":"P28A"},"3A0":{"t":"PA31"},"3A1":{"t":"R44"},"3A2":{"t":"SR20"},"3A3":{"t":"C25B"},"3A4":{"desc":"L1P"},"3A5":{"t":"PA32"},"3A7":{"desc":"L1P"},"3A8":{"t":"GLID"},"3A9":{"desc":"L1J"},"3AD":{"desc":"L1P"},"3AE":{"desc":"A1P"},"3B0":{"t":"PA18"},"3B1":{"desc":"L1P"},"3B2":{"t":"BE36"},"3B3":{"t":"M20T"},"3B4":{"desc":"L1P"},"3B5":{"desc":"A1P"},"3B6":{"desc":"L1P"},"3B7":{"desc":"L2J","t":"B38M"},"3B9":{"t":"C172"},"3BB":{"t":"M7"},"3BC":{"desc":"L1P"},"3C0":{"t":"BE9T"},"3C1":{"t":"S22T"},"3C2":{"t":"S22T"},"3C4":{"t":"R44"},"3C6":{"t":"C150"},"3D7":{"desc":"L1P"},"3DA":{"t":"A320"},"3DB":{"t":"RV12"},"3E3":{"t":"C650"},"3E4":{"t":"PA18"},"3E5":{"t":"GLEX"},"3E7":{"desc":"L1P"},"3E8":{"t":"E300"},"3E9":{"desc":"A1P"},"3EC":{"t":"PC12"},"3F2":{"desc":"L1P","t":"ULAC"},"3F4":{"desc":"L1P"},"3F6":{"desc":"H1T"},"3FA":{"t":"GLID"},"3FB":{"t":"SR20"},"3FC":{"t":"GL5T"},"3FD":{"t":"J3"},"3FE":{"desc":"L1P"},"3FF":{"t":"S22T"},"400":{"t":"R66"},"401":{"t":"C172"},"403":{"t":"C182"},"407":{"t":"BE58"},"409":{"t":"BE36"},"40B":{"t":"SR22"},"40C":{"t":"AA5"},"40D":{"t":"PA18"},"40F":{"t":"BE58"},"410":{"t":"BE33"},"412":{"desc":"L1P"},"414":{"t":"BE35"},"425":{"t":"GLID"},"426":{"desc":"L1P"},"42A":{"desc":"L1P"},"42D":{"desc":"H1P"},"435":{"t":"P32R"},"45F":{"t":"PA22"},"462":{"t":"BALL"},"464":{"t":"PA12"},"466":{"desc":"L1P"},"467":{"t":"ERCO"},"469":{"t":"GC1"},"46B":{"desc":"L1P"},"46C":{"t":"H25B"},"46D":{"t":"P210"},"46F":{"t":"BALL"},"470":{"t":"C182"},"471":{"desc":"H1P"},"472":{"t":"C182"},"476":{"t":"C182"},"479":{"t":"P28A"},"47A":{"t":"TAYB"},"47B":{"t":"P28A"},"47C":{"t":"BALL"},"47D":{"t":"WACF"},"47F":{"t":"WACF"},"482":{"desc":"L1P"},"483":{"t":"C170"},"484":{"t":"PA22"},"485":{"t":"BE35"},"486":{"t":"C180"},"487":{"t":"C172"},"488":{"t":"PA11"},"48A":{"t":"J3"},"48B":{"t":"C150"},"48D":{"t":"BE35"},"48F":{"t":"B06"},"490":{"t":"PA23"},"491":{"t":"M9"},"492":{"desc":"L1T","t":"SS2P"},"493":{"t":"C182"},"495":{"t":"BE58"},"497":{"t":"GLID"},"499":{"t":"C182"},"49A":{"t":"BALL"},"49D":{"t":"WACF"},"49F":{"t":"WACF"},"4A0":{"t":"P28A"},"4A2":{"t":"PA32"},"4A6":{"t":"BALL"},"4A8":{"t":"M20P"},"4A9":{"t":"BE36"},"4AA":{"t":"M20T"},"4AB":{"t":"M20P"},"4AC":{"t":"BT36"},"4AE":{"t":"C150"},"4AF":{"desc":"L1P"},"4B0":{"t":"C172"},"4B1":{"t":"BE33"},"4B3":{"t":"J3"},"4B4":{"t":"P28A"},"4B6":{"desc":"L1P"},"4B7":{"t":"C177"},"4B9":{"t":"BE35"},"4BF":{"t":"GLID"},"4C1":{"t":"P28A"},"4C2":{"t":"P28A"},"4C3":{"t":"WACF"},"4C4":{"t":"WACF"},"4C5":{"t":"WACF"},"4C6":{"t":"P28A"},"4C7":{"t":"P28R"},"4CA":{"t":"BALL"},"4CC":{"t":"BE36"},"4CD":{"t":"CH7A"},"4D0":{"t":"BALL"},"4D5":{"t":"J3"},"4D9":{"t":"C182"},"4DA":{"t":"BALL"},"4DD":{"t":"PA32"},"4DE":{"t":"C150"},"4DF":{"t":"C182"},"4E0":{"t":"PA22"},"4E4":{"t":"WACF"},"4E5":{"t":"WACF"},"4E6":{"t":"WACF"},"4E7":{"t":"WACF"},"4E8":{"t":"WACF"},"4EA":{"t":"PA32"},"4EE":{"t":"BE35"},"4EF":{"t":"PA18"},"4F1":{"t":"M20P"},"4F4":{"t":"RV12"},"4F5":{"t":"GC1"},"4FB":{"t":"BE33"},"4FC":{"t":"PA18"},"4FD":{"t":"C177"},"4FE":{"t":"C182"},"500":{"t":"PA32"},"503":{"t":"BE36"},"504":{"desc":"L1P"},"505":{"t":"WACF"},"507":{"t":"BALL"},"508":{"t":"WACF"},"50B":{"t":"WACF"},"50D":{"t":"WACF"},"50F":{"t":"C170"},"511":{"t":"BE35"},"512":{"t":"BE36"},"514":{"t":"M20P"},"51A":{"desc":"L1P"},"520":{"t":"C177"},"521":{"t":"BE36"},"523":{"t":"PA32"},"524":{"t":"C150"},"526":{"t":"PA22"},"528":{"t":"P28A"},"52A":{"t":"WACF"},"52D":{"t":"P28A"},"52E":{"t":"WACF"},"52F":{"t":"WACF"},"530":{"t":"WACF"},"531":{"t":"PA30"},"532":{"t":"BE36"},"534":{"t":"BE35"},"535":{"t":"BE36"},"536":{"t":"C172"},"537":{"t":"M20P"},"53B":{"t":"BE9L"},"53D":{"t":"C414"},"540":{"t":"P28S"},"543":{"t":"C177"},"545":{"t":"C150"},"549":{"t":"BE36"},"54A":{"t":"P28A"},"54B":{"t":"P28A"},"54C":{"t":"WACF"},"54F":{"t":"P28A"},"552":{"t":"WACF"},"553":{"t":"P28A"},"554":{"desc":"L1P"},"557":{"t":"BE35"},"559":{"t":"BE36"},"55B":{"t":"H25B"},"55D":{"t":"C150"},"560":{"t":"BE36"},"565":{"t":"C182"},"567":{"t":"C185"},"568":{"t":"M7"},"569":{"t":"PA32"},"56B":{"t":"C182"},"56C":{"t":"PA22"},"56D":{"t":"P28A"},"56E":{"t":"P28A"},"56F":{"t":"P28R"},"570":{"desc":"L1P"},"574":{"t":"P28A"},"575":{"t":"P28A"},"576":{"t":"WACF"},"579":{"t":"BALL"},"57B":{"t":"C180"},"580":{"t":"C150"},"581":{"t":"C150"},"582":{"t":"BALL"},"583":{"t":"PA12"},"589":{"t":"C177"},"58A":{"t":"C182"},"58D":{"t":"BE36"},"58E":{"t":"C182"},"591":{"t":"P28A"},"593":{"t":"WACF"},"596":{"t":"WACF"},"597":{"t":"PA32"},"599":{"t":"P28A"},"59D":{"t":"BE35"},"5A1":{"t":"PA18"},"5A2":{"t":"ERCO"},"5A4":{"desc":"L2P"},"5A5":{"t":"C172"},"5A9":{"t":"BALL"},"5AA":{"t":"P28R"},"5AB":{"t":"C182"},"5AE":{"t":"BALL"},"5B0":{"desc":"L1P"},"5B1":{"t":"BALL"},"5B4":{"t":"P28A"},"5B5":{"t":"P28A"},"5B6":{"t":"WACF"},"5B7":{"t":"P28A"},"5B9":{"t":"P28R"},"5BA":{"t":"PA32"},"5BB":{"t":"P28A"},"5BC":{"t":"WACF"},"5C0":{"t":"FDCT"},"5C1":{"t":"R66"},"5C6":{"t":"AS50"},"5C7":{"t":"S22T"},"5C9":{"t":"R44"},"5CA":{"t":"SR22"},"5CC":{"t":"CL60"},"5CF":{"t":"M7"},"5D4":{"desc":"L1J"},"5D8":{"t":"L13M"},"5DD":{"t":"C172"},"5DE":{"t":"S22T"},"5DF":{"t":"EA50"},"5E0":{"t":"PRM1"},"5E9":{"t":"LJ45"},"5EC":{"desc":"L1P"},"5F0":{"t":"C320"},"5F2":{"t":"J3"},"5F3":{"t":"PA32"},"5F4":{"t":"SR22"},"5F7":{"t":"C68A"},"5F8":{"desc":"L1P"},"5F9":{"desc":"L1P"},"5FE":{"t":"H269"},"601":{"t":"C182"},"602":{"t":"P28A"},"605":{"t":"SR22"},"60B":{"t":"M20T"},"60C":{"t":"DV20"},"60D":{"t":"M20T"},"60F":{"t":"GLID"},"613":{"t":"T210"},"615":{"t":"M20P"},"616":{"t":"A321"},"617":{"t":"C25A"},"619":{"desc":"L1P"},"61E":{"desc":"L1P"},"622":{"t":"BL8"},"625":{"t":"B06"},"626":{"t":"S22T"},"628":{"t":"P28A"},"629":{"t":"GLID"},"630":{"t":"C172"},"634":{"t":"BE55"},"63B":{"t":"BE33"},"63C":{"t":"GLEX"},"63E":{"t":"PA34"},"63F":{"t":"ST75"},"644":{"t":"F900"},"646":{"t":"E55P"},"64B":{"desc":"L2J","t":"A20N"},"654":{"desc":"L1P"},"657":{"t":"LJ55"},"659":{"t":"R22"},"65E":{"t":"BE9T"},"664":{"desc":"L1P"},"666":{"t":"C550"},"668":{"t":"E55P"},"66D":{"t":"BE17"},"66E":{"t":"C402"},"670":{"t":"P28R"},"674":{"t":"B350"},"67E":{"t":"BE35"},"684":{"t":"HUSK"},"686":{"t":"PA24"},"687":{"t":"BRAV"},"688":{"t":"BE36"},"689":{"t":"C56X"},"696":{"t":"S22T"},"697":{"desc":"L1P"},"69F":{"t":"GLF5"},"6A0":{"t":"S22T"},"6A3":{"t":"C182"},"6AA":{"desc":"L1P"},"6AD":{"desc":"H1P"},"6BA":{"t":"BALL"},"6C3":{"t":"E55P"},"6C6":{"desc":"L1P"},"6C9":{"desc":"L1P","t":"ULAC"},"6CC":{"t":"CL60"},"6D1":{"desc":"H1P"},"6D2":{"t":"C551"},"6D4":{"t":"S22T"},"6D5":{"desc":"L1P"},"6D6":{"t":"PA46"},"6D8":{"desc":"G1P"},"6D9":{"t":"C172"},"6DC":{"t":"R22"},"6DD":{"t":"C82S"},"6DF":{"desc":"L1P"},"6E1":{"t":"BE9L"},"6E2":{"t":"SR22"},"6E3":{"desc":"L1T","t":"M600"},"6E5":{"desc":"L1P"},"6E7":{"desc":"L1P"},"6EA":{"t":"B06"},"6EC":{"t":"A319"},"6EF":{"t":"SR20"},"6F2":{"t":"BE35"},"6FE":{"t":"A319"},"703":{"t":"C441"},"705":{"t":"S22T"},"706":{"t":"BALL"},"70A":{"desc":"L1P","t":"ULAC"},"70B":{"t":"C182"},"70E":{"t":"EA50"},"70F":{"t":"M20P"},"713":{"t":"LJ31"},"715":{"t":"SR22"},"718":{"desc":"L2T"},"71B":{"desc":"A1P"},"71E":{"t":"C182"},"72D":{"t":"E55P"},"735":{"t":"BE9L"},"736":{"desc":"L1P"},"73B":{"desc":"L1P"},"73E":{"t":"BE60"},"741":{"t":"C414"},"745":{"t":"FA20"},"749":{"desc":"L1P"},"74A":{"t":"M20P"},"74B":{"t":"EC35"},"74D":{"desc":"H6E"},"74E":{"desc":"L1P"},"74F":{"t":"BE58"},"750":{"t":"C25C"},"751":{"t":"BE33"},"752":{"desc":"L1P"},"755":{"t":"B744"},"759":{"desc":"L1P"},"75A":{"t":"PA27"},"75C":{"t":"BE55"},"75F":{"t":"P28S"},"760":{"t":"C501"},"764":{"desc":"L1P"},"765":{"t":"E75L"},"767":{"desc":"L1P"},"769":{"desc":"L1P"},"76A":{"t":"R44"},"76C":{"t":"C182"},"76F":{"desc":"L2J","t":"B38M"},"772":{"t":"M20P"},"773":{"t":"M20T"},"777":{"desc":"L1P"},"77C":{"t":"SR22"},"780":{"t":"BE33"},"78E":{"t":"B763"},"799":{"t":"AS50"},"79A":{"t":"C560"},"7A9":{"desc":"L1P","t":"ULAC"},"7B2":{"t":"P32T"},"7B3":{"t":"SR22"},"7B4":{"t":"R44"},"7B6":{"t":"RV12"},"7BE":{"t":"CH7A"},"7C2":{"t":"C182"},"7C7":{"desc":"L1T","t":"M600"},"7C9":{"t":"HUSK"},"7D9":{"desc":"L1P"},"7E4":{"t":"BE35"},"7FD":{"desc":"L1P"},"818":{"t":"BALL"},"819":{"t":"BE35"},"81C":{"desc":"L1P"},"81F":{"t":"BE36"},"821":{"t":"BE9L"},"82B":{"t":"PA32"},"82F":{"t":"P28A"},"832":{"t":"S10"},"833":{"t":"P28A"},"834":{"t":"P28A"},"835":{"t":"P28A"},"836":{"t":"S10"},"837":{"t":"S10"},"838":{"t":"P28A"},"839":{"desc":"L1P"},"83B":{"t":"F2TH"},"845":{"t":"BE9L"},"846":{"t":"ULAC"},"849":{"desc":"L2P"},"84A":{"t":"C182"},"84D":{"t":"C150"},"84E":{"t":"PA32"},"850":{"t":"C182"},"852":{"t":"S10"},"853":{"desc":"L1P","t":"ULAC"},"854":{"t":"ULAC"},"85A":{"t":"S10"},"860":{"t":"C180"},"864":{"t":"ERCO"},"867":{"t":"C172"},"868":{"t":"PA12"},"86A":{"t":"BT36"},"86E":{"desc":"L2P"},"86F":{"t":"BE36"},"870":{"t":"BE35"},"873":{"t":"C182"},"874":{"t":"PA22"},"877":{"t":"S10"},"878":{"t":"P28A"},"87A":{"t":"S10"},"87D":{"t":"P28A"},"87F":{"desc":"L1P"},"881":{"t":"BE36"},"883":{"t":"C180"},"884":{"t":"AR11"},"888":{"t":"C150"},"88A":{"t":"C172"},"88D":{"desc":"L1P"},"891":{"t":"P28A"},"892":{"t":"C182"},"894":{"t":"PA32"},"898":{"t":"PA18"},"89A":{"desc":"L1P"},"8A2":{"desc":"L1P"},"8A3":{"t":"C170"},"8A4":{"t":"PA22"},"8A5":{"t":"C82R"},"8A6":{"t":"C180"},"8A7":{"t":"AR11"},"8A8":{"t":"M20P"},"8AA":{"t":"ERCO"},"8AB":{"desc":"L1P"},"8AC":{"t":"GC1"},"8AE":{"t":"PA12"},"8B0":{"desc":"L1P"},"8B1":{"t":"BE36"},"8B3":{"t":"C182"},"8B5":{"desc":"L1P"},"8B6":{"t":"BE35"},"8B7":{"t":"PA32"},"8B9":{"t":"C182"},"8BA":{"t":"PA22"},"8BB":{"t":"UH1"},"8BD":{"t":"BALL"},"8C0":{"t":"P28A"},"8C6":{"t":"C170"},"8C7":{"t":"PA22"},"8C8":{"t":"BE35"},"8CA":{"t":"AR11"},"8CF":{"t":"BE36"},"8D0":{"t":"C172"},"8D5":{"t":"P28R"},"8D8":{"t":"C182"},"8DA":{"t":"PA32"},"8DC":{"t":"C182"},"8DF":{"t":"P28A"},"8E0":{"t":"S10"},"8E3":{"t":"P28A"},"8E4":{"t":"P28A"},"8E5":{"t":"T28"},"8E6":{"t":"P28A"},"8E8":{"t":"GLID"},"8EA":{"t":"BE36"},"8EE":{"desc":"L1P"},"8F1":{"t":"BE36"},"8F3":{"t":"C172"},"8F4":{"t":"PA12"},"8F5":{"desc":"L1P"},"8F7":{"t":"BE36"},"8F9":{"t":"C182"},"8FD":{"t":"PA32"},"8FF":{"t":"C182"},"900":{"t":"PA22"},"901":{"t":"S10"},"904":{"t":"S10"},"905":{"desc":"L1P"},"906":{"t":"P28A"},"908":{"t":"P28A"},"90A":{"t":"P28A"},"90C":{"t":"C310"},"90E":{"t":"C82R"},"910":{"t":"C172"},"912":{"t":"BE36"},"913":{"t":"ERCO"},"914":{"t":"C150"},"916":{"t":"C172"},"917":{"t":"PA12"},"919":{"t":"PA23"},"91A":{"t":"P32R"},"921":{"t":"BE36"},"925":{"t":"P28A"},"927":{"desc":"L1P","t":"ULAC"},"928":{"t":"P28A"},"92A":{"t":"P28A"},"930":{"t":"PA22"},"932":{"t":"C180"},"933":{"t":"AR11"},"936":{"desc":"L1P"},"939":{"t":"C172"},"93B":{"t":"J3"},"93C":{"t":"PA24"},"940":{"t":"C177"},"941":{"t":"C182"},"943":{"t":"BE36"},"944":{"t":"BE36"},"945":{"t":"C182"},"949":{"t":"C182"},"94F":{"t":"P28A"},"951":{"desc":"L1P"},"952":{"t":"B190"},"956":{"t":"AR11"},"958":{"t":"BE36"},"95C":{"t":"C172"},"95D":{"t":"PA12"},"95E":{"t":"J3"},"95F":{"t":"PA23"},"960":{"t":"PA34"},"964":{"t":"C182"},"966":{"t":"PA32"},"96B":{"t":"P28A"},"96C":{"t":"P28A"},"96D":{"t":"P28A"},"96E":{"t":"P28R"},"96F":{"t":"S10"},"970":{"t":"P28A"},"973":{"t":"P28A"},"974":{"t":"RV10"},"975":{"desc":"L1P"},"976":{"t":"H25B"},"977":{"desc":"L1P"},"978":{"t":"C182"},"979":{"t":"C25A"},"97A":{"t":"SF34"},"97C":{"desc":"H1P"},"97D":{"t":"AS50"},"97E":{"t":"GLID"},"981":{"desc":"L1P","t":"ULAC"},"983":{"t":"PA31"},"986":{"t":"B739"},"987":{"desc":"L1P"},"98D":{"desc":"L1P"},"98E":{"t":"BE35"},"990":{"t":"AS50"},"991":{"desc":"L1P"},"992":{"t":"GLF5"},"995":{"t":"P28R"},"99A":{"t":"S22T"},"99F":{"desc":"L1P"},"9A0":{"desc":"L1P"},"9A3":{"desc":"L1P"},"9A8":{"t":"BL8"},"9AA":{"t":"P28S"},"9AB":{"t":"SR22"},"9AC":{"desc":"L1P"},"9AF":{"t":"S76"},"9B0":{"t":"FA62"},"9B1":{"desc":"L1P"},"9B2":{"desc":"L1P"},"9B5":{"t":"T206"},"9B7":{"desc":"L1P"},"9B9":{"t":"FDCT"},"9BC":{"t":"E300"},"9C0":{"t":"P28A"},"9C1":{"t":"T210"},"9C2":{"t":"B350"},"9C3":{"t":"P210"},"9C4":{"t":"PA31"},"9C6":{"t":"P28B"},"9C8":{"t":"PA18"},"9CC":{"t":"M20P"},"9CD":{"t":"A321"},"9D2":{"t":"PA32"},"9D5":{"t":"R66"},"9D9":{"desc":"L1P"},"9DC":{"t":"RV12"},"9E0":{"t":"F2TH"},"9E1":{"desc":"L1P"},"9EA":{"desc":"L1P"},"9F1":{"t":"C525"},"9F2":{"t":"BE33"},"9F3":{"desc":"H8E"},"9F9":{"desc":"L2T"},"9FD":{"t":"PA46"},"A02":{"desc":"L2J","t":"A20N"},"A03":{"t":"C172"},"A04":{"t":"SR20"},"A0B":{"desc":"L2J"},"A0D":{"t":"BE36"},"A19":{"t":"E55P"},"A1C":{"t":"CH7B"},"A24":{"t":"CH7A"},"A25":{"t":"BE9L"},"A26":{"t":"DV20"},"A27":{"desc":"L1P"},"A2B":{"desc":"L1P"},"A2E":{"desc":"L1P"},"A2F":{"desc":"L1P"},"A39":{"t":"SR20"},"A3D":{"desc":"L1P"},"A3F":{"t":"E190"},"A41":{"desc":"L1P","t":"ULAC"},"A42":{"desc":"L1P"},"A45":{"t":"C82S"},"A47":{"desc":"L2J"},"A48":{"t":"BE55"},"A49":{"t":"P28A"},"A4B":{"t":"M7"},"A4D":{"t":"C550"},"A4E":{"desc":"L1P"},"A4F":{"t":"DA40"},"A56":{"t":"BE36"},"A57":{"desc":"L1P"},"A59":{"t":"SR22"},"A5D":{"t":"SR22"},"A5E":{"desc":"L1P"},"A62":{"t":"PRM1"},"A64":{"t":"E55P"},"A6A":{"desc":"L1P"},"A6B":{"t":"C182"},"A70":{"t":"AS50"},"A71":{"t":"SF50"},"A72":{"desc":"L1P","t":"ULAC"},"A7B":{"t":"BE58"},"A7D":{"t":"C182"},"A81":{"t":"E300"},"A82":{"t":"C150"},"A8A":{"desc":"L1P"},"A8B":{"t":"DA40"},"A8E":{"t":"S22T"},"A8F":{"t":"P28R"},"A90":{"desc":"L1P","t":"ULAC"},"A92":{"t":"GLF4"},"A94":{"desc":"L1P"},"A96":{"t":"TBM7"},"A9D":{"t":"R44"},"AA3":{"t":"A319"},"AA5":{"t":"P28A"},"AA6":{"t":"C560"},"AAD":{"desc":"L1P"},"AB5":{"t":"A319"},"AB7":{"t":"PC12"},"AC1":{"t":"C510"},"AC2":{"t":"EC35"},"AC6":{"t":"BT36"},"ACB":{"desc":"L1P","t":"ULAC"},"ACC":{"desc":"L1P"},"ACF":{"t":"BE60"},"AD0":{"t":"BE20"},"AE4":{"t":"C680"},"AEC":{"desc":"L1P"},"AED":{"desc":"L1P"},"AEE":{"t":"SR22"},"AEF":{"t":"BT36"},"AF0":{"t":"R44"},"AF2":{"t":"P32R"},"AF3":{"desc":"L1P"},"AF5":{"desc":"L1P"},"AF8":{"desc":"L2J","t":"B38M"},"AFA":{"desc":"L1P"},"AFC":{"t":"LJ60"},"AFE":{"t":"T206"},"B02":{"t":"EC35"},"B06":{"t":"HUSK"},"B07":{"t":"GLID"},"B0A":{"t":"F2TH"},"B0B":{"desc":"L1P"},"B0C":{"desc":"L2J","t":"B38M"},"B0D":{"t":"CL60"},"B0F":{"t":"C25A"},"B11":{"t":"C172"},"B12":{"desc":"L1P"},"B14":{"desc":"L1P","t":"ULAC"},"B16":{"desc":"L1P"},"B17":{"t":"PA32"},"B1C":{"t":"E75L"},"B1E":{"t":"PA18"},"B1F":{"t":"ECHO"},"B20":{"desc":"L1P"},"B27":{"t":"C303"},"B29":{"t":"SR22"},"B2A":{"t":"P28S"},"B2C":{"desc":"L1P"},"B2F":{"t":"C182"},"B30":{"t":"R44"},"B37":{"t":"BE35"},"B39":{"t":"BALL"},"B45":{"t":"B763"},"B48":{"t":"A320"},"B52":{"t":"PC12"},"B53":{"t":"R66"},"B60":{"desc":"L1P","t":"ULAC"},"B65":{"t":"CH7B"},"B69":{"t":"SR22"},"B6A":{"desc":"L1P"},"B6B":{"desc":"L1P"},"B6D":{"t":"SR22"},"B6F":{"desc":"A1P","t":"ULAC"},"B75":{"t":"E300"},"B7B":{"t":"R44"},"B7E":{"desc":"L2T"},"B82":{"t":"M5"},"B93":{"desc":"L1P"},"B94":{"desc":"H12E"},"B9B":{"t":"COL3"},"BA1":{"t":"C182"},"BCE":{"t":"C170"},"BCF":{"t":"PA22"},"BD2":{"t":"AR11"},"BD3":{"t":"M20P"},"BD6":{"t":"C150"},"BD7":{"t":"GC1"},"BDC":{"t":"P28A"},"BDD":{"t":"BE33"},"BDF":{"t":"C177"},"BE2":{"t":"PA32"},"BE4":{"t":"C182"},"BE6":{"t":"P28A"},"BE9":{"t":"PA32"},"BEC":{"t":"P28A"},"BEE":{"desc":"L1P"},"BEF":{"t":"BALL"},"BF1":{"t":"C170"},"BF2":{"t":"PA32"},"BF3":{"t":"BE35"},"BF4":{"t":"C180"},"BF9":{"t":"R44"},"BFB":{"t":"C172"},"BFF":{"t":"P28A"},"C00":{"t":"P28R"},"C02":{"t":"C177"},"C04":{"t":"C150"},"C05":{"t":"PA32"},"C08":{"t":"PA22"},"C09":{"desc":"L1P"},"C0C":{"desc":"L1J"},"C0D":{"t":"P28A"},"C11":{"t":"P28A"},"C13":{"desc":"L1P","t":"ULAC"},"C14":{"t":"C170"},"C15":{"t":"PA22"},"C16":{"t":"BE35"},"C17":{"t":"C180"},"C18":{"t":"AR11"},"C19":{"t":"M20P"},"C1A":{"t":"T28"},"C1B":{"desc":"L1P"},"C1D":{"t":"GC1"},"C24":{"desc":"L1P"},"C25":{"desc":"L1P"},"C28":{"t":"BE36"},"C29":{"t":"C150"},"C2A":{"t":"C182"},"C2C":{"desc":"L1P"},"C2D":{"t":"P28A"},"C32":{"t":"P28A"},"C34":{"desc":"L1P"},"C37":{"t":"C170"},"C3B":{"t":"R44"},"C3C":{"t":"M20P"},"C3D":{"t":"BE36"},"C3E":{"t":"ERCO"},"C3F":{"t":"BE36"},"C41":{"t":"BE36"},"C42":{"t":"PA12"},"C43":{"t":"J3"},"C47":{"t":"C182"},"C48":{"t":"CH7A"},"C4A":{"t":"BE35"},"C4B":{"t":"PA32"},"C4C":{"t":"C150"},"C4D":{"t":"C182"},"C4E":{"t":"PA22"},"C50":{"t":"T210"},"C51":{"t":"P28A"},"C52":{"desc":"L1P"},"C53":{"t":"P28A"},"C55":{"t":"P28A"},"C56":{"t":"P28A"},"C57":{"t":"P28A"},"C5A":{"t":"C170"},"C5F":{"t":"M20P"},"C62":{"desc":"L1P"},"C64":{"t":"PA27"},"C67":{"desc":"L1P"},"C70":{"t":"C182"},"C72":{"desc":"L1P"},"C75":{"t":"BALL"},"C76":{"t":"P28R"},"C78":{"t":"P28B"},"C79":{"desc":"L1P"},"C7A":{"t":"PA32"},"C7F":{"t":"BE35"},"C80":{"t":"BE36"},"C82":{"t":"M20P"},"C86":{"t":"GC1"},"C88":{"t":"PA12"},"C89":{"t":"J3"},"C8D":{"t":"C182"},"C8E":{"t":"BT36"},"C96":{"t":"P28A"},"C98":{"t":"P28A"},"C9A":{"t":"P28A"},"C9C":{"t":"P28R"},"C9E":{"desc":"L1P"},"CA0":{"t":"C170"},"CA1":{"t":"PA22"},"CA3":{"t":"C180"},"CA4":{"t":"AR11"},"CA6":{"t":"BE36"},"CA8":{"t":"C150"},"CAA":{"t":"C172"},"CAB":{"t":"C150"},"CAC":{"t":"J3"},"CAD":{"t":"PA18"},"CAE":{"t":"BE36"},"CB1":{"t":"BE36"},"CB2":{"t":"C182"},"CB3":{"t":"BE36"},"CB5":{"t":"C150"},"CB7":{"t":"BT36"},"CB9":{"t":"P28A"},"CBA":{"desc":"L1P"},"CBB":{"t":"P28A"},"CBC":{"t":"P28A"},"CBE":{"desc":"L1P"},"CBF":{"t":"P28A"},"CC1":{"t":"P28A"},"CC6":{"t":"C180"},"CC7":{"t":"AR11"},"CCD":{"t":"C172"},"CCF":{"desc":"L1P"},"CD6":{"t":"C150"},"CD8":{"t":"C150"},"CD9":{"t":"C182"},"CDC":{"t":"PA32"},"CDD":{"desc":"L1P"},"CDF":{"desc":"L1P"},"CE0":{"t":"P28A"},"CE1":{"t":"P28A"},"CE3":{"t":"P28A"},"CE4":{"t":"P28R"},"CE6":{"t":"M20P"},"CE9":{"t":"C180"},"CEA":{"t":"C172"},"CEB":{"t":"M20P"},"CEC":{"t":"T6"},"CF0":{"t":"C172"},"CF1":{"t":"PA12"},"CF4":{"t":"P28A"},"CF5":{"t":"R44"},"CF9":{"t":"BE35"},"CFB":{"t":"C150"},"CFC":{"t":"BE36"},"CFD":{"t":"PA22"},"CFF":{"t":"PA32"},"D01":{"desc":"L1P"},"D02":{"desc":"L1P"},"D04":{"t":"P28A"},"D05":{"t":"P28A"},"D0C":{"t":"C180"},"D0D":{"t":"C172"},"D10":{"t":"ERCO"},"D11":{"t":"BALL"},"D13":{"t":"C172"},"D14":{"t":"GLID"},"D15":{"t":"J3"},"D17":{"t":"C402"},"D1A":{"desc":"L2P"},"D1B":{"t":"C182"},"D1C":{"t":"C172"},"D1D":{"t":"BE36"},"D1F":{"t":"C182"},"D20":{"t":"PA22"},"D21":{"t":"P28A"},"D23":{"t":"P28A"},"D24":{"t":"P28R"},"D25":{"t":"PA32"},"D26":{"t":"PA32"},"D28":{"t":"P28A"},"D29":{"desc":"L1P"},"D2C":{"desc":"A1P"},"D2E":{"t":"S22T"},"D2F":{"t":"PC12"},"D30":{"t":"F900"},"D36":{"desc":"L1P"},"D37":{"desc":"L1P"},"D38":{"t":"C25B"},"D3A":{"desc":"L1P","t":"ULAC"},"D3C":{"t":"PAY2"},"D3D":{"t":"E55P"},"D42":{"desc":"L1J"},"D45":{"t":"T206"},"D46":{"t":"M4"},"D47":{"desc":"L1P","t":"TB0"},"D49":{"t":"C525"},"D4B":{"t":"AS50"},"D4F":{"t":"PC12"},"D51":{"t":"ULAC"},"D55":{"t":"SR22"},"D5E":{"desc":"L1P"},"D5F":{"t":"R44"},"D61":{"t":"C208"},"D65":{"t":"BALL"},"D66":{"t":"B737"},"D69":{"desc":"H1T"},"D6A":{"t":"B06"},"D6C":{"t":"C172"},"D6F":{"t":"R44"},"D70":{"t":"FDCT"},"D74":{"t":"GLF5"},"D77":{"t":"BE35"},"D79":{"desc":"L1P"},"D7A":{"desc":"L1J"},"D7E":{"desc":"L2P"},"D7F":{"t":"AA5"},"D81":{"desc":"L1P"},"D84":{"desc":"L1P"},"D85":{"desc":"L1P"},"D87":{"t":"C510"},"D88":{"t":"PA32"},"D8C":{"desc":"H6E"},"D8D":{"t":"A321"},"D90":{"t":"BE35"},"D91":{"t":"BE58"},"DAA":{"desc":"H8E"},"DAD":{"t":"B429"},"DAF":{"t":"C150"},"DB4":{"t":"E55P"},"DB7":{"t":"GLF4"},"DB9":{"desc":"L2J","t":"A20N"},"DC2":{"t":"P32R"},"DC5":{"desc":"L1P"},"DCE":{"desc":"L2T"},"DD6":{"t":"E55P"},"DDC":{"desc":"L2T"},"DEC":{"t":"C510"},"DF4":{"desc":"L1P"},"DF6":{"t":"E190"},"DF7":{"t":"C500"},"E02":{"t":"BE9L"},"E04":{"t":"SF50"},"E05":{"t":"E55P"},"E09":{"t":"GLF3"},"E0D":{"t":"GLF5"},"E11":{"desc":"L1T"},"E15":{"desc":"L1P"},"E26":{"t":"C501"},"E32":{"t":"C560"},"E39":{"t":"C150"},"E40":{"t":"CH7B"},"E42":{"t":"M20P"},"E43":{"desc":"L1P"},"E46":{"t":"T206"},"E47":{"desc":"L1P"},"E4C":{"desc":"A1P","t":"ULAC"},"E50":{"desc":"L1P"},"E54":{"t":"UH1"},"E58":{"desc":"L1P"},"E5A":{"t":"A319"},"E6C":{"t":"A319"},"E71":{"t":"BE36"},"E72":{"t":"P32R"},"E74":{"t":"DV20"},"E79":{"t":"EC35"},"E7A":{"desc":"G1P","t":"GYRO"},"E7B":{"desc":"L1T","t":"M600"},"E7C":{"desc":"L1P"},"E80":{"t":"CRJ9"},"E83":{"desc":"L1P"},"E8A":{"t":"BE58"},"E9B":{"t":"C680"},"EA4":{"desc":"L2J","t":"B38M"},"EA5":{"desc":"H1P"},"EA6":{"t":"BALL"},"EA7":{"t":"SR22"},"EA9":{"desc":"L1P"},"EAA":{"desc":"L1P"},"EAB":{"t":"C182"},"EAC":{"t":"C182"},"EAF":{"desc":"L1P","t":"ULAC"},"EB0":{"desc":"L2J","t":"B38M"},"EB1":{"t":"C182"},"EB3":{"desc":"L2P"},"EB5":{"t":"PA27"},"EB7":{"desc":"L1P"},"EB9":{"t":"EC35"},"EBB":{"desc":"H6E"},"EBD":{"t":"B190"},"EBF":{"t":"PC12"},"EC1":{"desc":"L1P"},"EC4":{"desc":"L2J","t":"B38M"},"EC7":{"t":"F900"},"EC8":{"t":"T206"},"ECA":{"t":"C172"},"ECC":{"t":"SR22"},"ED0":{"t":"C82R"},"ED3":{"t":"E75L"},"ED5":{"t":"PA18"},"ED6":{"desc":"L2P"},"ED7":{"t":"TAMP"},"EDE":{"t":"R66"},"EE1":{"desc":"L1P"},"EE6":{"t":"PA32"},"EE7":{"desc":"L1P"},"EEE":{"t":"FA50"},"EEF":{"t":"SHIP"},"EFC":{"t":"B763"},"EFF":{"t":"A320"},"F08":{"t":"RV12"},"F17":{"desc":"L1P"},"F23":{"desc":"L1P"},"F2A":{"t":"GALX"},"F31":{"desc":"L1P"},"F37":{"t":"S22T"},"F39":{"t":"AC11"},"F3C":{"t":"GLID"},"F45":{"t":"EC35"},"F52":{"t":"C182"},"F6B":{"t":"BE35"},"F84":{"desc":"L1P"},"F87":{"t":"BE35"},"F89":{"t":"AR11"},"F8A":{"t":"M20P"},"F8C":{"t":"BALL"},"F8E":{"t":"GC1"},"F8F":{"t":"C172"},"F91":{"t":"BE36"},"F95":{"t":"C182"},"F96":{"t":"C177"},"F98":{"t":"C150"},"F9B":{"t":"BE55"},"F9D":{"t":"P28A"},"FA0":{"t":"P28A"},"FA1":{"t":"B739"},"FA2":{"t":"P28A"},"FA4":{"t":"BALL"},"FA5":{"t":"P28A"},"FA8":{"t":"C170"},"FAA":{"t":"BE35"},"FAB":{"desc":"L1P"},"FAC":{"t":"CH7A"},"FB2":{"t":"C172"},"FB5":{"t":"PA23"},"FB7":{"t":"P28R"},"FB9":{"t":"C177"},"FBD":{"t":"M7"},"FBE":{"t":"C182"},"FC2":{"desc":"L1P"},"FC9":{"t":"P28A"},"FCA":{"desc":"L1P"},"FCC":{"t":"PA22"},"FCD":{"t":"C82R"},"FCF":{"t":"AR11"},"FD0":{"t":"M20P"},"FD1":{"t":"T6"},"FD4":{"t":"GC1"},"FD7":{"t":"J3"},"FDA":{"desc":"L1P"},"FDB":{"t":"C182"},"FDC":{"t":"C177"},"FE1":{"t":"C182"},"FE4":{"t":"P28A"},"FE8":{"t":"P28A"},"FE9":{"t":"P28A"},"FEA":{"t":"P28R"},"FEB":{"desc":"L1P"},"FEE":{"t":"C170"},"FEF":{"t":"BE36"},"FF0":{"t":"BT36"},"FF2":{"t":"AR11"},"FF5":{"t":"ERCO"},"FF7":{"t":"GC1"},"FFA":{"t":"J3"},"FFE":{"desc":"L1P"}}