{"000":{"t":"PA22"},"002":{"t":"C180"},"004":{"t":"C182"},"007":{"t":"C150"},"008":{"t":"GC1"},"00A":{"t":"P28A"},"00E":{"t":"C182"},"010":{"t":"C177"},"015":{"t":"C182"},"017":{"t":"C77R"},"01A":{"t":"J3"},"01B":{"t":"J3"},"01D":{"t":"J3"},"01E":{"t":"J3"},"024":{"t":"BE35"},"027":{"t":"UH12"},"029":{"t":"ERCO"},"02D":{"t":"PA12"},"033":{"desc":"L1T"},"034":{"t":"C182"},"036":{"t":"PA32"},"038":{"t":"C182"},"03A":{"t":"J3"},"03B":{"t":"J3"},"03C":{"t":"J3"},"041":{"t":"C206"},"042":{"t":"C77R"},"045":{"t":"PA22"},"047":{"t":"BE35"},"049":{"t":"CH7A"},"04E":{"t":"GC1"},"050":{"t":"PA12"},"053":{"t":"C320"},"054":{"t":"C182"},"057":{"t":"C182"},"059":{"t":"PA32"},"05E":{"t":"J3"},"05F":{"t":"J3"},"060":{"desc":"L1P"},"062":{"t":"J3"},"063":{"t":"J3"},"06A":{"t":"BE35"},"06D":{"t":"C182"},"06E":{"t":"T6"},"070":{"desc":"H4E"},"073":{"t":"P28R"},"075":{"t":"PA23"},"077":{"t":"C182"},"079":{"t":"C177"},"07C":{"t":"PA32"},"082":{"t":"B738"},"084":{"t":"B738"},"085":{"t":"J5"},"086":{"t":"B738"},"089":{"t":"J5"},"08C":{"t":"PA22"},"08D":{"t":"BE35"},"08E":{"t":"C180"},"091":{"t":"C172"},"094":{"t":"GC1"},"096":{"t":"P28R"},"098":{"t":"P32R"},"09A":{"t":"C182"},"09B":{"t":"C210"},"09C":{"t":"C177"},"09F":{"t":"PA32"},"0A0":{"t":"C310"},"0A2":{"t":"PA22"},"0A4":{"t":"J5"},"0A5":{"t":"C77R"},"0A6":{"t":"C77R"},"0A7":{"t":"C77R"},"0AA":{"t":"C206"},"0AC":{"t":"J5"},"0AE":{"t":"PA22"},"0AF":{"t":"PA22"},"0B1":{"t":"C180"},"0B2":{"t":"C172"},"0B9":{"t":"P28S"},"0BA":{"t":"J3"},"0BC":{"t":"P28A"},"0C8":{"t":"J5"},"0CA":{"t":"B738"},"0CC":{"t":"B738"},"0CD":{"t":"J4"},"0CE":{"t":"J4"},"0CF":{"t":"B738"},"0D2":{"desc":"L1P"},"0D4":{"t":"C180"},"0D5":{"t":"C182"},"0D6":{"t":"C182"},"0DA":{"t":"GC1"},"0DC":{"desc":"L1P"},"0DE":{"t":"PA23"},"0E3":{"t":"C182"},"0E4":{"t":"BE35"},"0EA":{"t":"C77R"},"0EB":{"t":"B738"},"0ED":{"t":"B738"},"0EE":{"t":"J5"},"0EF":{"t":"C77R"},"0F0":{"t":"C77R"},"0F2":{"t":"C77R"},"0F3":{"t":"C152"},"0F6":{"t":"BALL"},"0F8":{"t":"C150"},"0F9":{"desc":"L1P"},"0FA":{"t":"C172"},"0FB":{"t":"M20P"},"0FC":{"t":"C650"},"0FD":{"t":"PC12"},"100":{"t":"C414"},"101":{"t":"S22T"},"104":{"t":"SR22"},"105":{"t":"C421"},"106":{"t":"GLID"},"109":{"t":"C188"},"10C":{"t":"M20P"},"10E":{"t":"M5"},"10F":{"t":"PA34"},"110":{"t":"T210"},"111":{"t":"C25A"},"112":{"desc":"L2P"},"113":{"t":"PA32"},"114":{"t":"C185"},"115":{"t":"E35L"},"119":{"desc":"L1P"},"11B":{"t":"PA32"},"11C":{"t":"BE50"},"11D":{"t":"AT8T"},"11F":{"t":"C172"},"121":{"desc":"L1P"},"125":{"t":"BE33"},"127":{"desc":"L1J"},"128":{"t":"PA24"},"129":{"desc":"L1P"},"12A":{"t":"M20P"},"12B":{"t":"C172"},"12C":{"t":"S22T"},"12F":{"t":"C421"},"130":{"t":"BE33"},"131":{"desc":"L1P"},"132":{"t":"C120"},"134":{"t":"PA18"},"136":{"t":"PA30"},"137":{"t":"M7"},"138":{"t":"C172"},"139":{"t":"AR11"},"13A":{"desc":"L1P","t":"ULAC"},"13C":{"t":"PA24"},"13D":{"t":"C210"},"140":{"t":"T210"},"141":{"desc":"L1P"},"143":{"desc":"L1P"},"144":{"t":"M20T"},"146":{"t":"C185"},"149":{"t":"GC1"},"14A":{"t":"F900"},"14C":{"desc":"L1P"},"150":{"t":"GLF5"},"151":{"desc":"L1P","t":"ULAC"},"155":{"t":"A321"},"156":{"desc":"L1P"},"158":{"t":"BE17"},"15A":{"t":"C550"},"15B":{"t":"GLF4"},"15D":{"t":"PA34"},"15E":{"t":"P32R"},"160":{"t":"GLF5"},"161":{"t":"PA31"},"162":{"t":"BALL"},"164":{"desc":"L1P"},"165":{"desc":"L2T"},"168":{"t":"B06"},"169":{"t":"C310"},"16D":{"t":"P28S"},"16F":{"t":"TBM7"},"172":{"t":"P28A"},"174":{"t":"B06"},"175":{"t":"PC12"},"176":{"t":"C340"},"177":{"t":"C180"},"178":{"t":"GLF4"},"179":{"t":"BE55"},"17A":{"t":"FA10"},"17B":{"t":"AA5"},"182":{"t":"PA27"},"184":{"t":"C206"},"185":{"t":"AA5"},"187":{"t":"E55P"},"18D":{"t":"PA46"},"18E":{"desc":"L1P"},"192":{"t":"PA18"},"194":{"t":"T210"},"198":{"t":"PA11"},"19A":{"desc":"L1P"},"19C":{"desc":"L1P"},"19F":{"t":"GLF6"},"1A0":{"desc":"L1T"},"1A1":{"desc":"L1P"},"1A3":{"desc":"L1P"},"1A6":{"t":"B350"},"1A7":{"t":"F2TH"},"1A8":{"t":"BE55"},"1A9":{"t":"PA31"},"1AA":{"t":"PA32"},"1AB":{"t":"C414"},"1AC":{"t":"PA30"},"1AE":{"desc":"L1P"},"1AF":{"t":"P32R"},"1B3":{"t":"T210"},"1B4":{"t":"C510"},"1B5":{"t":"BL8"},"1B7":{"t":"PA18"},"1B9":{"desc":"H12E"},"1BA":{"t":"PA30"},"1BB":{"desc":"H4E"},"1BC":{"desc":"L1P","t":"ULAC"},"1BD":{"desc":"L1P"},"1BE":{"desc":"L1J"},"1BF":{"t":"C310"},"1C0":{"t":"PA27"},"1C2":{"t":"M20P"},"1C3":{"t":"BE95"},"1C4":{"desc":"L1P"},"1C6":{"t":"PRM1"},"1C8":{"t":"BE23"},"1C9":{"desc":"L1P"},"1CA":{"t":"BE35"},"1CC":{"t":"S22T"},"1CD":{"t":"CH7B"},"1CE":{"t":"S22T"},"1D1":{"t":"C210"},"1D2":{"desc":"L1J"},"1D5":{"t":"BE35"},"1D6":{"t":"BALL"},"1DA":{"t":"FA10"},"1DB":{"desc":"L1P"},"1DC":{"t":"C680"},"1DD":{"t":"G280"},"1DF":{"desc":"A1T","t":"KODI"},"1E0":{"desc":"L1P"},"1E1":{"desc":"L1P"},"1E3":{"t":"BE35"},"1E4":{"t":"SR22"},"1E5":{"t":"M20P"},"1E7":{"t":"P32R"},"1E9":{"t":"C172"},"1EA":{"t":"C421"},"1EE":{"t":"PA18"},"1EF":{"t":"C77R"},"1F0":{"t":"T210"},"1F2":{"t":"C208"},"1F3":{"t":"R44"},"1F7":{"t":"BE35"},"1F9":{"t":"SR22"},"1FA":{"desc":"L1P"},"1FB":{"t":"SR20"},"1FC":{"t":"M20T"},"1FF":{"t":"C172"},"200":{"desc":"L1P"},"202":{"desc":"L1P","t":"ULAC"},"203":{"t":"B06"},"204":{"t":"GLF5"},"206":{"t":"S22T"},"207":{"desc":"L1P"},"208":{"t":"P28A"},"209":{"t":"GLF5"},"20A":{"t":"BE55"},"20C":{"desc":"A1P"},"20E":{"t":"C680"},"20F":{"desc":"L1P"},"210":{"desc":"L1J"},"211":{"t":"M20T"},"212":{"desc":"L1T"},"213":{"desc":"L1P"},"217":{"t":"AR11"},"219":{"t":"M20P"},"21B":{"t":"H25B"},"21C":{"t":"C150"},"21D":{"t":"F2TH"},"220":{"desc":"L1P"},"222":{"t":"A319"},"223":{"t":"P28A"},"225":{"t":"C152"},"231":{"desc":"H4E"},"232":{"t":"BE95"},"234":{"t":"A319"},"235":{"t":"A320"},"237":{"t":"SR22"},"23B":{"t":"PA27"},"23C":{"t":"H25B"},"23D":{"desc":"L1P"},"23F":{"t":"C82S"},"240":{"t":"P28R"},"241":{"t":"R22"},"242":{"t":"R22"},"244":{"t":"C182"},"246":{"t":"PC12"},"249":{"t":"PA31"},"24A":{"t":"T210"},"24B":{"desc":"S1P"},"24E":{"t":"C414"},"24F":{"t":"SR22"},"250":{"t":"GLF4"},"253":{"t":"C150"},"254":{"t":"C180"},"256":{"t":"E55P"},"263":{"t":"E55P"},"264":{"t":"BE20"},"266":{"t":"C510"},"26C":{"desc":"L1P"},"26E":{"desc":"L1P"},"26F":{"t":"S22T"},"270":{"t":"BE36"},"271":{"t":"B58T"},"272":{"t":"BALL"},"274":{"t":"BE35"},"275":{"desc":"L1P"},"276":{"desc":"L2J"},"277":{"desc":"L1P","t":"ULAC"},"279":{"desc":"L1P"},"27B":{"desc":"L1P"},"27F":{"desc":"L1P"},"280":{"t":"B25"},"281":{"t":"C172"},"283":{"t":"R44"},"284":{"t":"PA18"},"286":{"desc":"L1P"},"287":{"desc":"L1P"},"288":{"desc":"L1P"},"289":{"t":"PA34"},"28A":{"t":"C411"},"28B":{"t":"PA31"},"28C":{"t":"C150"},"28D":{"t":"C185"},"28F":{"t":"C525"},"290":{"t":"BE36"},"291":{"t":"PA30"},"292":{"t":"C177"},"294":{"t":"B58T"},"295":{"t":"C152"},"296":{"desc":"L1P"},"29C":{"t":"GLF4"},"29D":{"t":"BE58"},"29E":{"t":"H500"},"29F":{"desc":"L1P"},"2A3":{"t":"BE33"},"2A4":{"desc":"A1P","t":"ULAC"},"2A5":{"t":"BE33"},"2A6":{"t":"PA23"},"2A7":{"desc":"H4E"},"2A8":{"t":"BE9L"},"2A9":{"t":"PA18"},"2AA":{"t":"GLID"},"2AD":{"t":"BE33"},"2AE":{"t":"C172"},"2AF":{"t":"BE35"},"2B0":{"desc":"L1P"},"2B1":{"t":"B47J"},"2B6":{"t":"GLID"},"2B7":{"desc":"H4E"},"2BA":{"t":"C340"},"2BC":{"t":"BALL"},"2BE":{"t":"R44"},"2BF":{"t":"C425"},"2C2":{"t":"C152"},"2C4":{"t":"AC95"},"2C7":{"t":"GLID"},"2D0":{"t":"PA27"},"2D1":{"t":"C150"},"2D2":{"t":"M20P"},"2DB":{"desc":"L1P"},"2DD":{"t":"BE36"},"2DF":{"desc":"L1P"},"2E0":{"t":"S22T"},"2E3":{"t":"GLID"},"2E4":{"t":"C182"},"2E8":{"t":"BE55"},"2E9":{"t":"BE36"},"2EA":{"t":"CH7A"},"2EB":{"t":"CL30"},"2EC":{"t":"C310"},"2EE":{"t":"DA40"},"2EF":{"t":"C150"},"2F0":{"desc":"L1P"},"2F1":{"t":"M20P"},"2F6":{"desc":"L1P"},"2F8":{"desc":"L1T","t":"PA46"},"2F9":{"t":"SR22"},"2FA":{"t":"BE9T"},"2FC":{"desc":"L1P"},"301":{"t":"BE55"},"302":{"t":"C525"},"304":{"t":"COL4"},"30C":{"t":"UH1"},"30F":{"t":"BE9L"},"31A":{"t":"CH7B"},"31D":{"t":"M20P"},"320":{"t":"C82T"},"324":{"desc":"L1P"},"328":{"desc":"H1P"},"32C":{"t":"C182"},"331":{"t":"SR20"},"33F":{"desc":"L1P"},"341":{"desc":"L2T"},"347":{"t":"C182"},"349":{"t":"BE58"},"34B":{"t":"HUSK"},"34D":{"t":"PA22"},"350":{"t":"C180"},"351":{"t":"C172"},"352":{"t":"C182"},"354":{"t":"ERCO"},"355":{"t":"C182"},"356":{"desc":"H4E"},"358":{"t":"BE58"},"359":{"t":"J3"},"35C":{"t":"P28A"},"35F":{"t":"C182"},"362":{"t":"C310"},"363":{"t":"C182"},"365":{"t":"PA34"},"366":{"t":"P28R"},"367":{"t":"PA32"},"368":{"t":"PA34"},"369":{"t":"P28A"},"36C":{"t":"PA32"},"370":{"t":"PA22"},"373":{"t":"C180"},"379":{"t":"GC1"},"37C":{"t":"J3"},"37E":{"t":"P28A"},"37F":{"t":"P28A"},"38B":{"t":"P28A"},"390":{"t":"P28A"},"391":{"t":"P28A"},"392":{"desc":"L1P"},"394":{"t":"BE36"},"398":{"t":"C182"},"39E":{"t":"PA12"},"3A3":{"t":"C185"},"3A4":{"t":"C177"},"3A5":{"t":"C182"},"3AA":{"t":"PA22"},"3AC":{"t":"P28A"},"3AE":{"desc":"L1P"},"3AF":{"t":"PA32"},"3B6":{"t":"BE36"},"3B7":{"t":"PA22"},"3B8":{"t":"BALL"},"3BA":{"t":"P51"},"3BE":{"t":"C150"},"3BF":{"t":"GC1"},"3C0":{"t":"J3"},"3C1":{"t":"C340"},"3C2":{"t":"PC12"},"3C4":{"t":"CRJ2"},"3C5":{"t":"PA18"},"3C8":{"t":"GL5T"},"3C9":{"t":"BE35"},"3CA":{"t":"P28A"},"3CB":{"desc":"L1P"},"3CC":{"t":"C182"},"3D4":{"t":"GC1"},"3D6":{"t":"P28A"},"3D8":{"desc":"S1P"},"3DB":{"t":"BE35"},"3DD":{"t":"C172"},"3E2":{"desc":"L1P"},"3E6":{"t":"PA32"},"3E7":{"t":"P28A"},"3EA":{"t":"C177"},"3EC":{"desc":"H4E"},"3EF":{"t":"C182"},"3F2":{"desc":"L1P"},"3F6":{"t":"PA34"},"3F9":{"t":"P28R"},"3FA":{"t":"P28R"},"3FC":{"t":"PA22"},"3FD":{"t":"PA22"},"3FF":{"t":"C180"},"400":{"t":"CH7A"},"401":{"t":"C182"},"407":{"t":"PA12"},"409":{"t":"PA18"},"40B":{"t":"P28A"},"40E":{"t":"C182"},"411":{"t":"C310"},"413":{"t":"PA22"},"414":{"desc":"L1P"},"41A":{"desc":"L1P"},"41B":{"desc":"L1P"},"41D":{"desc":"L1P"},"420":{"t":"PA22"},"421":{"t":"BE35"},"423":{"t":"CH7A"},"426":{"t":"ERCO"},"42A":{"t":"PA12"},"42B":{"t":"J3"},"42F":{"t":"C210"},"430":{"t":"C180"},"433":{"t":"PA32"},"436":{"t":"PA22"},"437":{"t":"PA34"},"438":{"t":"P28R"},"43A":{"t":"P28A"},"43B":{"t":"P28A"},"43E":{"t":"P28A"},"43F":{"t":"PA32"},"441":{"t":"P337"},"442":{"desc":"L1P"},"443":{"t":"PA22"},"445":{"t":"C180"},"446":{"t":"C172"},"447":{"t":"C182"},"448":{"t":"B25"},"44A":{"t":"CL30"},"44D":{"t":"P32T"},"451":{"desc":"L1P"},"452":{"t":"C210"},"453":{"t":"BALL"},"45B":{"t":"P28A"},"45C":{"t":"P28R"},"460":{"t":"P28A"},"461":{"t":"P28A"},"462":{"t":"P28A"},"463":{"t":"P28R"},"466":{"t":"PA22"},"470":{"t":"PA12"},"473":{"t":"PA32"},"474":{"t":"C82R"},"476":{"desc":"H1P"},"479":{"t":"PA32"},"47C":{"t":"PA22"},"47E":{"t":"PA27"},"481":{"desc":"L1P"},"483":{"desc":"L1P"},"484":{"desc":"L1P"},"486":{"desc":"L1P"},"489":{"t":"PA22"},"48B":{"t":"C180"},"495":{"t":"PA23"},"499":{"t":"C177"},"49C":{"t":"PA32"},"49D":{"t":"C310"},"4A0":{"desc":"L1P"},"4A1":{"desc":"L1P"},"4A5":{"desc":"L1P"},"4A8":{"t":"P28A"},"4A9":{"t":"P28R"},"4AA":{"t":"BE35"},"4AB":{"desc":"L1P"},"4AD":{"desc":"L1P"},"4B0":{"t":"B06"},"4B1":{"t":"CL30"},"4B2":{"t":"SF34"},"4B5":{"desc":"L1P"},"4B7":{"t":"PC12"},"4BB":{"t":"M20P"},"4C1":{"desc":"L1J"},"4C3":{"desc":"A1P"},"4C4":{"t":"BE95"},"4C5":{"t":"GLID"},"4C7":{"desc":"L1P"},"4CB":{"t":"P28A"},"4D5":{"t":"AT8T"},"4DE":{"t":"B350"},"4DF":{"t":"HUSK"},"4E0":{"t":"P28B"},"4E4":{"t":"B350"},"4E5":{"t":"BE35"},"4E7":{"t":"P32R"},"4EB":{"t":"BE36"},"4EF":{"t":"FDCT"},"4F6":{"t":"BE33"},"4F7":{"t":"SR22"},"503":{"t":"A321"},"528":{"t":"T34P"},"533":{"t":"M20P"},"536":{"desc":"L1P"},"538":{"desc":"L2J","t":"A20N"},"539":{"t":"P51"},"53E":{"t":"CL60"},"541":{"t":"P28A"},"54D":{"desc":"A1P"},"55D":{"t":"T34P"},"568":{"t":"BE33"},"571":{"desc":"H1T"},"573":{"desc":"L1P"},"575":{"t":"E190"},"577":{"t":"BE33"},"578":{"t":"CL30"},"57B":{"desc":"L1P"},"585":{"t":"A109"},"587":{"t":"T34P"},"58C":{"t":"S108"},"58F":{"t":"B06"},"5A1":{"t":"BE33"},"5A5":{"t":"R66"},"5A6":{"t":"AT5T"},"5AA":{"desc":"L1P"},"5B6":{"t":"T34P"},"5B9":{"t":"ASTR"},"5C0":{"t":"BE33"},"5C3":{"t":"BE33"},"5C8":{"t":"P28A"},"5CE":{"t":"SR20"},"5D0":{"t":"BE33"},"5D7":{"t":"C421"},"5D9":{"t":"A319"},"5EB":{"t":"A319"},"5EC":{"t":"A320"},"5F0":{"desc":"L1P"},"5F2":{"t":"BE33"},"5F3":{"t":"BE33"},"5F4":{"t":"BE33"},"5FC":{"t":"C56X"},"605":{"t":"BE33"},"609":{"desc":"L1P"},"61A":{"t":"C680"},"61B":{"t":"A332"},"622":{"t":"BE33"},"626":{"t":"BE33"},"62B":{"t":"C550"},"62D":{"t":"T34P"},"630":{"t":"PA31"},"633":{"desc":"L1P"},"634":{"t":"BE33"},"636":{"desc":"L1P"},"63A":{"desc":"H6E"},"63B":{"t":"J5"},"63C":{"t":"C182"},"63E":{"t":"C180"},"644":{"desc":"L1P"},"647":{"desc":"L2J","t":"B38M"},"649":{"t":"C172"},"64D":{"t":"P46T"},"64F":{"t":"CH7A"},"651":{"desc":"L1P"},"655":{"t":"ASTO"},"656":{"desc":"L1P","t":"ULAC"},"657":{"desc":"L1T","t":"M600"},"65F":{"desc":"L2J","t":"B38M"},"664":{"t":"BE33"},"666":{"t":"T34P"},"66D":{"t":"BE33"},"67B":{"t":"B763"},"67E":{"t":"H25B"},"68E":{"t":"R22"},"696":{"desc":"L1P","t":"ULAC"},"69F":{"t":"C206"},"6A2":{"t":"R44"},"6A3":{"t":"C206"},"6A7":{"desc":"L1P"},"6AC":{"desc":"H1T"},"6AD":{"desc":"H1P"},"6B0":{"t":"BE33"},"6B8":{"t":"P208"},"6CD":{"desc":"L1J"},"705":{"t":"PA22"},"706":{"t":"BE35"},"708":{"t":"CH7A"},"70C":{"t":"C150"},"70F":{"t":"PA12"},"710":{"t":"J3"},"712":{"t":"P32R"},"713":{"t":"C182"},"714":{"t":"C210"},"716":{"t":"C182"},"719":{"t":"C310"},"71A":{"t":"C182"},"71D":{"t":"PA34"},"71F":{"t":"J5"},"720":{"t":"P28A"},"721":{"t":"P28A"},"724":{"t":"PA32"},"726":{"desc":"L2P"},"727":{"t":"PA22"},"728":{"t":"PA22"},"72A":{"t":"C180"},"72C":{"t":"C182"},"731":{"t":"BE24"},"732":{"t":"PA12"},"734":{"t":"PA23"},"736":{"t":"C182"},"738":{"t":"C177"},"739":{"t":"C182"},"73A":{"t":"C150"},"73C":{"t":"C310"},"73F":{"t":"J5"},"740":{"t":"PA32"},"744":{"t":"J5"},"746":{"t":"P28A"},"749":{"desc":"L1P"},"74B":{"t":"PA22"},"74C":{"t":"BE35"},"74E":{"t":"CH7A"},"74F":{"t":"C182"},"750":{"t":"C140"},"755":{"t":"PA12"},"75A":{"desc":"L1P"},"75C":{"t":"C182"},"75D":{"t":"BE35"},"75E":{"t":"PA32"},"761":{"t":"PA22"},"762":{"t":"P28R"},"763":{"t":"J5"},"764":{"t":"PA34"},"766":{"t":"P28A"},"769":{"t":"J4"},"76F":{"t":"BE35"},"772":{"t":"C182"},"775":{"t":"C150"},"776":{"t":"GC1"},"777":{"t":"BE24"},"778":{"t":"PA12"},"779":{"t":"J3"},"77B":{"t":"P28A"},"77E":{"t":"C177"},"780":{"t":"C150"},"787":{"t":"P28A"},"78D":{"t":"J3"},"78E":{"t":"P28A"},"78F":{"t":"B190"},"791":{"t":"PA22"},"793":{"t":"BE60"},"797":{"t":"ERCO"},"798":{"t":"C150"},"799":{"t":"GC1"},"79A":{"t":"BE24"},"79B":{"t":"BE33"},"79C":{"desc":"L1P"},"79D":{"desc":"L1P"},"79E":{"t":"P28A"},"79F":{"t":"C182"},"7A0":{"t":"M20P"},"7A2":{"t":"C182"},"7A4":{"t":"PA32"},"7AA":{"t":"J3"},"7AB":{"t":"P28A"},"7AC":{"t":"P28A"},"7B4":{"t":"BE36"},"7B5":{"t":"BE35"},"7B8":{"t":"C182"},"7BA":{"t":"ERCO"},"7BC":{"desc":"L1P"},"7BE":{"desc":"L1P"},"7BF":{"t":"J3"},"7C2":{"t":"C182"},"7C3":{"t":"C210"},"7C4":{"t":"C177"},"7C8":{"t":"C310"},"7CB":{"t":"J3"},"7CE":{"t":"J3"},"7D0":{"t":"O1"},"7D4":{"t":"P28A"},"7D5":{"desc":"L1P"},"7D7":{"t":"PA22"},"7DA":{"t":"C172"},"7E0":{"t":"C185"},"7E1":{"t":"P28S"},"7E3":{"t":"PA23"},"7E5":{"t":"C182"},"7E9":{"t":"BE35"},"7EC":{"t":"C182"},"7EE":{"t":"P28A"},"7EF":{"t":"J3"},"7F0":{"t":"P28A"},"7F1":{"t":"J3"},"7F3":{"t":"J3"},"7F9":{"t":"PA22"},"7FB":{"t":"BE35"},"7FD":{"t":"AR11"},"7FE":{"t":"C182"},"7FF":{"t":"DG15"},"803":{"t":"C185"},"805":{"t":"J3"},"809":{"t":"C210"},"80F":{"t":"C182"},"813":{"t":"UH12"},"816":{"t":"PA34"},"81B":{"desc":"L1P"},"81E":{"t":"BE35"},"81F":{"t":"CH7A"},"825":{"t":"GC1"},"827":{"t":"PA12"},"82D":{"t":"P28A"},"82E":{"t":"C182"},"82F":{"desc":"L1P"},"830":{"t":"PA32"},"832":{"t":"C182"},"834":{"t":"P28A"},"835":{"t":"J3"},"836":{"t":"P28A"},"837":{"t":"P28A"},"838":{"t":"J3"},"839":{"t":"P28R"},"83C":{"t":"P28A"},"83F":{"t":"BE33"},"841":{"t":"C82R"},"843":{"t":"AR11"},"844":{"t":"C182"},"846":{"t":"ERCO"},"847":{"t":"C188"},"84A":{"t":"PA12"},"84F":{"t":"C172"},"850":{"t":"P28A"},"856":{"t":"PA22"},"858":{"t":"P28R"},"85C":{"t":"J3"},"85D":{"t":"PA32"},"85E":{"t":"J3"},"861":{"t":"P51"},"862":{"t":"SR22"},"864":{"t":"C208"},"868":{"t":"CL30"},"86A":{"t":"R66"},"86D":{"desc":"L1P","t":"ULAC"},"86E":{"t":"EC30"},"873":{"t":"E55P"},"874":{"t":"LJ35"},"876":{"desc":"L1P"},"878":{"desc":"L1J"},"87C":{"t":"GLID"},"87D":{"t":"M20P"},"87F":{"t":"S22T"},"880":{"desc":"L1P","t":"ULAC"},"881":{"t":"PA30"},"882":{"t":"P28A"},"885":{"desc":"L1P","t":"ULAC"},"88C":{"t":"AT8T"},"890":{"desc":"L1P"},"895":{"t":"P212"},"896":{"desc":"L1P"},"897":{"desc":"L1P","t":"ULAC"},"898":{"t":"ULAC"},"899":{"desc":"L1P"},"89E":{"t":"B733"},"8A0":{"t":"C414"},"8A2":{"t":"SR22"},"8A5":{"t":"C550"},"8AD":{"t":"BE60"},"8AF":{"t":"BALL"},"8B1":{"t":"C335"},"8B5":{"t":"EC35"},"8B9":{"t":"B06"},"8BA":{"t":"A321"},"8BB":{"t":"R22"},"8BE":{"t":"BL8"},"8C6":{"desc":"L1P"},"8DF":{"t":"C25C"},"8E1":{"t":"E300"},"8E3":{"desc":"L1P"},"8E6":{"t":"CL30"},"8EF":{"desc":"L2J","t":"A20N"},"8F5":{"t":"CL60"},"914":{"desc":"L1P"},"91F":{"t":"BE33"},"92A":{"t":"P51"},"92B":{"t":"BE35"},"92C":{"desc":"L1P","t":"ULAC"},"92D":{"t":"C172"},"930":{"t":"T28"},"933":{"t":"C25A"},"945":{"t":"LJ35"},"946":{"desc":"L1P"},"94B":{"t":"C335"},"967":{"t":"GLF4"},"975":{"t":"MITE"},"977":{"t":"C525"},"978":{"t":"C172"},"979":{"t":"PA32"},"97A":{"t":"C172"},"97D":{"t":"GLID"},"97F":{"t":"P28A"},"980":{"t":"EC35"},"986":{"t":"CRJ2"},"988":{"t":"BALL"},"98E":{"t":"BE35"},"990":{"t":"A319"},"9A2":{"t":"A319"},"9A3":{"t":"A320"},"9A7":{"t":"BE36"},"9A8":{"t":"PA18"},"9AA":{"t":"C335"},"9AB":{"t":"R44"},"9AE":{"t":"SR22"},"9AF":{"t":"B738"},"9B6":{"t":"CRJ9"},"9B7":{"t":"LJ35"},"9B9":{"t":"ULAC"},"9BC":{"t":"C335"},"9C6":{"t":"AT8T"},"9D1":{"t":"E55P"},"9D2":{"t":"A332"},"9D9":{"t":"BE36"},"9DC":{"t":"LJ35"},"9DE":{"t":"CL30"},"9E1":{"desc":"L2T"},"9E2":{"t":"C550"},"9E3":{"desc":"L1P"},"9E4":{"desc":"L1P"},"9EA":{"t":"C172"},"9EB":{"desc":"L2J","t":"B38M"},"9ED":{"desc":"L1P"},"9F1":{"desc":"H6E"},"9F4":{"t":"HUSK"},"9F5":{"desc":"L1P","t":"ULAC"},"9F7":{"t":"GLID"},"9F8":{"t":"T210"},"9FA":{"t":"S22T"},"9FB":{"t":"LJ60"},"9FE":{"t":"C335"},"9FF":{"desc":"L2J","t":"B38M"},"A00":{"t":"C172"},"A02":{"desc":"L1P"},"A0B":{"t":"R44"},"A0C":{"t":"BE20"},"A0D":{"t":"BE33"},"A0E":{"t":"BE35"},"A11":{"desc":"H1P"},"A14":{"t":"C335"},"A1C":{"t":"C335"},"A20":{"t":"FA20"},"A24":{"desc":"L1P","t":"ULAC"},"A32":{"t":"B763"},"A3D":{"t":"BE35"},"A45":{"t":"R22"},"A5E":{"t":"PC12"},"A67":{"desc":"H4E"},"A6F":{"t":"P208"},"A7F":{"desc":"L1P"},"AA1":{"t":"BE35"},"ABD":{"t":"BE35"},"AC0":{"t":"C182"},"AC7":{"desc":"L1P"},"ACB":{"t":"C210"},"ACC":{"t":"P28A"},"ACD":{"t":"C182"},"AD3":{"desc":"L1P"},"AD6":{"t":"C172"},"ADA":{"t":"B47G"},"ADF":{"t":"PA18"},"AE0":{"t":"BE35"},"AE2":{"t":"AR11"},"AE3":{"t":"UH12"},"AE7":{"t":"GC1"},"AE8":{"t":"C185"},"AEA":{"desc":"L1P"},"AEE":{"t":"C210"},"AEF":{"t":"C177"},"AF2":{"t":"PA32"},"AF3":{"t":"M20P"},"AF7":{"t":"BE55"},"AF8":{"t":"C172"},"AFF":{"t":"GLID"},"B02":{"t":"PA18"},"B06":{"t":"C182"},"B07":{"desc":"L1P"},"B18":{"t":"PA22"},"B19":{"t":"P28A"},"B1B":{"t":"P28A"},"B1C":{"t":"J3"},"B1D":{"t":"J3"},"B1F":{"t":"J3"},"B22":{"t":"P28A"},"B23":{"desc":"L1P"},"B24":{"t":"PA18"},"B2B":{"t":"ERCO"},"B30":{"desc":"L1P"},"B31":{"t":"PA23"},"B32":{"t":"PA34"},"B35":{"t":"C177"},"B36":{"t":"C182"},"B38":{"t":"PA32"},"B39":{"t":"M20P"},"B3C":{"t":"P28R"},"B3E":{"t":"P28A"},"B40":{"t":"P28A"},"B43":{"t":"J3"},"B44":{"t":"J3"},"B49":{"t":"BE35"},"B4B":{"t":"AR11"},"B55":{"t":"C310"},"B5B":{"t":"PA32"},"B5C":{"t":"M20P"},"B5D":{"t":"C182"},"B5E":{"t":"PA22"},"B61":{"t":"PA22"},"B62":{"desc":"L1P"},"B64":{"t":"P28A"},"B67":{"t":"J3"},"B69":{"desc":"L1P"},"B6B":{"t":"PA18"},"B6C":{"t":"BE35"},"B6E":{"t":"C172"},"B78":{"t":"C310"},"B79":{"t":"C182"},"B7D":{"t":"BE35"},"B7E":{"t":"PA32"},"B81":{"desc":"L1P"},"B82":{"t":"P28A"},"B83":{"t":"J3"},"B84":{"t":"J3"},"B85":{"t":"J3"},"B86":{"t":"J3"},"B87":{"t":"J3"},"B88":{"t":"PA32"},"B89":{"t":"J3"},"B8B":{"t":"J3"},"B90":{"t":"R22"},"B92":{"t":"C182"},"B98":{"t":"PA12"},"B9D":{"t":"C210"},"B9E":{"t":"C177"},"BA0":{"t":"C150"},"BA1":{"t":"PA32"},"BA3":{"t":"B350"},"BA5":{"t":"P28A"},"BA6":{"t":"J3"},"BA8":{"t":"P28A"},"BAA":{"t":"P28A"},"BAB":{"t":"P28R"},"BAC":{"t":"P28R"},"BAD":{"t":"PA32"},"BB0":{"t":"PA18"},"BB3":{"t":"C180"},"BB8":{"t":"C150"},"BB9":{"t":"GC1"},"BBA":{"t":"C185"},"BBB":{"t":"PA12"},"BC1":{"t":"C177"},"BC2":{"t":"C182"},"BC7":{"t":"PA22"},"BCA":{"t":"J3"},"BCB":{"t":"J3"},"BCD":{"t":"P28A"},"BCE":{"t":"J3"},"BD0":{"t":"J3"},"BD1":{"t":"J3"},"BD2":{"desc":"L1P","t":"ULAC"},"BD3":{"t":"BE35"},"BD7":{"t":"AR11"},"BD8":{"t":"B47G"},"BD9":{"t":"GLID"},"BDB":{"t":"C150"},"BE2":{"t":"C182"},"BE6":{"t":"BE35"},"BEC":{"t":"J3"},"BF0":{"t":"J3"},"BF2":{"t":"J3"},"BF3":{"t":"J3"},"BF7":{"t":"PA18"},"BFB":{"t":"C182"},"BFD":{"t":"ERCO"},"BFE":{"t":"C150"},"C01":{"t":"PA12"},"C07":{"t":"C177"},"C09":{"t":"C150"},"C0A":{"t":"PA32"},"C0B":{"t":"M20P"},"C0D":{"t":"PA22"},"C0E":{"t":"J3"},"C0F":{"t":"J3"},"C10":{"t":"J3"},"C11":{"t":"J3"},"C13":{"t":"P28A"},"C14":{"t":"J3"},"C17":{"t":"P28R"},"C18":{"t":"GLID"},"C1D":{"t":"C336"},"C1E":{"t":"B06"},"C1F":{"t":"C172"},"C20":{"t":"SF34"},"C23":{"desc":"L1T"},"C24":{"desc":"L1P","t":"ULAC"},"C25":{"t":"EC30"},"C27":{"t":"BE36"},"C2A":{"desc":"L1P"},"C2B":{"t":"B737"},"C2F":{"desc":"L1J"},"C32":{"t":"SR22"},"C33":{"t":"L13M"},"C39":{"t":"P28A"},"C3A":{"t":"C336"},"C3C":{"desc":"L1P"},"C3D":{"desc":"L1P","t":"ULAC"},"C47":{"desc":"L1P"},"C4B":{"t":"S108"},"C4C":{"t":"BE36"},"C4D":{"t":"BE36"},"C4E":{"desc":"A1P"},"C51":{"t":"C336"},"C55":{"t":"B733"},"C57":{"t":"B763"},"C59":{"t":"C82S"},"C66":{"desc":"L1P"},"C68":{"t":"C172"},"C75":{"t":"DA40"},"C79":{"desc":"L1P"},"C7A":{"t":"A321"},"C7D":{"t":"FA24"},"C7F":{"t":"GLF5"},"C81":{"t":"R44"},"C90":{"t":"BE36"},"C96":{"desc":"L1P"},"CA1":{"t":"C336"},"CA6":{"desc":"L2J","t":"A20N"},"CA7":{"desc":"L1P"},"CAC":{"t":"CL60"},"CAF":{"t":"BE36"},"CB1":{"desc":"L1P"},"CC8":{"t":"B212"},"CD6":{"t":"BE33"},"CDA":{"t":"SR22"},"CE2":{"desc":"L1P"},"CE3":{"t":"C336"},"CEC":{"t":"C336"},"CEF":{"t":"C208"},"CF6":{"t":"C336"},"D0C":{"t":"P46T"},"D13":{"t":"C336"},"D14":{"t":"BE9L"},"D1E":{"desc":"L1P"},"D24":{"t":"GLF5"},"D27":{"t":"C336"},"D2C":{"t":"BE36"},"D2F":{"t":"C172"},"D35":{"desc":"L2T"},"D36":{"t":"P28A"},"D37":{"desc":"L2J"},"D38":{"t":"B350"},"D45":{"desc":"L1P"},"D47":{"t":"A319"},"D5A":{"t":"A320"},"D5E":{"t":"PAY2"},"D5F":{"t":"PA44"},"D64":{"desc":"L1P"},"D6D":{"t":"CRJ9"},"D6F":{"desc":"A1P"},"D73":{"t":"BT36"},"D88":{"t":"E55P"},"D89":{"t":"A332"},"D91":{"desc":"L1P"},"D94":{"t":"BE36"},"D98":{"desc":"L2J"},"D99":{"t":"C56X"},"DA0":{"t":"BALL"},"DA1":{"t":"C172"},"DA3":{"desc":"L2J","t":"B38M"},"DA4":{"desc":"L1P"},"DA5":{"t":"BE36"},"DA8":{"desc":"H6E"},"DA9":{"t":"BE36"},"DAA":{"t":"SF34"},"DAB":{"t":"P28A"},"DAC":{"desc":"L1P","t":"ULAC"},"DB0":{"t":"R44"},"DB9":{"desc":"L2J","t":"B38M"},"DBB":{"desc":"L1P","t":"ULAC"},"DC2":{"t":"BE36"},"DC3":{"desc":"L1P"},"DC5":{"t":"BT36"},"DC6":{"t":"SR22"},"DCE":{"desc":"L2J","t":"B38M"},"DD7":{"t":"C336"},"DE9":{"t":"B763"},"DF4":{"t":"BL17"},"E04":{"t":"C336"},"E0D":{"t":"C336"},"E1F":{"t":"BL8"},"E26":{"t":"M5"},"E31":{"t":"C56X"},"E58":{"t":"BE35"},"E77":{"t":"C182"},"E78":{"desc":"L1P"},"E7A":{"t":"C150"},"E7D":{"t":"P28A"},"E7E":{"t":"J3"},"E7F":{"t":"PA18"},"E81":{"t":"C185"},"E82":{"t":"C210"},"E84":{"t":"C182"},"E85":{"desc":"L1P"},"E87":{"t":"M20P"},"E88":{"t":"C182"},"E8E":{"desc":"L2P"},"E93":{"t":"GLID"},"E94":{"desc":"L1P"},"E95":{"t":"PA20"},"E96":{"t":"PA22"},"E98":{"t":"C180"},"E99":{"t":"AR11"},"E9E":{"t":"GC1"},"EA4":{"t":"C182"},"EA6":{"t":"C177"},"EA7":{"t":"C182"},"EA8":{"t":"BE35"},"EAD":{"t":"C550"},"EAF":{"t":"FA50"},"EB1":{"desc":"L1P"},"EB3":{"t":"UH12"},"EB4":{"desc":"L1P"},"EB7":{"desc":"L1P"},"EBA":{"t":"BE35"},"EBD":{"t":"C182"},"EC0":{"t":"C150"},"EC7":{"t":"C182"},"EC9":{"t":"C177"},"ECA":{"t":"C182"},"ED1":{"t":"ST75"},"ED3":{"desc":"L2P"},"ED5":{"desc":"H1P"},"EDA":{"desc":"L1P"},"EDB":{"t":"PA22"},"EDD":{"t":"BE35"},"EDE":{"t":"C180"},"EDF":{"t":"C172"},"EE1":{"desc":"L1P"},"EE2":{"t":"ERCO"},"EE6":{"t":"PA12"},"EE8":{"t":"PA23"},"EEA":{"t":"C182"},"EF1":{"t":"C210"},"EF2":{"t":"PA22"},"EF4":{"t":"PA32"},"EF5":{"desc":"L2P"},"EF6":{"t":"S22T"},"EF9":{"t":"P28A"},"EFE":{"t":"BE33"},"EFF":{"t":"BE33"},"F01":{"t":"C180"},"F02":{"t":"C172"},"F03":{"t":"C182"},"F06":{"t":"C150"},"F07":{"desc":"L1P"},"F08":{"t":"C310"},"F09":{"t":"PA12"},"F0A":{"t":"J3"},"F0E":{"t":"C210"},"F0F":{"t":"C177"},"F10":{"t":"C182"},"F12":{"t":"PA32"},"F13":{"t":"M20P"},"F14":{"t":"C182"},"F15":{"t":"DA62"},"F16":{"t":"P28A"},"F18":{"t":"P28R"},"F19":{"t":"P28B"},"F1A":{"t":"DC3"},"F1B":{"t":"PA32"},"F1C":{"t":"PA34"},"F1E":{"t":"P28A"},"F20":{"desc":"L1P"},"F22":{"t":"PA22"},"F26":{"t":"C182"},"F31":{"t":"C210"},"F34":{"t":"BE35"},"F39":{"desc":"L2P"},"F3E":{"t":"P28A"},"F42":{"t":"P28A"},"F43":{"t":"PA23"},"F46":{"t":"BE35"},"F48":{"t":"AR11"},"F4D":{"t":"GC1"},"F4E":{"t":"R66"},"F51":{"t":"C182"},"F54":{"t":"C210"},"F56":{"t":"C182"},"F57":{"t":"C172"},"F5A":{"t":"C182"},"F5D":{"t":"P28A"},"F5F":{"t":"P28R"},"F62":{"t":"P28A"},"F63":{"t":"P28A"},"F64":{"t":"P28R"},"F65":{"t":"PA32"},"F66":{"t":"BE55"},"F6B":{"t":"AR11"},"F74":{"t":"PA23"},"F76":{"t":"C185"},"F77":{"t":"C185"},"F79":{"t":"C182"},"F81":{"t":"P28A"},"F83":{"t":"P28A"},"F85":{"t":"P28A"},"F88":{"t":"P28A"},"F89":{"desc":"L1P"},"F8F":{"t":"C182"},"F93":{"t":"GC1"},"F96":{"t":"J3"},"F9A":{"t":"C210"},"F9B":{"t":"C177"},"F9C":{"t":"C182"},"F9E":{"t":"PA32"},"F9F":{"t":"M20P"},"FA1":{"t":"PA22"},"FA4":{"desc":"H4E"},"FA6":{"t":"P28R"},"FA7":{"t":"P28R"},"FAB":{"t":"PA34"},"FAD":{"t":"PA22"},"FB1":{"t":"C172"},"FB3":{"desc":"L1P"},"FB5":{"desc":"L1P"},"FB8":{"t":"PA12"},"FBC":{"t":"C182"},"FBD":{"t":"C210"},"FBE":{"t":"C177"},"FC1":{"t":"PA32"},"FC2":{"t":"M20P"},"FC6":{"t":"P28A"},"FC7":{"t":"P28A"},"FC9":{"t":"PA32"},"FCD":{"t":"P28R"},"FCE":{"t":"PA32"},"FD1":{"t":"C206"},"FD2":{"t":"PA25"},"FD3":{"t":"AS50"},"FD5":{"t":"B06"},"FD6":{"t":"C337"},"FD7":{"desc":"H8E"},"FDA":{"desc":"L1T"},"FDB":{"desc":"L1P","t":"ULAC"},"FDC":{"t":"HUSK"},"FE0":{"desc":"L1P"},"FE1":{"t":"E55P"},"FE2":{"t":"B737"},"FE6":{"desc":"L1J"},"FE8":{"t":"B763"},"FE9":{"t":"C337"},"FEB":{"t":"C337"},"FEC":{"desc":"L1P"},"FED":{"desc":"L2P"},"FF0":{"t":"P28A"},"FF5":{"t":"C182"},"FFB":{"t":"C337"}}