{"002":{"t":"C337"},"003":{"t":"C172"},"004":{"t":"CH7A"},"005":{"t":"H25B"},"006":{"t":"C337"},"007":{"t":"C337"},"009":{"t":"P337"},"00A":{"t":"C337"},"00C":{"t":"B733"},"00D":{"t":"DV20"},"00E":{"t":"C510"},"010":{"t":"C182"},"012":{"t":"C82S"},"017":{"desc":"L1P"},"01B":{"t":"C337"},"01D":{"t":"C182"},"01E":{"desc":"L2P"},"01F":{"t":"GLID"},"020":{"t":"C337"},"023":{"desc":"L1P"},"027":{"t":"C206"},"028":{"t":"A321"},"029":{"t":"HUSK"},"02C":{"desc":"L1P"},"030":{"t":"C337"},"034":{"t":"GC1"},"039":{"t":"C337"},"03A":{"t":"PA18"},"042":{"t":"PA44"},"045":{"desc":"L1P"},"049":{"t":"C337"},"04A":{"t":"C337"},"04D":{"t":"C337"},"04F":{"t":"P28A"},"058":{"t":"B350"},"059":{"t":"PA34"},"05D":{"desc":"L2J","t":"A20N"},"05F":{"t":"C337"},"063":{"t":"E545"},"066":{"t":"P28A"},"06A":{"t":"C337"},"06C":{"t":"C172"},"06D":{"t":"C337"},"06E":{"desc":"L2P"},"06F":{"t":"B350"},"076":{"t":"C337"},"077":{"t":"C337"},"079":{"desc":"L2T"},"07F":{"t":"R22"},"081":{"t":"P337"},"082":{"t":"E50P"},"086":{"desc":"H1T"},"08D":{"desc":"L1P"},"08F":{"desc":"L1P"},"090":{"t":"M20T"},"09A":{"t":"E190"},"09E":{"t":"C337"},"09F":{"t":"RV12"},"0A1":{"t":"P337"},"0A3":{"t":"C337"},"0A4":{"desc":"L1P"},"0A6":{"desc":"L1P"},"0A8":{"t":"C337"},"0A9":{"t":"C337"},"0AE":{"t":"B744"},"0B1":{"desc":"L2P"},"0B4":{"t":"C441"},"0B9":{"desc":"L2P"},"0BB":{"t":"FDCT"},"0BD":{"t":"P337"},"0BE":{"t":"P337"},"0C3":{"desc":"L2P"},"0CA":{"desc":"L1P"},"0CB":{"t":"C337"},"0D0":{"t":"C337"},"0D8":{"t":"C337"},"0DA":{"t":"GLF3"},"0DB":{"t":"GLF5"},"0E4":{"t":"AT5T"},"0E5":{"desc":"L2T"},"0E6":{"t":"M20P"},"0E8":{"t":"C172"},"0EB":{"t":"R44"},"0EC":{"desc":"L1P"},"0EF":{"t":"C337"},"0F3":{"t":"C337"},"0F5":{"desc":"H2T"},"0F8":{"t":"P337"},"0FE":{"t":"A319"},"101":{"t":"C337"},"103":{"t":"PC12"},"110":{"t":"A319"},"111":{"t":"A320"},"115":{"t":"C337"},"117":{"desc":"L1P"},"118":{"t":"C210"},"11C":{"t":"ULAC"},"11D":{"t":"EC35"},"11E":{"t":"B738"},"120":{"t":"C402"},"123":{"t":"M20T"},"124":{"t":"CRJ9"},"13F":{"t":"E55P"},"147":{"t":"P337"},"148":{"desc":"L1P"},"149":{"t":"SR22"},"14A":{"t":"C337"},"14B":{"t":"C337"},"14E":{"t":"P337"},"150":{"t":"PA34"},"153":{"t":"J5"},"157":{"t":"P337"},"158":{"t":"P337"},"159":{"t":"C337"},"15B":{"desc":"L1P"},"15C":{"t":"P337"},"15F":{"desc":"H6E"},"161":{"desc":"L1P"},"162":{"t":"HUSK"},"165":{"desc":"L1P"},"16B":{"t":"C337"},"16C":{"t":"C337"},"16E":{"desc":"L1P","t":"ULAC"},"170":{"desc":"A1P"},"171":{"t":"C337"},"172":{"desc":"L1P"},"174":{"t":"C337"},"179":{"t":"PA18"},"17D":{"t":"AR11"},"17F":{"t":"P46T"},"183":{"t":"C337"},"184":{"t":"C337"},"185":{"t":"S22T"},"186":{"desc":"L2J","t":"B38M"},"189":{"t":"C337"},"18A":{"t":"C337"},"18E":{"t":"P337"},"18F":{"t":"C337"},"19C":{"desc":"L2P"},"1A0":{"t":"B763"},"1A3":{"desc":"L1P"},"1AB":{"t":"C337"},"1B2":{"t":"C337"},"1C4":{"desc":"L1P"},"1C5":{"t":"C337"},"1CB":{"t":"C337"},"1D0":{"desc":"L1P"},"1D4":{"t":"H25B"},"1D5":{"desc":"L1P"},"1D6":{"t":"C337"},"1D9":{"t":"P337"},"1DC":{"t":"C337"},"1DD":{"desc":"L1P"},"1E0":{"t":"C150"},"1EB":{"desc":"A1P"},"1F3":{"t":"C337"},"1F6":{"t":"C337"},"229":{"t":"PA22"},"22D":{"t":"CH7A"},"232":{"t":"GC1"},"234":{"t":"PA12"},"235":{"t":"J3"},"239":{"t":"C185"},"23B":{"t":"C182"},"23C":{"t":"C150"},"23D":{"t":"PA32"},"23F":{"t":"C182"},"243":{"desc":"L2P"},"245":{"t":"AR11"},"246":{"t":"AR11"},"249":{"t":"AR11"},"24D":{"t":"PA18"},"250":{"t":"C172"},"251":{"t":"C182"},"255":{"t":"GC1"},"256":{"t":"C185"},"258":{"t":"J3"},"25B":{"t":"R22"},"25D":{"t":"C177"},"262":{"t":"C182"},"264":{"t":"AR11"},"265":{"t":"AR11"},"267":{"t":"AR11"},"268":{"t":"B737"},"269":{"t":"P28A"},"26B":{"t":"AR11"},"26C":{"t":"AR11"},"26D":{"t":"AR11"},"26E":{"t":"GLID"},"270":{"t":"PA18"},"271":{"t":"BE35"},"272":{"t":"C180"},"273":{"t":"CH7A"},"274":{"t":"C182"},"276":{"t":"ERCO"},"27A":{"t":"P28B"},"27F":{"t":"C210"},"281":{"t":"C182"},"282":{"t":"C150"},"284":{"t":"M20P"},"286":{"t":"PA18"},"287":{"t":"P28R"},"28B":{"t":"PA34"},"28E":{"t":"P28A"},"28F":{"t":"P28A"},"292":{"t":"PA22"},"293":{"t":"C172"},"295":{"t":"C180"},"29C":{"t":"C185"},"29E":{"t":"J3"},"2A0":{"t":"C421"},"2A1":{"t":"C182"},"2A2":{"t":"C182"},"2A4":{"t":"C182"},"2AB":{"t":"AR11"},"2AD":{"t":"P28R"},"2AE":{"desc":"L1P"},"2AF":{"t":"P28B"},"2B1":{"desc":"S1P","t":"AR11"},"2B2":{"t":"AR11"},"2B3":{"t":"PA34"},"2B5":{"t":"PA22"},"2B6":{"t":"PA18"},"2B8":{"t":"C180"},"2BB":{"t":"NAVI"},"2BF":{"t":"C185"},"2C0":{"t":"P28A"},"2C3":{"desc":"L1P"},"2C5":{"t":"C210"},"2C6":{"t":"C177"},"2C7":{"t":"C182"},"2C8":{"t":"BE35"},"2C9":{"t":"PA32"},"2CA":{"t":"M20P"},"2CB":{"t":"C182"},"2CC":{"t":"PA18"},"2D2":{"t":"P28A"},"2D3":{"t":"P28A"},"2D5":{"t":"C180"},"2DB":{"t":"C180"},"2DD":{"t":"C182"},"2DE":{"t":"T6"},"2E2":{"t":"C185"},"2E3":{"t":"PA12"},"2E7":{"t":"C182"},"2E9":{"t":"UH12"},"2EF":{"t":"PA18"},"2F0":{"t":"P28R"},"2F4":{"t":"P28A"},"2F5":{"t":"P28A"},"2F6":{"t":"AR11"},"2F7":{"t":"AR11"},"2F9":{"t":"P28R"},"2FD":{"t":"BE35"},"2FE":{"t":"C180"},"2FF":{"t":"C182"},"301":{"t":"C310"},"302":{"t":"ERCO"},"30A":{"t":"C182"},"30E":{"t":"C150"},"310":{"t":"M20P"},"311":{"t":"C182"},"315":{"t":"P28A"},"316":{"t":"P28A"},"317":{"t":"P28A"},"319":{"t":"AR11"},"31B":{"t":"AR11"},"31C":{"t":"AR11"},"31E":{"t":"PA22"},"321":{"t":"TAYB"},"322":{"t":"CH7A"},"324":{"desc":"L1P"},"326":{"t":"C150"},"32B":{"t":"PA23"},"32C":{"t":"C421"},"32D":{"t":"C182"},"331":{"t":"C150"},"333":{"t":"M20P"},"335":{"t":"PA18"},"336":{"t":"P28R"},"338":{"t":"P28A"},"33B":{"t":"AR11"},"33E":{"t":"AR11"},"33F":{"t":"AR11"},"341":{"t":"PA22"},"343":{"t":"C82R"},"345":{"t":"C172"},"347":{"desc":"L1P"},"348":{"t":"ERCO"},"34A":{"t":"GC1"},"34F":{"t":"C402"},"350":{"t":"C182"},"351":{"t":"C185"},"353":{"t":"C182"},"355":{"t":"PA32"},"356":{"t":"M20P"},"359":{"t":"AR11"},"35B":{"t":"AR11"},"35C":{"t":"AR11"},"35D":{"t":"AR11"},"364":{"t":"PA22"},"376":{"t":"C182"},"37C":{"t":"AR11"},"37F":{"t":"P28A"},"381":{"t":"P28R"},"382":{"t":"P28B"},"386":{"desc":"L1P"},"389":{"desc":"H4E"},"38A":{"t":"BE35"},"38C":{"t":"B06"},"38D":{"t":"B190"},"38E":{"desc":"H1P"},"391":{"desc":"L1T"},"392":{"desc":"L1P","t":"ULAC"},"393":{"t":"B407"},"399":{"t":"B737"},"39B":{"desc":"L1P","t":"ULAC"},"3A0":{"t":"C550"},"3A1":{"desc":"L1P"},"3A3":{"desc":"L1P","t":"ULAC"},"3A7":{"t":"P28A"},"3AC":{"t":"C182"},"3B0":{"desc":"H4E"},"3B1":{"desc":"L1P"},"3B9":{"desc":"L1P"},"3BA":{"t":"C172"},"3BC":{"desc":"L1P"},"3C1":{"desc":"L2T"},"3C7":{"t":"SR22"},"3CA":{"t":"PA18"},"3CB":{"desc":"H1P"},"3D2":{"t":"BE36"},"3D4":{"t":"PA46"},"3D5":{"desc":"L1P"},"3D6":{"t":"M20T"},"3DC":{"t":"S22T"},"3DF":{"t":"A321"},"3E3":{"t":"DA40"},"3E7":{"t":"ULAC"},"3EB":{"desc":"L1P"},"3F0":{"t":"M20P"},"414":{"desc":"L2J","t":"A20N"},"41A":{"t":"E545"},"41D":{"desc":"L1P"},"41F":{"desc":"L1P"},"429":{"desc":"L1P"},"436":{"t":"C185"},"444":{"t":"BE33"},"446":{"t":"C56X"},"451":{"desc":"L1P"},"453":{"desc":"H1T"},"454":{"t":"CL30"},"455":{"t":"BE35"},"45B":{"desc":"L1P"},"45F":{"desc":"L1P"},"46B":{"t":"TBM7"},"476":{"t":"GLID"},"481":{"desc":"L1P"},"48C":{"desc":"L2P"},"48D":{"t":"C182"},"492":{"t":"GLF5"},"49B":{"t":"DA40"},"49D":{"desc":"L1T"},"49F":{"t":"C182"},"4A1":{"t":"BE33"},"4A2":{"desc":"L1P"},"4A4":{"t":"P28A"},"4A5":{"t":"MU2"},"4A6":{"t":"GLF4"},"4B3":{"t":"AEST"},"4B4":{"t":"AEST"},"4B5":{"t":"A319"},"4C4":{"t":"BE55"},"4C7":{"t":"A319"},"4C8":{"t":"A320"},"4CD":{"t":"P28R"},"4D6":{"t":"B738"},"4D8":{"desc":"L1P"},"4E5":{"desc":"L1P"},"4E9":{"t":"PC12"},"4FE":{"t":"C560"},"4FF":{"desc":"L1P"},"500":{"desc":"L1P"},"50F":{"desc":"L2J","t":"B38M"},"512":{"desc":"L1P"},"516":{"desc":"H6E"},"518":{"t":"T206"},"519":{"desc":"L1T"},"51A":{"desc":"L1E"},"51B":{"t":"AS50"},"51E":{"t":"R44"},"520":{"t":"PA38"},"523":{"desc":"A1P","t":"ULAC"},"525":{"desc":"H1T"},"528":{"t":"PA27"},"529":{"desc":"L2J","t":"B38M"},"530":{"t":"PA18"},"533":{"desc":"L2J"},"534":{"t":"PC24"},"53A":{"t":"BE58"},"53B":{"t":"C337"},"53E":{"desc":"L1P","t":"GLEX"},"542":{"desc":"H1T","t":"S92"},"546":{"t":"SR22"},"548":{"t":"GLF4"},"54A":{"t":"GLF3"},"557":{"t":"B763"},"563":{"desc":"L1P"},"56A":{"t":"R22"},"572":{"desc":"L1P","t":"ULAC"},"578":{"desc":"L1P"},"587":{"desc":"L1P"},"588":{"t":"UH1"},"58C":{"t":"T206"},"58D":{"desc":"L1P"},"594":{"desc":"L1P"},"5E0":{"t":"PA22"},"5E3":{"t":"C180"},"5E4":{"t":"AR11"},"5E8":{"t":"C150"},"5E9":{"t":"GC1"},"5EB":{"t":"PA12"},"5EC":{"t":"J3"},"5ED":{"t":"M7"},"5EF":{"t":"C182"},"5F3":{"t":"BE35"},"5F5":{"t":"M20P"},"5F6":{"t":"C182"},"5F7":{"t":"PA18"},"5F8":{"t":"AR11"},"5FA":{"t":"P28A"},"5FB":{"t":"P28A"},"5FC":{"t":"P28R"},"5FE":{"t":"P28A"},"601":{"t":"PA34"},"605":{"t":"BE35"},"608":{"t":"C182"},"60A":{"desc":"L1P"},"60E":{"t":"PA12"},"615":{"t":"C182"},"618":{"t":"M20P"},"620":{"t":"P28R"},"621":{"t":"P28R"},"623":{"t":"J3"},"629":{"t":"C180"},"62A":{"t":"AR11"},"631":{"t":"PA12"},"635":{"t":"C182"},"636":{"t":"C185"},"637":{"t":"TWEN"},"63A":{"t":"PA32"},"63C":{"t":"C182"},"63F":{"t":"AR11"},"644":{"t":"AR11"},"648":{"desc":"H1P"},"649":{"t":"PA22"},"64A":{"t":"PA22"},"64C":{"t":"C180"},"64D":{"t":"AR11"},"650":{"t":"ERCO"},"658":{"t":"C182"},"659":{"t":"C210"},"65A":{"t":"C177"},"65D":{"t":"PA32"},"65E":{"t":"M20P"},"65F":{"t":"C182"},"660":{"t":"PA18"},"662":{"t":"PA32"},"663":{"t":"PA34"},"664":{"t":"PA34"},"666":{"t":"AR11"},"667":{"t":"P28A"},"670":{"t":"AR11"},"67B":{"t":"C182"},"681":{"t":"M20P"},"682":{"t":"C182"},"683":{"t":"PA18"},"688":{"t":"AR11"},"68B":{"t":"P28A"},"68C":{"t":"P28A"},"68D":{"t":"P28R"},"690":{"t":"PA22"},"697":{"t":"C150"},"698":{"t":"GC1"},"69A":{"t":"PA12"},"69B":{"t":"J3"},"69E":{"t":"C182"},"6A3":{"t":"PA32"},"6A4":{"t":"M20P"},"6A5":{"t":"C182"},"6A7":{"t":"P28B"},"6A8":{"t":"AR11"},"6AA":{"t":"AR11"},"6AF":{"t":"AR11"},"6B2":{"t":"H25B"},"6B6":{"t":"C172"},"6B7":{"t":"C182"},"6BD":{"t":"PA12"},"6C5":{"t":"C150"},"6C6":{"t":"PA32"},"6CB":{"t":"AR11"},"6CD":{"t":"P28R"},"6CE":{"t":"PA32"},"6D1":{"t":"P28R"},"6D6":{"t":"PA22"},"6DA":{"t":"C182"},"6DD":{"t":"C150"},"6E4":{"t":"C182"},"6E6":{"t":"C177"},"6E7":{"t":"C182"},"6E8":{"t":"BE35"},"6EB":{"t":"C182"},"6EC":{"t":"PA18"},"6ED":{"t":"FA62"},"6EE":{"t":"GLID"},"6F0":{"t":"GLID"},"6F1":{"t":"GLID"},"6F2":{"t":"AR11"},"6F3":{"t":"GLID"},"6F4":{"t":"AR11"},"6F6":{"t":"AR11"},"6F7":{"desc":"L1P","t":"ULAC"},"6F9":{"t":"PA22"},"700":{"desc":"L1P"},"701":{"desc":"L1P"},"703":{"t":"PA12"},"704":{"t":"J3"},"705":{"t":"PA23"},"707":{"t":"C182"},"708":{"t":"C210"},"709":{"t":"C177"},"70A":{"t":"C182"},"70C":{"t":"PA32"},"70D":{"t":"M20P"},"70E":{"t":"C182"},"70F":{"t":"PA18"},"710":{"t":"GLID"},"712":{"t":"AR11"},"714":{"t":"AR11"},"718":{"t":"AR11"},"719":{"t":"GLID"},"71D":{"t":"BE35"},"71E":{"t":"C180"},"71F":{"t":"C172"},"722":{"t":"GL5T"},"724":{"desc":"L1P"},"726":{"t":"BE33"},"728":{"t":"PA23"},"72C":{"t":"AC11"},"72D":{"t":"C182"},"72F":{"t":"PA32"},"732":{"t":"PA18"},"734":{"t":"AR11"},"735":{"t":"AR11"},"73B":{"t":"GLID"},"73C":{"t":"AR11"},"73E":{"desc":"L1P"},"743":{"t":"AS50"},"744":{"desc":"L1P"},"745":{"desc":"L1P"},"748":{"desc":"L1T"},"749":{"desc":"L1P","t":"ULAC"},"74A":{"t":"EC30"},"74C":{"t":"S22T"},"74F":{"desc":"L1P"},"752":{"t":"H25B"},"754":{"desc":"L1J"},"757":{"t":"C680"},"758":{"desc":"H4E"},"75A":{"desc":"L1P","t":"ULAC"},"75C":{"t":"TWEN"},"75E":{"t":"P28A"},"768":{"t":"AT8T"},"76B":{"t":"CL30"},"770":{"t":"HUSK"},"771":{"t":"B350"},"773":{"desc":"A1P"},"774":{"t":"SR22"},"778":{"t":"C182"},"77C":{"t":"CL30"},"77E":{"t":"C182"},"780":{"desc":"H8E"},"782":{"t":"PA27"},"783":{"t":"GLID"},"78A":{"t":"P28R"},"790":{"t":"P210"},"791":{"t":"L39"},"794":{"desc":"L1P"},"795":{"t":"L39"},"796":{"t":"A321"},"79B":{"t":"SR22"},"7A2":{"desc":"L1P"},"7A5":{"desc":"L1P"},"7B3":{"t":"C680"},"7B6":{"desc":"H1T"},"7BA":{"desc":"L1P"},"7C6":{"desc":"L1P"},"7CB":{"desc":"L2J","t":"A20N"},"7D1":{"t":"E545"},"7D4":{"desc":"L1P"},"7D6":{"desc":"L1P"},"7FB":{"t":"C501"},"808":{"t":"E190"},"809":{"t":"C172"},"812":{"t":"GLF5"},"817":{"desc":"L1P"},"820":{"t":"BE9L"},"821":{"t":"R66"},"831":{"desc":"A1P"},"838":{"t":"L39"},"83F":{"t":"SS2T"},"843":{"t":"TBM7"},"849":{"t":"GLF5"},"851":{"t":"MITE"},"852":{"desc":"L1T","t":"PA46"},"854":{"t":"S22T"},"856":{"t":"C182"},"85B":{"t":"P28A"},"862":{"t":"C210"},"86B":{"t":"L39"},"86C":{"t":"A319"},"873":{"t":"F2TH"},"87F":{"t":"A320"},"883":{"t":"GLID"},"886":{"desc":"A1P","t":"ULAC"},"887":{"desc":"A1P"},"88C":{"desc":"L1P"},"88E":{"t":"B738"},"8AD":{"t":"C680"},"8BF":{"t":"FA20"},"8C0":{"t":"B212"},"8C6":{"t":"L39"},"8C9":{"desc":"L1P"},"8CA":{"desc":"L2T"},"8CD":{"desc":"H6E"},"8CF":{"t":"C182"},"8D1":{"desc":"H1P"},"8D5":{"t":"L39"},"8D8":{"desc":"H4E"},"8DA":{"t":"BE40"},"8DC":{"t":"C172"},"8DE":{"t":"ULAC"},"8E1":{"desc":"L2J","t":"B38M"},"8E7":{"t":"PA18"},"8E8":{"t":"C208"},"8EF":{"t":"P51"},"8F5":{"desc":"L2J","t":"B38M"},"8F8":{"desc":"L1P"},"8F9":{"desc":"L1P","t":"ULAC"},"90E":{"t":"B763"},"91A":{"desc":"L1P"},"929":{"desc":"L1P","t":"ULAC"},"932":{"desc":"L1P"},"93F":{"t":"UH1"},"943":{"t":"S22T"},"944":{"desc":"L1P"},"94B":{"t":"M5"},"97E":{"t":"L39"},"997":{"t":"PA22"},"999":{"t":"BE35"},"99B":{"t":"CH7A"},"99C":{"t":"C182"},"99D":{"desc":"L1P"},"99E":{"t":"ERCO"},"99F":{"t":"C150"},"9A0":{"t":"GC1"},"9A3":{"t":"J3"},"9A6":{"t":"CH7A"},"9A8":{"t":"C177"},"9AB":{"t":"PA32"},"9AC":{"t":"M20P"},"9AD":{"t":"C182"},"9AF":{"desc":"L1P"},"9B0":{"t":"TAYB"},"9B3":{"t":"GLID"},"9B7":{"t":"TAYB"},"9B8":{"t":"GLID"},"9BA":{"t":"PA22"},"9BE":{"t":"C172"},"9BF":{"t":"C182"},"9C1":{"t":"ERCO"},"9C9":{"t":"P28A"},"9CB":{"t":"C177"},"9CD":{"t":"BE35"},"9CE":{"t":"PA32"},"9CF":{"t":"M20P"},"9D1":{"t":"PA18"},"9D5":{"t":"GLID"},"9D6":{"t":"GLID"},"9D7":{"t":"GLID"},"9D9":{"t":"GLID"},"9DB":{"t":"TAYB"},"9DD":{"t":"PA22"},"9E0":{"t":"C180"},"9E4":{"t":"ERCO"},"9E8":{"t":"PA12"},"9E9":{"t":"PA11"},"9EC":{"t":"P28A"},"9F1":{"t":"PA32"},"9F6":{"t":"TAYB"},"9F8":{"t":"GLID"},"9FB":{"t":"GLID"},"9FC":{"t":"TAYB"},"9FD":{"t":"GLID"},"9FE":{"t":"GLID"},"A02":{"t":"BE35"},"A03":{"t":"PA32"},"A07":{"t":"PA12"},"A09":{"t":"GC1"},"A0C":{"t":"J3"},"A0F":{"t":"P28A"},"A11":{"t":"C177"},"A15":{"t":"M20P"},"A17":{"t":"PA18"},"A19":{"t":"TAYB"},"A1B":{"t":"GLID"},"A1F":{"t":"GLID"},"A21":{"t":"TAYB"},"A26":{"t":"C180"},"A28":{"t":"BALL"},"A2E":{"t":"PA12"},"A30":{"t":"BALL"},"A32":{"t":"C182"},"A34":{"t":"C177"},"A36":{"t":"BE35"},"A39":{"t":"C182"},"A3A":{"t":"PA18"},"A3C":{"t":"GLID"},"A3D":{"t":"TAYB"},"A3E":{"t":"TAYB"},"A40":{"t":"TAYB"},"A42":{"t":"TAYB"},"A48":{"t":"BE35"},"A49":{"t":"C180"},"A4C":{"t":"P47"},"A4E":{"t":"C150"},"A4F":{"t":"GC1"},"A51":{"t":"PA12"},"A55":{"t":"C182"},"A5A":{"t":"PA32"},"A5F":{"t":"TAYB"},"A60":{"t":"TAYB"},"A64":{"t":"J3"},"A67":{"t":"TAYB"},"A6B":{"t":"BE35"},"A6E":{"t":"C182"},"A70":{"t":"ERCO"},"A77":{"t":"P28A"},"A78":{"t":"C182"},"A7C":{"t":"C150"},"A7D":{"t":"PA32"},"A7E":{"t":"M20P"},"A7F":{"t":"C182"},"A80":{"t":"PA18"},"A83":{"t":"GLID"},"A87":{"t":"GLID"},"A89":{"t":"GLID"},"A91":{"t":"C182"},"A92":{"t":"C310"},"A94":{"t":"C150"},"A97":{"t":"PA12"},"A9A":{"t":"P28S"},"A9B":{"t":"C182"},"A9C":{"t":"C210"},"A9D":{"t":"C177"},"AA0":{"t":"PA32"},"AA7":{"desc":"H4J"},"AAA":{"t":"TAYB"},"AB5":{"t":"B25"},"AB6":{"t":"ERCO"},"AB8":{"t":"GC1"},"ABD":{"t":"C421"},"ABE":{"t":"P28A"},"AC2":{"t":"BE35"},"AC4":{"t":"M20P"},"AC5":{"t":"C182"},"AC9":{"t":"GLID"},"ACA":{"t":"GLID"},"AD0":{"t":"TAYB"},"AD1":{"t":"B06"},"AD5":{"t":"C180"},"AD7":{"t":"C182"},"ADF":{"t":"PA22"},"AE0":{"t":"C310"},"AE1":{"t":"C182"},"AE4":{"t":"C182"},"AE9":{"t":"PA18"},"AEC":{"t":"TAYB"},"AF0":{"t":"GLID"},"AF1":{"t":"TAYB"},"AF3":{"t":"TAYB"},"AF4":{"desc":"L2P"},"AF5":{"t":"E110"},"AF7":{"desc":"L1P"},"AF8":{"desc":"L2P"},"AF9":{"t":"C421"},"AFA":{"t":"B06"},"AFB":{"t":"T34P"},"AFC":{"t":"C421"},"AFE":{"desc":"L1P"},"AFF":{"desc":"L2T"},"B00":{"t":"S22T"},"B02":{"desc":"L1P"},"B03":{"t":"C150"},"B04":{"t":"T34P"},"B05":{"desc":"L1P"},"B06":{"t":"SR20"},"B07":{"t":"T34P"},"B08":{"t":"R44"},"B0A":{"t":"C340"},"B0B":{"desc":"L1T"},"B0E":{"desc":"L1P"},"B0F":{"desc":"L1P"},"B10":{"t":"C182"},"B11":{"t":"ULAC"},"B14":{"t":"PA34"},"B15":{"desc":"H4E"},"B16":{"desc":"L1P"},"B19":{"t":"C172"},"B1A":{"t":"B407"},"B1B":{"desc":"L1T"},"B1C":{"desc":"L2P"},"B1D":{"desc":"L1P"},"B1E":{"t":"BE33"},"B20":{"t":"T210"},"B22":{"t":"T34P"},"B23":{"t":"BE55"},"B26":{"t":"T34P"},"B27":{"t":"HUSK"},"B29":{"desc":"L1P"},"B2A":{"desc":"L1T"},"B2B":{"t":"SR22"},"B2C":{"t":"BE9L"},"B2D":{"t":"C180"},"B2E":{"desc":"L1P"},"B31":{"t":"S22T"},"B32":{"t":"C175"},"B33":{"t":"AS50"},"B36":{"desc":"L1P"},"B37":{"t":"T34P"},"B38":{"t":"C560"},"B39":{"t":"B06"},"B3A":{"desc":"L1P"},"B3B":{"desc":"L1P"},"B3C":{"desc":"L1P"},"B3D":{"desc":"L1P"},"B3F":{"desc":"L1P"},"B40":{"desc":"L1P"},"B41":{"t":"PA23"},"B42":{"t":"M20P"},"B45":{"desc":"L1P"},"B46":{"t":"DC3"},"B47":{"t":"EA50"},"B48":{"desc":"L2P"},"B49":{"t":"BE33"},"B4A":{"t":"T34P"},"B4B":{"t":"PA32"},"B4C":{"t":"C182"},"B4D":{"t":"CH7B"},"B51":{"t":"P28U"},"B52":{"t":"T34P"},"B54":{"desc":"L1P"},"B55":{"t":"C82R"},"B57":{"t":"T34P"},"B5A":{"desc":"L1J"},"B5B":{"desc":"L1P"},"B5C":{"t":"P337"},"B5E":{"t":"PA30"},"B61":{"t":"PA34"},"B62":{"t":"EA50"},"B64":{"desc":"A1P","t":"ULAC"},"B65":{"t":"T34P"},"B67":{"t":"T34P"},"B6A":{"t":"PA34"},"B6E":{"t":"B06"},"B6F":{"t":"E300"},"B71":{"desc":"L1P"},"B74":{"t":"BALL"},"B75":{"t":"C82S"},"B76":{"desc":"L1P"},"B77":{"desc":"H2T"},"B78":{"t":"C206"},"B79":{"t":"PA18"},"B7A":{"t":"BE36"},"B7B":{"desc":"L1P"},"B7E":{"t":"M20T"},"B80":{"t":"CJ6"},"B83":{"desc":"L1P","t":"ULAC"},"B84":{"desc":"L1P"},"B85":{"t":"T34P"},"B88":{"desc":"L1P"},"B8B":{"t":"C150"},"B8D":{"desc":"L1T"},"B8E":{"t":"BT36"},"B8F":{"t":"UH1"},"B91":{"t":"GLID"},"B93":{"t":"R44"},"B94":{"t":"GLID"},"B97":{"desc":"A1P"},"B99":{"desc":"L1P"},"B9B":{"desc":"A1P"},"B9C":{"t":"C172"},"B9D":{"desc":"L1P"},"BA0":{"t":"G280"},"BA1":{"desc":"L1T"},"BA5":{"t":"U21"},"BA7":{"desc":"L1P"},"BA8":{"t":"C172"},"BAA":{"t":"S76"},"BAB":{"desc":"L4T"},"BAD":{"desc":"L1P"},"BAF":{"desc":"L1P"},"BB0":{"t":"PAY1"},"BB4":{"t":"GLID"},"BB5":{"t":"GLF5"},"BB7":{"t":"HUSK"},"BBA":{"t":"AS50"},"BBB":{"t":"HUSK"},"BBD":{"desc":"L1P"},"BBE":{"t":"AEST"},"BC0":{"t":"PA32"},"BC1":{"desc":"L1P"},"BC3":{"t":"PA32"},"BC6":{"t":"B412"},"BCA":{"desc":"L1P"},"BCB":{"t":"BE33"},"BCD":{"desc":"L1P"},"BCE":{"t":"C182"},"BCF":{"desc":"L1P"},"BD1":{"desc":"L1P"},"BD6":{"t":"C185"},"BD8":{"t":"T210"},"BD9":{"desc":"L1P"},"BDA":{"t":"HUSK"},"BDC":{"t":"P210"},"BDD":{"t":"PA34"},"BDF":{"t":"T34P"},"BE0":{"t":"PA27"},"BE2":{"t":"BT36"},"BE4":{"desc":"L1P"},"BE6":{"t":"T34P"},"BE7":{"t":"ST75"},"BEF":{"desc":"A1P"},"BF0":{"t":"C25C"},"BF1":{"t":"H269"},"BF2":{"t":"C172"},"BF3":{"desc":"L1P"},"BF6":{"t":"C182"},"BF7":{"desc":"L1P"},"BFA":{"t":"M20P"},"BFB":{"t":"PA34"},"BFC":{"desc":"L1P"},"C00":{"desc":"L1P"},"C01":{"t":"BE20"},"C03":{"t":"C172"},"C04":{"desc":"L1P"},"C07":{"desc":"L1P"},"C08":{"t":"PA31"},"C09":{"t":"PA32"},"C0A":{"t":"AS50"},"C0B":{"desc":"L1P"},"C0C":{"t":"BL17"},"C0D":{"t":"M20T"},"C0E":{"t":"BE9L"},"C0F":{"desc":"L1P","t":"ULAC"},"C10":{"desc":"L1P"},"C11":{"t":"PC12"},"C12":{"t":"T34P"},"C13":{"t":"T34P"},"C14":{"t":"C402"},"C16":{"t":"M20T"},"C18":{"t":"T34P"},"C19":{"t":"AS50"},"C1A":{"t":"T34P"},"C1C":{"t":"P32R"},"C1D":{"desc":"L1P","t":"ULAC"},"C1E":{"desc":"L1P"},"C1F":{"t":"PA34"},"C21":{"desc":"L1P"},"C22":{"desc":"L1P"},"C24":{"t":"C185"},"C25":{"desc":"L1P"},"C2B":{"desc":"L1P","t":"ULAC"},"C31":{"t":"B222"},"C36":{"t":"L8"},"C37":{"t":"B407"},"C38":{"t":"C340"},"C39":{"desc":"L1P"},"C3A":{"t":"C195"},"C3B":{"t":"T34P"},"C3D":{"t":"F2TH"},"C3E":{"desc":"L1P"},"C3F":{"desc":"L1P"},"C40":{"t":"PA34"},"C41":{"t":"PA34"},"C42":{"desc":"L1P"},"C45":{"t":"T206"},"C48":{"desc":"L1P"},"C4C":{"t":"P28R"},"C4E":{"desc":"L1P"},"C4F":{"t":"M20P"},"C52":{"desc":"L1P"},"C5D":{"t":"PA34"},"C6C":{"desc":"L1P"},"C6D":{"t":"PA30"},"C6E":{"desc":"L1P"},"C6F":{"desc":"L1P"},"C72":{"desc":"L1T","t":"M600"},"C73":{"t":"C77R"},"C74":{"desc":"L1P"},"C76":{"t":"BE35"},"C77":{"t":"C525"},"C7C":{"desc":"L1P","t":"ULAC"},"C7E":{"desc":"L1P"},"C82":{"t":"GC1"},"C84":{"t":"B190"},"C85":{"t":"B430"},"C86":{"t":"M20P"},"C87":{"desc":"L1P"},"C88":{"t":"BE58"},"C89":{"t":"UH12"},"C8A":{"desc":"L1P"},"C8B":{"t":"PA18"},"C8C":{"desc":"L1T"},"C8E":{"t":"C25B"},"C8F":{"desc":"L1P"},"C90":{"desc":"L1P"},"C93":{"desc":"L1P"},"C95":{"t":"C182"},"C96":{"desc":"L1P"},"C97":{"t":"C510"},"C98":{"t":"SR20"},"C99":{"desc":"L1P"},"C9A":{"t":"C82T"},"C9B":{"desc":"L1P"},"C9C":{"t":"T34P"},"C9D":{"t":"T34P"},"C9F":{"desc":"A1P"},"CA0":{"t":"R44"},"CA1":{"t":"C525"},"CA2":{"t":"C150"},"CA3":{"t":"T34P"},"CA4":{"t":"G164"},"CA5":{"t":"SR22"},"CA7":{"t":"FA10"},"CA8":{"t":"C150"},"CA9":{"t":"C340"},"CAA":{"desc":"L1P"},"CAC":{"t":"B407"},"CAF":{"desc":"L1P"},"CB2":{"t":"B407"},"CB3":{"t":"DA40"},"CB4":{"t":"T34P"},"CB6":{"desc":"L1P"},"CB7":{"t":"GLEX"},"CB8":{"t":"BE35"},"CBC":{"t":"B429"},"CC5":{"t":"BE20"},"CC9":{"t":"B429"},"CD0":{"desc":"L1P"},"CD1":{"t":"B407"},"CD2":{"t":"T34P"},"CD3":{"desc":"L1P"},"CD5":{"desc":"L1P"},"CD6":{"t":"P210"},"CD9":{"t":"SF50"},"CDC":{"t":"T34P"},"CE2":{"desc":"L1P"},"CE4":{"t":"C185"},"CE5":{"t":"T34P"},"CE7":{"t":"T34P"},"CE9":{"desc":"L1P"},"CEA":{"desc":"L1P"},"CEB":{"desc":"L1P"},"CEC":{"desc":"L1P"},"CED":{"desc":"L1P"},"CEE":{"t":"C310"},"CEF":{"desc":"L1P","t":"ULAC"},"CF1":{"t":"R44"},"CF2":{"desc":"L1P"},"CF4":{"t":"AA1"},"CF5":{"t":"PA31"},"CF7":{"t":"EA50"},"CFB":{"t":"P28A"},"CFE":{"t":"C340"},"CFF":{"t":"BE9L"},"D00":{"desc":"L1P"},"D02":{"desc":"L1P"},"D03":{"t":"T34P"},"D06":{"desc":"L1P"},"D07":{"desc":"L1P"},"D0D":{"desc":"L1P"},"D0E":{"desc":"L1P"},"D10":{"desc":"H1P"},"D12":{"t":"LJ45"},"D13":{"desc":"L1P"},"D14":{"t":"PA32"},"D18":{"t":"T34P"},"D20":{"t":"BALL"},"D25":{"desc":"L1P"},"D28":{"desc":"L1P"},"D29":{"desc":"L1P","t":"ULAC"},"D33":{"desc":"L1P"},"D35":{"desc":"L1P"},"D45":{"t":"GLID"},"D4A":{"t":"PA34"},"D4C":{"t":"CH7B"},"D50":{"t":"C340"},"D51":{"t":"CH7B"},"D52":{"t":"C340"},"D54":{"t":"PC12"},"D55":{"t":"C340"},"D56":{"t":"C340"},"D57":{"t":"C340"},"D58":{"t":"CL60"},"D59":{"t":"C340"},"D5A":{"t":"C340"},"D5B":{"t":"C340"},"D5C":{"t":"C340"},"D5E":{"t":"C340"},"D5F":{"t":"E55P"},"D61":{"t":"PA44"},"D64":{"desc":"L1J"},"D67":{"t":"BE55"},"D68":{"t":"C340"},"D69":{"t":"C340"},"D6A":{"t":"C340"},"D6B":{"t":"C340"},"D6D":{"t":"PTS2"},"D6E":{"t":"P28A"},"D70":{"t":"C340"},"D71":{"t":"C340"},"D73":{"t":"M20P"},"D78":{"t":"C340"},"D79":{"desc":"L1P"},"D7C":{"t":"C340"},"D80":{"t":"S108"},"D81":{"t":"CRJ7"},"D82":{"t":"P208"},"D83":{"t":"C340"},"D84":{"t":"SR22"},"D85":{"t":"C340"},"D86":{"t":"C340"},"D87":{"t":"A320"},"D88":{"t":"C310"},"D89":{"t":"C340"},"D8A":{"t":"C340"},"D8B":{"t":"C340"},"D8C":{"t":"C340"},"D8E":{"t":"C340"},"D90":{"t":"C340"},"D92":{"t":"C340"},"D95":{"t":"C340"},"D99":{"t":"BE35"},"D9A":{"t":"C340"},"D9B":{"desc":"L1P"},"D9E":{"t":"C340"},"D9F":{"t":"C340"},"DA2":{"t":"C340"},"DA5":{"t":"C340"},"DA6":{"t":"A321"},"DA9":{"desc":"L1P"},"DAA":{"t":"C340"},"DAB":{"t":"C340"},"DAD":{"t":"C340"},"DAE":{"t":"C340"},"DB4":{"t":"C340"},"DB7":{"t":"C340"},"DBD":{"t":"C340"},"DBE":{"t":"C340"},"DC0":{"t":"C340"},"DC2":{"t":"C340"},"DC3":{"t":"C340"},"DCA":{"t":"C340"},"DCB":{"t":"C340"},"DCC":{"t":"C340"},"DCF":{"desc":"H1T","t":"S92"},"DD1":{"t":"C340"},"DD2":{"t":"R22"},"DD4":{"t":"C340"},"DD5":{"t":"C340"},"DD6":{"t":"GLF5"},"DD7":{"t":"C340"},"DD9":{"t":"C340"},"DDB":{"t":"C340"},"DE1":{"t":"E545"},"DE4":{"t":"C340"},"DE6":{"t":"C340"},"DEA":{"t":"GL5T"},"DEB":{"t":"C340"},"DED":{"t":"C340"},"DEE":{"t":"C340"},"DF0":{"t":"C340"},"DF5":{"t":"C340"},"DF6":{"t":"C340"},"DF8":{"t":"E55P"},"DF9":{"t":"C340"},"DFE":{"desc":"L4T"},"E00":{"desc":"L2T","t":"C340"},"E04":{"t":"C340"},"E0B":{"t":"C182"},"E12":{"t":"C340"},"E16":{"t":"C340"},"E17":{"t":"DV20"},"E19":{"t":"C340"},"E1A":{"t":"C340"},"E1B":{"t":"CL30"},"E1C":{"t":"C340"},"E1F":{"t":"C340"},"E21":{"t":"C340"},"E22":{"t":"C340"},"E24":{"t":"C340"},"E25":{"t":"C340"},"E27":{"t":"C340"},"E2F":{"t":"C340"},"E30":{"desc":"L1P"},"E32":{"t":"C340"},"E35":{"desc":"L1P"},"E36":{"t":"C340"},"E3B":{"desc":"L1P"},"E3D":{"t":"C340"},"E40":{"t":"C340"},"E41":{"t":"C340"},"E46":{"t":"C340"},"E48":{"t":"C340"},"E49":{"t":"AT8T"},"E4A":{"t":"C340"},"E4B":{"t":"BE33"},"E4C":{"t":"E55P"},"E4D":{"t":"C340"},"E50":{"t":"C340"},"E53":{"t":"C340"},"E54":{"t":"C340"},"E57":{"t":"C340"},"E59":{"desc":"L2T"},"E5C":{"t":"B733"},"E60":{"t":"C340"},"E62":{"t":"M20T"},"E63":{"t":"C340"},"E66":{"t":"C340"},"E67":{"t":"C340"},"E68":{"t":"C340"},"E69":{"t":"C340"},"E6A":{"t":"C340"},"E6B":{"t":"C340"},"E6C":{"t":"C340"},"E6F":{"t":"C340"},"E72":{"t":"C340"},"E76":{"t":"C340"},"E78":{"t":"C340"},"E7A":{"t":"C340"},"E7C":{"t":"A319"},"E81":{"t":"C340"},"E88":{"desc":"L1P"},"E8F":{"t":"A320"},"E94":{"t":"P28A"},"E96":{"t":"C340"},"E99":{"t":"C340"},"E9C":{"t":"C340"},"E9E":{"t":"C340"},"E9F":{"t":"AS50"},"EA0":{"t":"P68"},"EA1":{"t":"C340"},"EA3":{"t":"C340"},"EA4":{"t":"PTS2"},"EA5":{"t":"C340"},"EA8":{"t":"C340"},"EAC":{"t":"BE35"},"EBD":{"t":"E55P"},"EC5":{"t":"BE55"},"EC6":{"t":"C340"},"EC7":{"t":"C340"},"EC8":{"t":"SF34"},"ECB":{"t":"C340"},"ECC":{"t":"C340"},"ECD":{"t":"C340"},"ECE":{"t":"C340"},"ED3":{"t":"C340"},"ED5":{"t":"C340"},"ED6":{"t":"C340"},"ED9":{"desc":"L1P"},"EDA":{"t":"C340"},"EDD":{"desc":"H6E"},"EE0":{"t":"C340"},"EE1":{"desc":"L1P"},"EE2":{"t":"C340"},"EE4":{"t":"EC45"},"EE5":{"t":"C340"},"EE6":{"t":"C340"},"EE8":{"desc":"L1P"},"EEA":{"desc":"H1T"},"EEC":{"t":"S22T"},"EEE":{"t":"LJ45"},"EF0":{"t":"C340"},"EF1":{"t":"C340"},"EF2":{"t":"C340"},"EF3":{"t":"C340"},"EF4":{"t":"C152"},"EF7":{"t":"PA18"},"EF8":{"t":"C340"},"EF9":{"t":"C340"},"EFB":{"desc":"L1P"},"EFE":{"t":"C340"},"F02":{"t":"C340"},"F07":{"t":"J3"},"F08":{"t":"C340"},"F09":{"t":"C340"},"F0C":{"t":"GLID"},"F10":{"t":"C340"},"F1C":{"t":"C340"},"F1E":{"t":"B763"},"F2A":{"t":"C340"},"F2C":{"t":"C340"},"F34":{"t":"C340"},"F39":{"desc":"L1P","t":"ULAC"},"F3D":{"t":"C340"},"F42":{"t":"C340"},"F43":{"t":"C340"},"F46":{"t":"C340"},"F49":{"t":"C340"},"F4A":{"t":"C340"},"F4B":{"t":"C340"},"F4E":{"t":"C340"},"F4F":{"t":"UH1"},"F50":{"t":"C340"},"F53":{"t":"B738"},"F5E":{"t":"C340"},"F66":{"desc":"L1P"},"F69":{"t":"C340"},"F6C":{"desc":"L1P"},"F6D":{"t":"PA18"},"F71":{"t":"C340"},"F74":{"t":"C340"},"F77":{"t":"C340"},"F82":{"t":"C340"},"F8C":{"t":"C340"},"F9E":{"t":"C340"},"FA6":{"t":"BE55"},"FA7":{"t":"PA22"},"FA8":{"t":"BE35"},"FAC":{"t":"C182"},"FAD":{"desc":"L1P"},"FAE":{"t":"BE9L"},"FB0":{"t":"J3"},"FB6":{"t":"C182"},"FBA":{"t":"C150"},"FBB":{"t":"PA32"},"FBE":{"t":"PA22"},"FC1":{"t":"TAYB"},"FC4":{"t":"C177"},"FC7":{"t":"BE20"},"FC9":{"desc":"L1P"},"FCC":{"t":"C170"},"FD9":{"t":"C195"},"FDA":{"t":"C182"},"FDE":{"t":"PA18"},"FE3":{"t":"C177"},"FE4":{"t":"C177"},"FE6":{"t":"C77R"},"FE7":{"t":"C177"},"FE8":{"t":"TAYB"},"FEB":{"t":"C177"},"FEC":{"t":"R44"},"FEE":{"desc":"L1P"},"FF1":{"t":"CH7A"},"FF2":{"t":"C182"},"FFC":{"t":"C182"}}