{"003":{"t":"AS50"},"00A":{"desc":"L2T","t":"DH8B"},"011":{"t":"CRJ9"},"013":{"t":"C182"},"035":{"desc":"L1P"},"03A":{"desc":"L1P"},"042":{"t":"BE36"},"048":{"desc":"L1P"},"04C":{"desc":"H6E"},"04E":{"t":"CH7B"},"04F":{"t":"P32R"},"050":{"t":"GLID"},"052":{"t":"PA46"},"05B":{"t":"C172"},"05D":{"desc":"A1P","t":"ULAC"},"067":{"desc":"L2T"},"078":{"t":"H25B"},"07A":{"desc":"L2J","t":"B38M"},"07B":{"desc":"L1P"},"08D":{"t":"B763"},"0A8":{"desc":"L1P","t":"ULAC"},"0B1":{"t":"PA18"},"0CA":{"t":"M5"},"0E3":{"t":"BE55"},"116":{"t":"PA22"},"117":{"t":"BE35"},"11A":{"t":"AR11"},"11B":{"t":"C182"},"11C":{"t":"C182"},"122":{"t":"M20P"},"125":{"t":"C182"},"12C":{"t":"C180"},"12E":{"t":"C177"},"12F":{"t":"C177"},"131":{"t":"C177"},"132":{"t":"C177"},"133":{"t":"C177"},"136":{"t":"C177"},"137":{"t":"C177"},"139":{"t":"PA22"},"13A":{"t":"BE35"},"13B":{"t":"C170"},"141":{"t":"C150"},"142":{"t":"PA18"},"145":{"t":"M20P"},"146":{"desc":"A1P"},"149":{"t":"C182"},"14B":{"t":"C182"},"14C":{"t":"C195"},"150":{"t":"PA18"},"151":{"t":"C177"},"153":{"desc":"L1P"},"155":{"t":"C77R"},"156":{"t":"C177"},"157":{"t":"C177"},"158":{"t":"C177"},"15C":{"t":"PA22"},"15E":{"t":"C170"},"161":{"t":"C182"},"167":{"t":"PA12"},"16D":{"t":"C177"},"16E":{"t":"C182"},"170":{"t":"PA32"},"171":{"t":"M20P"},"173":{"t":"PA18"},"174":{"desc":"L2P"},"178":{"t":"C77R"},"17A":{"desc":"L1P"},"17B":{"t":"C177"},"17D":{"t":"C177"},"17F":{"t":"BE33"},"181":{"t":"C170"},"18A":{"t":"PA12"},"18E":{"t":"P28A"},"18F":{"t":"C182"},"192":{"t":"C195"},"193":{"t":"PA32"},"194":{"t":"M20P"},"196":{"t":"PA18"},"198":{"t":"C177"},"19B":{"t":"C177"},"19D":{"t":"C77R"},"19E":{"t":"C177"},"1A0":{"desc":"L1P"},"1A2":{"t":"PA27"},"1A3":{"t":"PA23"},"1A7":{"t":"C182"},"1AB":{"t":"P28A"},"1AE":{"t":"M20P"},"1B0":{"t":"C320"},"1B2":{"t":"C182"},"1B6":{"t":"PA32"},"1B7":{"t":"M20P"},"1B8":{"t":"C180"},"1BA":{"t":"C177"},"1BB":{"t":"C177"},"1BD":{"t":"C177"},"1BE":{"t":"C77R"},"1C1":{"t":"C77R"},"1C3":{"t":"C77R"},"1C6":{"t":"BE35"},"1C8":{"t":"C170"},"1CD":{"t":"C150"},"1CF":{"t":"C206"},"1D1":{"t":"J3"},"1D3":{"t":"C320"},"1D4":{"t":"C182"},"1D5":{"t":"C182"},"1D8":{"t":"C150"},"1DC":{"t":"PA18"},"1DE":{"t":"BALL"},"1E2":{"desc":"L1T","t":"SS2P"},"1E6":{"t":"C177"},"1E8":{"t":"BE33"},"1EB":{"t":"C170"},"1EC":{"t":"AR11"},"1EF":{"desc":"L1P"},"1F1":{"t":"J3"},"1F3":{"t":"PA12"},"1F4":{"t":"J3"},"1F9":{"t":"C177"},"1FB":{"t":"C150"},"1FE":{"t":"C180"},"204":{"t":"C177"},"206":{"t":"C177"},"207":{"t":"C177"},"209":{"t":"C77R"},"20D":{"t":"C170"},"20E":{"t":"C170"},"213":{"t":"H25B"},"216":{"t":"PA12"},"217":{"t":"J3"},"218":{"t":"PA23"},"21A":{"t":"C182"},"21B":{"t":"C182"},"21C":{"t":"C177"},"21F":{"t":"PA32"},"220":{"t":"M20P"},"221":{"t":"C180"},"226":{"t":"C177"},"229":{"t":"C177"},"22A":{"t":"C177"},"22B":{"t":"ULAC"},"22C":{"t":"C177"},"230":{"t":"C170"},"231":{"t":"C170"},"233":{"t":"C182"},"236":{"t":"C150"},"239":{"t":"PA12"},"23A":{"t":"M20P"},"23E":{"t":"C182"},"23F":{"t":"C177"},"240":{"t":"C182"},"242":{"t":"PA32"},"243":{"t":"M20P"},"246":{"t":"C177"},"247":{"t":"C177"},"248":{"t":"C177"},"24B":{"t":"C177"},"24D":{"t":"C177"},"24F":{"t":"C177"},"252":{"t":"BE35"},"254":{"t":"C170"},"255":{"t":"CH7A"},"25D":{"t":"J3"},"25E":{"t":"PA23"},"261":{"t":"C182"},"264":{"t":"C190"},"265":{"t":"PA32"},"266":{"desc":"L1P"},"268":{"t":"PA18"},"269":{"t":"C177"},"26A":{"t":"C177"},"26B":{"desc":"L1P"},"26E":{"t":"C177"},"26F":{"t":"C177"},"270":{"t":"C177"},"274":{"desc":"L1P"},"276":{"t":"BE35"},"277":{"t":"GLID"},"278":{"t":"PA30"},"27B":{"desc":"L1P","t":"ULAC"},"27C":{"t":"HUSK"},"27D":{"t":"LJ35"},"27E":{"desc":"L1P"},"27F":{"t":"DA42"},"280":{"t":"P28A"},"282":{"t":"BE40"},"284":{"t":"PA34"},"286":{"t":"P28A"},"287":{"t":"BT36"},"288":{"t":"BALL"},"28C":{"t":"BALL"},"28D":{"t":"BE35"},"28E":{"t":"BE9L"},"28F":{"t":"AR11"},"290":{"t":"C421"},"291":{"t":"GLID"},"293":{"desc":"L1P"},"295":{"t":"C82R"},"297":{"t":"BE35"},"298":{"t":"C172"},"299":{"t":"BE35"},"29A":{"t":"BE35"},"29B":{"t":"GALX"},"29D":{"t":"C182"},"29E":{"t":"C240"},"29F":{"t":"BE35"},"2A2":{"t":"BL8"},"2A4":{"t":"BL8"},"2A5":{"desc":"L1P"},"2A6":{"desc":"L1P"},"2A8":{"desc":"H1T"},"2A9":{"t":"H25B"},"2AA":{"t":"FA10"},"2AB":{"desc":"L1P"},"2AC":{"t":"C182"},"2AD":{"t":"BE35"},"2AF":{"t":"CJ6"},"2B0":{"desc":"L1P"},"2B1":{"desc":"L1P"},"2B2":{"t":"PA46"},"2B3":{"desc":"A1P"},"2B4":{"t":"BL17"},"2B8":{"t":"C25A"},"2BA":{"t":"BE9L"},"2BB":{"t":"PA32"},"2C4":{"desc":"L1P"},"2C5":{"desc":"L1P"},"2C6":{"desc":"L1P"},"2C7":{"t":"EN28"},"2C8":{"desc":"L1P"},"2C9":{"desc":"L1P"},"2CB":{"t":"GLF4"},"2CD":{"desc":"L1P"},"2CE":{"desc":"L1P"},"2CF":{"desc":"L1P"},"2D1":{"desc":"L1P"},"2D3":{"desc":"L1P","t":"ULAC"},"2D5":{"desc":"H6E"},"2D8":{"t":"BE17"},"2D9":{"t":"E55P"},"2DB":{"t":"SR22"},"2DD":{"desc":"L1P"},"2DE":{"t":"BE35"},"2DF":{"t":"LJ35"},"2E1":{"t":"EA50"},"2E2":{"t":"BE35"},"2E3":{"t":"M20P"},"2E8":{"desc":"L1P","t":"ULAC"},"2E9":{"t":"BE35"},"2EA":{"t":"C550"},"2EC":{"t":"BE35"},"2F1":{"t":"BE33"},"2F2":{"t":"PA25"},"2F3":{"desc":"L1P"},"2F4":{"t":"M20P"},"2F6":{"t":"CL30"},"2F9":{"t":"F2TH"},"2FA":{"t":"LJ45"},"2FB":{"t":"C25C"},"2FC":{"desc":"L1P"},"2FF":{"t":"BE35"},"302":{"t":"C421"},"303":{"t":"CH7A"},"306":{"desc":"L1P"},"308":{"t":"B350"},"30A":{"t":"C82R"},"30B":{"t":"B350"},"30C":{"desc":"L1P"},"30E":{"desc":"L1P"},"30F":{"desc":"L1P","t":"ULAC"},"311":{"t":"PA46"},"314":{"t":"PA34"},"316":{"t":"SR22"},"318":{"t":"BE35"},"31A":{"t":"GLF5"},"31C":{"t":"S22T"},"31E":{"t":"C182"},"31F":{"desc":"A1P","t":"ULAC"},"322":{"t":"GLF3"},"324":{"desc":"H2E"},"325":{"desc":"L1P"},"327":{"t":"BE9L"},"329":{"desc":"H2T"},"32A":{"t":"B350"},"32B":{"desc":"L1P"},"32E":{"desc":"L1P"},"32F":{"desc":"A1P"},"331":{"desc":"L1P"},"333":{"desc":"L1P"},"336":{"t":"HUSK"},"337":{"t":"BE35"},"339":{"t":"AS50"},"33C":{"t":"BE35"},"33F":{"t":"BE55"},"342":{"desc":"L1P"},"343":{"t":"BE35"},"344":{"t":"BE33"},"346":{"t":"SF50"},"347":{"desc":"L1P"},"34E":{"t":"BE36"},"350":{"t":"HA4T"},"351":{"t":"BE35"},"352":{"t":"BE35"},"355":{"desc":"L1P"},"356":{"t":"BE35"},"357":{"desc":"L1P","t":"ULAC"},"358":{"desc":"L1P"},"35C":{"t":"P46T"},"35E":{"t":"BE35"},"360":{"desc":"L1T","t":"PA46"},"366":{"t":"GLID"},"36A":{"t":"BE35"},"36E":{"t":"B407"},"36F":{"t":"M20P"},"370":{"desc":"L1P"},"371":{"desc":"L1P"},"372":{"t":"B06"},"373":{"t":"BE35"},"374":{"t":"BE35"},"375":{"t":"BE35"},"376":{"t":"LJ45"},"377":{"t":"LJ35"},"379":{"t":"AEST"},"37C":{"t":"GLID"},"37E":{"desc":"L1P"},"382":{"t":"BE35"},"387":{"t":"BE35"},"388":{"t":"BE35"},"389":{"desc":"L1P"},"38A":{"t":"BE50"},"38B":{"t":"M20P"},"38C":{"desc":"L1P"},"38E":{"desc":"L1P"},"390":{"desc":"L1P"},"391":{"desc":"L1J"},"392":{"t":"CH7B"},"393":{"desc":"L1P"},"396":{"t":"C182"},"397":{"desc":"L1P"},"398":{"t":"BE35"},"399":{"t":"BE35"},"39B":{"t":"BE35"},"39D":{"t":"BE35"},"39F":{"desc":"L1P"},"3A1":{"desc":"H1P"},"3A2":{"t":"BE35"},"3A3":{"desc":"L1P"},"3A4":{"t":"BE33"},"3AC":{"t":"A109"},"3B0":{"t":"B06"},"3B1":{"t":"BE55"},"3B5":{"t":"ULAC"},"3B7":{"t":"BE35"},"3BA":{"t":"P28A"},"3BB":{"desc":"L1P"},"3BC":{"desc":"L1P"},"3BF":{"desc":"L1P"},"3C0":{"desc":"L1P"},"3C1":{"desc":"L1P"},"3C2":{"desc":"L1P"},"3C3":{"desc":"L1T","t":"M600"},"3CB":{"t":"SR20"},"3CE":{"t":"GLID"},"3CF":{"desc":"L1P"},"3D1":{"desc":"L1T"},"3E4":{"t":"BE35"},"3ED":{"t":"BE35"},"3EE":{"t":"BE35"},"3EF":{"t":"PA31"},"3F0":{"t":"BE35"},"3F1":{"t":"GALX"},"3F3":{"t":"B429"},"3F4":{"t":"C150"},"3F6":{"desc":"L1P"},"3F7":{"desc":"L1P"},"3F9":{"t":"B06"},"3FB":{"desc":"L1P"},"3FC":{"desc":"L1P"},"3FD":{"t":"LJ35"},"3FF":{"desc":"L1P"},"401":{"t":"BL8"},"403":{"t":"F900"},"404":{"t":"BE35"},"406":{"t":"SR22"},"407":{"t":"BE35"},"40A":{"desc":"L1P"},"40B":{"t":"CH7A"},"40C":{"desc":"L1P"},"40E":{"t":"C525"},"40F":{"desc":"L1P"},"411":{"t":"BE33"},"412":{"desc":"A1P","t":"ULAC"},"416":{"t":"BE35"},"418":{"desc":"L1P"},"41A":{"desc":"L1P"},"41F":{"t":"BE35"},"420":{"t":"BE33"},"421":{"t":"BT36"},"422":{"t":"BE36"},"424":{"t":"C340"},"425":{"desc":"L1P"},"426":{"t":"BE35"},"428":{"desc":"L1P"},"429":{"desc":"L1P"},"42B":{"t":"BE35"},"42F":{"t":"BE35"},"430":{"desc":"L1P"},"431":{"t":"BE9L"},"432":{"t":"BE35"},"433":{"t":"M7"},"434":{"t":"C425"},"437":{"desc":"H4E"},"444":{"t":"BE35"},"44A":{"desc":"L1P"},"44F":{"t":"ERCO"},"450":{"t":"T206"},"451":{"t":"BE35"},"452":{"t":"C402"},"454":{"t":"BE35"},"457":{"t":"C182"},"458":{"t":"SF50"},"45A":{"desc":"L1P"},"45B":{"t":"S108"},"45D":{"t":"B350"},"45F":{"desc":"L1P"},"460":{"t":"BE35"},"462":{"desc":"L1T"},"467":{"desc":"L1P"},"46A":{"t":"LJ35"},"46B":{"t":"P28A"},"46C":{"t":"C205"},"46D":{"desc":"L1P"},"46E":{"t":"BE35"},"46F":{"desc":"L1P"},"470":{"t":"PC12"},"472":{"t":"BE35"},"473":{"t":"LJ35"},"475":{"t":"H60"},"479":{"t":"C82R"},"47A":{"desc":"A1P"},"47C":{"t":"BE35"},"47D":{"t":"GLID"},"47F":{"t":"PC12"},"484":{"t":"GLID"},"487":{"t":"BE35"},"48C":{"t":"BE35"},"48F":{"t":"SR22"},"493":{"t":"C182"},"497":{"desc":"L1P"},"49A":{"desc":"L1P"},"4A8":{"t":"FA50"},"4AA":{"t":"BE35"},"4AC":{"t":"BE35"},"4AF":{"desc":"H1P"},"4B0":{"desc":"L1P"},"4B1":{"t":"AS50"},"4B3":{"desc":"L1P"},"4B4":{"desc":"L1P"},"4B8":{"desc":"H1P"},"4BF":{"desc":"H1T"},"4C2":{"t":"C182"},"4CB":{"t":"GLID"},"4CD":{"t":"C340"},"4CF":{"t":"B350"},"4D2":{"t":"B350"},"4D3":{"t":"B350"},"4D8":{"t":"B350"},"4D9":{"t":"AS50"},"4DA":{"t":"B763"},"4DD":{"t":"PA46"},"4DE":{"t":"DA40"},"4DF":{"t":"CL30"},"4E3":{"desc":"L1J"},"4E5":{"desc":"L1T","t":"PA46"},"4E6":{"t":"BE35"},"4E7":{"t":"AS50"},"4E8":{"t":"B350"},"4E9":{"t":"GLID"},"4EA":{"t":"B350"},"4ED":{"t":"P28A"},"4F1":{"desc":"L1P"},"4F6":{"desc":"L1T","t":"PA46"},"4F7":{"t":"B350"},"4F8":{"t":"COL3"},"4FA":{"t":"C25A"},"4FB":{"t":"B350"},"4FD":{"t":"BALL"},"4FE":{"t":"B350"},"500":{"t":"P32R"},"502":{"t":"PA18"},"504":{"desc":"L1T"},"506":{"t":"PA46"},"507":{"t":"C310"},"509":{"t":"CL30"},"50D":{"desc":"L1P"},"510":{"desc":"L1T","t":"PA46"},"511":{"t":"BE33"},"514":{"t":"COL3"},"516":{"t":"PA31"},"51C":{"t":"GLID"},"51D":{"t":"C150"},"51E":{"desc":"L1P"},"51F":{"desc":"L1P"},"520":{"t":"AS50"},"523":{"t":"AS50"},"524":{"t":"R44"},"525":{"t":"A321"},"528":{"t":"B350"},"52A":{"t":"PA31"},"52D":{"t":"BE30"},"531":{"t":"PA46"},"533":{"t":"B350"},"53C":{"desc":"L1P"},"541":{"t":"C172"},"542":{"t":"B350"},"547":{"desc":"L1P","t":"FBA2"},"54D":{"t":"B350"},"551":{"desc":"L1T","t":"PA46"},"553":{"desc":"L1P"},"554":{"t":"GLF4"},"556":{"t":"PA31"},"557":{"t":"PA46"},"558":{"t":"B350"},"55A":{"desc":"L2J","t":"A20N"},"55B":{"t":"AS50"},"55D":{"t":"NAVI"},"55E":{"t":"B350"},"55F":{"t":"B350"},"563":{"desc":"L1P"},"564":{"t":"B350"},"565":{"t":"PA31"},"567":{"t":"GLF4"},"569":{"desc":"L1P"},"56E":{"t":"B350"},"56F":{"t":"C414"},"571":{"t":"AS50"},"573":{"t":"B350"},"578":{"desc":"A2P"},"57A":{"t":"AS50"},"57B":{"t":"P210"},"57C":{"t":"BE35"},"57D":{"t":"AS50"},"57F":{"t":"B350"},"580":{"t":"AS50"},"582":{"t":"AS50"},"584":{"t":"CL30"},"585":{"t":"CL30"},"587":{"t":"PA46"},"588":{"t":"AS50"},"589":{"desc":"L1T","t":"PA46"},"58B":{"t":"AS50"},"58D":{"t":"C510"},"58E":{"t":"T6"},"591":{"t":"PA46"},"595":{"t":"B350"},"596":{"desc":"L1P"},"597":{"t":"B350"},"598":{"t":"C310"},"599":{"desc":"L1P"},"59B":{"t":"B350"},"59C":{"t":"B350"},"59E":{"desc":"L1T","t":"PA46"},"59F":{"desc":"L1P"},"5A3":{"t":"B350"},"5AA":{"t":"B350"},"5AE":{"t":"B350"},"5B1":{"t":"PA31"},"5B2":{"t":"B350"},"5B4":{"t":"B350"},"5B5":{"t":"B350"},"5B6":{"t":"CL30"},"5BA":{"t":"CL30"},"5BF":{"t":"B350"},"5C2":{"t":"B350"},"5C5":{"t":"PA46"},"5C9":{"t":"BALL"},"5CA":{"t":"P210"},"5CD":{"t":"AS50"},"5D2":{"t":"B350"},"5D5":{"desc":"H1T"},"5D9":{"t":"CL30"},"5DA":{"t":"PA31"},"5E0":{"t":"B350"},"5E1":{"desc":"H1T"},"5E2":{"t":"CL30"},"5E3":{"t":"B350"},"5E6":{"desc":"L1P"},"5E7":{"t":"B350"},"5E8":{"t":"CL30"},"5EA":{"t":"P28A"},"5EB":{"t":"P28A"},"5EE":{"t":"AS50"},"5F0":{"desc":"L1P"},"5F1":{"t":"AS50"},"5F2":{"t":"PA46"},"5F4":{"t":"AS50"},"5F5":{"t":"AS50"},"5F6":{"t":"PA46"},"5F8":{"t":"B350"},"5FA":{"t":"A320"},"5FC":{"t":"AS50"},"5FE":{"t":"BE35"},"607":{"t":"CL30"},"60B":{"desc":"H1T"},"60E":{"t":"BE33"},"60F":{"desc":"L1P"},"610":{"t":"B350"},"612":{"t":"AS50"},"613":{"t":"B350"},"614":{"t":"PA31"},"616":{"t":"CL30"},"618":{"t":"PA46"},"619":{"desc":"L1P"},"61A":{"t":"CL30"},"61B":{"t":"B350"},"61E":{"t":"PA46"},"620":{"t":"B350"},"622":{"t":"CL60"},"623":{"t":"AS50"},"624":{"t":"B350"},"625":{"t":"PA46"},"627":{"t":"AS50"},"62B":{"t":"PA46"},"644":{"t":"AS50"},"647":{"t":"B350"},"648":{"t":"PA46"},"64A":{"t":"AS50"},"64B":{"t":"MU2"},"64C":{"desc":"L1P","t":"ULAC"},"64D":{"t":"DA40"},"64E":{"t":"B350"},"650":{"t":"CL30"},"652":{"desc":"L1P"},"654":{"t":"B350"},"656":{"t":"B350"},"657":{"t":"B350"},"658":{"desc":"L2J","t":"B38M"},"65A":{"t":"CL30"},"65C":{"desc":"H6E"},"65D":{"t":"B350"},"661":{"t":"C310"},"663":{"desc":"L1P"},"664":{"t":"AS50"},"665":{"t":"AS50"},"667":{"t":"B350"},"668":{"t":"COL3"},"669":{"t":"B350"},"66A":{"desc":"L1T","t":"PA46"},"66C":{"t":"C152"},"66E":{"desc":"L1P"},"670":{"t":"C172"},"674":{"desc":"L1T","t":"PA46"},"677":{"t":"AS50"},"678":{"t":"BE36"},"679":{"t":"BE10"},"67B":{"t":"BALL"},"67C":{"t":"B350"},"67D":{"t":"B350"},"67F":{"t":"BE10"},"680":{"t":"B350"},"681":{"t":"AS50"},"682":{"t":"C210"},"683":{"t":"CL30"},"687":{"t":"DA42"},"68A":{"t":"PA46"},"68B":{"desc":"L1P"},"68C":{"desc":"L1P"},"68E":{"desc":"L1T","t":"PA46"},"690":{"desc":"H4E"},"699":{"t":"AS50"},"69A":{"desc":"L1P"},"69B":{"t":"AS50"},"69D":{"t":"B763"},"6A8":{"desc":"L1P"},"6AA":{"t":"PA46"},"6AB":{"desc":"L1T","t":"PA46"},"6B0":{"t":"R22"},"6B1":{"t":"CL30"},"6B3":{"desc":"L1P"},"6B4":{"t":"B350"},"6B8":{"t":"AS50"},"6BA":{"t":"PA46"},"6C1":{"desc":"L1T","t":"PA46"},"6C2":{"desc":"L1P"},"6C3":{"t":"FA50"},"6C4":{"t":"C560"},"6C5":{"desc":"L1T","t":"PA46"},"6C9":{"t":"B350"},"6D2":{"t":"B350"},"6D3":{"desc":"L1T","t":"PA46"},"6D5":{"t":"B350"},"6D6":{"t":"AS50"},"6DA":{"t":"M20P"},"6DB":{"t":"CL30"},"6DD":{"t":"PA46"},"6E3":{"t":"CL30"},"6E4":{"t":"CL30"},"6E5":{"t":"PA46"},"6E8":{"desc":"L1T","t":"PA46"},"6EB":{"t":"PA46"},"6EC":{"desc":"L1T","t":"PA46"},"6F0":{"t":"CL30"},"6F3":{"desc":"L1P"},"703":{"t":"BE35"},"70C":{"t":"BE33"},"70E":{"t":"CL30"},"726":{"t":"PA22"},"727":{"t":"BE18"},"728":{"t":"C170"},"729":{"t":"C170"},"72B":{"t":"C182"},"72E":{"t":"C150"},"72F":{"t":"J3"},"730":{"t":"C150"},"731":{"t":"C182"},"732":{"t":"J3"},"735":{"t":"C82S"},"736":{"t":"C172"},"737":{"t":"C82S"},"73A":{"t":"PA32"},"73B":{"desc":"H1T"},"73C":{"t":"C182"},"73D":{"t":"PA22"},"73E":{"t":"C177"},"73F":{"t":"J4"},"741":{"t":"C77R"},"743":{"t":"J4"},"745":{"t":"C77R"},"746":{"t":"C177"},"747":{"t":"C177"},"748":{"desc":"A1P"},"749":{"t":"PA22"},"74B":{"t":"C170"},"752":{"t":"C172"},"755":{"desc":"H1T"},"756":{"t":"PA22"},"757":{"desc":"H1T"},"758":{"t":"C206"},"759":{"t":"COL4"},"75A":{"desc":"H1T"},"75B":{"t":"C182"},"75C":{"desc":"H1T"},"75D":{"t":"PA32"},"75E":{"t":"M20P"},"75F":{"desc":"H1T"},"760":{"desc":"H1T"},"761":{"desc":"L1P"},"762":{"desc":"H1T"},"763":{"t":"C177"},"764":{"t":"C177"},"765":{"t":"T206"},"768":{"desc":"H1T"},"769":{"t":"C177"},"76A":{"desc":"H1T"},"76C":{"desc":"H1T"},"76D":{"t":"BE35"},"76E":{"desc":"L1P","t":"ULAC"},"76F":{"t":"C170"},"771":{"t":"C182"},"773":{"t":"ERCO"},"774":{"t":"C82S"},"775":{"t":"J3"},"776":{"desc":"L1P"},"777":{"t":"P28A"},"779":{"desc":"H1T"},"77A":{"t":"C82S"},"77B":{"t":"BE23"},"77C":{"desc":"H1T"},"77E":{"t":"C182"},"77F":{"t":"C140"},"780":{"t":"PA32"},"781":{"t":"ULAC"},"783":{"t":"ULAC"},"784":{"t":"J5"},"786":{"t":"C177"},"787":{"t":"ULAC"},"789":{"t":"J5"},"78A":{"t":"C177"},"78C":{"desc":"H1T"},"78D":{"t":"J5"},"78E":{"desc":"L1P","t":"ULAC"},"790":{"t":"BE35"},"794":{"desc":"L1P","t":"ULAC"},"796":{"t":"C182"},"797":{"t":"C150"},"798":{"t":"P28A"},"799":{"desc":"L1P","t":"ULAC"},"79B":{"t":"J3"},"79E":{"t":"ULAC"},"7A0":{"t":"ULAC"},"7A1":{"desc":"L1P","t":"ULAC"},"7A2":{"t":"C150"},"7A5":{"t":"C182"},"7A6":{"t":"PA22"},"7A8":{"t":"C177"},"7A9":{"t":"C177"},"7AA":{"t":"C177"},"7AB":{"t":"C177"},"7AC":{"t":"J5"},"7AD":{"t":"C177"},"7AE":{"t":"J5"},"7B6":{"t":"CH7A"},"7B7":{"t":"C182"},"7BE":{"t":"ULAC"},"7BF":{"t":"C172"},"7C4":{"desc":"L1P","t":"ULAC"},"7C6":{"desc":"L1P","t":"ULAC"},"7C8":{"t":"C182"},"7C9":{"t":"PA22"},"7CB":{"t":"C177"},"7CE":{"t":"C177"},"7D1":{"t":"C177"},"7D3":{"t":"C77R"},"7D5":{"t":"ULAC"},"7D8":{"desc":"S1P","t":"ULAC"},"7D9":{"t":"AR11"},"7DA":{"t":"C182"},"7DC":{"t":"M20P"},"7DD":{"t":"ULAC"},"7DF":{"t":"C150"},"7E0":{"t":"PA12"},"7E1":{"t":"J3"},"7E6":{"t":"C172"},"7E7":{"t":"ULAC"},"7E9":{"desc":"L1P","t":"ULAC"},"7EA":{"t":"M20P"},"7EC":{"desc":"L1P","t":"ULAC"},"7ED":{"t":"C177"},"7EE":{"t":"C77R"},"7EF":{"t":"J3"},"7F0":{"t":"C177"},"7F1":{"t":"J3"},"7F2":{"t":"J3"},"7F3":{"t":"C177"},"7F4":{"t":"J3"},"7F8":{"t":"PA22"},"7F9":{"t":"ULAC"},"7FA":{"desc":"L1P","t":"ULAC"},"7FC":{"t":"CH7A"},"7FD":{"desc":"L1P","t":"ULAC"},"7FE":{"t":"C172"},"7FF":{"t":"T206"},"801":{"desc":"L1P","t":"ULAC"},"802":{"t":"ULAC"},"803":{"t":"PA12"},"806":{"t":"C182"},"809":{"t":"C172"},"80D":{"t":"M20P"},"80E":{"t":"T206"},"810":{"t":"C77R"},"811":{"t":"C177"},"813":{"t":"C172"},"814":{"desc":"L1P"},"816":{"t":"ULAC"},"817":{"t":"J3"},"818":{"t":"C177"},"819":{"t":"C177"},"81A":{"desc":"L1P"},"81F":{"t":"AR11"},"820":{"t":"C177"},"821":{"desc":"L1P","t":"ULAC"},"822":{"t":"M20P"},"823":{"t":"C150"},"824":{"desc":"L1P"},"828":{"t":"J3"},"82A":{"t":"BE23"},"82B":{"t":"C172"},"82D":{"t":"ULAC"},"82E":{"t":"C150"},"831":{"t":"C182"},"832":{"t":"PA22"},"833":{"desc":"L1P","t":"ULAC"},"837":{"t":"C177"},"838":{"t":"J3"},"839":{"t":"C177"},"83A":{"t":"C172"},"83C":{"t":"C172"},"840":{"desc":"L1P","t":"ULAC"},"843":{"t":"C182"},"846":{"t":"C172"},"847":{"t":"P28A"},"84B":{"t":"PA22"},"84D":{"t":"ULAC"},"84E":{"t":"C172"},"853":{"t":"M20P"},"854":{"t":"ULAC"},"856":{"t":"ULAC"},"859":{"t":"C177"},"85C":{"t":"C177"},"85E":{"t":"C177"},"85F":{"t":"C177"},"860":{"desc":"L1P"},"861":{"t":"PA22"},"862":{"t":"BE35"},"863":{"t":"C170"},"865":{"t":"AR11"},"867":{"desc":"L4P"},"868":{"t":"M20P"},"869":{"desc":"L1P","t":"ULAC"},"86B":{"t":"C150"},"86D":{"desc":"L1P","t":"ULAC"},"86F":{"t":"C172"},"870":{"t":"C560"},"873":{"t":"C182"},"874":{"t":"C140"},"875":{"t":"BE58"},"877":{"t":"C182"},"879":{"t":"C177"},"87A":{"t":"C177"},"87B":{"t":"C172"},"87C":{"t":"C177"},"87D":{"t":"J3"},"87F":{"t":"J3"},"882":{"t":"C177"},"884":{"desc":"L1P","t":"ULAC"},"885":{"t":"B763"},"886":{"t":"C402"},"88A":{"t":"PC12"},"88B":{"t":"SF34"},"88C":{"t":"ST75"},"88D":{"t":"C25B"},"894":{"t":"B350"},"895":{"t":"LJ35"},"896":{"t":"BE35"},"89A":{"t":"B763"},"89D":{"t":"P51"},"89F":{"t":"PA20"},"8A0":{"t":"C525"},"8A3":{"t":"C525"},"8A4":{"desc":"L1T"},"8A6":{"desc":"L1P"},"8A8":{"desc":"L1P","t":"ULAC"},"8A9":{"desc":"L1T"},"8AD":{"t":"C182"},"8B6":{"t":"P46T"},"8B8":{"t":"BE20"},"8B9":{"t":"C208"},"8BB":{"desc":"L4P"},"8BE":{"t":"AS50"},"8BF":{"t":"C550"},"8C0":{"t":"TBM7"},"8C1":{"desc":"L1P"},"8C2":{"t":"B763"},"8C4":{"t":"C182"},"8C7":{"t":"BALL"},"8C8":{"t":"CL30"},"8CB":{"t":"PRM1"},"8CF":{"desc":"L1P"},"8D2":{"t":"DV20"},"8D3":{"t":"B350"},"8D5":{"desc":"L1P"},"8D7":{"t":"RV12"},"8DB":{"t":"P51"},"8DC":{"t":"A321"},"8E1":{"t":"P51"},"8E6":{"t":"B350"},"8E8":{"t":"AS50"},"8EB":{"t":"CL30"},"8EE":{"t":"LJ35"},"903":{"t":"AS50"},"90C":{"desc":"L2T"},"911":{"desc":"L2J","t":"A20N"},"912":{"t":"AS50"},"916":{"t":"AS50"},"917":{"t":"E55P"},"91D":{"t":"B350"},"920":{"t":"B350"},"928":{"t":"C172"},"92A":{"t":"BE9L"},"92B":{"desc":"L1P"},"92C":{"desc":"L1P"},"936":{"t":"C414"},"937":{"t":"AS50"},"93D":{"desc":"L1P"},"940":{"t":"AS50"},"945":{"desc":"L1P"},"94C":{"t":"C188"},"94D":{"t":"T206"},"94E":{"t":"E190"},"950":{"t":"R22"},"957":{"t":"CL30"},"958":{"desc":"L1P"},"95A":{"t":"B58T"},"965":{"desc":"L1P"},"966":{"t":"COL4"},"967":{"t":"BE20"},"97A":{"desc":"L1P"},"97E":{"t":"DA40"},"989":{"t":"A119"},"98E":{"t":"B350"},"98F":{"t":"GLEX"},"99C":{"t":"C172"},"9A1":{"t":"P28A"},"9A2":{"desc":"H1P"},"9A3":{"t":"AS50"},"9A5":{"t":"B350"},"9A8":{"t":"EC35"},"9AD":{"t":"P51"},"9B1":{"t":"T28"},"9B2":{"t":"A319"},"9C5":{"t":"A320"},"9C9":{"t":"BE35"},"9CC":{"t":"PC12"},"9D1":{"desc":"L2T"},"9D2":{"t":"LJ35"},"9D4":{"t":"BE35"},"9D7":{"t":"PC12"},"9DB":{"desc":"L1T"},"9DE":{"desc":"L1P"},"9F3":{"t":"E55P"},"9FD":{"desc":"L1T"},"A03":{"t":"B06"},"A06":{"t":"B06"},"A08":{"desc":"L1P"},"A0B":{"t":"BE55"},"A0C":{"t":"BE35"},"A0F":{"t":"RV12"},"A13":{"desc":"H6E"},"A14":{"t":"GLID"},"A15":{"t":"BE20"},"A1F":{"desc":"L6J"},"A20":{"desc":"L1P"},"A22":{"t":"H25B"},"A24":{"t":"SR22"},"A25":{"t":"C82S"},"A2D":{"t":"CH7A"},"A2E":{"desc":"L2T"},"A2F":{"desc":"L1P","t":"TB0"},"A34":{"desc":"L1P"},"A39":{"desc":"L1P"},"A41":{"t":"LJ35"},"A43":{"t":"LJ35"},"A54":{"t":"B763"},"A60":{"t":"P28B"},"A61":{"t":"BE35"},"A68":{"t":"CL30"},"A69":{"t":"S22T"},"A6F":{"desc":"L1P","t":"ULAC"},"A70":{"t":"AS50"},"A78":{"t":"GLID"},"A80":{"desc":"L1P"},"A91":{"t":"M5"},"AB8":{"desc":"L1P","t":"ULAC"},"AC3":{"t":"BE33"},"ADD":{"t":"C172"},"ADF":{"desc":"L1P","t":"ULAC"},"AE0":{"t":"C170"},"AE1":{"t":"CH7A"},"AE2":{"t":"C182"},"AE4":{"t":"M20P"},"AE5":{"t":"C150"},"AE6":{"t":"P28A"},"AE9":{"t":"M20P"},"AEA":{"t":"T206"},"AEE":{"t":"T206"},"AF0":{"t":"ULAC"},"AF1":{"t":"PA32"},"AF2":{"t":"M20P"},"AF3":{"t":"ULAC"},"AF4":{"t":"PA22"},"AF5":{"t":"C177"},"AF6":{"t":"C177"},"AF7":{"t":"C177"},"AF8":{"t":"J3"},"AFB":{"t":"C82S"},"AFC":{"t":"C177"},"AFD":{"desc":"L1P","t":"ULAC"},"AFF":{"desc":"L1P"},"B02":{"t":"C170"},"B04":{"t":"CH7A"},"B05":{"t":"C182"},"B07":{"t":"M20P"},"B08":{"t":"C150"},"B09":{"t":"P28A"},"B0A":{"desc":"L1P"},"B0B":{"t":"PA12"},"B0F":{"t":"C172"},"B10":{"t":"C172"},"B11":{"t":"P28R"},"B13":{"t":"BE35"},"B16":{"t":"C182"},"B17":{"t":"PA22"},"B1B":{"t":"C177"},"B1C":{"t":"C177"},"B1D":{"t":"C177"},"B1E":{"t":"J3"},"B20":{"t":"ULAC"},"B21":{"t":"J3"},"B22":{"desc":"L1T"},"B24":{"t":"BE35"},"B27":{"t":"AR11"},"B28":{"t":"C182"},"B2A":{"t":"M20P"},"B2C":{"t":"J3"},"B2E":{"t":"PA12"},"B33":{"t":"ULAC"},"B34":{"t":"C172"},"B35":{"t":"C182"},"B38":{"t":"M20P"},"B3A":{"desc":"L1J"},"B3B":{"t":"C177"},"B3C":{"t":"C172"},"B3D":{"t":"C177"},"B40":{"t":"ULAC"},"B43":{"t":"C177"},"B46":{"t":"PA22"},"B48":{"t":"ULAC"},"B49":{"t":"ULAC"},"B4B":{"t":"C172"},"B4D":{"t":"M20P"},"B50":{"desc":"L1P"},"B54":{"t":"ULAC"},"B57":{"t":"C182"},"B58":{"t":"C182"},"B59":{"t":"C150"},"B5A":{"t":"PA32"},"B60":{"t":"J3"},"B62":{"t":"B47G"},"B63":{"desc":"L1P","t":"ULAC"},"B65":{"desc":"L1P","t":"ULAC"},"B67":{"t":"J3"},"B69":{"t":"PA22"},"B6A":{"t":"BE35"},"B6B":{"t":"C170"},"B6D":{"t":"AR11"},"B6E":{"t":"C182"},"B72":{"t":"P28A"},"B73":{"desc":"L1P"},"B74":{"t":"P28S"},"B75":{"t":"ULAC"},"B77":{"t":"C172"},"B7A":{"t":"C172"},"B7B":{"t":"C172"},"B7C":{"t":"C140"},"B7D":{"t":"PA32"},"B7F":{"t":"C182"},"B82":{"t":"J3"},"B83":{"t":"J3"},"B84":{"t":"C177"},"B85":{"t":"C177"},"B89":{"t":"C172"},"B8A":{"t":"J3"},"B8C":{"desc":"L1P"},"B8D":{"desc":"L1P"},"B8E":{"t":"C170"},"B8F":{"desc":"L1P","t":"ULAC"},"B91":{"t":"ULAC"},"B92":{"t":"ULAC"},"B98":{"t":"M20P"},"B9A":{"t":"ULAC"},"B9B":{"t":"BE23"},"B9C":{"t":"C172"},"B9E":{"t":"C182"},"BA1":{"t":"M20P"},"BA4":{"desc":"A1P","t":"ULAC"},"BA5":{"t":"C177"},"BA6":{"t":"ULAC"},"BA7":{"t":"ULAC"},"BA8":{"desc":"L1P","t":"ULAC"},"BAC":{"t":"C177"},"BAD":{"t":"J3"},"BAF":{"t":"PA31"},"BB4":{"t":"C182"},"BB5":{"t":"C206"},"BB7":{"t":"C150"},"BB8":{"t":"P28A"},"BBA":{"t":"P32T"},"BBB":{"t":"J3"},"BBF":{"t":"C172"},"BC2":{"t":"C140"},"BC4":{"t":"M20P"},"BC5":{"t":"C182"},"BC7":{"t":"J3"},"BC8":{"t":"ULAC"},"BCA":{"t":"C177"},"BCC":{"t":"C177"},"BD2":{"t":"BE55"},"BD4":{"t":"C170"},"BD5":{"t":"C170"},"BD7":{"t":"C150"},"BD8":{"t":"C310"},"BDB":{"t":"J3"},"BDD":{"t":"PA12"},"BDE":{"t":"M20P"},"BDF":{"t":"PA12"},"BE2":{"t":"C172"},"BE4":{"t":"C182"},"BE5":{"t":"C172"},"BE8":{"t":"C182"},"BE9":{"t":"PA22"},"BEB":{"t":"J3"},"BEC":{"t":"ULAC"},"BED":{"t":"J3"},"BEE":{"t":"ULAC"},"BEF":{"t":"J5"},"BF1":{"t":"C82S"},"BF6":{"t":"C206"},"BF9":{"t":"AR11"},"BFA":{"t":"C182"},"BFB":{"t":"T6"},"BFC":{"t":"ERCO"},"BFE":{"t":"J3"},"C04":{"t":"BE23"},"C05":{"t":"C172"},"C06":{"desc":"L1P","t":"ULAC"},"C09":{"t":"C82S"},"C0B":{"t":"C182"},"C0D":{"t":"J5"},"C0F":{"t":"C77R"},"C10":{"t":"C182"},"C11":{"t":"C182"},"C12":{"t":"C177"},"C13":{"t":"C177"},"C14":{"t":"PA31"},"C15":{"t":"C182"},"C16":{"t":"J5"},"C18":{"t":"PA22"},"C1B":{"t":"C170"},"C1D":{"t":"C82S"},"C1F":{"t":"M20P"},"C21":{"t":"J3"},"C22":{"t":"ULAC"},"C23":{"t":"ULAC"},"C24":{"t":"J3"},"C26":{"desc":"L1P","t":"ULAC"},"C27":{"t":"BE23"},"C29":{"t":"ULAC"},"C2A":{"t":"C172"},"C2B":{"t":"C150"},"C2E":{"t":"C182"},"C2F":{"t":"PA22"},"C31":{"t":"C177"},"C32":{"t":"C177"},"C33":{"t":"C177"},"C34":{"t":"ULAC"},"C35":{"t":"C177"},"C36":{"t":"C177"},"C37":{"t":"J5"},"C39":{"t":"C177"},"C3C":{"t":"B763"},"C40":{"t":"F900"},"C41":{"t":"GA5C"},"C45":{"t":"C172"},"C46":{"desc":"L1P"},"C47":{"t":"HUSK"},"C49":{"t":"CL60"},"C4B":{"t":"GL5T"},"C53":{"desc":"L1T","t":"C182"},"C55":{"t":"GLID"},"C56":{"t":"EA50"},"C57":{"t":"B350"},"C5B":{"t":"P28A"},"C5C":{"t":"GLF4"},"C69":{"desc":"L1P"},"C6D":{"t":"PA18"},"C6E":{"desc":"L2T"},"C70":{"t":"C560"},"C71":{"t":"SR22"},"C73":{"desc":"H1T"},"C76":{"t":"SF34"},"C77":{"t":"LJ35"},"C78":{"desc":"L1T"},"C79":{"t":"PA46"},"C7B":{"t":"C182"},"C7D":{"desc":"L1P"},"C88":{"desc":"L1P"},"C89":{"t":"DV20"},"C8E":{"desc":"H2T"},"C8F":{"t":"GLF4"},"C93":{"t":"A321"},"C96":{"desc":"L1P"},"C97":{"t":"DA40"},"CA5":{"t":"LJ31"},"CBA":{"t":"AS50"},"CBF":{"desc":"L1P"},"CC8":{"desc":"L2J","t":"A20N"},"CC9":{"t":"AS50"},"CCA":{"t":"GLF4"},"CCD":{"desc":"L1P"},"CCE":{"t":"E55P"},"CD1":{"desc":"L1P"},"CD3":{"t":"C77R"},"CEB":{"t":"PA46"},"CEE":{"t":"AS50"},"CF8":{"t":"AS50"},"CFA":{"t":"B407"},"CFB":{"t":"LJ35"},"D03":{"t":"C150"},"D04":{"desc":"L1P"},"D0B":{"desc":"L1P"},"D0F":{"t":"CL30"},"D10":{"t":"BALL"},"D14":{"t":"COL3"},"D16":{"desc":"L3P"},"D1C":{"t":"LJ45"},"D2A":{"t":"SR22"},"D35":{"t":"C310"},"D40":{"t":"A119"},"D4E":{"desc":"L1P"},"D4F":{"t":"HUSK"},"D52":{"t":"LJ24"},"D53":{"t":"C172"},"D56":{"t":"B407"},"D58":{"t":"P28A"},"D5A":{"t":"SR22"},"D5E":{"t":"SR22"},"D5F":{"t":"SR20"},"D69":{"t":"A319"},"D7C":{"t":"A320"},"D81":{"t":"AS50"},"D83":{"desc":"H1P"},"D84":{"t":"AS50"},"D89":{"t":"LJ35"},"D8A":{"desc":"L1P","t":"ULAC"},"D8C":{"t":"LJ35"},"D91":{"t":"B738"},"D96":{"t":"B350"},"DAA":{"t":"E55P"},"DB2":{"t":"AS50"},"DB5":{"t":"SR22"},"DBA":{"t":"BE35"},"DC2":{"desc":"L1P"},"DCA":{"desc":"H6E"},"DCC":{"t":"AS50"},"DD3":{"desc":"L1P"},"DD6":{"t":"AS50"},"DD9":{"t":"C172"},"DDB":{"t":"SR22"},"DE4":{"t":"C340"},"DE6":{"t":"BE36"},"DE7":{"t":"B06"},"DF5":{"t":"C414"},"DF9":{"desc":"L1P"},"E0B":{"t":"B763"},"E17":{"t":"P28A"},"E1E":{"desc":"H1T"},"E26":{"desc":"L1P","t":"ULAC"},"E2F":{"t":"CL30"},"E30":{"t":"C152"},"E31":{"t":"FA50"},"E3B":{"desc":"L2T"},"E41":{"t":"S22T"},"E48":{"t":"M5"},"E58":{"t":"LJ60"},"E61":{"desc":"L1P"},"E7A":{"t":"P28A"},"E90":{"desc":"H1P"},"E96":{"t":"C170"},"E97":{"desc":"L1P","t":"ULAC"},"E99":{"t":"C182"},"E9B":{"t":"ERCO"},"E9C":{"t":"C150"},"E9D":{"t":"ULAC"},"E9E":{"t":"C150"},"EA1":{"t":"PA22"},"EA4":{"t":"C172"},"EA6":{"t":"C182"},"EA7":{"t":"C172"},"EA8":{"t":"PA32"},"EA9":{"t":"PA31"},"EAB":{"t":"PA22"},"EAF":{"t":"C177"},"EB0":{"t":"B738"},"EB1":{"t":"C77R"},"EB2":{"t":"C82S"},"EB5":{"t":"J3"},"EB9":{"desc":"A1P","t":"ULAC"},"EBA":{"t":"PA31"},"EBB":{"t":"CH7A"},"EBE":{"t":"M20P"},"EBF":{"t":"C150"},"EC0":{"t":"C182"},"EC1":{"t":"C150"},"EC2":{"t":"P28A"},"EC4":{"t":"PA22"},"EC5":{"t":"C172"},"EC8":{"t":"B06"},"ECA":{"t":"C140"},"ECD":{"t":"C182"},"ECF":{"t":"J3"},"ED0":{"t":"C177"},"ED1":{"t":"J3"},"ED2":{"t":"C177"},"ED3":{"t":"J3"},"ED4":{"t":"J3"},"ED5":{"t":"C77R"},"ED7":{"t":"C177"},"ED8":{"t":"C177"},"ED9":{"t":"PA30"},"EDC":{"t":"ULAC"},"EDD":{"t":"C170"},"EDE":{"t":"C172"},"EE0":{"t":"C310"},"EE2":{"t":"C150"},"EE3":{"t":"P28A"},"EE4":{"t":"C150"},"EE6":{"t":"M20P"},"EE7":{"t":"PA22"},"EE8":{"t":"C172"},"EE9":{"t":"BE23"},"EEC":{"t":"C182"},"EED":{"t":"C140"},"EF0":{"t":"C182"},"EF2":{"t":"C177"},"EF4":{"desc":"L1P","t":"ULAC"},"EF6":{"t":"J3"},"EF7":{"t":"C177"},"EF8":{"t":"J3"},"EFA":{"desc":"L1P","t":"ULAC"},"EFB":{"t":"C172"},"EFC":{"desc":"L1P"},"EFE":{"t":"BE35"},"EFF":{"t":"C170"},"F00":{"t":"PA31"},"F01":{"t":"CH7A"},"F02":{"t":"ULAC"},"F03":{"desc":"L1P","t":"ULAC"},"F04":{"t":"M20P"},"F05":{"desc":"L1P","t":"ULAC"},"F06":{"t":"J3"},"F08":{"t":"PA12"},"F0A":{"t":"PA22"},"F0B":{"t":"C177"},"F0C":{"t":"C172"},"F0E":{"t":"B06"},"F0F":{"t":"C182"},"F10":{"t":"C140"},"F11":{"t":"PA32"},"F13":{"t":"PA31"},"F15":{"t":"C172"},"F16":{"t":"C77R"},"F18":{"t":"J3"},"F19":{"t":"ULAC"},"F1A":{"t":"ULAC"},"F1B":{"t":"B738"},"F1D":{"t":"C177"},"F20":{"t":"PA22"},"F25":{"t":"C182"},"F26":{"t":"TBM7"},"F27":{"t":"ERCO"},"F28":{"t":"C150"},"F2A":{"t":"C172"},"F2B":{"t":"PA12"},"F2C":{"t":"M20P"},"F2D":{"t":"PA22"},"F2E":{"t":"P28A"},"F2F":{"t":"BE23"},"F30":{"t":"C172"},"F32":{"t":"C182"},"F33":{"t":"C120"},"F34":{"t":"PA32"},"F35":{"t":"M20P"},"F37":{"t":"PA22"},"F3A":{"t":"C177"},"F3C":{"t":"C177"},"F3D":{"t":"J3"},"F3E":{"t":"C172"},"F3F":{"t":"C177"},"F41":{"t":"C172"},"F45":{"t":"C170"},"F46":{"t":"ULAC"},"F48":{"t":"C182"},"F4A":{"t":"M20P"},"F50":{"t":"PA22"},"F52":{"t":"C182"},"F53":{"t":"ULAC"},"F55":{"t":"C172"},"F56":{"t":"C140"},"F57":{"t":"PA32"},"F5A":{"t":"PA22"},"F5C":{"t":"ULAC"},"F5D":{"t":"J3"},"F5E":{"t":"C172"},"F5F":{"t":"J3"},"F61":{"t":"J3"},"F62":{"t":"J3"},"F63":{"t":"J3"},"F64":{"t":"C177"},"F66":{"t":"BE35"},"F67":{"t":"BE35"},"F69":{"t":"C170"},"F6A":{"t":"AR11"},"F6B":{"t":"C182"},"F6D":{"t":"M20P"},"F6E":{"t":"C172"},"F6F":{"t":"P28A"},"F70":{"t":"C150"},"F72":{"t":"M20P"},"F75":{"t":"BE23"},"F76":{"t":"C172"},"F78":{"t":"C182"},"F7A":{"t":"PA32"},"F7B":{"t":"M20P"},"F7D":{"t":"PA22"},"F7E":{"t":"B738"},"F7F":{"t":"C82S"},"F80":{"t":"C177"},"F82":{"t":"C177"},"F83":{"t":"C82S"},"F84":{"t":"J3"},"F85":{"t":"J3"},"F87":{"t":"PA31"},"F88":{"desc":"L1P"},"F89":{"t":"PA22"},"F8C":{"t":"PA31"},"F8E":{"t":"C182"},"F8F":{"t":"L8"},"F90":{"t":"M20P"},"F91":{"t":"C150"},"F92":{"t":"ULAC"},"F93":{"t":"C150"},"F94":{"t":"PA12"},"F95":{"t":"M20P"},"F98":{"t":"BE23"},"F9B":{"t":"PA31"},"F9C":{"t":"C140"},"F9E":{"t":"PA32"},"F9F":{"t":"C182"},"FA0":{"t":"C172"},"FA2":{"t":"B738"},"FA4":{"t":"C177"},"FA6":{"t":"J5"},"FA8":{"t":"J5"},"FA9":{"t":"C177"},"FAA":{"t":"J5"},"FAB":{"desc":"L1P"},"FAC":{"t":"PA22"},"FAE":{"t":"C182"},"FAF":{"t":"C182"},"FB0":{"t":"AR11"},"FB1":{"t":"C182"},"FB2":{"t":"L8"},"FB3":{"t":"M20P"},"FB4":{"t":"C150"},"FB5":{"t":"J3"},"FB6":{"t":"C150"},"FB7":{"t":"PA12"},"FB9":{"t":"PA22"},"FBC":{"t":"C172"},"FBD":{"t":"B06"},"FBF":{"t":"C140"},"FC4":{"t":"J5"},"FC5":{"t":"C177"},"FC7":{"t":"J5"},"FC8":{"t":"C177"},"FCB":{"t":"C177"},"FCC":{"t":"J5"},"FCE":{"desc":"L1P"},"FCF":{"t":"PA31"},"FD3":{"t":"CH7A"},"FD5":{"desc":"L1P"},"FD8":{"t":"P28A"},"FDB":{"t":"C182"},"FE3":{"t":"PA31"},"FE4":{"t":"M20P"},"FE7":{"t":"J5"},"FE8":{"t":"C182"},"FED":{"t":"C177"},"FEE":{"t":"J5"},"FEF":{"t":"J5"},"FF1":{"desc":"L1P"},"FF2":{"t":"MITE"},"FF3":{"t":"B763"},"FF4":{"desc":"H4E"},"FF5":{"t":"P28A"},"FF8":{"desc":"L1P"},"FF9":{"desc":"H8E"},"FFA":{"t":"H500"},"FFE":{"t":"EC30"}}