{"003":{"t":"A320"},"004":{"t":"B737"},"007":{"t":"C182"},"00A":{"t":"B763"},"00B":{"t":"BE35"},"00C":{"t":"GLID"},"00E":{"t":"SR20"},"013":{"desc":"L1P"},"020":{"t":"M20P"},"025":{"t":"SR20"},"026":{"desc":"L1P"},"027":{"desc":"L2P"},"028":{"t":"SR22"},"029":{"t":"AS50"},"02C":{"desc":"L1P"},"02D":{"t":"SF50"},"02E":{"t":"LJ35"},"030":{"t":"P28A"},"032":{"t":"C182"},"03D":{"t":"C310"},"03F":{"t":"J3"},"04A":{"t":"A321"},"04D":{"t":"BE36"},"04E":{"t":"BE58"},"052":{"t":"C182"},"056":{"t":"AS50"},"05B":{"t":"C185"},"060":{"desc":"L1P"},"067":{"t":"C425"},"06F":{"t":"P06T"},"071":{"t":"AS50"},"07B":{"desc":"L2J"},"07F":{"desc":"L2J","t":"A20N"},"080":{"t":"AS50"},"085":{"t":"E55P"},"099":{"t":"C172"},"0A2":{"t":"C650"},"0AF":{"t":"AS50"},"0BB":{"t":"H25B"},"0BC":{"t":"E190"},"0BE":{"desc":"L1P"},"0C2":{"desc":"L1P"},"0C4":{"t":"C150"},"0C5":{"t":"C172"},"0CA":{"t":"AS50"},"0CB":{"t":"AS50"},"0D3":{"t":"LJ45"},"0DF":{"t":"PC12"},"0E2":{"t":"BE9L"},"0EC":{"desc":"L1P"},"0ED":{"t":"BE55"},"0F7":{"t":"A119"},"0FD":{"t":"M7"},"101":{"desc":"L1P"},"106":{"t":"RV12"},"107":{"desc":"L1P"},"108":{"t":"C550"},"10A":{"t":"C172"},"10D":{"t":"AS50"},"10F":{"t":"P28A"},"111":{"desc":"L2P"},"116":{"t":"BALL"},"119":{"t":"C172"},"120":{"t":"A319"},"133":{"t":"A320"},"137":{"t":"AS50"},"138":{"t":"B722"},"13A":{"t":"CL30"},"13B":{"desc":"L1P"},"13E":{"t":"SR22"},"13F":{"t":"DH8B"},"140":{"t":"C500"},"149":{"t":"PC12"},"161":{"t":"E55P"},"169":{"t":"BE35"},"16C":{"t":"UH1"},"16D":{"desc":"L1P"},"170":{"t":"BE35"},"17D":{"desc":"L1P"},"181":{"desc":"H6E"},"182":{"t":"P28R"},"183":{"t":"SF34"},"184":{"t":"E50P"},"188":{"t":"E550"},"18A":{"t":"AS50"},"18D":{"t":"PA31"},"190":{"t":"C82R"},"19B":{"desc":"L1P"},"19C":{"t":"ECHO"},"19E":{"desc":"L1P"},"1A3":{"desc":"A1P"},"1A5":{"desc":"L1P"},"1AC":{"t":"C425"},"1AD":{"t":"BALL"},"1C2":{"t":"B763"},"1CE":{"t":"GA5C"},"1DD":{"desc":"L1P","t":"ULAC"},"1E6":{"t":"C150"},"1E8":{"desc":"L1P","t":"ULAC"},"1E9":{"t":"C750"},"218":{"desc":"L1P"},"231":{"t":"P28A"},"24A":{"desc":"H4E"},"24C":{"t":"PA31"},"24D":{"t":"T206"},"24E":{"t":"C170"},"250":{"t":"C182"},"251":{"desc":"L1P"},"252":{"t":"ERCO"},"253":{"t":"C172"},"254":{"t":"P28A"},"256":{"t":"P28A"},"258":{"t":"PA22"},"25A":{"t":"BE23"},"25B":{"t":"C172"},"25C":{"desc":"L1P"},"25D":{"t":"C182"},"25E":{"t":"C140"},"260":{"t":"M20P"},"261":{"t":"C182"},"262":{"t":"C82S"},"264":{"t":"J3"},"265":{"t":"C172"},"266":{"t":"J3"},"268":{"t":"J3"},"26B":{"t":"C172"},"26D":{"desc":"L1P"},"26E":{"t":"PA22"},"270":{"t":"C170"},"272":{"t":"C172"},"276":{"t":"C150"},"278":{"t":"C150"},"279":{"t":"PA12"},"27A":{"t":"J3"},"27C":{"t":"SW4"},"27D":{"t":"BE23"},"281":{"t":"C140"},"284":{"t":"C182"},"287":{"t":"J3"},"288":{"t":"C82S"},"289":{"t":"C172"},"28B":{"t":"C172"},"28C":{"t":"J3"},"28D":{"t":"J3"},"28E":{"t":"C172"},"28F":{"t":"P28A"},"290":{"t":"BE10"},"291":{"t":"BE33"},"292":{"t":"BE18"},"294":{"t":"C170"},"295":{"t":"C172"},"296":{"t":"ULAC"},"298":{"t":"ULAC"},"29A":{"t":"C182"},"29B":{"t":"C182"},"29D":{"t":"M20P"},"29E":{"t":"PA22"},"29F":{"t":"SW4"},"2A2":{"t":"C172"},"2A4":{"t":"C140"},"2A6":{"t":"M20P"},"2A7":{"t":"T206"},"2A8":{"t":"PA22"},"2AA":{"t":"P28A"},"2AB":{"t":"C172"},"2AC":{"t":"C172"},"2AD":{"t":"C172"},"2AE":{"t":"C172"},"2AF":{"t":"C172"},"2B0":{"t":"J3"},"2B1":{"t":"J3"},"2B3":{"desc":"H1P"},"2B4":{"t":"PA22"},"2B6":{"t":"C170"},"2BF":{"t":"P28A"},"2C0":{"t":"C82S"},"2C2":{"t":"SW4"},"2C3":{"desc":"A1P"},"2C4":{"t":"C172"},"2C6":{"t":"C172"},"2C7":{"t":"C140"},"2C8":{"t":"C82S"},"2CA":{"t":"C182"},"2CB":{"t":"PA22"},"2CC":{"t":"C172"},"2CE":{"t":"C172"},"2D1":{"t":"J3"},"2D2":{"t":"PA31"},"2D3":{"t":"C172"},"2D5":{"t":"C172"},"2D7":{"t":"PA22"},"2D9":{"t":"C170"},"2DA":{"t":"C170"},"2DB":{"t":"J3"},"2DC":{"t":"C182"},"2DD":{"desc":"L1P"},"2DE":{"t":"M20P"},"2E1":{"t":"ULAC"},"2E3":{"t":"M20P"},"2E5":{"t":"C188"},"2E7":{"t":"C172"},"2EA":{"t":"C150"},"2EB":{"t":"PA32"},"2EF":{"t":"C172"},"2F2":{"t":"T206"},"2F3":{"t":"C172"},"2F4":{"t":"C172"},"2F5":{"t":"J3"},"2F7":{"t":"C172"},"2F8":{"t":"C172"},"2F9":{"desc":"L1P"},"2FA":{"t":"PA22"},"2FB":{"desc":"L1P"},"2FD":{"t":"CH7A"},"300":{"desc":"L1P"},"302":{"t":"C150"},"303":{"t":"J3"},"304":{"t":"C150"},"306":{"t":"J3"},"307":{"t":"C82S"},"308":{"t":"C172"},"309":{"t":"M20P"},"30A":{"t":"PA31"},"30B":{"t":"P208"},"30D":{"t":"C140"},"30F":{"t":"M20P"},"310":{"desc":"L1P"},"312":{"desc":"L1J"},"31A":{"t":"C172"},"31C":{"t":"BE10"},"31D":{"t":"BE55"},"31E":{"t":"PA31"},"320":{"t":"C170"},"321":{"t":"AR11"},"323":{"t":"C172"},"324":{"t":"ERCO"},"325":{"desc":"L1P"},"327":{"t":"C150"},"328":{"t":"T206"},"329":{"t":"M20P"},"32B":{"t":"C188"},"32E":{"t":"TAYB"},"330":{"t":"C140"},"332":{"t":"M20P"},"337":{"t":"C172"},"33B":{"t":"J3"},"33C":{"t":"C172"},"341":{"t":"C172"},"343":{"t":"C170"},"345":{"t":"C182"},"349":{"t":"P28A"},"34B":{"t":"PA12"},"34C":{"t":"M20P"},"34F":{"t":"BE23"},"354":{"t":"C82S"},"355":{"t":"M20P"},"356":{"t":"C182"},"358":{"t":"C82S"},"359":{"t":"C172"},"35B":{"t":"C77R"},"35C":{"t":"J5"},"35F":{"t":"C172"},"362":{"t":"BE10"},"364":{"t":"C82S"},"366":{"t":"C170"},"367":{"t":"AR11"},"368":{"t":"C182"},"36A":{"t":"ERCO"},"36B":{"t":"C150"},"36D":{"t":"C172"},"36F":{"t":"M20P"},"370":{"t":"PA22"},"372":{"t":"T206"},"373":{"t":"B47J"},"374":{"desc":"H2T"},"375":{"t":"C182"},"376":{"t":"C150"},"378":{"t":"M20P"},"37A":{"t":"PA22"},"37B":{"t":"J5"},"37C":{"t":"J5"},"37D":{"t":"C172"},"37E":{"t":"C172"},"381":{"t":"C172"},"382":{"t":"C172"},"384":{"t":"C172"},"385":{"t":"BE10"},"389":{"t":"ULAC"},"38A":{"t":"C180"},"38D":{"t":"ERCO"},"38E":{"t":"C150"},"390":{"t":"C150"},"392":{"t":"J3"},"393":{"t":"PA22"},"395":{"t":"BE23"},"398":{"t":"PA31"},"399":{"t":"C140"},"39A":{"t":"PA32"},"3A0":{"t":"C172"},"3A1":{"t":"J5"},"3A2":{"t":"J5"},"3AA":{"t":"B763"},"3AB":{"desc":"H4E"},"3AE":{"desc":"L2T"},"3B4":{"t":"BE35"},"3BA":{"t":"CL30"},"3BB":{"t":"B737"},"3BD":{"t":"BE9L"},"3C2":{"desc":"L1P","t":"ULAC"},"3C3":{"desc":"L1T"},"3C5":{"t":"BE36"},"3CE":{"t":"HUSK"},"3D3":{"t":"T210"},"3D7":{"t":"BT36"},"3DB":{"t":"HUSK"},"3DC":{"t":"CRJ7"},"3DE":{"t":"PA18"},"3DF":{"desc":"L1P","t":"ULAC"},"3E1":{"t":"AS50"},"3E3":{"desc":"L1P"},"3E4":{"t":"C25B"},"3E5":{"t":"LJ35"},"3E7":{"t":"HUSK"},"3E9":{"t":"C182"},"3ED":{"t":"C172"},"3F4":{"t":"BE35"},"3F7":{"t":"GLID"},"3F9":{"t":"BE35"},"3FB":{"t":"BE35"},"3FD":{"t":"BE35"},"400":{"desc":"L1P"},"401":{"t":"A321"},"402":{"t":"BE35"},"405":{"t":"DA40"},"40C":{"t":"BE35"},"40D":{"t":"AS50"},"413":{"t":"LJ35"},"41E":{"t":"C172"},"426":{"desc":"L1T"},"428":{"t":"BE35"},"429":{"t":"SR22"},"436":{"desc":"L2J","t":"A20N"},"437":{"t":"AT8T"},"43C":{"t":"E55P"},"445":{"t":"J5"},"45E":{"t":"UH1"},"466":{"t":"AS50"},"471":{"t":"BE35"},"473":{"t":"E190"},"479":{"t":"P28R"},"47B":{"desc":"L1P"},"481":{"t":"C680"},"48A":{"t":"LJ45"},"498":{"t":"BE35"},"4A4":{"t":"AS50"},"4A6":{"t":"BE35"},"4AE":{"t":"A119"},"4B2":{"t":"LJ35"},"4BC":{"t":"BE35"},"4BD":{"t":"P28A"},"4BF":{"desc":"L1T","t":"M600"},"4C3":{"t":"C25B"},"4C4":{"desc":"H1P"},"4C5":{"t":"BE30"},"4C6":{"t":"P28A"},"4CD":{"desc":"H1P"},"4D7":{"t":"A319"},"4E6":{"t":"B06"},"4EA":{"t":"A320"},"4EE":{"t":"AS50"},"4EF":{"t":"AS50"},"4F1":{"t":"PA24"},"4F2":{"t":"AS50"},"4F4":{"t":"BE35"},"4FA":{"t":"LJ35"},"500":{"t":"B738"},"518":{"t":"E55P"},"522":{"t":"PRM1"},"534":{"t":"PA46"},"538":{"desc":"H6E"},"539":{"t":"C182"},"53C":{"t":"ULAC"},"541":{"t":"AS50"},"546":{"t":"S22T"},"547":{"t":"B06"},"549":{"t":"GLID"},"54A":{"t":"LJ35"},"54E":{"t":"B733"},"553":{"t":"C172"},"558":{"desc":"L1P"},"579":{"t":"B763"},"594":{"desc":"L1P","t":"ULAC"},"59E":{"t":"PC12"},"5A0":{"t":"C750"},"5A3":{"desc":"L1P"},"5A4":{"t":"CL30"},"5AE":{"desc":"L3E"},"5B6":{"desc":"L1P"},"5E8":{"t":"BE35"},"605":{"t":"C170"},"606":{"t":"AR11"},"607":{"t":"C182"},"60B":{"t":"J3"},"60D":{"t":"C421"},"60E":{"t":"PA31"},"613":{"t":"C172"},"615":{"t":"C150"},"618":{"t":"C182"},"61A":{"t":"J5"},"61B":{"t":"C172"},"61C":{"t":"C172"},"620":{"t":"C172"},"621":{"t":"B739"},"622":{"t":"C172"},"623":{"t":"J5"},"625":{"t":"C182"},"626":{"desc":"H4E"},"629":{"t":"C172"},"62A":{"t":"C82S"},"62E":{"t":"P28A"},"630":{"t":"PA12"},"632":{"t":"PA22"},"636":{"desc":"L1P"},"639":{"t":"PA32"},"63E":{"t":"C172"},"63F":{"t":"J5"},"640":{"t":"J5"},"642":{"t":"J5"},"644":{"t":"J5"},"649":{"t":"C182"},"64A":{"t":"C170"},"64C":{"t":"AR11"},"64D":{"t":"C172"},"64E":{"t":"L8"},"651":{"t":"P28A"},"653":{"t":"PA12"},"658":{"t":"C172"},"65A":{"t":"C182"},"65C":{"t":"PA32"},"65E":{"t":"C182"},"65F":{"t":"T206"},"660":{"t":"C172"},"661":{"t":"C172"},"662":{"t":"C172"},"663":{"t":"C172"},"664":{"t":"J5"},"665":{"t":"C172"},"668":{"t":"J4"},"66A":{"t":"C150"},"66C":{"t":"T206"},"66D":{"t":"C170"},"670":{"t":"C182"},"671":{"t":"C172"},"672":{"t":"C182"},"673":{"t":"C150"},"674":{"t":"J3"},"675":{"t":"C150"},"676":{"t":"P28S"},"677":{"t":"J3"},"67C":{"desc":"L1P"},"67F":{"desc":"L1P"},"684":{"t":"J3"},"686":{"desc":"L1P"},"687":{"t":"C172"},"68B":{"t":"T206"},"68F":{"t":"C172"},"690":{"t":"C170"},"693":{"t":"C182"},"694":{"t":"C172"},"695":{"t":"ERCO"},"697":{"t":"P28A"},"698":{"desc":"L1P"},"699":{"t":"PA31"},"69B":{"t":"PA22"},"69D":{"t":"BE23"},"69E":{"t":"C172"},"69F":{"desc":"L1P"},"6A0":{"t":"C182"},"6A1":{"t":"C140"},"6A2":{"t":"C172"},"6A3":{"desc":"L1P"},"6A4":{"t":"C182"},"6A6":{"t":"T206"},"6A7":{"t":"C172"},"6A9":{"t":"T210"},"6AA":{"t":"J3"},"6AD":{"t":"J3"},"6AE":{"t":"J3"},"6AF":{"t":"C172"},"6B1":{"t":"PA22"},"6B2":{"desc":"L1P"},"6B4":{"t":"C170"},"6B7":{"t":"L8"},"6B8":{"t":"M20P"},"6B9":{"t":"C182"},"6BA":{"t":"P28A"},"6BD":{"t":"J3"},"6C1":{"t":"C172"},"6C2":{"desc":"L1P"},"6C4":{"t":"C150"},"6C8":{"t":"PA31"},"6C9":{"t":"C172"},"6CB":{"t":"J3"},"6CD":{"t":"C172"},"6CF":{"t":"C172"},"6D0":{"t":"J3"},"6D1":{"t":"J3"},"6D3":{"t":"GLF6"},"6D8":{"t":"C172"},"6D9":{"t":"C182"},"6DB":{"t":"C182"},"6DC":{"t":"C150"},"6DD":{"t":"P28A"},"6E0":{"t":"M20P"},"6E2":{"t":"C172"},"6E4":{"t":"C172"},"6E5":{"t":"B407"},"6E8":{"t":"PA32"},"6EB":{"t":"PA22"},"6ED":{"t":"C172"},"6EE":{"t":"J3"},"6EF":{"t":"J3"},"6F1":{"t":"C172"},"6F3":{"t":"C172"},"6F4":{"t":"J3"},"6F5":{"t":"C172"},"6F8":{"t":"PA31"},"6FB":{"t":"CH7A"},"6FC":{"t":"C172"},"6FD":{"t":"PA31"},"6FE":{"t":"C172"},"700":{"t":"P28A"},"701":{"t":"C172"},"702":{"t":"P28A"},"706":{"t":"C172"},"707":{"t":"C172"},"708":{"t":"T206"},"709":{"t":"C182"},"70B":{"t":"PA32"},"70D":{"t":"C182"},"70F":{"t":"C172"},"713":{"t":"C172"},"714":{"t":"PA31"},"715":{"t":"J3"},"716":{"t":"C172"},"71A":{"t":"C82S"},"71B":{"t":"PA31"},"721":{"t":"ERCO"},"722":{"t":"PA31"},"723":{"t":"J3"},"725":{"t":"C182"},"726":{"t":"J3"},"727":{"t":"PA22"},"72A":{"t":"C182"},"72B":{"desc":"L1P"},"72D":{"t":"C172"},"736":{"t":"J3"},"738":{"t":"C172"},"739":{"t":"J3"},"73A":{"t":"C172"},"73C":{"desc":"L1P"},"73E":{"t":"BE35"},"73F":{"t":"C170"},"743":{"desc":"L1P"},"744":{"t":"C82S"},"746":{"t":"J3"},"748":{"t":"P28A"},"74C":{"t":"BE23"},"74D":{"t":"C172"},"74E":{"desc":"L1P"},"750":{"t":"C172"},"751":{"t":"J3"},"752":{"t":"PA31"},"753":{"t":"C182"},"756":{"t":"C172"},"759":{"t":"J3"},"75A":{"t":"C77R"},"75C":{"t":"PA31"},"75D":{"t":"C210"},"75E":{"t":"J3"},"75F":{"t":"P337"},"761":{"t":"C152"},"762":{"t":"PA44"},"763":{"desc":"L4J"},"764":{"t":"BE55"},"765":{"t":"B06"},"766":{"t":"PC12"},"767":{"desc":"H2T"},"769":{"t":"P28S"},"770":{"desc":"H2T"},"771":{"t":"R44"},"779":{"desc":"L1P"},"780":{"t":"BL8"},"781":{"desc":"L1P"},"784":{"desc":"L1P","t":"ULAC"},"789":{"t":"ULAC"},"78A":{"t":"BALL"},"791":{"desc":"H1T"},"792":{"t":"PA46"},"793":{"t":"CRJ7"},"794":{"t":"M7"},"795":{"t":"PA18"},"796":{"t":"H25B"},"798":{"t":"AS50"},"79C":{"t":"LJ35"},"79D":{"t":"SF34"},"79E":{"t":"HUSK"},"7A0":{"t":"C182"},"7A4":{"t":"P32R"},"7A7":{"t":"T206"},"7AB":{"t":"P28A"},"7AE":{"t":"PA46"},"7AF":{"desc":"L1P"},"7B3":{"desc":"L1P"},"7B4":{"t":"C185"},"7B8":{"t":"A321"},"7BD":{"t":"M20P"},"7C4":{"t":"ERCO"},"7CA":{"desc":"L2T"},"7CD":{"t":"RV12"},"7D4":{"desc":"H2T"},"7DA":{"t":"AS50"},"7DD":{"desc":"L2J"},"7DE":{"t":"H25B"},"7E3":{"desc":"H2T"},"7E8":{"t":"A321"},"7ED":{"t":"PA31"},"7EE":{"desc":"H1T"},"7F3":{"t":"E55P"},"7F8":{"t":"B350"},"800":{"t":"SR22"},"801":{"t":"AS50"},"806":{"t":"BE35"},"80B":{"t":"C172"},"810":{"t":"AS55"},"816":{"t":"B350"},"82A":{"t":"E190"},"82B":{"desc":"H2T"},"830":{"t":"PA32"},"834":{"desc":"L1P"},"836":{"t":"PA22"},"839":{"t":"S76"},"83D":{"desc":"L1P"},"841":{"t":"LJ45"},"844":{"t":"LJ35"},"85C":{"t":"BALL"},"861":{"t":"P28A"},"865":{"t":"A119"},"86C":{"t":"S22T"},"873":{"t":"PA27"},"876":{"t":"B743"},"878":{"t":"C172"},"87B":{"t":"B407"},"87C":{"t":"SR22"},"87D":{"t":"P28A"},"87F":{"desc":"L1P","t":"ULAC"},"885":{"desc":"H2T"},"888":{"t":"SR22"},"88E":{"t":"A319"},"891":{"t":"SR22"},"897":{"t":"DV20"},"8A1":{"t":"A320"},"8A5":{"t":"BE55"},"8A8":{"t":"BE9L"},"8AC":{"t":"S22T"},"8B1":{"t":"TBM7"},"8B8":{"t":"B738"},"8D7":{"t":"AR11"},"8D8":{"t":"GLID"},"8E1":{"desc":"L1P"},"8E2":{"t":"M20P"},"8E3":{"t":"LJ55"},"8E8":{"t":"AS50"},"8E9":{"t":"C421"},"8EB":{"desc":"L1P"},"8EF":{"t":"M20T"},"8F1":{"t":"BE36"},"8F2":{"t":"GALX"},"8F3":{"t":"C310"},"8F4":{"t":"H269"},"8F8":{"desc":"L1P"},"8FC":{"t":"C56X"},"8FE":{"t":"B06"},"900":{"t":"T206"},"902":{"t":"C195"},"905":{"t":"B733"},"906":{"desc":"L1P"},"909":{"t":"SR22"},"90A":{"t":"C206"},"90C":{"desc":"L1P"},"910":{"t":"SR22"},"91B":{"desc":"L1P"},"923":{"t":"LJ55"},"92E":{"t":"BALL"},"930":{"t":"B763"},"933":{"t":"P06T"},"93C":{"t":"C172"},"954":{"t":"GLID"},"955":{"t":"PA18"},"956":{"t":"BE55"},"957":{"t":"BALL"},"966":{"t":"SR22"},"96D":{"t":"M5"},"986":{"t":"T210"},"99F":{"t":"BE33"},"9B7":{"desc":"H2T"},"9BA":{"t":"BE35"},"9BB":{"t":"C170"},"9BE":{"t":"C182"},"9C0":{"t":"ERCO"},"9C1":{"t":"C150"},"9C3":{"t":"M7"},"9C4":{"t":"PA12"},"9C6":{"t":"PA22"},"9C9":{"t":"C172"},"9CA":{"t":"C172"},"9CB":{"t":"C182"},"9CF":{"t":"C182"},"9D0":{"t":"PA22"},"9D2":{"t":"C172"},"9D3":{"t":"C172"},"9D4":{"t":"J3"},"9D5":{"t":"C77R"},"9D6":{"t":"J3"},"9D9":{"t":"J3"},"9DB":{"t":"GLID"},"9DF":{"desc":"L1P","t":"ULAC"},"9E0":{"t":"CH7A"},"9E1":{"t":"C182"},"9E4":{"t":"C150"},"9E8":{"t":"J3"},"9EA":{"t":"C172"},"9EC":{"t":"C172"},"9ED":{"desc":"L1P"},"9EE":{"t":"C182"},"9EF":{"t":"C140"},"9F2":{"t":"C182"},"9F3":{"t":"PA22"},"9F5":{"t":"J3"},"9F8":{"t":"C172"},"9F9":{"t":"J3"},"9FB":{"t":"C172"},"9FD":{"t":"C172"},"A00":{"t":"BE35"},"A01":{"t":"C172"},"A02":{"t":"C182"},"A03":{"t":"C172"},"A04":{"t":"C182"},"A06":{"t":"ERCO"},"A07":{"desc":"L1P"},"A09":{"t":"C182"},"A0A":{"t":"P28A"},"A0B":{"t":"J3"},"A0D":{"t":"C182"},"A12":{"t":"ULAC"},"A13":{"t":"PA32"},"A16":{"t":"PA22"},"A1A":{"t":"J3"},"A1B":{"t":"J3"},"A1F":{"t":"C172"},"A20":{"t":"J3"},"A24":{"t":"C170"},"A25":{"t":"C82S"},"A27":{"t":"PA31"},"A28":{"desc":"L1P"},"A2A":{"t":"C150"},"A2B":{"t":"J3"},"A2C":{"t":"C150"},"A2D":{"t":"P28A"},"A2E":{"t":"J3"},"A35":{"t":"C140"},"A36":{"t":"PA32"},"A38":{"t":"C182"},"A3A":{"t":"C172"},"A3F":{"t":"J3"},"A40":{"t":"J3"},"A43":{"desc":"L1P"},"A47":{"t":"C170"},"A48":{"t":"BALL"},"A49":{"t":"C172"},"A4B":{"desc":"L1P"},"A4D":{"t":"C150"},"A4F":{"desc":"L1P"},"A50":{"t":"P28R"},"A51":{"t":"M20P"},"A52":{"t":"C172"},"A54":{"t":"BE23"},"A55":{"t":"C172"},"A58":{"t":"C150"},"A59":{"t":"PA32"},"A5C":{"t":"PA22"},"A5E":{"t":"BALL"},"A5F":{"t":"C172"},"A60":{"t":"C172"},"A61":{"t":"C172"},"A63":{"t":"C172"},"A64":{"t":"J3"},"A67":{"desc":"L1P"},"A69":{"t":"PA31"},"A6B":{"t":"PA31"},"A6D":{"t":"C182"},"A6F":{"t":"ERCO"},"A70":{"t":"C150"},"A71":{"t":"PA31"},"A72":{"t":"C172"},"A73":{"t":"PA12"},"A74":{"t":"M20P"},"A75":{"desc":"L1P","t":"ULAC"},"A79":{"desc":"L1P"},"A7B":{"t":"C140"},"A7C":{"t":"PA32"},"A80":{"t":"J3"},"A83":{"t":"C172"},"A84":{"t":"C172"},"A8C":{"t":"BALL"},"A8E":{"t":"C170"},"A90":{"t":"PA31"},"A91":{"t":"C310"},"A92":{"t":"M20T"},"A94":{"t":"J3"},"A95":{"t":"C150"},"A96":{"t":"PA12"},"A98":{"t":"PA22"},"A9B":{"t":"C172"},"A9C":{"desc":"L1P"},"A9E":{"t":"C182"},"AA0":{"t":"PA31"},"AA1":{"t":"C182"},"AA2":{"t":"C82S"},"AA3":{"t":"C172"},"AA7":{"t":"C172"},"AA8":{"t":"C172"},"AAA":{"t":"C172"},"AAB":{"t":"C77R"},"AAC":{"t":"C172"},"AAE":{"t":"PA22"},"AAF":{"desc":"H8E"},"AB0":{"t":"BALL"},"AB2":{"t":"C172"},"AB7":{"t":"P28A"},"AB8":{"t":"C150"},"AB9":{"t":"PA12"},"ABA":{"t":"J3"},"ABE":{"t":"C172"},"ABF":{"desc":"L1P"},"AC1":{"t":"C140"},"AC2":{"desc":"L1P"},"AC4":{"t":"PA30"},"AC6":{"t":"J3"},"AC8":{"t":"C172"},"ACB":{"t":"C172"},"ACC":{"t":"J3"},"ACD":{"t":"C172"},"ACE":{"t":"C172"},"AD0":{"desc":"L1P"},"AD1":{"t":"PA22"},"AD5":{"t":"C172"},"AD6":{"t":"C185"},"AD8":{"t":"M20T"},"AD9":{"t":"C150"},"ADC":{"t":"PA12"},"ADD":{"t":"J3"},"ADE":{"t":"PA22"},"AE3":{"t":"C172"},"AE6":{"t":"PA31"},"AE7":{"t":"C182"},"AE9":{"t":"PA31"},"AEA":{"t":"C172"},"AEB":{"t":"BALL"},"AEC":{"t":"C172"},"AED":{"t":"PA31"},"AEF":{"t":"C172"},"AF1":{"t":"J5"},"AF2":{"t":"J5"},"AF5":{"desc":"H8E"},"AF6":{"t":"PA32"},"AF7":{"t":"P28B"},"AF8":{"t":"C182"},"AFB":{"t":"M20P"},"AFF":{"t":"P28R"},"B02":{"t":"P32R"},"B03":{"t":"C182"},"B06":{"t":"P32R"},"B07":{"t":"C140"},"B08":{"t":"PA32"},"B09":{"t":"P32R"},"B0B":{"t":"PA22"},"B0C":{"t":"P32R"},"B11":{"t":"J5"},"B13":{"t":"PA34"},"B14":{"t":"J4"},"B16":{"t":"S22T"},"B17":{"desc":"L1P"},"B18":{"t":"H60"},"B1D":{"t":"DV20"},"B1E":{"desc":"H4E"},"B20":{"desc":"L2T"},"B2C":{"desc":"L1P"},"B2F":{"desc":"L1P"},"B30":{"desc":"A1T","t":"KODI"},"B33":{"desc":"G1P"},"B36":{"t":"C182"},"B3E":{"t":"GLID"},"B40":{"t":"GLF3"},"B48":{"t":"E135"},"B49":{"t":"P28A"},"B4A":{"t":"COL3"},"B4B":{"t":"BALL"},"B4D":{"t":"C172"},"B4F":{"t":"PA44"},"B55":{"t":"HUSK"},"B57":{"t":"C182"},"B63":{"t":"DA40"},"B65":{"t":"C25B"},"B6C":{"t":"S22T"},"B6E":{"desc":"L1P"},"B6F":{"t":"A321"},"B70":{"t":"P32T"},"B73":{"desc":"L1P"},"B7B":{"desc":"H6E"},"B80":{"t":"E55P"},"B84":{"t":"H25B"},"B8B":{"t":"BE30"},"B8C":{"t":"C172"},"B94":{"t":"TBM7"},"BA4":{"desc":"L2J","t":"A20N"},"BAA":{"t":"E55P"},"BAD":{"t":"E55P"},"BAE":{"desc":"L2J"},"BBF":{"desc":"L1P","t":"TB0"},"BC6":{"t":"BE36"},"BC7":{"t":"PA44"},"BD8":{"t":"SR22"},"BE1":{"t":"CH7B"},"BE7":{"t":"LJ60"},"BE9":{"t":"GLID"},"BEB":{"t":"CL30"},"BED":{"t":"SR20"},"BF1":{"t":"C182"},"BF8":{"t":"LJ45"},"BF9":{"desc":"L1P"},"BFC":{"t":"B744"},"BFE":{"desc":"L1P"},"C01":{"t":"AS50"},"C11":{"t":"B06"},"C14":{"t":"EC20"},"C16":{"t":"SR22"},"C18":{"t":"F900"},"C1C":{"t":"A119"},"C22":{"t":"FDCT"},"C2A":{"desc":"L1P"},"C2E":{"desc":"L1P"},"C2F":{"t":"C182"},"C34":{"t":"P28A"},"C35":{"t":"CL30"},"C36":{"t":"SR22"},"C38":{"t":"EC35"},"C3C":{"t":"P28A"},"C3F":{"desc":"L1P"},"C43":{"t":"E50P"},"C47":{"t":"P28A"},"C54":{"desc":"H1T"},"C58":{"t":"A320"},"C5C":{"t":"AS50"},"C5F":{"desc":"L1P"},"C67":{"t":"C172"},"C6D":{"desc":"L1P"},"C6E":{"t":"C82R"},"C70":{"t":"AA5"},"C98":{"t":"SR22"},"CA2":{"desc":"L1P"},"CA6":{"desc":"H6E"},"CA8":{"t":"C560"},"CAA":{"t":"S22T"},"CAD":{"t":"T206"},"CB1":{"t":"J328"},"CB5":{"t":"UH1"},"CBC":{"t":"B733"},"CC0":{"t":"BE50"},"CC1":{"t":"C172"},"CC2":{"desc":"L1P","t":"TB0"},"CCC":{"desc":"L1P"},"CCD":{"desc":"A1P"},"CCE":{"t":"T6"},"CD2":{"t":"SR22"},"CE7":{"t":"B763"},"CF3":{"t":"PA32"},"CF5":{"t":"B350"},"CFB":{"t":"CL30"},"D02":{"desc":"L1P","t":"ULAC"},"D0B":{"desc":"L1P"},"D0C":{"t":"C680"},"D0D":{"desc":"A1P"},"D0E":{"t":"RV12"},"D24":{"t":"P208"},"D70":{"t":"PA22"},"D72":{"t":"C170"},"D74":{"t":"P28A"},"D75":{"t":"C182"},"D76":{"t":"C82S"},"D77":{"t":"ERCO"},"D7B":{"t":"P28S"},"D7C":{"t":"J3"},"D7D":{"t":"PA22"},"D7F":{"t":"BE23"},"D82":{"t":"C182"},"D83":{"t":"P28A"},"D85":{"t":"C182"},"D86":{"t":"C182"},"D87":{"t":"PA22"},"D89":{"t":"J5"},"D8C":{"t":"J5"},"D8F":{"t":"J5"},"D90":{"t":"C172"},"D91":{"t":"C172"},"D92":{"desc":"L1P"},"D95":{"t":"C170"},"D97":{"t":"BALL"},"D9B":{"t":"C150"},"D9C":{"t":"J3"},"DA1":{"t":"C188"},"DA3":{"t":"C172"},"DA4":{"desc":"L1P"},"DA7":{"t":"PA32"},"DA9":{"t":"C182"},"DAB":{"t":"J5"},"DAC":{"t":"P28S"},"DAE":{"t":"J5"},"DB0":{"t":"C172"},"DB2":{"t":"C172"},"DB3":{"t":"C172"},"DB6":{"t":"PA22"},"DB9":{"t":"PA44"},"DBA":{"t":"CH7A"},"DBB":{"t":"C182"},"DBC":{"t":"P28A"},"DBD":{"desc":"L1P"},"DC0":{"t":"P28A"},"DC2":{"t":"J3"},"DC6":{"t":"C172"},"DC8":{"t":"C182"},"DC9":{"t":"C120"},"DCE":{"t":"J5"},"DCF":{"t":"P32R"},"DD0":{"t":"J5"},"DD1":{"t":"C172"},"DD2":{"t":"J5"},"DD4":{"t":"C172"},"DD5":{"t":"C172"},"DD6":{"t":"C172"},"DD7":{"t":"C172"},"DD9":{"t":"PA22"},"DDD":{"t":"C172"},"DDE":{"t":"C182"},"DDF":{"t":"C310"},"DE0":{"t":"ERCO"},"DE3":{"t":"C150"},"DE4":{"t":"PA12"},"DE5":{"t":"M20P"},"DE7":{"t":"C172"},"DE9":{"t":"C172"},"DEA":{"desc":"L1P"},"DEB":{"t":"C182"},"DEF":{"t":"C182"},"DF2":{"t":"BALL"},"DF3":{"t":"C172"},"DF5":{"t":"J3"},"DF6":{"t":"J3"},"DF7":{"t":"P28S"},"DF9":{"t":"C172"},"DFA":{"t":"C172"},"DFD":{"t":"BE50"},"DFE":{"t":"C170"},"DFF":{"t":"P32R"},"E00":{"t":"C172"},"E01":{"desc":"L1P","t":"ULAC"},"E03":{"t":"ERCO"},"E05":{"t":"J3"},"E06":{"desc":"L1P"},"E08":{"t":"P32R"},"E0C":{"t":"C172"},"E0D":{"desc":"L1P"},"E0E":{"t":"C182"},"E10":{"t":"PA32"},"E12":{"t":"C182"},"E14":{"t":"J3"},"E18":{"t":"C172"},"E19":{"t":"J3"},"E1C":{"t":"J3"},"E1D":{"t":"J3"},"E21":{"t":"C170"},"E22":{"t":"C170"},"E23":{"t":"AR11"},"E24":{"t":"C182"},"E25":{"t":"BALL"},"E27":{"t":"C188"},"E28":{"t":"P28A"},"E2A":{"t":"PA32"},"E2C":{"t":"PA18"},"E2F":{"t":"C172"},"E30":{"desc":"L1P"},"E32":{"t":"C140"},"E35":{"t":"C182"},"E36":{"t":"PA22"},"E38":{"t":"C172"},"E3A":{"t":"C172"},"E3C":{"t":"J3"},"E3D":{"t":"C172"},"E3E":{"t":"J3"},"E3F":{"t":"J3"},"E42":{"t":"C172"},"E44":{"t":"C170"},"E45":{"t":"C170"},"E46":{"t":"C172"},"E49":{"t":"ERCO"},"E4B":{"t":"BALL"},"E4F":{"t":"P32R"},"E52":{"t":"C172"},"E53":{"desc":"L1P"},"E55":{"t":"C150"},"E56":{"t":"BE58"},"E58":{"t":"C182"},"E5C":{"t":"C172"},"E5F":{"t":"C172"},"E61":{"t":"C172"},"E62":{"t":"C172"},"E63":{"t":"C172"},"E67":{"t":"C170"},"E6A":{"t":"C182"},"E6D":{"t":"C150"},"E6E":{"t":"J3"},"E6F":{"desc":"L1P"},"E71":{"t":"J3"},"E72":{"t":"PA18"},"E73":{"t":"C172"},"E75":{"t":"C172"},"E7E":{"t":"P28A"},"E7F":{"t":"C172"},"E80":{"t":"C172"},"E82":{"t":"C172"},"E84":{"t":"C210"},"E85":{"t":"C172"},"E86":{"t":"P32R"},"E8A":{"t":"C170"},"E8C":{"t":"C172"},"E90":{"t":"C150"},"E93":{"t":"PA12"},"E97":{"t":"BE23"},"E98":{"t":"C172"},"E99":{"desc":"L1P"},"E9A":{"t":"C182"},"E9E":{"t":"C182"},"E9F":{"t":"PA22"},"EA0":{"t":"C172"},"EA3":{"t":"C172"},"EA8":{"t":"J5"},"EA9":{"t":"P28A"},"EAA":{"desc":"L1P"},"EAB":{"t":"PA22"},"EAE":{"t":"P28A"},"EB0":{"desc":"L1P","t":"ULAC"},"EB2":{"t":"ERCO"},"EB4":{"t":"J3"},"EB7":{"t":"M20P"},"EB9":{"t":"P28S"},"EBA":{"t":"BE23"},"EBD":{"t":"C182"},"EBF":{"t":"PA32"},"EC0":{"t":"P32R"},"EC1":{"t":"C182"},"EC2":{"t":"PA22"},"EC3":{"t":"C172"},"EC7":{"t":"BALL"},"EC8":{"t":"J4"},"ECA":{"t":"J5"},"ECB":{"t":"J4"},"ECE":{"t":"M20P"},"ECF":{"t":"B763"},"ED0":{"t":"CJ6"},"ED1":{"t":"CH7A"},"ED4":{"desc":"L1P","t":"ULAC"},"ED5":{"t":"B739"},"ED6":{"t":"R22"},"ED8":{"desc":"L1P","t":"ULAC"},"EDA":{"t":"B407"},"EDE":{"desc":"L1P"},"EDF":{"t":"R44"},"EE1":{"desc":"L1P"},"EE2":{"desc":"L1T"},"EE3":{"desc":"L1P"},"EE7":{"t":"C25C"},"EE8":{"t":"GLID"},"EE9":{"t":"B350"},"EEA":{"t":"C182"},"EEB":{"t":"S22T"},"EEC":{"t":"C560"},"EED":{"t":"J3"},"EEF":{"desc":"L1P"},"EF1":{"desc":"L1P"},"EF3":{"t":"S22T"},"EF5":{"desc":"H1T"},"EF7":{"desc":"L1P"},"EF8":{"desc":"A1P","t":"ULAC"},"EFA":{"desc":"L1P"},"EFB":{"t":"C25C"},"F00":{"desc":"L1P"},"F01":{"t":"P212"},"F03":{"t":"BE9T"},"F05":{"desc":"L1P"},"F06":{"t":"PA44"},"F09":{"desc":"L1P"},"F0A":{"t":"LJ35"},"F0C":{"t":"HUSK"},"F0E":{"t":"C182"},"F10":{"desc":"H2T"},"F11":{"t":"PA46"},"F12":{"t":"FDCT"},"F19":{"t":"BE35"},"F1B":{"desc":"L1P"},"F1D":{"desc":"L1P"},"F1E":{"t":"GLID"},"F20":{"t":"AEST"},"F23":{"desc":"L1P"},"F25":{"desc":"L1P"},"F26":{"t":"A321"},"F29":{"t":"T206"},"F2A":{"desc":"L1P"},"F2D":{"t":"GLID"},"F2E":{"t":"C172"},"F30":{"desc":"L1P"},"F32":{"t":"SR22"},"F34":{"t":"R44"},"F3C":{"t":"C25C"},"F42":{"t":"PC12"},"F43":{"t":"C172"},"F4C":{"t":"A320"},"F4E":{"t":"E170"},"F4F":{"desc":"L1P"},"F50":{"t":"DC10"},"F52":{"t":"P51"},"F59":{"t":"PA22"},"F5C":{"desc":"L1P"},"F61":{"t":"E55P"},"F65":{"t":"SR20"},"F6C":{"desc":"L1P"},"F75":{"t":"C25C"},"F7E":{"desc":"L1P"},"F7F":{"desc":"H1P"},"F80":{"t":"B738"},"F82":{"t":"PC12"},"F89":{"t":"C182"},"F8B":{"t":"C140"},"F8D":{"t":"T206"},"F8E":{"desc":"L1P"},"F8F":{"t":"C182"},"F97":{"t":"P28A"},"F98":{"desc":"L1P"},"F99":{"desc":"H8E"},"F9A":{"t":"FDCT"},"F9D":{"t":"GALX"},"F9E":{"desc":"A1P"},"FA0":{"t":"PC12"},"FA4":{"t":"R44"},"FA6":{"t":"S22T"},"FA7":{"desc":"L1P"},"FA8":{"t":"BT36"},"FAB":{"desc":"L1P"},"FB0":{"desc":"H1T"},"FB2":{"desc":"L1P"},"FB3":{"desc":"L1P","t":"ULAC"},"FB5":{"t":"C182"},"FB6":{"t":"CL30"},"FB9":{"t":"P28A"},"FBB":{"t":"GLF3"},"FC0":{"desc":"L1P"},"FC3":{"t":"AS50"},"FCB":{"t":"C185"},"FD0":{"t":"R22"},"FD1":{"t":"LJ35"},"FD3":{"t":"A119"},"FD4":{"desc":"A1P","t":"ULAC"},"FD6":{"t":"B350"},"FDA":{"t":"PC24"},"FE1":{"desc":"L1P"},"FE2":{"desc":"L1P"},"FE3":{"desc":"L1P"},"FE4":{"t":"B06"},"FE6":{"t":"C182"},"FE8":{"t":"C172"},"FE9":{"t":"H500"},"FEA":{"t":"C56X"},"FEB":{"t":"P28A"},"FED":{"t":"PA46"},"FEF":{"t":"P28A"},"FF3":{"t":"P28A"},"FFA":{"t":"C25B"},"FFC":{"t":"A319"}}