{"6003":{"t":"C82T"},"6004":{"t":"P28A"},"6015":{"t":"CH7B"},"6016":{"t":"C172"},"6018":{"t":"A139"},"601B":{"t":"C172"},"6023":{"desc":"L2T"},"6031":{"t":"P28A"},"6046":{"desc":"L1P","t":"ULAC"},"6047":{"desc":"H6E"},"6049":{"t":"J3"},"604E":{"t":"EC35"},"6070":{"t":"C680"},"6078":{"t":"BE20"},"607A":{"t":"UH1"},"607C":{"t":"B212"},"6089":{"desc":"L1P"},"608C":{"t":"RV12"},"6090":{"desc":"H6E"},"6091":{"t":"BE55"},"6099":{"t":"H60"},"609C":{"t":"PC12"},"609F":{"t":"M20T"},"60A6":{"t":"SR22"},"60AB":{"t":"C208"},"60AD":{"t":"B58T"},"60BB":{"desc":"L1P"},"60BC":{"desc":"L1P"},"60C0":{"desc":"L1J"},"60D1":{"t":"B763"},"60EA":{"t":"C550"},"60F6":{"t":"MD11"},"60FC":{"desc":"L1P"},"6106":{"desc":"L1P"},"610E":{"t":"M5"},"612A":{"t":"B06"},"6140":{"t":"AS50"},"6159":{"t":"T206"},"615B":{"t":"BE35"},"615C":{"t":"B58T"},"615D":{"t":"C182"},"615F":{"desc":"L1P"},"6163":{"t":"GC1"},"6165":{"t":"P28A"},"616A":{"t":"C172"},"616B":{"t":"P28R"},"6170":{"t":"C210"},"6171":{"t":"BE36"},"6173":{"t":"J3"},"6175":{"t":"S108"},"6179":{"t":"J3"},"617A":{"t":"J3"},"617B":{"t":"J3"},"617F":{"desc":"H2T"},"6180":{"t":"C182"},"6181":{"t":"AR11"},"6185":{"t":"C150"},"6186":{"t":"P28A"},"6188":{"t":"P28R"},"618A":{"t":"P210"},"618D":{"t":"C172"},"618E":{"t":"P28R"},"6190":{"t":"C150"},"6191":{"t":"PA32"},"6192":{"t":"BE55"},"6195":{"desc":"H1P"},"6198":{"desc":"H1P"},"619D":{"t":"J3"},"619F":{"t":"PTS2"},"61A0":{"t":"GLID"},"61A1":{"t":"BE35"},"61A2":{"t":"BE76"},"61A5":{"desc":"L1P"},"61A9":{"t":"GC1"},"61AA":{"t":"C172"},"61AC":{"t":"BE35"},"61AD":{"desc":"L1P"},"61AE":{"t":"BE77"},"61B0":{"t":"ULAC"},"61B1":{"t":"P28R"},"61B2":{"t":"BE77"},"61B4":{"t":"PA32"},"61B5":{"t":"C310"},"61B8":{"t":"P28A"},"61BB":{"t":"P28S"},"61BE":{"t":"J3"},"61BF":{"t":"P32R"},"61C0":{"t":"P32R"},"61C2":{"t":"C402"},"61C3":{"t":"GLID"},"61C7":{"t":"AR11"},"61C8":{"desc":"L1P"},"61C9":{"t":"C310"},"61CA":{"t":"M20P"},"61CB":{"t":"C150"},"61CD":{"t":"C172"},"61D1":{"t":"BT36"},"61D3":{"t":"C172"},"61D4":{"t":"P28R"},"61D6":{"t":"C170"},"61D7":{"t":"PA32"},"61D8":{"t":"C310"},"61D9":{"t":"C210"},"61DB":{"t":"J5"},"61DC":{"t":"J5"},"61DE":{"t":"P32R"},"61E4":{"t":"J5"},"61E6":{"t":"GLID"},"61E9":{"t":"C182"},"61EA":{"t":"AR11"},"61EB":{"desc":"L1P"},"61F2":{"t":"BE35"},"61F3":{"desc":"S1P","t":"PA22"},"61F5":{"t":"P28A"},"61F6":{"t":"C172"},"61F9":{"t":"C172"},"61FA":{"t":"PA32"},"61FC":{"t":"C210"},"6204":{"t":"P28A"},"6205":{"t":"P28A"},"6209":{"t":"GLID"},"620A":{"t":"BE35"},"620B":{"t":"ULAC"},"620C":{"t":"C182"},"620D":{"t":"PA30"},"620E":{"desc":"L1P"},"6210":{"t":"ULAC"},"6212":{"t":"BE33"},"6213":{"t":"C172"},"6215":{"t":"BE35"},"6216":{"t":"BE36"},"6218":{"desc":"L1P"},"6219":{"t":"C172"},"621C":{"t":"C170"},"621D":{"t":"PA32"},"621F":{"t":"C210"},"6223":{"t":"AR11"},"6224":{"t":"J4"},"6226":{"desc":"L1P"},"6227":{"t":"WACF"},"6230":{"t":"CH7A"},"6231":{"desc":"L1P"},"6234":{"t":"C150"},"6237":{"t":"PA12"},"6238":{"t":"BE35"},"6239":{"t":"PA22"},"623A":{"t":"C172"},"623C":{"t":"BE36"},"623D":{"t":"P28R"},"6242":{"t":"BE23"},"6243":{"t":"PA18"},"6244":{"t":"J3"},"624A":{"t":"BE55"},"624C":{"t":"BE36"},"624F":{"t":"GLID"},"6250":{"t":"UH1"},"6252":{"t":"C182"},"6253":{"t":"AR11"},"6254":{"desc":"L1P"},"6258":{"t":"GC1"},"625A":{"t":"BT36"},"625C":{"t":"PA22"},"625D":{"t":"C172"},"625F":{"t":"C172"},"6262":{"t":"C172"},"6264":{"t":"C310"},"6266":{"t":"PA18"},"6267":{"t":"J3"},"626A":{"t":"PA34"},"626C":{"t":"BE33"},"626E":{"t":"P28A"},"626F":{"t":"P28A"},"6271":{"desc":"L1P"},"6274":{"t":"BE9L"},"6276":{"t":"AR11"},"627A":{"t":"C150"},"627E":{"t":"BE35"},"6280":{"t":"C172"},"6281":{"t":"C172"},"6283":{"t":"P28R"},"6286":{"t":"PA32"},"6287":{"t":"C310"},"6289":{"t":"BE77"},"628A":{"t":"C182"},"628E":{"t":"J5"},"628F":{"t":"J4"},"6291":{"t":"J4"},"6296":{"t":"BE35"},"629A":{"desc":"L1P"},"629F":{"t":"C172"},"62A2":{"t":"PA22"},"62A3":{"t":"C172"},"62A4":{"t":"C172"},"62A6":{"t":"P28R"},"62A8":{"desc":"L1P","t":"ULAC"},"62AA":{"t":"C310"},"62AB":{"t":"C210"},"62AC":{"t":"BE24"},"62AD":{"t":"P28A"},"62AE":{"t":"BE23"},"62B0":{"t":"P28A"},"62B1":{"t":"P28A"},"62B2":{"t":"P28A"},"62B3":{"t":"J4"},"62B4":{"t":"P28A"},"62B5":{"t":"BE55"},"62B8":{"t":"MITE"},"62BE":{"t":"C182"},"62C2":{"t":"AS50"},"62C4":{"t":"EC30"},"62C5":{"t":"B763"},"62C8":{"desc":"H4E"},"62C9":{"t":"R22"},"62CA":{"desc":"L2T"},"62D2":{"t":"LJ45"},"62D3":{"desc":"H1P"},"62DD":{"t":"AS50"},"62E6":{"t":"C421"},"62EB":{"t":"B06"},"62EC":{"t":"BL17"},"62ED":{"desc":"A1P","t":"PA18"},"62EE":{"t":"SR22"},"62F0":{"t":"PA38"},"62F1":{"desc":"L4T"},"62F8":{"t":"SR20"},"62FA":{"t":"C303"},"62FB":{"t":"C240"},"62FC":{"t":"FDCT"},"62FE":{"t":"C182"},"6303":{"t":"P28A"},"6304":{"t":"B738"},"6306":{"t":"DV20"},"6308":{"t":"SR22"},"6309":{"t":"C172"},"630C":{"t":"SR22"},"630F":{"t":"P46T"},"6310":{"t":"A321"},"6311":{"desc":"L1P"},"631D":{"t":"EA50"},"633F":{"desc":"L1P"},"6345":{"desc":"L2J","t":"A20N"},"6346":{"t":"PA32"},"634A":{"desc":"L1P"},"634B":{"t":"E55P"},"634E":{"desc":"A1P","t":"GALX"},"6351":{"t":"C182"},"6368":{"t":"A332"},"636D":{"desc":"L1P","t":"ULAC"},"6375":{"t":"P32R"},"638C":{"t":"P32R"},"638D":{"t":"C172"},"6391":{"t":"C182"},"6399":{"desc":"L1P"},"639B":{"desc":"L1P"},"639D":{"t":"DA40"},"63AC":{"t":"F900"},"63CB":{"desc":"L1P"},"63CC":{"t":"CH7B"},"63CD":{"t":"PAY2"},"63CE":{"t":"C421"},"63CF":{"t":"A139"},"63D2":{"t":"C206"},"63DA":{"desc":"L2T"},"63E4":{"t":"AA5"},"63E5":{"desc":"L1P"},"63FA":{"t":"PC12"},"63FC":{"t":"PA18"},"63FD":{"t":"AS50"},"6400":{"desc":"L1P"},"6405":{"t":"EC35"},"640F":{"t":"PA38"},"6427":{"t":"C680"},"6430":{"t":"PA18"},"6431":{"desc":"L1P"},"6436":{"t":"GLID"},"6445":{"desc":"L1P"},"6447":{"desc":"H6E"},"6448":{"t":"BE55"},"6451":{"desc":"L1P"},"6454":{"t":"C182"},"6456":{"t":"B06"},"6458":{"t":"SR22"},"6462":{"t":"C208"},"6463":{"desc":"L1P"},"6464":{"t":"LJ35"},"646F":{"desc":"A1P"},"6472":{"desc":"A1P"},"6473":{"t":"T34P"},"6477":{"desc":"L1J"},"6479":{"desc":"L1P"},"6488":{"t":"B763"},"648B":{"t":"HUSK"},"6493":{"desc":"L1P"},"64AC":{"t":"GLID"},"64AD":{"t":"MD11"},"64B8":{"desc":"L1P"},"64C5":{"t":"M5"},"6515":{"t":"PA36"},"651A":{"t":"GC1"},"651B":{"t":"B58T"},"651C":{"t":"BE55"},"6520":{"t":"P28A"},"6521":{"t":"C172"},"6522":{"t":"P28R"},"6524":{"t":"C150"},"6526":{"t":"C310"},"6528":{"t":"PA18"},"6529":{"t":"P28R"},"652A":{"t":"P28S"},"652C":{"t":"P28S"},"652D":{"t":"P28B"},"652E":{"t":"P32R"},"652F":{"t":"P32R"},"6531":{"t":"P32R"},"6534":{"t":"GLID"},"6539":{"desc":"L1P"},"653A":{"t":"T206"},"653B":{"t":"ERCO"},"653C":{"t":"BE36"},"653D":{"t":"P28A"},"653E":{"t":"C172"},"6541":{"t":"PA22"},"6545":{"t":"P28R"},"654D":{"t":"P28A"},"6550":{"t":"P28A"},"6557":{"t":"GLID"},"655A":{"t":"C182"},"655C":{"desc":"L1P"},"6560":{"t":"BT36"},"6563":{"t":"BE35"},"6565":{"t":"C172"},"6568":{"t":"P28R"},"6569":{"t":"BE35"},"6574":{"desc":"L1P"},"6576":{"t":"P51"},"6579":{"desc":"L1P"},"657A":{"t":"BT36"},"657D":{"t":"C182"},"657E":{"t":"CH7A"},"657F":{"desc":"L1P"},"6583":{"t":"GC1"},"6589":{"t":"C172"},"658A":{"t":"C172"},"658C":{"t":"C336"},"658D":{"t":"C170"},"658E":{"t":"PA32"},"658F":{"t":"C310"},"6591":{"t":"PA18"},"659A":{"t":"J5"},"659B":{"t":"J5"},"659D":{"t":"GLID"},"659E":{"t":"BE35"},"65A0":{"t":"C182"},"65A1":{"t":"CH7A"},"65A3":{"t":"TBM7"},"65A5":{"t":"C150"},"65A6":{"t":"GC1"},"65A7":{"t":"C172"},"65A8":{"t":"PA12"},"65AC":{"t":"BE24"},"65AD":{"t":"C172"},"65AE":{"t":"P28R"},"65B1":{"t":"PA32"},"65B2":{"t":"BE33"},"65B3":{"t":"C210"},"65B4":{"t":"BE24"},"65B9":{"t":"J5"},"65BA":{"t":"J5"},"65BD":{"t":"P28A"},"65BF":{"desc":"L1P"},"65C3":{"t":"C182"},"65C7":{"t":"ERCO"},"65CB":{"t":"BE36"},"65CC":{"t":"BE35"},"65CE":{"t":"C172"},"65CF":{"t":"C172"},"65D1":{"t":"P28R"},"65D4":{"t":"PA32"},"65D5":{"t":"BE58"},"65D6":{"t":"C210"},"65D8":{"t":"P28A"},"65D9":{"t":"J5"},"65DC":{"t":"P28A"},"65DE":{"t":"P28R"},"65DF":{"t":"B738"},"65E0":{"t":"J3"},"65E1":{"t":"J3"},"65E2":{"desc":"L1P"},"65E4":{"t":"BE35"},"65EE":{"t":"PA12"},"65EF":{"t":"BE35"},"65F0":{"t":"PA22"},"65F3":{"t":"C172"},"65F7":{"t":"PA32"},"65F8":{"t":"C310"},"65FA":{"t":"PA18"},"65FD":{"t":"J3"},"6600":{"t":"P28A"},"6601":{"t":"J3"},"6602":{"t":"P28A"},"6603":{"t":"B738"},"6606":{"t":"GLID"},"6609":{"t":"C182"},"660D":{"t":"M20P"},"660E":{"t":"C150"},"660F":{"desc":"L1P"},"6611":{"t":"P28A"},"6614":{"t":"BE33"},"6615":{"t":"C172"},"6617":{"t":"P28R"},"6619":{"t":"C170"},"661A":{"t":"PA32"},"661C":{"t":"C210"},"661E":{"t":"J3"},"6620":{"t":"J3"},"6621":{"t":"P28R"},"6623":{"t":"P28S"},"6624":{"t":"PA32"},"6627":{"t":"J3"},"662C":{"t":"C182"},"662E":{"t":"ULAC"},"662F":{"t":"C310"},"6630":{"t":"ERCO"},"6635":{"t":"BE36"},"6636":{"t":"PA22"},"663B":{"t":"C336"},"663C":{"t":"C170"},"663E":{"t":"BE55"},"663F":{"t":"C210"},"6640":{"t":"PA18"},"6643":{"t":"BE36"},"6649":{"t":"P28A"},"664B":{"t":"UH12"},"664D":{"t":"BE35"},"6656":{"t":"C172"},"6658":{"t":"BE35"},"6659":{"t":"P210"},"665A":{"t":"C172"},"665C":{"t":"C172"},"665D":{"t":"P28R"},"6661":{"t":"BE23"},"6665":{"t":"P28A"},"6667":{"t":"P28A"},"6668":{"t":"P28R"},"666B":{"t":"J5"},"666E":{"t":"BE76"},"666F":{"t":"MITE"},"6670":{"t":"BE9L"},"6672":{"t":"CH7A"},"6676":{"desc":"G1P"},"6679":{"t":"AS50"},"667B":{"t":"B407"},"667C":{"t":"B763"},"667D":{"t":"S22T"},"6680":{"t":"BE9L"},"6681":{"desc":"L2T"},"6688":{"t":"SR22"},"6689":{"t":"GLID"},"668B":{"t":"R66"},"6690":{"t":"C172"},"6699":{"desc":"L1P","t":"ULAC"},"66A1":{"t":"P32R"},"66A2":{"t":"DV20"},"66A3":{"t":"BALL"},"66A4":{"desc":"A1P","t":"PA18"},"66AA":{"t":"C25B"},"66AD":{"desc":"L1P"},"66AF":{"t":"SR22"},"66B2":{"t":"C240"},"66BA":{"desc":"L1P"},"66BB":{"t":"P28R"},"66BD":{"t":"C172"},"66BF":{"t":"SR20"},"66C0":{"t":"C172"},"66C3":{"t":"GLF4"},"66C4":{"desc":"L1P"},"66C7":{"t":"B738"},"66D2":{"t":"A321"},"66D3":{"desc":"L1P"},"66D6":{"desc":"L2T"},"66D7":{"t":"EC20"},"66E4":{"desc":"H1P"},"66EC":{"desc":"H1T"},"66F1":{"t":"DC10"},"66F8":{"desc":"L2J"},"66FC":{"desc":"L2J","t":"A20N"},"6702":{"t":"E55P"},"6705":{"t":"P28A"},"6716":{"t":"DA42"},"671D":{"t":"GAZL"},"671F":{"t":"A332"},"6721":{"t":"AC90"},"672E":{"desc":"L1P"},"6738":{"desc":"L1P","t":"GLF5"},"673B":{"desc":"H1P"},"6743":{"t":"SR22"},"6745":{"t":"BE20"},"6749":{"t":"SR20"},"6750":{"desc":"L1P"},"6754":{"t":"C182"},"675A":{"t":"GLF4"},"675C":{"t":"ULAC"},"676C":{"desc":"L1P","t":"ULAC"},"6772":{"t":"LJ60"},"6775":{"t":"FDCT"},"677A":{"t":"GLF5"},"6783":{"t":"EN28"},"6785":{"t":"FA50"},"6786":{"t":"A139"},"6787":{"t":"C172"},"6789":{"t":"C206"},"6791":{"desc":"L2T"},"6796":{"t":"H25B"},"679B":{"t":"BALL"},"67B4":{"t":"BE36"},"67B8":{"t":"UH1"},"67BB":{"desc":"L1P"},"67BC":{"t":"EC35"},"67C5":{"t":"DA40"},"67C6":{"t":"P28A"},"67DE":{"t":"E55P"},"67E7":{"t":"PA18"},"67F1":{"t":"B190"},"67FA":{"desc":"L1P"},"67FE":{"desc":"H6E"},"6800":{"t":"PA46"},"6801":{"desc":"L1P"},"6802":{"desc":"L1P"},"6805":{"t":"ASTR"},"6807":{"t":"B06"},"680D":{"t":"C172"},"680F":{"t":"SR22"},"6810":{"t":"C441"},"6811":{"t":"B407"},"6818":{"t":"GLF5"},"6819":{"t":"C208"},"681B":{"t":"C172"},"681C":{"desc":"L6E"},"6822":{"t":"H25B"},"6828":{"t":"B733"},"682A":{"t":"BE36"},"682E":{"desc":"L2T"},"683F":{"t":"B763"},"6842":{"t":"HUSK"},"6864":{"desc":"L1T","t":"PA46"},"6865":{"t":"ULAC"},"686F":{"desc":"L1P"},"6875":{"t":"S22T"},"687C":{"t":"M5"},"6895":{"desc":"L1P"},"68AE":{"desc":"L1P"},"68C7":{"desc":"L1P"},"68C8":{"t":"GLID"},"68C9":{"desc":"L1P"},"68CA":{"desc":"L1P"},"68CB":{"t":"C182"},"68CE":{"t":"C206"},"68CF":{"t":"M20P"},"68D1":{"t":"GC1"},"68D5":{"t":"PA22"},"68D6":{"t":"C172"},"68D7":{"t":"C172"},"68D8":{"t":"C172"},"68D9":{"t":"P28R"},"68DC":{"t":"PA32"},"68DE":{"t":"C210"},"68E5":{"t":"P32R"},"68EA":{"t":"AS50"},"68EC":{"desc":"L1J"},"68F1":{"t":"C206"},"68F2":{"t":"ERCO"},"68F6":{"t":"P28R"},"68F7":{"t":"BE35"},"68F8":{"t":"PA22"},"68F9":{"t":"P28B"},"6902":{"t":"PA18"},"6904":{"t":"P28A"},"6906":{"t":"P28A"},"6908":{"t":"P28A"},"6909":{"t":"P28A"},"690B":{"t":"J3"},"690C":{"t":"P28A"},"6911":{"t":"C182"},"6915":{"t":"M20P"},"6918":{"t":"C172"},"691D":{"t":"C172"},"691F":{"t":"P28R"},"6924":{"t":"C210"},"6925":{"t":"PA18"},"6926":{"t":"J3"},"6927":{"t":"P28A"},"6928":{"t":"J3"},"692A":{"t":"P28A"},"692C":{"t":"J3"},"6931":{"desc":"L1P","t":"ULAC"},"6934":{"t":"C182"},"6935":{"t":"PA36"},"693A":{"t":"GC1"},"693C":{"t":"PA12"},"693F":{"t":"C172"},"6941":{"t":"C172"},"6942":{"t":"M20T"},"6944":{"t":"C170"},"6945":{"t":"PA32"},"6946":{"desc":"L1P"},"6948":{"t":"PA18"},"694A":{"t":"PA32"},"694C":{"t":"J3"},"694D":{"t":"P32R"},"694E":{"t":"J3"},"6950":{"t":"J3"},"6951":{"t":"P32R"},"6954":{"t":"GLID"},"6957":{"t":"C182"},"6958":{"t":"AR11"},"695B":{"t":"ERCO"},"695C":{"t":"C150"},"695D":{"t":"GC1"},"695E":{"t":"C172"},"695F":{"t":"PA12"},"6963":{"t":"P28A"},"6965":{"t":"P28R"},"696B":{"t":"PA34"},"6972":{"t":"J3"},"6973":{"t":"J3"},"6974":{"t":"J3"},"6976":{"desc":"L1P"},"6979":{"t":"C310"},"697A":{"t":"C150"},"697B":{"t":"AR11"},"697E":{"t":"ERCO"},"697F":{"t":"C150"},"6982":{"t":"PA12"},"6983":{"t":"BE35"},"6987":{"t":"C172"},"6988":{"t":"P28R"},"6989":{"t":"C336"},"698A":{"t":"C170"},"698D":{"t":"C210"},"6995":{"t":"P28A"},"6996":{"t":"P28A"},"6999":{"t":"C140"},"699B":{"t":"BE35"},"699C":{"desc":"L2P"},"69A3":{"t":"P28A"},"69A9":{"t":"C172"},"69AA":{"t":"C172"},"69AE":{"t":"PA32"},"69B0":{"t":"C210"},"69B1":{"t":"PA18"},"69B4":{"t":"J3"},"69B7":{"t":"J3"},"69BA":{"t":"P32R"},"69BB":{"t":"J3"},"69BD":{"t":"GLID"},"69C0":{"t":"C182"},"69C1":{"t":"PA36"},"69C6":{"t":"ST75"},"69C7":{"t":"C172"},"69C8":{"t":"GLID"},"69CB":{"t":"C172"},"69CE":{"t":"P28R"},"69D1":{"t":"BE58"},"69D2":{"t":"O1"},"69D3":{"t":"C210"},"69D4":{"t":"PA18"},"69D7":{"t":"J3"},"69D8":{"t":"P28A"},"69D9":{"t":"J3"},"69DA":{"t":"J3"},"69E0":{"t":"GLID"},"69E1":{"t":"BE35"},"69E4":{"t":"PA36"},"69E6":{"t":"C206"},"69E7":{"t":"ERCO"},"69E9":{"t":"ST75"},"69EA":{"t":"C172"},"69EB":{"t":"PA12"},"69ED":{"t":"PA22"},"69EF":{"t":"C172"},"69F1":{"t":"P28R"},"69F5":{"t":"C310"},"69F7":{"t":"PA18"},"69F8":{"t":"J3"},"69FA":{"t":"P28R"},"69FC":{"t":"BE77"},"69FD":{"t":"P28S"},"6A00":{"t":"P32R"},"6A03":{"t":"GLID"},"6A07":{"t":"PA36"},"6A0B":{"t":"BE24"},"6A0C":{"t":"ST75"},"6A0D":{"t":"BE76"},"6A10":{"t":"PA22"},"6A12":{"t":"BT36"},"6A13":{"t":"BT36"},"6A15":{"t":"C336"},"6A17":{"t":"PA32"},"6A18":{"t":"C310"},"6A19":{"desc":"L1P"},"6A1A":{"t":"PA18"},"6A1F":{"t":"P28A"},"6A20":{"t":"J5"},"6A22":{"t":"BE77"},"6A24":{"t":"J5"},"6A26":{"t":"MITE"},"6A27":{"t":"B763"},"6A28":{"t":"H25B"},"6A2A":{"t":"COL4"},"6A2F":{"t":"C560"},"6A30":{"t":"AS50"},"6A32":{"t":"C421"},"6A38":{"desc":"L2T"},"6A3E":{"t":"PA18"},"6A3F":{"t":"BE95"},"6A40":{"t":"GLID"},"6A41":{"t":"GLF3"},"6A42":{"desc":"L2P"},"6A4D":{"desc":"L1T"},"6A58":{"t":"SR22"},"6A59":{"t":"DA40"},"6A5A":{"t":"BALL"},"6A5B":{"desc":"A1P","t":"PA18"},"6A5C":{"t":"ULAC"},"6A5E":{"t":"LJ35"},"6A66":{"t":"SR20"},"6A71":{"t":"P28A"},"6A72":{"t":"B738"},"6A74":{"t":"DV20"},"6A75":{"desc":"H6E"},"6A76":{"t":"SR22"},"6A78":{"desc":"L1P"},"6A7A":{"t":"E35L"},"6A7D":{"t":"DA40"},"6A7E":{"t":"A321"},"6A82":{"t":"DA40"},"6A96":{"t":"C650"},"6AA3":{"desc":"L1P"},"6AA8":{"t":"DC10"},"6AB3":{"desc":"L2J","t":"A20N"},"6AB9":{"t":"E55P"},"6ABB":{"t":"ULAC"},"6ABC":{"t":"P28A"},"6AC0":{"t":"B350"},"6ACD":{"t":"DA42"},"6AD3":{"t":"ULAC"},"6AD6":{"t":"A332"},"6AD7":{"desc":"L1P","t":"ULAC"},"6AE3":{"t":"P32R"},"6AE5":{"t":"R44"},"6AE6":{"t":"P28A"},"6AF8":{"t":"GALX"},"6AFC":{"desc":"L1P"},"6B03":{"t":"LJ60"},"6B0E":{"t":"BALL"},"6B34":{"t":"AA5"},"6B39":{"t":"B06"},"6B3A":{"desc":"L2P"},"6B3C":{"t":"C172"},"6B3D":{"t":"A139"},"6B3E":{"t":"C172"},"6B44":{"t":"B407"},"6B47":{"t":"CL60"},"6B56":{"t":"P28R"},"6B63":{"desc":"L1P"},"6B6B":{"t":"AS50"},"6B6C":{"t":"JS31"},"6B6D":{"t":"FA20"},"6B6E":{"t":"PC12"},"6B73":{"t":"EC35"},"6B84":{"t":"BE55"},"6B9E":{"desc":"L1P"},"6BA0":{"t":"PA18"},"6BB1":{"desc":"L1P"},"6BB5":{"desc":"H6E"},"6BB7":{"desc":"L1P"},"6BB9":{"desc":"L1P","t":"ULAC"},"6BBE":{"t":"C56X"},"6BC6":{"t":"SR22"},"6BD0":{"t":"C208"},"6BD2":{"t":"EA50"},"6BD5":{"desc":"H1T"},"6BDA":{"t":"NAVI"},"6BDB":{"desc":"L1P"},"6C0F":{"desc":"L2T","t":"P68"},"6C1A":{"t":"S22T"},"6C1B":{"t":"MD11"},"6C20":{"desc":"L1P"},"6C28":{"desc":"L1P"},"6C2B":{"t":"S22T"},"6C33":{"t":"M5"},"6C82":{"t":"C182"},"6C85":{"desc":"A1P"},"6C86":{"t":"M20P"},"6C88":{"t":"ST75"},"6C89":{"t":"C172"},"6C8A":{"t":"PA12"},"6C8B":{"t":"M20P"},"6C8C":{"t":"PA22"},"6C91":{"t":"BE36"},"6C95":{"t":"BT36"},"6C96":{"t":"PA18"},"6C99":{"t":"J5"},"6C9A":{"t":"B739"},"6C9C":{"t":"J5"},"6C9F":{"t":"J5"},"6CA0":{"t":"P28A"},"6CA1":{"t":"GLID"},"6CA8":{"t":"T206"},"6CAB":{"t":"GC1"},"6CAC":{"t":"C172"},"6CB3":{"t":"BE23"},"6CB6":{"t":"PA32"},"6CB7":{"t":"C310"},"6CB9":{"t":"PA18"},"6CBB":{"t":"P28A"},"6CBC":{"t":"P28A"},"6CBF":{"t":"J5"},"6CC1":{"t":"B739"},"6CC2":{"t":"J5"},"6CC4":{"t":"EC35"},"6CC5":{"t":"GLID"},"6CC8":{"t":"EN28"},"6CCC":{"desc":"L1J"},"6CCE":{"t":"GC1"},"6CCF":{"t":"C172"},"6CD0":{"t":"PA12"},"6CD2":{"t":"PA22"},"6CD5":{"t":"C172"},"6CD7":{"t":"BE36"},"6CD8":{"t":"C172"},"6CD9":{"t":"PA32"},"6CDB":{"t":"BT36"},"6CDC":{"t":"PA18"},"6CDD":{"t":"J5"},"6CDE":{"t":"P28A"},"6CDF":{"t":"J5"},"6CE1":{"t":"B739"},"6CE2":{"t":"J5"},"6CE3":{"desc":"L1P"},"6CE9":{"t":"BE35"},"6CEB":{"t":"C182"},"6CEC":{"t":"AR11"},"6CEE":{"t":"C206"},"6CF0":{"t":"C150"},"6CF3":{"t":"PA12"},"6CF4":{"t":"BE35"},"6CF7":{"t":"C172"},"6CF8":{"t":"B58T"},"6CFB":{"t":"C170"},"6CFC":{"t":"PA32"},"6D00":{"t":"P32R"},"6D03":{"t":"P28A"},"6D04":{"t":"P28A"},"6D06":{"t":"J3"},"6D07":{"t":"J3"},"6D08":{"t":"J3"},"6D09":{"t":"J3"},"6D0A":{"desc":"L1P"},"6D0D":{"t":"C310"},"6D0F":{"desc":"L1J"},"6D11":{"t":"BE36"},"6D12":{"t":"M20P"},"6D14":{"t":"P28A"},"6D16":{"t":"P32T"},"6D17":{"t":"M20P"},"6D19":{"t":"C172"},"6D20":{"desc":"S1P","t":"AR11"},"6D21":{"t":"C210"},"6D23":{"t":"P28S"},"6D26":{"t":"B739"},"6D27":{"t":"P28S"},"6D29":{"t":"B739"},"6D2B":{"t":"P32R"},"6D2C":{"t":"J3"},"6D31":{"t":"C182"},"6D37":{"desc":"L1P"},"6D38":{"t":"BE55"},"6D3C":{"t":"C172"},"6D3F":{"t":"P28R"},"6D41":{"desc":"G1P","t":"GYRO"},"6D43":{"t":"C310"},"6D44":{"t":"C210"},"6D45":{"t":"PA18"},"6D46":{"t":"J3"},"6D47":{"t":"B739"},"6D48":{"t":"J3"},"6D49":{"desc":"L1J"},"6D4A":{"t":"B739"},"6D4B":{"t":"PA34"},"6D4C":{"t":"J3"},"6D4D":{"t":"P28R"},"6D4E":{"t":"B739"},"6D4F":{"t":"B739"},"6D50":{"t":"P28R"},"6D51":{"t":"GLID"},"6D53":{"desc":"L2P"},"6D54":{"t":"C182"},"6D58":{"t":"M20P"},"6D5A":{"t":"GC1"},"6D5B":{"t":"C172"},"6D5C":{"t":"PA12"},"6D60":{"t":"C172"},"6D63":{"t":"BE77"},"6D64":{"t":"C170"},"6D6B":{"t":"BE77"},"6D6D":{"t":"J3"},"6D70":{"t":"B739"},"6D71":{"t":"P28S"},"6D72":{"t":"P28B"},"6D75":{"t":"BE35"},"6D77":{"t":"C182"},"6D7C":{"t":"C150"},"6D7D":{"t":"GC1"},"6D7F":{"t":"PA12"},"6D81":{"t":"PA22"},"6D85":{"t":"P28R"},"6D89":{"t":"BE35"},"6D8A":{"t":"C210"},"6D8C":{"t":"J3"},"6D8F":{"t":"B739"},"6D91":{"t":"J3"},"6D92":{"t":"P32R"},"6D93":{"t":"P28A"},"6D94":{"t":"P28A"},"6D95":{"t":"B739"},"6D97":{"t":"GLID"},"6D98":{"t":"BE35"},"6D9A":{"desc":"L1P"},"6D9B":{"t":"AR11"},"6DA1":{"t":"C172"},"6DA2":{"t":"PA12"},"6DA3":{"t":"BE36"},"6DA5":{"t":"C172"},"6DA6":{"t":"C172"},"6DA8":{"t":"P28R"},"6DAA":{"desc":"L1P","t":"ULAC"},"6DAD":{"t":"B58T"},"6DAE":{"t":"PA18"},"6DAF":{"t":"P28A"},"6DB2":{"t":"P28A"},"6DB3":{"t":"J3"},"6DB4":{"t":"P28S"},"6DB5":{"t":"P28S"},"6DBA":{"desc":"L1P","t":"ULAC"},"6DBD":{"t":"C182"},"6DC1":{"t":"ERCO"},"6DC2":{"t":"C150"},"6DC3":{"t":"GC1"},"6DC8":{"t":"C172"},"6DC9":{"t":"C172"},"6DCC":{"t":"C336"},"6DCD":{"t":"C170"},"6DCF":{"t":"BE36"},"6DD1":{"t":"PA18"},"6DD3":{"t":"J3"},"6DD4":{"t":"P28A"},"6DD5":{"t":"J3"},"6DD6":{"t":"P28A"},"6DD7":{"t":"P28S"},"6DDA":{"t":"J5"},"6DDD":{"t":"M20P"},"6DE0":{"desc":"A2T"},"6DE3":{"desc":"L2J"},"6DE4":{"desc":"H8E"},"6DE7":{"t":"AS50"},"6DE9":{"t":"B763"},"6DED":{"desc":"H1P"},"6DEE":{"desc":"L1P"},"6DEF":{"desc":"L2T"},"6DF9":{"t":"BL8"},"6DFC":{"t":"PTS2"},"6E0A":{"desc":"L1P"},"6E0F":{"t":"SR22"},"6E10":{"t":"C402"},"6E16":{"desc":"L2P"},"6E17":{"t":"C172"},"6E1D":{"t":"SR20"},"6E20":{"t":"T206"},"6E21":{"t":"CL60"},"6E28":{"t":"P28A"},"6E2B":{"t":"C172"},"6E34":{"t":"FDCT"},"6E35":{"t":"B738"},"6E39":{"t":"DA40"},"6E3C":{"desc":"L1T"},"6E40":{"t":"A321"},"6E42":{"t":"BL8"},"6E47":{"desc":"L2T"},"6E5A":{"desc":"L2J"},"6E5E":{"t":"F900"},"6E5F":{"t":"DC10"},"6E6A":{"desc":"L2J","t":"A20N"},"6E70":{"t":"E55P"},"6E73":{"desc":"A1P"},"6E81":{"t":"GLF4"},"6E8C":{"t":"B350"},"6E8D":{"t":"A332"},"6E9A":{"t":"P32R"},"6EA7":{"t":"C310"},"6EA8":{"desc":"H1P"},"6EB0":{"desc":"L1P"},"6EBE":{"desc":"L1P"},"6EC1":{"t":"P46T"},"6EC9":{"t":"C172"},"6ED7":{"t":"DA42"},"6ED8":{"t":"AT8T"},"6EF1":{"t":"C182"},"6EF4":{"t":"A139"},"6EF8":{"t":"LJ45"},"6EFC":{"desc":"L1T"},"6EFF":{"desc":"L2T"},"6F00":{"desc":"L1P","t":"ULAC"},"6F0A":{"desc":"L1P"},"6F19":{"desc":"L1P","t":"ULAC"},"6F25":{"desc":"L1P"},"6F26":{"t":"GLF4"},"6F2A":{"t":"EC35"},"6F32":{"desc":"L1P","t":"ULAC"},"6F34":{"t":"S22T"},"6F3B":{"desc":"A1P"},"6F4C":{"t":"C680"},"6F54":{"t":"PA46"},"6F56":{"t":"C182"},"6F57":{"t":"LJ55"},"6F5F":{"t":"B06"},"6F60":{"t":"PA31"},"6F62":{"desc":"L1P"},"6F64":{"desc":"L1P","t":"ULAC"},"6F65":{"desc":"L2T"},"6F6E":{"t":"SIRA"},"6F70":{"t":"PA18"},"6F72":{"t":"C152"},"6F75":{"t":"C56X"},"6F7B":{"t":"C188"},"6F7D":{"t":"SR22"},"6F80":{"t":"ULAC"},"6F83":{"desc":"L1P"},"6F86":{"desc":"L1P"},"6F87":{"t":"H269"},"6F89":{"t":"C82S"},"6F8A":{"t":"T210"},"6F8B":{"desc":"L1P"},"6F94":{"t":"ULAC"},"6F9B":{"desc":"L1P"},"6FB7":{"t":"ULAC"},"6FD1":{"desc":"L1P"},"6FD3":{"t":"PC12"},"6FDB":{"t":"PA27"},"6FDC":{"t":"GLF5"},"6FE9":{"t":"ULAC"},"6FEA":{"t":"M5"},"902D":{"desc":"L1P"},"904A":{"t":"C182"},"9050":{"t":"P28A"},"9051":{"desc":"L1P"},"9054":{"t":"PA22"},"9056":{"t":"P28A"},"9057":{"t":"C172"},"905B":{"t":"PA32"},"905C":{"t":"PA34"},"905F":{"desc":"A1P"},"9062":{"desc":"L1P"},"9065":{"t":"AR11"},"9068":{"t":"AR11"},"906A":{"t":"AS50"},"906D":{"t":"C182"},"906E":{"t":"AR11"},"906F":{"t":"C172"},"9074":{"t":"C172"},"9075":{"t":"PA12"},"9079":{"t":"T6"},"907B":{"t":"P28R"},"907F":{"desc":"L1P"},"9080":{"t":"T6"},"9083":{"t":"T6"},"9085":{"t":"T6"},"9089":{"t":"AR11"},"908D":{"t":"T34P"},"9090":{"desc":"L1P"},"9092":{"t":"ST75"},"9097":{"t":"C172"},"9099":{"t":"BE35"},"909A":{"t":"PA22"},"909B":{"t":"C172"},"909E":{"t":"P28R"},"90A4":{"t":"PA18"},"90AC":{"t":"AR11"},"90B0":{"t":"AS50"},"90B4":{"t":"AR11"},"90B7":{"t":"M20P"},"90BB":{"t":"PA12"},"90C0":{"t":"C172"},"90C4":{"t":"PA32"},"90C5":{"t":"P28R"},"90C7":{"t":"PA18"},"90CA":{"t":"ST75"},"90D3":{"t":"AS50"},"90D4":{"t":"C180"},"90D8":{"t":"C172"},"90DA":{"desc":"L1P"},"90DC":{"t":"P28A"},"90DD":{"t":"C172"},"90DF":{"t":"BE35"},"90E1":{"t":"C172"},"90E6":{"t":"C170"},"90E7":{"t":"PA32"},"90EA":{"t":"PA18"},"90ED":{"t":"AR11"},"90F3":{"t":"AR11"},"90F6":{"t":"AS50"},"90F9":{"t":"C182"},"90FA":{"t":"AR11"},"90FE":{"t":"C150"},"90FF":{"t":"P28A"},"9101":{"t":"PA12"},"9102":{"t":"BE35"},"9104":{"t":"C172"},"9105":{"t":"C172"},"9106":{"t":"C172"},"9108":{"t":"C150"},"9109":{"t":"ULAC"},"910A":{"t":"PA32"},"910C":{"desc":"L1T","t":"PA46"},"9114":{"t":"B763"},"9119":{"desc":"A2P"},"911E":{"t":"C172"},"911F":{"t":"C340"},"9123":{"t":"C172"},"9124":{"t":"P28A"},"9126":{"t":"PA22"},"9128":{"t":"C172"},"912A":{"t":"P28R"},"912B":{"t":"C150"},"912C":{"t":"C150"},"9133":{"desc":"A1P"},"9135":{"t":"B763"},"9136":{"t":"B763"},"9138":{"t":"B763"},"913C":{"t":"AS50"},"9144":{"t":"C150"},"9147":{"t":"PA12"},"9150":{"t":"PA32"},"9153":{"t":"PA18"},"9158":{"t":"AR11"},"915C":{"desc":"L1P"},"915F":{"t":"AS50"},"9161":{"desc":"L1P"},"9165":{"t":"C340"},"9167":{"t":"C150"},"9168":{"t":"P28A"},"916B":{"t":"M20P"},"916C":{"t":"PA22"},"916D":{"t":"C172"},"916E":{"t":"C172"},"9171":{"t":"C150"},"9173":{"t":"PA32"},"9176":{"t":"PA18"},"917E":{"desc":"A1P"},"9182":{"t":"AS50"},"9185":{"t":"C182"},"9188":{"t":"T206"},"9189":{"t":"ERCO"},"918A":{"t":"C150"},"918B":{"t":"P28A"},"918C":{"desc":"L1J"},"918D":{"t":"PA12"},"9191":{"t":"P28A"},"9192":{"t":"C172"},"9195":{"t":"C150"},"9197":{"t":"P28A"},"9199":{"t":"PA18"},"919F":{"t":"AR11"},"91A1":{"t":"AR11"},"91A4":{"desc":"L1P","t":"ULAC"},"91A6":{"t":"HUSK"},"91A8":{"desc":"L1P"},"91AC":{"desc":"L2J"},"91AF":{"t":"GLF4"},"91B0":{"t":"BE9L"},"91B1":{"desc":"L1P","t":"ULAC"},"91B2":{"t":"B763"},"91B7":{"t":"ULAC"},"91BE":{"t":"CL30"},"91BF":{"t":"GLID"},"91C0":{"t":"C56X"},"91C7":{"desc":"L1P"},"91D7":{"t":"S108"},"91D9":{"t":"BALL"},"91DA":{"t":"SR20"},"91E1":{"t":"B350"},"91E3":{"t":"C510"},"91E4":{"desc":"L1P"},"91E5":{"t":"SR22"},"91EB":{"t":"C182"},"91F0":{"t":"P28A"},"91F1":{"t":"B738"},"91F3":{"t":"J328"},"91FB":{"t":"B763"},"91FC":{"desc":"L1P","t":"ULAC"},"9201":{"t":"P28A"},"9206":{"t":"A321"},"920A":{"t":"BE36"},"921D":{"t":"BALL"},"921E":{"t":"TBM7"},"9224":{"desc":"L1P"},"9227":{"t":"DC10"},"9232":{"desc":"L2J","t":"A20N"},"9238":{"t":"E55P"},"923C":{"t":"C525"},"9246":{"desc":"L1P"},"924D":{"desc":"L1P"},"925C":{"t":"GL5T"},"9262":{"t":"P32R"},"9279":{"t":"SR22"},"9282":{"desc":"L1P"},"9296":{"desc":"L2P"},"92A0":{"t":"AT5T"},"92A4":{"t":"P32R"},"92B8":{"t":"UH1"},"92B9":{"t":"C240"},"92BA":{"desc":"H1T","t":"B505"},"92BB":{"t":"BE55"},"92C2":{"t":"SR22"},"92C4":{"t":"PA46"},"92D2":{"t":"T6"},"92E2":{"desc":"H1T"},"92EA":{"t":"AS50"},"92F6":{"t":"SR22"},"92FF":{"desc":"L1P"},"9303":{"t":"T210"},"9314":{"t":"E55P"},"931D":{"t":"C210"},"931E":{"t":"BL8"},"9327":{"t":"BL8"},"9331":{"t":"TBM7"},"9338":{"t":"ULAC"},"933A":{"t":"PA46"},"933B":{"t":"C208"},"933E":{"t":"SR22"},"9341":{"t":"C208"},"9342":{"desc":"L1P"},"9343":{"t":"C172"},"9347":{"desc":"L1P"},"934E":{"t":"BE55"},"935A":{"t":"AT6T"},"935E":{"t":"GLF4"},"9363":{"desc":"L1P"},"9375":{"t":"B763"},"9380":{"desc":"L1P","t":"ULAC"},"939A":{"t":"L39"},"939B":{"desc":"L1P"},"939D":{"desc":"L1P"},"939F":{"t":"ULAC"},"93A2":{"t":"GLEX"},"93A5":{"desc":"H4E"},"93AB":{"t":"SR22"},"93AE":{"desc":"L1P"},"93B2":{"t":"M5"},"93E5":{"t":"L39"},"93FE":{"t":"AS50"},"9406":{"t":"C150"},"9407":{"t":"P28A"},"9408":{"t":"C172"},"9409":{"t":"P28A"},"940C":{"t":"C172"},"940E":{"t":"C172"},"9410":{"t":"C150"},"9411":{"t":"C150"},"9412":{"t":"ULAC"},"9415":{"t":"PA18"},"9417":{"desc":"L2P"},"9419":{"t":"T6"},"9424":{"t":"C182"},"9425":{"t":"AR11"},"9428":{"t":"M20P"},"942A":{"t":"P28A"},"942C":{"t":"PA12"},"942D":{"t":"BE35"},"9430":{"t":"C172"},"9436":{"t":"PA32"},"9437":{"desc":"L1P"},"943E":{"t":"B739"},"943F":{"t":"B739"},"9441":{"t":"B739"},"9444":{"t":"RV12"},"9448":{"t":"AR11"},"9449":{"t":"C172"},"944E":{"t":"C172"},"944F":{"t":"PA12"},"9450":{"t":"M20P"},"9452":{"t":"C172"},"9453":{"t":"C172"},"9454":{"t":"C172"},"9455":{"t":"P28R"},"9457":{"t":"C170"},"9458":{"t":"PA32"},"945A":{"t":"C210"},"945B":{"t":"PA18"},"945C":{"t":"C172"},"945E":{"t":"S10"},"945F":{"t":"B739"},"9461":{"desc":"L1P"},"9463":{"t":"S10"},"9467":{"t":"GLID"},"946A":{"t":"C182"},"946E":{"t":"ERCO"},"9473":{"t":"BE35"},"9474":{"desc":"L1P"},"947A":{"t":"C170"},"947B":{"t":"PA32"},"947C":{"t":"P28R"},"947D":{"t":"C210"},"9485":{"desc":"L1P"},"9489":{"t":"C172"},"948A":{"t":"AS50"},"948F":{"t":"P28A"},"9493":{"t":"P28A"},"9495":{"t":"PA12"},"9498":{"t":"C172"},"9499":{"t":"C172"},"949A":{"desc":"L1P"},"949E":{"t":"PA32"},"949F":{"t":"P28R"},"94A0":{"t":"C210"},"94A1":{"t":"PA18"},"94A2":{"t":"S10"},"94AB":{"desc":"L1P"},"94AC":{"desc":"L1P"},"94B0":{"t":"C182"},"94B1":{"t":"PA36"},"94B2":{"t":"P28A"},"94B5":{"t":"C150"},"94B6":{"t":"P28A"},"94B7":{"t":"C172"},"94BA":{"t":"PA22"},"94BC":{"t":"P28A"},"94BD":{"t":"C172"},"94C2":{"t":"PA32"},"94C5":{"t":"B739"},"94CB":{"t":"P28A"},"94CC":{"t":"P28R"},"94CE":{"t":"P32T"},"94CF":{"t":"ST75"},"94D0":{"t":"AS50"},"94D4":{"t":"AR11"},"94D5":{"t":"C172"},"94D9":{"desc":"L1P"},"94DB":{"t":"PA46"},"94DE":{"t":"C185"},"94E0":{"t":"C172"},"94E1":{"t":"P28R"},"94E6":{"t":"C210"},"94E9":{"t":"B739"},"94EB":{"t":"B739"},"94EC":{"t":"P32T"},"94EE":{"t":"PA34"},"94F3":{"t":"AS50"},"94F5":{"t":"H269"},"94F6":{"t":"C182"},"94F8":{"t":"C172"},"9500":{"t":"PA22"},"9501":{"desc":"L1P"},"9502":{"t":"C172"},"9503":{"t":"J3"},"9506":{"t":"C170"},"9509":{"t":"C210"},"950A":{"t":"PA18"},"950B":{"t":"S108"},"950D":{"t":"P28A"},"950F":{"t":"BE19"},"9510":{"t":"B739"},"9511":{"t":"P28S"},"9512":{"t":"P28S"},"9513":{"t":"P32T"},"9514":{"t":"P32T"},"9515":{"desc":"L1P"},"951D":{"t":"ERCO"},"951F":{"t":"P28A"},"9523":{"t":"PA22"},"9524":{"t":"C172"},"9526":{"t":"C172"},"9527":{"t":"P28R"},"9528":{"t":"C150"},"9529":{"t":"C170"},"952C":{"t":"C210"},"952D":{"t":"PA18"},"9533":{"t":"S10"},"9537":{"t":"P32T"},"9538":{"desc":"L1P"},"9539":{"t":"AS50"},"953D":{"t":"AR11"},"953E":{"t":"C172"},"9544":{"t":"P28S"},"9546":{"t":"PA22"},"9547":{"t":"C172"},"9548":{"t":"C172"},"9549":{"t":"C172"},"954C":{"t":"C170"},"954D":{"t":"PA31"},"954E":{"t":"P28R"},"9550":{"t":"PA18"},"9557":{"t":"P28A"},"9559":{"t":"S108"},"955C":{"t":"BALL"},"955D":{"t":"B350"},"955E":{"t":"BE9L"},"955F":{"t":"BL8"},"9561":{"t":"B06"},"9568":{"t":"BE20"},"9569":{"t":"B763"},"956E":{"desc":"A1P"},"9570":{"t":"B350"},"9578":{"t":"LJ45"},"958F":{"t":"PAY2"},"9590":{"t":"BALL"},"9591":{"t":"PA18"},"9592":{"t":"SR22"},"9593":{"t":"R44"},"9594":{"t":"B350"},"959A":{"t":"B763"},"959C":{"t":"SR22"},"95A2":{"t":"C182"},"95A7":{"t":"P28A"},"95AA":{"t":"J328"},"95AE":{"desc":"L1P"},"95B4":{"t":"B738"},"95B7":{"t":"PAY3"},"95BF":{"t":"A321"},"95D3":{"t":"BE36"},"95DE":{"t":"DC10"},"95E9":{"desc":"L2J","t":"A20N"},"95EF":{"t":"E55P"},"960B":{"desc":"L1P"},"960C":{"t":"A332"},"960E":{"desc":"L1P"},"9610":{"t":"FA50"},"9619":{"t":"P32R"},"9623":{"desc":"L1P"},"9625":{"t":"DV20"},"962D":{"t":"PA34"},"9632":{"t":"DA40"},"963D":{"desc":"L1P"},"963E":{"t":"BE20"},"9644":{"t":"PA34"},"9657":{"t":"P28A"},"9659":{"t":"P180"},"965F":{"t":"LJ31"},"9662":{"t":"SR22"},"966F":{"t":"UH1"},"9670":{"t":"P28B"},"9671":{"t":"B350"},"9674":{"t":"T206"},"9679":{"t":"L39"},"967F":{"t":"M20P"},"9680":{"desc":"L2J"},"9681":{"t":"P28A"},"9699":{"desc":"H1T"},"96A4":{"t":"PC12"},"96AD":{"t":"PA46"},"96CB":{"t":"E55P"},"96D6":{"t":"B350"},"96E7":{"desc":"L1T"},"96E8":{"desc":"L1P"},"96EB":{"desc":"H6E"},"96ED":{"t":"BE36"},"96EE":{"t":"SR20"},"96EF":{"desc":"H1P"},"96F0":{"t":"UH1"},"96F1":{"desc":"L1P"},"96F8":{"t":"P46T"},"96FA":{"t":"C172"},"96FD":{"t":"P180"},"96FE":{"t":"C182"},"9705":{"t":"BL8"},"9708":{"t":"AC11"},"970C":{"t":"B350"},"970D":{"t":"C172"},"971A":{"desc":"L1P"},"971B":{"desc":"L1P","t":"ULAC"},"972C":{"t":"B763"},"9750":{"t":"PC12"},"9752":{"t":"LJ45"},"9759":{"t":"C56X"},"975C":{"desc":"L1P"},"9760":{"t":"P51"},"9769":{"t":"M5"},"979B":{"t":"BE35"},"979C":{"t":"L39"},"97B5":{"t":"GLID"},"97B6":{"t":"GLID"},"97BA":{"t":"C172"},"97BC":{"t":"ERCO"},"97BE":{"t":"P28A"},"97C0":{"t":"PA32"},"97C1":{"t":"ULAC"},"97C3":{"t":"C172"},"97C4":{"t":"C172"},"97C5":{"t":"C172"},"97C6":{"t":"P28R"},"97C8":{"t":"C170"},"97C9":{"t":"PA32"},"97CB":{"t":"C210"},"97CD":{"t":"P28B"},"97CE":{"t":"T206"},"97D0":{"t":"P32T"},"97D3":{"t":"P32T"},"97D8":{"t":"AS50"},"97DC":{"t":"AR11"},"97DE":{"desc":"L2J"},"97E0":{"t":"C150"},"97E5":{"t":"PA22"},"97E6":{"t":"C172"},"97E9":{"t":"P28R"},"97EA":{"t":"B47G"},"97EB":{"t":"C170"},"97EC":{"t":"PA32"},"97ED":{"t":"PA34"},"97EE":{"t":"C210"},"97F2":{"t":"P28A"},"97F3":{"t":"P28R"},"97F5":{"t":"AR11"},"97F7":{"t":"P32T"},"97FB":{"t":"BE35"},"9800":{"t":"P28A"},"9803":{"t":"C150"},"9804":{"t":"P28A"},"9806":{"t":"P32T"},"9809":{"t":"C172"},"980A":{"t":"P28A"},"980B":{"t":"C172"},"980C":{"t":"P28R"},"980E":{"t":"M7"},"980F":{"t":"PA32"},"9812":{"t":"PA18"},"9815":{"t":"PA34"},"9818":{"t":"P32T"},"9819":{"t":"P32T"},"981A":{"t":"P32T"},"981B":{"t":"AR11"},"981E":{"t":"AS50"},"981F":{"t":"ST75"},"9823":{"t":"C172"},"9826":{"t":"C150"},"9827":{"t":"P28A"},"982B":{"t":"C185"},"982C":{"t":"C185"},"982E":{"t":"C172"},"982F":{"t":"P28R"},"9832":{"desc":"L1P"},"9835":{"t":"PA18"},"9836":{"t":"PA34"},"983B":{"t":"P28R"},"983F":{"t":"P32T"},"9841":{"t":"BE33"},"9845":{"t":"AR11"},"9846":{"t":"C172"},"9849":{"t":"C150"},"984D":{"t":"BE35"},"984E":{"t":"PA22"},"9850":{"t":"P28A"},"9851":{"t":"C172"},"9853":{"t":"C150"},"9854":{"t":"C170"},"9856":{"t":"P28A"},"9857":{"t":"C210"},"9858":{"t":"PA18"},"9859":{"t":"P32T"},"985A":{"t":"P32T"},"985F":{"t":"P28A"},"9860":{"t":"P28R"},"9862":{"t":"AR11"},"9863":{"desc":"H1J"},"9865":{"t":"ST75"},"9866":{"t":"GLID"},"9868":{"t":"AR11"},"9869":{"t":"C172"},"986C":{"t":"C150"},"986E":{"t":"C172"},"9871":{"t":"PA22"},"9874":{"t":"C172"},"9879":{"t":"P28A"},"987B":{"t":"PA18"},"987D":{"t":"P32T"},"987E":{"t":"AR11"},"987F":{"t":"P32T"},"9884":{"desc":"L1P"},"9886":{"desc":"L1P"},"9887":{"desc":"L1P"},"9888":{"t":"ST75"},"988A":{"t":"C182"},"988F":{"t":"C150"},"9891":{"t":"C172"},"9892":{"t":"P28A"},"9894":{"t":"PA22"},"9896":{"t":"P28A"},"9897":{"t":"C172"},"989C":{"t":"P28R"},"989D":{"t":"C210"},"98A2":{"t":"AR11"},"98A4":{"t":"AR11"},"98A7":{"t":"P28S"},"98A8":{"t":"PA32"},"98AA":{"t":"BE35"},"98AE":{"t":"PA36"},"98AF":{"t":"P28R"},"98B5":{"t":"PA12"},"98B8":{"t":"C172"},"98B9":{"t":"P28A"},"98BA":{"t":"C172"},"98BE":{"t":"PA32"},"98C0":{"t":"C210"},"98C1":{"t":"PA18"},"98C6":{"t":"AR11"},"98C7":{"t":"AR11"},"98C9":{"t":"P32T"},"98CC":{"t":"T6"},"98CD":{"t":"BE35"},"98D1":{"t":"PA36"},"98D2":{"t":"C172"},"98D4":{"t":"ERCO"},"98D6":{"t":"P28A"},"98D7":{"t":"C172"},"98DA":{"t":"PA22"},"98DB":{"t":"C172"},"98DE":{"t":"P28R"},"98E0":{"t":"C170"},"98E4":{"t":"PA18"},"98E5":{"t":"AR11"},"98F3":{"t":"C182"},"98F6":{"t":"C340"},"98F8":{"t":"C150"},"98FA":{"t":"C172"},"98FC":{"t":"BE35"},"98FF":{"t":"P28A"},"9900":{"t":"C172"},"9901":{"t":"P28R"},"9905":{"t":"P28A"},"9906":{"t":"C210"},"9907":{"t":"PA18"},"990A":{"t":"PA34"},"990C":{"t":"PA34"},"990E":{"t":"AR11"},"9911":{"t":"AR11"},"9916":{"t":"BL8"},"9919":{"t":"BE9L"},"991A":{"t":"P28A"},"991F":{"t":"HUSK"},"9920":{"t":"B763"},"9929":{"t":"B763"},"992C":{"t":"BT36"},"992D":{"desc":"A1P","t":"ULAC"},"992E":{"t":"C680"},"992F":{"t":"CL30"},"9933":{"t":"CH7B"},"9946":{"t":"P212"},"9947":{"desc":"A1P"},"9948":{"desc":"L1P"},"994F":{"t":"FA20"},"9951":{"t":"B763"},"9953":{"t":"H269"},"9957":{"t":"PAY3"},"9959":{"t":"C182"},"995A":{"desc":"L1P"},"995F":{"t":"B738"},"9964":{"desc":"L1P","t":"ULAC"},"996A":{"t":"C510"},"996B":{"t":"A321"},"996F":{"desc":"L1P"},"9973":{"t":"C56X"},"9990":{"desc":"H1P"},"9995":{"t":"DC10"},"99A0":{"desc":"L2J","t":"A20N"},"99A1":{"t":"BE9L"},"99A5":{"t":"PAY3"},"99A6":{"t":"E55P"},"99A9":{"t":"P28A"},"99AC":{"desc":"L1P"},"99B6":{"desc":"G1P"},"99BB":{"desc":"L1P"},"99C3":{"t":"A332"},"99D2":{"t":"C240"},"99DC":{"t":"DV20"},"99DD":{"desc":"L1P"},"99DE":{"desc":"L1P","t":"ULAC"},"99DF":{"desc":"L1P"},"99E3":{"t":"PAY2"},"99EB":{"t":"FA50"},"99F0":{"desc":"L1P"},"99F8":{"desc":"L1P","t":"ULAC"},"9A00":{"t":"CL60"},"9A0E":{"t":"AT8T"},"9A10":{"desc":"L1P"},"9A14":{"t":"AS50"},"9A16":{"t":"PA18"},"9A29":{"t":"C82S"},"9A2C":{"t":"BE20"},"9A2E":{"desc":"L1P"},"9A3B":{"desc":"L1P","t":"ULAC"},"9A3F":{"desc":"L1P","t":"ULAC"},"9A50":{"t":"GLF4"},"9A59":{"desc":"H6E"},"9A5B":{"desc":"L1P"},"9A64":{"t":"BE35"},"9A82":{"t":"C680"},"9A8C":{"desc":"L1P","t":"ULAC"},"9A95":{"t":"B06"},"9A98":{"t":"BE36"},"9A9E":{"desc":"L1P"},"9AA3":{"desc":"G1P"},"9AA6":{"t":"ULAC"},"9AAD":{"t":"C172"},"9AB1":{"t":"C172"},"9AB4":{"desc":"L1P"},"9ABC":{"desc":"L1P"},"9ABD":{"t":"C172"},"9ABF":{"t":"C180"},"9ACE":{"t":"GLID"},"9AD5":{"t":"GLF4"},"9AE3":{"t":"B763"},"9B07":{"desc":"L1P"},"9B09":{"t":"BALL"},"9B13":{"desc":"L1J"},"9B19":{"desc":"H1T"},"9B6B":{"t":"WACO"},"9B6E":{"desc":"A1P"},"9B6F":{"t":"B738"},"9B71":{"t":"C172"},"9B72":{"t":"C340"},"9B75":{"t":"P28A"},"9B77":{"t":"PA12"},"9B7A":{"t":"C172"},"9B7B":{"t":"P28A"},"9B7D":{"t":"P28R"},"9B7E":{"t":"C150"},"9B80":{"t":"PA32"},"9B82":{"t":"C210"},"9B84":{"t":"PA32"},"9B85":{"desc":"L1P"},"9B87":{"t":"P32T"},"9B88":{"desc":"L1P"},"9B89":{"t":"PA34"},"9B8A":{"desc":"L1P"},"9B8D":{"t":"P28A"},"9B8E":{"desc":"L1P"},"9B90":{"desc":"L1P"},"9B94":{"t":"C172"},"9B99":{"t":"C172"},"9B9A":{"t":"P28A"},"9B9C":{"t":"PA22"},"9B9E":{"t":"P28A"},"9BA0":{"t":"P28R"},"9BA1":{"t":"C150"},"9BA2":{"t":"C150"},"9BA5":{"t":"C210"},"9BA7":{"t":"P28A"},"9BA8":{"t":"P28S"},"9BAA":{"t":"PA32"},"9BAB":{"desc":"L1P"},"9BAE":{"desc":"L1P"},"9BB0":{"t":"P32T"},"9BB5":{"t":"C182"},"9BB8":{"t":"T206"},"9BBA":{"t":"C150"},"9BBB":{"t":"P28A"},"9BC0":{"t":"C172"},"9BC1":{"t":"P28A"},"9BC3":{"t":"P28R"},"9BC5":{"t":"C170"},"9BC7":{"t":"PA34"},"9BCB":{"t":"PA44"},"9BCC":{"desc":"L1P"},"9BCD":{"desc":"L1P"},"9BD0":{"t":"PA32"},"9BD4":{"t":"WACO"},"9BD5":{"t":"CH7A"},"9BD7":{"t":"C208"},"9BD8":{"t":"C182"},"9BDB":{"t":"C340"},"9BDC":{"t":"M20P"},"9BDF":{"t":"C172"},"9BE5":{"t":"C172"},"9BE8":{"t":"C170"},"9BEC":{"t":"PA18"},"9BEF":{"t":"CH7A"},"9BF0":{"t":"P28A"},"9BF1":{"t":"AR11"},"9BF6":{"t":"P32T"},"9BF7":{"t":"GLID"},"9BFC":{"desc":"L1P"},"9BFD":{"t":"C172"},"9C02":{"t":"C172"},"9C04":{"t":"M20P"},"9C05":{"t":"PA22"},"9C07":{"t":"P28A"},"9C08":{"t":"C172"},"9C09":{"t":"P28R"},"9C0C":{"desc":"L1P"},"9C12":{"t":"CH7A"},"9C16":{"t":"P28S"},"9C17":{"t":"P32T"},"9C1E":{"desc":"L1P"},"9C20":{"t":"C172"},"9C28":{"t":"PA22"},"9C2A":{"t":"P28A"},"9C2B":{"t":"C172"},"9C2C":{"t":"P28R"},"9C2E":{"desc":"L1P"},"9C30":{"t":"P28A"},"9C32":{"t":"PA18"},"9C33":{"t":"P32T"},"9C37":{"t":"P32T"},"9C38":{"t":"PA34"},"9C3C":{"t":"P32T"},"9C3D":{"desc":"L1P","t":"ULAC"},"9C42":{"t":"AR11"},"9C43":{"t":"C172"},"9C45":{"t":"ERCO"},"9C46":{"t":"C150"},"9C48":{"t":"C172"},"9C4D":{"t":"P28A"},"9C4E":{"t":"C172"},"9C55":{"t":"PA18"},"9C56":{"t":"P32T"},"9C5D":{"desc":"L1P"},"9C5E":{"desc":"L1P"},"9C5F":{"t":"PA44"},"9C61":{"desc":"L1P"},"9C62":{"t":"J3"},"9C65":{"t":"AR11"},"9C69":{"t":"C150"},"9C6A":{"t":"P28A"},"9C6B":{"t":"C172"},"9C6F":{"t":"C172"},"9C73":{"desc":"L1P"},"9C77":{"t":"C210"},"9C78":{"t":"PA18"},"9C7A":{"t":"PA32"},"9C7B":{"desc":"L1P"},"9C7C":{"t":"P32T"},"9C83":{"t":"WACO"},"9C86":{"t":"B25"},"9C87":{"t":"C182"},"9C89":{"t":"C172"},"9C8A":{"t":"C421"},"9C8B":{"t":"ERCO"},"9C8D":{"t":"P28A"},"9C8E":{"t":"C172"},"9C90":{"t":"M20P"},"9C92":{"t":"T206"},"9C94":{"t":"C172"},"9C95":{"t":"P28R"},"9C97":{"desc":"L1P","t":"ULAC"},"9C98":{"t":"PA32"},"9C99":{"t":"PA34"},"9C9A":{"t":"C210"},"9CA4":{"t":"P28A"},"9CA7":{"desc":"L1P"},"9CA8":{"t":"PA12"},"9CAA":{"t":"C182"},"9CAB":{"t":"AR11"},"9CAE":{"t":"ERCO"},"9CAF":{"t":"C150"},"9CB0":{"t":"P28A"},"9CB5":{"t":"C185"},"9CBB":{"t":"PA32"},"9CBD":{"t":"C210"},"9CBF":{"t":"P32T"},"9CC3":{"t":"P32T"},"9CC6":{"t":"P28A"},"9CC7":{"t":"P28A"},"9CC9":{"t":"P337"},"9CCC":{"desc":"L1P"},"9CD5":{"t":"B412"},"9CD6":{"t":"DA40"},"9CD7":{"t":"B763"},"9CDF":{"t":"B58T"},"9CE2":{"t":"B763"},"9CE6":{"t":"C56X"},"9CFC":{"t":"S108"},"9CFD":{"t":"C182"},"9CFE":{"t":"BALL"},"9CFF":{"desc":"L1P"},"9D08":{"t":"C510"},"9D0A":{"t":"C182"},"9D0D":{"desc":"L1P"},"9D0E":{"desc":"L1P"},"9D10":{"t":"C182"},"9D14":{"desc":"L1P"},"9D15":{"t":"BE55"},"9D16":{"t":"B738"},"9D18":{"desc":"L1P"},"9D19":{"t":"S22T"},"9D1E":{"t":"T206"},"9D20":{"desc":"L1P"},"9D22":{"t":"A321"},"9D23":{"desc":"L1P"},"9D2A":{"desc":"L1P"},"9D2E":{"t":"B06"},"9D3F":{"t":"C172"},"9D4B":{"desc":"H4E"},"9D4C":{"t":"DC10"},"9D5D":{"t":"E55P"},"9D60":{"t":"C25C"},"9D64":{"t":"ULAC"},"9D72":{"desc":"L1P"},"9D81":{"desc":"L1P"},"9D87":{"desc":"L4P"},"9D92":{"desc":"L1P","t":"ULAC"},"9D95":{"t":"RV12"},"9D96":{"t":"SF50"},"9D9A":{"desc":"L1P"},"9D9B":{"t":"GLF4"},"9D9E":{"t":"L39"},"9DA4":{"desc":"L1P"},"9DB3":{"t":"AS50"},"9DC5":{"t":"AT8T"},"9DCD":{"t":"PA18"},"9DDD":{"desc":"L1P"},"9DDE":{"t":"HUSK"},"9DE2":{"t":"C182"},"9DE4":{"t":"BE40"},"9DE7":{"desc":"H1P"},"9DE8":{"desc":"L1P"},"9DEE":{"t":"C210"},"9DF2":{"t":"C82S"},"9DF4":{"desc":"L1T"},"9DFD":{"t":"PC12"},"9E07":{"t":"AS50"},"9E0F":{"t":"AS50"},"9E10":{"t":"J5"},"9E12":{"t":"PA24"},"9E1B":{"t":"PA46"},"9E20":{"desc":"L1P","t":"ULAC"},"9E26":{"desc":"H4E"},"9E39":{"t":"C680"},"9E41":{"t":"GLID"},"9E44":{"t":"BE24"},"9E45":{"t":"BL8"},"9E4C":{"t":"B06"},"9E52":{"desc":"L1P"},"9E55":{"desc":"L1P"},"9E5D":{"t":"C500"},"9E62":{"t":"A139"},"9E63":{"t":"DA62"},"9E66":{"desc":"L1P"},"9E6A":{"t":"PA18"},"9E6C":{"t":"COL4"},"9E6D":{"t":"R44"},"9E6F":{"t":"B733"},"9E70":{"desc":"L1P"},"9E74":{"t":"TWEN"},"9E75":{"desc":"L1P","t":"TB1"},"9E76":{"t":"T206"},"9E7B":{"desc":"L1P"},"9E9A":{"t":"B763"},"9EA5":{"desc":"L1P"},"9EBE":{"t":"ULAC"},"9ED7":{"t":"M5"},"9F0A":{"t":"L39"},"9F22":{"t":"ULAC"},"9F24":{"t":"BALL"},"9F27":{"t":"AR11"},"9F29":{"t":"C206"},"9F2A":{"t":"M20P"},"9F2B":{"desc":"L1P"},"9F2D":{"t":"C172"},"9F2F":{"t":"M20P"},"9F30":{"t":"BE20"},"9F31":{"t":"C172"},"9F32":{"t":"P28A"},"9F33":{"t":"C172"},"9F35":{"t":"C150"},"9F36":{"t":"C170"},"9F38":{"t":"P28A"},"9F39":{"t":"C210"},"9F3B":{"t":"WACF"},"9F3F":{"t":"PA44"},"9F41":{"t":"P32T"},"9F42":{"t":"P32T"},"9F43":{"t":"WACF"},"9F49":{"t":"C182"},"9F4D":{"t":"ERCO"},"9F4F":{"t":"P28A"},"9F50":{"t":"C172"},"9F51":{"t":"PA12"},"9F52":{"t":"M20P"},"9F53":{"t":"PA18"},"9F55":{"t":"PA32"},"9F5A":{"t":"PA32"},"9F5C":{"t":"C210"},"9F5F":{"t":"P28A"},"9F61":{"t":"WACF"},"9F62":{"t":"WACF"},"9F63":{"t":"P28A"},"9F64":{"t":"WACF"},"9F65":{"t":"WACF"},"9F66":{"t":"P28S"},"9F67":{"t":"P32T"},"9F69":{"t":"AS50"},"9F6D":{"t":"T6"},"9F6F":{"t":"C206"},"9F72":{"t":"P28A"},"9F73":{"t":"C172"},"9F74":{"t":"PA12"},"9F76":{"t":"PA18"},"9F77":{"t":"C172"},"9F7A":{"t":"P28R"},"9F7B":{"desc":"L1P"},"9F7C":{"t":"C170"},"9F7D":{"t":"PA32"},"9F7E":{"t":"P28R"},"9F82":{"t":"WACF"},"9F83":{"desc":"L1P"},"9F84":{"t":"WACF"},"9F85":{"t":"PA34"},"9F86":{"t":"WACF"},"9F87":{"t":"B737"},"9F88":{"t":"WACF"},"9F89":{"t":"B737"},"9F8E":{"desc":"L1P"},"9F8F":{"t":"C182"},"9F90":{"t":"AR11"},"9F91":{"t":"C172"},"9F93":{"t":"ERCO"},"9F9A":{"t":"C172"},"9F9C":{"t":"C172"},"9F9D":{"t":"P28R"},"9F9E":{"t":"C150"},"9F9F":{"t":"ULAC"},"9FA5":{"t":"P28A"},"9FA6":{"t":"P28A"},"9FA8":{"t":"WACF"},"9FA9":{"desc":"L1P"},"9FAB":{"t":"WACF"},"9FAC":{"t":"WACF"},"9FAD":{"t":"P28A"},"9FAF":{"t":"J3"},"9FB5":{"t":"C206"},"9FB9":{"t":"C172"},"9FBA":{"t":"P28A"},"9FBC":{"desc":"L1P"},"9FBE":{"t":"P28A"},"9FC1":{"t":"C150"},"9FC2":{"t":"ULAC"},"9FC4":{"t":"PA34"},"9FCA":{"t":"WACF"},"9FCB":{"t":"P32T"},"9FCE":{"t":"P28A"},"9FCF":{"t":"WACF"},"9FD0":{"t":"P28A"},"9FD2":{"t":"CL30"},"9FD3":{"t":"ST75"},"9FD4":{"t":"PA46"},"9FD7":{"t":"C172"},"9FDB":{"t":"P28A"},"9FDC":{"t":"C172"},"9FDE":{"t":"BE35"},"9FE0":{"t":"C172"},"9FE2":{"t":"C172"},"9FE5":{"desc":"L1P","t":"ULAC"},"9FE6":{"desc":"L1P","t":"ULAC"},"9FE9":{"t":"PA18"},"9FEB":{"t":"P32T"},"9FEC":{"t":"WACF"},"9FED":{"t":"WACF"},"9FEE":{"t":"WACF"},"9FF3":{"t":"PA34"},"9FF4":{"desc":"L1P"},"9FF6":{"t":"ST75"},"9FFB":{"t":"C206"},"9FFC":{"t":"ERCO"},"9FFF":{"t":"C172"},"children":["A40","A41","A42","A43","A44","A45","A47","A48","A4A","A4B","A4C","A4D","A4E","A4F"]}