{"000":{"t":"PT22"},"004":{"t":"P28A"},"005":{"t":"P28A"},"007":{"t":"GLID"},"008":{"t":"BE35"},"009":{"t":"C180"},"014":{"t":"PA18"},"016":{"t":"C172"},"017":{"t":"C172"},"019":{"t":"B06"},"01C":{"t":"VO10"},"01D":{"t":"C210"},"01E":{"t":"PA18"},"01F":{"t":"P28A"},"020":{"t":"ST75"},"021":{"t":"P28A"},"023":{"t":"P28A"},"026":{"t":"ST75"},"028":{"t":"ST75"},"02B":{"t":"BE35"},"02E":{"t":"CH7A"},"030":{"t":"B06"},"031":{"t":"M20P"},"033":{"desc":"L1P"},"035":{"t":"PA12"},"038":{"t":"C172"},"039":{"t":"C172"},"03D":{"t":"C195"},"03F":{"t":"VO10"},"041":{"t":"PA18"},"043":{"t":"P28S"},"045":{"t":"P32R"},"046":{"t":"P32R"},"048":{"t":"P28A"},"049":{"t":"P28A"},"04A":{"t":"P28A"},"04B":{"t":"P28A"},"04D":{"t":"GLID"},"04E":{"t":"BE35"},"051":{"desc":"L1P"},"055":{"t":"AA5"},"056":{"t":"GC1"},"05A":{"t":"PA18"},"05B":{"t":"C172"},"05C":{"t":"C172"},"05E":{"t":"P28R"},"060":{"t":"C195"},"061":{"t":"PA32"},"065":{"t":"P28A"},"066":{"t":"P28S"},"067":{"desc":"L1P"},"069":{"t":"ST75"},"06A":{"t":"P28S"},"06B":{"t":"PA32"},"06C":{"t":"P32R"},"06E":{"t":"P32R"},"070":{"t":"C425"},"071":{"t":"SR22"},"072":{"t":"GLID"},"073":{"desc":"L1P"},"074":{"t":"BE36"},"075":{"t":"B407"},"076":{"desc":"L1P"},"078":{"t":"HUSK"},"07A":{"t":"C207"},"07B":{"desc":"L1P"},"083":{"t":"L39"},"084":{"t":"GLF4"},"085":{"t":"GLID"},"086":{"t":"L39"},"08A":{"desc":"L1P"},"08B":{"t":"C82S"},"08C":{"t":"P28B"},"08E":{"t":"T210"},"08F":{"desc":"L1P"},"090":{"t":"GLID"},"091":{"desc":"L1P"},"092":{"desc":"L1P"},"094":{"desc":"L1P"},"097":{"t":"R22"},"099":{"desc":"L1P"},"09A":{"t":"BE33"},"09B":{"t":"C310"},"09E":{"desc":"A1P"},"0A1":{"t":"L39"},"0A3":{"t":"PA31"},"0A4":{"t":"SBR1"},"0A5":{"t":"C185"},"0A6":{"t":"S22T"},"0A8":{"t":"PA38"},"0AA":{"t":"S108"},"0AB":{"t":"C525"},"0AD":{"t":"B407"},"0AE":{"t":"BE33"},"0B0":{"t":"R44"},"0B2":{"t":"PA30"},"0B4":{"t":"P28R"},"0B6":{"t":"L39"},"0B7":{"desc":"L1P"},"0BA":{"t":"L39"},"0BD":{"t":"CH7B"},"0BE":{"desc":"L1P"},"0BF":{"t":"C340"},"0C2":{"t":"GLID"},"0C4":{"t":"C25B"},"0C5":{"t":"LJ35"},"0C8":{"desc":"L1P","t":"ULAC"},"0CB":{"t":"P28A"},"0CC":{"t":"C68A"},"0CD":{"desc":"L1P"},"0CE":{"desc":"L1P"},"0D3":{"desc":"L1P"},"0D4":{"t":"PA34"},"0D6":{"t":"BRAV"},"0D7":{"t":"P28A"},"0D9":{"t":"SR22"},"0DB":{"t":"C510"},"0DC":{"t":"PAY2"},"0DD":{"desc":"L1P"},"0E0":{"desc":"L1P","t":"ULAC"},"0E5":{"desc":"L1P"},"0E8":{"desc":"L1P","t":"ULAC"},"0E9":{"t":"AS50"},"0EA":{"t":"L39"},"0EB":{"desc":"L1P"},"0EE":{"t":"B06"},"0EF":{"t":"BE9L"},"0F0":{"t":"C185"},"0F2":{"t":"CL30"},"0F3":{"desc":"L1P"},"0F4":{"desc":"A2P"},"0FA":{"t":"LJ35"},"0FE":{"t":"SBR1"},"105":{"t":"PA18"},"106":{"desc":"L1P"},"107":{"desc":"H1T"},"108":{"desc":"H1P"},"109":{"desc":"L1P"},"10A":{"desc":"L1P"},"10D":{"t":"C25B"},"10E":{"desc":"L1P"},"10F":{"desc":"L1T","t":"AT3P"},"110":{"t":"P180"},"112":{"desc":"L1P"},"114":{"t":"E300"},"116":{"desc":"L1P"},"117":{"t":"R44"},"118":{"desc":"L1P"},"11B":{"desc":"L2P"},"11C":{"t":"L39"},"120":{"t":"PA31"},"121":{"desc":"L1P"},"127":{"t":"C501"},"12A":{"t":"BE58"},"130":{"desc":"L1P"},"132":{"t":"HUSK"},"133":{"t":"GLID"},"134":{"t":"M20P"},"135":{"desc":"H1T"},"136":{"t":"HUSK"},"138":{"t":"C180"},"13A":{"t":"BE33"},"13B":{"t":"PRM1"},"13C":{"t":"GLID"},"13D":{"desc":"L1T","t":"PA46"},"13E":{"t":"GLID"},"13F":{"t":"SR20"},"140":{"t":"RV12"},"141":{"t":"C172"},"142":{"t":"L39"},"143":{"t":"BL8"},"144":{"t":"PA23"},"145":{"desc":"L1P"},"146":{"desc":"L1P"},"14A":{"desc":"L1P"},"14C":{"t":"L39"},"151":{"t":"E50P"},"153":{"desc":"L1P"},"155":{"t":"SR20"},"15A":{"t":"LJ45"},"15B":{"t":"GLID"},"15D":{"t":"B407"},"15F":{"desc":"L1P","t":"ULAC"},"162":{"desc":"A1P"},"163":{"t":"BE58"},"166":{"desc":"L1P"},"16A":{"desc":"L1P"},"16B":{"desc":"L1P"},"16C":{"desc":"L1P"},"171":{"desc":"L1P"},"172":{"desc":"L2T"},"176":{"t":"GC1"},"17A":{"t":"B06"},"17C":{"t":"BL8"},"17F":{"t":"L39"},"185":{"t":"SR20"},"188":{"desc":"H4E"},"189":{"desc":"L1P"},"18A":{"desc":"H1P"},"18C":{"desc":"A1P"},"18D":{"t":"B06"},"18E":{"t":"GLID"},"18F":{"desc":"L1P"},"191":{"t":"C206"},"193":{"desc":"L1P"},"197":{"t":"AEST"},"19B":{"t":"B350"},"1A0":{"desc":"L1P"},"1A2":{"desc":"L1P"},"1A3":{"desc":"L1T","t":"M600"},"1AA":{"t":"F900"},"1AD":{"t":"HUSK"},"1B7":{"desc":"L1P"},"1B9":{"t":"C172"},"1BA":{"desc":"L1P"},"1BB":{"desc":"L1P"},"1BC":{"desc":"L1P"},"1C0":{"t":"PC12"},"1C1":{"t":"PA34"},"1C5":{"t":"BE55"},"1C6":{"t":"C182"},"1C9":{"t":"BE36"},"1CA":{"t":"E50P"},"1D7":{"desc":"L2J"},"1E8":{"desc":"L1P"},"1EA":{"t":"C56X"},"1EC":{"t":"CL60"},"1ED":{"desc":"L1P"},"1EE":{"t":"SBR1"},"1EF":{"t":"BE55"},"1F0":{"t":"B06"},"1F2":{"desc":"L1P"},"1F5":{"t":"PRM1"},"1F7":{"desc":"L1P"},"1F8":{"desc":"L1P"},"1F9":{"desc":"A1P"},"1FC":{"desc":"L1P"},"1FD":{"t":"EC35"},"1FF":{"desc":"L1J"},"201":{"desc":"L1P"},"203":{"desc":"L1P"},"206":{"desc":"L1P"},"207":{"t":"GLID"},"208":{"desc":"L1P"},"209":{"desc":"L1P"},"20A":{"desc":"L1P"},"20B":{"desc":"L1P","t":"ULAC"},"20C":{"desc":"L1P"},"210":{"t":"L39"},"211":{"t":"C25B"},"219":{"t":"P28A"},"21A":{"t":"BE24"},"21B":{"desc":"L1P"},"21C":{"t":"BE36"},"21D":{"t":"C150"},"21F":{"t":"BE33"},"220":{"desc":"H1P"},"221":{"t":"P32R"},"223":{"t":"BT36"},"224":{"t":"PAY1"},"225":{"t":"GLID"},"226":{"desc":"L2T"},"227":{"t":"BE55"},"229":{"t":"ERCO"},"22A":{"desc":"L1P"},"22B":{"t":"ASTR"},"22F":{"desc":"L1P"},"233":{"t":"L39"},"234":{"t":"B190"},"23C":{"t":"GLID"},"243":{"t":"BALL"},"24C":{"t":"EC45"},"24E":{"desc":"L1J"},"253":{"t":"L39"},"257":{"t":"L39"},"258":{"desc":"L1P"},"259":{"t":"S22T"},"265":{"desc":"L1P","t":"ULAC"},"268":{"desc":"L1P"},"26A":{"t":"L39"},"26B":{"desc":"L1P"},"26C":{"t":"C421"},"26F":{"desc":"H1P"},"272":{"desc":"H4E"},"274":{"t":"ST75"},"275":{"desc":"L1P"},"278":{"t":"SR22"},"279":{"t":"GLID"},"27B":{"t":"HUSK"},"27E":{"desc":"L1P","t":"ULAC"},"281":{"desc":"L1P"},"28B":{"desc":"L1P"},"293":{"t":"L39"},"296":{"t":"GLID"},"298":{"desc":"L1P"},"2A0":{"desc":"L1P"},"2B0":{"t":"L39"},"2C1":{"desc":"L1P"},"2C7":{"t":"GLID"},"2C8":{"t":"BE35"},"2C9":{"desc":"L1P"},"2CA":{"t":"B763"},"2CB":{"t":"PRM1"},"2CC":{"t":"BL8"},"2CE":{"t":"PRM1"},"2D4":{"desc":"H2T"},"2D5":{"t":"EC30"},"2E2":{"t":"BE35"},"2E4":{"desc":"H1P"},"2E6":{"t":"PRM1"},"2E9":{"desc":"L1P"},"2F2":{"t":"PRM1"},"2FC":{"t":"CRJ7"},"2FD":{"t":"BALL"},"2FE":{"desc":"A1P","t":"PA18"},"300":{"t":"PRM1"},"307":{"t":"B763"},"309":{"t":"SR20"},"30C":{"t":"C240"},"315":{"t":"B738"},"316":{"t":"CL30"},"31B":{"desc":"L1P"},"320":{"t":"C150"},"321":{"t":"A321"},"322":{"t":"PRM1"},"324":{"desc":"L1P"},"33D":{"t":"GLF6"},"340":{"t":"PRM1"},"345":{"desc":"L1P"},"346":{"desc":"L1P"},"34A":{"t":"EC45"},"34B":{"t":"DC10"},"356":{"desc":"L2J","t":"A20N"},"358":{"desc":"L1P"},"35C":{"t":"E55P"},"36A":{"t":"DIMO"},"36B":{"t":"PRM1"},"370":{"desc":"L1P"},"371":{"desc":"L1P"},"378":{"desc":"L1P"},"379":{"t":"A332"},"37A":{"t":"C72R"},"37E":{"t":"PRM1"},"37F":{"t":"PRM1"},"38D":{"t":"BE35"},"392":{"t":"DV20"},"393":{"t":"GLID"},"39B":{"t":"PRM1"},"39F":{"t":"PAY2"},"3A5":{"t":"PRM1"},"3AA":{"t":"PRM1"},"3AB":{"t":"BALL"},"3AC":{"t":"BALL"},"3AD":{"desc":"L1P"},"3C0":{"t":"G150"},"3C4":{"t":"DA40"},"3C5":{"t":"AR15"},"3C9":{"t":"BE33"},"3CB":{"t":"B06"},"3D4":{"desc":"L1P"},"3DC":{"desc":"L1P"},"3DD":{"desc":"L1T","t":"M600"},"3DE":{"t":"PRM1"},"3DF":{"desc":"L1T"},"3E0":{"t":"A139"},"3E1":{"t":"C182"},"3E2":{"desc":"L1P"},"3E7":{"t":"PRM1"},"3E8":{"t":"PRM1"},"3ED":{"t":"PA32"},"3F0":{"t":"RV12"},"3F5":{"desc":"L1P"},"400":{"t":"GLID"},"406":{"t":"AS50"},"40E":{"t":"PRM1"},"412":{"desc":"A1P"},"413":{"t":"BL8"},"416":{"t":"EC35"},"41A":{"t":"B190"},"41F":{"t":"BE9L"},"420":{"t":"PRM1"},"438":{"t":"E55P"},"448":{"desc":"L2T"},"450":{"t":"BALL"},"451":{"t":"T210"},"452":{"t":"PA18"},"453":{"t":"ULAC"},"454":{"desc":"L1P"},"458":{"desc":"H6E"},"45A":{"t":"PRM1"},"45B":{"t":"BE40"},"45C":{"t":"PA18"},"45F":{"t":"B407"},"463":{"desc":"H4E"},"465":{"t":"PRM1"},"467":{"t":"BE20"},"469":{"t":"B350"},"46A":{"desc":"L1P"},"46C":{"t":"SR20"},"474":{"t":"T6"},"475":{"t":"P28A"},"478":{"desc":"L1P"},"47A":{"desc":"L4P"},"480":{"t":"E50P"},"484":{"desc":"L1P"},"48B":{"t":"PA44"},"4A0":{"desc":"L1P"},"4A3":{"desc":"L1P"},"4A5":{"t":"E50P"},"4AB":{"t":"BALL"},"4BD":{"t":"PA30"},"4CD":{"t":"P51"},"4CF":{"desc":"L1P"},"4D2":{"desc":"L2J"},"4D4":{"desc":"L1P"},"4D6":{"t":"M5"},"4DA":{"t":"BL8"},"4EC":{"t":"PRM1"},"4EF":{"desc":"L1P"},"509":{"t":"L39"},"522":{"desc":"L1P","t":"ULAC"},"526":{"t":"AR11"},"527":{"t":"C172"},"528":{"t":"C206"},"529":{"t":"ERCO"},"52C":{"t":"C172"},"52D":{"t":"PA12"},"532":{"t":"C172"},"533":{"t":"P28R"},"534":{"t":"C150"},"535":{"t":"C170"},"536":{"t":"PA32"},"539":{"t":"PA18"},"540":{"t":"AA1"},"541":{"t":"AA1"},"544":{"desc":"L1P"},"547":{"t":"C150"},"548":{"t":"C182"},"549":{"t":"CH7A"},"54A":{"t":"C172"},"54C":{"t":"M20T"},"54D":{"t":"C150"},"54F":{"t":"C172"},"550":{"t":"PA12"},"551":{"t":"M20P"},"555":{"t":"C172"},"558":{"t":"ULAC"},"55B":{"t":"C210"},"55D":{"t":"AA1"},"55F":{"t":"L8"},"561":{"t":"AA1"},"563":{"t":"AA1"},"568":{"t":"BE55"},"56A":{"t":"C150"},"56D":{"t":"C172"},"570":{"t":"C150"},"573":{"t":"PA12"},"577":{"t":"C172"},"578":{"t":"C172"},"57B":{"t":"ULAC"},"580":{"t":"AA1"},"581":{"t":"AA1"},"582":{"t":"AA1"},"583":{"desc":"L1P"},"585":{"t":"L8"},"588":{"t":"L8"},"58B":{"t":"GLID"},"58C":{"desc":"L1P"},"590":{"t":"C172"},"592":{"t":"M20T"},"594":{"desc":"L1P"},"596":{"t":"PA12"},"598":{"t":"PA22"},"599":{"t":"C185"},"59A":{"t":"C172"},"59B":{"t":"C172"},"59E":{"t":"C170"},"5A2":{"t":"PA18"},"5A3":{"t":"AA1"},"5A4":{"desc":"L1P"},"5A7":{"t":"L8"},"5AB":{"t":"AA1"},"5AE":{"t":"GLID"},"5AF":{"desc":"H1P"},"5B1":{"t":"C182"},"5B3":{"t":"C172"},"5B7":{"desc":"L1P"},"5B9":{"t":"PA12"},"5BB":{"t":"PA22"},"5BC":{"t":"C172"},"5BE":{"t":"C172"},"5C0":{"t":"C150"},"5C1":{"t":"C150"},"5C2":{"t":"PA32"},"5C3":{"t":"P28R"},"5C4":{"t":"C210"},"5C5":{"t":"PA18"},"5C7":{"t":"L8"},"5C9":{"t":"AA1"},"5CC":{"t":"AA1"},"5CF":{"t":"B06"},"5D1":{"t":"GLID"},"5D3":{"t":"C150"},"5D4":{"t":"C182"},"5D6":{"t":"P28A"},"5DC":{"t":"PA12"},"5DF":{"t":"C172"},"5E0":{"t":"C172"},"5E2":{"t":"P28R"},"5E5":{"t":"PA32"},"5E6":{"t":"P28A"},"5EA":{"t":"AA1"},"5EC":{"t":"L8"},"5F1":{"t":"AA1"},"5F6":{"t":"B06"},"5F8":{"t":"AR11"},"5FB":{"t":"ERCO"},"5FF":{"t":"PA12"},"600":{"t":"M20P"},"601":{"t":"PA22"},"606":{"t":"C150"},"608":{"t":"PA32"},"60A":{"t":"C210"},"60E":{"t":"L8"},"60F":{"t":"L8"},"610":{"t":"AA1"},"611":{"t":"AA1"},"613":{"t":"L8"},"617":{"t":"GLID"},"618":{"t":"GLID"},"61B":{"desc":"L1P"},"61C":{"t":"C172"},"61D":{"t":"C206"},"61E":{"t":"ERCO"},"620":{"t":"PA18"},"621":{"t":"C172"},"626":{"t":"C172"},"627":{"t":"C172"},"629":{"t":"C150"},"62A":{"t":"C170"},"62B":{"t":"PA32"},"62D":{"t":"C210"},"62E":{"t":"PA18"},"62F":{"t":"AA1"},"631":{"desc":"L1P"},"633":{"t":"AA1"},"636":{"t":"L8"},"637":{"t":"L8"},"638":{"t":"L8"},"639":{"desc":"H1P"},"63A":{"t":"GLID"},"63C":{"t":"C421"},"63D":{"t":"C182"},"63E":{"t":"COL4"},"63F":{"t":"P28A"},"641":{"t":"M20P"},"642":{"t":"C150"},"648":{"t":"C172"},"649":{"t":"C172"},"64B":{"t":"P28R"},"64D":{"t":"C170"},"64F":{"t":"PA34"},"651":{"t":"PA18"},"652":{"t":"B06"},"659":{"t":"L8"},"65F":{"t":"C172"},"660":{"t":"C182"},"661":{"t":"AR11"},"666":{"t":"P28A"},"667":{"t":"C172"},"66B":{"t":"C172"},"66D":{"t":"C172"},"66E":{"t":"P28R"},"66F":{"t":"C150"},"671":{"t":"PA32"},"672":{"t":"PA34"},"677":{"t":"L8"},"67A":{"desc":"L1P"},"67D":{"desc":"L1P"},"680":{"t":"MITE"},"681":{"t":"B763"},"683":{"t":"BL8"},"686":{"t":"PC12"},"689":{"t":"BL8"},"68B":{"desc":"H2T"},"691":{"desc":"L1P"},"699":{"t":"H25B"},"69A":{"t":"GLID"},"69F":{"desc":"L1P"},"6A0":{"desc":"L1P"},"6A9":{"t":"BE58"},"6AB":{"t":"HUSK"},"6B3":{"t":"CRJ7"},"6B4":{"t":"BALL"},"6B6":{"desc":"L1P"},"6B9":{"desc":"L1P"},"6BE":{"t":"B763"},"6C0":{"t":"SR22"},"6C2":{"desc":"H6E"},"6C4":{"t":"FDCT"},"6CB":{"t":"P28A"},"6CC":{"t":"B738"},"6CE":{"t":"DV20"},"6D0":{"desc":"L2P"},"6D4":{"desc":"L1P"},"6D7":{"t":"CH7B"},"6D8":{"t":"A321"},"6DD":{"t":"C550"},"6E0":{"desc":"L1P"},"6E2":{"t":"C150"},"6E4":{"t":"C310"},"6EA":{"desc":"L2T"},"6F0":{"desc":"L1P"},"6F7":{"desc":"L1P","t":"ULAC"},"708":{"desc":"L2T"},"709":{"desc":"L1P"},"70D":{"desc":"L2J","t":"A20N"},"713":{"t":"E55P"},"717":{"t":"G150"},"722":{"desc":"L2T"},"728":{"desc":"L1P"},"72F":{"t":"BE50"},"730":{"t":"A332"},"732":{"t":"BE30"},"73D":{"t":"B47G"},"74A":{"desc":"L2P"},"74B":{"desc":"L1P"},"754":{"t":"C560"},"764":{"t":"P32R"},"767":{"desc":"L1P"},"772":{"desc":"L1P"},"77D":{"desc":"H1T"},"781":{"t":"AS50"},"785":{"desc":"L1P"},"78C":{"t":"P28A"},"78E":{"t":"R44"},"793":{"t":"C185"},"794":{"t":"BL8"},"79A":{"t":"PA27"},"79C":{"desc":"L1P"},"7A4":{"t":"EN28"},"7B1":{"desc":"L1T"},"7BD":{"t":"AS50"},"7C9":{"t":"CH7A"},"7CC":{"desc":"L1P"},"7CD":{"t":"EC35"},"7D7":{"t":"T210"},"7DB":{"desc":"L1P"},"7EF":{"t":"E55P"},"7FA":{"desc":"L2T"},"7FB":{"desc":"L1P"},"802":{"t":"B06"},"80F":{"desc":"H6E"},"810":{"t":"BE55"},"813":{"t":"C206"},"818":{"t":"H60"},"81E":{"t":"C172"},"822":{"desc":"L1P"},"826":{"desc":"L1P"},"82A":{"desc":"L1P"},"82D":{"desc":"L1P"},"837":{"desc":"L1T"},"850":{"t":"B763"},"85B":{"desc":"L1P"},"87C":{"t":"P28R"},"880":{"desc":"L1P"},"88D":{"t":"M5"},"8A6":{"desc":"L1P"},"8B7":{"t":"PRM1"},"8BF":{"t":"BE35"},"8C0":{"t":"L39"},"8D9":{"t":"BE35"},"8DA":{"t":"C140"},"8DD":{"desc":"S1P","t":"AR11"},"8E1":{"t":"C150"},"8E3":{"t":"C172"},"8E4":{"t":"PA12"},"8E5":{"t":"M20P"},"8E6":{"t":"PA22"},"8E9":{"t":"C172"},"8EA":{"t":"P28R"},"8EB":{"t":"P28A"},"8F0":{"t":"PA18"},"8F2":{"t":"B06"},"8F5":{"t":"TAYB"},"8F9":{"t":"BALL"},"8FA":{"desc":"L1P"},"8FC":{"t":"CH7A"},"901":{"t":"C172"},"902":{"t":"C340"},"907":{"t":"PA12"},"90A":{"t":"C172"},"90B":{"t":"C172"},"90D":{"t":"P28R"},"90E":{"t":"C150"},"90F":{"t":"C170"},"915":{"t":"TAYB"},"91D":{"t":"TAYB"},"91E":{"desc":"L1T"},"91F":{"desc":"L1P","t":"ULAC"},"922":{"t":"C182"},"925":{"t":"C340"},"92A":{"t":"P28A"},"92B":{"t":"M20P"},"92C":{"t":"P210"},"92E":{"t":"C172"},"92F":{"t":"C172"},"933":{"t":"PA32"},"934":{"t":"P28A"},"937":{"t":"TAYB"},"940":{"t":"TAYB"},"946":{"t":"AR11"},"947":{"t":"C172"},"949":{"t":"ERCO"},"94A":{"t":"C150"},"94D":{"t":"PA12"},"951":{"t":"C172"},"953":{"t":"P28R"},"957":{"t":"P28R"},"965":{"t":"BE55"},"968":{"t":"C182"},"969":{"t":"CH7A"},"96E":{"t":"P28A"},"970":{"t":"PA12"},"971":{"t":"M20P"},"972":{"t":"PA22"},"973":{"t":"C172"},"974":{"t":"B407"},"975":{"t":"C172"},"978":{"t":"C170"},"979":{"t":"PA32"},"97A":{"t":"P28R"},"97C":{"t":"PA18"},"97E":{"t":"TAYB"},"982":{"t":"TAYB"},"984":{"desc":"L1P"},"987":{"desc":"L1P"},"98B":{"t":"C182"},"98C":{"t":"PA18"},"98D":{"t":"C172"},"991":{"t":"P28A"},"995":{"t":"PA22"},"997":{"t":"P28A"},"99A":{"t":"C150"},"99D":{"t":"PA32"},"99F":{"t":"PA18"},"9A0":{"t":"TAYB"},"9A3":{"t":"TAYB"},"9A6":{"t":"TAYB"},"9A8":{"t":"TAYB"},"9B2":{"t":"M20P"},"9B3":{"t":"C150"},"9B4":{"t":"P28A"},"9BA":{"t":"C172"},"9BB":{"t":"C172"},"9BC":{"t":"P28R"},"9BD":{"t":"C150"},"9BE":{"t":"C170"},"9BF":{"t":"PA32"},"9C1":{"t":"C210"},"9C2":{"t":"PA18"},"9C8":{"desc":"L2P"},"9C9":{"t":"TAYB"},"9D0":{"t":"M4"},"9D1":{"t":"C182"},"9D3":{"t":"C172"},"9D4":{"t":"B06"},"9D5":{"t":"M20P"},"9D7":{"t":"P28A"},"9D8":{"t":"C172"},"9D9":{"t":"P28A"},"9DB":{"t":"PA22"},"9DD":{"t":"C172"},"9DE":{"t":"C172"},"9DF":{"t":"P28R"},"9E2":{"t":"PA32"},"9E3":{"t":"P28A"},"9E5":{"t":"PA18"},"9ED":{"t":"GLID"},"9F0":{"desc":"L1P"},"9F2":{"t":"GLID"},"9F5":{"t":"CH7A"},"9F9":{"t":"C150"},"9FB":{"t":"C172"},"9FC":{"t":"P28A"},"9FF":{"t":"C172"},"A03":{"t":"C150"},"A06":{"t":"P28S"},"A07":{"t":"GLF4"},"A08":{"t":"PA18"},"A0B":{"desc":"L1P"},"A17":{"t":"C182"},"A18":{"t":"CH7A"},"A19":{"t":"C172"},"A1B":{"t":"ERCO"},"A1D":{"t":"P28A"},"A22":{"t":"C172"},"A23":{"t":"C172"},"A28":{"t":"PA32"},"A2B":{"t":"PA18"},"A2C":{"t":"TAYD"},"A2D":{"t":"TAYD"},"A34":{"desc":"L1P"},"A36":{"desc":"L1P"},"A37":{"t":"BALL"},"A3A":{"desc":"A2T"},"A3E":{"desc":"H4E"},"A42":{"desc":"H2T"},"A43":{"desc":"L1P"},"A44":{"t":"B763"},"A48":{"t":"E55P"},"A50":{"t":"BE35"},"A51":{"desc":"A1P","t":"ULAC"},"A62":{"t":"ULAC"},"A6A":{"desc":"L2T"},"A6B":{"t":"TWEN"},"A6C":{"desc":"A1P"},"A75":{"desc":"L2T"},"A79":{"desc":"H6E"},"A7D":{"t":"C182"},"A82":{"t":"P28A"},"A83":{"t":"B738"},"A84":{"desc":"L1P"},"A85":{"t":"DV20"},"A8A":{"desc":"A1P"},"A8E":{"desc":"L1P","t":"ULAC"},"A8F":{"t":"A321"},"A94":{"t":"ULAC"},"A9E":{"desc":"L1P"},"AAB":{"t":"C172"},"AB9":{"t":"DC10"},"AC4":{"desc":"L2J","t":"A20N"},"ACA":{"t":"E55P"},"AD0":{"desc":"L1P"},"AE5":{"t":"ULAC"},"AE7":{"t":"A332"},"AF4":{"t":"P32R"},"AF7":{"t":"AS50"},"AF9":{"t":"ULAC"},"B08":{"desc":"L1P"},"B0A":{"t":"SR22"},"B0C":{"desc":"L1P"},"B10":{"desc":"H1T","t":"S92"},"B11":{"t":"CL60"},"B13":{"desc":"L1P"},"B17":{"desc":"L1P"},"B1E":{"desc":"L1P"},"B2D":{"t":"AT8T"},"B4A":{"t":"B06"},"B4B":{"t":"P46T"},"B4F":{"t":"C182"},"B51":{"t":"C25B"},"B74":{"t":"AS50"},"B7C":{"t":"AS50"},"B7D":{"desc":"H6E"},"B8E":{"t":"C180"},"B95":{"t":"GLID"},"BA6":{"t":"E55P"},"BAF":{"desc":"L1P","t":"ULAC"},"BB5":{"t":"C525"},"BC6":{"desc":"H6E"},"BC7":{"t":"BE35"},"BC9":{"desc":"L1P"},"BCA":{"t":"ULAC"},"BD3":{"t":"C525"},"BD7":{"t":"SR22"},"BE0":{"desc":"L1P"},"BE2":{"t":"C510"},"BEC":{"t":"AT6T"},"BFB":{"desc":"L1P"},"C07":{"t":"B763"},"C12":{"desc":"L1P"},"C2B":{"t":"T28"},"C2E":{"t":"PC12"},"C5D":{"desc":"L1P"},"C6C":{"desc":"H8E"},"C76":{"t":"BE33"},"C92":{"t":"C421"},"C94":{"desc":"S1P","t":"AR11"},"C99":{"t":"P28A"},"C9B":{"t":"PA12"},"C9C":{"t":"BE35"},"C9F":{"t":"C172"},"CA2":{"t":"C150"},"CA5":{"t":"P28R"},"CA7":{"t":"PA18"},"CAB":{"t":"TAYB"},"CB3":{"t":"J3"},"CB4":{"t":"J3"},"CBC":{"t":"P28A"},"CBD":{"t":"C172"},"CBE":{"t":"PA12"},"CBF":{"t":"BE35"},"CC0":{"t":"PA22"},"CC1":{"t":"C172"},"CC2":{"t":"C172"},"CC4":{"t":"P28R"},"CC7":{"t":"PA32"},"CC8":{"t":"P28R"},"CC9":{"t":"C210"},"CD1":{"t":"TAYB"},"CD6":{"t":"J3"},"CD8":{"t":"C421"},"CDD":{"t":"ERCO"},"CDE":{"t":"C150"},"CE0":{"t":"C172"},"CE3":{"t":"PA22"},"CE5":{"t":"C172"},"CE6":{"t":"C172"},"CE7":{"desc":"L1P"},"CE9":{"t":"C170"},"CEA":{"t":"PA32"},"CF1":{"t":"TAYB"},"CF6":{"t":"TAYB"},"CF9":{"t":"CH7A"},"CFB":{"t":"C421"},"CFD":{"t":"AR11"},"CFF":{"t":"C206"},"D07":{"t":"C172"},"D08":{"t":"P28A"},"D0C":{"t":"C170"},"D0E":{"t":"P28R"},"D11":{"t":"TAYB"},"D13":{"t":"TAYB"},"D14":{"t":"TAYB"},"D19":{"t":"TAYB"},"D1B":{"desc":"L1P"},"D20":{"t":"AR11"},"D23":{"t":"ERCO"},"D24":{"t":"C150"},"D27":{"t":"PA12"},"D29":{"t":"PA22"},"D2A":{"t":"C172"},"D2D":{"t":"P28R"},"D2E":{"t":"C150"},"D2F":{"t":"ULAC"},"D30":{"t":"PA32"},"D31":{"t":"P28B"},"D33":{"desc":"L1P"},"D34":{"t":"TAYB"},"D36":{"t":"TAYB"},"D38":{"t":"TAYB"},"D3A":{"t":"TAYB"},"D3B":{"t":"TAYB"},"D41":{"desc":"A1P"},"D43":{"t":"AR11"},"D44":{"t":"C172"},"D46":{"t":"M20P"},"D48":{"t":"P28A"},"D4A":{"t":"FA62"},"D4D":{"t":"C172"},"D4F":{"t":"C172"},"D50":{"t":"P28R"},"D51":{"t":"C150"},"D52":{"t":"C170"},"D53":{"t":"PA32"},"D55":{"t":"C210"},"D59":{"t":"M20T"},"D5C":{"t":"TAYB"},"D5F":{"t":"TAYB"},"D61":{"t":"GLID"},"D65":{"t":"ERCO"},"D67":{"t":"C172"},"D68":{"t":"C340"},"D6A":{"t":"GLID"},"D6B":{"t":"P28A"},"D6C":{"t":"C172"},"D70":{"t":"C172"},"D71":{"t":"P28A"},"D72":{"t":"C172"},"D73":{"t":"P28R"},"D79":{"t":"PA18"},"D7F":{"t":"GLID"},"D84":{"t":"C172"},"D88":{"t":"C182"},"D8B":{"t":"C206"},"D8C":{"t":"ERCO"},"D8E":{"t":"P28A"},"D8F":{"t":"C172"},"D90":{"t":"C206"},"D92":{"t":"PA22"},"D93":{"t":"C172"},"D94":{"t":"C172"},"D95":{"t":"C172"},"D97":{"t":"P68"},"D98":{"t":"ULAC"},"D9B":{"t":"C210"},"D9D":{"t":"TAYB"},"DA2":{"t":"TAYB"},"DA9":{"t":"SR22"},"DAB":{"t":"C182"},"DAD":{"t":"C172"},"DB1":{"t":"P28A"},"DB2":{"t":"C172"},"DB3":{"t":"P28S"},"DB5":{"t":"CH7A"},"DB7":{"t":"C172"},"DB9":{"t":"P28R"},"DBB":{"t":"C172"},"DBD":{"t":"P28R"},"DBF":{"t":"PA18"},"DC2":{"t":"C182"},"DC6":{"t":"BE95"},"DC7":{"t":"TAYB"},"DCA":{"t":"C172"},"DCB":{"desc":"L1P"},"DCC":{"t":"ST75"},"DCD":{"t":"PA27"},"DCE":{"t":"C182"},"DD0":{"t":"P32R"},"DD9":{"t":"C172"},"DDE":{"t":"C170"},"DE1":{"t":"C210"},"DE2":{"t":"PA18"},"DE4":{"t":"TAYD"},"DE8":{"t":"TAYB"},"DE9":{"t":"TAYB"},"DEA":{"t":"B738"},"DEB":{"t":"TAYB"},"DEC":{"t":"TAYB"},"DEE":{"t":"MITE"},"DEF":{"t":"SR22"},"DF1":{"desc":"L2T"},"DF9":{"desc":"H2T"},"DFB":{"t":"B763"},"E00":{"desc":"L1J"},"E03":{"desc":"L1P"},"E07":{"t":"C180"},"E08":{"t":"GLID"},"E1A":{"t":"E545"},"E1B":{"t":"GLEX"},"E1C":{"t":"E545"},"E1D":{"desc":"L2J"},"E1F":{"t":"GLEX"},"E20":{"desc":"L1P"},"E21":{"t":"C172"},"E24":{"t":"SR20"},"E26":{"t":"BE30"},"E2E":{"t":"SR20"},"E35":{"desc":"L2J"},"E39":{"t":"P28A"},"E3A":{"t":"B738"},"E3C":{"t":"M6"},"E45":{"t":"R44"},"E46":{"t":"A321"},"E4A":{"t":"SR22"},"E4E":{"t":"T206"},"E52":{"t":"C550"},"E55":{"desc":"L1P"},"E63":{"t":"C172"},"E68":{"desc":"L1P"},"E6D":{"t":"BE58"},"E75":{"desc":"L1P"},"E7B":{"desc":"L2J","t":"A20N"},"E81":{"t":"E55P"},"E8F":{"t":"CJ6"},"E90":{"t":"SR22"},"E96":{"t":"HUSK"},"E9A":{"desc":"G1P"},"E9D":{"desc":"L1P"},"E9E":{"t":"A332"},"EB2":{"desc":"L1P"},"EB9":{"t":"C650"},"EBB":{"t":"C68A"},"EC0":{"t":"PA46"},"EC1":{"desc":"H1P"},"EC2":{"t":"SR22"},"EC6":{"t":"RV12"},"EC8":{"desc":"L1P"},"ECB":{"t":"BE20"},"ED1":{"t":"C68A"},"EDD":{"t":"M7"},"EE4":{"desc":"L1T"},"EE9":{"t":"AT8T"},"EF9":{"desc":"L1P"},"F02":{"t":"CH7B"},"F0D":{"t":"P32R"},"F0F":{"t":"C421"},"F12":{"desc":"H8E"},"F26":{"t":"R44"},"F2B":{"t":"AS50"},"F30":{"desc":"A1P"},"F33":{"t":"AS50"},"F34":{"desc":"G1P"},"F3B":{"desc":"H2T"},"F3C":{"t":"C501"},"F44":{"t":"M20P"},"F49":{"desc":"A1P"},"F5D":{"t":"E55P"},"F65":{"t":"E300"},"F66":{"t":"C56X"},"F68":{"desc":"L1P"},"F6C":{"desc":"A1P"},"F6E":{"desc":"L1P"},"F76":{"desc":"G1P"},"F79":{"desc":"L1P"},"F7C":{"desc":"L1P"},"F7D":{"desc":"H6E"},"F7E":{"t":"B06"},"F80":{"t":"GLID"},"F81":{"t":"LJ35"},"F83":{"desc":"L1P"},"F85":{"t":"C25B"},"F8C":{"t":"C172"},"F8E":{"t":"M20T"},"F97":{"t":"BE35"},"F99":{"t":"PA30"},"F9A":{"desc":"L1P"},"F9D":{"desc":"L1P"},"FA3":{"t":"BL8"},"FB1":{"desc":"L1P","t":"ULAC"},"FBE":{"t":"B763"},"FCF":{"t":"GLF5"},"FE2":{"t":"T28"},"FE3":{"t":"L39"},"FF7":{"t":"E300"}}