{"000":{"t":"PA12"},"001":{"desc":"L1P"},"005":{"t":"C172"},"008":{"t":"C170"},"00B":{"t":"C210"},"010":{"desc":"L1P"},"014":{"t":"ST75"},"017":{"desc":"L1P"},"018":{"desc":"L1P"},"019":{"t":"ST75"},"01B":{"t":"C182"},"01E":{"desc":"L1P"},"01F":{"t":"ERCO"},"024":{"t":"M20P"},"025":{"t":"PA18"},"026":{"t":"C172"},"027":{"t":"P28A"},"028":{"t":"C172"},"029":{"t":"P28R"},"02A":{"t":"C150"},"031":{"t":"PA32"},"032":{"desc":"L1P"},"033":{"t":"P32T"},"03C":{"t":"ST75"},"046":{"t":"PA12"},"048":{"t":"C152"},"049":{"t":"C172"},"04B":{"t":"C172"},"04F":{"desc":"L1P"},"052":{"t":"UH12"},"054":{"t":"C170"},"05A":{"desc":"A1P"},"05C":{"desc":"A1P"},"05D":{"desc":"L1P"},"063":{"t":"C172"},"066":{"t":"PA34"},"067":{"t":"P28A"},"068":{"t":"C172"},"06C":{"t":"C172"},"06D":{"t":"P28A"},"071":{"t":"C170"},"074":{"t":"C210"},"075":{"t":"PA18"},"077":{"desc":"A1P"},"081":{"t":"C208"},"084":{"desc":"L4J"},"088":{"t":"BL8"},"08B":{"t":"PA18"},"08D":{"t":"B407"},"08E":{"t":"B763"},"092":{"t":"AT8T"},"095":{"t":"A320"},"09B":{"desc":"L1P","t":"ULAC"},"09C":{"t":"BE40"},"0B3":{"t":"BE35"},"0B4":{"t":"CRJ7"},"0B5":{"t":"BALL"},"0B6":{"t":"PA18"},"0B7":{"desc":"S1P","t":"ULAC"},"0BF":{"t":"RC3"},"0C1":{"t":"C182"},"0C7":{"t":"C182"},"0CD":{"t":"B738"},"0CE":{"desc":"L1P"},"0CF":{"t":"J328"},"0D7":{"t":"S22T"},"0D8":{"desc":"L1P"},"0D9":{"t":"A321"},"0E1":{"t":"GLID"},"0F3":{"t":"BE36"},"0F6":{"t":"C172"},"103":{"t":"DC10"},"117":{"t":"M20P"},"119":{"t":"C172"},"129":{"desc":"L1P"},"130":{"t":"P28A"},"131":{"desc":"L1P"},"149":{"t":"PC12"},"14B":{"desc":"A1P","t":"ULAC"},"14F":{"t":"M20T"},"155":{"desc":"L1P"},"15B":{"t":"S22T"},"162":{"desc":"L1P"},"16D":{"desc":"L2T"},"177":{"desc":"L1T"},"17C":{"t":"AT8T"},"17D":{"desc":"L1P"},"184":{"t":"BT36"},"18D":{"t":"BE35"},"194":{"t":"UH1"},"195":{"t":"AEST"},"199":{"t":"C182"},"1A2":{"t":"PC12"},"1A6":{"desc":"H1P"},"1A9":{"t":"SR22"},"1BE":{"desc":"H1T"},"1C6":{"t":"C320"},"1C8":{"desc":"L1P","t":"ULAC"},"1D2":{"t":"PA46"},"1F0":{"t":"E55P"},"1FB":{"desc":"L1P"},"1FC":{"t":"PA31"},"202":{"t":"AT6T"},"209":{"t":"C56X"},"20C":{"desc":"L1P"},"211":{"desc":"L1P"},"212":{"desc":"L1P","t":"TB0"},"213":{"t":"BL8"},"214":{"t":"PA18"},"21C":{"desc":"H8E"},"21F":{"t":"PAY1"},"22A":{"t":"BE36"},"22D":{"t":"P32R"},"25C":{"desc":"L1P","t":"ULAC"},"275":{"t":"C180"},"278":{"t":"B06"},"27B":{"t":"PA46"},"281":{"desc":"L1P"},"28E":{"t":"M5"},"2D9":{"t":"GLID"},"2DA":{"t":"AS50"},"2DD":{"desc":"L1P","t":"ULAC"},"2DE":{"t":"PA36"},"2E0":{"t":"C340"},"2E1":{"t":"ST75"},"2E2":{"t":"C150"},"2E3":{"t":"P28A"},"2E4":{"t":"C172"},"2E8":{"t":"C172"},"2E9":{"t":"P28A"},"2EA":{"t":"C172"},"2EC":{"t":"P28A"},"2ED":{"t":"C170"},"2EE":{"t":"PA32"},"2F1":{"t":"C185"},"2F5":{"t":"GLID"},"2F8":{"t":"BL17"},"2F9":{"t":"BL17"},"2FA":{"t":"BL17"},"2FD":{"t":"GLID"},"2FE":{"t":"J3"},"2FF":{"t":"GLID"},"300":{"t":"C182"},"303":{"t":"C340"},"304":{"t":"GLID"},"305":{"t":"C150"},"306":{"t":"P28A"},"30E":{"desc":"L1P"},"310":{"t":"C170"},"311":{"t":"PA32"},"312":{"desc":"L1P"},"314":{"t":"PA18"},"315":{"t":"GLID"},"316":{"t":"BL17"},"318":{"t":"BL17"},"31D":{"t":"BL17"},"31F":{"desc":"L1P"},"320":{"t":"BALL"},"321":{"t":"ST75"},"323":{"t":"C182"},"324":{"t":"PA36"},"329":{"t":"P28A"},"32A":{"t":"BALL"},"32D":{"t":"PA18"},"32E":{"t":"C172"},"330":{"t":"C172"},"332":{"t":"C150"},"334":{"t":"PA32"},"335":{"t":"P28R"},"337":{"desc":"S1P","t":"PA18"},"338":{"t":"BL17"},"33E":{"t":"BL17"},"340":{"t":"BL17"},"341":{"t":"BL17"},"343":{"t":"AS50"},"348":{"t":"C172"},"349":{"t":"C340"},"34B":{"t":"C150"},"34C":{"t":"P28A"},"34F":{"t":"BALL"},"352":{"t":"BALL"},"353":{"t":"C172"},"356":{"t":"C170"},"359":{"t":"C210"},"35A":{"t":"PA18"},"35F":{"t":"BL17"},"364":{"t":"BL17"},"365":{"t":"BE60"},"369":{"t":"C182"},"36A":{"t":"AR11"},"36B":{"t":"C172"},"36D":{"t":"ERCO"},"36E":{"t":"C150"},"372":{"t":"M20P"},"373":{"t":"PA18"},"374":{"t":"C172"},"375":{"t":"P28A"},"376":{"t":"C172"},"377":{"t":"P28R"},"378":{"t":"C150"},"379":{"t":"C150"},"37D":{"t":"PA18"},"381":{"t":"BL17"},"382":{"t":"BL17"},"387":{"t":"BL17"},"38A":{"t":"ST75"},"390":{"t":"ERCO"},"391":{"t":"C150"},"394":{"t":"PA12"},"395":{"t":"M20P"},"396":{"t":"PA18"},"397":{"t":"C172"},"398":{"t":"P28A"},"3A0":{"t":"PA18"},"3A2":{"t":"BL17"},"3A6":{"t":"BL17"},"3A7":{"t":"BL17"},"3AB":{"desc":"L1P"},"3B1":{"t":"C172"},"3B9":{"t":"PA18"},"3BA":{"t":"C172"},"3BF":{"t":"BALL"},"3C0":{"t":"PA32"},"3C1":{"t":"P28A"},"3C5":{"t":"BL17"},"3C6":{"t":"BL17"},"3C7":{"t":"BL17"},"3CC":{"t":"BL17"},"3CF":{"desc":"L1P"},"3D0":{"t":"BALL"},"3D4":{"t":"C172"},"3D5":{"t":"C206"},"3D7":{"t":"C150"},"3DB":{"t":"M20P"},"3DC":{"t":"PA18"},"3E0":{"desc":"A1P"},"3E1":{"t":"C150"},"3E3":{"t":"PA32"},"3E4":{"t":"P28A"},"3E8":{"t":"GLF5"},"3EA":{"t":"BL17"},"3ED":{"t":"BL17"},"3EF":{"t":"BL17"},"3F0":{"t":"BL17"},"3F5":{"t":"C182"},"3FA":{"t":"C150"},"3FC":{"t":"C172"},"3FD":{"t":"PA12"},"3FE":{"t":"M20P"},"403":{"t":"P28R"},"404":{"t":"C150"},"405":{"t":"C170"},"406":{"t":"PA32"},"407":{"t":"P28R"},"40A":{"t":"BL17"},"40B":{"t":"BL17"},"40C":{"t":"BL17"},"40F":{"t":"BL17"},"410":{"t":"BL17"},"413":{"t":"BL17"},"416":{"t":"J3"},"41A":{"t":"P28A"},"41B":{"t":"C206"},"41C":{"t":"ERCO"},"41E":{"t":"P28A"},"41F":{"t":"C172"},"421":{"t":"M20P"},"423":{"t":"C172"},"424":{"t":"P28A"},"425":{"t":"C172"},"427":{"t":"C150"},"428":{"t":"C170"},"429":{"t":"PA32"},"42A":{"t":"PA32"},"42B":{"t":"C210"},"430":{"t":"BL17"},"432":{"t":"BL17"},"433":{"t":"BL17"},"434":{"t":"BL17"},"436":{"t":"BL17"},"437":{"t":"GA5C"},"438":{"desc":"L1P"},"43A":{"t":"C525"},"43B":{"desc":"L4J"},"43C":{"t":"RV12"},"43D":{"t":"B06"},"43F":{"desc":"A1P"},"442":{"desc":"L1P"},"444":{"t":"PC12"},"445":{"t":"B763"},"44C":{"desc":"L1P"},"451":{"t":"BE35"},"454":{"t":"CH7B"},"45B":{"desc":"L1P"},"45C":{"desc":"H6E"},"45F":{"desc":"L1P"},"461":{"desc":"L1P"},"466":{"t":"BE20"},"469":{"t":"BL8"},"46A":{"desc":"L1P"},"46B":{"t":"BT36"},"46D":{"desc":"L1P","t":"ULAC"},"46F":{"t":"P28A"},"475":{"t":"SF34"},"476":{"t":"B763"},"478":{"t":"C182"},"47E":{"t":"C182"},"482":{"desc":"L2T"},"484":{"t":"B738"},"487":{"t":"SR22"},"489":{"t":"C182"},"48A":{"t":"GLID"},"48F":{"desc":"L2J"},"491":{"desc":"L1P"},"494":{"t":"DA40"},"49C":{"t":"C150"},"4A1":{"desc":"L1P"},"4AD":{"t":"C172"},"4B5":{"t":"C180"},"4BA":{"t":"DC10"},"4BB":{"t":"GLF5"},"4C0":{"t":"CL60"},"4C3":{"t":"RV12"},"4D0":{"desc":"L1P"},"4DF":{"t":"GLEX"},"4E7":{"t":"C182"},"4E8":{"t":"A332"},"4EA":{"t":"BE20"},"4EF":{"desc":"H2T"},"4F5":{"desc":"L1P"},"4FE":{"t":"HUSK"},"501":{"t":"GL5T"},"502":{"t":"R66"},"504":{"desc":"L2T"},"50E":{"t":"C77R"},"512":{"t":"P28A"},"519":{"t":"C182"},"523":{"t":"S76"},"525":{"t":"T210"},"52B":{"desc":"L1T"},"533":{"t":"PC12"},"535":{"desc":"L1P"},"538":{"t":"C750"},"539":{"t":"AS50"},"53B":{"desc":"L1T"},"53E":{"t":"PA32"},"544":{"t":"BE35"},"54B":{"desc":"L1P"},"54C":{"t":"P28A"},"54E":{"t":"BE55"},"54F":{"desc":"L1P"},"550":{"t":"C182"},"551":{"desc":"A1P"},"564":{"t":"C182"},"567":{"t":"CL30"},"56B":{"t":"PC12"},"575":{"desc":"H1T"},"584":{"t":"PC12"},"585":{"t":"EC45"},"589":{"t":"SR22"},"58F":{"t":"BE35"},"596":{"desc":"L1P"},"5B0":{"t":"BE40"},"5B1":{"desc":"H1P"},"5B2":{"t":"PA32"},"5BB":{"t":"AA5"},"5BF":{"desc":"H2T"},"5C0":{"desc":"L1P"},"5C9":{"t":"PC12"},"5CA":{"desc":"L1P"},"5CB":{"desc":"L1P","t":"ULAC"},"5D3":{"desc":"L1P"},"5D4":{"t":"S22T"},"5DA":{"t":"C150"},"5DD":{"desc":"L1P"},"5E1":{"t":"C182"},"5E2":{"t":"BE36"},"5E4":{"t":"B58T"},"5EC":{"t":"BE60"},"5ED":{"desc":"L1P"},"5F3":{"t":"C208"},"5F6":{"t":"BE9T"},"5F7":{"t":"C150"},"62C":{"t":"C750"},"62D":{"desc":"A1P"},"62E":{"t":"CL60"},"634":{"desc":"L1J"},"638":{"t":"BE20"},"639":{"t":"B733"},"63D":{"t":"BE9L"},"645":{"t":"AA1"},"677":{"t":"M7"},"678":{"t":"L39"},"691":{"t":"AS50"},"694":{"t":"C182"},"695":{"t":"AR11"},"698":{"t":"M20P"},"69A":{"t":"P28A"},"69B":{"t":"ULAC"},"6A3":{"t":"P28A"},"6A4":{"t":"C172"},"6A9":{"t":"TAYB"},"6AA":{"t":"TAYB"},"6AC":{"t":"TAYB"},"6AD":{"t":"TAYB"},"6B0":{"t":"BL17"},"6B2":{"t":"BL17"},"6B4":{"t":"BE33"},"6B5":{"t":"ST75"},"6B8":{"desc":"L1P"},"6BB":{"t":"M20T"},"6BD":{"t":"P28A"},"6BF":{"t":"P28S"},"6C4":{"t":"C172"},"6C6":{"t":"C150"},"6C8":{"t":"PA32"},"6CB":{"t":"PA18"},"6CC":{"desc":"L1P"},"6CD":{"t":"TAYB"},"6D1":{"t":"P28A"},"6D2":{"t":"TAYB"},"6D3":{"t":"TAYB"},"6D5":{"t":"TAYB"},"6D6":{"t":"GLID"},"6D8":{"t":"ST75"},"6DA":{"t":"C182"},"6DD":{"t":"T206"},"6DE":{"t":"ERCO"},"6DF":{"t":"C150"},"6E1":{"t":"C172"},"6E2":{"t":"PA12"},"6E3":{"t":"M20P"},"6E4":{"t":"PA18"},"6E5":{"t":"C185"},"6E7":{"t":"C172"},"6E8":{"t":"P28R"},"6EA":{"t":"C170"},"6EE":{"t":"PA18"},"6F0":{"t":"P32T"},"6F3":{"t":"TAYB"},"6F6":{"t":"TAYB"},"6F7":{"t":"TAYB"},"6F8":{"t":"BALL"},"6F9":{"desc":"L1P","t":"ULAC"},"6FB":{"desc":"L1P"},"6FC":{"desc":"L1P"},"6FE":{"t":"PA36"},"6FF":{"t":"C172"},"702":{"t":"C150"},"706":{"t":"BE35"},"707":{"desc":"L1P"},"709":{"t":"P28A"},"70B":{"t":"P28R"},"70C":{"t":"C150"},"70D":{"t":"C170"},"710":{"desc":"L1P"},"711":{"t":"PA18"},"714":{"t":"TAYB"},"715":{"t":"TAYB"},"71D":{"desc":"L1P"},"71E":{"t":"ST75"},"720":{"desc":"L1P"},"728":{"t":"P32T"},"729":{"t":"M20P"},"72B":{"t":"C185"},"72D":{"t":"C172"},"72E":{"t":"P28R"},"731":{"t":"PA32"},"733":{"t":"C210"},"734":{"t":"PA18"},"736":{"t":"PA32"},"739":{"t":"P32T"},"73B":{"t":"TAYB"},"73C":{"t":"TAYB"},"740":{"t":"C310"},"743":{"t":"C182"},"746":{"t":"T206"},"747":{"t":"BALL"},"748":{"t":"C150"},"74A":{"t":"C172"},"74B":{"t":"PA34"},"74D":{"t":"PA18"},"751":{"desc":"L1P"},"753":{"t":"C150"},"757":{"t":"PA18"},"75B":{"t":"P28A"},"75C":{"t":"P28A"},"765":{"t":"BALL"},"766":{"t":"C182"},"768":{"t":"P28R"},"76B":{"t":"C150"},"76C":{"t":"P28A"},"76D":{"t":"ULAC"},"76F":{"t":"M20P"},"770":{"t":"PA18"},"771":{"t":"C172"},"772":{"t":"P28A"},"773":{"t":"C172"},"775":{"t":"C150"},"776":{"t":"C170"},"77A":{"t":"PA18"},"77D":{"t":"TAYB"},"77F":{"t":"P32T"},"781":{"t":"TAYB"},"784":{"t":"TAYB"},"785":{"t":"CH7A"},"787":{"t":"ST75"},"789":{"t":"C182"},"78A":{"t":"AR11"},"78B":{"t":"PA32"},"78D":{"t":"M20T"},"78F":{"t":"P28A"},"790":{"t":"ST75"},"791":{"t":"PA12"},"792":{"t":"M20P"},"794":{"t":"C172"},"796":{"t":"C172"},"797":{"t":"P28R"},"79A":{"t":"PA32"},"79D":{"t":"PA18"},"7A0":{"t":"TAYB"},"7A1":{"t":"TAYB"},"7A2":{"t":"TAYB"},"7A7":{"t":"TAYB"},"7AC":{"t":"C182"},"7AD":{"t":"AR11"},"7AE":{"t":"P32R"},"7B3":{"t":"C172"},"7BB":{"t":"C150"},"7BC":{"t":"C170"},"7C3":{"t":"TAYB"},"7C8":{"t":"BALL"},"7C9":{"t":"TAYB"},"7CB":{"t":"PA32"},"7CD":{"t":"BALL"},"7D3":{"t":"BALL"},"7D4":{"t":"C150"},"7D6":{"t":"C172"},"7D7":{"t":"BALL"},"7DB":{"t":"P28A"},"7DC":{"t":"C310"},"7DD":{"t":"BALL"},"7E1":{"t":"PA32"},"7E2":{"t":"CH7B"},"7E3":{"t":"PA18"},"7E4":{"t":"TAYB"},"7E5":{"t":"TAYB"},"7E6":{"t":"TAYB"},"7E8":{"t":"P28A"},"7E9":{"t":"P28A"},"7EA":{"t":"TAYB"},"7EC":{"t":"C170"},"7ED":{"t":"C150"},"7EF":{"t":"SHIP"},"7F0":{"t":"C185"},"7F2":{"t":"C337"},"7F3":{"t":"C421"},"7F5":{"t":"C421"},"7F7":{"t":"T206"},"7F9":{"t":"AS50"},"7FB":{"t":"C172"},"7FF":{"t":"P210"},"800":{"t":"C310"},"801":{"t":"C550"},"802":{"t":"M20P"},"803":{"t":"NAVI"},"807":{"desc":"L4J"},"808":{"t":"E55P"},"809":{"t":"F900"},"80A":{"t":"GLID"},"80B":{"t":"SF50"},"80C":{"desc":"L1P"},"80D":{"t":"C210"},"80E":{"t":"P337"},"810":{"t":"RV12"},"812":{"t":"P28A"},"815":{"t":"E55P"},"817":{"t":"P28A"},"818":{"t":"P28R"},"819":{"desc":"L1P"},"81B":{"desc":"L1P"},"81C":{"t":"P337"},"81D":{"t":"BE55"},"820":{"t":"CL30"},"821":{"t":"J3"},"822":{"t":"PC12"},"823":{"t":"PA24"},"824":{"t":"GLID"},"826":{"t":"FA7X"},"827":{"t":"P337"},"828":{"t":"T210"},"829":{"t":"LJ45"},"82A":{"t":"C25C"},"82B":{"t":"PA30"},"82D":{"desc":"A1T","t":"KODI"},"82F":{"t":"GLF6"},"830":{"t":"B06"},"833":{"t":"P337"},"836":{"desc":"L1P"},"837":{"desc":"L1P"},"838":{"t":"P337"},"839":{"t":"P337"},"83A":{"desc":"L1P"},"83B":{"t":"LJ45"},"83D":{"desc":"L1P"},"83F":{"desc":"L1P"},"840":{"t":"F900"},"841":{"t":"BL8"},"842":{"t":"BE18"},"844":{"desc":"L1P"},"845":{"t":"S22T"},"848":{"t":"GLF4"},"84A":{"t":"PA27"},"84B":{"t":"R66"},"84C":{"t":"UH12"},"850":{"t":"C210"},"851":{"t":"P337"},"852":{"t":"P337"},"853":{"t":"S22T"},"854":{"t":"LJ35"},"855":{"t":"C172"},"856":{"t":"C182"},"85B":{"t":"GLID"},"85C":{"desc":"L1P"},"85D":{"desc":"A1P"},"85F":{"t":"MITE"},"861":{"desc":"L2P"},"862":{"t":"BE36"},"863":{"t":"BE35"},"865":{"t":"PA12"},"867":{"t":"BE35"},"868":{"desc":"L1P"},"869":{"t":"C77R"},"86B":{"t":"E50P"},"86C":{"desc":"L1P"},"86D":{"t":"C310"},"86F":{"t":"F2TH"},"872":{"t":"C510"},"874":{"t":"BE35"},"875":{"desc":"L1P"},"877":{"t":"GLF6"},"87A":{"t":"C182"},"87B":{"desc":"L1P"},"87C":{"t":"CH7B"},"87D":{"desc":"L1P"},"881":{"desc":"L1P"},"884":{"t":"P337"},"885":{"t":"C337"},"886":{"t":"BE36"},"887":{"desc":"L1P"},"888":{"t":"P28A"},"88A":{"t":"BE36"},"88B":{"desc":"L1P"},"88C":{"desc":"L1P"},"88D":{"t":"SR22"},"88F":{"t":"C310"},"890":{"t":"C182"},"891":{"desc":"L1P"},"893":{"t":"NAVI"},"896":{"t":"B429"},"897":{"t":"SF50"},"89A":{"desc":"L1P"},"89D":{"desc":"L1P"},"89F":{"t":"C303"},"8A2":{"t":"F2TH"},"8A3":{"t":"BE58"},"8A4":{"t":"BE36"},"8A6":{"t":"BE35"},"8A8":{"t":"C525"},"8AA":{"desc":"L1P"},"8AB":{"t":"GLID"},"8AE":{"desc":"L1P"},"8B0":{"t":"GLID"},"8B1":{"t":"HUSK"},"8B2":{"desc":"L1P"},"8B4":{"t":"BE17"},"8B6":{"t":"B407"},"8B8":{"t":"BE58"},"8BA":{"desc":"L1P"},"8BC":{"desc":"L1P"},"8BD":{"t":"T210"},"8BE":{"t":"P28A"},"8C0":{"t":"CH7B"},"8C1":{"t":"HUSK"},"8C3":{"desc":"L1P"},"8C4":{"t":"C25B"},"8C5":{"desc":"L1P"},"8C7":{"t":"C150"},"8C8":{"desc":"L2J"},"8CD":{"t":"BE35"},"8CE":{"t":"AC11"},"8CF":{"desc":"L1P"},"8D2":{"t":"PA18"},"8D3":{"t":"GLID"},"8D5":{"t":"S22T"},"8D7":{"t":"AA5"},"8D8":{"desc":"L1P"},"8D9":{"desc":"L1P"},"8DA":{"t":"C180"},"8DB":{"t":"C188"},"8DC":{"desc":"L1P"},"8DD":{"t":"GLID"},"8DE":{"desc":"L1P"},"8DF":{"t":"PA18"},"8E0":{"t":"S22T"},"8E1":{"t":"C56X"},"8E2":{"t":"BE33"},"8E6":{"t":"C180"},"8E7":{"t":"BALL"},"8E8":{"t":"PA23"},"8E9":{"desc":"L1P"},"8EC":{"t":"BE36"},"8ED":{"t":"M20P"},"8EF":{"t":"T206"},"8F0":{"t":"B350"},"8F2":{"desc":"L1P"},"8F3":{"desc":"L1P"},"8F5":{"t":"E55P"},"8F6":{"t":"AEST"},"8FB":{"t":"C182"},"8FC":{"t":"AA1"},"8FD":{"t":"BE24"},"8FF":{"t":"PTS2"},"900":{"t":"AC11"},"902":{"t":"C25C"},"903":{"t":"C185"},"904":{"t":"S22T"},"905":{"t":"B58T"},"906":{"desc":"L1T"},"908":{"t":"CJ6"},"90C":{"desc":"L1P"},"90D":{"t":"M20P"},"910":{"desc":"L1P"},"915":{"t":"C421"},"916":{"desc":"L1P"},"917":{"t":"C182"},"918":{"t":"CL30"},"919":{"t":"M20P"},"91A":{"t":"C421"},"91B":{"desc":"L1P"},"91D":{"t":"C182"},"91E":{"desc":"A2P"},"920":{"desc":"L2T"},"922":{"t":"C337"},"923":{"desc":"A1P","t":"ULAC"},"924":{"t":"B06"},"929":{"t":"C172"},"92B":{"t":"GLF2"},"92F":{"t":"C77R"},"930":{"t":"PA22"},"932":{"t":"P46T"},"934":{"t":"C82T"},"936":{"desc":"L1P"},"937":{"desc":"L1P"},"938":{"t":"CH7B"},"939":{"desc":"L1P"},"93A":{"t":"P337"},"93B":{"t":"C510"},"93C":{"desc":"L1P"},"93D":{"t":"C310"},"93E":{"t":"BE55"},"93F":{"t":"PA24"},"940":{"desc":"L1P"},"944":{"t":"PA18"},"945":{"t":"J3"},"947":{"desc":"L1P"},"949":{"t":"L8"},"94A":{"desc":"L1P"},"94B":{"desc":"L1P"},"94C":{"t":"AC90"},"94D":{"t":"C170"},"951":{"t":"GLID"},"954":{"t":"F2TH"},"955":{"t":"R44"},"957":{"t":"C208"},"958":{"t":"BE20"},"95A":{"t":"C650"},"95B":{"t":"C172"},"95D":{"t":"HUSK"},"95E":{"desc":"L2P"},"95F":{"desc":"L1P"},"960":{"t":"T6"},"961":{"desc":"L1P"},"966":{"t":"MU2"},"967":{"desc":"L2P"},"968":{"t":"BE33"},"969":{"t":"T6"},"96C":{"t":"GLID"},"96D":{"t":"C182"},"96F":{"desc":"L1P"},"970":{"t":"C172"},"971":{"desc":"L1P"},"975":{"t":"C182"},"976":{"desc":"H2T"},"977":{"t":"E55P"},"978":{"desc":"L1P"},"97D":{"t":"U21"},"97F":{"t":"C25C"},"981":{"desc":"L1P"},"982":{"desc":"L1P"},"985":{"t":"ASTR"},"986":{"t":"P32R"},"987":{"desc":"L1P"},"989":{"t":"NAVI"},"98A":{"t":"P337"},"98B":{"t":"F900"},"98E":{"desc":"L1P"},"98F":{"t":"M20T"},"991":{"t":"B350"},"993":{"t":"S108"},"994":{"t":"C172"},"995":{"desc":"L1P"},"997":{"desc":"L1P"},"998":{"desc":"H1T","t":"GLEX"},"999":{"t":"C172"},"99A":{"t":"BE50"},"99B":{"t":"BE24"},"99C":{"t":"GLF4"},"99D":{"t":"GLID"},"99E":{"desc":"L1P"},"9A0":{"t":"P28A"},"9A3":{"t":"C560"},"9A4":{"t":"C501"},"9A6":{"desc":"L1P"},"9A7":{"t":"R66"},"9A9":{"desc":"A1P"},"9AA":{"desc":"L1P"},"9AC":{"t":"AS50"},"9AD":{"desc":"A1P"},"9AE":{"desc":"L1P"},"9B0":{"desc":"L1P"},"9B2":{"t":"C180"},"9B4":{"desc":"L1P"},"9B5":{"t":"P210"},"9B7":{"t":"BE55"},"9B9":{"desc":"H1T"},"9BB":{"t":"GLID"},"9BE":{"t":"CH7A"},"9BF":{"desc":"L1P"},"9C1":{"t":"C182"},"9C2":{"t":"C180"},"9C4":{"desc":"L1P"},"9C6":{"t":"C182"},"9C8":{"t":"C182"},"9CA":{"desc":"L1P"},"9CB":{"t":"BE33"},"9CE":{"desc":"L1P"},"9CF":{"t":"B222"},"9D0":{"t":"FA7X"},"9D1":{"t":"BE33"},"9D2":{"t":"C421"},"9D3":{"t":"C182"},"9D5":{"desc":"L1P"},"9DA":{"desc":"L1P"},"9DB":{"t":"PA27"},"9DC":{"t":"P28A"},"9DF":{"t":"T210"},"9E1":{"desc":"L1P"},"9E2":{"desc":"A1P"},"9E3":{"t":"WACO"},"9E4":{"t":"SF50"},"9E5":{"t":"P32R"},"9E7":{"desc":"L2T"},"9EC":{"desc":"L1P"},"9EE":{"t":"T34P"},"9F0":{"t":"BE35"},"9F2":{"t":"C182"},"9F3":{"t":"BE35"},"9F4":{"t":"C182"},"9F5":{"desc":"A1P"},"9F9":{"desc":"L1P"},"9FA":{"t":"M20P"},"9FB":{"t":"BE58"},"9FD":{"t":"GLID"},"9FE":{"desc":"L1P"},"9FF":{"t":"C185"},"A00":{"desc":"L1P"},"A01":{"desc":"L1P"},"A02":{"desc":"L1P"},"A05":{"desc":"A1P"},"A06":{"desc":"L1P"},"A09":{"t":"PA24"},"A0A":{"t":"BE35"},"A0D":{"desc":"L1P"},"A10":{"desc":"L1P"},"A13":{"desc":"H1T"},"A16":{"t":"PA30"},"A17":{"desc":"L1T"},"A19":{"t":"E300"},"A1B":{"desc":"L1P"},"A1D":{"desc":"L1P"},"A20":{"desc":"L1P"},"A21":{"t":"M20T"},"A23":{"t":"P28A"},"A26":{"t":"B350"},"A27":{"t":"C182"},"A29":{"t":"C182"},"A2A":{"desc":"L1P"},"A2B":{"desc":"L1P"},"A2C":{"t":"T210"},"A2D":{"t":"C206"},"A31":{"t":"C680"},"A32":{"t":"GLID"},"A33":{"desc":"L1P"},"A34":{"desc":"G1P","t":"GYRO"},"A35":{"desc":"L1P"},"A38":{"desc":"L1P"},"A39":{"t":"C560"},"A3C":{"desc":"L1P"},"A3F":{"desc":"L1P","t":"ULAC"},"A41":{"t":"AC11"},"A42":{"desc":"L1P"},"A43":{"desc":"L1P"},"A45":{"t":"SR22"},"A46":{"desc":"L1P"},"A49":{"t":"GLF4"},"A4A":{"t":"BE33"},"A4B":{"t":"BL8"},"A4D":{"t":"C182"},"A4E":{"t":"GLID"},"A4F":{"t":"H25B"},"A51":{"t":"C180"},"A53":{"t":"M20P"},"A54":{"desc":"L2T"},"A56":{"t":"M20T"},"A58":{"t":"P28U"},"A59":{"t":"C182"},"A5A":{"t":"C82R"},"A5B":{"t":"M20T"},"A5C":{"t":"R66"},"A5D":{"t":"HUSK"},"A61":{"t":"C25C"},"A62":{"t":"BE9L"},"A63":{"t":"C182"},"A64":{"desc":"L1P"},"A67":{"t":"RV12"},"A68":{"t":"LJ45"},"A6A":{"desc":"L1P"},"A6B":{"t":"M20P"},"A6C":{"t":"C182"},"A6D":{"desc":"L1J"},"A74":{"desc":"L1P"},"A77":{"desc":"L1P"},"A78":{"desc":"L1P"},"A79":{"t":"COL4"},"A7A":{"desc":"L1P"},"A7B":{"t":"PA31"},"A7C":{"desc":"L1P"},"A7D":{"t":"M20T"},"A80":{"t":"M20P"},"A82":{"desc":"L1P"},"A83":{"t":"C525"},"A84":{"t":"C172"},"A85":{"desc":"A1P"},"A86":{"desc":"L1P"},"A88":{"desc":"L2P"},"A8A":{"desc":"L1P"},"A8B":{"desc":"L1P"},"A8C":{"desc":"H1P"},"A8D":{"desc":"H2T"},"A8E":{"t":"PA31"},"A90":{"t":"COL4"},"A91":{"desc":"L1P"},"A92":{"desc":"L1P"},"A93":{"t":"GLF6"},"A94":{"t":"PA30"},"A96":{"desc":"L1P"},"A97":{"t":"BE60"},"A99":{"desc":"L1P"},"A9A":{"desc":"L1P"},"A9B":{"desc":"L1P"},"A9C":{"desc":"A1P"},"A9E":{"desc":"H1P"},"A9F":{"desc":"L1P"},"AA0":{"desc":"H1T","t":"TBM7"},"AA3":{"desc":"L1P"},"AA4":{"desc":"L1P"},"AA7":{"t":"C206"},"AA9":{"t":"BE40"},"AAB":{"t":"PA12"},"AAC":{"t":"BE17"},"AAD":{"t":"C208"},"AAE":{"desc":"L1P"},"AB1":{"desc":"A2P"},"AB4":{"desc":"L1P"},"AB8":{"t":"BL8"},"ABA":{"t":"C551"},"ABC":{"t":"C172"},"AC0":{"t":"ULAC"},"AC1":{"t":"M20T"},"AC2":{"desc":"L1P"},"AC4":{"desc":"L1P"},"AC5":{"t":"BE36"},"AC6":{"t":"AA5"},"ACA":{"desc":"L1P"},"ACC":{"t":"M20P"},"AD1":{"t":"M20T"},"AD6":{"desc":"L1P"},"AD7":{"desc":"L1P"},"ADE":{"t":"BE35"},"AE0":{"t":"C340"},"AE1":{"desc":"L1P"},"AE2":{"t":"SR22"},"AE3":{"desc":"L1P"},"AE4":{"t":"PC12"},"AE5":{"t":"WW24"},"AE6":{"t":"GLID"},"AE7":{"desc":"L1P"},"AEA":{"t":"BE35"},"AEB":{"desc":"A1T","t":"KODI"},"AEC":{"t":"LJ45"},"AEE":{"desc":"L1P"},"AF0":{"t":"SBR1"},"AF2":{"t":"C206"},"AF3":{"desc":"L1P"},"AF5":{"desc":"G1P"},"AF6":{"t":"B350"},"AF8":{"t":"FDCT"},"AF9":{"t":"GLID"},"AFA":{"t":"C56X"},"AFB":{"desc":"L1P"},"AFD":{"t":"C150"},"AFF":{"desc":"L1P"},"B01":{"desc":"L1P"},"B02":{"desc":"H8E"},"B03":{"desc":"L1P"},"B05":{"t":"PA46"},"B08":{"t":"T6"},"B0A":{"t":"HUSK"},"B0C":{"t":"GLID"},"B0D":{"desc":"H1T"},"B0E":{"t":"HUSK"},"B10":{"desc":"L1P"},"B11":{"t":"P28A"},"B13":{"t":"C421"},"B14":{"t":"PRM1"},"B15":{"t":"M20T"},"B16":{"t":"C208"},"B17":{"t":"P28R"},"B18":{"t":"BE36"},"B19":{"desc":"L2T"},"B1A":{"desc":"L1P"},"B1B":{"desc":"L1P"},"B1C":{"t":"BL8"},"B1D":{"desc":"L1P"},"B1E":{"desc":"L1P"},"B20":{"desc":"L1P"},"B21":{"t":"PA24"},"B22":{"desc":"L2P"},"B24":{"desc":"L1P"},"B26":{"desc":"L1P","t":"ULAC"},"B29":{"desc":"L1P"},"B2B":{"desc":"H1P"},"B2C":{"desc":"L2T"},"B2D":{"t":"B407"},"B2E":{"desc":"L1P"},"B2F":{"desc":"L1P"},"B30":{"t":"BE36"},"B31":{"desc":"L1P"},"B32":{"t":"GLF4"},"B33":{"desc":"L1P"},"B34":{"t":"DA40"},"B35":{"t":"M7"},"B37":{"t":"M7"},"B39":{"desc":"L1P"},"B3B":{"t":"BE35"},"B3E":{"desc":"L1P"},"B43":{"t":"AT8T"},"B44":{"t":"F900"},"B45":{"desc":"L1P"},"B47":{"desc":"L1P"},"B48":{"t":"C162"},"B49":{"t":"CL30"},"B4A":{"t":"M20T"},"B4C":{"desc":"L1P"},"B4D":{"t":"HUSK"},"B52":{"desc":"L1P"},"B53":{"t":"C182"},"B54":{"t":"C180"},"B56":{"t":"SR22"},"B57":{"t":"PA27"},"B59":{"t":"C172"},"B5B":{"desc":"L1P"},"B5C":{"t":"P46T"},"B5D":{"desc":"L1P"},"B5E":{"t":"B06"},"B60":{"t":"C421"},"B61":{"t":"C550"},"B62":{"t":"BE95"},"B63":{"desc":"L1P"},"B64":{"t":"M20P"},"B65":{"desc":"L1P"},"B66":{"desc":"L1P"},"B67":{"t":"BE55"},"B6B":{"desc":"L1P"},"B6D":{"t":"C180"},"B70":{"t":"BE36"},"B71":{"t":"GLID"},"B74":{"t":"F2TH"},"B77":{"t":"PA32"},"B78":{"t":"FA10"},"B79":{"t":"C208"},"B7B":{"desc":"L1P"},"B7F":{"t":"BE35"},"B84":{"t":"M20P"},"B85":{"desc":"L2J"},"B8B":{"t":"C414"},"B8C":{"t":"PA32"},"B8D":{"desc":"L1P"},"B8E":{"desc":"G1P"},"B8F":{"t":"GLID"},"B90":{"t":"LJ45"},"B91":{"t":"LJ45"},"B92":{"desc":"L1P"},"B93":{"t":"TWEN"},"B94":{"t":"B58T"},"B95":{"desc":"L1P"},"B96":{"t":"HUSK"},"B99":{"t":"PA46"},"B9A":{"desc":"L1P"},"B9F":{"desc":"L1P"},"BA1":{"t":"LJ45"},"BA2":{"t":"T206"},"BA3":{"t":"M7"},"BA5":{"desc":"L1P"},"BA6":{"desc":"L1P"},"BAF":{"t":"GLF4"},"BBF":{"t":"BE20"},"BC1":{"t":"C77R"},"BC2":{"t":"E55P"},"BC3":{"t":"BE9L"},"BC5":{"t":"C172"},"BC6":{"t":"C172"},"BC8":{"t":"RV12"},"BC9":{"t":"RV12"},"BCA":{"t":"R66"},"BCB":{"t":"RV12"},"BCD":{"desc":"L1P"},"BCE":{"t":"HA4T"},"BCF":{"t":"C25C"},"BD0":{"t":"PA24"},"BD2":{"t":"C421"},"BD4":{"desc":"L1P"},"BD7":{"t":"PA46"},"BDA":{"t":"BE20"},"BDC":{"t":"L8"},"BDE":{"t":"P28A"},"BDF":{"t":"BL8"},"BE2":{"t":"C414"},"BE4":{"t":"AC90"},"BE5":{"t":"BALL"},"BE6":{"t":"C172"},"BE7":{"desc":"L1P"},"BE8":{"desc":"S1P"},"BE9":{"t":"C340"},"BEA":{"desc":"L1P"},"BEC":{"t":"M20P"},"BEE":{"desc":"L1P"},"BEF":{"t":"P32R"},"BF1":{"desc":"L1P"},"BF2":{"desc":"H8E"},"BF3":{"t":"M20T"},"BF5":{"desc":"L1P"},"BF8":{"desc":"L1J"},"BF9":{"t":"F2TH"},"BFC":{"desc":"L1P"},"BFD":{"t":"M20P"},"BFF":{"t":"C172"},"C01":{"t":"BE36"},"C02":{"t":"PA46"},"C03":{"t":"PAY2"},"C04":{"t":"PA18"},"C07":{"t":"AS50"},"C0A":{"t":"BE35"},"C0B":{"t":"L39"},"C1B":{"t":"C525"},"C1C":{"t":"CL60"},"C23":{"t":"BE55"},"C25":{"desc":"L1P"},"C26":{"t":"GLF4"},"C2F":{"t":"PA30"},"C33":{"t":"B407"},"C34":{"t":"L8"},"C35":{"desc":"H2T"},"C37":{"desc":"L1P"},"C39":{"desc":"L1P"},"C3B":{"desc":"L1P"},"C3D":{"t":"C180"},"C3E":{"desc":"L1P"},"C3F":{"t":"GLID"},"C40":{"desc":"H1P"},"C41":{"desc":"L1E"},"C42":{"t":"PA30"},"C46":{"t":"L8"},"C47":{"t":"C150"},"C49":{"t":"C177"},"C4A":{"t":"PA18"},"C4E":{"t":"C180"},"C50":{"t":"C25B"},"C51":{"desc":"L1P"},"C53":{"t":"HUSK"},"C58":{"t":"CL60"},"C5A":{"t":"DA40"},"C5E":{"t":"BE9L"},"C63":{"desc":"L1P"},"C65":{"t":"LJ45"},"C66":{"t":"BE36"},"C6B":{"t":"M20P"},"C6E":{"t":"BE20"},"C70":{"t":"B06"},"C78":{"t":"CJ6"},"C7C":{"desc":"L2P"},"C7E":{"t":"R22"},"C87":{"t":"GLID"},"C88":{"t":"F900"},"C91":{"desc":"L1P"},"C93":{"t":"M20T"},"C94":{"desc":"L1P","t":"ULAC"},"CA3":{"t":"BL8"},"CA7":{"desc":"A1P","t":"ULAC"},"CA9":{"t":"EC30"},"CAA":{"t":"GLF4"},"CAB":{"desc":"L1P"},"CAE":{"desc":"L2J","t":"A21N"},"CAF":{"t":"C340"},"CB1":{"t":"SR22"},"CB2":{"t":"C172"},"CB3":{"t":"C402"},"CB6":{"desc":"L1P"},"CB8":{"t":"B350"},"CB9":{"t":"GLID"},"CBB":{"t":"COL4"},"CBC":{"t":"GLID"},"CBD":{"t":"GLEX"},"CBE":{"desc":"L1P"},"CC1":{"desc":"L1P"},"CC2":{"t":"BE40"},"CC3":{"t":"C421"},"CC4":{"t":"BE9L"},"CC5":{"t":"BE55"},"CC6":{"t":"AA5"},"CC8":{"t":"BE60"},"CCB":{"t":"C421"},"CCC":{"t":"C82R"},"CCD":{"t":"COL4"},"CCE":{"desc":"L1P"},"CCF":{"t":"PC12"},"CD3":{"desc":"L1P"},"CD4":{"t":"BE55"},"CD5":{"t":"P28R"},"CD6":{"t":"DA40"},"CD7":{"desc":"L1P","t":"ULAC"},"CD8":{"t":"C421"},"CD9":{"t":"GLID"},"CDB":{"t":"CL30"},"CDC":{"t":"PA24"},"CDD":{"t":"BALL"},"CDE":{"t":"S108"},"CDF":{"t":"PAY2"},"CE0":{"t":"BE40"},"CE1":{"t":"C56X"},"CE9":{"desc":"H1P"},"CEB":{"t":"LJ35"},"CED":{"t":"BE30"},"CEF":{"t":"BE40"},"CF2":{"t":"V10"},"CF3":{"t":"BE40"},"CF4":{"t":"CL60"},"CF8":{"t":"BE36"},"CFA":{"t":"C310"},"CFB":{"t":"AT3T"},"CFC":{"t":"COL4"},"CFD":{"t":"AC90"},"CFE":{"t":"GLID"},"D05":{"t":"PA24"},"D06":{"t":"COL4"},"D08":{"t":"C550"},"D09":{"desc":"L1P"},"D0A":{"t":"B407"},"D0C":{"t":"BE20"},"D0E":{"t":"S22T"},"D10":{"t":"PAY4"},"D11":{"t":"BE9L"},"D12":{"desc":"L1P"},"D13":{"t":"E50P"},"D16":{"t":"CL60"},"D17":{"t":"C25C"},"D19":{"desc":"L1P","t":"ULAC"},"D1A":{"t":"C425"},"D1B":{"desc":"L1P"},"D1D":{"desc":"L1P"},"D1F":{"t":"COL4"},"D21":{"t":"C414"},"D24":{"t":"BE40"},"D27":{"t":"GLF4"},"D29":{"t":"P28A"},"D2B":{"t":"COL4"},"D2E":{"t":"CRJ2"},"D2F":{"desc":"L1J"},"D33":{"t":"PA24"},"D37":{"desc":"L2J"},"D38":{"desc":"L2J"},"D39":{"desc":"L1P"},"D3A":{"t":"PA24"},"D3B":{"t":"GLID"},"D3C":{"t":"C172"},"D3D":{"t":"P32R"},"D41":{"desc":"L2J"},"D42":{"t":"BE33"},"D43":{"t":"C310"},"D45":{"t":"WW24"},"D48":{"t":"ASTR"},"D49":{"t":"C210"},"D4A":{"t":"PA24"},"D4B":{"desc":"L1P","t":"ULAC"},"D4C":{"t":"BE20"},"D4D":{"t":"GLEX"},"D51":{"t":"C177"},"D52":{"t":"GLID"},"D53":{"t":"C340"},"D54":{"t":"R44"},"D55":{"desc":"L1T"},"D56":{"t":"COL4"},"D58":{"desc":"L2J"},"D5A":{"t":"GLID"},"D5B":{"t":"PA24"},"D5C":{"t":"PA31"},"D5E":{"t":"PA24"},"D60":{"t":"PA24"},"D62":{"t":"C25A"},"D64":{"desc":"L1P"},"D65":{"t":"BL8"},"D66":{"t":"C210"},"D67":{"t":"HUSK"},"D69":{"t":"GLF6"},"D6A":{"t":"E55P"},"D6B":{"desc":"L1P"},"D6D":{"t":"BE40"},"D6F":{"desc":"L1P"},"D70":{"t":"C177"},"D72":{"desc":"L2T"},"D76":{"desc":"L1P"},"D79":{"t":"P28A"},"D7A":{"t":"HUSK"},"D7D":{"t":"SR22"},"D7E":{"t":"P28A"},"D81":{"t":"GLF4"},"D82":{"t":"C185"},"D84":{"t":"CH7B"},"D85":{"t":"COL4"},"D87":{"t":"FA50"},"D88":{"desc":"L1P"},"D89":{"t":"COL4"},"D8A":{"t":"COL4"},"D8C":{"t":"PA24"},"D8E":{"t":"COL4"},"D90":{"t":"BE40"},"D92":{"desc":"L1P"},"D93":{"t":"C560"},"D94":{"desc":"L1J"},"D95":{"t":"BE18"},"D98":{"t":"C82S"},"D9B":{"t":"C177"},"D9C":{"t":"C172"},"D9E":{"t":"BE40"},"D9F":{"desc":"L1P"},"DA1":{"t":"BE35"},"DA2":{"t":"BE40"},"DA3":{"desc":"L1P"},"DA6":{"t":"T34P"},"DA7":{"t":"AA5"},"DA9":{"desc":"L1P"},"DAB":{"t":"PAY4"},"DAC":{"t":"GLID"},"DAF":{"desc":"L2J"},"DB1":{"t":"COL4"},"DB3":{"t":"BE40"},"DB5":{"t":"PA18"},"DB6":{"desc":"H1T"},"DB9":{"t":"M20P"},"DBA":{"desc":"L2P"},"DBC":{"t":"S22T"},"DBD":{"t":"PA23"},"DBE":{"t":"BE40"},"DBF":{"t":"COL4"},"DC0":{"t":"GLID"},"DC1":{"t":"DA62"},"DC2":{"t":"GLF4"},"DC5":{"t":"LJ24"},"DC6":{"t":"T34P"},"DC8":{"t":"BE40"},"DC9":{"t":"M20T"},"DCA":{"t":"BE40"},"DCE":{"t":"C82R"},"DD0":{"t":"AA1"},"DD2":{"desc":"L1P"},"DD7":{"t":"C25C"},"DD9":{"t":"BALL"},"DDC":{"t":"PA24"},"DDE":{"t":"BALL"},"DDF":{"desc":"L1J"},"DE5":{"t":"COL4"},"DE6":{"t":"BE35"},"DE7":{"t":"PA24"},"DE8":{"t":"PAY4"},"DE9":{"t":"PC12"},"DEC":{"t":"R44"},"DED":{"desc":"L1P","t":"ULAC"},"DEF":{"t":"B407"},"DF0":{"t":"BE40"},"DF1":{"t":"COL4"},"DF4":{"t":"PA24"},"DF8":{"t":"COL4"},"DFA":{"t":"BE40"},"E05":{"t":"E50P"},"E15":{"t":"DH8D"},"E18":{"t":"BALL"},"E19":{"t":"PA31"},"E1B":{"t":"BE35"},"E1E":{"desc":"L1P"},"E21":{"t":"E550"},"E22":{"t":"C25B"},"E23":{"t":"BE77"},"E24":{"t":"C500"},"E25":{"desc":"L1P"},"E28":{"t":"COL4"},"E2A":{"desc":"L2T"},"E2B":{"desc":"L1P"},"E2C":{"t":"BE9L"},"E2D":{"t":"PA24"},"E2F":{"t":"BE40"},"E31":{"t":"PA31"},"E32":{"t":"B744"},"E34":{"t":"BE20"},"E35":{"desc":"L1P"},"E37":{"t":"GLF4"},"E39":{"t":"BE40"},"E3A":{"t":"C172"},"E3B":{"t":"C172"},"E3C":{"t":"BE20"},"E3F":{"t":"GLID"},"E41":{"t":"BE55"},"E43":{"t":"C25C"},"E44":{"t":"SR20"},"E46":{"t":"PA24"},"E48":{"t":"E75L"},"E4B":{"desc":"A1P"},"E4C":{"t":"BE40"},"E4D":{"t":"BE40"},"E4E":{"t":"PA30"},"E4F":{"t":"E55P"},"E50":{"t":"S22T"},"E51":{"t":"C25B"},"E52":{"t":"F900"},"E55":{"desc":"L1P","t":"ULAC"},"E56":{"t":"C421"},"E57":{"t":"SR22"},"E5A":{"desc":"L1P"},"E5B":{"desc":"L1P"},"E5D":{"t":"BE40"},"E5E":{"desc":"L1P"},"E5F":{"t":"PA46"},"E60":{"desc":"L1P"},"E64":{"desc":"L4P"},"E69":{"desc":"L2J"},"E6B":{"t":"R44"},"E6D":{"desc":"L1P"},"E74":{"t":"C82S"},"E7C":{"t":"BE35"},"E7E":{"t":"PAY4"},"E81":{"t":"COL4"},"E8A":{"t":"BE40"},"E8E":{"t":"SR22"},"E90":{"t":"PA44"},"E91":{"t":"BL8"},"E95":{"t":"C310"},"E99":{"t":"C25A"},"E9A":{"t":"BE35"},"E9B":{"t":"BE40"},"E9C":{"t":"PA24"},"E9D":{"t":"BL8"},"E9F":{"t":"C650"},"EA0":{"t":"PA24"},"EA1":{"t":"C310"},"EA2":{"t":"B737"},"EA3":{"t":"L29"},"EA5":{"desc":"L1P"},"EA7":{"t":"BE36"},"EAC":{"t":"PA18"},"EAF":{"t":"BE40"},"EB1":{"t":"BE40"},"EBC":{"t":"BE40"},"EBE":{"t":"BE40"},"EC0":{"t":"BE40"},"EC3":{"desc":"L1E"},"EC4":{"t":"AT3T"},"EC7":{"t":"PA24"},"ECA":{"t":"T34P"},"ECC":{"t":"GLID"},"ED1":{"desc":"L1P"},"ED8":{"t":"M20P"},"EDE":{"t":"E400"},"EF8":{"t":"BE40"},"EFA":{"desc":"L1P"},"EFB":{"desc":"L2P"},"EFC":{"desc":"L1P"},"EFE":{"t":"AR11"},"EFF":{"t":"C172"},"F00":{"t":"NAVI"},"F01":{"t":"PA16"},"F02":{"t":"C310"},"F03":{"t":"C56X"},"F04":{"desc":"L1P"},"F05":{"t":"BE23"},"F06":{"t":"C140"},"F0B":{"desc":"L1P"},"F0E":{"t":"BE55"},"F0F":{"t":"C172"},"F11":{"t":"PA18"},"F12":{"t":"R22"},"F13":{"t":"PA34"},"F14":{"desc":"L1P"},"F15":{"desc":"L1P"},"F16":{"t":"P28R"},"F17":{"t":"P28A"},"F18":{"t":"P28A"},"F19":{"t":"C182"},"F1A":{"t":"P28A"},"F1C":{"desc":"L2P"},"F1D":{"desc":"L2P"},"F1E":{"t":"BALL"},"F1F":{"desc":"L1P"},"F20":{"t":"C182"},"F24":{"t":"J4"},"F26":{"t":"NAVI"},"F27":{"t":"R22"},"F28":{"t":"BALL"},"F29":{"t":"C120"},"F2A":{"t":"PA23"},"F2C":{"t":"PA32"},"F2D":{"t":"BE55"},"F2E":{"desc":"L1P"},"F30":{"t":"C170"},"F32":{"desc":"L1P"},"F33":{"t":"C185"},"F34":{"t":"PA18"},"F35":{"t":"P28R"},"F38":{"desc":"L1P"},"F3A":{"t":"P28A"},"F3B":{"t":"P28A"},"F3C":{"t":"P28A"},"F3E":{"t":"P28A"},"F40":{"t":"BALL"},"F43":{"t":"C182"},"F45":{"t":"T34P"},"F49":{"t":"R22"},"F4C":{"t":"C140"},"F4E":{"desc":"L1P"},"F4F":{"desc":"L1P"},"F50":{"desc":"L1T"},"F52":{"desc":"L1T"},"F53":{"t":"C170"},"F54":{"t":"PA32"},"F57":{"t":"PA18"},"F58":{"desc":"L1P"},"F59":{"t":"P28A"},"F5A":{"desc":"A2P"},"F5B":{"t":"P28A"},"F5C":{"t":"P28R"},"F5D":{"desc":"A2P"},"F61":{"desc":"A2P"},"F63":{"t":"M7"},"F64":{"t":"BL17"},"F67":{"t":"AR11"},"F68":{"t":"C172"},"F69":{"t":"R22"},"F6E":{"t":"PA12"},"F72":{"t":"PA32"},"F74":{"t":"BE23"},"F75":{"t":"C150"},"F76":{"t":"C170"},"F79":{"desc":"L1P"},"F7B":{"t":"M7"},"F7E":{"t":"P32R"},"F81":{"t":"PA34"},"F82":{"t":"P28A"},"F84":{"desc":"L1P"},"F85":{"desc":"H4E"},"F86":{"t":"BE35"},"F89":{"t":"BALL"},"F8B":{"t":"C172"},"F8C":{"t":"BALL"},"F8E":{"t":"BALL"},"F8F":{"desc":"L1P"},"F90":{"t":"ULAC"},"F92":{"t":"M20P"},"F95":{"t":"PA32"},"F97":{"t":"BE23"},"F98":{"desc":"S1P","t":"ULAC"},"F99":{"t":"C170"},"F9A":{"t":"PA32"},"F9D":{"t":"PA18"},"F9E":{"desc":"A2P"},"FA0":{"t":"P28A"},"FA3":{"t":"P28A"},"FA4":{"t":"P28S"},"FA9":{"t":"BALL"},"FAB":{"desc":"L1P"},"FAC":{"t":"C182"},"FAD":{"t":"PA18"},"FAE":{"t":"C172"},"FB0":{"t":"ULAC"},"FB1":{"t":"A660"},"FB3":{"t":"BALL"},"FB4":{"desc":"L1P"},"FB9":{"desc":"L1P"},"FBA":{"t":"BALL"},"FBB":{"t":"C150"},"FBC":{"t":"C170"},"FBE":{"t":"A319"},"FBF":{"t":"C185"},"FC0":{"t":"PA18"},"FC2":{"t":"BALL"},"FC5":{"desc":"L1P"},"FC8":{"t":"P28A"},"FC9":{"t":"P28A"},"FCC":{"t":"ULAC"},"FCE":{"t":"S108"},"FCF":{"t":"C182"},"FD1":{"t":"C172"},"FD2":{"t":"BALL"},"FD3":{"t":"M20T"},"FD4":{"t":"C150"},"FD5":{"t":"BALL"},"FD6":{"t":"ULAC"},"FD7":{"t":"PA12"},"FD8":{"t":"C140"},"FE2":{"desc":"L1T"},"FE3":{"t":"PA18"},"FE4":{"t":"P28A"},"FE5":{"t":"DC10"},"FE6":{"t":"P28A"},"FE9":{"t":"P28S"},"FEA":{"t":"BALL"},"FEC":{"t":"P28R"},"FED":{"t":"P28A"},"FEE":{"t":"C182"},"FEF":{"t":"BALL"},"FF1":{"t":"BALL"},"FF3":{"t":"PA18"},"FF5":{"t":"BALL"},"FF6":{"desc":"L1P"},"FF7":{"t":"BALL"},"FF9":{"desc":"L1P"},"FFB":{"t":"C120"},"FFE":{"t":"BALL"},"FFF":{"t":"C182"}}