{"004":{"t":"C82R"},"008":{"t":"C172"},"00D":{"t":"GLF4"},"018":{"t":"PA46"},"019":{"t":"BALL"},"027":{"t":"P180"},"02C":{"t":"HUSK"},"02D":{"t":"B744"},"02F":{"t":"GLF5"},"030":{"t":"BALL"},"031":{"desc":"L4T","t":"C130"},"034":{"desc":"H1T"},"036":{"t":"B407"},"03A":{"t":"GLF5"},"03B":{"t":"B412"},"03C":{"t":"B06"},"048":{"t":"DA40"},"04E":{"desc":"L2J"},"04F":{"desc":"L1P"},"051":{"t":"S22T"},"054":{"t":"PC12"},"05C":{"t":"C172"},"05D":{"t":"A320"},"060":{"desc":"L1P"},"063":{"t":"B407"},"064":{"t":"P28R"},"070":{"t":"C185"},"07A":{"t":"E120"},"07C":{"t":"LJ35"},"07D":{"t":"UH1"},"082":{"t":"B407"},"08A":{"desc":"L1P"},"08B":{"t":"BE20"},"0A3":{"t":"GLF4"},"0A8":{"t":"DH8D"},"0AB":{"desc":"H2T"},"0AC":{"desc":"L1P","t":"ULAC"},"0AD":{"t":"R44"},"0AE":{"t":"BL8"},"0B2":{"t":"RV12"},"0B6":{"t":"B06"},"0B7":{"desc":"L1P"},"0BB":{"t":"R44"},"0BF":{"desc":"L1P"},"0C3":{"desc":"H6E"},"0C4":{"t":"P28A"},"0C5":{"desc":"L2T"},"0C6":{"t":"P28A"},"0C7":{"desc":"L1P"},"0D2":{"t":"C172"},"0D4":{"t":"SR22"},"0D6":{"desc":"L1P"},"0D8":{"desc":"L2T"},"0DB":{"t":"E75L"},"0DD":{"t":"C68A"},"0DF":{"t":"C82S"},"0E3":{"t":"RV12"},"0E5":{"t":"PA18"},"0E6":{"t":"EC35"},"0E7":{"t":"CL60"},"0EF":{"t":"C82S"},"0F2":{"t":"COL4"},"0F3":{"t":"AS50"},"0F7":{"t":"A320"},"102":{"desc":"L1P"},"104":{"t":"B752"},"10A":{"desc":"L1P"},"110":{"desc":"L2T"},"120":{"t":"LJ31"},"12A":{"t":"PA32"},"12B":{"desc":"H1P"},"132":{"t":"B350"},"135":{"t":"B737"},"141":{"t":"M5"},"164":{"t":"B734"},"166":{"desc":"H1T"},"170":{"t":"E75L"},"174":{"t":"L39"},"18C":{"t":"GLF6"},"190":{"t":"C182"},"192":{"t":"C172"},"193":{"t":"R22"},"194":{"t":"PA12"},"195":{"t":"ERCO"},"196":{"desc":"L1P"},"199":{"t":"M20P"},"19A":{"t":"R44"},"19F":{"t":"ULAC"},"1A0":{"t":"C170"},"1A4":{"t":"PA18"},"1A6":{"t":"BALL"},"1AB":{"t":"R22"},"1B0":{"t":"C195"},"1B2":{"t":"C340"},"1B3":{"t":"C182"},"1B5":{"t":"C172"},"1B9":{"t":"BALL"},"1BC":{"t":"C120"},"1BD":{"t":"PA23"},"1C1":{"t":"BALL"},"1C2":{"desc":"L1P"},"1C4":{"t":"PA32"},"1C8":{"t":"PA27"},"1CD":{"t":"BALL"},"1CF":{"t":"BALL"},"1D0":{"t":"BALL"},"1D3":{"desc":"L1P"},"1D4":{"t":"BL17"},"1D6":{"t":"B06"},"1D8":{"t":"P28A"},"1DA":{"t":"M20P"},"1DB":{"t":"BALL"},"1DE":{"t":"R44"},"1DF":{"t":"C140"},"1E0":{"t":"AT3P"},"1E4":{"t":"BALL"},"1E6":{"t":"PA18"},"1E8":{"desc":"L1P"},"1EA":{"t":"PA18"},"1EB":{"t":"PA18"},"1EC":{"t":"R44"},"1ED":{"t":"PA27"},"1EE":{"t":"PA18"},"1F6":{"desc":"L1P"},"1F7":{"t":"BL17"},"1F8":{"t":"S108"},"1F9":{"t":"C182"},"1FA":{"t":"AR11"},"1FB":{"t":"C182"},"1FD":{"t":"BE20"},"205":{"t":"PA32"},"206":{"t":"BALL"},"207":{"t":"R44"},"208":{"t":"C150"},"209":{"t":"ULAC"},"20C":{"t":"BALL"},"20D":{"t":"PA18"},"212":{"t":"ULAC"},"21A":{"t":"BL17"},"21B":{"t":"S108"},"21C":{"t":"C182"},"21E":{"t":"C172"},"21F":{"t":"R44"},"220":{"t":"M20P"},"221":{"desc":"L1P"},"222":{"t":"R44"},"223":{"t":"R44"},"229":{"t":"BALL"},"22B":{"t":"BALL"},"22C":{"t":"C170"},"22F":{"t":"R44"},"230":{"t":"PA18"},"23A":{"t":"PA18"},"23B":{"t":"MITE"},"23C":{"t":"BALL"},"23D":{"t":"BL17"},"23F":{"t":"C182"},"241":{"t":"C172"},"243":{"t":"M20P"},"244":{"t":"C150"},"245":{"t":"R44"},"246":{"t":"AS50"},"247":{"t":"BALL"},"248":{"t":"R44"},"24A":{"t":"R44"},"24B":{"t":"PA32"},"24C":{"t":"J3"},"24E":{"t":"C150"},"250":{"t":"PA32"},"251":{"t":"M6"},"253":{"t":"PA18"},"256":{"t":"PA18"},"258":{"desc":"L1P"},"25B":{"t":"PA27"},"25C":{"t":"PA18"},"25D":{"t":"PA27"},"260":{"t":"R22"},"264":{"t":"C172"},"266":{"t":"M20P"},"26A":{"t":"R22"},"26D":{"desc":"L1P"},"26F":{"t":"BE36"},"270":{"desc":"L1P"},"271":{"t":"C150"},"272":{"t":"R44"},"273":{"t":"PA32"},"274":{"t":"LARK"},"276":{"t":"PA18"},"277":{"t":"ULAC"},"278":{"t":"PA18"},"279":{"t":"BALL"},"27C":{"t":"BALL"},"27D":{"t":"PA27"},"280":{"t":"PA27"},"281":{"t":"MITE"},"283":{"t":"BL17"},"284":{"t":"C414"},"286":{"t":"AR11"},"288":{"t":"BALL"},"289":{"t":"ULAC"},"28A":{"t":"C150"},"28D":{"t":"PA12"},"28E":{"t":"M20P"},"290":{"t":"C402"},"291":{"t":"PA32"},"292":{"t":"R44"},"296":{"t":"PA32"},"298":{"t":"C185"},"299":{"t":"PA18"},"29B":{"t":"PA27"},"29F":{"t":"PA18"},"2A2":{"t":"PA27"},"2A3":{"t":"PA18"},"2A7":{"t":"R22"},"2A8":{"t":"C182"},"2AB":{"desc":"L1P"},"2AC":{"t":"M20P"},"2AD":{"desc":"L2J","t":"A21N"},"2B1":{"t":"M20P"},"2B3":{"t":"P28A"},"2B4":{"t":"PA32"},"2B5":{"t":"BALL"},"2B7":{"t":"ULAC"},"2B9":{"t":"PA32"},"2BA":{"t":"LARK"},"2BD":{"desc":"L1P"},"2BE":{"t":"PA27"},"2C0":{"t":"C150"},"2C1":{"t":"AS50"},"2C2":{"t":"BALL"},"2C3":{"desc":"L1P"},"2C5":{"t":"PA27"},"2C8":{"t":"R66"},"2C9":{"t":"BL17"},"2CB":{"t":"C182"},"2CD":{"t":"C172"},"2CE":{"desc":"L1P"},"2D3":{"t":"R22"},"2D5":{"t":"ST75"},"2D6":{"t":"R66"},"2D8":{"t":"BE35"},"2E2":{"t":"PA27"},"2E6":{"t":"BALL"},"2E8":{"t":"BALL"},"2E9":{"t":"PA27"},"2EA":{"desc":"L1P"},"2EB":{"t":"P28A"},"2EC":{"desc":"L1P"},"2EE":{"t":"CH7B"},"2EF":{"t":"E550"},"2F1":{"t":"P28A"},"2F3":{"t":"C185"},"2F4":{"desc":"L1P","t":"SR22"},"2F5":{"desc":"L1P"},"2F7":{"t":"AS50"},"2F8":{"desc":"L2J","t":"A21N"},"2F9":{"t":"B407"},"2FC":{"t":"B407"},"2FD":{"t":"BALL"},"2FF":{"desc":"L2T"},"301":{"desc":"L1J"},"304":{"t":"BE35"},"307":{"desc":"H2T"},"30A":{"desc":"L1P"},"30D":{"t":"CL30"},"30E":{"t":"C402"},"30F":{"t":"DA40"},"310":{"t":"AT8T"},"314":{"t":"C25B"},"315":{"desc":"L1P"},"316":{"desc":"A2T"},"319":{"desc":"L1P"},"31D":{"t":"SR22"},"31F":{"desc":"L1P","t":"ULAC"},"320":{"desc":"L1P"},"321":{"t":"P46T"},"326":{"t":"C650"},"327":{"t":"B734"},"328":{"t":"B407"},"329":{"t":"C510"},"32B":{"t":"U21"},"32E":{"desc":"H1T","t":"H269"},"32F":{"t":"C550"},"331":{"t":"C182"},"332":{"desc":"L2P"},"337":{"t":"BE20"},"338":{"t":"B06"},"33B":{"desc":"A1P"},"33E":{"t":"PA18"},"341":{"t":"R44"},"342":{"desc":"L1J"},"346":{"t":"P28A"},"347":{"t":"P28A"},"34C":{"desc":"L2J","t":"A339"},"357":{"t":"EC35"},"358":{"t":"C560"},"35D":{"t":"C172"},"360":{"t":"ECHO"},"36A":{"t":"C25B"},"36C":{"desc":"L1P"},"378":{"t":"C172"},"37A":{"t":"GLID"},"37E":{"t":"E545"},"382":{"t":"C402"},"38C":{"desc":"L1P"},"38D":{"desc":"A1P"},"3A0":{"desc":"L2T"},"3A4":{"t":"GLID"},"3AA":{"t":"WW24"},"3B4":{"t":"C172"},"3BD":{"t":"BL8"},"3BF":{"desc":"L1P"},"3C3":{"t":"PA34"},"3C4":{"t":"GLF4"},"3CD":{"t":"BE20"},"3D6":{"t":"B06"},"3DE":{"desc":"H2T"},"3E4":{"t":"B744"},"3E5":{"desc":"L1P"},"3E6":{"t":"C25A"},"3E7":{"t":"C82S"},"3E8":{"desc":"L4T"},"3E9":{"desc":"H8E"},"3EB":{"desc":"H1T"},"3FE":{"t":"C208"},"3FF":{"t":"P28A"},"400":{"t":"C25B"},"404":{"desc":"L1P"},"406":{"t":"BE33"},"408":{"t":"S22T"},"40A":{"desc":"L1P"},"40C":{"t":"B06"},"40E":{"t":"B06"},"40F":{"desc":"H4E"},"410":{"desc":"L1P","t":"ULAC"},"417":{"desc":"L1P"},"41A":{"desc":"H1T"},"41B":{"t":"SR20"},"422":{"t":"F2TH"},"423":{"t":"BALL"},"42C":{"t":"C185"},"430":{"desc":"L1P"},"431":{"t":"BE58"},"434":{"t":"B407"},"435":{"t":"ULAC"},"437":{"t":"P28A"},"438":{"t":"B407"},"439":{"t":"B407"},"441":{"t":"DV20"},"445":{"t":"B06"},"45A":{"t":"E55P"},"462":{"desc":"L1P","t":"ULAC"},"463":{"desc":"L1P","t":"ULAC"},"464":{"t":"P32R"},"465":{"t":"C402"},"466":{"t":"C560"},"469":{"desc":"H2T"},"46A":{"desc":"A1P"},"46B":{"t":"R44"},"46C":{"desc":"L1T"},"46D":{"t":"BE9L"},"473":{"t":"PAY2"},"476":{"desc":"L1P"},"47B":{"desc":"L1T","t":"M600"},"47D":{"t":"BE20"},"47E":{"t":"E550"},"47F":{"desc":"L2T"},"481":{"t":"BE9L"},"486":{"t":"P28R"},"489":{"desc":"A1P","t":"ULAC"},"48B":{"t":"SR22"},"48C":{"desc":"L1P","t":"ULAC"},"48F":{"desc":"L2T"},"492":{"t":"E75L"},"494":{"t":"BE35"},"495":{"t":"C172"},"498":{"t":"B407"},"49F":{"t":"S22T"},"4A0":{"t":"H25B"},"4A8":{"desc":"H1T"},"4A9":{"t":"M20P"},"4AA":{"t":"C25B"},"4AE":{"t":"A320"},"4BB":{"t":"B752"},"4C7":{"desc":"L2T"},"4E1":{"t":"PA32"},"4E2":{"t":"BE35"},"4EC":{"t":"B737"},"4F0":{"t":"ULAC"},"4F1":{"desc":"L2T"},"4F6":{"desc":"L1P"},"4FB":{"desc":"A1P"},"50E":{"t":"BALL"},"514":{"t":"GA5C"},"527":{"t":"E75L"},"52A":{"desc":"L1P"},"53F":{"desc":"H1P"},"544":{"t":"TAYB"},"545":{"t":"BL17"},"548":{"t":"AR11"},"549":{"t":"P28A"},"54A":{"t":"C172"},"54B":{"t":"M20T"},"54C":{"t":"C150"},"54E":{"t":"PA27"},"54F":{"t":"PA12"},"550":{"t":"ULAC"},"557":{"desc":"L1P"},"558":{"t":"R66"},"559":{"t":"LARK"},"561":{"t":"J3"},"562":{"t":"M4"},"563":{"t":"J3"},"565":{"t":"J3"},"567":{"desc":"L1P"},"56A":{"t":"C182"},"56B":{"t":"AR11"},"56C":{"t":"C172"},"56D":{"t":"AS50"},"56F":{"t":"C150"},"570":{"desc":"L1P"},"572":{"t":"PA12"},"573":{"t":"M20P"},"576":{"t":"PA32"},"577":{"t":"BE36"},"579":{"t":"C150"},"57A":{"t":"BALL"},"57B":{"t":"ULAC"},"57C":{"t":"LARK"},"57D":{"t":"C185"},"57E":{"t":"PA18"},"581":{"t":"BALL"},"583":{"t":"M4"},"584":{"t":"J3"},"585":{"t":"P28A"},"586":{"t":"M4"},"587":{"t":"J3"},"588":{"t":"M4"},"58A":{"t":"C310"},"58D":{"t":"C182"},"58E":{"t":"PA18"},"58F":{"t":"C172"},"591":{"desc":"L1P"},"592":{"desc":"L2J","t":"A21N"},"595":{"t":"BALL"},"596":{"t":"C140"},"597":{"t":"PA23"},"5A0":{"t":"BALL"},"5A3":{"t":"J3"},"5A9":{"t":"J3"},"5AA":{"t":"M4"},"5AB":{"t":"M4"},"5AD":{"t":"CH7A"},"5B0":{"t":"C182"},"5B2":{"t":"C172"},"5B3":{"t":"PA34"},"5B4":{"t":"M20T"},"5B5":{"t":"C150"},"5B6":{"desc":"L1P"},"5BB":{"t":"C310"},"5BF":{"t":"C150"},"5C0":{"t":"C170"},"5C2":{"t":"LARK"},"5C4":{"t":"PA18"},"5C6":{"t":"J3"},"5C7":{"t":"J3"},"5C8":{"t":"M4"},"5C9":{"t":"M4"},"5CA":{"t":"M4"},"5CD":{"t":"M4"},"5D0":{"t":"CH7A"},"5D2":{"t":"S108"},"5D4":{"t":"AR11"},"5D7":{"t":"M20P"},"5D8":{"desc":"L2J","t":"A21N"},"5DC":{"t":"C140"},"5DD":{"t":"PA23"},"5DE":{"desc":"A1P"},"5DF":{"t":"PA32"},"5E3":{"t":"C170"},"5E5":{"t":"LARK"},"5E8":{"t":"M4"},"5E9":{"t":"J3"},"5EA":{"t":"J3"},"5EC":{"t":"J3"},"5ED":{"t":"M4"},"5EE":{"t":"M4"},"5EF":{"t":"M4"},"5F0":{"t":"C120"},"5F1":{"t":"ULAC"},"5F2":{"t":"MITE"},"5F4":{"t":"BL17"},"5F7":{"t":"PA18"},"5F9":{"t":"C340"},"5FA":{"t":"M20P"},"5FC":{"t":"BALL"},"601":{"t":"P28R"},"602":{"t":"PA32"},"603":{"t":"BE55"},"604":{"t":"ULAC"},"605":{"desc":"L1P"},"606":{"t":"C150"},"607":{"t":"PA32"},"60B":{"t":"M4"},"60C":{"t":"J3"},"60E":{"t":"M4"},"610":{"t":"P28A"},"611":{"t":"M4"},"612":{"t":"M4"},"613":{"t":"J3"},"614":{"t":"J3"},"617":{"desc":"L1P"},"618":{"t":"S108"},"61A":{"t":"PA18"},"61B":{"t":"C172"},"621":{"t":"ULAC"},"624":{"t":"P28S"},"625":{"t":"PA32"},"629":{"t":"C170"},"62B":{"t":"BALL"},"62E":{"t":"J3"},"62F":{"t":"M4"},"631":{"t":"J3"},"635":{"t":"M4"},"637":{"t":"M4"},"63C":{"t":"C182"},"63D":{"t":"AR11"},"63F":{"t":"B06"},"640":{"t":"M20P"},"641":{"t":"C150"},"644":{"t":"ULAC"},"646":{"t":"PA23"},"648":{"t":"PA32"},"64B":{"t":"GLID"},"64C":{"t":"C170"},"64D":{"t":"PA32"},"650":{"t":"PA18"},"651":{"t":"P28A"},"653":{"t":"BALL"},"654":{"t":"J3"},"655":{"t":"M4"},"656":{"t":"ULAC"},"659":{"t":"J5"},"65A":{"t":"P28R"},"65B":{"t":"MITE"},"65C":{"t":"PA18"},"65E":{"t":"S108"},"662":{"t":"B06"},"664":{"t":"C150"},"667":{"t":"ULAC"},"668":{"t":"M20P"},"66A":{"t":"P28S"},"66E":{"t":"C150"},"670":{"t":"AS50"},"671":{"t":"LARK"},"672":{"t":"C185"},"677":{"t":"J5"},"678":{"t":"M4"},"679":{"t":"J5"},"67A":{"t":"M4"},"67D":{"t":"M4"},"681":{"desc":"L1P"},"682":{"t":"BALL"},"683":{"t":"AR11"},"684":{"t":"C172"},"685":{"t":"UH1"},"687":{"t":"C150"},"68B":{"t":"M20P"},"68E":{"desc":"H1T"},"691":{"t":"C150"},"693":{"t":"PA32"},"694":{"t":"R22"},"697":{"t":"UH1"},"698":{"t":"ULAC"},"699":{"t":"M4"},"69B":{"t":"M4"},"69D":{"t":"J4"},"69E":{"t":"P28R"},"69F":{"t":"PA32"},"6A0":{"t":"SS2T"},"6A1":{"t":"P337"},"6A6":{"t":"B06"},"6A7":{"t":"B06"},"6A8":{"t":"PA30"},"6A9":{"desc":"H1T"},"6AE":{"t":"B407"},"6AF":{"desc":"L2J","t":"A21N"},"6B0":{"t":"B407"},"6B2":{"t":"B407"},"6B3":{"t":"B739"},"6B6":{"t":"SR20"},"6B8":{"desc":"L1J"},"6BA":{"desc":"H1T"},"6BC":{"t":"GLID"},"6BD":{"t":"B407"},"6C0":{"t":"B407"},"6C2":{"t":"B407"},"6C4":{"t":"B407"},"6C5":{"t":"B407"},"6C7":{"t":"B407"},"6C9":{"t":"B407"},"6CB":{"t":"B407"},"6CE":{"t":"B407"},"6CF":{"t":"A320"},"6D0":{"t":"C172"},"6D2":{"desc":"H1T"},"6D4":{"t":"S108"},"6D5":{"t":"ULAC"},"6D6":{"t":"BE36"},"6D7":{"t":"B407"},"6D8":{"t":"SR22"},"6DC":{"t":"B407"},"6DF":{"desc":"L1P"},"6E0":{"t":"B407"},"6E1":{"t":"B407"},"6E2":{"t":"B407"},"6E4":{"t":"B407"},"6E6":{"t":"AT5T"},"6E8":{"t":"C182"},"6E9":{"t":"BE40"},"6EC":{"desc":"H1T"},"6EE":{"t":"B407"},"6EF":{"t":"B407"},"6F2":{"t":"B407"},"6F3":{"t":"V10"},"6F7":{"t":"B407"},"6F9":{"t":"BT36"},"6FA":{"desc":"H1T","t":"B505"},"6FD":{"desc":"L1P"},"6FE":{"t":"DA40"},"6FF":{"t":"B407"},"702":{"t":"GLF4"},"703":{"desc":"L2J","t":"A339"},"706":{"t":"B407"},"708":{"t":"C172"},"711":{"desc":"L1P"},"717":{"t":"B407"},"71E":{"t":"T6"},"722":{"t":"B407"},"723":{"desc":"L1P"},"726":{"t":"B407"},"727":{"t":"B407"},"728":{"desc":"L2J"},"72A":{"t":"B407"},"72B":{"desc":"H1T"},"72F":{"t":"C172"},"731":{"t":"P28A"},"735":{"t":"E545"},"73B":{"t":"GLF4"},"73E":{"t":"B407"},"740":{"t":"B407"},"742":{"t":"GLF5"},"744":{"desc":"H1T"},"746":{"t":"B407"},"748":{"desc":"H1T"},"749":{"t":"B407"},"74C":{"t":"C208"},"74E":{"t":"B407"},"752":{"t":"B407"},"753":{"t":"B407"},"754":{"desc":"H1T"},"755":{"t":"B407"},"757":{"desc":"H1T"},"75B":{"t":"B407"},"75F":{"t":"B407"},"761":{"desc":"L1P"},"76A":{"t":"B407"},"76B":{"desc":"L1P","t":"ULAC"},"76C":{"t":"B407"},"76D":{"t":"BE36"},"772":{"t":"B407"},"773":{"desc":"H1T"},"776":{"t":"B407"},"778":{"t":"B407"},"77A":{"t":"B407"},"77B":{"t":"B407"},"77C":{"t":"B407"},"77E":{"t":"B407"},"785":{"t":"B407"},"786":{"t":"UH1"},"78B":{"t":"B407"},"78F":{"desc":"L1P"},"791":{"t":"SR22"},"794":{"t":"B407"},"795":{"t":"FA7X"},"797":{"t":"B407"},"79A":{"t":"B407"},"79B":{"t":"B744"},"79D":{"t":"M20P"},"79E":{"t":"B407"},"79F":{"desc":"L4T"},"7A0":{"t":"B407"},"7A1":{"t":"B407"},"7A2":{"t":"B407"},"7A4":{"t":"B407"},"7A8":{"t":"B407"},"7A9":{"t":"B407"},"7AA":{"t":"B407"},"7AB":{"t":"B407"},"7AD":{"t":"B407"},"7AE":{"t":"B407"},"7B1":{"desc":"H1T"},"7B7":{"desc":"L1P"},"7B8":{"t":"B407"},"7B9":{"t":"C172"},"7C1":{"t":"B407"},"7C2":{"desc":"L1P"},"7C3":{"t":"B407"},"7C6":{"t":"B407"},"7C7":{"t":"B407"},"7CD":{"desc":"H1T"},"7CF":{"t":"B407"},"7D1":{"t":"B407"},"7D9":{"t":"B407"},"7DF":{"t":"GLF4"},"7E3":{"desc":"H1T"},"7E5":{"t":"B407"},"7E7":{"t":"B407"},"7E8":{"t":"B407"},"7E9":{"desc":"H1T"},"7EA":{"t":"BE36"},"7EB":{"t":"B407"},"7ED":{"t":"B407"},"7EE":{"t":"B407"},"7F0":{"t":"B407"},"7F2":{"t":"B407"},"7F7":{"t":"B407"},"7FC":{"desc":"H1T"},"811":{"t":"E55P"},"819":{"t":"B407"},"81A":{"t":"B407"},"81C":{"t":"B407"},"81E":{"t":"B407"},"81F":{"t":"B407"},"821":{"t":"B407"},"822":{"t":"B407"},"823":{"t":"C402"},"824":{"t":"B407"},"825":{"t":"B407"},"829":{"t":"B407"},"82A":{"t":"BE58"},"82C":{"desc":"H1T"},"82D":{"t":"B06"},"82E":{"t":"B407"},"82F":{"t":"B407"},"831":{"t":"GLID"},"832":{"t":"P28A"},"833":{"t":"B407"},"835":{"t":"C172"},"836":{"t":"B407"},"837":{"t":"B407"},"838":{"t":"B407"},"839":{"t":"B407"},"83A":{"t":"B407"},"83C":{"t":"B407"},"83D":{"desc":"H1T"},"83E":{"t":"B407"},"842":{"t":"B407"},"843":{"t":"B407"},"844":{"t":"SR22"},"846":{"desc":"L2T"},"847":{"t":"CRJ2"},"848":{"desc":"L1P"},"849":{"t":"E75L"},"84B":{"t":"BE55"},"84C":{"t":"A4"},"84E":{"t":"BE40"},"84F":{"t":"B407"},"851":{"t":"B407"},"853":{"t":"B407"},"855":{"t":"B407"},"856":{"t":"P28R"},"858":{"t":"B407"},"85B":{"t":"GLF5"},"85C":{"desc":"L1P"},"85F":{"t":"B407"},"860":{"desc":"L1P"},"861":{"t":"B407"},"865":{"t":"A320"},"872":{"t":"B752"},"875":{"t":"B407"},"876":{"t":"B407"},"87D":{"desc":"L1P"},"87E":{"desc":"L2T"},"880":{"t":"B407"},"88E":{"t":"B407"},"891":{"t":"B407"},"896":{"t":"WW24"},"897":{"t":"B407"},"898":{"t":"PA18"},"89A":{"t":"B407"},"89C":{"t":"B407"},"89E":{"t":"B407"},"8A3":{"t":"B737"},"8AF":{"t":"M5"},"8C8":{"t":"G164"},"8D2":{"t":"B734"},"8DE":{"t":"E75L"},"8ED":{"t":"B407"},"8FA":{"t":"MITE"},"8FC":{"t":"B47J"},"8FD":{"t":"S108"},"900":{"desc":"L1P","t":"ULAC"},"903":{"t":"C150"},"904":{"t":"BALL"},"905":{"t":"C421"},"907":{"t":"C140"},"90A":{"t":"PA32"},"90E":{"t":"C170"},"911":{"t":"ULAC"},"912":{"t":"PA18"},"913":{"t":"J5"},"917":{"t":"P28A"},"918":{"t":"ULAC"},"919":{"t":"BALL"},"91A":{"t":"UH1"},"91B":{"t":"ULAC"},"921":{"t":"C182"},"922":{"t":"PA18"},"923":{"t":"C172"},"925":{"t":"M20P"},"926":{"t":"C150"},"929":{"t":"PA12"},"92A":{"t":"C120"},"92D":{"t":"PA32"},"92E":{"t":"BE60"},"92F":{"t":"BALL"},"932":{"t":"ULAC"},"939":{"t":"J5"},"93B":{"t":"ULAC"},"93E":{"t":"P28A"},"93F":{"t":"BALL"},"940":{"desc":"L1P"},"942":{"desc":"L1P"},"943":{"t":"S108"},"94B":{"t":"PA31"},"94C":{"t":"PA12"},"94D":{"t":"C140"},"94E":{"t":"UH1"},"954":{"t":"C170"},"955":{"t":"PA32"},"957":{"t":"C185"},"958":{"t":"R22"},"959":{"t":"J5"},"95B":{"t":"UH1"},"95C":{"t":"J5"},"95D":{"t":"P28R"},"95F":{"t":"P28B"},"960":{"t":"J5"},"961":{"t":"BALL"},"962":{"desc":"H1T"},"963":{"t":"MITE"},"966":{"desc":"L1P"},"967":{"t":"C182"},"968":{"t":"PA18"},"969":{"t":"C172"},"96C":{"desc":"L2J","t":"A21N"},"96D":{"desc":"L1P"},"96E":{"t":"PA31"},"970":{"t":"M20P"},"971":{"desc":"L1P"},"973":{"t":"PA32"},"977":{"t":"C170"},"979":{"t":"LARK"},"97C":{"t":"J3"},"97F":{"desc":"L1P"},"981":{"t":"P28A"},"985":{"t":"J3"},"987":{"t":"ULAC"},"98A":{"t":"C182"},"98B":{"t":"AS50"},"98C":{"t":"PA31"},"98D":{"desc":"H1T","t":"B47G"},"98E":{"t":"M20P"},"98F":{"desc":"L2J","t":"A21N"},"991":{"t":"C421"},"993":{"t":"C140"},"997":{"t":"BE33"},"998":{"t":"R22"},"99A":{"desc":"L1P"},"99B":{"desc":"L1P"},"99C":{"t":"LARK"},"99D":{"t":"C185"},"99F":{"t":"P28A"},"9A0":{"t":"J3"},"9A3":{"t":"J3"},"9A5":{"t":"P28R"},"9A6":{"t":"PA32"},"9A7":{"t":"J3"},"9A8":{"t":"J3"},"9AA":{"desc":"L1P"},"9AD":{"t":"BALL"},"9AE":{"t":"AR11"},"9AF":{"t":"C172"},"9B0":{"t":"BALL"},"9B1":{"t":"PA12"},"9B2":{"t":"C150"},"9B3":{"desc":"L1P"},"9B7":{"t":"PA23"},"9B8":{"t":"C402"},"9B9":{"t":"PA32"},"9BA":{"t":"AS50"},"9BB":{"t":"PA18"},"9BC":{"t":"C150"},"9BD":{"t":"MITE"},"9C2":{"t":"J3"},"9C4":{"t":"P28A"},"9C7":{"t":"P28A"},"9CA":{"t":"PA32"},"9CC":{"t":"MITE"},"9CF":{"desc":"L1P"},"9D2":{"t":"C172"},"9D3":{"desc":"H1P"},"9D4":{"t":"R22"},"9D5":{"desc":"L2J","t":"A21N"},"9D6":{"desc":"L1P"},"9D8":{"t":"PA12"},"9D9":{"t":"M20P"},"9DB":{"t":"C402"},"9DC":{"t":"PA32"},"9DE":{"t":"PA31"},"9DF":{"t":"C150"},"9E0":{"t":"C150"},"9E1":{"desc":"L1P"},"9E2":{"t":"LARK"},"9E3":{"t":"C185"},"9E5":{"t":"J3"},"9E8":{"t":"J3"},"9EC":{"t":"P28A"},"9ED":{"t":"P28R"},"9EF":{"t":"B47G"},"9F0":{"t":"BE35"},"9F2":{"t":"S108"},"9F3":{"t":"C182"},"9F5":{"t":"C172"},"9FB":{"t":"PA12"},"9FC":{"t":"PA31"},"9FF":{"t":"PA32"},"A00":{"t":"BE36"},"A02":{"t":"C150"},"A04":{"t":"PA31"},"A05":{"desc":"L1P"},"A06":{"t":"C182"},"A07":{"t":"PA18"},"A0C":{"t":"J3"},"A0E":{"t":"P28A"},"A12":{"t":"MITE"},"A14":{"t":"PA31"},"A15":{"t":"S108"},"A16":{"t":"C182"},"A18":{"t":"C172"},"A1B":{"t":"PA31"},"A1F":{"t":"C140"},"A20":{"t":"R22"},"A22":{"t":"PA32"},"A23":{"desc":"L1P"},"A25":{"t":"C150"},"A28":{"t":"LARK"},"A2A":{"t":"BALL"},"A2D":{"t":"J3"},"A2F":{"t":"PA32"},"A30":{"t":"PA34"},"A32":{"t":"P28A"},"A36":{"t":"BE36"},"A38":{"t":"C310"},"A39":{"t":"C182"},"A3A":{"t":"AR11"},"A3B":{"t":"C172"},"A3D":{"t":"PA31"},"A3F":{"t":"BALL"},"A42":{"t":"C120"},"A43":{"t":"PA23"},"A44":{"t":"PA34"},"A48":{"t":"C150"},"A49":{"t":"C170"},"A4B":{"t":"LARK"},"A4D":{"t":"PA18"},"A4F":{"t":"J5"},"A50":{"t":"J4"},"A53":{"t":"J5"},"A54":{"t":"PA31"},"A56":{"t":"P28A"},"A58":{"t":"S108"},"A5B":{"t":"COL4"},"A5C":{"t":"AT3P"},"A5E":{"t":"B06"},"A66":{"desc":"L2J","t":"A21N"},"A67":{"t":"B407"},"A69":{"desc":"L1P","t":"ULAC"},"A6A":{"t":"B739"},"A6D":{"t":"SR20"},"A6E":{"t":"CRJ2"},"A73":{"desc":"L2T"},"A7D":{"t":"DA40"},"A84":{"desc":"L1P"},"A87":{"desc":"L1P"},"A8B":{"t":"PA46"},"A8C":{"t":"P28A"},"A8E":{"t":"B407"},"A8F":{"t":"SR22"},"A94":{"t":"FA50"},"A96":{"t":"R44"},"A99":{"desc":"L1P"},"A9C":{"t":"C240"},"A9F":{"t":"C182"},"AA2":{"desc":"L1P"},"AA4":{"desc":"L2P"},"AA5":{"t":"PC12"},"AAA":{"t":"V10"},"AAC":{"t":"TBM7"},"AAF":{"t":"PA34"},"ABA":{"desc":"L2J","t":"A339"},"ABE":{"t":"C182"},"ABF":{"t":"T206"},"ACB":{"t":"C172"},"ACE":{"t":"C172"},"AD1":{"desc":"L1P","t":"ULAC"},"AD5":{"desc":"L1P"},"AD7":{"t":"BE60"},"ADB":{"desc":"L2T"},"ADE":{"desc":"L1P"},"AE1":{"t":"P28A"},"AE6":{"desc":"L2T"},"AE7":{"t":"S61"},"AEC":{"t":"E545"},"AEE":{"t":"PC12"},"AF0":{"t":"B407"},"AF6":{"t":"B407"},"AF7":{"t":"C210"},"AF8":{"t":"BE40"},"AFB":{"t":"B407"},"B01":{"t":"TBM7"},"B08":{"desc":"L2J"},"B24":{"t":"BE36"},"B29":{"t":"SR20"},"B2D":{"desc":"L1P"},"B2E":{"t":"CH7A"},"B32":{"t":"GLF4"},"B3B":{"desc":"L2T"},"B3C":{"t":"DV20"},"B3D":{"t":"UH1"},"B46":{"t":"SR22"},"B48":{"t":"GLID"},"B4C":{"t":"LJ45"},"B54":{"t":"M20T"},"B55":{"t":"C172"},"B56":{"desc":"L4T"},"B59":{"desc":"H1T"},"B5C":{"t":"C182"},"B5E":{"t":"B407"},"B5F":{"t":"B407"},"B60":{"t":"B407"},"B64":{"t":"F2TH"},"B68":{"t":"P28A"},"B6E":{"t":"C510"},"B6F":{"t":"B744"},"B75":{"t":"CL30"},"B78":{"t":"C56X"},"B7C":{"t":"B06"},"B85":{"t":"C120"},"B89":{"t":"SR20"},"B8C":{"t":"PC12"},"B9F":{"desc":"H6E"},"BA0":{"t":"P28B"},"BA1":{"t":"BE40"},"BA5":{"t":"SR22"},"BA6":{"t":"B407"},"BA7":{"t":"B407"},"BAE":{"desc":"L2T"},"BAF":{"desc":"L1P"},"BB0":{"desc":"L1P"},"BB4":{"desc":"L2T"},"BC8":{"t":"E55P"},"BD0":{"t":"C180"},"BD5":{"desc":"L2T"},"BD7":{"t":"R44"},"BD9":{"desc":"H1P"},"BDA":{"t":"C525"},"BDE":{"t":"ULAC"},"BE5":{"t":"SF50"},"BEA":{"t":"DA42"},"BEC":{"t":"ULAC"},"BEF":{"t":"P180"},"BF1":{"t":"B407"},"BF3":{"t":"B407"},"BF6":{"t":"B190"},"BF9":{"t":"B350"},"BFD":{"desc":"L2T"},"BFF":{"desc":"L1P"},"C00":{"t":"E75L"},"C0A":{"t":"BE18"},"C16":{"desc":"H1T"},"C1B":{"t":"HA4T"},"C1C":{"t":"A320"},"C1F":{"t":"S61"},"C23":{"t":"B407"},"C29":{"t":"B752"},"C2D":{"t":"B407"},"C35":{"desc":"L2T"},"C4D":{"desc":"L1P"},"C4E":{"t":"ULAC"},"C4F":{"t":"PA32"},"C50":{"t":"S61"},"C54":{"t":"SR22"},"C5A":{"t":"B737"},"C62":{"t":"FDCT"},"C64":{"desc":"L1T","t":"M600"},"C66":{"t":"M5"},"C95":{"t":"E75L"},"C98":{"t":"P28A"},"C9C":{"desc":"H6E"},"CAD":{"desc":"L1P"},"CB2":{"desc":"L1P"},"CB3":{"t":"BL17"},"CB5":{"t":"C182"},"CB7":{"t":"C172"},"CB9":{"t":"PA12"},"CBB":{"t":"NAVI"},"CBE":{"t":"C140"},"CC0":{"desc":"L1P"},"CC2":{"t":"BE35"},"CC6":{"t":"PA32"},"CC8":{"t":"C185"},"CC9":{"t":"PA18"},"CCB":{"t":"P28B"},"CCC":{"t":"J3"},"CCD":{"t":"J3"},"CCE":{"t":"J3"},"CD0":{"t":"P28A"},"CD1":{"t":"M4"},"CD4":{"t":"BE36"},"CD6":{"t":"BL17"},"CD8":{"t":"C182"},"CD9":{"t":"R22"},"CE1":{"t":"C120"},"CE2":{"desc":"L1P"},"CE5":{"t":"P28R"},"CE8":{"t":"C150"},"CED":{"t":"P28A"},"CEE":{"t":"J3"},"CEF":{"t":"P28A"},"CF0":{"t":"PA31"},"CF4":{"t":"J3"},"CF6":{"t":"J3"},"CF7":{"desc":"L1P"},"CF9":{"t":"BL17"},"CFB":{"t":"C182"},"CFE":{"t":"T6"},"D00":{"t":"R22"},"D03":{"t":"PA12"},"D04":{"t":"C140"},"D05":{"t":"UH1"},"D07":{"t":"PA32"},"D09":{"t":"PA31"},"D0B":{"t":"T6"},"D0D":{"t":"LARK"},"D0F":{"t":"BALL"},"D10":{"desc":"L1P"},"D13":{"t":"P28A"},"D16":{"t":"J3"},"D17":{"t":"J3"},"D19":{"t":"P28A"},"D1B":{"t":"BE35"},"D1C":{"desc":"L1P"},"D1D":{"desc":"H1P"},"D1E":{"t":"C182"},"D1F":{"t":"PA18"},"D20":{"t":"C172"},"D21":{"desc":"L1P"},"D22":{"t":"M20P"},"D25":{"desc":"L1P"},"D29":{"t":"P28A"},"D2A":{"desc":"L1P"},"D2D":{"t":"C150"},"D2F":{"t":"PA31"},"D30":{"t":"LARK"},"D32":{"t":"PA18"},"D33":{"t":"P28A"},"D35":{"t":"PA18"},"D38":{"t":"J3"},"D39":{"t":"P28A"},"D3A":{"t":"J3"},"D3B":{"t":"P28A"},"D3C":{"t":"J3"},"D3D":{"t":"T34P"},"D40":{"t":"BE35"},"D42":{"t":"PA18"},"D45":{"t":"M20P"},"D46":{"t":"J3"},"D47":{"desc":"L1P"},"D49":{"t":"PA12"},"D4A":{"t":"C140"},"D4D":{"t":"PA32"},"D4E":{"t":"BE35"},"D4F":{"t":"R22"},"D52":{"t":"PA32"},"D55":{"t":"PA18"},"D57":{"t":"J3"},"D58":{"t":"P28A"},"D5A":{"desc":"L2P"},"D5B":{"t":"P28A"},"D5F":{"desc":"A1P"},"D60":{"t":"GLID"},"D62":{"t":"BL17"},"D65":{"t":"PA18"},"D68":{"t":"ULAC"},"D6E":{"t":"PA23"},"D6F":{"t":"P28A"},"D70":{"t":"PA32"},"D73":{"t":"C150"},"D74":{"t":"C170"},"D75":{"desc":"L1P"},"D79":{"t":"P28A"},"D7B":{"t":"P28R"},"D7E":{"t":"BE36"},"D7F":{"t":"P28A"},"D80":{"t":"P28A"},"D81":{"t":"P28A"},"D82":{"t":"J3"},"D84":{"t":"BE35"},"D87":{"t":"C182"},"D88":{"t":"PA31"},"D89":{"t":"C172"},"D8C":{"t":"C150"},"D8D":{"desc":"L1P"},"D8F":{"t":"PA12"},"D90":{"t":"C140"},"D94":{"t":"BE35"},"D95":{"t":"T6"},"D97":{"t":"C150"},"D98":{"t":"PA32"},"D9B":{"t":"BALL"},"D9D":{"t":"J3"},"D9E":{"t":"P28A"},"DA1":{"t":"PA32"},"DA3":{"t":"J5"},"DA7":{"desc":"L1P"},"DA9":{"t":"PA31"},"DAE":{"t":"M20T"},"DAF":{"t":"PA31"},"DB0":{"t":"PA31"},"DB3":{"t":"C120"},"DB4":{"t":"PA23"},"DB6":{"t":"PA32"},"DBA":{"t":"C170"},"DBC":{"desc":"H2T"},"DBE":{"t":"PA18"},"DBF":{"t":"J5"},"DC1":{"t":"PA31"},"DC3":{"t":"P28A"},"DC4":{"t":"J5"},"DC5":{"t":"P28A"},"DC6":{"t":"J5"},"DCB":{"t":"BL17"},"DCD":{"t":"C182"},"DCF":{"t":"P28A"},"DD1":{"desc":"L1P"},"DD2":{"t":"C150"},"DD5":{"t":"PA12"},"DD6":{"t":"C140"},"DD9":{"t":"PA32"},"DDD":{"t":"C150"},"DE0":{"t":"B06"},"DE3":{"t":"P28A"},"DE4":{"t":"P28A"},"DE7":{"t":"J5"},"DEA":{"t":"J5"},"DEB":{"desc":"L1P"},"DEC":{"desc":"L1P"},"DEE":{"desc":"A2P"},"DEF":{"t":"M4"},"DF0":{"t":"C182"},"DF2":{"desc":"L1P"},"DF4":{"desc":"L1P"},"DF8":{"t":"PA12"},"DFA":{"desc":"L1P"},"DFB":{"desc":"L1T"},"DFD":{"t":"BE35"},"DFE":{"t":"DC3"},"DFF":{"t":"BALL"},"E00":{"t":"C170"},"E07":{"desc":"H1P"},"E0A":{"t":"J5"},"E0B":{"t":"J5"},"E10":{"desc":"L1P"},"E11":{"desc":"L2J","t":"A21N"},"E13":{"t":"M200"},"E15":{"t":"B06"},"E16":{"t":"P28A"},"E1A":{"t":"P32R"},"E1E":{"t":"B407"},"E21":{"t":"B739"},"E24":{"t":"SR20"},"E25":{"t":"CRJ2"},"E28":{"t":"B763"},"E29":{"t":"BE35"},"E2A":{"desc":"L2T"},"E2B":{"desc":"H1T"},"E30":{"t":"PC12"},"E31":{"t":"H25B"},"E33":{"t":"C402"},"E34":{"t":"PA27"},"E35":{"t":"GALX"},"E39":{"t":"AT3P"},"E3E":{"t":"HUSK"},"E43":{"t":"P28A"},"E44":{"t":"GLID"},"E45":{"t":"P28A"},"E46":{"t":"SR22"},"E48":{"t":"SR20"},"E4B":{"t":"C25C"},"E50":{"t":"PA46"},"E51":{"t":"C182"},"E52":{"t":"C172"},"E56":{"t":"C182"},"E5C":{"t":"PC12"},"E5E":{"desc":"H1E","t":"R44"},"E61":{"t":"V10"},"E64":{"t":"C25B"},"E71":{"desc":"L2J","t":"A339"},"E85":{"t":"C172"},"E91":{"desc":"L1P"},"E99":{"t":"RV12"},"E9B":{"t":"DA40"},"E9E":{"desc":"L1T"},"E9F":{"t":"B738"},"EA3":{"t":"E545"},"EA7":{"t":"B407"},"EA8":{"t":"GA5C"},"EBA":{"t":"C208"},"EC0":{"t":"COL4"},"EC7":{"t":"EC20"},"ED1":{"t":"EN28"},"ED9":{"desc":"L1P"},"EDA":{"t":"AEST"},"EDC":{"desc":"L1P"},"EE2":{"t":"ULAC"},"EE4":{"t":"LJ60"},"EE6":{"desc":"L1P"},"EE8":{"desc":"L1P"},"EE9":{"t":"CH7A"},"EF1":{"desc":"L1P"},"EF8":{"t":"E55P"},"EFA":{"t":"PA44"},"F0D":{"desc":"L4T"},"F10":{"desc":"H1T"},"F15":{"desc":"L1P"},"F16":{"t":"B407"},"F18":{"t":"C172"},"F1C":{"t":"PC12"},"F23":{"t":"BE35"},"F25":{"t":"R44"},"F26":{"t":"B744"},"F2F":{"desc":"L1P"},"F30":{"t":"C208"},"F33":{"t":"CL30"},"F34":{"t":"C208"},"F3C":{"desc":"L1P"},"F4D":{"desc":"L1P"},"F55":{"t":"BE36"},"F56":{"desc":"L1P"},"F58":{"t":"M20P"},"F59":{"t":"BE33"},"F5D":{"t":"B407"},"F5E":{"t":"B407"},"F61":{"desc":"L1P"},"F67":{"t":"RV12"},"F7F":{"t":"E55P"},"F87":{"t":"BE35"},"F88":{"t":"BE20"},"F90":{"t":"GLID"},"F93":{"desc":"L1P"},"F97":{"desc":"H1P"},"F9B":{"desc":"L1P"},"F9C":{"desc":"L1P"},"FA0":{"t":"C500"},"FA1":{"t":"BE40"},"FA4":{"desc":"L1P"},"FA8":{"t":"R44"},"FA9":{"t":"COL3"},"FAE":{"t":"C77R"},"FB1":{"t":"BE35"},"FB2":{"t":"C550"},"FB4":{"desc":"L2T"},"FB6":{"desc":"L1P"},"FB7":{"t":"E75L"},"FBA":{"t":"C172"},"FBC":{"desc":"L1P"},"FBD":{"t":"B407"},"FC1":{"desc":"L2P"},"FC2":{"desc":"L1P"},"FC7":{"t":"P28A"},"FC9":{"desc":"L1P","t":"ULAC"},"FCB":{"desc":"L1P"},"FCD":{"desc":"L1P"},"FCE":{"desc":"L1P","t":"ULAC"},"FD3":{"t":"A320"},"FE0":{"t":"B752"},"FE2":{"t":"ULAC"},"FEB":{"t":"BE55"},"FEC":{"desc":"L2T"},"FF9":{"t":"C25A"}}