{"C003":{"t":"PC12"},"C005":{"desc":"L1P"},"C006":{"t":"C150"},"C007":{"desc":"L1P"},"C009":{"t":"PRM1"},"C00A":{"t":"B47G"},"C00B":{"desc":"L1P"},"C00C":{"t":"CJ6"},"C00D":{"t":"AA5"},"C00E":{"t":"BE58"},"C00F":{"desc":"L1P"},"C010":{"desc":"L1P"},"C011":{"desc":"L1P"},"C012":{"desc":"L1P"},"C014":{"desc":"A2P"},"C016":{"desc":"A1P"},"C017":{"t":"C182"},"C018":{"desc":"L1P"},"C01B":{"t":"C560"},"C039":{"t":"LJ35"},"C03A":{"t":"BE35"},"C03B":{"desc":"L1P"},"C03F":{"desc":"L1P"},"C040":{"t":"C77R"},"C041":{"t":"M20T"},"C042":{"desc":"L1P"},"C044":{"t":"BE20"},"C046":{"t":"P47"},"C048":{"t":"GLID"},"C04A":{"t":"BE36"},"C04C":{"desc":"L1P"},"C04D":{"t":"C310"},"C04E":{"desc":"A1P"},"C051":{"t":"P28R"},"C053":{"t":"C68A"},"C054":{"t":"C68A"},"C055":{"t":"H269"},"C056":{"t":"SBR1"},"C057":{"desc":"L1T"},"C058":{"desc":"L1P","t":"TB0"},"C059":{"t":"C525"},"C05A":{"desc":"L2P"},"C05C":{"desc":"L1P"},"C05F":{"t":"C310"},"C063":{"desc":"L1P"},"C065":{"desc":"L1P"},"C066":{"t":"BE9L"},"C06A":{"t":"NAVI"},"C06C":{"desc":"L2T","t":"DC3"},"C06D":{"t":"C210"},"C06E":{"desc":"L1P"},"C070":{"desc":"L2T","t":"DC3"},"C071":{"t":"BE55"},"C073":{"t":"BE33"},"C074":{"desc":"H1P"},"C075":{"t":"C185"},"C077":{"t":"C172"},"C078":{"t":"SR20"},"C07B":{"t":"PA18"},"C07C":{"t":"AC90"},"C082":{"t":"C182"},"C083":{"t":"C82R"},"C094":{"t":"BE60"},"C095":{"t":"M7"},"C09C":{"desc":"L1P"},"C09D":{"t":"E145"},"C09E":{"t":"BE35"},"C0A1":{"desc":"L1P"},"C0A8":{"t":"BL8"},"C0AA":{"desc":"L1P"},"C0AE":{"t":"BE35"},"C0AF":{"t":"SR20"},"C0B5":{"desc":"L1P"},"C0B6":{"t":"BE35"},"C0B7":{"t":"CL60"},"C0B8":{"t":"BE95"},"C0B9":{"t":"C25B"},"C0BA":{"desc":"L1P"},"C0BB":{"desc":"H1P"},"C0BF":{"t":"BE58"},"C0C0":{"desc":"L1P"},"C0C3":{"t":"PA32"},"C0C5":{"t":"C140"},"C0C6":{"desc":"L1P"},"C0C7":{"t":"BE35"},"C0CA":{"t":"BE36"},"C0CD":{"t":"C182"},"C0DC":{"desc":"L1P","t":"ULAC"},"C0E0":{"desc":"A1P"},"C0E4":{"desc":"L1P"},"C0E7":{"t":"PA17"},"C0E9":{"desc":"L1T"},"C0FD":{"desc":"L1P"},"C100":{"t":"GLID"},"C101":{"t":"B47G"},"C107":{"t":"PAY4"},"C110":{"t":"P28A"},"C111":{"t":"BALL"},"C118":{"t":"SR20"},"C11A":{"t":"P28A"},"C120":{"desc":"L1P","t":"ULAC"},"C124":{"desc":"L1P"},"C126":{"desc":"L1P"},"C12B":{"t":"P180"},"C12E":{"t":"SR20"},"C12F":{"t":"BE35"},"C133":{"t":"GLEX"},"C134":{"t":"GLID"},"C136":{"t":"C414"},"C137":{"t":"GLID"},"C13B":{"desc":"H1T","t":"B47G"},"C13E":{"t":"DA40"},"C14C":{"desc":"L1P"},"C150":{"t":"SR22"},"C158":{"desc":"L1P"},"C15A":{"desc":"L1P"},"C15D":{"t":"C240"},"C15E":{"t":"BE40"},"C165":{"desc":"L1P"},"C166":{"t":"SR20"},"C167":{"desc":"L1P"},"C168":{"t":"E35L"},"C169":{"t":"E300"},"C16B":{"desc":"L2T"},"C173":{"t":"C560"},"C176":{"t":"DA40"},"C17A":{"t":"AA1"},"C186":{"t":"C150"},"C18E":{"t":"C172"},"C192":{"t":"B742"},"C1A0":{"t":"FA20"},"C1A2":{"t":"P28A"},"C1AD":{"t":"LJ45"},"C1C1":{"t":"ULAC"},"C1CD":{"t":"C175"},"C1D7":{"t":"HUSK"},"C1E4":{"t":"C175"},"C1E5":{"t":"C180"},"C1E8":{"t":"AT43"},"C1EC":{"desc":"L1P"},"C1F3":{"desc":"L1P"},"C1FC":{"t":"B350"},"C207":{"t":"C172"},"C216":{"t":"BALL"},"C220":{"desc":"L1P"},"C222":{"desc":"L1P","t":"ULAC"},"C22B":{"t":"GLID"},"C22D":{"desc":"L1P"},"C22E":{"t":"HUSK"},"C22F":{"t":"RV12"},"C231":{"t":"LJ60"},"C236":{"desc":"L1P"},"C237":{"t":"F2TH"},"C239":{"t":"B190"},"C23F":{"desc":"L1T"},"C242":{"t":"BE35"},"C247":{"desc":"L4J"},"C25F":{"t":"C182"},"C260":{"desc":"H6E"},"C268":{"t":"RV12"},"C26D":{"t":"RV12"},"C283":{"t":"B412"},"C289":{"t":"GLF4"},"C291":{"t":"S108"},"C292":{"t":"B407"},"C298":{"t":"EC30"},"C29A":{"t":"BE20"},"C29B":{"t":"C425"},"C29F":{"desc":"L1P"},"C2A5":{"t":"C182"},"C2AC":{"t":"B47G"},"C2AF":{"t":"P32R"},"C2B4":{"t":"C68A"},"C2BB":{"desc":"A1P"},"C2BD":{"t":"SR20"},"C2C3":{"t":"BE35"},"C2D8":{"t":"HDJT"},"C2DC":{"t":"C172"},"C2DD":{"t":"A320"},"C2EA":{"t":"B752"},"C311":{"t":"B407"},"C319":{"t":"BALL"},"C31A":{"t":"B407"},"C31B":{"t":"B737"},"C323":{"t":"B47J"},"C327":{"t":"C182"},"C33D":{"desc":"L1P"},"C342":{"t":"B407"},"C359":{"desc":"L1T"},"C36E":{"t":"CRJ2"},"C378":{"t":"C206"},"C379":{"t":"GLID"},"C37A":{"t":"M20P"},"C37E":{"t":"PA11"},"C383":{"t":"C82T"},"C384":{"t":"M4"},"C388":{"t":"C150"},"C38D":{"t":"AR11"},"C392":{"desc":"L1P"},"C396":{"t":"C414"},"C399":{"t":"C182"},"C39A":{"t":"CH7A"},"C39C":{"desc":"L1P"},"C39D":{"t":"PA11"},"C39E":{"t":"BE23"},"C39F":{"t":"BE55"},"C3A0":{"t":"P28A"},"C3A1":{"t":"BE35"},"C3A4":{"t":"C185"},"C3A6":{"t":"C82T"},"C3A7":{"t":"M4"},"C3A8":{"t":"C180"},"C3B0":{"t":"PT22"},"C3B3":{"t":"FA62"},"C3B8":{"desc":"L1P"},"C3BA":{"t":"B407"},"C3BD":{"t":"CH7A"},"C3BE":{"t":"C172"},"C3C0":{"t":"M20P"},"C3C1":{"t":"BE23"},"C3C2":{"t":"C182"},"C3C4":{"t":"BE35"},"C3C6":{"t":"C152"},"C3C7":{"t":"C185"},"C3C9":{"t":"B47G"},"C3CA":{"desc":"L1P","t":"ULAC"},"C3CC":{"t":"BL17"},"C3CD":{"t":"C210"},"C3D2":{"t":"TAYD"},"C3D4":{"t":"P28A"},"C3D5":{"t":"BE17"},"C3D7":{"t":"TAYD"},"C3D9":{"t":"C152"},"C3DA":{"t":"C152"},"C3E0":{"t":"CH7A"},"C3E5":{"t":"C182"},"C3E6":{"t":"P28A"},"C3E7":{"t":"PA11"},"C3ED":{"t":"M4"},"C3EF":{"t":"BL17"},"C3F0":{"desc":"L1P"},"C3F3":{"t":"PA22"},"C3F6":{"desc":"L1P"},"C3F7":{"t":"ST75"},"C3FB":{"t":"TAYD"},"C3FC":{"t":"B47G"},"C3FF":{"t":"C185"},"C401":{"t":"C182"},"C405":{"t":"C172"},"C406":{"t":"C152"},"C407":{"desc":"L1P"},"C40B":{"t":"C182"},"C40C":{"t":"PA27"},"C413":{"desc":"L1P"},"C414":{"t":"C150"},"C416":{"t":"PA22"},"C41D":{"t":"TAYD"},"C425":{"t":"C172"},"C426":{"t":"CH7A"},"C429":{"t":"C152"},"C42B":{"t":"C182"},"C42C":{"t":"P28A"},"C42E":{"t":"C182"},"C42F":{"t":"PA27"},"C430":{"t":"C152"},"C431":{"t":"B47G"},"C434":{"t":"C180"},"C436":{"t":"AC11"},"C43B":{"t":"AR11"},"C43D":{"t":"C152"},"C43E":{"t":"FA24"},"C43F":{"desc":"L1P"},"C446":{"t":"C180"},"C448":{"t":"C172"},"C44C":{"t":"PA11"},"C44E":{"t":"C182"},"C44F":{"t":"P28A"},"C451":{"t":"C182"},"C453":{"t":"C185"},"C455":{"t":"C82R"},"C456":{"t":"M4"},"C459":{"t":"AC11"},"C45A":{"t":"C150"},"C45C":{"t":"PA22"},"C460":{"desc":"H1T","t":"UH12"},"C462":{"desc":"L1P"},"C468":{"t":"PA18"},"C469":{"t":"C180"},"C46A":{"t":"PA22"},"C46F":{"t":"PA11"},"C470":{"t":"BE24"},"C471":{"t":"C182"},"C472":{"t":"C152"},"C474":{"t":"C182"},"C478":{"t":"C82T"},"C479":{"t":"C82R"},"C47A":{"t":"C180"},"C47B":{"t":"C195"},"C47C":{"desc":"L1P"},"C47E":{"t":"PA25"},"C47F":{"t":"PA22"},"C487":{"desc":"H1T","t":"UH12"},"C48B":{"t":"PA18"},"C48D":{"t":"T6"},"C48F":{"t":"CH7A"},"C493":{"t":"BE23"},"C495":{"t":"P28A"},"C497":{"t":"C182"},"C499":{"t":"C185"},"C49E":{"t":"C180"},"C49F":{"t":"AC11"},"C4A0":{"t":"C150"},"C4A3":{"t":"PT22"},"C4A5":{"t":"PT22"},"C4A7":{"t":"C182"},"C4A8":{"t":"AR11"},"C4A9":{"desc":"L1P"},"C4B1":{"t":"C182"},"C4B2":{"t":"CH7A"},"C4B5":{"t":"PA11"},"C4B7":{"t":"C182"},"C4B8":{"t":"P28A"},"C4BD":{"t":"C72R"},"C4BE":{"t":"C82R"},"C4C9":{"desc":"L1P"},"C4CA":{"t":"PT22"},"C4D1":{"t":"P28A"},"C4D4":{"t":"CH7B"},"C4D6":{"t":"B06"},"C4DB":{"desc":"L1P"},"C4DD":{"t":"HUSK"},"C4E1":{"t":"PC12"},"C4E2":{"t":"B739"},"C4E3":{"t":"R22"},"C4E5":{"t":"SR20"},"C4EB":{"t":"GLID"},"C4ED":{"t":"C182"},"C4F1":{"desc":"L1P"},"C4F2":{"t":"B47G"},"C4F4":{"t":"G280"},"C4F5":{"t":"DA40"},"C4FB":{"t":"B738"},"C4FF":{"t":"C421"},"C503":{"t":"S108"},"C504":{"t":"CRJ2"},"C506":{"t":"PA18"},"C50B":{"desc":"H2T"},"C50F":{"t":"BE18"},"C511":{"desc":"L1P"},"C51C":{"desc":"L2P"},"C51D":{"t":"SR20"},"C51E":{"desc":"L1P"},"C527":{"t":"P28B"},"C528":{"desc":"L1P","t":"ULAC"},"C536":{"desc":"L1P"},"C545":{"t":"C172"},"C549":{"t":"B742"},"C54E":{"t":"BE33"},"C557":{"desc":"L1P"},"C559":{"t":"FA20"},"C564":{"t":"LJ45"},"C573":{"t":"C82T"},"C579":{"desc":"L1P","t":"ULAC"},"C582":{"t":"C414"},"C58A":{"t":"AT8T"},"C58C":{"desc":"L1P"},"C58E":{"t":"DA42"},"C599":{"desc":"L1P"},"C59B":{"desc":"L1P","t":"ULAC"},"C5A9":{"t":"C172"},"C5B2":{"desc":"L1P"},"C5BA":{"desc":"A1P"},"C5CB":{"t":"BE55"},"C5CC":{"desc":"L1P"},"C5D4":{"t":"RV12"},"C5D9":{"desc":"A1P"},"C5DC":{"t":"PA18"},"C5E5":{"t":"C414"},"C5E7":{"t":"B744"},"C5E8":{"t":"C525"},"C5EC":{"desc":"L1P"},"C5F0":{"desc":"L1T","t":"M600"},"C5F4":{"t":"C172"},"C5FE":{"desc":"L4J"},"C60B":{"desc":"L1P"},"C616":{"desc":"L1P","t":"ULAC"},"C618":{"desc":"L1P"},"C61A":{"t":"RV12"},"C61F":{"t":"ULAC"},"C622":{"desc":"L1P"},"C626":{"t":"C172"},"C640":{"t":"E55P"},"C648":{"desc":"L1P","t":"ULAC"},"C653":{"desc":"L1P","t":"ULAC"},"C655":{"t":"B06"},"C662":{"desc":"L1P","t":"ULAC"},"C66F":{"t":"C172"},"C672":{"t":"PC12"},"C67A":{"desc":"L1P"},"C67B":{"t":"P28A"},"C687":{"t":"B763"},"C68C":{"t":"SR20"},"C694":{"t":"A320"},"C6A1":{"t":"B752"},"C6AC":{"t":"P28B"},"C6C2":{"t":"B734"},"C6C3":{"t":"BE9L"},"C6D1":{"t":"SR22"},"C6D5":{"t":"S61"},"C6DE":{"desc":"L1P"},"C710":{"desc":"L1P"},"C725":{"t":"CRJ2"},"C731":{"t":"M20T"},"C734":{"t":"P28A"},"C735":{"t":"PA11"},"C738":{"t":"C185"},"C73D":{"t":"BE17"},"C74A":{"t":"C152"},"C74E":{"t":"C152"},"C74F":{"t":"C172"},"C750":{"t":"C182"},"C751":{"t":"C185"},"C752":{"t":"C206"},"C755":{"t":"BE19"},"C756":{"t":"C182"},"C757":{"t":"C152"},"C758":{"t":"PA11"},"C75E":{"t":"M4"},"C75F":{"t":"PA11"},"C760":{"t":"C72R"},"C761":{"t":"AC11"},"C762":{"t":"CH7A"},"C763":{"t":"P28R"},"C764":{"t":"PA22"},"C76C":{"t":"FA62"},"C770":{"t":"PA18"},"C772":{"t":"PA12"},"C773":{"t":"C182"},"C774":{"t":"CH7A"},"C778":{"t":"AT6T"},"C779":{"t":"P210"},"C77B":{"t":"PA11"},"C77C":{"t":"C82S"},"C781":{"t":"M4"},"C783":{"t":"ST75"},"C785":{"t":"C150"},"C786":{"t":"PA18"},"C788":{"t":"C152"},"C78B":{"t":"TAYD"},"C794":{"t":"C152"},"C795":{"t":"P28A"},"C79A":{"t":"PA11"},"C79D":{"t":"P28A"},"C7A4":{"t":"M4"},"C7AA":{"t":"PA22"},"C7AE":{"t":"C152"},"C7B0":{"desc":"H1P"},"C7B2":{"desc":"L1P"},"C7B6":{"desc":"L1P"},"C7B7":{"t":"C180"},"C7B8":{"t":"T210"},"C7B9":{"t":"C182"},"C7BA":{"t":"CH7A"},"C7BB":{"t":"C172"},"C7BF":{"t":"C172"},"C7C2":{"t":"C182"},"C7C3":{"t":"PA27"},"C7C5":{"t":"C72R"},"C7C7":{"t":"M4"},"C7C9":{"t":"BL17"},"C7CB":{"t":"C150"},"C7CC":{"t":"PA18"},"C7CE":{"t":"C140"},"C7D2":{"desc":"L1P"},"C7DC":{"t":"C182"},"C7DD":{"t":"CH7A"},"C7DE":{"t":"C206"},"C7E0":{"t":"PA11"},"C7E2":{"t":"C182"},"C7E3":{"t":"P28A"},"C7E4":{"t":"PA11"},"C7EA":{"t":"M4"},"C7ED":{"t":"P210"},"C7EE":{"t":"C150"},"C7F0":{"t":"PA22"},"C7F3":{"desc":"L1P"},"C7F5":{"t":"FA62"},"C7F6":{"t":"T50"},"C7F7":{"t":"J3"},"C7F9":{"t":"FA62"},"C7FD":{"t":"C180"},"C7FF":{"t":"C182"},"C803":{"t":"PA11"},"C805":{"t":"C182"},"C806":{"t":"P28A"},"C807":{"t":"PA11"},"C808":{"t":"C182"},"C80F":{"t":"BL17"},"C810":{"t":"AC11"},"C811":{"t":"T206"},"C81A":{"desc":"L1P"},"C81C":{"desc":"L1P"},"C81D":{"desc":"L1P"},"C81E":{"desc":"L1P"},"C81F":{"t":"PA18"},"C820":{"t":"C152"},"C821":{"t":"T210"},"C823":{"t":"CH7A"},"C826":{"t":"M20P"},"C827":{"t":"BE19"},"C82A":{"t":"PA11"},"C82B":{"t":"C182"},"C830":{"t":"M4"},"C832":{"t":"AC90"},"C833":{"t":"B06"},"C836":{"t":"PA22"},"C83A":{"desc":"L1P"},"C83C":{"t":"AR11"},"C83E":{"desc":"L1P"},"C83F":{"desc":"L1P"},"C842":{"t":"C152"},"C843":{"t":"C180"},"C845":{"t":"C182"},"C847":{"t":"C206"},"C84B":{"t":"C172"},"C84C":{"t":"P28A"},"C84E":{"t":"C182"},"C853":{"t":"M4"},"C857":{"t":"C150"},"C85B":{"t":"AR11"},"C85C":{"t":"AR11"},"C85F":{"t":"AR11"},"C860":{"desc":"L1P"},"C861":{"t":"AR11"},"C863":{"t":"C152"},"C865":{"t":"PA18"},"C869":{"t":"CH7A"},"C86A":{"t":"C172"},"C86B":{"desc":"L1P"},"C86C":{"t":"M20P"},"C86E":{"t":"C182"},"C86F":{"t":"P28A"},"C870":{"t":"PA11"},"C875":{"desc":"H4E"},"C876":{"t":"C82R"},"C879":{"t":"AC11"},"C87C":{"t":"PA22"},"C880":{"t":"C152"},"C882":{"desc":"L1P"},"C887":{"t":"C205"},"C888":{"t":"P28A"},"C88B":{"t":"CH7B"},"C88E":{"desc":"L2P"},"C88F":{"t":"S22T"},"C892":{"desc":"L1P"},"C898":{"t":"CL30"},"C899":{"t":"B739"},"C89A":{"t":"R22"},"C89C":{"t":"ULAC"},"C8A2":{"t":"GLID"},"C8A4":{"t":"S76"},"C8A9":{"t":"AEST"},"C8AC":{"t":"DA40"},"C8B6":{"t":"C182"},"C8BB":{"t":"CRJ2"},"C8BE":{"t":"SR22"},"C8BF":{"desc":"L1P","t":"ULAC"},"C8C2":{"desc":"H2T"},"C8C6":{"t":"C172"},"C8C8":{"desc":"L1P"},"C8D3":{"t":"C172"},"C8D4":{"t":"SR20"},"C8D6":{"t":"DV20"},"C8D7":{"t":"P28A"},"C8DF":{"t":"B47G"},"C8E4":{"t":"DA40"},"C8ED":{"t":"BE9L"},"C8F8":{"t":"BE40"},"C8FC":{"t":"C172"},"C8FD":{"desc":"L1P"},"C900":{"t":"B741"},"C916":{"desc":"L1P"},"C91B":{"t":"LJ45"},"C922":{"t":"B47G"},"C927":{"t":"BE40"},"C958":{"t":"GLID"},"C959":{"t":"S22T"},"C95B":{"t":"B350"},"C961":{"t":"C177"},"C969":{"t":"F2TH"},"C96B":{"desc":"L1P"},"C96E":{"t":"SR22"},"C974":{"desc":"L1P"},"C977":{"t":"C72R"},"C983":{"t":"AS50"},"C985":{"desc":"L2P"},"C98D":{"desc":"H1P"},"C990":{"desc":"L1P","t":"ULAC"},"C99B":{"t":"B06"},"C99C":{"desc":"L1P"},"C99E":{"t":"B744"},"C9A7":{"t":"GLF4"},"C9A9":{"t":"B06"},"C9AD":{"desc":"L1P"},"C9B4":{"desc":"L1P"},"C9B5":{"desc":"L4J"},"C9CE":{"t":"DA40"},"C9F7":{"t":"GLF4"},"CA0D":{"t":"PA32"},"CA13":{"desc":"L1P"},"CA19":{"t":"R44"},"CA1B":{"desc":"H1P"},"CA1E":{"desc":"L1P"},"CA1F":{"desc":"L1T"},"CA20":{"t":"R22"},"CA26":{"t":"C172"},"CA28":{"t":"SR22"},"CA29":{"t":"PC12"},"CA31":{"t":"BE33"},"CA32":{"t":"P28A"},"CA34":{"t":"C152"},"CA3E":{"t":"B763"},"CA46":{"t":"C172"},"CA47":{"t":"B407"},"CA4B":{"t":"A320"},"CA58":{"t":"B752"},"CA65":{"t":"B407"},"CA7F":{"t":"C182"},"CA85":{"t":"C240"},"CA89":{"t":"B737"},"CAE1":{"t":"PA18"},"CAE2":{"t":"C152"},"CAE3":{"t":"T210"},"CAE6":{"t":"PA18"},"CAE7":{"desc":"L1P"},"CAE8":{"t":"PA11"},"CAEA":{"t":"C182"},"CAEC":{"t":"PA11"},"CAEE":{"t":"P210"},"CAEF":{"t":"C185"},"CAF0":{"t":"C72R"},"CAF4":{"t":"BL17"},"CAF7":{"t":"T210"},"CAFA":{"desc":"L1P"},"CAFD":{"desc":"L1P"},"CAFE":{"t":"TAYD"},"CB00":{"t":"TAYD"},"CB05":{"t":"C152"},"CB07":{"t":"C182"},"CB08":{"t":"CH7A"},"CB0A":{"desc":"L1P"},"CB0E":{"t":"P28A"},"CB0F":{"t":"BE33"},"CB10":{"t":"C182"},"CB12":{"t":"C185"},"CB13":{"t":"C72R"},"CB16":{"t":"C180"},"CB1A":{"t":"PA25"},"CB1C":{"t":"PT22"},"CB1E":{"desc":"L1P"},"CB20":{"desc":"L1P"},"CB23":{"desc":"L1P"},"CB27":{"t":"PA18"},"CB28":{"t":"C180"},"CB2B":{"t":"CH7A"},"CB2C":{"t":"T206"},"CB31":{"t":"P28A"},"CB32":{"t":"PA11"},"CB34":{"t":"M20P"},"CB37":{"desc":"L1P"},"CB39":{"t":"C180"},"CB3B":{"t":"AC11"},"CB3D":{"t":"PA25"},"CB44":{"t":"P28A"},"CB46":{"t":"P28R"},"CB47":{"t":"P28S"},"CB4B":{"t":"C152"},"CB4E":{"t":"CH7A"},"CB4F":{"t":"C206"},"CB56":{"t":"C182"},"CB57":{"t":"C152"},"CB59":{"t":"C72R"},"CB5B":{"t":"C82T"},"CB60":{"t":"T210"},"CB61":{"t":"PA22"},"CB62":{"t":"P28S"},"CB64":{"t":"P32R"},"CB69":{"t":"AR11"},"CB6E":{"t":"C180"},"CB6F":{"t":"C140"},"CB71":{"t":"CH7A"},"CB75":{"t":"BE19"},"CB76":{"t":"C182"},"CB78":{"t":"PA11"},"CB7A":{"t":"PA27"},"CB7B":{"t":"C185"},"CB82":{"t":"C150"},"CB87":{"t":"UH12"},"CB8D":{"t":"WACO"},"CB8E":{"t":"C180"},"CB8F":{"desc":"L1P"},"CB90":{"t":"PA18"},"CB92":{"t":"C303"},"CB93":{"t":"C172"},"CB94":{"t":"CH7A"},"CB95":{"t":"T206"},"CB96":{"t":"C172"},"CB97":{"t":"PA11"},"CB99":{"t":"C182"},"CB9B":{"t":"PA11"},"CBA2":{"t":"C180"},"CBA3":{"desc":"L1P"},"CBAA":{"t":"AR11"},"CBAB":{"t":"C152"},"CBB4":{"t":"C152"},"CBB7":{"t":"C82S"},"CBB9":{"t":"C172"},"CBBB":{"t":"BE24"},"CBBC":{"t":"C182"},"CBBE":{"t":"BE33"},"CBBF":{"t":"J3"},"CBC1":{"t":"C188"},"CBC3":{"t":"PA32"},"CBC5":{"t":"C206"},"CBC7":{"t":"AC11"},"CBC8":{"t":"C150"},"CBC9":{"t":"T210"},"CBCA":{"t":"PA22"},"CBCD":{"t":"AR11"},"CBD0":{"t":"AR11"},"CBD2":{"t":"H500"},"CBD3":{"t":"C152"},"CBD4":{"desc":"L1P"},"CBD9":{"t":"C172"},"CBDA":{"t":"CH7A"},"CBDC":{"t":"C172"},"CBDD":{"t":"C152"},"CBDE":{"t":"BE19"},"CBDF":{"t":"C182"},"CBE0":{"t":"P28A"},"CBE1":{"t":"PA11"},"CBE2":{"t":"C182"},"CBE6":{"t":"PA32"},"CBE7":{"t":"M4"},"CBEB":{"t":"C150"},"CBED":{"t":"PA22"},"CBF3":{"desc":"L2J","t":"B38M"},"CBF7":{"t":"FA62"},"CBF8":{"t":"G164"},"CBF9":{"t":"T206"},"CBFA":{"t":"C180"},"CBFC":{"t":"C182"},"CBFD":{"t":"CH7A"},"CBFF":{"t":"C172"},"CC00":{"t":"PA11"},"CC01":{"t":"BE19"},"CC02":{"t":"C182"},"CC04":{"t":"BE36"},"CC05":{"t":"C182"},"CC06":{"t":"PA27"},"CC09":{"t":"PA32"},"CC0A":{"t":"C82R"},"CC11":{"desc":"L2J","t":"B38M"},"CC12":{"desc":"L2J","t":"B38M"},"CC13":{"desc":"L2J","t":"B38M"},"CC14":{"t":"TAYD"},"CC15":{"desc":"L2J","t":"B38M"},"CC17":{"t":"TAYD"},"CC18":{"t":"AR11"},"CC19":{"desc":"L2J","t":"B38M"},"CC1E":{"t":"T210"},"CC25":{"t":"C182"},"CC26":{"t":"P28A"},"CC2C":{"t":"PA32"},"CC2D":{"t":"M4"},"CC30":{"t":"C210"},"CC33":{"t":"PA22"},"CC35":{"desc":"L2J","t":"B38M"},"CC37":{"desc":"L2J","t":"B38M"},"CC3B":{"t":"S10"},"CC3C":{"desc":"L2J","t":"B38M"},"CC3D":{"t":"AR11"},"CC3E":{"t":"GLID"},"CC3F":{"t":"P28A"},"CC40":{"desc":"H6E"},"CC41":{"t":"BE35"},"CC42":{"t":"B412"},"CC44":{"t":"B06"},"CC45":{"desc":"L2T"},"CC49":{"desc":"L1P"},"CC4B":{"t":"HUSK"},"CC4D":{"t":"B752"},"CC51":{"t":"R22"},"CC53":{"t":"SR20"},"CC59":{"t":"GLID"},"CC5B":{"t":"SR22"},"CC5F":{"t":"ULAC"},"CC61":{"t":"SR22"},"CC63":{"t":"DA40"},"CC70":{"desc":"L1P"},"CC71":{"desc":"L1P"},"CC72":{"t":"C172"},"CC74":{"t":"PA18"},"CC75":{"t":"SR22"},"CC79":{"desc":"H2T"},"CC7D":{"t":"C172"},"CC7F":{"desc":"L1P"},"CC82":{"t":"C172"},"CC83":{"t":"B733"},"CC86":{"t":"GLF4"},"CC8B":{"t":"SR20"},"CC8C":{"t":"C525"},"CC8D":{"desc":"L2T","t":"DC3"},"CC8F":{"t":"E545"},"CC90":{"desc":"L2T"},"CC9B":{"t":"DA40"},"CC9E":{"t":"SR20"},"CCA3":{"desc":"H1T"},"CCA6":{"t":"GLF5"},"CCB3":{"t":"C172"},"CCC7":{"t":"BE40"},"CCCD":{"t":"AT8T"},"CCD2":{"t":"LJ45"},"CCDB":{"t":"O1"},"CCDC":{"t":"PAY2"},"CCF0":{"t":"HA4T"},"CCFA":{"t":"RV9"},"CD09":{"t":"AT3T"},"CD1F":{"desc":"L1P"},"CD20":{"t":"FA7X"},"CD2C":{"desc":"L1P"},"CD2E":{"t":"C72R"},"CD35":{"t":"E35L"},"CD47":{"desc":"L1P","t":"ULAC"},"CD54":{"t":"S22T"},"CD55":{"t":"B744"},"CD5E":{"t":"SF50"},"CD60":{"t":"B06"},"CD64":{"desc":"L1T"},"CD6B":{"desc":"L1P"},"CD6C":{"desc":"L4J"},"CD70":{"desc":"H1P"},"CD84":{"t":"S22T"},"CD87":{"t":"PC12"},"CD8E":{"desc":"L1P"},"CD99":{"desc":"L1P"},"CDA5":{"t":"S76"},"CDB7":{"t":"B407"},"CDCF":{"t":"C310"},"CDD0":{"t":"BE36"},"CDE0":{"desc":"L1P"},"CDE1":{"t":"BE20"},"CDE8":{"t":"BE33"},"CDE9":{"t":"P28A"},"CDEA":{"t":"T210"},"CDEB":{"t":"LJ25"},"CDEC":{"t":"AEST"},"CDEE":{"t":"P51"},"CDF5":{"desc":"L2P"},"CDFA":{"t":"B47G"},"CDFD":{"t":"C208"},"CE02":{"t":"A320"},"CE0F":{"t":"B752"},"CE28":{"desc":"L1P"},"CE33":{"desc":"L1P"},"CE35":{"t":"S76"},"CE40":{"t":"B737"},"CE68":{"t":"C206"},"CE99":{"t":"C152"},"CE9B":{"t":"C182"},"CE9C":{"t":"C185"},"CE9D":{"t":"P28A"},"CE9F":{"t":"M20P"},"CEA0":{"desc":"H4E"},"CEA3":{"t":"PA11"},"CEA4":{"t":"C182"},"CEA6":{"t":"C185"},"CEA9":{"t":"M4"},"CEAD":{"t":"C150"},"CEB2":{"t":"S10"},"CEB3":{"desc":"L1P"},"CEB6":{"t":"PT22"},"CEB9":{"t":"AR11"},"CEBD":{"desc":"L1P"},"CEBE":{"desc":"H1P"},"CEC0":{"t":"P28A"},"CEC8":{"t":"PA27"},"CECA":{"desc":"H1T","t":"B47G"},"CED5":{"t":"J3"},"CEDC":{"desc":"L1P"},"CEE3":{"desc":"L1P","t":"ULAC"},"CEE4":{"t":"FA62"},"CEE5":{"t":"PA11"},"CEE6":{"t":"BE24"},"CEE8":{"t":"P28A"},"CEF1":{"t":"C72R"},"CEF2":{"desc":"L1P"},"CEF7":{"t":"P28A"},"CEF8":{"t":"TAYD"},"CEF9":{"t":"P28A"},"CEFC":{"t":"P28A"},"CEFF":{"t":"TAYD"},"CF03":{"t":"UH12"},"CF04":{"t":"C172"},"CF05":{"t":"CH7A"},"CF0C":{"t":"BE58"},"CF0D":{"t":"C182"},"CF10":{"desc":"H1T","t":"B47G"},"CF12":{"t":"M4"},"CF13":{"t":"C180"},"CF14":{"t":"BL17"},"CF15":{"t":"AC11"},"CF19":{"desc":"L2J","t":"B38M"},"CF1B":{"desc":"L2J","t":"B38M"},"CF1F":{"t":"AR11"},"CF20":{"t":"P28R"},"CF22":{"t":"P28S"},"CF24":{"t":"C152"},"CF26":{"t":"ST75"},"CF28":{"t":"C182"},"CF2C":{"t":"BE24"},"CF2D":{"desc":"L1P","t":"TB0"},"CF2E":{"t":"P28A"},"CF2F":{"t":"BE36"},"CF30":{"t":"C182"},"CF35":{"t":"M4"},"CF37":{"t":"PA20"},"CF38":{"t":"AC11"},"CF39":{"t":"C150"},"CF3C":{"desc":"L2J","t":"B38M"},"CF3E":{"t":"P32R"},"CF3F":{"desc":"L2J","t":"B38M"},"CF40":{"t":"TAYD"},"CF43":{"t":"PA34"},"CF44":{"t":"TAYD"},"CF45":{"t":"P28A"},"CF4C":{"t":"ULAC"},"CF4E":{"t":"R44"},"CF51":{"t":"P28A"},"CF53":{"t":"C182"},"CF57":{"desc":"L1P"},"CF58":{"t":"C82T"},"CF5A":{"t":"C180"},"CF5E":{"t":"PA22"},"CF5F":{"t":"P28A"},"CF61":{"t":"P28A"},"CF62":{"t":"P28A"},"CF63":{"t":"C152"},"CF67":{"t":"TAYD"},"CF68":{"t":"P28S"},"CF6E":{"desc":"L1P","t":"TB0"},"CF70":{"t":"GLID"},"CF72":{"t":"BE24"},"CF74":{"t":"P28A"},"CF75":{"t":"BE36"},"CF76":{"t":"C182"},"CF7A":{"desc":"L1P"},"CF7B":{"t":"M4"},"CF7D":{"t":"BL17"},"CF7E":{"t":"AC11"},"CF80":{"t":"PA25"},"CF83":{"t":"P28S"},"CF88":{"t":"PA34"},"CF89":{"t":"P28A"},"CF8D":{"t":"PA18"},"CF92":{"t":"C185"},"CF94":{"t":"PA11"},"CF97":{"t":"C152"},"CF98":{"t":"PA11"},"CF9D":{"t":"C82T"},"CF9E":{"t":"M4"},"CF9F":{"t":"C180"},"CFA0":{"t":"ST75"},"CFA4":{"t":"PA22"},"CFA6":{"t":"AR11"},"CFA8":{"t":"AR11"},"CFAA":{"t":"J3"},"CFAC":{"t":"P28A"},"CFB1":{"t":"C180"},"CFB4":{"t":"CH7A"},"CFB6":{"t":"C172"},"CFB7":{"t":"M20P"},"CFB8":{"t":"BE24"},"CFBA":{"t":"P28A"},"CFBB":{"t":"BE36"},"CFBE":{"t":"C185"},"CFC2":{"t":"C180"},"CFC3":{"t":"C72R"},"CFC5":{"t":"C150"},"CFC7":{"t":"PA22"},"CFCA":{"t":"J3"},"CFCD":{"t":"AR11"},"CFD2":{"desc":"L1P"},"CFD6":{"t":"C172"},"CFD8":{"t":"C206"},"CFDA":{"t":"M20P"},"CFDB":{"t":"C172"},"CFDD":{"t":"P28A"},"CFDE":{"t":"PA11"},"CFE4":{"desc":"L1P"},"CFE6":{"desc":"L1P"},"CFE8":{"t":"C150"},"CFEA":{"t":"PA22"},"CFEB":{"t":"GLID"},"CFEC":{"t":"P28A"},"CFEE":{"t":"P28A"},"CFEF":{"t":"P28A"},"CFF2":{"t":"FA62"},"CFF6":{"t":"B407"},"CFF7":{"t":"C172"},"CFF8":{"desc":"H4E"},"CFF9":{"t":"BL8"},"CFFC":{"desc":"L1P","t":"ULAC"},"F005":{"t":"ST75"},"F007":{"t":"P28A"},"F008":{"t":"MD82"},"F009":{"t":"RV12"},"F00A":{"t":"CH7B"},"F00D":{"desc":"L2T"},"F012":{"t":"C150"},"F013":{"t":"HUSK"},"F018":{"t":"P28A"},"F019":{"t":"AT3T"},"F01F":{"desc":"H4E"},"F021":{"desc":"A1P","t":"ULAC"},"F022":{"t":"E55P"},"F03A":{"t":"C182"},"F03C":{"t":"P28A"},"F03D":{"t":"SR22"},"F040":{"t":"C82S"},"F042":{"t":"C25C"},"F047":{"t":"C182"},"F058":{"desc":"H2T"},"F05A":{"desc":"L1P"},"F062":{"t":"P32R"},"F064":{"t":"P28A"},"F06B":{"t":"C172"},"F06C":{"t":"C525"},"F06E":{"t":"F2TH"},"F074":{"t":"PA20"},"F07B":{"t":"C172"},"F07F":{"t":"B742"},"F088":{"desc":"L1P"},"F08F":{"t":"P28A"},"F09A":{"t":"GLF4"},"F09D":{"desc":"L1T"},"F0A0":{"desc":"H1T"},"F0AE":{"t":"BE40"},"F0E8":{"t":"PA34"},"F0EA":{"desc":"L1P"},"F0F4":{"desc":"L1T"},"F107":{"t":"EC45"},"F10F":{"desc":"L1P"},"F11B":{"t":"DA40"},"F11C":{"t":"PA32"},"F11D":{"t":"B744"},"F121":{"t":"H25B"},"F122":{"t":"EN48"},"F128":{"t":"C25C"},"F133":{"desc":"L1P"},"F14C":{"t":"P28A"},"F14D":{"desc":"H6E"},"F153":{"t":"HDJT"},"F15E":{"desc":"L1P","t":"ULAC"},"F162":{"t":"CRJ9"},"F188":{"t":"BE40"},"F18C":{"t":"AC11"},"F18F":{"t":"E55P"},"F192":{"desc":"L1P"},"F19A":{"desc":"L1P"},"F1A5":{"t":"C172"},"F1A9":{"t":"P32R"},"F1B9":{"t":"B06"},"F1BC":{"t":"BE40"},"F1C1":{"t":"DA42"},"F1C5":{"t":"C182"},"F1CA":{"t":"A320"},"F1DB":{"desc":"L1P"},"F1F8":{"desc":"L1P"},"F208":{"t":"B737"},"F20D":{"t":"S22T"},"F24D":{"desc":"H1P"},"F263":{"t":"C172"},"F264":{"t":"C185"},"F265":{"t":"P28A"},"F266":{"t":"C172"},"F267":{"t":"PA17"},"F268":{"t":"T206"},"F269":{"t":"NAVI"},"F26A":{"t":"P28A"},"F270":{"t":"C82R"},"F277":{"t":"PA22"},"F27C":{"t":"C152"},"F27D":{"desc":"L1P"},"F282":{"desc":"A1P"},"F283":{"t":"PA22"},"F285":{"desc":"L1P"},"F288":{"t":"P28A"},"F28A":{"t":"PA17"},"F28C":{"t":"NAVI"},"F28D":{"t":"P28A"},"F293":{"t":"PA32"},"F295":{"t":"C205"},"F2A2":{"t":"B47G"},"F2A3":{"t":"AR11"},"F2A6":{"t":"PA22"},"F2A8":{"desc":"L1P"},"F2A9":{"t":"C182"},"F2AC":{"t":"C172"},"F2AF":{"t":"NAVI"},"F2B0":{"t":"P28A"},"F2B1":{"t":"B58T"},"F2B2":{"t":"C182"},"F2B6":{"t":"PA32"},"F2B9":{"t":"BL17"},"F2BE":{"desc":"H1T","t":"UH12"},"F2C0":{"t":"C152"},"F2C6":{"t":"C152"},"F2CB":{"desc":"H2T"},"F2CE":{"t":"P28R"},"F2D0":{"t":"PA17"},"F2D1":{"t":"BE35"},"F2D3":{"t":"C152"},"F2D4":{"t":"PA11"},"F2DA":{"t":"PA32"},"F2DB":{"t":"C205"},"F2DC":{"t":"C72R"},"F2DE":{"t":"C150"},"F2E4":{"desc":"L2P"},"F2E6":{"t":"PT22"},"F2E8":{"t":"C172"},"F2E9":{"t":"C152"},"F2EA":{"t":"C152"},"F2ED":{"desc":"H2T"},"F2F1":{"t":"T206"},"F2F2":{"t":"C172"},"F2F3":{"t":"PA17"},"F2F7":{"t":"PA11"},"F2F9":{"t":"C152"},"F2FC":{"t":"PA32"},"F2FD":{"t":"ASTO"},"F2FE":{"desc":"L1P"},"F300":{"t":"AC11"},"F305":{"t":"C152"},"F308":{"t":"C152"},"F30B":{"t":"TAYD"},"F30C":{"desc":"L1P"},"F30F":{"t":"PA22"},"F310":{"desc":"H2T"},"F312":{"t":"C182"},"F313":{"t":"C185"},"F314":{"t":"T206"},"F316":{"t":"PA17"},"F319":{"desc":"L1P"},"F31A":{"desc":"L1P"},"F31B":{"t":"C182"},"F320":{"t":"TWEN"},"F325":{"t":"PA25"},"F333":{"desc":"H2T"},"F335":{"t":"C182"},"F339":{"t":"M20P"},"F342":{"t":"PA32"},"F346":{"t":"AC11"},"F34A":{"desc":"L1P"},"F34C":{"desc":"L1P"},"F34D":{"t":"UH12"},"F34E":{"t":"TAYD"},"F351":{"desc":"H1P"},"F356":{"desc":"H2T"},"F358":{"t":"C182"},"F35A":{"t":"P32R"},"F35E":{"t":"NAVI"},"F35F":{"t":"P28A"},"F360":{"t":"PA11"},"F362":{"t":"P210"},"F365":{"t":"PA32"},"F367":{"t":"T206"},"F36A":{"t":"C150"},"F36B":{"t":"PA25"},"F36C":{"t":"PA22"},"F36D":{"t":"C152"},"F371":{"t":"TAYD"},"F373":{"t":"TAYD"},"F378":{"desc":"H2T"},"F379":{"t":"C152"},"F37B":{"t":"C182"},"F37F":{"t":"R44"},"F381":{"t":"P210"},"F382":{"t":"P28A"},"F383":{"t":"BE36"},"F388":{"t":"PA32"},"F389":{"t":"P28A"},"F38C":{"t":"ULAC"},"F38D":{"t":"C150"},"F38F":{"t":"PA22"},"F396":{"t":"C152"},"F39E":{"t":"ULAC"},"F39F":{"t":"ULAC"},"F3A0":{"t":"C172"},"F3A1":{"t":"C172"},"F3A3":{"t":"BE33"},"F3A4":{"t":"P210"},"F3A5":{"t":"P28A"},"F3A7":{"t":"C182"},"F3A8":{"t":"C152"},"F3AA":{"t":"C82T"},"F3AC":{"t":"P28A"},"F3B4":{"t":"TAYD"},"F3B8":{"t":"AR11"},"F3BA":{"t":"AR11"},"F3BE":{"t":"MD82"},"F3C1":{"t":"CH7B"},"F3C3":{"t":"B06"},"F3C4":{"desc":"L2T"},"F3C6":{"t":"GLID"},"F3CF":{"t":"B739"},"F3D2":{"t":"SR20"},"F3D6":{"desc":"H4E"},"F3D8":{"desc":"H1T"},"F3DA":{"desc":"L1P"},"F3F0":{"t":"SF50"},"F3F2":{"t":"GLID"},"F3F3":{"t":"PA18"},"F402":{"desc":"L1P"},"F404":{"desc":"A2P"},"F408":{"desc":"L1P"},"F40A":{"t":"SR20"},"F40B":{"desc":"L1P"},"F40F":{"desc":"H2T"},"F415":{"t":"T210"},"F422":{"t":"C172"},"F425":{"t":"F2TH"},"F432":{"t":"C172"},"F446":{"t":"P28A"},"F450":{"t":"P68"},"F45A":{"t":"GLID"},"F46E":{"t":"B712"},"F486":{"desc":"L1P","t":"ULAC"},"F48C":{"t":"C414"},"F4A9":{"desc":"L1J"},"F4B0":{"t":"GLID"},"F4BE":{"t":"EC45"},"F4C6":{"desc":"L1P","t":"ULAC"},"F4D2":{"desc":"H1T"},"F4D4":{"t":"BE9L"},"F4DD":{"t":"C421"},"F4DF":{"t":"HDJT"},"F4F6":{"t":"R22"},"F503":{"t":"SR22"},"F504":{"desc":"H6E"},"F50A":{"t":"SR20"},"F536":{"t":"GLF4"},"F539":{"desc":"H1T"},"F542":{"t":"GLID"},"F549":{"desc":"L1P"},"F54E":{"t":"GLID"},"F54F":{"t":"GLID"},"F550":{"t":"PC12"},"F551":{"t":"LJ45"},"F557":{"t":"B06"},"F55C":{"t":"C172"},"F566":{"t":"GLID"},"F567":{"t":"BE33"},"F569":{"desc":"L1P"},"F56B":{"desc":"L6E"},"F578":{"t":"DA42"},"F57C":{"t":"C680"},"F581":{"t":"A320"},"F5B5":{"desc":"H1T"},"F5BE":{"desc":"H1T"},"F5BF":{"t":"B737"},"F5C0":{"t":"ULAC"},"F5E4":{"desc":"L1P"},"F5F0":{"t":"H60"},"F617":{"t":"PA22"},"F618":{"t":"C152"},"F61C":{"t":"P28A"},"F61D":{"t":"C172"},"F61E":{"t":"PA17"},"F620":{"t":"P210"},"F621":{"t":"P28A"},"F623":{"t":"C182"},"F624":{"t":"RV12"},"F628":{"t":"ULAC"},"F629":{"t":"P28A"},"F62A":{"t":"BL17"},"F62B":{"t":"AC11"},"F62E":{"t":"PA22"},"F62F":{"t":"GLID"},"F631":{"desc":"L1P"},"F632":{"t":"J3"},"F635":{"t":"C152"},"F636":{"t":"PT22"},"F638":{"t":"PT22"},"F63A":{"desc":"L1P","t":"ULAC"},"F63D":{"t":"C182"},"F63E":{"t":"CH7B"},"F63F":{"t":"T206"},"F641":{"t":"PA17"},"F642":{"t":"BE35"},"F643":{"t":"NAVI"},"F644":{"t":"P28A"},"F645":{"t":"BE36"},"F64A":{"t":"PA32"},"F64B":{"t":"P28R"},"F64F":{"t":"C150"},"F653":{"t":"J3"},"F656":{"desc":"L1P"},"F658":{"t":"B47G"},"F659":{"t":"C172"},"F65F":{"t":"WACO"},"F660":{"t":"C182"},"F661":{"t":"CH7B"},"F665":{"t":"BE33"},"F66E":{"t":"C82T"},"F66F":{"t":"C205"},"F670":{"t":"M20T"},"F671":{"t":"AC11"},"F672":{"t":"C150"},"F673":{"t":"PA25"},"F675":{"t":"FA24"},"F67D":{"t":"FA62"},"F67F":{"t":"B06"},"F680":{"t":"C340"},"F681":{"desc":"L1P"},"F682":{"t":"C185"},"F683":{"t":"C182"},"F687":{"t":"PA17"},"F689":{"t":"NAVI"},"F68A":{"t":"P28A"},"F68B":{"t":"PA11"},"F68C":{"t":"C182"},"F68D":{"t":"PA27"},"F691":{"t":"PA34"},"F695":{"t":"C150"},"F69A":{"t":"GLID"},"F69B":{"t":"C152"},"F6A2":{"desc":"L1P"},"F6A3":{"t":"PA22"},"F6A5":{"t":"C185"},"F6A6":{"t":"C182"},"F6A7":{"t":"C172"},"F6A8":{"t":"ULAC"},"F6AA":{"t":"PA17"},"F6AC":{"t":"P210"},"F6AD":{"t":"P28A"},"F6AE":{"t":"PA11"},"F6B1":{"t":"C188"},"F6B3":{"t":"C82R"},"F6B5":{"t":"C205"},"F6B7":{"t":"P210"},"F6B8":{"t":"C150"},"F6BA":{"t":"PA22"},"F6BB":{"t":"C152"},"F6BC":{"t":"AR11"},"F6C1":{"t":"TAYD"},"F6C3":{"t":"G164"},"F6C4":{"t":"TAYD"},"F6CB":{"t":"T206"},"F6CC":{"t":"C172"},"F6CD":{"t":"PA17"},"F6D0":{"t":"P28A"},"F6D6":{"t":"PA32"},"F6D7":{"t":"P28A"},"F6D8":{"t":"C205"},"F6DD":{"t":"BE50"},"F6DE":{"t":"TAYD"},"F6E1":{"desc":"L1P"},"F6E6":{"desc":"H1P"},"F6EB":{"t":"C185"},"F6EC":{"t":"C182"},"F6ED":{"t":"C182"},"F6EE":{"t":"C206"},"F6EF":{"t":"C172"},"F6F2":{"t":"NAVI"},"F6F3":{"t":"P28A"},"F6F7":{"t":"C185"},"F6F9":{"t":"C82T"},"F700":{"t":"PA22"},"F702":{"desc":"L1P"},"F706":{"desc":"L1P"},"F70A":{"desc":"L1P"},"F70B":{"t":"WACO"},"F70C":{"t":"C414"},"F70F":{"t":"C182"},"F710":{"t":"CH7A"},"F711":{"t":"P28A"},"F715":{"t":"NAVI"},"F716":{"t":"P28A"},"F717":{"desc":"L1P"},"F718":{"t":"C182"},"F71C":{"t":"PA32"},"F71E":{"t":"C205"},"F720":{"t":"AC11"},"F726":{"t":"G164"},"F728":{"t":"G164"},"F72B":{"t":"G164"},"F72E":{"desc":"L1P"},"F730":{"t":"C152"},"F733":{"t":"CH7A"},"F734":{"t":"P28A"},"F738":{"t":"P210"},"F739":{"t":"P28A"},"F73F":{"t":"PA32"},"F740":{"t":"C82T"},"F742":{"t":"TAYD"},"F744":{"t":"C150"},"F745":{"t":"PA25"},"F74A":{"t":"G164"},"F74E":{"t":"G164"},"F750":{"t":"TAYD"},"F752":{"desc":"S1P","t":"ULAC"},"F755":{"t":"C182"},"F756":{"t":"CH7A"},"F758":{"t":"C172"},"F75A":{"t":"BE35"},"F75C":{"t":"P28A"},"F75D":{"t":"PA11"},"F761":{"t":"P46T"},"F763":{"t":"C82S"},"F764":{"t":"C206"},"F766":{"t":"PA18"},"F769":{"t":"PA22"},"F76B":{"t":"TAYD"},"F76D":{"t":"TAYD"},"F771":{"t":"G164"},"F773":{"t":"G164"},"F774":{"t":"H500"},"F777":{"t":"R44"},"F778":{"t":"CH7B"},"F77A":{"t":"B06"},"F77C":{"t":"C525"},"F77E":{"t":"GLID"},"F77F":{"t":"R44"},"F780":{"t":"P28B"},"F783":{"t":"PA32"},"F787":{"t":"R44"},"F789":{"desc":"A1P","t":"ULAC"},"F78D":{"desc":"H4E"},"F78E":{"t":"GLID"},"F78F":{"t":"LJ31"},"F792":{"desc":"L1P"},"F796":{"t":"EA50"},"F7A3":{"t":"BE9L"},"F7A7":{"t":"HUSK"},"F7A9":{"desc":"L1P","t":"ULAC"},"F7AA":{"desc":"L1P"},"F7AB":{"t":"SR20"},"F7B0":{"t":"C25B"},"F7C0":{"t":"BE33"},"F7C2":{"desc":"L1P"},"F7C3":{"t":"DV20"},"F7C4":{"desc":"L1P"},"F7C6":{"desc":"H2T"},"F7C7":{"desc":"H1T"},"F7C8":{"desc":"L1P"},"F7CC":{"t":"M20T"},"F7D9":{"desc":"H1P"},"F7E4":{"desc":"A1P"},"F7E5":{"t":"G280"},"F7E9":{"t":"C172"},"F7FD":{"t":"P28A"},"F7FE":{"desc":"L3J"},"F803":{"desc":"A1P"},"F808":{"t":"GLF4"},"F824":{"desc":"L1P"},"F825":{"t":"B712"},"F826":{"t":"C510"},"F832":{"t":"PA34"},"F834":{"t":"C82S"},"F83D":{"t":"C525"},"F83F":{"t":"C206"},"F840":{"t":"C56X"},"F845":{"t":"E50P"},"F848":{"desc":"H1P"},"F849":{"t":"CL60"},"F84D":{"t":"BE33"},"F84E":{"t":"SR20"},"F856":{"t":"NAVI"},"F859":{"t":"SR22"},"F867":{"t":"GLID"},"F86B":{"t":"T210"},"F86F":{"desc":"L1P"},"F875":{"t":"EC45"},"F87D":{"desc":"L1P","t":"ULAC"},"F880":{"desc":"L1P","t":"ULAC"},"F888":{"desc":"L1P"},"F889":{"t":"BL8"},"F88B":{"t":"BE9L"},"F890":{"t":"EN48"},"F893":{"desc":"L1P"},"F894":{"t":"C560"},"F89A":{"desc":"L1T"},"F8A5":{"t":"P28A"},"F8BA":{"t":"P28A"},"F8BB":{"t":"DV20"},"F8DC":{"t":"PA34"},"F8FD":{"desc":"L1P"},"F906":{"t":"GLID"},"F90A":{"t":"C525"},"F90D":{"t":"R44"},"F90E":{"t":"E55P"},"F911":{"t":"GLID"},"F91A":{"t":"C414"},"F91F":{"t":"RV12"},"F920":{"desc":"L1P"},"F921":{"desc":"L1P"},"F924":{"t":"GLID"},"F925":{"desc":"H4E"},"F927":{"t":"EN48"},"F92C":{"t":"BE40"},"F933":{"t":"BALL"},"F938":{"t":"A320"},"F950":{"desc":"L1P"},"F952":{"t":"C510"},"F95C":{"desc":"L1P"},"F969":{"desc":"L1P"},"F96B":{"t":"R44"},"F975":{"t":"E35L"},"F976":{"t":"B737"},"F97B":{"desc":"L1P"},"F97E":{"t":"BE58"},"F982":{"t":"P208"},"F9CE":{"desc":"L1P","t":"ULAC"},"F9D7":{"t":"P210"},"F9D8":{"t":"P28A"},"F9DF":{"t":"C82T"},"F9E2":{"t":"F2TH"},"F9E3":{"t":"C150"},"F9E4":{"t":"PA25"},"F9E6":{"t":"C152"},"F9E7":{"t":"BE17"},"F9E8":{"t":"G164"},"F9E9":{"t":"G164"},"F9EB":{"t":"G164"},"F9F0":{"desc":"L1P"},"F9F1":{"t":"PA22"},"F9F3":{"t":"C185"},"F9F4":{"t":"C172"},"F9F6":{"t":"P28A"},"F9FB":{"t":"P28A"},"F9FD":{"t":"C182"},"FA00":{"t":"C188"},"FA01":{"t":"PA32"},"FA07":{"t":"PA25"},"FA09":{"t":"C152"},"FA0A":{"t":"FA24"},"FA0C":{"t":"G164"},"FA14":{"t":"PA22"},"FA17":{"t":"C182"},"FA1B":{"t":"PA17"},"FA1C":{"t":"BE33"},"FA1D":{"t":"P210"},"FA1F":{"t":"PA11"},"FA22":{"t":"C188"},"FA25":{"t":"P28A"},"FA26":{"t":"C205"},"FA28":{"desc":"L1P"},"FA29":{"t":"C150"},"FA2F":{"t":"G164"},"FA36":{"desc":"L1P"},"FA37":{"t":"PA22"},"FA38":{"t":"C152"},"FA39":{"t":"C185"},"FA3B":{"desc":"L1P"},"FA42":{"t":"PA11"},"FA44":{"t":"PA27"},"FA46":{"t":"C188"},"FA48":{"t":"P28A"},"FA4B":{"t":"AC11"},"FA4E":{"desc":"L1P"},"FA53":{"t":"AR11"},"FA55":{"t":"G164"},"FA5B":{"t":"C310"},"FA5D":{"t":"C182"},"FA5E":{"t":"CH7B"},"FA5F":{"t":"C172"},"FA62":{"t":"C172"},"FA63":{"t":"P210"},"FA64":{"t":"P28A"},"FA65":{"t":"PA11"},"FA66":{"t":"C182"},"FA6B":{"t":"P28A"},"FA6D":{"t":"C72R"},"FA6E":{"desc":"G1P"},"FA71":{"t":"PA22"},"FA72":{"t":"C152"},"FA73":{"t":"AR11"},"FA74":{"t":"G164"},"FA75":{"desc":"L1P"},"FA77":{"t":"G164"},"FA78":{"t":"TAYD"},"FA7B":{"t":"G164"},"FA7D":{"t":"PA22"},"FA7F":{"t":"T210"},"FA81":{"t":"C185"},"FA82":{"t":"P32R"},"FA83":{"t":"C172"},"FA84":{"t":"PA17"},"FA85":{"t":"C172"},"FA86":{"t":"NAVI"},"FA88":{"desc":"L1P"},"FA8D":{"t":"P28A"},"FA8F":{"t":"C205"},"FA97":{"t":"G164"},"FA9A":{"t":"G164"},"FA9D":{"t":"BE35"},"FA9F":{"t":"B06"},"FAA0":{"t":"ULAC"},"FAA3":{"t":"C182"},"FAA6":{"t":"C172"},"FAA7":{"t":"PA17"},"FAA8":{"t":"P28R"},"FAA9":{"t":"NAVI"},"FAAA":{"t":"P28A"},"FAAB":{"t":"PA11"},"FAAF":{"desc":"L1P"},"FAB1":{"t":"P28R"},"FAB4":{"t":"AC11"},"FAB9":{"t":"G164"},"FABA":{"t":"TAYD"},"FAC0":{"t":"G164"},"FAC4":{"t":"C152"},"FAC9":{"t":"C172"},"FACB":{"t":"BE35"},"FACD":{"t":"P28A"},"FAD4":{"t":"PA34"},"FAD5":{"t":"C205"},"FAD6":{"t":"BL17"},"FAD7":{"t":"AC11"},"FADE":{"t":"G164"},"FADF":{"t":"G164"},"FAE5":{"desc":"L1P"},"FAE6":{"desc":"L1P","t":"ULAC"},"FAE9":{"t":"C182"},"FAEA":{"t":"CH7A"},"FAF0":{"desc":"L1P","t":"ULAC"},"FAF1":{"desc":"L1P"},"FAF5":{"desc":"L1P"},"FAFF":{"t":"C152"},"FB02":{"t":"G164"},"FB03":{"t":"G164"},"FB04":{"t":"GLID"},"FB06":{"t":"FA62"},"FB07":{"t":"G164"},"FB09":{"t":"PA22"},"FB0C":{"t":"C172"},"FB11":{"t":"C188"},"FB13":{"t":"P28A"},"FB14":{"t":"PA11"},"FB17":{"t":"C188"},"FB19":{"t":"PA32"},"FB1E":{"t":"C150"},"FB21":{"desc":"L1P"},"FB22":{"t":"G164"},"FB23":{"t":"G164"},"FB25":{"t":"G164"},"FB2B":{"t":"C180"},"FB2C":{"t":"P28A"},"FB2E":{"desc":"L1P"},"FB2F":{"t":"CH7A"},"FB31":{"t":"B407"},"FB32":{"desc":"L2T"},"FB33":{"t":"DA42"},"FB37":{"t":"ULAC"},"FB38":{"desc":"L1P"},"FB3D":{"t":"FA10"},"FB3E":{"t":"C56X"},"FB40":{"t":"SR20"},"FB44":{"desc":"H4E"},"FB46":{"desc":"A1P","t":"ULAC"},"FB48":{"t":"PA44"},"FB5E":{"desc":"L1P"},"FB60":{"t":"C421"},"FB67":{"t":"C25C"},"FB6C":{"t":"ULAC"},"FB70":{"t":"BE40"},"FB78":{"t":"SR20"},"FB7D":{"desc":"H2T"},"FB82":{"t":"SR20"},"FB85":{"desc":"H1P"},"FB88":{"t":"C421"},"FB8B":{"t":"SR22"},"FB8C":{"t":"S22T"},"FB93":{"t":"EC45"},"FB94":{"t":"PA27"},"FB9C":{"t":"S22T"},"FBA4":{"t":"B742"},"FBA9":{"t":"C170"},"FBB5":{"desc":"L2J"},"FBC2":{"t":"C72R"},"FBC4":{"desc":"L1P"},"FBC5":{"desc":"L1P"},"FBC9":{"t":"BALL"},"FBCE":{"t":"GLF4"},"FBDC":{"t":"B712"},"FBE9":{"t":"BE33"},"FBEC":{"desc":"L1P"},"FC02":{"desc":"L1P"},"FC04":{"t":"C208"},"FC05":{"desc":"L1P"},"FC0D":{"t":"BE20"},"FC0F":{"t":"SR22"},"FC1B":{"desc":"L1P"},"FC2C":{"t":"EC45"},"FC32":{"desc":"L1P"},"FC34":{"desc":"L1P","t":"ULAC"},"FC3F":{"t":"MITE"},"FC40":{"desc":"L1P"},"FC42":{"t":"B744"},"FC4D":{"desc":"H1P"},"FC62":{"desc":"H1P"},"FC71":{"t":"P28A"},"FC72":{"desc":"L1P"},"FC73":{"desc":"L1P"},"FC74":{"t":"PC12"},"FC82":{"desc":"L1P"},"FC87":{"t":"CRJ9"},"FCAF":{"desc":"H4E"},"FCBE":{"t":"C172"},"FCBF":{"desc":"L1P","t":"ULAC"},"FCC2":{"desc":"L1P"},"FCC7":{"t":"R44"},"FCCA":{"desc":"L1P"},"FCCC":{"t":"SR22"},"FCD0":{"t":"DA42"},"FCE1":{"desc":"L1P"},"FCEA":{"t":"BALL"},"FCEF":{"t":"A320"},"FCF6":{"desc":"H2T"},"FD07":{"t":"C172"},"FD09":{"t":"SR22"},"FD19":{"t":"SR22"},"FD20":{"desc":"L1P"},"FD2D":{"t":"B737"},"FD30":{"desc":"L2P"},"FD62":{"t":"BALL"},"FD65":{"t":"C208"},"FD84":{"desc":"L1P"},"FD86":{"desc":"L1P"},"FD89":{"t":"CH7B"},"FD8B":{"t":"C172"},"FD8C":{"t":"C152"},"FD8D":{"t":"BE35"},"FD8F":{"t":"P28A"},"FD90":{"t":"PA11"},"FD95":{"t":"C82T"},"FD97":{"t":"C205"},"FD99":{"t":"AC11"},"FD9D":{"t":"C152"},"FDA2":{"t":"G164"},"FDA8":{"t":"ULAC"},"FDA9":{"t":"C152"},"FDAD":{"t":"P32R"},"FDAE":{"t":"C172"},"FDAF":{"t":"PA17"},"FDB0":{"t":"C188"},"FDB1":{"t":"NAVI"},"FDB2":{"t":"P28A"},"FDB5":{"t":"PA27"},"FDB9":{"t":"P28A"},"FDBC":{"t":"AC11"},"FDBF":{"t":"PA22"},"FDC7":{"t":"G164"},"FDC9":{"t":"G164"},"FDCB":{"t":"PA22"},"FDCF":{"t":"C185"},"FDD1":{"t":"C172"},"FDD2":{"t":"PA17"},"FDD3":{"t":"BE35"},"FDD4":{"t":"NAVI"},"FDD5":{"t":"P28A"},"FDD8":{"t":"C152"},"FDDC":{"t":"P28A"},"FDDE":{"t":"C72R"},"FDE0":{"desc":"L1T","t":"SS2P"},"FDE4":{"t":"C152"},"FDE7":{"t":"G164"},"FDE8":{"t":"J3"},"FDEB":{"t":"J3"},"FDED":{"desc":"L1P"},"FDEE":{"desc":"L1P","t":"ULAC"},"FDF0":{"t":"T206"},"FDF1":{"t":"C182"},"FDF2":{"t":"CH7A"},"FDF3":{"desc":"H2T"},"FDF5":{"t":"PA15"},"FDF6":{"t":"BE35"},"FDF7":{"t":"NAVI"},"FDF9":{"t":"PA11"},"FDFB":{"t":"PA27"},"FDFE":{"t":"H269"},"FE03":{"desc":"L1P"},"FE05":{"t":"PA22"},"FE06":{"t":"AR11"},"FE0A":{"t":"G164"},"FE0C":{"t":"AR11"},"FE10":{"desc":"H8E"},"FE17":{"t":"C172"},"FE18":{"t":"PA17"},"FE19":{"t":"P28R"},"FE1A":{"desc":"L1P","t":"ULAC"},"FE1B":{"t":"P28A"},"FE1C":{"t":"PA11"},"FE20":{"t":"C188"},"FE23":{"t":"C205"},"FE26":{"t":"P28A"},"FE29":{"t":"AR11"},"FE2B":{"t":"G164"},"FE30":{"t":"G164"},"FE32":{"t":"C152"},"FE36":{"t":"C185"},"FE37":{"t":"C182"},"FE3A":{"t":"C172"},"FE3B":{"t":"PA17"},"FE3D":{"t":"NAVI"},"FE3F":{"t":"PA11"},"FE41":{"t":"C82S"},"FE43":{"t":"C188"},"FE45":{"t":"PA34"},"FE47":{"t":"BL17"},"FE4C":{"desc":"A2P"},"FE4D":{"t":"G164"},"FE4E":{"t":"B06"},"FE51":{"t":"G164"},"FE52":{"t":"G164"},"FE55":{"t":"G164"},"FE57":{"t":"PA22"},"FE5A":{"t":"C172"},"FE5B":{"desc":"L1P"},"FE5D":{"t":"C172"},"FE5F":{"t":"BE35"},"FE60":{"t":"NAVI"},"FE61":{"t":"P28A"},"FE62":{"t":"PA11"},"FE68":{"t":"C82R"},"FE6A":{"t":"C72R"},"FE6B":{"t":"AC11"},"FE6D":{"t":"PA25"},"FE6E":{"t":"PA22"},"FE75":{"t":"ST75"},"FE77":{"t":"C152"},"FE79":{"desc":"L1P"},"FE7C":{"t":"T210"},"FE7D":{"t":"C182"},"FE7E":{"t":"CH7A"},"FE7F":{"t":"ULAC"},"FE80":{"t":"C172"},"FE81":{"t":"PA17"},"FE82":{"t":"P28R"},"FE84":{"t":"P28A"},"FE8B":{"t":"P28A"},"FE8C":{"t":"C205"},"FE8D":{"t":"C72R"},"FE8E":{"t":"AC11"},"FE91":{"t":"PA22"},"FE95":{"t":"ST75"},"FE97":{"t":"G164"},"FEA0":{"t":"C182"},"FEA1":{"t":"CH7A"},"FEA5":{"t":"P28R"},"FEA6":{"t":"NAVI"},"FEA7":{"t":"P28A"},"FEA9":{"t":"ST75"},"FEAA":{"t":"P210"},"FEAD":{"desc":"L1P"},"FEAE":{"t":"P28A"},"FEAF":{"t":"C205"},"FEB6":{"t":"C152"},"FEB7":{"t":"G164"},"FEBC":{"t":"PT22"},"FEBD":{"t":"PT22"},"FEC0":{"t":"PA22"},"FEC2":{"t":"C185"},"FEC4":{"desc":"L1P"},"FEC5":{"t":"C172"},"FEC6":{"t":"C172"},"FEC9":{"t":"NAVI"},"FECA":{"t":"P28A"},"FECC":{"t":"ST75"},"FED1":{"t":"P28A"},"FED5":{"desc":"L1T","t":"SS2P"},"FED7":{"t":"PA22"},"FED8":{"t":"C152"},"FEE2":{"desc":"L1P"},"FEE3":{"t":"DA62"},"FEE6":{"t":"BE55"},"FEE8":{"t":"B06"},"FEE9":{"desc":"L2T"},"FEED":{"t":"R44"},"FEEE":{"t":"C182"},"FEEF":{"t":"GLID"},"FEF4":{"t":"B739"},"FEF5":{"t":"BE20"},"FEF7":{"t":"SR20"},"FEF9":{"t":"B763"},"FEFB":{"desc":"H4E"},"FEFC":{"t":"BE35"},"FEFD":{"desc":"A1P","t":"ULAC"},"FEFF":{"t":"R66"},"FF04":{"desc":"L1P"},"FF0D":{"desc":"L1P"},"FF15":{"t":"DC3"},"FF17":{"t":"PA44"},"FF18":{"t":"C525"},"FF23":{"t":"C182"},"FF31":{"t":"SR22"},"FF34":{"desc":"H2T"},"FF36":{"desc":"L1P"},"FF3A":{"t":"PA32"},"FF3E":{"desc":"L1P"},"FF44":{"desc":"H1P"},"FF48":{"desc":"L1T"},"FF53":{"desc":"L1P"},"FF57":{"t":"C172"},"FF5B":{"t":"B742"},"FF61":{"t":"AT5T"},"FF63":{"desc":"L1P"},"FF6B":{"t":"P28A"},"FF7A":{"t":"G150"},"FF8B":{"desc":"L2P"},"FF92":{"t":"RV12"},"FF93":{"t":"B712"},"FFA0":{"t":"BE33"},"FFB1":{"t":"SR22"},"FFB2":{"t":"SR20"},"FFB7":{"desc":"L1P"},"FFB9":{"t":"SR22"},"FFBD":{"desc":"L1P"},"FFC0":{"desc":"L1P"},"FFC4":{"desc":"L1P"},"FFE3":{"desc":"H2T"},"FFE6":{"desc":"L1P"},"FFEB":{"desc":"L1P","t":"ULAC"},"FFF7":{"t":"P28A"},"FFF9":{"t":"B744"},"FFFE":{"t":"C340"},"children":["A50","A51","A52","A53","A54","A55","A56","A57","A58","A59","A5A","A5B","A5D","A5E"]}