{"000":{"t":"P32R"},"001":{"t":"C172"},"003":{"desc":"L1P"},"004":{"t":"P28A"},"005":{"desc":"L1P"},"006":{"t":"C170"},"008":{"t":"CJ6"},"00B":{"desc":"L1P"},"00C":{"t":"C182"},"00D":{"t":"PA32"},"00F":{"t":"J3"},"010":{"t":"PA32"},"011":{"t":"P28U"},"012":{"t":"C182"},"013":{"t":"J3"},"014":{"t":"C182"},"016":{"t":"T34P"},"017":{"t":"BE35"},"018":{"t":"CJ6"},"019":{"t":"BE35"},"01A":{"t":"CH7A"},"020":{"t":"C172"},"025":{"t":"P28B"},"029":{"desc":"L1P"},"02B":{"t":"YK50"},"02E":{"t":"J3"},"02F":{"t":"C182"},"031":{"t":"J3"},"032":{"t":"J3"},"033":{"t":"C182"},"036":{"t":"C180"},"037":{"t":"J3"},"03B":{"t":"GLID"},"03E":{"t":"C172"},"040":{"t":"PA14"},"043":{"t":"C172"},"044":{"t":"PA12"},"045":{"t":"PA32"},"046":{"t":"PA23"},"047":{"t":"C172"},"048":{"t":"PA32"},"049":{"t":"PA32"},"04A":{"t":"PA32"},"04E":{"t":"PA32"},"050":{"t":"PA18"},"051":{"t":"J3"},"055":{"t":"J3"},"058":{"t":"C182"},"059":{"t":"C180"},"05A":{"t":"J3"},"05C":{"t":"PA30"},"05D":{"t":"BE35"},"05E":{"t":"P32R"},"060":{"t":"AR11"},"063":{"t":"M20P"},"064":{"desc":"L2P"},"067":{"t":"P28A"},"06A":{"t":"C172"},"06B":{"t":"PA32"},"06E":{"t":"C150"},"072":{"t":"P28U"},"073":{"t":"PA18"},"074":{"t":"P28U"},"075":{"t":"J3"},"076":{"t":"C182"},"078":{"t":"C182"},"079":{"t":"C182"},"07A":{"t":"J3"},"07D":{"t":"P32R"},"082":{"t":"BE35"},"083":{"t":"PA38"},"084":{"t":"C172"},"089":{"t":"P28A"},"08D":{"t":"C172"},"08E":{"t":"PA32"},"092":{"t":"P28A"},"095":{"t":"BE58"},"096":{"t":"PA18"},"097":{"t":"C182"},"099":{"t":"P28A"},"09C":{"t":"PA32"},"09D":{"t":"PA32"},"09E":{"t":"P32R"},"09F":{"t":"J3"},"0A2":{"desc":"L2T"},"0A3":{"t":"BE35"},"0A5":{"t":"BE35"},"0A6":{"t":"CH7A"},"0A7":{"t":"C172"},"0A9":{"t":"PA14"},"0AE":{"t":"C140"},"0AF":{"t":"PA23"},"0B1":{"t":"PA32"},"0B7":{"t":"PA32"},"0B9":{"t":"PA18"},"0BA":{"t":"P32R"},"0BB":{"t":"J3"},"0BD":{"t":"PA32"},"0BE":{"t":"J3"},"0BF":{"t":"J3"},"0C2":{"t":"P28A"},"0C3":{"t":"J3"},"0C5":{"t":"BE20"},"0C7":{"t":"BE35"},"0C8":{"t":"BL8"},"0C9":{"t":"GLF4"},"0CA":{"t":"B06"},"0CB":{"desc":"L1P"},"0CC":{"t":"E50P"},"0CE":{"desc":"H1P"},"0CF":{"t":"C206"},"0D0":{"t":"R44"},"0D1":{"t":"BE95"},"0D2":{"t":"P28B"},"0D3":{"t":"C172"},"0D5":{"t":"BALL"},"0D7":{"t":"BE55"},"0DD":{"desc":"L1P"},"0DE":{"t":"PA30"},"0DF":{"t":"C425"},"0E0":{"t":"BE33"},"0E2":{"t":"BE40"},"0E3":{"t":"C551"},"0E4":{"desc":"L1P"},"0E5":{"t":"B350"},"0E8":{"desc":"L1P"},"0EA":{"t":"C421"},"0EC":{"t":"BL8"},"0EE":{"desc":"H1T"},"0F0":{"desc":"L1P"},"0F2":{"t":"TBM7"},"0F7":{"desc":"L1P"},"0F8":{"t":"M20P"},"0F9":{"t":"C25C"},"0FA":{"t":"PA27"},"0FD":{"t":"PC12"},"0FE":{"desc":"L1P"},"0FF":{"desc":"L1T","t":"PA46"},"100":{"t":"PA22"},"101":{"t":"SR20"},"102":{"t":"E300"},"105":{"t":"P210"},"107":{"desc":"L1P"},"108":{"t":"P28A"},"109":{"t":"FDCT"},"10A":{"desc":"H2T"},"10B":{"t":"E300"},"10C":{"t":"C208"},"10F":{"desc":"L1P"},"111":{"t":"C340"},"112":{"t":"BE55"},"113":{"t":"HUSK"},"114":{"t":"BE33"},"115":{"t":"C182"},"117":{"desc":"L1P","t":"ULAC"},"11B":{"t":"GLID"},"11C":{"t":"E300"},"11D":{"t":"P28B"},"122":{"desc":"L1P"},"125":{"t":"C310"},"128":{"desc":"L1P"},"12E":{"t":"B06"},"131":{"desc":"A1P","t":"PA18"},"137":{"t":"E50P"},"13D":{"desc":"L1P"},"13F":{"desc":"L1P"},"142":{"t":"C170"},"143":{"t":"C172"},"147":{"t":"CL30"},"149":{"desc":"L1P"},"14C":{"desc":"H1T"},"14E":{"t":"M20P"},"150":{"desc":"L1P"},"153":{"desc":"L1P"},"154":{"desc":"L1P","t":"ULAC"},"156":{"t":"ST75"},"15C":{"t":"R44"},"15D":{"t":"BL8"},"15F":{"desc":"L1P"},"161":{"t":"C172"},"162":{"t":"PRM1"},"163":{"t":"GLID"},"164":{"t":"BE20"},"165":{"t":"ST75"},"166":{"desc":"A2P"},"168":{"t":"BE9L"},"169":{"t":"GLID"},"16C":{"t":"PA30"},"16D":{"t":"C441"},"16F":{"t":"GLF5"},"170":{"desc":"L1P"},"171":{"t":"GL5T"},"176":{"t":"PA27"},"177":{"t":"H60"},"178":{"t":"BE60"},"17A":{"t":"C56X"},"17C":{"t":"B06"},"17E":{"desc":"L1P","t":"ULAC"},"17F":{"t":"C182"},"180":{"t":"CJ6"},"182":{"t":"BE58"},"185":{"t":"M7"},"189":{"t":"M20P"},"18A":{"desc":"H1T"},"18B":{"t":"HUSK"},"18D":{"t":"GLID"},"18E":{"t":"M20P"},"190":{"desc":"L1P"},"192":{"desc":"L1P"},"194":{"desc":"L1P"},"195":{"t":"GLID"},"197":{"t":"C182"},"199":{"t":"SR20"},"19B":{"desc":"L1P"},"19D":{"desc":"L2J"},"19E":{"t":"R22"},"19F":{"t":"U21"},"1A2":{"t":"HUSK"},"1A7":{"t":"C25C"},"1A8":{"desc":"L1P"},"1AA":{"t":"R66"},"1AB":{"t":"BT36"},"1AC":{"desc":"L1P"},"1B0":{"desc":"L1P"},"1B4":{"desc":"L1P","t":"ULAC"},"1B8":{"t":"BE36"},"1BB":{"desc":"L1P"},"1BD":{"t":"T210"},"1C0":{"t":"EN28"},"1C2":{"t":"P28A"},"1C3":{"t":"SR22"},"1C4":{"t":"ERCO"},"1C5":{"desc":"L1P"},"1C6":{"desc":"L1P"},"1C7":{"desc":"L1P"},"1C8":{"t":"C25C"},"1CA":{"t":"HUSK"},"1CB":{"t":"DA40"},"1CC":{"desc":"L1P"},"1CD":{"t":"S22T"},"1D0":{"t":"C210"},"1D3":{"t":"BE36"},"1D4":{"t":"C182"},"1D8":{"t":"AS50"},"1D9":{"t":"B06"},"1DB":{"desc":"L2P"},"1DC":{"t":"GLID"},"1DD":{"t":"P210"},"1DE":{"t":"LJ35"},"1DF":{"desc":"L1P"},"1E0":{"t":"EN28"},"1E1":{"t":"P28A"},"1E2":{"desc":"L1P"},"1E3":{"desc":"L1P"},"1E4":{"t":"H25B"},"1E6":{"desc":"L1P"},"1E8":{"t":"C414"},"1E9":{"t":"C525"},"1EA":{"t":"CH7B"},"1ED":{"t":"E300"},"1F0":{"t":"T206"},"1F4":{"t":"C560"},"1F6":{"desc":"L1P"},"1F8":{"t":"PC12"},"201":{"t":"LJ60"},"206":{"t":"C525"},"20C":{"desc":"L1P"},"20D":{"t":"BE9L"},"20F":{"desc":"H4E"},"210":{"t":"P28A"},"211":{"t":"M20T"},"212":{"desc":"L1P"},"214":{"desc":"L1P"},"215":{"desc":"L1P"},"216":{"desc":"L1P"},"21A":{"t":"B737"},"21B":{"t":"SR20"},"21C":{"t":"PA27"},"21F":{"desc":"H1P"},"223":{"t":"C177"},"226":{"t":"B58T"},"23C":{"t":"CL60"},"23D":{"desc":"H1P"},"240":{"t":"T206"},"242":{"desc":"L4T"},"243":{"t":"DA42"},"246":{"desc":"L1P"},"247":{"desc":"L1P"},"248":{"desc":"L1P"},"249":{"desc":"L1P"},"24A":{"t":"ASTR"},"24B":{"t":"BE33"},"24C":{"desc":"L1P","t":"ULAC"},"24D":{"t":"B350"},"250":{"desc":"L1P"},"251":{"desc":"L1P"},"253":{"desc":"L1P"},"258":{"desc":"L1P","t":"ULAC"},"259":{"t":"AS50"},"25A":{"t":"DA40"},"25C":{"t":"GLID"},"25E":{"desc":"L1P"},"25F":{"desc":"L1P","t":"ULAC"},"260":{"t":"C180"},"261":{"desc":"L1P"},"263":{"desc":"L1T"},"267":{"t":"ST75"},"269":{"t":"ST75"},"26C":{"t":"TAYB"},"26E":{"t":"ST75"},"26F":{"t":"BE20"},"270":{"t":"C182"},"271":{"t":"GLID"},"272":{"desc":"L1P"},"274":{"desc":"L1P"},"275":{"t":"ULAC"},"276":{"t":"ST75"},"277":{"t":"C182"},"278":{"desc":"L1P"},"279":{"t":"PA24"},"27A":{"t":"SR22"},"27C":{"t":"H25B"},"27E":{"t":"C82S"},"27F":{"desc":"L1P"},"280":{"t":"COL4"},"286":{"t":"BRAV"},"287":{"t":"BE20"},"295":{"desc":"L1P"},"2A1":{"t":"E145"},"2A2":{"t":"T206"},"2A7":{"desc":"L1P"},"2A9":{"desc":"L1P"},"2AC":{"t":"P46T"},"2AE":{"t":"AS50"},"2B0":{"t":"C182"},"2B1":{"t":"C550"},"2B3":{"t":"SR20"},"2B4":{"desc":"L1P"},"2BA":{"t":"BE9L"},"2BB":{"t":"T6"},"2BC":{"desc":"L1P"},"2BF":{"t":"DA42"},"2C0":{"t":"P28S"},"2C1":{"t":"PAY2"},"2C2":{"t":"CH7B"},"2C7":{"desc":"A1P"},"2C9":{"desc":"L1P"},"2CB":{"t":"M20T"},"2CE":{"t":"P32R"},"2D0":{"t":"HUSK"},"2D2":{"t":"S108"},"2D3":{"t":"B734"},"2E0":{"t":"BE40"},"2E4":{"t":"GLF4"},"2E8":{"desc":"L2P"},"2EB":{"t":"BE36"},"2F1":{"desc":"L1P"},"2F9":{"t":"ST75"},"31C":{"desc":"L1P"},"320":{"t":"PA25"},"321":{"desc":"L4J","t":"FA50"},"323":{"t":"B06"},"324":{"t":"R44"},"325":{"t":"B430"},"32A":{"t":"C560"},"32B":{"desc":"L2J","t":"A21N"},"32C":{"desc":"L1P"},"332":{"t":"P28R"},"333":{"t":"CRJ2"},"338":{"t":"GLID"},"33A":{"desc":"L1P"},"33F":{"t":"UH1"},"340":{"t":"S22T"},"348":{"t":"AA5"},"349":{"t":"C525"},"34F":{"desc":"L1P"},"352":{"t":"BALL"},"356":{"t":"B430"},"35B":{"t":"GLID"},"35C":{"t":"B430"},"35E":{"t":"C172"},"369":{"t":"B430"},"36B":{"t":"C82R"},"36C":{"t":"HDJT"},"36D":{"t":"BE20"},"36E":{"t":"R44"},"36F":{"t":"V10"},"371":{"desc":"L1P"},"375":{"t":"T206"},"377":{"desc":"L1P"},"37A":{"t":"P28A"},"382":{"t":"HDJT"},"38E":{"t":"BE9L"},"390":{"t":"C172"},"392":{"t":"C172"},"39B":{"t":"HUSK"},"39F":{"desc":"H1P"},"3A0":{"t":"A310"},"3A4":{"t":"J328"},"3A7":{"t":"BE36"},"3AC":{"t":"C172"},"3B1":{"t":"E545"},"3B4":{"t":"M20P"},"3B7":{"desc":"H1P"},"3BC":{"desc":"L1P"},"3C5":{"desc":"L1P"},"3C9":{"t":"PA46"},"3CD":{"desc":"L1P"},"3D6":{"t":"HDJT"},"3DE":{"desc":"H1P"},"3EA":{"t":"J3"},"3EC":{"t":"C525"},"3EE":{"t":"C525"},"3F2":{"t":"R44"},"3F4":{"t":"DA40"},"3F6":{"t":"A109"},"3FA":{"desc":"L1P"},"3FF":{"t":"C182"},"402":{"t":"ULAC"},"40B":{"t":"R66"},"40D":{"desc":"L1P"},"418":{"desc":"L2P"},"41A":{"t":"BALL"},"41E":{"desc":"H2T"},"423":{"t":"HUSK"},"426":{"t":"SR22"},"428":{"t":"R44"},"431":{"t":"C182"},"432":{"t":"SW4"},"433":{"t":"T206"},"434":{"t":"BE20"},"435":{"desc":"L1P"},"439":{"t":"RV12"},"43B":{"desc":"L1P"},"43D":{"t":"PA24"},"446":{"t":"S22T"},"44B":{"desc":"L2T"},"451":{"t":"PC12"},"45A":{"t":"UH12"},"45F":{"t":"HDJT"},"461":{"t":"B430"},"467":{"t":"S22T"},"46B":{"t":"B407"},"46F":{"desc":"L1P"},"473":{"t":"B430"},"474":{"t":"DA42"},"475":{"t":"WW24"},"479":{"desc":"H4E"},"48D":{"t":"GLF4"},"492":{"t":"DH8D"},"495":{"desc":"L1P"},"496":{"desc":"L1P","t":"ULAC"},"49F":{"desc":"L1P"},"4A1":{"t":"P28A"},"4A3":{"t":"C185"},"4A5":{"desc":"L2T"},"4A6":{"desc":"A1P"},"4A7":{"t":"BE58"},"4A9":{"t":"BE58"},"4AE":{"t":"BE20"},"4AF":{"t":"C650"},"4B9":{"t":"P32R"},"4BC":{"t":"B430"},"4BE":{"t":"BALL"},"4C0":{"t":"B430"},"4C1":{"t":"SR20"},"4C3":{"t":"CRJ2"},"4C5":{"t":"E75L"},"4C7":{"t":"BE33"},"4C8":{"t":"C560"},"4C9":{"t":"E50P"},"4CB":{"t":"M20P"},"4D2":{"desc":"L1P"},"4D3":{"t":"EC35"},"4D8":{"t":"DA42"},"4DB":{"desc":"H2T"},"4DD":{"t":"C208"},"4E0":{"t":"C172"},"4E1":{"t":"A320"},"4EE":{"t":"B752"},"4F4":{"desc":"L1P"},"507":{"t":"B430"},"513":{"desc":"L1P","t":"ULAC"},"514":{"desc":"L1P"},"515":{"t":"CL30"},"516":{"desc":"H4E"},"519":{"desc":"L1P"},"51A":{"t":"B430"},"51F":{"t":"B737"},"520":{"desc":"L1P"},"523":{"t":"ULAC"},"52C":{"t":"B734"},"544":{"desc":"L1P"},"55A":{"t":"E75L"},"55C":{"t":"ULAC"},"55D":{"t":"P28A"},"56B":{"t":"ULAC"},"576":{"desc":"L1P"},"577":{"desc":"A1P"},"578":{"t":"ULAC"},"579":{"t":"CH7A"},"57A":{"desc":"L1P"},"57E":{"t":"PA15"},"57F":{"desc":"L1P"},"582":{"t":"PA12"},"583":{"t":"C140"},"584":{"t":"PA23"},"585":{"t":"C185"},"586":{"t":"C172"},"587":{"t":"P28A"},"588":{"t":"P28A"},"589":{"t":"P28A"},"58A":{"t":"P28B"},"58B":{"t":"BE36"},"58F":{"desc":"L1P"},"591":{"t":"TAYB"},"593":{"t":"P28U"},"595":{"t":"TAYB"},"59A":{"t":"PA22"},"59B":{"t":"C170"},"59C":{"t":"PA31"},"59D":{"desc":"L1P"},"59F":{"t":"P32R"},"5A0":{"desc":"L1P"},"5A1":{"t":"PA15"},"5A2":{"t":"P28A"},"5A4":{"t":"P28B"},"5A5":{"t":"PA32"},"5A6":{"t":"P32R"},"5A8":{"t":"C172"},"5A9":{"t":"C172"},"5AA":{"t":"BE33"},"5AC":{"desc":"L1P"},"5AE":{"t":"BE35"},"5AF":{"t":"P28A"},"5B1":{"t":"PA18"},"5B2":{"t":"PA34"},"5B3":{"t":"TAYB"},"5B4":{"t":"P28A"},"5B6":{"t":"P28R"},"5B7":{"desc":"L1P"},"5B8":{"desc":"L1P"},"5B9":{"t":"P28A"},"5BA":{"t":"TAYB"},"5C6":{"t":"PA32"},"5C7":{"t":"C172"},"5C8":{"t":"PA12"},"5C9":{"t":"PA34"},"5CC":{"desc":"L1P"},"5CE":{"t":"P28A"},"5CF":{"t":"C150"},"5D1":{"t":"BE35"},"5D2":{"t":"P28R"},"5D3":{"t":"PA23"},"5D4":{"t":"PA18"},"5D5":{"t":"P28A"},"5D6":{"t":"TAYB"},"5D8":{"t":"P28A"},"5D9":{"t":"TAYB"},"5DB":{"desc":"L1P"},"5DD":{"t":"TAYB"},"5DE":{"t":"TAYB"},"5E0":{"t":"PA22"},"5E1":{"t":"C170"},"5E2":{"t":"CH7A"},"5E5":{"t":"P28B"},"5E8":{"t":"P28A"},"5EA":{"t":"C172"},"5EB":{"t":"PA12"},"5ED":{"t":"P32R"},"5EE":{"t":"C172"},"5F0":{"t":"C182"},"5F1":{"t":"P28A"},"5F2":{"t":"C150"},"5F4":{"t":"PA34"},"5F6":{"t":"GC1"},"5FB":{"t":"TAYB"},"5FC":{"t":"PA34"},"5FE":{"t":"TAYB"},"5FF":{"t":"P28A"},"601":{"t":"TAYB"},"602":{"t":"A320"},"603":{"t":"PA22"},"605":{"t":"C340"},"606":{"t":"P28A"},"609":{"desc":"L1P"},"60A":{"t":"PA15"},"60B":{"t":"P28A"},"60D":{"t":"P32R"},"611":{"t":"C172"},"612":{"t":"C82T"},"613":{"desc":"L1P"},"614":{"t":"P28A"},"615":{"t":"C150"},"617":{"t":"PA32"},"618":{"t":"PA34"},"61B":{"t":"TAYB"},"61C":{"desc":"L1P"},"61D":{"t":"TAYB"},"61F":{"t":"P28A"},"620":{"desc":"L1P"},"628":{"t":"ULAC"},"62A":{"t":"CH7A"},"62D":{"t":"M20P"},"62E":{"t":"P28A"},"62F":{"t":"NAVI"},"630":{"t":"C172"},"631":{"t":"PA12"},"632":{"t":"P28B"},"634":{"t":"C172"},"636":{"desc":"L1P"},"637":{"desc":"L1P"},"638":{"t":"BE36"},"63A":{"t":"BE55"},"63B":{"t":"P28A"},"63D":{"t":"PA18"},"63E":{"t":"P28A"},"63F":{"t":"P28A"},"640":{"t":"TAYB"},"643":{"t":"P28A"},"644":{"t":"P28A"},"645":{"t":"P28A"},"649":{"t":"BE55"},"64A":{"t":"P28A"},"64B":{"t":"CH7A"},"64C":{"t":"BE50"},"64E":{"t":"P32R"},"650":{"t":"M20P"},"652":{"desc":"L1P"},"653":{"t":"C172"},"655":{"t":"C195"},"656":{"t":"ULAC"},"659":{"desc":"L1P"},"65A":{"t":"P28R"},"65C":{"t":"P32R"},"65D":{"t":"BE36"},"65F":{"t":"PA23"},"661":{"t":"P28A"},"662":{"desc":"L1P","t":"ULAC"},"663":{"t":"P28R"},"665":{"desc":"L1P"},"666":{"desc":"L1P"},"667":{"t":"TAYB"},"668":{"t":"TAYB"},"66C":{"t":"PA22"},"672":{"t":"P28B"},"673":{"t":"PA15"},"677":{"t":"P28A"},"678":{"desc":"L1P"},"679":{"t":"PA23"},"67A":{"desc":"L1P"},"67B":{"t":"C172"},"67D":{"t":"PA32"},"681":{"t":"P28A"},"682":{"t":"P32R"},"683":{"t":"PA18"},"684":{"t":"PA32"},"686":{"t":"TAYB"},"688":{"t":"P32R"},"68D":{"t":"ULAC"},"690":{"t":"C170"},"691":{"t":"CH7A"},"692":{"t":"PA32"},"695":{"desc":"L1P"},"696":{"t":"PA15"},"697":{"t":"P28A"},"698":{"t":"P28A"},"699":{"t":"C172"},"69A":{"t":"P28A"},"69C":{"t":"P28A"},"69D":{"t":"C172"},"69F":{"t":"BE36"},"6A1":{"t":"C150"},"6A6":{"t":"C303"},"6A7":{"t":"P28A"},"6A9":{"t":"TAYB"},"6AA":{"t":"TAYB"},"6AB":{"desc":"L1P"},"6AC":{"t":"TAYB"},"6AE":{"t":"TAYB"},"6AF":{"t":"P28A"},"6B0":{"t":"TAYB"},"6B2":{"t":"PA22"},"6B8":{"t":"ULAC"},"6B9":{"t":"PA15"},"6BA":{"t":"P28A"},"6BB":{"t":"NAVI"},"6BC":{"t":"C172"},"6BD":{"t":"ULAC"},"6BF":{"t":"PA23"},"6C0":{"t":"C172"},"6C1":{"t":"C185"},"6C2":{"t":"BE36"},"6C4":{"desc":"L1P"},"6C7":{"t":"P28A"},"6C9":{"t":"PA18"},"6CB":{"t":"P28A"},"6CC":{"t":"TAYB"},"6CD":{"t":"TAYB"},"6CE":{"t":"P28A"},"6CF":{"t":"P28A"},"6D0":{"t":"TAYB"},"6D2":{"t":"P28A"},"6D3":{"t":"P28A"},"6D4":{"desc":"L1P"},"6D5":{"t":"C172"},"6D7":{"t":"PA24"},"6DA":{"t":"B06"},"6DB":{"t":"C182"},"6E1":{"desc":"L1P","t":"ULAC"},"6E2":{"desc":"L2J","t":"A21N"},"6E3":{"t":"ULAC"},"6E6":{"t":"B739"},"6EA":{"t":"CRJ2"},"6ED":{"t":"B763"},"6EE":{"t":"BE35"},"6EF":{"t":"GLID"},"6F1":{"t":"SF34"},"6F5":{"t":"BE9L"},"6F9":{"desc":"L1T","t":"SS2P"},"6FE":{"t":"C310"},"700":{"t":"M20T"},"707":{"t":"C510"},"708":{"t":"B06"},"709":{"t":"CL60"},"70B":{"t":"SR22"},"70C":{"t":"C414"},"70D":{"t":"PAY2"},"711":{"t":"LJ35"},"715":{"t":"C172"},"717":{"t":"C172"},"720":{"t":"C150"},"721":{"t":"LJ31"},"722":{"t":"M20P"},"723":{"t":"B350"},"725":{"t":"DA40"},"726":{"desc":"L2T"},"72C":{"t":"CJ6"},"731":{"t":"DA40"},"739":{"desc":"L1P"},"73A":{"desc":"L1P"},"73E":{"t":"E50P"},"74A":{"t":"ULAC"},"74B":{"t":"PA46"},"752":{"t":"P28A"},"754":{"t":"P32R"},"757":{"t":"A310"},"760":{"t":"C172"},"762":{"t":"C172"},"768":{"t":"E545"},"781":{"t":"M20P"},"787":{"desc":"H2T"},"78A":{"t":"B430"},"790":{"desc":"L2P"},"79D":{"desc":"L1P"},"79E":{"t":"F2TH"},"79F":{"desc":"A1P","t":"ULAC"},"7A1":{"t":"H25B"},"7AB":{"t":"DA40"},"7B6":{"desc":"L1P"},"7C4":{"desc":"L1P"},"7D0":{"desc":"L1P"},"7D2":{"t":"C500"},"7D5":{"desc":"H2T"},"7D7":{"t":"UH1"},"7DF":{"desc":"L1P","t":"ULAC"},"7E8":{"desc":"L1P"},"7E9":{"t":"BL8"},"7F1":{"t":"M20P"},"7F2":{"t":"S76"},"7F3":{"t":"C182"},"7F9":{"t":"C550"},"7FA":{"desc":"L1T"},"81A":{"t":"B407"},"81B":{"t":"P28R"},"81D":{"desc":"L1P"},"822":{"desc":"L1P"},"826":{"t":"P46T"},"828":{"desc":"A1P"},"832":{"desc":"L1P"},"844":{"t":"E55P"},"84C":{"t":"BE10"},"84D":{"desc":"L1P"},"858":{"t":"P28A"},"85A":{"desc":"L1P"},"860":{"t":"RV12"},"866":{"t":"BL8"},"868":{"t":"BE20"},"86F":{"desc":"L4T"},"870":{"t":"B430"},"871":{"desc":"L1P"},"873":{"t":"BE35"},"876":{"desc":"L1P"},"87A":{"t":"CRJ2"},"880":{"t":"HUSK"},"881":{"t":"BALL"},"894":{"t":"C25C"},"898":{"t":"A320"},"8A5":{"t":"B752"},"8C9":{"t":"P28R"},"8CC":{"t":"PC12"},"8CD":{"desc":"H4E"},"8D0":{"desc":"L1P"},"8D6":{"t":"B737"},"8E2":{"t":"M5"},"8EA":{"t":"UH1"},"911":{"t":"E75L"},"91C":{"t":"UH1"},"92F":{"t":"C170"},"930":{"t":"CH7A"},"931":{"desc":"L1P"},"932":{"t":"AR11"},"933":{"t":"P28A"},"935":{"t":"PA15"},"936":{"t":"P28U"},"938":{"t":"C172"},"939":{"t":"BALL"},"93A":{"t":"C195"},"93B":{"t":"PA23"},"93C":{"t":"C172"},"93E":{"t":"BE35"},"940":{"t":"C150"},"941":{"t":"C190"},"942":{"t":"BE55"},"946":{"t":"PA46"},"947":{"t":"TAYB"},"94A":{"t":"TAYB"},"94D":{"t":"TAYB"},"94E":{"t":"PA32"},"94F":{"t":"CJ6"},"951":{"t":"P28A"},"952":{"t":"C170"},"953":{"t":"CH7A"},"955":{"t":"AR11"},"956":{"t":"P28A"},"959":{"t":"P28A"},"95B":{"t":"C172"},"95C":{"desc":"L1J"},"95D":{"t":"C195"},"95E":{"t":"PA23"},"95F":{"t":"C172"},"961":{"desc":"L1P","t":"ULAC"},"962":{"t":"P28A"},"963":{"t":"C337"},"964":{"t":"P28A"},"965":{"t":"P28B"},"968":{"desc":"L2P"},"969":{"t":"TAYB"},"96B":{"t":"TAYB"},"96D":{"t":"TAYB"},"96E":{"t":"TAYB"},"972":{"t":"TAYB"},"973":{"desc":"L1P"},"977":{"t":"BE35"},"979":{"t":"P28A"},"97A":{"t":"R44"},"97C":{"desc":"L1P"},"97D":{"t":"NAVI"},"97F":{"t":"PA32"},"980":{"t":"C195"},"981":{"t":"P28A"},"982":{"t":"ULAC"},"983":{"t":"C172"},"985":{"t":"P28A"},"986":{"t":"C150"},"987":{"t":"PA46"},"988":{"t":"BE35"},"98A":{"t":"PA23"},"98B":{"t":"PA18"},"98C":{"t":"P28A"},"98D":{"t":"TAYB"},"98E":{"t":"TAYB"},"990":{"t":"P28A"},"991":{"t":"P28A"},"992":{"t":"P28A"},"993":{"t":"TAYB"},"994":{"t":"P28A"},"996":{"desc":"L2P"},"997":{"t":"PA22"},"999":{"t":"CH7A"},"99A":{"t":"P28A"},"99C":{"t":"P28A"},"99E":{"t":"PA15"},"99F":{"t":"P28A"},"9A0":{"desc":"L1P","t":"ULAC"},"9A3":{"t":"P32R"},"9A4":{"t":"PA18"},"9A5":{"desc":"L1P","t":"ULAC"},"9A6":{"t":"C172"},"9A7":{"t":"P32R"},"9AD":{"t":"PA18"},"9AF":{"t":"PA34"},"9B1":{"desc":"L1P","t":"ULAC"},"9B2":{"t":"TAYB"},"9B3":{"t":"PA34"},"9B5":{"t":"P28A"},"9B7":{"t":"P28A"},"9BB":{"t":"BE33"},"9BF":{"t":"P28R"},"9C1":{"t":"PA15"},"9C2":{"t":"P28A"},"9C7":{"t":"P28A"},"9C8":{"t":"C172"},"9CB":{"t":"P28A"},"9CD":{"t":"P28B"},"9D2":{"t":"TAYB"},"9D3":{"t":"P28A"},"9D4":{"t":"B06"},"9D6":{"desc":"L1P","t":"ULAC"},"9D7":{"t":"TAYB"},"9D8":{"t":"TAYB"},"9DC":{"desc":"L1P"},"9DE":{"t":"C170"},"9DF":{"t":"C340"},"9E3":{"desc":"H1P"},"9E4":{"t":"PA15"},"9E6":{"t":"NAVI"},"9E7":{"t":"C172"},"9E8":{"t":"PA12"},"9E9":{"desc":"L1P"},"9EA":{"desc":"H2T"},"9EB":{"t":"C172"},"9EC":{"t":"C172"},"9EE":{"t":"PA32"},"9EF":{"t":"C150"},"9F0":{"t":"P28A"},"9F3":{"t":"P28A"},"9F5":{"t":"TAYB"},"9F6":{"t":"P28A"},"9F8":{"t":"TAYB"},"9F9":{"t":"P28A"},"9FA":{"desc":"A2P"},"9FD":{"t":"P28A"},"9FE":{"t":"P28A"},"A00":{"t":"PA22"},"A01":{"t":"C170"},"A02":{"t":"CH7A"},"A03":{"t":"BE35"},"A04":{"t":"CH7A"},"A05":{"t":"P32R"},"A07":{"t":"PA18"},"A08":{"t":"P28A"},"A0B":{"t":"PA12"},"A0C":{"t":"UH1"},"A0F":{"t":"C172"},"A12":{"t":"PA44"},"A14":{"t":"BE33"},"A17":{"t":"PA18"},"A18":{"t":"P28A"},"A19":{"t":"P32R"},"A1A":{"desc":"L1P"},"A1B":{"t":"TAYB"},"A1C":{"t":"P28A"},"A1E":{"t":"TAYB"},"A22":{"desc":"L1P"},"A24":{"t":"P28A"},"A25":{"t":"CH7A"},"A26":{"t":"P28A"},"A29":{"t":"P28A"},"A2A":{"t":"PA15"},"A2B":{"t":"P28A"},"A2C":{"t":"NAVI"},"A2D":{"t":"ULAC"},"A31":{"t":"C172"},"A32":{"t":"C172"},"A34":{"t":"P28A"},"A35":{"desc":"L1P","t":"ULAC"},"A37":{"t":"BE35"},"A38":{"t":"P32R"},"A3B":{"t":"PA32"},"A3C":{"t":"P28A"},"A43":{"t":"TAYB"},"A47":{"t":"P28A"},"A48":{"t":"CH7A"},"A4B":{"t":"ULAC"},"A4D":{"t":"PA15"},"A50":{"t":"C172"},"A51":{"t":"P28U"},"A52":{"t":"C190"},"A55":{"t":"C172"},"A56":{"t":"P28B"},"A58":{"t":"C150"},"A5B":{"desc":"L1P"},"A5C":{"t":"P28A"},"A5D":{"t":"P28A"},"A5F":{"t":"P28A"},"A60":{"desc":"L1P"},"A61":{"t":"P28R"},"A64":{"t":"P28A"},"A65":{"t":"P28A"},"A67":{"t":"TAYB"},"A68":{"desc":"L1P"},"A6A":{"t":"C170"},"A6C":{"t":"P28A"},"A6D":{"t":"PA38"},"A72":{"t":"NAVI"},"A74":{"t":"PA46"},"A78":{"t":"C185"},"A79":{"t":"BE55"},"A7C":{"t":"C195"},"A7E":{"t":"P28A"},"A7F":{"t":"P28A"},"A80":{"t":"PA18"},"A81":{"t":"TAYB"},"A87":{"t":"TAYB"},"A8A":{"t":"TAYB"},"A8B":{"t":"BE55"},"A8E":{"t":"BE33"},"A91":{"t":"M20P"},"A96":{"t":"E55P"},"A98":{"t":"ULAC"},"A99":{"desc":"L2J","t":"A21N"},"A9D":{"t":"GLF4"},"A9E":{"t":"E50P"},"AA1":{"t":"CRJ2"},"AA2":{"t":"B763"},"AA5":{"t":"C310"},"AA6":{"t":"C180"},"AB0":{"desc":"L1P","t":"ULAC"},"AB3":{"t":"C82S"},"AB5":{"t":"R44"},"AB6":{"desc":"L1P"},"AC0":{"t":"SR22"},"AC1":{"desc":"L2J"},"AC2":{"t":"SR22"},"AC3":{"t":"S22T"},"AC9":{"t":"SF34"},"ACF":{"t":"C25B"},"AD2":{"t":"PC12"},"AD3":{"t":"PA31"},"AD5":{"t":"RV12"},"AD7":{"t":"C150"},"AD8":{"desc":"L1T","t":"AT3P"},"AD9":{"t":"C180"},"ADA":{"t":"SR22"},"ADC":{"t":"PA46"},"ADD":{"desc":"L2T"},"ADE":{"desc":"L1P"},"AE1":{"desc":"L2P"},"AE2":{"t":"BE58"},"AE3":{"t":"BL17"},"AE5":{"t":"P32T"},"AE7":{"t":"P32R"},"AE8":{"t":"DA40"},"AE9":{"t":"P208"},"AEC":{"t":"HUSK"},"AF0":{"t":"C182"},"AF1":{"t":"C82S"},"AF2":{"t":"UH1"},"AFC":{"desc":"L1P"},"B00":{"t":"C172"},"B01":{"desc":"L1P"},"B08":{"desc":"L1P"},"B09":{"desc":"L1P"},"B0E":{"desc":"L2T"},"B15":{"desc":"L1P"},"B16":{"t":"UH1"},"B1F":{"t":"E545"},"B22":{"t":"C210"},"B25":{"t":"UH1"},"B2A":{"t":"CL30"},"B3E":{"t":"GLF4"},"B41":{"t":"B430"},"B49":{"t":"P28A"},"B55":{"t":"COL4"},"B56":{"desc":"L1P"},"B57":{"t":"UH1"},"B5C":{"desc":"L1P"},"B5F":{"desc":"L1P"},"B62":{"desc":"L1P","t":"ULAC"},"B65":{"t":"B407"},"B6D":{"desc":"L1P"},"B70":{"t":"P32R"},"B7A":{"t":"UH1"},"B7E":{"t":"C56X"},"B89":{"t":"R44"},"B8B":{"t":"R22"},"B8C":{"desc":"H2T"},"B91":{"t":"P32R"},"B92":{"t":"ULAC"},"B97":{"desc":"L1P"},"B9B":{"t":"C25B"},"B9F":{"t":"GLID"},"BA0":{"t":"BE40"},"BA1":{"desc":"L1P"},"BA4":{"t":"PA18"},"BA7":{"t":"PC12"},"BA8":{"t":"M20P"},"BAB":{"desc":"L1P"},"BAF":{"t":"A139"},"BB1":{"t":"C206"},"BBB":{"t":"P32T"},"BC4":{"t":"C550"},"BCF":{"t":"B430"},"BD2":{"t":"A119"},"BD4":{"t":"R44"},"BD9":{"t":"B407"},"BDB":{"t":"B350"},"BDD":{"desc":"L1P","t":"ULAC"},"BE1":{"desc":"L1P"},"BE6":{"desc":"L1P"},"BFB":{"t":"E55P"},"C00":{"t":"DH8D"},"C03":{"desc":"L1P","t":"ULAC"},"C04":{"t":"C340"},"C05":{"t":"PC12"},"C06":{"desc":"L1P"},"C07":{"t":"EN48"},"C0A":{"t":"BALL"},"C0C":{"t":"C550"},"C13":{"t":"C182"},"C15":{"t":"T6"},"C17":{"desc":"L1P"},"C1C":{"t":"C180"},"C1D":{"t":"PA34"},"C1E":{"t":"RV12"},"C1F":{"t":"DA40"},"C21":{"desc":"L1P"},"C28":{"t":"H25B"},"C2D":{"t":"PC12"},"C2E":{"desc":"L1P"},"C31":{"t":"CRJ2"},"C32":{"desc":"L1P"},"C35":{"t":"BE33"},"C3A":{"t":"CH7B"},"C3B":{"t":"RV12"},"C41":{"desc":"L1P"},"C46":{"t":"C182"},"C47":{"desc":"L1P"},"C49":{"t":"B06"},"C4B":{"t":"C560"},"C4E":{"t":"BE18"},"C4F":{"t":"A320"},"C5C":{"t":"B752"},"C68":{"t":"SF50"},"C81":{"t":"AT3T"},"C82":{"t":"SR20"},"C83":{"t":"O1"},"C84":{"desc":"H4E"},"C88":{"desc":"L1P"},"C8D":{"t":"B737"},"C91":{"desc":"L1P"},"C92":{"t":"PC12"},"C95":{"t":"P28A"},"CB2":{"t":"PA18"},"CBA":{"desc":"L1P"},"CC8":{"t":"E75L"},"CCB":{"t":"BE58"},"CCC":{"t":"C150"},"CE6":{"desc":"H1P"},"CE7":{"t":"FA7X"},"CE8":{"desc":"L1P"},"CE9":{"t":"ST75"},"CEA":{"t":"P28A"},"CEC":{"t":"PA15"},"CED":{"t":"P28A"},"CEE":{"desc":"L1P"},"CF0":{"t":"PA12"},"CF6":{"t":"P32R"},"CFB":{"t":"P28A"},"CFC":{"t":"PA18"},"CFD":{"t":"P28A"},"CFF":{"t":"TAYB"},"D00":{"t":"TAYB"},"D03":{"t":"P28A"},"D05":{"t":"P28A"},"D06":{"t":"TAYB"},"D07":{"desc":"L1P"},"D09":{"desc":"L1P"},"D0A":{"t":"CH7A"},"D0B":{"t":"GLID"},"D0D":{"t":"P28R"},"D0F":{"t":"PA15"},"D10":{"t":"P28A"},"D11":{"t":"NAVI"},"D13":{"t":"P32T"},"D16":{"t":"C172"},"D17":{"t":"R66"},"D18":{"t":"BE35"},"D19":{"t":"P28R"},"D1A":{"t":"C150"},"D1B":{"desc":"L1P","t":"ULAC"},"D1C":{"desc":"L1P"},"D1D":{"t":"C210"},"D1E":{"t":"PA27"},"D1F":{"t":"BE55"},"D20":{"t":"TAYB"},"D21":{"t":"TAYB"},"D23":{"t":"TAYB"},"D24":{"t":"P28A"},"D25":{"t":"P28R"},"D27":{"t":"TAYB"},"D28":{"t":"P28A"},"D29":{"t":"P28A"},"D2C":{"t":"ULAC"},"D2D":{"t":"CH7A"},"D30":{"t":"P28R"},"D31":{"desc":"H1P"},"D32":{"t":"M20P"},"D33":{"t":"P28A"},"D34":{"t":"PA32"},"D35":{"t":"C172"},"D36":{"t":"PA12"},"D37":{"desc":"L1J"},"D3A":{"t":"C82T"},"D3B":{"t":"AT3P"},"D3C":{"t":"PA27"},"D3D":{"desc":"L1J"},"D3F":{"t":"BE35"},"D40":{"t":"P28A"},"D41":{"t":"PA46"},"D42":{"t":"PA18"},"D43":{"t":"TAYB"},"D44":{"t":"P28A"},"D47":{"t":"P28A"},"D48":{"t":"PA34"},"D4B":{"t":"TAYB"},"D4C":{"desc":"G1P","t":"GYRO"},"D4F":{"t":"PA46"},"D50":{"desc":"L1J"},"D53":{"t":"P32R"},"D55":{"t":"M20P"},"D57":{"t":"NAVI"},"D58":{"t":"C172"},"D5B":{"t":"PA46"},"D5C":{"t":"C172"},"D5D":{"t":"C172"},"D5F":{"t":"P28R"},"D61":{"t":"C190"},"D63":{"t":"P28A"},"D64":{"desc":"L1P"},"D65":{"t":"PA18"},"D68":{"t":"P28A"},"D6A":{"t":"P28A"},"D6C":{"t":"TAYB"},"D6D":{"t":"P28A"},"D70":{"desc":"L1P"},"D73":{"t":"CH7A"},"D74":{"t":"PA34"},"D78":{"t":"PA18"},"D79":{"t":"P28A"},"D7B":{"t":"C172"},"D7C":{"t":"PA12"},"D7D":{"t":"C195"},"D80":{"t":"C172"},"D83":{"t":"C150"},"D84":{"t":"BE58"},"D85":{"t":"BE55"},"D87":{"t":"PA34"},"D88":{"t":"PA18"},"D89":{"t":"P28A"},"D8A":{"t":"P28A"},"D8B":{"t":"TAYB"},"D8C":{"t":"P28A"},"D8D":{"desc":"H1P"},"D8E":{"t":"TAYB"},"D90":{"t":"P28A"},"D91":{"t":"P28A"},"D95":{"t":"C170"},"D97":{"t":"BE35"},"D99":{"t":"P28A"},"D9C":{"t":"P28A"},"D9E":{"t":"C172"},"DA2":{"t":"C172"},"DA3":{"t":"C172"},"DA5":{"t":"P28A"},"DA6":{"t":"P28A"},"DA7":{"t":"P28A"},"DB1":{"t":"TAYB"},"DB3":{"t":"P28A"},"DB4":{"t":"TAYB"},"DB5":{"t":"P28R"},"DB8":{"t":"C170"},"DB9":{"t":"C340"},"DBC":{"t":"P28A"},"DBF":{"t":"P28A"},"DC1":{"t":"P28A"},"DC2":{"desc":"L1P"},"DC3":{"t":"P28A"},"DC5":{"t":"C172"},"DC7":{"t":"AT3P"},"DC9":{"t":"C150"},"DCE":{"t":"PA18"},"DD0":{"t":"TAYB"},"DD2":{"desc":"L1P"},"DD3":{"t":"TAYB"},"DD4":{"desc":"L1P"},"DD5":{"t":"R22"},"DD7":{"t":"P28A"},"DD8":{"t":"TAYB"},"DDA":{"t":"PA22"},"DDE":{"t":"PA38"},"DE2":{"t":"PA32"},"DE5":{"t":"P32R"},"DE6":{"t":"PA34"},"DE7":{"t":"PA32"},"DE8":{"t":"C172"},"DE9":{"t":"ULAC"},"DEC":{"t":"C150"},"DED":{"t":"C195"},"DEE":{"t":"P32R"},"DF3":{"t":"TAYB"},"DF4":{"t":"TAYB"},"DF8":{"t":"PA32"},"DF9":{"t":"TAYB"},"DFA":{"t":"TAYB"},"DFD":{"t":"PA22"},"DFE":{"t":"P32R"},"DFF":{"t":"CH7A"},"E01":{"t":"CH7A"},"E04":{"t":"M20P"},"E05":{"t":"P28A"},"E06":{"t":"NAVI"},"E08":{"t":"PA12"},"E09":{"t":"P28A"},"E0B":{"t":"C172"},"E0E":{"t":"P28A"},"E10":{"t":"C195"},"E12":{"t":"PA12"},"E13":{"t":"L39"},"E14":{"t":"PA18"},"E15":{"desc":"A1P"},"E16":{"t":"TAYB"},"E18":{"t":"TAYB"},"E1C":{"t":"P28A"},"E1D":{"desc":"L1P"},"E1E":{"t":"P28A"},"E23":{"desc":"L1P"},"E25":{"t":"PA36"},"E2A":{"t":"C172"},"E2B":{"t":"P28A"},"E2C":{"t":"C195"},"E2D":{"t":"P28A"},"E2E":{"t":"C172"},"E2F":{"desc":"L1P","t":"ULAC"},"E32":{"t":"C150"},"E34":{"t":"BE60"},"E35":{"t":"P28R"},"E36":{"t":"PA27"},"E37":{"t":"PA18"},"E38":{"t":"TAYB"},"E39":{"t":"P28A"},"E3A":{"t":"TAYB"},"E3C":{"t":"TAYB"},"E3D":{"t":"TAYB"},"E3E":{"t":"TAYB"},"E41":{"desc":"L1P"},"E42":{"t":"AA5"},"E43":{"t":"ERCO"},"E46":{"desc":"L1P"},"E49":{"desc":"A1P"},"E4A":{"t":"AA5"},"E4D":{"t":"A109"},"E4F":{"t":"PC12"},"E50":{"desc":"L2J","t":"A21N"},"E54":{"t":"B739"},"E58":{"t":"CRJ2"},"E5B":{"t":"B763"},"E5C":{"t":"BE35"},"E5D":{"t":"GLID"},"E5E":{"t":"BALL"},"E5F":{"desc":"L1P"},"E6A":{"t":"P210"},"E6E":{"desc":"L1P"},"E75":{"t":"S108"},"E76":{"t":"S22T"},"E77":{"t":"HUSK"},"E7B":{"t":"SR22"},"E80":{"desc":"L1P","t":"ULAC"},"E81":{"t":"EC35"},"E83":{"t":"SR22"},"E87":{"t":"FDCT"},"E89":{"desc":"L1P","t":"ULAC"},"E8B":{"desc":"L1P"},"E8E":{"t":"BE35"},"E90":{"t":"PA31"},"E92":{"t":"LJ35"},"E93":{"t":"R44"},"E94":{"desc":"L2T"},"E99":{"t":"CH7A"},"E9A":{"desc":"L1P"},"E9B":{"t":"BE33"},"E9C":{"desc":"L1P"},"E9F":{"t":"DA40"},"EA7":{"desc":"L1P"},"EB7":{"t":"C172"},"EBF":{"desc":"L1P"},"EC1":{"desc":"L1P"},"EC7":{"desc":"L2J"},"EC9":{"t":"SIRA"},"ECB":{"t":"P28A"},"ED0":{"t":"C172"},"ED1":{"desc":"L1P"},"ED6":{"t":"E545"},"ED9":{"t":"PA46"},"EEB":{"desc":"L1P"},"EF2":{"t":"CH7A"},"EF4":{"desc":"L1P"},"EF5":{"t":"BE20"},"F0F":{"desc":"L1P"},"F17":{"t":"BE20"},"F1C":{"t":"B407"},"F1D":{"desc":"L1P"},"F24":{"t":"BE55"},"F25":{"t":"SR20"},"F26":{"t":"BALL"},"F2C":{"desc":"L2P"},"F32":{"desc":"H4E"},"F3D":{"t":"BE35"},"F3E":{"desc":"G1P"},"F43":{"desc":"H2T"},"F48":{"t":"C182"},"F49":{"t":"R44"},"F4B":{"t":"T206"},"F51":{"t":"B737"},"F57":{"t":"P28A"},"F59":{"t":"PA46"},"F5F":{"t":"SR20"},"F61":{"t":"S22T"},"F88":{"t":"B407"},"F89":{"t":"PA44"},"F8B":{"t":"PA18"},"F90":{"t":"B407"},"F91":{"t":"P46T"},"F9D":{"desc":"L1P"},"FB2":{"t":"E55P"},"FBA":{"desc":"L1P"},"FBB":{"t":"P28A"},"FBE":{"desc":"L1J"},"FC3":{"desc":"L1T"},"FC6":{"t":"C172"},"FCB":{"desc":"L1P"},"FCE":{"desc":"L1P"},"FD3":{"t":"BE35"},"FD5":{"t":"C182"},"FDB":{"t":"GLID"},"FDD":{"t":"R44"},"FE1":{"t":"C172"},"FE4":{"desc":"H4E"},"FE5":{"t":"PA32"},"FE8":{"t":"CRJ2"},"FEC":{"t":"BE33"},"FED":{"t":"T206"},"FEE":{"t":"R44"},"FEF":{"t":"BALL"},"FF5":{"t":"BL8"},"FF8":{"t":"SR22"},"FFE":{"t":"GLID"}}