{"001":{"t":"PC12"},"006":{"t":"A320"},"013":{"t":"B752"},"01E":{"desc":"L1P"},"020":{"desc":"L1P"},"021":{"desc":"L1P"},"037":{"t":"C170"},"048":{"t":"SR22"},"04C":{"desc":"L1P"},"050":{"t":"M5"},"053":{"desc":"A2P"},"07A":{"desc":"L1P"},"07F":{"t":"E75L"},"08F":{"t":"UH1"},"09F":{"t":"P28A"},"0A0":{"t":"PA38"},"0A1":{"t":"P32R"},"0A3":{"t":"PA15"},"0A5":{"desc":"L1P","t":"ULAC"},"0A7":{"t":"PA12"},"0A8":{"t":"C190"},"0AA":{"t":"C172"},"0AB":{"t":"P28B"},"0AD":{"t":"P28A"},"0AE":{"t":"C150"},"0B3":{"t":"PA18"},"0B4":{"t":"TAYB"},"0B7":{"t":"TAYB"},"0BA":{"t":"TAYB"},"0BB":{"t":"TAYB"},"0C0":{"t":"PA32"},"0C1":{"t":"P32R"},"0C2":{"t":"P28B"},"0C3":{"t":"BE36"},"0C6":{"t":"PA17"},"0C8":{"t":"NAVI"},"0C9":{"t":"C172"},"0CA":{"t":"P28A"},"0CB":{"t":"C195"},"0CC":{"t":"P28A"},"0CD":{"t":"C172"},"0CE":{"t":"C172"},"0D3":{"t":"BE58"},"0D4":{"t":"P28A"},"0D5":{"t":"PA25"},"0D7":{"desc":"A1P","t":"ULAC"},"0D8":{"t":"P28A"},"0DB":{"t":"P28A"},"0DC":{"t":"TAYB"},"0DD":{"t":"P28A"},"0E0":{"t":"TAYB"},"0E2":{"t":"PA22"},"0E4":{"t":"C188"},"0E5":{"t":"BE23"},"0E7":{"desc":"H1P"},"0E8":{"desc":"H1P"},"0E9":{"t":"PA15"},"0EB":{"t":"NAVI"},"0EC":{"t":"P28A"},"0EE":{"t":"P28A"},"0F1":{"t":"C172"},"0F2":{"t":"AT3P"},"0F3":{"t":"PA32"},"0F5":{"t":"C195"},"0F7":{"t":"P28A"},"0F9":{"t":"PA18"},"0FA":{"t":"ST75"},"0FB":{"t":"P28A"},"0FD":{"t":"TAYB"},"0FE":{"t":"TAYB"},"0FF":{"t":"P28A"},"100":{"t":"P28A"},"102":{"t":"TAYB"},"103":{"t":"TAYB"},"104":{"desc":"A1P"},"105":{"t":"P28A"},"106":{"t":"P28A"},"107":{"t":"P28A"},"109":{"t":"AR11"},"10B":{"t":"PA34"},"10C":{"t":"PA15"},"10D":{"t":"P28A"},"10F":{"t":"C172"},"110":{"t":"PA12"},"111":{"t":"C195"},"112":{"t":"PA23"},"114":{"t":"C172"},"116":{"t":"P28A"},"119":{"desc":"L1P"},"11A":{"t":"P28R"},"11B":{"t":"PA25"},"11F":{"desc":"L1P","t":"ULAC"},"121":{"desc":"L1P","t":"ULAC"},"122":{"t":"P28A"},"123":{"t":"TAYB"},"124":{"t":"P28A"},"125":{"t":"TAYB"},"126":{"desc":"L1P"},"128":{"t":"PA22"},"129":{"t":"P28A"},"12A":{"t":"CH7A"},"130":{"t":"P28A"},"132":{"t":"C172"},"134":{"t":"C195"},"135":{"t":"PA23"},"136":{"t":"C172"},"137":{"t":"C172"},"139":{"t":"PA32"},"13A":{"t":"C150"},"13B":{"t":"P28A"},"13D":{"t":"P28A"},"13E":{"desc":"L1P"},"140":{"t":"ST75"},"144":{"t":"ST75"},"145":{"t":"TAYB"},"146":{"t":"TAYB"},"148":{"t":"P28A"},"149":{"t":"TAYB"},"14E":{"t":"P28A"},"152":{"t":"M20P"},"153":{"t":"P28A"},"154":{"t":"P28A"},"155":{"t":"C172"},"156":{"t":"P28B"},"15A":{"t":"C172"},"15D":{"t":"C150"},"15E":{"t":"C195"},"160":{"t":"P28U"},"161":{"t":"PA25"},"162":{"t":"PA18"},"165":{"t":"P28A"},"166":{"t":"P28A"},"167":{"t":"TAYB"},"168":{"t":"PA32"},"169":{"t":"TAYB"},"16E":{"t":"PA22"},"16F":{"t":"C170"},"170":{"t":"CH7A"},"171":{"t":"PA32"},"175":{"t":"M20P"},"177":{"t":"NAVI"},"178":{"t":"C172"},"179":{"t":"C188"},"17A":{"t":"C195"},"17B":{"desc":"L1P"},"17C":{"desc":"L1P","t":"ULAC"},"17E":{"t":"M7"},"183":{"t":"P28A"},"186":{"t":"P28A"},"187":{"t":"P28A"},"188":{"t":"PA46"},"18C":{"t":"TAYB"},"18D":{"desc":"L1P","t":"ULAC"},"18E":{"t":"PA46"},"18F":{"t":"TAYB"},"190":{"t":"WACO"},"192":{"desc":"H1T"},"193":{"t":"CH7A"},"195":{"desc":"L1P"},"196":{"t":"P28A"},"197":{"desc":"L1P","t":"ULAC"},"199":{"t":"P28A"},"19B":{"t":"C172"},"19D":{"t":"C195"},"19F":{"t":"C172"},"1A2":{"t":"P28R"},"1A3":{"t":"C150"},"1A4":{"t":"P28A"},"1A5":{"t":"BE55"},"1A7":{"t":"PA25"},"1A8":{"t":"PA18"},"1AA":{"t":"TAYB"},"1AB":{"t":"TAYB"},"1AC":{"desc":"L1P"},"1AE":{"t":"P28A"},"1B7":{"t":"B06"},"1B8":{"t":"AR11"},"1B9":{"t":"P28A"},"1BA":{"desc":"H1T"},"1BC":{"t":"P28A"},"1BD":{"t":"NAVI"},"1BE":{"t":"C172"},"1BF":{"t":"P28A"},"1C0":{"t":"P28A"},"1C1":{"t":"P28A"},"1C2":{"t":"C172"},"1C3":{"t":"C172"},"1C5":{"t":"P28A"},"1C7":{"t":"P28A"},"1CB":{"t":"PA18"},"1CC":{"t":"P28B"},"1CD":{"t":"TAYB"},"1CE":{"t":"TAYB"},"1D0":{"t":"TAYB"},"1D5":{"t":"TAYB"},"1D6":{"desc":"L1P"},"1D8":{"t":"C170"},"1D9":{"t":"CH7A"},"1DA":{"desc":"L1P"},"1DE":{"t":"M20P"},"1E0":{"t":"NAVI"},"1E1":{"t":"PA32"},"1E2":{"t":"PA12"},"1E5":{"t":"C172"},"1E6":{"t":"C172"},"1E8":{"t":"PA32"},"1EA":{"t":"C190"},"1EB":{"t":"P32R"},"1ED":{"t":"PA25"},"1F1":{"t":"TAYB"},"1F3":{"t":"PA34"},"1F5":{"t":"TAYB"},"1FA":{"t":"SR22"},"1FC":{"t":"J5"},"1FD":{"t":"SR20"},"1FF":{"t":"B06"},"201":{"desc":"H8E"},"203":{"t":"R44"},"206":{"t":"B407"},"207":{"desc":"L2J","t":"A21N"},"20A":{"desc":"L2T"},"20B":{"t":"B739"},"20C":{"t":"GLID"},"20F":{"t":"CRJ2"},"214":{"t":"GLID"},"215":{"t":"PA24"},"228":{"t":"C414"},"22B":{"t":"SR20"},"22D":{"desc":"L2T"},"22E":{"t":"C150"},"22F":{"t":"BT36"},"230":{"t":"SR22"},"232":{"t":"C25A"},"23A":{"t":"C182"},"23C":{"desc":"L1P"},"23D":{"t":"C182"},"241":{"t":"TAYB"},"245":{"desc":"L1P"},"249":{"t":"R22"},"24A":{"t":"R44"},"24B":{"desc":"L2T"},"24D":{"desc":"L1P"},"24E":{"t":"PA32"},"24F":{"desc":"L1P"},"251":{"t":"PTS2"},"255":{"desc":"L1P"},"256":{"desc":"L1P"},"257":{"t":"BL8"},"259":{"t":"R44"},"25A":{"desc":"L1P"},"26C":{"t":"C172"},"26E":{"t":"C172"},"277":{"desc":"L2J"},"27F":{"t":"FH11"},"282":{"t":"P28A"},"28D":{"t":"E545"},"29B":{"desc":"L1P"},"2A2":{"desc":"L1P"},"2A6":{"desc":"L1P","t":"ULAC"},"2AC":{"t":"SIRA"},"2C2":{"desc":"L1P"},"2C3":{"t":"PC12"},"2C4":{"desc":"L1T"},"2C5":{"desc":"A1P"},"2C9":{"t":"C185"},"2CA":{"t":"T34P"},"2CC":{"desc":"L1P"},"2CE":{"desc":"L1P"},"2D0":{"desc":"L1P"},"2D2":{"desc":"L1P"},"2D6":{"t":"P28A"},"2E9":{"desc":"L1P"},"2F4":{"t":"BE35"},"2F6":{"desc":"L1P","t":"ULAC"},"304":{"t":"PC12"},"30E":{"desc":"L1P"},"314":{"t":"BE36"},"315":{"desc":"L1P"},"316":{"t":"PC12"},"317":{"t":"DH8D"},"319":{"t":"SR22"},"31F":{"t":"EA50"},"340":{"t":"PA44"},"341":{"desc":"L2J"},"347":{"t":"B407"},"348":{"t":"CL30"},"354":{"t":"P28B"},"369":{"t":"E55P"},"373":{"desc":"L1P"},"379":{"t":"GLID"},"37A":{"t":"P28R"},"37D":{"desc":"L1P"},"381":{"desc":"A1P"},"382":{"t":"BE55"},"383":{"t":"BALL"},"385":{"desc":"L1P"},"38A":{"t":"P28A"},"38B":{"t":"DA40"},"396":{"desc":"L1P"},"398":{"t":"C172"},"39A":{"t":"SR22"},"39C":{"desc":"H1T","t":"H269"},"3A3":{"t":"BE50"},"3A4":{"desc":"L4P"},"3A5":{"t":"SR22"},"3A6":{"t":"BALL"},"3AB":{"desc":"H2T"},"3AF":{"desc":"L1P"},"3B8":{"t":"PC12"},"3B9":{"t":"S22T"},"3BD":{"t":"A320"},"3CA":{"t":"B752"},"3EE":{"desc":"L1P"},"3F2":{"desc":"H4E"},"3FA":{"desc":"L1P"},"3FB":{"t":"B737"},"3FC":{"t":"P28A"},"402":{"desc":"L1P"},"407":{"desc":"L1P"},"424":{"desc":"A1P"},"436":{"t":"E75L"},"454":{"t":"C170"},"455":{"t":"CH7A"},"459":{"t":"P28U"},"45A":{"t":"PA15"},"45B":{"desc":"L1T","t":"SS2P"},"45C":{"desc":"L1T","t":"SS2P"},"45D":{"t":"C172"},"45E":{"t":"PA12"},"465":{"t":"C150"},"467":{"t":"BE35"},"46A":{"t":"PA18"},"46D":{"t":"TAYB"},"470":{"desc":"L1P"},"472":{"t":"TAYB"},"473":{"t":"P28A"},"474":{"t":"TAYB"},"476":{"t":"B738"},"477":{"desc":"L1P"},"478":{"t":"CH7A"},"479":{"t":"P32R"},"47A":{"desc":"L1P"},"47C":{"desc":"L1P"},"47D":{"t":"M20P"},"47E":{"desc":"L1P"},"47F":{"t":"NAVI"},"480":{"t":"C172"},"482":{"t":"PA46"},"483":{"desc":"L1P"},"485":{"t":"C172"},"486":{"desc":"L1P"},"487":{"desc":"L1P"},"48A":{"t":"BE24"},"48B":{"desc":"L1P","t":"ULAC"},"48D":{"t":"PA18"},"48E":{"t":"TAYB"},"490":{"t":"PA46"},"492":{"desc":"L1P"},"493":{"t":"TAYB"},"494":{"t":"TAYB"},"497":{"desc":"L1P"},"499":{"t":"BE35"},"49B":{"t":"P28A"},"49D":{"t":"PA38"},"4A2":{"t":"NAVI"},"4A3":{"t":"C172"},"4A4":{"t":"PA12"},"4A5":{"t":"P28B"},"4AE":{"t":"P28R"},"4AF":{"t":"P32R"},"4B0":{"t":"PA18"},"4B3":{"t":"P28A"},"4B5":{"t":"TAYB"},"4B7":{"t":"TAYB"},"4B9":{"t":"P32R"},"4BE":{"t":"CH7A"},"4C0":{"t":"P28A"},"4C5":{"t":"NAVI"},"4C6":{"t":"C172"},"4C9":{"t":"PA34"},"4CA":{"t":"C172"},"4CB":{"t":"C172"},"4CD":{"t":"P28A"},"4CE":{"t":"C150"},"4D0":{"t":"BE24"},"4D3":{"t":"PA18"},"4D5":{"t":"P28A"},"4D6":{"desc":"L1P","t":"ULAC"},"4D7":{"t":"TAYB"},"4D8":{"t":"P28A"},"4DA":{"desc":"L1P"},"4DB":{"t":"TAYB"},"4DF":{"t":"PA22"},"4E0":{"t":"C170"},"4E4":{"t":"P28A"},"4E6":{"t":"PA15"},"4E9":{"t":"C172"},"4EA":{"t":"BE19"},"4EB":{"t":"C195"},"4EC":{"t":"P28A"},"4EE":{"t":"BE55"},"4EF":{"t":"AT3P"},"4F0":{"t":"P28A"},"4F1":{"t":"C150"},"4F2":{"t":"C195"},"4F4":{"desc":"L1P"},"4F6":{"t":"PA18"},"4FA":{"t":"TAYB"},"4FC":{"t":"P28A"},"4FD":{"desc":"L1P"},"4FE":{"desc":"L1P"},"4FF":{"t":"P28A"},"500":{"t":"P28A"},"503":{"t":"P28A"},"504":{"t":"P28A"},"505":{"t":"PA12"},"507":{"desc":"L1P"},"508":{"t":"P28A"},"509":{"t":"PA15"},"50A":{"t":"P28A"},"50B":{"t":"P28B"},"50D":{"t":"PA12"},"50F":{"t":"P28A"},"510":{"t":"C172"},"513":{"desc":"L1P"},"514":{"t":"C150"},"518":{"desc":"A1P","t":"ULAC"},"519":{"t":"PA18"},"51A":{"t":"P32R"},"51B":{"t":"PA32"},"51C":{"t":"TAYB"},"51D":{"desc":"H1P"},"51F":{"t":"P28A"},"520":{"t":"P28A"},"522":{"t":"TAYB"},"523":{"t":"TAYB"},"524":{"desc":"H8E"},"525":{"t":"PA22"},"527":{"t":"CH7A"},"528":{"t":"P28A"},"52A":{"t":"P28A"},"52B":{"desc":"L1P"},"52C":{"t":"M20P"},"52D":{"t":"P28A"},"52E":{"t":"NAVI"},"530":{"desc":"L1P"},"531":{"t":"C195"},"533":{"t":"C172"},"534":{"t":"C172"},"538":{"t":"C190"},"53A":{"t":"P28R"},"53C":{"desc":"L1P","t":"ULAC"},"53D":{"t":"P28A"},"53E":{"desc":"L1J"},"53F":{"t":"TAYB"},"540":{"t":"TAYB"},"542":{"t":"TAYB"},"546":{"t":"TAYB"},"54B":{"t":"P28A"},"54C":{"t":"PA38"},"54E":{"t":"P28A"},"54F":{"t":"P28A"},"551":{"t":"P28A"},"552":{"t":"C172"},"557":{"t":"C172"},"55A":{"t":"C150"},"55B":{"t":"C195"},"561":{"t":"PA32"},"564":{"t":"P28R"},"565":{"desc":"L1P"},"568":{"t":"TAYB"},"569":{"t":"TAYB"},"56D":{"t":"CH7A"},"56F":{"t":"CH7A"},"570":{"t":"P28A"},"574":{"t":"NAVI"},"576":{"t":"P28U"},"577":{"desc":"L1P"},"578":{"t":"B47G"},"579":{"desc":"L1P"},"581":{"t":"PA34"},"582":{"t":"PA18"},"584":{"desc":"L1P"},"58B":{"t":"P28A"},"58D":{"desc":"L1P"},"58E":{"t":"P28U"},"58F":{"t":"C170"},"592":{"t":"CH7A"},"593":{"t":"P28A"},"595":{"t":"PA15"},"596":{"t":"P28A"},"598":{"t":"P28A"},"599":{"t":"PA12"},"59D":{"t":"C172"},"59F":{"t":"P28A"},"5A0":{"t":"C150"},"5A3":{"t":"P28A"},"5A4":{"t":"P28A"},"5A5":{"desc":"L2P"},"5A6":{"t":"C172"},"5A7":{"t":"TAYB"},"5A8":{"desc":"L1P"},"5A9":{"t":"P28A"},"5AA":{"t":"TAYB"},"5AB":{"t":"BALL"},"5AC":{"t":"P28R"},"5AD":{"t":"TAYB"},"5AE":{"t":"TAYB"},"5AF":{"desc":"L1P"},"5B4":{"t":"GLID"},"5B6":{"t":"B06"},"5BB":{"t":"A109"},"5BD":{"desc":"L1P","t":"ULAC"},"5BE":{"desc":"L2J","t":"A21N"},"5C2":{"t":"B739"},"5C6":{"t":"CRJ2"},"5CA":{"desc":"L1T"},"5CF":{"t":"ULAC"},"5E3":{"t":"NAVI"},"5E4":{"t":"C172"},"5E7":{"t":"SR22"},"5E8":{"t":"C425"},"5ED":{"t":"T206"},"5F1":{"t":"SR22"},"5FE":{"t":"M20P"},"5FF":{"t":"LJ45"},"601":{"t":"R44"},"602":{"desc":"L2T"},"603":{"t":"BE36"},"604":{"t":"EC35"},"606":{"t":"DC3"},"60C":{"t":"C172"},"625":{"t":"C172"},"633":{"t":"A310"},"635":{"t":"CL30"},"637":{"t":"SIRA"},"63F":{"desc":"L1P"},"644":{"t":"E545"},"653":{"t":"PA18"},"658":{"desc":"L1P"},"662":{"t":"C25C"},"663":{"t":"GLF4"},"668":{"t":"LJ45"},"66E":{"t":"PA46"},"67A":{"t":"S22T"},"67F":{"t":"F2TH"},"685":{"t":"BE36"},"692":{"t":"TWEN"},"696":{"t":"MD11"},"6A2":{"desc":"L1P"},"6AB":{"desc":"G1P"},"6AC":{"t":"DA40"},"6B6":{"t":"EC35"},"6C4":{"t":"BE36"},"6C5":{"t":"HUSK"},"6C7":{"t":"BE55"},"6C8":{"desc":"L1P"},"6CC":{"t":"GLID"},"6D5":{"t":"LJ35"},"6D6":{"t":"C208"},"6DD":{"t":"E55P"},"6DE":{"t":"EC35"},"6E1":{"t":"P28A"},"6E3":{"t":"EA50"},"6E8":{"t":"BALL"},"6F2":{"desc":"L1P"},"6F7":{"t":"PA44"},"6F9":{"t":"PC12"},"720":{"t":"GLF4"},"724":{"desc":"H1P"},"725":{"t":"DH8D"},"728":{"t":"BALL"},"732":{"desc":"L1P"},"734":{"t":"BE35"},"73A":{"t":"M20P"},"73D":{"desc":"A1P"},"744":{"t":"E50P"},"747":{"t":"P32R"},"74F":{"t":"C172"},"751":{"t":"SR22"},"75A":{"t":"F900"},"75B":{"t":"C182"},"766":{"t":"E55P"},"76B":{"t":"DA42"},"76F":{"t":"PC12"},"773":{"desc":"L1P","t":"ULAC"},"774":{"t":"A320"},"77F":{"t":"C550"},"781":{"t":"B752"},"7B1":{"t":"BE35"},"7B2":{"t":"B737"},"7B9":{"desc":"L1P"},"7BE":{"t":"M5"},"7C7":{"t":"SF34"},"7D7":{"desc":"L1P"},"7ED":{"t":"E75L"},"80E":{"t":"PA38"},"810":{"t":"P28A"},"811":{"t":"M20P"},"812":{"t":"AT3T"},"815":{"t":"ULAC"},"817":{"desc":"L1P"},"819":{"t":"C172"},"81A":{"t":"AT3P"},"81B":{"t":"P28R"},"81C":{"t":"P28B"},"81D":{"t":"C195"},"81E":{"t":"BE24"},"821":{"t":"PA18"},"822":{"t":"TAYB"},"824":{"t":"TAYB"},"827":{"t":"TAYB"},"829":{"t":"P28A"},"82F":{"t":"CH7A"},"830":{"t":"P28B"},"831":{"t":"CH7A"},"835":{"t":"L39"},"836":{"t":"P32R"},"837":{"t":"C172"},"838":{"desc":"L1P","t":"ULAC"},"83B":{"t":"C172"},"83C":{"t":"C172"},"83D":{"t":"AT3P"},"83E":{"t":"P28A"},"83F":{"t":"P32R"},"840":{"t":"C195"},"842":{"t":"P28R"},"845":{"t":"TAYB"},"846":{"t":"P28A"},"849":{"desc":"L1P"},"84E":{"t":"PA34"},"84F":{"desc":"L1P"},"850":{"t":"PA22"},"852":{"t":"CH7A"},"853":{"t":"P28A"},"854":{"t":"CH7A"},"855":{"t":"P32R"},"856":{"t":"P28A"},"859":{"t":"NAVI"},"85B":{"desc":"L1P"},"85C":{"t":"C195"},"85F":{"t":"C172"},"860":{"t":"HUSK"},"861":{"t":"P28A"},"863":{"t":"C195"},"865":{"t":"P28A"},"868":{"desc":"L1P"},"86E":{"t":"P28R"},"86F":{"t":"PA32"},"870":{"t":"TAYB"},"871":{"t":"TAYB"},"873":{"t":"PA22"},"874":{"desc":"H1P"},"875":{"t":"CH7A"},"876":{"desc":"A1P"},"877":{"desc":"H1P"},"87A":{"t":"PA15"},"87B":{"t":"P28A"},"87D":{"t":"P28A"},"87E":{"desc":"H1P"},"87F":{"t":"C190"},"881":{"t":"C172"},"882":{"desc":"L1P"},"884":{"desc":"L1P"},"886":{"desc":"L1P"},"887":{"desc":"L1P","t":"ULAC"},"888":{"t":"P28A"},"889":{"t":"ULAC"},"88B":{"desc":"L1P"},"88C":{"t":"TAYB"},"88E":{"t":"TAYB"},"891":{"desc":"L1P","t":"ULAC"},"892":{"desc":"L1P","t":"ULAC"},"893":{"desc":"L1P"},"894":{"t":"TAYB"},"89D":{"t":"PA15"},"89E":{"t":"ULAC"},"89F":{"t":"PA34"},"8A0":{"t":"C172"},"8A3":{"t":"PA23"},"8A5":{"t":"C185"},"8A7":{"t":"P28R"},"8A8":{"desc":"L1P"},"8B1":{"t":"TAYB"},"8B2":{"t":"P28A"},"8B4":{"t":"TAYB"},"8B7":{"t":"TAYB"},"8B9":{"t":"PA22"},"8BB":{"t":"CH7A"},"8BC":{"t":"P28B"},"8BE":{"t":"P28B"},"8BF":{"desc":"H1P"},"8C0":{"t":"PA15"},"8C1":{"t":"P28A"},"8C2":{"t":"NAVI"},"8C4":{"t":"PA12"},"8C5":{"t":"P28U"},"8C6":{"t":"PA23"},"8C7":{"t":"C172"},"8CA":{"t":"P28R"},"8CC":{"desc":"L1P","t":"ULAC"},"8CD":{"t":"BE24"},"8CE":{"t":"P28R"},"8D0":{"t":"PA18"},"8D1":{"t":"P28A"},"8D4":{"t":"TAYB"},"8D6":{"t":"P28A"},"8D7":{"t":"P28A"},"8DA":{"t":"P28A"},"8DD":{"t":"P28A"},"8E0":{"t":"PA38"},"8E1":{"t":"P28A"},"8E2":{"t":"BE18"},"8E4":{"t":"P28A"},"8E5":{"t":"NAVI"},"8E6":{"desc":"L1P","t":"ULAC"},"8E7":{"t":"PA12"},"8EB":{"t":"C185"},"8ED":{"desc":"L1P"},"8F1":{"desc":"L1P"},"8F6":{"t":"TAYB"},"8F7":{"desc":"L1P","t":"ULAC"},"8F8":{"t":"TAYB"},"8FA":{"desc":"L1P"},"8FC":{"t":"P28A"},"900":{"t":"C170"},"901":{"t":"CH7A"},"902":{"t":"BE50"},"903":{"t":"CH7A"},"904":{"t":"P28A"},"907":{"t":"P28A"},"908":{"t":"NAVI"},"90B":{"t":"C195"},"90C":{"t":"PA23"},"90F":{"desc":"L1P","t":"ULAC"},"910":{"t":"P28A"},"912":{"t":"C195"},"919":{"t":"TAYB"},"91E":{"t":"PA34"},"922":{"t":"PA22"},"923":{"t":"C170"},"925":{"t":"P32R"},"927":{"desc":"L1P"},"928":{"desc":"L1P"},"92A":{"t":"P28A"},"92B":{"t":"NAVI"},"92C":{"t":"C172"},"92D":{"t":"PA46"},"92E":{"t":"LJ35"},"92F":{"t":"PA23"},"930":{"t":"C185"},"931":{"t":"C172"},"932":{"desc":"L1P"},"933":{"t":"P28A"},"934":{"t":"C150"},"936":{"t":"BE19"},"937":{"t":"PA34"},"93F":{"t":"TAYB"},"940":{"t":"P28A"},"941":{"t":"P28R"},"944":{"desc":"L1P"},"946":{"t":"C170"},"947":{"t":"P28A"},"94A":{"t":"B212"},"94D":{"desc":"L1P"},"94E":{"desc":"L1P"},"94F":{"t":"C172"},"953":{"t":"C172"},"954":{"t":"C82T"},"959":{"t":"BE19"},"95A":{"t":"P28A"},"95B":{"t":"P28A"},"95C":{"t":"PA18"},"960":{"t":"P28A"},"961":{"desc":"L1P"},"962":{"t":"P28B"},"966":{"t":"P28A"},"96A":{"t":"GL5T"},"96B":{"t":"BL8"},"96D":{"t":"B06"},"96E":{"t":"R44"},"972":{"t":"M5"},"975":{"desc":"L2J","t":"A21N"},"97A":{"t":"BE58"},"97D":{"t":"CRJ2"},"982":{"desc":"A1P","t":"ULAC"},"984":{"desc":"H1P"},"986":{"t":"ULAC"},"98A":{"desc":"L1P"},"99B":{"t":"C172"},"99C":{"desc":"L1T"},"99E":{"t":"SR22"},"9A6":{"t":"EC35"},"9A8":{"t":"SR22"},"9AB":{"t":"C182"},"9B4":{"desc":"H4E"},"9B5":{"desc":"L1P"},"9B8":{"t":"R44"},"9B9":{"desc":"L2T"},"9BA":{"t":"BE36"},"9BF":{"t":"CL60"},"9C4":{"t":"H500"},"9CB":{"t":"GLID"},"9CC":{"t":"BE35"},"9CD":{"t":"BE20"},"9D1":{"t":"BALL"},"9DC":{"t":"C172"},"9DF":{"t":"BE36"},"9EA":{"t":"A310"},"9F0":{"t":"BE40"},"9F6":{"desc":"L1P"},"9FB":{"t":"E545"},"9FE":{"t":"P28A"},"A0A":{"desc":"L1P"},"A10":{"desc":"H8E"},"A17":{"desc":"L1P"},"A31":{"desc":"L1T"},"A32":{"t":"BE35"},"A34":{"t":"ULAC"},"A35":{"desc":"L1P"},"A40":{"desc":"L1P"},"A41":{"desc":"L1P"},"A49":{"desc":"L1P"},"A4C":{"t":"P32R"},"A6A":{"desc":"H4E"},"A7B":{"t":"BT36"},"A7C":{"t":"P32R"},"A8B":{"t":"R44"},"A95":{"desc":"L4T"},"A98":{"t":"P28A"},"AAD":{"t":"BE33"},"AAE":{"t":"PA44"},"AB1":{"t":"PA18"},"ABE":{"t":"M20P"},"AC2":{"t":"C172"},"AD7":{"t":"E55P"},"ADC":{"t":"DH8D"},"AE0":{"t":"BE36"},"AE1":{"t":"C68A"},"AE8":{"t":"BE20"},"AEB":{"t":"C172"},"AF8":{"t":"BE36"},"AF9":{"t":"C150"},"AFB":{"t":"PA44"},"AFC":{"t":"B06"},"B02":{"t":"R22"},"B06":{"t":"C172"},"B11":{"t":"BE35"},"B14":{"t":"BALL"},"B19":{"t":"C172"},"B26":{"t":"PC12"},"B2B":{"t":"A320"},"B38":{"t":"B752"},"B43":{"desc":"L1P"},"B5C":{"desc":"L1P"},"B5E":{"desc":"L1P"},"B60":{"desc":"H4E"},"B69":{"t":"B737"},"B6C":{"desc":"L1P"},"BA2":{"desc":"L2T"},"BA4":{"t":"E75L"},"BC3":{"t":"P32R"},"BC6":{"t":"P28A"},"BC9":{"t":"P28A"},"BCC":{"t":"PA34"},"BCF":{"t":"C172"},"BD0":{"t":"C172"},"BD3":{"desc":"L1P","t":"ULAC"},"BD4":{"t":"PA46"},"BD8":{"t":"PA18"},"BDA":{"t":"P28A"},"BDD":{"t":"P28A"},"BDE":{"t":"PA46"},"BDF":{"t":"TAYB"},"BE4":{"t":"PA18"},"BE5":{"t":"C170"},"BE6":{"t":"CH7A"},"BE7":{"t":"PA18"},"BEB":{"t":"M20P"},"BEC":{"t":"P28A"},"BED":{"t":"P32R"},"BEE":{"t":"C172"},"BEF":{"t":"PA12"},"BF3":{"t":"R44"},"BF7":{"desc":"L1P"},"BF9":{"t":"P28A"},"BFB":{"t":"PA18"},"BFD":{"t":"TAYB"},"BFF":{"t":"PA34"},"C00":{"t":"TAYB"},"C01":{"desc":"L1P","t":"ULAC"},"C02":{"t":"TAYB"},"C03":{"t":"TAYB"},"C04":{"t":"PA32"},"C06":{"t":"GLID"},"C07":{"desc":"L1P","t":"ULAC"},"C08":{"t":"C170"},"C09":{"desc":"L1P","t":"ULAC"},"C0A":{"desc":"L1P"},"C0B":{"t":"CH7A"},"C10":{"t":"NAVI"},"C12":{"desc":"L1P"},"C15":{"t":"C172"},"C16":{"t":"C172"},"C18":{"t":"PA32"},"C1B":{"t":"BE36"},"C1C":{"t":"P28A"},"C1D":{"t":"PA25"},"C1E":{"t":"PA18"},"C20":{"t":"P28A"},"C21":{"t":"TAYB"},"C23":{"t":"TAYB"},"C24":{"t":"P28A"},"C26":{"t":"P28A"},"C27":{"t":"TAYB"},"C28":{"t":"TAYB"},"C2A":{"t":"PA22"},"C2C":{"t":"CH7A"},"C2D":{"t":"P28A"},"C32":{"t":"P28A"},"C34":{"t":"PA46"},"C35":{"t":"PA46"},"C36":{"t":"C195"},"C37":{"desc":"L1P"},"C39":{"t":"C172"},"C3B":{"t":"P28R"},"C3C":{"t":"P32R"},"C41":{"t":"PA18"},"C44":{"t":"P28A"},"C45":{"t":"P28A"},"C46":{"t":"TAYB"},"C48":{"t":"P28A"},"C49":{"t":"TAYB"},"C4B":{"desc":"L1P"},"C4E":{"t":"P32R"},"C4F":{"t":"PA34"},"C51":{"t":"CH7A"},"C52":{"t":"PA32"},"C54":{"t":"PA15"},"C55":{"t":"P28A"},"C58":{"t":"PA12"},"C5A":{"t":"PA18"},"C5B":{"t":"C185"},"C5E":{"t":"P28A"},"C61":{"t":"P28B"},"C69":{"desc":"L1P"},"C6A":{"t":"TAYB"},"C6B":{"t":"TAYB"},"C6C":{"t":"P28A"},"C6D":{"t":"P28A"},"C6E":{"t":"TAYB"},"C6F":{"desc":"L1P"},"C71":{"t":"C170"},"C72":{"t":"CH7A"},"C73":{"t":"P28A"},"C75":{"t":"P28A"},"C77":{"t":"PA15"},"C78":{"t":"P28A"},"C7A":{"t":"C172"},"C7B":{"t":"PA12"},"C7E":{"t":"C172"},"C7F":{"t":"C172"},"C81":{"t":"PA32"},"C82":{"t":"C208"},"C83":{"t":"BL17"},"C84":{"t":"P32R"},"C88":{"t":"P28A"},"C8A":{"t":"P28A"},"C8B":{"t":"P28A"},"C8C":{"t":"P28A"},"C8D":{"t":"P28A"},"C91":{"t":"TAYB"},"C94":{"t":"C170"},"C9A":{"t":"PA15"},"C9B":{"t":"P28A"},"C9C":{"t":"P28B"},"C9E":{"t":"PA12"},"C9F":{"t":"P32R"},"CA2":{"t":"C172"},"CA3":{"t":"YK18"},"CA5":{"t":"C150"},"CA6":{"t":"C190"},"CA7":{"t":"BE35"},"CA8":{"desc":"L1P"},"CAA":{"t":"PA46"},"CAC":{"t":"P28A"},"CAD":{"t":"TAYB"},"CAF":{"t":"PA32"},"CB0":{"t":"TAYB"},"CB2":{"t":"ULAC"},"CB3":{"t":"TAYB"},"CB8":{"t":"P32R"},"CB9":{"t":"P32R"},"CBA":{"desc":"L1P","t":"ULAC"},"CBB":{"t":"ULAC"},"CBC":{"t":"P28A"},"CBD":{"t":"PA15"},"CC0":{"desc":"L1J"},"CC2":{"t":"C195"},"CC9":{"t":"C195"},"CCC":{"t":"ULAC"},"CCF":{"t":"P28A"},"CD0":{"t":"TAYB"},"CD3":{"desc":"L1P","t":"ULAC"},"CD4":{"desc":"L1P"},"CD5":{"desc":"L1P","t":"ULAC"},"CD7":{"t":"TAYB"},"CE0":{"t":"P28A"},"CE1":{"t":"ULAC"},"CE2":{"t":"NAVI"},"CE5":{"desc":"L1P"},"CEA":{"t":"P28R"},"CEB":{"t":"P28A"},"CEC":{"t":"P28A"},"CEF":{"t":"BE9L"},"CF1":{"t":"TAYB"},"CF2":{"t":"B06"},"CF4":{"t":"TAYB"},"CF5":{"t":"TAYB"},"CF6":{"t":"P28A"},"CF7":{"t":"TAYB"},"CF8":{"t":"ULAC"},"CF9":{"t":"P28R"},"CFA":{"t":"TAYB"},"CFB":{"t":"G164"},"CFC":{"t":"PA22"},"CFD":{"t":"C170"},"CFE":{"t":"CH7A"},"D00":{"t":"AR11"},"D03":{"t":"PA15"},"D07":{"t":"P32R"},"D08":{"t":"P28A"},"D09":{"desc":"L1P"},"D10":{"t":"BE60"},"D11":{"t":"PA34"},"D14":{"t":"PA34"},"D17":{"t":"P28A"},"D18":{"t":"TAYB"},"D19":{"t":"P28A"},"D1B":{"t":"TAYB"},"D1C":{"t":"TAYB"},"D1D":{"desc":"L1P"},"D1E":{"t":"C195"},"D1F":{"desc":"L1P"},"D21":{"desc":"L2P"},"D22":{"t":"BL8"},"D24":{"t":"B06"},"D27":{"t":"AS50"},"D2A":{"t":"PA34"},"D2C":{"desc":"L2J","t":"A21N"},"D34":{"t":"CRJ2"},"D38":{"desc":"L2J"},"D39":{"t":"GLID"},"D43":{"desc":"L1P","t":"ULAC"},"D51":{"t":"SR22"},"D52":{"desc":"L2T"},"D53":{"t":"PA31"},"D54":{"desc":"L1P"},"D5D":{"t":"B763"},"D5F":{"t":"T206"},"D6D":{"desc":"L1P"},"D6F":{"t":"R44"},"D70":{"desc":"L2T"},"D76":{"desc":"L1P"},"D83":{"t":"BE35"},"D8F":{"t":"R22"},"D93":{"t":"C172"},"D9D":{"t":"C172"},"DA5":{"t":"SIRA"},"DB2":{"t":"E545"},"DB6":{"t":"GLF4"},"DC5":{"desc":"L1P"},"DC7":{"desc":"H1E"},"DCE":{"t":"DA40"},"DDA":{"t":"T206"},"DE8":{"t":"ULAC"},"DE9":{"t":"BE9L"},"DEB":{"t":"F2TH"},"DF5":{"t":"C208"},"DF8":{"desc":"A1P"},"DFC":{"t":"AC11"},"E0C":{"t":"S22T"},"E19":{"desc":"L1P"},"E25":{"t":"R44"},"E32":{"t":"NAVI"},"E33":{"t":"DA40"},"E34":{"t":"P28A"},"E35":{"t":"CL60"},"E36":{"desc":"L1P"},"E3D":{"t":"B427"},"E49":{"t":"B407"},"E4C":{"t":"P28B"},"E52":{"desc":"L1P"},"E64":{"t":"BE33"},"E65":{"t":"M20T"},"E68":{"t":"ULAC"},"E6C":{"t":"C172"},"E6D":{"t":"LJ45"},"E74":{"desc":"A1P"},"E75":{"t":"C172"},"E76":{"desc":"L1P"},"E8E":{"t":"E55P"},"E93":{"t":"DH8D"},"E98":{"t":"C680"},"EA4":{"desc":"L1P"},"EB0":{"desc":"L1P","t":"ULAC"},"EB2":{"t":"PA44"},"EB8":{"t":"WW24"},"EBD":{"t":"C172"},"EC4":{"t":"CRJ2"},"EC8":{"desc":"L1P"},"EE2":{"t":"A320"},"EEF":{"t":"B752"},"EFB":{"t":"AT6T"},"F13":{"desc":"L1P"},"F15":{"t":"P32R"},"F19":{"t":"BE20"},"F20":{"t":"B737"},"F24":{"t":"ULAC"},"F25":{"desc":"A1P"},"F2A":{"desc":"L1P"},"F2C":{"t":"M6"},"F46":{"desc":"L1P"},"F59":{"desc":"L2T","t":"DH8B"},"F5B":{"t":"E75L"},"F78":{"t":"PA18"},"F7A":{"t":"CH7A"},"F7D":{"t":"PA32"},"F80":{"t":"P28A"},"F81":{"t":"P28A"},"F82":{"t":"C172"},"F83":{"t":"PA12"},"F84":{"t":"P28A"},"F87":{"t":"C172"},"F88":{"t":"AT3P"},"F89":{"t":"PA32"},"F8A":{"t":"C150"},"F8C":{"t":"BE36"},"F8D":{"t":"P28A"},"F8E":{"desc":"L1P"},"F90":{"t":"P28A"},"F91":{"t":"PA32"},"F94":{"t":"TAYB"},"F95":{"t":"TAYB"},"F97":{"t":"P28A"},"F99":{"t":"TAYB"},"F9A":{"desc":"L1P"},"F9B":{"t":"PA18"},"F9D":{"t":"CH7A"},"F9E":{"t":"P28A"},"FA0":{"t":"P32R"},"FA2":{"t":"PA15"},"FA3":{"desc":"L1T"},"FA4":{"t":"NAVI"},"FA5":{"t":"C172"},"FA7":{"t":"C195"},"FAC":{"t":"PA32"},"FAD":{"t":"C150"},"FAE":{"t":"PA32"},"FAF":{"t":"BE33"},"FB0":{"t":"PA32"},"FB2":{"t":"PA18"},"FB3":{"t":"TAYB"},"FB4":{"t":"P28A"},"FB6":{"t":"TAYB"},"FB7":{"t":"TAYB"},"FBA":{"t":"P28A"},"FBC":{"t":"ULAC"},"FBE":{"t":"PA18"},"FBF":{"t":"PA46"},"FC0":{"t":"CH7A"},"FC2":{"t":"PA46"},"FC3":{"t":"PA46"},"FC5":{"t":"PA15"},"FC8":{"t":"PA46"},"FC9":{"t":"PA12"},"FCD":{"t":"C82T"},"FCE":{"t":"P28A"},"FD0":{"t":"BALL"},"FD3":{"t":"P28A"},"FD7":{"t":"P28A"},"FD8":{"desc":"L1J"},"FDC":{"t":"TAYB"},"FDD":{"t":"P28A"},"FDE":{"t":"P32R"},"FDF":{"t":"TAYB"},"FE1":{"desc":"L1P","t":"ULAC"},"FE2":{"t":"C170"},"FE3":{"t":"CH7A"},"FE5":{"t":"CH7A"},"FE9":{"t":"P28A"},"FEA":{"t":"GLID"},"FEB":{"t":"C172"},"FED":{"t":"C195"},"FEE":{"t":"PA23"},"FEF":{"desc":"L1P"},"FF0":{"t":"C82R"},"FF2":{"t":"P28A"},"FF5":{"t":"BE55"},"FF7":{"t":"PA12"},"FF9":{"t":"TAYB"},"FFA":{"t":"P28R"},"FFB":{"t":"TAYB"},"FFC":{"desc":"L1P"}}