{"000":{"t":"ST75"},"002":{"t":"TAYB"},"003":{"desc":"L1P"},"006":{"t":"CH7A"},"00B":{"t":"M20P"},"00D":{"desc":"L1P"},"00F":{"t":"BE36"},"010":{"t":"P28A"},"011":{"t":"PA23"},"012":{"t":"C172"},"016":{"t":"P28A"},"017":{"t":"C195"},"019":{"t":"P28R"},"01B":{"t":"PA18"},"01C":{"t":"TAYB"},"01D":{"t":"TAYB"},"01E":{"t":"P28A"},"01F":{"t":"TAYB"},"022":{"t":"TAYB"},"025":{"t":"TAYB"},"028":{"t":"P32R"},"029":{"t":"CH7A"},"02B":{"t":"CH7A"},"02C":{"t":"P28A"},"02E":{"t":"PA15"},"02F":{"desc":"L1P"},"032":{"t":"PA12"},"034":{"t":"PA46"},"035":{"t":"P32R"},"036":{"t":"PA46"},"038":{"t":"P28A"},"03A":{"t":"C195"},"03B":{"t":"BE58"},"03E":{"t":"PA18"},"03F":{"t":"TAYB"},"040":{"t":"P28A"},"041":{"t":"TAYB"},"042":{"t":"P28A"},"043":{"t":"TAYB"},"044":{"t":"P28A"},"045":{"t":"P28A"},"047":{"desc":"L1P"},"049":{"desc":"L1P","t":"ULAC"},"04A":{"t":"PA46"},"04B":{"t":"TAYD"},"04D":{"desc":"S2T"},"050":{"desc":"L1P"},"051":{"t":"P28A"},"052":{"t":"P28A"},"056":{"t":"ULAC"},"058":{"t":"C172"},"059":{"t":"BE33"},"05A":{"t":"PA32"},"05B":{"t":"P28A"},"05D":{"t":"P28B"},"05E":{"t":"BE35"},"060":{"desc":"L1P"},"061":{"t":"PA18"},"063":{"t":"P28S"},"066":{"t":"P28S"},"067":{"t":"P32R"},"06A":{"t":"TAYB"},"06D":{"t":"PA46"},"06E":{"t":"C170"},"06F":{"t":"CH7A"},"070":{"desc":"L1P"},"071":{"t":"AR11"},"073":{"t":"B58T"},"074":{"t":"PA17"},"076":{"t":"NAVI"},"078":{"t":"PA12"},"07A":{"t":"P28A"},"07B":{"t":"C172"},"07C":{"t":"C172"},"07D":{"t":"P28A"},"07E":{"t":"P28A"},"07F":{"t":"R44"},"081":{"t":"P28A"},"082":{"t":"R44"},"085":{"t":"P28A"},"086":{"t":"T6"},"089":{"t":"P28A"},"08C":{"t":"TAYB"},"08E":{"t":"P28A"},"090":{"desc":"L1P","t":"ULAC"},"091":{"t":"P28A"},"094":{"t":"AR11"},"095":{"t":"P28A"},"096":{"desc":"H1P"},"09A":{"t":"C172"},"09B":{"t":"PA12"},"09C":{"t":"P28A"},"09E":{"t":"C172"},"0A2":{"t":"C150"},"0A6":{"t":"PA18"},"0A7":{"t":"PA18"},"0A9":{"t":"TAYB"},"0AC":{"t":"TAYB"},"0AD":{"t":"TAYB"},"0B0":{"t":"P28A"},"0B4":{"t":"C170"},"0B6":{"t":"P28A"},"0B7":{"t":"AR11"},"0B9":{"desc":"H1P"},"0BA":{"t":"PA15"},"0BB":{"t":"P28A"},"0BE":{"t":"P28A"},"0C1":{"t":"C172"},"0C2":{"t":"C172"},"0C4":{"t":"P28A"},"0C6":{"t":"P28A"},"0CA":{"t":"PA18"},"0CB":{"t":"P28A"},"0CE":{"t":"P28R"},"0CF":{"t":"P28S"},"0D0":{"t":"TAYB"},"0D1":{"t":"PA32"},"0D3":{"t":"P28R"},"0D4":{"t":"TAYB"},"0D7":{"t":"MD83"},"0D8":{"desc":"L1P"},"0D9":{"t":"CH7B"},"0DA":{"t":"C650"},"0DB":{"t":"B06"},"0DD":{"desc":"H4E"},"0E2":{"t":"B789"},"0E3":{"desc":"L2J","t":"A21N"},"0E4":{"t":"C340"},"0EB":{"t":"CRJ2"},"0F0":{"t":"GLID"},"0FC":{"t":"B722"},"109":{"t":"BE9L"},"10A":{"t":"PA44"},"10B":{"t":"PA18"},"10C":{"t":"SR22"},"114":{"t":"EC35"},"118":{"t":"BE20"},"123":{"desc":"L1P"},"125":{"desc":"L1P"},"126":{"t":"R44"},"127":{"desc":"L2T"},"12C":{"desc":"L1T"},"13A":{"t":"CL60"},"145":{"t":"C421"},"14A":{"t":"C172"},"169":{"t":"E545"},"16C":{"t":"P28A"},"178":{"t":"BE36"},"17D":{"desc":"L1P"},"185":{"t":"A139"},"19F":{"desc":"L1P"},"1A1":{"desc":"L1P"},"1A2":{"desc":"L2P"},"1A3":{"desc":"L1P"},"1AC":{"t":"C208"},"1D0":{"t":"DA40"},"1D1":{"t":"AT6T"},"1DB":{"desc":"L1P"},"1E6":{"t":"BE40"},"1EA":{"t":"E145"},"1EB":{"desc":"L1P"},"1F0":{"desc":"L1J"},"1FB":{"desc":"L1P"},"21B":{"t":"CJ6"},"21C":{"t":"PA44"},"21E":{"t":"SR22"},"223":{"t":"B407"},"226":{"desc":"L1P"},"227":{"desc":"A1P"},"235":{"t":"GLID"},"245":{"t":"E55P"},"24A":{"t":"DH8D"},"24D":{"t":"BALL"},"256":{"t":"AT5T"},"259":{"t":"P28A"},"25A":{"desc":"L1P","t":"ULAC"},"261":{"t":"LJ45"},"267":{"t":"C182"},"269":{"t":"C172"},"26F":{"t":"FA20"},"271":{"t":"P28A"},"274":{"t":"C25B"},"276":{"t":"SR22"},"277":{"desc":"L1P"},"27B":{"t":"CRJ2"},"27F":{"t":"BE35"},"280":{"t":"C25C"},"282":{"t":"BALL"},"299":{"t":"A320"},"2A6":{"t":"B752"},"2A9":{"t":"B734"},"2B4":{"desc":"H1T"},"2CA":{"desc":"L1P"},"2D0":{"desc":"L1P"},"2D7":{"t":"B737"},"2DA":{"t":"H25B"},"2DB":{"t":"ULAC"},"2F3":{"desc":"L1P"},"2FC":{"desc":"L1P"},"312":{"t":"E75L"},"330":{"t":"C170"},"331":{"t":"PA46"},"332":{"t":"PA46"},"336":{"t":"PA15"},"339":{"t":"P28B"},"33A":{"t":"PA12"},"33B":{"t":"C195"},"33F":{"t":"PA46"},"343":{"t":"BE58"},"344":{"t":"P28A"},"345":{"t":"B350"},"346":{"t":"PA18"},"347":{"t":"P28A"},"348":{"t":"P28A"},"349":{"t":"P28A"},"34A":{"t":"TAYB"},"34B":{"desc":"L1P"},"34D":{"t":"PA18"},"34E":{"t":"TAYB"},"34F":{"t":"P28A"},"351":{"desc":"L1P"},"352":{"t":"PA18"},"353":{"t":"C170"},"357":{"t":"P28A"},"358":{"desc":"L1P","t":"ULAC"},"359":{"t":"PA15"},"35A":{"t":"P28A"},"35C":{"t":"P28A"},"35F":{"t":"PA23"},"360":{"t":"C172"},"361":{"t":"C172"},"362":{"t":"P28A"},"363":{"desc":"L1P"},"369":{"desc":"L1P"},"36A":{"t":"P28A"},"36C":{"t":"P28A"},"36D":{"t":"P28A"},"36E":{"t":"TAYB"},"36F":{"t":"TAYB"},"371":{"t":"P28R"},"372":{"t":"TAYB"},"373":{"t":"TAYB"},"375":{"t":"ULAC"},"376":{"t":"C170"},"377":{"t":"CH7A"},"37C":{"t":"PA15"},"37D":{"t":"P28A"},"37E":{"t":"NAVI"},"37F":{"t":"C172"},"382":{"desc":"H1P"},"383":{"t":"C172"},"384":{"t":"C172"},"385":{"t":"PA32"},"386":{"t":"P28A"},"387":{"t":"C150"},"38A":{"t":"P28R"},"38C":{"t":"PA18"},"38F":{"desc":"L1P"},"392":{"t":"TAYB"},"393":{"t":"T6"},"394":{"t":"TAYB"},"399":{"t":"P28B"},"39A":{"t":"CH7A"},"39B":{"t":"P32R"},"39C":{"t":"AR11"},"39D":{"t":"P28A"},"39F":{"t":"PA15"},"3A1":{"t":"NAVI"},"3A2":{"t":"C172"},"3A6":{"t":"C172"},"3AB":{"t":"C195"},"3AE":{"t":"ULAC"},"3AF":{"t":"PA18"},"3B0":{"t":"TAYB"},"3B1":{"t":"TAYB"},"3B2":{"t":"ERCO"},"3B4":{"desc":"L1P"},"3B5":{"t":"TAYB"},"3B6":{"t":"P28A"},"3B7":{"t":"TAYB"},"3B8":{"t":"PA27"},"3B9":{"t":"P28A"},"3BB":{"t":"PA18"},"3BC":{"t":"C170"},"3BD":{"desc":"A1P"},"3C0":{"t":"P28A"},"3C2":{"t":"PA15"},"3C3":{"t":"P28A"},"3C4":{"t":"C180"},"3C9":{"t":"C172"},"3CA":{"t":"C172"},"3CB":{"t":"P32R"},"3CC":{"t":"PA46"},"3CD":{"t":"C150"},"3CE":{"t":"C195"},"3CF":{"t":"BE36"},"3D0":{"t":"PA32"},"3D2":{"t":"PA18"},"3D6":{"t":"P28A"},"3DB":{"t":"P28S"},"3DC":{"t":"TAYB"},"3DF":{"t":"C170"},"3E0":{"desc":"L1P"},"3E3":{"t":"P32R"},"3E4":{"t":"P28A"},"3E5":{"t":"ULAC"},"3E6":{"t":"ULAC"},"3E9":{"t":"P28A"},"3EA":{"t":"C195"},"3EC":{"t":"C172"},"3ED":{"t":"C172"},"3F2":{"t":"P28A"},"3F4":{"t":"PA25"},"3F5":{"t":"PA18"},"3FA":{"t":"TAYB"},"3FB":{"t":"TAYB"},"3FF":{"t":"TAYB"},"401":{"t":"PA18"},"402":{"t":"P32R"},"408":{"t":"PA15"},"409":{"t":"P28A"},"40A":{"t":"NAVI"},"40B":{"desc":"L1P"},"40C":{"t":"P28A"},"40D":{"t":"PA46"},"40E":{"t":"P28B"},"410":{"t":"C172"},"412":{"t":"P28A"},"414":{"t":"C195"},"415":{"t":"R44"},"417":{"t":"PA25"},"418":{"t":"PA18"},"419":{"t":"C172"},"41C":{"t":"TAYB"},"41D":{"t":"TAYB"},"423":{"t":"GLF4"},"424":{"desc":"S1P","t":"PA18"},"425":{"t":"C170"},"426":{"t":"CH7A"},"427":{"t":"PA46"},"428":{"t":"PA38"},"42A":{"t":"ULAC"},"42C":{"t":"P28A"},"42D":{"t":"NAVI"},"42E":{"t":"P32R"},"42F":{"t":"PA12"},"431":{"t":"PA23"},"432":{"t":"C172"},"435":{"t":"P28A"},"436":{"t":"C150"},"438":{"t":"M20T"},"43B":{"t":"PA18"},"43E":{"desc":"L4P"},"43F":{"t":"TAYB"},"440":{"t":"TAYB"},"441":{"desc":"L1T","t":"G164"},"442":{"t":"TAYB"},"443":{"t":"J3"},"447":{"t":"PA18"},"448":{"t":"C170"},"449":{"t":"P28A"},"44A":{"desc":"L1P"},"44B":{"t":"AR11"},"44F":{"t":"P28A"},"452":{"t":"PA46"},"456":{"t":"C172"},"458":{"t":"P28A"},"45A":{"t":"C195"},"45B":{"t":"BE35"},"45E":{"t":"PA18"},"45F":{"t":"TAYB"},"460":{"desc":"L1P","t":"ULAC"},"461":{"t":"ULAC"},"462":{"desc":"H1P"},"463":{"t":"T6"},"464":{"t":"P28A"},"466":{"t":"TAYB"},"468":{"desc":"L1P"},"46B":{"t":"C170"},"46D":{"t":"PA46"},"46F":{"t":"P28A"},"473":{"t":"NAVI"},"474":{"t":"C172"},"478":{"t":"C172"},"47B":{"t":"P28A"},"47C":{"t":"C150"},"47D":{"t":"P28A"},"47F":{"t":"P28R"},"481":{"t":"PA18"},"482":{"t":"TAYB"},"484":{"t":"TAYB"},"485":{"t":"TAYB"},"486":{"t":"TAYB"},"48A":{"t":"TAYB"},"48B":{"t":"P28A"},"48C":{"desc":"L1P"},"48D":{"t":"DV20"},"490":{"t":"CH7B"},"499":{"desc":"L1P"},"49A":{"desc":"L2J","t":"A21N"},"49E":{"t":"GLID"},"49F":{"t":"L39"},"4A2":{"t":"CRJ2"},"4A5":{"t":"ULAC"},"4A6":{"t":"BE35"},"4A7":{"desc":"A1P","t":"ULAC"},"4C0":{"t":"DA40"},"4C2":{"desc":"L1P"},"4C4":{"t":"C172"},"4C7":{"t":"RV12"},"4CB":{"t":"PC12"},"4CD":{"t":"C182"},"4D0":{"t":"C182"},"4DB":{"t":"T210"},"4DE":{"desc":"L2T"},"4E0":{"t":"L39"},"4E1":{"desc":"L1P"},"4E4":{"desc":"L1P"},"4E9":{"desc":"L1P"},"4F3":{"desc":"L1P"},"501":{"t":"C172"},"502":{"t":"C182"},"506":{"t":"FA62"},"513":{"t":"SIRA"},"514":{"desc":"L1P"},"520":{"t":"E545"},"53C":{"t":"A139"},"54A":{"t":"R44"},"555":{"desc":"L1P"},"57C":{"t":"ULAC"},"595":{"t":"C172"},"5A0":{"desc":"L1P"},"5A1":{"t":"BL8"},"5A3":{"t":"HUSK"},"5A9":{"t":"RV12"},"5AB":{"desc":"L1J"},"5B2":{"desc":"L1T"},"5BA":{"desc":"L4T"},"5C3":{"t":"SR22"},"5D3":{"desc":"H6E"},"5D8":{"t":"E55P"},"5DA":{"t":"B407"},"5E3":{"t":"AT5T"},"5E4":{"t":"PA34"},"5E7":{"t":"BE9L"},"5FC":{"t":"E55P"},"601":{"t":"DH8D"},"605":{"desc":"L2T"},"606":{"desc":"L1P"},"612":{"desc":"L1P"},"614":{"t":"BE35"},"615":{"t":"L39"},"618":{"desc":"L1P"},"61E":{"desc":"L1P","t":"ULAC"},"620":{"desc":"L1P","t":"ULAC"},"622":{"desc":"L1P"},"623":{"t":"M20P"},"629":{"desc":"A1P","t":"ULAC"},"62B":{"desc":"L1P"},"632":{"t":"CRJ2"},"636":{"t":"BE33"},"637":{"desc":"L1P","t":"ULAC"},"639":{"t":"RV12"},"64B":{"desc":"H6E"},"650":{"t":"A320"},"65D":{"t":"B752"},"668":{"desc":"L1P"},"681":{"desc":"L1P"},"682":{"t":"BE9L"},"684":{"t":"PC12"},"68E":{"t":"B737"},"696":{"t":"WW24"},"6B4":{"desc":"L1P"},"6C9":{"t":"E75L"},"6E8":{"t":"CH7A"},"6EE":{"t":"P28A"},"6EF":{"t":"NAVI"},"6F0":{"t":"C172"},"6F4":{"t":"C172"},"6F5":{"t":"C172"},"6F6":{"t":"P28A"},"6F9":{"t":"C172"},"6FA":{"t":"P32R"},"6FD":{"t":"PA18"},"6FF":{"t":"TAYB"},"702":{"desc":"L1P"},"703":{"desc":"H1P"},"707":{"t":"TAYB"},"70C":{"desc":"L1P"},"70D":{"t":"PA46"},"70E":{"t":"P28A"},"711":{"t":"P28A"},"713":{"t":"C172"},"715":{"t":"C195"},"717":{"t":"C172"},"718":{"t":"C172"},"719":{"desc":"A1P"},"71D":{"t":"UH1"},"71E":{"t":"P28A"},"720":{"t":"PA18"},"722":{"t":"PA46"},"724":{"t":"TAYB"},"726":{"t":"TAYB"},"727":{"t":"TAYB"},"72C":{"t":"PA18"},"72D":{"t":"C170"},"72E":{"t":"CH7A"},"734":{"t":"P28A"},"73A":{"t":"C172"},"73C":{"t":"BALL"},"73E":{"t":"BALL"},"73F":{"t":"C195"},"740":{"t":"R44"},"741":{"t":"P28A"},"744":{"t":"TAYB"},"745":{"desc":"H1P"},"74B":{"t":"BE18"},"74C":{"t":"TAYB"},"74D":{"t":"GLID"},"74E":{"desc":"L1P"},"74F":{"t":"BE33"},"751":{"t":"CH7A"},"754":{"t":"P28A"},"755":{"desc":"L1P","t":"ULAC"},"756":{"desc":"L1P"},"75D":{"t":"C172"},"75E":{"t":"C172"},"760":{"t":"P28R"},"761":{"t":"C150"},"764":{"t":"P28R"},"766":{"t":"PA18"},"769":{"desc":"L1P"},"76A":{"t":"TAYB"},"76B":{"t":"TAYB"},"76C":{"t":"TAYB"},"76E":{"t":"TAYB"},"774":{"t":"CH7A"},"776":{"t":"BALL"},"777":{"t":"P28A"},"779":{"t":"M20P"},"77A":{"desc":"L1P","t":"ULAC"},"77B":{"t":"NAVI"},"77C":{"t":"C172"},"77D":{"t":"PA12"},"77E":{"t":"C195"},"77F":{"t":"PA23"},"780":{"t":"C172"},"782":{"desc":"L1P"},"783":{"t":"PA32"},"784":{"t":"C150"},"786":{"t":"BE58"},"787":{"t":"BALL"},"78A":{"t":"TAYB"},"791":{"desc":"G1P","t":"GYRO"},"792":{"t":"P28A"},"795":{"t":"PA18"},"798":{"t":"R44"},"79C":{"t":"M20P"},"79D":{"t":"P28A"},"79F":{"t":"BALL"},"7A0":{"t":"PA12"},"7A1":{"t":"C195"},"7A2":{"t":"PA23"},"7A7":{"t":"C150"},"7A8":{"t":"C195"},"7A9":{"t":"C208"},"7AE":{"t":"TAYB"},"7B1":{"t":"P28A"},"7B2":{"t":"TAYB"},"7B3":{"t":"P28A"},"7B4":{"t":"P28A"},"7B6":{"t":"P28A"},"7B8":{"t":"PA18"},"7B9":{"t":"C170"},"7BB":{"desc":"L1T","t":"C182"},"7BC":{"t":"CH7A"},"7C0":{"t":"P28A"},"7C2":{"t":"C172"},"7C6":{"t":"C172"},"7CA":{"t":"C150"},"7CD":{"t":"PA34"},"7CF":{"t":"PA18"},"7D1":{"t":"TAYB"},"7D3":{"t":"TAYB"},"7D4":{"t":"TAYB"},"7D6":{"t":"P28R"},"7D7":{"t":"P28R"},"7D8":{"t":"TAYB"},"7DD":{"t":"CH7A"},"7DF":{"t":"CH7A"},"7E1":{"t":"ULAC"},"7E3":{"t":"P28A"},"7E9":{"t":"C172"},"7EA":{"t":"C172"},"7EB":{"t":"AT3P"},"7EE":{"t":"BALL"},"7F0":{"t":"P28A"},"7F3":{"t":"P28S"},"7F5":{"t":"TAYB"},"7F8":{"desc":"L1P"},"7FA":{"t":"P32R"},"7FB":{"t":"TAYB"},"7FE":{"t":"PA18"},"7FF":{"t":"C170"},"800":{"t":"CH7A"},"808":{"t":"C172"},"80A":{"t":"C195"},"80D":{"t":"C172"},"811":{"t":"BALL"},"814":{"t":"ULAC"},"815":{"t":"PA18"},"816":{"t":"TAYB"},"817":{"desc":"L1P"},"819":{"t":"P28A"},"81A":{"t":"P28A"},"81C":{"t":"ULAC"},"822":{"t":"C170"},"823":{"t":"CH7A"},"828":{"t":"PA15"},"82B":{"t":"C172"},"82C":{"t":"PA12"},"82D":{"desc":"L1P"},"82E":{"t":"PA23"},"82F":{"t":"C172"},"833":{"desc":"L1P"},"836":{"t":"P28A"},"838":{"t":"PA18"},"83B":{"t":"TAYB"},"83C":{"desc":"L1P"},"83D":{"t":"P28S"},"841":{"t":"PA32"},"845":{"t":"GLID"},"846":{"t":"M20P"},"847":{"t":"PA31"},"848":{"desc":"L1P"},"849":{"t":"PA34"},"84A":{"t":"MU2"},"84B":{"t":"C188"},"84C":{"desc":"L1T","t":"SS2P"},"84D":{"t":"PA38"},"84E":{"t":"AEST"},"84F":{"desc":"G1P"},"857":{"t":"GLID"},"858":{"t":"BALL"},"859":{"t":"BE35"},"85B":{"t":"P28R"},"85C":{"desc":"L1P"},"85E":{"t":"PA38"},"860":{"t":"B06"},"861":{"desc":"L1P"},"863":{"desc":"L1P"},"864":{"desc":"G1P"},"867":{"desc":"L1P"},"868":{"t":"C172"},"869":{"t":"C120"},"86E":{"t":"S108"},"86F":{"t":"GLID"},"871":{"t":"GLID"},"872":{"desc":"L1P"},"873":{"t":"GLID"},"874":{"t":"BE20"},"875":{"t":"FDCT"},"876":{"t":"P210"},"877":{"t":"C82R"},"879":{"t":"C182"},"87A":{"t":"C56X"},"87B":{"t":"GLF4"},"87C":{"t":"C210"},"87D":{"t":"M20T"},"87E":{"desc":"A2P"},"880":{"t":"C525"},"882":{"t":"BE35"},"883":{"desc":"A1P"},"888":{"t":"S22T"},"889":{"t":"C172"},"88D":{"t":"BE55"},"88E":{"desc":"L1P"},"88F":{"t":"J3"},"890":{"t":"BE36"},"891":{"t":"BE35"},"892":{"t":"BE55"},"894":{"t":"SF50"},"895":{"desc":"L1P"},"896":{"desc":"L1P"},"897":{"t":"C120"},"899":{"desc":"L1P"},"89A":{"t":"BE35"},"89B":{"t":"C172"},"89D":{"t":"C310"},"89E":{"t":"R44"},"89F":{"t":"C182"},"8A0":{"t":"EC55"},"8A1":{"t":"C510"},"8A3":{"desc":"L1P"},"8A6":{"t":"GLID"},"8A7":{"t":"PA32"},"8A8":{"t":"PA12"},"8AB":{"t":"T210"},"8AD":{"t":"T210"},"8AF":{"desc":"L1P","t":"F900"},"8B1":{"t":"SR20"},"8B2":{"t":"R44"},"8B4":{"t":"S22T"},"8B5":{"t":"SR20"},"8B6":{"t":"BALL"},"8B8":{"desc":"H1P"},"8B9":{"desc":"L1P"},"8BC":{"desc":"L1P","t":"ULAC"},"8BD":{"desc":"L1P"},"8C2":{"t":"C207"},"8C3":{"t":"C25B"},"8C4":{"t":"CH7A"},"8C5":{"t":"PA23"},"8C6":{"t":"R44"},"8C7":{"t":"GLID"},"8C8":{"t":"R44"},"8C9":{"desc":"L1P"},"8CA":{"t":"C25C"},"8CB":{"desc":"L1P"},"8CD":{"desc":"L1P"},"8CF":{"t":"B14A"},"8D1":{"t":"C550"},"8D2":{"desc":"L1P","t":"LA4"},"8D3":{"t":"P28A"},"8D6":{"desc":"L1P"},"8DA":{"t":"BE17"},"8DB":{"t":"C414"},"8DC":{"desc":"L1T"},"8DE":{"desc":"L1P"},"8E0":{"t":"C560"},"8E1":{"desc":"L1P"},"8E2":{"desc":"L2P"},"8E3":{"t":"GLF4"},"8E4":{"t":"BE9L"},"8E6":{"t":"BE17"},"8E7":{"t":"BE33"},"8E8":{"t":"BE9L"},"8EA":{"t":"PA31"},"8EB":{"t":"R44"},"8EC":{"t":"C56X"},"8EE":{"t":"GLF4"},"8EF":{"t":"PA46"},"8F0":{"t":"GLEX"},"8F4":{"t":"PA46"},"8F5":{"t":"GLF3"},"8F6":{"t":"B407"},"8F7":{"t":"R44"},"8FA":{"t":"R44"},"8FB":{"t":"DA40"},"8FD":{"t":"BL8"},"8FF":{"t":"PA30"},"900":{"t":"R44"},"901":{"t":"BE9L"},"902":{"desc":"A2P"},"903":{"t":"T210"},"906":{"t":"HUSK"},"907":{"t":"PTS2"},"909":{"t":"B407"},"90A":{"t":"HUSK"},"90B":{"t":"GLID"},"90C":{"desc":"L1P"},"90D":{"t":"PA32"},"90F":{"t":"F2TH"},"911":{"desc":"L1P"},"912":{"t":"C182"},"913":{"t":"C182"},"914":{"t":"SR22"},"916":{"t":"BE33"},"917":{"desc":"L1P"},"91A":{"t":"ST75"},"91C":{"desc":"L1P"},"91D":{"desc":"L1P"},"91F":{"t":"R44"},"920":{"desc":"H1P"},"922":{"desc":"L1P"},"923":{"t":"PA32"},"924":{"desc":"L1P"},"926":{"t":"BE20"},"927":{"desc":"L1P"},"928":{"t":"SR22"},"929":{"t":"P28R"},"92A":{"desc":"L2P"},"92B":{"t":"C421"},"92C":{"t":"M7"},"92E":{"t":"GLF6"},"930":{"desc":"L1P"},"933":{"t":"C172"},"935":{"t":"BT36"},"936":{"t":"SF34"},"939":{"t":"R44"},"93A":{"desc":"L1P"},"93C":{"t":"R44"},"93E":{"desc":"L1T"},"940":{"t":"C337"},"941":{"t":"F900"},"943":{"t":"HUSK"},"944":{"desc":"L1P"},"945":{"t":"LJ45"},"946":{"desc":"L1P"},"948":{"t":"C172"},"94A":{"t":"C182"},"94B":{"t":"R44"},"94E":{"desc":"L1P"},"94F":{"t":"SF50"},"950":{"desc":"L1P"},"951":{"t":"C182"},"952":{"t":"C560"},"953":{"t":"C172"},"955":{"desc":"L1P"},"956":{"desc":"L1P"},"957":{"t":"G280"},"958":{"desc":"L2P"},"959":{"t":"H25B"},"95A":{"desc":"H8E"},"95E":{"t":"GLID"},"95F":{"t":"AC11"},"961":{"t":"C501"},"962":{"desc":"L1P"},"963":{"desc":"L2J"},"964":{"desc":"L1P"},"965":{"t":"BE55"},"966":{"t":"C650"},"967":{"t":"BE20"},"969":{"t":"T34P"},"96D":{"t":"MU2"},"973":{"t":"AC90"},"975":{"t":"C414"},"976":{"t":"HUSK"},"978":{"t":"R44"},"97A":{"t":"BE55"},"97E":{"t":"AC11"},"97F":{"t":"R44"},"981":{"t":"M20P"},"982":{"t":"T210"},"989":{"t":"C172"},"98A":{"t":"R44"},"98B":{"t":"BE35"},"98C":{"t":"PA24"},"98D":{"desc":"L1P"},"98E":{"t":"BE35"},"98F":{"t":"P28A"},"990":{"desc":"L1P"},"991":{"desc":"L1P"},"992":{"desc":"L1P"},"993":{"desc":"L1P"},"995":{"t":"PA22"},"997":{"t":"PA22"},"999":{"t":"C750"},"99B":{"t":"PA27"},"99C":{"desc":"L1P"},"99D":{"desc":"L1P"},"99E":{"t":"P28A"},"99F":{"desc":"L1P"},"9A0":{"t":"C172"},"9A1":{"t":"M20P"},"9A2":{"desc":"L1P"},"9A3":{"t":"R44"},"9A9":{"t":"S22T"},"9B1":{"t":"PTS2"},"9BC":{"t":"BE55"},"9BD":{"t":"C182"},"9BE":{"t":"C172"},"9C4":{"t":"BALL"},"9C5":{"t":"PA34"},"9C6":{"t":"PA31"},"9C7":{"t":"LJ60"},"9C8":{"desc":"L1P"},"9C9":{"t":"C172"},"9CB":{"desc":"L1P"},"9CD":{"t":"PA18"},"9D0":{"t":"GLID"},"9D2":{"t":"SF50"},"9D3":{"t":"GLID"},"9D5":{"t":"B58T"},"9D6":{"t":"BE33"},"9D7":{"t":"C421"},"9D8":{"desc":"L1P"},"9D9":{"desc":"L1P"},"9DA":{"t":"CL60"},"9DB":{"t":"B47G"},"9DC":{"t":"C680"},"9DD":{"desc":"L1P"},"9DE":{"t":"R44"},"9DF":{"t":"GLID"},"9E0":{"t":"P28R"},"9E1":{"t":"ST75"},"9E2":{"t":"BE55"},"9E4":{"desc":"L1P"},"9E5":{"t":"GC1"},"9E6":{"t":"C172"},"9E7":{"desc":"L1P"},"9EA":{"desc":"L1P"},"9EC":{"t":"EN48"},"9EF":{"t":"C182"},"9F0":{"desc":"A1P","t":"PA18"},"9F1":{"desc":"L1P"},"9F2":{"t":"BE36"},"9F3":{"t":"ST75"},"9F4":{"t":"R44"},"9F6":{"desc":"L1P"},"9F8":{"t":"BL17"},"9F9":{"t":"TBM7"},"9FA":{"desc":"L1P"},"9FD":{"desc":"A1P"},"9FE":{"t":"M20P"},"A00":{"t":"C185"},"A04":{"desc":"L1P"},"A06":{"t":"BE20"},"A07":{"t":"CL60"},"A08":{"t":"R44"},"A0A":{"t":"C172"},"A0D":{"t":"M7"},"A0E":{"t":"R22"},"A10":{"t":"R44"},"A13":{"t":"H25B"},"A14":{"t":"GLID"},"A17":{"t":"BE20"},"A1F":{"t":"DC3"},"A20":{"t":"RV12"},"A21":{"t":"BE33"},"A25":{"desc":"L1P"},"A26":{"desc":"L1P"},"A27":{"t":"GLID"},"A28":{"desc":"L1P"},"A29":{"t":"C310"},"A2A":{"desc":"L1P"},"A2B":{"desc":"L1P"},"A2D":{"t":"F900"},"A2F":{"desc":"L2T"},"A30":{"t":"C525"},"A31":{"t":"RV6"},"A32":{"t":"SR20"},"A33":{"t":"P28A"},"A34":{"desc":"A2P"},"A36":{"desc":"L1P"},"A37":{"t":"ULAC"},"A38":{"t":"BE60"},"A3A":{"t":"C152"},"A3B":{"desc":"L1P"},"A3C":{"t":"PA30"},"A3D":{"desc":"L1P"},"A3E":{"t":"SR22"},"A3F":{"t":"GLEX"},"A41":{"desc":"L1P"},"A42":{"desc":"L1P"},"A44":{"t":"PA18"},"A45":{"t":"TBM7"},"A46":{"desc":"L1P"},"A48":{"desc":"L1P"},"A49":{"desc":"L1T","t":"C182"},"A4A":{"desc":"L1P"},"A4D":{"t":"SR22"},"A4E":{"t":"SR22"},"A4F":{"desc":"L1P"},"A50":{"desc":"L1P"},"A53":{"t":"R44"},"A54":{"t":"R44"},"A55":{"desc":"L1P"},"A56":{"desc":"L1P"},"A57":{"t":"BE55"},"A59":{"t":"R44"},"A5A":{"t":"B58T"},"A5C":{"t":"R44"},"A5D":{"desc":"L1P"},"A5F":{"t":"C172"},"A63":{"desc":"L1P"},"A67":{"t":"AEST"},"A6A":{"t":"T34P"},"A6B":{"t":"R44"},"A6E":{"t":"R44"},"A71":{"desc":"L1P"},"A72":{"desc":"L1P"},"A74":{"t":"YK52"},"A77":{"t":"R44"},"A78":{"t":"SR20"},"A7C":{"desc":"L1P"},"A7D":{"desc":"L1P"},"A81":{"t":"PA18"},"A82":{"desc":"L1P"},"A86":{"desc":"L1P"},"A89":{"t":"GLF4"},"A8B":{"t":"GLID"},"A8F":{"t":"BE36"},"A91":{"desc":"L1P","t":"ULAC"},"A95":{"t":"M20P"},"A98":{"t":"BL8"},"A9C":{"desc":"A2P"},"A9E":{"t":"P28A"},"A9F":{"t":"ULAC"},"AA0":{"t":"CH7A"},"AA2":{"t":"B06"},"AA3":{"t":"E550"},"AA6":{"t":"P28A"},"AA7":{"t":"R44"},"AAA":{"desc":"L2J","t":"A21N"},"AAB":{"t":"PA31"},"AAE":{"t":"B739"},"AAF":{"desc":"L1T"},"AB2":{"t":"CRJ2"},"AB7":{"t":"AEST"},"AB8":{"desc":"L1P"},"AB9":{"t":"PC12"},"ABB":{"desc":"L2P"},"ABC":{"t":"P28A"},"ABE":{"t":"GLID"},"AC0":{"t":"BALL"},"AC1":{"t":"BE58"},"AC4":{"t":"R44"},"AC7":{"desc":"L1P"},"AC8":{"desc":"L1P"},"ACA":{"t":"C525"},"AD0":{"t":"PAY3"},"AD3":{"t":"SR22"},"AD7":{"desc":"L1P"},"AD9":{"t":"BE55"},"ADA":{"t":"SF34"},"ADD":{"t":"BE60"},"ADF":{"t":"J3"},"AE1":{"t":"BE40"},"AE8":{"t":"BE35"},"AEA":{"desc":"L1P"},"AEE":{"desc":"L2T"},"AF2":{"t":"R44"},"AF4":{"t":"PA34"},"AF8":{"t":"R44"},"AFA":{"desc":"L1P"},"AFD":{"desc":"L1P"},"B00":{"t":"R44"},"B01":{"desc":"L1P"},"B06":{"t":"SR22"},"B09":{"t":"C441"},"B11":{"t":"C172"},"B13":{"t":"G164"},"B19":{"desc":"L1P"},"B1A":{"t":"HUSK"},"B1B":{"t":"C172"},"B2C":{"t":"P28A"},"B30":{"t":"E545"},"B33":{"t":"BE35"},"B36":{"desc":"L1P","t":"PA44"},"B41":{"t":"F900"},"B45":{"t":"PA46"},"B48":{"desc":"A2P"},"B4D":{"t":"LJ60"},"B4E":{"t":"HA4T"},"B5A":{"desc":"A1P"},"B61":{"desc":"L1P"},"B65":{"desc":"L2J"},"B67":{"t":"C421"},"B69":{"desc":"L1P"},"B6E":{"t":"LJ45"},"B73":{"t":"DA40"},"B75":{"t":"BE40"},"B77":{"t":"BE20"},"B7E":{"desc":"L1P"},"B80":{"t":"R44"},"B81":{"t":"BE40"},"B8A":{"t":"PC12"},"B97":{"desc":"L1P"},"B98":{"t":"BE35"},"BA0":{"t":"C421"},"BA2":{"t":"BE23"},"BA4":{"t":"BE40"},"BAB":{"t":"B737"},"BAC":{"desc":"L1P"},"BB1":{"t":"SF50"},"BB3":{"t":"LJ60"},"BB4":{"t":"BALL"},"BB7":{"t":"T206"},"BBA":{"t":"PA44"},"BBB":{"t":"C56X"},"BC6":{"t":"HUSK"},"BC9":{"desc":"L1P"},"BCD":{"t":"P28A"},"BD9":{"t":"UH12"},"BDF":{"desc":"H8E"},"BE2":{"t":"BE9T"},"BE3":{"t":"PA44"},"BE7":{"desc":"L1P"},"BEA":{"t":"B407"},"BEB":{"desc":"L2J"},"BF8":{"desc":"H4E"},"BFB":{"t":"BE35"},"C0C":{"t":"GLF4"},"C11":{"t":"DH8D"},"C14":{"t":"BE24"},"C15":{"desc":"L2T"},"C17":{"t":"BE40"},"C18":{"desc":"L2J"},"C1C":{"t":"R44"},"C24":{"t":"PT22"},"C25":{"desc":"L1P"},"C28":{"desc":"L1P"},"C29":{"t":"SR22"},"C2D":{"t":"C550"},"C2F":{"t":"BALL"},"C30":{"t":"ULAC"},"C33":{"t":"EC45"},"C35":{"t":"R44"},"C37":{"desc":"A1P"},"C3A":{"desc":"L1P"},"C3B":{"t":"C172"},"C3E":{"desc":"L1P"},"C40":{"t":"BE36"},"C42":{"t":"CRJ2"},"C43":{"desc":"L1P","t":"ULAC"},"C46":{"t":"BE33"},"C49":{"t":"GLF4"},"C4D":{"t":"B47G"},"C4E":{"t":"GLID"},"C50":{"t":"R44"},"C52":{"t":"COL4"},"C53":{"desc":"L1P"},"C58":{"t":"R44"},"C5B":{"t":"P28A"},"C5C":{"desc":"L1P","t":"ULAC"},"C60":{"t":"A320"},"C6D":{"t":"B752"},"C70":{"t":"B734"},"C79":{"t":"ECHO"},"C7A":{"t":"R44"},"C93":{"t":"RV12"},"C99":{"desc":"L1P"},"C9F":{"t":"H25B"},"CA0":{"t":"GLID"},"CA3":{"desc":"L1P"},"CA6":{"t":"BE20"},"CBC":{"t":"BE40"},"CD9":{"t":"E75L"},"CDC":{"desc":"L1T"},"CE8":{"desc":"L1P"},"CF6":{"t":"P28A"},"CF8":{"t":"C195"},"CF9":{"t":"P28A"},"CFB":{"t":"P28A"},"CFD":{"t":"PA15"},"CFE":{"t":"P28A"},"CFF":{"desc":"L1P"},"D01":{"desc":"L1P"},"D03":{"t":"P28A"},"D04":{"t":"P28A"},"D05":{"t":"C172"},"D06":{"t":"P28A"},"D08":{"t":"C150"},"D0A":{"t":"P28A"},"D0B":{"t":"P28A"},"D0D":{"t":"PA18"},"D0F":{"t":"TAYB"},"D13":{"t":"TAYB"},"D14":{"t":"P28A"},"D15":{"t":"T34P"},"D16":{"t":"TAYB"},"D1A":{"t":"C170"},"D1B":{"t":"C195"},"D1D":{"t":"P28A"},"D1E":{"t":"P28A"},"D1F":{"t":"ULAC"},"D20":{"t":"PA15"},"D21":{"t":"P28A"},"D22":{"t":"P28A"},"D23":{"t":"C172"},"D24":{"t":"PA12"},"D25":{"t":"P28A"},"D26":{"t":"P28A"},"D29":{"t":"AT3P"},"D2A":{"t":"P28R"},"D2B":{"t":"P28A"},"D2C":{"t":"C170"},"D2D":{"t":"P28A"},"D2F":{"t":"BALL"},"D30":{"t":"BALL"},"D33":{"t":"TAYB"},"D34":{"t":"P28A"},"D35":{"t":"P28A"},"D36":{"t":"P28A"},"D38":{"t":"P28A"},"D39":{"t":"ST75"},"D3A":{"t":"TAYB"},"D3C":{"t":"P28A"},"D3D":{"t":"C170"},"D3E":{"t":"C195"},"D40":{"t":"BALL"},"D44":{"t":"C188"},"D46":{"t":"C172"},"D48":{"t":"P28A"},"D4A":{"t":"C172"},"D4B":{"t":"C172"},"D4D":{"t":"P28A"},"D4E":{"t":"P28A"},"D50":{"t":"P28A"},"D51":{"t":"P28A"},"D52":{"t":"PA25"},"D54":{"t":"ULAC"},"D57":{"t":"TAYB"},"D58":{"t":"TAYB"},"D59":{"t":"TAYB"},"D5A":{"desc":"L1P"},"D5B":{"t":"P28A"},"D5D":{"t":"TAYB"},"D5F":{"t":"C340"},"D60":{"t":"C170"},"D61":{"t":"C195"},"D64":{"t":"P28A"},"D66":{"t":"PA15"},"D67":{"t":"P28A"},"D68":{"t":"NAVI"},"D69":{"t":"P28A"},"D6A":{"t":"P28A"},"D6B":{"t":"P28A"},"D6C":{"t":"P28A"},"D6E":{"t":"C172"},"D6F":{"t":"AT3P"},"D70":{"t":"PA32"},"D71":{"desc":"L1P"},"D72":{"t":"C170"},"D73":{"t":"P28A"},"D74":{"t":"P28A"},"D76":{"t":"P28A"},"D7A":{"t":"TAYB"},"D7C":{"t":"TAYB"},"D7D":{"t":"P28A"},"D7E":{"t":"P28A"},"D7F":{"t":"TAYB"},"D80":{"t":"TAYB"},"D81":{"desc":"L1P"},"D82":{"t":"PA22"},"D84":{"t":"ULAC"},"D89":{"desc":"L1P","t":"ULAC"},"D8A":{"t":"P28A"},"D8F":{"t":"P28B"},"D99":{"t":"PA18"},"D9A":{"t":"TAYB"},"D9B":{"t":"TAYB"},"D9E":{"t":"TAYB"},"D9F":{"t":"TAYD"},"DA1":{"t":"TAYB"},"DA2":{"desc":"L1P"},"DA3":{"t":"TAYB"},"DA5":{"t":"BE35"},"DA6":{"t":"C170"},"DA7":{"t":"C195"},"DA8":{"t":"BE35"},"DA9":{"t":"PA44"},"DAC":{"t":"PA15"},"DAD":{"t":"PA44"},"DAE":{"t":"PA44"},"DAF":{"t":"C172"},"DB0":{"desc":"L1P"},"DB1":{"t":"PA44"},"DB3":{"t":"PA44"},"DB4":{"t":"C172"},"DB6":{"t":"P28A"},"DBA":{"t":"P28A"},"DBC":{"t":"PA18"},"DBD":{"t":"TAYB"},"DBE":{"t":"TAYB"},"DC1":{"t":"TAYB"},"DC3":{"t":"TAYB"},"DC4":{"t":"TAYB"},"DC9":{"t":"C170"},"DCF":{"t":"PA15"},"DD1":{"desc":"L1P","t":"ULAC"},"DD3":{"t":"PA12"},"DD7":{"t":"C180"},"DD9":{"t":"P28R"},"DDB":{"t":"C170"},"DE0":{"t":"P28A"},"DE1":{"t":"TAYB"},"DE2":{"desc":"L1P"},"DE4":{"t":"TAYB"},"DE5":{"t":"TAYB"},"DE6":{"t":"P28A"},"DE7":{"t":"TAYB"},"DE8":{"t":"TAYB"},"DEB":{"t":"PA22"},"DEC":{"desc":"L1P"},"DEE":{"t":"BE35"},"DF1":{"desc":"L1P","t":"ULAC"},"DF2":{"t":"PA15"},"DF3":{"t":"P28A"},"DF9":{"t":"C172"},"DFA":{"t":"C185"},"E00":{"t":"P28A"},"E02":{"t":"PA18"},"E04":{"desc":"L1P"},"E05":{"t":"TAYB"},"E07":{"desc":"L1P"},"E09":{"t":"P28A"},"E0E":{"t":"PA22"},"E0F":{"t":"C170"},"E10":{"t":"C195"},"E11":{"t":"BE35"},"E12":{"t":"CH7A"},"E15":{"t":"PA15"},"E16":{"t":"P28A"},"E19":{"t":"PA12"},"E1A":{"t":"ST75"},"E1D":{"t":"BALL"},"E21":{"t":"C170"},"E24":{"desc":"L1P"},"E25":{"t":"PA18"},"E26":{"t":"TAYB"},"E27":{"t":"P28A"},"E28":{"t":"P28A"},"E2B":{"t":"TAYB"},"E2D":{"t":"PA32"},"E30":{"t":"N3N"},"E32":{"t":"C170"},"E38":{"t":"PA15"},"E3C":{"t":"PA12"},"E40":{"t":"C172"},"E43":{"desc":"L1P","t":"ULAC"},"E46":{"t":"P28A"},"E48":{"t":"PA18"},"E49":{"t":"TAYB"},"E4A":{"desc":"L1P","t":"ULAC"},"E4B":{"t":"ULAC"},"E4C":{"desc":"L1P","t":"ULAC"},"E50":{"t":"P28A"},"E51":{"t":"TAYB"},"E52":{"t":"TAYB"},"E54":{"t":"C441"},"E56":{"t":"C441"},"E57":{"t":"CH7B"},"E58":{"t":"C441"},"E59":{"t":"C441"},"E5B":{"t":"C172"},"E5F":{"t":"BE20"},"E60":{"t":"P28A"},"E62":{"t":"R22"},"E63":{"t":"C441"},"E6A":{"t":"B763"},"E6E":{"t":"R44"},"E6F":{"t":"C441"},"E71":{"t":"C441"},"E72":{"desc":"L1P"},"E73":{"t":"C441"},"E74":{"t":"R44"},"E76":{"t":"R44"},"E78":{"t":"C441"},"E7B":{"t":"C56X"},"E7E":{"t":"R44"},"E82":{"t":"C441"},"E86":{"t":"S108"},"E87":{"t":"C172"},"E89":{"t":"C441"},"E8A":{"t":"R44"},"E8C":{"t":"S22T"},"E8E":{"t":"R44"},"E8F":{"t":"C441"},"E90":{"t":"P28R"},"E91":{"desc":"L1P"},"E92":{"t":"P46T"},"E94":{"desc":"L1P"},"E96":{"t":"C425"},"E97":{"t":"COL4"},"E98":{"t":"C441"},"E9B":{"t":"T206"},"E9F":{"t":"C310"},"EA2":{"desc":"L1P","t":"ULAC"},"EA3":{"t":"C441"},"EA4":{"t":"R44"},"EA5":{"desc":"L2T"},"EA7":{"t":"R44"},"EAA":{"t":"C172"},"EAB":{"t":"RV12"},"EAC":{"t":"C441"},"EAD":{"t":"C172"},"EAF":{"t":"R44"},"EB0":{"t":"C441"},"EB1":{"t":"G280"},"EB3":{"t":"C441"},"EB8":{"t":"C441"},"EBA":{"t":"C441"},"EBB":{"t":"C441"},"EBC":{"desc":"L1P"},"EBD":{"t":"C441"},"EC0":{"t":"C441"},"EC2":{"t":"R44"},"EC3":{"desc":"L1P"},"EC4":{"t":"C441"},"EC6":{"t":"LJ45"},"EC8":{"t":"C172"},"ED1":{"t":"C441"},"ED2":{"t":"UH1"},"ED7":{"t":"SF34"},"EDC":{"t":"P28A"},"EDF":{"t":"BE30"},"EE2":{"t":"C441"},"EE7":{"t":"E545"},"EEA":{"t":"C441"},"EEB":{"t":"C441"},"EED":{"t":"GLF5"},"EF1":{"t":"C441"},"EF2":{"t":"ST75"},"EFB":{"t":"R44"},"EFC":{"t":"C680"},"EFF":{"t":"SR22"},"F0A":{"t":"PA44"},"F0E":{"t":"C441"},"F11":{"t":"T206"},"F12":{"t":"R44"},"F14":{"t":"C441"},"F1D":{"desc":"L1P","t":"ULAC"},"F1E":{"t":"L39"},"F1F":{"t":"C441"},"F24":{"desc":"L1P"},"F26":{"t":"C441"},"F28":{"desc":"L1P"},"F2A":{"t":"R44"},"F2E":{"t":"C441"},"F31":{"t":"G280"},"F35":{"desc":"L1P"},"F37":{"t":"C441"},"F41":{"t":"C441"},"F43":{"t":"C441"},"F47":{"t":"R44"},"F4F":{"t":"C441"},"F54":{"desc":"H1T"},"F55":{"t":"GLID"},"F56":{"desc":"L1P"},"F5C":{"desc":"L1P"},"F5F":{"t":"C441"},"F60":{"t":"C441"},"F67":{"t":"C441"},"F68":{"t":"PA44"},"F6A":{"desc":"L2P"},"F6B":{"t":"C441"},"F6C":{"t":"C441"},"F70":{"t":"C441"},"F71":{"t":"C441"},"F74":{"t":"C441"},"F75":{"desc":"L1P"},"F77":{"t":"R44"},"F78":{"desc":"L1P","t":"ULAC"},"F79":{"t":"BALL"},"F7E":{"t":"C441"},"F80":{"t":"C441"},"F81":{"t":"C180"},"F83":{"t":"R44"},"F84":{"t":"C441"},"F86":{"t":"C441"},"F91":{"desc":"L1E"},"F9A":{"desc":"H2T"},"F9C":{"t":"LJ35"},"F9D":{"t":"R44"},"F9E":{"t":"R44"},"F9F":{"t":"R44"},"FA1":{"t":"B407"},"FA2":{"t":"CL60"},"FA5":{"t":"C441"},"FA6":{"t":"C441"},"FA7":{"t":"C441"},"FA9":{"t":"R44"},"FAE":{"t":"C441"},"FB5":{"t":"H25B"},"FB8":{"t":"C172"},"FC3":{"t":"GLF4"},"FC8":{"t":"DH8D"},"FCB":{"t":"C441"},"FCC":{"t":"DA40"},"FCF":{"desc":"L1P"},"FD1":{"t":"PRM1"},"FD3":{"t":"R44"},"FD7":{"t":"T206"},"FD9":{"desc":"L1P"},"FE4":{"t":"C441"},"FE5":{"t":"DA42"},"FE6":{"t":"C441"},"FE7":{"desc":"L1P","t":"ULAC"},"FE8":{"t":"R44"},"FE9":{"desc":"L1P"},"FEB":{"t":"R44"},"FEC":{"desc":"H1P"},"FEE":{"t":"C441"},"FF0":{"t":"C441"},"FF1":{"desc":"L1P"},"FF2":{"t":"C182"},"FF4":{"t":"SR20"},"FF5":{"t":"C150"},"FF9":{"t":"CRJ2"},"FFA":{"t":"C441"},"FFD":{"desc":"L1P"},"FFF":{"t":"R44"}}