{"000":{"desc":"L1P"},"001":{"t":"C441"},"003":{"t":"C441"},"004":{"t":"C441"},"005":{"t":"R44"},"006":{"t":"C182"},"008":{"t":"C441"},"00A":{"t":"C441"},"00B":{"t":"C414"},"00E":{"t":"C172"},"00F":{"t":"C402"},"012":{"t":"R66"},"013":{"t":"R44"},"017":{"t":"A320"},"019":{"t":"C441"},"01A":{"desc":"L1P"},"01F":{"t":"GLID"},"024":{"t":"B752"},"027":{"t":"B734"},"02B":{"desc":"L2J","t":"A21N"},"02F":{"t":"C441"},"037":{"t":"C441"},"03D":{"desc":"L1P"},"04B":{"t":"BE55"},"04C":{"t":"C441"},"04E":{"t":"C441"},"051":{"t":"C441"},"053":{"t":"C441"},"055":{"t":"B737"},"058":{"desc":"L1P"},"059":{"t":"M20P"},"05A":{"t":"C441"},"05D":{"t":"BE33"},"061":{"t":"C441"},"077":{"t":"E55P"},"07A":{"desc":"L1P"},"088":{"desc":"L1P"},"090":{"t":"E75L"},"093":{"t":"DV20"},"0A8":{"t":"CRJ2"},"0AC":{"t":"ST75"},"0AE":{"t":"C170"},"0B0":{"t":"BE35"},"0B1":{"t":"PA18"},"0B5":{"t":"P28A"},"0B7":{"t":"C172"},"0B8":{"t":"PA12"},"0BB":{"t":"C172"},"0BC":{"t":"C172"},"0BE":{"t":"C185"},"0BF":{"desc":"L1P"},"0C0":{"t":"C170"},"0C1":{"t":"ST75"},"0C5":{"t":"TAYB"},"0C6":{"t":"TAYB"},"0C8":{"t":"TAYB"},"0C9":{"t":"P28R"},"0CA":{"t":"P28A"},"0CC":{"t":"P28A"},"0CF":{"t":"C150"},"0D1":{"t":"C170"},"0D4":{"desc":"H6E"},"0D7":{"t":"PA15"},"0D8":{"t":"P28A"},"0D9":{"t":"NAVI"},"0DD":{"t":"PA23"},"0E1":{"t":"C310"},"0E5":{"t":"P28A"},"0E6":{"desc":"L1P"},"0E7":{"t":"PA18"},"0E8":{"desc":"L1P"},"0EC":{"t":"TAYB"},"0F4":{"t":"C170"},"0F7":{"t":"AR11"},"0FB":{"t":"P28A"},"0FE":{"t":"PA12"},"100":{"desc":"L1P"},"101":{"t":"C188"},"10D":{"t":"TAYB"},"10E":{"desc":"L1P"},"10F":{"t":"TAYB"},"110":{"t":"P28A"},"112":{"t":"TAYB"},"116":{"t":"PA22"},"117":{"t":"C170"},"118":{"t":"C190"},"119":{"t":"ST75"},"11D":{"t":"M20P"},"11E":{"t":"P28A"},"121":{"t":"PA12"},"122":{"desc":"L1P"},"126":{"t":"C172"},"128":{"t":"C150"},"129":{"desc":"H1P"},"12D":{"t":"PA18"},"12E":{"t":"PA32"},"130":{"t":"P28A"},"131":{"t":"TAYB"},"132":{"t":"TAYB"},"134":{"desc":"L1P"},"137":{"t":"P28A"},"13A":{"t":"M20T"},"13B":{"t":"C195"},"13F":{"desc":"L1P","t":"ULAC"},"141":{"t":"P28A"},"142":{"t":"NAVI"},"148":{"t":"T206"},"149":{"t":"TAYB"},"14A":{"t":"P28R"},"14C":{"t":"C170"},"14D":{"t":"GLID"},"14E":{"t":"P28A"},"151":{"t":"P28R"},"156":{"desc":"L1P"},"157":{"t":"P28A"},"158":{"t":"PA25"},"159":{"t":"TAYB"},"15B":{"t":"UH12"},"15C":{"t":"PA22"},"15E":{"t":"C195"},"161":{"t":"BE9L"},"162":{"desc":"S1P","t":"ULAC"},"163":{"t":"PA15"},"164":{"desc":"L1P"},"165":{"t":"NAVI"},"166":{"t":"BE10"},"16B":{"t":"C172"},"16D":{"desc":"L1P"},"170":{"t":"LJ35"},"174":{"t":"TAYB"},"176":{"desc":"L1P","t":"ULAC"},"178":{"t":"TAYB"},"17A":{"t":"P28A"},"17B":{"t":"P28R"},"17C":{"t":"TAYB"},"17E":{"desc":"S1P"},"17F":{"t":"PA18"},"185":{"desc":"L1P","t":"ULAC"},"186":{"t":"PA46"},"187":{"t":"P28A"},"188":{"t":"NAVI"},"189":{"t":"C172"},"18C":{"t":"P46T"},"18E":{"t":"ULAC"},"18F":{"t":"GLID"},"190":{"t":"TAYB"},"192":{"t":"C170"},"194":{"t":"PA12"},"195":{"desc":"L1P"},"198":{"t":"TAYB"},"199":{"desc":"L1P"},"19A":{"t":"TAYB"},"19B":{"t":"TAYB"},"19C":{"t":"TAYB"},"19E":{"t":"P28A"},"19F":{"t":"TAYB"},"1A1":{"t":"N3N"},"1A2":{"desc":"L1P"},"1A3":{"desc":"L1P"},"1A6":{"desc":"L1P"},"1A9":{"desc":"L1P"},"1AA":{"t":"P28A"},"1AB":{"t":"NAVI"},"1AD":{"t":"PA12"},"1AE":{"desc":"L1P"},"1AF":{"desc":"L1P"},"1B0":{"desc":"L1P"},"1B1":{"desc":"L1P"},"1B2":{"t":"BE17"},"1B3":{"t":"PA32"},"1B4":{"t":"C150"},"1B6":{"t":"BE36"},"1BA":{"t":"TAYB"},"1BB":{"t":"P28A"},"1BD":{"t":"TAYB"},"1BF":{"t":"TAYB"},"1C0":{"t":"P28A"},"1C2":{"t":"TAYB"},"1C4":{"desc":"L1P"},"1C5":{"t":"BE35"},"1C6":{"t":"C170"},"1C8":{"t":"BE35"},"1CA":{"desc":"L1P"},"1CD":{"t":"P28A"},"1CF":{"t":"C172"},"1D0":{"desc":"L1P"},"1D1":{"desc":"L1P"},"1D4":{"t":"C172"},"1D6":{"t":"PA32"},"1D7":{"desc":"L1P"},"1D8":{"desc":"L1P"},"1DB":{"desc":"L1P"},"1DC":{"t":"PA18"},"1DD":{"t":"TAYB"},"1DF":{"t":"TAYB"},"1E0":{"t":"P28R"},"1E1":{"desc":"L1P"},"1E4":{"desc":"L1P"},"1E5":{"desc":"L1P"},"1E6":{"t":"P28A"},"1E7":{"desc":"L1P"},"1E8":{"t":"BE35"},"1E9":{"t":"C170"},"1EB":{"t":"BE35"},"1EC":{"t":"B47G"},"1EF":{"t":"PA15"},"1F2":{"t":"C172"},"1F3":{"desc":"H1P"},"1F5":{"t":"TF22"},"1F6":{"desc":"L1P"},"1F9":{"t":"T6"},"1FC":{"t":"ULAC"},"201":{"t":"P28A"},"202":{"t":"P28A"},"203":{"t":"P28A"},"204":{"t":"TAYB"},"205":{"t":"P28A"},"207":{"t":"TAYB"},"20B":{"t":"PA18"},"20F":{"t":"DA42"},"211":{"t":"AEST"},"212":{"desc":"H1P"},"213":{"t":"R44"},"215":{"t":"C310"},"217":{"desc":"L1P","t":"ULAC"},"218":{"desc":"L2J","t":"A21N"},"219":{"t":"AEST"},"21B":{"t":"R44"},"21C":{"t":"B739"},"21D":{"desc":"L1P"},"220":{"t":"CRJ2"},"226":{"desc":"L1P"},"228":{"t":"R44"},"22B":{"t":"PA44"},"22C":{"t":"R44"},"22D":{"desc":"L1P"},"22E":{"desc":"L1P"},"22F":{"t":"R44"},"230":{"desc":"L1P"},"231":{"t":"R44"},"235":{"desc":"L1P"},"23D":{"desc":"L1P"},"23E":{"t":"P28A"},"23F":{"t":"R44"},"240":{"t":"C414"},"245":{"t":"R44"},"246":{"t":"C525"},"247":{"desc":"L1P"},"249":{"desc":"L1P"},"24B":{"t":"R44"},"24D":{"t":"C172"},"251":{"t":"SF50"},"252":{"desc":"L1P"},"256":{"desc":"L2P"},"258":{"desc":"A1P"},"259":{"desc":"L1P"},"25A":{"desc":"L1P","t":"ULAC"},"25B":{"t":"R44"},"25C":{"desc":"L2T"},"262":{"desc":"L1P"},"264":{"desc":"L1P"},"266":{"t":"R44"},"267":{"t":"TBM7"},"269":{"desc":"L1P"},"26E":{"t":"T206"},"26F":{"t":"P32R"},"270":{"desc":"L2J"},"276":{"t":"S22T"},"279":{"t":"R44"},"27D":{"desc":"L1P"},"27F":{"t":"C172"},"294":{"t":"C414"},"296":{"t":"LJ45"},"2A1":{"t":"P28S"},"2AA":{"t":"BE40"},"2AD":{"t":"SR20"},"2B1":{"t":"C206"},"2B2":{"t":"R44"},"2BC":{"t":"C172"},"2BD":{"t":"R44"},"2C1":{"t":"PA44"},"2C2":{"t":"R44"},"2C5":{"t":"R44"},"2C6":{"t":"GLF4"},"2D3":{"desc":"L1P"},"2D5":{"t":"C500"},"2D8":{"t":"R44"},"2DF":{"t":"R44"},"2E1":{"t":"R44"},"2EC":{"desc":"L1P"},"2ED":{"t":"BE20"},"2EF":{"desc":"L2P"},"2F7":{"desc":"L1P"},"2FA":{"t":"R44"},"2FD":{"t":"C172"},"303":{"t":"R44"},"305":{"t":"GLID"},"306":{"t":"C25B"},"308":{"t":"P28A"},"30B":{"t":"GLEX"},"30D":{"t":"C182"},"310":{"desc":"H2T"},"312":{"desc":"H1T","t":"B505"},"319":{"t":"C510"},"31A":{"t":"C680"},"31B":{"desc":"L2J"},"31E":{"t":"GLID"},"31F":{"t":"AT6T"},"320":{"t":"GLID"},"321":{"desc":"L2P"},"322":{"t":"R44"},"323":{"t":"EC35"},"325":{"t":"R44"},"328":{"t":"PA44"},"32E":{"t":"R44"},"333":{"t":"R44"},"337":{"desc":"L1P"},"338":{"t":"EC35"},"33B":{"t":"P28A"},"350":{"t":"C210"},"351":{"t":"P28A"},"354":{"t":"R44"},"357":{"t":"C172"},"358":{"t":"B407"},"35B":{"t":"BE20"},"35C":{"desc":"L1P"},"35E":{"t":"R44"},"360":{"t":"R44"},"362":{"t":"M20P"},"365":{"t":"R44"},"37A":{"t":"E55P"},"37F":{"t":"DH8D"},"383":{"t":"C182"},"386":{"t":"R44"},"388":{"desc":"L1P"},"389":{"t":"BE33"},"38B":{"desc":"L1P"},"38E":{"t":"PA44"},"38F":{"t":"R44"},"396":{"desc":"L1P"},"397":{"t":"BE55"},"399":{"t":"R44"},"39A":{"desc":"H6E"},"39B":{"desc":"L2P"},"39C":{"t":"PA44"},"39E":{"t":"P32R"},"39F":{"t":"R44"},"3A0":{"desc":"L1P"},"3A3":{"t":"R44"},"3A4":{"t":"COL3"},"3A7":{"desc":"L1P"},"3AC":{"t":"C206"},"3AD":{"desc":"L1P"},"3B0":{"t":"CRJ2"},"3B4":{"desc":"L1P"},"3B7":{"desc":"L1P"},"3BC":{"t":"R44"},"3C0":{"t":"P32T"},"3C5":{"t":"R44"},"3C6":{"t":"SR22"},"3C9":{"desc":"L1P"},"3CE":{"t":"A320"},"3D7":{"t":"R44"},"3DB":{"t":"B752"},"3E6":{"desc":"L1P"},"3E7":{"desc":"L1P"},"3E8":{"t":"R44"},"3FF":{"t":"BE36"},"401":{"desc":"L1P"},"405":{"desc":"L1P"},"406":{"t":"RV12"},"40B":{"t":"R44"},"40C":{"t":"B737"},"40F":{"desc":"L1P"},"411":{"t":"C750"},"447":{"t":"E75L"},"44A":{"t":"DA40"},"466":{"t":"C195"},"467":{"t":"BE35"},"468":{"t":"C150"},"469":{"t":"C425"},"46B":{"t":"PA15"},"46C":{"t":"P28A"},"46D":{"desc":"L1P"},"46E":{"t":"C172"},"46F":{"t":"C310"},"473":{"t":"C172"},"475":{"t":"P28A"},"476":{"t":"C150"},"478":{"t":"BE60"},"47A":{"t":"PA25"},"47C":{"t":"C172"},"47D":{"t":"TAYB"},"47F":{"t":"P28A"},"480":{"t":"TAYB"},"481":{"desc":"L1P"},"484":{"t":"TAYB"},"486":{"desc":"L1P"},"488":{"desc":"L1J"},"489":{"t":"C190"},"48A":{"desc":"L1P"},"48F":{"t":"P28A"},"490":{"t":"NAVI"},"491":{"t":"C172"},"492":{"t":"PA12"},"494":{"t":"PA23"},"496":{"t":"PA46"},"498":{"t":"P28A"},"499":{"t":"C182"},"49A":{"desc":"L1P"},"49B":{"t":"BE55"},"49C":{"t":"P28A"},"4A3":{"t":"ULAC"},"4A7":{"t":"P28A"},"4A8":{"t":"TAYB"},"4A9":{"desc":"L1P","t":"ULAC"},"4AA":{"t":"PA22"},"4AF":{"desc":"L1P","t":"ULAC"},"4B1":{"t":"M20P"},"4B4":{"desc":"L1P"},"4B5":{"t":"ULAC"},"4B6":{"t":"P210"},"4B7":{"t":"PA23"},"4B9":{"t":"C172"},"4BA":{"t":"AT3P"},"4BF":{"t":"P28R"},"4C0":{"desc":"L1P"},"4C2":{"t":"TAYB"},"4C5":{"desc":"L1P"},"4C6":{"t":"TAYB"},"4C8":{"t":"TAYB"},"4CA":{"t":"P28A"},"4CB":{"t":"P28R"},"4CC":{"t":"B47G"},"4CE":{"t":"C170"},"4D0":{"t":"BE35"},"4D4":{"t":"PA15"},"4D6":{"t":"NAVI"},"4D7":{"t":"C172"},"4D8":{"t":"PA12"},"4DB":{"t":"C172"},"4DC":{"t":"C82R"},"4DD":{"desc":"A1P"},"4DF":{"t":"C150"},"4E0":{"t":"C170"},"4E2":{"t":"P28B"},"4E4":{"t":"PA18"},"4E5":{"t":"TAYB"},"4E6":{"t":"TAYB"},"4EB":{"t":"P28A"},"4EE":{"t":"TAYB"},"4F0":{"t":"PA22"},"4F2":{"t":"C195"},"4F3":{"desc":"L1P"},"4F4":{"t":"GLID"},"4F5":{"t":"C170"},"4F8":{"t":"P28A"},"4F9":{"t":"NAVI"},"4FA":{"t":"C172"},"4FB":{"t":"PA12"},"4FC":{"t":"GLID"},"4FF":{"t":"C82T"},"501":{"t":"P28R"},"507":{"t":"PA18"},"50A":{"desc":"L1P"},"50B":{"t":"TAYB"},"50D":{"t":"P28A"},"50F":{"t":"TAYB"},"510":{"t":"TAYB"},"511":{"t":"TAYB"},"514":{"t":"BE33"},"515":{"t":"C195"},"51A":{"t":"PA15"},"51B":{"t":"P28A"},"51C":{"t":"NAVI"},"51D":{"t":"ULAC"},"51E":{"t":"PA12"},"523":{"desc":"L1T","t":"YAK9"},"524":{"t":"PA32"},"525":{"t":"C150"},"526":{"desc":"L1P"},"529":{"t":"GLID"},"52A":{"t":"PA18"},"52E":{"t":"P28A"},"52F":{"t":"P28R"},"531":{"desc":"L1P"},"532":{"t":"TAYB"},"533":{"t":"TAYB"},"534":{"t":"GLID"},"536":{"t":"PA22"},"537":{"t":"GLID"},"538":{"t":"C195"},"539":{"t":"BE35"},"53D":{"t":"PA15"},"53E":{"t":"P28A"},"546":{"t":"AT3P"},"547":{"t":"P28A"},"54A":{"desc":"L1P"},"54C":{"t":"PA27"},"54D":{"t":"GLID"},"551":{"t":"TAYB"},"552":{"t":"TAYB"},"555":{"t":"P28A"},"556":{"t":"TAYB"},"559":{"t":"PA22"},"55A":{"t":"C170"},"55B":{"t":"C195"},"55C":{"t":"BE35"},"55D":{"t":"CH7A"},"560":{"t":"R44"},"561":{"t":"P28A"},"563":{"t":"C172"},"564":{"desc":"L1P"},"565":{"t":"P46T"},"566":{"t":"B47G"},"567":{"desc":"L1J"},"568":{"t":"C172"},"56B":{"t":"C150"},"56D":{"t":"BE35"},"56E":{"t":"P28R"},"570":{"t":"PA18"},"572":{"t":"TAYB"},"573":{"t":"TAYB"},"574":{"t":"TAYB"},"575":{"t":"TAYB"},"576":{"t":"P28A"},"577":{"t":"P28A"},"579":{"t":"CH7A"},"57E":{"t":"BT36"},"57F":{"t":"C182"},"583":{"t":"PA15"},"584":{"t":"P28A"},"585":{"t":"NAVI"},"586":{"desc":"L1T","t":"PA46"},"587":{"t":"PA12"},"588":{"t":"ST75"},"589":{"t":"PA25"},"58B":{"t":"C82T"},"58D":{"t":"P28R"},"58E":{"t":"C150"},"591":{"t":"P28R"},"592":{"t":"PA25"},"593":{"t":"PA18"},"597":{"t":"TAYB"},"598":{"t":"TAYB"},"599":{"t":"P28A"},"59A":{"t":"TAYB"},"59B":{"desc":"L1P"},"59C":{"t":"CH7A"},"59F":{"t":"PA22"},"5A2":{"t":"BE35"},"5A3":{"t":"T210"},"5A4":{"desc":"L1T","t":"PA46"},"5A8":{"t":"NAVI"},"5A9":{"t":"T210"},"5AA":{"desc":"L1P"},"5AB":{"t":"ST75"},"5AC":{"t":"PA23"},"5AD":{"t":"C172"},"5AE":{"t":"C172"},"5B0":{"t":"P46T"},"5B4":{"t":"PA32"},"5B5":{"t":"PA25"},"5B6":{"t":"PA18"},"5B7":{"t":"P28A"},"5B8":{"t":"TAYB"},"5BC":{"t":"PA32"},"5C1":{"desc":"L1P"},"5C3":{"desc":"L2J","t":"A21N"},"5C5":{"t":"CH7B"},"5D3":{"t":"R44"},"5D7":{"t":"CRJ2"},"5DA":{"t":"B763"},"5DC":{"t":"GLID"},"5DD":{"t":"E55P"},"5DE":{"t":"C525"},"5DF":{"desc":"L1P"},"5E2":{"t":"PA44"},"5E3":{"t":"B407"},"5F5":{"t":"P212"},"5F6":{"desc":"L1T"},"5F7":{"desc":"L1P"},"5FC":{"desc":"L1P"},"5FF":{"t":"BE9L"},"602":{"t":"SR22"},"605":{"t":"C240"},"60F":{"t":"CL30"},"610":{"t":"R44"},"617":{"desc":"L1P"},"618":{"desc":"L1P"},"61F":{"desc":"L1P"},"626":{"t":"CH7B"},"627":{"t":"C560"},"634":{"desc":"L1P","t":"ULAC"},"636":{"t":"C172"},"642":{"t":"SR20"},"643":{"desc":"H1T","t":"S55P"},"644":{"t":"A310"},"64A":{"t":"P28A"},"655":{"t":"E545"},"658":{"desc":"L1P"},"65D":{"desc":"L1P"},"66E":{"desc":"L1T"},"671":{"t":"C425"},"679":{"t":"R44"},"67F":{"t":"T206"},"682":{"desc":"L1P"},"68C":{"desc":"L1P"},"691":{"desc":"L1P"},"698":{"t":"C208"},"69C":{"desc":"L1P"},"6A3":{"t":"NAVI"},"6A4":{"t":"C206"},"6A6":{"desc":"L1P"},"6B4":{"t":"C172"},"6B5":{"t":"L29"},"6BC":{"t":"DA40"},"6BD":{"t":"AT5T"},"6BE":{"t":"BALL"},"6BF":{"t":"R44"},"6C2":{"desc":"H1T"},"6C7":{"t":"S22T"},"6C8":{"t":"CJ6"},"6CE":{"t":"C310"},"6D2":{"t":"BE40"},"6D5":{"t":"GLF5"},"6D6":{"t":"E145"},"6D7":{"desc":"L1P","t":"ULAC"},"6D8":{"t":"PA31"},"6DC":{"t":"PA44"},"6DF":{"t":"PA44"},"6E1":{"t":"R44"},"6EA":{"desc":"L1P"},"6EE":{"desc":"L1P"},"6F2":{"t":"P28A"},"707":{"t":"BE58"},"708":{"t":"P28A"},"70A":{"desc":"L1P"},"70F":{"t":"B407"},"711":{"desc":"L1P"},"717":{"t":"GL5T"},"71C":{"t":"C25B"},"731":{"t":"E55P"},"736":{"t":"DH8D"},"739":{"t":"C414"},"744":{"t":"CH7B"},"745":{"t":"GLID"},"747":{"t":"R44"},"74A":{"t":"R44"},"74D":{"desc":"L1P"},"753":{"t":"R44"},"757":{"desc":"L1P"},"75D":{"t":"LJ45"},"762":{"desc":"L1P"},"767":{"t":"CRJ2"},"76C":{"t":"C56X"},"77C":{"t":"R44"},"785":{"t":"A320"},"792":{"t":"B752"},"79D":{"desc":"L1P"},"79E":{"desc":"L1P"},"7A6":{"t":"SF50"},"7AD":{"desc":"L1P","t":"ULAC"},"7B6":{"desc":"L1P"},"7B7":{"desc":"L2P"},"7B8":{"t":"CH7A"},"7BF":{"desc":"L1P"},"7C3":{"t":"B737"},"7EA":{"t":"UH1"},"7FE":{"t":"E75L"},"801":{"t":"PA18"},"803":{"t":"UH1"},"81B":{"desc":"L1P","t":"ULAC"},"81D":{"t":"C182"},"81F":{"t":"CH7A"},"822":{"t":"PA15"},"824":{"t":"NAVI"},"827":{"t":"ST75"},"82A":{"t":"C172"},"82D":{"t":"C150"},"82F":{"t":"BE35"},"830":{"t":"PA34"},"831":{"t":"PA25"},"832":{"t":"PA18"},"836":{"t":"TAYB"},"837":{"t":"TAYB"},"838":{"t":"TAYB"},"83B":{"t":"P28B"},"83C":{"t":"C185"},"83D":{"desc":"L1P"},"83E":{"t":"PA22"},"83F":{"desc":"L1P"},"840":{"desc":"L1P"},"841":{"desc":"L1P"},"842":{"desc":"L1P","t":"ULAC"},"843":{"desc":"L1P"},"845":{"t":"PA15"},"84A":{"desc":"L1P"},"84C":{"t":"C172"},"84D":{"t":"C172"},"84F":{"t":"P28A"},"850":{"desc":"L1P"},"851":{"t":"C182"},"852":{"t":"BE35"},"855":{"t":"PA18"},"858":{"t":"TAYB"},"859":{"desc":"L1P"},"85A":{"t":"P28A"},"85B":{"t":"TAYB"},"85D":{"desc":"L1P"},"85E":{"t":"P28A"},"861":{"t":"BE35"},"863":{"t":"C195"},"864":{"t":"BE35"},"865":{"t":"PA38"},"869":{"t":"P28A"},"86E":{"t":"ST75"},"86F":{"t":"ST75"},"870":{"t":"C172"},"872":{"t":"GLID"},"873":{"t":"C150"},"875":{"t":"UH1"},"877":{"t":"BE36"},"878":{"t":"PA18"},"879":{"t":"TAYB"},"87A":{"t":"TAYB"},"87C":{"t":"ULAC"},"87D":{"t":"TAYB"},"87F":{"t":"P28A"},"880":{"t":"P28R"},"881":{"t":"PA32"},"882":{"t":"TAYB"},"885":{"t":"C170"},"88B":{"desc":"L1P","t":"ULAC"},"88F":{"t":"PA12"},"891":{"t":"YK52"},"892":{"t":"C172"},"893":{"t":"C185"},"898":{"t":"BE55"},"89B":{"t":"PA18"},"89C":{"desc":"L1P","t":"ULAC"},"89E":{"t":"PA34"},"8A0":{"t":"TAYB"},"8A1":{"t":"TAYB"},"8A2":{"t":"TAYB"},"8A4":{"t":"TAYB"},"8A5":{"t":"P28A"},"8A6":{"t":"GLID"},"8A7":{"t":"PA22"},"8A8":{"t":"C170"},"8A9":{"t":"C195"},"8AA":{"t":"PA31"},"8AB":{"t":"CH7A"},"8AD":{"t":"ULAC"},"8AE":{"t":"PA15"},"8AF":{"t":"P28A"},"8B0":{"t":"C182"},"8B1":{"t":"BE35"},"8B3":{"desc":"L1P"},"8B4":{"desc":"L1P"},"8B5":{"t":"C172"},"8B6":{"t":"C172"},"8B9":{"t":"YK52"},"8BA":{"t":"BE35"},"8BB":{"t":"BE36"},"8BC":{"t":"P28R"},"8BE":{"t":"PA18"},"8BF":{"t":"GLID"},"8C1":{"t":"TAYB"},"8C2":{"t":"TAYB"},"8C3":{"desc":"L1P"},"8C5":{"t":"TAYB"},"8C6":{"t":"P28A"},"8CB":{"t":"C170"},"8CD":{"t":"BE35"},"8CF":{"t":"ULAC"},"8D1":{"t":"M20P"},"8D3":{"t":"NAVI"},"8D5":{"t":"PA12"},"8DB":{"t":"YK52"},"8DD":{"t":"BE35"},"8E1":{"t":"PA18"},"8E5":{"t":"TAYB"},"8E7":{"t":"P28A"},"8ED":{"desc":"L1P","t":"ULAC"},"8EE":{"t":"C170"},"8F0":{"t":"PA18"},"8F7":{"t":"C172"},"8F8":{"t":"PA12"},"8FB":{"t":"C172"},"8FC":{"t":"C172"},"906":{"t":"TAYB"},"908":{"t":"P28A"},"909":{"t":"ULAC"},"90D":{"t":"TAYB"},"90E":{"t":"PA32"},"911":{"t":"C170"},"914":{"desc":"L1P"},"917":{"t":"M20P"},"91A":{"t":"C172"},"91B":{"t":"PA12"},"920":{"t":"P28R"},"924":{"t":"P28R"},"925":{"t":"P28A"},"928":{"t":"TAYB"},"929":{"t":"TAYB"},"92C":{"t":"TAYB"},"932":{"desc":"L2P"},"934":{"desc":"L1P"},"935":{"t":"C195"},"936":{"t":"P28R"},"93A":{"t":"PA15"},"93C":{"t":"NAVI"},"93D":{"t":"C172"},"944":{"t":"PA44"},"945":{"t":"PA44"},"94A":{"t":"PA18"},"94C":{"t":"TAYB"},"94E":{"t":"P28A"},"94F":{"t":"TAYB"},"952":{"t":"TAYB"},"953":{"t":"P28R"},"956":{"t":"PA22"},"957":{"t":"UH1"},"958":{"t":"C195"},"95E":{"desc":"L1P"},"95F":{"t":"NAVI"},"960":{"desc":"L1P"},"961":{"t":"PA12"},"962":{"t":"ST75"},"964":{"t":"C188"},"968":{"t":"R44"},"969":{"desc":"L1P"},"96B":{"t":"P28R"},"96F":{"t":"TAYB"},"972":{"t":"TAYB"},"974":{"t":"TAYB"},"975":{"t":"P28A"},"977":{"t":"P28A"},"978":{"desc":"A1P"},"979":{"t":"C68A"},"97A":{"t":"C182"},"97B":{"t":"FA50"},"97C":{"t":"NAVI"},"97D":{"t":"BE20"},"97E":{"t":"B06"},"97F":{"t":"BE35"},"981":{"t":"SR22"},"982":{"t":"R44"},"983":{"t":"C441"},"985":{"t":"C25B"},"986":{"t":"S22T"},"987":{"t":"C77R"},"988":{"t":"RV12"},"98A":{"t":"AT3T"},"98B":{"t":"C421"},"98E":{"t":"BL8"},"98F":{"desc":"L1P","t":"ULAC"},"991":{"desc":"L1P"},"993":{"desc":"A1P","t":"ULAC"},"994":{"t":"UH1"},"995":{"t":"C750"},"996":{"desc":"L2P"},"998":{"desc":"L1P"},"999":{"t":"C421"},"99A":{"t":"M20P"},"99B":{"t":"BE35"},"99C":{"desc":"A1P","t":"ULAC"},"99D":{"t":"CH7B"},"9A3":{"t":"T210"},"9A5":{"t":"R44"},"9A7":{"t":"R44"},"9AA":{"t":"C414"},"9AB":{"t":"S108"},"9AC":{"desc":"L2P"},"9AD":{"desc":"L2P"},"9AE":{"t":"BE33"},"9AF":{"t":"TBM7"},"9B0":{"desc":"L4P"},"9B6":{"t":"C210"},"9B7":{"t":"PC12"},"9B9":{"t":"PA30"},"9BB":{"t":"R22"},"9BC":{"desc":"L1P"},"9BD":{"t":"PA32"},"9BF":{"t":"SR22"},"9C0":{"t":"C650"},"9C1":{"t":"H25B"},"9C2":{"t":"PAY3"},"9C3":{"t":"CL60"},"9C6":{"desc":"L1P"},"9C8":{"desc":"L1P"},"9C9":{"t":"P32R"},"9CA":{"desc":"L2T"},"9CB":{"t":"BE35"},"9CD":{"t":"M20P"},"9CE":{"t":"BE35"},"9D0":{"t":"C414"},"9D1":{"t":"C68A"},"9D2":{"t":"P28R"},"9D4":{"t":"P32R"},"9D5":{"t":"M20P"},"9D6":{"t":"PA46"},"9D8":{"t":"R44"},"9D9":{"t":"BE35"},"9DA":{"desc":"L1P"},"9DB":{"desc":"L1P"},"9DD":{"t":"H269"},"9DE":{"t":"C550"},"9E0":{"t":"M20P"},"9E1":{"desc":"L1P"},"9E2":{"t":"C172"},"9E3":{"desc":"L1P"},"9E5":{"t":"B47G"},"9ED":{"t":"C172"},"9EE":{"t":"PRM1"},"9F1":{"t":"ULAC"},"9F3":{"desc":"L1P"},"9F6":{"t":"T210"},"9F7":{"t":"C414"},"9F8":{"desc":"H1P"},"9F9":{"t":"BT36"},"9FA":{"desc":"L1P"},"9FB":{"t":"BE76"},"9FD":{"t":"P28A"},"A01":{"t":"C172"},"A02":{"t":"CL60"},"A04":{"desc":"A1P"},"A08":{"t":"PC12"},"A0B":{"t":"P32R"},"A0C":{"t":"E545"},"A0F":{"t":"C550"},"A12":{"desc":"L1P"},"A14":{"t":"C182"},"A16":{"t":"C560"},"A1A":{"desc":"L1P"},"A1B":{"t":"C182"},"A1C":{"desc":"L1P"},"A20":{"t":"C150"},"A21":{"t":"E300"},"A24":{"t":"T206"},"A28":{"t":"C25B"},"A2B":{"t":"LJ31"},"A2C":{"t":"C421"},"A2D":{"t":"B733"},"A2E":{"desc":"L1T"},"A30":{"t":"R44"},"A32":{"t":"M20P"},"A34":{"t":"AEST"},"A36":{"t":"P28U"},"A38":{"t":"C337"},"A39":{"desc":"L1P"},"A3A":{"t":"C310"},"A3B":{"t":"HUSK"},"A3F":{"t":"HUSK"},"A42":{"desc":"L1P"},"A43":{"t":"B06"},"A46":{"desc":"A1P"},"A47":{"t":"H25B"},"A48":{"t":"C172"},"A49":{"t":"EA50"},"A4A":{"t":"M20P"},"A4B":{"t":"PA27"},"A4C":{"t":"P28A"},"A4D":{"t":"C340"},"A4E":{"desc":"L1P"},"A53":{"desc":"L1P"},"A55":{"t":"C425"},"A58":{"t":"R44"},"A5B":{"t":"BE20"},"A5D":{"t":"P28A"},"A60":{"t":"C425"},"A61":{"t":"BE58"},"A65":{"t":"AS65"},"A66":{"t":"CL60"},"A68":{"desc":"L1P"},"A6A":{"t":"M20P"},"A6C":{"t":"C340"},"A6F":{"t":"C340"},"A71":{"t":"BE58"},"A72":{"t":"E55P"},"A73":{"t":"BE9L"},"A76":{"t":"PA32"},"A77":{"desc":"L1P"},"A78":{"t":"P208"},"A79":{"desc":"L1P"},"A7B":{"t":"ULAC"},"A7C":{"t":"C310"},"A7D":{"desc":"L1P"},"A7E":{"t":"C182"},"A7F":{"t":"P28A"},"A80":{"t":"PAY3"},"A81":{"t":"BE20"},"A83":{"t":"BE9L"},"A84":{"t":"C414"},"A88":{"desc":"L1P"},"A8A":{"desc":"L1P"},"A8C":{"desc":"A2P"},"A8D":{"desc":"L1P"},"A92":{"t":"SR22"},"A93":{"t":"PA44"},"A94":{"desc":"L1P"},"A95":{"t":"P32R"},"A97":{"t":"R44"},"A98":{"desc":"L1P"},"A99":{"t":"E55P"},"A9C":{"desc":"L1P"},"A9D":{"t":"AT3T"},"A9E":{"desc":"L1P"},"AA6":{"t":"PA32"},"AA8":{"t":"R44"},"AA9":{"t":"P28A"},"ABA":{"t":"R44"},"ABB":{"t":"BL8"},"ABF":{"t":"PA34"},"AC1":{"t":"PAY2"},"AC2":{"desc":"H4E"},"AC3":{"t":"FA50"},"AC4":{"t":"BL8"},"AC5":{"t":"BE36"},"AC6":{"t":"R22"},"AC7":{"t":"C210"},"AC8":{"desc":"L1P"},"AC9":{"desc":"L1P"},"ACC":{"t":"C172"},"ACF":{"t":"BE9L"},"AD3":{"desc":"L1P"},"ADA":{"t":"GLF4"},"ADE":{"t":"GLF4"},"AE8":{"t":"E55P"},"AED":{"t":"DH8D"},"AF0":{"t":"FA7X"},"AF1":{"t":"BE19"},"AF2":{"t":"NAVI"},"AF3":{"t":"PAY2"},"AF4":{"desc":"L1P"},"AF5":{"t":"C175"},"AF6":{"t":"C560"},"AF7":{"t":"BE33"},"AF8":{"t":"R44"},"AFA":{"t":"BE10"},"AFB":{"t":"EA50"},"AFC":{"t":"PA32"},"AFE":{"desc":"L1P"},"AFF":{"desc":"L1P"},"B00":{"t":"P46T"},"B01":{"t":"S22T"},"B02":{"t":"C560"},"B03":{"t":"BE35"},"B05":{"t":"T210"},"B08":{"t":"GLID"},"B09":{"t":"B58T"},"B0A":{"t":"PA34"},"B0B":{"t":"BE36"},"B0C":{"t":"GLF5"},"B0F":{"t":"M7"},"B11":{"t":"BE33"},"B12":{"t":"UH1"},"B13":{"t":"R44"},"B14":{"t":"P28R"},"B15":{"t":"C421"},"B1A":{"t":"S22T"},"B1B":{"t":"C310"},"B1F":{"desc":"L1P"},"B22":{"desc":"L1P"},"B23":{"t":"C421"},"B24":{"desc":"L1T","t":"M600"},"B25":{"t":"BE35"},"B28":{"t":"C172"},"B29":{"t":"LJ25"},"B2A":{"t":"C172"},"B2B":{"t":"C172"},"B2C":{"t":"M20T"},"B2E":{"t":"E300"},"B30":{"desc":"L1P"},"B32":{"t":"C150"},"B33":{"desc":"L2P"},"B36":{"t":"B06"},"B38":{"desc":"L1P"},"B39":{"t":"ST75"},"B3C":{"t":"A320"},"B43":{"t":"R44"},"B44":{"t":"SR22"},"B49":{"t":"B752"},"B50":{"desc":"L2J","t":"A21N"},"B54":{"t":"T206"},"B55":{"t":"BALL"},"B56":{"t":"C182"},"B57":{"t":"C182"},"B5C":{"t":"R44"},"B60":{"t":"PA27"},"B62":{"t":"NAVI"},"B64":{"t":"SR22"},"B68":{"t":"GLID"},"B69":{"t":"C172"},"B70":{"t":"ASTR"},"B71":{"t":"AC95"},"B72":{"t":"BE36"},"B73":{"t":"MU2"},"B74":{"t":"PAY2"},"B78":{"desc":"L1P"},"B7A":{"t":"B737"},"B7B":{"desc":"L1P"},"B7D":{"t":"BE35"},"B7F":{"desc":"L2J"},"B84":{"desc":"L1P"},"B86":{"t":"BE35"},"B8A":{"desc":"L1P"},"B91":{"t":"UH1"},"B94":{"t":"C180"},"B97":{"desc":"A1P"},"B9C":{"t":"GLID"},"B9F":{"t":"AS65"},"BA1":{"desc":"L1P"},"BA4":{"t":"EC35"},"BA6":{"t":"PC12"},"BA9":{"t":"YK52"},"BB1":{"t":"M7"},"BB3":{"desc":"L2T"},"BB5":{"t":"E75L"},"BB7":{"t":"C172"},"BB9":{"t":"M7"},"BBE":{"desc":"L1P"},"BBF":{"desc":"L1P","t":"ULAC"},"BCD":{"t":"CRJ2"},"BD0":{"t":"R22"},"BD1":{"desc":"L1P"},"BD3":{"t":"BL17"},"BD4":{"t":"BALL"},"BD5":{"t":"BE35"},"BD6":{"t":"AR11"},"BD9":{"t":"PA15"},"BDB":{"t":"C421"},"BDC":{"t":"PA18"},"BDE":{"t":"ST75"},"BDF":{"t":"PA23"},"BE1":{"t":"BE55"},"BE2":{"t":"AT3P"},"BE3":{"t":"P28B"},"BE8":{"t":"PA25"},"BE9":{"t":"PA18"},"BEA":{"t":"P28A"},"BEB":{"t":"TAYB"},"BEC":{"t":"ULAC"},"BEE":{"t":"TAYB"},"BF0":{"t":"ULAC"},"BF1":{"t":"P28A"},"BF2":{"t":"TAYB"},"BF3":{"t":"TAYB"},"BF4":{"t":"BE35"},"BF7":{"desc":"L1P"},"BFC":{"t":"PA15"},"BFD":{"t":"P28A"},"BFE":{"t":"C150"},"BFF":{"t":"C172"},"C00":{"t":"PA12"},"C02":{"t":"J5"},"C03":{"t":"C188"},"C04":{"t":"C172"},"C09":{"t":"C206"},"C0A":{"t":"PA34"},"C0C":{"t":"PA18"},"C0E":{"t":"P28A"},"C0F":{"t":"P28A"},"C10":{"t":"P28A"},"C13":{"t":"PA34"},"C16":{"t":"TAYB"},"C17":{"desc":"L1P"},"C18":{"t":"PA22"},"C1B":{"t":"BE35"},"C1D":{"t":"C172"},"C1E":{"desc":"L1P","t":"ULAC"},"C1F":{"t":"PA15"},"C21":{"t":"NAVI"},"C22":{"t":"C172"},"C24":{"t":"ST75"},"C29":{"desc":"A1P"},"C2A":{"t":"C150"},"C2D":{"t":"P28A"},"C2F":{"t":"PA18"},"C30":{"t":"P28A"},"C31":{"t":"P28A"},"C34":{"t":"TAYB"},"C35":{"t":"TAYB"},"C36":{"t":"P28A"},"C38":{"t":"TAYB"},"C39":{"t":"P28A"},"C3B":{"t":"PA22"},"C3E":{"t":"BE35"},"C40":{"t":"O1"},"C41":{"desc":"L1P","t":"ULAC"},"C42":{"t":"M20P"},"C44":{"t":"NAVI"},"C45":{"t":"C172"},"C46":{"desc":"H1P"},"C48":{"t":"O1"},"C49":{"t":"P28A"},"C4A":{"t":"C185"},"C4C":{"t":"P28A"},"C4D":{"t":"C150"},"C50":{"t":"P28R"},"C52":{"t":"PA18"},"C53":{"t":"P28A"},"C54":{"t":"O1"},"C56":{"t":"TAYB"},"C59":{"t":"TAYB"},"C5A":{"t":"TAYB"},"C5D":{"desc":"L1P"},"C5E":{"t":"PA22"},"C60":{"t":"C190"},"C62":{"t":"P28A"},"C65":{"t":"PA15"},"C66":{"desc":"L1P"},"C67":{"t":"BE35"},"C69":{"desc":"L1P"},"C6F":{"t":"C206"},"C71":{"t":"C150"},"C72":{"t":"C182"},"C73":{"t":"GLEX"},"C74":{"t":"GLID"},"C75":{"desc":"L1P"},"C76":{"desc":"L2J"},"C77":{"t":"C182"},"C78":{"t":"P28A"},"C79":{"t":"P28R"},"C7A":{"t":"TAYB"},"C7B":{"t":"TAYB"},"C7C":{"t":"TAYB"},"C7F":{"t":"TAYB"},"C82":{"t":"C170"},"C84":{"desc":"L1J"},"C87":{"t":"ULAC"},"C88":{"t":"B06"},"C89":{"t":"P28A"},"C8A":{"t":"P28A"},"C8C":{"t":"PA12"},"C8E":{"t":"P28A"},"C91":{"t":"P28A"},"C92":{"t":"P06T"},"C94":{"t":"P28A"},"C95":{"t":"BE60"},"C96":{"t":"P32R"},"C97":{"t":"P28A"},"C99":{"t":"P28A"},"C9A":{"t":"TAYB"},"C9E":{"desc":"L1P","t":"ULAC"},"C9F":{"desc":"L1P","t":"ULAC"},"CA0":{"desc":"L1P","t":"ULAC"},"CA1":{"t":"P28R"},"CA2":{"t":"TAYB"},"CA3":{"t":"COL4"},"CA5":{"t":"C170"},"CA8":{"t":"CH7A"},"CA9":{"t":"GLID"},"CAC":{"t":"P28A"},"CAE":{"t":"C172"},"CB2":{"t":"ULAC"},"CB3":{"t":"C172"},"CB4":{"desc":"H1P"},"CB5":{"t":"GLID"},"CB7":{"t":"BE35"},"CB8":{"t":"GLID"},"CB9":{"t":"PA34"},"CBA":{"t":"GLID"},"CBB":{"t":"PA18"},"CBE":{"desc":"L1P"},"CBF":{"t":"PA46"},"CC2":{"t":"TAYB"},"CC3":{"t":"TAYB"},"CC4":{"t":"TAYB"},"CC6":{"desc":"L1P"},"CC7":{"t":"R44"},"CCA":{"t":"P28B"},"CCB":{"t":"PA38"},"CCC":{"desc":"L1P"},"CCE":{"t":"PA15"},"CD0":{"t":"NAVI"},"CD2":{"t":"PA12"},"CD4":{"t":"LJ25"},"CD5":{"t":"C172"},"CD6":{"t":"C82R"},"CD9":{"t":"C150"},"CDA":{"t":"R44"},"CDB":{"t":"BE9L"},"CDE":{"t":"C206"},"CE2":{"t":"TAYB"},"CE4":{"t":"P210"},"CE5":{"t":"TAYB"},"CE6":{"desc":"L1P","t":"ULAC"},"CE7":{"t":"P28A"},"CE8":{"desc":"L1P"},"CEB":{"t":"C170"},"CEC":{"t":"C195"},"CED":{"t":"BE35"},"CEF":{"t":"BE60"},"CF1":{"t":"M20P"},"CF3":{"t":"NAVI"},"CF4":{"t":"C172"},"CF9":{"t":"C185"},"CFB":{"t":"P28A"},"D01":{"t":"PA18"},"D03":{"t":"TAYB"},"D06":{"t":"TAYB"},"D07":{"t":"P28A"},"D0A":{"t":"P28A"},"D0B":{"desc":"L1P"},"D0C":{"desc":"L1P"},"D0D":{"desc":"L1P"},"D0E":{"t":"C170"},"D0F":{"t":"PA18"},"D13":{"t":"C210"},"D15":{"t":"P28A"},"D16":{"t":"NAVI"},"D18":{"t":"PA12"},"D19":{"desc":"H1P"},"D1A":{"t":"S108"},"D1C":{"t":"C82R"},"D1D":{"t":"BE55"},"D21":{"t":"BE58"},"D22":{"t":"C182"},"D23":{"t":"BE36"},"D24":{"t":"PA18"},"D27":{"t":"TAYB"},"D28":{"t":"TAYB"},"D29":{"t":"PA32"},"D2A":{"t":"TAYB"},"D2B":{"t":"TAYB"},"D2C":{"t":"P28A"},"D2D":{"t":"TAYB"},"D2F":{"t":"B06"},"D31":{"desc":"L2J","t":"A21N"},"D33":{"t":"BL8"},"D35":{"t":"B06"},"D36":{"t":"C172"},"D45":{"t":"CRJ2"},"D4B":{"t":"HUSK"},"D4C":{"desc":"L1P"},"D50":{"t":"PA44"},"D5B":{"t":"BE20"},"D5E":{"t":"C172"},"D66":{"t":"SR22"},"D6A":{"desc":"H2T"},"D70":{"t":"C182"},"D72":{"t":"BE9L"},"D74":{"t":"BE40"},"D7B":{"t":"C172"},"D7D":{"t":"GL5T"},"D7E":{"t":"C182"},"D81":{"desc":"L2T"},"D83":{"t":"P28A"},"D8E":{"desc":"H2T"},"D97":{"desc":"H4E"},"DA2":{"desc":"H4E"},"DAA":{"desc":"L1P"},"DAF":{"desc":"H1P"},"DB1":{"t":"LJ45"},"DB2":{"t":"A310"},"DB9":{"t":"PA31"},"DBB":{"desc":"L1P","t":"ULAC"},"DC3":{"t":"E545"},"DCA":{"desc":"L1P"},"DE0":{"t":"AT8T"},"DED":{"t":"BT36"},"DF0":{"t":"R44"},"DF9":{"t":"PA44"},"DFA":{"t":"B06"},"E00":{"desc":"L1P"},"E09":{"t":"R44"},"E11":{"desc":"L1P"},"E13":{"desc":"L1P"},"E14":{"desc":"L1P"},"E1F":{"t":"R44"},"E22":{"t":"C172"},"E2A":{"t":"DA40"},"E2C":{"t":"BALL"},"E2D":{"t":"SR22"},"E30":{"desc":"H1T"},"E35":{"desc":"L1T"},"E36":{"desc":"L1P","t":"ULAC"},"E3C":{"t":"C680"},"E44":{"t":"PA46"},"E45":{"desc":"L1P"},"E46":{"t":"B744"},"E47":{"t":"GLF4"},"E48":{"t":"EC35"},"E4B":{"t":"ULAC"},"E4D":{"t":"PA44"},"E54":{"t":"AT5T"},"E5C":{"t":"LJ45"},"E63":{"t":"PC12"},"E6D":{"desc":"L1P"},"E72":{"t":"PC12"},"E75":{"t":"BE36"},"E76":{"t":"P28A"},"E78":{"desc":"L1P"},"E7D":{"t":"B407"},"E9F":{"t":"GLF4"},"EA4":{"t":"DH8D"},"EA7":{"t":"C172"},"EA8":{"desc":"L1P","t":"ULAC"},"EAD":{"desc":"L1P"},"EB3":{"t":"LJ45"},"EC0":{"t":"H500"},"EC1":{"desc":"L1P","t":"ULAC"},"EC2":{"t":"BALL"},"EC3":{"t":"C68A"},"EC8":{"t":"M20P"},"ECB":{"t":"B407"},"ECE":{"t":"M20P"},"ED2":{"t":"GALX"},"ED5":{"t":"CRJ2"},"EDC":{"desc":"L1P"},"EE0":{"t":"LJ45"},"EE1":{"desc":"L1P"},"EEE":{"desc":"L1P"},"EF3":{"t":"A320"},"F00":{"t":"B752"},"F16":{"t":"BE40"},"F1B":{"t":"BE40"},"F24":{"desc":"L1P"},"F28":{"desc":"L1P"},"F2A":{"t":"LJ45"},"F2C":{"desc":"L1T"},"F31":{"t":"B737"},"F35":{"desc":"L1P","t":"ULAC"},"F36":{"t":"M20P"},"F56":{"t":"O1"},"F6C":{"t":"E75L"},"F6F":{"t":"P28A"},"F89":{"t":"PA22"},"F8A":{"t":"C170"},"F8F":{"t":"BALL"},"F90":{"t":"PA15"},"F91":{"t":"P28A"},"F92":{"t":"NAVI"},"F93":{"t":"C172"},"F95":{"t":"GLID"},"F96":{"t":"PA18"},"F9A":{"t":"P28A"},"F9B":{"t":"C150"},"F9D":{"t":"R44"},"F9F":{"desc":"L1P"},"FA0":{"t":"Y18T"},"FA1":{"t":"P28A"},"FA2":{"desc":"L2J","t":"A21N"},"FA3":{"t":"P28A"},"FA4":{"t":"MD82"},"FA5":{"t":"ULAC"},"FA8":{"t":"P28A"},"FA9":{"desc":"L1T"},"FAA":{"t":"P28A"},"FAB":{"desc":"G1P"},"FAC":{"t":"PA22"},"FAF":{"t":"BE35"},"FB0":{"t":"CH7A"},"FB2":{"desc":"L1P","t":"ULAC"},"FB5":{"desc":"L1P"},"FB7":{"t":"PA12"},"FB8":{"t":"ST75"},"FB9":{"t":"PA23"},"FBC":{"t":"BE36"},"FBF":{"t":"BE35"},"FC0":{"t":"BE33"},"FC3":{"t":"PA18"},"FC4":{"desc":"L1P"},"FC5":{"t":"P28A"},"FC6":{"t":"P28A"},"FC8":{"t":"P28A"},"FCC":{"t":"P28A"},"FCD":{"t":"P28A"},"FCE":{"t":"B06"},"FD2":{"t":"BE35"},"FD3":{"t":"CH7A"},"FD6":{"t":"M20P"},"FD7":{"t":"P28A"},"FD9":{"t":"C172"},"FDC":{"t":"PA23"},"FDE":{"t":"C172"},"FDF":{"t":"BE58"},"FE0":{"t":"P28R"},"FE1":{"t":"C150"},"FE3":{"t":"BE35"},"FE4":{"t":"P28R"},"FE6":{"t":"PA18"},"FE7":{"desc":"L1P"},"FE8":{"t":"P28R"},"FEA":{"t":"PA36"},"FEB":{"t":"P28A"},"FEC":{"t":"P28A"},"FED":{"t":"P28A"},"FEF":{"t":"P28A"},"FF2":{"t":"PA22"},"FF3":{"t":"C170"},"FF4":{"t":"C195"},"FF6":{"t":"CH7A"},"FFB":{"t":"NAVI"},"FFC":{"t":"C172"},"FFF":{"t":"AR11"}}