{"006":{"t":"SR22"},"009":{"desc":"H1T"},"00A":{"t":"C182"},"011":{"t":"SF34"},"012":{"t":"C172"},"014":{"t":"SR22"},"017":{"t":"C182"},"018":{"t":"BE36"},"01C":{"desc":"L1P"},"01F":{"t":"AA5"},"020":{"t":"C560"},"021":{"t":"R44"},"025":{"t":"S2P"},"026":{"t":"BE58"},"028":{"t":"T206"},"02A":{"t":"PC12"},"030":{"t":"DA40"},"038":{"t":"AR11"},"039":{"t":"BE36"},"046":{"t":"RV12"},"048":{"t":"C172"},"049":{"t":"C182"},"04F":{"desc":"L1T"},"05C":{"t":"P28A"},"05F":{"t":"ULAC"},"062":{"t":"CL30"},"067":{"t":"GLF4"},"06A":{"t":"BE58"},"074":{"desc":"L1P"},"075":{"t":"BE58"},"07C":{"t":"BE76"},"085":{"t":"GLID"},"08B":{"desc":"L1P"},"098":{"t":"H500"},"09E":{"t":"AA5"},"09F":{"desc":"L1P"},"0A4":{"t":"BE36"},"0AD":{"t":"ULAC"},"0B5":{"t":"BE58"},"0B9":{"desc":"L1T","t":"PA46"},"0BC":{"t":"P28A"},"0C6":{"desc":"L1P"},"0CE":{"t":"DA42"},"0D0":{"desc":"L1P"},"0D7":{"desc":"L1P"},"0E8":{"t":"DV20"},"0EA":{"t":"B744"},"0EB":{"desc":"L1P"},"0EC":{"desc":"L1P"},"0EE":{"t":"C82S"},"0F3":{"t":"SR20"},"0F5":{"t":"ULAC"},"0F8":{"desc":"L1P"},"103":{"t":"C560"},"11A":{"desc":"L2P"},"11B":{"t":"H500"},"11C":{"t":"C25B"},"12B":{"t":"C208"},"143":{"t":"E55P"},"153":{"t":"SR22"},"157":{"t":"C650"},"15C":{"desc":"L1P","t":"ULAC"},"15F":{"desc":"L1P"},"164":{"desc":"L1P","t":"ULAC"},"165":{"desc":"L1P","t":"ULAC"},"167":{"t":"PA44"},"16A":{"t":"BE40"},"16B":{"t":"R44"},"172":{"t":"C172"},"174":{"t":"C182"},"175":{"t":"BE58"},"17D":{"t":"BE33"},"17F":{"t":"G150"},"18B":{"desc":"A1T","t":"KODI"},"18E":{"t":"DA42"},"192":{"t":"SR22"},"197":{"t":"A320"},"1A4":{"t":"B752"},"1AB":{"t":"B734"},"1AE":{"desc":"L1P"},"1AF":{"desc":"L1J"},"1B2":{"t":"C421"},"1C8":{"t":"P28A"},"1CA":{"t":"HA4T"},"1CB":{"t":"C182"},"1D4":{"t":"C208"},"1D5":{"t":"B737"},"1D6":{"t":"C25B"},"1DA":{"t":"C240"},"1E1":{"t":"GLF4"},"1FA":{"desc":"L1P"},"22C":{"t":"L8"},"231":{"t":"C182"},"232":{"t":"P28A"},"235":{"t":"C180"},"236":{"t":"P210"},"239":{"t":"ST75"},"23A":{"t":"GLID"},"23C":{"t":"P28A"},"23F":{"t":"C150"},"248":{"t":"L8"},"24A":{"t":"L8"},"252":{"t":"C170"},"253":{"t":"BE35"},"257":{"t":"PA15"},"258":{"t":"P28R"},"259":{"t":"NAVI"},"25B":{"t":"L8"},"25C":{"t":"ST75"},"260":{"t":"BE35"},"265":{"t":"P28A"},"26D":{"desc":"L1P"},"26E":{"t":"L8"},"26F":{"t":"L8"},"273":{"t":"PA18"},"274":{"t":"BALL"},"275":{"t":"C170"},"276":{"t":"UH1"},"277":{"t":"C182"},"27A":{"t":"PA17"},"27B":{"t":"P28R"},"282":{"t":"P28A"},"28A":{"t":"PA22"},"28B":{"t":"L8"},"28D":{"desc":"L1P"},"28E":{"t":"L8"},"294":{"t":"M7"},"298":{"t":"C170"},"299":{"t":"BE35"},"29A":{"t":"CH7A"},"29D":{"t":"M20P"},"29F":{"t":"NAVI"},"2A4":{"desc":"L1P"},"2A5":{"t":"P28A"},"2A6":{"desc":"L1P"},"2A7":{"t":"P28R"},"2A9":{"desc":"L1P"},"2AB":{"t":"P28B"},"2B0":{"t":"P28A"},"2B3":{"t":"C77R"},"2B6":{"desc":"L2T"},"2B7":{"t":"L8"},"2B8":{"desc":"L1P"},"2BA":{"t":"C180"},"2BB":{"t":"C170"},"2BC":{"t":"BE35"},"2BE":{"t":"P28A"},"2C0":{"t":"PA17"},"2C1":{"t":"P28R"},"2C2":{"t":"NAVI"},"2C5":{"desc":"L1P"},"2C8":{"t":"P28A"},"2C9":{"t":"BE36"},"2CA":{"t":"PA32"},"2CB":{"t":"C150"},"2CC":{"t":"BE35"},"2D0":{"t":"PA22"},"2D2":{"t":"L8"},"2D3":{"t":"L8"},"2D7":{"desc":"L1P"},"2D8":{"t":"L8"},"2D9":{"desc":"L1P"},"2DB":{"desc":"H4E"},"2DD":{"t":"C180"},"2DE":{"t":"C170"},"2DF":{"t":"BE35"},"2E7":{"t":"BE36"},"2E8":{"t":"ST75"},"2EC":{"t":"BE36"},"2F1":{"t":"P28A"},"2F5":{"t":"L8"},"2F7":{"t":"L8"},"2F9":{"t":"UH1"},"2FE":{"desc":"L1P"},"2FF":{"t":"PA18"},"300":{"t":"C180"},"303":{"t":"CH7A"},"306":{"t":"PA17"},"30B":{"t":"ST75"},"30E":{"t":"P28A"},"30F":{"t":"BE35"},"311":{"t":"C150"},"314":{"t":"P28R"},"315":{"t":"PA25"},"31A":{"desc":"L1P"},"322":{"t":"PA18"},"324":{"t":"C170"},"327":{"t":"P32R"},"329":{"t":"PA17"},"32E":{"t":"ST75"},"332":{"t":"BE36"},"333":{"t":"P28A"},"33A":{"desc":"L1P"},"33C":{"t":"L8"},"344":{"desc":"L1P"},"345":{"t":"BE55"},"34D":{"t":"P28R"},"34F":{"desc":"L1P"},"350":{"t":"PA11"},"352":{"desc":"L1P"},"356":{"t":"P28A"},"357":{"desc":"L1P"},"35A":{"t":"P28A"},"35C":{"t":"PA22"},"363":{"t":"L8"},"365":{"t":"PA24"},"366":{"desc":"L1P"},"36A":{"t":"C170"},"370":{"t":"P28R"},"373":{"t":"PA11"},"374":{"t":"C340"},"375":{"t":"BE35"},"378":{"t":"BE55"},"37C":{"t":"AC11"},"37D":{"t":"P28A"},"383":{"t":"L8"},"386":{"t":"L8"},"387":{"t":"L8"},"38D":{"desc":"H4E"},"38E":{"t":"CH7B"},"392":{"desc":"H8E"},"394":{"t":"C82S"},"397":{"t":"B407"},"398":{"desc":"L2J","t":"A21N"},"39C":{"t":"B739"},"3A0":{"t":"CRJ2"},"3A4":{"desc":"L1P"},"3A5":{"desc":"A1P","t":"ULAC"},"3A6":{"t":"P28R"},"3A9":{"t":"GLF5"},"3AB":{"desc":"L1P"},"3AC":{"t":"M7"},"3B1":{"t":"G280"},"3B6":{"t":"SR20"},"3BF":{"t":"SR22"},"3C0":{"t":"C185"},"3C1":{"t":"SR22"},"3C3":{"desc":"A2P"},"3C5":{"desc":"L1P"},"3C9":{"t":"C172"},"3CB":{"t":"S22T"},"3CE":{"t":"C172"},"3CF":{"t":"FDCT"},"3DB":{"desc":"L1P"},"3DC":{"t":"BE20"},"3E1":{"desc":"L1P"},"3E2":{"t":"C421"},"3E4":{"t":"LJ45"},"3EB":{"desc":"L1P"},"3FF":{"t":"C172"},"400":{"desc":"L1P"},"401":{"desc":"L1P"},"406":{"desc":"L1T"},"408":{"desc":"L1P"},"40F":{"t":"P32R"},"413":{"t":"P28A"},"41E":{"t":"GLF4"},"42C":{"desc":"H4E"},"432":{"desc":"L1P"},"453":{"t":"SR22"},"454":{"t":"C172"},"455":{"t":"C240"},"456":{"t":"C172"},"457":{"t":"BE36"},"45E":{"t":"H25B"},"45F":{"desc":"H1P"},"461":{"desc":"L1P"},"46C":{"desc":"L1P"},"478":{"t":"P28U"},"487":{"t":"BALL"},"488":{"t":"LJ45"},"49A":{"desc":"L1P"},"49E":{"t":"E550"},"49F":{"t":"BE20"},"4A0":{"t":"C560"},"4A1":{"t":"B744"},"4A2":{"t":"C550"},"4A6":{"t":"B407"},"4A7":{"desc":"L1P"},"4A9":{"t":"C182"},"4AC":{"t":"GLF4"},"4AF":{"desc":"L1P"},"4B0":{"t":"EC35"},"4D1":{"t":"PA34"},"4D3":{"t":"PC12"},"4DC":{"desc":"L1P"},"4E1":{"desc":"L1P"},"4E2":{"desc":"H1T"},"4E5":{"desc":"L1P"},"4FA":{"t":"E55P"},"504":{"t":"M20P"},"50A":{"t":"G280"},"510":{"desc":"L1P"},"513":{"desc":"L1P","t":"ULAC"},"516":{"desc":"L1P"},"517":{"desc":"L1P"},"51A":{"desc":"H6E"},"51B":{"desc":"L1P"},"51C":{"desc":"L2T"},"51E":{"t":"PA44"},"521":{"t":"LJ60"},"529":{"t":"C172"},"52B":{"desc":"L1P","t":"ULAC"},"52D":{"t":"C150"},"530":{"t":"CRJ2"},"534":{"t":"BE33"},"537":{"t":"BE35"},"53B":{"desc":"L1P"},"53C":{"t":"C182"},"53D":{"t":"C550"},"540":{"desc":"L1P"},"545":{"t":"DA42"},"54E":{"t":"A320"},"550":{"desc":"L1P"},"55B":{"t":"B752"},"574":{"t":"C25A"},"57F":{"t":"PA18"},"580":{"desc":"H8E"},"584":{"t":"P28R"},"58B":{"t":"C208"},"58C":{"t":"B737"},"590":{"desc":"L1P"},"5E4":{"t":"PA18"},"5E5":{"t":"C152"},"5E9":{"t":"P28A"},"5EA":{"t":"BALL"},"5EB":{"t":"PA17"},"5EC":{"t":"P28R"},"5F1":{"t":"C152"},"5F3":{"t":"P28A"},"5F4":{"t":"BE58"},"5F5":{"t":"P28R"},"5F6":{"desc":"L1P","t":"ULAC"},"5F8":{"t":"AC11"},"5FB":{"t":"PA22"},"5FF":{"t":"L8"},"601":{"t":"B788"},"602":{"desc":"L1P"},"606":{"t":"G164"},"607":{"t":"PA18"},"608":{"t":"C208"},"60B":{"t":"CH7A"},"60E":{"t":"M20P"},"610":{"t":"NAVI"},"616":{"t":"P28A"},"618":{"t":"P28B"},"619":{"t":"C150"},"61B":{"t":"AC11"},"61C":{"t":"P28B"},"61E":{"t":"PA22"},"620":{"t":"L8"},"621":{"t":"L8"},"624":{"t":"C152"},"626":{"desc":"H2T"},"627":{"desc":"L1P"},"629":{"desc":"H4E"},"62C":{"t":"C170"},"62D":{"t":"BE35"},"62E":{"t":"CH7A"},"632":{"desc":"L1P"},"634":{"desc":"L1P"},"63A":{"t":"B58T"},"63B":{"desc":"L1T"},"646":{"t":"L8"},"647":{"t":"L8"},"64A":{"t":"C152"},"64D":{"t":"PA18"},"64E":{"t":"C180"},"650":{"t":"BE35"},"652":{"t":"P28A"},"654":{"t":"PA15"},"658":{"t":"PA11"},"660":{"t":"C72R"},"662":{"t":"P28A"},"663":{"t":"PA25"},"665":{"t":"L8"},"66A":{"t":"L8"},"66E":{"t":"L8"},"671":{"desc":"H1P"},"672":{"t":"T210"},"674":{"t":"C185"},"675":{"t":"P28A"},"677":{"t":"PA17"},"67A":{"t":"C421"},"67B":{"t":"PA11"},"67C":{"t":"ST75"},"67F":{"t":"P28A"},"680":{"t":"C82R"},"682":{"t":"C150"},"685":{"t":"P28R"},"687":{"t":"PA22"},"689":{"t":"C152"},"68D":{"t":"C152"},"68E":{"desc":"L1P"},"690":{"desc":"L1P"},"692":{"desc":"L1P"},"694":{"t":"C180"},"695":{"t":"C170"},"698":{"t":"P28A"},"69A":{"t":"PA17"},"69B":{"t":"P28R"},"69C":{"desc":"L2J"},"69E":{"t":"PA11"},"6A3":{"t":"BE35"},"6A8":{"t":"P32R"},"6B1":{"t":"B789"},"6B2":{"t":"L8"},"6B6":{"t":"C152"},"6B7":{"t":"C180"},"6BB":{"t":"C185"},"6BD":{"t":"PA17"},"6C1":{"t":"PA11"},"6C2":{"t":"ST75"},"6C3":{"t":"C152"},"6C6":{"t":"BE33"},"6C8":{"t":"C206"},"6CD":{"t":"PA22"},"6D2":{"t":"L8"},"6D3":{"desc":"L1P"},"6D5":{"t":"C152"},"6DA":{"t":"C180"},"6DB":{"t":"C170"},"6DC":{"t":"BE35"},"6DD":{"t":"CH7A"},"6DE":{"t":"C185"},"6E2":{"t":"NAVI"},"6E4":{"t":"PA11"},"6E6":{"t":"PA27"},"6E8":{"t":"C150"},"6E9":{"t":"BE36"},"6EA":{"t":"P28R"},"6ED":{"t":"AC11"},"6F0":{"t":"PA22"},"6F3":{"t":"L8"},"6F5":{"t":"L8"},"6F6":{"desc":"L1P"},"6F9":{"t":"L8"},"6FA":{"t":"L8"},"6FF":{"t":"BE35"},"701":{"t":"P28A"},"704":{"t":"P28R"},"706":{"t":"C310"},"707":{"t":"BE35"},"70A":{"t":"C152"},"70D":{"t":"PA32"},"70F":{"t":"BE35"},"711":{"t":"P28A"},"713":{"t":"PA22"},"717":{"t":"L8"},"718":{"t":"L8"},"720":{"t":"C180"},"721":{"t":"C170"},"724":{"t":"C340"},"726":{"t":"M20P"},"72B":{"t":"ST75"},"72E":{"t":"P28A"},"733":{"t":"AC11"},"734":{"t":"PA32"},"738":{"t":"L8"},"73C":{"t":"L8"},"742":{"desc":"L1P"},"743":{"desc":"L1P"},"744":{"desc":"L1P"},"745":{"t":"CH7A"},"746":{"desc":"L1T","t":"M600"},"747":{"t":"BE9L"},"74A":{"desc":"L1P"},"74B":{"desc":"L1P"},"74C":{"t":"MU2"},"74D":{"t":"PA46"},"74E":{"t":"C182"},"74F":{"t":"ULAC"},"750":{"t":"P28A"},"753":{"t":"GLID"},"754":{"desc":"L1P"},"756":{"t":"BALL"},"757":{"t":"YK50"},"758":{"t":"U21"},"75A":{"desc":"L1P"},"75B":{"desc":"L1P"},"75C":{"t":"M20P"},"75D":{"t":"BE55"},"75E":{"t":"C206"},"75F":{"desc":"L1P"},"760":{"t":"C25A"},"761":{"desc":"L1P"},"763":{"desc":"L1P"},"764":{"desc":"L1P"},"766":{"t":"M20T"},"76B":{"t":"BE20"},"76D":{"desc":"G1P"},"76F":{"desc":"L1P"},"770":{"t":"C510"},"771":{"desc":"L1P"},"775":{"t":"C150"},"776":{"t":"P32R"},"777":{"desc":"L1P"},"778":{"t":"PA34"},"779":{"t":"BE20"},"77B":{"t":"C310"},"77D":{"t":"CJ6"},"77E":{"t":"PRM1"},"77F":{"t":"B06"},"780":{"t":"ST75"},"782":{"t":"BE36"},"784":{"t":"PA46"},"785":{"t":"P210"},"786":{"desc":"L1P"},"788":{"t":"BE9L"},"789":{"t":"NAVI"},"78A":{"t":"GLID"},"78D":{"t":"TBM7"},"78E":{"desc":"L1P"},"790":{"desc":"L1P"},"793":{"desc":"L1P"},"794":{"desc":"L1P"},"795":{"desc":"L1P"},"796":{"desc":"L1P"},"797":{"t":"EN48"},"798":{"desc":"L1P"},"799":{"t":"BE58"},"79A":{"t":"ULAC"},"79D":{"desc":"L1P"},"79F":{"t":"M20P"},"7A3":{"t":"GLID"},"7A5":{"desc":"L1P"},"7A6":{"t":"F2TH"},"7A7":{"t":"PA30"},"7A9":{"t":"M20P"},"7AB":{"desc":"H1T"},"7AC":{"t":"C182"},"7AE":{"t":"PA46"},"7AF":{"desc":"L1P"},"7B0":{"desc":"L1P","t":"ULAC"},"7B1":{"desc":"L1P"},"7B6":{"t":"PA27"},"7B7":{"desc":"L1P"},"7B8":{"desc":"L1P"},"7BB":{"t":"C525"},"7BC":{"t":"E300"},"7BD":{"desc":"L1P"},"7BE":{"desc":"L1P"},"7BF":{"t":"F2TH"},"7C0":{"t":"PA31"},"7C2":{"desc":"L1P"},"7C5":{"t":"C172"},"7C6":{"desc":"L1P"},"7CA":{"desc":"L1T","t":"M600"},"7CB":{"desc":"L1P"},"7CC":{"desc":"L1P"},"7CD":{"t":"PA12"},"7D1":{"desc":"A1P"},"7D8":{"t":"BE33"},"7D9":{"t":"R44"},"7DA":{"desc":"L1P"},"7DE":{"t":"C25B"},"7DF":{"t":"R44"},"7E0":{"t":"GLID"},"7E3":{"t":"P28A"},"7E4":{"t":"C150"},"7E8":{"t":"P46T"},"7E9":{"t":"GC1"},"7EA":{"desc":"L1T","t":"PA46"},"7EB":{"desc":"L1P"},"7EC":{"desc":"L1P"},"7EE":{"t":"GLEX"},"7F2":{"t":"F2TH"},"7F3":{"t":"F900"},"7F4":{"desc":"L1P"},"7F5":{"desc":"L1P"},"7FB":{"desc":"L1P","t":"ULAC"},"7FC":{"t":"PAY4"},"7FD":{"desc":"L1P","t":"ULAC"},"802":{"t":"M20P"},"805":{"desc":"L1P"},"806":{"t":"BE58"},"807":{"t":"B407"},"808":{"t":"HUSK"},"80C":{"desc":"L1P"},"80D":{"t":"PA46"},"80E":{"t":"GLID"},"80F":{"desc":"L1P"},"810":{"t":"C182"},"811":{"t":"SR22"},"812":{"desc":"L1P"},"813":{"t":"BE35"},"814":{"t":"PA46"},"815":{"t":"M20P"},"816":{"t":"PRM1"},"818":{"desc":"L1P"},"81A":{"desc":"L1P"},"81B":{"desc":"H1P"},"81C":{"desc":"L1P"},"81F":{"t":"C172"},"820":{"t":"BE9T"},"823":{"desc":"L1P"},"824":{"t":"B350"},"825":{"desc":"L1P"},"826":{"desc":"L1T","t":"PA46"},"829":{"desc":"L1P"},"82C":{"t":"PA46"},"82D":{"t":"C525"},"82E":{"desc":"L1P"},"82F":{"desc":"L1P"},"830":{"desc":"L1P"},"833":{"desc":"L1P"},"834":{"t":"BALL"},"835":{"desc":"L1P"},"837":{"t":"SR22"},"838":{"desc":"L1P"},"83C":{"t":"BE20"},"83D":{"t":"PA46"},"83E":{"desc":"L1P"},"83F":{"desc":"L1P"},"841":{"t":"BE36"},"843":{"desc":"L1P"},"844":{"desc":"L2T"},"845":{"t":"NAVI"},"846":{"t":"GLID"},"848":{"desc":"L1P","t":"ULAC"},"84C":{"desc":"L1P"},"84D":{"t":"GLID"},"84E":{"t":"TAYD"},"84F":{"t":"PA44"},"853":{"t":"PA46"},"855":{"t":"PA24"},"856":{"desc":"L2P"},"857":{"t":"PA46"},"858":{"desc":"H1P"},"85A":{"t":"P46T"},"85B":{"t":"LJ35"},"85C":{"t":"PA46"},"85D":{"desc":"H1T"},"85F":{"t":"FA10"},"861":{"t":"BE35"},"863":{"t":"C72R"},"865":{"t":"T210"},"867":{"desc":"L1P"},"868":{"desc":"H1P"},"869":{"t":"S22T"},"86A":{"t":"LJ45"},"86C":{"t":"PA31"},"86F":{"t":"NAVI"},"873":{"t":"C25C"},"87A":{"t":"T206"},"87C":{"desc":"L1P"},"87F":{"desc":"L1P"},"887":{"t":"PA24"},"888":{"t":"PA46"},"889":{"desc":"L1P"},"88A":{"t":"C210"},"88B":{"desc":"A1P","t":"ULAC"},"88C":{"desc":"L1P"},"88E":{"t":"C182"},"88F":{"desc":"A1P"},"890":{"t":"C551"},"891":{"t":"C206"},"892":{"t":"P46T"},"893":{"t":"PA46"},"894":{"desc":"L1P"},"895":{"desc":"L1P"},"897":{"desc":"L1P"},"898":{"desc":"L1P"},"899":{"t":"PA46"},"89C":{"t":"PA46"},"8B9":{"t":"F900"},"8BA":{"desc":"L1P"},"8BB":{"desc":"L1P"},"8BD":{"t":"L13M"},"8BE":{"desc":"L1P"},"8BF":{"desc":"L2T"},"8C1":{"t":"J3"},"8C2":{"t":"RV12"},"8C3":{"t":"C310"},"8C4":{"desc":"L1P"},"8C5":{"t":"L13M"},"8C7":{"t":"BE9L"},"8C9":{"t":"PA32"},"8CA":{"desc":"L1P"},"8CB":{"desc":"L2J"},"8CD":{"desc":"L1P"},"8CE":{"desc":"L1P"},"8CF":{"desc":"L1P"},"8D2":{"desc":"L1P"},"8D3":{"desc":"L2T"},"8D5":{"t":"PA12"},"8D6":{"t":"PA27"},"8D7":{"t":"PA46"},"8D8":{"desc":"L1P"},"8DA":{"desc":"L1P"},"8DB":{"t":"TAYB"},"8DC":{"desc":"L1P"},"8DD":{"t":"T6"},"8DE":{"t":"CL30"},"8DF":{"desc":"L1P"},"8E0":{"t":"H500"},"8E2":{"desc":"L1P","t":"ULAC"},"8E4":{"desc":"L1P"},"8E6":{"desc":"L1P"},"8EB":{"desc":"L1T","t":"M600"},"8EE":{"t":"TAYB"},"8EF":{"t":"PA46"},"8F0":{"t":"SR22"},"8F2":{"t":"J3"},"8F4":{"desc":"L1P"},"8F6":{"desc":"L1P"},"8F7":{"desc":"L1P"},"8FC":{"desc":"L1P"},"901":{"desc":"A1P"},"902":{"desc":"L1P"},"903":{"desc":"L1P"},"904":{"t":"PA46"},"90C":{"desc":"H2T"},"916":{"t":"P28R"},"91E":{"t":"E145"},"91F":{"t":"T206"},"922":{"t":"CL30"},"925":{"desc":"L1P"},"927":{"t":"BE55"},"92B":{"t":"GC1"},"92F":{"desc":"L1P"},"930":{"t":"SR20"},"936":{"desc":"L1P"},"938":{"t":"M20P"},"939":{"t":"HA4T"},"93A":{"t":"B350"},"93B":{"desc":"L2J"},"93C":{"t":"PA32"},"93E":{"t":"PA46"},"940":{"t":"PA46"},"942":{"desc":"L1P"},"947":{"t":"BE35"},"948":{"desc":"L1P","t":"ULAC"},"94B":{"desc":"L1P"},"94D":{"t":"CL30"},"950":{"desc":"L1P","t":"ULAC"},"965":{"desc":"L1P"},"968":{"t":"ST75"},"96A":{"desc":"L1P"},"96B":{"t":"J3"},"970":{"desc":"L1P"},"972":{"desc":"L1P"},"974":{"t":"AA5"},"978":{"t":"BALL"},"986":{"t":"S22T"},"99C":{"t":"P28A"},"99D":{"t":"P46T"},"99E":{"t":"CH7B"},"99F":{"t":"R66"},"9A0":{"t":"B06"},"9A5":{"t":"GLF4"},"9A8":{"desc":"L2J","t":"A21N"},"9AC":{"t":"PRM1"},"9B0":{"t":"CRJ2"},"9B3":{"desc":"H4E"},"9BB":{"t":"R66"},"9CF":{"t":"T206"},"9D0":{"t":"C185"},"9DF":{"t":"FDCT"},"9E6":{"t":"F900"},"9E8":{"desc":"L1P"},"9E9":{"t":"T206"},"9EA":{"desc":"L1P"},"9F4":{"desc":"L1P"},"9FF":{"t":"BE20"},"A0B":{"t":"BE9L"},"A0F":{"t":"C172"},"A18":{"desc":"L1P","t":"CL60"},"A23":{"t":"P28A"},"A2E":{"t":"GLF4"},"A31":{"t":"C172"},"A39":{"t":"GLID"},"A53":{"desc":"L1P"},"A63":{"t":"BALL"},"A65":{"desc":"L1P"},"A66":{"t":"HUSK"},"A69":{"desc":"L1P"},"A71":{"desc":"L1P"},"A7C":{"desc":"L1P"},"A86":{"t":"P28T"},"A99":{"t":"DA42"},"A9A":{"t":"R22"},"A9C":{"t":"SHIP"},"AA1":{"t":"BL8"},"AAD":{"desc":"L1P"},"AAF":{"t":"DV20"},"ABF":{"desc":"L1P"},"AC0":{"desc":"L1P"},"AC7":{"desc":"L1P"},"ACB":{"t":"P28A"},"ACE":{"t":"PC12"},"ADC":{"t":"H60"},"AE1":{"t":"E120"},"AE2":{"t":"PC12"},"AE6":{"desc":"L1T","t":"M600"},"AE8":{"t":"M6"},"AEA":{"t":"C25C"},"AEC":{"t":"PC12"},"B0A":{"t":"E55P"},"B12":{"t":"C82S"},"B16":{"desc":"L1P","t":"ULAC"},"B19":{"t":"C25C"},"B1A":{"desc":"L1P"},"B1E":{"t":"C525"},"B26":{"t":"C25A"},"B2A":{"desc":"H6E"},"B2C":{"t":"R44"},"B2D":{"t":"LJ35"},"B2E":{"t":"PA44"},"B33":{"desc":"L1T","t":"M600"},"B34":{"t":"F2TH"},"B39":{"desc":"A1P","t":"ULAC"},"B3E":{"t":"SR20"},"B40":{"t":"CRJ2"},"B4D":{"t":"R44"},"B50":{"t":"BE40"},"B55":{"t":"DA42"},"B56":{"t":"C25C"},"B5E":{"t":"A320"},"B65":{"t":"H60"},"B6B":{"t":"B752"},"B8F":{"t":"C182"},"B90":{"desc":"L4P"},"B9B":{"t":"B407"},"B9C":{"t":"B737"},"BA4":{"t":"PA46"},"BA8":{"t":"P28A"},"BB6":{"t":"H60"},"BC1":{"t":"G164"},"BD1":{"t":"BE36"},"BD2":{"t":"GLID"},"BDA":{"desc":"L1T"},"BF3":{"desc":"A1P"},"BF5":{"t":"C180"},"BF6":{"t":"C170"},"BF8":{"t":"CH7A"},"BFA":{"desc":"L1P"},"BFB":{"t":"PA17"},"BFC":{"t":"C172"},"BFE":{"t":"C172"},"BFF":{"t":"PA11"},"C04":{"t":"BE36"},"C05":{"t":"GLID"},"C06":{"t":"T210"},"C09":{"t":"C150"},"C0A":{"desc":"L1P"},"C0D":{"t":"C172"},"C0F":{"t":"C172"},"C10":{"t":"AR11"},"C13":{"desc":"L1P"},"C18":{"t":"C180"},"C19":{"t":"C140"},"C1B":{"t":"C182"},"C1C":{"desc":"L1P","t":"ULAC"},"C1D":{"t":"C172"},"C1E":{"t":"PA17"},"C1F":{"t":"P28R"},"C22":{"t":"GLID"},"C24":{"t":"PA27"},"C26":{"t":"C72R"},"C29":{"t":"C210"},"C2A":{"t":"C72R"},"C2B":{"t":"P210"},"C2C":{"t":"C150"},"C2F":{"t":"AR11"},"C30":{"t":"C172"},"C33":{"t":"AR11"},"C38":{"t":"C172"},"C3E":{"t":"CH7A"},"C42":{"t":"P28R"},"C45":{"t":"PA11"},"C46":{"t":"ST75"},"C4A":{"t":"C82T"},"C4B":{"t":"M4"},"C4D":{"desc":"L1P"},"C4E":{"desc":"L1P"},"C51":{"t":"PA22"},"C52":{"t":"C152"},"C53":{"t":"C152"},"C55":{"desc":"L1P"},"C56":{"t":"C172"},"C58":{"t":"AR11"},"C59":{"t":"C172"},"C5A":{"t":"C172"},"C5E":{"t":"C180"},"C5F":{"t":"C170"},"C65":{"t":"P28R"},"C68":{"desc":"L1P"},"C6C":{"t":"P28A"},"C70":{"desc":"L1P"},"C71":{"t":"AC11"},"C72":{"desc":"L1P"},"C74":{"t":"PA22"},"C75":{"t":"C172"},"C76":{"t":"C172"},"C79":{"t":"C152"},"C7B":{"t":"RV12"},"C80":{"t":"BE36"},"C82":{"t":"C170"},"C87":{"t":"PA15"},"C88":{"t":"P28R"},"C8B":{"t":"PA11"},"C8C":{"t":"C340"},"C8E":{"t":"T210"},"C91":{"t":"M4"},"C93":{"t":"C72R"},"C94":{"t":"AC11"},"C95":{"desc":"L1P"},"C98":{"t":"AR11"},"C9D":{"desc":"L1P"},"C9F":{"t":"C172"},"CA5":{"t":"C170"},"CA7":{"t":"CH7A"},"CA8":{"t":"C206"},"CAA":{"t":"PA17"},"CAB":{"t":"P28R"},"CAE":{"t":"BE36"},"CB1":{"t":"C210"},"CB2":{"t":"P28A"},"CB5":{"t":"C180"},"CB6":{"desc":"H1P"},"CB7":{"t":"AC11"},"CBF":{"t":"C172"},"CC1":{"t":"C172"},"CC2":{"t":"C172"},"CC3":{"t":"AR11"},"CCE":{"t":"P28R"},"CCF":{"t":"NAVI"},"CD1":{"t":"PA11"},"CD4":{"t":"C210"},"CD5":{"t":"P28A"},"CDA":{"t":"AC11"},"CDB":{"t":"C150"},"CDC":{"t":"PA25"},"CDE":{"t":"C172"},"CE1":{"t":"C180"},"CE2":{"t":"AR11"},"CEC":{"t":"BE35"},"CEE":{"t":"T206"},"CF1":{"t":"P28R"},"CF4":{"t":"BE58"},"CF5":{"t":"BE17"},"CF7":{"t":"T210"},"CF8":{"t":"P28A"},"CFA":{"t":"M4"},"CFB":{"t":"C180"},"CFC":{"desc":"L1P"},"CFD":{"t":"AC11"},"CFE":{"t":"C150"},"D01":{"t":"TAYD"},"D02":{"t":"CH7A"},"D03":{"t":"C172"},"D06":{"t":"C152"},"D09":{"t":"C172"},"D0A":{"desc":"L1P"},"D0C":{"t":"BE36"},"D0E":{"t":"T210"},"D0F":{"t":"BE35"},"D10":{"t":"CH7A"},"D11":{"t":"C206"},"D18":{"desc":"L1P"},"D20":{"t":"AC11"},"D26":{"t":"AR11"},"D28":{"desc":"L1P"},"D29":{"t":"C172"},"D2B":{"t":"C172"},"D2D":{"t":"TAYD"},"D33":{"t":"CH7A"},"D34":{"desc":"L1P"},"D38":{"t":"NAVI"},"D39":{"t":"C152"},"D3A":{"t":"BE33"},"D3D":{"t":"C172"},"D3F":{"t":"C82T"},"D40":{"t":"M4"},"D41":{"t":"T206"},"D48":{"t":"C172"},"D49":{"t":"C172"},"D4A":{"t":"TAYD"},"D4D":{"t":"BALL"},"D4E":{"t":"TAYD"},"D51":{"t":"BE35"},"D52":{"t":"BE35"},"D55":{"t":"CH7B"},"D5B":{"t":"C182"},"D5F":{"desc":"L2J","t":"A21N"},"D60":{"desc":"L1P"},"D62":{"t":"GLF3"},"D63":{"t":"B739"},"D67":{"t":"CRJ2"},"D6A":{"desc":"H4E"},"D6B":{"t":"BE35"},"D6C":{"desc":"A1P","t":"ULAC"},"D6D":{"t":"P46T"},"D6E":{"t":"BE58"},"D71":{"t":"AT8T"},"D72":{"t":"CH7B"},"D73":{"t":"GLID"},"D85":{"desc":"L1P"},"D86":{"t":"SF50"},"D87":{"t":"UH1"},"D88":{"t":"SR22"},"D90":{"t":"C172"},"D92":{"t":"C172"},"D96":{"t":"P28A"},"D99":{"desc":"L1P"},"D9F":{"desc":"L1P"},"DA0":{"desc":"L1P"},"DA3":{"t":"BE20"},"DA4":{"desc":"L1P"},"DA7":{"t":"PA46"},"DA9":{"t":"BL8"},"DAE":{"t":"DA40"},"DB2":{"desc":"L1P"},"DB4":{"t":"C172"},"DB6":{"t":"SR22"},"DC2":{"desc":"L1P"},"DC4":{"t":"BE9L"},"DC6":{"t":"C172"},"DCD":{"desc":"L1T"},"DCF":{"t":"GLID"},"DD0":{"t":"P28A"},"DDA":{"t":"FA20"},"DDB":{"desc":"L1P"},"DE1":{"desc":"L2J"},"DE5":{"t":"GLF4"},"DEB":{"t":"C170"},"DFA":{"t":"GLF4"},"E01":{"t":"R22"},"E0F":{"t":"PA46"},"E1A":{"t":"TBM7"},"E1B":{"t":"P46T"},"E21":{"desc":"L1P"},"E24":{"t":"BALL"},"E26":{"desc":"L1P"},"E35":{"desc":"H1P"},"E55":{"t":"LJ45"},"E58":{"t":"TBM7"},"E61":{"desc":"L1P"},"E65":{"desc":"L2P"},"E66":{"desc":"L2T"},"E67":{"t":"P32R"},"E68":{"t":"LJ60"},"E6C":{"t":"S22T"},"E76":{"desc":"L1P"},"E77":{"t":"EC35"},"E7E":{"t":"EA50"},"E97":{"t":"SR20"},"E98":{"t":"DA42"},"E9A":{"t":"PC12"},"EA3":{"t":"PA12"},"EA8":{"t":"C56X"},"EC1":{"t":"GLF4"},"ECA":{"t":"B06"},"ED0":{"t":"BE9L"},"ED3":{"desc":"L1P"},"ED5":{"t":"C172"},"EE3":{"t":"AS50"},"EE4":{"t":"PA46"},"EE9":{"t":"BALL"},"EEA":{"t":"BALL"},"EEB":{"t":"BE40"},"EF0":{"t":"C172"},"EF2":{"t":"SR22"},"EF3":{"t":"BE35"},"EF4":{"desc":"L1P"},"EF7":{"t":"CRJ2"},"EFB":{"desc":"H1P"},"EFD":{"t":"PA46"},"EFE":{"t":"C152"},"F03":{"t":"DA42"},"F04":{"t":"C172"},"F07":{"desc":"L1T","t":"PA46"},"F15":{"t":"A320"},"F22":{"t":"B752"},"F2E":{"desc":"L1P"},"F33":{"t":"PA46"},"F49":{"t":"TBM7"},"F4D":{"desc":"L1P"},"F53":{"t":"B737"},"F5B":{"t":"RC3"},"F5D":{"desc":"H2T"},"F5F":{"desc":"L1P"},"FAA":{"desc":"L1P"},"FAB":{"t":"C180"},"FAC":{"t":"C180"},"FAD":{"t":"C170"},"FAE":{"desc":"L1P"},"FAF":{"t":"CH7A"},"FB2":{"t":"PA17"},"FB4":{"t":"P210"},"FB5":{"t":"C172"},"FB6":{"t":"PA11"},"FB9":{"t":"C172"},"FBA":{"t":"P28A"},"FBE":{"t":"ST75"},"FBF":{"t":"BE58"},"FC1":{"t":"PA18"},"FC2":{"t":"PA22"},"FC3":{"t":"C172"},"FC4":{"t":"C172"},"FC8":{"t":"AR11"},"FCA":{"t":"C172"},"FCB":{"t":"TAYD"},"FCC":{"t":"C172"},"FD1":{"t":"AR11"},"FD2":{"t":"C185"},"FD3":{"t":"C206"},"FD8":{"t":"C172"},"FDA":{"desc":"L1P"},"FDD":{"t":"P28A"},"FDF":{"desc":"L1P","t":"ULAC"},"FE2":{"t":"AC11"},"FE5":{"t":"PA22"},"FE6":{"desc":"H1P"},"FE7":{"t":"TAYD"},"FE8":{"t":"TAYD"},"FEA":{"t":"AR11"},"FEB":{"t":"C172"},"FEC":{"desc":"L1P"},"FEE":{"t":"C172"},"FEF":{"t":"C172"},"FF2":{"t":"C180"},"FF4":{"t":"C172"},"FF8":{"t":"PA17"},"FF9":{"t":"AT6T"},"FFA":{"t":"P210"},"FFB":{"t":"C172"},"FFD":{"t":"BE17"}}