{"000":{"t":"RV12"},"001":{"t":"BE35"},"002":{"t":"M4"},"007":{"t":"PA18"},"00B":{"t":"C172"},"00D":{"t":"AR11"},"00E":{"t":"C172"},"00F":{"t":"C172"},"010":{"t":"C172"},"011":{"t":"C172"},"015":{"t":"C180"},"018":{"t":"AR11"},"01E":{"t":"C172"},"01F":{"t":"BE36"},"022":{"t":"C172"},"024":{"t":"BE58"},"025":{"t":"M4"},"02C":{"t":"C172"},"02E":{"t":"C172"},"02F":{"t":"C172"},"030":{"t":"C152"},"031":{"t":"C152"},"034":{"t":"C152"},"038":{"t":"C152"},"039":{"t":"C170"},"03A":{"t":"BE35"},"03E":{"t":"PA17"},"03F":{"t":"P28R"},"041":{"t":"C172"},"044":{"t":"PA27"},"046":{"t":"C72R"},"048":{"desc":"L1P"},"04A":{"desc":"L1P"},"04C":{"t":"C150"},"050":{"desc":"L1P"},"052":{"t":"C172"},"053":{"t":"C172"},"055":{"t":"C152"},"056":{"desc":"L1P"},"058":{"t":"TAYD"},"059":{"desc":"L1P"},"05C":{"t":"BE9L"},"061":{"t":"PA17"},"064":{"t":"C172"},"065":{"t":"PA11"},"069":{"t":"P28A"},"06A":{"t":"BE58"},"06E":{"t":"AC11"},"06F":{"t":"C206"},"070":{"t":"PA18"},"075":{"t":"C172"},"076":{"t":"C172"},"079":{"t":"C172"},"07A":{"t":"C172"},"07D":{"t":"C180"},"07E":{"t":"C180"},"07F":{"t":"T210"},"080":{"t":"BE35"},"084":{"t":"PA17"},"086":{"t":"NAVI"},"088":{"t":"PA11"},"089":{"t":"DG15"},"092":{"t":"C150"},"093":{"t":"PA18"},"094":{"t":"PA22"},"096":{"t":"C172"},"098":{"t":"C172"},"09B":{"t":"C172"},"09C":{"t":"C172"},"09D":{"t":"C172"},"0A1":{"t":"C180"},"0A2":{"t":"C210"},"0A4":{"t":"C182"},"0A7":{"t":"PA17"},"0AA":{"t":"C172"},"0AC":{"desc":"A2P"},"0AF":{"t":"P28A"},"0B0":{"t":"C82R"},"0B1":{"desc":"L1P"},"0B3":{"desc":"L1P"},"0B4":{"t":"P210"},"0BB":{"t":"C180"},"0BF":{"t":"C172"},"0C4":{"t":"C180"},"0C7":{"desc":"L2P"},"0CA":{"t":"PA17"},"0CD":{"t":"C172"},"0CE":{"t":"B58T"},"0D0":{"t":"C152"},"0D4":{"t":"M4"},"0D6":{"desc":"L1P"},"0D7":{"t":"AC11"},"0D8":{"t":"C150"},"0D9":{"t":"PA25"},"0DA":{"t":"PA22"},"0DC":{"t":"AR11"},"0DE":{"t":"AR11"},"0E0":{"t":"AR11"},"0E1":{"t":"AR11"},"0E3":{"t":"C172"},"0E4":{"t":"C172"},"0E6":{"t":"C180"},"0E7":{"t":"C180"},"0E9":{"t":"BE35"},"0ED":{"t":"PA17"},"0F0":{"t":"C172"},"0F1":{"t":"BE58"},"0F5":{"t":"P28A"},"0F7":{"t":"M4"},"0F9":{"desc":"L1P"},"0FD":{"t":"PA15"},"103":{"t":"C172"},"105":{"t":"FA62"},"106":{"t":"C172"},"107":{"t":"FA62"},"109":{"t":"C140"},"10A":{"desc":"L2J","t":"A21N"},"11A":{"t":"B739"},"11E":{"t":"CRJ2"},"121":{"desc":"H4E"},"122":{"t":"C560"},"123":{"t":"R44"},"126":{"desc":"L1P"},"128":{"desc":"L1P"},"129":{"t":"SF50"},"133":{"desc":"L1P"},"134":{"t":"P28A"},"13B":{"t":"S108"},"13C":{"t":"S22T"},"13D":{"t":"PRM1"},"13E":{"desc":"H1T"},"13F":{"t":"SR22"},"144":{"t":"C25B"},"149":{"t":"SR22"},"154":{"t":"DA62"},"155":{"t":"C337"},"156":{"t":"HDJT"},"15B":{"desc":"H4E"},"15C":{"t":"PA31"},"15E":{"desc":"L1P"},"160":{"t":"BE35"},"17D":{"t":"C172"},"187":{"t":"P28A"},"191":{"t":"P28A"},"19C":{"t":"GLF4"},"1B0":{"t":"PC12"},"1BB":{"desc":"L1P"},"1C6":{"t":"PA46"},"1C9":{"t":"SR22"},"1D3":{"t":"C182"},"1EC":{"t":"BALL"},"1ED":{"desc":"L2J"},"203":{"t":"DV20"},"206":{"t":"PA18"},"215":{"t":"PA46"},"21C":{"t":"P46T"},"21D":{"desc":"L2T"},"21F":{"desc":"L1P"},"220":{"t":"ULAC"},"226":{"t":"GLF5"},"22D":{"desc":"L1P"},"22E":{"desc":"L1T"},"236":{"t":"T28"},"237":{"t":"B429"},"24E":{"t":"B407"},"24F":{"desc":"L2T"},"251":{"t":"PC12"},"252":{"t":"R66"},"257":{"t":"P46T"},"25F":{"t":"DA62"},"260":{"t":"SR22"},"267":{"t":"C150"},"278":{"t":"E55P"},"283":{"t":"C414"},"294":{"desc":"L1P"},"298":{"desc":"H8E"},"29A":{"desc":"L1P","t":"ULAC"},"29C":{"t":"ULAC"},"2A2":{"t":"BE40"},"2A7":{"t":"C172"},"2AE":{"desc":"L1T"},"2AF":{"desc":"L1P"},"2B2":{"t":"CH7A"},"2B5":{"t":"TAYB"},"2BA":{"t":"DA40"},"2BB":{"t":"S22T"},"2BE":{"t":"PA46"},"2C2":{"t":"C172"},"2C4":{"t":"PA27"},"2C7":{"desc":"L1P"},"2CC":{"t":"A320"},"2D9":{"t":"B752"},"2F6":{"t":"C72R"},"300":{"t":"HUSK"},"30A":{"t":"B737"},"30B":{"desc":"L1P"},"312":{"desc":"L1P"},"314":{"desc":"H2T"},"316":{"t":"P208"},"324":{"t":"FA62"},"335":{"desc":"L1P"},"348":{"t":"RV12"},"361":{"t":"SF50"},"362":{"desc":"L2P"},"363":{"t":"C180"},"364":{"t":"C170"},"365":{"t":"BE35"},"369":{"t":"PA15"},"36B":{"t":"P210"},"36D":{"t":"PA11"},"36E":{"t":"C182"},"373":{"desc":"L1P"},"378":{"t":"T210"},"37A":{"t":"C172"},"37B":{"t":"C172"},"37D":{"t":"C172"},"37F":{"t":"C172"},"384":{"t":"V10"},"385":{"desc":"L1P"},"386":{"t":"C152"},"387":{"t":"C170"},"388":{"t":"C172"},"38C":{"t":"PA17"},"38D":{"t":"P28R"},"38E":{"t":"A333"},"38F":{"t":"C172"},"390":{"t":"BE58"},"393":{"t":"C210"},"394":{"t":"P28A"},"395":{"t":"C82T"},"396":{"t":"M4"},"39A":{"t":"C150"},"39B":{"t":"PA18"},"39C":{"t":"PA22"},"39D":{"t":"C172"},"39E":{"t":"C172"},"3A1":{"t":"C172"},"3A2":{"t":"TAYD"},"3A3":{"t":"TAYD"},"3A4":{"t":"PT22"},"3A6":{"t":"C172"},"3A8":{"t":"C180"},"3AB":{"t":"BE35"},"3AC":{"desc":"L2T"},"3B2":{"t":"C172"},"3B3":{"t":"PA11"},"3B4":{"t":"C182"},"3B7":{"t":"P28A"},"3B8":{"t":"GLID"},"3BB":{"t":"J3"},"3C0":{"t":"PT22"},"3C1":{"t":"C172"},"3C4":{"t":"TAYD"},"3C6":{"t":"C172"},"3C7":{"t":"C172"},"3C9":{"desc":"L1P"},"3CA":{"t":"G164"},"3CB":{"t":"C180"},"3CD":{"t":"C170"},"3D0":{"t":"T206"},"3D2":{"t":"PA17"},"3D3":{"t":"P28R"},"3D4":{"t":"NAVI"},"3DB":{"desc":"L1P"},"3DC":{"t":"M4"},"3E2":{"t":"PA22"},"3E3":{"t":"C172"},"3E4":{"t":"C172"},"3E7":{"t":"PT22"},"3F2":{"t":"CH7A"},"3F5":{"t":"M20P"},"3F6":{"t":"P28R"},"3F7":{"t":"P210"},"3F8":{"t":"C172"},"3F9":{"t":"PA11"},"3FC":{"t":"C210"},"3FF":{"t":"M4"},"400":{"t":"C180"},"401":{"t":"C72R"},"402":{"t":"AC11"},"404":{"t":"PA25"},"406":{"t":"C172"},"409":{"desc":"L1P"},"40A":{"t":"TAYD"},"40B":{"t":"C172"},"40C":{"t":"C172"},"40E":{"t":"AR11"},"40F":{"t":"C152"},"412":{"t":"C208"},"413":{"t":"C170"},"414":{"desc":"L1P"},"417":{"t":"C172"},"419":{"t":"P28R"},"41A":{"t":"NAVI"},"41C":{"t":"BE36"},"41F":{"t":"C210"},"423":{"t":"C180"},"425":{"t":"AC11"},"427":{"t":"PA25"},"429":{"t":"C172"},"42A":{"t":"C172"},"42D":{"t":"C172"},"42E":{"t":"C172"},"42F":{"t":"C172"},"432":{"t":"C152"},"435":{"t":"C180"},"437":{"t":"BE35"},"438":{"desc":"L1P"},"439":{"t":"C206"},"43B":{"t":"M20P"},"43C":{"t":"P28R"},"43D":{"t":"P210"},"43E":{"t":"C172"},"441":{"t":"PA27"},"443":{"t":"P28A"},"44D":{"t":"C152"},"44E":{"t":"C172"},"451":{"t":"C172"},"452":{"t":"TAYD"},"453":{"t":"C172"},"454":{"t":"TAYD"},"455":{"t":"C172"},"458":{"t":"C180"},"45A":{"t":"BE35"},"45B":{"t":"CH7A"},"45C":{"t":"P28A"},"45D":{"desc":"L1P"},"45E":{"t":"PA17"},"460":{"t":"P210"},"462":{"t":"PA11"},"465":{"t":"T210"},"466":{"t":"P28A"},"469":{"t":"T206"},"46B":{"t":"AC11"},"46D":{"t":"PA18"},"46E":{"t":"PA22"},"46F":{"t":"TAYD"},"471":{"t":"TAYD"},"472":{"t":"T28"},"474":{"t":"C152"},"475":{"t":"C172"},"47B":{"t":"C180"},"47C":{"t":"C170"},"47D":{"t":"BE35"},"47E":{"t":"AR11"},"481":{"t":"PA17"},"482":{"t":"P28R"},"485":{"t":"PA11"},"489":{"t":"P28A"},"48C":{"desc":"L1P"},"48F":{"t":"C150"},"491":{"t":"PA22"},"493":{"t":"C172"},"494":{"t":"C172"},"495":{"t":"C172"},"496":{"t":"C172"},"498":{"t":"J3"},"499":{"t":"C172"},"49A":{"t":"C172"},"49D":{"t":"C180"},"4A0":{"t":"C172"},"4A1":{"t":"CH7A"},"4A2":{"t":"C206"},"4A4":{"t":"PA17"},"4A6":{"t":"P210"},"4A7":{"t":"C172"},"4AC":{"t":"P28A"},"4AE":{"desc":"L1P"},"4B0":{"desc":"L1P"},"4B3":{"t":"PA25"},"4B4":{"t":"PA22"},"4B6":{"t":"C172"},"4B7":{"t":"C172"},"4B8":{"t":"C172"},"4BA":{"t":"C180"},"4BB":{"t":"BE17"},"4BC":{"desc":"H1P"},"4BD":{"t":"C180"},"4BE":{"t":"C172"},"4C0":{"desc":"L1P"},"4C1":{"desc":"L2J","t":"A21N"},"4C2":{"desc":"H4E"},"4C3":{"t":"B77W"},"4CA":{"t":"FA10"},"4CC":{"t":"H25B"},"4D1":{"desc":"L1P"},"4D4":{"desc":"L1P"},"4D5":{"t":"CRJ2"},"4D8":{"desc":"H4E"},"4DA":{"desc":"A1P","t":"ULAC"},"4DB":{"t":"BE35"},"4FE":{"t":"C172"},"500":{"t":"C172"},"504":{"t":"FDCT"},"50A":{"desc":"L1P"},"50D":{"t":"C208"},"511":{"t":"BE20"},"512":{"desc":"L1P"},"517":{"desc":"A1P"},"51C":{"t":"R44"},"534":{"t":"C172"},"53E":{"t":"P28A"},"54F":{"desc":"L2J"},"553":{"t":"GLF4"},"556":{"desc":"L1P"},"57D":{"t":"PA46"},"580":{"t":"ST75"},"589":{"t":"C560"},"596":{"t":"PA46"},"599":{"t":"J3"},"59A":{"t":"PC12"},"59D":{"desc":"H1P"},"5A1":{"t":"BE35"},"5A3":{"t":"BE58"},"5A4":{"t":"PA46"},"5AA":{"t":"S22T"},"5B6":{"desc":"L1P"},"5BA":{"t":"BE60"},"5C6":{"t":"PA18"},"5C8":{"desc":"L1P","t":"ULAC"},"5D3":{"t":"C182"},"5D4":{"t":"GLF4"},"5D5":{"desc":"L1P","t":"ULAC"},"5E4":{"desc":"L1P"},"606":{"desc":"H6E"},"608":{"desc":"A1P","t":"ULAC"},"61A":{"t":"C172"},"62F":{"t":"E55P"},"638":{"t":"B06"},"63B":{"t":"TBM7"},"641":{"t":"RC3"},"644":{"t":"P28R"},"648":{"t":"BE9L"},"64B":{"desc":"L1P"},"654":{"t":"G280"},"659":{"t":"BE40"},"65A":{"t":"R44"},"65E":{"t":"C172"},"665":{"t":"CRJ2"},"669":{"t":"BE35"},"66F":{"t":"SR22"},"671":{"t":"DA40"},"675":{"t":"C510"},"683":{"t":"A320"},"690":{"t":"B752"},"69B":{"t":"C25B"},"6A7":{"desc":"L1P"},"6AC":{"t":"C240"},"6B6":{"t":"PA46"},"6C1":{"t":"B737"},"6CB":{"desc":"H2T"},"6F8":{"desc":"L1P"},"718":{"t":"G164"},"71D":{"t":"CH7A"},"721":{"t":"C172"},"722":{"t":"C182"},"723":{"t":"C172"},"724":{"t":"PA11"},"725":{"t":"C402"},"726":{"t":"PA27"},"728":{"t":"P28A"},"72A":{"t":"P28A"},"72C":{"desc":"L1P"},"730":{"t":"PA22"},"731":{"t":"C180"},"733":{"t":"C172"},"734":{"t":"C172"},"735":{"t":"J3"},"738":{"t":"C172"},"739":{"t":"C152"},"73A":{"t":"C172"},"73D":{"t":"C152"},"73E":{"t":"T210"},"744":{"t":"P28R"},"746":{"t":"C172"},"747":{"t":"PA11"},"74C":{"t":"C82T"},"74D":{"desc":"L1P"},"74E":{"t":"C180"},"74F":{"desc":"L1P"},"756":{"t":"C172"},"759":{"t":"C172"},"75B":{"t":"C180"},"75D":{"desc":"L1P"},"760":{"t":"C180"},"761":{"t":"C170"},"764":{"t":"P28A"},"767":{"t":"P28R"},"76C":{"t":"GLID"},"76E":{"t":"P28A"},"772":{"desc":"L1P"},"774":{"t":"C150"},"779":{"t":"C172"},"77A":{"t":"C172"},"77B":{"t":"C172"},"77C":{"t":"C172"},"787":{"desc":"L1P","t":"ULAC"},"789":{"t":"PA17"},"78A":{"t":"C172"},"78B":{"t":"C182"},"78D":{"t":"BE33"},"790":{"t":"C172"},"792":{"t":"C82T"},"795":{"desc":"L1P"},"79D":{"desc":"L1P"},"79E":{"t":"C172"},"7A0":{"desc":"L1P"},"7A2":{"t":"C172"},"7A4":{"desc":"L1P"},"7A5":{"t":"C180"},"7A6":{"t":"C180"},"7A7":{"t":"C170"},"7A8":{"t":"C172"},"7A9":{"t":"CH7A"},"7AA":{"t":"C206"},"7AF":{"t":"C172"},"7B0":{"t":"BE35"},"7B4":{"t":"P28A"},"7B7":{"t":"C206"},"7B9":{"t":"AC11"},"7BA":{"t":"C150"},"7BF":{"t":"C172"},"7C0":{"desc":"L1P"},"7C1":{"t":"C172"},"7C2":{"t":"C172"},"7C3":{"t":"C172"},"7C4":{"t":"TAYD"},"7C6":{"t":"C172"},"7C8":{"t":"C180"},"7C9":{"t":"C180"},"7CA":{"t":"C170"},"7CB":{"t":"C172"},"7CC":{"t":"CH7A"},"7CE":{"t":"C414"},"7CF":{"t":"PA17"},"7D1":{"t":"C172"},"7D2":{"t":"C152"},"7D7":{"t":"P28A"},"7DC":{"t":"AC11"},"7E1":{"t":"C172"},"7E2":{"t":"C172"},"7E4":{"desc":"H1P"},"7E5":{"t":"C172"},"7EB":{"t":"C180"},"7EC":{"t":"C180"},"7ED":{"t":"C170"},"7F0":{"t":"P28A"},"7F4":{"t":"P210"},"7F6":{"t":"PA11"},"7F8":{"t":"PA27"},"7FD":{"t":"C210"},"802":{"t":"PA22"},"803":{"t":"C172"},"804":{"desc":"L1P"},"805":{"desc":"L1P"},"809":{"t":"C152"},"80A":{"desc":"L1P"},"80B":{"t":"NAVI"},"80E":{"t":"BE35"},"80F":{"t":"C180"},"810":{"t":"C170"},"814":{"t":"C172"},"816":{"t":"P28R"},"81A":{"t":"ST75"},"81D":{"t":"P28A"},"81F":{"t":"GLID"},"820":{"t":"C206"},"821":{"desc":"L1P"},"822":{"t":"AC11"},"82A":{"t":"C172"},"82E":{"t":"C172"},"831":{"t":"BE55"},"834":{"t":"BE35"},"835":{"t":"C185"},"836":{"t":"C206"},"839":{"t":"P28R"},"83A":{"t":"C182"},"83C":{"t":"PA11"},"83D":{"t":"DG15"},"83E":{"t":"PA27"},"844":{"desc":"L1P"},"845":{"t":"AC11"},"846":{"t":"C150"},"849":{"t":"NAVI"},"84A":{"t":"C172"},"84B":{"t":"C172"},"84E":{"t":"C172"},"852":{"t":"FA62"},"855":{"t":"C180"},"856":{"t":"C170"},"85B":{"t":"PA17"},"85D":{"t":"C182"},"85E":{"t":"C172"},"862":{"t":"C210"},"863":{"t":"P28A"},"865":{"desc":"L1P"},"867":{"desc":"L1P"},"868":{"t":"AC11"},"869":{"t":"C150"},"86A":{"t":"PA18"},"86C":{"t":"C172"},"86D":{"t":"C172"},"86E":{"t":"C172"},"86F":{"t":"C152"},"872":{"t":"C172"},"875":{"t":"C172"},"876":{"t":"PA38"},"877":{"t":"B407"},"878":{"desc":"L2J","t":"A21N"},"879":{"desc":"H4E"},"87A":{"t":"SR20"},"87C":{"t":"B06"},"87E":{"t":"COL4"},"881":{"t":"GLID"},"883":{"desc":"L2J"},"887":{"desc":"L1P"},"888":{"t":"B739"},"88C":{"t":"CRJ2"},"88F":{"desc":"H4E"},"891":{"desc":"A1P","t":"ULAC"},"893":{"t":"FA62"},"896":{"desc":"L1P"},"898":{"t":"C525"},"8A9":{"t":"P46T"},"8AA":{"t":"P32R"},"8AB":{"desc":"L1P"},"8AC":{"t":"PA18"},"8AD":{"t":"SR20"},"8B5":{"t":"C172"},"8B7":{"desc":"L1P"},"8BA":{"t":"C182"},"8BE":{"desc":"L1P"},"8C3":{"t":"DV20"},"8C4":{"t":"C172"},"8C5":{"t":"C421"},"8C9":{"desc":"L1P"},"8CE":{"desc":"L1P"},"8D3":{"t":"DA40"},"8DC":{"t":"BE58"},"8E2":{"t":"C25C"},"8E3":{"desc":"L1P"},"8E7":{"desc":"L1P"},"8EB":{"t":"C172"},"8F4":{"t":"C182"},"8F5":{"t":"P28A"},"8FC":{"desc":"L1P"},"90A":{"t":"GLF4"},"90F":{"desc":"L1P"},"91D":{"t":"GLF6"},"91E":{"t":"C206"},"91F":{"t":"GLID"},"926":{"t":"C182"},"934":{"t":"P46T"},"937":{"desc":"L1P"},"941":{"t":"PA46"},"945":{"desc":"L1T","t":"PA46"},"950":{"desc":"L1P"},"954":{"desc":"L1P"},"958":{"t":"C182"},"95A":{"t":"S22T"},"95B":{"desc":"L2J"},"971":{"t":"C182"},"973":{"t":"PA46"},"97C":{"desc":"L1P"},"97D":{"t":"PA18"},"97F":{"desc":"L1P"},"98A":{"t":"SR22"},"98B":{"t":"C182"},"98D":{"t":"B744"},"98F":{"t":"ERCO"},"991":{"t":"SR20"},"99B":{"desc":"L1P"},"99F":{"t":"S22T"},"9A3":{"desc":"L1P","t":"ULAC"},"9A5":{"t":"GLID"},"9BC":{"t":"BE35"},"9BD":{"t":"P46T"},"9BF":{"t":"SR22"},"9C3":{"t":"EA50"},"9C8":{"t":"T206"},"9E6":{"t":"E55P"},"9EE":{"t":"C182"},"9F0":{"t":"BE95"},"9F8":{"desc":"L1T","t":"M600"},"9F9":{"desc":"L1P"},"9FA":{"t":"AS50"},"A00":{"t":"P46T"},"A07":{"desc":"L1P"},"A08":{"t":"C140"},"A09":{"desc":"L1P"},"A0A":{"t":"BL8"},"A0D":{"t":"B407"},"A13":{"t":"PA46"},"A15":{"t":"PA32"},"A17":{"t":"BE33"},"A1C":{"t":"CRJ2"},"A20":{"t":"C68A"},"A21":{"t":"C182"},"A28":{"t":"DA40"},"A2C":{"desc":"A1P"},"A32":{"t":"PC12"},"A35":{"t":"CJ6"},"A3A":{"t":"A320"},"A47":{"t":"B752"},"A52":{"t":"BE55"},"A55":{"desc":"L1T"},"A5C":{"desc":"L1T"},"A6B":{"t":"C182"},"A6D":{"desc":"L1P"},"A73":{"t":"S22T"},"A78":{"t":"B737"},"A7D":{"t":"C172"},"A82":{"desc":"H2T"},"A84":{"desc":"A1P"},"A9D":{"t":"G164"},"AA1":{"desc":"L1T"},"AC2":{"t":"FA62"},"AD1":{"t":"C152"},"AD3":{"desc":"L1P"},"AD4":{"t":"C185"},"AD5":{"t":"C206"},"AD6":{"t":"C414"},"AD8":{"t":"C172"},"AD9":{"t":"C182"},"ADD":{"desc":"L1P"},"ADF":{"t":"P28A"},"AE0":{"t":"BE35"},"AE3":{"desc":"L1P"},"AE4":{"t":"AC11"},"AE5":{"t":"C150"},"AE7":{"t":"PA22"},"AE9":{"t":"C172"},"AEC":{"t":"C172"},"AEF":{"t":"C172"},"AF4":{"t":"C180"},"AF5":{"t":"C170"},"AF8":{"t":"P28R"},"AFB":{"t":"P28R"},"AFD":{"t":"C172"},"AFF":{"t":"DG15"},"B00":{"t":"C152"},"B01":{"t":"C172"},"B02":{"t":"P28A"},"B06":{"t":"AR11"},"B0A":{"t":"PA22"},"B0B":{"t":"C172"},"B0E":{"t":"C152"},"B10":{"t":"C172"},"B13":{"t":"C172"},"B14":{"t":"C172"},"B17":{"t":"C180"},"B1A":{"t":"CH7A"},"B1D":{"t":"PA17"},"B20":{"t":"C172"},"B21":{"t":"PA11"},"B22":{"t":"ST75"},"B25":{"t":"P28A"},"B26":{"desc":"L1P"},"B27":{"t":"PA11"},"B28":{"t":"C180"},"B29":{"desc":"L1P"},"B2A":{"t":"AC11"},"B2C":{"t":"PA25"},"B2E":{"t":"C172"},"B31":{"t":"C172"},"B34":{"desc":"L1P"},"B37":{"t":"J3"},"B3A":{"t":"C180"},"B3D":{"t":"CH7A"},"B40":{"t":"PA17"},"B44":{"t":"PA11"},"B4E":{"t":"C150"},"B51":{"t":"C172"},"B54":{"t":"C172"},"B55":{"desc":"L1P","t":"ULAC"},"B56":{"t":"C172"},"B57":{"t":"C172"},"B58":{"t":"C172"},"B5C":{"t":"C180"},"B5E":{"t":"C185"},"B5F":{"t":"BE35"},"B61":{"t":"C206"},"B63":{"t":"M20P"},"B64":{"t":"C172"},"B69":{"t":"PA27"},"B6C":{"t":"GLID"},"B6D":{"desc":"L1P"},"B6E":{"t":"T210"},"B6F":{"desc":"L1P"},"B72":{"t":"PA18"},"B76":{"t":"C172"},"B7B":{"t":"C172"},"B7C":{"t":"C172"},"B7D":{"t":"C172"},"B7E":{"desc":"L1P"},"B80":{"t":"C180"},"B81":{"t":"C170"},"B82":{"t":"BE35"},"B84":{"t":"T206"},"B85":{"t":"C414"},"B86":{"t":"PA17"},"B87":{"t":"P28R"},"B88":{"t":"C182"},"B8A":{"t":"PA11"},"B8E":{"t":"P28A"},"B93":{"t":"AC11"},"B97":{"t":"J3"},"B98":{"t":"ULAC"},"B9A":{"t":"TAYD"},"B9C":{"desc":"L1P"},"B9E":{"t":"C172"},"BA1":{"desc":"L1P"},"BA2":{"t":"C180"},"BA3":{"t":"C180"},"BA4":{"t":"C185"},"BA6":{"desc":"L1P"},"BA8":{"desc":"L1T","t":"PA46"},"BA9":{"t":"C182"},"BAA":{"t":"P28R"},"BAB":{"t":"C182"},"BAC":{"desc":"L1P","t":"ULAC"},"BAD":{"desc":"L1P"},"BAE":{"t":"DG15"},"BB1":{"t":"P28A"},"BB5":{"desc":"L1P"},"BBA":{"t":"C172"},"BBC":{"t":"C172"},"BC3":{"desc":"L1P","t":"ULAC"},"BC5":{"t":"C180"},"BC6":{"t":"ULAC"},"BC7":{"t":"C170"},"BC8":{"t":"BE35"},"BC9":{"desc":"L1P"},"BCC":{"t":"PA17"},"BCF":{"t":"C172"},"BD3":{"desc":"L1P"},"BD4":{"t":"RV12"},"BD5":{"t":"BE55"},"BDC":{"desc":"L1P"},"BDD":{"t":"C172"},"BDE":{"t":"J3"},"BDF":{"desc":"L1P"},"BE0":{"t":"C152"},"BE1":{"t":"C172"},"BE4":{"t":"J3"},"BE7":{"desc":"L1P"},"BE8":{"t":"P210"},"BEA":{"t":"T210"},"BEB":{"t":"BE35"},"BEC":{"t":"C182"},"BED":{"t":"C206"},"BF0":{"t":"P28R"},"BF3":{"t":"PA14"},"BF8":{"t":"BE36"},"BFD":{"t":"C150"},"C02":{"t":"GLID"},"C04":{"t":"C172"},"C06":{"t":"C172"},"C07":{"t":"C152"},"C09":{"t":"J3"},"C0C":{"t":"C180"},"C0F":{"t":"C185"},"C16":{"t":"C152"},"C19":{"t":"C172"},"C1A":{"t":"P28A"},"C1B":{"t":"C82T"},"C1C":{"t":"C82R"},"C1D":{"t":"C206"},"C26":{"t":"C172"},"C28":{"t":"C172"},"C2A":{"t":"C172"},"C2C":{"t":"FA24"},"C2D":{"desc":"L1P"},"C31":{"t":"BL8"},"C33":{"t":"B06"},"C3A":{"t":"C210"},"C3B":{"desc":"L2J","t":"A21N"},"C3F":{"t":"DA42"},"C43":{"t":"CRJ2"},"C46":{"desc":"H4E"},"C48":{"desc":"A1P","t":"ULAC"},"C51":{"t":"BE20"},"C55":{"t":"PA46"},"C5C":{"desc":"L1P"},"C60":{"t":"HUSK"},"C61":{"t":"C172"},"C62":{"t":"GLID"},"C63":{"t":"PA18"},"C65":{"t":"DA62"},"C67":{"t":"C182"},"C68":{"desc":"L1P","t":"ULAC"},"C69":{"t":"P28A"},"C6C":{"t":"C172"},"C6E":{"t":"SR22"},"C71":{"t":"T206"},"C72":{"t":"C182"},"C75":{"t":"C310"},"C7C":{"desc":"L1P"},"C80":{"t":"EA50"},"C84":{"t":"C310"},"C85":{"desc":"L1P"},"C8A":{"t":"DA40"},"C94":{"t":"SR22"},"C9E":{"t":"BE35"},"CA2":{"t":"C172"},"CAC":{"t":"P28A"},"CB6":{"t":"BE40"},"CC1":{"t":"GLF4"},"CCF":{"desc":"L1P"},"CE0":{"t":"COL4"},"CE9":{"t":"C180"},"CF6":{"t":"S22T"},"D00":{"t":"C525"},"D04":{"t":"ULAC"},"D11":{"desc":"L1P"},"D21":{"desc":"L1P"},"D28":{"t":"DV20"},"D2A":{"t":"BALL"},"D41":{"desc":"L1P"},"D42":{"desc":"L1T","t":"M600"},"D44":{"t":"B744"},"D46":{"t":"P46T"},"D4D":{"desc":"L1P"},"D52":{"desc":"L1P"},"D5A":{"desc":"L2P"},"D5F":{"t":"B407"},"D73":{"t":"B407"},"D74":{"t":"E120"},"D78":{"t":"BE55"},"D79":{"desc":"L1P"},"D88":{"t":"GLID"},"D8C":{"t":"C172"},"D90":{"t":"PC12"},"D9D":{"t":"GLF4"},"DAB":{"t":"C25C"},"DBF":{"t":"BE36"},"DC6":{"t":"T6"},"DC8":{"t":"P46T"},"DCA":{"t":"CRJ2"},"DCB":{"desc":"H1T","t":"H60"},"DCC":{"desc":"A1T","t":"KODI"},"DCE":{"t":"SR22"},"DD3":{"t":"CRJ2"},"DD8":{"t":"BE9L"},"DE3":{"t":"BE40"},"DE5":{"t":"P46T"},"DEC":{"t":"B732"},"DF1":{"t":"A320"},"DFE":{"t":"B752"},"E01":{"t":"DV20"},"E0C":{"t":"CL30"},"E14":{"desc":"H1T","t":"S92"},"E23":{"desc":"H1P"},"E24":{"desc":"L1P"},"E29":{"t":"C510"},"E2F":{"t":"B737"},"E3B":{"t":"BALL"},"E3E":{"t":"ULAC"},"E85":{"desc":"L1P"},"E88":{"t":"C180"},"E89":{"t":"C170"},"E8A":{"t":"C172"},"E8C":{"desc":"L1P"},"E8F":{"t":"P28R"},"E92":{"t":"PA11"},"E94":{"t":"PA27"},"E97":{"t":"BE55"},"E9A":{"t":"BE35"},"E9C":{"t":"C150"},"EA1":{"t":"PT22"},"EA2":{"t":"PT22"},"EA7":{"t":"TAYD"},"EA9":{"desc":"L1P"},"EAB":{"t":"BE35"},"EAC":{"t":"P51"},"EAD":{"t":"C172"},"EB0":{"t":"C172"},"EB2":{"t":"P28R"},"EB6":{"t":"C182"},"EBA":{"t":"BE36"},"EBB":{"t":"T206"},"EBE":{"desc":"L1P"},"EC2":{"t":"C172"},"EC3":{"t":"C172"},"EC4":{"t":"C172"},"EC5":{"desc":"L1P"},"EC6":{"t":"C172"},"EC7":{"t":"AR11"},"ECA":{"t":"C172"},"ECB":{"t":"C172"},"ED0":{"t":"BE35"},"ED1":{"t":"CH7A"},"ED3":{"t":"C172"},"ED8":{"desc":"L1P"},"EDC":{"t":"P28A"},"EDE":{"t":"C82R"},"EE0":{"desc":"L1P"},"EE3":{"t":"PA25"},"EE4":{"t":"PA22"},"EE6":{"t":"C172"},"EE9":{"t":"C180"},"EEA":{"t":"C172"},"EEB":{"t":"C172"},"EEC":{"t":"C172"},"EED":{"desc":"L1P"},"EEE":{"t":"C172"},"EF0":{"t":"C180"},"EF3":{"t":"BE35"},"EF4":{"t":"CH7A"},"EF7":{"t":"PA17"},"EF8":{"t":"P28R"},"EF9":{"t":"C172"},"EFA":{"t":"C152"},"EFB":{"t":"PA11"},"EFE":{"t":"T210"},"EFF":{"t":"P28A"},"F01":{"t":"GLID"},"F03":{"t":"C72R"},"F05":{"t":"C150"},"F07":{"t":"PA22"},"F08":{"t":"C172"},"F09":{"t":"C172"},"F0A":{"t":"C172"},"F0C":{"t":"C172"},"F0D":{"t":"C180"},"F10":{"t":"AR11"},"F11":{"t":"C172"},"F13":{"t":"C180"},"F14":{"t":"C152"},"F15":{"t":"C170"},"F17":{"t":"CH7A"},"F1A":{"t":"PA15"},"F1B":{"desc":"L1P"},"F1C":{"t":"C182"},"F1E":{"t":"M20P"},"F21":{"t":"C210"},"F22":{"t":"P28A"},"F24":{"t":"C82T"},"F26":{"t":"C170"},"F28":{"t":"C150"},"F2A":{"t":"PA22"},"F2B":{"t":"C172"},"F2C":{"t":"C152"},"F2E":{"t":"C172"},"F2F":{"desc":"L1P"},"F32":{"desc":"L1P","t":"ULAC"},"F34":{"t":"C172"},"F36":{"t":"C180"},"F37":{"t":"C208"},"F3A":{"t":"C182"},"F3D":{"t":"C152"},"F3E":{"t":"P28R"},"F43":{"t":"C152"},"F45":{"t":"P28A"},"F4A":{"t":"AC11"},"F4B":{"t":"C150"},"F4C":{"desc":"L1P"},"F4E":{"t":"C172"},"F4F":{"t":"C172"},"F50":{"t":"C172"},"F51":{"t":"C152"},"F54":{"t":"C172"},"F55":{"t":"ST75"},"F56":{"t":"C172"},"F5B":{"t":"C170"},"F5C":{"t":"BE35"},"F5E":{"t":"C206"},"F5F":{"t":"CH7A"},"F61":{"t":"P28R"},"F62":{"t":"P210"},"F63":{"t":"C172"},"F64":{"desc":"L1P"},"F68":{"t":"P28A"},"F69":{"t":"C82R"},"F6C":{"t":"C72R"},"F6D":{"t":"AC11"},"F74":{"t":"C180"},"F78":{"t":"C172"},"F7C":{"t":"BE58"},"F7D":{"t":"C180"},"F7E":{"t":"C170"},"F7F":{"t":"BE35"},"F80":{"t":"CH7A"},"F81":{"t":"C206"},"F82":{"t":"C172"},"F84":{"t":"P28R"},"F8A":{"t":"C172"},"F8C":{"t":"C82T"},"F91":{"t":"C150"},"F93":{"t":"PA22"},"F94":{"t":"C172"},"F95":{"desc":"H8E"},"F97":{"t":"C172"},"F98":{"t":"C152"},"F9F":{"t":"C180"},"FA0":{"t":"C152"},"FA2":{"t":"BE35"},"FA3":{"t":"AR11"},"FA4":{"t":"C206"},"FA5":{"t":"C172"},"FA9":{"t":"C172"},"FAA":{"t":"PA11"},"FAE":{"t":"P28A"},"FB3":{"t":"AC11"},"FB8":{"t":"C172"},"FB9":{"desc":"L1P"},"FBB":{"t":"C172"},"FBD":{"t":"C172"},"FBE":{"t":"TAYD"},"FC0":{"t":"AR11"},"FC1":{"t":"L13M"},"FC4":{"t":"C170"},"FC6":{"t":"CH7A"},"FC8":{"t":"C172"},"FC9":{"t":"PA15"},"FCC":{"t":"C172"},"FD0":{"t":"C172"},"FD1":{"t":"P28A"},"FD2":{"desc":"L1P"},"FDA":{"t":"ST75"},"FDC":{"t":"ST75"},"FDD":{"t":"C172"},"FDF":{"desc":"L1P"},"FE3":{"desc":"L1P"},"FE7":{"t":"P46T"},"FE8":{"t":"S22T"},"FEA":{"t":"C525"},"FEB":{"t":"ULAC"},"FED":{"t":"EC35"},"FEF":{"t":"PA12"},"FF1":{"t":"SR20"},"FF2":{"desc":"L2J","t":"A21N"},"FF9":{"t":"SR20"},"FFA":{"t":"CRJ2"},"FFD":{"desc":"H4E"},"FFF":{"desc":"A1P","t":"ULAC"}}