{"000":{"desc":"L1P"},"002":{"desc":"L1P"},"007":{"t":"B739"},"008":{"t":"R22"},"00A":{"t":"SR20"},"00B":{"t":"P210"},"00F":{"desc":"H6E"},"012":{"t":"FA50"},"015":{"t":"C182"},"016":{"desc":"L1P"},"01A":{"t":"DA40"},"01B":{"desc":"H1P"},"021":{"t":"BALL"},"023":{"t":"R44"},"028":{"desc":"H1P"},"029":{"t":"P28A"},"02C":{"t":"SR22"},"02E":{"t":"H25B"},"02F":{"t":"SF50"},"034":{"t":"C172"},"036":{"desc":"L1P"},"03A":{"desc":"L1P"},"041":{"t":"GLF5"},"042":{"t":"SR20"},"043":{"t":"C310"},"044":{"t":"M20P"},"049":{"desc":"L1P"},"04A":{"t":"P28A"},"04C":{"t":"C310"},"04E":{"t":"C182"},"052":{"t":"DA62"},"056":{"desc":"L1P"},"068":{"t":"C172"},"06A":{"desc":"L1P"},"07E":{"t":"P28A"},"089":{"t":"LJ45"},"091":{"t":"PA18"},"092":{"t":"O1"},"0A1":{"desc":"A2P"},"0A5":{"t":"AT8T"},"0A6":{"t":"C172"},"0A7":{"t":"BL8"},"0AD":{"t":"CH7A"},"0B3":{"t":"ULAC"},"0BE":{"t":"BE20"},"0C0":{"desc":"L1P"},"0CC":{"desc":"H1T","t":"B47G"},"0D0":{"t":"PA11"},"0D3":{"desc":"L1P"},"0D8":{"t":"LJ35"},"0DA":{"t":"PC12"},"0E5":{"t":"C72R"},"0E8":{"t":"GLID"},"0F0":{"desc":"L1P","t":"ULAC"},"0F1":{"t":"AT8T"},"0F3":{"t":"B190"},"0F6":{"t":"EC45"},"0FE":{"desc":"L1P","t":"ULAC"},"109":{"t":"GLF4"},"10C":{"desc":"L1P"},"10E":{"t":"C750"},"112":{"t":"GLF5"},"115":{"t":"COL4"},"117":{"t":"B06"},"122":{"desc":"L1P"},"123":{"desc":"L4J"},"13B":{"desc":"L1P"},"13F":{"t":"SR22"},"140":{"t":"C560"},"153":{"desc":"L2T"},"178":{"t":"SR22"},"17B":{"t":"B47G"},"17E":{"t":"AS50"},"181":{"desc":"L1P"},"186":{"t":"GLID"},"187":{"t":"GLID"},"189":{"desc":"L1P"},"18D":{"desc":"L1T"},"18E":{"t":"R44"},"194":{"t":"C172"},"197":{"t":"PC12"},"198":{"t":"P32R"},"19B":{"desc":"L1P","t":"ULAC"},"19F":{"t":"BE33"},"1A0":{"t":"P28A"},"1A1":{"t":"C72R"},"1A2":{"t":"GLEX"},"1A7":{"t":"UH1"},"1AF":{"desc":"L1P"},"1B1":{"t":"PC12"},"1B9":{"t":"A320"},"1C6":{"t":"B752"},"1D3":{"t":"E55P"},"1DB":{"desc":"L1T"},"1DD":{"t":"PA22"},"1EA":{"t":"M4"},"1EB":{"t":"PA34"},"1EC":{"t":"BL8"},"1F7":{"t":"B737"},"1FB":{"t":"GLID"},"203":{"t":"GLF4"},"235":{"t":"BE35"},"24E":{"desc":"L1P"},"250":{"t":"C180"},"253":{"t":"C182"},"254":{"t":"C206"},"25A":{"t":"PA11"},"25B":{"t":"C182"},"25D":{"t":"C185"},"25E":{"t":"C82T"},"25F":{"t":"PA32"},"263":{"t":"AC11"},"26B":{"t":"PA34"},"26D":{"t":"P28A"},"270":{"t":"P28A"},"271":{"desc":"L1P"},"276":{"t":"CH7A"},"278":{"desc":"L1P","t":"ULAC"},"279":{"t":"PA11"},"27B":{"t":"P210"},"27C":{"t":"P28A"},"27D":{"t":"PA11"},"27E":{"t":"C182"},"281":{"t":"B47G"},"282":{"t":"C82T"},"287":{"t":"C206"},"288":{"t":"CH7A"},"28E":{"t":"B739"},"290":{"t":"P28S"},"291":{"t":"C152"},"292":{"t":"P28S"},"293":{"t":"P28S"},"294":{"desc":"L1P"},"297":{"t":"N3N"},"298":{"desc":"L1P"},"299":{"t":"C185"},"29A":{"t":"P32R"},"29F":{"t":"P28A"},"2A1":{"t":"C182"},"2A7":{"t":"T210"},"2A9":{"t":"AC11"},"2AA":{"t":"C150"},"2AC":{"t":"PA22"},"2AE":{"t":"AR11"},"2AF":{"t":"C152"},"2B0":{"t":"P32R"},"2B1":{"t":"PA34"},"2B3":{"t":"P28A"},"2B4":{"t":"AR11"},"2B5":{"t":"C185"},"2B9":{"t":"C180"},"2BA":{"t":"T210"},"2BB":{"t":"C182"},"2BC":{"t":"C182"},"2BF":{"t":"PA11"},"2C2":{"t":"P28A"},"2C3":{"t":"PA30"},"2C4":{"t":"C182"},"2C6":{"t":"C185"},"2C8":{"t":"C82T"},"2C9":{"t":"M4"},"2CC":{"t":"AC11"},"2CD":{"t":"T206"},"2D1":{"t":"P28A"},"2D6":{"t":"P28A"},"2D8":{"t":"P28A"},"2D9":{"t":"FA62"},"2DC":{"t":"C152"},"2DD":{"t":"C210"},"2E1":{"t":"C172"},"2E2":{"t":"PA11"},"2E4":{"t":"P210"},"2E5":{"t":"P28A"},"2E6":{"desc":"L1P"},"2EC":{"t":"M4"},"2EE":{"t":"BL17"},"2F2":{"t":"PA22"},"2F5":{"t":"P28S"},"2F8":{"t":"P28S"},"2FB":{"t":"PA34"},"2FC":{"desc":"L1P"},"300":{"t":"T6"},"301":{"t":"C182"},"302":{"t":"CH7A"},"304":{"t":"C195"},"305":{"t":"PA11"},"308":{"t":"P28A"},"309":{"t":"PA11"},"30A":{"t":"C182"},"30B":{"t":"C152"},"30F":{"t":"M4"},"311":{"t":"BL17"},"318":{"t":"P28A"},"31A":{"t":"TAYD"},"31F":{"t":"P28S"},"328":{"t":"M20P"},"32B":{"t":"P28A"},"32D":{"t":"C182"},"330":{"t":"C72R"},"331":{"desc":"L1P"},"333":{"t":"T206"},"33A":{"desc":"L1P"},"33C":{"t":"PA32"},"33D":{"t":"TAYD"},"341":{"t":"TAYD"},"342":{"desc":"L1P"},"343":{"desc":"L1P","t":"ULAC"},"344":{"t":"PA22"},"346":{"t":"T210"},"347":{"t":"P47"},"348":{"t":"CH7A"},"34C":{"t":"BE23"},"34D":{"t":"P210"},"34E":{"t":"P28A"},"34F":{"t":"P28A"},"350":{"t":"ST75"},"351":{"desc":"L1P"},"352":{"t":"C185"},"355":{"t":"M4"},"357":{"t":"BL17"},"358":{"t":"AC11"},"35B":{"desc":"L1P"},"35D":{"t":"P28S"},"35F":{"t":"P28A"},"360":{"t":"AR11"},"364":{"t":"TAYD"},"367":{"t":"PA22"},"369":{"t":"T6"},"36A":{"t":"C182"},"36B":{"t":"CH7A"},"36F":{"t":"C172"},"371":{"t":"P28A"},"378":{"desc":"L1P"},"379":{"t":"C180"},"37A":{"t":"ST75"},"37D":{"t":"PA25"},"380":{"t":"TAYD"},"381":{"t":"P28A"},"383":{"t":"P28R"},"385":{"t":"TAYD"},"38B":{"t":"C180"},"38C":{"t":"T6"},"38F":{"desc":"L1P"},"391":{"t":"PA11"},"394":{"t":"P28A"},"395":{"t":"PA11"},"39A":{"t":"GLID"},"39D":{"t":"ST75"},"39F":{"t":"C150"},"3A2":{"t":"P28A"},"3A3":{"t":"P28A"},"3A4":{"t":"P28A"},"3A5":{"t":"P28A"},"3A6":{"t":"P28R"},"3A9":{"t":"P28R"},"3AA":{"t":"P28R"},"3B0":{"t":"CH7B"},"3B3":{"desc":"L2T"},"3B5":{"desc":"L1P"},"3B8":{"desc":"H1T","t":"B47G"},"3B9":{"desc":"L2P"},"3BB":{"desc":"A1P"},"3BF":{"t":"R22"},"3C1":{"t":"SR20"},"3C6":{"t":"BE35"},"3C7":{"desc":"A1P","t":"ULAC"},"3C9":{"t":"GLF5"},"3D1":{"t":"DA40"},"3D7":{"t":"B58T"},"3E0":{"t":"COL4"},"3E2":{"desc":"L1P","t":"ULAC"},"3E3":{"t":"SR22"},"3E7":{"desc":"H2T"},"3EF":{"desc":"L1P"},"3F4":{"t":"C56X"},"3F8":{"desc":"L1P"},"3F9":{"t":"SR20"},"3FB":{"t":"DV20"},"3FF":{"desc":"L1P"},"400":{"t":"C25A"},"401":{"desc":"L1P"},"409":{"desc":"L1P"},"40E":{"t":"GLID"},"414":{"t":"BE36"},"421":{"t":"C172"},"42C":{"desc":"L1P"},"440":{"t":"LJ45"},"446":{"t":"R66"},"451":{"t":"HUSK"},"45D":{"t":"B712"},"45F":{"t":"C550"},"467":{"t":"S22T"},"468":{"t":"H25B"},"475":{"t":"BE36"},"477":{"t":"RV12"},"478":{"t":"C560"},"479":{"t":"T206"},"481":{"t":"BE36"},"482":{"t":"C414"},"486":{"t":"GLID"},"487":{"t":"LJ45"},"48E":{"t":"AA5"},"496":{"desc":"L1P"},"4A2":{"t":"SR20"},"4A7":{"t":"C182"},"4A8":{"t":"AT3T"},"4A9":{"t":"BALL"},"4AA":{"t":"GLF4"},"4B5":{"desc":"L1P","t":"ULAC"},"4B8":{"t":"LJ45"},"4C0":{"t":"GLF4"},"4C3":{"t":"B744"},"4C9":{"t":"PC12"},"4D1":{"t":"ULAC"},"4D9":{"desc":"L1P"},"4DA":{"desc":"L4J"},"4F3":{"desc":"H6E"},"4F5":{"t":"P28A"},"4FB":{"t":"E545"},"503":{"t":"DA40"},"504":{"t":"ULAC"},"506":{"desc":"L1P"},"526":{"t":"M20P"},"527":{"t":"C404"},"535":{"t":"H25B"},"536":{"t":"PA32"},"540":{"desc":"L1P","t":"ULAC"},"544":{"desc":"L1T"},"54B":{"desc":"A1P"},"54D":{"desc":"A1P"},"54E":{"t":"PC12"},"556":{"t":"CJ6"},"557":{"t":"P28A"},"559":{"t":"BE40"},"55A":{"desc":"L1P"},"55C":{"t":"P28A"},"566":{"t":"E55P"},"568":{"t":"BE36"},"56A":{"t":"PA30"},"56B":{"t":"PC12"},"56E":{"t":"C240"},"570":{"t":"A320"},"57D":{"t":"B752"},"588":{"desc":"L1P"},"596":{"t":"ULAC"},"5A1":{"desc":"L1P"},"5A5":{"desc":"L1P"},"5AE":{"t":"B737"},"605":{"t":"ULAC"},"606":{"t":"PA22"},"607":{"t":"C180"},"609":{"t":"C182"},"60B":{"t":"C206"},"611":{"t":"PA11"},"612":{"t":"C182"},"613":{"t":"PA27"},"616":{"desc":"L1P"},"618":{"t":"C180"},"619":{"t":"ST75"},"61B":{"t":"C150"},"61D":{"t":"PA22"},"61E":{"t":"AR11"},"61F":{"t":"P32R"},"620":{"t":"AR11"},"621":{"t":"AR11"},"622":{"t":"TAYD"},"623":{"desc":"L2J","t":"B39M"},"626":{"t":"P28A"},"627":{"t":"P28A"},"629":{"t":"PA22"},"62A":{"t":"C180"},"62C":{"t":"C182"},"62F":{"t":"C172"},"633":{"t":"P28A"},"634":{"t":"PA11"},"637":{"t":"C188"},"63A":{"t":"C82R"},"63B":{"t":"C180"},"63D":{"t":"C208"},"643":{"desc":"L2J","t":"B39M"},"644":{"desc":"L1P"},"645":{"t":"P28S"},"648":{"desc":"L2J","t":"B39M"},"64D":{"t":"C152"},"64E":{"t":"C180"},"651":{"desc":"L1P"},"653":{"t":"PA11"},"655":{"t":"P210"},"656":{"t":"P28A"},"657":{"t":"PA11"},"65A":{"t":"C185"},"65B":{"t":"C72R"},"65C":{"t":"C82R"},"65F":{"t":"ST75"},"662":{"desc":"L1P"},"664":{"t":"AR11"},"667":{"t":"AR11"},"668":{"desc":"L2J","t":"B39M"},"669":{"t":"P28A"},"66D":{"desc":"L1P"},"66E":{"t":"GLF4"},"674":{"t":"C206"},"676":{"t":"PA11"},"677":{"t":"BE19"},"679":{"t":"P28A"},"67A":{"t":"BE33"},"67B":{"t":"C182"},"681":{"t":"T210"},"684":{"t":"C150"},"687":{"t":"P28A"},"68A":{"desc":"L2J","t":"B39M"},"68D":{"t":"PA34"},"68E":{"t":"PA34"},"68F":{"t":"P28A"},"691":{"t":"RV12"},"692":{"t":"C340"},"696":{"t":"C182"},"69A":{"t":"BE19"},"69B":{"t":"TAYD"},"69E":{"t":"C182"},"6A2":{"t":"C82T"},"6AB":{"t":"PT22"},"6AD":{"t":"P28A"},"6AE":{"t":"P28A"},"6B0":{"t":"P28S"},"6B1":{"t":"TAYD"},"6BE":{"t":"P210"},"6BF":{"t":"P28A"},"6C2":{"t":"C152"},"6C3":{"t":"C185"},"6C9":{"t":"AC11"},"6CC":{"t":"PA22"},"6CE":{"t":"P28S"},"6D0":{"t":"P32R"},"6D3":{"t":"PT22"},"6D4":{"t":"PA34"},"6D7":{"desc":"L1T"},"6DA":{"t":"T210"},"6DB":{"t":"C182"},"6DC":{"t":"C185"},"6DE":{"desc":"L1P"},"6DF":{"t":"PA11"},"6E0":{"t":"BE19"},"6E2":{"t":"P28A"},"6E9":{"desc":"L1P"},"6F0":{"t":"P28A"},"6F2":{"t":"P28A"},"6F3":{"t":"C152"},"6F4":{"t":"P28A"},"6F7":{"t":"C152"},"6F9":{"desc":"L2J","t":"B39M"},"6FA":{"t":"G164"},"6FC":{"t":"C750"},"6FE":{"t":"C172"},"6FF":{"t":"C185"},"700":{"t":"C206"},"704":{"t":"P210"},"705":{"t":"P28A"},"707":{"t":"C182"},"708":{"t":"PA27"},"709":{"t":"C185"},"70A":{"desc":"H1T","t":"B47G"},"70B":{"t":"P46T"},"70C":{"t":"C82R"},"70D":{"t":"C180"},"70F":{"t":"AC11"},"710":{"t":"C150"},"711":{"t":"PA18"},"713":{"desc":"L2J","t":"B39M"},"718":{"t":"GLID"},"71A":{"t":"BALL"},"71B":{"t":"P28A"},"71C":{"t":"P28A"},"71D":{"desc":"L1P"},"71F":{"t":"C180"},"720":{"t":"T210"},"721":{"t":"C182"},"723":{"t":"P28A"},"726":{"t":"BE24"},"727":{"t":"P210"},"728":{"t":"P28A"},"729":{"t":"PA11"},"72B":{"t":"PA27"},"72E":{"t":"PA32"},"72F":{"t":"ULAC"},"732":{"t":"AC11"},"735":{"t":"PA22"},"736":{"t":"P28A"},"737":{"t":"TAYD"},"738":{"t":"C152"},"73B":{"t":"TAYD"},"73C":{"t":"C152"},"73F":{"t":"P28S"},"740":{"desc":"L1P"},"742":{"t":"C180"},"747":{"t":"C172"},"748":{"t":"PA11"},"749":{"t":"BE24"},"74A":{"t":"P210"},"74B":{"t":"P28A"},"74C":{"t":"BE36"},"74D":{"t":"C182"},"74F":{"t":"C185"},"750":{"desc":"H1T","t":"B47G"},"751":{"t":"GLID"},"752":{"t":"P28A"},"756":{"t":"C150"},"758":{"t":"PA22"},"759":{"t":"FA24"},"75C":{"t":"PA32"},"75E":{"t":"P28A"},"762":{"t":"P28A"},"763":{"t":"J3"},"764":{"desc":"L1P"},"76B":{"desc":"H1P"},"776":{"t":"R22"},"778":{"t":"SR20"},"779":{"t":"S61"},"780":{"desc":"L1P"},"782":{"t":"BE58"},"786":{"t":"BE40"},"796":{"t":"S108"},"79A":{"desc":"L1P"},"7A2":{"t":"C172"},"7A6":{"t":"SF50"},"7A7":{"desc":"L1P"},"7B0":{"t":"SR20"},"7B2":{"t":"DV20"},"7B5":{"desc":"H2T"},"7B8":{"t":"ULAC"},"7C0":{"t":"DA40"},"7C1":{"t":"C172"},"7C8":{"desc":"L1P"},"7C9":{"t":"SS2T"},"7CB":{"t":"ULAC"},"7D8":{"t":"C172"},"7DD":{"t":"BE58"},"7E3":{"desc":"H1P"},"7EC":{"t":"P28A"},"7ED":{"t":"CH7B"},"7F7":{"t":"E545"},"813":{"desc":"L1P"},"814":{"t":"B712"},"82E":{"t":"P28S"},"82F":{"t":"C56X"},"830":{"t":"C25A"},"834":{"t":"R22"},"838":{"t":"BE36"},"841":{"t":"R44"},"846":{"t":"B06"},"84A":{"t":"C182"},"85F":{"t":"LJ45"},"860":{"t":"BALL"},"861":{"t":"C550"},"86C":{"desc":"L1P","t":"ULAC"},"86F":{"t":"C206"},"878":{"t":"BL8"},"87A":{"t":"B744"},"888":{"t":"C150"},"890":{"desc":"L1P"},"891":{"desc":"L4J"},"898":{"t":"R44"},"8A9":{"desc":"L1P","t":"ULAC"},"8AA":{"desc":"L2P"},"8AB":{"t":"B350"},"8AC":{"t":"P28A"},"8BA":{"t":"DA40"},"8BE":{"desc":"L1P"},"8DC":{"t":"B350"},"8DD":{"desc":"L1P"},"8DE":{"t":"PA32"},"8E9":{"desc":"L1P"},"8EC":{"t":"C550"},"8F0":{"desc":"L2T"},"8F5":{"desc":"L1P","t":"ULAC"},"8FB":{"desc":"L1T"},"8FC":{"t":"R22"},"900":{"t":"PA18"},"902":{"t":"C172"},"904":{"t":"SR22"},"905":{"t":"PC12"},"90E":{"t":"P28A"},"910":{"t":"C152"},"912":{"desc":"L1P"},"917":{"t":"SR22"},"927":{"t":"A320"},"93F":{"t":"GLF6"},"947":{"desc":"H2T"},"951":{"t":"RV12"},"953":{"desc":"L1P"},"958":{"t":"BE35"},"95C":{"desc":"H4E"},"95F":{"t":"SR22"},"965":{"t":"B737"},"97F":{"desc":"L1T"},"98A":{"t":"SR22"},"9BC":{"desc":"L1P","t":"ULAC"},"9BD":{"t":"PA22"},"9BF":{"t":"T206"},"9C1":{"t":"C182"},"9C4":{"t":"M20P"},"9C5":{"t":"BE23"},"9C6":{"t":"P210"},"9C7":{"t":"P28A"},"9CC":{"desc":"L1P"},"9D0":{"t":"ST75"},"9D5":{"t":"P28A"},"9D6":{"t":"P28A"},"9D7":{"t":"AR11"},"9D8":{"t":"P28A"},"9DA":{"t":"P28S"},"9DD":{"t":"AR11"},"9E0":{"t":"P210"},"9E2":{"t":"C210"},"9E3":{"t":"C182"},"9E4":{"t":"C182"},"9E7":{"t":"PA11"},"9E9":{"t":"P210"},"9EA":{"t":"C152"},"9EB":{"t":"PA11"},"9EE":{"t":"C185"},"9EF":{"desc":"L1P"},"9F0":{"t":"PA32"},"9F1":{"t":"C82T"},"9F3":{"t":"ST75"},"9FA":{"desc":"L2T"},"9FC":{"desc":"L1P"},"9FD":{"t":"P28A"},"9FF":{"t":"P28A"},"A01":{"t":"PT22"},"A04":{"t":"C180"},"A07":{"t":"C185"},"A0A":{"t":"PA11"},"A0D":{"t":"P28A"},"A0E":{"t":"BE60"},"A18":{"t":"C150"},"A1C":{"t":"PT22"},"A1D":{"t":"P28A"},"A20":{"t":"TAYD"},"A25":{"t":"T6"},"A26":{"t":"PA22"},"A29":{"t":"C172"},"A2A":{"desc":"L1P"},"A2B":{"t":"P28A"},"A2C":{"t":"C414"},"A2D":{"t":"PA11"},"A30":{"t":"P28A"},"A32":{"t":"C182"},"A36":{"t":"C82T"},"A38":{"t":"C180"},"A3E":{"t":"P32R"},"A3F":{"t":"PA34"},"A40":{"t":"P28S"},"A42":{"t":"P28A"},"A44":{"t":"P28A"},"A49":{"t":"ULAC"},"A4A":{"t":"C185"},"A4C":{"t":"C172"},"A53":{"t":"P28A"},"A54":{"t":"BE33"},"A55":{"t":"C182"},"A57":{"t":"C185"},"A5B":{"t":"C180"},"A5C":{"t":"ST75"},"A5F":{"t":"BE35"},"A63":{"t":"P28S"},"A66":{"t":"C340"},"A67":{"t":"P32R"},"A69":{"t":"TAYD"},"A6B":{"desc":"L1P"},"A72":{"t":"C414"},"A74":{"t":"BE19"},"A76":{"t":"P28A"},"A77":{"t":"PA11"},"A7A":{"t":"C188"},"A7D":{"t":"C82R"},"A83":{"t":"PA22"},"A85":{"t":"P28A"},"A87":{"t":"P28A"},"A89":{"t":"TAYD"},"A8A":{"t":"P28A"},"A8B":{"t":"C172"},"A8C":{"t":"ST75"},"A90":{"t":"C152"},"A92":{"t":"C182"},"A93":{"t":"C185"},"A94":{"t":"P28A"},"A96":{"t":"M20P"},"A9A":{"t":"BE36"},"A9B":{"t":"ULAC"},"AA1":{"t":"C180"},"AA2":{"t":"ST75"},"AA7":{"t":"P28A"},"AA8":{"t":"P28A"},"AA9":{"t":"P28S"},"AAC":{"t":"TAYB"},"AAF":{"t":"AR11"},"AB0":{"t":"PA32"},"AB1":{"desc":"L1P"},"AB5":{"t":"C182"},"ABE":{"t":"C182"},"AC0":{"t":"C185"},"AC4":{"t":"C206"},"AC5":{"t":"ST75"},"AC9":{"t":"PA22"},"ACA":{"t":"PA34"},"ACC":{"t":"C152"},"ACD":{"t":"P28A"},"ACE":{"t":"P28A"},"ACF":{"t":"P28A"},"AD0":{"t":"P28A"},"AD6":{"t":"C180"},"AD8":{"t":"C182"},"AD9":{"t":"C172"},"ADD":{"t":"BE19"},"ADE":{"t":"P210"},"AE0":{"t":"PA11"},"AE1":{"t":"C182"},"AE2":{"t":"P210"},"AE5":{"t":"PA32"},"AE8":{"t":"ST75"},"AE9":{"t":"AC11"},"AEC":{"t":"PA22"},"AED":{"t":"P28R"},"AEE":{"t":"P28S"},"AEF":{"t":"P28S"},"AF4":{"t":"P28A"},"AF8":{"t":"PA22"},"AF9":{"t":"C180"},"AFE":{"desc":"L1P"},"AFF":{"t":"M20P"},"B01":{"t":"P210"},"B02":{"t":"P28A"},"B03":{"t":"PA11"},"B04":{"t":"C182"},"B06":{"t":"C152"},"B08":{"t":"PA32"},"B09":{"t":"C82R"},"B0D":{"t":"C150"},"B13":{"t":"P28A"},"B14":{"t":"P28A"},"B18":{"t":"PA31"},"B19":{"t":"P28A"},"B1A":{"desc":"A1P"},"B26":{"t":"C177"},"B27":{"t":"P28A"},"B2C":{"t":"B739"},"B2F":{"t":"A320"},"B31":{"t":"B763"},"B34":{"t":"C441"},"B37":{"t":"M20T"},"B3B":{"t":"AA5"},"B3C":{"desc":"L1P"},"B40":{"desc":"L1P"},"B42":{"desc":"L1P"},"B46":{"desc":"L1P"},"B4E":{"t":"CRJ2"},"B50":{"t":"BALL"},"B55":{"t":"R22"},"B59":{"desc":"L1P"},"B5E":{"t":"B105"},"B5F":{"t":"FDCT"},"B66":{"t":"P32R"},"B67":{"t":"SR20"},"B69":{"desc":"L1P"},"B6A":{"desc":"L2T"},"B6C":{"desc":"H2T"},"B6E":{"desc":"L1P"},"B6F":{"t":"ULAC"},"B72":{"t":"CL60"},"B76":{"desc":"L1P"},"B77":{"t":"B58T"},"B80":{"t":"GLID"},"B84":{"t":"C172"},"B8F":{"desc":"H4E"},"B90":{"desc":"L1P","t":"ULAC"},"B98":{"t":"C172"},"BB0":{"desc":"L1P"},"BB7":{"t":"C182"},"BB8":{"t":"GLF4"},"BBA":{"t":"BE40"},"BCB":{"t":"B712"},"BCD":{"t":"P46T"},"BD8":{"t":"P32R"},"BE0":{"desc":"L1P"},"BE3":{"t":"BE55"},"BE4":{"desc":"L1P"},"BEF":{"t":"BE20"},"BF0":{"t":"TBM7"},"BFC":{"t":"LJ23"},"BFD":{"t":"B407"},"C00":{"desc":"L1P"},"C03":{"desc":"L1P"},"C06":{"t":"BALL"},"C0C":{"t":"PC12"},"C13":{"t":"BALL"},"C16":{"t":"AT5T"},"C17":{"t":"BALL"},"C18":{"t":"C550"},"C20":{"t":"PA18"},"C21":{"t":"M20P"},"C23":{"t":"C82S"},"C2E":{"t":"BE9L"},"C2F":{"t":"T210"},"C31":{"t":"B744"},"C32":{"t":"LJ45"},"C35":{"t":"C421"},"C36":{"desc":"L2P"},"C38":{"desc":"L1P","t":"ULAC"},"C39":{"t":"S22T"},"C3A":{"desc":"H1P"},"C40":{"t":"COL4"},"C47":{"desc":"L1P"},"C48":{"desc":"L4J"},"C63":{"t":"P28A"},"C6C":{"t":"PA31"},"C70":{"desc":"L1P"},"C71":{"desc":"L1P"},"C72":{"t":"BE9L"},"C75":{"desc":"L1P","t":"ULAC"},"C8A":{"t":"GLF4"},"C92":{"t":"PA32"},"C94":{"t":"BE35"},"C98":{"t":"C25C"},"C9A":{"t":"GLF6"},"C9B":{"t":"C25B"},"CA3":{"t":"C402"},"CA4":{"t":"C680"},"CA6":{"desc":"L1P"},"CAC":{"t":"GLF4"},"CAE":{"t":"CL30"},"CAF":{"t":"B06"},"CB1":{"t":"E300"},"CB2":{"desc":"L1T"},"CB4":{"t":"GLF3"},"CB9":{"desc":"L1P"},"CC4":{"t":"M20P"},"CD0":{"t":"BE40"},"CD5":{"desc":"L2P"},"CD9":{"t":"PA46"},"CDE":{"t":"A320"},"CE0":{"desc":"L1P"},"CF1":{"t":"PA44"},"D0F":{"desc":"L1P"},"D12":{"t":"BE36"},"D16":{"t":"GLF3"},"D17":{"t":"ULAC"},"D1C":{"t":"B737"},"D24":{"t":"SR22"},"D28":{"t":"BALL"},"D36":{"t":"C208"},"D4F":{"t":"LJ55"},"D5A":{"t":"ULAC"},"D73":{"desc":"L2T"},"D74":{"t":"PA22"},"D76":{"desc":"L1P"},"D77":{"t":"C182"},"D79":{"t":"P28A"},"D7D":{"t":"P210"},"D7E":{"t":"P28A"},"D7F":{"t":"PA11"},"D84":{"t":"PA32"},"D8C":{"t":"P28R"},"D8E":{"t":"P28A"},"D91":{"t":"P28A"},"D92":{"t":"P28A"},"D93":{"t":"P28S"},"D94":{"t":"PT22"},"D95":{"t":"P28S"},"D9F":{"t":"BE19"},"DA0":{"t":"P210"},"DA1":{"t":"P28A"},"DA9":{"t":"C180"},"DAB":{"t":"AC11"},"DAE":{"t":"B47G"},"DB0":{"t":"P32R"},"DB2":{"t":"B47G"},"DB3":{"t":"P28A"},"DB7":{"t":"P28A"},"DB8":{"t":"P28A"},"DBA":{"t":"C414"},"DBE":{"t":"C172"},"DC1":{"t":"M20P"},"DC4":{"t":"P28A"},"DC8":{"t":"C185"},"DC9":{"t":"C72R"},"DCB":{"t":"C82T"},"DD0":{"t":"PA25"},"DD5":{"t":"P28R"},"DD6":{"t":"TAYD"},"DD8":{"t":"P28S"},"DD9":{"t":"TAYD"},"DDA":{"t":"P28S"},"DDD":{"t":"PA22"},"DDE":{"t":"C180"},"DDF":{"t":"T210"},"DE4":{"t":"M20P"},"DE6":{"t":"P210"},"DE7":{"t":"C152"},"DEA":{"t":"P210"},"DED":{"t":"C82R"},"DEE":{"t":"C82R"},"DEF":{"t":"C206"},"DF1":{"t":"AC11"},"DF2":{"t":"C150"},"DF4":{"t":"PA22"},"DF5":{"t":"TAYD"},"DF6":{"t":"TAYD"},"DFC":{"t":"P28A"},"DFD":{"t":"P28R"},"DFE":{"t":"P28S"},"DFF":{"t":"BALL"},"E00":{"t":"PA22"},"E01":{"t":"C180"},"E02":{"t":"B47G"},"E03":{"desc":"L1P"},"E04":{"t":"C172"},"E05":{"t":"C172"},"E06":{"desc":"L1P"},"E07":{"t":"M20P"},"E08":{"t":"BE24"},"E09":{"t":"P210"},"E0D":{"t":"C152"},"E18":{"t":"P28S"},"E1A":{"t":"P28S"},"E1B":{"t":"P32R"},"E1F":{"t":"FA62"},"E23":{"desc":"H4E"},"E24":{"t":"C180"},"E26":{"t":"C172"},"E28":{"t":"PA32"},"E2A":{"t":"M20P"},"E2C":{"t":"P210"},"E2D":{"t":"P28A"},"E2E":{"t":"BE35"},"E2F":{"t":"C182"},"E30":{"t":"BL8"},"E31":{"t":"C185"},"E35":{"t":"C180"},"E3C":{"t":"AR11"},"E41":{"t":"ULAC"},"E47":{"t":"C180"},"E4A":{"t":"C172"},"E4D":{"t":"PA11"},"E4E":{"t":"BE19"},"E50":{"t":"P28A"},"E51":{"t":"BE9L"},"E52":{"t":"C182"},"E56":{"t":"B47G"},"E57":{"t":"C82R"},"E58":{"t":"T206"},"E5B":{"t":"C150"},"E5F":{"t":"P28S"},"E61":{"t":"P28S"},"E62":{"t":"P32R"},"E63":{"desc":"L1P"},"E64":{"t":"PA34"},"E65":{"t":"P28A"},"E66":{"t":"P28A"},"E68":{"t":"WACO"},"E69":{"t":"BALL"},"E6C":{"t":"COL4"},"E70":{"t":"C152"},"E71":{"t":"BE19"},"E73":{"t":"P28A"},"E75":{"t":"C182"},"E79":{"t":"C82T"},"E7B":{"t":"T210"},"E7C":{"t":"ST75"},"E7D":{"desc":"H1P"},"E82":{"t":"P28A"},"E84":{"t":"P28A"},"E8E":{"t":"BE55"},"E90":{"t":"C172"},"E91":{"t":"C206"},"E92":{"t":"GLID"},"E96":{"t":"P28A"},"E9D":{"t":"G164"},"EAE":{"t":"WACO"},"EB6":{"t":"PA11"},"EBA":{"desc":"G1P"},"EC0":{"t":"C82R"},"EC1":{"t":"C180"},"EC4":{"t":"C150"},"EC8":{"t":"C152"},"ECA":{"t":"C150"},"ED1":{"t":"NAVI"},"ED2":{"t":"P28A"},"ED4":{"t":"COL4"},"EDE":{"t":"S22T"},"EE0":{"t":"PA31"},"EE3":{"t":"B739"},"EE6":{"t":"SR20"},"EEC":{"desc":"A1P","t":"ULAC"},"EEE":{"t":"SR20"},"EF5":{"t":"C152"},"F04":{"t":"SR22"},"F05":{"t":"C172"},"F06":{"t":"C650"},"F07":{"t":"ST75"},"F0D":{"t":"C25A"},"F10":{"t":"C172"},"F14":{"t":"BE9L"},"F15":{"t":"B105"},"F16":{"t":"DC10"},"F18":{"t":"SF50"},"F1C":{"t":"SR22"},"F1E":{"t":"SR20"},"F20":{"t":"DV20"},"F23":{"desc":"H2T"},"F2D":{"t":"BE40"},"F2E":{"t":"DA40"},"F37":{"desc":"L1P","t":"ULAC"},"F39":{"t":"PA18"},"F42":{"desc":"H4E"},"F4B":{"t":"BE36"},"F4E":{"desc":"L1P"},"F4F":{"t":"EA50"},"F56":{"t":"C82S"},"F58":{"t":"FA7X"},"F5A":{"t":"P28A"},"F68":{"t":"SR22"},"F76":{"t":"C182"},"F79":{"t":"GLF4"},"F82":{"t":"B712"},"FA6":{"t":"FDCT"},"FB3":{"t":"C172"},"FBC":{"t":"C182"},"FBF":{"t":"SR22"},"FC0":{"t":"C182"},"FC5":{"desc":"L1P"},"FCF":{"desc":"L1P"},"FDA":{"desc":"L1P","t":"ULAC"},"FDF":{"desc":"L1T"},"FE5":{"t":"MITE"},"FE6":{"t":"PA32"},"FE8":{"t":"C182"},"FE9":{"t":"P32R"},"FF3":{"t":"SR22"},"FFE":{"desc":"L1P"},"FFF":{"desc":"L4J"}}