{"002":{"t":"E300"},"007":{"t":"C72R"},"008":{"t":"PAY4"},"00A":{"desc":"L1P"},"00F":{"desc":"L1P"},"028":{"t":"P28A"},"029":{"t":"P28A"},"02A":{"t":"PC12"},"039":{"t":"M20P"},"03D":{"t":"GLID"},"052":{"t":"GLF4"},"062":{"desc":"L1P"},"066":{"desc":"H4E"},"06D":{"desc":"L1P","t":"ULAC"},"06E":{"desc":"L1P"},"076":{"desc":"L1P","t":"ULAC"},"08F":{"t":"C182"},"09C":{"desc":"L1P"},"09E":{"t":"C56X"},"0A1":{"t":"BALL"},"0A6":{"t":"A320"},"0C1":{"t":"H25B"},"0D7":{"desc":"L1P"},"0D9":{"t":"S22T"},"0E1":{"desc":"L1P"},"0E3":{"t":"GLF4"},"0E4":{"t":"B737"},"10A":{"desc":"L1P"},"13B":{"desc":"L1P"},"13C":{"t":"PA22"},"13D":{"t":"C152"},"13F":{"t":"C182"},"147":{"desc":"L1P"},"148":{"t":"ST75"},"14E":{"t":"P28A"},"150":{"t":"BE33"},"152":{"t":"PA25"},"153":{"t":"PA22"},"157":{"t":"TAYD"},"15A":{"t":"PT22"},"15C":{"t":"PT22"},"15F":{"t":"PA22"},"162":{"t":"C182"},"165":{"t":"C172"},"169":{"t":"P28A"},"16F":{"t":"C82R"},"171":{"t":"C205"},"172":{"t":"C72R"},"177":{"t":"C152"},"179":{"t":"J3"},"17A":{"t":"G164"},"17B":{"t":"G164"},"17D":{"desc":"L1P"},"181":{"t":"TAYD"},"182":{"t":"PA22"},"185":{"t":"C182"},"186":{"t":"C182"},"189":{"desc":"L1P"},"18A":{"t":"BE55"},"18B":{"t":"NAVI"},"18C":{"t":"P28A"},"194":{"t":"C205"},"196":{"t":"AC11"},"198":{"t":"PA25"},"19A":{"t":"AR11"},"19F":{"t":"G164"},"1A4":{"t":"G164"},"1A5":{"t":"PA22"},"1A6":{"t":"C310"},"1A8":{"t":"SR20"},"1AF":{"t":"P28A"},"1B1":{"t":"ST75"},"1B3":{"t":"C188"},"1B5":{"t":"PA32"},"1B6":{"t":"C82R"},"1B7":{"t":"C205"},"1B9":{"t":"AC11"},"1BC":{"t":"PA22"},"1C1":{"t":"TAYD"},"1C2":{"t":"G164"},"1C4":{"t":"C152"},"1C5":{"desc":"L1P"},"1C7":{"desc":"L1P","t":"ULAC"},"1C8":{"desc":"L1P","t":"ULAC"},"1CB":{"t":"C172"},"1CC":{"t":"CH7A"},"1CD":{"t":"P28A"},"1CE":{"t":"C172"},"1D0":{"desc":"L1P"},"1D2":{"t":"P28A"},"1D3":{"t":"PA11"},"1D4":{"t":"ST75"},"1DE":{"t":"C210"},"1E2":{"desc":"L1P"},"1E3":{"t":"G164"},"1E4":{"t":"TAYD"},"1E5":{"desc":"L1T","t":"G164"},"1E8":{"t":"AR11"},"1EE":{"t":"C172"},"1EF":{"t":"CH7A"},"1F2":{"t":"PA17"},"1F6":{"t":"PA11"},"1F7":{"t":"ST75"},"1F8":{"t":"P210"},"1FB":{"t":"PA32"},"1FD":{"t":"C205"},"1FE":{"t":"BL17"},"200":{"desc":"L1T","t":"SS2P"},"202":{"t":"PA22"},"203":{"t":"C152"},"205":{"desc":"L1P"},"206":{"t":"AR11"},"208":{"t":"G164"},"209":{"t":"AR11"},"20A":{"t":"AR11"},"20C":{"t":"G164"},"20D":{"desc":"L1P","t":"ULAC"},"211":{"t":"C182"},"212":{"t":"CH7B"},"215":{"desc":"L1P"},"217":{"t":"NAVI"},"219":{"t":"PA11"},"220":{"t":"A319"},"221":{"t":"ST75"},"222":{"t":"AC11"},"226":{"t":"AR11"},"227":{"t":"AR11"},"228":{"t":"AR11"},"22A":{"t":"G164"},"231":{"t":"ULAC"},"233":{"t":"C185"},"234":{"t":"C172"},"239":{"t":"BE55"},"23A":{"t":"P210"},"23B":{"t":"P28A"},"23C":{"t":"PA11"},"23F":{"t":"GLID"},"243":{"t":"C205"},"245":{"t":"AC11"},"24A":{"t":"FA62"},"24B":{"t":"G164"},"24E":{"t":"G164"},"250":{"t":"G164"},"252":{"t":"J3"},"253":{"t":"CL60"},"254":{"t":"C310"},"256":{"desc":"L1P"},"258":{"t":"C172"},"25B":{"t":"PA17"},"25C":{"t":"BE55"},"25D":{"t":"NAVI"},"25E":{"t":"P28A"},"25F":{"t":"PA11"},"260":{"t":"C182"},"267":{"desc":"L1P"},"26E":{"t":"J3"},"272":{"t":"J3"},"277":{"t":"PA22"},"278":{"t":"PA32"},"279":{"t":"C185"},"27A":{"t":"C182"},"27B":{"t":"CH7A"},"27D":{"t":"C172"},"27F":{"t":"BE55"},"280":{"t":"NAVI"},"281":{"t":"C152"},"282":{"t":"PA11"},"283":{"t":"C182"},"287":{"desc":"L1P"},"28F":{"t":"C152"},"290":{"t":"J3"},"293":{"t":"J3"},"295":{"t":"J3"},"29A":{"t":"P28A"},"29D":{"t":"CH7A"},"2A0":{"desc":"L2T"},"2A5":{"t":"B407"},"2AB":{"t":"B739"},"2B2":{"desc":"H4E"},"2CC":{"t":"FA7X"},"2CD":{"t":"CRJ2"},"2CE":{"t":"C525"},"2CF":{"t":"BE17"},"2DA":{"desc":"L1P"},"2E4":{"desc":"L1P"},"2E6":{"t":"SR20"},"2E7":{"t":"C177"},"2E8":{"t":"CH7A"},"2EB":{"desc":"H2T"},"2F7":{"t":"PRM1"},"30A":{"desc":"A1P"},"30E":{"t":"C172"},"312":{"t":"B742"},"314":{"t":"ULAC"},"322":{"t":"P28A"},"325":{"t":"BE9T"},"328":{"t":"P51"},"32D":{"t":"GLF4"},"331":{"t":"G150"},"333":{"t":"GLID"},"34A":{"t":"B712"},"34B":{"t":"AS50"},"357":{"t":"BE33"},"363":{"t":"CL30"},"36A":{"t":"BE10"},"387":{"t":"C340"},"394":{"t":"P46T"},"39A":{"t":"EC45"},"3A0":{"t":"PC12"},"3A2":{"desc":"L1P","t":"ULAC"},"3AE":{"t":"DV20"},"3B0":{"t":"B744"},"3BF":{"t":"C172"},"3C3":{"desc":"L1P"},"3D3":{"t":"BE20"},"3DF":{"t":"P28A"},"3E0":{"desc":"L1P"},"3E1":{"t":"SR22"},"3E2":{"t":"PC12"},"3E4":{"t":"ULAC"},"3E6":{"t":"SR20"},"409":{"t":"GLF4"},"41D":{"desc":"H4E"},"422":{"desc":"L3E"},"425":{"desc":"L1P"},"42B":{"t":"DA40"},"42D":{"t":"PA24"},"430":{"t":"B350"},"431":{"t":"B407"},"438":{"t":"C172"},"43A":{"t":"SR22"},"440":{"desc":"L1P"},"443":{"t":"BE33"},"44F":{"t":"BE40"},"451":{"t":"ULAC"},"455":{"t":"C25B"},"458":{"desc":"L1P"},"45D":{"t":"A320"},"461":{"t":"JS32"},"475":{"desc":"L1P"},"478":{"t":"BE20"},"483":{"t":"ULAC"},"48E":{"desc":"L1P"},"490":{"desc":"L1P"},"49B":{"t":"B737"},"4A8":{"t":"C150"},"4C7":{"desc":"G1P"},"4F3":{"desc":"L1P"},"4F6":{"t":"C172"},"4F7":{"t":"CH7A"},"4F9":{"t":"C172"},"4FA":{"t":"PA17"},"4FD":{"t":"P28A"},"4FE":{"t":"PA11"},"500":{"t":"C152"},"504":{"t":"PA32"},"505":{"t":"P28A"},"508":{"desc":"L1T","t":"SS2P"},"50C":{"t":"PT22"},"510":{"t":"FA62"},"513":{"t":"C152"},"514":{"t":"AR11"},"518":{"t":"P28A"},"51A":{"t":"CH7B"},"51B":{"t":"C206"},"51E":{"t":"BE35"},"521":{"t":"PA11"},"525":{"t":"C82T"},"526":{"t":"PA32"},"527":{"t":"C82R"},"529":{"t":"C72R"},"52A":{"t":"AC11"},"52E":{"t":"C152"},"534":{"t":"AR11"},"539":{"t":"PA18"},"53C":{"t":"C172"},"53D":{"t":"CH7A"},"540":{"t":"C82S"},"541":{"t":"BE33"},"542":{"t":"P210"},"543":{"t":"P28A"},"544":{"desc":"L1T"},"545":{"desc":"L1P"},"54A":{"t":"P28A"},"54B":{"t":"C205"},"556":{"t":"C152"},"55C":{"t":"PA18"},"55F":{"t":"C182"},"560":{"t":"CH7A"},"562":{"t":"C172"},"566":{"t":"P28A"},"567":{"t":"PA11"},"56B":{"t":"C82R"},"56C":{"t":"C82R"},"572":{"t":"PA25"},"57E":{"desc":"H1P"},"580":{"t":"C152"},"583":{"t":"CH7A"},"587":{"t":"ULAC"},"588":{"t":"NAVI"},"58D":{"t":"C185"},"58F":{"t":"PA32"},"590":{"t":"P28R"},"593":{"t":"AC11"},"599":{"t":"PT22"},"59E":{"t":"PT22"},"59F":{"t":"PT22"},"5A5":{"t":"M20P"},"5A7":{"t":"P28A"},"5AA":{"t":"BE33"},"5AB":{"t":"P210"},"5B1":{"desc":"L1P"},"5B6":{"t":"AC11"},"5B9":{"t":"PA22"},"5BB":{"t":"C152"},"5BC":{"t":"PT22"},"5BD":{"t":"C152"},"5C1":{"t":"C152"},"5C5":{"desc":"L1P"},"5C8":{"t":"C182"},"5C9":{"t":"CH7B"},"5CA":{"t":"C172"},"5CB":{"t":"C172"},"5CC":{"t":"PA17"},"5D0":{"t":"PA11"},"5D5":{"t":"PA32"},"5D6":{"t":"PA34"},"5D7":{"t":"C205"},"5D8":{"t":"BL17"},"5DB":{"t":"T210"},"5DF":{"t":"C152"},"5E0":{"t":"C152"},"5E1":{"t":"C152"},"5E3":{"t":"ST75"},"5E9":{"t":"C310"},"5EB":{"t":"C172"},"5EC":{"desc":"L1P","t":"ULAC"},"5F0":{"t":"C172"},"5F2":{"t":"P28A"},"5F3":{"t":"PA11"},"5F8":{"t":"PA32"},"601":{"t":"PT22"},"602":{"t":"PT22"},"603":{"t":"PT22"},"607":{"t":"PT22"},"609":{"t":"C152"},"60A":{"desc":"H1P"},"60B":{"t":"PA18"},"60C":{"t":"C152"},"60E":{"t":"C182"},"60F":{"t":"CH7A"},"610":{"t":"C206"},"612":{"desc":"L1P"},"614":{"t":"NAVI"},"615":{"t":"P28A"},"617":{"t":"ST75"},"618":{"desc":"L1P","t":"ULAC"},"619":{"t":"C185"},"61B":{"t":"PA32"},"61C":{"t":"P28A"},"621":{"t":"T210"},"627":{"t":"ST75"},"62A":{"t":"C152"},"631":{"t":"C172"},"632":{"t":"CH7B"},"633":{"t":"C206"},"634":{"t":"C172"},"635":{"t":"PA17"},"637":{"t":"NAVI"},"63E":{"t":"PA32"},"63F":{"t":"P28A"},"645":{"t":"PA22"},"650":{"t":"BE35"},"651":{"t":"ULAC"},"654":{"t":"R44"},"655":{"desc":"L1P"},"656":{"t":"B407"},"65A":{"t":"SR22"},"65D":{"t":"H25B"},"663":{"t":"M20T"},"665":{"t":"SR20"},"669":{"desc":"H4E"},"66A":{"t":"BE40"},"66B":{"t":"C172"},"66C":{"desc":"L1P"},"66D":{"t":"B06"},"670":{"desc":"L1P"},"67F":{"t":"S22T"},"686":{"desc":"A1P"},"68A":{"desc":"A1P"},"68B":{"t":"GLEX"},"68F":{"desc":"L1P"},"691":{"t":"C172"},"693":{"t":"CL60"},"694":{"t":"C240"},"69D":{"t":"SR20"},"69E":{"t":"BE40"},"69F":{"t":"DV20"},"6A0":{"t":"BE33"},"6A2":{"t":"UH1"},"6A8":{"t":"C421"},"6AA":{"t":"BE36"},"6AC":{"t":"GLID"},"6AD":{"t":"NAVI"},"6B5":{"t":"C152"},"6B6":{"t":"PA46"},"6BA":{"t":"GLID"},"6C1":{"t":"C150"},"6C5":{"t":"C172"},"6C9":{"t":"B742"},"6D2":{"t":"BE35"},"6E0":{"t":"BE9T"},"6E7":{"t":"GLID"},"6E9":{"t":"F2TH"},"6F9":{"t":"S22T"},"701":{"t":"B712"},"70E":{"t":"BE33"},"710":{"t":"GLID"},"71B":{"t":"R44"},"71F":{"t":"T34P"},"721":{"desc":"L1P"},"725":{"t":"BE36"},"727":{"desc":"L1P"},"72E":{"t":"C172"},"732":{"t":"C421"},"735":{"t":"R44"},"73E":{"desc":"L1P"},"74C":{"t":"C172"},"74D":{"t":"BALL"},"751":{"t":"EC45"},"752":{"t":"BL8"},"759":{"desc":"L1P","t":"ULAC"},"764":{"t":"MITE"},"765":{"desc":"L1P"},"769":{"t":"HUSK"},"76C":{"t":"F900"},"770":{"desc":"L1P"},"776":{"desc":"L1P"},"77D":{"desc":"L1P"},"77F":{"desc":"H1P"},"78E":{"t":"H500"},"796":{"t":"P28A"},"797":{"desc":"H6E"},"799":{"t":"C25C"},"79D":{"t":"PC12"},"7A8":{"t":"TBM7"},"7B0":{"t":"RV12"},"7C9":{"t":"C172"},"7CB":{"t":"GALX"},"7CC":{"t":"M20P"},"7D0":{"t":"T206"},"7D1":{"t":"H25B"},"7D2":{"t":"PC12"},"7D8":{"desc":"A1P"},"7DC":{"desc":"L1P"},"7DD":{"desc":"L1P"},"7E1":{"t":"C414"},"7E2":{"t":"DA40"},"7E3":{"t":"C550"},"7E4":{"desc":"L1P"},"7EA":{"t":"C414"},"7EB":{"desc":"L1P"},"7EF":{"t":"C310"},"7F1":{"t":"C525"},"7FA":{"t":"BE35"},"7FF":{"desc":"H1P"},"804":{"t":"HDJT"},"80F":{"desc":"L1P"},"814":{"t":"A320"},"827":{"t":"PA44"},"82F":{"t":"CL30"},"845":{"desc":"L1P"},"846":{"t":"P46T"},"852":{"t":"B737"},"85C":{"desc":"L1T"},"85E":{"t":"LARK"},"866":{"t":"J4"},"867":{"t":"BE9L"},"893":{"t":"RV12"},"89E":{"t":"ULAC"},"8AD":{"t":"C182"},"8AF":{"t":"C172"},"8B0":{"t":"C172"},"8B3":{"t":"NAVI"},"8B4":{"t":"P28A"},"8B5":{"t":"PA11"},"8B6":{"t":"C182"},"8BB":{"t":"P28A"},"8BC":{"t":"C210"},"8BD":{"t":"BL17"},"8BE":{"desc":"L1P"},"8C6":{"t":"C152"},"8C9":{"t":"AR11"},"8CA":{"t":"AR11"},"8CD":{"t":"PA18"},"8D0":{"t":"C182"},"8D1":{"t":"C172"},"8D4":{"t":"PA17"},"8D7":{"t":"P28A"},"8DB":{"t":"C188"},"8DC":{"t":"C82T"},"8DD":{"t":"PA32"},"8DE":{"t":"P28A"},"8DF":{"t":"T206"},"8E5":{"t":"C152"},"8E9":{"t":"AR11"},"8EB":{"t":"C152"},"8ED":{"t":"TAYD"},"8EF":{"desc":"L1P"},"8F0":{"t":"PA18"},"8F4":{"t":"CH7B"},"8F7":{"t":"PA17"},"8F9":{"t":"NAVI"},"8FA":{"t":"P28A"},"8FC":{"t":"C182"},"901":{"t":"ECHO"},"904":{"t":"AC11"},"90B":{"t":"C152"},"90C":{"desc":"L1P"},"913":{"t":"BALL"},"916":{"t":"C182"},"917":{"t":"CH7B"},"918":{"t":"C206"},"919":{"t":"C172"},"91A":{"t":"PA17"},"91D":{"t":"P28A"},"920":{"t":"PA27"},"923":{"t":"PA32"},"92D":{"t":"TAYD"},"931":{"t":"C152"},"936":{"t":"PA18"},"937":{"t":"C310"},"939":{"t":"C182"},"93A":{"t":"CH7A"},"93F":{"t":"NAVI"},"941":{"t":"TBM7"},"942":{"t":"C182"},"946":{"t":"PA32"},"947":{"t":"P28R"},"94F":{"t":"FA62"},"950":{"t":"C152"},"952":{"t":"AR11"},"955":{"t":"TAYD"},"956":{"t":"C152"},"95C":{"t":"C172"},"95D":{"desc":"L1P"},"962":{"t":"NAVI"},"963":{"t":"P28A"},"964":{"t":"PA11"},"969":{"t":"PA32"},"96E":{"t":"T210"},"970":{"t":"PA22"},"972":{"t":"TAYD"},"974":{"t":"AR11"},"977":{"t":"C152"},"97A":{"t":"AR11"},"97C":{"t":"PA18"},"97F":{"t":"C182"},"982":{"t":"C172"},"983":{"t":"PA17"},"986":{"t":"P28A"},"987":{"t":"PA11"},"988":{"t":"C182"},"98C":{"t":"PA32"},"98E":{"t":"C206"},"99A":{"t":"TAYD"},"99B":{"desc":"L1P"},"99C":{"t":"C152"},"99E":{"t":"C180"},"9A1":{"desc":"L4P"},"9A2":{"t":"C182"},"9A3":{"t":"CH7A"},"9A5":{"t":"C172"},"9A7":{"t":"BE33"},"9A8":{"t":"NAVI"},"9AF":{"t":"PA32"},"9B0":{"t":"P28A"},"9B2":{"t":"BL17"},"9B3":{"t":"AC11"},"9B6":{"t":"T206"},"9BF":{"t":"C152"},"9C0":{"t":"C152"},"9C4":{"t":"T210"},"9C5":{"t":"C182"},"9C7":{"t":"T206"},"9C8":{"t":"C172"},"9C9":{"t":"C152"},"9CA":{"t":"BE33"},"9CB":{"t":"NAVI"},"9CC":{"t":"C152"},"9CD":{"t":"PA11"},"9D3":{"t":"P28A"},"9D4":{"t":"A319"},"9D5":{"t":"BL17"},"9D6":{"t":"AC11"},"9D9":{"t":"PA22"},"9DA":{"t":"ST75"},"9DD":{"t":"C152"},"9E1":{"t":"C152"},"9E4":{"desc":"H1P"},"9E8":{"t":"C172"},"9EB":{"t":"C172"},"9ED":{"t":"BE35"},"9EE":{"t":"NAVI"},"9EF":{"t":"P28A"},"9F1":{"t":"ST75"},"9F5":{"t":"PA32"},"9FF":{"t":"C152"},"A02":{"t":"C152"},"A07":{"desc":"L1P"},"A0B":{"t":"CH7B"},"A0D":{"t":"B407"},"A0E":{"desc":"L2T"},"A13":{"t":"PA18"},"A14":{"t":"BE40"},"A1C":{"t":"SR20"},"A20":{"desc":"H4E"},"A21":{"t":"BE40"},"A22":{"desc":"A1P","t":"ULAC"},"A23":{"desc":"L1P"},"A24":{"t":"C172"},"A2A":{"t":"P28B"},"A2D":{"t":"H25B"},"A31":{"t":"B752"},"A3A":{"desc":"L1P"},"A3C":{"t":"C525"},"A3E":{"t":"SR22"},"A48":{"t":"SR22"},"A4E":{"t":"SF50"},"A51":{"t":"P28B"},"A54":{"t":"SR20"},"A59":{"desc":"H1T"},"A5E":{"t":"RV12"},"A5F":{"t":"B407"},"A6C":{"t":"BE35"},"A6F":{"t":"C172"},"A7C":{"t":"C172"},"A80":{"t":"B742"},"A84":{"desc":"L1P"},"AA0":{"t":"R44"},"AB7":{"desc":"L1P"},"AB8":{"t":"B712"},"ABA":{"t":"C525"},"AC5":{"t":"BE33"},"AD0":{"desc":"L1P"},"AD4":{"t":"P180"},"AD5":{"desc":"L1P"},"AD7":{"t":"PC12"},"AFB":{"desc":"L1P"},"AFE":{"desc":"L1P","t":"ULAC"},"B03":{"t":"M4"},"B10":{"desc":"L1P","t":"ULAC"},"B1B":{"t":"BE35"},"B1E":{"t":"B744"},"B22":{"desc":"L1P"},"B23":{"t":"C68A"},"B2D":{"desc":"L1T"},"B45":{"desc":"L1P"},"B4D":{"t":"P28A"},"B50":{"desc":"L1T"},"B53":{"desc":"L1P"},"B5E":{"t":"M20P"},"B77":{"t":"GLF4"},"B82":{"desc":"L1P"},"B89":{"t":"PC12"},"B90":{"t":"DA40"},"B93":{"desc":"L1P"},"B9B":{"desc":"L1P","t":"ULAC"},"BA8":{"t":"SR22"},"BB1":{"t":"BE33"},"BB4":{"t":"PA31"},"BBA":{"t":"R22"},"BBD":{"t":"BE40"},"BC2":{"desc":"L1P"},"BC6":{"t":"BALL"},"BCB":{"t":"A320"},"BF3":{"t":"GLF4"},"BFC":{"desc":"L1P"},"BFF":{"t":"S61"},"C09":{"t":"B737"},"C0A":{"desc":"A1P"},"C2D":{"t":"BALL"},"C2E":{"t":"DA40"},"C66":{"t":"C206"},"C67":{"desc":"L1P"},"C6A":{"t":"NAVI"},"C6E":{"t":"PA18"},"C6F":{"t":"C188"},"C70":{"t":"C188"},"C73":{"t":"P28A"},"C79":{"t":"C152"},"C7A":{"t":"E145"},"C7B":{"desc":"L1P"},"C80":{"t":"TAYD"},"C82":{"t":"TAYD"},"C83":{"desc":"L1P"},"C85":{"t":"C310"},"C88":{"t":"C182"},"C8C":{"t":"C172"},"C8D":{"t":"NAVI"},"C8E":{"t":"P28A"},"C8F":{"t":"PA11"},"C90":{"t":"ST75"},"C95":{"t":"P28A"},"C97":{"desc":"L1P"},"C9B":{"t":"C206"},"C9C":{"t":"AR11"},"CA4":{"t":"C152"},"CB0":{"t":"NAVI"},"CB7":{"t":"PA32"},"CB8":{"t":"P28R"},"CBA":{"t":"BL17"},"CBB":{"t":"AC11"},"CC2":{"t":"TAYD"},"CC3":{"t":"C152"},"CCB":{"desc":"L1P"},"CCD":{"t":"C182"},"CCE":{"t":"C172"},"CD0":{"t":"C172"},"CD2":{"t":"C172"},"CD6":{"t":"ST75"},"CD7":{"t":"PA27"},"CE3":{"t":"PT22"},"CE4":{"t":"C152"},"CE7":{"t":"C152"},"CE8":{"t":"AR11"},"CEA":{"t":"C152"},"CED":{"t":"PA18"},"CF0":{"t":"C172"},"CF1":{"t":"CH7B"},"CF5":{"t":"BE35"},"CF7":{"t":"P28A"},"CF8":{"desc":"L1P"},"CFE":{"t":"C82R"},"D02":{"desc":"L1T","t":"SS2P"},"D06":{"t":"C152"},"D0C":{"t":"J3"},"D10":{"t":"PA18"},"D13":{"t":"C182"},"D14":{"t":"C182"},"D16":{"t":"C172"},"D17":{"t":"PA17"},"D1B":{"t":"P28B"},"D1D":{"t":"PA27"},"D20":{"t":"PA32"},"D23":{"t":"C72R"},"D24":{"t":"AC11"},"D26":{"t":"T210"},"D2B":{"desc":"L1P"},"D2C":{"t":"AR11"},"D35":{"t":"C185"},"D36":{"t":"C182"},"D37":{"t":"C185"},"D38":{"t":"C206"},"D39":{"t":"C172"},"D3B":{"t":"BE35"},"D3C":{"t":"P210"},"D3D":{"t":"P28A"},"D3E":{"t":"C172"},"D41":{"t":"C188"},"D42":{"t":"C188"},"D44":{"t":"P28A"},"D46":{"t":"C72R"},"D4C":{"t":"C152"},"D51":{"desc":"L1P"},"D52":{"t":"C152"},"D59":{"t":"C182"},"D5A":{"t":"C172"},"D5B":{"t":"P28A"},"D5C":{"t":"C172"},"D5F":{"t":"NAVI"},"D61":{"t":"PA11"},"D6A":{"t":"AC11"},"D6C":{"t":"PA25"},"D70":{"t":"C152"},"D72":{"desc":"H4E"},"D74":{"desc":"L1P"},"D7A":{"t":"C152"},"D7B":{"t":"T210"},"D7C":{"t":"C182"},"D7D":{"t":"CH7A"},"D7E":{"t":"C172"},"D84":{"t":"PA11"},"D87":{"t":"C188"},"D88":{"t":"C188"},"D8D":{"t":"AC11"},"D8F":{"t":"PA25"},"D95":{"t":"C152"},"D9C":{"t":"PA18"},"DA2":{"t":"C172"},"DA6":{"t":"P28A"},"DA9":{"t":"PA27"},"DAD":{"t":"P28A"},"DB4":{"t":"C152"},"DB8":{"t":"ST75"},"DBA":{"t":"PT22"},"DBB":{"t":"PT22"},"DBC":{"t":"TAYD"},"DBF":{"desc":"L1P"},"DC1":{"t":"AC11"},"DC3":{"t":"EC20"},"DC7":{"desc":"H1T"},"DC8":{"t":"P210"},"DC9":{"t":"PA22"},"DCB":{"t":"BE60"},"DCF":{"t":"C421"},"DD1":{"t":"PA44"},"DD2":{"t":"DA42"},"DD4":{"desc":"L1T"},"DD5":{"desc":"L1P"},"DD6":{"t":"P337"},"DD7":{"t":"ULAC"},"DD9":{"t":"C414"},"DDA":{"desc":"L1T"},"DDB":{"desc":"L1P"},"DDD":{"desc":"L1P"},"DDE":{"desc":"L1P"},"DE0":{"t":"HUSK"},"DE3":{"t":"B407"},"DE4":{"t":"PA27"},"DE8":{"desc":"L1P"},"DE9":{"t":"S22T"},"DEA":{"t":"P46T"},"DED":{"desc":"L1P"},"DEE":{"desc":"L1P"},"DF2":{"t":"BE55"},"DF3":{"t":"C337"},"DF5":{"t":"BALL"},"DF6":{"t":"SR22"},"DF7":{"t":"PA18"},"DF8":{"t":"C172"},"DF9":{"desc":"L1P"},"DFA":{"t":"SF50"},"DFB":{"desc":"L1P"},"DFD":{"desc":"L1P"},"DFE":{"t":"R44"},"DFF":{"t":"C170"},"E01":{"desc":"L1P"},"E02":{"desc":"L1P"},"E03":{"t":"WW24"},"E04":{"desc":"H2T"},"E06":{"desc":"L1P"},"E0A":{"t":"BE58"},"E0C":{"desc":"L1P"},"E0D":{"desc":"L1P"},"E0E":{"t":"RV12"},"E0F":{"desc":"L1P"},"E12":{"desc":"L1P"},"E13":{"desc":"A1P"},"E14":{"t":"C560"},"E18":{"t":"PA18"},"E1A":{"desc":"A1P"},"E1C":{"t":"CH7B"},"E1F":{"desc":"L1P"},"E26":{"t":"C170"},"E27":{"t":"SR22"},"E28":{"t":"CH7B"},"E2B":{"t":"GLID"},"E31":{"desc":"H4E"},"E34":{"desc":"L1P"},"E37":{"desc":"L1P","t":"ULAC"},"E39":{"desc":"L1P"},"E3B":{"desc":"L1P"},"E3E":{"t":"BE30"},"E3F":{"t":"C182"},"E43":{"desc":"L1P"},"E47":{"desc":"L1P"},"E48":{"t":"M20T"},"E4A":{"t":"ULAC"},"E4D":{"t":"FDCT"},"E4E":{"desc":"L1P"},"E4F":{"desc":"A1P","t":"ULAC"},"E55":{"t":"ERCO"},"E56":{"desc":"L1P"},"E57":{"desc":"L1P"},"E58":{"t":"BE55"},"E59":{"desc":"L1P"},"E5B":{"desc":"L1P"},"E5C":{"t":"L39"},"E5D":{"t":"M20P"},"E5E":{"desc":"L1P"},"E60":{"t":"C180"},"E61":{"t":"C425"},"E63":{"t":"C182"},"E66":{"t":"LJ24"},"E67":{"t":"AA5"},"E6A":{"desc":"L1P"},"E6B":{"t":"PC12"},"E6F":{"desc":"L1P"},"E71":{"t":"HUSK"},"E72":{"t":"P28S"},"E74":{"t":"PA46"},"E7A":{"t":"LJ45"},"E7C":{"t":"HUSK"},"E7E":{"t":"BE36"},"E7F":{"desc":"L1P"},"E80":{"t":"F2TH"},"E83":{"t":"GLID"},"E85":{"t":"HUSK"},"E88":{"desc":"L1P"},"E89":{"desc":"L1P"},"E8A":{"t":"PA18"},"E8D":{"desc":"L1P"},"E8E":{"t":"BE33"},"E90":{"t":"GLID"},"E91":{"t":"PA18"},"E92":{"t":"BE36"},"E93":{"desc":"L1P"},"E97":{"desc":"L1P"},"E98":{"t":"C182"},"E99":{"t":"C180"},"EA3":{"t":"BE20"},"EA6":{"desc":"L1P"},"EAA":{"t":"B430"},"EAC":{"t":"P28A"},"EAE":{"desc":"L1P"},"EB1":{"desc":"L1P"},"EB5":{"t":"C550"},"EBA":{"desc":"L1P"},"EBB":{"t":"P32R"},"EBC":{"desc":"L1P"},"EBD":{"t":"C560"},"EBE":{"t":"GLID"},"EBF":{"t":"BE36"},"EC0":{"t":"R66"},"EC1":{"t":"PTS2"},"EC2":{"desc":"L1P"},"EC4":{"t":"BE20"},"EC5":{"t":"PC12"},"EC7":{"t":"BE58"},"ECA":{"t":"GLID"},"ECB":{"desc":"L1P"},"ECE":{"desc":"H1P"},"ED1":{"desc":"H1P"},"ED3":{"t":"B06"},"ED4":{"desc":"L1P"},"ED6":{"t":"BE55"},"ED9":{"t":"AEST"},"EDA":{"t":"L39"},"EDB":{"t":"BE9L"},"EDF":{"t":"ASTR"},"EE0":{"desc":"L1P"},"EE1":{"t":"C172"},"EE4":{"desc":"L1P"},"EE6":{"desc":"A1P"},"EE7":{"t":"M7"},"EEC":{"t":"T6"},"EF3":{"t":"CH7A"},"EFC":{"t":"GA5C"},"EFD":{"t":"BE9L"},"F04":{"t":"NAVI"},"F05":{"t":"AT6T"},"F06":{"desc":"L1P"},"F07":{"t":"PA16"},"F0A":{"desc":"L1P"},"F0B":{"t":"BE35"},"F0C":{"t":"BE9T"},"F0D":{"desc":"L1P"},"F0E":{"t":"PA46"},"F0F":{"t":"EA50"},"F10":{"t":"BE55"},"F14":{"t":"PA11"},"F15":{"t":"BE36"},"F16":{"t":"P28A"},"F1A":{"t":"SR22"},"F1C":{"desc":"L1P"},"F36":{"t":"BE20"},"F37":{"t":"E110"},"F39":{"desc":"H1P"},"F3A":{"t":"PA27"},"F3B":{"desc":"L1P"},"F3C":{"t":"GLF4"},"F3D":{"desc":"L1P"},"F3E":{"t":"C172"},"F40":{"desc":"L1P"},"F41":{"t":"C172"},"F42":{"desc":"L1P"},"F44":{"t":"PA18"},"F46":{"t":"T6"},"F48":{"desc":"L1P"},"F4A":{"desc":"L1P"},"F4E":{"t":"C172"},"F4F":{"desc":"L1P"},"F51":{"t":"BE36"},"F52":{"t":"GLID"},"F55":{"t":"PA32"},"F57":{"t":"J3"},"F58":{"desc":"L2T"},"F5B":{"desc":"L1P"},"F5D":{"desc":"L1P"},"F5F":{"desc":"L1P"},"F60":{"desc":"L1P"},"F61":{"t":"T210"},"F63":{"t":"HUSK"},"F64":{"t":"J3"},"F68":{"t":"AA5"},"F69":{"t":"PTS2"},"F6A":{"t":"SR20"},"F6C":{"t":"S22T"},"F70":{"desc":"L1P"},"F71":{"t":"H500"},"F73":{"t":"BE20"},"F74":{"desc":"L1P"},"F75":{"desc":"L1P"},"F76":{"t":"CH7B"},"F78":{"t":"BE35"},"F79":{"desc":"L1P"},"F7A":{"t":"DA42"},"F7C":{"t":"B06"},"F81":{"t":"C550"},"F84":{"t":"B190"},"F92":{"t":"C182"},"F93":{"t":"PA18"},"F9B":{"t":"E145"},"F9D":{"desc":"L1P"},"FA5":{"desc":"L1P"},"FA6":{"desc":"L1P"},"FAF":{"t":"RV12"},"FB4":{"t":"LJ25"},"FB5":{"t":"P51"},"FB6":{"t":"B350"},"FB7":{"desc":"L1P"},"FB8":{"desc":"L1P"},"FB9":{"t":"SR22"},"FBA":{"t":"H269"},"FBB":{"desc":"L1J"},"FBD":{"t":"H500"},"FBE":{"t":"LJ35"},"FBF":{"t":"C140"},"FC4":{"t":"PA30"},"FC7":{"t":"PA16"},"FC8":{"t":"M20P"},"FC9":{"t":"C150"},"FCA":{"desc":"L1P"},"FD7":{"t":"PA46"},"FD8":{"t":"C177"},"FE2":{"desc":"L1P"},"FE5":{"t":"AC11"},"FED":{"desc":"L1P"},"FF7":{"t":"BE35"},"FFB":{"desc":"L1P","t":"ULAC"}}