{"000":{"t":"CH7A"},"001":{"t":"PA24"},"005":{"t":"P28A"},"006":{"t":"C206"},"009":{"desc":"L1P"},"00B":{"desc":"A1P"},"00C":{"t":"C150"},"00D":{"t":"C150"},"00F":{"t":"C150"},"010":{"t":"AR11"},"014":{"t":"C82S"},"018":{"t":"BE35"},"019":{"t":"C172"},"01A":{"t":"C182"},"01D":{"t":"CH7A"},"01E":{"t":"PA11"},"01F":{"t":"AT3T"},"020":{"t":"CH7B"},"021":{"desc":"A1P"},"023":{"t":"CH7A"},"024":{"t":"BL8"},"028":{"t":"P28A"},"02A":{"t":"AT3T"},"02B":{"t":"P28A"},"02E":{"t":"PA22"},"02F":{"t":"C172"},"033":{"t":"BL8"},"035":{"t":"C150"},"036":{"t":"TAYD"},"037":{"t":"CH7B"},"038":{"t":"TAYD"},"039":{"desc":"H1P"},"03C":{"t":"LJ60"},"03D":{"t":"EC25"},"03F":{"t":"CRJ7"},"040":{"t":"BE9L"},"041":{"desc":"H8E"},"045":{"t":"RV12"},"04B":{"t":"B738"},"04C":{"desc":"L1P"},"04E":{"t":"SR20"},"054":{"t":"FA7X"},"068":{"desc":"L1P"},"06C":{"t":"PA32"},"06D":{"t":"CRJ2"},"06E":{"t":"PA31"},"06F":{"desc":"L1P","t":"ULAC"},"070":{"t":"R44"},"071":{"desc":"L1P"},"073":{"desc":"L1P"},"075":{"t":"P28T"},"07A":{"t":"SR22"},"081":{"t":"H500"},"082":{"t":"R44"},"085":{"desc":"L1P"},"086":{"desc":"L2J","t":"A21N"},"087":{"desc":"L1P"},"088":{"desc":"L1P"},"08A":{"t":"C152"},"08E":{"t":"F2TH"},"08F":{"desc":"L1P","t":"ULAC"},"091":{"desc":"L1P"},"092":{"t":"A359"},"095":{"t":"C310"},"096":{"t":"DA40"},"09D":{"t":"PC12"},"09F":{"t":"EA50"},"0A7":{"t":"FDCT"},"0AC":{"t":"BALL"},"0AE":{"t":"C172"},"0B2":{"desc":"L1P","t":"ULAC"},"0B7":{"desc":"L1P"},"0B8":{"t":"AT8T"},"0C7":{"desc":"L2T"},"0CD":{"t":"CL30"},"0D2":{"desc":"L1T"},"0D6":{"t":"H25B"},"0D9":{"desc":"L2J"},"0DB":{"desc":"L1P"},"0E1":{"t":"GA5C"},"0EB":{"t":"AT5T"},"0F0":{"t":"GLF5"},"0F7":{"t":"BE35"},"0FA":{"t":"R44"},"103":{"t":"AS50"},"104":{"t":"A320"},"10E":{"t":"PA44"},"11D":{"t":"B350"},"122":{"t":"R44"},"127":{"desc":"L2T"},"12C":{"t":"LJ45"},"13A":{"t":"EC30"},"13E":{"t":"PC24"},"14D":{"desc":"L1P"},"14E":{"t":"DA40"},"14F":{"t":"BE36"},"150":{"t":"B407"},"15B":{"desc":"H1T"},"15F":{"t":"B407"},"161":{"t":"B350"},"162":{"t":"F2TH"},"168":{"desc":"L1P"},"170":{"t":"A319"},"179":{"desc":"L1P"},"180":{"t":"T206"},"182":{"t":"TAMP"},"186":{"t":"SR22"},"188":{"t":"GLID"},"19C":{"desc":"L1P"},"1A9":{"t":"C68A"},"1B1":{"t":"F2TH"},"1B3":{"t":"P28A"},"1C2":{"t":"GLID"},"1C3":{"t":"CL60"},"1C5":{"desc":"L1P"},"1C6":{"t":"C560"},"1CA":{"desc":"L1P","t":"ULAC"},"1CD":{"desc":"L1P","t":"ULAC"},"1D4":{"t":"DA42"},"1D5":{"desc":"L1E"},"1D8":{"t":"C172"},"1DA":{"t":"SR20"},"1DC":{"desc":"L1P"},"1E1":{"desc":"L2J"},"1E4":{"desc":"L1P"},"1E6":{"desc":"L1P"},"1E9":{"t":"C501"},"1EC":{"t":"B429"},"1EF":{"t":"T206"},"20A":{"t":"C56X"},"220":{"t":"A320"},"223":{"t":"GLID"},"231":{"t":"SF50"},"23F":{"desc":"L1P"},"247":{"t":"PA32"},"24A":{"desc":"L1P"},"271":{"desc":"A1P"},"278":{"t":"C210"},"294":{"t":"BE35"},"295":{"desc":"L1P"},"299":{"t":"CH7B"},"29A":{"t":"PA11"},"29B":{"t":"BL8"},"29D":{"t":"CH7B"},"29E":{"t":"BL8"},"29F":{"t":"CH7A"},"2A2":{"t":"C185"},"2A3":{"t":"ULAC"},"2A4":{"t":"P28R"},"2A5":{"t":"BL8"},"2A6":{"t":"SR22"},"2A8":{"t":"CH7A"},"2AA":{"t":"PA22"},"2AB":{"t":"B06"},"2B1":{"t":"C150"},"2B3":{"t":"TAYD"},"2B5":{"desc":"L1P","t":"ULAC"},"2B6":{"t":"C172"},"2B7":{"t":"BE35"},"2B8":{"t":"C82S"},"2B9":{"t":"BL8"},"2BA":{"desc":"L1P"},"2BC":{"t":"CH7B"},"2BE":{"t":"ULAC"},"2BF":{"t":"BL8"},"2C1":{"t":"TAYB"},"2C2":{"t":"BL8"},"2C4":{"t":"C340"},"2C7":{"t":"P28R"},"2C8":{"t":"CH7B"},"2CB":{"t":"O1"},"2D2":{"t":"C150"},"2D3":{"t":"CH7B"},"2D4":{"t":"CH7B"},"2D5":{"t":"C150"},"2D6":{"t":"C150"},"2DA":{"t":"BE35"},"2DB":{"t":"BL8"},"2DC":{"t":"BL8"},"2DF":{"t":"CH7A"},"2E0":{"t":"BE35"},"2E1":{"t":"CH7A"},"2E2":{"t":"BL8"},"2E3":{"t":"CH7B"},"2E5":{"t":"CH7B"},"2E6":{"t":"BL8"},"2E8":{"t":"C172"},"2EB":{"t":"C206"},"2EC":{"desc":"L1P"},"2EF":{"t":"BL8"},"2F0":{"t":"PA22"},"2F2":{"t":"C150"},"2F3":{"desc":"A1P","t":"ULAC"},"2F4":{"t":"AT5T"},"2F5":{"t":"C150"},"2F6":{"desc":"L1P","t":"ULAC"},"2F7":{"t":"G164"},"2F9":{"t":"C150"},"2FA":{"t":"C150"},"2FE":{"t":"BE35"},"2FF":{"t":"CH7B"},"300":{"t":"C180"},"302":{"t":"H500"},"303":{"t":"C172"},"306":{"t":"BL8"},"308":{"t":"AT5T"},"30A":{"t":"C310"},"30C":{"t":"P28R"},"30D":{"t":"P28A"},"30F":{"desc":"L1P"},"310":{"t":"BL8"},"311":{"t":"CH7B"},"312":{"t":"BL8"},"313":{"t":"PA22"},"314":{"t":"CH7B"},"315":{"desc":"L1P","t":"ULAC"},"317":{"t":"C150"},"31A":{"t":"BL8"},"31B":{"t":"P28A"},"321":{"t":"PA27"},"322":{"t":"C182"},"325":{"t":"BL8"},"326":{"t":"C172"},"328":{"t":"CH7A"},"330":{"t":"M20P"},"331":{"t":"BL8"},"332":{"desc":"L1P"},"333":{"desc":"L1P"},"334":{"t":"CH7B"},"336":{"t":"PA22"},"338":{"t":"C150"},"33B":{"t":"PT22"},"33C":{"desc":"L1P"},"33D":{"t":"ULAC"},"33F":{"t":"C208"},"340":{"t":"C150"},"344":{"t":"BE35"},"345":{"t":"C182"},"346":{"t":"C180"},"349":{"t":"PA11"},"34B":{"t":"CH7A"},"34D":{"t":"TAYB"},"34E":{"t":"CH7A"},"34F":{"t":"PA24"},"350":{"t":"ULAC"},"351":{"t":"BE58"},"353":{"t":"ULAC"},"356":{"t":"P28A"},"357":{"t":"CH7B"},"359":{"t":"CH7B"},"35A":{"t":"BE17"},"35C":{"t":"C150"},"35E":{"t":"J5"},"364":{"t":"GLID"},"365":{"t":"C172"},"367":{"t":"AT8T"},"368":{"t":"C182"},"369":{"t":"J3"},"36B":{"t":"CH7A"},"36C":{"t":"C82S"},"36E":{"t":"CH7B"},"36F":{"t":"BL8"},"372":{"t":"PA24"},"373":{"t":"C310"},"374":{"t":"C172"},"376":{"t":"P28R"},"378":{"desc":"L1P"},"37A":{"t":"CH7B"},"37C":{"desc":"L1P","t":"ULAC"},"37F":{"desc":"L1P"},"380":{"t":"C150"},"382":{"t":"C150"},"385":{"t":"ULAC"},"386":{"t":"AT6T"},"388":{"t":"C172"},"389":{"t":"BE35"},"38A":{"t":"CH7A"},"38C":{"t":"C180"},"38D":{"t":"ULAC"},"38E":{"t":"CH7B"},"38F":{"t":"C172"},"391":{"t":"BL8"},"392":{"t":"BE9L"},"393":{"t":"TAYB"},"396":{"t":"C310"},"397":{"desc":"L1P"},"398":{"t":"P28R"},"39B":{"desc":"L1P"},"39C":{"t":"P28A"},"39D":{"t":"CH7B"},"3A0":{"desc":"L1P"},"3A2":{"t":"C150"},"3A4":{"t":"J5"},"3A6":{"t":"C150"},"3A8":{"t":"CH7B"},"3A9":{"t":"C150"},"3AC":{"t":"BE35"},"3AD":{"t":"BE35"},"3AE":{"t":"CH7B"},"3B1":{"t":"BL8"},"3B2":{"t":"PA11"},"3B4":{"t":"CH7A"},"3B5":{"t":"CH7B"},"3B8":{"t":"P32R"},"3B9":{"t":"C310"},"3BC":{"t":"CH7B"},"3BD":{"t":"CH7A"},"3BE":{"desc":"L1P"},"3BF":{"t":"P28A"},"3C0":{"t":"CH7B"},"3C1":{"t":"CH7A"},"3C4":{"desc":"L1P","t":"ULAC"},"3C8":{"t":"ST75"},"3CB":{"t":"C150"},"3CE":{"t":"C172"},"3CF":{"t":"BALL"},"3D0":{"t":"BE35"},"3D3":{"t":"CH7A"},"3D4":{"t":"CH7B"},"3D5":{"t":"C172"},"3D6":{"desc":"L2P"},"3D9":{"t":"TAYB"},"3DE":{"t":"P28R"},"3DF":{"t":"BL8"},"3E0":{"t":"BL8"},"3E1":{"desc":"L1P"},"3E2":{"t":"P28A"},"3E3":{"t":"CH7B"},"3E4":{"t":"ULAC"},"3E7":{"t":"C150"},"3E8":{"t":"ULAC"},"3E9":{"desc":"L2P"},"3EA":{"t":"J3"},"3EC":{"t":"C150"},"3ED":{"t":"C150"},"3EE":{"t":"J3"},"3EF":{"desc":"L1P"},"3F2":{"desc":"L1P"},"3F3":{"desc":"L1P"},"3F4":{"t":"EC25"},"3F6":{"t":"CRJ7"},"3F7":{"t":"P28A"},"3F8":{"desc":"H8E"},"3F9":{"desc":"L1T"},"3FB":{"desc":"L1P","t":"ULAC"},"3FD":{"t":"AS50"},"402":{"t":"C25A"},"405":{"t":"SR20"},"406":{"t":"GLID"},"408":{"t":"A321"},"40C":{"desc":"L1P","t":"ULAC"},"40D":{"t":"TBM7"},"40F":{"t":"BE20"},"416":{"t":"HUSK"},"418":{"t":"BE40"},"41A":{"desc":"L1P"},"41B":{"t":"ULAC"},"41F":{"desc":"L1P"},"420":{"t":"CL30"},"426":{"desc":"H1T"},"427":{"t":"SR20"},"42A":{"desc":"L1J"},"431":{"t":"SR22"},"435":{"t":"FDCT"},"43E":{"t":"A321"},"443":{"t":"C206"},"444":{"desc":"A1P"},"445":{"t":"F2TH"},"447":{"desc":"H4E"},"448":{"t":"C172"},"449":{"t":"A359"},"44C":{"t":"C172"},"44D":{"t":"F2TH"},"44E":{"desc":"L1P"},"451":{"t":"GLF5"},"454":{"desc":"L2J","t":"A21N"},"456":{"desc":"H1P"},"458":{"t":"C550"},"45B":{"desc":"L1P"},"465":{"t":"C172"},"46E":{"t":"HUSK"},"46F":{"t":"AT6T"},"479":{"t":"P28A"},"484":{"t":"CL30"},"487":{"t":"P28A"},"488":{"t":"B407"},"489":{"desc":"L1P"},"48B":{"t":"GA5C"},"48D":{"t":"BE20"},"490":{"t":"CRJ7"},"492":{"desc":"L1P"},"4A0":{"desc":"L1P"},"4A2":{"t":"AT5T"},"4A3":{"t":"ULAC"},"4A8":{"t":"P210"},"4AA":{"desc":"L1T"},"4AE":{"t":"C525"},"4B1":{"t":"R44"},"4BB":{"t":"PA27"},"4C4":{"desc":"L1P"},"4C5":{"desc":"L1P"},"4C7":{"t":"AC50"},"4CB":{"t":"A320"},"4CD":{"desc":"L2T"},"4D4":{"t":"SR22"},"4E1":{"desc":"A1T","t":"KODI"},"4EC":{"t":"C172"},"4FC":{"desc":"L1P"},"505":{"t":"PA32"},"508":{"t":"NAVI"},"509":{"t":"EC45"},"510":{"desc":"L1P"},"512":{"desc":"H2T"},"51E":{"desc":"L1P"},"527":{"t":"A319"},"530":{"desc":"L1P"},"539":{"t":"TAMP"},"53A":{"t":"C560"},"547":{"t":"ULAC"},"54B":{"desc":"L1P"},"560":{"t":"C68A"},"56B":{"t":"PC12"},"56F":{"desc":"L1P"},"570":{"desc":"L1P"},"573":{"t":"AT5T"},"579":{"desc":"L1P"},"57D":{"t":"S22T"},"581":{"desc":"L1P"},"582":{"t":"SF50"},"584":{"t":"P28A"},"585":{"t":"C182"},"587":{"t":"C680"},"58B":{"t":"GLID"},"58C":{"desc":"L1E"},"58D":{"desc":"L1J"},"58F":{"t":"B407"},"598":{"desc":"L2J"},"59A":{"t":"BE55"},"59D":{"desc":"L1T"},"5A2":{"t":"PA34"},"5A3":{"t":"B429"},"5A6":{"desc":"L1P"},"5AB":{"t":"C750"},"5AE":{"desc":"H1T"},"5C1":{"t":"C56X"},"5D7":{"t":"A320"},"5E9":{"desc":"H4E"},"5F1":{"t":"BE40"},"5FE":{"desc":"L1P"},"614":{"desc":"L1J"},"649":{"desc":"L1P","t":"ULAC"},"64B":{"t":"BE35"},"64D":{"t":"BL8"},"650":{"t":"BL8"},"651":{"t":"AT6T"},"652":{"desc":"L2P"},"653":{"t":"T34P"},"654":{"t":"PA18"},"655":{"t":"ULAC"},"656":{"t":"BL8"},"65A":{"t":"AT3P"},"65C":{"t":"BL8"},"65D":{"desc":"L1P"},"65E":{"desc":"L1T","t":"G164"},"65F":{"t":"CH7B"},"661":{"t":"PA22"},"666":{"t":"C150"},"668":{"t":"C150"},"669":{"t":"J3"},"66A":{"t":"J3"},"66D":{"t":"C172"},"66E":{"t":"BE35"},"66F":{"t":"BE35"},"670":{"t":"C182"},"672":{"t":"FH11"},"673":{"t":"CH7B"},"674":{"t":"C172"},"675":{"t":"C310"},"676":{"t":"BL8"},"677":{"t":"P28A"},"67C":{"t":"ULAC"},"681":{"t":"P28A"},"683":{"t":"PA27"},"685":{"t":"J3"},"688":{"t":"H500"},"68C":{"t":"C150"},"690":{"t":"C172"},"691":{"t":"BE35"},"692":{"t":"C310"},"695":{"t":"H500"},"696":{"t":"C172"},"697":{"t":"C172"},"698":{"t":"C310"},"699":{"desc":"L1P"},"69B":{"t":"TAYB"},"69D":{"t":"PA24"},"69E":{"desc":"L1P"},"69F":{"t":"UH12"},"6A2":{"t":"C206"},"6A3":{"desc":"L1P"},"6A4":{"t":"P28A"},"6A7":{"t":"PA22"},"6A8":{"t":"C150"},"6A9":{"t":"C150"},"6AB":{"desc":"A1P"},"6AD":{"t":"AR11"},"6AE":{"t":"AR11"},"6B0":{"t":"C150"},"6B4":{"t":"BE35"},"6B5":{"t":"BE36"},"6B7":{"t":"ULAC"},"6BB":{"t":"C310"},"6BE":{"t":"BE60"},"6BF":{"t":"C172"},"6C2":{"t":"C185"},"6C3":{"t":"AT3P"},"6C5":{"t":"O1"},"6C6":{"desc":"L1P"},"6C7":{"t":"O1"},"6C8":{"t":"UH1"},"6C9":{"t":"O1"},"6CB":{"t":"C150"},"6CC":{"t":"O1"},"6CD":{"t":"C150"},"6CE":{"desc":"L1P"},"6CF":{"t":"C150"},"6D2":{"desc":"L1P"},"6D3":{"t":"AT6T"},"6D4":{"t":"ST75"},"6D6":{"t":"O1"},"6D7":{"t":"O1"},"6D8":{"t":"BE35"},"6D9":{"t":"C182"},"6DA":{"t":"C180"},"6DB":{"t":"CH7A"},"6DD":{"t":"O1"},"6DE":{"t":"ULAC"},"6DF":{"t":"P51"},"6E0":{"t":"H500"},"6E1":{"t":"BE23"},"6E3":{"t":"PA24"},"6E6":{"t":"P28R"},"6E7":{"t":"BE24"},"6EA":{"t":"P28A"},"6EB":{"t":"CH7B"},"6EC":{"t":"BALL"},"6ED":{"t":"O1"},"6F0":{"t":"ST75"},"6F3":{"t":"C150"},"6F5":{"t":"C150"},"6F6":{"t":"C150"},"6F7":{"t":"C150"},"6F8":{"desc":"L1P"},"6F9":{"t":"O1"},"6FA":{"t":"BE35"},"6FD":{"desc":"L1P"},"701":{"t":"ULAC"},"702":{"t":"O1"},"703":{"t":"AT5T"},"704":{"t":"TAYB"},"705":{"t":"O1"},"706":{"t":"AT5T"},"709":{"t":"O1"},"70A":{"desc":"L1P"},"70B":{"t":"O1"},"70C":{"desc":"L1P"},"70D":{"t":"P28A"},"70E":{"t":"CH7B"},"70F":{"t":"BE36"},"710":{"t":"PA22"},"711":{"t":"C150"},"712":{"t":"ST75"},"715":{"t":"ST75"},"719":{"desc":"L1P","t":"ULAC"},"71A":{"t":"C150"},"71C":{"t":"C310"},"71D":{"t":"BALL"},"71E":{"t":"BE35"},"71F":{"desc":"L1P","t":"ULAC"},"720":{"t":"C180"},"721":{"t":"ULAC"},"722":{"t":"ULAC"},"728":{"t":"C172"},"72B":{"t":"C82T"},"72C":{"t":"C310"},"72D":{"t":"BE24"},"72F":{"t":"ULAC"},"731":{"t":"CH7B"},"733":{"t":"PA22"},"735":{"t":"AT3T"},"736":{"t":"C172"},"73A":{"t":"C150"},"73B":{"t":"TAYD"},"73D":{"t":"C150"},"73F":{"t":"C172"},"741":{"t":"BE35"},"742":{"t":"C182"},"743":{"t":"C180"},"746":{"t":"GLID"},"747":{"t":"C310"},"74A":{"t":"TAYB"},"74E":{"t":"C185"},"750":{"t":"BE24"},"752":{"desc":"L1P"},"753":{"t":"P28A"},"754":{"t":"CH7B"},"757":{"t":"C77R"},"758":{"t":"C172"},"759":{"t":"C172"},"75B":{"t":"C150"},"75E":{"t":"C150"},"75F":{"t":"CH7A"},"762":{"t":"C172"},"763":{"desc":"L1P"},"764":{"desc":"L1P","t":"ULAC"},"766":{"t":"BE65"},"768":{"t":"BE65"},"769":{"t":"PA11"},"76B":{"desc":"L1P"},"76D":{"t":"P28B"},"76E":{"t":"BE65"},"76F":{"t":"PA24"},"771":{"t":"C172"},"774":{"t":"BE65"},"775":{"desc":"L1P"},"777":{"t":"WACF"},"779":{"t":"PA22"},"77A":{"t":"BE55"},"77B":{"t":"C150"},"77E":{"t":"J3"},"782":{"t":"ULAC"},"785":{"desc":"L1P"},"787":{"t":"BE35"},"788":{"t":"BALL"},"789":{"t":"BE65"},"78A":{"desc":"L1P","t":"ULAC"},"78D":{"t":"ULAC"},"78E":{"t":"BALL"},"790":{"t":"TAYB"},"795":{"t":"AT3P"},"79B":{"t":"PA27"},"79C":{"t":"PA22"},"79D":{"t":"C150"},"7A0":{"t":"C150"},"7A3":{"t":"GLID"},"7A6":{"t":"C150"},"7A8":{"t":"B14A"},"7AA":{"t":"LJ60"},"7AB":{"t":"C82S"},"7AC":{"t":"R22"},"7AD":{"t":"CRJ7"},"7AE":{"t":"P28A"},"7B2":{"t":"AT5T"},"7B4":{"t":"AS50"},"7B9":{"t":"B738"},"7BC":{"t":"A332"},"7BF":{"t":"A321"},"7C2":{"desc":"A1P","t":"ULAC"},"7C4":{"t":"B772"},"7C5":{"t":"P28A"},"7C9":{"t":"C208"},"7CD":{"t":"S22T"},"7DA":{"t":"S108"},"7DB":{"t":"P212"},"7E0":{"t":"A109"},"7E4":{"t":"GLF5"},"7E8":{"t":"EA50"},"7EA":{"desc":"L1P","t":"ULAC"},"7EB":{"t":"R44"},"7F0":{"t":"R44"},"7F3":{"t":"C140"},"7F4":{"desc":"L2J","t":"A21N"},"7F5":{"t":"GLID"},"7F9":{"t":"BE36"},"7FA":{"t":"AT8T"},"7FB":{"desc":"L1P"},"7FC":{"t":"F2TH"},"7FD":{"t":"SR22"},"7FF":{"t":"PA18"},"800":{"t":"A359"},"808":{"t":"BE20"},"80C":{"t":"C180"},"80D":{"t":"C25B"},"814":{"t":"B212"},"817":{"t":"C25C"},"81D":{"desc":"L1P"},"826":{"desc":"L2T"},"82C":{"t":"C172"},"831":{"desc":"G1P"},"835":{"desc":"L2T"},"83B":{"t":"CL30"},"844":{"t":"BE20"},"847":{"desc":"L2J"},"848":{"t":"AT5T"},"849":{"desc":"L1P"},"859":{"t":"AT5T"},"863":{"t":"AT5T"},"868":{"t":"R44"},"871":{"t":"EA50"},"872":{"t":"SR22"},"874":{"t":"SR22"},"87B":{"t":"A320"},"87C":{"t":"C120"},"87E":{"t":"EA50"},"880":{"desc":"L2P"},"881":{"t":"SR20"},"889":{"desc":"S1P"},"88D":{"t":"C560"},"8A1":{"t":"B744"},"8A4":{"t":"B429"},"8A5":{"t":"S22T"},"8AB":{"t":"BALL"},"8BC":{"t":"BE24"},"8C5":{"desc":"L1P"},"8C7":{"t":"F900"},"8CD":{"t":"B407"},"8CF":{"t":"PC12"},"8D8":{"t":"C172"},"8DE":{"t":"A319"},"8E7":{"desc":"L1J"},"8ED":{"t":"GLF5"},"8EE":{"t":"DA42"},"8F0":{"t":"CL60"},"8F4":{"t":"SR20"},"8F5":{"desc":"H1T"},"8F9":{"t":"PAY4"},"902":{"desc":"L1J"},"90E":{"desc":"L1P"},"917":{"t":"C68A"},"920":{"t":"SR22"},"921":{"t":"C208"},"925":{"t":"P28A"},"927":{"t":"E145"},"928":{"t":"C208"},"92B":{"desc":"L1P"},"92C":{"t":"PRM1"},"92D":{"t":"G150"},"930":{"desc":"H1T"},"935":{"t":"LJ45"},"937":{"t":"C650"},"939":{"t":"SF50"},"93A":{"t":"S22T"},"93B":{"desc":"L1P","t":"ULAC"},"93C":{"t":"C185"},"93E":{"t":"C68A"},"942":{"t":"BE30"},"946":{"t":"B407"},"948":{"t":"LJ24"},"94C":{"desc":"L1P"},"94F":{"desc":"L2J"},"951":{"t":"CH7A"},"952":{"desc":"L1P"},"954":{"t":"T210"},"956":{"t":"ECHO"},"959":{"t":"P28A"},"95A":{"t":"B429"},"95F":{"t":"SR20"},"96B":{"t":"B752"},"978":{"t":"C56X"},"983":{"desc":"L1P"},"985":{"t":"S22T"},"98C":{"t":"SF50"},"98D":{"desc":"L1P"},"98E":{"t":"A320"},"9A2":{"t":"GLF4"},"9A3":{"t":"C525"},"9A4":{"t":"SR22"},"9A7":{"t":"C170"},"9B8":{"desc":"L1P"},"9BE":{"t":"CL30"},"9C6":{"t":"B06"},"9CB":{"desc":"L1J"},"9CE":{"t":"PA31"},"9E2":{"t":"LJ35"},"9FC":{"desc":"L1P"},"A01":{"t":"C172"},"A02":{"t":"BE35"},"A03":{"t":"C310"},"A04":{"t":"C182"},"A05":{"t":"C180"},"A06":{"t":"CH7B"},"A07":{"t":"BE65"},"A08":{"t":"BE65"},"A09":{"t":"C310"},"A0A":{"desc":"L1P"},"A0B":{"t":"BE65"},"A0E":{"t":"ULAC"},"A10":{"t":"BE36"},"A11":{"desc":"L1P","t":"ULAC"},"A14":{"desc":"L1P"},"A15":{"t":"P28A"},"A16":{"t":"CH7B"},"A17":{"t":"C182"},"A18":{"t":"PA22"},"A1A":{"t":"ULAC"},"A1E":{"t":"C150"},"A1F":{"t":"ULAC"},"A20":{"desc":"H1P"},"A21":{"desc":"L1P"},"A22":{"t":"FA62"},"A23":{"desc":"L1P"},"A24":{"t":"C172"},"A25":{"t":"BE35"},"A26":{"t":"BE35"},"A28":{"t":"BE36"},"A2B":{"t":"PA11"},"A2C":{"t":"ULAC"},"A2E":{"t":"ULAC"},"A32":{"t":"C310"},"A34":{"t":"P28R"},"A36":{"t":"C172"},"A37":{"desc":"L1P"},"A38":{"desc":"L1T","t":"AT3P"},"A39":{"desc":"L1P","t":"ULAC"},"A3A":{"t":"PA27"},"A3B":{"t":"PA22"},"A41":{"desc":"L1P","t":"ULAC"},"A42":{"t":"C150"},"A43":{"t":"TAYD"},"A44":{"t":"C150"},"A45":{"t":"C150"},"A47":{"t":"C172"},"A49":{"t":"BE35"},"A4A":{"t":"C182"},"A4B":{"t":"C185"},"A4D":{"t":"C172"},"A4E":{"desc":"L1P"},"A52":{"t":"ULAC"},"A54":{"t":"PA24"},"A56":{"t":"C172"},"A58":{"desc":"L1P"},"A5A":{"desc":"L1P"},"A5B":{"t":"C172"},"A5C":{"desc":"L1P"},"A5D":{"t":"PA27"},"A5E":{"t":"PA22"},"A61":{"t":"C172"},"A69":{"t":"G164"},"A6C":{"t":"C82T"},"A6F":{"desc":"L1P","t":"ULAC"},"A70":{"t":"ULAC"},"A71":{"t":"PA11"},"A72":{"t":"C310"},"A73":{"t":"C172"},"A75":{"t":"AT6T"},"A76":{"t":"C182"},"A79":{"t":"C185"},"A7A":{"t":"P28R"},"A7B":{"t":"BT36"},"A7C":{"desc":"L1P"},"A7D":{"desc":"L1P"},"A7E":{"t":"P210"},"A7F":{"t":"CH7B"},"A81":{"t":"PA22"},"A83":{"desc":"L1P","t":"ULAC"},"A84":{"t":"C150"},"A86":{"t":"J3"},"A87":{"t":"C150"},"A88":{"t":"C150"},"A89":{"t":"C150"},"A8A":{"t":"C172"},"A8B":{"t":"TAYD"},"A8C":{"desc":"H1P"},"A8D":{"t":"C172"},"A8E":{"desc":"L1P","t":"ULAC"},"A8F":{"t":"BE35"},"A90":{"t":"C182"},"A93":{"t":"S108"},"A94":{"t":"PA11"},"A95":{"t":"ULAC"},"A98":{"t":"BE24"},"A9B":{"desc":"H1P"},"A9C":{"t":"C172"},"A9E":{"desc":"L2P"},"A9F":{"desc":"H1P"},"AA0":{"t":"SR22"},"AA1":{"t":"P28A"},"AA2":{"desc":"L1P","t":"ULAC"},"AA3":{"t":"ULAC"},"AA5":{"t":"C150"},"AA9":{"t":"C150"},"AAA":{"t":"TAYD"},"AAD":{"t":"T206"},"AB1":{"t":"C152"},"AB3":{"t":"C182"},"AB6":{"t":"BALL"},"AB7":{"t":"PA11"},"AB9":{"t":"C172"},"ABB":{"t":"TAYB"},"ABE":{"t":"AT3T"},"ABF":{"desc":"L1P","t":"ULAC"},"AC0":{"t":"P28R"},"AC3":{"desc":"L1P"},"AC4":{"t":"P28A"},"AC5":{"t":"CH7B"},"AC6":{"desc":"L1P"},"AC8":{"t":"C150"},"ACC":{"t":"C150"},"AD0":{"t":"C172"},"AD3":{"t":"T210"},"AD5":{"t":"C310"},"AD6":{"t":"C182"},"AD7":{"t":"C172"},"AD8":{"desc":"L1P","t":"ULAC"},"ADA":{"t":"AT6T"},"ADD":{"t":"C310"},"ADF":{"t":"C182"},"AE2":{"t":"C172"},"AE3":{"t":"P28R"},"AE5":{"desc":"L1P"},"AE6":{"desc":"L1P"},"AE8":{"t":"CH7B"},"AE9":{"desc":"L1P"},"AEA":{"t":"PA22"},"AEB":{"t":"ULAC"},"AED":{"t":"TAYD"},"AEF":{"t":"C172"},"AF0":{"t":"C150"},"AF3":{"t":"C150"},"AF6":{"t":"C172"},"AF7":{"t":"C182"},"AF9":{"t":"C182"},"AFA":{"t":"C172"},"AFB":{"desc":"L1P"},"AFE":{"t":"C172"},"AFF":{"t":"C172"},"B00":{"t":"C152"},"B06":{"t":"C82T"},"B0A":{"t":"P28A"},"B0B":{"t":"CH7B"},"B0C":{"t":"PA18"},"B0F":{"t":"C150"},"B11":{"desc":"L1P"},"B12":{"t":"C150"},"B14":{"t":"C150"},"B15":{"t":"AT5T"},"B19":{"t":"C172"},"B1B":{"t":"PA30"},"B1C":{"t":"C182"},"B1D":{"t":"C185"},"B20":{"t":"PA11"},"B22":{"t":"C172"},"B23":{"t":"C152"},"B24":{"t":"P28B"},"B25":{"desc":"L1P"},"B26":{"t":"PA24"},"B27":{"t":"C172"},"B28":{"t":"C172"},"B29":{"t":"P28R"},"B2A":{"t":"BE19"},"B2B":{"t":"C206"},"B2C":{"desc":"L1P"},"B2E":{"t":"CH7A"},"B30":{"t":"PA22"},"B34":{"desc":"L1P"},"B35":{"t":"PT22"},"B38":{"t":"C150"},"B39":{"t":"TAYD"},"B3B":{"t":"C175"},"B3C":{"t":"C172"},"B3D":{"t":"BALL"},"B3E":{"t":"T210"},"B3F":{"t":"C182"},"B40":{"t":"C180"},"B42":{"t":"C172"},"B44":{"t":"C172"},"B49":{"t":"C152"},"B4A":{"desc":"L1P"},"B4B":{"t":"C172"},"B4C":{"t":"P28R"},"B4F":{"t":"C182"},"B51":{"t":"CH7A"},"B52":{"t":"PA27"},"B55":{"t":"C150"},"B5A":{"t":"C150"},"B5E":{"desc":"L1J"},"B5F":{"desc":"L1P"},"B61":{"t":"LJ60"},"B62":{"t":"EC25"},"B64":{"t":"CRJ7"},"B65":{"t":"P28A"},"B66":{"desc":"H1P"},"B6B":{"t":"P28A"},"B6F":{"t":"C182"},"B70":{"t":"GLID"},"B71":{"t":"C172"},"B75":{"desc":"L2P"},"B76":{"t":"A321"},"B77":{"t":"R44"},"B78":{"desc":"L1P"},"B79":{"desc":"A1P","t":"ULAC"},"B7B":{"t":"B772"},"B86":{"t":"BALL"},"B8D":{"t":"C182"},"B91":{"t":"S108"},"B93":{"desc":"L1P"},"B95":{"t":"SR22"},"B96":{"t":"SR22"},"B98":{"desc":"H1T"},"B9D":{"t":"SR22"},"B9F":{"t":"SR22"},"BA0":{"t":"GLF4"},"BA3":{"t":"FDCT"},"BA7":{"t":"C750"},"BAA":{"desc":"L1P"},"BAC":{"t":"P28R"},"BAE":{"t":"E55P"},"BB2":{"desc":"L1P"},"BB7":{"t":"A359"},"BBA":{"t":"AS50"},"BBB":{"t":"SS2T"},"BBC":{"desc":"L2J","t":"A21N"},"BC4":{"t":"O1"},"BC6":{"desc":"L1P"},"BD3":{"t":"C172"},"BDB":{"desc":"L1P"},"BDC":{"desc":"L2J"},"BE3":{"t":"C172"},"BEA":{"t":"BE20"},"BF2":{"t":"CL30"},"BF8":{"t":"PA27"},"BF9":{"t":"GA5C"},"BFB":{"t":"AT5T"},"C08":{"t":"E135"},"C0E":{"desc":"L1P"},"C10":{"t":"AT5T"},"C11":{"desc":"L1P"},"C16":{"t":"S76"},"C1F":{"t":"R44"},"C28":{"t":"EA50"},"C29":{"t":"A320"},"C2C":{"t":"C208"},"C30":{"desc":"L1T","t":"M600"},"C33":{"t":"BE35"},"C38":{"t":"UH1"},"C43":{"desc":"L1P"},"C46":{"t":"BALL"},"C4C":{"t":"R44"},"C4E":{"desc":"L1P"},"C51":{"desc":"L1P"},"C55":{"t":"B763"},"C5A":{"t":"SF50"},"C62":{"t":"SF50"},"C75":{"desc":"L1P"},"C7E":{"t":"R44"},"C82":{"desc":"L1P"},"C83":{"desc":"L1P"},"C84":{"t":"B407"},"C86":{"t":"BE20"},"C8F":{"t":"C172"},"C95":{"t":"A319"},"C9E":{"desc":"L1J"},"CA4":{"t":"BE58"},"CA7":{"t":"TAMP"},"CA8":{"t":"B407"},"CB0":{"t":"P46T"},"CCE":{"t":"C68A"},"CDD":{"desc":"L1P"},"CDE":{"t":"E145"},"CE0":{"t":"AT5T"},"CE1":{"t":"AT5T"},"CE4":{"t":"C550"},"CE6":{"t":"SR22"},"CE7":{"t":"C414"},"CEA":{"desc":"L1P"},"CEB":{"desc":"L1P"},"CED":{"desc":"L1P"},"CF0":{"t":"SF50"},"CF1":{"t":"CL30"},"CF2":{"t":"B06"},"CF9":{"t":"GLID"},"CFA":{"desc":"L1E"},"CFB":{"t":"C172"},"CFD":{"t":"C172"},"D04":{"desc":"A1P"},"D05":{"desc":"L1P"},"D06":{"desc":"L2J"},"D08":{"t":"GLID"},"D0B":{"t":"M7"},"D0C":{"desc":"L1P"},"D11":{"desc":"H2T"},"D1D":{"desc":"L1P"},"D21":{"t":"TWEN"},"D23":{"t":"ULAC"},"D2F":{"t":"C56X"},"D3A":{"desc":"L1P"},"D45":{"t":"A320"},"D53":{"t":"PA18"},"D54":{"t":"PA18"},"D56":{"t":"C25B"},"D65":{"t":"T28"},"D9E":{"t":"PA46"},"DAC":{"t":"AT8T"},"DB9":{"t":"BE35"},"DBB":{"t":"BE58"},"DBC":{"t":"C172"},"DC0":{"t":"RC3"},"DC3":{"t":"BE76"},"DC6":{"t":"C152"},"DC7":{"t":"C185"},"DC8":{"t":"P28R"},"DC9":{"t":"BE19"},"DCA":{"t":"C206"},"DCC":{"t":"P28A"},"DCD":{"t":"CH7A"},"DD1":{"t":"T206"},"DD3":{"desc":"L1P","t":"ULAC"},"DD4":{"t":"C150"},"DD6":{"t":"C172"},"DD9":{"t":"C150"},"DDC":{"t":"BE35"},"DDD":{"t":"C303"},"DDE":{"t":"C182"},"DDF":{"t":"C172"},"DE0":{"t":"ULAC"},"DE2":{"t":"AT6T"},"DE5":{"t":"BALL"},"DE7":{"t":"AT5T"},"DE8":{"t":"PA24"},"DEB":{"t":"C82T"},"DEC":{"t":"C82T"},"DEE":{"t":"C210"},"DEF":{"t":"P28A"},"DF0":{"t":"CH7A"},"DF4":{"t":"C150"},"DF7":{"t":"C150"},"DF8":{"t":"C150"},"DF9":{"desc":"L1P"},"DFA":{"t":"C172"},"DFD":{"t":"GLF5"},"DFE":{"t":"C172"},"E01":{"desc":"L1P","t":"ULAC"},"E02":{"t":"C172"},"E04":{"t":"AT5T"},"E05":{"t":"PA11"},"E07":{"desc":"H1T"},"E08":{"desc":"L1P"},"E09":{"t":"BE19"},"E0A":{"t":"BE35"},"E0B":{"desc":"L1P","t":"ULAC"},"E0D":{"desc":"L1P","t":"ULAC"},"E0E":{"t":"BE20"},"E0F":{"t":"BE19"},"E10":{"t":"GC1"},"E12":{"t":"GLID"},"E14":{"desc":"A1P","t":"ULAC"},"E16":{"t":"C150"},"E17":{"t":"C150"},"E1A":{"desc":"L1P"},"E1C":{"desc":"A1P"},"E1D":{"t":"AT3T"},"E22":{"t":"BE35"},"E25":{"t":"C172"},"E26":{"desc":"L1P"},"E2A":{"t":"C172"},"E2E":{"t":"PA24"},"E2F":{"t":"C152"},"E30":{"t":"C172"},"E31":{"t":"P28A"},"E32":{"t":"BE19"},"E38":{"t":"PA22"},"E3E":{"t":"C172"},"E3F":{"t":"C150"},"E40":{"t":"C206"},"E41":{"t":"P32R"},"E42":{"t":"C206"},"E45":{"desc":"L1P"},"E48":{"t":"BE20"},"E4A":{"desc":"L1P"},"E4B":{"t":"AT8T"},"E4E":{"t":"C152"},"E4F":{"t":"TAYB"},"E52":{"desc":"L1P"},"E53":{"t":"C172"},"E54":{"t":"P28R"},"E55":{"t":"BE23"},"E5A":{"t":"GLID"},"E5B":{"t":"PA22"},"E60":{"t":"C172"},"E63":{"t":"C172"},"E64":{"t":"C150"},"E66":{"desc":"L1P"},"E68":{"t":"BE35"},"E6A":{"t":"C182"},"E6B":{"t":"C180"},"E6E":{"t":"PA11"},"E70":{"t":"ULAC"},"E72":{"desc":"L1P"},"E74":{"t":"C152"},"E76":{"t":"C172"},"E77":{"t":"BALL"},"E78":{"t":"BE23"},"E7B":{"t":"P28A"},"E86":{"t":"C150"},"E87":{"t":"C206"},"E8B":{"t":"BE35"},"E8C":{"t":"C172"},"E8D":{"desc":"L1P"},"E90":{"t":"C172"},"E91":{"t":"C172"},"E94":{"t":"C152"},"E99":{"t":"BE58"},"E9B":{"t":"P28A"},"E9F":{"t":"CH7B"},"EA0":{"t":"AT6T"},"EA2":{"t":"C150"},"EA3":{"t":"C77R"},"EA4":{"t":"TAYD"},"EA7":{"t":"BALL"},"EA9":{"t":"C172"},"EAA":{"t":"C172"},"EAE":{"t":"BE35"},"EB1":{"t":"C172"},"EB2":{"t":"J3"},"EB3":{"desc":"G1P","t":"GYRO"},"EB5":{"t":"C310"},"EB9":{"t":"C182"},"EBB":{"t":"C310"},"EBC":{"t":"C72R"},"EC0":{"t":"C72R"},"EC3":{"t":"PA27"},"EC4":{"desc":"L1P"},"EC9":{"t":"TAYD"},"ECA":{"t":"C172"},"ECB":{"t":"C172"},"ED3":{"t":"C182"},"ED9":{"desc":"L1P","t":"ULAC"},"EDC":{"t":"C182"},"EDE":{"t":"C340"},"EDF":{"t":"C172"},"EE0":{"t":"P28R"},"EE2":{"t":"T210"},"EE3":{"t":"C72R"},"EE4":{"t":"BALL"},"EE5":{"t":"CH7B"},"EE6":{"t":"UH12"},"EE7":{"t":"PA22"},"EE8":{"t":"TAYD"},"EEA":{"t":"TAYD"},"EEC":{"t":"C150"},"EEF":{"t":"C150"},"EF0":{"t":"C172"},"EF1":{"t":"C150"},"EF5":{"desc":"L1P"},"EFA":{"desc":"L1P"},"EFB":{"desc":"L1P"},"EFC":{"t":"C172"},"EFD":{"desc":"L1P"},"EFE":{"t":"BE23"},"EFF":{"t":"C182"},"F00":{"t":"PA24"},"F01":{"desc":"L1P","t":"ULAC"},"F02":{"t":"C172"},"F04":{"t":"P28A"},"F06":{"t":"C72R"},"F0A":{"t":"PA22"},"F0B":{"t":"C150"},"F0D":{"t":"C150"},"F0E":{"desc":"H1P"},"F0F":{"t":"C150"},"F11":{"t":"C150"},"F17":{"desc":"L1P"},"F18":{"t":"P51"},"F19":{"t":"C25C"},"F1C":{"desc":"L1P"},"F1D":{"t":"UH1"},"F1E":{"t":"P32R"},"F20":{"t":"C206"},"F21":{"t":"BE60"},"F22":{"t":"M20P"},"F24":{"t":"C340"},"F26":{"t":"SS2P"},"F27":{"t":"GLID"},"F28":{"desc":"L1P"},"F29":{"t":"DA42"},"F2B":{"desc":"L2P"},"F2F":{"t":"BE40"},"F30":{"desc":"L1P"},"F32":{"desc":"L1P"},"F35":{"desc":"L1P"},"F36":{"t":"PA24"},"F37":{"t":"H60"},"F38":{"desc":"L1P"},"F39":{"t":"PA46"},"F3A":{"desc":"L1P"},"F3C":{"t":"GLF5"},"F3D":{"t":"P28A"},"F40":{"t":"P51"},"F41":{"t":"C25B"},"F43":{"desc":"L1P"},"F44":{"t":"T210"},"F47":{"desc":"L1P"},"F48":{"t":"C525"},"F49":{"t":"C56X"},"F4A":{"t":"BL8"},"F4B":{"t":"BE55"},"F4C":{"desc":"L1P"},"F53":{"t":"BE60"},"F54":{"t":"C210"},"F58":{"t":"GLID"},"F5A":{"t":"M20P"},"F5B":{"t":"C56X"},"F5C":{"t":"C180"},"F5E":{"t":"C340"},"F5F":{"t":"P51"},"F60":{"desc":"L1P"},"F62":{"t":"C550"},"F63":{"t":"PA34"},"F64":{"desc":"L1P","t":"ULAC"},"F65":{"desc":"L1P"},"F68":{"desc":"L1P"},"F69":{"t":"P51"},"F6A":{"t":"PC12"},"F6B":{"t":"P51"},"F6C":{"t":"P51"},"F6D":{"t":"AC95"},"F6E":{"t":"BE9L"},"F71":{"desc":"H1P"},"F72":{"t":"PA24"},"F73":{"t":"P51"},"F74":{"desc":"L1P"},"F75":{"t":"ERCO"},"F76":{"desc":"L1P"},"F78":{"desc":"L1P"},"F7A":{"t":"E300"},"F7B":{"t":"P51"},"F7D":{"t":"BE36"},"F7E":{"t":"BE35"},"F7F":{"t":"G280"},"F81":{"desc":"L1P"},"F83":{"desc":"L1P"},"F85":{"t":"AEST"},"F88":{"t":"AEST"},"F8A":{"t":"CH7B"},"F8B":{"t":"C180"},"F8C":{"t":"C140"},"F8D":{"desc":"L1P"},"F8E":{"desc":"L1P"},"F8F":{"t":"P51"},"F92":{"desc":"L1P"},"F93":{"t":"C25C"},"F94":{"t":"C172"},"F96":{"t":"SF50"},"F97":{"t":"BE58"},"F98":{"t":"FA50"},"F9A":{"desc":"L1P"},"F9E":{"desc":"L1P"},"F9F":{"t":"S22T"},"FA0":{"t":"LJ35"},"FA1":{"desc":"L1P","t":"ULAC"},"FA3":{"t":"C82T"},"FA4":{"t":"J3"},"FA5":{"t":"C501"},"FA8":{"t":"GLID"},"FA9":{"desc":"L1P"},"FAC":{"desc":"L1P"},"FAE":{"t":"C750"},"FAF":{"t":"PA27"},"FB1":{"t":"P51"},"FB2":{"desc":"L1P"},"FB5":{"t":"LJ35"},"FB6":{"desc":"L1P"},"FB8":{"t":"PRM1"},"FB9":{"t":"C525"},"FBA":{"t":"P51"},"FBE":{"t":"CH7B"},"FC0":{"t":"GLID"},"FC2":{"desc":"L1P","t":"ULAC"},"FC5":{"t":"N3N"},"FC6":{"desc":"L2P"},"FC7":{"t":"C510"},"FC8":{"desc":"L1P"},"FC9":{"t":"GLID"},"FCB":{"t":"C206"},"FCD":{"t":"H25B"},"FCE":{"desc":"L1P"},"FD0":{"desc":"L1P"},"FD1":{"t":"BE35"},"FD3":{"t":"PA27"},"FD5":{"t":"P51"},"FD6":{"desc":"L1P"},"FD8":{"t":"HUSK"},"FDC":{"t":"P51"},"FDF":{"desc":"L1P"},"FE0":{"t":"P51"},"FE1":{"t":"P51"},"FE3":{"desc":"L1P"},"FE4":{"desc":"L1P"},"FEA":{"desc":"L1P"},"FEB":{"t":"PA27"},"FEC":{"t":"S22T"},"FEE":{"desc":"L1P"},"FEF":{"desc":"L1P"},"FF0":{"t":"P51"},"FF2":{"t":"C650"},"FF8":{"t":"BE55"},"FF9":{"t":"P51"},"FFB":{"t":"P51"}}