{"000":{"t":"P32R"},"001":{"t":"S22T"},"008":{"desc":"L1P"},"009":{"t":"GLF6"},"00A":{"t":"C68A"},"010":{"t":"G150"},"014":{"t":"C208"},"019":{"desc":"L1P"},"01D":{"t":"BALL"},"021":{"desc":"L1P"},"022":{"t":"DA40"},"025":{"t":"ULAC"},"02D":{"t":"SR22"},"037":{"t":"BALL"},"03A":{"t":"BE35"},"03B":{"t":"DA40"},"03C":{"t":"G280"},"03D":{"t":"AS50"},"03E":{"t":"SR22"},"03F":{"t":"C25A"},"040":{"t":"AS50"},"043":{"t":"C206"},"044":{"t":"S76"},"04C":{"t":"B407"},"04E":{"t":"C551"},"04F":{"t":"P28R"},"053":{"t":"C550"},"06A":{"t":"BALL"},"06C":{"t":"BE36"},"06D":{"t":"H500"},"06F":{"t":"C340"},"077":{"t":"AA5"},"078":{"t":"S22T"},"07C":{"t":"BALL"},"07E":{"t":"SR20"},"07F":{"t":"C72R"},"085":{"t":"BE55"},"095":{"t":"BALL"},"096":{"t":"C68A"},"09E":{"t":"DA42"},"09F":{"t":"C150"},"0A1":{"t":"C525"},"0A2":{"t":"BALL"},"0AA":{"desc":"L1P"},"0AE":{"desc":"L2J"},"0B0":{"desc":"L1P"},"0B2":{"desc":"L1P"},"0B3":{"desc":"L1P"},"0B8":{"t":"PA18"},"0B9":{"t":"LJ55"},"0BA":{"desc":"L1P"},"0BB":{"desc":"L1P"},"0C0":{"t":"R44"},"0C5":{"t":"C172"},"0C8":{"t":"F2TH"},"0CA":{"t":"ULAC"},"0CC":{"t":"PA18"},"0CE":{"desc":"L1P"},"0D0":{"t":"M20P"},"0D1":{"desc":"L1J"},"0D3":{"desc":"A1P","t":"PA18"},"0D4":{"t":"S22T"},"0D6":{"desc":"L1P"},"0D8":{"t":"M7"},"0E0":{"desc":"L1P"},"0E1":{"t":"BE9L"},"0E2":{"t":"C25C"},"0E5":{"t":"BALL"},"0E6":{"t":"C560"},"0EA":{"t":"B752"},"0F9":{"t":"BALL"},"102":{"t":"C180"},"10D":{"t":"A320"},"11D":{"t":"BALL"},"11E":{"t":"B06"},"121":{"t":"EC35"},"127":{"desc":"L1P"},"12D":{"t":"S22T"},"130":{"t":"T6"},"13F":{"desc":"L1P","t":"XL2"},"166":{"t":"B06"},"17F":{"t":"C180"},"180":{"t":"C172"},"181":{"desc":"L1P","t":"ULAC"},"184":{"t":"C180"},"185":{"t":"C172"},"18A":{"t":"P28A"},"18B":{"t":"TAYB"},"18C":{"desc":"L1P","t":"ULAC"},"18D":{"t":"PA24"},"18F":{"t":"C172"},"192":{"t":"C206"},"193":{"desc":"L2T","t":"BE18"},"194":{"t":"AT5T"},"195":{"t":"CH7B"},"196":{"t":"PA27"},"197":{"t":"PA22"},"198":{"t":"C172"},"199":{"t":"GLID"},"19C":{"t":"C172"},"19F":{"t":"ST75"},"1A3":{"t":"C172"},"1A4":{"t":"C172"},"1A6":{"t":"C182"},"1A7":{"t":"C172"},"1A9":{"t":"O1"},"1AA":{"t":"C172"},"1AB":{"t":"C340"},"1AD":{"desc":"L1P"},"1AF":{"t":"C182"},"1B0":{"t":"PA24"},"1B2":{"t":"C172"},"1B3":{"t":"P28A"},"1B4":{"t":"CH7A"},"1B6":{"t":"C182"},"1B7":{"t":"P28A"},"1B8":{"t":"CH7B"},"1BB":{"desc":"L1P"},"1C1":{"t":"C182"},"1C6":{"t":"C172"},"1C7":{"t":"AT6T"},"1C9":{"t":"C182"},"1CA":{"t":"C172"},"1CB":{"t":"C172"},"1CC":{"t":"O1"},"1CD":{"t":"C185"},"1CE":{"t":"C340"},"1CF":{"t":"NAVI"},"1D0":{"t":"P28A"},"1D1":{"t":"TAYB"},"1D3":{"t":"PA24"},"1D5":{"t":"C182"},"1D6":{"t":"P28A"},"1D8":{"t":"BALL"},"1DA":{"t":"ULAC"},"1E0":{"t":"ULAC"},"1E2":{"t":"T206"},"1E4":{"desc":"L1P"},"1E5":{"t":"C172"},"1E6":{"t":"L8"},"1ED":{"t":"C172"},"1EE":{"t":"CJ6"},"1EF":{"desc":"L1P","t":"ULAC"},"1F0":{"t":"PA14"},"1F1":{"desc":"S1P","t":"AR11"},"1F3":{"desc":"L1P"},"1F4":{"t":"BE76"},"1F6":{"t":"C152"},"1F8":{"t":"C172"},"1F9":{"t":"P28A"},"1FA":{"t":"CH7B"},"1FD":{"t":"P210"},"1FE":{"t":"CH7B"},"1FF":{"desc":"L1P"},"203":{"t":"C172"},"204":{"desc":"L1P"},"208":{"t":"ULAC"},"209":{"t":"T50"},"210":{"t":"C172"},"211":{"t":"C172"},"212":{"t":"C182"},"213":{"t":"PA14"},"214":{"t":"C172"},"215":{"t":"NAVI"},"216":{"t":"P28A"},"217":{"t":"TAYB"},"219":{"t":"C182"},"21C":{"t":"P28A"},"21E":{"desc":"L1J"},"21F":{"t":"T6"},"221":{"t":"CH7B"},"223":{"t":"PA22"},"224":{"t":"C172"},"226":{"desc":"L1P","t":"ULAC"},"22A":{"desc":"H1P"},"22B":{"t":"T206"},"22D":{"t":"T206"},"230":{"t":"H500"},"232":{"t":"C172"},"233":{"t":"AT6T"},"235":{"t":"H500"},"238":{"t":"AT6T"},"23A":{"t":"TAYB"},"23B":{"t":"H500"},"23C":{"t":"BALL"},"23D":{"desc":"L1P"},"240":{"t":"CH7B"},"241":{"t":"C172"},"245":{"t":"C172"},"246":{"t":"PA22"},"247":{"desc":"H1P"},"248":{"desc":"H1P"},"249":{"desc":"H1P"},"24B":{"desc":"L1P","t":"ULAC"},"24E":{"desc":"H1P"},"250":{"desc":"H1P"},"252":{"t":"C172"},"254":{"t":"BE35"},"259":{"t":"C172"},"25B":{"t":"NAVI"},"25C":{"t":"C152"},"25D":{"t":"TAYB"},"25E":{"t":"ST75"},"264":{"t":"C206"},"266":{"t":"P28A"},"267":{"t":"CH7B"},"268":{"t":"M20P"},"269":{"t":"PA22"},"26A":{"desc":"H1P"},"26D":{"desc":"L1P"},"26E":{"t":"C172"},"26F":{"t":"C172"},"275":{"t":"C182"},"276":{"desc":"L1P"},"278":{"t":"C182"},"279":{"t":"C172"},"27B":{"t":"C172"},"27C":{"t":"PA14"},"27D":{"t":"BL8"},"27F":{"t":"P28A"},"281":{"t":"ST75"},"284":{"t":"C172"},"286":{"t":"CH7B"},"289":{"t":"P28A"},"28A":{"t":"CH7A"},"28B":{"t":"H500"},"28D":{"desc":"L1P"},"28E":{"t":"C172"},"291":{"t":"FA62"},"292":{"t":"C172"},"293":{"t":"ST75"},"299":{"t":"C82S"},"29A":{"t":"BE35"},"29E":{"t":"O1"},"29F":{"t":"PA14"},"2A2":{"t":"C182"},"2A3":{"t":"TAYB"},"2A8":{"t":"P28A"},"2A9":{"t":"C182"},"2AA":{"t":"C206"},"2AB":{"t":"T6"},"2AD":{"t":"CH7A"},"2AE":{"t":"PA27"},"2B3":{"t":"C172"},"2B5":{"t":"C172"},"2BB":{"t":"T210"},"2BC":{"t":"C152"},"2BE":{"t":"C82S"},"2BF":{"t":"C180"},"2C5":{"t":"P28A"},"2C6":{"t":"TAYB"},"2CA":{"t":"AT6T"},"2CB":{"t":"P28A"},"2CC":{"t":"CH7A"},"2D1":{"t":"T210"},"2D2":{"t":"PA22"},"2D3":{"t":"C172"},"2DD":{"t":"C150"},"2DE":{"t":"B14A"},"2E1":{"t":"CH7B"},"2E3":{"t":"CRJ7"},"2E4":{"t":"P28A"},"2E6":{"desc":"L1T"},"2E8":{"desc":"A1P"},"2EA":{"t":"C182"},"2EC":{"t":"S22T"},"2EF":{"t":"B738"},"2F2":{"t":"A319"},"2F3":{"t":"BALL"},"2F8":{"desc":"A1P","t":"ULAC"},"2F9":{"desc":"L1P","t":"ULAC"},"2FA":{"t":"B772"},"2FE":{"t":"BE55"},"303":{"desc":"L1P"},"305":{"t":"BALL"},"307":{"t":"SR22"},"30C":{"desc":"L1P"},"311":{"t":"AC11"},"312":{"t":"SR22"},"31C":{"t":"B58T"},"31E":{"t":"GLEX"},"324":{"desc":"L1P","t":"ULAC"},"32B":{"t":"BE20"},"32C":{"desc":"L1P"},"32E":{"t":"SR22"},"32F":{"desc":"L1P"},"331":{"t":"SR22"},"332":{"t":"BE55"},"335":{"t":"PA46"},"336":{"t":"A359"},"33A":{"t":"DA40"},"33B":{"desc":"L2J","t":"A21N"},"33D":{"desc":"L1P"},"342":{"t":"C56X"},"343":{"desc":"L1P"},"344":{"t":"SF50"},"345":{"t":"GLID"},"34B":{"t":"EA50"},"34E":{"t":"FA50"},"352":{"t":"C172"},"354":{"desc":"L1P"},"35B":{"t":"CH7B"},"361":{"t":"AS50"},"371":{"t":"CL30"},"379":{"t":"LJ35"},"37D":{"desc":"L2J"},"380":{"desc":"L1P"},"382":{"t":"R22"},"38D":{"desc":"H1P"},"399":{"desc":"L1P"},"3A6":{"t":"P28R"},"3A8":{"t":"A320"},"3AA":{"t":"F2TH"},"3AD":{"t":"CRJ7"},"3AE":{"desc":"L1P"},"3B2":{"t":"BE24"},"3B4":{"desc":"L1P"},"3B6":{"desc":"L1P"},"3B8":{"desc":"L1P"},"3C2":{"t":"PC12"},"3C5":{"desc":"L1P"},"3CF":{"t":"SR20"},"3D0":{"desc":"H1T","t":"B505"},"3D4":{"desc":"L1P"},"3D8":{"t":"S22T"},"3D9":{"t":"DA40"},"3DF":{"desc":"L2P"},"3E1":{"desc":"L1P"},"3E4":{"t":"C68A"},"3E9":{"desc":"L1P"},"3EA":{"t":"R66"},"3F2":{"t":"CH7B"},"3F3":{"t":"M20T"},"3F8":{"desc":"A1P"},"3FB":{"t":"BL8"},"3FD":{"desc":"L1P"},"3FF":{"t":"C172"},"400":{"t":"C185"},"401":{"t":"R44"},"403":{"t":"B407"},"40E":{"t":"C172"},"414":{"t":"A319"},"418":{"desc":"L1P"},"424":{"t":"H500"},"426":{"t":"PC12"},"42A":{"t":"SR22"},"42B":{"t":"BE35"},"42C":{"desc":"L1P"},"42E":{"desc":"L1P"},"42F":{"t":"C25B"},"433":{"t":"S22T"},"438":{"t":"COL4"},"43C":{"t":"AA1"},"44D":{"t":"C68A"},"456":{"desc":"L1P","t":"ULAC"},"458":{"desc":"L1P"},"45C":{"t":"P28R"},"45E":{"t":"C550"},"465":{"t":"BE10"},"466":{"t":"B407"},"467":{"desc":"L1P"},"469":{"desc":"L1P"},"46A":{"t":"BE40"},"46E":{"desc":"H1P"},"470":{"t":"L8"},"471":{"t":"C340"},"474":{"t":"B407"},"475":{"desc":"G1P"},"476":{"t":"FA62"},"47A":{"desc":"L1P"},"47C":{"desc":"H1T"},"47E":{"t":"SR22"},"485":{"desc":"L2J"},"487":{"desc":"L1P"},"48A":{"t":"PA18"},"492":{"desc":"L1T","t":"M600"},"493":{"t":"DA40"},"495":{"desc":"L1P"},"498":{"desc":"L1P"},"49B":{"t":"PC12"},"49C":{"t":"BALL"},"4A8":{"t":"C525"},"4B5":{"t":"A321"},"4C2":{"t":"SF50"},"4C4":{"t":"A320"},"4C7":{"t":"C550"},"4D3":{"desc":"L2P"},"4D4":{"desc":"H1P"},"4D6":{"desc":"L1P"},"4D9":{"desc":"A1P"},"4DC":{"desc":"L1P"},"4E2":{"t":"PA46"},"4E6":{"t":"SR22"},"4F6":{"desc":"L1P"},"4FB":{"t":"LJ60"},"504":{"t":"G164"},"51F":{"desc":"L1P"},"525":{"desc":"L1P"},"53A":{"t":"C182"},"53B":{"t":"ULAC"},"53D":{"t":"O1"},"53F":{"t":"C172"},"541":{"t":"P28A"},"543":{"t":"ST75"},"546":{"t":"C172"},"547":{"t":"P28A"},"548":{"t":"CH7B"},"54A":{"t":"ULAC"},"54B":{"t":"AT5T"},"54C":{"t":"CH7A"},"54E":{"t":"PA22"},"551":{"t":"ST75"},"552":{"t":"T6"},"553":{"t":"ST75"},"555":{"t":"ST75"},"558":{"t":"ST75"},"559":{"desc":"L1P"},"55A":{"t":"C172"},"55B":{"t":"AT3T"},"55C":{"t":"BE35"},"55F":{"t":"C182"},"561":{"t":"PA14"},"562":{"t":"C172"},"563":{"t":"NAVI"},"564":{"t":"P28A"},"565":{"t":"TAYB"},"566":{"t":"ST75"},"569":{"t":"C172"},"56A":{"t":"C82T"},"56B":{"t":"CH7A"},"56C":{"t":"C206"},"56D":{"t":"T210"},"571":{"t":"PA22"},"57C":{"desc":"L1P"},"57D":{"t":"C172"},"580":{"t":"C182"},"582":{"t":"AT3T"},"583":{"t":"O1"},"584":{"t":"PA14"},"586":{"t":"NAVI"},"587":{"t":"P28A"},"58D":{"t":"P28A"},"58E":{"t":"AT6T"},"590":{"t":"C72R"},"592":{"t":"CH7B"},"595":{"t":"C172"},"597":{"t":"ST75"},"59F":{"desc":"L1P"},"5A0":{"t":"C172"},"5A4":{"t":"C172"},"5A7":{"t":"C172"},"5A8":{"desc":"H2T"},"5AA":{"t":"P28A"},"5AB":{"t":"C82S"},"5AC":{"t":"ST75"},"5AF":{"t":"C172"},"5B0":{"t":"P28A"},"5B1":{"t":"C82T"},"5B2":{"t":"C206"},"5B6":{"t":"S61"},"5B7":{"t":"PA22"},"5B8":{"t":"C172"},"5B9":{"t":"C172"},"5BC":{"desc":"L1P"},"5C0":{"desc":"L2P"},"5C1":{"t":"FA62"},"5C3":{"t":"ULAC"},"5C5":{"t":"COL4"},"5C6":{"t":"C182"},"5C7":{"t":"C180"},"5C8":{"t":"C172"},"5C9":{"t":"O1"},"5CA":{"t":"PA14"},"5CC":{"t":"C172"},"5CD":{"t":"P28A"},"5CE":{"t":"BE76"},"5CF":{"t":"C206"},"5D2":{"t":"C172"},"5D4":{"t":"C206"},"5D7":{"t":"P28A"},"5D9":{"t":"COL4"},"5DA":{"t":"PA22"},"5DD":{"t":"C208"},"5E6":{"t":"T210"},"5EA":{"t":"C172"},"5EB":{"t":"AT5T"},"5EC":{"t":"O1"},"5ED":{"t":"PA14"},"5EF":{"t":"NAVI"},"5F0":{"t":"COL4"},"5F1":{"t":"TAYB"},"5F2":{"t":"ST75"},"5F3":{"t":"PA24"},"5F6":{"t":"P28A"},"5F7":{"t":"CH7A"},"5FA":{"t":"P28A"},"5FB":{"t":"CH7B"},"5FC":{"t":"C172"},"5FE":{"t":"BALL"},"600":{"t":"C172"},"601":{"desc":"H2T"},"602":{"desc":"L1P"},"606":{"t":"C172"},"609":{"t":"C172"},"60B":{"t":"BE35"},"60C":{"t":"C182"},"60D":{"t":"C172"},"60F":{"t":"C172"},"612":{"t":"C82S"},"614":{"t":"TAYB"},"616":{"t":"C182"},"618":{"t":"C82T"},"619":{"t":"C82T"},"61A":{"t":"AT5T"},"621":{"t":"C172"},"625":{"t":"T206"},"628":{"t":"AT3T"},"62A":{"t":"BE17"},"630":{"t":"C172"},"631":{"t":"P28A"},"632":{"t":"T206"},"633":{"t":"C172"},"634":{"t":"C172"},"635":{"t":"C172"},"636":{"t":"P28A"},"63B":{"t":"C172"},"63C":{"t":"P28A"},"63D":{"t":"C172"},"641":{"t":"AT5T"},"643":{"t":"PA22"},"649":{"desc":"L1P"},"64C":{"desc":"L1P"},"64D":{"t":"T6"},"64F":{"t":"BALL"},"651":{"t":"BE35"},"652":{"t":"C182"},"653":{"t":"C172"},"655":{"t":"C82S"},"656":{"t":"C172"},"657":{"t":"C182"},"658":{"t":"NAVI"},"65C":{"t":"PA24"},"65D":{"t":"C182"},"660":{"t":"C206"},"661":{"t":"C206"},"662":{"t":"C210"},"664":{"t":"CH7B"},"665":{"t":"C162"},"66C":{"t":"BALL"},"66D":{"t":"C162"},"673":{"t":"C172"},"674":{"t":"BE35"},"675":{"t":"C162"},"676":{"t":"C180"},"67A":{"t":"C172"},"67B":{"t":"C162"},"67C":{"t":"P28A"},"67D":{"t":"TAYB"},"682":{"t":"P28A"},"683":{"t":"CH7A"},"685":{"t":"T6"},"687":{"t":"CH7B"},"688":{"desc":"L1P"},"689":{"t":"PA22"},"68B":{"t":"C172"},"68C":{"t":"J3"},"690":{"t":"C172"},"692":{"desc":"L1P"},"696":{"t":"BE19"},"697":{"t":"GLID"},"698":{"t":"T206"},"69A":{"t":"B06"},"69C":{"desc":"L1P"},"69D":{"t":"HUSK"},"6A0":{"t":"BE40"},"6A1":{"desc":"L1P"},"6A3":{"t":"GLF4"},"6A6":{"t":"L13M"},"6A7":{"desc":"L1P"},"6A8":{"t":"BE35"},"6AD":{"t":"B407"},"6AE":{"desc":"L1P"},"6AF":{"t":"T6"},"6B0":{"desc":"H4E"},"6B1":{"desc":"L1P"},"6B2":{"desc":"L1P"},"6B5":{"t":"R44"},"6B6":{"t":"B06"},"6B7":{"t":"C77R"},"6B8":{"desc":"L1P"},"6BB":{"t":"YK52"},"6BE":{"desc":"L1P"},"6BF":{"t":"YK52"},"6C0":{"desc":"L1P"},"6C3":{"t":"GLID"},"6C4":{"t":"GLID"},"6C7":{"t":"BE20"},"6C8":{"desc":"L1P"},"6C9":{"desc":"L1P","t":"ULAC"},"6CC":{"t":"BE36"},"6CE":{"t":"YK52"},"6D0":{"desc":"L1P"},"6D2":{"t":"P28R"},"6D5":{"t":"PC24"},"6D7":{"t":"C182"},"6D8":{"t":"C414"},"6D9":{"t":"S22T"},"6DD":{"desc":"L1P"},"6E0":{"desc":"L1P"},"6E1":{"t":"HUSK"},"6E2":{"t":"M20P"},"6E3":{"desc":"L1P","t":"F2TH"},"6E4":{"desc":"L1P"},"6E9":{"desc":"L1P"},"6EA":{"desc":"L1P"},"6EB":{"t":"C77R"},"6EC":{"desc":"L1P"},"6ED":{"t":"BE18"},"6F0":{"t":"C150"},"6F1":{"desc":"L1P"},"6F2":{"desc":"L1P"},"6F5":{"desc":"L1P"},"6FA":{"t":"CH7A"},"6FB":{"desc":"L1P"},"6FC":{"t":"EC20"},"702":{"desc":"L1P","t":"ULAC"},"704":{"t":"EA50"},"705":{"t":"M20T"},"706":{"t":"C182"},"709":{"t":"AA5"},"70B":{"t":"C25B"},"70D":{"t":"PA27"},"712":{"t":"GLID"},"713":{"t":"B06"},"714":{"t":"AEST"},"715":{"t":"E300"},"717":{"t":"C56X"},"718":{"t":"C152"},"71A":{"desc":"H1P"},"71C":{"desc":"L1P"},"71F":{"t":"LJ35"},"722":{"t":"GLID"},"723":{"t":"CH7B"},"724":{"t":"C550"},"729":{"desc":"L1P"},"72C":{"desc":"L2J"},"72D":{"desc":"L1P"},"72F":{"desc":"L1P","t":"ULAC"},"733":{"t":"B06"},"735":{"t":"M7"},"737":{"t":"BL8"},"73B":{"desc":"L1P"},"73C":{"t":"BE36"},"73D":{"t":"BE20"},"73F":{"t":"C82R"},"740":{"desc":"L1P"},"741":{"t":"PC12"},"745":{"t":"C182"},"747":{"t":"B58T"},"748":{"desc":"L1P"},"749":{"desc":"L1P"},"74A":{"t":"PA27"},"74D":{"t":"PA34"},"74E":{"t":"GLID"},"74F":{"t":"PAY1"},"750":{"desc":"L1P"},"752":{"t":"C172"},"754":{"t":"C25B"},"755":{"desc":"L1P"},"756":{"t":"SIRA"},"759":{"t":"P28A"},"75A":{"t":"B429"},"75B":{"t":"HUSK"},"75D":{"desc":"L1P"},"75F":{"desc":"A1P"},"762":{"t":"AEST"},"764":{"desc":"L1P","t":"TB0"},"765":{"desc":"L1P"},"767":{"t":"AEST"},"768":{"t":"BE33"},"769":{"t":"BE55"},"76B":{"desc":"L1P"},"76C":{"desc":"L1P"},"76D":{"t":"C421"},"76E":{"desc":"L1P"},"76F":{"t":"CL30"},"771":{"t":"C421"},"772":{"t":"AC90"},"773":{"t":"C152"},"777":{"t":"BE9L"},"778":{"desc":"L1P"},"779":{"t":"P28U"},"77A":{"desc":"L1P"},"77C":{"desc":"L1P"},"77D":{"desc":"A1P"},"780":{"t":"C177"},"782":{"t":"BE55"},"784":{"desc":"L1P"},"787":{"desc":"L1P"},"788":{"t":"BE36"},"78B":{"t":"M20P"},"78C":{"t":"C525"},"78F":{"desc":"L2T"},"791":{"t":"GLID"},"792":{"desc":"L1P"},"793":{"t":"C414"},"794":{"t":"C170"},"795":{"t":"YK52"},"796":{"t":"BE33"},"797":{"desc":"L2T"},"799":{"t":"HUSK"},"79A":{"t":"HUSK"},"79F":{"desc":"L1P"},"7A0":{"t":"YK52"},"7A1":{"t":"C550"},"7A3":{"t":"BE24"},"7A4":{"t":"BL8"},"7A9":{"desc":"L2T","t":"MU2"},"7AA":{"t":"BE55"},"7AB":{"t":"PA34"},"7AD":{"t":"T206"},"7AF":{"t":"AEST"},"7B0":{"desc":"L1P"},"7B1":{"t":"M7"},"7B2":{"t":"S22T"},"7B4":{"t":"C210"},"7B8":{"desc":"L1P"},"7B9":{"desc":"L1P"},"7BA":{"desc":"L1P"},"7BD":{"t":"C56X"},"7C3":{"desc":"A1P"},"7C8":{"t":"PC12"},"7CC":{"t":"E300"},"7CF":{"desc":"H1T"},"7D2":{"desc":"L2T"},"7DB":{"t":"C310"},"7DD":{"desc":"L1P"},"7DE":{"desc":"H1P"},"7DF":{"desc":"L1P"},"7E1":{"t":"AEST"},"7E2":{"t":"HUSK"},"7E3":{"t":"SR22"},"7E5":{"t":"B06"},"7E6":{"desc":"L1T"},"7E8":{"t":"C340"},"7EC":{"desc":"L1P"},"7EE":{"t":"ULAC"},"7EF":{"desc":"L1P"},"7F1":{"t":"AC90"},"80D":{"t":"BE23"},"80E":{"t":"C414"},"80F":{"t":"PA31"},"814":{"t":"J3"},"815":{"t":"M20T"},"816":{"desc":"L1P"},"817":{"desc":"L1P"},"818":{"t":"M20P"},"81A":{"desc":"L2T"},"81C":{"t":"CH7A"},"81E":{"desc":"L1P"},"81F":{"desc":"L1P"},"820":{"desc":"L1P"},"821":{"t":"P28A"},"825":{"desc":"H1P"},"826":{"t":"SR22"},"827":{"t":"BE36"},"828":{"t":"BE55"},"829":{"desc":"L1P"},"82A":{"t":"P210"},"82D":{"desc":"H1T","t":"B505"},"82E":{"t":"C525"},"830":{"t":"HUSK"},"831":{"desc":"L2J"},"837":{"t":"C340"},"839":{"t":"HUSK"},"83A":{"desc":"L1P"},"83B":{"desc":"L1P"},"83E":{"t":"AA1"},"83F":{"t":"BE55"},"840":{"desc":"L1P"},"841":{"t":"P32R"},"842":{"t":"C170"},"843":{"t":"C208"},"844":{"t":"M20P"},"845":{"t":"M4"},"847":{"t":"DA40"},"849":{"t":"C501"},"84A":{"t":"C182"},"84C":{"desc":"L1P"},"84F":{"t":"PA12"},"850":{"t":"PAY2"},"854":{"desc":"L1P"},"855":{"desc":"L1P"},"856":{"t":"BE33"},"857":{"desc":"L1P"},"871":{"t":"RV12"},"872":{"t":"BE55"},"876":{"desc":"L1P"},"877":{"t":"SR22"},"880":{"t":"YK52"},"884":{"desc":"L1P"},"88B":{"desc":"L1P"},"88C":{"t":"C25B"},"88D":{"desc":"H4E"},"88F":{"t":"C560"},"890":{"t":"ULAC"},"891":{"t":"BALL"},"892":{"t":"C170"},"893":{"t":"C25B"},"894":{"desc":"L1P"},"896":{"desc":"L1P"},"897":{"t":"PA34"},"899":{"t":"BE35"},"89A":{"desc":"H1T"},"89B":{"t":"M10"},"89E":{"t":"PA27"},"89F":{"t":"PA46"},"8A2":{"t":"C310"},"8A5":{"desc":"L1P"},"8AD":{"desc":"L1P"},"8B3":{"desc":"L1P"},"8B9":{"desc":"L1P"},"8BD":{"desc":"L1P"},"8BE":{"t":"PA18"},"8C5":{"t":"YK52"},"8CB":{"desc":"L1P"},"8CD":{"desc":"L1P"},"8D0":{"desc":"L1P"},"8D4":{"t":"B06"},"8D5":{"t":"E550"},"8DB":{"t":"C525"},"8E0":{"t":"DA40"},"8EA":{"t":"AS55"},"8EC":{"t":"GLID"},"8ED":{"t":"C77R"},"8EE":{"t":"B14A"},"8EF":{"desc":"L1P"},"8F0":{"t":"C421"},"8F4":{"t":"P28A"},"8F6":{"t":"AS50"},"8F7":{"t":"C560"},"8FA":{"t":"B738"},"8FB":{"desc":"H1T"},"8FC":{"desc":"H1T"},"8FE":{"t":"P28R"},"8FF":{"t":"B738"},"900":{"desc":"L1P","t":"ULAC"},"902":{"t":"SR20"},"903":{"t":"FA20"},"906":{"t":"PA27"},"909":{"t":"P28A"},"90A":{"t":"SR22"},"913":{"t":"GLID"},"914":{"desc":"L2P"},"915":{"t":"C560"},"917":{"t":"BALL"},"918":{"desc":"L1P"},"919":{"desc":"L1P"},"91C":{"desc":"L1P"},"921":{"t":"AC11"},"924":{"t":"C182"},"925":{"t":"S22T"},"926":{"t":"AS65"},"927":{"desc":"L1P"},"92A":{"t":"ASTR"},"92C":{"t":"GLF4"},"92E":{"t":"YK52"},"931":{"t":"PAY1"},"932":{"t":"S22T"},"935":{"t":"P28A"},"936":{"t":"C750"},"939":{"desc":"L1P"},"93C":{"t":"CRJ7"},"93D":{"t":"BE20"},"93E":{"desc":"L2J","t":"A21N"},"93F":{"t":"C525"},"940":{"t":"BE20"},"943":{"desc":"H1P"},"945":{"t":"GLID"},"949":{"desc":"L2P"},"94A":{"t":"DA40"},"94B":{"t":"EC20"},"94E":{"t":"FDCT"},"952":{"t":"GLEX"},"953":{"desc":"H1T"},"956":{"desc":"L1P"},"959":{"t":"GLID"},"95E":{"desc":"L2J"},"960":{"t":"C182"},"962":{"t":"C172"},"964":{"desc":"L1P"},"96B":{"desc":"L2J"},"96D":{"t":"E550"},"971":{"desc":"H1T"},"976":{"t":"P28A"},"97C":{"t":"C182"},"981":{"t":"CL30"},"984":{"t":"C680"},"988":{"t":"GA5C"},"98D":{"desc":"L2J"},"98E":{"desc":"H1T"},"98F":{"desc":"L1T"},"992":{"t":"GLF4"},"99D":{"desc":"H1P"},"9A0":{"desc":"H1P"},"9AB":{"t":"P46T"},"9AE":{"desc":"H1T"},"9AF":{"desc":"L1T"},"9B7":{"t":"PC12"},"9B8":{"t":"A320"},"9B9":{"t":"C150"},"9BB":{"desc":"L1P"},"9BD":{"t":"CRJ7"},"9C2":{"t":"C510"},"9C7":{"desc":"L2P"},"9CB":{"t":"PA32"},"9D1":{"desc":"L1P"},"9D2":{"t":"C25B"},"9D8":{"t":"BE20"},"9E0":{"t":"C172"},"9E4":{"t":"C185"},"9E6":{"desc":"H1T"},"9E8":{"desc":"L1P"},"9E9":{"t":"AT5T"},"9ED":{"t":"YK52"},"9F0":{"t":"C172"},"9F3":{"t":"BE58"},"9F8":{"desc":"L2J","t":"H25C"},"9FD":{"desc":"L1P"},"A01":{"t":"B06"},"A02":{"t":"P32R"},"A03":{"t":"E550"},"A04":{"t":"BE20"},"A05":{"desc":"H1T"},"A06":{"t":"EC35"},"A08":{"desc":"H1T"},"A09":{"desc":"H1T"},"A0D":{"desc":"L1P"},"A12":{"t":"PA44"},"A13":{"t":"B407"},"A1A":{"desc":"H1T"},"A1B":{"t":"GLF3"},"A22":{"desc":"H1T"},"A26":{"desc":"H1T"},"A2C":{"desc":"H1T"},"A33":{"desc":"L1P"},"A34":{"t":"H500"},"A36":{"desc":"L1P"},"A37":{"desc":"H1T"},"A3D":{"t":"BE36"},"A3E":{"t":"C172"},"A41":{"t":"HUSK"},"A44":{"desc":"L1P","t":"ULAC"},"A45":{"desc":"L1P"},"A4B":{"desc":"H1T"},"A57":{"desc":"L1P"},"A5D":{"t":"C68A"},"A66":{"t":"DA62"},"A68":{"desc":"L1P"},"A6C":{"t":"C172"},"A6E":{"t":"GLID"},"A70":{"t":"B06"},"A72":{"desc":"L2P"},"A73":{"t":"CL30"},"A75":{"desc":"L1P"},"A76":{"t":"GLID"},"A77":{"desc":"A2P"},"A79":{"desc":"L1P"},"A7E":{"t":"S22T"},"A7F":{"desc":"L1P","t":"ULAC"},"A80":{"desc":"L2J"},"A81":{"t":"F2TH"},"A82":{"t":"AT5T"},"A90":{"t":"HDJT"},"A95":{"t":"E75L"},"A97":{"t":"BE55"},"A98":{"t":"A319"},"A99":{"desc":"A1P"},"A9A":{"t":"FA20"},"A9E":{"t":"RV12"},"AA0":{"t":"S22T"},"AA3":{"t":"BE40"},"AA7":{"t":"SF50"},"AAC":{"t":"BALL"},"AAD":{"desc":"L1P"},"AB0":{"t":"TWEN"},"AC5":{"t":"A321"},"ACA":{"t":"C185"},"ACC":{"desc":"H1T"},"ACF":{"desc":"L1P"},"AD4":{"t":"A320"},"ADB":{"desc":"L1P"},"AE2":{"desc":"L1P"},"AE4":{"t":"C182"},"AEA":{"desc":"H2T"},"AEC":{"t":"SR22"},"AF3":{"t":"BE40"},"AF4":{"desc":"L1P"},"AFB":{"t":"P28A"},"B09":{"t":"AT5T"},"B1C":{"t":"C185"},"B2C":{"t":"SR20"},"B35":{"t":"C172"},"B46":{"t":"F2TH"},"B47":{"t":"C182"},"B4B":{"t":"C180"},"B4C":{"t":"C172"},"B4D":{"t":"O1"},"B4E":{"t":"C172"},"B50":{"t":"UH1"},"B51":{"t":"P28A"},"B52":{"t":"TAYB"},"B53":{"t":"ST75"},"B55":{"t":"C210"},"B57":{"desc":"L1P","t":"ULAC"},"B58":{"t":"P28A"},"B5B":{"t":"H500"},"B5C":{"t":"C206"},"B63":{"t":"C180"},"B66":{"desc":"H1T"},"B68":{"t":"C180"},"B6A":{"t":"T210"},"B6C":{"t":"M20P"},"B6D":{"t":"M20P"},"B6E":{"t":"C172"},"B70":{"t":"O1"},"B71":{"t":"C172"},"B74":{"t":"M20P"},"B76":{"t":"M20P"},"B78":{"t":"C172"},"B79":{"t":"C172"},"B7A":{"t":"PA32"},"B7B":{"t":"P28R"},"B7C":{"t":"M20P"},"B7D":{"t":"M20P"},"B7E":{"t":"P28A"},"B7F":{"t":"M20P"},"B80":{"t":"M20P"},"B81":{"t":"PA22"},"B82":{"t":"C180"},"B84":{"t":"C172"},"B85":{"t":"C172"},"B86":{"t":"ST75"},"B87":{"t":"C77R"},"B88":{"t":"C180"},"B89":{"t":"C77R"},"B8B":{"t":"C77R"},"B8C":{"desc":"L1P"},"B8E":{"t":"C162"},"B8F":{"t":"BE35"},"B91":{"t":"C172"},"B92":{"t":"C172"},"B95":{"t":"C172"},"B96":{"t":"NAVI"},"B99":{"t":"C182"},"B9A":{"desc":"L1P","t":"ULAC"},"B9B":{"t":"C150"},"B9C":{"t":"C172"},"B9D":{"t":"PA32"},"B9E":{"t":"P28R"},"BA1":{"t":"P28A"},"BA2":{"t":"AT6T"},"BA3":{"t":"AS50"},"BA7":{"t":"ST75"},"BA8":{"t":"C162"},"BAB":{"t":"C180"},"BAC":{"t":"ST75"},"BAD":{"desc":"L1P"},"BB0":{"t":"T210"},"BB2":{"t":"BE35"},"BB3":{"t":"C172"},"BB5":{"t":"C172"},"BB7":{"t":"C172"},"BB9":{"t":"NAVI"},"BBA":{"t":"P28A"},"BBB":{"desc":"L1P","t":"ULAC"},"BBC":{"t":"C182"},"BBD":{"t":"PA24"},"BBE":{"t":"C150"},"BBF":{"t":"C172"},"BC2":{"t":"C206"},"BC3":{"t":"YK50"},"BC5":{"t":"T206"},"BC7":{"t":"PA22"},"BC8":{"t":"C162"},"BCA":{"t":"C180"},"BCC":{"t":"C172"},"BCD":{"t":"C180"},"BD5":{"t":"BE35"},"BD7":{"t":"C182"},"BD8":{"t":"C172"},"BD9":{"t":"AS50"},"BDB":{"t":"AS50"},"BDD":{"t":"P28A"},"BDE":{"t":"BE19"},"BDF":{"t":"C172"},"BE0":{"t":"AS50"},"BE1":{"t":"C150"},"BE3":{"t":"C82T"},"BE5":{"t":"C162"},"BE6":{"t":"C72R"},"BE9":{"t":"AS50"},"BEA":{"t":"PA22"},"BEB":{"t":"C162"},"BEF":{"t":"C77R"},"BF1":{"t":"C77R"},"BF3":{"t":"C172"},"BF5":{"desc":"A1P"},"BF7":{"t":"M20P"},"BF9":{"t":"C172"},"BFA":{"t":"C180"},"BFF":{"t":"NAVI"},"C00":{"t":"P28A"},"C03":{"t":"PA24"},"C05":{"t":"C172"},"C06":{"t":"PA32"},"C07":{"t":"P28A"},"C08":{"t":"C82S"},"C09":{"t":"C172"},"C0A":{"t":"P28A"},"C0E":{"t":"C77R"},"C0F":{"t":"C180"},"C11":{"desc":"L1P"},"C12":{"t":"C162"},"C13":{"t":"C180"},"C14":{"t":"C162"},"C15":{"t":"C172"},"C18":{"desc":"L1P"},"C19":{"t":"C310"},"C1B":{"t":"BE35"},"C20":{"t":"PA16"},"C22":{"t":"NAVI"},"C23":{"t":"P28A"},"C24":{"t":"C152"},"C26":{"t":"PA24"},"C27":{"t":"UH1"},"C28":{"t":"C172"},"C2B":{"t":"C206"},"C2F":{"t":"PA27"},"C30":{"t":"PA22"},"C32":{"t":"C77R"},"C33":{"t":"C172"},"C34":{"t":"C180"},"C36":{"t":"C180"},"C37":{"desc":"L1P"},"C38":{"t":"C180"},"C3D":{"t":"C162"},"C40":{"t":"UH1"},"C41":{"t":"C172"},"C42":{"t":"O1"},"C45":{"t":"NAVI"},"C46":{"t":"P28A"},"C47":{"t":"TAYB"},"C48":{"t":"ST75"},"C49":{"t":"PA24"},"C4A":{"t":"C172"},"C4B":{"t":"C162"},"C4C":{"t":"PA32"},"C4E":{"t":"UH1"},"C51":{"desc":"L2P"},"C53":{"t":"C162"},"C54":{"t":"C172"},"C56":{"t":"C182"},"C58":{"t":"C77R"},"C59":{"t":"ST75"},"C5A":{"t":"C77R"},"C5B":{"desc":"L1P"},"C5C":{"t":"BALL"},"C5D":{"t":"FA62"},"C5F":{"t":"C310"},"C62":{"t":"C172"},"C63":{"t":"C180"},"C64":{"t":"C172"},"C65":{"t":"O1"},"C66":{"t":"PA16"},"C67":{"t":"C172"},"C68":{"t":"C172"},"C6A":{"t":"TAYB"},"C6B":{"t":"NAVI"},"C6C":{"t":"PA24"},"C6D":{"t":"C150"},"C6E":{"t":"C72R"},"C6F":{"t":"C182"},"C70":{"t":"P28A"},"C72":{"t":"C162"},"C76":{"t":"PA22"},"C79":{"t":"C172"},"C7A":{"t":"C180"},"C7B":{"t":"C180"},"C7E":{"t":"C77R"},"C7F":{"t":"ST75"},"C80":{"t":"ST75"},"C82":{"t":"B738"},"C84":{"t":"C210"},"C85":{"t":"C180"},"C87":{"t":"C82S"},"C88":{"t":"O1"},"C89":{"t":"PA16"},"C8A":{"t":"C310"},"C8B":{"t":"BALL"},"C8C":{"t":"P28A"},"C8E":{"t":"C182"},"C8F":{"t":"C82S"},"C90":{"t":"C150"},"C91":{"t":"C172"},"C95":{"t":"C72R"},"C96":{"t":"P28A"},"C9A":{"t":"C172"},"C9C":{"t":"C162"},"C9D":{"t":"C77R"},"C9F":{"t":"C180"},"CA0":{"t":"C180"},"CA2":{"t":"BALL"},"CA6":{"t":"C25B"},"CA7":{"t":"G280"},"CA9":{"t":"C310"},"CAA":{"t":"CRJ7"},"CAB":{"t":"C182"},"CAC":{"t":"M20T"},"CAD":{"t":"B06"},"CB1":{"t":"HUSK"},"CB6":{"t":"P32R"},"CB9":{"desc":"L1P"},"CBA":{"t":"PA31"},"CBE":{"desc":"L1P"},"CBF":{"t":"SR20"},"CC0":{"t":"C56X"},"CC1":{"desc":"L1P","t":"ULAC"},"CC4":{"t":"AT6T"},"CCF":{"t":"C182"},"CD1":{"t":"C680"},"CD3":{"t":"C210"},"CD6":{"t":"B06"},"CD7":{"t":"BE33"},"CD9":{"t":"M20P"},"CDA":{"t":"GLID"},"CDB":{"t":"SR22"},"CDD":{"desc":"L1P"},"CDE":{"t":"GLID"},"CDF":{"t":"LJ45"},"CE2":{"t":"F900"},"CE3":{"t":"SR20"},"CE5":{"t":"GLID"},"CE7":{"t":"PC24"},"CEC":{"t":"P28A"},"CF1":{"t":"SR20"},"CF2":{"t":"C182"},"CF3":{"t":"F900"},"CF4":{"t":"DA40"},"CF6":{"desc":"H4E"},"CF7":{"t":"S22T"},"CF8":{"t":"P28A"},"CF9":{"t":"C182"},"CFA":{"desc":"L1P","t":"ULAC"},"CFC":{"t":"C172"},"CFE":{"t":"BE35"},"D02":{"desc":"L2J","t":"A21N"},"D04":{"desc":"L1P"},"D05":{"desc":"L1P"},"D08":{"t":"HUSK"},"D09":{"t":"BE33"},"D0A":{"desc":"H1P"},"D0C":{"desc":"L1P"},"D0E":{"t":"PA27"},"D0F":{"t":"C140"},"D17":{"t":"C172"},"D19":{"t":"C172"},"D24":{"t":"E545"},"D25":{"desc":"L1P"},"D27":{"t":"MD11"},"D2A":{"desc":"L1P"},"D2B":{"desc":"L1P"},"D2D":{"t":"FA20"},"D32":{"desc":"L2J"},"D34":{"t":"BE20"},"D38":{"t":"CL30"},"D3C":{"t":"GLF5"},"D3E":{"desc":"L1P"},"D43":{"t":"R44"},"D44":{"desc":"L2J"},"D49":{"desc":"H4E"},"D4C":{"t":"COL4"},"D4F":{"t":"GLF5"},"D54":{"desc":"H1T"},"D57":{"t":"RV12"},"D5C":{"t":"GLID"},"D62":{"t":"T206"},"D6F":{"t":"A320"},"D70":{"t":"BE58"},"D71":{"t":"C172"},"D77":{"t":"H25B"},"D79":{"t":"PAY1"},"D7B":{"t":"C180"},"D7F":{"t":"C172"},"D82":{"desc":"L1P","t":"ULAC"},"D86":{"desc":"L1P"},"D88":{"t":"PA34"},"D92":{"t":"C210"},"DA0":{"t":"AT5T"},"DA3":{"t":"C172"},"DA5":{"t":"C560"},"DAB":{"t":"SR22"},"DAF":{"t":"CRJ7"},"DB0":{"t":"R44"},"DBB":{"t":"C172"},"DBF":{"desc":"L1T","t":"PA46"},"DC4":{"t":"PA46"},"DC8":{"desc":"L1P"},"DCA":{"t":"B407"},"DCC":{"desc":"L1P"},"DCD":{"t":"PA24"},"DD1":{"t":"E55P"},"DD5":{"t":"C172"},"DD8":{"desc":"L1P","t":"ULAC"},"DDB":{"t":"A319"},"DE4":{"desc":"H4E"},"DEA":{"t":"S22T"},"DEB":{"t":"H500"},"DED":{"t":"PC12"},"DEE":{"desc":"H1T"},"DF0":{"t":"C525"},"DF6":{"t":"PAY2"},"DF9":{"desc":"L1P","t":"ULAC"},"DFA":{"t":"GLID"},"DFB":{"desc":"A1P"},"DFC":{"t":"SR20"},"DFF":{"t":"BE36"},"E04":{"t":"DA42"},"E0C":{"desc":"L1P"},"E14":{"t":"C68A"},"E1C":{"desc":"L1P"},"E1D":{"t":"E55P"},"E1F":{"t":"B407"},"E20":{"desc":"L1P"},"E27":{"t":"R22"},"E28":{"t":"C421"},"E2C":{"t":"SR20"},"E2D":{"t":"H269"},"E2E":{"t":"PC12"},"E35":{"desc":"L1J"},"E37":{"t":"GLF5"},"E38":{"t":"C210"},"E3B":{"t":"M20P"},"E3C":{"t":"M20P"},"E40":{"t":"GLID"},"E45":{"t":"SR20"},"E46":{"t":"DV20"},"E47":{"desc":"L1P"},"E4C":{"t":"E75L"},"E4E":{"t":"NAVI"},"E4F":{"t":"A319"},"E51":{"t":"H500"},"E52":{"t":"C172"},"E58":{"t":"C182"},"E5A":{"t":"C550"},"E5E":{"desc":"L1P"},"E5F":{"t":"SR22"},"E60":{"t":"AA5"},"E63":{"t":"BALL"},"E64":{"t":"PC12"},"E65":{"desc":"L1P"},"E7C":{"t":"A321"},"E80":{"desc":"L1P"},"E81":{"t":"A319"},"E8B":{"t":"A320"},"E8E":{"t":"C560"},"E90":{"t":"BE35"},"E92":{"t":"C180"},"E9B":{"t":"BE9L"},"EA7":{"t":"S22T"},"EAA":{"t":"BE58"},"EB2":{"t":"P28B"},"EB6":{"desc":"L1P"},"EBD":{"desc":"L1P"},"EC0":{"t":"AT5T"},"EDD":{"desc":"A2P"},"EE4":{"t":"SR22"},"EE5":{"t":"S22T"},"EE6":{"t":"C525"},"EF0":{"t":"SR22"},"EFE":{"t":"C172"},"F01":{"t":"C180"},"F03":{"t":"C172"},"F04":{"t":"O1"},"F07":{"t":"NAVI"},"F08":{"t":"P28A"},"F09":{"t":"TAYB"},"F0C":{"t":"C182"},"F0D":{"t":"C172"},"F0F":{"t":"P28R"},"F11":{"t":"C72R"},"F15":{"t":"C162"},"F16":{"t":"C172"},"F17":{"t":"C77R"},"F18":{"t":"C180"},"F1A":{"t":"C180"},"F1B":{"t":"C180"},"F1C":{"t":"C172"},"F1D":{"t":"ST75"},"F1E":{"t":"C180"},"F20":{"desc":"L1P"},"F27":{"t":"O1"},"F29":{"t":"C310"},"F2A":{"t":"NAVI"},"F2B":{"t":"P28A"},"F2C":{"t":"C172"},"F2D":{"t":"C162"},"F2E":{"t":"PA24"},"F34":{"t":"T206"},"F35":{"t":"P28A"},"F37":{"t":"C162"},"F38":{"t":"M20P"},"F39":{"t":"C162"},"F3B":{"t":"C180"},"F42":{"t":"C172"},"F45":{"t":"M20P"},"F47":{"t":"C180"},"F48":{"t":"C172"},"F4A":{"t":"O1"},"F4D":{"t":"C172"},"F50":{"t":"C182"},"F53":{"t":"C162"},"F54":{"t":"PA32"},"F55":{"t":"C82R"},"F59":{"t":"C172"},"F5A":{"t":"C162"},"F5B":{"t":"PA22"},"F5C":{"t":"C77R"},"F5D":{"t":"ST75"},"F5E":{"t":"ST75"},"F5F":{"t":"C172"},"F63":{"t":"ST75"},"F64":{"t":"C82S"},"F65":{"t":"ST75"},"F68":{"t":"BALL"},"F69":{"t":"BE35"},"F6C":{"t":"C172"},"F6D":{"t":"O1"},"F6E":{"t":"C172"},"F71":{"t":"P28A"},"F72":{"t":"C172"},"F75":{"t":"C150"},"F76":{"t":"C172"},"F78":{"t":"PA34"},"F79":{"t":"C162"},"F7B":{"t":"P28A"},"F7C":{"t":"CH7B"},"F7D":{"t":"PA27"},"F7E":{"t":"C162"},"F7F":{"t":"C180"},"F80":{"t":"ST75"},"F81":{"t":"C77R"},"F83":{"t":"C180"},"F84":{"desc":"L1P"},"F88":{"t":"C172"},"F8A":{"t":"C310"},"F8B":{"t":"M20P"},"F8D":{"t":"C180"},"F8F":{"t":"C162"},"F90":{"t":"O1"},"F91":{"t":"PA16"},"F95":{"t":"BE23"},"F98":{"t":"C150"},"F9F":{"t":"CH7B"},"FA5":{"t":"ST75"},"FA7":{"t":"C180"},"FA8":{"t":"ST75"},"FAA":{"t":"C180"},"FAB":{"t":"C180"},"FAD":{"t":"M20P"},"FAE":{"t":"BALL"},"FB0":{"t":"C172"},"FB1":{"t":"C172"},"FB2":{"t":"C172"},"FB3":{"t":"C310"},"FB4":{"t":"PA16"},"FB5":{"t":"C172"},"FB6":{"t":"C162"},"FB7":{"t":"P28A"},"FB9":{"t":"C182"},"FBD":{"t":"PA32"},"FBE":{"t":"P28A"},"FBF":{"t":"P46T"},"FC0":{"desc":"L1P"},"FC1":{"t":"P28A"},"FC2":{"t":"CH7B"},"FC4":{"t":"FA62"},"FC7":{"t":"C77R"},"FC9":{"t":"C77R"},"FCA":{"t":"C180"},"FCB":{"t":"C77R"},"FCD":{"t":"C180"},"FCE":{"t":"FA62"},"FD2":{"t":"BE35"},"FD3":{"t":"C180"},"FD4":{"t":"M20P"},"FD7":{"t":"PA16"},"FDA":{"t":"C162"},"FDB":{"t":"BE23"},"FDC":{"t":"C162"},"FE0":{"t":"PA32"},"FE1":{"t":"P28A"},"FE2":{"t":"C172"},"FE3":{"t":"C72R"},"FE4":{"t":"P28A"},"FE6":{"t":"PA27"},"FE8":{"t":"C172"},"FE9":{"desc":"L1P"},"FEC":{"desc":"L1P"},"FED":{"t":"C162"},"FEF":{"t":"C77R"},"FF0":{"t":"C172"},"FF5":{"t":"T210"},"FF6":{"t":"C172"},"FF7":{"t":"C185"},"FF9":{"desc":"L1P"},"FFA":{"t":"C172"},"FFB":{"desc":"L1P"},"FFC":{"t":"NAVI"},"FFD":{"t":"P28A"}}