{"00B":{"desc":"L2J","t":"A20N"},"019":{"desc":"L1P"},"01A":{"t":"C56X"},"02A":{"t":"E55P"},"035":{"desc":"H8E"},"03B":{"t":"CL30"},"07D":{"t":"G164"},"07F":{"t":"C182"},"080":{"t":"C140"},"085":{"t":"PA16"},"088":{"t":"P28A"},"08A":{"t":"C182"},"08C":{"t":"C150"},"08E":{"t":"C337"},"08F":{"t":"C172"},"092":{"t":"P28A"},"095":{"t":"PA22"},"096":{"t":"CH7B"},"097":{"t":"CH7A"},"098":{"t":"CH7B"},"09A":{"t":"CH7A"},"09C":{"t":"BL8"},"0A0":{"desc":"L1P"},"0A3":{"t":"C140"},"0A4":{"t":"C180"},"0A5":{"t":"C185"},"0AD":{"t":"C182"},"0AE":{"t":"PA24"},"0AF":{"t":"C150"},"0B1":{"t":"C337"},"0B2":{"t":"PA32"},"0B3":{"desc":"L1P"},"0B4":{"t":"UH12"},"0B8":{"t":"PA22"},"0BE":{"t":"CH7B"},"0C0":{"t":"CH7B"},"0C1":{"t":"BL8"},"0C2":{"t":"BL8"},"0C5":{"t":"C182"},"0C7":{"t":"C172"},"0C8":{"t":"BE35"},"0C9":{"t":"P32R"},"0CB":{"t":"PA16"},"0CD":{"t":"NAVI"},"0D0":{"t":"PA32"},"0D1":{"t":"PA24"},"0D2":{"t":"C150"},"0D8":{"t":"SR20"},"0DC":{"t":"CH7B"},"0DE":{"t":"C172"},"0DF":{"t":"CH7A"},"0E0":{"t":"CH7B"},"0E6":{"t":"BE55"},"0E7":{"t":"T210"},"0E9":{"t":"C140"},"0EA":{"t":"C172"},"0EB":{"t":"BE35"},"0EC":{"t":"P32R"},"0ED":{"desc":"L1P"},"0F0":{"t":"C172"},"0F1":{"t":"P28A"},"0F2":{"t":"C152"},"0F3":{"t":"C182"},"0F5":{"t":"C150"},"0F7":{"t":"C337"},"0F8":{"t":"C172"},"0FB":{"t":"P28A"},"0FC":{"t":"C180"},"0FD":{"t":"PA27"},"0FF":{"t":"CH7B"},"101":{"t":"CH7A"},"102":{"t":"BL8"},"103":{"t":"BL8"},"105":{"t":"CH7A"},"106":{"t":"CH7B"},"107":{"t":"BL8"},"108":{"t":"CH7A"},"109":{"t":"C172"},"10B":{"t":"C182"},"10C":{"t":"C140"},"10F":{"t":"PA34"},"111":{"t":"PA16"},"113":{"t":"C172"},"114":{"t":"P28A"},"116":{"t":"C182"},"117":{"t":"C152"},"119":{"t":"C172"},"11A":{"t":"C82T"},"11B":{"t":"C172"},"11E":{"t":"SR22"},"122":{"t":"CH7B"},"124":{"t":"CH7A"},"125":{"t":"CH7B"},"126":{"t":"CH7B"},"128":{"t":"H500"},"129":{"t":"CH7A"},"12A":{"t":"FA62"},"12B":{"t":"CH7B"},"130":{"t":"C172"},"131":{"t":"BE35"},"134":{"t":"C182"},"135":{"t":"C172"},"139":{"t":"C182"},"13D":{"t":"C82R"},"143":{"t":"PA18"},"146":{"t":"CH7B"},"147":{"t":"CH7A"},"148":{"t":"CH7B"},"14A":{"t":"CH7A"},"14B":{"t":"CH7B"},"14D":{"t":"CH7B"},"150":{"t":"T210"},"151":{"t":"C182"},"152":{"t":"RV12"},"153":{"t":"C172"},"154":{"t":"BE35"},"155":{"t":"P28A"},"156":{"t":"C310"},"157":{"t":"PA16"},"158":{"t":"C172"},"15D":{"t":"PA24"},"15F":{"t":"C172"},"160":{"t":"C337"},"166":{"t":"PA27"},"167":{"t":"PA22"},"16B":{"t":"CH7B"},"16C":{"t":"CH7B"},"16D":{"t":"CH7B"},"16F":{"t":"CH7B"},"171":{"t":"CH7B"},"172":{"desc":"L1P"},"174":{"t":"C152"},"175":{"t":"C140"},"179":{"desc":"L1P"},"17A":{"t":"C185"},"17C":{"t":"C172"},"180":{"t":"PA24"},"182":{"t":"C172"},"183":{"t":"C337"},"184":{"t":"C172"},"187":{"t":"P28A"},"188":{"desc":"L1P"},"18A":{"t":"PA22"},"18B":{"t":"BL8"},"18C":{"t":"CH7A"},"18D":{"t":"CH7A"},"18E":{"t":"CH7B"},"18F":{"t":"CH7A"},"191":{"t":"BL8"},"192":{"t":"CH7B"},"193":{"t":"CH7B"},"197":{"t":"C182"},"19A":{"t":"BE35"},"19D":{"t":"PA16"},"19E":{"t":"C404"},"1A3":{"t":"PA24"},"1AA":{"t":"P28A"},"1AC":{"t":"C210"},"1AD":{"t":"PA22"},"1B0":{"t":"CH7B"},"1B1":{"t":"CH7B"},"1B3":{"t":"C172"},"1B4":{"t":"CH7B"},"1B5":{"t":"CH7A"},"1B7":{"t":"CH7B"},"1B9":{"t":"C310"},"1BB":{"t":"C140"},"1BC":{"t":"C180"},"1BD":{"t":"BE35"},"1C0":{"t":"PA16"},"1C2":{"t":"C172"},"1C4":{"t":"C152"},"1C6":{"t":"PA24"},"1C7":{"t":"C152"},"1C8":{"t":"C172"},"1CA":{"t":"C172"},"1CD":{"t":"P28A"},"1D1":{"t":"CH7B"},"1D2":{"t":"CH7A"},"1D4":{"t":"CH7A"},"1D6":{"t":"BL8"},"1D7":{"t":"CH7B"},"1D8":{"t":"CH7B"},"1D9":{"t":"CH7A"},"1DE":{"t":"SF50"},"1DF":{"t":"ULAC"},"1E0":{"desc":"L1P"},"1E1":{"t":"B06"},"1E2":{"t":"PC12"},"1E8":{"t":"B733"},"1F5":{"t":"C152"},"20E":{"t":"S108"},"20F":{"t":"F900"},"210":{"t":"BALL"},"212":{"t":"SR22"},"214":{"t":"SR20"},"21C":{"t":"C82S"},"220":{"t":"FDCT"},"229":{"desc":"L1P"},"22F":{"desc":"L1P"},"234":{"desc":"L2J","t":"A21N"},"239":{"desc":"L1P"},"241":{"t":"CRJ7"},"26F":{"t":"CL30"},"276":{"t":"GA5C"},"27B":{"desc":"L2J"},"28B":{"desc":"H1P"},"2A6":{"t":"PA32"},"2AD":{"t":"CH7B"},"2B0":{"t":"C560"},"2B2":{"desc":"L1P","t":"ULAC"},"2B5":{"t":"GLF5"},"2CE":{"t":"C172"},"2D9":{"t":"C25C"},"2F0":{"t":"PA46"},"2F5":{"t":"P28A"},"301":{"t":"C172"},"306":{"t":"C182"},"30C":{"t":"C172"},"31B":{"desc":"H8E"},"321":{"desc":"A1P"},"323":{"t":"C172"},"326":{"t":"PC12"},"34B":{"t":"C68A"},"359":{"t":"L39"},"35E":{"t":"B738"},"35F":{"t":"EA50"},"367":{"desc":"L1P"},"368":{"desc":"L1P"},"36F":{"desc":"L1P","t":"ULAC"},"374":{"t":"AS50"},"37C":{"t":"SR22"},"385":{"t":"BE33"},"386":{"t":"E55P"},"3AF":{"t":"B752"},"3B3":{"t":"A321"},"3BC":{"t":"GLF4"},"3C2":{"desc":"L2J","t":"A20N"},"3D0":{"t":"PA18"},"3D1":{"t":"C56X"},"3F2":{"t":"CL30"},"3F4":{"desc":"L1P"},"437":{"t":"C140"},"439":{"t":"C185"},"43A":{"t":"P32R"},"43C":{"t":"PA16"},"43E":{"t":"NAVI"},"43F":{"t":"P28A"},"441":{"t":"C182"},"442":{"t":"PA24"},"443":{"t":"C150"},"444":{"t":"C172"},"446":{"t":"C172"},"448":{"t":"C72R"},"44D":{"t":"BL8"},"44E":{"t":"CH7B"},"44F":{"t":"BL8"},"450":{"t":"CH7B"},"451":{"t":"CH7B"},"452":{"t":"CH7B"},"453":{"t":"CH7B"},"454":{"t":"CH7B"},"456":{"t":"BL8"},"458":{"t":"T210"},"45B":{"t":"C180"},"45C":{"t":"BE35"},"45F":{"t":"C172"},"462":{"t":"P28A"},"463":{"desc":"L1P"},"464":{"t":"J3"},"465":{"t":"PA24"},"466":{"t":"C150"},"469":{"t":"C82R"},"46A":{"t":"P28T"},"46B":{"t":"T210"},"46E":{"t":"PA27"},"470":{"t":"BL8"},"472":{"t":"CH7B"},"474":{"t":"CH7B"},"478":{"t":"CH7A"},"479":{"t":"CH7B"},"47D":{"t":"C140"},"480":{"t":"PA34"},"482":{"t":"PA16"},"484":{"t":"NAVI"},"485":{"t":"P28A"},"489":{"t":"C150"},"48B":{"t":"P28A"},"48C":{"t":"C172"},"48D":{"desc":"H1P"},"48F":{"t":"P28A"},"491":{"t":"PA18"},"492":{"t":"PA22"},"493":{"t":"CH7B"},"496":{"t":"CH7A"},"49C":{"t":"FA62"},"4A0":{"t":"C140"},"4A3":{"desc":"L1P"},"4A4":{"t":"BE58"},"4A5":{"t":"PA16"},"4A7":{"desc":"L1P"},"4AA":{"t":"C182"},"4AE":{"t":"P28A"},"4AF":{"t":"C182"},"4B1":{"t":"C72R"},"4B2":{"t":"P28A"},"4B3":{"desc":"L1P"},"4B8":{"desc":"L1P"},"4C1":{"t":"C310"},"4C2":{"t":"C152"},"4C3":{"t":"C140"},"4C4":{"t":"C180"},"4C5":{"t":"BE35"},"4CE":{"t":"PA24"},"4D2":{"t":"C172"},"4D5":{"t":"P28A"},"4D6":{"t":"T206"},"4DA":{"desc":"L1P"},"4DE":{"t":"C172"},"4E3":{"t":"G164"},"4E5":{"t":"C182"},"4E7":{"t":"C180"},"4E9":{"t":"P28A"},"4EB":{"t":"C172"},"4ED":{"t":"NAVI"},"4EE":{"t":"P28A"},"4F0":{"t":"C182"},"4F2":{"t":"C150"},"4F7":{"t":"T210"},"4FE":{"t":"CH7A"},"4FF":{"t":"FA62"},"500":{"t":"BL8"},"501":{"t":"CH7B"},"503":{"t":"CH7B"},"505":{"t":"CH7B"},"506":{"t":"G164"},"507":{"t":"C310"},"508":{"t":"C182"},"509":{"t":"C140"},"50B":{"t":"C172"},"510":{"t":"NAVI"},"515":{"t":"H60"},"516":{"t":"C172"},"517":{"t":"P28A"},"518":{"t":"C172"},"51E":{"t":"PA22"},"51F":{"t":"CH7B"},"521":{"t":"CH7A"},"524":{"t":"CH7B"},"525":{"t":"CH7B"},"526":{"t":"CH7B"},"527":{"t":"CH7B"},"528":{"t":"CH7A"},"52C":{"t":"C140"},"52D":{"t":"C172"},"52E":{"t":"BE35"},"52F":{"t":"H60"},"532":{"t":"C421"},"533":{"t":"NAVI"},"537":{"t":"PA24"},"539":{"t":"C172"},"53E":{"desc":"L1P"},"540":{"t":"PA27"},"541":{"t":"PA22"},"542":{"t":"CH7B"},"547":{"t":"BL8"},"549":{"t":"CH7B"},"54A":{"t":"CH7B"},"54F":{"t":"C140"},"550":{"t":"C172"},"552":{"t":"P28A"},"557":{"t":"P28A"},"55A":{"t":"PA24"},"55E":{"t":"C172"},"561":{"t":"P28A"},"563":{"t":"PA18"},"567":{"t":"BL8"},"568":{"t":"CH7A"},"569":{"t":"CH7B"},"56B":{"t":"CH7A"},"56D":{"t":"CH7A"},"56F":{"desc":"L1P"},"571":{"t":"C152"},"572":{"t":"C140"},"573":{"t":"C180"},"574":{"t":"C182"},"575":{"t":"P28A"},"576":{"desc":"L1P"},"577":{"t":"PA16"},"578":{"t":"C172"},"579":{"t":"C172"},"57A":{"t":"P28A"},"581":{"t":"P28R"},"584":{"t":"P28A"},"588":{"t":"B47G"},"58B":{"desc":"L4T"},"58D":{"t":"P28T"},"58E":{"t":"C172"},"58F":{"t":"B47G"},"596":{"t":"GLID"},"598":{"t":"B06"},"599":{"t":"C180"},"59A":{"t":"R44"},"59B":{"t":"HUSK"},"59C":{"t":"AEST"},"59D":{"t":"T210"},"59E":{"t":"AEST"},"5A1":{"t":"LJ31"},"5A4":{"t":"GLID"},"5A5":{"desc":"L1P"},"5A8":{"t":"PA27"},"5AB":{"t":"B407"},"5AC":{"t":"PA22"},"5AD":{"t":"R22"},"5B3":{"t":"P32T"},"5B4":{"desc":"L1P"},"5B5":{"desc":"L1P"},"5B6":{"t":"C182"},"5B7":{"t":"FH11"},"5BA":{"t":"R22"},"5BD":{"t":"GLF5"},"5BE":{"t":"ULAC"},"5C0":{"desc":"A1T","t":"KODI"},"5C1":{"t":"PA18"},"5C6":{"t":"CL30"},"5C7":{"desc":"L1P"},"5C8":{"t":"P210"},"5CB":{"t":"C510"},"5CC":{"t":"C56X"},"5CD":{"t":"BE30"},"5CF":{"desc":"L2T"},"5D0":{"t":"PA31"},"5D1":{"t":"GALX"},"5D3":{"desc":"L1P"},"5D5":{"t":"C421"},"5D6":{"desc":"L1P"},"5D7":{"desc":"L1P"},"5D8":{"t":"C208"},"5DB":{"t":"BE18"},"5DC":{"t":"C525"},"5DF":{"t":"C525"},"5E0":{"t":"BE60"},"5E2":{"t":"C560"},"5E4":{"t":"C340"},"5E5":{"t":"BE36"},"5E6":{"desc":"A1P"},"5E7":{"t":"GLID"},"5E8":{"t":"HDJT"},"5E9":{"t":"P28A"},"5EA":{"t":"NAVI"},"5EB":{"t":"SR20"},"5EC":{"t":"GLEX"},"5EE":{"t":"FA10"},"5F4":{"desc":"L1P"},"5F5":{"desc":"L1P"},"5F6":{"t":"T210"},"5F7":{"t":"P337"},"5FA":{"t":"TBM7"},"5FD":{"t":"ULAC"},"5FF":{"t":"R44"},"600":{"t":"C185"},"601":{"t":"ULAC"},"602":{"t":"PA18"},"603":{"t":"C182"},"604":{"t":"E545"},"605":{"desc":"L1P"},"607":{"t":"M20P"},"60F":{"t":"G164"},"610":{"t":"BE20"},"612":{"t":"BE40"},"614":{"t":"R22"},"617":{"t":"TWEN"},"618":{"desc":"L1P"},"61B":{"t":"C25B"},"621":{"t":"EN48"},"625":{"desc":"L1P"},"62A":{"t":"R44"},"62C":{"t":"C172"},"62D":{"desc":"L1P"},"631":{"desc":"L1P"},"632":{"desc":"L1P","t":"ULAC"},"635":{"desc":"L1P"},"637":{"desc":"L2T"},"639":{"t":"CL60"},"63A":{"t":"C340"},"63D":{"t":"C207"},"63E":{"t":"G280"},"641":{"desc":"A2P"},"642":{"t":"T34P"},"643":{"t":"CL30"},"645":{"t":"C525"},"646":{"t":"BE40"},"649":{"t":"F900"},"64A":{"t":"C150"},"64C":{"desc":"H1T"},"64D":{"t":"BE33"},"64E":{"desc":"L1P"},"650":{"t":"BE40"},"652":{"desc":"L1P"},"653":{"t":"M7"},"657":{"t":"GLID"},"659":{"t":"HUSK"},"65C":{"t":"C172"},"65D":{"desc":"L1P"},"65E":{"t":"CL60"},"662":{"t":"C120"},"665":{"t":"HUSK"},"667":{"t":"C172"},"668":{"t":"BE36"},"66B":{"t":"P337"},"66D":{"desc":"L1P"},"66F":{"t":"C500"},"670":{"t":"GLID"},"674":{"t":"BE18"},"675":{"t":"PA32"},"676":{"t":"GLF5"},"677":{"desc":"L1P"},"678":{"t":"T206"},"67A":{"t":"HUSK"},"67C":{"t":"C172"},"67D":{"t":"EA50"},"67E":{"desc":"L1P"},"680":{"desc":"L1P"},"682":{"t":"C182"},"685":{"t":"SR22"},"68B":{"t":"SR22"},"68D":{"desc":"L1P"},"68E":{"t":"E55P"},"692":{"t":"B06"},"693":{"desc":"L1P"},"694":{"t":"SR22"},"695":{"desc":"L1P"},"696":{"desc":"L1P"},"697":{"desc":"L1P"},"698":{"t":"C185"},"69D":{"t":"E300"},"69E":{"t":"GLID"},"69F":{"t":"P180"},"6A0":{"t":"C172"},"6A2":{"t":"SR22"},"6A3":{"desc":"L1P"},"6A5":{"desc":"L1P"},"6A6":{"desc":"A1P"},"6A7":{"t":"GLID"},"6AA":{"desc":"L1P"},"6AB":{"t":"C206"},"6AC":{"desc":"L1P"},"6AD":{"desc":"L1P"},"6AE":{"t":"F2TH"},"6AF":{"t":"M7"},"6B0":{"desc":"L1P"},"6B1":{"desc":"L1P"},"6B2":{"t":"C210"},"6B3":{"t":"AS50"},"6B6":{"desc":"L1P"},"6B7":{"desc":"L1P"},"6B8":{"t":"P28A"},"6BA":{"t":"PA27"},"6BB":{"desc":"L1P"},"6BE":{"t":"C525"},"6BF":{"desc":"L1P"},"6C1":{"t":"BALL"},"6C4":{"desc":"L1P"},"6C6":{"t":"C510"},"6C8":{"desc":"H4E"},"6CA":{"t":"B47G"},"6D4":{"t":"LJ55"},"6D6":{"t":"B06"},"6D9":{"t":"LJ35"},"6DA":{"desc":"L1P"},"6DB":{"desc":"L2T","t":"MU2"},"6DC":{"t":"H500"},"6DE":{"t":"BE36"},"6E0":{"t":"PA34"},"6E1":{"desc":"L1P"},"6E2":{"t":"GLID"},"6E3":{"desc":"H1P"},"6E6":{"t":"PA22"},"6E8":{"t":"C172"},"6E9":{"t":"P210"},"6EA":{"t":"BE9L"},"6EC":{"t":"C510"},"6ED":{"t":"C182"},"6F1":{"desc":"L1P"},"70A":{"t":"C210"},"70B":{"t":"C82T"},"70C":{"t":"E300"},"70D":{"desc":"L1P"},"70F":{"t":"C25B"},"710":{"t":"T34P"},"711":{"t":"P46T"},"712":{"t":"BE35"},"713":{"t":"E550"},"715":{"desc":"L1P"},"717":{"desc":"L1P"},"718":{"desc":"H1T"},"71A":{"t":"AC11"},"71B":{"desc":"L1P"},"71C":{"desc":"L1P"},"71E":{"desc":"L1P"},"71F":{"t":"C182"},"724":{"t":"C404"},"727":{"t":"C180"},"728":{"t":"P210"},"729":{"desc":"L1T"},"72A":{"desc":"L1P"},"72B":{"desc":"L1P"},"72C":{"t":"SR20"},"72D":{"desc":"L1P","t":"ULAC"},"72E":{"t":"C25A"},"72F":{"desc":"L1P"},"733":{"desc":"L1P"},"734":{"t":"P32T"},"735":{"t":"PA27"},"73B":{"desc":"L1P"},"73E":{"desc":"L1P"},"73F":{"t":"BE33"},"740":{"desc":"L1P"},"741":{"t":"EA50"},"742":{"t":"R44"},"743":{"t":"GLF5"},"744":{"desc":"L1P"},"746":{"t":"BE20"},"747":{"desc":"L1P"},"74A":{"t":"C560"},"74E":{"t":"C421"},"751":{"desc":"L1P","t":"TB1"},"752":{"t":"P28A"},"754":{"desc":"L1P"},"763":{"desc":"L1P"},"766":{"t":"BE10"},"767":{"t":"PA34"},"76E":{"t":"BE76"},"76F":{"t":"C172"},"771":{"desc":"L1P"},"777":{"desc":"L1P"},"778":{"t":"BE35"},"779":{"t":"SR22"},"77A":{"t":"H25B"},"780":{"desc":"A2P"},"781":{"t":"TBM7"},"782":{"desc":"L1P"},"786":{"t":"ULAC"},"788":{"t":"PA31"},"78A":{"t":"C182"},"78C":{"desc":"L1P"},"78D":{"t":"SR22"},"78E":{"desc":"H1P"},"78F":{"desc":"H1P"},"793":{"t":"BE33"},"798":{"t":"C25C"},"799":{"desc":"L1T","t":"PA46"},"79E":{"t":"HUSK"},"7A0":{"desc":"L1P"},"7A4":{"desc":"L1P"},"7AB":{"t":"C56X"},"7AE":{"t":"YK54"},"7BC":{"t":"BE30"},"7BE":{"t":"PA18"},"7C3":{"t":"YK18"},"7C9":{"t":"FA50"},"7D1":{"desc":"L1P"},"7D2":{"desc":"L1P"},"7D3":{"t":"T206"},"7D9":{"desc":"L1P"},"7E0":{"t":"C404"},"7E2":{"desc":"L1P"},"7EA":{"desc":"H1P"},"7EC":{"t":"B14A"},"7EE":{"desc":"H6E"},"7EF":{"t":"CH7A"},"7F0":{"desc":"L1P"},"7F3":{"t":"P28U"},"7F4":{"desc":"H6E"},"7FC":{"desc":"L1P"},"801":{"desc":"L1P"},"804":{"desc":"H4E"},"806":{"desc":"A1P","t":"ULAC"},"807":{"desc":"L1P"},"808":{"desc":"L1P"},"809":{"desc":"L1P"},"80A":{"desc":"L1P"},"80B":{"desc":"L1P"},"80C":{"t":"E300"},"80D":{"t":"PTS2"},"80E":{"desc":"L1P"},"80F":{"desc":"L1P"},"811":{"desc":"L1P"},"812":{"desc":"L2P"},"816":{"desc":"L1P"},"817":{"desc":"L1P"},"819":{"t":"M7"},"81A":{"t":"H60"},"81E":{"t":"S108"},"81F":{"t":"C421"},"821":{"t":"C421"},"823":{"t":"P210"},"824":{"t":"C172"},"825":{"desc":"L1P"},"826":{"t":"GLEX"},"828":{"t":"H60"},"82C":{"t":"T206"},"833":{"t":"P28A"},"834":{"desc":"H1P"},"836":{"desc":"L1P"},"837":{"t":"C175"},"838":{"desc":"L1P"},"839":{"t":"AS50"},"83A":{"t":"C182"},"83B":{"desc":"L1P"},"842":{"desc":"L1P"},"843":{"desc":"L1P"},"845":{"desc":"L1P"},"847":{"desc":"L1P"},"849":{"desc":"L1P"},"84E":{"t":"CH7B"},"851":{"t":"GLF2"},"854":{"desc":"L1P"},"857":{"t":"CRJ7"},"861":{"desc":"L1P"},"862":{"desc":"L1P"},"864":{"desc":"L1E"},"868":{"desc":"L1P"},"869":{"desc":"L1P"},"86A":{"desc":"L1P"},"86C":{"t":"R22"},"874":{"t":"P28A"},"87C":{"desc":"H1T"},"87F":{"t":"CL30"},"882":{"desc":"L1P"},"883":{"t":"GLF5"},"885":{"t":"C425"},"886":{"t":"GA5C"},"88B":{"desc":"L2J"},"88D":{"desc":"L1P"},"88E":{"t":"T6"},"88F":{"desc":"L1P"},"894":{"t":"AA1"},"897":{"desc":"A2P"},"89B":{"desc":"L1P"},"89C":{"desc":"L1P"},"8A3":{"desc":"H2T"},"8A7":{"t":"H60"},"8AB":{"desc":"L1P"},"8AD":{"desc":"L1P"},"8B1":{"desc":"H1T"},"8B4":{"desc":"L1P"},"8B7":{"t":"M4"},"8B8":{"t":"E300"},"8BA":{"desc":"L1P"},"8BD":{"t":"BALL"},"8BE":{"desc":"L1P"},"8BF":{"t":"C525"},"8C2":{"desc":"L1P"},"8C4":{"desc":"L1P"},"8C5":{"t":"H60"},"8C6":{"desc":"L1P"},"8CD":{"t":"H25B"},"8D8":{"desc":"L1P"},"8D9":{"t":"C206"},"8DB":{"desc":"L1P"},"8DE":{"t":"C172"},"8E4":{"desc":"L1P"},"8E7":{"t":"B763"},"8E8":{"t":"BALL"},"8EB":{"desc":"L1P"},"8EC":{"t":"GLF6"},"8F1":{"desc":"L1P"},"8F2":{"desc":"L1P"},"8F6":{"desc":"L2J"},"8FD":{"desc":"L1P"},"8FF":{"t":"E135"},"900":{"t":"BE20"},"902":{"desc":"L1P","t":"B742"},"903":{"desc":"L1P"},"906":{"desc":"L1P"},"907":{"desc":"L1P","t":"MX2"},"909":{"t":"E300"},"90A":{"desc":"L1P"},"90B":{"desc":"L1P"},"90D":{"desc":"L1P"},"90F":{"desc":"L1P"},"910":{"desc":"L1P"},"914":{"desc":"A2P"},"915":{"desc":"L1P"},"91B":{"desc":"H8E"},"91C":{"t":"C172"},"91D":{"t":"C402"},"92B":{"desc":"H4E"},"92E":{"desc":"H8E"},"931":{"t":"PA31"},"932":{"t":"LJ35"},"933":{"desc":"L1P"},"938":{"t":"SR20"},"93C":{"t":"C680"},"942":{"desc":"L1P"},"944":{"t":"P28R"},"95B":{"t":"C68A"},"963":{"desc":"L1P"},"964":{"t":"DA40"},"965":{"t":"E300"},"966":{"desc":"L1P"},"969":{"desc":"L1P"},"96B":{"desc":"L1P"},"96E":{"desc":"L1P"},"96F":{"desc":"L1P"},"973":{"desc":"L1P"},"974":{"desc":"L1P"},"975":{"t":"C180"},"977":{"desc":"L1P"},"978":{"t":"L8"},"97C":{"desc":"L1P"},"97D":{"desc":"L1P"},"97E":{"desc":"L1P"},"97F":{"desc":"L1P"},"981":{"desc":"L1P"},"982":{"desc":"H1T"},"983":{"desc":"L1P"},"988":{"t":"YK55"},"98C":{"desc":"L1P"},"98D":{"desc":"L1P"},"991":{"desc":"L1P"},"995":{"desc":"L1P"},"996":{"desc":"L1P"},"997":{"desc":"L1P"},"999":{"t":"E300"},"99B":{"desc":"L1P"},"99F":{"desc":"L1P"},"9A1":{"desc":"L1P"},"9A3":{"desc":"L1P"},"9A5":{"desc":"L1P"},"9A6":{"desc":"L1P"},"9A7":{"desc":"L1P"},"9AA":{"desc":"L1P"},"9AB":{"desc":"L1P"},"9BF":{"t":"B752"},"9C3":{"t":"A321"},"9C7":{"desc":"H1P"},"9C8":{"t":"TWEN"},"9C9":{"t":"E300"},"9D2":{"desc":"L1P"},"9E0":{"t":"GLF6"},"9E1":{"desc":"L1P"},"9E2":{"t":"P32R"},"9EC":{"desc":"L1P"},"9F1":{"desc":"L1P"},"9F5":{"desc":"L1P"},"9F9":{"desc":"L1P"},"9FC":{"t":"PA18"},"A04":{"desc":"L1P"},"A0A":{"desc":"L1P"},"A0F":{"desc":"L1P"},"A2B":{"t":"BALL"},"A37":{"desc":"L1P"},"A45":{"t":"C310"},"A46":{"t":"C182"},"A48":{"t":"BE35"},"A49":{"desc":"L1P"},"A4C":{"t":"C172"},"A4D":{"t":"C172"},"A4E":{"t":"NAVI"},"A4F":{"t":"AA5"},"A53":{"t":"C150"},"A55":{"desc":"L1P","t":"ULAC"},"A56":{"t":"C172"},"A57":{"desc":"L1P"},"A58":{"t":"C210"},"A59":{"t":"P28A"},"A5D":{"t":"PA25"},"A60":{"t":"C172"},"A61":{"t":"PA27"},"A64":{"t":"C185"},"A65":{"t":"PT22"},"A68":{"t":"T210"},"A6F":{"t":"C172"},"A71":{"t":"NAVI"},"A74":{"t":"C182"},"A75":{"t":"PA24"},"A76":{"t":"C150"},"A7C":{"t":"P28A"},"A7D":{"t":"T206"},"A81":{"t":"C172"},"A82":{"t":"C172"},"A85":{"t":"C172"},"A8B":{"t":"P210"},"A8C":{"t":"C182"},"A8F":{"t":"C172"},"A90":{"t":"P28A"},"A92":{"t":"PA14"},"A95":{"t":"AA5"},"A9A":{"t":"C172"},"A9B":{"t":"P28A"},"A9D":{"t":"BE33"},"AA8":{"t":"PA18"},"AAA":{"t":"ST75"},"AB2":{"t":"C185"},"AB3":{"t":"P28A"},"AB5":{"t":"C152"},"AB7":{"t":"NAVI"},"AB8":{"desc":"L1P"},"ABA":{"t":"ST75"},"ABB":{"t":"PA24"},"ABC":{"t":"C150"},"ABD":{"t":"C172"},"ABF":{"t":"C172"},"AC1":{"t":"C72R"},"AC6":{"desc":"L1P"},"AC7":{"t":"C172"},"AC8":{"t":"ST75"},"AC9":{"t":"ST75"},"ACA":{"t":"ST75"},"ACC":{"t":"C172"},"ACF":{"t":"ST75"},"AD2":{"t":"C152"},"AD4":{"t":"BE35"},"AD8":{"t":"PA14"},"ADB":{"t":"AA5"},"ADD":{"t":"ST75"},"ADE":{"t":"PA24"},"AE0":{"t":"C172"},"AE3":{"t":"BE35"},"AE5":{"t":"P210"},"AEA":{"t":"C172"},"AEF":{"t":"PT22"},"AF1":{"t":"C172"},"AF2":{"t":"C172"},"AF4":{"t":"P210"},"AF5":{"t":"C152"},"AF6":{"t":"C170"},"AF7":{"t":"BE35"},"AFE":{"t":"AA5"},"AFF":{"t":"C152"},"B01":{"t":"PA24"},"B03":{"t":"C172"},"B05":{"t":"C172"},"B06":{"t":"BE35"},"B07":{"t":"C172"},"B17":{"t":"C310"},"B19":{"t":"C170"},"B1A":{"t":"PA34"},"B20":{"t":"NAVI"},"B21":{"t":"AA5"},"B23":{"t":"ST75"},"B24":{"t":"PA24"},"B26":{"t":"C172"},"B2B":{"t":"P28A"},"B2D":{"t":"PA27"},"B2E":{"t":"PA22"},"B36":{"t":"C172"},"B37":{"desc":"L1P"},"B3B":{"t":"C182"},"B3F":{"t":"P28A"},"B41":{"t":"PA14"},"B44":{"t":"AA5"},"B48":{"t":"C150"},"B49":{"t":"C172"},"B4E":{"t":"P28A"},"B54":{"t":"PA27"},"B55":{"t":"C172"},"B57":{"t":"PA27"},"B59":{"t":"PA27"},"B5B":{"t":"C172"},"B5E":{"t":"C182"},"B61":{"t":"C172"},"B64":{"t":"C172"},"B69":{"t":"C182"},"B6A":{"t":"PA24"},"B6C":{"t":"C172"},"B6F":{"t":"BE95"},"B71":{"t":"P28A"},"B73":{"t":"PA18"},"B77":{"desc":"L1P"},"B7C":{"t":"ST75"},"B7E":{"t":"PA27"},"B83":{"t":"BE35"},"B85":{"t":"P28A"},"B86":{"t":"C404"},"B88":{"t":"C172"},"B8A":{"t":"AA5"},"B8B":{"t":"BE23"},"B8D":{"t":"PA24"},"B8E":{"t":"C150"},"B8F":{"t":"C172"},"B91":{"t":"C172"},"B92":{"t":"BE55"},"B96":{"t":"T210"},"B9A":{"t":"PA27"},"B9B":{"t":"C172"},"B9C":{"t":"C172"},"B9F":{"t":"PA27"},"BA2":{"t":"H500"},"BA6":{"t":"PA34"},"BA8":{"t":"HUSK"},"BAB":{"t":"C208"},"BAC":{"t":"DA40"},"BAF":{"t":"HUSK"},"BB4":{"t":"C240"},"BB7":{"t":"DH8B"},"BB8":{"desc":"L1P"},"BBB":{"desc":"H4E"},"BBC":{"t":"BE20"},"BBD":{"t":"CL60"},"BCA":{"t":"P32R"},"BCD":{"t":"C82T"},"BD5":{"t":"S108"},"BD6":{"t":"P28A"},"BD9":{"t":"SR22"},"BE1":{"t":"C340"},"BE3":{"desc":"L1P","t":"ULAC"},"BE7":{"t":"FDCT"},"BEA":{"t":"P28A"},"BEB":{"t":"C750"},"BF0":{"t":"BE35"},"BF1":{"desc":"L1P"},"BF3":{"desc":"L2J","t":"A21N"},"BFE":{"desc":"L1P"},"C03":{"t":"C310"},"C06":{"t":"CH7B"},"C07":{"t":"C172"},"C08":{"t":"CRJ7"},"C1D":{"desc":"L1P"},"C21":{"t":"UH1"},"C22":{"desc":"L1P"},"C2B":{"t":"FA20"},"C36":{"t":"CL30"},"C38":{"desc":"L1P"},"C39":{"t":"B350"},"C3D":{"t":"GA5C"},"C3F":{"desc":"L2T"},"C42":{"desc":"L2J"},"C49":{"desc":"H8E"},"C4E":{"desc":"L1P"},"C4F":{"desc":"L1T"},"C53":{"desc":"L1P"},"C55":{"t":"BE40"},"C58":{"t":"P28R"},"C67":{"desc":"H4E"},"C6C":{"desc":"L6E"},"C6D":{"t":"C82R"},"C6F":{"t":"SR22"},"C70":{"t":"BE58"},"C72":{"t":"BE20"},"C74":{"t":"BALL"},"C75":{"t":"C180"},"C7D":{"desc":"L1P"},"C84":{"desc":"L1P"},"C92":{"t":"ULAC"},"C95":{"t":"C172"},"C9F":{"t":"EA50"},"CA0":{"t":"C172"},"CA9":{"t":"BE20"},"CAD":{"desc":"L2J"},"CAE":{"desc":"L1P"},"CB9":{"t":"U21"},"CBA":{"desc":"L1P"},"CBB":{"t":"CH7A"},"CBD":{"t":"BE55"},"CC3":{"t":"GLID"},"CC8":{"t":"B407"},"CCA":{"t":"P32T"},"CD3":{"t":"P46T"},"CE8":{"desc":"L1P"},"CEA":{"t":"PC12"},"CEB":{"t":"TAMP"},"CEF":{"desc":"L1P"},"CF1":{"desc":"L2J"},"CF8":{"t":"R44"},"CFB":{"t":"P28R"},"D12":{"t":"C68A"},"D23":{"t":"P28B"},"D25":{"t":"ASTR"},"D26":{"t":"E55P"},"D2B":{"t":"PRM1"},"D2E":{"desc":"L1P"},"D33":{"t":"C650"},"D36":{"t":"BE30"},"D3B":{"desc":"H1P"},"D3E":{"desc":"L1P"},"D41":{"t":"P28A"},"D43":{"t":"SR22"},"D48":{"desc":"L1P"},"D49":{"desc":"L1P"},"D50":{"desc":"L1P"},"D5D":{"desc":"L1P"},"D76":{"t":"B752"},"D7A":{"t":"A321"},"D7E":{"desc":"L1P"},"D7F":{"t":"COL4"},"D80":{"t":"P32R"},"D89":{"desc":"L2J","t":"A20N"},"D8C":{"t":"ULAC"},"D99":{"desc":"L1P"},"DA5":{"t":"SR22"},"DA7":{"desc":"L1P"},"DA8":{"t":"C172"},"DB9":{"t":"CL30"},"DBB":{"desc":"L1P"},"DBE":{"t":"H25B"},"DE2":{"t":"F2TH"},"DFD":{"t":"C182"},"E03":{"t":"PA18"},"E0B":{"t":"C172"},"E0E":{"t":"BE35"},"E0F":{"t":"P51"},"E12":{"t":"PA18"},"E13":{"t":"PA22"},"E14":{"t":"PA32"},"E16":{"t":"C172"},"E19":{"t":"SR22"},"E1A":{"t":"BALL"},"E1B":{"t":"PA18"},"E1C":{"t":"C172"},"E1D":{"t":"PA27"},"E1E":{"t":"S22T"},"E1F":{"t":"C210"},"E20":{"t":"C182"},"E24":{"t":"P32R"},"E26":{"t":"C172"},"E27":{"t":"C441"},"E2C":{"t":"PA24"},"E30":{"t":"C172"},"E33":{"desc":"L1P"},"E34":{"t":"C206"},"E37":{"t":"C206"},"E3C":{"t":"C172"},"E41":{"t":"G164"},"E42":{"t":"C310"},"E46":{"t":"C185"},"E4B":{"desc":"L1P"},"E4C":{"t":"AA5"},"E4E":{"t":"C182"},"E50":{"t":"C150"},"E51":{"t":"C172"},"E52":{"t":"C82R"},"E53":{"t":"C172"},"E55":{"t":"C72R"},"E5A":{"t":"C172"},"E5D":{"desc":"L1P"},"E68":{"desc":"L1P"},"E6C":{"t":"PA18"},"E6E":{"t":"NAVI"},"E6F":{"desc":"L1P"},"E71":{"t":"ST75"},"E72":{"t":"PA44"},"E74":{"t":"C172"},"E76":{"t":"C172"},"E7A":{"t":"R44"},"E7C":{"t":"PA22"},"E7E":{"t":"PA27"},"E82":{"t":"C172"},"E8A":{"t":"C170"},"E8B":{"t":"BE35"},"E8F":{"t":"PA18"},"E91":{"t":"NAVI"},"E92":{"t":"AA5"},"E9F":{"t":"PA22"},"EA0":{"t":"C172"},"EA1":{"t":"C172"},"EA8":{"t":"C172"},"EAA":{"desc":"L1P"},"EAB":{"desc":"L1P"},"EAD":{"t":"C170"},"EAE":{"t":"C172"},"EB0":{"t":"P28A"},"EB2":{"t":"PA18"},"EB5":{"t":"AA5"},"EB9":{"t":"C150"},"EBB":{"t":"P28A"},"EBC":{"t":"C172"},"EC0":{"t":"S76"},"EC3":{"t":"J3"},"EC4":{"t":"C172"},"EC8":{"t":"PA27"},"ECD":{"t":"G164"},"ECF":{"t":"C152"},"ED0":{"t":"C170"},"ED1":{"t":"BE35"},"ED2":{"t":"C172"},"ED8":{"t":"AA5"},"EDC":{"t":"C150"},"EDD":{"t":"C185"},"EDE":{"t":"P28A"},"EE0":{"t":"T210"},"EE1":{"t":"P51"},"EE4":{"t":"T210"},"EE8":{"t":"C172"},"EEB":{"t":"C172"},"EF2":{"t":"C182"},"EF6":{"t":"P28A"},"EF8":{"t":"PA18"},"EFA":{"t":"NAVI"},"EFB":{"t":"AA5"},"EFC":{"t":"BE23"},"EFE":{"t":"PA24"},"F00":{"t":"C172"},"F01":{"t":"P28A"},"F07":{"t":"T210"},"F08":{"t":"PA22"},"F0A":{"t":"C172"},"F0C":{"t":"ST75"},"F0E":{"t":"SR22"},"F0F":{"t":"TAYD"},"F11":{"t":"AS50"},"F12":{"t":"C172"},"F14":{"t":"C310"},"F17":{"t":"BE35"},"F18":{"t":"C185"},"F1D":{"t":"NAVI"},"F25":{"t":"C172"},"F27":{"t":"C172"},"F28":{"t":"P28A"},"F2B":{"t":"PA22"},"F2C":{"t":"C172"},"F2E":{"t":"PA18"},"F30":{"t":"C172"},"F34":{"t":"C172"},"F35":{"t":"TAYD"},"F3C":{"t":"P28A"},"F40":{"t":"NAVI"},"F43":{"t":"C182"},"F44":{"t":"PA24"},"F47":{"t":"P28A"},"F48":{"t":"C172"},"F4B":{"t":"SR22"},"F4F":{"t":"PA18"},"F50":{"desc":"H2T"},"F54":{"t":"PA27"},"F57":{"t":"PA27"},"F58":{"t":"P46T"},"F5A":{"t":"P28A"},"F5D":{"t":"ULAC"},"F5E":{"t":"C172"},"F61":{"desc":"G1P"},"F66":{"t":"SR22"},"F68":{"t":"GA5C"},"F70":{"t":"B190"},"F72":{"desc":"H4E"},"F74":{"t":"CL60"},"F77":{"desc":"L1P"},"F7C":{"desc":"L6E"},"F7D":{"t":"BALL"},"F7E":{"t":"DA42"},"F81":{"t":"COL4"},"F86":{"t":"BALL"},"F8C":{"t":"T210"},"F8F":{"t":"C680"},"F90":{"t":"SR22"},"F95":{"t":"C25B"},"F9A":{"t":"C82S"},"F9E":{"t":"FDCT"},"F9F":{"t":"BALL"},"FA1":{"t":"P28A"},"FAA":{"desc":"L2J","t":"A21N"},"FAB":{"desc":"L1P"},"FB1":{"desc":"H1P"},"FB3":{"desc":"L1P"},"FB5":{"desc":"L1P"},"FB6":{"t":"BE35"},"FB7":{"t":"S22T"},"FBE":{"desc":"L1P"},"FBF":{"t":"CRJ7"},"FC0":{"t":"T210"},"FC1":{"t":"C182"},"FCA":{"t":"P210"},"FCE":{"t":"C172"},"FD7":{"desc":"L1P"},"FD8":{"desc":"L2T"},"FDB":{"t":"BALL"},"FE2":{"t":"P28A"},"FE7":{"desc":"L2T"},"FE8":{"t":"BALL"},"FED":{"t":"CL30"},"FF0":{"t":"R22"},"FF4":{"t":"GLF5"},"FF8":{"t":"BE35"},"FF9":{"desc":"L2J"},"FFB":{"t":"DA40"},"FFE":{"t":"FA7X"}}