{"009":{"t":"B752"},"00D":{"t":"A321"},"00F":{"desc":"H1P"},"01C":{"desc":"L2J","t":"A20N"},"028":{"desc":"H1P"},"02A":{"desc":"L1P"},"036":{"desc":"L1P"},"03F":{"t":"BALL"},"04C":{"t":"CL30"},"05A":{"desc":"H1P"},"073":{"desc":"H1P"},"081":{"desc":"H4E"},"08E":{"desc":"H1P"},"090":{"t":"C152"},"096":{"t":"PA18"},"09B":{"t":"P28A"},"09C":{"t":"PA24"},"09D":{"t":"C150"},"09E":{"t":"C172"},"09F":{"t":"C337"},"0A1":{"t":"BE33"},"0A2":{"t":"P51"},"0A8":{"t":"ST75"},"0A9":{"t":"DC3"},"0AA":{"t":"ST75"},"0AD":{"t":"TAYD"},"0B1":{"t":"BE36"},"0B2":{"t":"C310"},"0B3":{"t":"BALL"},"0B5":{"t":"BE35"},"0B6":{"t":"BALL"},"0B7":{"t":"M10"},"0B8":{"desc":"H2T"},"0B9":{"t":"C152"},"0BA":{"t":"C310"},"0BB":{"t":"C172"},"0BC":{"t":"AA5"},"0BF":{"t":"PA24"},"0C1":{"desc":"L1P"},"0C2":{"t":"C82T"},"0C3":{"t":"BALL"},"0C5":{"t":"C303"},"0C7":{"t":"C206"},"0C9":{"t":"PA22"},"0D2":{"t":"C170"},"0D3":{"t":"GLID"},"0DB":{"t":"BE9L"},"0DC":{"t":"PA18"},"0DF":{"t":"AA5"},"0E1":{"t":"GLID"},"0E3":{"t":"C172"},"0E4":{"t":"C172"},"0E6":{"t":"C82R"},"0EA":{"t":"BE36"},"0EE":{"t":"PA27"},"0F2":{"t":"T50"},"0F3":{"t":"C182"},"0F5":{"t":"C172"},"0FB":{"t":"BE35"},"0FD":{"t":"PA34"},"100":{"t":"C172"},"101":{"t":"C172"},"102":{"desc":"L1P"},"104":{"t":"C182"},"108":{"t":"C337"},"109":{"t":"C172"},"10B":{"t":"P51"},"10C":{"t":"P28A"},"112":{"t":"GLID"},"113":{"t":"C172"},"114":{"t":"C172"},"115":{"t":"C172"},"11A":{"desc":"L1P"},"11D":{"t":"C170"},"11E":{"t":"C172"},"120":{"t":"ERCO"},"124":{"t":"C172"},"125":{"t":"AA5"},"128":{"t":"C152"},"129":{"t":"C150"},"12C":{"t":"C172"},"12D":{"t":"BE35"},"12E":{"t":"T210"},"139":{"t":"C172"},"13F":{"t":"C182"},"140":{"t":"C170"},"141":{"t":"BE35"},"147":{"t":"C172"},"149":{"t":"GLF5"},"14A":{"t":"C82S"},"14C":{"t":"C150"},"14D":{"t":"C172"},"14E":{"t":"C82R"},"152":{"t":"P28A"},"159":{"t":"ST75"},"15A":{"t":"T34P"},"163":{"t":"C170"},"164":{"t":"C172"},"165":{"t":"C180"},"168":{"t":"PA18"},"16B":{"t":"AA5"},"16C":{"t":"PA18"},"16E":{"t":"PA24"},"16F":{"t":"C150"},"170":{"t":"B58T"},"172":{"t":"C172"},"173":{"t":"BE95"},"178":{"t":"PA22"},"17A":{"t":"C172"},"17C":{"t":"C172"},"17E":{"t":"P28A"},"17F":{"desc":"L1P"},"183":{"desc":"L1P"},"184":{"t":"T210"},"185":{"t":"C182"},"186":{"t":"C182"},"187":{"t":"BE35"},"18E":{"t":"AA5"},"191":{"t":"PA24"},"193":{"t":"C172"},"194":{"t":"P28A"},"195":{"t":"C172"},"196":{"t":"BE95"},"198":{"t":"P28A"},"19B":{"t":"PA22"},"19D":{"t":"ST75"},"1A3":{"t":"J5"},"1A4":{"t":"C172"},"1A5":{"t":"VALI"},"1A8":{"t":"C182"},"1AA":{"t":"BE35"},"1AB":{"t":"C185"},"1AE":{"t":"C172"},"1B1":{"t":"AA5"},"1B4":{"t":"PA24"},"1B6":{"t":"C172"},"1BB":{"t":"P28A"},"1BE":{"t":"PA22"},"1BF":{"t":"C172"},"1C0":{"t":"BALL"},"1CB":{"t":"C182"},"1D1":{"t":"PA18"},"1D3":{"t":"C172"},"1D4":{"t":"AA5"},"1DC":{"t":"BE35"},"1DF":{"t":"P210"},"1E2":{"t":"BALL"},"1E6":{"t":"TAYD"},"1ED":{"desc":"L1P"},"1F0":{"t":"ULAC"},"1F2":{"t":"B06"},"1F9":{"t":"AS50"},"202":{"t":"FDCT"},"205":{"desc":"H4E"},"207":{"t":"CL60"},"21B":{"t":"P28R"},"21F":{"t":"SR22"},"220":{"t":"P28A"},"22B":{"t":"GLID"},"22D":{"desc":"L1P"},"230":{"t":"C182"},"234":{"t":"P28A"},"238":{"desc":"L1P"},"240":{"t":"SF50"},"24D":{"t":"M20P"},"251":{"t":"C172"},"252":{"desc":"H1P"},"25C":{"desc":"L1P"},"25D":{"t":"P210"},"25F":{"t":"SR22"},"263":{"t":"C120"},"26A":{"desc":"L1P"},"275":{"t":"P28A"},"276":{"desc":"L1P"},"280":{"t":"CL30"},"284":{"t":"GA5C"},"286":{"desc":"H8E"},"28C":{"desc":"L2J"},"2B5":{"desc":"L1P"},"2B7":{"t":"A320"},"2C3":{"desc":"L1P"},"2C5":{"t":"C56X"},"2CE":{"t":"P28A"},"2F7":{"desc":"L2J"},"2FC":{"t":"DA42"},"300":{"t":"C182"},"303":{"t":"C182"},"309":{"desc":"L1P"},"30E":{"t":"HDJT"},"31D":{"t":"C172"},"31E":{"t":"ULAC"},"326":{"t":"CRJ9"},"32C":{"t":"GLID"},"332":{"t":"B350"},"333":{"t":"LJ35"},"335":{"t":"TAMP"},"35C":{"t":"C68A"},"364":{"desc":"L1P","t":"ULAC"},"367":{"t":"PC12"},"368":{"desc":"L1P"},"375":{"t":"P28A"},"37E":{"desc":"H1T"},"37F":{"t":"B47G"},"380":{"t":"P28A"},"385":{"t":"SR22"},"389":{"t":"SR22"},"38E":{"t":"BALL"},"396":{"t":"BE33"},"399":{"desc":"L1P"},"39C":{"t":"C150"},"39F":{"t":"S22T"},"3AA":{"desc":"L1P"},"3AB":{"t":"C525"},"3B0":{"t":"B752"},"3C0":{"t":"B752"},"3C4":{"t":"A321"},"3C9":{"desc":"H4E"},"3D3":{"desc":"L2J","t":"A20N"},"3E1":{"desc":"L1P"},"3EC":{"t":"C210"},"3ED":{"t":"S76"},"3FA":{"t":"M5"},"403":{"t":"CL30"},"405":{"desc":"L1P"},"408":{"desc":"L1P"},"42C":{"desc":"L1P"},"445":{"t":"G164"},"449":{"t":"BE35"},"44F":{"t":"C172"},"454":{"t":"C150"},"457":{"t":"C172"},"45A":{"t":"P28A"},"45C":{"t":"PA27"},"45D":{"t":"PA22"},"468":{"t":"GLID"},"46A":{"t":"C182"},"46C":{"t":"BE35"},"46F":{"t":"BE36"},"473":{"t":"AA5"},"475":{"t":"C182"},"476":{"t":"PA24"},"477":{"t":"C150"},"478":{"t":"C172"},"47A":{"t":"C172"},"47B":{"desc":"L2P"},"47D":{"t":"P28A"},"482":{"t":"B737"},"483":{"t":"FA62"},"485":{"t":"FA62"},"486":{"t":"C172"},"493":{"t":"PA18"},"495":{"t":"C172"},"49A":{"t":"C150"},"49B":{"t":"C172"},"49D":{"t":"P28R"},"49F":{"t":"O1"},"4A3":{"t":"PA22"},"4AC":{"t":"C172"},"4AF":{"t":"C310"},"4B0":{"t":"C182"},"4B1":{"t":"T210"},"4B2":{"t":"C172"},"4B3":{"t":"ERCO"},"4B4":{"t":"ERCO"},"4B6":{"t":"PA18"},"4B9":{"t":"AA5"},"4BB":{"t":"C182"},"4BC":{"t":"PA24"},"4BD":{"t":"C150"},"4BE":{"t":"C172"},"4C0":{"t":"C82R"},"4C3":{"t":"P28A"},"4CA":{"t":"C172"},"4CB":{"t":"C172"},"4D0":{"t":"C172"},"4D1":{"t":"G164"},"4D4":{"t":"C170"},"4D7":{"t":"ERCO"},"4DA":{"t":"C310"},"4DB":{"t":"C172"},"4DF":{"t":"PA24"},"4E1":{"t":"C172"},"4E2":{"t":"P28A"},"4E3":{"t":"C172"},"4EB":{"t":"PA18"},"4EE":{"t":"C172"},"4F3":{"t":"ST75"},"4F7":{"t":"C170"},"4FA":{"t":"ERCO"},"4FC":{"t":"C172"},"4FE":{"t":"C172"},"501":{"t":"C82S"},"503":{"t":"C150"},"504":{"t":"C172"},"505":{"t":"C337"},"507":{"t":"BE33"},"509":{"t":"P28A"},"50C":{"t":"PA22"},"50D":{"t":"PA18"},"50E":{"t":"TAYD"},"50F":{"t":"C172"},"514":{"t":"PA27"},"51C":{"t":"ERCO"},"51D":{"t":"ERCO"},"522":{"t":"AA5"},"52A":{"t":"BE55"},"52C":{"t":"P28A"},"52E":{"t":"C210"},"52F":{"t":"PA22"},"533":{"t":"PA18"},"536":{"t":"ST75"},"539":{"desc":"L1P"},"53A":{"t":"C182"},"53F":{"t":"ERCO"},"542":{"t":"PA18"},"545":{"t":"AA5"},"54B":{"t":"C337"},"54C":{"t":"C172"},"54F":{"t":"P28A"},"555":{"t":"PA27"},"558":{"t":"PA27"},"55A":{"t":"ST75"},"561":{"t":"BE35"},"563":{"t":"ERCO"},"564":{"t":"C421"},"565":{"t":"PA18"},"566":{"t":"C180"},"56A":{"t":"C182"},"56B":{"t":"PA24"},"56D":{"t":"C172"},"56E":{"t":"C337"},"56F":{"t":"C172"},"575":{"t":"PA22"},"577":{"t":"C172"},"578":{"t":"ST75"},"579":{"t":"PA18"},"581":{"t":"B738"},"584":{"t":"C172"},"585":{"t":"ERCO"},"587":{"desc":"L1P"},"589":{"t":"C310"},"58B":{"t":"AA5"},"58D":{"t":"C182"},"590":{"t":"C172"},"597":{"desc":"L1P"},"598":{"t":"PA22"},"59F":{"t":"PA27"},"5A4":{"t":"C172"},"5A7":{"t":"ULAC"},"5AD":{"t":"C25C"},"5B5":{"t":"B738"},"5BC":{"desc":"H4E"},"5BD":{"t":"BE35"},"5BE":{"t":"CL60"},"5C3":{"t":"B412"},"5C4":{"desc":"L1T"},"5D7":{"t":"CRJ9"},"5D8":{"t":"BE20"},"5D9":{"desc":"L2J"},"5DA":{"t":"SR20"},"5DC":{"desc":"L1P"},"5E1":{"desc":"L1P"},"5E2":{"desc":"L1P"},"5E4":{"t":"SR22"},"5E8":{"t":"FDCT"},"5EB":{"t":"P28A"},"5EF":{"t":"BL8"},"5F0":{"desc":"L1P"},"5F2":{"t":"DV20"},"600":{"t":"DA40"},"60A":{"t":"SR22"},"60B":{"t":"C177"},"60F":{"t":"E55P"},"611":{"desc":"L1P"},"616":{"t":"C172"},"625":{"t":"C77R"},"62F":{"desc":"L1P"},"637":{"t":"CL30"},"63B":{"t":"C402"},"63C":{"t":"S76"},"63E":{"t":"GA5C"},"640":{"desc":"L4P"},"643":{"desc":"L2J"},"645":{"t":"BE20"},"64C":{"desc":"L1T"},"674":{"desc":"L1P"},"678":{"t":"P28U"},"67C":{"t":"ULAC"},"685":{"desc":"L1P"},"689":{"desc":"L1P"},"68F":{"t":"BE40"},"694":{"desc":"L1E"},"69F":{"t":"DA40"},"6A1":{"desc":"L2P"},"6A4":{"t":"CL60"},"6AA":{"t":"LJ31"},"6AE":{"desc":"L2J"},"6AF":{"desc":"A1P"},"6B7":{"t":"E135"},"6B8":{"t":"CH7B"},"6B9":{"desc":"L1T"},"6C3":{"t":"C77R"},"6CC":{"desc":"L1P"},"6D1":{"t":"T28"},"6D4":{"t":"C172"},"6DD":{"t":"CRJ9"},"6E3":{"t":"GLID"},"6E9":{"t":"C182"},"6F0":{"t":"SR20"},"6F9":{"t":"SR20"},"6FC":{"t":"C150"},"713":{"t":"C68A"},"71B":{"t":"C182"},"735":{"t":"DA62"},"737":{"t":"P28A"},"740":{"desc":"L1P"},"742":{"t":"C172"},"74D":{"t":"BE95"},"74F":{"desc":"L1P"},"750":{"t":"GLID"},"75D":{"t":"SR20"},"774":{"desc":"L2T"},"777":{"t":"B752"},"77B":{"t":"A321"},"78A":{"desc":"L2J","t":"A20N"},"7B8":{"desc":"H8E"},"7BA":{"t":"CL30"},"7CA":{"desc":"L1P"},"801":{"t":"C172"},"804":{"t":"PA18"},"806":{"t":"C172"},"807":{"t":"AA5"},"80B":{"t":"C150"},"80F":{"t":"BE35"},"810":{"t":"C150"},"811":{"t":"P28A"},"814":{"t":"PA22"},"816":{"t":"FA62"},"818":{"t":"C172"},"81D":{"t":"PA27"},"81E":{"t":"PA27"},"822":{"t":"C170"},"824":{"t":"C182"},"82B":{"t":"C152"},"82C":{"t":"C182"},"82D":{"t":"PA24"},"82E":{"t":"C150"},"82F":{"t":"C172"},"830":{"t":"C82T"},"831":{"t":"CL60"},"834":{"t":"P28A"},"837":{"t":"PA22"},"838":{"t":"PA27"},"839":{"t":"PA27"},"83A":{"t":"C172"},"843":{"t":"C310"},"844":{"t":"C182"},"845":{"t":"T210"},"848":{"t":"ERCO"},"849":{"desc":"L1P"},"84D":{"t":"AA5"},"84E":{"t":"TAYB"},"852":{"t":"C172"},"854":{"t":"C82R"},"85D":{"desc":"L1P"},"864":{"t":"C172"},"865":{"desc":"L1P"},"869":{"t":"BE35"},"86B":{"t":"ERCO"},"86D":{"t":"PA18"},"86F":{"t":"C172"},"870":{"t":"AA5"},"871":{"t":"TAYB"},"872":{"t":"J3"},"879":{"t":"P51"},"880":{"t":"C172"},"886":{"t":"C172"},"88A":{"t":"C182"},"88C":{"t":"C172"},"88D":{"t":"ERCO"},"891":{"t":"C310"},"893":{"t":"AA5"},"895":{"t":"C182"},"896":{"t":"PA24"},"898":{"t":"C172"},"89A":{"t":"C172"},"8A2":{"t":"VALI"},"8A5":{"t":"C172"},"8AA":{"t":"C172"},"8AD":{"t":"C182"},"8AF":{"t":"PA18"},"8B0":{"t":"C185"},"8B1":{"t":"ERCO"},"8B3":{"t":"C172"},"8B5":{"t":"C172"},"8B6":{"t":"AA5"},"8B7":{"t":"BE76"},"8B9":{"t":"PA24"},"8BD":{"t":"C172"},"8BF":{"t":"T6"},"8C5":{"t":"PA18"},"8C8":{"t":"PA27"},"8C9":{"t":"C172"},"8CB":{"t":"PA27"},"8CC":{"t":"PA27"},"8CF":{"t":"T210"},"8D0":{"t":"C182"},"8D1":{"t":"C170"},"8D2":{"t":"C172"},"8D4":{"t":"ERCO"},"8D6":{"t":"PA18"},"8D7":{"desc":"L2J"},"8D9":{"t":"AA5"},"8DB":{"t":"C82S"},"8DC":{"t":"PA24"},"8DE":{"t":"C185"},"8DF":{"t":"C82T"},"8E0":{"desc":"H8E"},"8E2":{"t":"T6"},"8E4":{"desc":"L1P"},"8E8":{"t":"PA27"},"8E9":{"t":"PA27"},"8F0":{"t":"FA62"},"8F1":{"t":"PA32"},"8F3":{"t":"C152"},"8F4":{"t":"C170"},"8F5":{"t":"BE35"},"8F7":{"t":"P28A"},"8FB":{"t":"C172"},"8FC":{"t":"AA5"},"8FF":{"t":"PA24"},"900":{"t":"C150"},"902":{"t":"C337"},"904":{"t":"BE35"},"90A":{"t":"PA27"},"910":{"t":"PT22"},"913":{"t":"PA25"},"918":{"t":"C172"},"919":{"t":"ERCO"},"91D":{"t":"C310"},"920":{"t":"C152"},"922":{"t":"PA24"},"925":{"t":"C82R"},"926":{"t":"P28A"},"928":{"t":"T6"},"92C":{"t":"PA22"},"92E":{"t":"PA25"},"939":{"t":"C182"},"93B":{"t":"BE35"},"93D":{"t":"ERCO"},"93F":{"t":"PA18"},"942":{"t":"AA5"},"943":{"t":"TAYB"},"944":{"desc":"L1P"},"945":{"t":"PA24"},"946":{"t":"C150"},"947":{"t":"C172"},"949":{"t":"C172"},"94D":{"t":"GLID"},"956":{"t":"ST75"},"957":{"t":"ST75"},"958":{"t":"PA25"},"959":{"t":"ST75"},"95B":{"t":"C172"},"95E":{"t":"CH7B"},"961":{"t":"EA50"},"962":{"desc":"H8E"},"96B":{"t":"B350"},"96C":{"t":"B738"},"971":{"t":"B752"},"973":{"desc":"H4E"},"974":{"t":"BE35"},"975":{"t":"CL60"},"977":{"t":"C206"},"97D":{"t":"T206"},"97E":{"desc":"L1P"},"984":{"t":"BE9L"},"98E":{"t":"CRJ9"},"991":{"t":"SR22"},"993":{"t":"GLF5"},"996":{"desc":"L1P"},"99B":{"t":"GLF5"},"99F":{"desc":"L1P"},"9A9":{"desc":"L1T"},"9B0":{"desc":"L1P"},"9B2":{"t":"PA22"},"9BD":{"desc":"H1P"},"9C8":{"desc":"L1P"},"9D4":{"desc":"L1P"},"9D8":{"desc":"L1P"},"9EE":{"t":"CL30"},"9F2":{"t":"GA5C"},"9FA":{"desc":"L2J"},"A0A":{"desc":"H1P"},"A25":{"t":"PA31"},"A2B":{"desc":"L1P","t":"ULAC"},"A35":{"desc":"L1P"},"A3C":{"t":"PA18"},"A5C":{"desc":"L1T"},"A60":{"desc":"L1P"},"A61":{"desc":"L1P"},"A6F":{"t":"CH7B"},"A70":{"t":"BALL"},"A71":{"t":"T206"},"A8B":{"t":"C172"},"A94":{"t":"CRJ9"},"A9A":{"desc":"H6E"},"AA1":{"t":"LJ35"},"AAD":{"t":"C208"},"AB1":{"desc":"L1P","t":"ULAC"},"AB2":{"t":"BE58"},"AB3":{"t":"C150"},"ABC":{"t":"B412"},"ACA":{"t":"C68A"},"AD2":{"t":"GLID"},"AD7":{"desc":"L1P"},"ADB":{"t":"PA46"},"ADD":{"t":"UH1"},"AE1":{"t":"B412"},"AE3":{"t":"BE58"},"AE6":{"desc":"L1P"},"AEB":{"desc":"L1P"},"AEC":{"desc":"H1T"},"AEE":{"t":"P28A"},"AF9":{"desc":"A1P","t":"ULAC"},"AFB":{"t":"SR22"},"AFD":{"t":"H60"},"B04":{"t":"BE55"},"B08":{"desc":"H1P"},"B10":{"desc":"L1P"},"B15":{"t":"R44"},"B2E":{"t":"B752"},"B32":{"t":"A321"},"B36":{"desc":"L1P"},"B41":{"desc":"L2J","t":"A20N"},"B47":{"desc":"H1T","t":"B105"},"B4F":{"desc":"L1P","t":"ULAC"},"B51":{"desc":"L2T"},"B56":{"desc":"H1E"},"B60":{"t":"P32R"},"B71":{"t":"CL30"},"B73":{"desc":"L1P"},"B8F":{"desc":"L1P"},"BB4":{"t":"T210"},"BB5":{"t":"C152"},"BB8":{"t":"C182"},"BBB":{"t":"C172"},"BBC":{"t":"C310"},"BC0":{"desc":"L1P"},"BC8":{"t":"P28A"},"BCD":{"t":"FA62"},"BCF":{"t":"J3"},"BD0":{"t":"PA25"},"BD1":{"t":"C172"},"BD3":{"t":"PT22"},"BD5":{"t":"PA25"},"BD8":{"t":"C182"},"BDA":{"desc":"L1P"},"BDE":{"t":"C172"},"BDF":{"t":"C172"},"BE0":{"t":"C172"},"BE1":{"t":"C152"},"BE3":{"t":"C182"},"BE4":{"t":"C152"},"BE6":{"t":"C172"},"BE8":{"t":"C172"},"BE9":{"t":"BE35"},"BEB":{"desc":"L1P"},"BEF":{"t":"C172"},"BF3":{"t":"PA25"},"BF4":{"t":"PA25"},"BFC":{"t":"C170"},"BFD":{"t":"BE35"},"C01":{"t":"C172"},"C06":{"t":"J3"},"C07":{"t":"PA24"},"C08":{"t":"C150"},"C0B":{"t":"C172"},"C0C":{"t":"BE33"},"C0E":{"t":"P28A"},"C13":{"desc":"L1P"},"C1D":{"t":"T210"},"C1F":{"t":"C170"},"C20":{"t":"BE35"},"C22":{"desc":"L1P"},"C24":{"t":"PA18"},"C29":{"t":"C182"},"C2C":{"t":"C72R"},"C34":{"t":"PA22"},"C37":{"t":"ST75"},"C38":{"t":"PA18"},"C3D":{"t":"PA18"},"C3E":{"t":"PA18"},"C43":{"t":"BE35"},"C44":{"t":"C185"},"C45":{"desc":"L1P"},"C4A":{"t":"AA5"},"C4D":{"t":"C152"},"C51":{"t":"C82T"},"C52":{"t":"BE33"},"C56":{"t":"PA27"},"C57":{"t":"PA22"},"C58":{"t":"J3"},"C59":{"t":"ST75"},"C5D":{"t":"ST75"},"C5E":{"t":"C172"},"C5F":{"t":"C172"},"C63":{"t":"T210"},"C64":{"t":"C182"},"C65":{"t":"C170"},"C66":{"t":"C172"},"C67":{"t":"B47G"},"C68":{"desc":"L1P"},"C6A":{"t":"PA18"},"C6B":{"t":"C310"},"C6C":{"t":"C172"},"C71":{"t":"C152"},"C72":{"t":"C172"},"C74":{"t":"P28R"},"C76":{"t":"T210"},"C77":{"t":"P28A"},"C79":{"t":"PA27"},"C7A":{"t":"PA22"},"C7B":{"t":"ST75"},"C7C":{"t":"C172"},"C80":{"t":"C172"},"C81":{"t":"C172"},"C89":{"t":"BE35"},"C8A":{"t":"C182"},"C8D":{"t":"C172"},"C90":{"t":"AA5"},"C92":{"t":"J3"},"C93":{"t":"PA24"},"C94":{"t":"C150"},"C95":{"t":"C172"},"C99":{"desc":"L1P"},"C9A":{"t":"P28A"},"C9C":{"t":"PA22"},"C9E":{"t":"C172"},"CA6":{"t":"PA18"},"CAA":{"t":"C182"},"CAD":{"desc":"L1P"},"CAE":{"desc":"L1P"},"CAF":{"t":"C421"},"CB3":{"t":"AA5"},"CB5":{"t":"C182"},"CB9":{"t":"C82T"},"CBD":{"t":"P28A"},"CC0":{"t":"PA22"},"CC3":{"t":"PA18"},"CC4":{"t":"C175"},"CC8":{"t":"FA62"},"CCB":{"desc":"L1P"},"CCD":{"desc":"L1P"},"CCE":{"t":"C170"},"CD0":{"desc":"L1P"},"CD3":{"t":"C172"},"CD5":{"t":"PA22"},"CD8":{"t":"CH7A"},"CD9":{"t":"PA24"},"CDA":{"t":"C150"},"CDB":{"t":"C172"},"CDD":{"t":"C172"},"CE0":{"t":"P28A"},"CE3":{"t":"PA22"},"CE5":{"t":"TAYD"},"CE7":{"t":"C172"},"CEE":{"desc":"L1P"},"CF1":{"t":"C170"},"CF3":{"desc":"A1P"},"CF4":{"t":"P28A"},"CFB":{"t":"J3"},"CFC":{"t":"PA24"},"CFD":{"t":"C152"},"CFE":{"t":"C172"},"D01":{"t":"BE33"},"D03":{"t":"P28A"},"D05":{"t":"GLID"},"D07":{"t":"PA18"},"D08":{"t":"ST75"},"D11":{"t":"LJ60"},"D12":{"t":"BE20"},"D14":{"t":"C310"},"D15":{"t":"C425"},"D16":{"desc":"L1P"},"D17":{"t":"BE55"},"D18":{"t":"PA32"},"D19":{"t":"PA30"},"D1A":{"desc":"L1P"},"D1B":{"desc":"L1P"},"D1D":{"t":"G280"},"D1E":{"t":"CH7A"},"D21":{"t":"S22T"},"D22":{"t":"LJ55"},"D23":{"desc":"L1T"},"D24":{"desc":"L1P"},"D25":{"desc":"L1P"},"D26":{"desc":"L1P"},"D28":{"t":"C185"},"D29":{"desc":"L1P"},"D2A":{"desc":"L1P"},"D2B":{"t":"C310"},"D2C":{"t":"H25B"},"D2E":{"desc":"L1P"},"D2F":{"t":"BE35"},"D30":{"t":"P210"},"D32":{"t":"GLID"},"D33":{"t":"C650"},"D35":{"t":"PC12"},"D36":{"t":"B06"},"D37":{"t":"GLF5"},"D38":{"t":"BE55"},"D3A":{"desc":"L1P"},"D3C":{"desc":"L2J"},"D3D":{"desc":"L1P"},"D3E":{"t":"BE55"},"D3F":{"desc":"L1P"},"D40":{"t":"C25C"},"D41":{"t":"EA50"},"D43":{"desc":"L2P"},"D46":{"t":"BE35"},"D47":{"t":"PA18"},"D48":{"t":"BE35"},"D49":{"t":"SW4"},"D4B":{"t":"C210"},"D4C":{"t":"PC12"},"D4D":{"t":"C525"},"D4E":{"t":"C172"},"D4F":{"t":"BE60"},"D50":{"t":"C414"},"D51":{"t":"BE55"},"D52":{"t":"C182"},"D53":{"t":"S22T"},"D54":{"desc":"L1P"},"D55":{"t":"C337"},"D56":{"t":"SR22"},"D57":{"desc":"L1P"},"D58":{"t":"BE55"},"D59":{"desc":"L4P"},"D5A":{"desc":"A1P"},"D5B":{"t":"PA24"},"D5C":{"t":"BE55"},"D5E":{"desc":"L1P"},"D5F":{"t":"BE55"},"D60":{"t":"C140"},"D61":{"t":"SR20"},"D64":{"desc":"L1T"},"D65":{"t":"M20P"},"D66":{"desc":"L1P"},"D67":{"t":"C310"},"D68":{"t":"C180"},"D69":{"desc":"A1P"},"D6A":{"desc":"L1P"},"D6B":{"desc":"L1P"},"D6C":{"t":"GLID"},"D6D":{"desc":"L1P"},"D6E":{"t":"SR20"},"D71":{"t":"PA14"},"D72":{"t":"PC12"},"D74":{"desc":"L1P"},"D75":{"t":"BL8"},"D76":{"desc":"L1P"},"D77":{"t":"C560"},"D7B":{"desc":"A2P"},"D7C":{"t":"GLID"},"D7D":{"desc":"L1P"},"D7E":{"desc":"L1P"},"D81":{"desc":"L1P"},"D82":{"t":"P28A"},"D84":{"t":"C680"},"D86":{"desc":"H1P"},"D88":{"desc":"L1P"},"D89":{"t":"P210"},"D8B":{"t":"BE95"},"D8D":{"desc":"L1P"},"D8E":{"t":"BE55"},"D92":{"desc":"L1P"},"D93":{"t":"BE55"},"D95":{"t":"M20P"},"D96":{"t":"WW24"},"D98":{"t":"LJ55"},"D9B":{"desc":"A1P"},"D9D":{"t":"C25B"},"DA0":{"t":"B407"},"DA3":{"t":"GLF5"},"DA4":{"t":"T6"},"DA5":{"desc":"L1P"},"DA7":{"t":"ULAC"},"DA8":{"t":"C525"},"DA9":{"t":"M20P"},"DAA":{"desc":"L1P"},"DAC":{"t":"PAY2"},"DAD":{"desc":"L1P"},"DAF":{"desc":"L1P"},"DB1":{"t":"EC30"},"DB3":{"desc":"L1P"},"DB8":{"desc":"L1P"},"DB9":{"t":"GLID"},"DBA":{"desc":"L1P"},"DBC":{"t":"GLF5"},"DBE":{"t":"PC12"},"DBF":{"t":"SR22"},"DC1":{"desc":"H1T"},"DC2":{"t":"C172"},"DC3":{"desc":"L1P"},"DC4":{"t":"BE9L"},"DC5":{"t":"BE55"},"DC6":{"t":"ERCO"},"DC7":{"t":"CL60"},"DC8":{"t":"GLID"},"DC9":{"t":"BE33"},"DCA":{"t":"C182"},"DCD":{"t":"BE55"},"DCF":{"desc":"L1P"},"DD0":{"t":"M20P"},"DD1":{"t":"M20T"},"DD4":{"t":"HUSK"},"DD5":{"t":"R44"},"DD6":{"desc":"L1P"},"DD7":{"t":"C25C"},"DD8":{"t":"HUSK"},"DDB":{"desc":"L2P"},"DDC":{"t":"BE33"},"DDD":{"t":"GLID"},"DDE":{"t":"P28A"},"DDF":{"t":"PA23"},"DE0":{"desc":"L1P"},"DE2":{"desc":"L1P"},"DE3":{"t":"CH7B"},"DE5":{"t":"P51"},"DEB":{"t":"PA46"},"DEC":{"desc":"L1P"},"DED":{"t":"BE36"},"DEE":{"t":"PA18"},"DEF":{"desc":"L1P"},"DF2":{"desc":"L1P"},"DF3":{"t":"BE36"},"DF4":{"t":"C180"},"DF5":{"desc":"A1P"},"DF6":{"t":"BE35"},"DF7":{"desc":"A1P","t":"ULAC"},"DF8":{"desc":"L1P"},"DF9":{"desc":"L1P"},"DFA":{"t":"GLID"},"DFB":{"t":"C82T"},"DFC":{"t":"B58T"},"DFE":{"desc":"L1P"},"DFF":{"desc":"L1P"},"E01":{"t":"BE35"},"E03":{"t":"C177"},"E04":{"t":"SR22"},"E05":{"t":"C25A"},"E0C":{"t":"S22T"},"E0E":{"t":"H25B"},"E0F":{"t":"FA7X"},"E10":{"t":"P32R"},"E11":{"t":"M5"},"E13":{"t":"C172"},"E14":{"t":"C170"},"E16":{"t":"GLID"},"E17":{"t":"M20P"},"E18":{"t":"P28S"},"E1A":{"t":"C402"},"E1D":{"t":"FDCT"},"E1E":{"t":"C414"},"E1F":{"t":"C172"},"E22":{"t":"C550"},"E24":{"desc":"L1P"},"E25":{"t":"C195"},"E26":{"t":"HUSK"},"E27":{"t":"C182"},"E28":{"desc":"L1P"},"E29":{"t":"P28A"},"E2E":{"t":"P32R"},"E30":{"t":"BE55"},"E31":{"t":"S22T"},"E32":{"t":"BE9L"},"E33":{"t":"C77R"},"E34":{"desc":"L1P"},"E35":{"t":"C182"},"E36":{"desc":"A1P"},"E37":{"t":"PA27"},"E3A":{"t":"C560"},"E3B":{"desc":"L1P"},"E3C":{"t":"YK55"},"E3F":{"t":"C182"},"E41":{"t":"C25C"},"E42":{"desc":"L1P"},"E44":{"t":"BALL"},"E45":{"t":"E545"},"E49":{"t":"E300"},"E4C":{"t":"M20P"},"E4F":{"t":"C180"},"E50":{"t":"COL4"},"E52":{"desc":"L1P"},"E53":{"t":"S22T"},"E54":{"desc":"A1P"},"E55":{"t":"LJ55"},"E57":{"t":"E55P"},"E58":{"t":"J3"},"E59":{"t":"PA27"},"E5A":{"t":"BE20"},"E5C":{"t":"M20T"},"E5D":{"t":"C182"},"E5E":{"t":"C172"},"E5F":{"t":"H269"},"E60":{"t":"GLF4"},"E61":{"desc":"L1P"},"E62":{"t":"C140"},"E63":{"desc":"L1P"},"E64":{"t":"P28A"},"E65":{"t":"C414"},"E66":{"desc":"L1J"},"E67":{"t":"ST75"},"E68":{"t":"GLID"},"E69":{"t":"PA18"},"E6B":{"t":"R44"},"E6C":{"desc":"L1P"},"E6F":{"desc":"A1P"},"E70":{"t":"GC1"},"E72":{"t":"C172"},"E73":{"t":"GLF5"},"E7A":{"t":"AA5"},"E7F":{"desc":"L1P"},"E89":{"t":"PAY2"},"E8A":{"desc":"L2P"},"E8B":{"t":"C340"},"E8C":{"desc":"L1P"},"E8D":{"t":"PA30"},"E91":{"t":"C206"},"E92":{"t":"SR22"},"E93":{"desc":"L1P"},"E94":{"t":"C421"},"E95":{"desc":"L1P"},"E96":{"t":"GLID"},"E97":{"desc":"L2T"},"E99":{"t":"AEST"},"E9A":{"t":"BE55"},"E9B":{"t":"B407"},"E9D":{"t":"BE55"},"E9E":{"t":"M7"},"E9F":{"t":"T210"},"EA0":{"t":"C182"},"EA2":{"t":"BE95"},"EA3":{"desc":"L2P"},"EA5":{"t":"C25C"},"EA6":{"t":"ULAC"},"EA7":{"t":"BE55"},"EA8":{"t":"C82T"},"EA9":{"t":"BE55"},"EAA":{"desc":"L1P"},"EAB":{"t":"BE55"},"EAC":{"t":"C525"},"EAD":{"t":"B06"},"EAE":{"t":"GLID"},"EAF":{"t":"C182"},"EB0":{"t":"BE35"},"EB2":{"t":"BE20"},"EB3":{"t":"BE35"},"EB6":{"t":"C172"},"EB7":{"desc":"A1P"},"EB8":{"desc":"L1P"},"EBA":{"t":"GLID"},"EBD":{"t":"P28A"},"EBF":{"t":"GLF4"},"EC0":{"t":"BE55"},"EC2":{"t":"M6"},"EC4":{"t":"EA50"},"EC5":{"desc":"A1P"},"EC6":{"t":"BE55"},"EC7":{"t":"BE58"},"EC8":{"t":"PA30"},"EC9":{"t":"R44"},"ECC":{"t":"BE55"},"ECD":{"desc":"L1P"},"ECF":{"desc":"H1T"},"ED0":{"desc":"L1P"},"ED1":{"desc":"L1P"},"ED3":{"t":"BE55"},"ED6":{"t":"PA18"},"ED9":{"desc":"L1P","t":"ULAC"},"EE2":{"t":"B06"},"EE5":{"desc":"L1P","t":"ULAC"},"EEE":{"t":"BE35"},"EEF":{"t":"BE55"},"EF0":{"t":"LJ55"},"EF2":{"t":"BE35"},"EF3":{"t":"BE55"},"EF4":{"t":"BE55"},"EF5":{"t":"C525"},"EF6":{"desc":"L1P"},"EF7":{"desc":"L1P"},"EF8":{"t":"AA5"},"EF9":{"t":"BL8"},"EFF":{"t":"BE35"},"F01":{"t":"BE60"},"F02":{"t":"C56X"},"F04":{"t":"PRM1"},"F06":{"t":"BE35"},"F07":{"desc":"L1P"},"F08":{"t":"C182"},"F09":{"t":"AA5"},"F0B":{"desc":"L1P"},"F0C":{"t":"BE9L"},"F0D":{"desc":"L1P"},"F0E":{"t":"PA46"},"F0F":{"t":"AC90"},"F11":{"t":"C550"},"F12":{"t":"C82R"},"F14":{"t":"PC12"},"F16":{"t":"BE35"},"F17":{"t":"C421"},"F1A":{"t":"SR22"},"F1B":{"desc":"L1P"},"F1C":{"desc":"L1P"},"F1D":{"t":"BE55"},"F22":{"t":"YK55"},"F25":{"t":"P28A"},"F28":{"desc":"L1P"},"F29":{"t":"YK55"},"F2A":{"desc":"L1P"},"F2B":{"t":"A139"},"F2C":{"t":"GLID"},"F2D":{"t":"H25B"},"F30":{"desc":"L1P"},"F31":{"desc":"L1P"},"F37":{"t":"YK55"},"F38":{"desc":"L1P"},"F39":{"t":"YK55"},"F3A":{"t":"BE55"},"F3E":{"t":"YK50"},"F42":{"t":"YK55"},"F46":{"t":"C172"},"F48":{"t":"GLID"},"F4A":{"desc":"L1P"},"F4E":{"t":"YK55"},"F52":{"desc":"A1P"},"F54":{"desc":"L1P","t":"ULAC"},"F55":{"desc":"H1T","t":"B47G"},"F57":{"t":"GLID"},"F58":{"t":"P46T"},"F5B":{"desc":"L1P"},"F5D":{"t":"BE60"},"F5E":{"desc":"L1P"},"F61":{"t":"BE9L"},"F63":{"t":"ULAC"},"F66":{"t":"GLID"},"F67":{"t":"YK55"},"F69":{"t":"BE55"},"F6B":{"t":"GLF5"},"F6C":{"t":"GLF5"},"F6D":{"t":"C550"},"F6E":{"desc":"L1P"},"F70":{"t":"AS55"},"F71":{"t":"BT36"},"F73":{"desc":"L1P","t":"SS2T"},"F74":{"t":"C550"},"F76":{"t":"GLF5"},"F7B":{"desc":"L1P","t":"ULAC"},"F7C":{"t":"C550"},"F7E":{"t":"GLF5"},"F7F":{"t":"GLF5"},"F80":{"desc":"L1P"},"F84":{"desc":"L1P"},"F85":{"t":"E550"},"F87":{"t":"C550"},"F8B":{"t":"GLF5"},"F8C":{"desc":"L1P","t":"AT3T"},"F8D":{"t":"C550"},"F8E":{"t":"YK50"},"F8F":{"desc":"L1P"},"F90":{"t":"C550"},"F91":{"t":"C182"},"F99":{"t":"C25B"},"F9C":{"t":"BE55"},"F9E":{"t":"PA46"},"F9F":{"t":"BE55"},"FA1":{"t":"SR22"},"FA3":{"t":"C550"},"FA4":{"t":"C550"},"FA5":{"desc":"L1P"},"FA7":{"t":"GLF5"},"FA9":{"desc":"A1P"},"FAB":{"t":"T206"},"FAD":{"t":"P46T"},"FAF":{"t":"C550"},"FB1":{"t":"BE35"},"FB2":{"t":"CL60"},"FB5":{"t":"C550"},"FB7":{"t":"GLF5"},"FB8":{"desc":"L1P"},"FB9":{"t":"C560"},"FBA":{"t":"P32R"},"FBB":{"desc":"L1P"},"FBC":{"t":"BE55"},"FBE":{"t":"ST75"},"FC1":{"t":"C550"},"FC2":{"t":"EA50"},"FC6":{"t":"GLF5"},"FC7":{"t":"C550"},"FCB":{"t":"C550"},"FCC":{"t":"GLF5"},"FD4":{"desc":"L1P"},"FD5":{"desc":"L1P"},"FDF":{"t":"C172"},"FE4":{"t":"GLF5"},"FED":{"t":"DC10"},"FEF":{"t":"GLF5"},"FF2":{"t":"C185"},"FF3":{"t":"P28A"},"FF6":{"t":"C550"},"FF9":{"t":"C402"},"FFE":{"t":"CL30"}}