{"002":{"t":"GLF5"},"003":{"t":"C501"},"004":{"t":"AT3T"},"005":{"t":"GLF5"},"007":{"t":"GLF5"},"009":{"t":"GLF5"},"00A":{"t":"CRJ7"},"00B":{"t":"S22T"},"00C":{"t":"BE20"},"00E":{"t":"GLF4"},"00F":{"t":"GLF5"},"011":{"desc":"L1P"},"012":{"t":"GA5C"},"015":{"t":"GLF5"},"016":{"t":"GLF5"},"017":{"t":"C550"},"019":{"t":"C550"},"01C":{"t":"ASTR"},"01D":{"t":"C550"},"01E":{"t":"E550"},"01F":{"desc":"L1T"},"021":{"t":"LJ55"},"022":{"t":"C550"},"023":{"t":"C550"},"024":{"t":"C550"},"026":{"t":"C550"},"02F":{"t":"C550"},"032":{"desc":"L1T"},"033":{"t":"C550"},"034":{"t":"BE55"},"035":{"t":"C182"},"037":{"t":"GLF5"},"038":{"t":"BE35"},"039":{"t":"GLF3"},"03A":{"t":"SR20"},"03B":{"t":"GLF5"},"03D":{"t":"PA46"},"03F":{"t":"H500"},"041":{"t":"FA50"},"043":{"t":"BE33"},"044":{"t":"C82R"},"047":{"t":"C550"},"049":{"t":"C550"},"04E":{"desc":"L1P"},"04F":{"desc":"L1P"},"052":{"t":"E55P"},"053":{"t":"SS2T"},"055":{"t":"GLF5"},"05C":{"t":"GLF5"},"05D":{"t":"C25B"},"065":{"t":"BE33"},"066":{"t":"C172"},"067":{"t":"BALL"},"068":{"t":"E550"},"069":{"t":"C550"},"06A":{"t":"BE55"},"06B":{"t":"GLEX"},"06C":{"t":"E550"},"06F":{"t":"GLF5"},"071":{"t":"BE33"},"073":{"t":"C208"},"075":{"t":"ST75"},"077":{"t":"C500"},"079":{"t":"C68A"},"07A":{"desc":"L1P"},"07B":{"desc":"L1T"},"07E":{"t":"GLF5"},"080":{"t":"BE35"},"081":{"desc":"H1T"},"083":{"t":"C550"},"086":{"desc":"L1P"},"087":{"t":"C550"},"088":{"t":"C550"},"089":{"t":"C550"},"08B":{"t":"C550"},"08C":{"t":"PA46"},"08F":{"t":"C25B"},"090":{"t":"T210"},"094":{"t":"C25B"},"096":{"t":"GLF5"},"099":{"t":"C550"},"09A":{"t":"BE33"},"09B":{"t":"C172"},"09D":{"desc":"L2P"},"0A0":{"t":"EA50"},"0A2":{"desc":"L1P"},"0A3":{"t":"GLF5"},"0A4":{"t":"CRJ9"},"0A5":{"t":"TBM7"},"0A7":{"desc":"H1T"},"0A9":{"t":"C550"},"0AA":{"desc":"H6E"},"0AB":{"t":"C182"},"0AC":{"t":"B752"},"0B0":{"desc":"L1P"},"0B5":{"desc":"L1P"},"0B6":{"t":"C550"},"0B8":{"t":"SS2T"},"0B9":{"t":"C182"},"0BA":{"t":"SR22"},"0BB":{"t":"GLF5"},"0BC":{"t":"GLF5"},"0BE":{"t":"GLF3"},"0C0":{"t":"GLF5"},"0C2":{"t":"C182"},"0C3":{"t":"P28A"},"0C5":{"t":"C550"},"0DA":{"t":"C68A"},"0E2":{"t":"BE55"},"0E4":{"t":"C550"},"0E7":{"t":"C210"},"0E9":{"t":"SR22"},"0EB":{"t":"BE36"},"0EE":{"t":"C550"},"0F0":{"t":"GLF5"},"0F3":{"t":"C500"},"0F6":{"t":"ULAC"},"0F7":{"t":"C185"},"0F8":{"desc":"L1P"},"0FA":{"t":"C550"},"0FB":{"t":"C340"},"0FC":{"t":"GLF5"},"0FE":{"t":"C550"},"0FF":{"t":"DIMO"},"100":{"t":"EA50"},"101":{"t":"C550"},"102":{"t":"C550"},"103":{"t":"F900"},"105":{"t":"C550"},"108":{"t":"GLF5"},"109":{"t":"BE20"},"10C":{"t":"C550"},"10D":{"t":"PA34"},"110":{"t":"BE9L"},"111":{"desc":"L1P"},"114":{"t":"C25B"},"115":{"desc":"L2J","t":"GLF5"},"116":{"t":"GLF5"},"117":{"t":"LJ55"},"119":{"t":"BALL"},"11B":{"desc":"L1T"},"11C":{"t":"F900"},"11E":{"desc":"L1P"},"121":{"t":"C550"},"124":{"t":"C550"},"125":{"t":"GLF5"},"129":{"t":"C550"},"12A":{"t":"C182"},"12B":{"t":"C550"},"12D":{"t":"C182"},"13A":{"t":"GLF5"},"142":{"t":"A321"},"145":{"t":"EA50"},"147":{"t":"SS2T"},"14B":{"t":"GLF5"},"14D":{"t":"C550"},"156":{"t":"GLF5"},"162":{"t":"C210"},"163":{"t":"C550"},"164":{"t":"C550"},"165":{"t":"AT5T"},"167":{"desc":"L1P"},"168":{"t":"C550"},"169":{"t":"C550"},"16A":{"t":"C550"},"16B":{"t":"FA50"},"16C":{"t":"B737"},"16D":{"t":"C182"},"16F":{"t":"C550"},"170":{"t":"C550"},"174":{"t":"GLF5"},"178":{"t":"BE35"},"181":{"t":"CL30"},"18F":{"t":"GLF5"},"191":{"t":"YK50"},"19B":{"t":"YK50"},"1A1":{"t":"BE55"},"1A6":{"desc":"L1P"},"1AC":{"t":"GLF5"},"1B0":{"desc":"L1P"},"1B4":{"t":"C206"},"1BB":{"t":"C550"},"1C5":{"t":"C182"},"1C6":{"t":"BL8"},"1C7":{"t":"BE35"},"1C8":{"t":"M7"},"1C9":{"t":"BE33"},"1CA":{"t":"C172"},"1CB":{"t":"PA11"},"1CD":{"t":"M7"},"1CE":{"t":"CH7B"},"1CF":{"t":"BL8"},"1D3":{"desc":"L1P"},"1D4":{"t":"P51"},"1D5":{"t":"C172"},"1D6":{"t":"P28A"},"1D7":{"t":"T6"},"1D8":{"t":"BL8"},"1D9":{"t":"COL4"},"1DA":{"t":"M7"},"1DC":{"t":"M7"},"1DD":{"t":"M7"},"1E1":{"t":"P28R"},"1E3":{"t":"P28B"},"1E5":{"desc":"L1P"},"1E7":{"t":"CH7B"},"1E8":{"t":"C182"},"1EB":{"t":"C150"},"1EC":{"t":"P28A"},"1F0":{"desc":"L1P"},"1F3":{"t":"CH7B"},"1F4":{"t":"PA24"},"1F6":{"t":"M7"},"1FB":{"t":"P28A"},"1FF":{"t":"P28A"},"201":{"desc":"L1P","t":"ULAC"},"205":{"t":"ULAC"},"206":{"desc":"L1P","t":"ULAC"},"207":{"t":"P28A"},"208":{"t":"P28A"},"20A":{"t":"BL8"},"20C":{"t":"CH7A"},"210":{"t":"C150"},"211":{"t":"CH7B"},"212":{"desc":"L1P"},"215":{"t":"BL8"},"218":{"t":"M20P"},"21B":{"t":"C172"},"21C":{"t":"CH7A"},"21E":{"t":"P28A"},"220":{"t":"PA27"},"223":{"t":"P28A"},"224":{"t":"ST75"},"225":{"t":"P28R"},"228":{"t":"ULAC"},"22A":{"t":"P28A"},"22B":{"t":"P28A"},"22D":{"t":"BL8"},"22F":{"t":"BL8"},"230":{"t":"BE35"},"232":{"t":"P28A"},"234":{"t":"BL8"},"235":{"t":"BL8"},"237":{"t":"M7"},"239":{"t":"ST75"},"23A":{"t":"PA24"},"23B":{"t":"M20P"},"23E":{"t":"C172"},"23F":{"t":"P28A"},"240":{"t":"CH7A"},"242":{"t":"M7"},"243":{"t":"BL8"},"245":{"t":"P28R"},"246":{"t":"P28B"},"247":{"t":"P28B"},"248":{"t":"M4"},"249":{"t":"BL8"},"250":{"desc":"L1P","t":"ULAC"},"252":{"t":"C170"},"255":{"t":"P28A"},"256":{"t":"P28A"},"259":{"t":"CH7B"},"25B":{"t":"M200"},"25C":{"t":"CH7A"},"25D":{"t":"PA24"},"25E":{"t":"M20P"},"25F":{"t":"C172"},"260":{"t":"BL8"},"261":{"t":"C172"},"264":{"t":"P28A"},"266":{"t":"BL8"},"269":{"t":"P28A"},"26A":{"t":"P28A"},"26C":{"t":"P28A"},"26D":{"t":"ST75"},"26E":{"desc":"L1P","t":"ULAC"},"271":{"t":"P28B"},"272":{"desc":"L1P"},"274":{"t":"M7"},"276":{"t":"BE35"},"277":{"t":"C150"},"278":{"t":"P28A"},"279":{"t":"C150"},"27A":{"t":"CH7B"},"27D":{"t":"AA5"},"27E":{"t":"BL8"},"27F":{"t":"CH7A"},"280":{"t":"PA24"},"281":{"t":"M20P"},"282":{"t":"C172"},"284":{"t":"CL60"},"285":{"t":"P28A"},"287":{"t":"P28A"},"288":{"t":"C172"},"289":{"t":"ST75"},"28B":{"t":"PA32"},"28C":{"t":"PA34"},"290":{"t":"P28A"},"292":{"t":"P28A"},"293":{"t":"P28R"},"294":{"desc":"L1P","t":"ULAC"},"296":{"t":"ST75"},"298":{"t":"CH7A"},"299":{"t":"BE35"},"29B":{"t":"P28A"},"29C":{"t":"C150"},"29D":{"t":"CH7A"},"29E":{"t":"PA32"},"2A0":{"t":"AA5"},"2A1":{"t":"CH7B"},"2A4":{"t":"M20P"},"2A5":{"t":"C172"},"2A7":{"t":"C172"},"2A8":{"t":"P28A"},"2A9":{"t":"ULAC"},"2AA":{"t":"P28A"},"2AD":{"t":"CH7B"},"2B0":{"t":"ST75"},"2B1":{"t":"ST75"},"2B2":{"t":"P28A"},"2B3":{"t":"BL8"},"2B4":{"t":"P28A"},"2B5":{"t":"BL8"},"2B7":{"t":"P28R"},"2BB":{"t":"C170"},"2BD":{"t":"C150"},"2BF":{"t":"C150"},"2C0":{"t":"CH7A"},"2C3":{"t":"AA5"},"2C4":{"t":"M200"},"2C6":{"t":"CH7B"},"2C8":{"t":"ULAC"},"2CA":{"t":"C172"},"2CD":{"t":"CH7B"},"2CE":{"t":"ST75"},"2CF":{"t":"CH7B"},"2D0":{"desc":"L1P"},"2D3":{"t":"CH7A"},"2D6":{"t":"PA34"},"2D7":{"desc":"L1P"},"2D9":{"t":"P28A"},"2DA":{"t":"ST75"},"2DD":{"t":"C182"},"2DE":{"t":"C170"},"2E2":{"t":"C150"},"2E4":{"t":"CH7B"},"2E5":{"desc":"L1P"},"2E6":{"t":"CH7B"},"2E7":{"t":"CH7A"},"2E8":{"desc":"L1P"},"2EA":{"t":"M20P"},"2EC":{"t":"C188"},"2ED":{"t":"C172"},"2EF":{"t":"P28S"},"2F0":{"t":"P28A"},"2F1":{"t":"SS2P"},"2F4":{"t":"P28A"},"2FB":{"t":"P28A"},"2FC":{"t":"P28R"},"2FD":{"t":"PA32"},"300":{"t":"C182"},"303":{"t":"C150"},"304":{"t":"P28A"},"305":{"t":"C150"},"306":{"t":"PA11"},"307":{"t":"C172"},"308":{"t":"ULAC"},"309":{"desc":"L1P","t":"ULAC"},"30A":{"t":"ULAC"},"30B":{"t":"CH7A"},"30C":{"t":"PA24"},"30D":{"t":"M20P"},"310":{"t":"C172"},"313":{"t":"P28A"},"317":{"t":"PA34"},"318":{"t":"J3"},"31B":{"t":"P28A"},"31D":{"t":"P28A"},"31E":{"t":"ST75"},"321":{"desc":"L1P"},"323":{"desc":"L1P"},"325":{"t":"EC25"},"326":{"t":"F900"},"32B":{"t":"PA32"},"32E":{"t":"AS50"},"330":{"t":"C172"},"333":{"t":"B738"},"334":{"t":"SR22"},"336":{"t":"GLF5"},"33B":{"desc":"L2P"},"33D":{"t":"P28A"},"33E":{"t":"C550"},"342":{"t":"C182"},"343":{"desc":"H1T"},"344":{"desc":"L1P"},"345":{"t":"R44"},"349":{"t":"SR22"},"350":{"t":"BE33"},"356":{"t":"GLF4"},"357":{"t":"P28A"},"358":{"t":"SR22"},"359":{"desc":"L4P"},"35A":{"t":"P51"},"35B":{"t":"RV12"},"361":{"t":"BE9L"},"362":{"desc":"H2T"},"365":{"t":"GLF5"},"366":{"t":"C150"},"36C":{"t":"C550"},"36D":{"t":"P51"},"36E":{"t":"C550"},"36F":{"t":"BE36"},"373":{"t":"PA18"},"375":{"t":"BALL"},"377":{"t":"P28S"},"37B":{"desc":"L1P"},"37E":{"t":"C180"},"386":{"t":"P51"},"392":{"desc":"L1J"},"396":{"t":"C172"},"397":{"t":"C172"},"39E":{"desc":"L1P"},"3AB":{"desc":"H4E"},"3AD":{"t":"C525"},"3B5":{"t":"CL30"},"3B8":{"t":"BE35"},"3B9":{"t":"GA5C"},"3BA":{"t":"C500"},"3BB":{"t":"ULAC"},"3BD":{"t":"C551"},"3BE":{"t":"C551"},"3C1":{"desc":"L2J"},"3C8":{"t":"GLF4"},"3C9":{"t":"C551"},"3CA":{"t":"GLF5"},"3D1":{"t":"P51"},"3D2":{"t":"GLF5"},"3D9":{"t":"C551"},"3DF":{"t":"T206"},"3E0":{"t":"UH1"},"3E4":{"t":"EC35"},"3E8":{"desc":"H2T"},"3EA":{"t":"P51"},"3EB":{"t":"BE36"},"3EC":{"t":"C210"},"3F2":{"t":"P28A"},"3F5":{"t":"BE20"},"3F8":{"t":"P51"},"3FA":{"t":"GLID"},"3FB":{"t":"BE55"},"3FE":{"t":"P51"},"3FF":{"t":"S22T"},"404":{"t":"C550"},"41D":{"t":"R44"},"420":{"desc":"L1P"},"425":{"t":"BE9L"},"428":{"desc":"L1P","t":"ULAC"},"42C":{"t":"P51"},"42D":{"t":"C551"},"432":{"t":"E300"},"435":{"t":"GLID"},"436":{"t":"TBM7"},"437":{"t":"P51"},"439":{"t":"PA44"},"43B":{"t":"LJ55"},"43D":{"desc":"A1P","t":"ULAC"},"441":{"t":"EC30"},"443":{"desc":"L1P"},"446":{"t":"C501"},"44A":{"t":"C551"},"44F":{"desc":"H4E"},"451":{"t":"C551"},"452":{"t":"C172"},"456":{"t":"C551"},"45B":{"t":"CRJ9"},"461":{"desc":"H8E"},"463":{"t":"B752"},"466":{"t":"C551"},"467":{"desc":"L1P"},"468":{"t":"P28A"},"46E":{"t":"C172"},"470":{"desc":"L2J"},"472":{"desc":"L1P"},"473":{"t":"GLF5"},"47A":{"t":"P28A"},"491":{"t":"C68A"},"49A":{"t":"LJ55"},"49D":{"desc":"L1P"},"49F":{"desc":"H1P"},"4A0":{"t":"C550"},"4AA":{"desc":"H4E"},"4AD":{"desc":"L1P"},"4B5":{"t":"PA18"},"4B6":{"t":"CL60"},"4B8":{"t":"C182"},"4B9":{"t":"SR22"},"4BA":{"desc":"L1P"},"4BB":{"t":"C551"},"4BC":{"t":"GLID"},"4BE":{"desc":"L1P"},"4BF":{"t":"GLF5"},"4C0":{"t":"C182"},"4C2":{"t":"SR22"},"4C3":{"t":"BE40"},"4C4":{"t":"LJ60"},"4C7":{"t":"GLEX"},"4CB":{"t":"BE35"},"4CC":{"desc":"L1P"},"4CE":{"desc":"L1P"},"4D2":{"t":"GLF5"},"4D6":{"desc":"H1T"},"4D7":{"desc":"L1P"},"4D9":{"t":"B350"},"4DC":{"t":"C182"},"4DD":{"t":"P32R"},"4E0":{"desc":"L1P"},"4E1":{"desc":"L1P"},"4F5":{"t":"M20P"},"4F9":{"t":"A321"},"4FC":{"t":"H25B"},"4FF":{"t":"E55P"},"500":{"t":"P51"},"508":{"t":"GLF5"},"516":{"t":"P51"},"517":{"desc":"L1P","t":"ULAC"},"51E":{"t":"C510"},"521":{"t":"C550"},"523":{"t":"B737"},"526":{"t":"P51"},"528":{"desc":"L1P"},"52F":{"desc":"L1P"},"538":{"t":"CL30"},"53D":{"desc":"L1P"},"561":{"t":"GLID"},"565":{"t":"C550"},"56C":{"desc":"L1P"},"57B":{"desc":"L1P"},"580":{"t":"P28A"},"582":{"t":"PA11"},"586":{"t":"M200"},"587":{"desc":"L1P"},"589":{"t":"M20P"},"58B":{"desc":"L1P"},"58C":{"t":"C172"},"58E":{"t":"P32R"},"58F":{"t":"P28A"},"590":{"t":"SS2P"},"592":{"t":"M7"},"593":{"t":"J3"},"594":{"t":"ST75"},"597":{"t":"ULAC"},"59A":{"t":"L39"},"59D":{"desc":"L1P","t":"ULAC"},"59E":{"t":"M7"},"5A0":{"t":"T210"},"5A3":{"t":"P28A"},"5A4":{"t":"M7"},"5A5":{"t":"PA11"},"5A9":{"t":"M200"},"5AB":{"t":"PA24"},"5AC":{"t":"M20P"},"5AD":{"t":"C172"},"5AF":{"t":"C172"},"5B2":{"t":"P28A"},"5B3":{"t":"SS2P"},"5BB":{"t":"P28A"},"5BC":{"t":"P28R"},"5BD":{"t":"P28B"},"5BF":{"t":"ULAC"},"5C2":{"t":"C208"},"5C3":{"t":"M7"},"5C5":{"t":"C172"},"5C6":{"t":"P28A"},"5C9":{"t":"PA32"},"5CA":{"t":"ULAC"},"5CB":{"desc":"L1P","t":"ULAC"},"5D0":{"t":"C172"},"5D2":{"t":"C172"},"5D3":{"t":"P28A"},"5D4":{"t":"P28A"},"5D5":{"t":"P28A"},"5D7":{"t":"M7"},"5D8":{"t":"PA18"},"5DA":{"t":"C172"},"5DD":{"t":"P28A"},"5DE":{"t":"TAYD"},"5DF":{"t":"C172"},"5E0":{"t":"P28A"},"5E1":{"t":"P28A"},"5E2":{"t":"P28A"},"5E5":{"t":"C182"},"5E6":{"t":"C170"},"5E7":{"t":"BE35"},"5E9":{"t":"ULAC"},"5EE":{"t":"C152"},"5F0":{"t":"C82S"},"5F3":{"t":"C172"},"5F5":{"t":"C172"},"5F6":{"t":"P28A"},"5F7":{"t":"P28A"},"5F8":{"t":"P28A"},"5FA":{"t":"ULAC"},"5FD":{"t":"P28R"},"5FF":{"t":"ST75"},"600":{"t":"PA34"},"601":{"t":"P28A"},"602":{"t":"P28A"},"605":{"t":"P28A"},"609":{"t":"ULAC"},"60B":{"t":"C150"},"60C":{"t":"P28A"},"611":{"t":"C152"},"612":{"t":"VO10"},"614":{"t":"PA24"},"615":{"t":"M20P"},"616":{"t":"C172"},"619":{"t":"P28A"},"61B":{"t":"ULAC"},"61D":{"t":"ULAC"},"61E":{"t":"PA22"},"61F":{"t":"P28A"},"621":{"desc":"L2P"},"623":{"t":"C172"},"625":{"t":"C172"},"627":{"t":"P28A"},"628":{"t":"P28A"},"629":{"desc":"L1P"},"62A":{"desc":"L1P"},"62C":{"t":"C303"},"62D":{"t":"BE35"},"62E":{"t":"C150"},"631":{"t":"PA11"},"634":{"t":"M7"},"635":{"t":"VO10"},"636":{"t":"C182"},"638":{"t":"C152"},"63A":{"t":"M7"},"63B":{"t":"C172"},"63D":{"t":"M7"},"641":{"t":"PA22"},"642":{"t":"P28A"},"643":{"t":"P28A"},"646":{"t":"P28R"},"648":{"t":"TAYD"},"64B":{"t":"PA32"},"64F":{"t":"T210"},"652":{"t":"P28A"},"653":{"t":"C150"},"654":{"t":"PA11"},"655":{"t":"PA32"},"657":{"t":"C152"},"65D":{"t":"M7"},"65E":{"t":"C172"},"65F":{"t":"P28A"},"664":{"desc":"L1P","t":"ULAC"},"665":{"t":"C172"},"666":{"desc":"L1P"},"667":{"t":"P28A"},"668":{"t":"P28A"},"66B":{"t":"P28A"},"66C":{"t":"P28A"},"66E":{"t":"C172"},"66F":{"t":"C150"},"673":{"t":"BE35"},"674":{"t":"C150"},"675":{"t":"P28A"},"676":{"t":"C150"},"677":{"t":"PA11"},"678":{"t":"PA32"},"679":{"t":"CH7A"},"67B":{"desc":"L1P"},"67C":{"t":"UH1"},"67D":{"t":"C152"},"67E":{"t":"M20P"},"67F":{"t":"C172"},"680":{"t":"C188"},"682":{"t":"T210"},"683":{"t":"P28A"},"687":{"t":"M7"},"688":{"t":"ST75"},"689":{"t":"ST75"},"68A":{"t":"ST75"},"68B":{"t":"P28A"},"68D":{"t":"ST75"},"68E":{"t":"P28R"},"68F":{"t":"P28R"},"691":{"t":"C172"},"692":{"desc":"L1P"},"693":{"desc":"L1P"},"697":{"t":"C185"},"698":{"t":"ULAC"},"699":{"t":"C172"},"69B":{"t":"PA32"},"69C":{"t":"CH7B"},"69D":{"t":"ULAC"},"69E":{"t":"M7"},"6A2":{"t":"C172"},"6A4":{"t":"C82T"},"6A5":{"t":"P28A"},"6A7":{"t":"C172"},"6A9":{"desc":"L1P","t":"ULAC"},"6AA":{"t":"M7"},"6AC":{"t":"PA34"},"6AD":{"t":"C172"},"6B0":{"t":"P28A"},"6B2":{"t":"C172"},"6B6":{"t":"BE33"},"6B7":{"t":"C182"},"6B8":{"t":"M7"},"6BC":{"t":"M7"},"6BD":{"t":"C152"},"6BE":{"t":"C172"},"6C0":{"t":"ULAC"},"6C2":{"t":"FA62"},"6C7":{"t":"C172"},"6C8":{"t":"BE36"},"6C9":{"t":"M7"},"6CC":{"t":"M7"},"6CF":{"t":"P28B"},"6D0":{"desc":"L1P"},"6D5":{"t":"C172"},"6D6":{"t":"FA62"},"6DC":{"t":"EC25"},"6DE":{"t":"B06"},"6E2":{"t":"C501"},"6E5":{"t":"S22T"},"6EA":{"t":"B738"},"6EB":{"desc":"L1P"},"6F2":{"t":"BE35"},"6F4":{"t":"BE55"},"6F5":{"desc":"L1P"},"6F9":{"t":"C550"},"6FE":{"desc":"L1P"},"700":{"t":"PA18"},"703":{"t":"BE9L"},"70E":{"t":"BE40"},"70F":{"t":"SR22"},"712":{"t":"C550"},"714":{"t":"C550"},"715":{"t":"BE58"},"716":{"t":"BE36"},"717":{"t":"BE36"},"718":{"t":"C560"},"719":{"desc":"H1T"},"722":{"t":"CJ6"},"726":{"t":"HDJT"},"727":{"t":"M20T"},"730":{"t":"BL8"},"732":{"t":"J5"},"734":{"desc":"H1P"},"735":{"desc":"L1P"},"748":{"desc":"L1P","t":"ULAC"},"749":{"desc":"L1J"},"767":{"t":"SR22"},"76C":{"t":"CL30"},"770":{"t":"GA5C"},"772":{"desc":"L1P"},"778":{"desc":"L2J"},"77F":{"t":"F2TH"},"788":{"desc":"H1P"},"789":{"t":"GLF5"},"78E":{"t":"C208"},"7A2":{"t":"PA32"},"7A3":{"t":"A320"},"7B6":{"t":"B06"},"7BA":{"t":"C77R"},"7BD":{"desc":"L1P"},"7C6":{"desc":"L1P"},"7D1":{"t":"SR22"},"7D3":{"desc":"L1P"},"7D8":{"t":"R22"},"7DF":{"t":"LJ31"},"7EC":{"t":"C510"},"7ED":{"t":"DV20"},"7EF":{"t":"B06"},"7F0":{"t":"PA44"},"7F1":{"t":"H25B"},"7F9":{"t":"C182"},"7FE":{"desc":"L1P"},"801":{"t":"GLF5"},"809":{"t":"C172"},"812":{"t":"CRJ9"},"818":{"desc":"H8E"},"81A":{"t":"B752"},"821":{"t":"PA44"},"825":{"t":"SR20"},"827":{"desc":"L2J"},"82A":{"t":"GLF5"},"831":{"t":"P28A"},"833":{"desc":"L1P"},"836":{"desc":"L1P"},"848":{"t":"C68A"},"84A":{"desc":"L1P","t":"ULAC"},"851":{"t":"C150"},"85C":{"t":"GLID"},"860":{"desc":"L1P"},"864":{"desc":"L1P"},"865":{"t":"C182"},"867":{"t":"C172"},"869":{"t":"C340"},"86C":{"t":"C56X"},"86D":{"t":"F900"},"871":{"desc":"L1P"},"873":{"t":"LJ60"},"874":{"desc":"L1P"},"875":{"t":"ERCO"},"876":{"t":"GLF5"},"877":{"t":"C172"},"879":{"t":"SR22"},"884":{"desc":"L1P"},"885":{"t":"PC12"},"886":{"desc":"L1P"},"88D":{"t":"LJ55"},"896":{"desc":"H6E"},"897":{"desc":"L1P"},"8B0":{"t":"A321"},"8D0":{"desc":"L1P"},"8D3":{"t":"GLF4"},"8D5":{"desc":"L1P"},"8DA":{"t":"B737"},"8DE":{"t":"HDJT"},"8DF":{"t":"BE55"},"8E6":{"t":"GLF5"},"8EF":{"t":"CL30"},"8FF":{"t":"G164"},"909":{"desc":"L1P"},"90B":{"t":"GLEX"},"924":{"desc":"H6E"},"929":{"t":"BT36"},"934":{"t":"C170"},"935":{"t":"C172"},"936":{"t":"C150"},"938":{"t":"C150"},"93B":{"t":"BL8"},"93C":{"t":"C152"},"93E":{"t":"C172"},"93F":{"t":"PA24"},"940":{"t":"M20P"},"942":{"t":"C172"},"943":{"t":"C172"},"944":{"t":"C172"},"945":{"t":"P28A"},"947":{"t":"C172"},"94A":{"t":"C172"},"94D":{"t":"P28A"},"950":{"t":"P28A"},"953":{"t":"PA32"},"954":{"t":"RV12"},"956":{"t":"C182"},"95A":{"t":"P28A"},"95D":{"t":"PA32"},"95E":{"t":"BL8"},"95F":{"t":"ULAC"},"961":{"t":"ST75"},"962":{"t":"PA24"},"963":{"t":"C172"},"964":{"t":"C172"},"965":{"t":"C172"},"966":{"desc":"L1P"},"967":{"t":"P28A"},"968":{"t":"P28A"},"96C":{"t":"PA22"},"96E":{"t":"C172"},"971":{"t":"P28A"},"972":{"t":"P28A"},"973":{"t":"P28A"},"975":{"t":"C172"},"976":{"t":"P28A"},"977":{"t":"DA62"},"978":{"t":"C172"},"979":{"t":"C182"},"97A":{"t":"T210"},"97B":{"t":"BE35"},"97C":{"t":"C150"},"97D":{"t":"BE35"},"97E":{"t":"C150"},"97F":{"t":"PA11"},"981":{"t":"M20P"},"984":{"t":"ST75"},"986":{"t":"M20P"},"988":{"t":"C172"},"989":{"t":"B58T"},"98A":{"t":"P28A"},"98D":{"t":"C172"},"98F":{"t":"PA22"},"990":{"t":"P28R"},"995":{"t":"ST75"},"9A0":{"t":"P28A"},"9A1":{"t":"C150"},"9A7":{"t":"ST75"},"9A9":{"t":"C172"},"9AA":{"t":"C72R"},"9AB":{"t":"C188"},"9AC":{"t":"C82T"},"9AD":{"t":"P28A"},"9AE":{"t":"C172"},"9B1":{"t":"T210"},"9B4":{"t":"C172"},"9B7":{"t":"C172"},"9B9":{"t":"C172"},"9BE":{"t":"C172"},"9C0":{"t":"T206"},"9C3":{"t":"P32R"},"9CA":{"t":"DG15"},"9CB":{"t":"PA24"},"9CC":{"t":"M20P"},"9CE":{"t":"C82T"},"9D0":{"t":"P28A"},"9D1":{"t":"BE36"},"9D2":{"t":"P28A"},"9D6":{"t":"P28A"},"9D8":{"t":"C172"},"9DA":{"t":"P28A"},"9DC":{"t":"C172"},"9DD":{"t":"P28R"},"9E0":{"desc":"A1P","t":"ULAC"},"9E4":{"t":"BE35"},"9E6":{"t":"P28A"},"9E7":{"t":"ULAC"},"9E8":{"t":"C152"},"9E9":{"t":"PA32"},"9EA":{"t":"CH7B"},"9EB":{"t":"C240"},"9ED":{"t":"ST75"},"9EE":{"t":"C240"},"9EF":{"t":"C240"},"9F0":{"t":"T206"},"9F1":{"desc":"H1P"},"9F2":{"t":"C172"},"9F3":{"t":"C206"},"9F4":{"t":"P28A"},"9F5":{"desc":"L1P"},"9F9":{"t":"C172"},"9FB":{"t":"ST75"},"9FC":{"t":"P28R"},"9FF":{"t":"C172"},"A02":{"t":"P28A"},"A03":{"t":"BALL"},"A04":{"desc":"L1P"},"A05":{"t":"C182"},"A09":{"t":"P28A"},"A0C":{"t":"C172"},"A0D":{"t":"BL8"},"A0F":{"t":"P28A"},"A10":{"t":"ST75"},"A11":{"t":"PA24"},"A13":{"t":"C72R"},"A16":{"t":"P28A"},"A19":{"t":"SS2P"},"A1C":{"t":"P28A"},"A1D":{"t":"P28A"},"A1E":{"t":"ST75"},"A1F":{"t":"P28A"},"A20":{"t":"C172"},"A23":{"t":"ST75"},"A24":{"t":"ST75"},"A27":{"t":"P210"},"A28":{"t":"C182"},"A29":{"t":"C170"},"A2A":{"t":"BE35"},"A2C":{"t":"P28A"},"A2D":{"t":"C150"},"A2F":{"t":"PA32"},"A33":{"t":"ST75"},"A36":{"t":"C172"},"A37":{"t":"C82T"},"A3C":{"t":"SS2P"},"A3F":{"t":"P28A"},"A40":{"t":"ST75"},"A41":{"t":"P28A"},"A42":{"t":"P28A"},"A43":{"t":"ULAC"},"A44":{"t":"P28R"},"A47":{"t":"PA32"},"A48":{"t":"PA34"},"A4A":{"t":"T210"},"A4C":{"t":"C170"},"A4E":{"t":"C150"},"A50":{"t":"C150"},"A51":{"t":"PA11"},"A53":{"t":"BL8"},"A56":{"t":"P51"},"A58":{"t":"M20P"},"A59":{"t":"C72R"},"A5A":{"t":"C82T"},"A5D":{"t":"BE33"},"A61":{"t":"PA22"},"A66":{"t":"P28A"},"A67":{"t":"C172"},"A69":{"t":"P28R"},"A6B":{"t":"PA32"},"A6F":{"t":"C170"},"A70":{"t":"BE33"},"A71":{"t":"C150"},"A72":{"t":"P28A"},"A73":{"t":"C150"},"A74":{"t":"PA11"},"A75":{"t":"PA32"},"A76":{"t":"CH7A"},"A79":{"t":"C182"},"A7B":{"t":"M20P"},"A7C":{"t":"C172"},"A7D":{"t":"C82R"},"A7E":{"t":"C172"},"A7F":{"t":"P28A"},"A80":{"t":"C303"},"A81":{"t":"P28A"},"A82":{"t":"C140"},"A84":{"t":"C172"},"A85":{"t":"ST75"},"A86":{"t":"C172"},"A87":{"t":"C172"},"A89":{"t":"C172"},"A8B":{"t":"C172"},"A8C":{"t":"C172"},"A8E":{"t":"C172"},"A8F":{"desc":"L1P"},"A91":{"t":"MD82"},"A93":{"t":"EC25"},"A95":{"t":"B06"},"A97":{"desc":"H4E"},"A9C":{"t":"C441"},"A9E":{"t":"C172"},"AA1":{"t":"B738"},"AA9":{"t":"BE35"},"AAA":{"desc":"A1P","t":"ULAC"},"AAB":{"desc":"L1P"},"AAC":{"t":"HUSK"},"AAD":{"desc":"L1P"},"ABA":{"t":"H60"},"ABE":{"t":"H25B"},"AC2":{"t":"M20T"},"AC4":{"desc":"L2J"},"AC6":{"t":"SR22"},"AC9":{"t":"B738"},"AD0":{"desc":"H2T"},"ADD":{"desc":"L1P"},"ADE":{"t":"M7"},"AE7":{"t":"PA34"},"AEB":{"desc":"L1P"},"AEC":{"t":"DA40"},"B02":{"desc":"L1P"},"B05":{"t":"H60"},"B18":{"t":"P28A"},"B1F":{"desc":"L1P"},"B23":{"t":"CL30"},"B27":{"desc":"L2J"},"B2A":{"t":"GA5C"},"B2E":{"t":"PA11"},"B2F":{"desc":"L2J"},"B36":{"t":"F2TH"},"B3B":{"desc":"L1P","t":"ULAC"},"B3F":{"t":"AA1"},"B40":{"t":"GLF5"},"B42":{"t":"C82S"},"B43":{"t":"B407"},"B4A":{"desc":"A1P"},"B4D":{"t":"T206"},"B59":{"t":"CH7A"},"B5A":{"t":"R44"},"B7D":{"desc":"L1P"},"B8C":{"t":"SR22"},"B96":{"t":"LJ31"},"B98":{"t":"C414"},"BA4":{"t":"ECHO"},"BA5":{"desc":"L1P"},"BA6":{"t":"S22T"},"BAC":{"t":"C550"},"BB8":{"desc":"L1P"},"BC9":{"t":"CRJ9"},"BCF":{"desc":"L1E"},"BD1":{"t":"B752"},"BD8":{"t":"PA44"},"BDC":{"t":"HUSK"},"BDF":{"t":"C56X"},"BE8":{"t":"P28A"},"BFF":{"t":"C68A"},"C08":{"t":"C172"},"C09":{"t":"GLF5"},"C0B":{"t":"A139"},"C12":{"desc":"L1P","t":"ULAC"},"C18":{"desc":"H1E"},"C1B":{"desc":"L1P"},"C1C":{"t":"PC12"},"C20":{"desc":"L1P"},"C23":{"t":"P28A"},"C26":{"t":"CH7B"},"C2C":{"desc":"L1P"},"C2E":{"t":"S22T"},"C35":{"t":"C414"},"C36":{"t":"A319"},"C3A":{"t":"C182"},"C3C":{"t":"T206"},"C3F":{"desc":"H6E"},"C47":{"t":"P28A"},"C4A":{"t":"C425"},"C4B":{"desc":"L1P"},"C4E":{"t":"BALL"},"C4F":{"t":"C56X"},"C67":{"t":"A321"},"C6B":{"t":"LJ35"},"C84":{"t":"BE55"},"C9F":{"t":"S76"},"CA8":{"desc":"L1P"},"CDB":{"desc":"H6E"},"CEA":{"t":"C182"},"CED":{"t":"C185"},"CF1":{"t":"PA32"},"CF8":{"t":"C172"},"CFA":{"desc":"L1T"},"CFD":{"t":"P28A"},"CFE":{"t":"BE36"},"CFF":{"desc":"L1P"},"D00":{"t":"PA22"},"D02":{"t":"P28A"},"D03":{"t":"P28A"},"D04":{"t":"P28A"},"D05":{"t":"P28A"},"D06":{"t":"P28A"},"D07":{"t":"P28R"},"D09":{"t":"P28B"},"D0C":{"t":"T210"},"D0F":{"t":"BE36"},"D11":{"t":"P28A"},"D13":{"t":"C152"},"D17":{"t":"C152"},"D1B":{"t":"C172"},"D1D":{"t":"C172"},"D23":{"t":"PA22"},"D24":{"t":"P28A"},"D25":{"t":"P28A"},"D26":{"t":"P28A"},"D27":{"t":"P28A"},"D29":{"t":"P28A"},"D2B":{"t":"P28R"},"D2D":{"t":"P28R"},"D32":{"t":"BE35"},"D33":{"t":"C150"},"D36":{"t":"PA11"},"D37":{"t":"PA32"},"D3B":{"t":"C82S"},"D3C":{"t":"PA24"},"D3E":{"t":"C172"},"D3F":{"t":"C82T"},"D41":{"t":"P28A"},"D44":{"t":"SS2P"},"D47":{"t":"C172"},"D4B":{"t":"ST75"},"D4C":{"t":"C172"},"D4E":{"t":"P28A"},"D51":{"t":"WACO"},"D53":{"t":"C152"},"D55":{"t":"BE35"},"D56":{"t":"C182"},"D57":{"t":"P28A"},"D58":{"t":"C150"},"D59":{"t":"PA11"},"D5B":{"t":"BE35"},"D5F":{"t":"PA24"},"D60":{"t":"M20P"},"D61":{"t":"C72R"},"D62":{"t":"C82T"},"D63":{"t":"C172"},"D68":{"t":"PA27"},"D6A":{"t":"P28R"},"D6B":{"t":"P28B"},"D6C":{"t":"C150"},"D6E":{"t":"ST75"},"D72":{"t":"P28A"},"D74":{"desc":"L1P"},"D79":{"t":"C172"},"D7A":{"t":"ULAC"},"D7E":{"t":"CH7B"},"D7F":{"t":"ULAC"},"D81":{"t":"C182"},"D83":{"t":"M20P"},"D84":{"t":"BE36"},"D8D":{"t":"P28A"},"D8F":{"t":"TOBA"},"D92":{"t":"P28R"},"D93":{"t":"ST75"},"D94":{"t":"P28B"},"D95":{"t":"TAYD"},"D96":{"t":"C172"},"D97":{"desc":"L1P"},"D99":{"t":"C182"},"D9D":{"t":"P28A"},"DA0":{"t":"PA32"},"DA1":{"t":"BL8"},"DA3":{"t":"VO10"},"DA4":{"t":"C182"},"DA6":{"t":"M20P"},"DA7":{"t":"C172"},"DAC":{"t":"BE36"},"DAF":{"t":"PA22"},"DB0":{"t":"C172"},"DB5":{"t":"ST75"},"DB9":{"t":"P28R"},"DBC":{"t":"C182"},"DBD":{"t":"C170"},"DBE":{"t":"BE35"},"DBF":{"t":"C172"},"DC0":{"t":"P28A"},"DC2":{"t":"PA11"},"DC3":{"t":"PA32"},"DC5":{"t":"BT36"},"DC7":{"t":"C182"},"DC8":{"t":"PA24"},"DC9":{"t":"M20P"},"DCA":{"t":"C172"},"DCD":{"t":"P28A"},"DCF":{"t":"P28A"},"DD3":{"t":"PA32"},"DD4":{"t":"ST75"},"DD6":{"t":"PA34"},"DD7":{"t":"P28A"},"DD9":{"t":"ST75"},"DDA":{"t":"BE36"},"DDD":{"t":"GLID"},"DDE":{"t":"PA20"},"DDF":{"desc":"L1P"},"DE0":{"t":"T210"},"DE5":{"t":"C152"},"DE7":{"t":"BL8"},"DE9":{"t":"VO10"},"DEB":{"t":"PA24"},"DED":{"t":"C72R"},"DEE":{"t":"C82T"},"DF1":{"t":"BT36"},"DF3":{"t":"BE36"},"DF8":{"t":"TAMP"},"DF9":{"t":"ST75"},"DFA":{"t":"C172"},"DFC":{"t":"ST75"},"DFD":{"t":"ST75"},"DFE":{"t":"PA34"},"E00":{"t":"GLID"},"E01":{"t":"PA20"},"E08":{"desc":"S1P","t":"PA11"},"E0A":{"t":"CH7B"},"E0E":{"t":"SS2T"},"E0F":{"t":"M20P"},"E10":{"t":"C172"},"E12":{"t":"C172"},"E13":{"t":"P28A"},"E16":{"t":"BE33"},"E17":{"t":"T210"},"E18":{"t":"PA22"},"E19":{"t":"P28A"},"E1A":{"t":"P28A"},"E1B":{"t":"ST75"},"E1C":{"t":"P28A"},"E1F":{"t":"TAMP"},"E23":{"desc":"L1P"},"E24":{"t":"PA20"},"E27":{"t":"SS2T"},"E29":{"t":"P28A"},"E2B":{"t":"PA11"},"E2D":{"desc":"L1P"},"E30":{"t":"ST75"},"E32":{"t":"M20P"},"E34":{"t":"C188"},"E36":{"t":"P28A"},"E3C":{"t":"P28B"},"E3E":{"t":"P28A"},"E3F":{"t":"ST75"},"E43":{"t":"P28A"},"E44":{"t":"C172"},"E46":{"desc":"L1P","t":"TB0"},"E49":{"t":"BALL"},"E4A":{"t":"EC25"},"E52":{"t":"B412"},"E5B":{"desc":"L2J"},"E60":{"t":"BE35"},"E63":{"t":"S22T"},"E79":{"t":"S108"},"E7A":{"t":"CRJ9"},"E7B":{"t":"SR22"},"E7C":{"t":"C421"},"E7E":{"t":"GLF5"},"E7F":{"t":"BE9L"},"E80":{"t":"C550"},"E84":{"t":"BE55"},"E8B":{"t":"C182"},"E92":{"t":"BE95"},"E96":{"t":"BE55"},"E99":{"t":"GLF5"},"E9C":{"t":"BL8"},"E9D":{"desc":"L1P"},"EA3":{"t":"DA40"},"EAB":{"t":"ULAC"},"EB0":{"t":"SF50"},"EB7":{"desc":"L1J"},"EBB":{"t":"C172"},"EC4":{"t":"H500"},"EC9":{"t":"DC10"},"ECF":{"t":"P28A"},"EDA":{"t":"CL30"},"EDE":{"t":"GA5C"},"EE6":{"desc":"L2J"},"EE8":{"t":"R22"},"EED":{"t":"C550"},"EEE":{"desc":"L1P"},"EF6":{"t":"EN28"},"F11":{"t":"A320"},"F12":{"t":"PA18"},"F15":{"t":"BE55"},"F17":{"desc":"L1P"},"F1B":{"t":"E55P"},"F20":{"t":"BE55"},"F28":{"t":"BE55"},"F2C":{"t":"PA31"},"F43":{"t":"P28B"},"F49":{"desc":"L1P"},"F51":{"t":"BE55"},"F5A":{"desc":"L1P"},"F5B":{"t":"AT8T"},"F5D":{"t":"SR22"},"F66":{"desc":"L1P"},"F6C":{"desc":"L1P"},"F7A":{"t":"PC12"},"F80":{"t":"CRJ9"},"F83":{"t":"B06"},"F88":{"t":"B752"},"F8D":{"t":"P28A"},"F98":{"t":"BE36"},"F9E":{"t":"GLID"},"F9F":{"t":"P28A"},"FA5":{"t":"T6"},"FB6":{"t":"C68A"},"FBE":{"t":"P28A"},"FC1":{"t":"L39"},"FC7":{"desc":"L1P"},"FCC":{"desc":"H2T"},"FD2":{"desc":"L1P"},"FDA":{"t":"AT6T"},"FDB":{"t":"BE55"},"FDE":{"desc":"L1P"},"FE2":{"t":"GLF4"},"FF0":{"t":"C550"},"FF1":{"t":"C172"},"FF2":{"t":"BE55"},"FF3":{"desc":"L1P","t":"ULAC"},"FFC":{"t":"BE36"}}