{"001":{"t":"C560"},"002":{"t":"C501"},"01A":{"t":"BE55"},"01B":{"t":"SR22"},"01E":{"t":"A321"},"030":{"t":"C560"},"032":{"t":"PC12"},"03B":{"t":"BE36"},"03C":{"t":"PC12"},"047":{"t":"C182"},"049":{"t":"ULAC"},"04D":{"t":"B733"},"058":{"desc":"L1E"},"05F":{"desc":"L1P"},"086":{"t":"COL4"},"092":{"desc":"H6E"},"0A4":{"t":"C150"},"0A8":{"t":"PA32"},"0A9":{"t":"BL8"},"0AC":{"t":"ST75"},"0AF":{"t":"C172"},"0B2":{"t":"P28A"},"0B3":{"desc":"L1P"},"0B4":{"t":"P28A"},"0B7":{"t":"PA22"},"0B9":{"t":"P28A"},"0BA":{"t":"P28A"},"0BC":{"t":"C172"},"0BE":{"desc":"L1P"},"0BF":{"t":"P28A"},"0C1":{"t":"C172"},"0C3":{"desc":"H1P"},"0C7":{"t":"C150"},"0CE":{"t":"VO10"},"0D4":{"t":"C172"},"0D5":{"t":"P28A"},"0D7":{"t":"P28A"},"0D9":{"t":"PA27"},"0DA":{"t":"PA22"},"0DB":{"t":"ST75"},"0DD":{"t":"ST75"},"0DE":{"t":"P28B"},"0DF":{"t":"PA34"},"0E1":{"t":"P28A"},"0E4":{"t":"P28A"},"0E7":{"t":"C182"},"0E8":{"t":"C170"},"0EB":{"t":"P28A"},"0F2":{"t":"C182"},"0F9":{"t":"T6"},"0FA":{"t":"P28A"},"0FE":{"t":"C172"},"0FF":{"t":"P28A"},"100":{"t":"C172"},"101":{"t":"P28R"},"102":{"t":"TOBA"},"106":{"t":"P28A"},"109":{"t":"C180"},"10A":{"t":"C182"},"10B":{"t":"C170"},"10D":{"t":"C172"},"10E":{"t":"P28A"},"111":{"t":"ULAC"},"112":{"t":"CH7A"},"11A":{"desc":"L1P","t":"TB0"},"11B":{"t":"P28A"},"11D":{"t":"P28A"},"11E":{"t":"SS2P"},"120":{"t":"PA22"},"123":{"t":"ST75"},"124":{"t":"P28A"},"125":{"t":"DG15"},"127":{"t":"ST75"},"12E":{"t":"C170"},"131":{"t":"P32R"},"133":{"t":"PA11"},"135":{"t":"BL8"},"136":{"t":"C152"},"137":{"t":"SR20"},"138":{"t":"C182"},"139":{"desc":"L1P"},"13B":{"t":"C172"},"13C":{"t":"C82T"},"13D":{"t":"C82R"},"13F":{"desc":"L2P"},"140":{"t":"P28A"},"143":{"t":"PA22"},"145":{"t":"P28B"},"149":{"t":"P28A"},"14A":{"t":"ULAC"},"14C":{"t":"ULAC"},"14D":{"t":"P28A"},"14E":{"desc":"L1P"},"14F":{"t":"P210"},"150":{"t":"P28R"},"151":{"t":"C170"},"152":{"t":"BE35"},"155":{"t":"C150"},"156":{"t":"PA11"},"157":{"t":"PA32"},"158":{"t":"CH7B"},"159":{"desc":"L1P","t":"TB0"},"15A":{"t":"VO10"},"15C":{"t":"PA24"},"15D":{"t":"M20P"},"15E":{"t":"C172"},"15F":{"t":"C82R"},"160":{"t":"C82R"},"161":{"t":"P28A"},"163":{"t":"A320"},"164":{"desc":"L1T","t":"SS2P"},"165":{"t":"PA27"},"166":{"t":"PA22"},"167":{"t":"P28A"},"169":{"t":"P28A"},"16E":{"t":"C172"},"16F":{"t":"P28A"},"171":{"t":"BT36"},"173":{"t":"C182"},"174":{"t":"C170"},"175":{"t":"BE35"},"176":{"t":"C150"},"177":{"t":"BE33"},"179":{"t":"C82S"},"17A":{"t":"C172"},"17B":{"desc":"L1P"},"17D":{"t":"VO10"},"17F":{"t":"PA24"},"180":{"t":"M20P"},"181":{"t":"C72R"},"182":{"t":"C82T"},"184":{"t":"P28A"},"185":{"desc":"L1P"},"186":{"t":"P28A"},"189":{"t":"PA18"},"18A":{"t":"P28R"},"18C":{"t":"P28B"},"18E":{"t":"ST75"},"196":{"t":"ULAC"},"199":{"t":"C150"},"19C":{"t":"PA11"},"19D":{"desc":"L1P","t":"TB0"},"1A3":{"t":"M20P"},"1A6":{"t":"C172"},"1A8":{"t":"C180"},"1AD":{"t":"P28A"},"1B8":{"desc":"A2P"},"1B9":{"t":"PA11"},"1BA":{"t":"TOBA"},"1BB":{"t":"BE35"},"1BC":{"t":"C150"},"1BD":{"t":"P28A"},"1BF":{"t":"TOBA"},"1C2":{"t":"C152"},"1C4":{"t":"B25"},"1C6":{"t":"TOBA"},"1C7":{"t":"C172"},"1C8":{"t":"C82T"},"1CA":{"t":"P28A"},"1CB":{"t":"P32R"},"1CF":{"t":"PA22"},"1D1":{"t":"ST75"},"1D2":{"t":"C172"},"1D3":{"t":"P28A"},"1D4":{"t":"P28R"},"1D5":{"t":"P28R"},"1DB":{"t":"T210"},"1DE":{"t":"BE35"},"1DF":{"t":"C150"},"1E1":{"t":"C150"},"1E3":{"t":"PA32"},"1E5":{"t":"BALL"},"1E7":{"t":"C82S"},"1EB":{"t":"C82R"},"1ED":{"t":"P28A"},"1EE":{"t":"ULAC"},"1EF":{"t":"P28A"},"1F2":{"t":"PA22"},"1F4":{"t":"ULAC"},"1F8":{"desc":"L1P","t":"ULAC"},"1FA":{"t":"P28A"},"1FB":{"t":"P28A"},"1FD":{"t":"ST75"},"1FE":{"desc":"L1P"},"200":{"t":"GLID"},"201":{"t":"BL8"},"202":{"t":"CL30"},"205":{"t":"GLID"},"206":{"t":"C182"},"208":{"desc":"L1P"},"209":{"t":"B350"},"20A":{"t":"P32T"},"20B":{"t":"MD82"},"20F":{"t":"B407"},"211":{"t":"P46T"},"212":{"t":"SR22"},"213":{"t":"BL8"},"214":{"desc":"A1P","t":"PA18"},"215":{"t":"A321"},"216":{"t":"P28A"},"21A":{"t":"BE35"},"21B":{"desc":"L1P"},"21C":{"t":"P28R"},"21D":{"t":"ST75"},"21E":{"t":"C525"},"21F":{"t":"H500"},"221":{"t":"FA50"},"222":{"t":"C180"},"224":{"t":"R44"},"225":{"t":"P32R"},"227":{"t":"ST75"},"228":{"desc":"L1P"},"229":{"t":"PA34"},"22B":{"desc":"L1P"},"22C":{"t":"AEST"},"231":{"t":"P28A"},"232":{"t":"SR22"},"233":{"t":"BE23"},"234":{"t":"C185"},"236":{"t":"GLID"},"239":{"t":"GLID"},"23C":{"t":"R44"},"23D":{"desc":"L1P"},"23E":{"t":"C340"},"240":{"desc":"A1P"},"241":{"t":"B58T"},"242":{"t":"C414"},"244":{"t":"C172"},"245":{"desc":"L1P"},"247":{"t":"CJ6"},"248":{"t":"C182"},"249":{"t":"B47G"},"24B":{"t":"BE33"},"24C":{"t":"PA23"},"24D":{"t":"C77R"},"24F":{"t":"CL60"},"250":{"t":"C208"},"251":{"t":"C525"},"252":{"t":"C182"},"253":{"desc":"L1P"},"254":{"t":"PA32"},"256":{"desc":"L1P"},"257":{"desc":"L1P"},"259":{"desc":"L1P"},"25A":{"t":"C550"},"25B":{"t":"GLEX"},"25D":{"desc":"H1P"},"25E":{"t":"GLF3"},"260":{"t":"M20P"},"262":{"t":"BE35"},"263":{"desc":"L1P"},"264":{"t":"CL60"},"266":{"t":"M20P"},"267":{"t":"P28A"},"26A":{"t":"C560"},"26B":{"t":"EA50"},"26C":{"t":"CH7A"},"26D":{"t":"R44"},"26F":{"t":"B47G"},"272":{"t":"C182"},"274":{"t":"BE55"},"276":{"t":"ULAC"},"277":{"t":"PC12"},"278":{"t":"E300"},"27C":{"desc":"L2J"},"27D":{"desc":"L1P"},"27E":{"t":"C82R"},"27F":{"t":"PRM1"},"284":{"desc":"L1P"},"285":{"t":"SR22"},"286":{"t":"P28A"},"287":{"t":"C182"},"288":{"t":"C172"},"289":{"t":"R44"},"28B":{"t":"PAY1"},"28C":{"t":"PA31"},"290":{"t":"BE20"},"291":{"t":"CL30"},"295":{"t":"GLF6"},"296":{"t":"PA18"},"297":{"t":"M20P"},"29A":{"t":"GLID"},"29B":{"t":"BE35"},"29C":{"t":"C182"},"2A0":{"t":"P28B"},"2A2":{"t":"P46T"},"2A3":{"t":"SR20"},"2A4":{"desc":"L1P"},"2A5":{"t":"F2TH"},"2A6":{"t":"PA31"},"2A9":{"t":"C172"},"2AE":{"t":"P28A"},"2B0":{"t":"BE36"},"2B1":{"t":"GL5T"},"2B2":{"t":"BL8"},"2B3":{"t":"PA44"},"2B6":{"t":"BE9L"},"2B9":{"t":"C550"},"2BB":{"t":"TBM7"},"2BD":{"t":"M20T"},"2BE":{"t":"S22T"},"2C4":{"t":"HUSK"},"2C6":{"t":"ST75"},"2C7":{"t":"C25C"},"2C8":{"t":"PA18"},"2CA":{"t":"C310"},"2CB":{"t":"BE55"},"2CC":{"t":"C25B"},"2CD":{"t":"PA31"},"2CE":{"desc":"L1P"},"2D0":{"t":"CH7B"},"2D1":{"t":"PA32"},"2D2":{"t":"P28A"},"2D3":{"desc":"L1P"},"2D4":{"t":"SR22"},"2D6":{"t":"ULAC"},"2DA":{"t":"PA46"},"2DB":{"t":"ST75"},"2E0":{"t":"BE95"},"2E2":{"t":"SR20"},"2E5":{"desc":"H1P"},"2E6":{"desc":"L1P"},"2E9":{"t":"C421"},"2EA":{"t":"P28R"},"2EB":{"t":"BE35"},"2F0":{"t":"C182"},"2F1":{"t":"C560"},"2F3":{"desc":"L1P"},"2F8":{"t":"PA34"},"2F9":{"t":"C172"},"2FA":{"desc":"L1P"},"2FC":{"desc":"L1P"},"2FE":{"t":"BE35"},"2FF":{"t":"C750"},"300":{"desc":"A1P"},"301":{"t":"LJ24"},"302":{"t":"GLF4"},"303":{"t":"YK55"},"304":{"t":"M20P"},"306":{"t":"AC11"},"308":{"t":"GLF4"},"309":{"desc":"L1P"},"30A":{"t":"BE36"},"30C":{"t":"B737"},"30E":{"t":"E300"},"313":{"desc":"L1T","t":"PA46"},"317":{"t":"PA31"},"318":{"t":"BE36"},"319":{"t":"PA27"},"31A":{"desc":"L1P"},"31C":{"t":"C182"},"31D":{"t":"C182"},"31E":{"t":"SR22"},"31F":{"desc":"L1P"},"322":{"desc":"H1T"},"323":{"t":"GLID"},"325":{"t":"C310"},"326":{"t":"GLID"},"328":{"t":"C421"},"329":{"desc":"L2J"},"32B":{"t":"P28A"},"32C":{"t":"B06"},"32D":{"desc":"L2P"},"32F":{"t":"H25B"},"331":{"t":"NAVI"},"333":{"t":"C150"},"335":{"desc":"L1T"},"337":{"t":"CRJ9"},"33A":{"t":"E55P"},"33B":{"t":"PA30"},"33D":{"desc":"L1E"},"33E":{"t":"C82S"},"33F":{"t":"B752"},"340":{"desc":"A1P"},"343":{"t":"BE55"},"344":{"t":"P28A"},"345":{"t":"P28A"},"346":{"t":"BE17"},"347":{"t":"BT36"},"34A":{"t":"C560"},"34B":{"t":"PC12"},"34C":{"t":"PC24"},"34D":{"t":"J3"},"351":{"t":"B06"},"353":{"t":"PA27"},"354":{"desc":"L1P"},"355":{"t":"P208"},"356":{"t":"P28A"},"358":{"t":"GLID"},"359":{"t":"AEST"},"35B":{"t":"BE35"},"35C":{"t":"T6"},"35E":{"t":"C750"},"362":{"t":"P28A"},"36C":{"t":"R44"},"36D":{"t":"C56X"},"375":{"t":"BE35"},"376":{"t":"BE55"},"378":{"t":"T210"},"379":{"t":"BE55"},"37B":{"t":"C421"},"37C":{"desc":"L1P"},"380":{"t":"PTS2"},"381":{"desc":"L1P"},"383":{"t":"BE55"},"385":{"desc":"H1P"},"386":{"t":"BE23"},"387":{"t":"C551"},"388":{"t":"P32R"},"389":{"desc":"L1P"},"38C":{"t":"T210"},"38D":{"desc":"A1P"},"38E":{"desc":"L1P"},"390":{"t":"SR22"},"391":{"t":"C182"},"395":{"desc":"G1P"},"396":{"desc":"L1P"},"397":{"t":"B06"},"398":{"t":"T210"},"399":{"t":"C172"},"39A":{"t":"C172"},"39B":{"t":"BE35"},"39C":{"t":"BE55"},"39D":{"desc":"L4P"},"39F":{"t":"AC11"},"3A0":{"t":"C152"},"3A3":{"t":"C182"},"3A4":{"desc":"L1P"},"3A9":{"t":"PA32"},"3AA":{"t":"P28S"},"3AB":{"desc":"L1P","t":"LA4"},"3AD":{"t":"GLF4"},"3AE":{"t":"BE55"},"3AF":{"t":"B06"},"3B0":{"t":"M20P"},"3B1":{"t":"BE55"},"3B2":{"t":"SR22"},"3B3":{"t":"BE55"},"3B5":{"t":"P32R"},"3B6":{"t":"TBM7"},"3B8":{"t":"BE35"},"3B9":{"t":"S22T"},"3BA":{"desc":"L1P"},"3BC":{"t":"P28A"},"3BD":{"t":"BE35"},"3BE":{"t":"C340"},"3BF":{"t":"BE9T"},"3C8":{"t":"R22"},"3C9":{"t":"PA34"},"3CC":{"t":"P28A"},"3CE":{"t":"R22"},"3D5":{"t":"P32T"},"3D9":{"t":"BE36"},"3DA":{"desc":"L1P"},"3DC":{"t":"P28A"},"3DD":{"desc":"H1P"},"3DE":{"t":"AC90"},"3E0":{"t":"SR22"},"3E2":{"t":"T6"},"3E3":{"t":"C82T"},"3E5":{"desc":"L1P"},"3E9":{"t":"LJ45"},"3EA":{"t":"PA31"},"3EC":{"t":"R44"},"3ED":{"desc":"L1P","t":"ULAC"},"3EE":{"t":"BE9L"},"3F4":{"t":"C172"},"3F5":{"t":"BE33"},"3F7":{"t":"BE20"},"3F8":{"t":"BE20"},"3F9":{"t":"GLID"},"3FA":{"desc":"L1P"},"3FD":{"t":"C560"},"3FE":{"t":"P28B"},"400":{"t":"C414"},"402":{"desc":"L1P"},"403":{"t":"BE18"},"404":{"t":"BE33"},"405":{"desc":"L1P"},"407":{"t":"C77R"},"408":{"desc":"L1P"},"40A":{"t":"C56X"},"40B":{"desc":"L1P"},"40D":{"desc":"L1P"},"40E":{"desc":"L1P"},"40F":{"t":"BL8"},"419":{"t":"HUSK"},"41D":{"desc":"L1T"},"421":{"t":"GLID"},"422":{"t":"BE9L"},"428":{"t":"BE36"},"429":{"t":"EC35"},"42A":{"desc":"L1P"},"42E":{"t":"YK55"},"435":{"t":"C172"},"436":{"t":"C82R"},"43A":{"desc":"L1P"},"43B":{"t":"SR22"},"43C":{"t":"ULAC"},"43D":{"desc":"L1P"},"444":{"t":"SR22"},"449":{"desc":"L1P"},"452":{"desc":"A1P"},"455":{"t":"T34P"},"458":{"t":"C182"},"459":{"t":"C170"},"45F":{"t":"C172"},"461":{"t":"LJ55"},"462":{"t":"VO10"},"465":{"t":"M20P"},"466":{"t":"C172"},"468":{"t":"C172"},"469":{"t":"P28A"},"46B":{"t":"P28A"},"46D":{"t":"T210"},"46E":{"t":"PA22"},"470":{"t":"ST75"},"471":{"t":"P28A"},"473":{"t":"P28A"},"474":{"t":"P28A"},"475":{"t":"P28A"},"477":{"t":"ST75"},"479":{"desc":"L1P"},"47C":{"t":"C170"},"47F":{"t":"P28A"},"481":{"t":"PA11"},"483":{"t":"BL8"},"484":{"t":"C152"},"487":{"t":"PA24"},"488":{"desc":"L1P","t":"TB0"},"48B":{"t":"C172"},"48C":{"desc":"L1P","t":"TB0"},"48D":{"t":"BE36"},"48E":{"t":"P28A"},"48F":{"t":"SS2P"},"491":{"t":"PA22"},"492":{"desc":"L1T"},"493":{"t":"ST75"},"495":{"t":"P28A"},"496":{"t":"P28A"},"497":{"t":"C172"},"498":{"t":"P28R"},"499":{"t":"P28B"},"49C":{"t":"BE33"},"49D":{"t":"BE18"},"49F":{"t":"C170"},"4A0":{"t":"BE35"},"4A1":{"t":"C172"},"4A3":{"desc":"L1P","t":"TB0"},"4A6":{"t":"CH7A"},"4A8":{"t":"C152"},"4B0":{"t":"C72R"},"4B1":{"desc":"L1P","t":"ULAC"},"4B2":{"t":"BE36"},"4B4":{"t":"PA22"},"4B5":{"t":"ST75"},"4B6":{"t":"C172"},"4B8":{"t":"ST75"},"4BA":{"t":"P28A"},"4BD":{"t":"ST75"},"4BE":{"t":"P28A"},"4C4":{"t":"C182"},"4C8":{"t":"PA32"},"4CC":{"t":"DG15"},"4CD":{"t":"TOBA"},"4CE":{"t":"M20P"},"4D1":{"t":"C172"},"4D2":{"t":"P28A"},"4D8":{"t":"ST75"},"4DB":{"t":"P28R"},"4DF":{"t":"VALI"},"4E1":{"desc":"L1P"},"4E5":{"t":"BALL"},"4E6":{"t":"P28A"},"4E7":{"t":"P28A"},"4E9":{"t":"C421"},"4EB":{"t":"PA32"},"4F1":{"t":"M20P"},"4F2":{"t":"C172"},"4F4":{"t":"C172"},"4F5":{"t":"P28A"},"4F7":{"t":"P28A"},"4F8":{"t":"BE33"},"4FA":{"t":"PA22"},"4FD":{"t":"P28A"},"506":{"t":"P28A"},"507":{"t":"C182"},"508":{"t":"C170"},"509":{"t":"C182"},"50A":{"t":"BALL"},"50C":{"t":"T210"},"50D":{"t":"BALL"},"50E":{"t":"PA32"},"513":{"t":"J3"},"514":{"t":"C310"},"516":{"t":"P210"},"517":{"t":"BALL"},"519":{"desc":"L1P"},"51A":{"t":"P28A"},"51D":{"t":"PA22"},"51F":{"t":"P28A"},"521":{"t":"ST75"},"524":{"t":"ST75"},"526":{"t":"P28A"},"527":{"t":"P28A"},"52C":{"t":"BE35"},"530":{"desc":"S1P","t":"PA11"},"531":{"t":"CH7A"},"536":{"t":"PA24"},"538":{"t":"C172"},"539":{"desc":"L1P"},"53B":{"t":"P28A"},"53D":{"desc":"L1P"},"543":{"t":"ST75"},"544":{"t":"P28A"},"545":{"t":"P28A"},"546":{"t":"P28A"},"547":{"t":"P28R"},"549":{"t":"ST75"},"54A":{"t":"ST75"},"550":{"desc":"L1P","t":"ULAC"},"552":{"t":"C150"},"553":{"t":"PA11"},"554":{"t":"TAMP"},"558":{"t":"BALL"},"559":{"t":"PA24"},"55D":{"t":"C172"},"55F":{"t":"T6"},"561":{"desc":"L1P"},"564":{"t":"ST75"},"569":{"t":"ST75"},"56C":{"t":"P28A"},"56D":{"t":"VALI"},"570":{"desc":"L1P"},"572":{"t":"BE35"},"573":{"t":"C150"},"574":{"t":"P28A"},"580":{"t":"C172"},"58C":{"t":"P28A"},"593":{"desc":"L1P"},"594":{"t":"C170"},"597":{"t":"P28A"},"599":{"t":"PA11"},"59D":{"t":"VO10"},"59F":{"t":"PA24"},"5A3":{"t":"C172"},"5A6":{"desc":"L1T","t":"M600"},"5A9":{"desc":"L1P","t":"TB0"},"5AD":{"t":"P28A"},"5B0":{"t":"P28A"},"5B1":{"t":"P28A"},"5B2":{"t":"P28A"},"5B3":{"t":"P28R"},"5B4":{"desc":"L1P"},"5B5":{"desc":"L1J"},"5B6":{"t":"MD82"},"5B8":{"t":"H500"},"5C0":{"t":"BE20"},"5C6":{"t":"B738"},"5C7":{"t":"C206"},"5C9":{"desc":"L2J"},"5CA":{"desc":"L1P"},"5CE":{"t":"H269"},"5CF":{"t":"P46T"},"5D5":{"t":"C560"},"5DA":{"t":"C550"},"5E3":{"desc":"L1P"},"5E4":{"desc":"L1P"},"5E7":{"t":"HUSK"},"5E8":{"desc":"H1P"},"5E9":{"t":"SF50"},"5EB":{"t":"SR22"},"5EC":{"t":"SR22"},"5EE":{"t":"S22T"},"5EF":{"t":"GLF6"},"5F2":{"t":"C337"},"5F5":{"desc":"H2T"},"5F9":{"t":"BE35"},"602":{"t":"PTS2"},"603":{"t":"DV20"},"604":{"t":"CL30"},"60C":{"t":"ST75"},"625":{"desc":"L1J"},"629":{"t":"C172"},"637":{"t":"DC10"},"63B":{"desc":"G1P"},"63D":{"t":"P28A"},"648":{"t":"CL30"},"64B":{"desc":"L1P"},"64C":{"desc":"L1P","t":"ULAC"},"64F":{"t":"GA5C"},"654":{"desc":"L2J"},"655":{"desc":"H1P"},"65C":{"desc":"L1P"},"665":{"desc":"L1P","t":"ULAC"},"667":{"t":"DA62"},"668":{"t":"FA50"},"67F":{"t":"A320"},"687":{"t":"BALL"},"689":{"t":"DA40"},"68D":{"desc":"L1P"},"696":{"desc":"L1J"},"697":{"t":"S22T"},"6A6":{"desc":"L1P"},"6B1":{"t":"BALL"},"6B2":{"desc":"L1P"},"6B5":{"t":"A119"},"6B6":{"desc":"L1P"},"6BB":{"desc":"L1P"},"6BF":{"desc":"L1P"},"6C0":{"t":"C56X"},"6C2":{"t":"DA40"},"6C8":{"t":"AA5"},"6CA":{"t":"C421"},"6CB":{"t":"BE20"},"6CF":{"t":"BALL"},"6D0":{"t":"H500"},"6D2":{"desc":"L1P"},"6D6":{"desc":"L1T","t":"M600"},"6D9":{"t":"ST75"},"6DA":{"t":"EC35"},"6DB":{"desc":"L1E"},"6DD":{"t":"C550"},"6E3":{"t":"B407"},"6E5":{"t":"C172"},"6EE":{"t":"CRJ9"},"6F4":{"desc":"H8E"},"6F6":{"t":"B752"},"6FB":{"t":"P28A"},"6FD":{"t":"PA44"},"704":{"t":"ERCO"},"705":{"t":"SR22"},"706":{"desc":"L2T"},"70B":{"desc":"L1P"},"70C":{"desc":"L1P","t":"ULAC"},"724":{"t":"C56X"},"72C":{"t":"B06"},"72D":{"t":"HUSK"},"72E":{"desc":"L1P"},"730":{"desc":"A1E"},"734":{"desc":"L1J"},"738":{"desc":"L1P"},"740":{"desc":"L1P"},"741":{"t":"BL8"},"747":{"t":"RV12"},"748":{"t":"P28A"},"74D":{"t":"R22"},"753":{"t":"C172"},"755":{"t":"SR22"},"757":{"desc":"H1P"},"75B":{"desc":"L1P"},"75F":{"desc":"L1P"},"762":{"t":"ULAC"},"764":{"desc":"H6E"},"76E":{"t":"CJ6"},"770":{"t":"GLF5"},"77D":{"desc":"H4E"},"77F":{"t":"B430"},"785":{"desc":"L2T"},"78C":{"t":"A321"},"790":{"desc":"H1P"},"7AC":{"t":"C180"},"7AF":{"t":"C56X"},"7B1":{"desc":"L1P"},"7B3":{"desc":"L1P"},"7B6":{"t":"B737"},"7BA":{"t":"RV12"},"7CD":{"desc":"L1P"},"7F4":{"desc":"H1T"},"800":{"desc":"H8E"},"80C":{"desc":"H4E"},"80D":{"desc":"L1P"},"813":{"t":"P28A"},"815":{"t":"PA11"},"816":{"t":"PA32"},"819":{"t":"VO10"},"81A":{"t":"BALL"},"81F":{"t":"C172"},"825":{"desc":"H1P"},"829":{"desc":"L1P"},"82B":{"t":"P28A"},"82C":{"t":"P28A"},"830":{"desc":"L1P"},"832":{"t":"C182"},"833":{"t":"C170"},"838":{"t":"PA11"},"83F":{"t":"M20P"},"842":{"t":"C172"},"843":{"t":"BE33"},"844":{"t":"PA34"},"848":{"t":"PA22"},"849":{"t":"P28R"},"84A":{"t":"BALL"},"84C":{"t":"P28B"},"850":{"t":"P28A"},"851":{"t":"P28A"},"852":{"t":"ST75"},"853":{"desc":"L1P"},"854":{"t":"C170"},"856":{"t":"C170"},"857":{"t":"BE35"},"858":{"t":"C150"},"859":{"t":"P28A"},"85A":{"t":"C150"},"85B":{"t":"PA11"},"85D":{"t":"BALL"},"863":{"t":"BALL"},"865":{"t":"C172"},"866":{"t":"P28A"},"86B":{"t":"BE33"},"86D":{"t":"P28A"},"86E":{"t":"P28A"},"86F":{"t":"P28A"},"871":{"t":"ST75"},"874":{"t":"P28R"},"875":{"t":"PA32"},"876":{"desc":"L1P"},"878":{"t":"C182"},"880":{"t":"BALL"},"881":{"t":"BALL"},"882":{"t":"VO10"},"883":{"t":"BALL"},"884":{"t":"PA24"},"885":{"t":"M20P"},"888":{"t":"C172"},"889":{"t":"P28A"},"88A":{"t":"GLID"},"88E":{"t":"PA22"},"897":{"desc":"L1P"},"898":{"t":"ST75"},"89B":{"t":"C182"},"89F":{"t":"P28A"},"8A1":{"t":"PA11"},"8A9":{"t":"C172"},"8AB":{"t":"C172"},"8AC":{"t":"P28A"},"8B2":{"t":"P28A"},"8B3":{"t":"P28R"},"8B8":{"t":"P28A"},"8B9":{"t":"BALL"},"8BA":{"t":"P28A"},"8BE":{"t":"C182"},"8C0":{"t":"BE58"},"8C2":{"t":"P28A"},"8C5":{"t":"PA32"},"8CA":{"t":"PA24"},"8CC":{"t":"C172"},"8CF":{"t":"P28A"},"8D2":{"t":"BE33"},"8D7":{"t":"P28R"},"8DB":{"t":"P28A"},"8DE":{"t":"P28A"},"8DF":{"desc":"L1P"},"8E0":{"t":"DA42"},"8E1":{"t":"C182"},"8E4":{"t":"C150"},"8E7":{"desc":"L1P"},"8E8":{"t":"PA32"},"8E9":{"desc":"L1P","t":"ULAC"},"8ED":{"t":"PA24"},"8EF":{"t":"C172"},"8F2":{"t":"P28A"},"8F4":{"t":"P28A"},"8F7":{"t":"PA22"},"8F8":{"t":"P28R"},"8FC":{"t":"P28B"},"8FD":{"t":"P28B"},"8FF":{"t":"P28A"},"902":{"t":"GLID"},"904":{"t":"ULAC"},"907":{"t":"C150"},"90A":{"t":"PA11"},"90B":{"t":"SR22"},"90E":{"t":"VO10"},"910":{"t":"PA24"},"911":{"t":"M20P"},"917":{"t":"P28A"},"918":{"desc":"L1T","t":"SS2P"},"91B":{"t":"ST75"},"91C":{"t":"P28A"},"91E":{"t":"P28A"},"91F":{"t":"BE36"},"920":{"t":"P28A"},"922":{"t":"P28R"},"923":{"t":"P28R"},"924":{"t":"PA32"},"927":{"t":"C182"},"928":{"t":"C170"},"92C":{"t":"C150"},"933":{"t":"PA24"},"934":{"t":"M20P"},"93A":{"t":"P28A"},"93E":{"t":"P28A"},"940":{"t":"PA32"},"945":{"t":"P28A"},"948":{"t":"GLF5"},"94C":{"t":"BE35"},"94E":{"t":"ULAC"},"951":{"desc":"L1P"},"954":{"t":"VO10"},"955":{"t":"BE36"},"956":{"t":"PA24"},"957":{"t":"M20P"},"958":{"t":"C172"},"95B":{"t":"P28A"},"95D":{"t":"P28A"},"95E":{"t":"SS2P"},"960":{"t":"PA22"},"966":{"t":"P28R"},"967":{"t":"P28R"},"96A":{"t":"P28R"},"96E":{"t":"LJ60"},"96F":{"t":"EC25"},"970":{"t":"GLF6"},"972":{"t":"DA40"},"973":{"desc":"H8E"},"979":{"t":"MD82"},"97A":{"t":"B350"},"97D":{"t":"B738"},"980":{"t":"A319"},"981":{"t":"C150"},"984":{"desc":"L1P","t":"ULAC"},"985":{"desc":"L1P"},"986":{"desc":"A1P"},"989":{"desc":"L1P"},"990":{"desc":"L1P","t":"ULAC"},"991":{"desc":"L1P"},"99F":{"t":"SR22"},"9A0":{"t":"AS50"},"9A1":{"t":"SR22"},"9A2":{"desc":"L1P"},"9A3":{"t":"BE58"},"9A4":{"t":"AT8T"},"9A5":{"t":"PA12"},"9AC":{"desc":"H2T"},"9AF":{"t":"C550"},"9B7":{"desc":"L1P"},"9B9":{"t":"T34P"},"9BA":{"t":"H269"},"9BF":{"desc":"L1P"},"9C0":{"t":"C172"},"9C3":{"desc":"L1J"},"9C7":{"desc":"L1P"},"9C8":{"t":"DA40"},"9C9":{"t":"P28A"},"9D3":{"t":"CH7A"},"9DC":{"desc":"L1J"},"9E8":{"desc":"L1P"},"9FE":{"t":"B407"},"A03":{"t":"G150"},"A04":{"desc":"L1P"},"A06":{"t":"GA5C"},"A09":{"t":"GLF4"},"A0B":{"desc":"L2J"},"A1B":{"t":"GLF5"},"A1F":{"desc":"A1T","t":"KODI"},"A29":{"t":"C525"},"A2B":{"desc":"L1P"},"A36":{"desc":"L1P"},"A37":{"t":"E550"},"A40":{"desc":"L1P"},"A42":{"t":"DA40"},"A4D":{"desc":"L1P"},"A53":{"desc":"L1P"},"A59":{"desc":"H4E"},"A61":{"desc":"L1P"},"A66":{"desc":"L1P"},"A6F":{"desc":"H1P"},"A72":{"t":"LJ45"},"A81":{"desc":"L1P"},"A86":{"t":"E550"},"A8A":{"desc":"L1T","t":"PA46"},"A8B":{"t":"C560"},"A9C":{"t":"C172"},"AA5":{"t":"CRJ9"},"AAB":{"desc":"H8E"},"AAD":{"t":"B752"},"AB2":{"t":"BE60"},"AB4":{"t":"PC12"},"AB8":{"t":"C560"},"ABB":{"t":"FA7X"},"ABD":{"desc":"L1P"},"AC2":{"t":"DA40"},"AC4":{"t":"P28A"},"ADB":{"t":"C56X"},"AE4":{"desc":"L1P"},"AE6":{"desc":"L1P"},"AEB":{"t":"ULAC"},"AEF":{"t":"M20P"},"AF3":{"desc":"L1P"},"AF7":{"desc":"L1P"},"AFC":{"desc":"L1P"},"AFD":{"t":"BE36"},"AFF":{"t":"B350"},"B04":{"t":"C150"},"B07":{"t":"C680"},"B08":{"t":"R44"},"B0E":{"t":"B430"},"B11":{"t":"P28A"},"B17":{"desc":"L1P","t":"TB0"},"B1D":{"t":"C150"},"B21":{"desc":"H8E"},"B26":{"t":"H500"},"B27":{"desc":"L1P","t":"ULAC"},"B3A":{"desc":"H4E"},"B3C":{"desc":"L1P"},"B3F":{"t":"M20T"},"B43":{"t":"A321"},"B51":{"desc":"L1P"},"B59":{"t":"BE36"},"B60":{"desc":"L1P"},"B6C":{"desc":"L1P"},"B6D":{"t":"B737"},"B70":{"desc":"L1P"},"B79":{"desc":"L1P"},"B82":{"t":"CL30"},"B85":{"desc":"H4E"},"B8E":{"desc":"L1P"},"B8F":{"t":"S22T"},"BC4":{"desc":"L1P"},"BC7":{"t":"C170"},"BC8":{"t":"BE35"},"BCA":{"t":"P28A"},"BCB":{"t":"C150"},"BCC":{"t":"PA11"},"BCF":{"desc":"L1P"},"BD0":{"t":"VO10"},"BD1":{"t":"ST75"},"BD4":{"desc":"L1P"},"BD6":{"t":"ULAC"},"BD7":{"t":"P28A"},"BDC":{"t":"PA22"},"BDD":{"t":"P28R"},"BDE":{"t":"P28A"},"BDF":{"t":"P28A"},"BE0":{"desc":"L1P"},"BE3":{"t":"P28A"},"BEA":{"t":"BE33"},"BEB":{"t":"BE33"},"BEC":{"t":"C150"},"BF0":{"t":"PA32"},"BF3":{"t":"VO10"},"BF5":{"t":"PA24"},"BF6":{"t":"M20P"},"BF7":{"t":"C172"},"BF9":{"t":"C172"},"BFB":{"t":"PA23"},"BFD":{"desc":"L1T","t":"SS2P"},"BFF":{"t":"PA22"},"C01":{"t":"P28R"},"C03":{"t":"PA36"},"C05":{"t":"P28A"},"C06":{"t":"P28A"},"C08":{"t":"ST75"},"C09":{"t":"P28A"},"C0A":{"t":"LJ55"},"C0B":{"t":"BALL"},"C0C":{"t":"C182"},"C0F":{"t":"C150"},"C11":{"t":"C150"},"C12":{"t":"PA11"},"C1C":{"t":"C172"},"C1D":{"t":"P28A"},"C1E":{"t":"P28A"},"C1F":{"t":"ULAC"},"C22":{"t":"PA22"},"C23":{"t":"T6"},"C25":{"t":"P28A"},"C26":{"desc":"L1P"},"C27":{"t":"P28A"},"C29":{"t":"P28R"},"C2C":{"t":"T6"},"C30":{"t":"C170"},"C31":{"t":"BE35"},"C32":{"t":"C150"},"C34":{"desc":"H2T"},"C35":{"t":"PA11"},"C36":{"t":"ULAC"},"C3A":{"t":"ST75"},"C3C":{"t":"M20P"},"C42":{"t":"P28A"},"C45":{"t":"PA22"},"C46":{"t":"P28A"},"C47":{"t":"P28A"},"C4B":{"t":"ST75"},"C4C":{"t":"P28A"},"C4E":{"t":"P28A"},"C4F":{"t":"P28A"},"C52":{"t":"C182"},"C57":{"t":"C150"},"C58":{"t":"PA11"},"C5C":{"t":"VO10"},"C5E":{"t":"PA24"},"C5F":{"t":"M20P"},"C60":{"t":"C172"},"C63":{"t":"P28A"},"C65":{"t":"P28A"},"C6B":{"t":"P28A"},"C6C":{"t":"P28A"},"C6F":{"t":"P28A"},"C77":{"t":"BE35"},"C78":{"t":"C150"},"C79":{"t":"P28A"},"C7B":{"t":"PA11"},"C7C":{"t":"PA32"},"C83":{"t":"GLID"},"C85":{"t":"C172"},"C87":{"desc":"L1P"},"C8B":{"t":"PA22"},"C8C":{"t":"ST75"},"C8E":{"t":"PA36"},"C90":{"t":"J3"},"C92":{"t":"P28R"},"C94":{"desc":"L1P","t":"ULAC"},"C95":{"t":"VALI"},"C9B":{"t":"C150"},"C9D":{"t":"C150"},"C9F":{"t":"P32R"},"CA1":{"desc":"L1P"},"CA4":{"t":"PA24"},"CAB":{"t":"P28A"},"CB0":{"t":"P28A"},"CB1":{"t":"ST75"},"CB2":{"t":"P28R"},"CB8":{"t":"P28A"},"CBB":{"t":"C182"},"CBC":{"desc":"L1P"},"CBD":{"t":"BE35"},"CBF":{"t":"P28A"},"CC3":{"desc":"L1P"},"CC7":{"t":"PA24"},"CC9":{"desc":"L1P"},"CD1":{"t":"PA22"},"CD3":{"t":"P28A"},"CD8":{"t":"PA32"},"CDD":{"t":"GLID"},"CDE":{"t":"C182"},"CE0":{"t":"BE35"},"CE1":{"t":"C150"},"CE2":{"desc":"L1P"},"CE3":{"t":"C150"},"CE4":{"t":"PA11"},"CE8":{"t":"C182"},"CE9":{"t":"ST75"},"CEB":{"t":"M20P"},"CEC":{"t":"C172"},"CED":{"t":"GLID"},"CEF":{"t":"P28A"},"CF0":{"t":"GLID"},"CF1":{"t":"P28A"},"CF5":{"t":"P28A"},"CF8":{"t":"P28A"},"CFA":{"t":"P28A"},"CFB":{"t":"P28R"},"D01":{"t":"C182"},"D02":{"t":"C170"},"D04":{"t":"C150"},"D05":{"t":"P28A"},"D06":{"t":"C150"},"D08":{"t":"PA32"},"D0B":{"t":"BE33"},"D0D":{"t":"PA24"},"D0F":{"t":"C172"},"D12":{"t":"P28A"},"D15":{"t":"SS2P"},"D16":{"t":"PA27"},"D17":{"desc":"L1P"},"D18":{"t":"P28A"},"D19":{"t":"P337"},"D1A":{"t":"P28A"},"D1F":{"t":"ST75"},"D22":{"desc":"L1P"},"D23":{"desc":"L1P"},"D24":{"t":"MD82"},"D25":{"t":"B58T"},"D26":{"t":"ULAC"},"D28":{"t":"B06"},"D31":{"t":"GLF4"},"D33":{"t":"ULAC"},"D34":{"t":"B738"},"D35":{"t":"SR22"},"D39":{"t":"B752"},"D3B":{"desc":"L1P"},"D3C":{"t":"BE55"},"D3D":{"desc":"A1P","t":"ULAC"},"D40":{"t":"CL60"},"D42":{"t":"C421"},"D4E":{"t":"C310"},"D50":{"t":"B350"},"D55":{"t":"S108"},"D56":{"t":"GLID"},"D57":{"t":"BE55"},"D59":{"t":"SR22"},"D60":{"t":"B744"},"D61":{"t":"PA34"},"D63":{"t":"C172"},"D71":{"t":"DV20"},"D87":{"t":"AC11"},"D93":{"desc":"L1J"},"D9D":{"t":"C208"},"DA0":{"desc":"H1P"},"DA1":{"t":"C25B"},"DAB":{"t":"P28A"},"DB6":{"t":"CL30"},"DBA":{"t":"GLF5"},"DBB":{"desc":"L1P"},"DBD":{"t":"GA5C"},"DC2":{"desc":"L2J"},"DEB":{"desc":"L1P"},"DED":{"t":"A320"},"DEE":{"t":"BE36"},"DF2":{"t":"R66"},"DFC":{"desc":"L1P"},"DFD":{"t":"PA46"},"E04":{"t":"P28A"},"E24":{"desc":"L1P"},"E29":{"t":"LJ45"},"E2B":{"desc":"H8E"},"E36":{"t":"M20P"},"E37":{"t":"BL8"},"E38":{"desc":"L1P"},"E39":{"desc":"L2P"},"E3D":{"t":"E550"},"E40":{"desc":"L1P"},"E48":{"t":"EC35"},"E53":{"t":"C172"},"E5C":{"t":"CRJ9"},"E62":{"desc":"H4E"},"E68":{"t":"B58T"},"E6A":{"desc":"L1P"},"E6F":{"t":"SR22"},"E76":{"desc":"L1P"},"E82":{"t":"C510"},"E92":{"t":"C56X"},"E9A":{"t":"C68A"},"E9B":{"t":"LJ55"},"E9C":{"desc":"L1P"},"E9E":{"desc":"L1P"},"EA3":{"t":"LJ55"},"EA6":{"t":"M20P"},"EAB":{"t":"B58T"},"EAC":{"t":"BE58"},"EAE":{"desc":"L1P"},"EBB":{"t":"R22"},"EBF":{"t":"P28A"},"EC3":{"t":"SR22"},"EC5":{"t":"PA46"},"EC8":{"t":"SR20"},"ECD":{"t":"T206"},"ED2":{"t":"GLID"},"ED4":{"t":"BE58"},"ED7":{"desc":"L1P"},"EE2":{"desc":"L1P"},"EF6":{"t":"M20P"},"EFA":{"t":"A321"},"F17":{"t":"R44"},"F1E":{"t":"C525"},"F1F":{"t":"BE58"},"F24":{"t":"B737"},"F2C":{"t":"C560"},"F3E":{"t":"BE40"},"F59":{"desc":"L1P"},"F6B":{"desc":"H1P"},"F7B":{"t":"J3"},"F7D":{"t":"C182"},"F80":{"t":"C150"},"F87":{"t":"ST75"},"F89":{"t":"PA24"},"F8A":{"t":"M20P"},"F8B":{"t":"C172"},"F8D":{"t":"C172"},"F90":{"t":"P28A"},"F92":{"t":"ST75"},"F93":{"t":"PA22"},"F95":{"t":"P28A"},"F96":{"t":"P28A"},"F97":{"t":"P28A"},"F98":{"t":"P28R"},"F99":{"t":"ST75"},"F9A":{"t":"ST75"},"F9C":{"t":"P28A"},"F9D":{"t":"ST75"},"F9F":{"t":"ST75"},"FA0":{"desc":"L1P"},"FA2":{"t":"ST75"},"FA5":{"t":"C150"},"FA7":{"t":"PA32"},"FA9":{"t":"CH7A"},"FAA":{"t":"C140"},"FAB":{"t":"CH7A"},"FAE":{"t":"C172"},"FB0":{"t":"BE33"},"FB3":{"t":"P28A"},"FB8":{"t":"P28A"},"FB9":{"t":"B14C"},"FBD":{"t":"P28A"},"FBF":{"t":"P28A"},"FC0":{"t":"P28B"},"FC4":{"t":"PA18"},"FC8":{"t":"C150"},"FC9":{"t":"C150"},"FCC":{"t":"ERCO"},"FCE":{"t":"VALI"},"FCF":{"t":"PA24"},"FD2":{"t":"C140"},"FD4":{"t":"P28A"},"FD6":{"t":"P28A"},"FD7":{"t":"BE33"},"FD8":{"desc":"L1P"},"FD9":{"t":"PA22"},"FDB":{"t":"P28R"},"FDD":{"t":"P28A"},"FDE":{"t":"P28A"},"FE1":{"t":"P28A"},"FE8":{"t":"BE35"},"FEA":{"t":"P28A"},"FED":{"t":"PA32"},"FF6":{"t":"C172"},"FFC":{"t":"PA22"},"FFD":{"t":"P28R"}}