{"001":{"t":"R44"},"004":{"t":"P32R"},"00D":{"t":"E55P"},"011":{"t":"P32R"},"012":{"t":"C56X"},"014":{"t":"ECHO"},"01A":{"t":"BE55"},"02F":{"t":"A321"},"041":{"t":"C560"},"044":{"desc":"H4E"},"059":{"t":"B737"},"05E":{"desc":"L1P"},"065":{"t":"SS2T"},"078":{"desc":"H8E"},"07E":{"t":"BE36"},"0B0":{"desc":"L1P"},"0B1":{"t":"C172"},"0B2":{"t":"C182"},"0B6":{"t":"ERCO"},"0B9":{"t":"C182"},"0BA":{"t":"ULAC"},"0BB":{"t":"AA1"},"0BC":{"t":"TAYB"},"0BE":{"t":"ULAC"},"0BF":{"t":"M20P"},"0C0":{"t":"C172"},"0C7":{"t":"ULAC"},"0C8":{"t":"M20T"},"0C9":{"t":"ST75"},"0CA":{"t":"P28A"},"0CB":{"t":"P28A"},"0CC":{"desc":"L1P","t":"ULAC"},"0CD":{"t":"P28A"},"0CE":{"t":"ST75"},"0D4":{"t":"C172"},"0D5":{"t":"C182"},"0D6":{"t":"C140"},"0D9":{"t":"ERCO"},"0DB":{"desc":"L1P","t":"ULAC"},"0DC":{"t":"ULAC"},"0DD":{"desc":"L1P","t":"ULAC"},"0DF":{"t":"TAYB"},"0E2":{"t":"M20P"},"0E3":{"t":"C172"},"0E6":{"t":"P28A"},"0E8":{"t":"P28A"},"0E9":{"t":"C182"},"0EB":{"t":"BE33"},"0ED":{"t":"P28R"},"0EF":{"t":"PA34"},"0F0":{"t":"ST75"},"0F1":{"desc":"L1P","t":"ULAC"},"0F2":{"t":"FA62"},"0F6":{"t":"C150"},"0F7":{"t":"C172"},"0F9":{"t":"C140"},"0FA":{"t":"ULAC"},"0FB":{"t":"C182"},"0FE":{"t":"PA16"},"0FF":{"desc":"L1P","t":"ULAC"},"100":{"t":"P28A"},"104":{"t":"PA24"},"106":{"t":"C172"},"107":{"desc":"H1P"},"108":{"t":"C182"},"10D":{"t":"PA27"},"10F":{"t":"P28A"},"110":{"t":"ST75"},"113":{"t":"P28A"},"115":{"t":"ST75"},"116":{"t":"P28A"},"11A":{"t":"C172"},"11E":{"t":"C172"},"120":{"t":"C172"},"123":{"t":"BE33"},"125":{"desc":"H1T"},"129":{"t":"ULAC"},"12C":{"t":"P28A"},"12D":{"t":"P28S"},"131":{"t":"PA22"},"132":{"t":"ULAC"},"133":{"t":"P28B"},"135":{"t":"ST75"},"138":{"t":"ULAC"},"13B":{"t":"P28A"},"13C":{"desc":"L1P"},"13F":{"t":"ULAC"},"141":{"t":"C150"},"142":{"t":"ERCO"},"143":{"t":"C172"},"144":{"t":"PA16"},"146":{"t":"BE35"},"149":{"t":"ULAC"},"14A":{"t":"PA24"},"14B":{"t":"M20P"},"14C":{"desc":"L1P","t":"ULAC"},"14D":{"t":"BE35"},"14F":{"desc":"L1P"},"152":{"t":"M20P"},"153":{"desc":"L1P","t":"ULAC"},"156":{"t":"P28A"},"15A":{"t":"ST75"},"15C":{"t":"P28R"},"15E":{"desc":"L1P"},"162":{"t":"C140"},"165":{"t":"ERCO"},"168":{"desc":"L1P"},"169":{"t":"BE35"},"16E":{"t":"M20P"},"170":{"desc":"L2P"},"171":{"desc":"L1P","t":"ULAC"},"172":{"t":"P28A"},"173":{"desc":"L1P"},"174":{"desc":"L1P","t":"ULAC"},"176":{"desc":"L1P","t":"ULAC"},"177":{"t":"PA22"},"17B":{"desc":"L1P","t":"ULAC"},"17E":{"t":"P28A"},"181":{"t":"ST75"},"183":{"t":"C172"},"189":{"t":"C150"},"18A":{"t":"PA16"},"18B":{"t":"ULAC"},"18D":{"t":"AA5"},"18F":{"desc":"L1P","t":"ULAC"},"191":{"t":"M20P"},"193":{"desc":"L1P","t":"ULAC"},"194":{"t":"C172"},"195":{"t":"P28A"},"197":{"t":"P28A"},"199":{"t":"B350"},"19B":{"t":"ST75"},"19F":{"t":"P28R"},"1A3":{"t":"FA62"},"1A6":{"t":"C172"},"1A7":{"t":"C182"},"1AB":{"t":"P28A"},"1AC":{"t":"ULAC"},"1AF":{"t":"BE55"},"1B0":{"t":"AA1"},"1B5":{"t":"C172"},"1B6":{"desc":"L1P","t":"ULAC"},"1B7":{"t":"C172"},"1B8":{"t":"P28A"},"1B9":{"t":"PA32"},"1BA":{"t":"P28A"},"1BB":{"t":"ULAC"},"1C2":{"t":"J3"},"1C3":{"t":"ST75"},"1C5":{"t":"PA32"},"1C9":{"t":"C172"},"1CB":{"t":"C140"},"1CE":{"t":"P28A"},"1CF":{"t":"C150"},"1D0":{"t":"PA16"},"1D1":{"t":"C182"},"1D2":{"t":"ULAC"},"1D3":{"t":"BE33"},"1D6":{"t":"PA24"},"1D8":{"t":"C172"},"1D9":{"t":"BE95"},"1DA":{"desc":"L1P"},"1DD":{"t":"P28A"},"1DE":{"desc":"L1P"},"1E1":{"t":"P28A"},"1E3":{"t":"P28A"},"1E4":{"t":"P28R"},"1E5":{"t":"ULAC"},"1E6":{"t":"PA32"},"1E7":{"t":"M5"},"1E9":{"t":"P28A"},"1EA":{"t":"P28A"},"1EE":{"t":"C140"},"1F0":{"t":"C150"},"1F7":{"t":"TAYB"},"1F8":{"t":"M5"},"1F9":{"t":"PA24"},"1FA":{"t":"ULAC"},"1FB":{"t":"C172"},"1FC":{"t":"BE33"},"1FD":{"t":"C172"},"1FE":{"t":"ULAC"},"200":{"t":"P28A"},"202":{"t":"PA27"},"204":{"t":"M5"},"205":{"t":"M5"},"206":{"t":"ST75"},"208":{"t":"M5"},"20C":{"t":"M5"},"20E":{"desc":"L1P"},"20F":{"t":"P28A"},"212":{"t":"EC25"},"213":{"desc":"L1P","t":"ULAC"},"214":{"t":"B06"},"21D":{"t":"BE36"},"220":{"t":"B738"},"221":{"desc":"L1P","t":"ULAC"},"224":{"t":"DH8C"},"229":{"t":"C750"},"230":{"desc":"H4E"},"242":{"t":"P28R"},"244":{"t":"M5"},"245":{"t":"SR22"},"24F":{"t":"SR22"},"252":{"t":"C56X"},"25A":{"t":"HUSK"},"25C":{"t":"BE35"},"25E":{"desc":"L1T"},"25F":{"desc":"L1P"},"260":{"t":"P28A"},"263":{"t":"H60"},"268":{"t":"T34P"},"26B":{"t":"DA40"},"26C":{"t":"S22T"},"26F":{"t":"C56X"},"274":{"desc":"L1P"},"27F":{"desc":"L1J"},"283":{"t":"C172"},"28D":{"t":"C172"},"297":{"t":"P28A"},"29D":{"t":"C150"},"2A2":{"t":"CL30"},"2A5":{"t":"C150"},"2A6":{"t":"GA5C"},"2AE":{"desc":"L2J"},"2B0":{"desc":"L1P"},"2C6":{"t":"ULAC"},"2CA":{"desc":"L1P"},"2D8":{"desc":"L1P"},"2D9":{"t":"A320"},"2E5":{"t":"C210"},"2E9":{"t":"P32R"},"2F0":{"t":"P28A"},"2F2":{"t":"BALL"},"30A":{"t":"AT5T"},"314":{"t":"BALL"},"322":{"t":"C560"},"323":{"t":"P28A"},"329":{"t":"PC12"},"32B":{"t":"EA50"},"33B":{"desc":"L1P"},"33E":{"t":"B763"},"33F":{"t":"C172"},"348":{"t":"CRJ9"},"34E":{"desc":"H8E"},"354":{"desc":"L1P"},"358":{"desc":"L4E"},"35B":{"t":"SR22"},"35D":{"t":"P28R"},"364":{"t":"PA32"},"366":{"t":"DC3"},"367":{"t":"P28A"},"37E":{"t":"C68A"},"38C":{"t":"SR22"},"38F":{"t":"BE40"},"397":{"t":"C172"},"39A":{"desc":"L1P"},"39F":{"t":"GLID"},"3A1":{"t":"P28R"},"3A2":{"t":"P28A"},"3A7":{"t":"GLID"},"3AD":{"t":"C172"},"3AF":{"t":"SR22"},"3B1":{"t":"RV12"},"3B8":{"t":"CH7B"},"3BC":{"t":"BE95"},"3C4":{"t":"C560"},"3C8":{"t":"SW4"},"3DD":{"t":"M5"},"3E6":{"t":"A321"},"3FF":{"t":"PA32"},"410":{"t":"B737"},"414":{"t":"BL8"},"415":{"t":"PA46"},"418":{"desc":"L1P"},"427":{"t":"C56X"},"42A":{"t":"C56X"},"435":{"t":"GLID"},"467":{"t":"GLID"},"468":{"t":"C172"},"469":{"t":"C182"},"46A":{"t":"C140"},"46B":{"t":"M5"},"46C":{"t":"C150"},"46D":{"t":"P28A"},"470":{"t":"M20P"},"473":{"t":"TAYB"},"474":{"t":"M5"},"475":{"t":"PA24"},"477":{"t":"C172"},"478":{"t":"BE33"},"479":{"t":"C172"},"47B":{"t":"M5"},"482":{"t":"M5"},"484":{"t":"M5"},"487":{"t":"PA34"},"489":{"t":"PA32"},"48C":{"t":"C182"},"48F":{"t":"C172"},"490":{"t":"ERCO"},"492":{"t":"PA16"},"495":{"t":"AA1"},"498":{"t":"PA24"},"499":{"t":"M20P"},"49A":{"t":"M6"},"49B":{"t":"BE33"},"49E":{"desc":"L1P","t":"ULAC"},"4A2":{"t":"PA22"},"4A3":{"t":"M5"},"4A6":{"t":"P28R"},"4A8":{"t":"M6"},"4AA":{"t":"P28R"},"4AC":{"t":"VALI"},"4AE":{"t":"M5"},"4AF":{"t":"C182"},"4B2":{"desc":"H1P"},"4B3":{"t":"T6"},"4B6":{"t":"M20P"},"4B7":{"t":"M20P"},"4B8":{"t":"AA1"},"4BA":{"t":"M5"},"4BC":{"t":"M20P"},"4BD":{"t":"M5"},"4BE":{"t":"BE55"},"4BF":{"t":"C172"},"4C0":{"t":"P28A"},"4C1":{"t":"T6"},"4C4":{"t":"M20P"},"4C5":{"t":"PA22"},"4C6":{"t":"PA32"},"4CA":{"t":"P28A"},"4CB":{"t":"P28A"},"4CC":{"t":"P28R"},"4CE":{"t":"M5"},"4D2":{"t":"M5"},"4D3":{"t":"C140"},"4D8":{"t":"M5"},"4DB":{"t":"M5"},"4DC":{"desc":"L1P"},"4DE":{"t":"PA24"},"4DF":{"t":"M20P"},"4E0":{"t":"C172"},"4E1":{"t":"BE35"},"4E3":{"t":"M5"},"4E4":{"t":"P32R"},"4E5":{"t":"P28A"},"4E6":{"desc":"L1P"},"4E8":{"t":"M5"},"4E9":{"t":"VALI"},"4EB":{"t":"M5"},"4EE":{"t":"M5"},"4F1":{"t":"M20P"},"4F2":{"t":"P28R"},"4FE":{"t":"AA1"},"500":{"t":"M20T"},"501":{"t":"PA24"},"502":{"t":"BE58"},"504":{"t":"M5"},"508":{"t":"P28A"},"50A":{"t":"M5"},"50C":{"t":"PA32"},"50F":{"t":"P28A"},"510":{"t":"P28A"},"511":{"t":"ULAC"},"513":{"t":"M5"},"517":{"t":"C172"},"519":{"t":"M20T"},"51A":{"t":"M5"},"51B":{"t":"C172"},"51C":{"t":"ERCO"},"51D":{"t":"BE35"},"521":{"t":"AA1"},"522":{"t":"M5"},"523":{"t":"M5"},"527":{"t":"BE35"},"52A":{"t":"ST75"},"52F":{"t":"P28A"},"531":{"t":"ULAC"},"532":{"t":"P28R"},"533":{"t":"M20T"},"534":{"t":"P28R"},"53A":{"t":"C172"},"53D":{"t":"M5"},"53E":{"t":"C150"},"53F":{"t":"M20P"},"540":{"t":"BE58"},"541":{"t":"M5"},"544":{"t":"AA1"},"545":{"t":"M5"},"546":{"t":"M5"},"547":{"t":"PA24"},"548":{"t":"M20P"},"549":{"t":"C172"},"54A":{"t":"M5"},"54B":{"t":"C172"},"54C":{"t":"P28A"},"54E":{"t":"P28A"},"551":{"t":"PA22"},"552":{"desc":"L1P"},"555":{"t":"P28A"},"558":{"t":"M5"},"559":{"t":"PA32"},"55A":{"t":"PA34"},"55C":{"t":"GLID"},"55D":{"t":"C172"},"560":{"t":"M5"},"562":{"t":"ERCO"},"563":{"t":"C182"},"568":{"t":"M5"},"56A":{"t":"PA24"},"56C":{"t":"M5"},"56D":{"t":"BE35"},"56E":{"t":"C172"},"56F":{"t":"P28A"},"571":{"t":"M5"},"574":{"t":"PA22"},"575":{"t":"M5"},"576":{"t":"M5"},"579":{"desc":"L1P"},"580":{"t":"C172"},"581":{"t":"C182"},"584":{"t":"C150"},"585":{"t":"ERCO"},"587":{"t":"PA16"},"58A":{"t":"M5"},"58E":{"t":"M20P"},"58F":{"t":"C172"},"592":{"t":"P28A"},"597":{"t":"M5"},"598":{"t":"P28A"},"59A":{"t":"P28A"},"59B":{"t":"ST75"},"59E":{"t":"M20P"},"59F":{"t":"P28A"},"5A5":{"t":"C140"},"5A6":{"t":"M20T"},"5A8":{"t":"P28A"},"5AA":{"t":"PA16"},"5AE":{"t":"M20P"},"5AF":{"t":"M5"},"5B0":{"t":"PA24"},"5B2":{"t":"C172"},"5B3":{"desc":"L1P","t":"ULAC"},"5B5":{"t":"P28A"},"5B6":{"desc":"L1P"},"5BA":{"t":"BE36"},"5BB":{"t":"P28R"},"5BC":{"t":"M5"},"5BD":{"t":"PA32"},"5BE":{"t":"M20P"},"5BF":{"t":"M20P"},"5C0":{"t":"M5"},"5C1":{"t":"P28A"},"5C3":{"t":"M5"},"5C8":{"desc":"L1P"},"5C9":{"desc":"L2T"},"5CF":{"t":"RV12"},"5D7":{"t":"B738"},"5D8":{"t":"C172"},"5E1":{"desc":"A1T","t":"KODI"},"5EA":{"desc":"L1P","t":"ULAC"},"5ED":{"t":"SR22"},"5EF":{"t":"H25B"},"5F8":{"t":"C185"},"5F9":{"t":"SR20"},"600":{"t":"C56X"},"603":{"t":"LJ25"},"606":{"t":"E300"},"614":{"desc":"L1P"},"617":{"desc":"L1P"},"61C":{"t":"BE55"},"622":{"t":"C150"},"62E":{"t":"C172"},"636":{"desc":"L1J"},"643":{"desc":"L2J"},"648":{"t":"DC10"},"64E":{"t":"P28A"},"659":{"t":"CL30"},"65C":{"t":"C150"},"65D":{"t":"GA5C"},"665":{"desc":"L2J"},"667":{"desc":"H4E"},"689":{"t":"C56X"},"690":{"t":"A320"},"696":{"t":"SR22"},"69A":{"desc":"L1P"},"6A7":{"t":"P28A"},"6C0":{"t":"GLID"},"6C1":{"t":"B763"},"6CC":{"t":"C206"},"6D9":{"t":"C560"},"6DA":{"t":"BL8"},"6DC":{"t":"C172"},"6E5":{"t":"C172"},"6EA":{"desc":"L1P"},"6EB":{"t":"DA40"},"6F5":{"t":"B763"},"6FF":{"t":"CRJ9"},"703":{"t":"GLID"},"705":{"desc":"H8E"},"70B":{"t":"SF50"},"70E":{"t":"C182"},"70F":{"desc":"L4E"},"713":{"desc":"G1P"},"717":{"t":"SR22"},"71E":{"t":"P28A"},"72F":{"t":"C150"},"735":{"t":"C68A"},"740":{"desc":"L1P"},"74D":{"t":"C303"},"756":{"desc":"L1P"},"76B":{"t":"E120"},"76C":{"desc":"L1P"},"76F":{"t":"BE35"},"770":{"t":"A321"},"771":{"t":"C560"},"772":{"t":"ULAC"},"778":{"t":"C560"},"77F":{"t":"SW4"},"7C7":{"t":"B737"},"81F":{"t":"C172"},"820":{"t":"C182"},"821":{"t":"M6"},"823":{"t":"C172"},"824":{"t":"ERCO"},"825":{"t":"C150"},"826":{"t":"PA16"},"828":{"t":"BE35"},"82B":{"t":"M5"},"82D":{"t":"M20P"},"82E":{"t":"C172"},"831":{"t":"P28A"},"838":{"desc":"L1P"},"83B":{"t":"P28A"},"83D":{"t":"M5"},"840":{"t":"FA62"},"843":{"t":"C182"},"845":{"desc":"L1P"},"847":{"t":"ERCO"},"84B":{"t":"M5"},"84C":{"t":"M5"},"84E":{"t":"M5"},"851":{"t":"C172"},"852":{"t":"BE35"},"853":{"t":"C172"},"855":{"t":"P28A"},"856":{"t":"P28A"},"857":{"t":"BE9L"},"859":{"t":"PA22"},"85A":{"t":"P28R"},"85B":{"t":"M20T"},"85D":{"t":"PA34"},"85E":{"t":"P28A"},"85F":{"t":"ST75"},"860":{"t":"ST75"},"862":{"t":"P28R"},"863":{"desc":"L1P","t":"ULAC"},"865":{"t":"C172"},"868":{"t":"BE35"},"86A":{"t":"ERCO"},"86C":{"t":"PA16"},"86D":{"t":"C188"},"870":{"t":"M5"},"874":{"t":"C172"},"876":{"t":"M7"},"879":{"t":"BE33"},"87A":{"t":"SS2P"},"87B":{"t":"M20P"},"881":{"t":"M5"},"882":{"t":"BE33"},"883":{"t":"ST75"},"885":{"t":"M5"},"886":{"t":"P28A"},"888":{"t":"C172"},"88A":{"t":"BE58"},"88D":{"t":"ERCO"},"890":{"desc":"L1P"},"892":{"t":"AA1"},"893":{"t":"M5"},"894":{"t":"M5"},"895":{"t":"PA24"},"896":{"t":"M20P"},"898":{"t":"M5"},"89A":{"t":"P28A"},"89F":{"t":"M5"},"8A1":{"t":"ST75"},"8A2":{"t":"P28A"},"8A3":{"t":"M20P"},"8A5":{"t":"ST75"},"8A6":{"t":"ST75"},"8A8":{"t":"M20T"},"8A9":{"t":"ST75"},"8AC":{"t":"C182"},"8AD":{"t":"C140"},"8AE":{"desc":"L2P"},"8B2":{"t":"PA16"},"8B3":{"t":"M6"},"8B5":{"t":"AA1"},"8B6":{"t":"M6"},"8B7":{"t":"M5"},"8B9":{"t":"M20P"},"8BA":{"t":"C172"},"8BC":{"t":"C172"},"8BD":{"t":"P28A"},"8BF":{"t":"M5"},"8C0":{"t":"SS2P"},"8C1":{"t":"PA27"},"8C2":{"t":"PA22"},"8C3":{"t":"P28R"},"8C4":{"t":"M20T"},"8C6":{"t":"ST75"},"8C8":{"t":"M6"},"8C9":{"t":"M6"},"8CA":{"t":"M6"},"8CE":{"t":"C172"},"8CF":{"t":"C182"},"8D0":{"t":"ULAC"},"8D1":{"t":"M6"},"8D2":{"t":"C150"},"8D3":{"t":"P28A"},"8D5":{"t":"PA16"},"8D8":{"t":"AA1"},"8DB":{"t":"PA24"},"8DD":{"t":"C172"},"8DF":{"t":"C172"},"8E0":{"t":"P28A"},"8E2":{"t":"P28A"},"8E7":{"t":"P28A"},"8E9":{"t":"P28R"},"8EA":{"t":"M6"},"8EB":{"t":"M6"},"8EE":{"t":"M6"},"8F1":{"t":"C172"},"8F2":{"t":"C182"},"8F3":{"t":"C140"},"8F8":{"t":"PA16"},"8FA":{"t":"BE35"},"8FB":{"t":"AA1"},"8FC":{"t":"M6"},"8FD":{"t":"M5"},"8FE":{"t":"M20P"},"8FF":{"t":"M6"},"900":{"t":"C172"},"903":{"t":"P28A"},"906":{"t":"SS2P"},"909":{"t":"P28A"},"90A":{"t":"P28R"},"90B":{"t":"M6"},"90C":{"t":"M6"},"90F":{"t":"P28A"},"911":{"desc":"L1P","t":"ULAC"},"91A":{"t":"C188"},"91E":{"t":"M5"},"921":{"t":"M6"},"924":{"t":"M5"},"925":{"t":"C172"},"926":{"t":"P28A"},"928":{"t":"P28A"},"92F":{"t":"P28A"},"930":{"t":"P28A"},"931":{"t":"M7"},"933":{"t":"PA32"},"934":{"t":"VALI"},"937":{"t":"C172"},"938":{"t":"C182"},"93A":{"t":"M6"},"93B":{"t":"C150"},"93F":{"t":"C182"},"940":{"t":"BE35"},"942":{"t":"M6"},"943":{"t":"M6"},"945":{"t":"M20P"},"946":{"t":"C172"},"947":{"t":"BE33"},"948":{"t":"C172"},"94B":{"t":"P28A"},"956":{"t":"P28A"},"957":{"t":"P28R"},"95A":{"t":"C172"},"95C":{"t":"C140"},"95D":{"t":"P28A"},"960":{"t":"C172"},"963":{"t":"BE35"},"965":{"t":"M6"},"967":{"t":"PA24"},"968":{"t":"M20P"},"96C":{"t":"P28A"},"96E":{"t":"P28A"},"970":{"t":"PA27"},"971":{"t":"PA22"},"973":{"t":"M6"},"978":{"t":"P28B"},"97D":{"desc":"L1P","t":"ULAC"},"97F":{"t":"G280"},"981":{"t":"C172"},"984":{"desc":"H8E"},"98D":{"t":"C550"},"98E":{"t":"B738"},"997":{"desc":"A1P","t":"ULAC"},"9A4":{"t":"BE55"},"9A6":{"t":"PC12"},"9A7":{"desc":"H4E"},"9A8":{"t":"PA31"},"9AF":{"t":"P46T"},"9B2":{"t":"C500"},"9B3":{"t":"H25B"},"9B6":{"t":"LJ60"},"9B9":{"t":"SR22"},"9BB":{"t":"C206"},"9BD":{"t":"SR22"},"9C3":{"t":"TBM7"},"9C8":{"desc":"L1P"},"9CA":{"t":"T206"},"9CB":{"desc":"H4E"},"9CD":{"t":"PA46"},"9D4":{"desc":"L1P"},"9D8":{"t":"C25C"},"9D9":{"t":"DA40"},"9E1":{"desc":"L1T"},"9E6":{"desc":"L1P","t":"ULAC"},"9E7":{"desc":"L2T"},"9EA":{"t":"C560"},"9ED":{"desc":"L1J"},"9F1":{"t":"C172"},"9FE":{"t":"FDCT"},"A0B":{"desc":"H4E"},"A10":{"t":"CL30"},"A14":{"t":"GA5C"},"A1C":{"desc":"L2J"},"A3A":{"t":"P46T"},"A40":{"t":"C56X"},"A47":{"t":"A320"},"A4D":{"desc":"L1P"},"A51":{"t":"GLF5"},"A53":{"t":"C25B"},"A56":{"desc":"L1P"},"A57":{"t":"GLF5"},"A5E":{"desc":"L1P","t":"ULAC"},"A60":{"t":"BALL"},"A63":{"t":"ASTR"},"A65":{"t":"C182"},"A79":{"t":"BALL"},"A7D":{"desc":"L1P"},"A88":{"desc":"H4E"},"A90":{"t":"BE36"},"A91":{"t":"BL8"},"A92":{"desc":"L1P"},"A93":{"t":"C182"},"A96":{"desc":"L1P"},"A98":{"t":"ST75"},"A9C":{"t":"BALL"},"AA2":{"t":"DA40"},"AA9":{"t":"GLID"},"AAC":{"t":"B763"},"AAD":{"t":"C172"},"AB6":{"t":"CRJ9"},"ABF":{"desc":"L1P"},"AC2":{"t":"BE36"},"AC3":{"t":"M20T"},"AC5":{"t":"SF50"},"AC6":{"desc":"L4E"},"AD4":{"t":"DC3"},"AD7":{"t":"S22T"},"AEC":{"t":"C56X"},"AF5":{"t":"T210"},"AF6":{"t":"PA44"},"AF7":{"desc":"A1P"},"B05":{"t":"GL5T"},"B07":{"t":"ULAC"},"B08":{"t":"GLF4"},"B09":{"desc":"L1P"},"B0D":{"t":"SR22"},"B0E":{"t":"C206"},"B10":{"desc":"L1P","t":"ULAC"},"B17":{"t":"H25B"},"B19":{"t":"C182"},"B1B":{"t":"C172"},"B1F":{"t":"GLF5"},"B27":{"desc":"L1T"},"B2C":{"t":"P28A"},"B32":{"desc":"L1P"},"B34":{"t":"P28B"},"B38":{"t":"C560"},"B3A":{"t":"SR22"},"B3B":{"t":"COL4"},"B3C":{"t":"S22T"},"B3F":{"t":"C206"},"B54":{"t":"A321"},"B58":{"t":"C501"},"B59":{"t":"B06"},"B6A":{"desc":"L1P"},"B71":{"t":"C152"},"B7E":{"t":"B737"},"BAF":{"t":"C240"},"BD7":{"t":"C182"},"BD8":{"t":"C140"},"BDB":{"t":"ERCO"},"BDE":{"t":"M6"},"BDF":{"t":"BE33"},"BE0":{"t":"BT36"},"BE3":{"t":"M6"},"BE4":{"t":"M20P"},"BE5":{"t":"M5"},"BE6":{"t":"BE24"},"BE7":{"t":"C172"},"BE8":{"t":"P28A"},"BEA":{"t":"M6"},"BEE":{"t":"M5"},"BEF":{"desc":"L1P"},"BF4":{"t":"P28A"},"BFA":{"t":"M5"},"BFD":{"t":"M6"},"C02":{"t":"BE35"},"C05":{"t":"M6"},"C06":{"t":"PA24"},"C07":{"t":"M20P"},"C08":{"t":"C172"},"C0A":{"t":"C172"},"C0C":{"t":"P32R"},"C0D":{"t":"P28A"},"C11":{"t":"PA32"},"C12":{"t":"C185"},"C16":{"t":"M6"},"C18":{"t":"M6"},"C19":{"t":"M5"},"C1B":{"desc":"L1P"},"C1C":{"t":"C172"},"C1E":{"t":"M6"},"C1F":{"desc":"H1P"},"C20":{"t":"C172"},"C21":{"t":"ERCO"},"C23":{"t":"M6"},"C26":{"t":"BE24"},"C27":{"t":"M20P"},"C28":{"t":"M6"},"C2E":{"t":"M6"},"C30":{"t":"M5"},"C33":{"t":"PA22"},"C34":{"t":"M6"},"C35":{"t":"P28A"},"C38":{"t":"P28A"},"C39":{"t":"P28A"},"C3A":{"t":"M6"},"C3B":{"t":"PA32"},"C3C":{"t":"M5"},"C3D":{"t":"PA34"},"C40":{"t":"C182"},"C41":{"t":"M6"},"C42":{"t":"ULAC"},"C43":{"t":"M5"},"C44":{"t":"ERCO"},"C45":{"t":"C150"},"C49":{"t":"AA1"},"C4C":{"t":"PA24"},"C4E":{"t":"M7"},"C4F":{"t":"BE24"},"C51":{"t":"P28A"},"C52":{"t":"P32R"},"C53":{"t":"P28A"},"C5C":{"t":"PT22"},"C5D":{"t":"P28A"},"C5E":{"t":"M5"},"C60":{"t":"BE36"},"C63":{"t":"M5"},"C64":{"t":"C140"},"C65":{"t":"M5"},"C68":{"t":"C150"},"C6B":{"t":"BALL"},"C6E":{"desc":"L1P","t":"ULAC"},"C6F":{"t":"PA24"},"C71":{"t":"C172"},"C72":{"t":"BE24"},"C73":{"t":"C172"},"C74":{"t":"M6"},"C75":{"t":"P28A"},"C76":{"t":"P28A"},"C7A":{"t":"PA34"},"C7F":{"t":"M5"},"C81":{"t":"M5"},"C87":{"t":"C340"},"C8B":{"t":"C150"},"C8C":{"t":"PA16"},"C8D":{"t":"M6"},"C8E":{"t":"B350"},"C91":{"t":"BE33"},"C92":{"t":"M7"},"C93":{"t":"M20P"},"C94":{"t":"M5"},"C9C":{"t":"PA22"},"C9D":{"t":"M5"},"C9E":{"t":"ST75"},"CA2":{"t":"M6"},"CA4":{"t":"M7"},"CA5":{"t":"P28A"},"CA6":{"t":"P28A"},"CA7":{"desc":"A1P"},"CA9":{"t":"M7"},"CAA":{"t":"C140"},"CAC":{"t":"C172"},"CAE":{"t":"C150"},"CAF":{"t":"PA16"},"CB1":{"t":"BE55"},"CB3":{"t":"S22T"},"CB5":{"t":"PA24"},"CB8":{"t":"M7"},"CBC":{"t":"P28A"},"CBE":{"t":"PA18"},"CBF":{"desc":"L1P"},"CC3":{"t":"FA62"},"CC4":{"desc":"L1P","t":"ULAC"},"CC5":{"t":"PT22"},"CC7":{"t":"PT22"},"CCA":{"desc":"L1P"},"CCB":{"t":"M7"},"CCF":{"t":"C150"},"CD4":{"t":"BE35"},"CD5":{"t":"AA1"},"CD6":{"t":"M20P"},"CD9":{"t":"M20P"},"CDA":{"t":"C172"},"CDB":{"t":"M5"},"CDF":{"t":"P28A"},"CE6":{"t":"P28A"},"CEB":{"t":"P28A"},"CEE":{"t":"C172"},"CEF":{"t":"C182"},"CF7":{"t":"M7"},"CFA":{"t":"M5"},"CFD":{"t":"C172"},"D00":{"t":"P28A"},"D01":{"t":"P28R"},"D03":{"t":"SS2P"},"D06":{"t":"P28A"},"D07":{"t":"C185"},"D08":{"t":"P28A"},"D09":{"t":"M5"},"D0A":{"t":"P28B"},"D0D":{"t":"M7"},"D10":{"t":"BALL"},"D11":{"t":"C172"},"D12":{"t":"C182"},"D13":{"t":"M20T"},"D14":{"t":"M7"},"D15":{"t":"C150"},"D16":{"t":"ERCO"},"D17":{"t":"C150"},"D18":{"t":"M7"},"D19":{"t":"C182"},"D1A":{"t":"M5"},"D1B":{"t":"M20T"},"D1C":{"t":"M20T"},"D1D":{"t":"M5"},"D1E":{"t":"M5"},"D1F":{"t":"M20P"},"D20":{"t":"M5"},"D22":{"t":"C172"},"D24":{"t":"ULAC"},"D25":{"t":"P28A"},"D26":{"t":"M7"},"D28":{"t":"M5"},"D2A":{"t":"P28A"},"D2B":{"t":"P28A"},"D2F":{"t":"P28A"},"D31":{"t":"P28R"},"D32":{"t":"J4"},"D33":{"desc":"L1P"},"D34":{"t":"C320"},"D35":{"t":"MD83"},"D36":{"desc":"L1P"},"D3A":{"t":"B06"},"D3D":{"desc":"L1P"},"D45":{"t":"B738"},"D49":{"t":"ULAC"},"D4D":{"t":"R66"},"D4E":{"desc":"A1P","t":"ULAC"},"D54":{"t":"C172"},"D55":{"t":"R66"},"D58":{"t":"S22T"},"D5E":{"t":"PA30"},"D66":{"t":"BE36"},"D67":{"t":"P212"},"D68":{"t":"DA42"},"D6A":{"t":"SR20"},"D74":{"t":"C182"},"D77":{"t":"C240"},"D7F":{"t":"C172"},"D8D":{"t":"SR20"},"D99":{"t":"S22T"},"D9C":{"desc":"H4E"},"DA4":{"desc":"L1J"},"DA8":{"t":"C172"},"DB1":{"t":"C56X"},"DB5":{"t":"FDCT"},"DB6":{"t":"DC10"},"DB7":{"desc":"L1T"},"DBC":{"t":"P28A"},"DC7":{"t":"CL30"},"DD1":{"t":"PA46"},"DD3":{"desc":"L2J"},"DD5":{"t":"PC12"},"DDA":{"desc":"L1P"},"DDB":{"t":"C150"},"DE6":{"t":"C182"},"DFC":{"t":"R66"},"DFE":{"t":"A320"},"DFF":{"t":"C182"},"E00":{"desc":"H6E"},"E03":{"desc":"L1P"},"E04":{"desc":"L1P"},"E11":{"t":"C182"},"E15":{"t":"P28A"},"E16":{"t":"BE30"},"E17":{"t":"C560"},"E2F":{"t":"B763"},"E34":{"t":"A119"},"E43":{"t":"P32R"},"E47":{"t":"BE33"},"E48":{"t":"P46T"},"E49":{"t":"R66"},"E4C":{"t":"T206"},"E59":{"t":"DA40"},"E63":{"t":"B763"},"E64":{"t":"C172"},"E68":{"t":"R44"},"E6D":{"t":"CRJ9"},"E71":{"t":"GLF6"},"E7D":{"desc":"L4E"},"E8B":{"desc":"L2P"},"E92":{"t":"C172"},"EA3":{"t":"C56X"},"EAD":{"t":"R66"},"EAE":{"desc":"L1P"},"EB6":{"t":"ULAC"},"EB7":{"t":"C182"},"EBF":{"desc":"L1P"},"EC7":{"desc":"L1P","t":"ULAC"},"EC8":{"desc":"H4E"},"ED2":{"t":"C172"},"ED4":{"t":"SR22"},"ED9":{"t":"E120"},"EDD":{"desc":"L1P"},"EE1":{"desc":"H4E"},"EEB":{"t":"P28B"},"EEF":{"t":"S22T"},"EF2":{"desc":"L1P","t":"ULAC"},"EF3":{"t":"T6"},"EF6":{"desc":"L1P"},"F04":{"t":"SW4"},"F10":{"desc":"H4E"},"F1F":{"t":"C560"},"F34":{"t":"BE33"},"F35":{"t":"B737"},"F3C":{"desc":"L1P"},"F4C":{"desc":"L1P"},"F73":{"desc":"L1P"},"F8E":{"t":"C182"},"F93":{"t":"C150"},"F9B":{"t":"M20P"},"F9C":{"t":"C172"},"F9D":{"t":"BE19"},"F9E":{"t":"C172"},"F9F":{"t":"P28A"},"FA0":{"t":"ULAC"},"FA1":{"t":"P28A"},"FA3":{"t":"M7"},"FA5":{"t":"P28B"},"FA6":{"t":"M5"},"FA8":{"t":"M5"},"FA9":{"t":"M7"},"FAC":{"t":"P28A"},"FAD":{"t":"ST75"},"FAF":{"desc":"L1P"},"FB1":{"t":"C182"},"FB4":{"t":"M20P"},"FB7":{"t":"PA16"},"FB9":{"t":"BE35"},"FC1":{"t":"C172"},"FC2":{"t":"P28A"},"FC5":{"t":"SS2P"},"FC6":{"t":"M7"},"FC8":{"t":"P28R"},"FCA":{"t":"P28B"},"FCB":{"t":"PA32"},"FCF":{"t":"P28A"},"FD1":{"t":"P28A"},"FD3":{"t":"C172"},"FD4":{"t":"C182"},"FD7":{"t":"C150"},"FDC":{"t":"BE35"},"FDE":{"t":"M20P"},"FDF":{"t":"ULAC"},"FE0":{"t":"PA24"},"FE1":{"t":"M20P"},"FE5":{"t":"P28A"},"FE6":{"t":"P28A"},"FE8":{"t":"SS2P"},"FEA":{"t":"M7"},"FEB":{"t":"ULAC"},"FED":{"t":"M7"},"FF5":{"desc":"H1T","t":"S55P"},"FF8":{"t":"C140"},"FF9":{"t":"M5"},"FFA":{"t":"C150"},"FFB":{"t":"ERCO"}}