{"006":{"t":"C172"},"00B":{"t":"AC11"},"00C":{"desc":"A1T","t":"KODI"},"00D":{"desc":"L1P","t":"ULAC"},"010":{"desc":"H4E"},"018":{"t":"C182"},"01C":{"t":"FDCT"},"023":{"t":"BE35"},"025":{"desc":"L1P"},"029":{"t":"C25B"},"02A":{"t":"R44"},"02D":{"t":"CL60"},"02F":{"t":"BE36"},"030":{"t":"FA20"},"033":{"desc":"L1P"},"04C":{"t":"C182"},"05A":{"t":"MD11"},"06B":{"t":"CL30"},"06F":{"t":"GLF5"},"077":{"desc":"L2J"},"086":{"t":"P28S"},"08D":{"t":"P32R"},"0A2":{"t":"A320"},"0A4":{"t":"C185"},"0A6":{"desc":"H4E"},"0AA":{"t":"C172"},"0B0":{"desc":"L1P"},"0B1":{"t":"E50P"},"0B9":{"t":"C172"},"0D4":{"desc":"H1T"},"0EA":{"desc":"L1P"},"0EB":{"t":"C550"},"0EC":{"t":"C150"},"0F2":{"t":"L8"},"0F3":{"t":"C56X"},"0FC":{"desc":"L1P"},"100":{"t":"SR22"},"104":{"t":"TBM7"},"107":{"t":"C525"},"111":{"t":"CRJ9"},"12D":{"t":"P28A"},"12E":{"t":"BE9L"},"12F":{"desc":"L2T","t":"DC3"},"147":{"t":"C56X"},"150":{"t":"FA50"},"152":{"t":"SR20"},"155":{"desc":"L1P","t":"ULAC"},"15B":{"desc":"L1P"},"15F":{"desc":"L1P"},"160":{"t":"CL60"},"163":{"desc":"L1P"},"168":{"desc":"L1P"},"169":{"desc":"L1P"},"16B":{"desc":"L1P"},"16C":{"t":"B06"},"16F":{"desc":"G1P"},"178":{"t":"SR22"},"17C":{"t":"BL17"},"181":{"desc":"L1P"},"18C":{"desc":"H6E"},"193":{"t":"T206"},"196":{"t":"S22T"},"197":{"t":"C525"},"1A1":{"desc":"H4E"},"1A8":{"t":"B744"},"1AF":{"t":"A321"},"1BE":{"desc":"H1P"},"1CD":{"t":"PC12"},"1D3":{"t":"C172"},"1E1":{"t":"SR20"},"1F0":{"desc":"L1P"},"20A":{"desc":"H6E"},"231":{"t":"C172"},"233":{"t":"C170"},"234":{"t":"PA22"},"235":{"t":"C150"},"236":{"t":"P28A"},"23B":{"t":"AA1"},"23F":{"t":"M20P"},"240":{"t":"C172"},"241":{"t":"GLID"},"242":{"t":"C172"},"244":{"t":"P28S"},"255":{"t":"C182"},"257":{"t":"PA22"},"259":{"t":"P28A"},"25B":{"desc":"H4E"},"25E":{"t":"AA1"},"264":{"t":"GLID"},"265":{"t":"C172"},"268":{"t":"P28A"},"26D":{"t":"PT22"},"273":{"t":"ST75"},"278":{"t":"C182"},"279":{"t":"C170"},"27B":{"t":"C150"},"27F":{"desc":"A1P"},"285":{"t":"M20P"},"286":{"t":"C172"},"288":{"t":"C172"},"28B":{"t":"P28A"},"293":{"t":"FA24"},"295":{"t":"FA62"},"298":{"t":"ST75"},"299":{"desc":"L1P"},"29B":{"t":"C182"},"29C":{"t":"C170"},"29E":{"t":"C150"},"29F":{"desc":"L1P"},"2A1":{"t":"PA16"},"2A2":{"desc":"H2T"},"2A5":{"t":"C310"},"2A6":{"t":"J3"},"2A9":{"t":"C172"},"2AA":{"t":"GLID"},"2AB":{"t":"C172"},"2AC":{"t":"P28A"},"2AF":{"t":"C320"},"2B9":{"t":"ST75"},"2BD":{"t":"C172"},"2C4":{"t":"PA16"},"2C7":{"t":"AA1"},"2C8":{"t":"C310"},"2C9":{"t":"J3"},"2CC":{"t":"C172"},"2CE":{"t":"C172"},"2CF":{"t":"P28A"},"2D0":{"t":"BE19"},"2D5":{"t":"ST75"},"2D6":{"t":"ST75"},"2DA":{"t":"ST75"},"2DC":{"t":"ST75"},"2DD":{"desc":"H1T"},"2E1":{"t":"C182"},"2E2":{"t":"C170"},"2E3":{"t":"M20P"},"2E4":{"t":"C150"},"2E6":{"t":"C150"},"2EA":{"desc":"L1P"},"2EC":{"t":"J3"},"2EE":{"t":"M20P"},"2F1":{"t":"RV12"},"2F2":{"t":"P28A"},"2F3":{"t":"BE19"},"2F4":{"t":"P28A"},"2F6":{"t":"PA27"},"2F8":{"t":"ST75"},"2FC":{"desc":"H1T"},"302":{"desc":"L1P"},"305":{"t":"C170"},"306":{"t":"PA22"},"30B":{"t":"C210"},"30C":{"t":"BE33"},"30F":{"t":"AC11"},"311":{"t":"M20P"},"31A":{"t":"PA22"},"31D":{"desc":"L1P"},"326":{"t":"C172"},"328":{"t":"C170"},"329":{"t":"PA22"},"32B":{"t":"C182"},"32E":{"t":"C182"},"32F":{"t":"BE35"},"331":{"desc":"H1P"},"335":{"t":"C172"},"33C":{"t":"PA27"},"345":{"t":"T210"},"349":{"t":"C172"},"34D":{"t":"C150"},"350":{"t":"PA16"},"353":{"t":"AA5"},"355":{"t":"J3"},"356":{"t":"PA24"},"357":{"t":"M20P"},"358":{"t":"C172"},"35C":{"t":"BE19"},"365":{"t":"J3"},"367":{"t":"M20P"},"36A":{"t":"ST75"},"36B":{"desc":"L1T"},"36C":{"t":"C172"},"36E":{"t":"C170"},"36F":{"t":"PA22"},"371":{"t":"P28A"},"372":{"t":"C150"},"374":{"t":"C210"},"375":{"t":"BE35"},"376":{"t":"AA1"},"378":{"t":"J3"},"379":{"t":"PA24"},"37A":{"t":"M20P"},"37C":{"t":"GLID"},"37D":{"t":"C172"},"37E":{"t":"P28A"},"388":{"desc":"L1P"},"38E":{"t":"LJ60"},"390":{"t":"SF50"},"392":{"t":"SR22"},"394":{"t":"P28A"},"396":{"t":"BE36"},"397":{"t":"S58T"},"398":{"t":"GLF4"},"399":{"desc":"L1P"},"39A":{"desc":"L1P"},"39F":{"t":"BE58"},"3A1":{"desc":"L1P"},"3A3":{"desc":"L1P"},"3A4":{"t":"C414"},"3A6":{"t":"BE20"},"3A7":{"t":"B407"},"3A8":{"t":"C150"},"3A9":{"desc":"H1T","t":"UH12"},"3AA":{"desc":"L2P"},"3AB":{"t":"PA46"},"3AD":{"t":"BE58"},"3AE":{"desc":"L1P"},"3AF":{"desc":"L1P"},"3B0":{"t":"BL8"},"3B1":{"t":"C340"},"3B2":{"desc":"L1P"},"3B3":{"desc":"L2J"},"3B5":{"t":"B58T"},"3B6":{"t":"B58T"},"3B8":{"t":"S22T"},"3B9":{"t":"BE58"},"3BA":{"t":"P46T"},"3BC":{"t":"T206"},"3BD":{"desc":"L1T","t":"M600"},"3BF":{"t":"BE58"},"3C0":{"t":"BE35"},"3C1":{"t":"P337"},"3C3":{"desc":"L1P"},"3C4":{"t":"C82R"},"3C7":{"t":"AEST"},"3C8":{"t":"F900"},"3C9":{"t":"BE58"},"3CA":{"t":"S22T"},"3CB":{"t":"BE58"},"3CD":{"t":"A119"},"3CE":{"desc":"L1P"},"3D2":{"t":"ASTO"},"3D3":{"desc":"L1P"},"3D5":{"t":"RV12"},"3D6":{"t":"LJ35"},"3D8":{"t":"BE35"},"3D9":{"desc":"L1P"},"3DA":{"t":"C560"},"3DB":{"t":"BE58"},"3DC":{"t":"S22T"},"3DD":{"t":"BE58"},"3DF":{"t":"PTS2"},"3E1":{"desc":"L1P"},"3E2":{"t":"H25B"},"3E3":{"t":"T210"},"3E5":{"t":"BE58"},"3E6":{"desc":"L1P"},"3E8":{"t":"BALL"},"3EA":{"desc":"L1P"},"3EB":{"t":"C172"},"3EC":{"t":"PA31"},"3EF":{"t":"C182"},"3F2":{"t":"BE58"},"3F5":{"t":"T206"},"3F8":{"t":"R66"},"3FB":{"t":"EA50"},"3FC":{"t":"BE35"},"3FE":{"t":"BE58"},"403":{"t":"C525"},"406":{"t":"BE58"},"407":{"t":"BE58"},"409":{"desc":"L1P"},"40C":{"t":"C140"},"40D":{"t":"C175"},"40E":{"t":"ULAC"},"40F":{"t":"B06"},"412":{"t":"C172"},"413":{"t":"TWEN"},"416":{"desc":"L1P"},"41D":{"t":"EN28"},"425":{"desc":"L2P"},"427":{"t":"GLID"},"428":{"t":"YK52"},"429":{"desc":"L1P"},"42A":{"t":"BE58"},"42B":{"t":"BE58"},"42F":{"t":"BE58"},"430":{"t":"BE58"},"431":{"desc":"L1P"},"435":{"desc":"L2P"},"436":{"t":"C82R"},"43A":{"t":"BE58"},"43B":{"t":"PC12"},"43E":{"t":"C414"},"43F":{"t":"CL30"},"442":{"t":"B58T"},"443":{"t":"B58T"},"444":{"desc":"H1P"},"445":{"desc":"L2P"},"446":{"t":"DV20"},"447":{"t":"UH1"},"449":{"t":"FA50"},"44A":{"t":"B58T"},"44C":{"t":"TBM7"},"44E":{"t":"GLID"},"450":{"t":"SBR1"},"451":{"desc":"H1P"},"453":{"t":"BE58"},"458":{"t":"C340"},"459":{"desc":"L1P"},"45B":{"t":"B58T"},"45E":{"t":"B58T"},"45F":{"desc":"L1P"},"461":{"t":"C182"},"463":{"t":"B58T"},"465":{"desc":"L1P"},"467":{"desc":"H2T"},"468":{"desc":"L1P"},"46C":{"desc":"G1P"},"470":{"desc":"L1P"},"472":{"t":"GC1"},"473":{"desc":"H1P"},"475":{"t":"BE58"},"479":{"desc":"L1P"},"47A":{"desc":"H1P"},"47C":{"t":"PA27"},"47E":{"t":"ULAC"},"480":{"desc":"L1P"},"481":{"t":"BE50"},"482":{"t":"BE58"},"485":{"t":"BE35"},"487":{"t":"EA50"},"489":{"desc":"L1P"},"48A":{"desc":"L2T"},"48C":{"t":"CL30"},"48E":{"t":"R44"},"48F":{"t":"BE58"},"490":{"t":"B58T"},"492":{"t":"C152"},"493":{"t":"BE58"},"495":{"t":"HUSK"},"497":{"t":"B58T"},"498":{"t":"C56X"},"499":{"t":"M20P"},"49B":{"desc":"L1P"},"49C":{"t":"DA42"},"49D":{"desc":"L1P"},"49E":{"desc":"L1P"},"49F":{"t":"BE58"},"4A2":{"t":"B06"},"4A3":{"t":"T210"},"4A5":{"t":"BE33"},"4A6":{"t":"B58T"},"4A8":{"t":"BE58"},"4A9":{"t":"C182"},"4AA":{"t":"BE58"},"4AB":{"desc":"L1P"},"4AD":{"desc":"L1P"},"4AF":{"desc":"L2P"},"4B3":{"t":"BE36"},"4B4":{"desc":"L1P"},"4B7":{"t":"F2TH"},"4BB":{"t":"BE17"},"4BF":{"t":"BE58"},"4C1":{"t":"HUSK"},"4C2":{"t":"PC12"},"4C7":{"t":"A109"},"4CC":{"desc":"H1P"},"4D3":{"t":"BE58"},"4D5":{"t":"B58T"},"4D6":{"t":"BE58"},"4D7":{"t":"B58T"},"4D8":{"t":"B58T"},"4D9":{"t":"B58T"},"4DA":{"t":"BE58"},"4DB":{"t":"PA27"},"4DC":{"desc":"L1P"},"4DD":{"t":"PA24"},"4DE":{"desc":"L1P"},"4E0":{"t":"M7"},"4E4":{"t":"B58T"},"4E5":{"desc":"L1P"},"4E6":{"t":"BE35"},"4E8":{"t":"B58T"},"4E9":{"t":"BE58"},"4EC":{"t":"B58T"},"4ED":{"t":"BE20"},"4FB":{"t":"BE58"},"4FF":{"desc":"A1P"},"507":{"t":"B58T"},"508":{"desc":"L1P"},"509":{"desc":"L1P","t":"ULAC"},"50A":{"desc":"A1P"},"50C":{"desc":"L1P"},"50D":{"desc":"L1P"},"50E":{"t":"BE58"},"50F":{"t":"PA27"},"510":{"desc":"L1P"},"512":{"t":"GLID"},"514":{"desc":"L1P","t":"ULAC"},"516":{"t":"C182"},"518":{"desc":"A1P"},"51A":{"desc":"L1P"},"51B":{"t":"GLID"},"51F":{"t":"S58T"},"520":{"t":"CH7B"},"521":{"desc":"L1P"},"522":{"desc":"A1P"},"523":{"t":"C180"},"524":{"t":"R44"},"527":{"desc":"H6E"},"528":{"t":"C25A"},"529":{"desc":"L1T"},"52A":{"t":"BE58"},"52D":{"desc":"L1P"},"52E":{"desc":"L1P"},"530":{"t":"BE36"},"531":{"desc":"L1P"},"534":{"desc":"L1P"},"535":{"desc":"L1P"},"538":{"t":"CJ6"},"53A":{"t":"B58T"},"53B":{"t":"B58T"},"53C":{"t":"B58T"},"53D":{"t":"B58T"},"53E":{"t":"B58T"},"53F":{"desc":"L2P"},"541":{"desc":"L1T","t":"C182"},"542":{"t":"B58T"},"543":{"desc":"L1P"},"544":{"t":"BE55"},"546":{"t":"BE58"},"548":{"t":"B58T"},"549":{"desc":"L4J"},"54A":{"t":"T210"},"54C":{"desc":"L1P"},"54D":{"t":"BE58"},"54F":{"t":"C172"},"551":{"t":"BE33"},"552":{"t":"BE58"},"559":{"t":"R44"},"55F":{"t":"R44"},"56A":{"desc":"A1P"},"56B":{"t":"RV8"},"56C":{"t":"B58T"},"571":{"t":"COL4"},"572":{"desc":"L1P"},"575":{"t":"EA50"},"576":{"t":"BE58"},"578":{"t":"BE58"},"57C":{"t":"BE35"},"57E":{"t":"B58T"},"583":{"t":"C150"},"585":{"desc":"L1P"},"588":{"t":"C68A"},"589":{"t":"BE58"},"58A":{"t":"BE58"},"58C":{"desc":"L1P"},"58E":{"desc":"L1P"},"591":{"desc":"L1P"},"594":{"t":"PC12"},"595":{"t":"NAVI"},"598":{"t":"B06"},"59A":{"t":"C185"},"59C":{"t":"T50"},"59F":{"desc":"L1P"},"5AA":{"desc":"L1P"},"5B1":{"t":"PC12"},"5B5":{"t":"PA22"},"5BF":{"t":"YK52"},"5C1":{"t":"P28A"},"5DC":{"t":"C421"},"5E6":{"t":"B58T"},"5E7":{"t":"BL8"},"5EA":{"desc":"H4E"},"5EB":{"t":"ULAC"},"5EF":{"t":"P32R"},"5F0":{"t":"BE58"},"602":{"t":"BE20"},"605":{"t":"C525"},"608":{"t":"E300"},"60B":{"t":"BE20"},"617":{"t":"BE58"},"61A":{"t":"SR20"},"61C":{"t":"F900"},"61D":{"t":"C182"},"628":{"t":"C82S"},"630":{"t":"BE58"},"633":{"desc":"H1P"},"636":{"desc":"L1P","t":"ULAC"},"637":{"t":"C182"},"63F":{"desc":"A1P"},"641":{"desc":"L1P"},"64C":{"t":"BE58"},"651":{"t":"C56X"},"65E":{"t":"C172"},"662":{"t":"C208"},"66A":{"t":"MD11"},"670":{"t":"P28A"},"67B":{"t":"CL30"},"67E":{"t":"P28A"},"680":{"t":"C182"},"687":{"t":"CRJ7"},"69A":{"t":"C56X"},"6A5":{"t":"P46T"},"6A7":{"t":"C182"},"6A8":{"t":"PC12"},"6B0":{"t":"BL8"},"6B1":{"t":"P28A"},"6B2":{"t":"A320"},"6B7":{"desc":"L1P"},"6B8":{"t":"E50P"},"6BA":{"t":"BE58"},"6BC":{"desc":"H4E"},"6C1":{"t":"E50P"},"6C9":{"t":"BL8"},"6CC":{"desc":"H4E"},"6CE":{"t":"E300"},"6D9":{"t":"CL60"},"6E2":{"desc":"L1P"},"6E6":{"desc":"L1P"},"6F4":{"t":"PA18"},"6FB":{"desc":"L1P"},"6FC":{"t":"TBM7"},"6FE":{"t":"E300"},"706":{"t":"E35L"},"707":{"t":"PA46"},"709":{"desc":"L1T"},"70C":{"desc":"L1P"},"710":{"t":"E300"},"718":{"t":"PA44"},"71B":{"desc":"L1P"},"721":{"t":"CRJ9"},"72E":{"desc":"H6E"},"733":{"desc":"L1P"},"734":{"t":"ULAC"},"757":{"t":"C56X"},"760":{"t":"BE9L"},"769":{"t":"BE40"},"76B":{"t":"C510"},"770":{"t":"ST75"},"773":{"t":"RV12"},"774":{"t":"C182"},"778":{"t":"BE10"},"77B":{"desc":"L1P","t":"ULAC"},"780":{"t":"UH1"},"782":{"desc":"L1P"},"784":{"t":"BE58"},"786":{"t":"PA27"},"788":{"t":"SR22"},"78B":{"t":"C72R"},"78E":{"desc":"L1P"},"797":{"t":"C182"},"799":{"desc":"L1P"},"79A":{"desc":"L1P"},"79D":{"t":"PC12"},"7A3":{"desc":"L1P"},"7A7":{"desc":"A1P","t":"ULAC"},"7B8":{"t":"B744"},"7BF":{"t":"A321"},"7DC":{"t":"BE58"},"7DD":{"t":"C182"},"7DE":{"t":"C182"},"7DF":{"t":"EA50"},"807":{"desc":"L1P"},"80B":{"t":"C182"},"81A":{"desc":"H6E"},"827":{"t":"C525"},"83E":{"desc":"L1P"},"840":{"desc":"L1P"},"841":{"t":"C172"},"843":{"t":"C172"},"84A":{"t":"B06"},"84C":{"t":"C310"},"84E":{"t":"PA24"},"850":{"t":"C172"},"851":{"t":"BE55"},"858":{"desc":"H2T"},"859":{"desc":"H1T"},"85C":{"t":"B06"},"863":{"t":"R66"},"866":{"t":"M20P"},"86B":{"t":"PA16"},"870":{"t":"M20P"},"881":{"desc":"L1P"},"882":{"t":"M20P"},"889":{"t":"BE35"},"88B":{"t":"C150"},"891":{"t":"AA5"},"894":{"t":"PA24"},"896":{"t":"C172"},"89D":{"t":"PA27"},"8A7":{"t":"TAYD"},"8A8":{"t":"J3"},"8AB":{"t":"C182"},"8AE":{"t":"C172"},"8B3":{"t":"BE35"},"8B7":{"t":"PA24"},"8BB":{"t":"C185"},"8BE":{"t":"P28A"},"8C4":{"t":"TAYD"},"8C5":{"t":"TAYD"},"8C7":{"desc":"L1P"},"8C8":{"t":"TAYD"},"8CA":{"desc":"L1P"},"8CC":{"desc":"L1P"},"8CD":{"t":"C172"},"8CE":{"t":"C182"},"8CF":{"t":"BE18"},"8D1":{"t":"C150"},"8D2":{"t":"P28A"},"8D3":{"t":"C150"},"8D6":{"t":"BE35"},"8D7":{"t":"AA5"},"8D9":{"t":"AC11"},"8DA":{"t":"PA24"},"8DB":{"t":"M20P"},"8DC":{"t":"C172"},"8DF":{"t":"P28A"},"8E0":{"t":"P28A"},"8E1":{"t":"P28A"},"8E4":{"t":"PA22"},"8E5":{"t":"TAYD"},"8E9":{"t":"TAYD"},"8F0":{"t":"C172"},"8F3":{"t":"PA22"},"8F8":{"t":"C185"},"8F9":{"t":"BE35"},"8FC":{"t":"AC11"},"8FD":{"t":"PA24"},"8FE":{"t":"M20P"},"901":{"desc":"H1T"},"902":{"t":"P28A"},"904":{"t":"P28A"},"90B":{"t":"J3"},"912":{"desc":"L1P"},"915":{"t":"BE35"},"918":{"t":"C210"},"91D":{"t":"AA5"},"920":{"t":"PA24"},"921":{"t":"M20T"},"923":{"t":"BE35"},"924":{"t":"C185"},"926":{"t":"P28A"},"928":{"t":"C310"},"929":{"t":"PA27"},"92B":{"t":"M20P"},"92D":{"t":"M20P"},"92F":{"t":"M20T"},"930":{"t":"M20P"},"933":{"t":"ST75"},"93D":{"t":"PA16"},"93E":{"t":"C185"},"942":{"t":"AR11"},"943":{"t":"PA24"},"944":{"t":"M20P"},"945":{"t":"C172"},"946":{"t":"M20P"},"947":{"t":"M20P"},"949":{"t":"M20T"},"94B":{"t":"BALL"},"94D":{"t":"PA22"},"951":{"t":"ST75"},"952":{"t":"ST75"},"953":{"t":"TAYD"},"956":{"t":"B47G"},"957":{"t":"M20P"},"958":{"desc":"L1P"},"959":{"t":"M20P"},"95A":{"t":"M20T"},"95B":{"t":"BE35"},"95E":{"t":"M20T"},"95F":{"t":"C150"},"960":{"t":"PA16"},"962":{"t":"BE33"},"963":{"t":"AA5"},"966":{"t":"M20P"},"967":{"t":"M20P"},"96A":{"t":"M20T"},"96C":{"t":"ST75"},"96D":{"t":"P28A"},"96E":{"t":"M20T"},"977":{"t":"M20P"},"97A":{"t":"M20T"},"97D":{"t":"M20T"},"981":{"t":"C210"},"983":{"t":"M20P"},"985":{"t":"BE33"},"986":{"t":"AA5"},"98A":{"t":"M20P"},"98B":{"t":"C172"},"98C":{"t":"BE35"},"990":{"t":"P28A"},"993":{"t":"PA22"},"997":{"t":"M20T"},"99B":{"t":"M20P"},"99F":{"t":"GLID"},"9A0":{"t":"MD82"},"9A1":{"desc":"H4E"},"9A5":{"t":"BE58"},"9AA":{"t":"B06"},"9B0":{"t":"B738"},"9B8":{"t":"BE9L"},"9B9":{"desc":"A1P","t":"ULAC"},"9BB":{"t":"E55P"},"9C1":{"desc":"H1P"},"9C3":{"desc":"L1P"},"9CC":{"t":"BE33"},"9D1":{"t":"SR20"},"9D3":{"t":"B58T"},"9D5":{"t":"SR22"},"9D8":{"t":"C172"},"9D9":{"desc":"L1P"},"9DA":{"t":"C421"},"9DB":{"t":"BE58"},"9DD":{"t":"C185"},"9DF":{"t":"C185"},"9E3":{"t":"C185"},"9E5":{"t":"S22T"},"9EA":{"t":"GLF5"},"9EC":{"t":"GLID"},"9F6":{"t":"BL8"},"9FB":{"t":"CJ6"},"A03":{"t":"BE58"},"A14":{"t":"C172"},"A1C":{"t":"HUSK"},"A24":{"t":"FH11"},"A27":{"t":"FA20"},"A32":{"t":"CL30"},"A35":{"t":"BE58"},"A3C":{"desc":"L1P"},"A3E":{"t":"CRJ7"},"A40":{"t":"COL4"},"A4F":{"t":"B763"},"A50":{"t":"C185"},"A51":{"t":"C25C"},"A67":{"desc":"L1P","t":"ULAC"},"A69":{"desc":"L1P"},"A6B":{"desc":"L1P"},"A70":{"desc":"L1P"},"A74":{"t":"MD11"},"A78":{"t":"E50P"},"A79":{"t":"C185"},"A7C":{"desc":"L1P"},"A80":{"t":"P28A"},"A82":{"t":"BE36"},"A86":{"desc":"L1P"},"A9C":{"t":"BE58"},"AA9":{"t":"B06"},"AB4":{"t":"B350"},"AC4":{"t":"DA40"},"ACC":{"desc":"L2T"},"ACF":{"t":"PA44"},"AD8":{"t":"CRJ9"},"AE0":{"t":"B753"},"AE4":{"desc":"L2T"},"AE7":{"t":"PC12"},"AEA":{"t":"BE58"},"AED":{"t":"C501"},"AF5":{"t":"BE58"},"B0E":{"t":"C68A"},"B1C":{"t":"BE58"},"B27":{"t":"H25B"},"B2A":{"t":"PA46"},"B30":{"t":"BE58"},"B31":{"t":"M20P"},"B32":{"t":"B06"},"B33":{"t":"SR22"},"B35":{"desc":"L2J"},"B36":{"t":"P32R"},"B37":{"t":"BE58"},"B41":{"t":"F900"},"B4E":{"desc":"L1P"},"B4F":{"desc":"H2T"},"B59":{"t":"CL60"},"B5D":{"t":"AT5T"},"B6F":{"t":"B744"},"B76":{"t":"A321"},"B96":{"desc":"H8E"},"BAF":{"desc":"H4E"},"BFB":{"t":"M20T"},"BFC":{"t":"C150"},"BFD":{"t":"PRM1"},"BFE":{"t":"M20T"},"BFF":{"t":"PA16"},"C00":{"t":"M20T"},"C01":{"t":"BE33"},"C06":{"t":"M20T"},"C07":{"t":"M20T"},"C09":{"t":"M20T"},"C0A":{"t":"P28A"},"C0B":{"t":"ST75"},"C0F":{"t":"M20T"},"C11":{"t":"B752"},"C12":{"t":"M20P"},"C13":{"t":"M20P"},"C14":{"t":"M20T"},"C15":{"t":"M20P"},"C17":{"t":"M20P"},"C18":{"t":"FA62"},"C19":{"t":"FA62"},"C1A":{"desc":"L1P","t":"ULAC"},"C1B":{"t":"C172"},"C1D":{"t":"M20P"},"C1F":{"t":"C172"},"C21":{"t":"C150"},"C24":{"t":"BE55"},"C26":{"t":"F2TH"},"C28":{"t":"PA24"},"C29":{"t":"M20P"},"C2A":{"t":"C172"},"C2B":{"t":"BE35"},"C2C":{"t":"C185"},"C38":{"t":"B47G"},"C3F":{"t":"C182"},"C40":{"t":"BE35"},"C41":{"t":"PA22"},"C42":{"t":"C150"},"C46":{"t":"C185"},"C48":{"t":"AA5"},"C4D":{"t":"C172"},"C4E":{"desc":"H1P"},"C4F":{"t":"M20P"},"C50":{"t":"P28A"},"C51":{"t":"P28A"},"C53":{"t":"C310"},"C56":{"t":"M20P"},"C5A":{"t":"B47G"},"C60":{"desc":"L1P"},"C62":{"t":"C182"},"C65":{"t":"C150"},"C66":{"t":"M20P"},"C68":{"t":"PA16"},"C6C":{"t":"S22T"},"C6F":{"t":"M20P"},"C71":{"t":"BE35"},"C72":{"t":"C185"},"C73":{"t":"M20P"},"C74":{"t":"P28A"},"C75":{"t":"P28A"},"C78":{"t":"PA22"},"C7C":{"t":"B47G"},"C7E":{"t":"M20P"},"C80":{"t":"CH7A"},"C83":{"t":"WACO"},"C87":{"t":"PA22"},"C88":{"t":"C150"},"C8A":{"t":"C150"},"C8B":{"t":"PA16"},"C8C":{"t":"C182"},"C8D":{"t":"BE33"},"C92":{"t":"M20P"},"C93":{"t":"C172"},"C94":{"desc":"L1P"},"C95":{"t":"M20P"},"C96":{"t":"P28A"},"C98":{"t":"P28A"},"C99":{"t":"C310"},"C9A":{"t":"M20P"},"C9C":{"t":"B06"},"C9F":{"t":"M20P"},"CA0":{"t":"M20P"},"CA4":{"t":"M20P"},"CA6":{"desc":"L1P"},"CA8":{"t":"C182"},"CA9":{"t":"M20P"},"CAC":{"t":"C210"},"CAE":{"t":"PA16"},"CB1":{"t":"AA5"},"CB6":{"t":"C172"},"CB7":{"t":"M20P"},"CB8":{"t":"C185"},"CB9":{"t":"P28A"},"CBA":{"t":"ST75"},"CBC":{"t":"M20P"},"CC2":{"t":"M20P"},"CC5":{"t":"M20P"},"CC7":{"t":"M20P"},"CC8":{"t":"M20P"},"CCA":{"t":"C172"},"CCD":{"t":"PA22"},"CD0":{"t":"C150"},"CD3":{"t":"BE33"},"CD4":{"t":"AA5"},"CD5":{"t":"C310"},"CD7":{"t":"M20P"},"CD8":{"t":"M20P"},"CD9":{"t":"C172"},"CDB":{"t":"M20P"},"CDC":{"t":"P28A"},"CDE":{"t":"M20P"},"CE1":{"t":"PA22"},"CE2":{"t":"H269"},"CE4":{"t":"M20P"},"CE8":{"t":"M20P"},"CED":{"t":"M20P"},"CEE":{"t":"C182"},"CF2":{"t":"P28A"},"CF3":{"t":"C150"},"CF4":{"t":"PA16"},"CF6":{"t":"BE33"},"CF8":{"t":"C310"},"CFB":{"t":"M20P"},"CFE":{"t":"M20P"},"D01":{"t":"P28A"},"D02":{"t":"BALL"},"D04":{"t":"PA22"},"D09":{"t":"H269"},"D11":{"t":"C182"},"D12":{"t":"BE35"},"D13":{"t":"PA22"},"D16":{"t":"C150"},"D17":{"t":"PA16"},"D1B":{"t":"C310"},"D1C":{"t":"ST75"},"D1F":{"t":"C172"},"D26":{"t":"PA27"},"D28":{"t":"FA24"},"D2A":{"t":"C182"},"D34":{"t":"C182"},"D36":{"t":"PA22"},"D39":{"t":"C150"},"D3A":{"t":"PA16"},"D3D":{"t":"AA5"},"D3E":{"t":"C310"},"D43":{"t":"BE35"},"D45":{"t":"P28A"},"D46":{"t":"ST75"},"D47":{"t":"P28A"},"D48":{"desc":"L1T"},"D4A":{"t":"PA22"},"D4C":{"t":"H500"},"D54":{"t":"ST75"},"D55":{"t":"BE17"},"D58":{"desc":"H4E"},"D59":{"t":"EC25"},"D5A":{"t":"ULAC"},"D5C":{"desc":"L1P"},"D5D":{"desc":"H8E"},"D5E":{"t":"ULAC"},"D61":{"desc":"A1P","t":"ULAC"},"D62":{"t":"PA32"},"D67":{"t":"PA46"},"D68":{"desc":"L1P"},"D6F":{"t":"BE35"},"D70":{"t":"ULAC"},"D71":{"desc":"L1P"},"D74":{"t":"ULAC"},"D88":{"desc":"L1P","t":"TBM7"},"D89":{"t":"CRJ9"},"D8C":{"t":"SR20"},"D94":{"desc":"L1P"},"D96":{"t":"C82S"},"D9A":{"desc":"L1P"},"D9E":{"desc":"L1P"},"DA1":{"t":"GLF5"},"DA3":{"t":"ULAC"},"DA4":{"t":"DV20"},"DA7":{"desc":"L1P","t":"ULAC"},"DAC":{"desc":"L1P"},"DB2":{"desc":"L1P","t":"ULAC"},"DB3":{"t":"PC12"},"DBA":{"t":"ULAC"},"DBF":{"t":"ULAC"},"DC0":{"desc":"L1P"},"DC2":{"t":"ULAC"},"DC5":{"desc":"L1P"},"DCA":{"desc":"L1P"},"DD3":{"desc":"L1P"},"DD5":{"desc":"G1P"},"DD6":{"desc":"H1P"},"DD8":{"t":"MD11"},"DE1":{"t":"ULAC"},"DE9":{"t":"CL30"},"DFC":{"desc":"L1P"},"DFE":{"desc":"H1P"},"E05":{"desc":"L1P"},"E17":{"t":"ULAC"},"E1A":{"desc":"L1P","t":"ULAC"},"E20":{"desc":"L1P"},"E21":{"desc":"H1P"},"E26":{"t":"ULAC"},"E27":{"desc":"L1P"},"E28":{"t":"ULAC"},"E2A":{"t":"BE40"},"E2C":{"desc":"L1P"},"E2E":{"t":"C25B"},"E37":{"t":"ULAC"},"E38":{"t":"GLID"},"E3D":{"desc":"L1P"},"E3F":{"desc":"L1P"},"E50":{"desc":"L1P"},"E51":{"t":"AT6T"},"E55":{"desc":"L1P","t":"ULAC"},"E5E":{"t":"C172"},"E69":{"desc":"L1P"},"E6B":{"t":"PA46"},"E6D":{"t":"ULAC"},"E6E":{"t":"ULAC"},"E73":{"desc":"L1P","t":"ULAC"},"E75":{"t":"LJ60"},"E76":{"desc":"H6E"},"E7A":{"desc":"L1P","t":"ULAC"},"E7B":{"t":"DA40"},"E85":{"t":"ULAC"},"E86":{"t":"PA44"},"E8F":{"t":"CRJ9"},"E97":{"t":"B753"},"EA3":{"desc":"L1P","t":"ULAC"},"EA9":{"t":"ULAC"},"EAA":{"t":"ULAC"},"EAC":{"desc":"L1P"},"EB0":{"t":"ULAC"},"EC5":{"t":"C68A"},"ECE":{"t":"B06"},"ED0":{"t":"GLID"},"ED5":{"desc":"L1P","t":"ULAC"},"ED9":{"desc":"L1P"},"EDF":{"desc":"L1P","t":"ULAC"},"EE3":{"t":"ULAC"},"EE6":{"desc":"L1P"},"EE7":{"t":"ULAC"},"EE8":{"t":"B58T"},"EE9":{"desc":"H1P"},"EEA":{"t":"ULAC"},"EF0":{"desc":"A1P"},"EF4":{"t":"C172"},"EF8":{"desc":"L1P"},"EF9":{"t":"ULAC"},"F00":{"t":"B58T"},"F02":{"t":"C182"},"F05":{"t":"ULAC"},"F06":{"desc":"H1J"},"F07":{"desc":"L1P","t":"ULAC"},"F08":{"desc":"L1P","t":"ULAC"},"F0B":{"t":"BE36"},"F0F":{"desc":"L1P","t":"ULAC"},"F10":{"desc":"L1P","t":"ULAC"},"F15":{"t":"B06"},"F1B":{"desc":"H6E"},"F23":{"t":"ULAC"},"F26":{"t":"B744"},"F2A":{"t":"ULAC"},"F2D":{"t":"A321"},"F31":{"t":"P28S"},"F32":{"t":"RV12"},"F34":{"t":"ULAC"},"F42":{"desc":"L1P"},"F48":{"desc":"H1P"},"F4C":{"desc":"L1P"},"F4D":{"desc":"L1P"},"F52":{"t":"N3N"},"F55":{"desc":"H1P"},"F5B":{"desc":"L1P","t":"ULAC"},"F63":{"desc":"L1P"},"F66":{"desc":"H4E"},"F75":{"t":"ULAC"},"F7D":{"t":"ULAC"},"F88":{"desc":"H6E"},"FAF":{"t":"C172"},"FB3":{"t":"BALL"},"FB4":{"t":"C210"},"FB7":{"t":"N3N"},"FB8":{"t":"BE33"},"FBD":{"t":"M20P"},"FBE":{"t":"C182"},"FBF":{"t":"BE35"},"FC1":{"t":"P28A"},"FC2":{"t":"ST75"},"FC3":{"t":"P28A"},"FC6":{"t":"PA22"},"FCB":{"desc":"L1P"},"FCD":{"t":"H269"},"FCF":{"t":"H269"},"FD2":{"t":"C172"},"FD4":{"t":"BE35"},"FD6":{"t":"C150"},"FD7":{"t":"C210"},"FD8":{"t":"C150"},"FD9":{"t":"PA16"},"FDB":{"t":"BE33"},"FDD":{"t":"C310"},"FDF":{"desc":"L1P"},"FE2":{"t":"BE35"},"FE6":{"t":"P28A"},"FEC":{"t":"ST75"},"FEF":{"desc":"H1P"},"FF3":{"t":"ST75"},"FF5":{"t":"C172"},"FF6":{"t":"C182"},"FF8":{"t":"PA22"},"FFA":{"t":"C210"},"FFB":{"t":"C150"},"FFD":{"t":"C182"},"FFE":{"t":"BE33"}}