{"000":{"desc":"L1P"},"002":{"t":"PA24"},"003":{"t":"M20P"},"005":{"t":"BE35"},"007":{"t":"P28A"},"009":{"t":"BE58"},"00A":{"t":"C310"},"00C":{"t":"PA22"},"011":{"t":"T6"},"013":{"t":"ST75"},"018":{"t":"PA44"},"026":{"t":"M20P"},"02A":{"t":"P28A"},"02C":{"t":"P28A"},"035":{"t":"C188"},"038":{"t":"BE55"},"03C":{"t":"C182"},"03E":{"t":"PA22"},"040":{"t":"P32R"},"041":{"t":"C150"},"048":{"t":"PA24"},"049":{"t":"M20P"},"04D":{"t":"P28A"},"04F":{"t":"P28A"},"051":{"t":"PA27"},"056":{"t":"H500"},"05E":{"t":"C172"},"062":{"t":"C150"},"067":{"t":"BE35"},"068":{"t":"AA5"},"069":{"t":"C310"},"06B":{"t":"PA24"},"06C":{"t":"M20P"},"06F":{"t":"P28A"},"070":{"t":"P28A"},"071":{"t":"GLID"},"072":{"t":"P28A"},"073":{"desc":"A1P"},"074":{"t":"PA27"},"076":{"desc":"L1P"},"077":{"t":"H500"},"078":{"t":"H500"},"081":{"desc":"L1P"},"082":{"t":"C182"},"083":{"t":"C402"},"087":{"t":"C150"},"08A":{"t":"BE35"},"08B":{"t":"AA5"},"08F":{"t":"M20P"},"093":{"t":"P28A"},"094":{"t":"GLID"},"0A7":{"t":"PA22"},"0A8":{"t":"C150"},"0A9":{"t":"C210"},"0AA":{"t":"C150"},"0AF":{"t":"C340"},"0B1":{"t":"PA24"},"0B2":{"t":"M20P"},"0B6":{"desc":"A1P","t":"ULAC"},"0B9":{"t":"C310"},"0BF":{"desc":"H1P"},"0C7":{"t":"C172"},"0C9":{"t":"BE35"},"0CA":{"t":"PA22"},"0CC":{"t":"C210"},"0CD":{"t":"C150"},"0D5":{"t":"M20P"},"0D6":{"t":"C150"},"0D7":{"t":"BE35"},"0DA":{"t":"GLID"},"0DD":{"desc":"L1P"},"0E0":{"t":"H269"},"0E4":{"desc":"L1P"},"0E6":{"t":"GLID"},"0EB":{"t":"C182"},"0EC":{"t":"BE35"},"0ED":{"desc":"L1T","t":"PA46"},"0EF":{"t":"C210"},"0F3":{"t":"BE55"},"0F8":{"t":"M20P"},"0F9":{"t":"GLID"},"0FA":{"t":"BE35"},"0FB":{"t":"GLID"},"0FC":{"t":"P28A"},"0FD":{"t":"GLID"},"100":{"desc":"A1P"},"106":{"t":"PA18"},"10E":{"t":"MD82"},"10F":{"desc":"H4E"},"110":{"t":"EC25"},"116":{"t":"GLF4"},"11E":{"t":"B738"},"13F":{"desc":"L1P"},"140":{"t":"P28A"},"143":{"t":"SR22"},"145":{"desc":"L1P"},"146":{"t":"E550"},"148":{"t":"C25B"},"149":{"t":"BE58"},"14D":{"t":"TBM7"},"151":{"t":"R44"},"158":{"t":"CL30"},"164":{"desc":"L1P"},"16D":{"t":"C421"},"171":{"desc":"L1P"},"175":{"t":"T206"},"18F":{"t":"MD11"},"195":{"t":"P28A"},"198":{"desc":"L1P","t":"ULAC"},"1A0":{"t":"CL30"},"1A4":{"t":"GLF5"},"1B8":{"t":"AC11"},"1D1":{"desc":"L1P"},"1D5":{"desc":"L1P","t":"ULAC"},"1D7":{"t":"A320"},"1DD":{"t":"C208"},"1E6":{"t":"E50P"},"1EE":{"t":"BE36"},"1F2":{"t":"E545"},"220":{"t":"B06"},"221":{"desc":"L1P"},"222":{"t":"B58T"},"223":{"desc":"H4E"},"227":{"t":"BE35"},"232":{"t":"DA40"},"23D":{"t":"PA44"},"245":{"desc":"L1P"},"246":{"t":"CRJ9"},"24E":{"t":"B753"},"263":{"t":"LJ45"},"265":{"t":"SR20"},"27C":{"t":"C56X"},"2A1":{"t":"C650"},"2B1":{"desc":"L1P"},"2B3":{"desc":"L1P"},"2BC":{"t":"BE55"},"2C1":{"t":"C560"},"2CD":{"t":"R44"},"2DD":{"t":"B744"},"2E4":{"t":"A321"},"2E8":{"t":"DC3"},"304":{"t":"B350"},"309":{"t":"N3N"},"30F":{"t":"COL4"},"312":{"t":"ULAC"},"31D":{"desc":"H4E"},"325":{"desc":"L1P"},"333":{"desc":"L1P"},"33F":{"desc":"H4E"},"365":{"desc":"L1P"},"366":{"t":"C172"},"367":{"t":"C182"},"368":{"t":"PA18"},"369":{"desc":"L2P"},"36B":{"t":"C210"},"36C":{"t":"C150"},"36D":{"desc":"L2P"},"36E":{"t":"C185"},"36F":{"t":"BE35"},"371":{"t":"ERCO"},"37A":{"t":"P28A"},"37C":{"t":"PA18"},"380":{"t":"C185"},"385":{"t":"FA62"},"38D":{"t":"C150"},"390":{"t":"PA16"},"392":{"t":"BE35"},"393":{"t":"AA5"},"397":{"t":"M20P"},"398":{"t":"BE36"},"399":{"t":"BE35"},"39C":{"t":"GLID"},"39D":{"t":"P28A"},"3A7":{"t":"C185"},"3AA":{"t":"H269"},"3AC":{"t":"C172"},"3AD":{"t":"C182"},"3B2":{"t":"C150"},"3B3":{"t":"PA16"},"3B5":{"t":"BE35"},"3B6":{"t":"AA5"},"3B8":{"t":"AC11"},"3B9":{"t":"PA24"},"3BA":{"t":"M20P"},"3BB":{"t":"AA5"},"3BC":{"t":"BE35"},"3BE":{"t":"P28A"},"3BF":{"t":"M20T"},"3C1":{"t":"T28"},"3C5":{"t":"GLID"},"3CE":{"desc":"L1P"},"3CF":{"t":"C172"},"3D0":{"t":"B25"},"3D2":{"t":"PA22"},"3D4":{"t":"C210"},"3D6":{"t":"PA16"},"3D7":{"t":"C172"},"3D8":{"t":"BE35"},"3DC":{"t":"PA24"},"3DD":{"t":"M20P"},"3DF":{"t":"BE35"},"3E2":{"t":"GLID"},"3E3":{"t":"P28A"},"3E5":{"t":"PA27"},"3E6":{"t":"PA22"},"3EE":{"t":"H500"},"3F4":{"t":"BE35"},"3F6":{"t":"C150"},"3F9":{"t":"PA16"},"3FB":{"t":"BE35"},"3FC":{"t":"AA5"},"400":{"t":"M20P"},"404":{"t":"P28A"},"405":{"t":"GLID"},"406":{"t":"P28A"},"40B":{"t":"H500"},"40E":{"t":"H269"},"411":{"t":"J3"},"415":{"t":"C172"},"416":{"t":"C182"},"419":{"t":"C150"},"41E":{"t":"BE35"},"422":{"t":"PA24"},"425":{"t":"BE35"},"42C":{"t":"PA22"},"42D":{"t":"H500"},"431":{"t":"GLID"},"433":{"t":"TAYD"},"436":{"t":"H269"},"438":{"t":"C172"},"43A":{"t":"BE35"},"43C":{"t":"C150"},"440":{"t":"C185"},"445":{"t":"PA24"},"44B":{"t":"GLID"},"44F":{"t":"PA22"},"453":{"t":"H269"},"455":{"t":"J3"},"458":{"t":"J3"},"45B":{"t":"C172"},"465":{"t":"AA5"},"468":{"t":"PA24"},"46B":{"t":"BE33"},"46D":{"t":"P28A"},"474":{"t":"H269"},"477":{"t":"J3"},"479":{"t":"J3"},"47B":{"t":"J3"},"47C":{"t":"J3"},"480":{"t":"BE35"},"485":{"t":"PA16"},"487":{"t":"BE35"},"488":{"t":"AA5"},"48B":{"t":"PA24"},"492":{"t":"P28A"},"498":{"t":"J3"},"499":{"t":"ST75"},"49A":{"t":"H269"},"49E":{"desc":"L1P","t":"ULAC"},"4A2":{"t":"C182"},"4A3":{"t":"BE35"},"4A8":{"t":"PA16"},"4AB":{"t":"AA5"},"4AE":{"t":"PA24"},"4AF":{"t":"M20P"},"4B0":{"t":"M7"},"4B1":{"t":"BE35"},"4B2":{"desc":"L1P"},"4B4":{"t":"GLID"},"4B8":{"t":"PA22"},"4B9":{"t":"ST75"},"4C0":{"t":"H269"},"4C3":{"desc":"L1P"},"4C4":{"t":"GLF4"},"4C6":{"t":"R44"},"4CA":{"t":"C182"},"4D5":{"t":"B738"},"4DD":{"t":"SR22"},"4DE":{"desc":"A1P","t":"ULAC"},"4E8":{"t":"BE58"},"4ED":{"desc":"L1P"},"4F6":{"t":"S108"},"4F7":{"t":"AC11"},"4F9":{"t":"R44"},"4FA":{"t":"SR22"},"4FC":{"t":"SR22"},"500":{"t":"BE58"},"501":{"t":"BE58"},"502":{"t":"M20P"},"504":{"t":"SR22"},"50F":{"t":"CL30"},"512":{"t":"S22T"},"515":{"t":"BE58"},"516":{"t":"BE58"},"520":{"t":"B58T"},"521":{"t":"BE58"},"524":{"desc":"L2P"},"538":{"t":"GLF4"},"541":{"desc":"L1P"},"546":{"t":"MD11"},"54C":{"t":"P28A"},"557":{"t":"CL30"},"55B":{"t":"GLF5"},"581":{"t":"BE58"},"58E":{"t":"A320"},"594":{"desc":"L1P"},"59D":{"t":"E50P"},"5A0":{"t":"PC12"},"5A5":{"desc":"L1P"},"5BE":{"t":"AA5"},"5C7":{"desc":"L1P"},"5C8":{"desc":"L1P"},"5CA":{"desc":"L1P"},"5CC":{"desc":"L1T","t":"M600"},"5CD":{"t":"C182"},"5D3":{"t":"S108"},"5D7":{"t":"T6"},"5D8":{"desc":"L1T"},"5D9":{"t":"B58T"},"5DC":{"t":"BE58"},"5E0":{"t":"BE58"},"5E1":{"t":"GLID"},"5E3":{"desc":"L1T","t":"M600"},"5E5":{"desc":"H4E"},"5E9":{"t":"DA40"},"5EC":{"t":"BE58"},"5FD":{"t":"CRJ9"},"605":{"t":"B753"},"609":{"desc":"L1P"},"60C":{"t":"BE58"},"61A":{"t":"C550"},"633":{"t":"C68A"},"63B":{"t":"BE58"},"63D":{"t":"R44"},"643":{"t":"R44"},"644":{"desc":"L2P"},"647":{"t":"BE58"},"64E":{"t":"BE58"},"64F":{"desc":"L1P"},"654":{"t":"P28R"},"657":{"t":"P28A"},"65A":{"t":"C172"},"660":{"t":"BE58"},"662":{"t":"C172"},"664":{"t":"SR22"},"666":{"t":"PC12"},"669":{"t":"E120"},"66D":{"t":"GLID"},"66F":{"t":"BE58"},"686":{"desc":"L1P"},"69B":{"t":"A321"},"69F":{"t":"F2TH"},"6B8":{"t":"BE58"},"6F4":{"t":"AA1"},"6F6":{"desc":"H4E"},"713":{"t":"BALL"},"721":{"t":"C150"},"724":{"t":"PA16"},"726":{"t":"BE35"},"72D":{"t":"BE35"},"72F":{"t":"P28A"},"740":{"t":"C172"},"741":{"t":"C182"},"743":{"t":"PA22"},"746":{"t":"C172"},"749":{"t":"BE35"},"750":{"t":"BE55"},"754":{"t":"P28A"},"757":{"desc":"H2T"},"758":{"t":"ST75"},"75D":{"t":"H500"},"75E":{"t":"ST75"},"764":{"t":"C182"},"768":{"t":"C210"},"76A":{"t":"PA16"},"76C":{"t":"BE35"},"76D":{"t":"AA5"},"76F":{"t":"AC11"},"770":{"t":"PA24"},"771":{"t":"M20P"},"774":{"t":"C185"},"776":{"t":"GLID"},"777":{"t":"P28A"},"783":{"t":"H500"},"785":{"t":"B06"},"78A":{"t":"C150"},"78B":{"t":"C210"},"78D":{"t":"PA16"},"78E":{"desc":"L1P"},"790":{"t":"AA5"},"791":{"t":"C310"},"794":{"t":"M20P"},"798":{"t":"P28A"},"79A":{"t":"P28A"},"79B":{"t":"C310"},"79D":{"t":"PA22"},"79E":{"t":"H500"},"79F":{"t":"H500"},"7A1":{"t":"PT22"},"7A4":{"t":"B407"},"7AF":{"t":"C150"},"7B0":{"t":"PA16"},"7B2":{"t":"BE33"},"7B3":{"t":"AA5"},"7B6":{"t":"PA24"},"7B9":{"t":"BE35"},"7BC":{"t":"GLID"},"7BD":{"t":"P28A"},"7BF":{"t":"BE58"},"7C0":{"t":"PA22"},"7C2":{"t":"C206"},"7C3":{"t":"C182"},"7C4":{"t":"C182"},"7C7":{"t":"ST75"},"7D1":{"t":"P28A"},"7D2":{"t":"C150"},"7D6":{"t":"AA5"},"7D7":{"t":"C310"},"7D9":{"t":"PA24"},"7DC":{"t":"BE35"},"7E1":{"t":"C310"},"7E3":{"desc":"L1P"},"7E8":{"t":"C182"},"7EB":{"t":"C182"},"7EC":{"t":"C182"},"7EF":{"t":"C172"},"7F1":{"t":"BE35"},"7F3":{"t":"C150"},"7F4":{"t":"P28A"},"7F6":{"t":"PA16"},"7F8":{"t":"BE35"},"7FD":{"t":"M20P"},"802":{"t":"L39"},"809":{"t":"J3"},"80C":{"t":"C182"},"80D":{"t":"C206"},"80E":{"t":"C182"},"80F":{"desc":"H1T"},"810":{"t":"C182"},"812":{"t":"C172"},"813":{"t":"C182"},"81F":{"t":"PA24"},"822":{"t":"BE35"},"824":{"t":"P28A"},"826":{"t":"P28A"},"827":{"t":"S10"},"828":{"t":"PA27"},"82A":{"t":"C182"},"82C":{"t":"C182"},"82D":{"t":"J3"},"831":{"t":"ST75"},"833":{"t":"H500"},"835":{"desc":"L1P"},"836":{"t":"C182"},"837":{"t":"BE35"},"83A":{"desc":"L1J"},"83B":{"t":"C150"},"83C":{"t":"PA16"},"83E":{"t":"BE35"},"83F":{"t":"AA5"},"843":{"t":"M20P"},"848":{"t":"P32R"},"849":{"t":"P28A"},"850":{"t":"C182"},"851":{"t":"C182"},"855":{"t":"C182"},"858":{"t":"C172"},"85D":{"t":"P28A"},"860":{"t":"C185"},"861":{"t":"BE35"},"865":{"t":"PA24"},"86C":{"t":"P28A"},"86F":{"t":"PA22"},"870":{"desc":"L1P"},"876":{"t":"C182"},"878":{"t":"C182"},"87A":{"t":"GLID"},"87B":{"t":"GLF5"},"87C":{"t":"MD82"},"87D":{"t":"SR22"},"87E":{"t":"EC25"},"880":{"t":"AS50"},"882":{"desc":"L1P"},"887":{"t":"C182"},"88C":{"t":"B738"},"88D":{"t":"BE9L"},"890":{"t":"P28A"},"894":{"t":"PA27"},"896":{"t":"C182"},"897":{"desc":"L1P"},"89B":{"t":"C501"},"89C":{"desc":"L1P"},"8A2":{"t":"PRM1"},"8A9":{"t":"DA40"},"8AD":{"desc":"L1P"},"8AE":{"t":"AC11"},"8AF":{"desc":"L1P"},"8B0":{"desc":"L1P"},"8B1":{"t":"SR22"},"8B2":{"t":"BE20"},"8B3":{"t":"SR22"},"8B5":{"t":"EC45"},"8B7":{"t":"BE58"},"8B9":{"t":"C185"},"8BB":{"t":"C182"},"8C6":{"t":"GLF5"},"8C8":{"t":"C182"},"8CB":{"t":"P28A"},"8CE":{"desc":"G1P"},"8D2":{"t":"C525"},"8D4":{"desc":"L1P"},"8D6":{"desc":"H1T","t":"B505"},"8DB":{"t":"GLF5"},"8E4":{"t":"E55P"},"8E8":{"t":"SR20"},"8ED":{"t":"C25A"},"8F0":{"t":"C56X"},"8FC":{"t":"C560"},"8FD":{"t":"MD11"},"906":{"desc":"L1P"},"90E":{"t":"CL30"},"911":{"t":"GA5C"},"913":{"t":"SR22"},"914":{"t":"TBM7"},"916":{"t":"P28A"},"918":{"t":"R44"},"921":{"desc":"H4E"},"922":{"t":"GLF6"},"923":{"t":"SR22"},"943":{"desc":"L1P","t":"ULAC"},"945":{"t":"A320"},"946":{"t":"GLF5"},"947":{"desc":"L1P"},"94F":{"desc":"H4E"},"954":{"t":"E50P"},"958":{"desc":"L1P"},"963":{"t":"BE36"},"96D":{"t":"C550"},"96E":{"t":"C550"},"977":{"t":"BALL"},"97E":{"desc":"L1P"},"98E":{"t":"C750"},"98F":{"t":"BL8"},"991":{"t":"C525"},"997":{"t":"BE36"},"999":{"t":"C525"},"99E":{"desc":"L1P"},"9A0":{"t":"DA40"},"9B0":{"desc":"L1T"},"9B3":{"desc":"L1P","t":"ULAC"},"9B4":{"t":"CRJ9"},"9BC":{"t":"B753"},"9BE":{"t":"PA27"},"9C1":{"t":"C425"},"9C3":{"t":"E55P"},"9C4":{"desc":"L1E"},"9C9":{"t":"CL60"},"9CA":{"t":"SF50"},"9CB":{"t":"G280"},"9CC":{"t":"C185"},"9D2":{"t":"AA5"},"9EA":{"t":"C68A"},"9F4":{"t":"BE20"},"9F6":{"t":"C172"},"9FB":{"t":"BE58"},"9FE":{"t":"GLF5"},"A06":{"desc":"L1P"},"A0C":{"desc":"L1E","t":"C208"},"A0E":{"t":"B350"},"A0F":{"t":"B06"},"A15":{"desc":"L1P"},"A19":{"t":"SR20"},"A1B":{"t":"SR22"},"A1C":{"desc":"L1P"},"A20":{"t":"S22T"},"A21":{"desc":"L1P"},"A22":{"desc":"L1P"},"A25":{"desc":"H4E"},"A27":{"t":"SR20"},"A29":{"desc":"L1P"},"A2B":{"desc":"L1P"},"A38":{"t":"E55P"},"A39":{"t":"B212"},"A3D":{"desc":"G1P","t":"GYRO"},"A4E":{"desc":"H1P"},"A52":{"t":"A321"},"A56":{"desc":"L1P"},"A59":{"t":"H25B"},"A73":{"desc":"L1P"},"A80":{"t":"AA5"},"A81":{"t":"C25B"},"A84":{"desc":"L1P"},"A88":{"t":"P208"},"AA4":{"desc":"H4E"},"ABA":{"t":"C185"},"ABD":{"desc":"H6E"},"AD9":{"t":"C210"},"ADE":{"t":"AA5"},"ADF":{"t":"C310"},"AE1":{"t":"PA24"},"AE2":{"t":"M20P"},"AE3":{"t":"AT5T"},"AE6":{"t":"P28A"},"AE8":{"t":"P28A"},"AEB":{"t":"PA22"},"AED":{"t":"C208"},"AEE":{"t":"C206"},"AF0":{"t":"C182"},"AF1":{"t":"C182"},"AF2":{"t":"C182"},"AFA":{"t":"PA22"},"AFF":{"t":"BE33"},"B01":{"t":"AA5"},"B06":{"t":"C172"},"B09":{"t":"P28A"},"B0A":{"t":"P28A"},"B0B":{"t":"P28A"},"B0E":{"t":"PA22"},"B14":{"t":"C182"},"B16":{"t":"C182"},"B17":{"t":"C182"},"B19":{"t":"WACO"},"B1B":{"t":"C182"},"B1C":{"desc":"L1P"},"B1D":{"t":"PA22"},"B1F":{"t":"C210"},"B20":{"t":"C150"},"B21":{"t":"PA16"},"B23":{"t":"C550"},"B24":{"t":"AA5"},"B28":{"t":"M20P"},"B29":{"t":"C172"},"B2E":{"t":"P28A"},"B2F":{"t":"C310"},"B31":{"t":"PA22"},"B34":{"t":"C182"},"B3A":{"t":"FA62"},"B3D":{"t":"C172"},"B40":{"t":"PA22"},"B43":{"t":"C150"},"B45":{"t":"BE33"},"B47":{"t":"AA5"},"B4A":{"t":"PA24"},"B4C":{"t":"C172"},"B4D":{"t":"BE35"},"B4F":{"t":"P28A"},"B52":{"t":"C310"},"B60":{"t":"SR22"},"B61":{"t":"C182"},"B63":{"t":"PA22"},"B65":{"t":"P32R"},"B68":{"t":"BE33"},"B6A":{"t":"AA5"},"B6B":{"t":"C310"},"B6C":{"t":"AC11"},"B6F":{"t":"P180"},"B70":{"t":"BE55"},"B72":{"t":"P28A"},"B74":{"t":"P28A"},"B77":{"t":"AS50"},"B7A":{"t":"T50"},"B7E":{"t":"C182"},"B80":{"t":"C182"},"B81":{"t":"C182"},"B84":{"t":"C182"},"B86":{"t":"PA22"},"B88":{"t":"C210"},"B8A":{"t":"PA16"},"B8D":{"t":"AA5"},"B92":{"t":"C172"},"B93":{"desc":"A1P"},"B94":{"t":"BE55"},"B96":{"desc":"L2P"},"B97":{"t":"P28A"},"B9A":{"t":"AS50"},"B9F":{"t":"C182"},"BA3":{"t":"C182"},"BA9":{"t":"PA22"},"BAA":{"t":"C150"},"BAD":{"t":"PA16"},"BAE":{"t":"BE33"},"BB0":{"t":"AA5"},"BB3":{"t":"PA24"},"BB4":{"t":"M20P"},"BB6":{"t":"BE95"},"BBA":{"t":"P28A"},"BBC":{"t":"PA27"},"BBD":{"t":"PA22"},"BBE":{"t":"C182"},"BC9":{"t":"C172"},"BCA":{"t":"C182"},"BCF":{"t":"C150"},"BD2":{"t":"BE55"},"BD3":{"t":"AA5"},"BD4":{"t":"C310"},"BD8":{"t":"C172"},"BDC":{"t":"P28A"},"BE2":{"desc":"L1P"},"BE8":{"desc":"L1P"},"BEB":{"t":"S22T"},"BEC":{"t":"C172"},"BED":{"t":"BE58"},"BF3":{"t":"PA16"},"BF4":{"t":"BE35"},"BF9":{"t":"B58T"},"BFB":{"t":"C172"},"BFD":{"t":"C182"},"C00":{"t":"P28A"},"C02":{"t":"PA27"},"C04":{"t":"C182"},"C06":{"t":"C182"},"C07":{"t":"C182"},"C09":{"t":"ERCO"},"C0A":{"t":"C182"},"C0D":{"t":"AT5T"},"C10":{"t":"C182"},"C13":{"t":"C150"},"C17":{"t":"C185"},"C1A":{"t":"C340"},"C1B":{"t":"AC11"},"C1C":{"t":"PA24"},"C1D":{"t":"M20P"},"C22":{"t":"P28A"},"C26":{"t":"PA22"},"C28":{"t":"C182"},"C2A":{"t":"C182"},"C2E":{"t":"C182"},"C31":{"t":"P28A"},"C33":{"t":"MD82"},"C35":{"t":"EC25"},"C3D":{"t":"CL30"},"C3E":{"t":"EC35"},"C43":{"t":"B738"},"C44":{"t":"PC12"},"C4C":{"desc":"L1P"},"C56":{"desc":"L1P","t":"ULAC"},"C60":{"t":"B350"},"C6A":{"t":"SR22"},"C6E":{"t":"BE58"},"C72":{"t":"C172"},"C7D":{"t":"GLF4"},"C7F":{"desc":"L1P"},"C81":{"desc":"L1P"},"C89":{"t":"E55P"},"C8D":{"t":"PC12"},"C91":{"t":"AC90"},"C95":{"t":"C56X"},"C99":{"t":"M7"},"C9A":{"t":"C25C"},"CA7":{"desc":"L1P"},"CAF":{"desc":"L1P"},"CB3":{"t":"C25A"},"CB4":{"t":"MD11"},"CBA":{"t":"P28A"},"CC5":{"t":"CL30"},"CC8":{"t":"GLF5"},"CC9":{"t":"GA5C"},"CDA":{"desc":"L1P"},"CDC":{"t":"GLF5"},"CEF":{"t":"BE60"},"CFA":{"desc":"L1P","t":"ULAC"},"CFC":{"t":"A320"},"D0A":{"t":"C310"},"D13":{"t":"P28A"},"D32":{"t":"A119"},"D45":{"t":"C750"},"D46":{"t":"P28A"},"D48":{"t":"C82S"},"D57":{"t":"DA40"},"D6B":{"t":"CRJ9"},"D73":{"t":"B753"},"D78":{"desc":"H6E"},"D7A":{"desc":"L2J"},"D8A":{"t":"SR20"},"DA1":{"t":"C68A"},"DAF":{"t":"BE58"},"DB0":{"desc":"L1P"},"DB1":{"desc":"L1P"},"DB2":{"t":"C182"},"DB3":{"desc":"L1P"},"DBE":{"t":"GLF5"},"DC2":{"t":"C172"},"DC4":{"t":"P28B"},"DC5":{"t":"B06"},"DD2":{"t":"SR22"},"DD7":{"t":"E120"},"DE4":{"t":"CL60"},"DE7":{"t":"T206"},"DEC":{"t":"R44"},"DF7":{"t":"BE20"},"E09":{"t":"A321"},"E2A":{"t":"PC12"},"E2E":{"t":"EC35"},"E2F":{"t":"S22T"},"E5C":{"t":"BE9L"},"E64":{"desc":"H4E"},"E8B":{"t":"C172"},"E8E":{"t":"PA22"},"E8F":{"t":"C150"},"E90":{"t":"C210"},"E91":{"t":"C150"},"E92":{"t":"R66"},"E93":{"t":"C182"},"E95":{"t":"AA5"},"E99":{"t":"M20P"},"E9A":{"t":"C172"},"E9C":{"desc":"L1P"},"E9E":{"t":"P28R"},"EA4":{"t":"C182"},"EA5":{"t":"C182"},"EA7":{"t":"TAYD"},"EAA":{"t":"C182"},"EAF":{"t":"LJ45"},"EB1":{"t":"PA22"},"EB2":{"t":"C150"},"EB5":{"t":"R66"},"EBA":{"t":"AC11"},"EBE":{"t":"BE33"},"EC0":{"t":"P28A"},"ECA":{"t":"PT22"},"ECE":{"t":"ST75"},"ED0":{"t":"ST75"},"ED1":{"t":"C172"},"ED2":{"t":"C182"},"ED8":{"t":"R66"},"ED9":{"t":"C182"},"EDC":{"t":"C310"},"EE0":{"t":"C172"},"EE4":{"desc":"L1P"},"EE8":{"t":"PA22"},"EE9":{"t":"C182"},"EED":{"t":"C182"},"EEF":{"t":"C182"},"EF1":{"t":"C182"},"EF2":{"t":"J3"},"EF3":{"t":"SR22"},"EF4":{"t":"C172"},"EF5":{"t":"C182"},"EF8":{"t":"C150"},"EFB":{"t":"R66"},"EFC":{"t":"BE35"},"F01":{"t":"PA24"},"F04":{"t":"BE33"},"F06":{"t":"P28A"},"F08":{"desc":"L1P"},"F0B":{"t":"PA22"},"F0D":{"t":"C182"},"F0F":{"t":"C182"},"F10":{"t":"C182"},"F11":{"t":"C182"},"F12":{"t":"C182"},"F17":{"t":"C172"},"F18":{"t":"C182"},"F1C":{"t":"C210"},"F1D":{"t":"C150"},"F1F":{"t":"BE35"},"F26":{"t":"C172"},"F29":{"t":"P28A"},"F2A":{"t":"P28B"},"F2B":{"t":"P28A"},"F2E":{"t":"PA22"},"F30":{"t":"C182"},"F34":{"t":"C182"},"F35":{"t":"C182"},"F36":{"t":"C180"},"F3C":{"t":"BE35"},"F3D":{"t":"PA22"},"F41":{"t":"R66"},"F44":{"t":"AA5"},"F47":{"t":"PA24"},"F4A":{"t":"BE33"},"F4C":{"t":"P28A"},"F4D":{"t":"B25"},"F4E":{"t":"P28A"},"F52":{"t":"C182"},"F53":{"t":"PT22"},"F54":{"t":"C182"},"F55":{"t":"C182"},"F5A":{"t":"C182"},"F5B":{"t":"C182"},"F5D":{"t":"C172"},"F5E":{"t":"C182"},"F60":{"t":"PA22"},"F61":{"t":"C150"},"F62":{"t":"C210"},"F64":{"t":"PA16"},"F65":{"t":"BE33"},"F67":{"t":"AA5"},"F6A":{"t":"PA24"},"F6B":{"t":"M20P"},"F6C":{"t":"C172"},"F6F":{"t":"P28A"},"F71":{"t":"P28A"},"F77":{"t":"C182"},"F79":{"t":"C182"},"F7B":{"t":"C182"},"F7F":{"t":"BE18"},"F80":{"t":"C172"},"F82":{"t":"C150"},"F85":{"t":"C210"},"F86":{"t":"C150"},"F87":{"t":"R66"},"F88":{"t":"BE55"},"F8A":{"t":"AA5"},"F8D":{"t":"PA24"},"F8E":{"t":"M20P"},"F8F":{"t":"C172"},"F97":{"t":"PA22"},"F9B":{"t":"C182"},"FA5":{"t":"C340"},"FA6":{"t":"PA22"},"FAA":{"t":"PA16"},"FAD":{"t":"AA5"},"FB1":{"t":"M20P"},"FB2":{"t":"C172"},"FB3":{"t":"BE55"},"FB6":{"t":"P32R"},"FB7":{"t":"P28A"},"FC3":{"t":"FA62"},"FC4":{"t":"C182"},"FC6":{"t":"C172"},"FC7":{"t":"C182"},"FC9":{"t":"PA22"},"FCA":{"t":"C150"},"FCB":{"t":"C210"},"FCD":{"t":"R66"},"FD9":{"t":"J3"},"FDC":{"t":"B06"},"FDF":{"t":"C182"},"FE1":{"t":"C182"},"FE2":{"desc":"L1P"},"FE3":{"desc":"L1P"},"FE6":{"t":"VALI"},"FE8":{"desc":"L1P"},"FEB":{"desc":"L2T"},"FEC":{"t":"EC25"},"FEE":{"t":"AS50"},"FF5":{"desc":"L1P"},"FF6":{"t":"BE58"},"FFA":{"t":"B738"},"FFB":{"t":"SR22"}}