{"001":{"desc":"A1P"},"002":{"desc":"L1P"},"003":{"desc":"A1P","t":"ULAC"},"005":{"t":"C182"},"01D":{"desc":"L1P"},"025":{"t":"BE58"},"029":{"t":"SR22"},"039":{"t":"R44"},"03A":{"t":"P46T"},"03B":{"t":"SR22"},"040":{"desc":"L1P"},"045":{"desc":"L2J"},"048":{"t":"GLF4"},"04C":{"t":"F900"},"04D":{"desc":"L1P"},"066":{"desc":"L1P","t":"ULAC"},"067":{"t":"CL30"},"06B":{"t":"MD11"},"071":{"t":"P28A"},"07C":{"t":"CL30"},"07F":{"t":"GLF5"},"080":{"t":"GA5C"},"085":{"t":"C310"},"099":{"t":"B763"},"0B1":{"desc":"L1P","t":"ULAC"},"0B3":{"t":"A320"},"0B7":{"t":"PC12"},"0B8":{"desc":"L1P","t":"ULAC"},"0BC":{"desc":"L1P"},"0C3":{"t":"PC24"},"0CA":{"t":"P28A"},"0CC":{"t":"CH7B"},"0E3":{"t":"BE35"},"0FD":{"t":"P28A"},"104":{"t":"EC45"},"10E":{"t":"DA40"},"111":{"t":"C421"},"119":{"desc":"L1P"},"11F":{"t":"A321"},"122":{"t":"CRJ9"},"12A":{"t":"B753"},"12F":{"t":"PA18"},"130":{"t":"BE9L"},"131":{"t":"ULAC"},"132":{"t":"BE33"},"135":{"t":"SR20"},"141":{"t":"SR20"},"158":{"t":"C56X"},"162":{"desc":"L1P"},"16A":{"t":"BE33"},"171":{"t":"RV12"},"174":{"desc":"L1P"},"179":{"t":"BL8"},"17C":{"desc":"L1P","t":"ULAC"},"17F":{"desc":"L1P"},"184":{"t":"C750"},"187":{"t":"C172"},"193":{"t":"P208"},"1A0":{"t":"PA22"},"1A7":{"t":"BE20"},"1C0":{"t":"A321"},"1DD":{"desc":"L1P","t":"ULAC"},"1EB":{"desc":"L1P"},"242":{"t":"C172"},"243":{"t":"C182"},"249":{"t":"R66"},"24D":{"t":"C340"},"24F":{"t":"PA24"},"250":{"t":"M20P"},"252":{"t":"BE33"},"254":{"t":"P28A"},"255":{"t":"P32R"},"25A":{"t":"ST75"},"25B":{"t":"C182"},"261":{"t":"C182"},"267":{"t":"C182"},"26C":{"t":"R66"},"26F":{"t":"AA5"},"271":{"t":"AC11"},"272":{"t":"PA24"},"273":{"t":"M20P"},"275":{"t":"BE33"},"27C":{"t":"PA22"},"27F":{"t":"ST75"},"281":{"t":"C182"},"28D":{"t":"C210"},"28E":{"t":"C150"},"292":{"t":"AA5"},"293":{"t":"C310"},"294":{"t":"AC11"},"296":{"t":"M20P"},"297":{"t":"C172"},"29F":{"t":"PA22"},"2A0":{"t":"ST75"},"2A6":{"desc":"L1P"},"2A9":{"t":"PT22"},"2AB":{"t":"C172"},"2B0":{"t":"C210"},"2B3":{"t":"BE33"},"2B9":{"t":"M20P"},"2BA":{"t":"C172"},"2C2":{"t":"PA22"},"2CC":{"t":"C182"},"2CD":{"desc":"L1P"},"2CE":{"t":"C172"},"2CF":{"t":"C182"},"2D0":{"t":"C421"},"2D1":{"t":"PA18"},"2D5":{"t":"PA16"},"2D6":{"t":"BE35"},"2D9":{"t":"YK52"},"2DD":{"t":"C172"},"2E0":{"t":"P28A"},"2E2":{"t":"P28A"},"2E5":{"t":"PA22"},"2E6":{"t":"T6"},"2E7":{"t":"FA62"},"2E8":{"t":"C182"},"2E9":{"t":"T34P"},"2ED":{"t":"C182"},"2EF":{"t":"FA62"},"2F0":{"t":"FDCT"},"2F1":{"t":"C172"},"2F2":{"t":"C182"},"2F7":{"desc":"L1P"},"2F8":{"t":"PA16"},"2F9":{"t":"BE35"},"300":{"t":"C172"},"301":{"t":"BE33"},"303":{"t":"P28A"},"304":{"t":"P28A"},"308":{"t":"PA22"},"312":{"desc":"L1P"},"314":{"t":"C172"},"317":{"t":"PA22"},"318":{"t":"C150"},"31C":{"t":"BE35"},"322":{"t":"M20P"},"323":{"t":"C172"},"324":{"t":"BE35"},"328":{"t":"P28A"},"32B":{"t":"PA22"},"32F":{"t":"C182"},"331":{"t":"B06"},"332":{"t":"C182"},"337":{"t":"C172"},"33C":{"t":"P28A"},"33D":{"t":"C150"},"33E":{"t":"YK52"},"341":{"t":"AA5"},"342":{"t":"C310"},"343":{"t":"AC11"},"345":{"t":"M20P"},"346":{"t":"C172"},"347":{"t":"BE35"},"348":{"t":"C185"},"34A":{"t":"P28A"},"34B":{"t":"ULAC"},"350":{"t":"C182"},"352":{"t":"C182"},"355":{"t":"C182"},"357":{"t":"C182"},"35B":{"t":"C182"},"35E":{"t":"C172"},"35F":{"t":"C210"},"360":{"desc":"L1P"},"361":{"t":"PA16"},"362":{"t":"BE35"},"363":{"t":"AC90"},"364":{"t":"AA5"},"365":{"t":"C340"},"36A":{"t":"BE33"},"36C":{"t":"P28A"},"36D":{"t":"P28A"},"36E":{"t":"P28A"},"371":{"desc":"L1P"},"372":{"t":"C182"},"377":{"desc":"L1P"},"37B":{"desc":"L1P"},"37D":{"t":"C172"},"37F":{"t":"BE35"},"381":{"t":"C150"},"384":{"t":"PA16"},"385":{"t":"BE33"},"387":{"t":"AA5"},"389":{"t":"AC11"},"38F":{"t":"P28A"},"395":{"t":"C182"},"398":{"t":"C182"},"399":{"t":"C182"},"39D":{"t":"C182"},"39E":{"t":"FA62"},"3A0":{"desc":"L1P"},"3A1":{"desc":"H4E"},"3A3":{"t":"C550"},"3A5":{"t":"B06"},"3A7":{"desc":"H8E"},"3A9":{"desc":"H2T"},"3AC":{"t":"C240"},"3AD":{"t":"BE58"},"3B1":{"t":"B738"},"3B2":{"t":"GLF5"},"3B4":{"desc":"L1P"},"3B9":{"desc":"L1P"},"3BA":{"desc":"A1P","t":"ULAC"},"3BC":{"t":"BL8"},"3BF":{"t":"LJ60"},"3C2":{"t":"ERCO"},"3C9":{"t":"C152"},"3CA":{"t":"P32T"},"3D2":{"t":"S108"},"3D3":{"t":"P46T"},"3D4":{"t":"E55P"},"3D5":{"t":"C56X"},"3DA":{"desc":"L2J"},"3DC":{"t":"BE58"},"3DE":{"desc":"L1P"},"3E0":{"t":"PA24"},"3E4":{"t":"SR22"},"3EB":{"t":"BE55"},"3EC":{"desc":"L1P","t":"ULAC"},"3EE":{"t":"C182"},"3F1":{"t":"RV12"},"3F3":{"desc":"L1P"},"3F7":{"t":"C310"},"3FC":{"t":"CH7A"},"403":{"t":"GLF5"},"406":{"t":"S22T"},"422":{"t":"MD11"},"433":{"t":"CL30"},"436":{"t":"GLF5"},"437":{"t":"GA5C"},"447":{"t":"F900"},"450":{"t":"B763"},"45D":{"t":"F900"},"464":{"desc":"H1T"},"46A":{"t":"A320"},"46F":{"desc":"L1P"},"484":{"t":"PC12"},"49B":{"t":"P28A"},"49D":{"t":"C172"},"49F":{"t":"R22"},"4B3":{"t":"GLID"},"4B4":{"t":"B06"},"4B6":{"t":"PA34"},"4BF":{"t":"GLEX"},"4C1":{"t":"B06"},"4C5":{"t":"DA40"},"4D0":{"t":"PA44"},"4D3":{"t":"PC12"},"4D6":{"t":"A321"},"4D9":{"t":"CRJ9"},"4DD":{"desc":"H4E"},"4E1":{"t":"B753"},"4E5":{"t":"BE58"},"4E8":{"t":"BE36"},"4EB":{"t":"COL4"},"4F6":{"t":"C208"},"4FB":{"t":"GLF5"},"50F":{"t":"C56X"},"51F":{"desc":"H1P"},"527":{"t":"C310"},"528":{"t":"C25B"},"52B":{"desc":"L1P"},"530":{"desc":"L1P"},"531":{"t":"BE9L"},"533":{"desc":"L1P","t":"ULAC"},"534":{"t":"BE9L"},"535":{"t":"GLF6"},"537":{"t":"LJ45"},"53E":{"t":"B58T"},"540":{"t":"SR22"},"545":{"t":"SR20"},"549":{"t":"BE58"},"54A":{"t":"P208"},"54B":{"t":"C421"},"54E":{"desc":"L1P"},"54F":{"desc":"A1P"},"552":{"desc":"L1P"},"556":{"t":"GLF5"},"55E":{"t":"B06"},"57B":{"t":"GLID"},"5A6":{"desc":"L1P"},"5B8":{"desc":"L1P"},"5C6":{"desc":"L1P"},"5D2":{"desc":"H1E"},"5DF":{"desc":"L1P"},"5EF":{"desc":"H4E"},"5F8":{"t":"BALL"},"5FD":{"t":"C172"},"601":{"t":"BE33"},"602":{"t":"T206"},"604":{"t":"C310"},"607":{"t":"M20P"},"60C":{"t":"P28S"},"60D":{"t":"P28A"},"610":{"desc":"L1P"},"611":{"t":"C182"},"612":{"t":"S22T"},"61F":{"t":"PA18"},"623":{"t":"PA16"},"624":{"t":"BE35"},"62B":{"t":"C172"},"62C":{"t":"BE33"},"62E":{"t":"P28A"},"62F":{"t":"P28S"},"634":{"t":"FA62"},"636":{"t":"C182"},"63C":{"t":"C182"},"640":{"t":"C182"},"644":{"t":"P28A"},"649":{"t":"AA5"},"64C":{"t":"PA24"},"64D":{"t":"M20P"},"64E":{"t":"C172"},"64F":{"t":"BE33"},"650":{"t":"C421"},"651":{"t":"P28A"},"658":{"t":"C182"},"65A":{"t":"C182"},"661":{"t":"GLEX"},"666":{"t":"C150"},"668":{"t":"C150"},"66A":{"t":"BE35"},"66C":{"t":"AA5"},"670":{"t":"M20P"},"679":{"t":"PA22"},"67A":{"t":"C182"},"67B":{"t":"C182"},"67C":{"t":"C182"},"67E":{"t":"DG15"},"681":{"desc":"A2P"},"685":{"t":"C172"},"688":{"t":"PA18"},"68D":{"t":"BE55"},"693":{"t":"M20P"},"697":{"t":"P28A"},"6A0":{"t":"C182"},"6A7":{"desc":"L1P","t":"ULAC"},"6A9":{"t":"C182"},"6AB":{"t":"PA18"},"6AC":{"t":"C150"},"6B3":{"t":"C310"},"6B4":{"t":"ULAC"},"6B5":{"t":"PA24"},"6B9":{"t":"C185"},"6BF":{"t":"PA22"},"6C1":{"t":"C182"},"6C2":{"t":"C182"},"6C3":{"t":"C182"},"6C5":{"t":"DG15"},"6C6":{"t":"DG15"},"6C9":{"t":"C182"},"6CC":{"t":"C182"},"6CE":{"t":"PA18"},"6D0":{"t":"P28A"},"6D2":{"t":"PA16"},"6D5":{"desc":"L1P"},"6D6":{"t":"SR20"},"6D8":{"t":"PA24"},"6D9":{"desc":"L1P","t":"ULAC"},"6DA":{"t":"C172"},"6DB":{"t":"BE55"},"6E0":{"t":"PA18"},"6E2":{"t":"PA22"},"6E3":{"t":"C182"},"6E8":{"t":"C182"},"6E9":{"t":"C182"},"6EF":{"t":"C182"},"6F1":{"t":"PA18"},"6F3":{"t":"C210"},"6FA":{"t":"AC11"},"6FC":{"desc":"L1P"},"6FE":{"t":"BE35"},"700":{"t":"P28A"},"704":{"t":"PA27"},"709":{"t":"C182"},"70D":{"t":"C182"},"710":{"t":"DA42"},"711":{"t":"C172"},"713":{"t":"C206"},"714":{"t":"PA18"},"718":{"t":"PA16"},"71A":{"desc":"H1P"},"71B":{"t":"BE60"},"71E":{"t":"PA24"},"71F":{"t":"M20P"},"720":{"t":"C172"},"721":{"t":"BE55"},"722":{"t":"BE35"},"723":{"t":"P28A"},"728":{"t":"PA22"},"72B":{"t":"C182"},"72D":{"t":"C182"},"72E":{"t":"C182"},"731":{"t":"C182"},"735":{"t":"C182"},"736":{"t":"BE35"},"73E":{"t":"AA5"},"73F":{"t":"C310"},"747":{"t":"P28A"},"748":{"t":"P28A"},"750":{"t":"FA62"},"757":{"t":"P28A"},"75C":{"t":"B06"},"75E":{"desc":"H6E"},"768":{"t":"B738"},"76C":{"t":"DH8C"},"771":{"desc":"A1P","t":"ULAC"},"772":{"desc":"L1P","t":"ULAC"},"78A":{"t":"SR20"},"78B":{"desc":"L1P"},"795":{"t":"C750"},"797":{"t":"T206"},"79B":{"t":"SR22"},"7A4":{"desc":"A1P"},"7AC":{"desc":"L1P"},"7AE":{"t":"C310"},"7B3":{"t":"SR20"},"7BB":{"t":"PA46"},"7D6":{"t":"H60"},"7D9":{"t":"MD11"},"7EA":{"t":"CL30"},"7F4":{"desc":"H1E"},"807":{"t":"B763"},"80C":{"desc":"H1T"},"80D":{"desc":"H1E"},"80E":{"t":"C550"},"81F":{"desc":"L1P","t":"ULAC"},"821":{"t":"A320"},"829":{"t":"C500"},"82A":{"t":"T206"},"830":{"t":"T206"},"834":{"desc":"L1P"},"838":{"t":"GLF5"},"852":{"t":"P28A"},"853":{"t":"BE58"},"85A":{"t":"C750"},"86B":{"t":"TBM8"},"86D":{"t":"CL30"},"86F":{"t":"EC35"},"87C":{"t":"DA40"},"890":{"t":"CRJ9"},"898":{"t":"B753"},"89C":{"t":"BE58"},"89D":{"desc":"H6E"},"8AD":{"t":"E50P"},"8AF":{"t":"SR20"},"8B9":{"t":"PC12"},"8BA":{"desc":"H4E"},"8C6":{"t":"C56X"},"8CE":{"t":"C182"},"8CF":{"desc":"L1P"},"8D0":{"t":"B58T"},"8D1":{"t":"SR22"},"8DC":{"desc":"A1P"},"8DD":{"desc":"H4E"},"8E0":{"t":"T206"},"8E2":{"desc":"L1P"},"8E7":{"desc":"H2T","t":"S58T"},"8EA":{"t":"P28A"},"8EB":{"t":"ULAC"},"8ED":{"desc":"L1P"},"8EF":{"t":"AS50"},"8F5":{"t":"C172"},"8F7":{"t":"SR22"},"8F9":{"t":"C421"},"900":{"t":"DA40"},"910":{"desc":"L1P"},"911":{"t":"PA18"},"912":{"desc":"L1P"},"916":{"t":"B350"},"947":{"t":"PA32"},"955":{"desc":"L1P"},"957":{"desc":"H4E"},"964":{"desc":"L2T"},"97D":{"t":"BE58"},"982":{"desc":"L1P"},"989":{"desc":"H1E"},"9B0":{"t":"C172"},"9B1":{"t":"C182"},"9B2":{"t":"BE35"},"9B3":{"t":"PA18"},"9B6":{"t":"C150"},"9B8":{"t":"BE35"},"9BA":{"t":"AA5"},"9BC":{"t":"AC11"},"9BD":{"t":"PA24"},"9BE":{"t":"M20P"},"9BF":{"t":"C172"},"9C2":{"t":"P28A"},"9C3":{"t":"P28A"},"9CC":{"t":"TAYD"},"9D1":{"t":"C182"},"9D2":{"desc":"L1P"},"9D6":{"t":"PA18"},"9D7":{"desc":"L1P"},"9D9":{"t":"C150"},"9DA":{"t":"PA16"},"9DB":{"t":"BE33"},"9DD":{"t":"AA5"},"9E1":{"desc":"H4E"},"9E2":{"t":"C172"},"9E3":{"t":"BE33"},"9E4":{"t":"C185"},"9E5":{"t":"P28A"},"9E7":{"t":"P28A"},"9F3":{"desc":"L1P"},"9F8":{"t":"BE35"},"A06":{"t":"BE33"},"A07":{"t":"C185"},"A08":{"t":"P28A"},"A09":{"t":"P28S"},"A0D":{"t":"PA22"},"A0E":{"t":"J3"},"A11":{"t":"C182"},"A12":{"t":"C182"},"A14":{"t":"C182"},"A1D":{"t":"C150"},"A20":{"t":"PA16"},"A23":{"t":"AA5"},"A25":{"t":"AC11"},"A2B":{"t":"P28A"},"A2D":{"t":"P28A"},"A30":{"t":"PA22"},"A3D":{"t":"C182"},"A46":{"t":"AA5"},"A4A":{"t":"M20P"},"A4B":{"t":"C172"},"A4C":{"t":"BE35"},"A53":{"t":"PA22"},"A58":{"t":"C182"},"A5D":{"t":"C182"},"A5E":{"t":"BALL"},"A5F":{"t":"C172"},"A62":{"t":"PA18"},"A66":{"t":"PA16"},"A69":{"t":"AA5"},"A6B":{"t":"AC11"},"A6D":{"t":"M20P"},"A6E":{"t":"C172"},"A6F":{"t":"BE35"},"A70":{"t":"C185"},"A76":{"t":"PA22"},"A7B":{"t":"C182"},"A7E":{"t":"ST75"},"A82":{"t":"C172"},"A84":{"t":"BE35"},"A86":{"t":"C150"},"A88":{"t":"C150"},"A8F":{"t":"PA24"},"A91":{"t":"C172"},"A92":{"t":"BE35"},"A94":{"t":"P28A"},"A97":{"t":"L8"},"A98":{"t":"PA27"},"A9A":{"t":"C182"},"A9B":{"t":"C182"},"A9E":{"t":"C182"},"AA1":{"t":"C182"},"AA3":{"t":"ST75"},"AA7":{"t":"C182"},"AA9":{"t":"C82R"},"AAA":{"t":"C210"},"AAF":{"t":"AA5"},"AB3":{"t":"M20P"},"AB4":{"desc":"L1P"},"AB5":{"t":"BE35"},"AB8":{"t":"P28A"},"ABA":{"t":"CH7B"},"AC2":{"t":"ST75"},"AC3":{"t":"C182"},"ACE":{"t":"C150"},"AD2":{"t":"AA5"},"AD6":{"t":"M20P"},"ADB":{"t":"P28A"},"ADC":{"t":"P28A"},"AE0":{"t":"ST75"},"AE1":{"t":"C182"},"AE6":{"t":"ST75"},"AE7":{"t":"ST75"},"AE8":{"t":"J3"},"AE9":{"t":"C182"},"AEC":{"t":"C182"},"AF3":{"t":"BE35"},"AFA":{"t":"C172"},"AFB":{"t":"BE35"},"AFC":{"t":"C185"},"B07":{"t":"C182"},"B0B":{"t":"C182"},"B0C":{"t":"C182"},"B0D":{"t":"LJ60"},"B0E":{"t":"T210"},"B0F":{"desc":"L1T"},"B10":{"t":"SF50"},"B11":{"t":"BL8"},"B12":{"t":"C172"},"B13":{"t":"B06"},"B14":{"desc":"L1P"},"B15":{"desc":"L4T"},"B16":{"desc":"H1T"},"B18":{"t":"C185"},"B19":{"t":"CH7B"},"B1A":{"t":"RV12"},"B1C":{"t":"GLF4"},"B1F":{"t":"GLID"},"B24":{"t":"EN28"},"B27":{"desc":"H1P"},"B28":{"desc":"A1P","t":"ULAC"},"B29":{"t":"PA32"},"B2C":{"t":"BE35"},"B2E":{"desc":"L1P"},"B30":{"t":"M20P"},"B32":{"desc":"L1P"},"B33":{"t":"C182"},"B35":{"desc":"L1P"},"B36":{"t":"BE36"},"B37":{"desc":"L1P"},"B38":{"t":"C525"},"B39":{"desc":"H1P"},"B40":{"t":"NAVI"},"B41":{"desc":"A1P"},"B43":{"desc":"L1P"},"B45":{"desc":"L1P"},"B46":{"t":"GLF4"},"B47":{"t":"P28A"},"B48":{"t":"B06"},"B49":{"t":"FA50"},"B4A":{"t":"C182"},"B4B":{"desc":"L1P"},"B4C":{"t":"BE36"},"B51":{"desc":"L1P"},"B52":{"t":"BE36"},"B54":{"t":"T2"},"B55":{"t":"PA44"},"B56":{"t":"G280"},"B58":{"desc":"L1P"},"B5A":{"t":"C414"},"B5B":{"t":"GLEX"},"B5E":{"desc":"L1P"},"B5F":{"t":"C560"},"B60":{"desc":"L1P"},"B61":{"t":"BE35"},"B62":{"t":"C310"},"B64":{"t":"BE76"},"B69":{"desc":"L1P"},"B6A":{"t":"PA34"},"B6B":{"desc":"L1P"},"B6E":{"t":"C180"},"B72":{"t":"BE18"},"B73":{"t":"P28A"},"B74":{"t":"P208"},"B75":{"t":"C56X"},"B77":{"t":"PA27"},"B78":{"t":"C182"},"B7A":{"t":"PAY2"},"B7C":{"t":"BE9T"},"B7D":{"desc":"L1P"},"B7E":{"t":"PA46"},"B80":{"t":"G280"},"B82":{"desc":"L1P"},"B8D":{"desc":"L1P"},"B8E":{"t":"PA31"},"B8F":{"t":"R44"},"B90":{"t":"SR22"},"B91":{"t":"C172"},"B93":{"t":"C525"},"B97":{"t":"M20P"},"B9C":{"t":"EN28"},"B9D":{"t":"C650"},"BA5":{"t":"DA40"},"BA6":{"t":"C551"},"BA8":{"t":"PT22"},"BAA":{"desc":"L1P"},"BAB":{"t":"FDCT"},"BAF":{"desc":"L1P"},"BB0":{"t":"BE33"},"BB1":{"desc":"L1P"},"BB2":{"desc":"L1P"},"BB4":{"t":"PA32"},"BB6":{"t":"AA5"},"BB9":{"t":"GLID"},"BBB":{"t":"PA31"},"BBD":{"t":"B47G"},"BBE":{"desc":"L1P","t":"ULAC"},"BC0":{"t":"BALL"},"BC6":{"t":"SF50"},"BC7":{"t":"GLID"},"BC8":{"desc":"L1P"},"BC9":{"t":"BE58"},"BCB":{"t":"UH1"},"BCE":{"t":"S22T"},"BD1":{"t":"BE55"},"BD4":{"t":"HUSK"},"BD7":{"desc":"L1P"},"BD8":{"t":"BE36"},"BD9":{"t":"PA31"},"BDB":{"t":"GLF5"},"BDD":{"desc":"L1P"},"BDE":{"desc":"L1P"},"BE2":{"t":"SR22"},"BE3":{"t":"C25C"},"BE6":{"desc":"L1P"},"BEB":{"desc":"L1P"},"BF0":{"t":"BE9L"},"BF1":{"desc":"L1P"},"BF2":{"t":"R44"},"BF5":{"desc":"L1P"},"BF6":{"t":"CL30"},"BF7":{"t":"C182"},"BF8":{"t":"BT36"},"BF9":{"t":"PTS2"},"BFA":{"desc":"A1P"},"BFB":{"t":"C180"},"BFD":{"desc":"L1P"},"C00":{"desc":"L2T"},"C01":{"desc":"L1P"},"C06":{"desc":"L1P"},"C09":{"t":"CH7B"},"C0A":{"desc":"L1P"},"C0F":{"desc":"L1P"},"C10":{"desc":"L1P"},"C11":{"t":"C172"},"C13":{"t":"GLID"},"C14":{"t":"P28S"},"C18":{"desc":"L1P"},"C1A":{"desc":"L1P"},"C1B":{"t":"DA42"},"C1C":{"t":"PA24"},"C1D":{"t":"C510"},"C21":{"t":"BE20"},"C22":{"t":"C501"},"C24":{"desc":"H8E"},"C27":{"t":"ULAC"},"C28":{"t":"E550"},"C29":{"desc":"H1T"},"C2A":{"t":"C182"},"C2B":{"t":"BE35"},"C2C":{"desc":"L1P"},"C2D":{"desc":"L1P"},"C2E":{"desc":"L1P"},"C2F":{"t":"C180"},"C31":{"t":"C310"},"C32":{"t":"BL8"},"C33":{"desc":"L1P"},"C35":{"desc":"L1P"},"C3D":{"desc":"L1P"},"C3F":{"desc":"L1P"},"C46":{"t":"C421"},"C4F":{"t":"C208"},"C54":{"t":"PRM1"},"C5A":{"t":"C172"},"C5B":{"t":"M20P"},"C5C":{"t":"BE36"},"C5F":{"desc":"L1P"},"C61":{"t":"M20P"},"C62":{"desc":"L1P"},"C67":{"t":"TBM7"},"C68":{"t":"E50P"},"C69":{"t":"SR22"},"C6C":{"desc":"L1P"},"C86":{"desc":"A1P"},"C87":{"desc":"L1P"},"C88":{"t":"GLID"},"C89":{"desc":"L1P"},"C8D":{"t":"PA24"},"C8E":{"desc":"L1P"},"C8F":{"desc":"L1P"},"C90":{"t":"C310"},"C91":{"t":"BE33"},"C93":{"desc":"A1P"},"C97":{"t":"C441"},"C99":{"desc":"L1P"},"C9A":{"desc":"L1P"},"CA1":{"t":"BALL"},"CA2":{"t":"H500"},"CA4":{"desc":"L1P"},"CA5":{"desc":"L1P"},"CAA":{"desc":"L1P"},"CAC":{"t":"BALL"},"CAE":{"desc":"A1P"},"CAF":{"desc":"L1P"},"CB3":{"t":"PA32"},"CB6":{"t":"GLID"},"CB7":{"desc":"L1P"},"CB8":{"t":"BE36"},"CBA":{"t":"BE35"},"CBB":{"desc":"L1P"},"CBC":{"t":"BE35"},"CBD":{"t":"C680"},"CBE":{"t":"C310"},"CC3":{"desc":"L1J"},"CC5":{"desc":"L1P"},"CC7":{"t":"FDCT"},"CC8":{"desc":"L1P"},"CCC":{"desc":"L1P"},"CCD":{"t":"P32T"},"CCE":{"t":"PA18"},"CE9":{"desc":"L1P"},"CEB":{"t":"BALL"},"CEE":{"desc":"L1P"},"CF3":{"t":"BE36"},"CF4":{"t":"C172"},"CF5":{"t":"C510"},"CFB":{"t":"BE35"},"D03":{"t":"C206"},"D04":{"desc":"L1P"},"D05":{"desc":"L1P"},"D06":{"t":"CH7B"},"D08":{"t":"P46T"},"D09":{"t":"C25B"},"D0A":{"t":"B407"},"D0D":{"t":"CH7B"},"D0E":{"t":"AA5"},"D10":{"desc":"H4E"},"D14":{"desc":"L1P","t":"ULAC"},"D16":{"t":"S22T"},"D19":{"t":"HUSK"},"D1C":{"desc":"L1P","t":"ULAC"},"D1E":{"desc":"L1P"},"D29":{"t":"C172"},"D2D":{"t":"TBM7"},"D3E":{"desc":"L1P"},"D3F":{"desc":"L1P"},"D40":{"desc":"L1P","t":"ULAC"},"D42":{"t":"FA50"},"D44":{"desc":"L1P"},"D4B":{"t":"C175"},"D4D":{"t":"CH7A"},"D4E":{"t":"B06"},"D63":{"t":"A109"},"D67":{"t":"C560"},"D68":{"t":"MD83"},"D69":{"desc":"H4E"},"D6A":{"t":"EC25"},"D6C":{"t":"AS50"},"D71":{"t":"C56X"},"D72":{"t":"T206"},"D78":{"t":"B738"},"D80":{"t":"BE35"},"D8A":{"t":"BE9L"},"D9D":{"t":"SR22"},"DA2":{"t":"C25B"},"DA4":{"t":"F900"},"DA7":{"t":"C182"},"DAD":{"t":"CL30"},"DB2":{"desc":"L2P"},"DB4":{"desc":"L1P"},"DB5":{"t":"PA18"},"DBE":{"desc":"H1P"},"DC2":{"desc":"L2P"},"DC3":{"t":"SR20"},"DCB":{"t":"GLEX"},"DE4":{"t":"F900"},"DE9":{"t":"MD11"},"DEF":{"t":"P28A"},"DF0":{"t":"C320"},"DFA":{"t":"CL30"},"DFD":{"t":"PA46"},"E04":{"t":"R44"},"E16":{"t":"R44"},"E17":{"t":"B763"},"E27":{"t":"R44"},"E31":{"t":"A320"},"E36":{"desc":"L1P"},"E39":{"t":"P28R"},"E7B":{"desc":"L1T"},"E7D":{"t":"CL30"},"E7F":{"t":"EC35"},"E85":{"t":"P180"},"E86":{"t":"C206"},"E8B":{"t":"GLEX"},"E8C":{"t":"DA40"},"E97":{"t":"PA44"},"EA0":{"t":"CRJ9"},"EA8":{"t":"B753"},"EAD":{"desc":"H6E"},"EB8":{"t":"BE35"},"ED3":{"desc":"L2T"},"ED6":{"t":"C56X"},"EDE":{"t":"P28A"},"EE0":{"desc":"H4E"},"EE1":{"desc":"L1J"},"EE7":{"t":"C500"},"EEF":{"desc":"L1P"},"EF3":{"t":"BALL"},"EF6":{"desc":"L1P"},"EF7":{"t":"C72R"},"EFA":{"desc":"L1P"},"EFF":{"t":"BE9L"},"F01":{"desc":"H4E"},"F05":{"t":"C172"},"F07":{"desc":"L1P","t":"ULAC"},"F13":{"t":"LJ55"},"F25":{"t":"PC12"},"F29":{"t":"P28R"},"F35":{"t":"BE9L"},"F4E":{"t":"R44"},"F5B":{"desc":"L2P"},"F5C":{"t":"P68"},"F6D":{"t":"TWEN"},"F70":{"t":"T6"},"F99":{"desc":"H1E"},"FC0":{"t":"C172"},"FC1":{"t":"C182"},"FC2":{"t":"BE35"},"FC4":{"t":"C150"},"FC8":{"t":"C150"},"FCB":{"t":"C180"},"FCC":{"t":"AC11"},"FCE":{"t":"M20P"},"FCF":{"t":"C172"},"FD3":{"t":"P28A"},"FD7":{"t":"PA22"},"FDF":{"t":"T210"},"FE0":{"t":"T210"},"FE3":{"t":"C172"},"FEA":{"t":"PA16"},"FED":{"t":"AA1"},"FF0":{"t":"PA24"},"FF1":{"t":"M20P"},"FF2":{"desc":"L1P"},"FF3":{"t":"BE35"},"FF4":{"t":"C150"},"FF6":{"desc":"L1P"},"FFA":{"t":"PA22"},"FFC":{"t":"T210"}}