{"00F":{"t":"CRJ9"},"01D":{"t":"PC12"},"022":{"desc":"L1E"},"027":{"t":"SR22"},"045":{"t":"C56X"},"04F":{"desc":"L1P"},"055":{"t":"GLID"},"058":{"desc":"L1P","t":"ULAC"},"059":{"t":"C501"},"05D":{"desc":"L1P"},"05E":{"desc":"L1P"},"066":{"t":"CH7A"},"069":{"desc":"L1P","t":"ULAC"},"06A":{"t":"AS50"},"06D":{"t":"S22T"},"071":{"t":"LJ45"},"074":{"desc":"H6E"},"07C":{"desc":"L1P"},"07F":{"desc":"L1P","t":"ULAC"},"080":{"t":"LJ45"},"082":{"t":"LJ60"},"08B":{"t":"BE40"},"08F":{"t":"GLF5"},"090":{"t":"T206"},"091":{"desc":"L1P"},"0B1":{"desc":"L1P"},"0B6":{"desc":"H8E"},"0BB":{"t":"BE55"},"0CC":{"t":"BE33"},"0CE":{"desc":"L1P","t":"ULAC"},"0D6":{"desc":"L1P","t":"ULAC"},"0E3":{"t":"C140"},"0F2":{"desc":"L2T"},"108":{"desc":"H4E"},"112":{"desc":"L1P"},"113":{"desc":"L1P"},"115":{"t":"GC1"},"121":{"t":"FA20"},"12D":{"t":"M7"},"12E":{"t":"B47G"},"12F":{"desc":"H4E"},"133":{"t":"C172"},"13C":{"t":"L8"},"13D":{"t":"M20P"},"142":{"t":"J3"},"148":{"t":"ST75"},"14D":{"t":"PA31"},"156":{"t":"C150"},"159":{"t":"PA16"},"15A":{"t":"C150"},"15C":{"t":"AA1"},"160":{"t":"M20P"},"163":{"t":"C150"},"164":{"t":"P28A"},"165":{"t":"P32R"},"166":{"t":"P28A"},"17D":{"t":"C150"},"183":{"t":"M20P"},"18C":{"t":"PA18"},"18D":{"t":"J3"},"192":{"t":"ST75"},"19A":{"t":"BE35"},"19C":{"t":"C172"},"19D":{"t":"P28A"},"19E":{"t":"C150"},"19F":{"t":"PA16"},"1A6":{"t":"M20P"},"1AA":{"t":"P28A"},"1AC":{"t":"P28A"},"1AF":{"t":"PA18"},"1B6":{"t":"PA31"},"1BB":{"desc":"L1P","t":"ULAC"},"1BF":{"t":"C150"},"1C2":{"t":"PA16"},"1C6":{"desc":"L1P"},"1C8":{"t":"PA24"},"1CB":{"t":"BE19"},"1CC":{"t":"C150"},"1CF":{"t":"P28A"},"1D2":{"t":"PA18"},"1D4":{"t":"J3"},"1DE":{"t":"C172"},"1DF":{"t":"C182"},"1E0":{"t":"BE35"},"1E1":{"t":"PA22"},"1E5":{"t":"PA16"},"1E6":{"t":"C182"},"1EB":{"t":"PA24"},"1EC":{"t":"M20P"},"1F0":{"t":"P28A"},"1F1":{"desc":"L1P"},"1F2":{"t":"P28A"},"1F6":{"t":"ST75"},"201":{"t":"C172"},"202":{"t":"C182"},"206":{"t":"C210"},"207":{"t":"C150"},"209":{"t":"C182"},"20C":{"t":"C421"},"210":{"t":"C172"},"212":{"t":"C150"},"214":{"t":"PA34"},"216":{"desc":"H1P"},"21A":{"t":"VALI"},"225":{"t":"C182"},"226":{"t":"BE35"},"231":{"t":"PA24"},"233":{"t":"C172"},"234":{"t":"BE19"},"235":{"t":"C150"},"237":{"t":"P28A"},"238":{"t":"P28A"},"23B":{"t":"PA18"},"23F":{"t":"PA31"},"243":{"t":"ST75"},"247":{"t":"C172"},"248":{"t":"C182"},"249":{"t":"BE35"},"24B":{"t":"C150"},"25A":{"t":"P28A"},"25E":{"t":"PA18"},"261":{"t":"PA31"},"263":{"t":"PA31"},"266":{"t":"PA31"},"267":{"t":"J5"},"269":{"t":"DA42"},"26B":{"t":"C182"},"26E":{"t":"C150"},"277":{"t":"PA24"},"281":{"t":"PA18"},"282":{"t":"ST75"},"28D":{"t":"E55P"},"28E":{"t":"COL4"},"28F":{"t":"C172"},"290":{"t":"BE58"},"291":{"t":"PA12"},"292":{"t":"C25A"},"295":{"desc":"L1P"},"296":{"t":"J3"},"297":{"t":"FA50"},"298":{"desc":"L1P"},"29A":{"t":"J3"},"29C":{"desc":"L1P"},"29D":{"t":"PA31"},"29E":{"desc":"L1P"},"29F":{"desc":"L1T"},"2A2":{"t":"C182"},"2A4":{"t":"BE35"},"2A7":{"t":"BE18"},"2A8":{"t":"C25B"},"2A9":{"t":"BL8"},"2AA":{"desc":"L1P"},"2AB":{"t":"C77R"},"2AD":{"t":"SR22"},"2AE":{"desc":"L1P"},"2B0":{"t":"C180"},"2B1":{"t":"S58T"},"2B3":{"t":"CH7B"},"2B5":{"desc":"L1P"},"2B6":{"t":"C56X"},"2B9":{"t":"B06"},"2BC":{"t":"F900"},"2BD":{"t":"BE58"},"2BE":{"t":"S22T"},"2C0":{"t":"SR22"},"2C2":{"t":"EA50"},"2C3":{"t":"SR22"},"2C4":{"t":"C172"},"2C5":{"desc":"L1P"},"2C6":{"desc":"L1P"},"2C7":{"t":"BE58"},"2C8":{"desc":"L1P"},"2CA":{"t":"T34P"},"2CB":{"desc":"L1P"},"2CC":{"t":"T34P"},"2CD":{"t":"GLF6"},"2D0":{"t":"P337"},"2D1":{"desc":"L1P"},"2D3":{"t":"P337"},"2D4":{"t":"C182"},"2D5":{"t":"P337"},"2D8":{"t":"GLF6"},"2DA":{"desc":"L1P"},"2DB":{"desc":"A1P","t":"ULAC"},"2DD":{"t":"T210"},"2DE":{"desc":"A2P"},"2DF":{"t":"AA5"},"2E0":{"t":"BE33"},"2E1":{"desc":"L1P"},"2E2":{"t":"E55P"},"2E4":{"t":"S22T"},"2E5":{"t":"C182"},"2E7":{"t":"E55P"},"2E8":{"t":"C182"},"2E9":{"t":"PA22"},"2EC":{"desc":"L1P"},"2F0":{"t":"GLID"},"2F4":{"t":"P28R"},"2F5":{"t":"B58T"},"2F9":{"t":"HUSK"},"2FB":{"t":"C150"},"2FD":{"desc":"L1P"},"303":{"desc":"L2P"},"304":{"desc":"H2T"},"306":{"desc":"L1P"},"308":{"desc":"L1P"},"30A":{"t":"BE35"},"30B":{"t":"AA1"},"30C":{"t":"BE36"},"30D":{"t":"BE35"},"30E":{"t":"BL8"},"30F":{"t":"GLEX"},"311":{"t":"P28A"},"313":{"t":"FA10"},"315":{"desc":"H2T"},"31C":{"t":"PA32"},"31E":{"t":"C77R"},"321":{"t":"T28"},"322":{"t":"PC12"},"323":{"t":"T6"},"326":{"t":"HUSK"},"327":{"t":"E35L"},"328":{"desc":"L1P"},"329":{"t":"BE36"},"32A":{"t":"PA34"},"32D":{"desc":"L1P"},"32E":{"desc":"L1P"},"32F":{"desc":"L1P"},"332":{"t":"M7"},"333":{"t":"PA31"},"334":{"desc":"L1P"},"335":{"desc":"L1P"},"336":{"t":"C680"},"33A":{"desc":"L1P"},"33E":{"desc":"L1P"},"33F":{"desc":"L1P"},"340":{"t":"GLID"},"341":{"t":"B407"},"342":{"t":"C550"},"343":{"t":"T210"},"344":{"t":"BE35"},"346":{"desc":"L1P"},"347":{"t":"GLID"},"348":{"t":"CH7B"},"349":{"t":"C172"},"34A":{"t":"C182"},"34B":{"t":"C206"},"34C":{"t":"C182"},"34D":{"t":"T50"},"34E":{"t":"T206"},"34F":{"t":"B350"},"353":{"t":"HUSK"},"354":{"t":"R44"},"355":{"desc":"L1P"},"356":{"t":"S22T"},"358":{"t":"BE33"},"35A":{"t":"A109"},"35B":{"desc":"L1P"},"35E":{"desc":"L1P"},"35F":{"t":"BE35"},"362":{"t":"M4"},"365":{"t":"PRM1"},"366":{"t":"S22T"},"367":{"t":"BE36"},"369":{"t":"C185"},"36B":{"desc":"L1P"},"36C":{"t":"C172"},"36D":{"t":"PA32"},"36E":{"t":"BE55"},"373":{"t":"MU2"},"375":{"t":"T34P"},"376":{"t":"C310"},"377":{"desc":"L1P","t":"LA4"},"378":{"t":"C182"},"37A":{"desc":"L1P"},"37C":{"desc":"L1P"},"37E":{"t":"BE33"},"380":{"t":"R22"},"386":{"t":"U21"},"387":{"desc":"L1P"},"38A":{"t":"BE33"},"38D":{"t":"PA17"},"38E":{"desc":"L1P"},"38F":{"t":"C421"},"391":{"desc":"L1P"},"392":{"t":"M20T"},"393":{"t":"GC1"},"394":{"t":"P337"},"395":{"t":"GLID"},"397":{"t":"P337"},"398":{"t":"BE55"},"399":{"t":"C180"},"39A":{"desc":"L1P"},"39B":{"desc":"L1P"},"39C":{"t":"BE60"},"39D":{"t":"GLID"},"39E":{"t":"P337"},"39F":{"desc":"L1P"},"3A1":{"t":"C182"},"3A2":{"t":"C172"},"3A3":{"desc":"L1P"},"3A4":{"t":"C205"},"3A6":{"t":"C206"},"3A8":{"desc":"L1P"},"3AA":{"t":"C340"},"3AB":{"t":"P337"},"3AC":{"t":"C310"},"3AD":{"t":"GLID"},"3AE":{"t":"SR22"},"3AF":{"t":"A109"},"3B0":{"t":"P28A"},"3B1":{"t":"GLID"},"3B2":{"t":"C150"},"3B3":{"t":"P337"},"3B4":{"t":"EC55"},"3B7":{"t":"BE35"},"3B8":{"t":"BE33"},"3BB":{"t":"BALL"},"3BD":{"t":"CH7A"},"3BF":{"desc":"L1P"},"3C0":{"desc":"L1P"},"3C1":{"t":"P28A"},"3C2":{"t":"B06"},"3C3":{"desc":"L1P"},"3C9":{"t":"H25B"},"3CA":{"t":"P28A"},"3CB":{"t":"P210"},"3CF":{"t":"C182"},"3D0":{"t":"C25C"},"3D2":{"t":"R66"},"3D5":{"t":"GLF5"},"3D6":{"t":"C210"},"3D7":{"t":"PA34"},"3D8":{"t":"PA18"},"3D9":{"t":"CL30"},"3DB":{"desc":"L1P"},"3DC":{"t":"C310"},"3DE":{"desc":"L1P"},"3DF":{"t":"T210"},"3E0":{"desc":"L1P"},"3E3":{"t":"C525"},"3E4":{"desc":"L1P"},"3E5":{"desc":"L1P"},"3E7":{"desc":"L1P"},"3E9":{"t":"BE33"},"3EB":{"desc":"L1P"},"3EF":{"t":"B06"},"3F3":{"t":"R66"},"3F5":{"t":"BE77"},"3F6":{"desc":"L1P","t":"ULAC"},"3F9":{"t":"B06"},"3FD":{"t":"C182"},"3FE":{"desc":"L1P"},"404":{"desc":"L1P"},"405":{"t":"C425"},"406":{"desc":"L1P"},"408":{"desc":"L1P"},"409":{"desc":"A1P"},"40C":{"t":"BE35"},"40D":{"t":"B14A"},"410":{"t":"BE35"},"411":{"desc":"L1P"},"412":{"desc":"L1P"},"417":{"desc":"L1T"},"419":{"t":"C310"},"41A":{"desc":"L1P"},"41B":{"t":"PTS2"},"41C":{"desc":"L1P"},"41E":{"t":"S22T"},"41F":{"desc":"L1P"},"421":{"desc":"H1T"},"423":{"t":"C180"},"424":{"t":"R44"},"427":{"desc":"L1P"},"429":{"t":"B350"},"42B":{"t":"B429"},"42C":{"t":"C310"},"42D":{"desc":"L1T"},"430":{"desc":"L1P"},"431":{"t":"BE35"},"432":{"t":"C82R"},"434":{"t":"AA5"},"437":{"desc":"L1P"},"439":{"t":"R66"},"43A":{"t":"PA18"},"43C":{"t":"T6"},"43D":{"t":"TAYD"},"43E":{"t":"BE35"},"43F":{"desc":"L1P"},"440":{"t":"C180"},"442":{"t":"C56X"},"444":{"t":"C182"},"447":{"t":"T206"},"448":{"desc":"L1P"},"44A":{"t":"C172"},"44B":{"t":"GLID"},"44C":{"t":"BE55"},"44E":{"t":"PA34"},"44F":{"desc":"L1P"},"450":{"t":"GLID"},"451":{"t":"C525"},"452":{"t":"PA27"},"457":{"desc":"H1T"},"459":{"t":"PA32"},"45A":{"t":"B06"},"45B":{"t":"BALL"},"45F":{"t":"C182"},"462":{"desc":"L1P"},"465":{"t":"AS50"},"467":{"desc":"L1P"},"468":{"desc":"A2P"},"469":{"desc":"L1T","t":"M600"},"46A":{"t":"GLEX"},"46B":{"desc":"L1P"},"46C":{"t":"M7"},"46E":{"t":"F900"},"471":{"t":"BE9T"},"472":{"desc":"L1P"},"474":{"desc":"L1P"},"479":{"t":"GLID"},"47B":{"t":"BE58"},"47D":{"t":"M20P"},"480":{"t":"A109"},"481":{"desc":"L1P"},"482":{"t":"C177"},"483":{"t":"C310"},"486":{"t":"P32R"},"487":{"t":"BE55"},"488":{"desc":"L1P"},"489":{"t":"C180"},"48A":{"desc":"L1P"},"48B":{"t":"BE36"},"48D":{"t":"C421"},"48E":{"desc":"L1P"},"48F":{"t":"O1"},"491":{"desc":"L1P"},"493":{"t":"COL4"},"495":{"t":"B06"},"496":{"t":"BE58"},"498":{"desc":"L1P"},"499":{"desc":"L1P"},"49A":{"desc":"A1P"},"49B":{"t":"HUSK"},"49C":{"t":"GLID"},"49D":{"t":"HUSK"},"49E":{"t":"GLID"},"49F":{"desc":"L1P"},"4A1":{"desc":"L1T"},"4A4":{"desc":"L1T"},"4A5":{"desc":"L1P"},"4A8":{"desc":"L1P"},"4A9":{"t":"HUSK"},"4AA":{"desc":"L1P"},"4AB":{"t":"C185"},"4AC":{"t":"PA34"},"4AD":{"desc":"L1P"},"4AE":{"desc":"L1P"},"4AF":{"t":"R44"},"4B0":{"t":"BALL"},"4B2":{"t":"BE36"},"4B3":{"desc":"L1T"},"4B6":{"desc":"L1P"},"4B8":{"desc":"L1P"},"4B9":{"desc":"L1P"},"4BA":{"desc":"L1P"},"4BB":{"desc":"L1P"},"4BC":{"t":"B407"},"4BD":{"t":"YK52"},"4BE":{"t":"PA30"},"4BF":{"t":"M7"},"4C1":{"t":"PA30"},"4C2":{"desc":"L1P"},"4C4":{"t":"R44"},"4C5":{"t":"HUSK"},"4C7":{"t":"P32T"},"4CB":{"desc":"A1P"},"4CC":{"desc":"L1P"},"4CD":{"t":"PA18"},"4CE":{"t":"C150"},"4D0":{"t":"C337"},"4D1":{"t":"C25A"},"4D2":{"t":"GLID"},"4D3":{"t":"PA27"},"4D4":{"desc":"L1P"},"4D6":{"desc":"L1P"},"4D8":{"t":"BE36"},"4D9":{"t":"BE20"},"4DA":{"t":"C172"},"4DB":{"desc":"L1P"},"4DC":{"t":"AEST"},"4DD":{"t":"GLID"},"4DE":{"t":"PA18"},"4E6":{"t":"H60"},"4E8":{"t":"BE60"},"4E9":{"t":"CH7B"},"4EC":{"t":"GLID"},"4EE":{"desc":"L1P"},"4EF":{"t":"LJ60"},"4F0":{"t":"C185"},"4F2":{"t":"BE33"},"4F4":{"desc":"L1P"},"4F6":{"t":"BE20"},"4F7":{"t":"GLID"},"4F8":{"desc":"L1P"},"4F9":{"t":"BE55"},"4FC":{"t":"LJ60"},"4FD":{"t":"PA31"},"4FE":{"t":"EN48"},"4FF":{"desc":"L1P"},"500":{"t":"BE9L"},"502":{"t":"LJ60"},"503":{"t":"GLID"},"504":{"t":"HUSK"},"505":{"desc":"L1P"},"507":{"desc":"L1P"},"508":{"t":"GLEX"},"509":{"desc":"H1T"},"50A":{"desc":"H6E"},"50B":{"t":"AC90"},"50D":{"t":"GLID"},"50F":{"desc":"L1P"},"510":{"t":"CL60"},"511":{"t":"WW24"},"517":{"desc":"L1P"},"518":{"t":"U21"},"519":{"desc":"L1P"},"51B":{"t":"GLEX"},"51D":{"desc":"L1P"},"51F":{"t":"PA31"},"520":{"t":"C170"},"522":{"t":"CL30"},"523":{"t":"BE60"},"524":{"desc":"L2J"},"525":{"t":"B350"},"526":{"t":"C510"},"529":{"t":"PA24"},"52A":{"desc":"L1P"},"52B":{"t":"H60"},"52D":{"t":"GLID"},"530":{"t":"SIRA"},"532":{"t":"GLID"},"533":{"desc":"A1P"},"534":{"t":"AEST"},"535":{"desc":"L1P"},"537":{"t":"BRAV"},"538":{"desc":"H1P"},"539":{"desc":"L1P"},"53A":{"desc":"L1P"},"53C":{"t":"B350"},"53D":{"t":"C340"},"540":{"desc":"L1P"},"541":{"t":"BE36"},"546":{"t":"P210"},"54A":{"t":"C340"},"54B":{"desc":"L2T"},"54C":{"desc":"H1P"},"54D":{"t":"C185"},"54E":{"t":"BE36"},"54F":{"t":"GLID"},"550":{"desc":"L2J"},"556":{"t":"GLID"},"55B":{"t":"C750"},"55C":{"t":"B58T"},"55F":{"t":"C501"},"563":{"t":"S108"},"564":{"t":"BE36"},"567":{"desc":"L1P"},"56A":{"desc":"L1P"},"56D":{"t":"C56X"},"56E":{"desc":"L1T","t":"M600"},"56F":{"t":"R44"},"575":{"t":"C550"},"576":{"t":"CH7A"},"577":{"t":"BE60"},"578":{"desc":"H2T"},"579":{"desc":"L2P"},"57A":{"t":"C310"},"57D":{"t":"C172"},"57F":{"t":"B350"},"580":{"t":"LJ55"},"582":{"t":"LJ60"},"583":{"t":"GLF4"},"584":{"t":"CRJ2"},"587":{"desc":"L1P"},"588":{"t":"C421"},"58C":{"t":"B06"},"591":{"t":"AEST"},"592":{"t":"M20P"},"594":{"t":"M20P"},"595":{"t":"C172"},"596":{"desc":"L1P"},"597":{"desc":"L1P"},"598":{"t":"R44"},"599":{"t":"H60"},"59B":{"t":"C172"},"59C":{"desc":"H1P"},"59D":{"t":"B06"},"59E":{"t":"LJ60"},"5A0":{"desc":"L1T","t":"M600"},"5A1":{"t":"LJ60"},"5A3":{"t":"HUSK"},"5A6":{"t":"S22T"},"5A7":{"t":"R44"},"5A8":{"t":"HUSK"},"5AA":{"t":"ST75"},"5AB":{"t":"FA50"},"5AC":{"t":"HUSK"},"5AD":{"desc":"L1P"},"5AE":{"t":"J4"},"5AF":{"t":"PC24"},"5B0":{"t":"BL8"},"5B1":{"t":"CL60"},"5B3":{"t":"HA4T"},"5B4":{"desc":"L1P"},"5B6":{"t":"S22T"},"5B7":{"t":"AC11"},"5B8":{"desc":"A1P"},"5B9":{"desc":"L1P"},"5BA":{"t":"P46T"},"5BC":{"t":"BALL"},"5BF":{"desc":"L1P"},"5C0":{"desc":"L2P"},"5C2":{"desc":"L1P"},"5C3":{"t":"PAY1"},"5C8":{"t":"B350"},"5C9":{"t":"N3N"},"5CA":{"t":"MU2"},"5CB":{"desc":"L1P"},"5CD":{"desc":"L1P"},"5D0":{"t":"LJ60"},"5D1":{"t":"P06T"},"5D6":{"desc":"A1T","t":"KODI"},"5D7":{"desc":"L1P"},"5D8":{"t":"AEST"},"5D9":{"t":"BE35"},"5DC":{"t":"BE9L"},"5E3":{"desc":"L1J"},"5E4":{"t":"GLF4"},"5E5":{"t":"R44"},"5E6":{"t":"PA27"},"5E7":{"desc":"L1P"},"5E8":{"t":"B06"},"5E9":{"t":"LJ60"},"5EC":{"t":"AEST"},"5EE":{"t":"BE36"},"5F0":{"t":"BL8"},"5F1":{"t":"GLID"},"5F2":{"desc":"L1T"},"5F4":{"t":"LJ60"},"5F5":{"t":"C550"},"5F6":{"t":"BALL"},"5F7":{"t":"PA32"},"5FB":{"t":"PA27"},"5FC":{"desc":"H8E"},"602":{"t":"B190"},"603":{"t":"P210"},"604":{"t":"BE35"},"605":{"t":"MITE"},"609":{"desc":"L2P"},"60A":{"desc":"L1P"},"60D":{"t":"ST75"},"60E":{"t":"C182"},"611":{"desc":"L1P"},"613":{"t":"P28A"},"615":{"desc":"L1P"},"617":{"t":"BE36"},"618":{"t":"E55P"},"619":{"desc":"L1P","t":"ULAC"},"61C":{"desc":"L2P"},"61E":{"t":"A109"},"61F":{"t":"SR22"},"624":{"t":"AS50"},"627":{"t":"H60"},"62A":{"t":"BE60"},"62C":{"t":"GLF5"},"62F":{"t":"BE20"},"630":{"t":"C170"},"631":{"t":"BE60"},"632":{"desc":"A1P"},"633":{"t":"B06"},"634":{"t":"B06"},"635":{"t":"T210"},"636":{"t":"PA32"},"637":{"desc":"L1T","t":"PA46"},"639":{"t":"C340"},"63B":{"t":"AEST"},"63D":{"desc":"L1P"},"63F":{"t":"C560"},"640":{"desc":"L1P"},"643":{"t":"S22T"},"644":{"t":"C195"},"646":{"t":"C560"},"65D":{"desc":"L1P"},"65E":{"t":"BE20"},"65F":{"t":"PA22"},"660":{"desc":"L1P"},"661":{"t":"C25B"},"665":{"t":"GLID"},"667":{"t":"BE60"},"668":{"t":"LJ60"},"669":{"t":"BE35"},"66A":{"t":"H60"},"66B":{"t":"M20P"},"66E":{"t":"P210"},"66F":{"desc":"L1P"},"677":{"t":"B350"},"679":{"desc":"L1P","t":"ULAC"},"67A":{"desc":"L1P"},"67B":{"t":"S22T"},"67C":{"desc":"L1P"},"67D":{"t":"CH7B"},"67E":{"t":"B58T"},"67F":{"t":"SF50"},"681":{"desc":"L1P"},"683":{"t":"FA7X"},"684":{"desc":"A1P","t":"ULAC"},"687":{"t":"C172"},"688":{"t":"P337"},"689":{"t":"P28R"},"68C":{"t":"C152"},"68F":{"desc":"L1P"},"690":{"t":"PA31"},"691":{"desc":"L1P","t":"TB0"},"692":{"t":"GLF4"},"693":{"t":"BALL"},"694":{"t":"GLEX"},"695":{"desc":"L1P"},"697":{"t":"T206"},"698":{"t":"BE10"},"69A":{"t":"F900"},"69B":{"t":"PA46"},"6A0":{"desc":"L1P"},"6A1":{"t":"PA32"},"6A4":{"desc":"L1P"},"6A5":{"t":"AS50"},"6A6":{"t":"M20P"},"6A7":{"t":"BE33"},"6AB":{"t":"B190"},"6B0":{"t":"SR22"},"6B2":{"t":"HUSK"},"6B6":{"desc":"L1P"},"6B9":{"t":"C25B"},"6C2":{"t":"C185"},"6C3":{"t":"AEST"},"6C4":{"t":"H60"},"6C8":{"t":"B06"},"6CB":{"desc":"L1P"},"6CF":{"t":"BE9L"},"6D1":{"t":"GLID"},"6D2":{"t":"H500"},"6D3":{"t":"FDCT"},"6D4":{"t":"DV20"},"6D5":{"t":"LJ60"},"6D6":{"desc":"L1P"},"6DA":{"t":"C195"},"6DD":{"t":"B350"},"6DF":{"desc":"L1P"},"6E0":{"t":"PA24"},"6E1":{"desc":"L1T","t":"M600"},"6E2":{"t":"C340"},"6E6":{"desc":"L1P"},"6E8":{"t":"PC12"},"6EA":{"desc":"L1P"},"6EC":{"desc":"L1P"},"6EF":{"desc":"L1P"},"6F1":{"t":"HUSK"},"6F3":{"t":"C185"},"6F6":{"t":"GLEX"},"6F7":{"t":"BL8"},"6FA":{"t":"HDJT"},"6FE":{"desc":"A1P","t":"ULAC"},"6FF":{"t":"C180"},"701":{"desc":"H2T"},"705":{"desc":"L1P"},"70C":{"t":"C337"},"70D":{"t":"BE36"},"70E":{"t":"EC35"},"713":{"t":"C172"},"71A":{"t":"B350"},"725":{"t":"GLID"},"726":{"t":"GLID"},"730":{"t":"BALL"},"735":{"t":"BALL"},"73A":{"desc":"L1P"},"73B":{"desc":"H2T"},"73C":{"desc":"L1P"},"73F":{"t":"PA22"},"740":{"t":"P28A"},"742":{"t":"BE9L"},"743":{"desc":"L1P"},"745":{"t":"BE36"},"746":{"t":"PA46"},"747":{"t":"PA24"},"748":{"t":"LJ60"},"749":{"t":"GLEX"},"74A":{"t":"C525"},"74B":{"t":"EC20"},"74C":{"desc":"H1P"},"74D":{"desc":"L1P"},"74F":{"t":"GLF4"},"750":{"t":"E50P"},"751":{"t":"C550"},"753":{"t":"P28A"},"754":{"t":"E550"},"756":{"desc":"L1T","t":"M600"},"757":{"t":"AEST"},"758":{"t":"C182"},"759":{"t":"AEST"},"75A":{"t":"BE58"},"75B":{"t":"BL8"},"75E":{"t":"U21"},"760":{"desc":"L1P"},"761":{"desc":"L1T","t":"M600"},"764":{"t":"PC12"},"766":{"t":"E145"},"769":{"t":"F900"},"76A":{"desc":"L1T","t":"M600"},"76D":{"t":"C560"},"770":{"t":"SR22"},"771":{"t":"LJ55"},"772":{"t":"B350"},"774":{"t":"AEST"},"775":{"t":"FA20"},"777":{"t":"CL30"},"778":{"t":"C180"},"779":{"t":"E545"},"77A":{"t":"P32T"},"77B":{"t":"GLF4"},"77C":{"t":"LJ60"},"77E":{"t":"F2TH"},"77F":{"t":"BE60"},"781":{"t":"PA46"},"782":{"t":"E50P"},"783":{"t":"BE36"},"786":{"desc":"L1P"},"789":{"desc":"L1P","t":"ULAC"},"78C":{"t":"GLID"},"78D":{"t":"C421"},"791":{"t":"GLID"},"793":{"desc":"L2J"},"795":{"desc":"L1P","t":"ULAC"},"796":{"t":"L39"},"79A":{"t":"GLF4"},"79C":{"desc":"L1T","t":"M600"},"79E":{"desc":"L1T","t":"M600"},"7A3":{"t":"NAVI"},"7A4":{"t":"C550"},"7A5":{"desc":"L2J"},"7A7":{"t":"AEST"},"7A8":{"t":"C182"},"7A9":{"t":"LJ60"},"7AC":{"t":"NAVI"},"7B1":{"t":"R44"},"7B4":{"desc":"H1T"},"7B5":{"desc":"L1T","t":"M600"},"7B7":{"desc":"L1T","t":"M600"},"7B8":{"desc":"H1P"},"7B9":{"t":"C310"},"7BB":{"desc":"L1P"},"7BD":{"t":"AEST"},"7BF":{"desc":"L1T"},"7C2":{"t":"AEST"},"7C4":{"t":"H500"},"7C5":{"desc":"L2J"},"7C7":{"desc":"L1T","t":"M600"},"7CA":{"desc":"L1P","t":"ULAC"},"7CC":{"desc":"L2J"},"7CD":{"t":"M20P"},"7CE":{"desc":"H1T"},"7D2":{"t":"E550"},"7D3":{"desc":"L1P"},"7D5":{"desc":"L2J"},"7D6":{"t":"CL60"},"7D7":{"desc":"L1P"},"7D9":{"t":"BE36"},"7DB":{"t":"E55P"},"7DC":{"t":"CH7B"},"7DD":{"desc":"L1T","t":"M600"},"7DF":{"t":"C525"},"7E3":{"desc":"L1T","t":"M600"},"7E5":{"t":"PC12"},"7EA":{"desc":"L2J"},"7F0":{"t":"C182"},"7F1":{"t":"C414"},"7F4":{"t":"C182"},"7F6":{"desc":"L1P"},"7F7":{"t":"P28A"},"7F9":{"t":"FA10"},"7FA":{"t":"C208"},"7FC":{"t":"C208"},"7FE":{"t":"C525"},"7FF":{"t":"C525"},"800":{"t":"E50P"},"803":{"t":"C550"},"805":{"t":"HUSK"},"806":{"t":"E550"},"807":{"t":"GLF5"},"808":{"desc":"L1T","t":"M600"},"809":{"t":"FA50"},"80B":{"t":"GLF5"},"80C":{"desc":"L2T"},"80D":{"t":"C172"},"80E":{"t":"PA32"},"80F":{"desc":"L1P"},"810":{"t":"CL60"},"811":{"t":"AEST"},"812":{"t":"PA32"},"813":{"t":"F900"},"815":{"desc":"L1P"},"818":{"t":"G164"},"81B":{"t":"GLEX"},"81E":{"t":"C500"},"821":{"t":"BE30"},"823":{"desc":"L1T","t":"M600"},"825":{"t":"WW24"},"826":{"desc":"A1P"},"82A":{"desc":"L1P"},"82B":{"t":"E50P"},"831":{"t":"P46T"},"832":{"t":"SR22"},"839":{"t":"C68A"},"83A":{"desc":"L1P"},"83B":{"t":"SR22"},"83D":{"desc":"L1P","t":"ULAC"},"841":{"desc":"L1P"},"842":{"t":"LJ60"},"844":{"t":"AS65"},"845":{"desc":"L1P"},"846":{"t":"C68A"},"847":{"t":"E35L"},"849":{"t":"CRJ9"},"84A":{"t":"CL30"},"84B":{"desc":"L1J"},"850":{"t":"FA50"},"853":{"t":"UH1"},"854":{"t":"BE55"},"855":{"t":"C525"},"856":{"t":"BE35"},"858":{"t":"T6"},"85A":{"desc":"L2T"},"85C":{"desc":"L1T","t":"M600"},"85D":{"t":"BE20"},"863":{"t":"BE36"},"864":{"desc":"H1T"},"865":{"desc":"L1T","t":"M600"},"866":{"desc":"L2J","t":"H25C"},"867":{"desc":"H1T"},"86B":{"desc":"L1T","t":"M600"},"86D":{"t":"GLEX"},"86E":{"desc":"L2P"},"874":{"t":"AEST"},"875":{"desc":"L1P"},"876":{"desc":"L1P"},"877":{"desc":"L1T","t":"M600"},"878":{"t":"CRJ9"},"87E":{"t":"C206"},"87F":{"desc":"L1T","t":"M600"},"881":{"t":"E550"},"882":{"t":"WW24"},"885":{"t":"B58T"},"886":{"t":"E50P"},"887":{"t":"BL8"},"888":{"desc":"H4E"},"889":{"desc":"L2P"},"88A":{"t":"P28A"},"88B":{"t":"BE60"},"88C":{"t":"LJ60"},"88D":{"desc":"L1T","t":"M600"},"88E":{"t":"C182"},"88F":{"t":"GLID"},"890":{"t":"BE55"},"894":{"t":"BE55"},"895":{"t":"AC90"},"896":{"desc":"L1T","t":"M600"},"897":{"desc":"L1P","t":"ULAC"},"898":{"t":"H60"},"89C":{"desc":"L1T","t":"M600"},"8AE":{"t":"C56X"},"8B6":{"t":"AEST"},"8B7":{"t":"FA20"},"8B8":{"desc":"H1P"},"8BD":{"desc":"L2J"},"8BE":{"desc":"L2J"},"8BF":{"t":"PA27"},"8C0":{"t":"BE20"},"8C1":{"t":"C182"},"8C4":{"desc":"L1P"},"8C6":{"t":"C310"},"8C7":{"t":"AS50"},"8CA":{"t":"BE58"},"8CC":{"t":"E550"},"8D0":{"t":"GLID"},"8D2":{"desc":"H2T"},"8D3":{"t":"UH1"},"8D4":{"desc":"L1P"},"8D5":{"desc":"L1P"},"8D7":{"desc":"L1P"},"8D8":{"t":"LJ60"},"8D9":{"t":"SR22"},"8DA":{"desc":"L1T","t":"M600"},"8DB":{"t":"C320"},"8DD":{"t":"A109"},"8DF":{"t":"R44"},"8E1":{"desc":"L1T","t":"M600"},"8E2":{"t":"C150"},"8E8":{"t":"G164"},"8EA":{"t":"C550"},"8EC":{"t":"LJ60"},"8ED":{"t":"AEST"},"8EF":{"t":"C208"},"8F0":{"t":"C414"},"8F3":{"t":"R22"},"8F5":{"t":"E35L"},"8F9":{"t":"PA31"},"8FE":{"desc":"L2J"},"900":{"t":"COL4"},"902":{"desc":"L4P"},"909":{"t":"R44"},"91A":{"t":"BE33"},"91B":{"t":"TWEN"},"91D":{"t":"GLF4"},"920":{"t":"AEST"},"924":{"t":"AEST"},"926":{"t":"C525"},"92A":{"t":"BE35"},"92B":{"desc":"L1P"},"92E":{"t":"C172"},"933":{"desc":"L1P"},"934":{"t":"BE9T"},"935":{"t":"E35L"},"937":{"t":"FA20"},"93A":{"t":"FA50"},"93E":{"t":"P210"},"943":{"desc":"L1T","t":"M600"},"945":{"desc":"L1P"},"948":{"desc":"L1P"},"94A":{"t":"PC12"},"95A":{"t":"C172"},"95C":{"t":"LJ60"},"95E":{"t":"C525"},"965":{"desc":"L1P"},"96F":{"desc":"L1P"},"971":{"desc":"H4E"},"973":{"desc":"L1T","t":"M600"},"975":{"desc":"L1T","t":"M600"},"977":{"t":"GLID"},"97D":{"desc":"L2J"},"983":{"desc":"A2P"},"984":{"desc":"L1P"},"988":{"desc":"L1P"},"996":{"t":"BE36"},"998":{"t":"C172"},"999":{"t":"BE23"},"99C":{"t":"BE35"},"9A0":{"t":"AT8T"},"9A2":{"t":"C180"},"9A3":{"t":"BE18"},"9A5":{"t":"PA23"},"9A6":{"t":"M20P"},"9A7":{"t":"C172"},"9A8":{"t":"BALL"},"9A9":{"t":"P28B"},"9AA":{"t":"C162"},"9AC":{"t":"P28A"},"9AE":{"desc":"L1T","t":"AT3P"},"9AF":{"desc":"L1P"},"9B2":{"t":"C150"},"9B3":{"t":"BE23"},"9B7":{"t":"BE24"},"9B9":{"t":"ST75"},"9BC":{"t":"C182"},"9BE":{"t":"PA22"},"9BF":{"t":"BE35"},"9C0":{"t":"BE35"},"9C1":{"t":"C150"},"9C2":{"t":"BE24"},"9C3":{"t":"C150"},"9C4":{"t":"BE77"},"9C8":{"t":"PA24"},"9C9":{"t":"M20P"},"9CA":{"t":"BE76"},"9CB":{"t":"GLID"},"9D0":{"t":"BALL"},"9D1":{"t":"BE76"},"9D3":{"t":"T50"},"9D9":{"t":"C150"},"9DB":{"t":"T206"},"9DF":{"t":"C182"},"9E0":{"t":"BE76"},"9E2":{"desc":"L1P"},"9E4":{"t":"C162"},"9E5":{"t":"AT8T"},"9E6":{"t":"C182"},"9E7":{"t":"BE76"},"9E8":{"t":"BE76"},"9E9":{"t":"BE24"},"9EA":{"t":"BALL"},"9ED":{"t":"C172"},"9EE":{"t":"BE23"},"9EF":{"t":"AT8T"},"9F2":{"t":"P28A"},"9F6":{"t":"C162"},"9F7":{"t":"BE24"},"9FA":{"t":"C150"},"9FC":{"t":"C150"},"9FD":{"t":"BE23"},"9FE":{"t":"C150"},"9FF":{"t":"BALL"},"A00":{"desc":"L1P"},"A03":{"t":"BE23"},"A05":{"t":"BE35"},"A06":{"t":"C162"},"A07":{"t":"AT5T"},"A08":{"t":"J3"},"A0C":{"t":"GLID"},"A0D":{"t":"ULAC"},"A0E":{"t":"C162"},"A0F":{"t":"M20P"},"A10":{"t":"BE76"},"A13":{"t":"P28A"},"A15":{"t":"P28A"},"A17":{"t":"BE76"},"A18":{"t":"BE23"},"A19":{"t":"C82S"},"A1B":{"t":"C150"},"A1D":{"t":"SR22"},"A21":{"t":"ULAC"},"A22":{"desc":"L1P","t":"ULAC"},"A23":{"desc":"L1P"},"A24":{"desc":"L1P"},"A28":{"t":"BALL"},"A29":{"t":"BE33"},"A2A":{"t":"C150"},"A2B":{"t":"P28A"},"A2D":{"t":"BALL"},"A2E":{"t":"C82S"},"A2F":{"t":"ST75"},"A32":{"t":"M20P"},"A33":{"t":"C172"},"A35":{"t":"C150"},"A38":{"t":"BE23"},"A39":{"t":"BALL"},"A3A":{"t":"C82S"},"A3B":{"t":"C162"},"A3C":{"t":"C150"},"A41":{"t":"C162"},"A42":{"t":"AC11"},"A45":{"desc":"G1P","t":"GYRO"},"A46":{"desc":"L1P"},"A47":{"t":"C172"},"A48":{"t":"C182"},"A49":{"t":"SR22"},"A4B":{"t":"BE35"},"A4C":{"desc":"L1P"},"A4D":{"t":"C150"},"A50":{"t":"ULAC"},"A51":{"t":"SR22"},"A53":{"t":"FH11"},"A55":{"t":"M20P"},"A56":{"t":"AT6T"},"A58":{"t":"ULAC"},"A59":{"t":"P28A"},"A5E":{"t":"BE23"},"A5F":{"t":"C150"},"A61":{"t":"C150"},"A64":{"t":"CL60"},"A65":{"t":"C150"},"A66":{"t":"AT3P"},"A67":{"desc":"L1P"},"A6B":{"t":"C182"},"A6C":{"t":"C82R"},"A6D":{"t":"BE76"},"A6E":{"t":"BE35"},"A70":{"t":"BALL"},"A71":{"t":"J3"},"A73":{"t":"UH12"},"A74":{"t":"BE24"},"A76":{"t":"T210"},"A78":{"t":"M20P"},"A79":{"t":"C172"},"A7C":{"t":"P28A"},"A7E":{"t":"P28A"},"A87":{"t":"C150"},"A89":{"t":"C150"},"A8A":{"desc":"L1P"},"A8B":{"t":"C150"},"A8E":{"t":"C182"},"A8F":{"t":"C82R"},"A91":{"t":"BE35"},"A92":{"t":"BE77"},"A94":{"t":"AC11"},"A95":{"t":"C150"},"A96":{"t":"RC3"},"A98":{"t":"S108"},"A9B":{"t":"M20P"},"A9C":{"t":"C172"},"A9D":{"t":"AT8T"},"A9E":{"t":"BE77"},"A9F":{"t":"P28A"},"AA0":{"t":"BL17"},"AA1":{"t":"P28A"},"AA3":{"t":"BE23"},"AA4":{"t":"AC11"},"AA7":{"t":"C150"},"AA9":{"t":"C150"},"AAA":{"t":"C150"},"AAD":{"t":"BALL"},"AAE":{"desc":"L1P"},"AB0":{"t":"C172"},"AB1":{"t":"C182"},"AB2":{"desc":"L1P"},"AB3":{"t":"BE24"},"AB4":{"desc":"L2T"},"AB5":{"t":"BE35"},"AB6":{"t":"C150"},"AB7":{"t":"P28R"},"AB9":{"t":"BE23"},"ABA":{"t":"BE23"},"AC0":{"t":"BE60"},"AC1":{"t":"C150"},"AC2":{"t":"BE24"},"AC5":{"t":"PA30"},"ACA":{"t":"C150"},"ACB":{"t":"BE23"},"ACD":{"t":"ST75"},"ACE":{"t":"BE24"},"ACF":{"t":"C150"},"AD2":{"desc":"H8E"},"AD3":{"desc":"L1P"},"AD4":{"t":"PA22"},"AD6":{"t":"PA22"},"ADB":{"t":"B350"},"ADE":{"t":"C172"},"AE0":{"t":"C172"},"AE1":{"t":"M20P"},"AE2":{"t":"C172"},"AE4":{"t":"C150"},"AE6":{"t":"C172"},"AE7":{"t":"P28A"},"AEF":{"desc":"L1P"},"AF1":{"t":"AC11"},"AF2":{"t":"BE24"},"AF5":{"t":"C185"},"AF6":{"desc":"L1P"},"AF8":{"desc":"L1P"},"AF9":{"t":"TBM7"},"AFA":{"t":"CL60"},"AFC":{"t":"CL60"},"AFE":{"t":"B06"},"AFF":{"t":"PAY1"},"B01":{"t":"AEST"},"B02":{"desc":"L1P"},"B04":{"desc":"L1P","t":"ULAC"},"B07":{"desc":"H8E"},"B0A":{"desc":"L1P"},"B0B":{"t":"A320"},"B0C":{"desc":"L1J"},"B0F":{"t":"AEST"},"B11":{"t":"AEST"},"B12":{"t":"C550"},"B13":{"desc":"L1P"},"B14":{"t":"CL60"},"B15":{"desc":"L1P"},"B16":{"t":"PC12"},"B19":{"desc":"L1P"},"B1A":{"desc":"L1P"},"B1B":{"t":"PC12"},"B1C":{"t":"TAYB"},"B20":{"t":"P28R"},"B21":{"t":"BE33"},"B24":{"t":"CL60"},"B25":{"desc":"L1P"},"B28":{"t":"S108"},"B29":{"desc":"L2T"},"B2B":{"t":"B06"},"B2E":{"desc":"L1P","t":"ULAC"},"B30":{"desc":"L2J"},"B35":{"t":"LJ60"},"B36":{"desc":"L1P"},"B38":{"t":"S22T"},"B41":{"desc":"L1P"},"B45":{"desc":"A1P"},"B47":{"t":"CL60"},"B48":{"desc":"L1P"},"B49":{"desc":"L1P"},"B4A":{"t":"AEST"},"B4B":{"desc":"L1P"},"B4D":{"t":"BE9L"},"B4E":{"desc":"L1P","t":"ULAC"},"B4F":{"t":"AEST"},"B51":{"desc":"L1P"},"B52":{"t":"CL60"},"B57":{"desc":"L1P"},"B5B":{"t":"P28A"},"B5C":{"desc":"L1P"},"B5D":{"t":"CL60"},"B5E":{"t":"GLID"},"B5F":{"desc":"L1P"},"B63":{"t":"LJ60"},"B65":{"desc":"L1P","t":"ULAC"},"B66":{"t":"AEST"},"B67":{"t":"CRJ9"},"B6B":{"desc":"L1P","t":"ULAC"},"B6C":{"desc":"L1P"},"B70":{"desc":"L1P"},"B72":{"desc":"L1P"},"B73":{"desc":"L1P"},"B78":{"t":"MD11"},"B7B":{"desc":"L1P"},"B7F":{"t":"C68A"},"B80":{"desc":"L1P"},"B85":{"t":"P28A"},"B88":{"desc":"L1P","t":"ULAC"},"B89":{"t":"E550"},"B8C":{"desc":"L1P"},"B8E":{"desc":"L1P","t":"ULAC"},"B91":{"desc":"L1P"},"B93":{"t":"LJ60"},"B94":{"desc":"L1P","t":"ULAC"},"B96":{"desc":"L1P"},"B98":{"t":"B06"},"B9C":{"desc":"L1P"},"B9E":{"desc":"L1P","t":"CL60"},"BA0":{"desc":"L1P"},"BA1":{"desc":"L1P"},"BA4":{"t":"AEST"},"BA5":{"t":"CL60"},"BA7":{"t":"AEST"},"BA9":{"desc":"L1P"},"BAC":{"desc":"L1P","t":"ULAC"},"BAD":{"desc":"L1P"},"BB4":{"t":"H60"},"BB6":{"desc":"L1P"},"BB7":{"t":"PC12"},"BBA":{"t":"CL60"},"BBB":{"desc":"H18E"},"BBF":{"desc":"L1P"},"BC0":{"t":"PA34"},"BC2":{"desc":"L1P"},"BC4":{"t":"T6"},"BC5":{"t":"CL60"},"BC6":{"desc":"L1P","t":"ULAC"},"BC8":{"desc":"L1P"},"BCA":{"t":"CL60"},"BCC":{"desc":"L2J","t":"CL60"},"BCE":{"t":"C150"},"BCF":{"desc":"L1P"},"BD3":{"desc":"L1P"},"BD5":{"t":"C501"},"BD8":{"t":"R44"},"BD9":{"desc":"L1P"},"BDA":{"desc":"L1P"},"BE1":{"t":"CL60"},"BE3":{"desc":"L1P"},"BE9":{"desc":"L1P"},"BF1":{"t":"R22"},"BF3":{"t":"CL60"},"BF4":{"desc":"L1P"},"BF5":{"desc":"L1P"},"BF7":{"desc":"L1P"},"BF8":{"desc":"L1P"},"BFB":{"desc":"L1P"},"BFC":{"desc":"L1P","t":"ULAC"},"BFD":{"desc":"L1P"},"BFE":{"desc":"L1P"},"C00":{"t":"CRJ9"},"C01":{"t":"C172"},"C02":{"desc":"L1P"},"C04":{"desc":"L1P"},"C05":{"desc":"L1P"},"C06":{"desc":"L1P"},"C08":{"desc":"L1P"},"C09":{"t":"AEST"},"C0A":{"desc":"L1T","t":"M600"},"C0B":{"t":"C182"},"C0D":{"desc":"L1P"},"C10":{"desc":"L1P"},"C12":{"desc":"L1P"},"C14":{"desc":"L1P"},"C15":{"desc":"L1P"},"C19":{"desc":"L1P"},"C1B":{"t":"EC35"},"C1C":{"t":"CL60"},"C1F":{"desc":"L1P"},"C22":{"t":"C180"},"C23":{"desc":"L2J"},"C25":{"desc":"L1P"},"C29":{"t":"AEST"},"C2C":{"t":"A320"},"C2E":{"desc":"L1P","t":"ULAC"},"C2F":{"t":"AEST"},"C32":{"desc":"L1P"},"C34":{"t":"AEST"},"C38":{"desc":"L1P","t":"ULAC"},"C3B":{"t":"AEST"},"C3C":{"t":"C172"},"C3E":{"t":"AEST"},"C40":{"t":"AEST"},"C47":{"desc":"L1P"},"C4B":{"t":"CL60"},"C4C":{"desc":"L1P"},"C4D":{"t":"AEST"},"C53":{"t":"AEST"},"C54":{"desc":"L1P"},"C55":{"t":"CL60"},"C65":{"t":"C68A"},"C6F":{"t":"AEST"},"C70":{"t":"CL60"},"C71":{"desc":"L1P"},"C73":{"t":"C180"},"C74":{"desc":"L1P"},"C75":{"t":"P46T"},"C77":{"t":"BE76"},"C79":{"desc":"L1P"},"C7E":{"desc":"L1P"},"C7F":{"desc":"L1P"},"C81":{"desc":"L1P"},"C82":{"t":"GLID"},"C86":{"t":"CL60"},"C87":{"desc":"L1P"},"C89":{"desc":"L1P"},"C8A":{"desc":"L2T"},"C8B":{"desc":"L1P"},"C8C":{"t":"C182"},"C8D":{"t":"BE35"},"C8E":{"desc":"L2P"},"C8F":{"t":"B06"},"C90":{"t":"SHIP"},"C91":{"t":"ULAC"},"C96":{"desc":"L1P"},"C98":{"t":"CL60"},"C9B":{"t":"BE36"},"C9C":{"desc":"L1P"},"C9E":{"desc":"L1P","t":"ULAC"},"C9F":{"desc":"L1P"},"CA0":{"t":"AS50"},"CA1":{"desc":"L1P"},"CA3":{"desc":"L1P"},"CA6":{"t":"P28R"},"CA8":{"desc":"L1P"},"CAB":{"desc":"L1P"},"CAD":{"t":"CL60"},"CAF":{"desc":"L1P"},"CB1":{"desc":"L1P"},"CB3":{"t":"R44"},"CB5":{"t":"CL60"},"CC1":{"t":"BE35"},"CCE":{"desc":"L2J"},"CD1":{"t":"BE33"},"CD3":{"desc":"L1P","t":"ULAC"},"CD9":{"t":"CL60"},"CDC":{"desc":"L1P"},"CDF":{"desc":"L1P"},"CE1":{"t":"CL60"},"CE2":{"desc":"L1P"},"CE5":{"desc":"L1P"},"CEB":{"t":"AEST"},"CEC":{"desc":"L1P"},"CEE":{"desc":"L1P","t":"ULAC"},"CF0":{"desc":"L1P","t":"ULAC"},"CF2":{"desc":"L1P"},"CF4":{"desc":"L1P","t":"ULAC"},"CF5":{"desc":"L1P"},"CF6":{"t":"CL60"},"CF7":{"t":"B733"},"CF8":{"desc":"L1P"},"CFC":{"t":"AC90"},"CFF":{"desc":"L1P"},"D00":{"desc":"L1P"},"D01":{"t":"CL60"},"D02":{"desc":"L1P"},"D03":{"t":"AEST"},"D06":{"desc":"L1P"},"D0C":{"t":"CRJ2"},"D11":{"desc":"L1P","t":"ULAC"},"D14":{"desc":"L1P"},"D1B":{"desc":"L1P"},"D1C":{"t":"G164"},"D35":{"desc":"L1P"},"D36":{"desc":"L1P"},"D38":{"desc":"L1P"},"D40":{"desc":"L1P"},"D41":{"desc":"L1P"},"D43":{"desc":"L1P","t":"ULAC"},"D45":{"desc":"L1P"},"D4B":{"desc":"L1P","t":"ULAC"},"D4C":{"desc":"L1P","t":"ULAC"},"D4E":{"desc":"L1P"},"D4F":{"t":"C150"},"D50":{"t":"C182"},"D51":{"t":"BE19"},"D53":{"t":"BE35"},"D54":{"t":"C182"},"D56":{"t":"J3"},"D59":{"t":"AA5"},"D5A":{"t":"S108"},"D5C":{"t":"PA24"},"D5F":{"t":"BE60"},"D60":{"t":"C162"},"D61":{"desc":"L1T","t":"AT3P"},"D65":{"t":"AC11"},"D66":{"t":"BALL"},"D67":{"t":"C180"},"D68":{"t":"ULAC"},"D6B":{"t":"BE23"},"D6D":{"t":"BE23"},"D6F":{"t":"C150"},"D70":{"t":"FA62"},"D72":{"t":"C172"},"D74":{"t":"AT8T"},"D76":{"t":"BE76"},"D77":{"t":"P28A"},"D78":{"t":"C150"},"D7A":{"t":"BE24"},"D7C":{"t":"AA5"},"D80":{"t":"BE76"},"D81":{"t":"C172"},"D82":{"t":"BE60"},"D83":{"t":"AT3T"},"D84":{"t":"BE76"},"D86":{"t":"AT3T"},"D88":{"t":"PA27"},"D8C":{"t":"FA62"},"D8F":{"t":"C150"},"D90":{"t":"C150"},"D91":{"desc":"L1T","t":"AT3P"},"D93":{"t":"C150"},"D95":{"t":"C172"},"D96":{"t":"SR22"},"D9A":{"t":"BE95"},"D9B":{"t":"C150"},"D9F":{"t":"AA5"},"DA3":{"t":"M20P"},"DA6":{"t":"C150"},"DA7":{"t":"C172"},"DA8":{"desc":"L1P","t":"LA4"},"DAB":{"t":"BE23"},"DAC":{"t":"C172"},"DAE":{"t":"C150"},"DAF":{"t":"C150"},"DB0":{"t":"C150"},"DB1":{"desc":"H1T"},"DB2":{"t":"B350"},"DB4":{"t":"C150"},"DB5":{"t":"C150"},"DB9":{"t":"T210"},"DBA":{"t":"C82R"},"DBB":{"t":"PA22"},"DBD":{"t":"BE55"},"DBE":{"t":"AT3T"},"DBF":{"t":"J3"},"DC0":{"t":"C172"},"DC1":{"t":"C182"},"DC2":{"t":"AA5"},"DC8":{"t":"C182"},"DCA":{"t":"SR22"},"DCB":{"t":"C182"},"DCF":{"t":"BE76"},"DD0":{"t":"C150"},"DD1":{"t":"ST75"},"DD2":{"desc":"L1P"},"DD4":{"t":"C206"},"DD5":{"t":"BE23"},"DD8":{"t":"C150"},"DD9":{"t":"C150"},"DDC":{"t":"C180"},"DDD":{"t":"C82R"},"DDF":{"desc":"L1P"},"DE1":{"t":"C82S"},"DE2":{"t":"J3"},"DE3":{"t":"C82S"},"DE4":{"t":"RC3"},"DE5":{"t":"BE24"},"DE6":{"t":"BE23"},"DE8":{"t":"PA24"},"DEA":{"t":"C172"},"DEB":{"t":"AT5T"},"DEE":{"t":"BE9L"},"DEF":{"t":"P28A"},"DF1":{"desc":"L1P"},"DF2":{"t":"BE23"},"DF5":{"t":"C150"},"DF6":{"t":"C172"},"DF9":{"t":"C150"},"DFA":{"t":"ST75"},"E02":{"t":"BE35"},"E03":{"t":"P28A"},"E05":{"t":"J3"},"E06":{"t":"BALL"},"E08":{"t":"AA5"},"E09":{"t":"S108"},"E0B":{"t":"PA24"},"E0C":{"t":"BE76"},"E0D":{"t":"C172"},"E0F":{"t":"C150"},"E10":{"t":"BE23"},"E11":{"desc":"L1P","t":"LA4"},"E15":{"t":"BE76"},"E18":{"desc":"A1P"},"E19":{"t":"AT5T"},"E1A":{"desc":"L2T"},"E1B":{"t":"C172"},"E1C":{"t":"BE76"},"E1F":{"t":"C162"},"E20":{"t":"BALL"},"E21":{"t":"C172"},"E22":{"t":"C82S"},"E24":{"t":"PA22"},"E25":{"t":"BE35"},"E26":{"t":"BE35"},"E27":{"t":"C150"},"E28":{"t":"J3"},"E29":{"t":"C150"},"E2A":{"t":"BE24"},"E2B":{"desc":"L1P"},"E2E":{"t":"PA24"},"E2F":{"t":"M20P"},"E30":{"t":"C172"},"E32":{"t":"C150"},"E33":{"t":"BE76"},"E34":{"t":"C82S"},"E36":{"t":"M20P"},"E37":{"t":"BE24"},"E38":{"t":"PA25"},"E39":{"t":"C150"},"E3A":{"t":"C150"},"E3C":{"t":"C150"},"E3E":{"t":"BE23"},"E3F":{"t":"C82S"},"E40":{"t":"C150"},"E41":{"t":"C150"},"E44":{"t":"C172"},"E45":{"t":"C182"},"E48":{"t":"AT5T"},"E49":{"t":"BE33"},"E4B":{"t":"J3"},"E4D":{"t":"C162"},"E4E":{"t":"C172"},"E50":{"t":"C172"},"E54":{"t":"B58T"},"E57":{"desc":"L1P","t":"LA4"},"E58":{"t":"P28A"},"E5A":{"t":"PA27"},"E5C":{"t":"PT22"},"E5E":{"t":"C150"},"E5F":{"t":"C150"},"E60":{"t":"C150"},"E61":{"t":"C150"},"E63":{"t":"C150"},"E64":{"t":"PT22"},"E65":{"t":"C150"},"E66":{"desc":"L1P"},"E67":{"t":"C172"},"E68":{"t":"C182"},"E69":{"t":"BALL"},"E6A":{"t":"PA22"},"E6B":{"t":"BE35"},"E6C":{"t":"P28A"},"E6E":{"t":"J3"},"E6F":{"t":"C150"},"E70":{"t":"C172"},"E72":{"t":"S108"},"E75":{"t":"M20P"},"E77":{"t":"B58T"},"E78":{"desc":"L1T"},"E7E":{"t":"C172"},"E82":{"t":"C150"},"E83":{"t":"C150"},"E84":{"t":"ST75"},"E87":{"t":"C150"},"E8A":{"t":"C172"},"E8B":{"t":"C182"},"E8D":{"t":"PA22"},"E8E":{"t":"BE35"},"E8F":{"t":"BE35"},"E90":{"t":"C150"},"E91":{"t":"J3"},"E94":{"t":"AA5"},"E97":{"t":"PA24"},"E98":{"t":"SR22"},"E9A":{"desc":"L1P"},"E9D":{"t":"C172"},"E9E":{"t":"BALL"},"E9F":{"t":"C182"},"EA1":{"t":"SR22"},"EA2":{"desc":"L1P"},"EA3":{"t":"C150"},"EA5":{"t":"BALL"},"EA9":{"t":"ST75"},"EAA":{"t":"ST75"},"EAB":{"t":"BE77"},"EAC":{"t":"C150"},"EAD":{"t":"PA22"},"EAE":{"t":"AT6T"},"EAF":{"t":"GALX"},"EB0":{"t":"LJ60"},"EB1":{"desc":"L1P"},"EB2":{"t":"E145"},"EB3":{"t":"AT6T"},"EB4":{"t":"AT6T"},"EB6":{"t":"CL60"},"EB7":{"desc":"L1P"},"EB8":{"t":"DC87"},"EBB":{"t":"AT6T"},"EBD":{"t":"C212"},"EBF":{"t":"C550"},"EC1":{"t":"PC12"},"EC2":{"t":"AT6T"},"EC3":{"desc":"L1J"},"EC5":{"desc":"H4E"},"EC6":{"t":"BE35"},"EC7":{"t":"AT6T"},"EC8":{"t":"C182"},"EC9":{"desc":"L1P"},"ECB":{"t":"AT6T"},"ECC":{"t":"AT6T"},"ECD":{"t":"AT6T"},"ED0":{"t":"AT6T"},"ED1":{"t":"AT6T"},"ED2":{"t":"PC12"},"ED7":{"desc":"L1P","t":"ULAC"},"EDB":{"t":"AT6T"},"EDF":{"t":"S108"},"EE1":{"desc":"L1P"},"EE2":{"t":"AT6T"},"EE6":{"t":"SR22"},"EE7":{"desc":"L2J"},"EE9":{"t":"H60"},"EEB":{"t":"AT6T"},"EED":{"t":"C182"},"EEF":{"t":"AT6T"},"EF3":{"t":"F900"},"EF8":{"desc":"L1P"},"EF9":{"t":"AT6T"},"EFA":{"desc":"H1P"},"EFB":{"t":"C421"},"EFC":{"t":"T206"},"EFD":{"t":"T206"},"F00":{"t":"BE9L"},"F02":{"t":"BE55"},"F04":{"t":"AT6T"},"F05":{"t":"AT6T"},"F0A":{"t":"P28B"},"F11":{"t":"AT6T"},"F16":{"t":"E550"},"F1F":{"desc":"L1P"},"F21":{"t":"C172"},"F26":{"t":"AT6T"},"F2B":{"t":"AT6T"},"F2C":{"desc":"H1T"},"F2D":{"t":"BE55"},"F2F":{"t":"MD11"},"F32":{"t":"AT6T"},"F35":{"t":"P28A"},"F3C":{"t":"P28A"},"F40":{"t":"E550"},"F45":{"t":"AT6T"},"F48":{"t":"AT6T"},"F4C":{"t":"GLF4"},"F4D":{"t":"AT6T"},"F4F":{"t":"AT6T"},"F53":{"t":"AT6T"},"F54":{"desc":"L1P"},"F5C":{"t":"EN28"},"F5D":{"desc":"L2J"},"F5E":{"t":"AT6T"},"F5F":{"t":"AT6T"},"F62":{"t":"AT6T"},"F67":{"desc":"H4E"},"F6A":{"t":"C82R"},"F6E":{"t":"AT6T"},"F75":{"t":"AT6T"},"F76":{"desc":"L1P"},"F78":{"t":"BE40"},"F7B":{"desc":"L2T"},"F7D":{"t":"AT6T"},"F7F":{"t":"AT6T"},"F81":{"t":"T28"},"F83":{"t":"AT6T"},"F89":{"t":"C525"},"F8A":{"t":"AT6T"},"F8F":{"t":"AT6T"},"F90":{"t":"AT6T"},"F91":{"t":"GLID"},"F93":{"t":"AT6T"},"F97":{"t":"AT6T"},"FA3":{"t":"B762"},"FA7":{"t":"AT6T"},"FA8":{"t":"AT6T"},"FA9":{"desc":"L1P"},"FAF":{"desc":"H1P"},"FB2":{"t":"AT6T"},"FB5":{"t":"AT6T"},"FB7":{"t":"CRJ9"},"FB9":{"t":"C206"},"FC4":{"t":"AT6T"},"FC7":{"t":"AT6T"},"FC8":{"t":"AT6T"},"FCC":{"t":"EC45"},"FCE":{"t":"AT6T"},"FD0":{"t":"FDCT"},"FD1":{"t":"AT6T"},"FD2":{"t":"EC35"},"FD5":{"t":"AT6T"},"FD9":{"t":"AT6T"},"FDA":{"desc":"L1T"},"FDD":{"t":"C172"},"FE3":{"t":"A320"},"FE6":{"t":"CRJ9"},"FE7":{"t":"CL60"},"FF2":{"t":"BE50"},"FF3":{"t":"AEST"},"FF5":{"t":"P28A"},"FF8":{"t":"AT6T"},"FF9":{"t":"SR20"},"FFC":{"t":"AT6T"}}