{"001":{"desc":"L1E"},"015":{"t":"C182"},"016":{"t":"SR20"},"01A":{"t":"BE20"},"01C":{"t":"J3"},"01D":{"t":"P28A"},"01E":{"t":"C150"},"01F":{"t":"AA1"},"020":{"t":"PA32"},"021":{"t":"CH7B"},"022":{"t":"P210"},"023":{"t":"C152"},"025":{"desc":"L1P"},"027":{"t":"BE36"},"02B":{"t":"PA32"},"02D":{"t":"C150"},"02E":{"t":"C150"},"02F":{"t":"C150"},"030":{"t":"C150"},"031":{"t":"BALL"},"033":{"t":"C150"},"034":{"t":"E50P"},"035":{"t":"C150"},"037":{"t":"GLID"},"038":{"t":"C182"},"03A":{"t":"P28A"},"03B":{"t":"C172"},"03C":{"t":"C172"},"03D":{"t":"C337"},"040":{"t":"P28A"},"042":{"t":"C152"},"045":{"t":"PA24"},"046":{"t":"M20P"},"048":{"t":"C150"},"04A":{"t":"BALL"},"04B":{"desc":"L1P"},"04C":{"t":"P28A"},"04D":{"t":"C340"},"051":{"desc":"L1P"},"054":{"t":"C172"},"057":{"t":"C172"},"059":{"t":"C172"},"05D":{"desc":"L1P"},"060":{"t":"C172"},"063":{"t":"P28A"},"064":{"t":"RC3"},"068":{"t":"PA24"},"069":{"t":"M20P"},"06A":{"t":"P28A"},"06F":{"t":"NOMA"},"070":{"t":"BL17"},"071":{"t":"AS50"},"079":{"t":"BL17"},"07A":{"t":"ST75"},"07D":{"desc":"L1P"},"07F":{"t":"T210"},"081":{"t":"C170"},"083":{"t":"C182"},"086":{"t":"P28A"},"089":{"t":"S108"},"08A":{"t":"CH7B"},"08B":{"t":"PA24"},"08C":{"t":"M20P"},"08D":{"t":"P28A"},"08F":{"t":"C82R"},"091":{"t":"C82S"},"093":{"t":"C340"},"098":{"t":"BALL"},"099":{"t":"C150"},"09A":{"t":"ST75"},"09F":{"t":"BE24"},"0A3":{"t":"P28R"},"0A8":{"t":"J3"},"0A9":{"t":"P28A"},"0AA":{"t":"C172"},"0AB":{"t":"AA1"},"0AC":{"t":"C152"},"0AF":{"t":"M20P"},"0B0":{"t":"P28A"},"0B1":{"t":"C150"},"0B2":{"t":"C82R"},"0B3":{"t":"T210"},"0B4":{"desc":"L1P"},"0B6":{"t":"C340"},"0B8":{"t":"PA25"},"0B9":{"t":"C150"},"0BB":{"t":"C150"},"0BC":{"t":"VALI"},"0BD":{"t":"BALL"},"0BE":{"desc":"L1P"},"0C0":{"t":"C150"},"0C4":{"t":"C182"},"0C5":{"t":"C182"},"0C9":{"t":"C182"},"0CB":{"t":"J3"},"0CE":{"t":"AA1"},"0D0":{"t":"CH7A"},"0D3":{"t":"C72R"},"0D6":{"t":"T206"},"0D7":{"t":"BALL"},"0D9":{"t":"C340"},"0DD":{"t":"C150"},"0DF":{"t":"C150"},"0E3":{"t":"C150"},"0E9":{"t":"T210"},"0EA":{"desc":"L1P"},"0EC":{"t":"C172"},"0ED":{"t":"C150"},"0EF":{"t":"P28A"},"0F3":{"t":"CH7A"},"0F5":{"t":"M20P"},"0F8":{"t":"P51"},"0FA":{"desc":"L1P"},"0FB":{"t":"P28A"},"101":{"t":"C150"},"105":{"t":"C150"},"10B":{"t":"C185"},"112":{"t":"C172"},"114":{"t":"AA1"},"115":{"t":"P68"},"118":{"t":"BALL"},"126":{"t":"C150"},"12B":{"t":"C150"},"12D":{"t":"C182"},"12E":{"t":"C182"},"130":{"t":"P28B"},"133":{"t":"C150"},"134":{"desc":"L1T"},"135":{"t":"C172"},"139":{"t":"CH7A"},"13A":{"t":"PA24"},"13B":{"t":"C152"},"13C":{"t":"C72R"},"148":{"t":"BL17"},"150":{"t":"PA38"},"151":{"t":"C182"},"156":{"t":"C150"},"158":{"t":"P28A"},"159":{"t":"T206"},"15A":{"t":"AA1"},"15B":{"t":"S108"},"15C":{"t":"CH7A"},"15D":{"t":"BALL"},"15E":{"t":"M20P"},"15F":{"t":"P28A"},"160":{"t":"C150"},"163":{"t":"C72R"},"165":{"t":"BE36"},"166":{"t":"BE33"},"169":{"t":"C150"},"16A":{"t":"C150"},"16D":{"t":"C150"},"16F":{"t":"B06"},"175":{"t":"GA5C"},"176":{"t":"CH7B"},"177":{"t":"E55P"},"178":{"t":"E145"},"179":{"t":"C206"},"17A":{"t":"A320"},"17D":{"desc":"L1P"},"17F":{"t":"GLID"},"189":{"desc":"L1J"},"18B":{"desc":"H4E"},"18D":{"t":"LJ60"},"18F":{"t":"SF34"},"197":{"t":"PC12"},"19C":{"t":"SR22"},"1A1":{"t":"PA32"},"1A5":{"t":"S108"},"1A7":{"t":"C680"},"1A8":{"desc":"A1P"},"1AF":{"t":"S61"},"1B3":{"t":"C182"},"1B7":{"t":"C172"},"1BE":{"t":"BE35"},"1BF":{"t":"DV20"},"1C0":{"t":"PC12"},"1C5":{"desc":"L1P"},"1C6":{"t":"C25C"},"1CA":{"t":"CH7B"},"1CC":{"desc":"H1P"},"1D2":{"t":"GALX"},"1DF":{"t":"C150"},"1F0":{"t":"C310"},"1F5":{"t":"MD11"},"1FB":{"t":"P28A"},"202":{"t":"P28A"},"209":{"t":"GLID"},"21A":{"desc":"L2J"},"222":{"t":"GLID"},"224":{"desc":"L1P","t":"ULAC"},"23C":{"t":"B06"},"23D":{"desc":"L1P"},"23F":{"t":"C56X"},"241":{"desc":"H4E"},"242":{"t":"R66"},"247":{"t":"S22T"},"24C":{"t":"E55P"},"255":{"t":"LJ31"},"256":{"desc":"L1P"},"257":{"desc":"L1P"},"259":{"desc":"L1P"},"25F":{"desc":"L1P","t":"ULAC"},"26B":{"t":"M20P"},"26D":{"t":"B350"},"27E":{"desc":"L2P"},"286":{"desc":"L1P","t":"ULAC"},"287":{"t":"BL8"},"292":{"desc":"A1P","t":"ULAC"},"294":{"t":"CH7B"},"298":{"t":"B407"},"29F":{"desc":"L1P"},"2A3":{"t":"P28A"},"2A9":{"t":"A320"},"2B4":{"t":"B742"},"2B8":{"desc":"L1T"},"2B9":{"t":"C152"},"2BA":{"desc":"L1P"},"2C9":{"desc":"L1P"},"2E2":{"t":"C68A"},"2E7":{"t":"E75L"},"2EF":{"desc":"L1P"},"2F3":{"t":"SR22"},"2F8":{"t":"CL30"},"2FB":{"desc":"L1P"},"2FE":{"desc":"L1P"},"2FF":{"t":"E170"},"303":{"t":"C182"},"304":{"t":"BE36"},"305":{"t":"AS50"},"306":{"t":"B350"},"307":{"t":"AS50"},"309":{"t":"G280"},"30D":{"t":"CRJ7"},"311":{"desc":"H4E"},"313":{"t":"SR22"},"31C":{"t":"BE35"},"31D":{"t":"BE36"},"31F":{"t":"B06"},"321":{"desc":"L1P"},"325":{"t":"C25C"},"32D":{"t":"C550"},"343":{"desc":"L4J"},"34E":{"t":"BE33"},"34F":{"t":"A320"},"35E":{"t":"GLF5"},"360":{"desc":"H6E"},"363":{"desc":"L1E"},"37C":{"desc":"L1E"},"380":{"t":"GLID"},"3CD":{"t":"C182"},"3CE":{"t":"BE36"},"3D0":{"t":"C172"},"3D1":{"t":"C337"},"3D2":{"t":"C150"},"3D3":{"t":"J3"},"3D6":{"t":"AA1"},"3D8":{"t":"CH7A"},"3D9":{"t":"PA24"},"3DB":{"t":"P28A"},"3DF":{"t":"BE36"},"3E2":{"desc":"A1P"},"3E5":{"t":"C172"},"3E7":{"t":"C150"},"3EB":{"t":"BALL"},"3EE":{"desc":"L1P"},"3F1":{"t":"PA34"},"3F2":{"desc":"L1P"},"3F4":{"t":"C337"},"3F8":{"desc":"L2P"},"3FA":{"t":"S108"},"3FF":{"t":"BE58"},"402":{"desc":"L1P"},"404":{"t":"C340"},"406":{"t":"BE33"},"40A":{"t":"C172"},"40B":{"t":"C150"},"40C":{"t":"FA62"},"411":{"t":"GLID"},"412":{"t":"C182"},"413":{"t":"C182"},"414":{"t":"P28A"},"417":{"t":"C337"},"418":{"t":"C150"},"41E":{"t":"CH7A"},"420":{"t":"M20P"},"421":{"t":"BALL"},"422":{"t":"C82S"},"424":{"t":"BALL"},"425":{"desc":"L1P"},"427":{"t":"BE36"},"428":{"t":"BL17"},"42A":{"t":"C150"},"42B":{"t":"C150"},"42C":{"t":"C150"},"42F":{"t":"C150"},"430":{"t":"C150"},"432":{"desc":"L1P"},"434":{"desc":"L1P"},"435":{"t":"BALL"},"436":{"t":"C182"},"437":{"t":"P28A"},"438":{"desc":"L1P"},"439":{"t":"C172"},"43A":{"t":"C172"},"43C":{"t":"J3"},"441":{"t":"CJ6"},"445":{"desc":"L1P"},"446":{"desc":"L1P"},"447":{"desc":"L1P"},"449":{"t":"P28A"},"44D":{"t":"C180"},"44E":{"desc":"H1P"},"44F":{"t":"C150"},"450":{"desc":"L1P"},"451":{"t":"T206"},"455":{"t":"C150"},"458":{"t":"C182"},"459":{"t":"C182"},"45A":{"t":"T210"},"45B":{"t":"T210"},"45C":{"t":"C172"},"45E":{"t":"C150"},"462":{"t":"C152"},"465":{"t":"PA24"},"466":{"t":"BALL"},"467":{"t":"C82S"},"46A":{"t":"BALL"},"46F":{"t":"BL17"},"475":{"t":"C180"},"476":{"t":"PA32"},"479":{"t":"C150"},"47B":{"t":"C182"},"47C":{"t":"C182"},"47E":{"t":"CJ6"},"480":{"t":"C337"},"482":{"t":"J3"},"485":{"t":"AA1"},"48B":{"t":"C150"},"48C":{"t":"CJ6"},"48E":{"t":"BL17"},"48F":{"t":"P28A"},"490":{"t":"C421"},"493":{"t":"C150"},"497":{"t":"C150"},"498":{"t":"C150"},"499":{"t":"CJ6"},"49A":{"t":"C150"},"49B":{"t":"BALL"},"49E":{"desc":"L1P"},"49F":{"t":"C152"},"4A0":{"t":"BALL"},"4A1":{"t":"C172"},"4A4":{"t":"C150"},"4A5":{"t":"J3"},"4A6":{"t":"P28A"},"4A7":{"desc":"L1P"},"4A8":{"t":"BALL"},"4A9":{"t":"S108"},"4AA":{"t":"CH7B"},"4AB":{"t":"PA24"},"4AC":{"t":"M20P"},"4AD":{"t":"P28A"},"4AE":{"t":"C150"},"4B1":{"t":"BL17"},"4B3":{"t":"C340"},"4B8":{"t":"BALL"},"4BB":{"t":"C150"},"4BC":{"t":"C180"},"4BF":{"t":"C150"},"4C4":{"t":"C172"},"4C7":{"t":"C172"},"4C8":{"t":"J3"},"4CA":{"t":"RC3"},"4CB":{"t":"AA1"},"4CD":{"t":"CH7B"},"4CE":{"t":"PA24"},"4CF":{"t":"C152"},"4D2":{"t":"C82T"},"4D7":{"desc":"L1P"},"4DB":{"t":"GLID"},"4E0":{"t":"C172"},"4E1":{"t":"BALL"},"4E2":{"t":"C150"},"4E4":{"t":"C182"},"4E5":{"t":"C210"},"4E8":{"t":"C172"},"4EB":{"t":"J3"},"4F0":{"t":"CH7A"},"4F1":{"t":"PA24"},"4F3":{"t":"P28A"},"4F4":{"t":"BE35"},"4F5":{"t":"C82T"},"4F7":{"desc":"L1P"},"4FC":{"t":"C150"},"4FD":{"t":"C150"},"502":{"t":"C150"},"508":{"t":"C182"},"509":{"t":"P28A"},"50A":{"t":"PA20"},"50C":{"t":"C182"},"50D":{"t":"C172"},"510":{"t":"C150"},"512":{"t":"S108"},"513":{"t":"CH7B"},"514":{"t":"PA24"},"515":{"t":"M20P"},"516":{"t":"P28A"},"517":{"t":"BALL"},"518":{"t":"C82R"},"519":{"t":"BE36"},"51A":{"desc":"L1P"},"51C":{"t":"C340"},"51E":{"t":"PA25"},"522":{"t":"GLID"},"525":{"t":"BALL"},"526":{"t":"C150"},"527":{"t":"C150"},"528":{"t":"C150"},"52A":{"t":"PA22"},"52F":{"t":"E145"},"532":{"t":"C182"},"536":{"desc":"L1P"},"53E":{"t":"A320"},"540":{"desc":"L1J"},"542":{"desc":"H4E"},"543":{"t":"BE35"},"547":{"desc":"L1P"},"54A":{"desc":"L1P"},"54E":{"t":"E550"},"558":{"desc":"A1P","t":"ULAC"},"55C":{"t":"S108"},"55D":{"desc":"L1T","t":"M600"},"560":{"t":"SR22"},"568":{"t":"BE55"},"56A":{"t":"C182"},"581":{"t":"C208"},"585":{"desc":"L1P"},"586":{"t":"BE30"},"58A":{"desc":"L1P"},"596":{"t":"C150"},"59E":{"t":"C172"},"59F":{"t":"C182"},"5BC":{"t":"CL30"},"5D1":{"desc":"L2J"},"5D3":{"t":"C560"},"5DA":{"desc":"L2J"},"5DB":{"desc":"L1P","t":"ULAC"},"5F0":{"t":"HUSK"},"5F4":{"t":"A320"},"60B":{"t":"BL8"},"60D":{"desc":"L1P"},"625":{"t":"C172"},"62F":{"t":"C182"},"63D":{"desc":"L1P"},"640":{"desc":"H4E"},"64D":{"t":"C182"},"657":{"t":"T28"},"65A":{"t":"P28A"},"660":{"t":"A320"},"667":{"t":"R44"},"66B":{"t":"B742"},"66F":{"desc":"L1P"},"670":{"t":"M20T"},"671":{"t":"FA20"},"67B":{"desc":"L1T","t":"PA46"},"680":{"t":"RV12"},"699":{"t":"C68A"},"69E":{"t":"E75L"},"6A6":{"desc":"L1P"},"6BA":{"t":"BT36"},"6BB":{"desc":"L1T"},"6BD":{"t":"P28A"},"6BE":{"t":"AS50"},"6C0":{"desc":"L1P"},"6C4":{"t":"CRJ7"},"6C8":{"t":"C172"},"6CB":{"desc":"A2P"},"6D3":{"t":"BE35"},"6D6":{"t":"B06"},"6DD":{"t":"C182"},"6E5":{"t":"DIMO"},"6E9":{"t":"C56X"},"6EE":{"t":"SR22"},"6FA":{"desc":"L4J"},"701":{"desc":"L1E"},"705":{"t":"BE33"},"706":{"t":"A320"},"720":{"t":"PA32"},"737":{"t":"GLID"},"742":{"t":"C56X"},"750":{"t":"WACF"},"769":{"t":"BE50"},"76A":{"desc":"H4E"},"782":{"desc":"H8E"},"785":{"t":"P28R"},"788":{"t":"C172"},"789":{"t":"C150"},"78B":{"t":"P28A"},"790":{"t":"P210"},"791":{"t":"M20P"},"794":{"desc":"L1P"},"795":{"t":"BT36"},"797":{"t":"BALL"},"7A0":{"t":"C150"},"7A2":{"t":"C150"},"7A8":{"t":"BE36"},"7A9":{"t":"C140"},"7AB":{"t":"C182"},"7AC":{"t":"C150"},"7AD":{"t":"C182"},"7AE":{"t":"P28A"},"7AF":{"t":"C150"},"7B1":{"t":"C152"},"7B3":{"t":"C152"},"7B4":{"t":"M20P"},"7B6":{"t":"C150"},"7B7":{"t":"C82R"},"7BB":{"t":"BE36"},"7BC":{"t":"PA27"},"7BE":{"t":"C150"},"7BF":{"t":"C150"},"7C2":{"t":"C150"},"7C7":{"t":"C150"},"7C9":{"t":"BE33"},"7CE":{"t":"C182"},"7D1":{"t":"P28A"},"7D3":{"t":"AA1"},"7D4":{"t":"S108"},"7D5":{"t":"CH7B"},"7DA":{"desc":"L1P"},"7DE":{"t":"BALL"},"7E1":{"t":"C150"},"7E2":{"t":"C150"},"7E3":{"desc":"H6E"},"7EB":{"desc":"L1P"},"7EC":{"t":"C182"},"7ED":{"t":"C182"},"7EF":{"t":"NAVI"},"7F0":{"t":"C172"},"7F3":{"t":"J3"},"7F4":{"t":"P28A"},"7F5":{"t":"RC3"},"7F6":{"t":"AA1"},"7F7":{"t":"S108"},"7F8":{"t":"CH7B"},"7F9":{"t":"PA24"},"7FB":{"t":"P28A"},"7FE":{"t":"BALL"},"800":{"t":"P28A"},"804":{"desc":"L1P"},"805":{"t":"C150"},"807":{"t":"C150"},"808":{"t":"C150"},"80B":{"t":"C150"},"80C":{"desc":"L1P"},"80F":{"t":"C182"},"812":{"t":"PA22"},"815":{"t":"C150"},"816":{"desc":"L1P"},"818":{"t":"C150"},"81B":{"t":"CH7A"},"81C":{"desc":"L1P"},"81D":{"t":"M20P"},"81F":{"t":"C150"},"820":{"t":"C82T"},"822":{"desc":"L1P"},"826":{"t":"GLID"},"827":{"t":"GLID"},"829":{"t":"C180"},"82B":{"t":"C150"},"82D":{"t":"C150"},"82F":{"t":"C150"},"832":{"t":"C182"},"834":{"t":"P28S"},"835":{"t":"C172"},"836":{"t":"C185"},"839":{"t":"J3"},"83A":{"t":"P28A"},"83B":{"t":"RC3"},"83C":{"desc":"L1P"},"841":{"t":"P28A"},"842":{"t":"C150"},"843":{"t":"P51"},"847":{"t":"BE36"},"84B":{"t":"C172"},"84C":{"t":"C150"},"850":{"t":"C150"},"852":{"t":"C150"},"853":{"t":"C150"},"855":{"t":"C182"},"857":{"t":"PA32"},"85A":{"t":"C172"},"85B":{"t":"C150"},"863":{"t":"M20P"},"864":{"t":"P28A"},"867":{"t":"BE24"},"869":{"t":"P28A"},"86C":{"t":"GLID"},"86D":{"t":"C150"},"870":{"t":"C150"},"872":{"t":"C150"},"873":{"t":"ST75"},"874":{"t":"C180"},"878":{"t":"C182"},"879":{"t":"C182"},"87B":{"t":"B47G"},"87C":{"t":"C172"},"87E":{"t":"BALL"},"885":{"t":"PA24"},"886":{"t":"M20P"},"888":{"t":"C150"},"88A":{"desc":"L1P"},"890":{"t":"C150"},"892":{"t":"C150"},"893":{"t":"C172"},"895":{"t":"C182"},"899":{"t":"C172"},"89B":{"t":"C182"},"89D":{"t":"T210"},"89F":{"t":"C185"},"8A1":{"t":"C150"},"8A3":{"t":"P28A"},"8A8":{"t":"P210"},"8AC":{"t":"P51"},"8AD":{"t":"BALL"},"8AF":{"t":"BALL"},"8B1":{"t":"T210"},"8B2":{"t":"BALL"},"8B5":{"desc":"L1P"},"8B6":{"t":"C150"},"8B7":{"desc":"L1P"},"8B8":{"t":"C150"},"8BA":{"t":"C150"},"8BE":{"t":"C182"},"8BF":{"t":"C182"},"8C0":{"t":"T206"},"8C2":{"t":"C172"},"8C6":{"t":"P28A"},"8CB":{"t":"PA24"},"8CC":{"t":"M20P"},"8CD":{"t":"P28A"},"8CF":{"t":"C82S"},"8D2":{"t":"P28A"},"8D3":{"t":"GLID"},"8D4":{"t":"T210"},"8D5":{"desc":"L1P"},"8D6":{"t":"C150"},"8D9":{"t":"C150"},"8DD":{"t":"C150"},"8E1":{"t":"PA22"},"8E3":{"t":"GLEX"},"8E4":{"t":"BL8"},"8E6":{"t":"E145"},"8E8":{"desc":"H8E"},"8E9":{"t":"C208"},"8ED":{"desc":"L1P"},"8EF":{"t":"BE33"},"8F1":{"desc":"L2T"},"8F3":{"t":"C500"},"8F7":{"desc":"L1J"},"8F9":{"desc":"H4E"},"8FA":{"t":"SR22"},"8FB":{"t":"GLEX"},"8FD":{"t":"C172"},"902":{"t":"H60"},"905":{"desc":"L1P","t":"ULAC"},"913":{"t":"P28A"},"914":{"t":"GLID"},"916":{"t":"R44"},"917":{"t":"SR22"},"91D":{"t":"BE33"},"91F":{"t":"RV12"},"921":{"t":"C182"},"92C":{"t":"PA31"},"92D":{"t":"C177"},"92E":{"desc":"L1P"},"92F":{"t":"DA40"},"938":{"desc":"L1P"},"93D":{"t":"DA40"},"945":{"desc":"L1P"},"955":{"t":"C172"},"95E":{"t":"BE50"},"969":{"t":"P28A"},"970":{"t":"AA5"},"978":{"t":"B350"},"97C":{"t":"SR22"},"97E":{"desc":"L1P"},"982":{"t":"M20T"},"988":{"desc":"L2J"},"989":{"desc":"L1P"},"992":{"desc":"L1P","t":"ULAC"},"997":{"desc":"L1T","t":"M600"},"9A9":{"desc":"L1P","t":"ULAC"},"9AB":{"t":"A320"},"9AC":{"desc":"L1P"},"9B1":{"desc":"H1T"},"9BE":{"desc":"L1P"},"9E2":{"t":"C525"},"9EC":{"desc":"L1P"},"9F4":{"desc":"L1P"},"9F5":{"t":"CJ6"},"9F6":{"desc":"H2T"},"9F7":{"t":"C421"},"A06":{"t":"C172"},"A0D":{"t":"CL30"},"A11":{"t":"C172"},"A17":{"t":"A320"},"A27":{"desc":"H6E"},"A29":{"t":"C550"},"A2F":{"t":"LJ31"},"A50":{"t":"C68A"},"A55":{"t":"E75L"},"A5D":{"desc":"L1P"},"A69":{"t":"C560"},"A6C":{"desc":"L1P"},"A6D":{"t":"E170"},"A71":{"t":"GLID"},"A73":{"t":"AS50"},"A74":{"t":"UH1"},"A77":{"t":"G280"},"A78":{"t":"PA32"},"A7B":{"t":"CRJ7"},"A7F":{"t":"ULAC"},"A81":{"t":"SR22"},"A8B":{"t":"PA44"},"A8C":{"desc":"L1P"},"A8D":{"t":"PA34"},"AA2":{"desc":"L1P"},"AA3":{"t":"G164"},"AB1":{"desc":"L4J"},"ABC":{"t":"BE33"},"ABD":{"t":"A320"},"ACD":{"desc":"L1P"},"AD5":{"desc":"L1P"},"AE1":{"t":"CL60"},"AE6":{"t":"PA27"},"AEA":{"desc":"L1P"},"AEE":{"t":"GLID"},"B20":{"desc":"L1P"},"B31":{"desc":"H4E"},"B39":{"desc":"L1P"},"B3B":{"t":"C182"},"B3C":{"t":"C210"},"B3D":{"t":"C182"},"B3E":{"t":"C172"},"B3F":{"t":"C182"},"B41":{"t":"J3"},"B42":{"t":"P28A"},"B43":{"t":"BE36"},"B49":{"t":"P28A"},"B4A":{"t":"C150"},"B4D":{"t":"C72R"},"B52":{"t":"B47G"},"B53":{"t":"ST75"},"B5F":{"t":"P28A"},"B60":{"t":"UH12"},"B63":{"t":"C150"},"B69":{"t":"CH7B"},"B6B":{"t":"BALL"},"B6D":{"t":"BE33"},"B77":{"t":"C172"},"B80":{"t":"C182"},"B83":{"t":"C172"},"B84":{"t":"C172"},"B86":{"t":"C150"},"B87":{"t":"J3"},"B8A":{"t":"AA1"},"B8F":{"t":"P28A"},"B90":{"t":"BE55"},"B91":{"t":"C82R"},"BA3":{"t":"C182"},"BA4":{"t":"C182"},"BA7":{"t":"C182"},"BA8":{"t":"C172"},"BA9":{"t":"C150"},"BAC":{"t":"BALL"},"BB0":{"t":"PA24"},"BB1":{"t":"M20P"},"BB2":{"desc":"L1P"},"BB3":{"t":"C150"},"BB4":{"desc":"L1P"},"BB5":{"t":"BALL"},"BBD":{"t":"C150"},"BC1":{"t":"C180"},"BC2":{"t":"C150"},"BC3":{"t":"C150"},"BC6":{"t":"PA38"},"BC7":{"t":"C182"},"BC8":{"t":"P28A"},"BCA":{"t":"C172"},"BCD":{"t":"J3"},"BCE":{"t":"P28A"},"BD1":{"t":"C152"},"BD4":{"t":"M20P"},"BD5":{"t":"P28A"},"BD6":{"t":"BE58"},"BD9":{"desc":"L1P"},"BDA":{"t":"C182"},"BDC":{"t":"PA27"},"BE0":{"t":"C150"},"BE4":{"t":"C150"},"BE9":{"t":"BALL"},"BEC":{"t":"BALL"},"BED":{"t":"C172"},"BEE":{"t":"BE9T"},"BEF":{"t":"C150"},"BF1":{"t":"P28A"},"BF4":{"t":"S108"},"BF5":{"t":"BALL"},"BF6":{"t":"BALL"},"BF7":{"t":"M20P"},"BF9":{"desc":"L1P"},"BFA":{"t":"GLID"},"C00":{"t":"C182"},"C01":{"desc":"A2P"},"C03":{"t":"C172"},"C05":{"desc":"L1P"},"C06":{"desc":"L1P"},"C07":{"desc":"L1P"},"C0A":{"t":"C150"},"C0B":{"t":"GLID"},"C0C":{"t":"C240"},"C0D":{"t":"C182"},"C0E":{"t":"BALL"},"C10":{"desc":"L1P"},"C12":{"t":"BALL"},"C13":{"t":"BALL"},"C14":{"t":"P28A"},"C15":{"t":"C150"},"C19":{"t":"PA24"},"C1A":{"t":"M20P"},"C1E":{"t":"T210"},"C1F":{"t":"C72R"},"C24":{"t":"ST75"},"C25":{"t":"BE55"},"C26":{"t":"C150"},"C27":{"t":"C150"},"C2A":{"t":"C172"},"C2C":{"t":"C180"},"C2E":{"desc":"L1P"},"C2F":{"t":"C182"},"C30":{"t":"C182"},"C32":{"t":"C172"},"C36":{"t":"J3"},"C38":{"t":"C182"},"C39":{"t":"AA1"},"C3D":{"t":"M20P"},"C42":{"t":"C72R"},"C43":{"t":"P28A"},"C44":{"t":"C172"},"C45":{"t":"BALL"},"C47":{"desc":"L1P"},"C48":{"t":"C172"},"C4C":{"t":"C150"},"C4D":{"t":"C150"},"C4F":{"t":"ST75"},"C52":{"t":"C182"},"C53":{"t":"C182"},"C55":{"t":"C172"},"C56":{"t":"C172"},"C57":{"t":"C172"},"C58":{"t":"C150"},"C5A":{"t":"P28A"},"C5B":{"t":"C150"},"C5D":{"desc":"L1P"},"C5E":{"t":"CH7B"},"C60":{"t":"M20P"},"C61":{"t":"P28A"},"C69":{"desc":"L1P"},"C6C":{"desc":"L1P"},"C6E":{"t":"C150"},"C74":{"desc":"L1P"},"C75":{"t":"C182"},"C77":{"t":"T210"},"C78":{"t":"C172"},"C79":{"t":"C172"},"C7A":{"t":"BALL"},"C7B":{"t":"BALL"},"C7E":{"t":"CJ6"},"C80":{"t":"C152"},"C82":{"t":"PA24"},"C83":{"t":"M20P"},"C84":{"t":"P28A"},"C85":{"t":"C150"},"C86":{"t":"C82T"},"C8A":{"t":"BE24"},"C8F":{"t":"C206"},"C92":{"t":"C150"},"C94":{"desc":"L1P"},"C95":{"t":"PA27"},"C96":{"t":"C150"},"C97":{"desc":"L1P"},"C98":{"t":"C182"},"C9D":{"t":"E145"},"CA4":{"desc":"H8E"},"CAE":{"desc":"L1J"},"CB0":{"desc":"H4E"},"CB1":{"t":"BE20"},"CB4":{"t":"B733"},"CB6":{"t":"C56X"},"CCA":{"t":"S22T"},"CCB":{"t":"GLID"},"CCC":{"t":"S22T"},"CCE":{"desc":"L1T"},"CCF":{"t":"C82S"},"CD8":{"t":"C182"},"CDC":{"desc":"L2P"},"CE5":{"t":"T34P"},"CE6":{"t":"DV20"},"CE8":{"t":"M7"},"CF1":{"desc":"L1P"},"D04":{"t":"C150"},"D0C":{"t":"C172"},"D27":{"t":"AA5"},"D34":{"t":"C68A"},"D3E":{"t":"PA34"},"D3F":{"desc":"L2J"},"D47":{"t":"FA50"},"D62":{"t":"A320"},"D6C":{"t":"ST75"},"D75":{"t":"T34P"},"D79":{"t":"COL4"},"D7A":{"t":"FA50"},"DAB":{"t":"T34P"},"DAC":{"desc":"L1P","t":"ULAC"},"DAE":{"t":"M20P"},"DB7":{"desc":"L1P"},"DC7":{"t":"C182"},"DC8":{"t":"C172"},"DCE":{"t":"A320"},"DDE":{"desc":"H6E"},"E07":{"t":"C56X"},"E0C":{"t":"E75L"},"E14":{"desc":"L1P"},"E24":{"t":"E170"},"E2E":{"t":"SR20"},"E31":{"t":"C172"},"E3A":{"t":"P46T"},"E3D":{"t":"B733"},"E4F":{"desc":"H1P"},"E56":{"desc":"L1P"},"E6B":{"desc":"L1P","t":"ULAC"},"E73":{"t":"BE33"},"E74":{"t":"A320"},"E88":{"desc":"A1P"},"E8C":{"t":"SR22"},"EAE":{"t":"CL60"},"EF5":{"t":"C172"},"EF6":{"t":"C182"},"EF8":{"t":"J3"},"EF9":{"t":"P28A"},"F04":{"desc":"L1P"},"F05":{"t":"P28A"},"F0A":{"t":"C150"},"F0B":{"t":"BALL"},"F0E":{"t":"C172"},"F0F":{"t":"C150"},"F10":{"t":"C150"},"F13":{"desc":"L1P"},"F16":{"t":"P28A"},"F18":{"t":"C172"},"F19":{"t":"C182"},"F1A":{"t":"C150"},"F1C":{"t":"C172"},"F1D":{"t":"C150"},"F1E":{"t":"AA1"},"F20":{"t":"CH7A"},"F21":{"t":"C152"},"F22":{"t":"M20P"},"F23":{"t":"P28A"},"F24":{"t":"C82T"},"F25":{"t":"C172"},"F26":{"t":"BALL"},"F27":{"t":"BALL"},"F28":{"t":"P28A"},"F29":{"t":"C340"},"F2E":{"t":"C150"},"F30":{"t":"C150"},"F34":{"t":"C150"},"F35":{"t":"C172"},"F38":{"t":"C172"},"F3A":{"t":"C172"},"F3C":{"t":"C337"},"F40":{"t":"RC3"},"F41":{"t":"C152"},"F46":{"t":"P28A"},"F4A":{"desc":"L1P"},"F4B":{"t":"P28A"},"F4C":{"t":"C172"},"F4D":{"t":"C210"},"F4F":{"t":"C150"},"F52":{"t":"C150"},"F53":{"t":"C150"},"F56":{"t":"C150"},"F57":{"desc":"L1P"},"F59":{"desc":"A1P"},"F5B":{"t":"GLID"},"F5D":{"t":"C172"},"F5E":{"t":"C172"},"F61":{"t":"BALL"},"F63":{"t":"C150"},"F65":{"t":"BALL"},"F66":{"t":"CH7B"},"F67":{"t":"PA24"},"F68":{"t":"M20P"},"F69":{"t":"BALL"},"F6B":{"t":"BALL"},"F6E":{"desc":"A1P"},"F72":{"t":"C180"},"F78":{"t":"C150"},"F79":{"t":"C150"},"F7D":{"t":"C182"},"F7E":{"t":"C182"},"F7F":{"t":"P28A"},"F80":{"t":"B06"},"F81":{"t":"C172"},"F83":{"t":"C150"},"F87":{"t":"AA1"},"F89":{"t":"CH7B"},"F8A":{"t":"PA24"},"F8B":{"t":"M20P"},"F8C":{"t":"P28A"},"F8E":{"t":"BALL"},"F93":{"t":"T210"},"F95":{"desc":"L2P"},"F9A":{"t":"C150"},"F9B":{"t":"B06"},"F9E":{"t":"C150"},"FA0":{"t":"C182"},"FA1":{"t":"C172"},"FA2":{"t":"P28R"},"FA3":{"t":"C182"},"FA4":{"t":"C172"},"FA6":{"t":"C150"},"FA7":{"t":"J3"},"FA8":{"t":"P28A"},"FAC":{"t":"CH7B"},"FAE":{"t":"M20P"},"FB2":{"t":"BALL"},"FB3":{"t":"C72R"},"FB5":{"t":"CH7A"},"FB7":{"t":"C206"},"FB8":{"t":"C172"},"FB9":{"t":"C150"},"FBB":{"t":"C150"},"FBD":{"t":"C150"},"FBE":{"t":"C172"},"FC0":{"t":"C180"},"FC2":{"t":"PA11"},"FC3":{"t":"C182"},"FC4":{"t":"C182"},"FC6":{"t":"C172"},"FC7":{"t":"C182"},"FCB":{"t":"P28A"},"FCE":{"t":"S108"},"FCF":{"t":"CH7A"},"FD2":{"t":"P28A"},"FD4":{"t":"C82R"},"FD5":{"t":"BT36"},"FD6":{"t":"C72R"},"FD7":{"t":"P28A"},"FDB":{"t":"C150"},"FDC":{"t":"C182"},"FE0":{"t":"C150"},"FE4":{"t":"C150"},"FE8":{"t":"P28R"},"FE9":{"t":"C172"},"FEA":{"t":"C172"},"FEE":{"t":"P28A"},"FF0":{"t":"AA1"},"FF1":{"t":"C152"},"FF3":{"t":"PA24"},"FF7":{"t":"C82R"},"FFB":{"t":"C56X"},"FFC":{"t":"BALL"},"FFE":{"t":"C172"},"FFF":{"t":"C150"}}