{"001":{"desc":"S1P","t":"PA18"},"015":{"t":"BE55"},"017":{"t":"A320"},"01D":{"t":"LJ35"},"01F":{"t":"GLID"},"026":{"t":"C560"},"027":{"t":"EC35"},"049":{"t":"BALL"},"060":{"t":"P28A"},"061":{"t":"P28A"},"063":{"t":"E550"},"064":{"t":"H25B"},"06C":{"t":"C550"},"06E":{"desc":"H6E"},"075":{"t":"B190"},"079":{"t":"WACO"},"07A":{"t":"DA40"},"07D":{"t":"C172"},"083":{"t":"A320"},"087":{"desc":"L1P"},"093":{"t":"PA32"},"096":{"t":"C172"},"097":{"t":"FA10"},"099":{"desc":"L1T","t":"M600"},"09E":{"desc":"L1P","t":"ULAC"},"0AB":{"t":"BE35"},"0BC":{"t":"C56X"},"0C1":{"t":"E75L"},"0C4":{"t":"C310"},"0C5":{"t":"B407"},"0C6":{"desc":"L1P"},"0C9":{"desc":"L1P"},"0CD":{"t":"BE55"},"0D8":{"desc":"L1P"},"0D9":{"t":"E170"},"0DD":{"desc":"L1P"},"0E0":{"t":"B350"},"0E7":{"t":"BL8"},"0EB":{"t":"BE20"},"0EF":{"desc":"A1P"},"0F2":{"t":"C180"},"0F6":{"t":"BE36"},"0F7":{"t":"SS2T"},"0F9":{"t":"F900"},"106":{"t":"LJ55"},"10C":{"t":"C56X"},"110":{"t":"B763"},"141":{"desc":"L1P"},"143":{"t":"C180"},"146":{"t":"C525"},"149":{"desc":"L1P"},"15A":{"desc":"L1P"},"1AE":{"t":"P28A"},"1B1":{"t":"S108"},"1B3":{"t":"PA24"},"1B4":{"t":"ERCO"},"1B8":{"t":"M20P"},"1BB":{"t":"C210"},"1BE":{"desc":"L1P","t":"ULAC"},"1BF":{"t":"C172"},"1C0":{"t":"ST75"},"1C1":{"t":"BE23"},"1C2":{"t":"C182"},"1C4":{"t":"C152"},"1C5":{"t":"C182"},"1C6":{"t":"ULAC"},"1C8":{"desc":"L1P"},"1C9":{"t":"C180"},"1CB":{"t":"BE35"},"1CD":{"t":"C175"},"1D0":{"t":"C182"},"1D3":{"t":"AA5"},"1D6":{"t":"PA24"},"1D7":{"t":"ERCO"},"1DB":{"t":"M20P"},"1DC":{"t":"BE33"},"1DD":{"t":"P28A"},"1E3":{"t":"C182"},"1E5":{"t":"C182"},"1E6":{"t":"C82S"},"1E7":{"t":"C172"},"1E9":{"t":"C172"},"1ED":{"t":"C152"},"1F1":{"t":"C172"},"1F4":{"t":"P28A"},"1F7":{"t":"C182"},"1F9":{"t":"PA24"},"1FC":{"t":"ULAC"},"1FD":{"t":"C150"},"1FE":{"t":"M20P"},"1FF":{"t":"BE35"},"201":{"t":"BT36"},"204":{"t":"B47G"},"206":{"desc":"L1P"},"209":{"t":"C172"},"20C":{"t":"C172"},"20E":{"t":"G164"},"212":{"t":"C172"},"213":{"t":"C172"},"214":{"t":"P28A"},"217":{"t":"P28A"},"218":{"t":"C172"},"21A":{"t":"S108"},"21B":{"t":"B14A"},"21E":{"t":"BE19"},"21F":{"t":"C150"},"221":{"t":"M20P"},"222":{"t":"BE35"},"225":{"t":"T210"},"227":{"desc":"L1P"},"22E":{"t":"C172"},"232":{"t":"ULAC"},"233":{"desc":"L1P"},"234":{"t":"P28A"},"235":{"t":"C172"},"237":{"t":"C150"},"238":{"t":"C150"},"239":{"t":"J3"},"23C":{"t":"C152"},"23F":{"t":"PA24"},"243":{"t":"C150"},"245":{"t":"BE35"},"246":{"t":"P28A"},"247":{"t":"C310"},"24D":{"t":"ST75"},"24E":{"t":"ST75"},"250":{"t":"C152"},"251":{"t":"ST75"},"255":{"t":"C180"},"256":{"t":"P51"},"257":{"t":"R44"},"25A":{"t":"C150"},"25D":{"t":"C172"},"25E":{"t":"G164"},"260":{"t":"S108"},"261":{"t":"B14A"},"262":{"t":"PA24"},"263":{"t":"ERCO"},"269":{"t":"P28A"},"26A":{"t":"C210"},"26B":{"t":"C210"},"26D":{"t":"C152"},"26E":{"t":"C152"},"271":{"desc":"L2P"},"274":{"t":"C182"},"275":{"t":"ULAC"},"279":{"t":"M20P"},"27A":{"t":"ULAC"},"27E":{"t":"C150"},"27F":{"t":"C172"},"280":{"t":"P28A"},"286":{"t":"ERCO"},"288":{"t":"C150"},"289":{"t":"C150"},"28A":{"t":"M20P"},"28B":{"t":"BL17"},"28C":{"t":"P28A"},"291":{"t":"C152"},"293":{"t":"C152"},"295":{"t":"ST75"},"297":{"t":"C182"},"29A":{"desc":"L1P"},"29C":{"t":"T210"},"29D":{"t":"PA34"},"29F":{"t":"C175"},"2A2":{"t":"C172"},"2A3":{"t":"P28A"},"2A5":{"t":"BALL"},"2A6":{"t":"C182"},"2A8":{"t":"PA24"},"2A9":{"t":"ERCO"},"2AA":{"t":"ULAC"},"2AC":{"t":"C150"},"2AD":{"t":"M20P"},"2AF":{"t":"P28A"},"2B0":{"t":"C210"},"2B5":{"t":"C152"},"2B6":{"t":"BALL"},"2B8":{"t":"C172"},"2B9":{"t":"BALL"},"2BD":{"desc":"L1P"},"2C0":{"t":"BALL"},"2C1":{"t":"T6"},"2C2":{"t":"C182"},"2C3":{"t":"C150"},"2C5":{"t":"J3"},"2C6":{"t":"P28A"},"2C9":{"desc":"L1P"},"2CA":{"t":"B14A"},"2CC":{"t":"ERCO"},"2CD":{"t":"BE24"},"2CE":{"t":"C150"},"2CF":{"t":"C150"},"2D0":{"t":"M20P"},"2D2":{"t":"P28A"},"2D6":{"t":"ST75"},"2D8":{"t":"C152"},"2D9":{"t":"C152"},"2DA":{"t":"C152"},"2DC":{"t":"C152"},"2DD":{"t":"C172"},"2E0":{"t":"BE33"},"2E5":{"t":"C175"},"2EC":{"t":"S108"},"2ED":{"t":"BE36"},"2EE":{"t":"PA24"},"2EF":{"t":"ERCO"},"2F1":{"t":"C150"},"2F4":{"t":"BL17"},"2F5":{"t":"P28A"},"2FB":{"t":"C152"},"2FD":{"t":"BE17"},"309":{"t":"E145"},"310":{"desc":"L1P"},"319":{"t":"A320"},"31F":{"t":"DA40"},"320":{"t":"DA40"},"323":{"desc":"L1P"},"324":{"t":"DA40"},"325":{"desc":"L1P","t":"ULAC"},"329":{"desc":"G1P"},"336":{"t":"NAVI"},"337":{"t":"CRJ7"},"338":{"t":"C172"},"339":{"desc":"L1P","t":"ULAC"},"33A":{"t":"SR22"},"33D":{"t":"M7"},"33F":{"t":"J3"},"344":{"t":"C182"},"34F":{"t":"BE35"},"354":{"desc":"L1P"},"35B":{"t":"C172"},"361":{"t":"L39"},"374":{"t":"C182"},"378":{"t":"C172"},"380":{"desc":"L1P"},"386":{"t":"A306"},"388":{"t":"FA7X"},"38F":{"t":"EA50"},"397":{"t":"GLF6"},"39A":{"desc":"L1P"},"39B":{"t":"GLF6"},"39E":{"desc":"L2J"},"3AB":{"t":"GLF6"},"3AC":{"t":"B762"},"3B4":{"t":"B06"},"3CE":{"t":"A320"},"3D3":{"t":"C560"},"3D8":{"desc":"L1P"},"3DD":{"desc":"L1P"},"3DE":{"desc":"G1P"},"3E5":{"desc":"L1P"},"3F1":{"desc":"L1P"},"3FE":{"t":"DA40"},"400":{"t":"C140"},"402":{"t":"TBM7"},"404":{"t":"A119"},"40E":{"desc":"L1P"},"417":{"desc":"L1P"},"418":{"t":"C172"},"41A":{"t":"T210"},"41D":{"t":"C172"},"423":{"t":"GLID"},"425":{"desc":"H6E"},"429":{"desc":"L1T"},"430":{"desc":"L1P"},"434":{"t":"P28A"},"43A":{"t":"A320"},"44A":{"desc":"H6E"},"44D":{"desc":"L1T","t":"M600"},"45A":{"t":"C550"},"45B":{"t":"BE35"},"473":{"t":"C56X"},"478":{"t":"E75L"},"47C":{"desc":"L1P"},"47D":{"t":"H269"},"47F":{"t":"ULAC"},"480":{"t":"SR22"},"489":{"desc":"L1P"},"48D":{"t":"T206"},"48F":{"desc":"L1P"},"490":{"t":"E170"},"494":{"desc":"L1P"},"497":{"t":"BE58"},"49A":{"t":"C172"},"49B":{"t":"S22T"},"4A0":{"t":"C25B"},"4A2":{"t":"C172"},"4A4":{"t":"SR22"},"4AD":{"desc":"L4T"},"4AE":{"desc":"L2J"},"4AF":{"desc":"L1P"},"4B0":{"t":"T206"},"4B2":{"desc":"L1P"},"4B8":{"t":"B06"},"4BE":{"t":"C172"},"4BF":{"t":"GLF6"},"4C2":{"t":"SR22"},"4C7":{"t":"B763"},"4E9":{"desc":"H1P"},"4FB":{"t":"BL8"},"50A":{"desc":"L1P"},"54F":{"t":"C25B"},"55C":{"desc":"H8E"},"55D":{"t":"C180"},"561":{"t":"C175"},"568":{"t":"C182"},"569":{"t":"B14A"},"56A":{"t":"ULAC"},"56C":{"t":"BE19"},"56D":{"t":"C150"},"56F":{"t":"M20P"},"571":{"t":"P28A"},"574":{"t":"PA25"},"577":{"t":"C182"},"57E":{"t":"C152"},"580":{"t":"PA27"},"581":{"desc":"L2P"},"582":{"t":"C414"},"585":{"t":"C150"},"586":{"t":"C150"},"588":{"t":"P28A"},"58A":{"t":"C152"},"58B":{"t":"C182"},"58D":{"t":"PA24"},"58E":{"t":"C152"},"590":{"desc":"L1P","t":"ULAC"},"592":{"t":"M20P"},"594":{"t":"P28A"},"596":{"t":"PA27"},"598":{"t":"C152"},"59B":{"t":"C152"},"59C":{"t":"C172"},"59E":{"t":"T206"},"5A0":{"t":"T206"},"5A1":{"t":"C152"},"5A4":{"t":"M20P"},"5A9":{"desc":"L1P"},"5AA":{"t":"J3"},"5AB":{"t":"P28A"},"5AE":{"t":"C152"},"5B2":{"t":"BE23"},"5B3":{"t":"C82R"},"5B5":{"t":"M20P"},"5B6":{"t":"C72R"},"5B7":{"t":"P28A"},"5B9":{"t":"T210"},"5BB":{"t":"C172"},"5BC":{"t":"WACF"},"5BE":{"t":"C172"},"5BF":{"t":"C172"},"5C0":{"t":"BALL"},"5C1":{"t":"C172"},"5C3":{"t":"C172"},"5C5":{"desc":"H6E"},"5C7":{"t":"M20P"},"5CA":{"t":"C175"},"5CC":{"t":"C150"},"5CD":{"t":"J3"},"5CF":{"t":"BE9L"},"5D1":{"t":"T210"},"5D4":{"t":"BALL"},"5D6":{"t":"C150"},"5D7":{"t":"C150"},"5D8":{"t":"M20P"},"5DF":{"t":"ST75"},"5E0":{"t":"BALL"},"5E4":{"desc":"A1P"},"5E5":{"t":"C172"},"5E6":{"t":"C182"},"5EC":{"t":"BE36"},"5ED":{"t":"C175"},"5EE":{"t":"C150"},"5F1":{"t":"P28A"},"5F4":{"desc":"L1P"},"5F6":{"t":"PA24"},"5F7":{"t":"ERCO"},"5F8":{"t":"BE24"},"5F9":{"t":"C150"},"5FA":{"t":"ULAC"},"5FB":{"t":"M20P"},"601":{"t":"C182"},"602":{"t":"C172"},"606":{"t":"C172"},"608":{"t":"C172"},"609":{"t":"ST75"},"60B":{"t":"G164"},"60F":{"t":"GLID"},"610":{"t":"C175"},"612":{"t":"C150"},"613":{"t":"J3"},"614":{"t":"C172"},"615":{"t":"G164"},"616":{"t":"BALL"},"617":{"t":"C182"},"618":{"t":"B14A"},"61A":{"t":"ERCO"},"61B":{"t":"BE24"},"61E":{"t":"M20P"},"61F":{"t":"C72R"},"624":{"desc":"A1P"},"626":{"t":"BALL"},"62B":{"t":"BALL"},"62C":{"t":"C172"},"62F":{"t":"B06"},"634":{"t":"C150"},"635":{"t":"C150"},"638":{"t":"BALL"},"63C":{"t":"C152"},"63D":{"t":"ERCO"},"640":{"t":"C150"},"642":{"t":"BL17"},"649":{"desc":"A1P"},"64B":{"t":"C182"},"64C":{"t":"C172"},"64D":{"t":"ST75"},"650":{"t":"ST75"},"652":{"t":"C180"},"653":{"t":"ULAC"},"656":{"t":"C175"},"65B":{"desc":"L1P"},"65E":{"t":"B14A"},"660":{"t":"ERCO"},"664":{"t":"M20P"},"668":{"t":"T210"},"66A":{"t":"ST75"},"66C":{"t":"C182"},"66D":{"t":"C172"},"672":{"t":"ULAC"},"679":{"t":"C172"},"67B":{"t":"C150"},"67D":{"t":"P28A"},"67E":{"t":"RC3"},"680":{"t":"C182"},"683":{"t":"ERCO"},"684":{"t":"C72R"},"685":{"t":"C150"},"687":{"t":"M20P"},"68A":{"t":"T206"},"68F":{"t":"ULAC"},"691":{"t":"ST75"},"693":{"t":"ST75"},"695":{"t":"ST75"},"696":{"t":"ST75"},"697":{"t":"G164"},"698":{"t":"C180"},"69D":{"t":"C150"},"6A0":{"t":"P28A"},"6A1":{"t":"G164"},"6A3":{"t":"C182"},"6A4":{"t":"B14A"},"6A6":{"t":"ERCO"},"6A7":{"t":"BE24"},"6A8":{"t":"C150"},"6A9":{"t":"BE23"},"6AA":{"t":"M20P"},"6AC":{"t":"P28A"},"6AD":{"t":"BALL"},"6B0":{"t":"C172"},"6B1":{"t":"ST75"},"6B3":{"t":"ST75"},"6B5":{"t":"ST75"},"6B6":{"t":"ST75"},"6B7":{"t":"C172"},"6B8":{"t":"C172"},"6C0":{"t":"E145"},"6CB":{"desc":"L1P"},"6CC":{"t":"AA1"},"6CD":{"t":"GLF6"},"6D0":{"t":"A320"},"6E0":{"t":"LJ25"},"6E9":{"desc":"L1P","t":"ULAC"},"6ED":{"t":"S108"},"6EE":{"t":"P28A"},"6EF":{"t":"S22T"},"6F0":{"t":"B06"},"6F1":{"t":"SR20"},"6FB":{"t":"C182"},"6FF":{"t":"CL60"},"707":{"t":"R66"},"708":{"t":"F2TH"},"70F":{"t":"LJ55"},"712":{"t":"C560"},"717":{"t":"DA40"},"72F":{"t":"C172"},"737":{"t":"PC12"},"73D":{"t":"A306"},"74A":{"t":"M20P"},"74E":{"t":"GLF6"},"751":{"desc":"A1P","t":"ULAC"},"752":{"t":"GLF6"},"753":{"t":"RV12"},"755":{"desc":"L2J"},"757":{"t":"CL60"},"763":{"t":"B762"},"769":{"t":"GAZL"},"76B":{"t":"B06"},"777":{"t":"GLEX"},"783":{"desc":"L1P","t":"ULAC"},"784":{"desc":"L1P"},"785":{"t":"A320"},"786":{"t":"R44"},"787":{"t":"ULAC"},"79C":{"desc":"L1P"},"7AE":{"t":"B350"},"7CE":{"t":"PA11"},"7CF":{"t":"TBM7"},"7D0":{"desc":"L1P"},"7D1":{"desc":"L1P"},"7D2":{"t":"SR22"},"7D7":{"desc":"L1P"},"7D8":{"t":"BALL"},"7E0":{"desc":"L1P"},"7E2":{"t":"BL8"},"7E3":{"t":"SR22"},"7E7":{"t":"WACO"},"7EB":{"t":"P28A"},"7F1":{"t":"A321"},"801":{"desc":"H6E"},"80B":{"desc":"H1E"},"80E":{"t":"LJ45"},"82A":{"t":"C56X"},"82F":{"t":"E75L"},"837":{"desc":"L1P"},"844":{"desc":"L1P"},"846":{"desc":"L1P"},"847":{"t":"E170"},"84C":{"desc":"A1P","t":"ULAC"},"84D":{"desc":"L1P"},"84E":{"t":"C77R"},"853":{"t":"BE36"},"859":{"t":"C172"},"85B":{"t":"C177"},"864":{"t":"C650"},"866":{"t":"M20P"},"872":{"t":"C182"},"87E":{"t":"B763"},"896":{"desc":"L1P"},"8B0":{"desc":"L1T","t":"M600"},"8B2":{"desc":"L1P"},"8BB":{"t":"C421"},"8C4":{"t":"C650"},"8C8":{"desc":"H1P"},"913":{"desc":"H8E"},"914":{"t":"C180"},"919":{"t":"C150"},"91B":{"t":"C172"},"91C":{"t":"P28A"},"91D":{"desc":"A1P"},"91E":{"t":"BE23"},"91F":{"t":"C182"},"923":{"t":"BE24"},"924":{"t":"C150"},"927":{"t":"BL17"},"928":{"t":"P28A"},"92E":{"desc":"A1P"},"92F":{"desc":"A1P"},"930":{"t":"C172"},"931":{"t":"BALL"},"935":{"t":"C172"},"936":{"t":"G164"},"937":{"t":"C180"},"938":{"t":"M20P"},"93A":{"t":"C172"},"93B":{"t":"C175"},"93E":{"t":"C172"},"93F":{"t":"P28A"},"940":{"t":"G164"},"942":{"t":"S108"},"948":{"t":"C150"},"949":{"t":"M20P"},"94F":{"t":"C172"},"950":{"desc":"L1P"},"953":{"desc":"A1P"},"955":{"t":"C172"},"95D":{"t":"C172"},"95E":{"t":"C175"},"960":{"t":"C150"},"962":{"t":"P28A"},"968":{"t":"ERCO"},"96A":{"t":"C150"},"96E":{"t":"P28A"},"970":{"t":"T210"},"974":{"t":"C172"},"975":{"desc":"A1P"},"976":{"t":"C172"},"979":{"t":"ST75"},"97A":{"desc":"L1P"},"97B":{"t":"C172"},"97C":{"desc":"L1P","t":"ULAC"},"980":{"t":"C172"},"981":{"desc":"L1P"},"984":{"t":"J3"},"985":{"t":"P28A"},"986":{"t":"BE58"},"987":{"t":"C152"},"98A":{"t":"PA24"},"98B":{"t":"ERCO"},"98F":{"t":"M20P"},"991":{"t":"P28A"},"993":{"t":"PA27"},"995":{"t":"C172"},"996":{"t":"ST75"},"99A":{"t":"C172"},"99B":{"t":"ULAC"},"99D":{"t":"C172"},"9A3":{"t":"C172"},"9A4":{"t":"C175"},"9A6":{"t":"C172"},"9A7":{"t":"J3"},"9AA":{"t":"ULAC"},"9AB":{"t":"S108"},"9B3":{"t":"BL17"},"9B8":{"t":"ULAC"},"9B9":{"t":"C172"},"9BA":{"t":"C172"},"9BB":{"t":"C172"},"9BD":{"t":"C172"},"9BE":{"t":"C172"},"9C0":{"t":"C172"},"9C3":{"t":"C180"},"9C7":{"t":"C175"},"9C8":{"t":"C150"},"9CA":{"t":"J3"},"9CF":{"t":"B14A"},"9D0":{"t":"PA24"},"9D1":{"t":"C152"},"9D6":{"t":"BL17"},"9D7":{"t":"P28A"},"9DB":{"t":"C172"},"9DD":{"t":"C172"},"9DE":{"t":"C172"},"9DF":{"t":"ST75"},"9E1":{"desc":"L1P"},"9E3":{"t":"C172"},"9E7":{"desc":"L1P"},"9E8":{"desc":"L1P"},"9EE":{"t":"P28A"},"9F2":{"t":"C182"},"9F4":{"t":"ERCO"},"9F6":{"t":"BE36"},"9F7":{"t":"C150"},"9FB":{"t":"C210"},"A00":{"desc":"L1P","t":"ULAC"},"A05":{"t":"C172"},"A09":{"t":"C180"},"A0C":{"t":"C195"},"A10":{"t":"C172"},"A11":{"t":"P28A"},"A14":{"t":"S108"},"A15":{"t":"B14A"},"A17":{"t":"C152"},"A18":{"t":"C72R"},"A1A":{"t":"C150"},"A1B":{"t":"M20P"},"A1D":{"t":"P28A"},"A21":{"t":"C172"},"A23":{"t":"C172"},"A24":{"t":"C172"},"A26":{"t":"C172"},"A27":{"t":"C172"},"A29":{"t":"BALL"},"A2C":{"t":"PA27"},"A2E":{"t":"C414"},"A33":{"t":"J3"},"A34":{"t":"P28A"},"A37":{"t":"S108"},"A38":{"t":"B14A"},"A3B":{"t":"BE19"},"A3E":{"t":"M20P"},"A3F":{"t":"BL17"},"A40":{"t":"P28A"},"A46":{"t":"ST75"},"A47":{"t":"CH7A"},"A48":{"t":"C172"},"A4D":{"t":"C172"},"A52":{"t":"B47G"},"A53":{"t":"C175"},"A54":{"t":"C150"},"A56":{"t":"ULAC"},"A57":{"t":"P28A"},"A5B":{"t":"B14A"},"A5C":{"t":"PA24"},"A5D":{"t":"ERCO"},"A61":{"t":"M20P"},"A65":{"t":"PA27"},"A66":{"t":"ULAC"},"A67":{"t":"C172"},"A6A":{"t":"BALL"},"A6B":{"t":"P28A"},"A6C":{"t":"C172"},"A6D":{"t":"ULAC"},"A6E":{"t":"ULAC"},"A6F":{"t":"C172"},"A70":{"t":"ULAC"},"A72":{"t":"P28A"},"A77":{"t":"E145"},"A79":{"t":"C25C"},"A7C":{"t":"C82S"},"A7E":{"t":"A109"},"A84":{"t":"C414"},"A86":{"desc":"A1P"},"A87":{"t":"A320"},"A8D":{"desc":"L1P"},"A91":{"desc":"L1P"},"A92":{"desc":"L1P"},"AA0":{"t":"C182"},"AA2":{"desc":"A1P"},"AA5":{"t":"CRJ7"},"AB2":{"t":"C182"},"AB4":{"t":"BALL"},"AC0":{"desc":"A1P"},"AC4":{"t":"BE58"},"AC7":{"desc":"L1P","t":"ULAC"},"AC8":{"t":"B752"},"ACB":{"t":"BE58"},"ACE":{"t":"DA40"},"AE6":{"t":"C172"},"AEE":{"t":"ULAC"},"AF4":{"t":"A306"},"AF5":{"desc":"H6E"},"AFA":{"t":"P28A"},"B09":{"t":"GLF6"},"B0C":{"desc":"L2J"},"B0E":{"t":"DA40"},"B18":{"t":"C25C"},"B1A":{"t":"B762"},"B22":{"t":"UH1"},"B24":{"t":"GLF6"},"B3A":{"desc":"L1P","t":"ULAC"},"B3C":{"t":"A320"},"B45":{"t":"H500"},"B46":{"t":"C182"},"B4B":{"t":"B58T"},"B54":{"t":"GLID"},"B56":{"t":"S22T"},"B6D":{"t":"AT5T"},"B78":{"t":"C172"},"B85":{"t":"B58T"},"B86":{"t":"C172"},"B90":{"desc":"H1P"},"BA2":{"t":"P28A"},"BA8":{"t":"A321"},"BB2":{"t":"C172"},"BB7":{"desc":"L1P"},"BBA":{"t":"PC12"},"BBE":{"t":"SR22"},"BCC":{"t":"C182"},"BE1":{"t":"C56X"},"BE6":{"t":"E75L"},"BEE":{"desc":"L1P"},"BF4":{"desc":"L1P"},"BF5":{"desc":"L1P"},"BFD":{"desc":"L1P"},"C02":{"desc":"L1P"},"C05":{"desc":"L1P","t":"ULAC"},"C07":{"desc":"L1P"},"C0A":{"desc":"L1P"},"C12":{"t":"C177"},"C22":{"t":"R66"},"C35":{"t":"B763"},"C4D":{"t":"HUSK"},"C67":{"desc":"L1P"},"C72":{"t":"S22T"},"C8A":{"t":"C172"},"CA4":{"t":"B350"},"CCB":{"t":"C180"},"CCC":{"t":"BALL"},"CCF":{"t":"C175"},"CD0":{"t":"C150"},"CD1":{"t":"C150"},"CD2":{"t":"J3"},"CD3":{"t":"P28A"},"CD4":{"desc":"L1P"},"CD5":{"t":"C152"},"CD9":{"t":"ERCO"},"CDC":{"t":"C150"},"CDE":{"t":"BL17"},"CDF":{"t":"P28A"},"CE0":{"t":"BT36"},"CE5":{"t":"GLID"},"CE7":{"t":"GLID"},"CE8":{"t":"C82S"},"CEC":{"t":"GLID"},"CED":{"desc":"L1P"},"CF2":{"t":"SBR1"},"CF4":{"t":"C150"},"CF5":{"t":"J4"},"CFB":{"t":"PA24"},"CFC":{"t":"ERCO"},"CFD":{"t":"BE24"},"D01":{"t":"C72R"},"D05":{"t":"ULAC"},"D07":{"t":"GLID"},"D09":{"t":"C172"},"D0B":{"t":"C172"},"D0E":{"t":"GLID"},"D0F":{"t":"ULAC"},"D10":{"t":"C340"},"D11":{"t":"C180"},"D13":{"t":"ULAC"},"D14":{"t":"ULAC"},"D16":{"t":"C150"},"D18":{"t":"J3"},"D1C":{"t":"C182"},"D1D":{"t":"B14A"},"D1E":{"t":"P210"},"D1F":{"t":"BE36"},"D20":{"t":"BE24"},"D23":{"t":"P28B"},"D24":{"t":"BL17"},"D26":{"t":"T206"},"D2A":{"t":"C172"},"D2D":{"t":"GLID"},"D2E":{"t":"GLID"},"D32":{"t":"GLID"},"D33":{"t":"G164"},"D39":{"t":"C150"},"D3A":{"t":"C150"},"D3B":{"t":"J3"},"D3C":{"t":"P28A"},"D3F":{"t":"C182"},"D41":{"t":"PA24"},"D42":{"t":"ERCO"},"D46":{"t":"M20P"},"D47":{"t":"BL17"},"D4D":{"t":"C172"},"D4E":{"t":"B739"},"D4F":{"t":"GLID"},"D50":{"t":"GLID"},"D54":{"t":"ULAC"},"D55":{"t":"GLID"},"D56":{"t":"G164"},"D57":{"t":"C180"},"D59":{"t":"BALL"},"D5E":{"t":"J3"},"D63":{"t":"T210"},"D69":{"t":"M20P"},"D6B":{"t":"P28A"},"D6F":{"t":"GLID"},"D70":{"t":"C172"},"D71":{"t":"C172"},"D72":{"t":"GLID"},"D74":{"t":"ST75"},"D75":{"t":"GLID"},"D77":{"t":"GLID"},"D78":{"t":"GLID"},"D7F":{"t":"C150"},"D80":{"t":"C150"},"D87":{"t":"PA24"},"D88":{"t":"ERCO"},"D8C":{"t":"M20P"},"D8F":{"t":"BT36"},"D92":{"t":"BALL"},"D93":{"t":"ST75"},"D94":{"t":"GLID"},"D95":{"t":"C182"},"D96":{"t":"GLID"},"D9B":{"t":"GLID"},"D9D":{"desc":"L1P"},"D9F":{"desc":"L4P"},"DA1":{"t":"C185"},"DA2":{"t":"C150"},"DA4":{"t":"C172"},"DA8":{"t":"S108"},"DAA":{"t":"PA24"},"DAD":{"t":"C150"},"DB1":{"t":"P210"},"DB5":{"t":"C182"},"DB7":{"t":"C182"},"DB8":{"t":"GLID"},"DBA":{"t":"GLID"},"DBB":{"t":"C172"},"DBC":{"t":"GLID"},"DBD":{"t":"BALL"},"DBE":{"t":"ST75"},"DC0":{"t":"C180"},"DC3":{"t":"FA62"},"DC4":{"t":"C172"},"DC5":{"t":"C150"},"DC6":{"t":"C150"},"DCC":{"t":"B14A"},"DCD":{"t":"PA24"},"DD9":{"t":"ST75"},"DDA":{"t":"C172"},"DDB":{"t":"BT36"},"DDC":{"t":"ST75"},"DDE":{"desc":"L1P"},"DDF":{"t":"ST75"},"DE1":{"t":"GLID"},"DE2":{"t":"GLID"},"DE3":{"t":"PA27"},"DE9":{"t":"C150"},"DEA":{"t":"C172"},"DEB":{"t":"P28A"},"DEC":{"t":"RC3"},"DF0":{"t":"PA24"},"DF2":{"t":"BE24"},"DF6":{"t":"BL17"},"DF7":{"t":"P28A"},"DF8":{"t":"T206"},"DF9":{"t":"PA27"},"DFB":{"t":"CH7A"},"DFC":{"t":"J3"},"DFD":{"t":"GLID"},"DFF":{"desc":"L3P"},"E02":{"t":"ULAC"},"E04":{"t":"PA18"},"E07":{"t":"M20P"},"E09":{"t":"NAVI"},"E0B":{"t":"C150"},"E0D":{"t":"J3"},"E0E":{"t":"P28A"},"E0F":{"t":"RC3"},"E11":{"t":"C210"},"E13":{"t":"PA24"},"E15":{"t":"BE19"},"E16":{"t":"C150"},"E1A":{"t":"M7"},"E1E":{"t":"CH7A"},"E1F":{"t":"CH7A"},"E20":{"t":"C172"},"E28":{"t":"BE65"},"E29":{"t":"P28A"},"E2E":{"t":"E145"},"E35":{"t":"A109"},"E3E":{"t":"A320"},"E46":{"t":"T206"},"E50":{"t":"C182"},"E52":{"t":"CRJ2"},"E58":{"t":"LJ31"},"E5C":{"t":"CRJ7"},"E5E":{"t":"SR22"},"E6D":{"t":"S22T"},"E74":{"desc":"A1P","t":"ULAC"},"E76":{"desc":"L1P"},"E79":{"t":"P28R"},"E7B":{"t":"ULAC"},"E7D":{"desc":"L1P"},"E7F":{"t":"B752"},"E80":{"desc":"L1P"},"E85":{"t":"BE36"},"E8D":{"t":"BE36"},"E9D":{"t":"C172"},"EAB":{"t":"A306"},"EB1":{"t":"P28A"},"EB2":{"t":"F2TH"},"EBC":{"t":"GLF6"},"EC0":{"t":"GLF6"},"EC3":{"t":"GLF6"},"EC8":{"desc":"L1P"},"ECF":{"desc":"H4E"},"ED0":{"desc":"L2J"},"ED1":{"t":"B762"},"ED9":{"t":"B06"},"EF1":{"t":"SR22"},"EF3":{"t":"A320"},"EF9":{"desc":"L1P"},"EFF":{"desc":"L1P","t":"ULAC"},"F0A":{"t":"T34P"},"F0C":{"desc":"L1T"},"F1F":{"t":"P28A"},"F3D":{"t":"BL8"},"F51":{"t":"BE36"},"F55":{"t":"WACO"},"F59":{"t":"P28A"},"F5F":{"t":"A321"},"F61":{"desc":"L1P"},"F65":{"t":"CL30"},"F83":{"desc":"L1P"},"F87":{"t":"BE35"},"F98":{"t":"C68A"},"F9D":{"t":"E75L"},"FA5":{"desc":"L1P"},"FA9":{"t":"C421"},"FBA":{"desc":"L1P"},"FBD":{"t":"C182"},"FC7":{"t":"C172"},"FC9":{"desc":"H6E"},"FD2":{"t":"BE35"},"FD5":{"t":"T206"},"FDB":{"desc":"L1P"},"FDD":{"desc":"L1P"},"FEB":{"t":"G164"},"FEC":{"t":"B763"},"FFD":{"desc":"H4E"}}