{"024":{"t":"C525"},"028":{"t":"GLF2"},"02B":{"desc":"L1P","t":"ULAC"},"03E":{"desc":"H1E"},"077":{"desc":"H4E"},"082":{"t":"BE23"},"086":{"t":"C185"},"087":{"t":"C150"},"089":{"t":"J3"},"08A":{"t":"P28A"},"08B":{"t":"RC3"},"08D":{"t":"C182"},"08F":{"t":"PA24"},"092":{"t":"C150"},"094":{"t":"M20P"},"099":{"t":"PA25"},"09A":{"t":"ST75"},"09C":{"t":"J3"},"09D":{"t":"C182"},"09E":{"t":"C182"},"0A0":{"t":"ULAC"},"0A2":{"t":"C82S"},"0A3":{"t":"C172"},"0A5":{"t":"BE23"},"0A9":{"t":"C172"},"0B1":{"t":"T210"},"0B2":{"t":"PA24"},"0B8":{"t":"BL17"},"0BE":{"t":"GLID"},"0BF":{"t":"C82S"},"0C1":{"desc":"A2P"},"0C4":{"t":"GLID"},"0C5":{"t":"GLID"},"0C6":{"t":"GLID"},"0CA":{"desc":"L1P","t":"ULAC"},"0CC":{"t":"C175"},"0D0":{"t":"P28A"},"0D2":{"t":"PA18"},"0D3":{"t":"S108"},"0D6":{"t":"C152"},"0D7":{"t":"BE24"},"0D8":{"t":"C150"},"0D9":{"t":"C150"},"0DA":{"t":"M20P"},"0DC":{"t":"P28A"},"0E0":{"t":"C82S"},"0E3":{"t":"C172"},"0E4":{"t":"GLID"},"0E5":{"t":"J5"},"0E6":{"t":"C82S"},"0E7":{"t":"C82S"},"0E9":{"t":"GLID"},"0EB":{"t":"PA18"},"0EE":{"t":"T6"},"0F2":{"t":"J3"},"0F3":{"t":"P28A"},"0F6":{"t":"SR22"},"0F8":{"t":"PA24"},"0FA":{"t":"BE23"},"0FB":{"t":"C150"},"0FD":{"t":"BE58"},"0FF":{"t":"P210"},"100":{"t":"C210"},"105":{"t":"C82S"},"106":{"t":"GLID"},"107":{"t":"GLID"},"108":{"t":"GLID"},"10A":{"t":"C182"},"10D":{"t":"G164"},"110":{"t":"C335"},"112":{"t":"C182"},"113":{"t":"P32R"},"114":{"t":"C150"},"116":{"t":"P28A"},"119":{"t":"C182"},"11B":{"t":"PA24"},"11C":{"t":"ERCO"},"11D":{"t":"BE19"},"126":{"t":"J5"},"127":{"t":"GLID"},"128":{"t":"GLID"},"12D":{"t":"GLID"},"12E":{"t":"GLID"},"136":{"t":"C150"},"137":{"t":"C172"},"138":{"t":"J3"},"13A":{"desc":"A1P"},"13C":{"t":"S108"},"140":{"t":"BE19"},"141":{"t":"C150"},"149":{"t":"GLID"},"14A":{"desc":"L1P"},"14D":{"t":"ST75"},"14F":{"t":"C172"},"150":{"t":"C182"},"153":{"desc":"L1P"},"157":{"t":"C172"},"158":{"t":"C175"},"159":{"t":"C150"},"15D":{"t":"G164"},"15E":{"t":"T206"},"15F":{"t":"C182"},"160":{"t":"B14A"},"161":{"t":"C152"},"162":{"t":"ERCO"},"165":{"t":"C150"},"166":{"t":"M20P"},"168":{"t":"P28A"},"169":{"desc":"L1P"},"170":{"t":"GLID"},"171":{"t":"C152"},"172":{"t":"AEST"},"173":{"t":"GLID"},"175":{"t":"GLID"},"178":{"t":"ULAC"},"179":{"t":"C414"},"17A":{"t":"B47G"},"17B":{"t":"C175"},"17D":{"t":"C150"},"183":{"t":"B14A"},"18A":{"t":"BL17"},"18E":{"t":"J4"},"18F":{"t":"ST75"},"190":{"t":"C82S"},"191":{"t":"GLID"},"192":{"t":"GLID"},"193":{"t":"GLID"},"194":{"t":"GLID"},"195":{"t":"GLID"},"197":{"t":"C150"},"19A":{"t":"S22T"},"19B":{"desc":"A1P"},"19E":{"t":"C182"},"1A2":{"t":"P28A"},"1A3":{"t":"G164"},"1A4":{"t":"PA31"},"1A8":{"t":"ERCO"},"1AB":{"t":"C150"},"1AC":{"t":"M20P"},"1AE":{"t":"P210"},"1AF":{"t":"C210"},"1B3":{"t":"C150"},"1B6":{"t":"C150"},"1B7":{"t":"C150"},"1B8":{"t":"C150"},"1BA":{"t":"C182"},"1C0":{"t":"C172"},"1C2":{"t":"C150"},"1C3":{"t":"C421"},"1C4":{"t":"J3"},"1C5":{"t":"P28A"},"1C8":{"t":"C182"},"1C9":{"desc":"L1J"},"1CF":{"desc":"A1P"},"1D0":{"desc":"L1J"},"1D1":{"t":"P28A"},"1D6":{"t":"C182"},"1D9":{"t":"C172"},"1DA":{"t":"C182"},"1DB":{"t":"ST75"},"1DC":{"t":"C150"},"1DE":{"t":"C180"},"1DF":{"t":"BE30"},"1E1":{"t":"C172"},"1E2":{"t":"BE33"},"1E4":{"t":"BE9L"},"1E5":{"t":"PA31"},"1E6":{"t":"BE58"},"1E9":{"desc":"L1P"},"1EA":{"desc":"L1P"},"1EB":{"t":"PA44"},"1EC":{"t":"C525"},"1ED":{"desc":"L1P"},"1EE":{"desc":"L1P"},"1F0":{"t":"DA62"},"1F1":{"t":"SR22"},"1F2":{"t":"PA31"},"1F3":{"desc":"L1P"},"1F4":{"desc":"L1P","t":"ULAC"},"1F5":{"t":"R22"},"1F6":{"desc":"L1P"},"1F7":{"t":"R66"},"1F8":{"desc":"L1P"},"1FA":{"desc":"L1P"},"1FD":{"t":"C172"},"1FE":{"t":"C525"},"1FF":{"desc":"L1P"},"200":{"t":"PA31"},"201":{"t":"PA32"},"202":{"t":"T206"},"203":{"t":"C501"},"204":{"t":"L39"},"205":{"desc":"L1P","t":"ULAC"},"207":{"t":"R66"},"209":{"desc":"L1P"},"20A":{"t":"BE9T"},"20B":{"t":"C210"},"20D":{"t":"GLID"},"20F":{"t":"EA50"},"211":{"desc":"L1P"},"213":{"t":"BE55"},"214":{"t":"RC3"},"216":{"t":"CH7B"},"217":{"t":"T210"},"218":{"desc":"L1P"},"219":{"t":"AEST"},"21A":{"t":"GLID"},"21C":{"desc":"L1P"},"21D":{"t":"C421"},"21E":{"desc":"L1P"},"21F":{"desc":"L1P"},"222":{"desc":"L1P"},"223":{"t":"P28R"},"226":{"t":"N3N"},"227":{"t":"C310"},"228":{"desc":"L1P"},"22B":{"t":"C510"},"22C":{"desc":"L1P"},"22E":{"desc":"L1P"},"22F":{"t":"FA7X"},"230":{"desc":"L1P"},"231":{"t":"T210"},"232":{"desc":"H1P"},"233":{"t":"C320"},"234":{"t":"L8"},"235":{"desc":"L1P"},"236":{"desc":"L1P"},"23B":{"t":"BE33"},"23C":{"desc":"L1P"},"23D":{"t":"C210"},"23F":{"t":"R66"},"241":{"t":"TAYB"},"242":{"t":"GLID"},"243":{"desc":"L1P"},"244":{"t":"M7"},"245":{"t":"G164"},"246":{"desc":"L1P"},"247":{"desc":"L1P"},"249":{"t":"BE33"},"24B":{"desc":"L1P"},"24C":{"t":"R66"},"24D":{"desc":"L1P"},"24F":{"desc":"L1P"},"250":{"desc":"L1P"},"252":{"t":"C421"},"255":{"t":"C510"},"258":{"desc":"L1E","t":"R66"},"259":{"t":"FA20"},"25A":{"t":"E300"},"25C":{"desc":"L1P"},"25D":{"t":"S22T"},"25F":{"desc":"L1P"},"260":{"t":"T34P"},"261":{"desc":"L1P"},"263":{"desc":"L2T"},"265":{"t":"H60"},"266":{"t":"F900"},"269":{"t":"PA34"},"26B":{"t":"GLID"},"26E":{"t":"S22T"},"26F":{"desc":"L1P"},"270":{"t":"PA22"},"272":{"desc":"L1P"},"277":{"desc":"L2T"},"278":{"desc":"L1P"},"279":{"t":"AEST"},"27B":{"t":"SBR1"},"27E":{"desc":"H1T"},"27F":{"t":"PA18"},"280":{"desc":"L1P"},"282":{"desc":"L2P"},"283":{"t":"P28A"},"285":{"t":"RV12"},"286":{"desc":"L1P"},"287":{"t":"U21"},"289":{"desc":"L2P"},"28A":{"t":"C172"},"28B":{"t":"AC90"},"28C":{"desc":"L1P","t":"ULAC"},"28E":{"desc":"L1P"},"291":{"t":"BE36"},"293":{"t":"GLID"},"294":{"t":"C182"},"295":{"desc":"L1P"},"298":{"t":"UH1"},"299":{"desc":"L1P","t":"ULAC"},"29B":{"t":"M20P"},"29D":{"t":"BE60"},"29F":{"t":"SF50"},"2A0":{"t":"BL17"},"2A1":{"t":"R66"},"2A2":{"desc":"L1P"},"2A3":{"t":"R44"},"2A4":{"t":"BE60"},"2A6":{"t":"HUSK"},"2A8":{"t":"E55P"},"2AA":{"t":"T6"},"2AB":{"t":"BE55"},"2AE":{"desc":"L1P"},"2AF":{"t":"M20T"},"2B0":{"desc":"L1P"},"2B1":{"t":"P28R"},"2B3":{"t":"BE36"},"2B5":{"t":"R66"},"2B6":{"t":"SR20"},"2B9":{"desc":"L1P"},"2BD":{"t":"PA27"},"2BE":{"t":"E300"},"2C1":{"t":"ERCO"},"2C2":{"t":"BE9L"},"2C3":{"desc":"L1P"},"2C5":{"t":"BE36"},"2C6":{"t":"GLID"},"2C8":{"t":"P06T"},"2CA":{"t":"C182"},"2CC":{"t":"J3"},"2CF":{"t":"PA18"},"2D6":{"t":"BE33"},"2D7":{"t":"R66"},"2D8":{"desc":"L1P"},"2DA":{"t":"CH7B"},"2DB":{"t":"BE36"},"2DC":{"t":"P28B"},"2E1":{"t":"P28A"},"2E2":{"t":"BT36"},"2E4":{"desc":"L1P"},"2E5":{"t":"C150"},"2E6":{"t":"PRM1"},"2E8":{"t":"R66"},"2EE":{"t":"ULAC"},"2F1":{"t":"C172"},"2F2":{"desc":"L1P"},"2F3":{"t":"E55P"},"2F4":{"t":"C172"},"2F6":{"t":"C550"},"2F7":{"t":"F2TH"},"2F8":{"t":"C172"},"2FA":{"desc":"L1P"},"2FC":{"t":"C182"},"2FD":{"desc":"L1P"},"2FE":{"t":"T210"},"2FF":{"t":"C172"},"300":{"desc":"L1P"},"302":{"t":"C550"},"303":{"t":"GLID"},"304":{"t":"P28U"},"305":{"t":"LJ45"},"307":{"t":"R66"},"308":{"desc":"L1P"},"30D":{"t":"DV20"},"30F":{"t":"C421"},"310":{"t":"PA18"},"316":{"t":"R66"},"317":{"desc":"L1P"},"318":{"desc":"H4E"},"319":{"t":"R66"},"31A":{"t":"BE55"},"31D":{"t":"COL4"},"320":{"desc":"H4E"},"322":{"desc":"L1P","t":"ULAC"},"325":{"t":"C172"},"328":{"desc":"L1P"},"329":{"t":"BE35"},"32A":{"t":"SR22"},"32B":{"t":"C550"},"32D":{"t":"ULAC"},"32E":{"t":"SR20"},"32F":{"desc":"L1P"},"330":{"t":"BE60"},"331":{"t":"BL8"},"332":{"desc":"L1T"},"333":{"desc":"L1P"},"335":{"t":"C172"},"336":{"desc":"L1P"},"337":{"desc":"L1P"},"33A":{"desc":"L1P"},"33D":{"desc":"L1P"},"34A":{"t":"BE50"},"358":{"t":"C340"},"35A":{"t":"PA27"},"35B":{"t":"AA5"},"35D":{"t":"GLID"},"35F":{"t":"C206"},"360":{"t":"M20T"},"361":{"t":"R66"},"362":{"desc":"H2T"},"363":{"desc":"H1P"},"364":{"t":"SR22"},"365":{"desc":"L1P"},"367":{"t":"B06"},"36B":{"desc":"L1P"},"36C":{"t":"ST75"},"36D":{"t":"C182"},"373":{"desc":"L1P"},"374":{"t":"H500"},"375":{"t":"CH7B"},"376":{"t":"PA46"},"377":{"t":"LJ45"},"378":{"t":"FDCT"},"379":{"desc":"L1P"},"37B":{"desc":"L1P"},"37F":{"desc":"L1P"},"380":{"t":"BE55"},"381":{"t":"BE55"},"382":{"t":"PA34"},"385":{"desc":"A1P"},"386":{"desc":"L1P"},"387":{"desc":"A1P"},"38B":{"t":"PA31"},"38C":{"t":"BE35"},"38D":{"desc":"L1P"},"38E":{"t":"P210"},"390":{"t":"BE30"},"391":{"desc":"L1T"},"393":{"desc":"L1P"},"395":{"t":"S22T"},"396":{"t":"BE20"},"397":{"t":"BE76"},"399":{"desc":"L1P"},"39A":{"t":"T206"},"39D":{"t":"PA23"},"39E":{"t":"PAY1"},"39F":{"t":"BE24"},"3A0":{"t":"T6"},"3A1":{"t":"SF50"},"3A5":{"t":"R66"},"3AC":{"t":"R66"},"3AF":{"desc":"L1P"},"3B4":{"t":"NAVI"},"3B5":{"t":"GLID"},"3B7":{"t":"R44"},"3BB":{"desc":"L1P"},"3BC":{"t":"WW24"},"3BD":{"t":"BE33"},"3C0":{"t":"B06"},"3C1":{"t":"SR22"},"3C2":{"t":"S22T"},"3C3":{"t":"GLID"},"3C4":{"t":"M5"},"3C5":{"desc":"L1P"},"3C7":{"t":"SR22"},"3CC":{"t":"P210"},"3CD":{"t":"CH7A"},"3CF":{"t":"BE35"},"3D4":{"t":"U21"},"3D6":{"desc":"L1P"},"3D7":{"t":"BE35"},"3D8":{"t":"GLID"},"3D9":{"desc":"L1P"},"3DA":{"t":"GLID"},"3DB":{"desc":"L1P"},"3DC":{"desc":"L1P"},"3E0":{"t":"PA32"},"3E1":{"desc":"L1P"},"3E2":{"t":"T6"},"3E5":{"t":"P210"},"3E9":{"desc":"L1P"},"3EB":{"t":"HUSK"},"3EC":{"t":"B58T"},"3EE":{"desc":"L1P"},"3EF":{"t":"BE55"},"3F0":{"desc":"L1P"},"3F1":{"desc":"L1P"},"3F2":{"desc":"L1P"},"403":{"t":"C320"},"404":{"t":"PA15"},"406":{"desc":"L1P"},"409":{"t":"M20T"},"410":{"desc":"L1P"},"418":{"t":"C525"},"41C":{"desc":"L1P"},"41D":{"t":"ERCO"},"41E":{"t":"PA11"},"421":{"t":"H25B"},"422":{"t":"CL60"},"426":{"t":"GLF6"},"42B":{"desc":"L1P"},"437":{"t":"R66"},"43A":{"t":"P28A"},"43B":{"desc":"L1P"},"43C":{"t":"PA31"},"43E":{"t":"B407"},"43F":{"t":"CL60"},"44A":{"t":"C56X"},"44E":{"t":"A320"},"452":{"t":"BE35"},"453":{"t":"COL4"},"454":{"t":"PA27"},"455":{"t":"BL8"},"467":{"t":"R66"},"46B":{"desc":"L1P"},"46C":{"t":"C402"},"46E":{"t":"BE40"},"474":{"t":"LJ60"},"476":{"t":"E145"},"477":{"t":"BL8"},"479":{"t":"B737"},"486":{"t":"PA24"},"487":{"t":"DV20"},"48F":{"t":"B752"},"490":{"desc":"L1P"},"495":{"t":"M20P"},"499":{"t":"R66"},"49A":{"desc":"L2J"},"49E":{"t":"SW4"},"4A9":{"desc":"L1T"},"4AD":{"t":"C172"},"4B8":{"desc":"L2T"},"4BB":{"t":"A306"},"4C0":{"desc":"L2T"},"4C2":{"desc":"L2T"},"4C3":{"desc":"L2T"},"4C7":{"t":"H60"},"4CC":{"t":"GLF6"},"4CD":{"desc":"L2T"},"4D0":{"t":"GLF6"},"4D3":{"desc":"L2J"},"4DA":{"t":"BE35"},"4E2":{"desc":"H4E"},"4E9":{"t":"B06"},"4EA":{"t":"M7"},"4EB":{"t":"C680"},"4F9":{"desc":"H6E"},"501":{"desc":"L1P","t":"ULAC"},"503":{"desc":"L1P"},"509":{"desc":"H1P"},"512":{"desc":"L1P"},"514":{"desc":"H6E"},"516":{"t":"C172"},"51E":{"t":"R66"},"528":{"t":"A660"},"533":{"t":"DA40"},"534":{"t":"DA40"},"537":{"t":"DA42"},"539":{"t":"PC12"},"53B":{"t":"R66"},"551":{"t":"R66"},"556":{"t":"S22T"},"558":{"desc":"L1P","t":"TB0"},"55C":{"t":"C182"},"561":{"t":"B190"},"566":{"desc":"L1E"},"569":{"t":"P28A"},"56F":{"t":"A321"},"571":{"desc":"L1P"},"57A":{"t":"H60"},"57E":{"desc":"L2J"},"57F":{"t":"C650"},"581":{"desc":"L1P"},"58F":{"t":"DA40"},"5A8":{"t":"C56X"},"5AD":{"t":"E75L"},"5B0":{"t":"BE35"},"5B1":{"desc":"L1T"},"5B2":{"t":"E55P"},"5B5":{"desc":"L1P"},"5B7":{"t":"R66"},"5BB":{"t":"B407"},"5C1":{"t":"BALL"},"5C2":{"t":"ULAC"},"5C4":{"desc":"L1P"},"5C5":{"desc":"H1P"},"5C9":{"t":"C25A"},"5CB":{"t":"R66"},"5D5":{"t":"R66"},"5D7":{"t":"C172"},"5D9":{"t":"C177"},"5E2":{"t":"C182"},"5E3":{"t":"C172"},"5E4":{"t":"UH1"},"5E5":{"desc":"L1P"},"5EE":{"t":"BL8"},"5EF":{"t":"R66"},"5F2":{"desc":"L1P"},"5F3":{"t":"R66"},"5F8":{"desc":"L1P","t":"ULAC"},"5FB":{"t":"G164"},"5FC":{"t":"B763"},"614":{"t":"BE35"},"615":{"t":"TWEN"},"62E":{"t":"PC12"},"63E":{"desc":"L1P"},"646":{"t":"BALL"},"654":{"t":"A660"},"657":{"t":"ULAC"},"65F":{"desc":"L1P"},"678":{"desc":"L1P"},"694":{"t":"BE33"},"695":{"t":"C150"},"697":{"t":"C150"},"69C":{"t":"BE36"},"69E":{"t":"TAYB"},"69F":{"t":"PA24"},"6A1":{"t":"C72R"},"6A3":{"t":"C172"},"6A5":{"t":"BL17"},"6A7":{"t":"C210"},"6A9":{"t":"PA25"},"6AB":{"t":"R66"},"6AD":{"t":"C172"},"6AF":{"t":"C82S"},"6B0":{"t":"C150"},"6B2":{"t":"ULAC"},"6B3":{"t":"C150"},"6B7":{"t":"T6"},"6B9":{"t":"C175"},"6BC":{"t":"C172"},"6BD":{"t":"P28A"},"6BE":{"t":"C172"},"6BF":{"t":"PA27"},"6C0":{"t":"C182"},"6C1":{"t":"BE33"},"6C4":{"t":"C72R"},"6C6":{"t":"C150"},"6C8":{"t":"BL17"},"6C9":{"t":"P28A"},"6CA":{"desc":"L1P"},"6CC":{"desc":"L1P"},"6CD":{"t":"C172"},"6CF":{"desc":"H1P"},"6D0":{"t":"B06"},"6D2":{"t":"C172"},"6D4":{"t":"C150"},"6D5":{"t":"C172"},"6DA":{"t":"T210"},"6DB":{"t":"C172"},"6DC":{"t":"C175"},"6DF":{"t":"C172"},"6E0":{"t":"P28A"},"6E1":{"t":"RC3"},"6E2":{"t":"P68"},"6E4":{"t":"TAYB"},"6E5":{"t":"PA24"},"6E7":{"t":"BE19"},"6EC":{"desc":"H1P"},"6EE":{"t":"P28A"},"6F0":{"t":"FA62"},"6F1":{"t":"C180"},"6F2":{"t":"C150"},"6F3":{"desc":"L1P"},"6F5":{"t":"C172"},"6F9":{"t":"C82S"},"6FB":{"t":"C172"},"6FF":{"t":"C175"},"700":{"t":"C150"},"703":{"t":"P28A"},"706":{"t":"S108"},"707":{"t":"TAYB"},"708":{"t":"PA24"},"70A":{"t":"ULAC"},"70B":{"t":"C150"},"70D":{"t":"T210"},"70E":{"t":"BL17"},"710":{"t":"B06"},"716":{"t":"C180"},"717":{"t":"C180"},"71B":{"t":"C172"},"71E":{"t":"C172"},"722":{"t":"C172"},"723":{"t":"P28A"},"725":{"t":"J3"},"728":{"t":"BE20"},"729":{"t":"S108"},"72A":{"t":"TAYB"},"72B":{"t":"PA24"},"72F":{"t":"C150"},"730":{"t":"M20P"},"731":{"t":"BL17"},"732":{"t":"P28A"},"736":{"t":"C180"},"738":{"t":"C150"},"73C":{"t":"C172"},"73D":{"t":"C150"},"73F":{"t":"C172"},"740":{"t":"R66"},"741":{"t":"C172"},"744":{"t":"C172"},"745":{"t":"C175"},"746":{"t":"P28A"},"748":{"t":"J3"},"749":{"t":"P28A"},"74E":{"t":"C152"},"750":{"desc":"L1P"},"753":{"t":"M20P"},"754":{"t":"BL17"},"755":{"t":"P28A"},"756":{"t":"BE33"},"759":{"t":"BALL"},"75A":{"t":"B764"},"75C":{"t":"ST75"},"75D":{"t":"C150"},"75E":{"t":"C150"},"75F":{"t":"B764"},"760":{"t":"B764"},"764":{"t":"C172"},"767":{"t":"C172"},"769":{"t":"P28A"},"76A":{"t":"C150"},"76C":{"t":"P28A"},"772":{"t":"C188"},"778":{"t":"P28A"},"77A":{"t":"T210"},"77D":{"t":"J3"},"77E":{"t":"C150"},"77F":{"t":"C150"},"780":{"t":"C150"},"784":{"t":"C172"},"785":{"t":"C150"},"787":{"t":"C172"},"788":{"t":"C188"},"78A":{"t":"C172"},"78B":{"t":"C175"},"78C":{"t":"C150"},"791":{"t":"C152"},"794":{"t":"PA24"},"799":{"t":"M20P"},"79A":{"t":"BL17"},"79F":{"t":"C182"},"7A2":{"t":"C150"},"7A4":{"t":"C150"},"7A6":{"t":"C150"},"7A8":{"t":"C150"},"7AA":{"t":"C172"},"7AB":{"t":"C152"},"7AD":{"t":"C172"},"7AE":{"t":"C175"},"7B2":{"t":"P28A"},"7B3":{"t":"G164"},"7B6":{"t":"TAYB"},"7B8":{"t":"G164"},"7B9":{"t":"C72R"},"7BC":{"t":"M20P"},"7BE":{"t":"P28A"},"7BF":{"t":"C210"},"7C5":{"t":"C172"},"7C6":{"t":"C172"},"7C7":{"t":"C172"},"7C8":{"t":"C150"},"7CA":{"t":"C150"},"7CB":{"t":"C150"},"7CD":{"t":"C172"},"7CF":{"t":"C180"},"7D0":{"t":"C172"},"7D1":{"t":"C175"},"7D2":{"t":"C150"},"7D4":{"t":"J3"},"7D7":{"t":"PA18"},"7D9":{"t":"TAYB"},"7DB":{"t":"G164"},"7DD":{"t":"ULAC"},"7E1":{"t":"P210"},"7E5":{"t":"C172"},"7E6":{"t":"C172"},"7E7":{"t":"C150"},"7E8":{"t":"C150"},"7E9":{"t":"C150"},"7EA":{"t":"ULAC"},"7EB":{"desc":"L1P"},"7EC":{"t":"C172"},"7EE":{"t":"C150"},"7EF":{"desc":"L1P"},"7F1":{"desc":"L2P"},"7F5":{"t":"EC30"},"802":{"t":"S76"},"805":{"t":"A320"},"809":{"t":"BE35"},"80A":{"t":"BE20"},"80D":{"desc":"L1P"},"810":{"t":"R66"},"817":{"t":"C525"},"81E":{"t":"BE35"},"822":{"t":"S108"},"823":{"t":"BE36"},"825":{"desc":"L1P"},"826":{"t":"SR22"},"827":{"desc":"L1P"},"829":{"t":"R66"},"82A":{"t":"GLF6"},"82E":{"desc":"L1T"},"830":{"t":"CH7A"},"836":{"t":"SF50"},"83C":{"t":"BE55"},"83E":{"t":"P28S"},"83F":{"t":"C150"},"844":{"t":"RV6"},"847":{"desc":"L1P"},"848":{"t":"B752"},"849":{"t":"MU2"},"84B":{"desc":"L1P"},"84C":{"t":"DA40"},"850":{"t":"RV12"},"857":{"t":"E35L"},"85E":{"t":"TBM7"},"864":{"t":"C172"},"866":{"t":"C150"},"872":{"t":"A306"},"878":{"t":"P28A"},"87E":{"t":"H60"},"886":{"desc":"L1P"},"887":{"t":"GLF6"},"88A":{"desc":"L2J"},"896":{"desc":"L1P"},"898":{"t":"GLF6"},"89F":{"t":"GLID"},"8A3":{"t":"R66"},"8AC":{"t":"GLEX"},"8AD":{"t":"T206"},"8B8":{"desc":"L1P","t":"ULAC"},"8B9":{"t":"E145"},"8BA":{"t":"A320"},"8BB":{"desc":"L1P"},"8C0":{"desc":"L1P"},"8C4":{"t":"E35L"},"8C6":{"desc":"L1P"},"8C9":{"desc":"L1P"},"8D1":{"t":"C77R"},"8D3":{"t":"C210"},"8D6":{"t":"BE36"},"8DB":{"t":"P28A"},"8E0":{"t":"BE55"},"8E2":{"desc":"L1P","t":"ULAC"},"8EA":{"t":"DA40"},"8F0":{"t":"PC12"},"903":{"t":"S22T"},"904":{"t":"AT8T"},"905":{"t":"ULAC"},"906":{"t":"T206"},"90A":{"desc":"L1P"},"90D":{"desc":"L4T"},"90E":{"t":"PA46"},"90F":{"t":"G280"},"911":{"t":"ST75"},"914":{"t":"F900"},"91C":{"t":"GLID"},"91D":{"t":"T28"},"920":{"t":"P28A"},"926":{"t":"A321"},"935":{"t":"P32R"},"936":{"t":"R66"},"938":{"t":"C82S"},"939":{"t":"AS50"},"945":{"t":"R66"},"94E":{"t":"BE95"},"95F":{"t":"C56X"},"964":{"t":"E75L"},"96A":{"desc":"L1P"},"96C":{"desc":"L1P"},"972":{"t":"B407"},"977":{"t":"R44"},"97B":{"desc":"L1P"},"982":{"t":"BE35"},"983":{"desc":"H4E"},"984":{"t":"PA24"},"986":{"t":"C182"},"98C":{"t":"R66"},"98D":{"desc":"L1P"},"98E":{"t":"C182"},"990":{"t":"SR22"},"992":{"desc":"L1P"},"999":{"t":"GLID"},"9AC":{"t":"ASTO"},"9AD":{"t":"R44"},"9AF":{"t":"UH1"},"9B3":{"t":"B763"},"9BA":{"desc":"H1T"},"9C3":{"t":"B744"},"9CB":{"t":"BE33"},"9CD":{"t":"R66"},"9E4":{"t":"P32R"},"9E5":{"t":"C208"},"9E6":{"desc":"L1P"},"9E8":{"t":"BE40"},"9EF":{"t":"BE58"},"9F6":{"t":"B772"},"9F9":{"desc":"L1P","t":"ULAC"},"9FD":{"desc":"L1P"},"A48":{"desc":"L1P"},"A49":{"t":"C172"},"A4A":{"t":"C310"},"A4E":{"t":"C150"},"A4F":{"t":"C150"},"A51":{"t":"P28A"},"A54":{"t":"S108"},"A56":{"t":"PA24"},"A58":{"t":"C206"},"A5B":{"t":"M20P"},"A5D":{"t":"P28A"},"A5E":{"t":"C210"},"A61":{"t":"C82S"},"A64":{"t":"C172"},"A65":{"t":"C172"},"A66":{"t":"C150"},"A6F":{"t":"C172"},"A70":{"t":"BT36"},"A71":{"t":"C150"},"A75":{"t":"G164"},"A77":{"t":"C182"},"A79":{"t":"PA24"},"A7E":{"t":"M20P"},"A80":{"t":"P28A"},"A81":{"t":"C182"},"A84":{"t":"C150"},"A85":{"t":"C172"},"A89":{"t":"C150"},"A8C":{"t":"C150"},"A8D":{"t":"C150"},"A8E":{"t":"GLID"},"A8F":{"t":"C172"},"A93":{"t":"C175"},"A94":{"t":"C150"},"A96":{"t":"J3"},"A99":{"t":"PA18"},"A9B":{"t":"TAYB"},"A9D":{"t":"G164"},"A9E":{"t":"C72R"},"AA1":{"t":"M20P"},"AA2":{"t":"C72R"},"AA7":{"t":"C150"},"AAA":{"t":"ST75"},"AAD":{"t":"BE23"},"AAE":{"t":"C150"},"AAF":{"t":"C180"},"AB2":{"t":"BE36"},"AB9":{"t":"C172"},"ABB":{"t":"G164"},"ABD":{"t":"S108"},"ABE":{"t":"C185"},"AC1":{"t":"BE24"},"AC6":{"t":"P28A"},"AC7":{"t":"C210"},"AC8":{"t":"PA27"},"ACE":{"t":"C150"},"ACF":{"t":"C182"},"AD1":{"t":"C150"},"AD5":{"t":"C172"},"AD7":{"t":"C414"},"AE0":{"t":"C182"},"AE1":{"t":"TAYB"},"AE7":{"t":"M20P"},"AEB":{"t":"T210"},"AED":{"t":"C150"},"AF0":{"t":"FA24"},"AF1":{"t":"ST75"},"AF2":{"t":"T206"},"AF3":{"t":"ULAC"},"AF4":{"t":"C150"},"AF5":{"t":"C150"},"AFA":{"desc":"L1P"},"AFB":{"t":"C172"},"AFC":{"t":"C175"},"AFF":{"t":"J3"},"B00":{"t":"P28A"},"B01":{"t":"RC3"},"B04":{"t":"C82S"},"B08":{"t":"C150"},"B0A":{"t":"M20P"},"B0C":{"t":"P28A"},"B0E":{"t":"T210"},"B12":{"t":"C150"},"B14":{"t":"C150"},"B16":{"t":"C180"},"B17":{"t":"C150"},"B18":{"t":"C150"},"B19":{"t":"C150"},"B1B":{"t":"ULAC"},"B1E":{"t":"C172"},"B1F":{"t":"C175"},"B21":{"t":"C150"},"B22":{"t":"C172"},"B23":{"t":"P28A"},"B28":{"t":"PA24"},"B2A":{"t":"BE19"},"B2C":{"t":"C150"},"B37":{"t":"C150"},"B3B":{"t":"C172"},"B40":{"t":"T210"},"B42":{"t":"C172"},"B44":{"t":"C150"},"B45":{"t":"C172"},"B46":{"t":"C172"},"B4A":{"t":"BE58"},"B4E":{"t":"C150"},"B4F":{"t":"C150"},"B53":{"t":"T6"},"B59":{"t":"C150"},"B5A":{"t":"C172"},"B5B":{"t":"C82S"},"B5D":{"t":"C82S"},"B5E":{"t":"C150"},"B5F":{"t":"M22"},"B64":{"t":"C172"},"B65":{"t":"C175"},"B67":{"t":"C150"},"B68":{"t":"J3"},"B6E":{"t":"PA24"},"B71":{"t":"C150"},"B74":{"t":"C72R"},"B75":{"t":"P28A"},"B78":{"t":"PA25"},"B79":{"desc":"L1P"},"B7A":{"t":"C150"},"B7B":{"t":"C180"},"B7D":{"t":"T206"},"B7F":{"t":"C180"},"B81":{"t":"C150"},"B82":{"t":"C172"},"B84":{"t":"C172"},"B87":{"t":"C172"},"B88":{"t":"C175"},"B8A":{"t":"C150"},"B8B":{"t":"J3"},"B8C":{"t":"P28A"},"B91":{"t":"PA24"},"B94":{"t":"C150"},"B95":{"t":"C150"},"B96":{"t":"M20P"},"B97":{"desc":"L2P"},"B99":{"t":"C210"},"B9E":{"t":"C150"},"BA0":{"t":"C150"},"BA1":{"t":"C150"},"BA3":{"t":"C150"},"BA4":{"t":"C172"},"BA5":{"t":"C150"},"BA6":{"t":"T34P"},"BA7":{"t":"P28A"},"BA9":{"t":"DA62"},"BAC":{"t":"EC30"},"BB0":{"t":"SR20"},"BB2":{"desc":"L1P"},"BB7":{"t":"LJ60"},"BBB":{"desc":"L2T"},"BBC":{"t":"A320"},"BC1":{"t":"BE20"},"BC4":{"t":"C150"},"BC6":{"desc":"L1P"},"BCC":{"t":"C510"},"BD9":{"t":"S108"},"BDB":{"t":"C550"},"BDC":{"t":"C510"},"BE1":{"t":"GLF6"},"BE7":{"t":"C182"},"BED":{"t":"B407"},"BF4":{"desc":"L1P"},"BFC":{"desc":"A1P"},"BFE":{"desc":"L1P"},"BFF":{"t":"B752"},"C00":{"t":"S22T"},"C03":{"t":"DA40"},"C13":{"t":"E145"},"C1B":{"t":"C172"},"C1C":{"desc":"L1P","t":"ULAC"},"C23":{"desc":"L1P"},"C24":{"desc":"L1P"},"C29":{"t":"A306"},"C35":{"t":"H60"},"C3A":{"t":"GLF6"},"C3D":{"desc":"L1P"},"C3E":{"t":"GLF6"},"C41":{"desc":"L2J"},"C49":{"t":"PA46"},"C4F":{"t":"B763"},"C66":{"t":"C172"},"C6F":{"desc":"L1P","t":"ULAC"},"C71":{"t":"A320"},"C73":{"desc":"L4T"},"C77":{"desc":"L1P"},"C78":{"t":"SR20"},"C79":{"t":"AT5T"},"C7B":{"t":"E55P"},"C7C":{"t":"H25B"},"C80":{"t":"BE9L"},"C88":{"t":"ST75"},"C8B":{"t":"P337"},"C92":{"t":"PA18"},"C9D":{"t":"BE35"},"CA1":{"t":"DA40"},"CA7":{"t":"PC12"},"CAD":{"t":"C208"},"CBA":{"desc":"L1P","t":"ULAC"},"CBB":{"t":"AT8T"},"CBC":{"t":"ULAC"},"CBD":{"t":"UH1"},"CBF":{"desc":"L1T"},"CC0":{"desc":"L1P"},"CD3":{"t":"WACO"},"CD7":{"t":"P28A"},"CDD":{"t":"A321"},"CED":{"desc":"H6E"},"CF0":{"t":"AS50"},"CF8":{"desc":"L1P"},"D16":{"t":"C68A"},"D1B":{"t":"E75L"},"D1E":{"t":"C310"},"D23":{"desc":"L1P"},"D24":{"desc":"L1P"},"D29":{"t":"B407"},"D2F":{"t":"H269"},"D36":{"desc":"H4E"},"D3F":{"t":"C150"},"D45":{"t":"C172"},"D50":{"t":"BE95"},"D53":{"t":"PA46"},"D58":{"t":"T6"},"D5C":{"t":"C82S"},"D62":{"t":"R66"},"D65":{"t":"AT6T"},"D6A":{"t":"B763"},"D7A":{"t":"B744"},"D82":{"t":"CH7B"},"D9D":{"desc":"L1P"},"DB0":{"t":"T28"},"DCD":{"t":"WACO"},"E00":{"t":"C172"},"E02":{"t":"M20P"},"E03":{"t":"C172"},"E04":{"t":"C175"},"E05":{"t":"C150"},"E06":{"t":"C150"},"E07":{"t":"J3"},"E09":{"t":"G164"},"E0A":{"t":"PA31"},"E0B":{"t":"S108"},"E0C":{"desc":"L1P"},"E0D":{"t":"PA24"},"E0E":{"t":"G164"},"E0F":{"t":"C72R"},"E10":{"t":"C150"},"E13":{"t":"C72R"},"E14":{"t":"ERCO"},"E1A":{"t":"C180"},"E1E":{"desc":"L1P"},"E23":{"t":"T210"},"E26":{"t":"C172"},"E27":{"t":"C175"},"E2A":{"t":"J3"},"E2B":{"t":"P28A"},"E30":{"t":"PA24"},"E32":{"t":"BE23"},"E33":{"t":"BE35"},"E37":{"t":"P28A"},"E39":{"t":"PA27"},"E3A":{"desc":"L1P"},"E3E":{"t":"C172"},"E40":{"t":"C172"},"E48":{"t":"T210"},"E49":{"t":"C172"},"E4A":{"t":"C175"},"E4B":{"t":"GLID"},"E4C":{"t":"C150"},"E4E":{"t":"P28A"},"E55":{"t":"GLID"},"E58":{"t":"M20P"},"E59":{"t":"BL17"},"E5A":{"t":"P28A"},"E5B":{"t":"ULAC"},"E5C":{"t":"T210"},"E5E":{"t":"C150"},"E5F":{"t":"C150"},"E64":{"t":"C180"},"E67":{"t":"C150"},"E68":{"t":"BE18"},"E69":{"t":"C172"},"E6F":{"t":"C188"},"E71":{"t":"P28A"},"E73":{"desc":"L1P"},"E74":{"t":"C182"},"E76":{"t":"PA24"},"E79":{"t":"C150"},"E7A":{"t":"C150"},"E7F":{"t":"PA27"},"E80":{"t":"C72R"},"E81":{"t":"C172"},"E82":{"t":"C150"},"E88":{"t":"C180"},"E89":{"t":"C150"},"E8A":{"t":"C150"},"E8C":{"t":"PA18"},"E8D":{"t":"BE33"},"E90":{"t":"C175"},"E91":{"t":"C150"},"E92":{"t":"C172"},"E93":{"t":"C172"},"E94":{"t":"P28A"},"E99":{"t":"PA24"},"E9A":{"t":"G164"},"E9F":{"t":"BL17"},"EA2":{"t":"C150"},"EA7":{"t":"C150"},"EA8":{"t":"C150"},"EA9":{"t":"C150"},"EAC":{"t":"C150"},"EB0":{"t":"C310"},"EB1":{"t":"T6"},"EB2":{"t":"BE76"},"EB4":{"t":"C150"},"EB6":{"t":"J3"},"EB7":{"t":"P28A"},"EBB":{"t":"C210"},"EBE":{"t":"BE35"},"EC2":{"t":"BL17"},"EC3":{"t":"P28A"},"EC4":{"t":"C210"},"EC8":{"t":"BE23"},"ECA":{"t":"C150"},"ECB":{"t":"C150"},"ED2":{"t":"C172"},"ED5":{"t":"BE23"},"ED7":{"t":"C150"},"EDA":{"t":"P28A"},"EDE":{"t":"TAYB"},"EE2":{"t":"C150"},"EE4":{"t":"M20P"},"EEA":{"t":"C150"},"EEB":{"t":"C150"},"EEF":{"t":"BE76"},"EF0":{"t":"C180"},"EF2":{"t":"C150"},"EF4":{"t":"G164"},"EF5":{"t":"C172"},"EF6":{"t":"C310"},"EFA":{"t":"C150"},"EFB":{"t":"C150"},"EFD":{"t":"P28A"},"EFF":{"t":"PA31"},"F00":{"t":"C182"},"F02":{"t":"PA24"},"F06":{"t":"C150"},"F09":{"t":"P28A"},"F0A":{"t":"BE76"},"F0B":{"t":"PA27"},"F0E":{"t":"C150"},"F0F":{"t":"BE76"},"F10":{"t":"C150"},"F14":{"t":"C150"},"F18":{"t":"C172"},"F1B":{"t":"BE24"},"F1C":{"t":"BE23"},"F1D":{"desc":"L1P"},"F1F":{"t":"J3"},"F20":{"t":"BE23"},"F25":{"t":"PA24"},"F26":{"t":"G164"},"F27":{"t":"BE23"},"F28":{"t":"C150"},"F2C":{"t":"P28A"},"F2D":{"t":"BE76"},"F2E":{"t":"BE76"},"F31":{"t":"C150"},"F39":{"t":"C180"},"F3C":{"desc":"L1P"},"F40":{"t":"PA32"},"F47":{"desc":"L1P"},"F48":{"t":"PA24"},"F4A":{"t":"BE23"},"F4C":{"t":"C150"},"F4D":{"t":"M20P"},"F4F":{"t":"P28A"},"F53":{"t":"ST75"},"F56":{"t":"BE24"},"F57":{"t":"DG15"},"F5C":{"t":"ST75"},"F5D":{"t":"BE17"},"F5F":{"t":"C402"},"F60":{"desc":"L1P"},"F64":{"t":"P28A"},"F68":{"t":"ULAC"},"F69":{"desc":"L1P"},"F6E":{"t":"E145"},"F6F":{"t":"TWEN"},"F73":{"t":"A320"},"F78":{"desc":"A1P","t":"ULAC"},"F7B":{"desc":"L1P"},"F7D":{"desc":"L1P"},"F7F":{"desc":"L1P"},"F83":{"t":"GLID"},"F90":{"t":"S108"},"F91":{"t":"B744"},"F94":{"t":"SR22"},"F9E":{"t":"C172"},"FA2":{"t":"FDCT"},"FA4":{"desc":"L1P"},"FAB":{"t":"T34P"},"FB6":{"t":"B752"},"FBA":{"t":"EN28"},"FBB":{"desc":"L1P"},"FBF":{"desc":"L1P"},"FDB":{"desc":"L1P"},"FE0":{"t":"A306"},"FE4":{"desc":"H4E"},"FEC":{"t":"H60"},"FF1":{"t":"GLF6"},"FF4":{"desc":"A2P"},"FF5":{"t":"GLF6"},"FF8":{"desc":"L2J"},"FFB":{"t":"C337"}}