{"000":{"t":"PA25"},"001":{"t":"C152"},"008":{"t":"B06"},"00A":{"t":"B06"},"00F":{"t":"C421"},"010":{"t":"C172"},"012":{"t":"C150"},"013":{"t":"C172"},"017":{"t":"S108"},"018":{"t":"M20P"},"019":{"t":"PA24"},"01F":{"t":"M20P"},"023":{"t":"PA25"},"02F":{"t":"C172"},"036":{"t":"J3"},"038":{"t":"G164"},"03B":{"t":"M20P"},"03D":{"t":"G164"},"042":{"t":"M20P"},"047":{"t":"B06"},"049":{"t":"B06"},"04E":{"t":"ST75"},"04F":{"t":"C152"},"052":{"t":"C172"},"055":{"desc":"H1P"},"056":{"t":"C172"},"058":{"t":"C150"},"059":{"t":"C172"},"05A":{"t":"P28A"},"060":{"t":"G164"},"063":{"t":"C310"},"065":{"t":"C421"},"06A":{"t":"B06"},"06B":{"t":"B06"},"071":{"t":"C152"},"072":{"t":"B06"},"074":{"desc":"H1P"},"079":{"t":"C172"},"07A":{"t":"C150"},"07E":{"t":"G164"},"080":{"t":"C182"},"081":{"t":"M20P"},"082":{"t":"PA24"},"084":{"t":"T210"},"087":{"t":"M20P"},"088":{"t":"M20P"},"08A":{"t":"C310"},"08B":{"t":"BE36"},"08E":{"t":"BE58"},"08F":{"t":"GLID"},"090":{"t":"C152"},"095":{"t":"B06"},"097":{"t":"AS50"},"09B":{"desc":"H1P"},"09E":{"t":"C150"},"09F":{"t":"C172"},"0A0":{"t":"P28A"},"0A6":{"t":"G164"},"0A9":{"t":"C310"},"0AA":{"t":"M20P"},"0AB":{"t":"C421"},"0AC":{"t":"P28A"},"0B3":{"t":"C140"},"0C1":{"t":"C150"},"0C2":{"t":"J3"},"0C6":{"t":"C182"},"0C8":{"t":"PA24"},"0CB":{"t":"C150"},"0CD":{"t":"M20P"},"0CE":{"t":"M20P"},"0D4":{"t":"C152"},"0D6":{"t":"C152"},"0D8":{"t":"C152"},"0DD":{"t":"BE30"},"0DE":{"t":"C182"},"0DF":{"desc":"L1P"},"0E1":{"t":"C152"},"0E2":{"desc":"L1P"},"0E3":{"t":"B06"},"0E4":{"t":"C172"},"0E5":{"t":"M20P"},"0E6":{"t":"PA30"},"0E7":{"t":"BE9L"},"0E8":{"desc":"L1P"},"0E9":{"t":"GLF4"},"0EA":{"t":"PA32"},"0EC":{"t":"BE35"},"0EE":{"desc":"L2J"},"0EF":{"t":"DA62"},"0F2":{"t":"ULAC"},"0F3":{"t":"S22T"},"0F5":{"desc":"L1P"},"0F6":{"desc":"L1P"},"0F7":{"t":"AA5"},"0F8":{"t":"SR22"},"0F9":{"t":"B58T"},"0FA":{"t":"SR20"},"0FB":{"t":"C172"},"0FC":{"t":"R44"},"0FE":{"t":"GLID"},"0FF":{"desc":"L1P"},"100":{"t":"PAY2"},"101":{"t":"C82S"},"102":{"desc":"L1P"},"103":{"t":"T210"},"106":{"t":"BE58"},"107":{"desc":"L1P"},"108":{"t":"ULAC"},"109":{"t":"PA32"},"10C":{"t":"M20P"},"110":{"t":"DA40"},"111":{"t":"AC11"},"112":{"t":"H25B"},"114":{"t":"BE9L"},"117":{"t":"R44"},"118":{"t":"C525"},"119":{"desc":"L1P"},"11B":{"desc":"L2T"},"11D":{"t":"P28R"},"11E":{"t":"PA46"},"120":{"t":"BE60"},"121":{"t":"TOBA"},"122":{"t":"BE55"},"124":{"desc":"L2J"},"125":{"desc":"L2T","t":"DC3"},"129":{"t":"BL17"},"12A":{"t":"BE10"},"12D":{"desc":"L1P"},"12E":{"t":"CH7B"},"12F":{"desc":"L2J"},"132":{"desc":"L1P"},"133":{"t":"BE9T"},"134":{"t":"BE35"},"135":{"t":"RV12"},"13A":{"t":"C182"},"13E":{"t":"P28A"},"13F":{"t":"SR22"},"141":{"desc":"L1P"},"142":{"t":"C310"},"143":{"t":"P210"},"144":{"t":"BE60"},"145":{"t":"UH1"},"147":{"t":"PA18"},"149":{"desc":"H1T","t":"B505"},"14A":{"desc":"L1P"},"150":{"t":"C182"},"152":{"t":"E50P"},"154":{"desc":"L1P"},"155":{"t":"C680"},"15B":{"t":"PA22"},"15E":{"desc":"L1P"},"15F":{"desc":"L1P"},"161":{"t":"C172"},"164":{"t":"BL17"},"166":{"desc":"L2P"},"168":{"t":"C240"},"169":{"t":"H25B"},"16B":{"t":"S22T"},"16C":{"t":"BE55"},"16D":{"t":"C150"},"170":{"desc":"L1P"},"175":{"desc":"L1P"},"177":{"desc":"L1P"},"178":{"t":"ULAC"},"17A":{"t":"P28U"},"17B":{"t":"B06"},"17C":{"t":"GLID"},"17D":{"t":"P28A"},"17E":{"desc":"L1P"},"182":{"t":"PA30"},"184":{"t":"B47G"},"185":{"t":"BE40"},"186":{"t":"SR22"},"189":{"t":"C56X"},"18B":{"t":"SR22"},"18E":{"t":"C68A"},"190":{"t":"F2TH"},"195":{"t":"BE20"},"196":{"desc":"L1P"},"197":{"desc":"L1P"},"19B":{"desc":"L1P"},"19C":{"t":"C680"},"19E":{"t":"C441"},"19F":{"t":"R66"},"1A2":{"t":"SR22"},"1A7":{"t":"P28R"},"1A8":{"t":"PA24"},"1AA":{"t":"PA32"},"1AB":{"desc":"L1P"},"1AD":{"t":"BE35"},"1AF":{"t":"M20P"},"1B3":{"t":"BE55"},"1B4":{"t":"BE55"},"1B6":{"t":"P51"},"1B7":{"t":"T6"},"1B8":{"desc":"L1P","t":"TB1"},"1BB":{"t":"C340"},"1BC":{"desc":"L1P"},"1BD":{"t":"P28R"},"1BF":{"t":"P32R"},"1C2":{"desc":"L1P"},"1C3":{"desc":"L1P","t":"TB0"},"1C5":{"desc":"L1P"},"1C6":{"desc":"L1P"},"1C8":{"t":"GLEX"},"1C9":{"t":"C525"},"1CA":{"t":"C340"},"1CD":{"t":"GLEX"},"1D0":{"t":"PA34"},"1D1":{"desc":"L1P"},"1D4":{"t":"C182"},"1DA":{"desc":"A1P"},"1DB":{"t":"M20P"},"1DE":{"t":"EN48"},"1DF":{"t":"SR20"},"1E0":{"desc":"L1P"},"1E2":{"t":"PA18"},"1E4":{"t":"FA50"},"1E6":{"t":"COL4"},"1E8":{"t":"PA30"},"1E9":{"t":"GLID"},"1EA":{"desc":"L1P"},"1EB":{"t":"LJ24"},"1ED":{"t":"COL4"},"1EE":{"t":"E300"},"1F2":{"t":"HUSK"},"1F3":{"desc":"L1P"},"1F4":{"desc":"L1P"},"1F6":{"t":"CH7A"},"1F7":{"t":"GLID"},"1F8":{"t":"T210"},"1F9":{"desc":"L1P"},"1FA":{"t":"DA42"},"1FD":{"t":"BT36"},"1FE":{"t":"BE20"},"1FF":{"t":"BE36"},"201":{"desc":"L1P"},"202":{"desc":"L1P","t":"ULAC"},"204":{"t":"BE10"},"206":{"t":"PA27"},"207":{"desc":"L1P"},"208":{"t":"C56X"},"20A":{"desc":"L1P"},"20D":{"desc":"L2P"},"20E":{"t":"BL8"},"20F":{"t":"C25C"},"212":{"t":"E50P"},"216":{"t":"A109"},"219":{"t":"T206"},"21B":{"desc":"L1P"},"21C":{"t":"BE9L"},"21E":{"desc":"H6E"},"220":{"desc":"L1T"},"222":{"t":"ULAC"},"225":{"t":"GLID"},"227":{"t":"B06"},"229":{"t":"SR22"},"22A":{"t":"C150"},"22B":{"t":"B06"},"22C":{"desc":"L1P"},"22E":{"t":"C182"},"22F":{"t":"C180"},"231":{"desc":"L1P"},"233":{"t":"GLID"},"237":{"desc":"L2P"},"239":{"t":"C180"},"23C":{"desc":"L1P"},"255":{"desc":"L1P"},"256":{"t":"C172"},"258":{"t":"C340"},"259":{"t":"C320"},"25B":{"t":"B350"},"25C":{"desc":"L1P"},"25E":{"desc":"L1P"},"260":{"t":"AA5"},"261":{"t":"GLID"},"263":{"desc":"L1P"},"265":{"desc":"L1P"},"266":{"desc":"L1P"},"267":{"t":"BE33"},"269":{"desc":"L1P"},"26A":{"desc":"L1P"},"26B":{"t":"AS50"},"270":{"desc":"L1P"},"271":{"t":"PA30"},"272":{"t":"PA32"},"273":{"t":"PA27"},"274":{"desc":"L1P"},"277":{"t":"L29"},"278":{"desc":"L1P","t":"ULAC"},"279":{"t":"C680"},"27A":{"t":"BE35"},"27B":{"desc":"L1P","t":"ULAC"},"27E":{"desc":"L1P"},"27F":{"t":"BE33"},"280":{"t":"L13M"},"283":{"desc":"L1P"},"285":{"t":"SR22"},"288":{"desc":"L2T"},"289":{"t":"T210"},"28D":{"t":"C180"},"28E":{"desc":"L1P"},"290":{"t":"E55P"},"291":{"desc":"L1P"},"292":{"desc":"L1P"},"295":{"desc":"L1P"},"297":{"t":"BL17"},"298":{"desc":"L1P"},"299":{"t":"BE35"},"29C":{"desc":"L1P"},"29D":{"desc":"L1P","t":"ULAC"},"2A2":{"t":"B190"},"2AE":{"t":"FA20"},"2B5":{"t":"CL60"},"2B9":{"t":"P28A"},"2BA":{"desc":"L2P"},"2BB":{"t":"C182"},"2BE":{"t":"PA27"},"2BF":{"desc":"L1P"},"2C6":{"t":"O1"},"2C7":{"t":"LJ31"},"2C9":{"desc":"L2P"},"2CA":{"t":"BE33"},"2CB":{"t":"C182"},"2CD":{"t":"C177"},"2D2":{"t":"ST75"},"2D3":{"t":"C421"},"2D4":{"desc":"L1P"},"2D5":{"t":"PA31"},"2D6":{"desc":"H4E"},"2D9":{"t":"B350"},"2DA":{"t":"CJ6"},"2DC":{"desc":"H1P"},"2DE":{"t":"C150"},"2E0":{"desc":"L1P"},"2E2":{"desc":"L1P"},"2E3":{"desc":"L1T"},"2E4":{"t":"S22T"},"2E6":{"t":"GLID"},"2E7":{"desc":"L1P"},"2E9":{"t":"HUSK"},"2EB":{"t":"PA30"},"2EC":{"desc":"L1P"},"2EE":{"desc":"L1P"},"2FD":{"desc":"L1P","t":"ULAC"},"2FE":{"desc":"H1P"},"306":{"t":"FA50"},"31D":{"t":"GLID"},"32F":{"t":"C25C"},"33C":{"t":"E145"},"33E":{"t":"C680"},"341":{"t":"C680"},"349":{"t":"C680"},"34C":{"t":"A320"},"34D":{"t":"SW4"},"350":{"t":"BE35"},"352":{"t":"GLF6"},"356":{"t":"C680"},"358":{"t":"C680"},"365":{"t":"C680"},"369":{"t":"S108"},"36A":{"t":"BE20"},"36B":{"t":"B350"},"36D":{"t":"P28A"},"36F":{"t":"C680"},"370":{"t":"C680"},"375":{"t":"C680"},"377":{"desc":"L1P"},"37A":{"t":"C680"},"37E":{"t":"C680"},"382":{"t":"BE35"},"383":{"t":"B752"},"385":{"t":"C680"},"387":{"t":"C510"},"388":{"t":"F2TH"},"389":{"t":"AS50"},"38B":{"t":"C68A"},"38E":{"desc":"L1P"},"39C":{"t":"C680"},"39E":{"t":"SR20"},"3A0":{"t":"C680"},"3AF":{"t":"C680"},"3B8":{"t":"C680"},"3B9":{"t":"A306"},"3BF":{"t":"P28A"},"3C2":{"t":"AEST"},"3C5":{"t":"C680"},"3CD":{"t":"C680"},"3CE":{"t":"GLF6"},"3D2":{"desc":"H4E"},"3D4":{"t":"BE20"},"3D9":{"t":"CL30"},"3DD":{"t":"C680"},"3E6":{"t":"C182"},"3E7":{"t":"C680"},"3E9":{"t":"C680"},"3FB":{"t":"ST75"},"405":{"t":"C172"},"407":{"t":"E55P"},"409":{"t":"C68A"},"40A":{"t":"C680"},"410":{"t":"FA50"},"411":{"desc":"L1P"},"418":{"t":"PA27"},"41F":{"t":"C750"},"420":{"t":"C525"},"421":{"t":"C680"},"428":{"t":"C680"},"429":{"t":"C680"},"42A":{"t":"FA50"},"438":{"t":"C680"},"439":{"t":"P28A"},"43C":{"t":"C68A"},"44B":{"t":"C172"},"44C":{"t":"C680"},"44D":{"t":"C680"},"44E":{"t":"SW4"},"44F":{"t":"C680"},"451":{"desc":"L1P"},"455":{"t":"C680"},"45F":{"t":"B190"},"467":{"t":"PA44"},"46D":{"t":"A321"},"474":{"t":"C680"},"47A":{"t":"C68A"},"47C":{"t":"SR22"},"47E":{"t":"C680"},"47F":{"t":"C680"},"481":{"t":"C680"},"483":{"t":"C680"},"485":{"desc":"L1P"},"487":{"desc":"L2P"},"488":{"t":"R44"},"48D":{"t":"CH7A"},"48E":{"t":"ST75"},"496":{"t":"C680"},"4A6":{"t":"C68A"},"4AE":{"t":"C182"},"4B0":{"t":"C680"},"4B6":{"t":"C680"},"4BE":{"desc":"L2P"},"4BF":{"t":"BE35"},"4C7":{"t":"AEST"},"4C8":{"t":"C680"},"4CA":{"t":"C680"},"4CC":{"t":"C680"},"4CD":{"t":"F2TH"},"4CF":{"t":"R22"},"4D1":{"t":"CRJ7"},"4D5":{"t":"C680"},"4D9":{"t":"PC12"},"4DB":{"t":"C680"},"4E1":{"t":"A320"},"4E3":{"t":"PA44"},"4E8":{"desc":"L1P"},"4EE":{"desc":"L2P"},"4F0":{"t":"C680"},"4F9":{"t":"GLID"},"50B":{"t":"C680"},"512":{"desc":"L1P"},"51E":{"t":"C680"},"52B":{"desc":"L1P"},"52C":{"t":"G280"},"52E":{"t":"C680"},"537":{"desc":"L1E"},"544":{"t":"P28A"},"576":{"desc":"L1P"},"58F":{"t":"GLID"},"590":{"t":"C172"},"591":{"t":"PA22"},"594":{"t":"C175"},"597":{"t":"C172"},"599":{"t":"PA16"},"59B":{"t":"C182"},"59D":{"t":"PA24"},"5A1":{"t":"BALL"},"5A5":{"t":"C172"},"5AC":{"t":"J3"},"5AD":{"t":"GLEX"},"5AF":{"t":"SR22"},"5B6":{"desc":"L1P"},"5B9":{"t":"C150"},"5BE":{"t":"S108"},"5BF":{"t":"M20P"},"5C3":{"t":"BE35"},"5C4":{"t":"BT36"},"5C5":{"t":"M20P"},"5C7":{"t":"P28A"},"5CB":{"desc":"L1P"},"5CF":{"desc":"L1P"},"5D6":{"t":"C172"},"5D7":{"t":"PA22"},"5DA":{"t":"C175"},"5DB":{"t":"C150"},"5DC":{"t":"C150"},"5DD":{"t":"C172"},"5DE":{"t":"P28A"},"5E1":{"t":"C182"},"5E5":{"t":"T210"},"5E8":{"t":"M20P"},"5E9":{"desc":"L1P"},"5EB":{"desc":"L1P"},"5F1":{"desc":"L1P"},"5F6":{"desc":"L1P"},"5F7":{"desc":"L1P"},"5FE":{"t":"C150"},"601":{"t":"P28A"},"602":{"t":"PA16"},"604":{"t":"C182"},"605":{"t":"M20P"},"606":{"t":"PA24"},"608":{"t":"T210"},"60B":{"t":"M20P"},"60D":{"t":"P28A"},"60E":{"t":"C172"},"610":{"t":"PA25"},"611":{"desc":"L1P"},"612":{"desc":"L1P"},"61C":{"t":"C172"},"61D":{"t":"PA22"},"61F":{"desc":"L1P"},"620":{"t":"C175"},"624":{"t":"P28A"},"62F":{"desc":"L1P"},"631":{"t":"C172"},"63D":{"t":"DC10"},"643":{"t":"C175"},"644":{"t":"C150"},"647":{"t":"P28A"},"64A":{"t":"S108"},"64B":{"t":"M20P"},"64C":{"t":"PA24"},"657":{"t":"DC10"},"658":{"t":"DC10"},"659":{"t":"DC10"},"65A":{"t":"DC10"},"65B":{"t":"DC10"},"65E":{"t":"DC10"},"660":{"t":"DC10"},"663":{"t":"PA22"},"666":{"t":"C172"},"667":{"t":"C150"},"668":{"t":"C150"},"669":{"t":"J3"},"66A":{"t":"P28A"},"66B":{"t":"PA16"},"66D":{"t":"S108"},"675":{"desc":"L1P"},"676":{"t":"P28A"},"67B":{"t":"B764"},"681":{"desc":"L1P"},"685":{"t":"C172"},"68B":{"t":"C150"},"68C":{"t":"J3"},"68E":{"t":"PA16"},"6A0":{"desc":"L1P"},"6A8":{"t":"C172"},"6A9":{"t":"PA22"},"6AA":{"desc":"A1P"},"6AB":{"desc":"L1P"},"6AE":{"t":"C150"},"6AF":{"t":"J3"},"6B3":{"t":"S108"},"6B4":{"t":"T210"},"6B6":{"t":"G164"},"6B8":{"t":"BE35"},"6BC":{"t":"P28A"},"6C0":{"desc":"L1P"},"6C4":{"t":"B752"},"6C5":{"t":"B752"},"6C7":{"t":"B752"},"6C8":{"desc":"L1P"},"6C9":{"t":"MD11"},"6CB":{"t":"C172"},"6D0":{"t":"C150"},"6D7":{"t":"M20P"},"6D8":{"t":"PA24"},"6D9":{"t":"G164"},"6DD":{"t":"M20P"},"6E1":{"t":"PA27"},"6E4":{"t":"MD11"},"6E5":{"t":"MD11"},"6E6":{"t":"MD11"},"6E8":{"t":"J3"},"6EE":{"t":"L8"},"6EF":{"t":"B752"},"6F3":{"t":"E145"},"6FB":{"t":"C510"},"6FF":{"t":"AS50"},"700":{"t":"PA32"},"707":{"t":"BE35"},"708":{"t":"DA40"},"70A":{"t":"SF34"},"720":{"t":"SR22"},"721":{"t":"BE9L"},"722":{"t":"RC3"},"723":{"desc":"L1P"},"724":{"t":"SR22"},"725":{"t":"C560"},"726":{"t":"DG15"},"72B":{"t":"C68A"},"72E":{"t":"C172"},"739":{"t":"BE35"},"73A":{"t":"B752"},"73C":{"t":"C172"},"740":{"desc":"L5P"},"744":{"t":"PA32"},"74A":{"t":"DA40"},"74E":{"t":"C172"},"766":{"t":"BE9L"},"767":{"desc":"L1P","t":"C182"},"76B":{"t":"TWEN"},"76F":{"t":"B412"},"770":{"t":"A306"},"772":{"t":"B407"},"776":{"desc":"H2E"},"77C":{"t":"AA5"},"786":{"desc":"L1P"},"788":{"t":"GLF6"},"78A":{"t":"C680"},"78C":{"t":"PC12"},"792":{"desc":"L1P"},"79D":{"desc":"L1P"},"79E":{"desc":"L2P"},"79F":{"desc":"H1T"},"7A0":{"t":"CL60"},"7AE":{"t":"C680"},"7B7":{"t":"P28A"},"7C0":{"t":"S22T"},"7CF":{"t":"C68A"},"7D4":{"desc":"L1P"},"7ED":{"t":"R44"},"7F0":{"t":"P28A"},"802":{"t":"C172"},"803":{"t":"SR22"},"80D":{"desc":"L1P"},"821":{"t":"PC12"},"824":{"t":"A321"},"834":{"desc":"L2J"},"83A":{"t":"SR22"},"844":{"desc":"L1P"},"845":{"t":"R44"},"84D":{"t":"C680"},"85D":{"t":"C68A"},"868":{"t":"C402"},"870":{"t":"C172"},"879":{"t":"P46T"},"87E":{"t":"SR22"},"881":{"t":"H25B"},"885":{"t":"S22T"},"887":{"t":"BALL"},"888":{"t":"CRJ7"},"88A":{"desc":"L1P"},"88C":{"desc":"L2T"},"895":{"t":"SR22"},"898":{"t":"A320"},"89A":{"desc":"L2T"},"8A7":{"t":"SW4"},"8A9":{"desc":"L1P","t":"ULAC"},"8B0":{"t":"GLID"},"8B2":{"desc":"H1T","t":"H60"},"8C9":{"t":"BE35"},"8E3":{"t":"C56X"},"8F2":{"desc":"H2T"},"8FB":{"desc":"L1P"},"938":{"t":"F2TH"},"948":{"desc":"L1P"},"94A":{"desc":"L1P"},"94C":{"t":"C150"},"94E":{"t":"J3"},"954":{"t":"PA24"},"955":{"t":"BE35"},"957":{"t":"BE58"},"95A":{"desc":"L1P"},"95C":{"t":"C172"},"95D":{"t":"PA27"},"95E":{"t":"PA25"},"961":{"desc":"A2P"},"969":{"t":"PA22"},"970":{"t":"C150"},"971":{"t":"C172"},"972":{"t":"P28A"},"973":{"t":"PA16"},"976":{"t":"M20P"},"97C":{"t":"M20P"},"97E":{"t":"P28A"},"983":{"desc":"L1P"},"985":{"desc":"L2P"},"989":{"t":"ST75"},"98D":{"t":"C172"},"991":{"t":"C175"},"993":{"t":"C150"},"995":{"t":"P32R"},"998":{"t":"S108"},"999":{"t":"M20P"},"99A":{"t":"PA24"},"99E":{"t":"AA5"},"99F":{"t":"M20P"},"9A0":{"t":"M20P"},"9A1":{"t":"BE30"},"9A2":{"t":"C172"},"9A3":{"t":"RV12"},"9A7":{"t":"DG15"},"9B0":{"t":"C172"},"9B1":{"desc":"L1P"},"9B5":{"t":"C150"},"9B8":{"t":"C402"},"9BA":{"t":"PA18"},"9C2":{"t":"M20P"},"9C3":{"desc":"L1P"},"9C4":{"t":"P28A"},"9CD":{"t":"ST75"},"9CF":{"t":"C152"},"9D4":{"t":"PA22"},"9DA":{"t":"C172"},"9DB":{"t":"P28A"},"9DF":{"t":"M20P"},"9E0":{"t":"PA24"},"9E2":{"t":"C414"},"9E5":{"t":"M20P"},"9E9":{"t":"PA27"},"9EC":{"t":"C152"},"9EF":{"t":"VALI"},"9F4":{"t":"C414"},"9F6":{"t":"C172"},"9F7":{"t":"PA22"},"9FA":{"t":"C175"},"9FB":{"t":"C150"},"9FD":{"t":"J3"},"9FE":{"t":"P28A"},"A01":{"t":"C182"},"A07":{"t":"C414"},"A09":{"desc":"L1P"},"A0E":{"t":"FA62"},"A13":{"t":"B762"},"A15":{"desc":"A2P"},"A17":{"t":"B762"},"A19":{"t":"PA44"},"A1A":{"t":"T210"},"A1E":{"t":"P28A"},"A21":{"t":"P28A"},"A25":{"t":"M20P"},"A26":{"t":"PA24"},"A29":{"t":"BE36"},"A2B":{"t":"M20P"},"A2C":{"desc":"L1P"},"A2D":{"t":"P28A"},"A31":{"t":"B762"},"A33":{"t":"ST75"},"A36":{"t":"C152"},"A38":{"t":"C152"},"A3C":{"t":"C172"},"A3D":{"t":"PA22"},"A3F":{"t":"C414"},"A44":{"t":"P28A"},"A46":{"t":"PA18"},"A49":{"t":"PA24"},"A4B":{"desc":"L1P"},"A4D":{"t":"C310"},"A4F":{"desc":"L1P"},"A50":{"t":"P28A"},"A5C":{"t":"VALI"},"A5F":{"t":"PA44"},"A63":{"t":"C175"},"A64":{"t":"C150"},"A66":{"t":"J3"},"A67":{"t":"P28A"},"A68":{"t":"PA16"},"A6B":{"t":"M20P"},"A6E":{"t":"PC12"},"A71":{"t":"M20P"},"A74":{"t":"C414"},"A7B":{"t":"C152"},"A7C":{"t":"ST75"},"A80":{"t":"DG15"},"A88":{"t":"C150"},"A8A":{"t":"P28A"},"A8B":{"t":"G164"},"A8D":{"t":"S108"},"A8E":{"t":"M20P"},"A90":{"desc":"L2P"},"A95":{"desc":"L1P"},"A96":{"t":"P28A"},"A99":{"desc":"L1P"},"A9E":{"t":"S108"},"A9F":{"t":"C152"},"AA1":{"t":"C152"},"AA2":{"t":"C152"},"AA8":{"t":"C208"},"AAA":{"t":"E145"},"AAB":{"desc":"L1P"},"AAF":{"t":"PA46"},"AB1":{"t":"HUSK"},"AB3":{"t":"C82T"},"AB6":{"t":"C182"},"AB7":{"t":"PA44"},"ABE":{"desc":"L1P"},"AC0":{"t":"C208"},"AC2":{"desc":"L1P"},"AC4":{"t":"C501"},"AC6":{"t":"B06"},"ACA":{"t":"HDJT"},"AD9":{"t":"BALL"},"ADA":{"t":"PA18"},"ADB":{"t":"SR22"},"AE2":{"desc":"A1P"},"AE5":{"t":"C172"},"AE8":{"t":"C240"},"AF0":{"t":"H25B"},"AF1":{"t":"B752"},"AF3":{"t":"PA22"},"AF7":{"t":"C560"},"AFC":{"t":"T206"},"B00":{"t":"BE20"},"B05":{"t":"C172"},"B22":{"t":"PA30"},"B26":{"t":"B412"},"B27":{"t":"A306"},"B33":{"desc":"L1P","t":"ULAC"},"B3C":{"t":"GLF6"},"B47":{"t":"P28A"},"B54":{"t":"SF50"},"B56":{"desc":"H1T"},"B58":{"desc":"L1P"},"B65":{"t":"C680"},"B6D":{"desc":"L1P","t":"ULAC"},"B6E":{"t":"P28A"},"B71":{"t":"C414"},"B7E":{"t":"C340"},"B86":{"t":"C68A"},"BA2":{"desc":"L1P"},"BA7":{"t":"P28A"},"BB8":{"desc":"L1P"},"BB9":{"t":"C172"},"BDB":{"t":"A321"},"BEA":{"t":"C172"},"BEB":{"desc":"L2J"},"BED":{"t":"PC12"},"BFB":{"desc":"L1P"},"C14":{"t":"C56X"},"C1C":{"desc":"L1P"},"C28":{"t":"SR22"},"C2D":{"t":"C650"},"C30":{"t":"GALX"},"C31":{"t":"MD81"},"C37":{"t":"C182"},"C38":{"desc":"L1P"},"C3D":{"t":"R44"},"C3F":{"t":"CRJ7"},"C43":{"t":"C182"},"C45":{"t":"SR22"},"C4F":{"t":"A320"},"C5A":{"t":"HDJT"},"C60":{"desc":"L1P"},"C64":{"desc":"L1P"},"C83":{"desc":"L1P"},"CA1":{"desc":"H4E"},"CDD":{"t":"COL4"},"CFF":{"t":"PA22"},"D04":{"t":"C150"},"D05":{"t":"J3"},"D08":{"t":"PA18"},"D0A":{"t":"M20P"},"D11":{"desc":"L1P"},"D1C":{"t":"C152"},"D21":{"t":"C172"},"D25":{"t":"C175"},"D27":{"t":"C150"},"D2B":{"desc":"H1P"},"D2E":{"t":"PA24"},"D31":{"t":"BE35"},"D32":{"t":"C310"},"D34":{"desc":"L1P"},"D35":{"desc":"L1P"},"D36":{"t":"C172"},"D39":{"t":"FA62"},"D3A":{"t":"C152"},"D3B":{"t":"C152"},"D3E":{"t":"C152"},"D44":{"t":"C172"},"D48":{"t":"C414"},"D4A":{"t":"C150"},"D4B":{"t":"J3"},"D4D":{"t":"PA16"},"D4E":{"t":"PA18"},"D4F":{"t":"C182"},"D50":{"t":"M20P"},"D52":{"t":"G164"},"D54":{"desc":"L1P"},"D57":{"desc":"L1P"},"D58":{"t":"P28A"},"D5C":{"t":"C152"},"D60":{"t":"ST75"},"D61":{"t":"C152"},"D64":{"t":"C152"},"D67":{"t":"C172"},"D6A":{"t":"C340"},"D6C":{"t":"C340"},"D6D":{"t":"C150"},"D6E":{"t":"C172"},"D73":{"t":"M20P"},"D74":{"t":"PA24"},"D78":{"t":"C310"},"D79":{"t":"M20P"},"D7B":{"t":"P28A"},"D7C":{"t":"C172"},"D7D":{"t":"PA27"},"D80":{"t":"DG15"},"D82":{"t":"C340"},"D83":{"t":"C152"},"D85":{"t":"C340"},"D86":{"t":"C152"},"D87":{"t":"ST75"},"D88":{"t":"C340"},"D8A":{"t":"C172"},"D8C":{"t":"C421"},"D8D":{"desc":"L1P"},"D91":{"t":"J3"},"D92":{"t":"P28A"},"D94":{"t":"C340"},"D97":{"t":"PA24"},"D98":{"t":"BE35"},"D99":{"t":"T210"},"D9B":{"t":"C310"},"D9C":{"t":"M20P"},"D9E":{"t":"P28A"},"DA4":{"t":"C152"},"DA7":{"t":"C340"},"DA8":{"t":"C152"},"DAD":{"t":"C172"},"DAE":{"t":"PA22"},"DB2":{"t":"C150"},"DB3":{"t":"C150"},"DB4":{"t":"J3"},"DB5":{"t":"P28A"},"DB8":{"desc":"L1P"},"DB9":{"t":"M20P"},"DBE":{"t":"C340"},"DBF":{"t":"M20P"},"DC0":{"desc":"L1P"},"DC3":{"t":"PA27"},"DC8":{"t":"ST75"},"DCC":{"t":"C152"},"DD1":{"t":"T210"},"DD3":{"desc":"L1P"},"DD5":{"t":"C150"},"DD6":{"t":"C150"},"DDA":{"t":"C340"},"DDB":{"t":"S108"},"DDC":{"t":"M20P"},"DDE":{"t":"BE35"},"DE0":{"t":"BE55"},"DE1":{"t":"C310"},"DE3":{"desc":"L1P"},"DE4":{"t":"P28A"},"DE8":{"t":"C152"},"DEA":{"t":"DG15"},"DEB":{"t":"ST75"},"DEE":{"t":"C152"},"DF9":{"t":"C150"},"DFC":{"t":"G164"},"DFD":{"t":"C340"},"DFE":{"t":"S108"},"E00":{"t":"PA24"},"E04":{"t":"C310"},"E05":{"t":"M20P"},"E06":{"desc":"L1P"},"E07":{"t":"P28A"},"E08":{"t":"C172"},"E13":{"t":"C152"},"E17":{"t":"PA22"},"E1A":{"t":"C175"},"E1D":{"t":"J3"},"E1E":{"t":"P28R"},"E22":{"t":"M20P"},"E23":{"t":"C340"},"E24":{"t":"BE35"},"E25":{"t":"C340"},"E29":{"desc":"L1P"},"E2A":{"t":"P28A"},"E2E":{"t":"C152"},"E2F":{"t":"C152"},"E35":{"t":"J5"},"E39":{"t":"C172"},"E3D":{"t":"C175"},"E42":{"t":"C340"},"E43":{"t":"PA25"},"E44":{"t":"S108"},"E45":{"t":"M20P"},"E4C":{"desc":"L1P"},"E4D":{"t":"BT36"},"E4E":{"t":"C172"},"E57":{"t":"ST75"},"E58":{"t":"C152"},"E5D":{"t":"M20T"},"E5F":{"t":"C68A"},"E61":{"t":"E145"},"E6C":{"desc":"L2T"},"E6D":{"t":"RV12"},"E6E":{"t":"PA44"},"E80":{"desc":"L1P","t":"ULAC"},"E86":{"desc":"H4E"},"E91":{"desc":"L1P"},"E9C":{"t":"C172"},"EA8":{"t":"B752"},"EAA":{"desc":"L1P"},"EAB":{"t":"BE58"},"EAC":{"desc":"L1P"},"EAF":{"desc":"L2P"},"EB3":{"t":"SR22"},"EB4":{"t":"H60"},"EC1":{"t":"BE36"},"ED9":{"t":"H25B"},"EDE":{"t":"A306"},"EE4":{"t":"P28A"},"EF2":{"desc":"L1P"},"F03":{"t":"GLF6"},"F07":{"t":"BE9L"},"F0B":{"t":"C172"},"F0D":{"desc":"H1T"},"F0F":{"t":"C172"},"F24":{"desc":"L1P","t":"ULAC"},"F25":{"t":"P28A"},"F36":{"t":"RV12"},"F39":{"t":"C210"},"F3D":{"t":"C68A"},"F4D":{"t":"AT6T"},"F52":{"t":"P68"},"F5D":{"desc":"L1T"},"F5E":{"t":"P28A"},"F5F":{"desc":"L1P"},"F6F":{"t":"PA18"},"F70":{"desc":"H8E"},"F76":{"t":"BE9L"},"F7C":{"t":"EC30"},"F92":{"t":"A321"},"FA2":{"desc":"H6E"},"FA5":{"desc":"L1P"},"FCB":{"t":"C56X"},"FD3":{"t":"R44"},"FDB":{"t":"SR20"},"FDE":{"t":"AEST"},"FF0":{"desc":"L1T","t":"BT36"},"FF4":{"t":"R22"},"FF6":{"t":"CRJ7"},"FF7":{"t":"GLEX"},"FFA":{"t":"C172"},"FFC":{"t":"SR22"}}