{"001":{"t":"J3"},"006":{"t":"M20P"},"00E":{"t":"P28A"},"017":{"t":"C152"},"018":{"t":"C152"},"01D":{"t":"C172"},"01E":{"t":"PA22"},"01F":{"t":"P32T"},"024":{"t":"J3"},"02A":{"t":"PA24"},"031":{"t":"P28A"},"037":{"t":"C152"},"043":{"t":"C402"},"046":{"t":"C150"},"04B":{"t":"S108"},"04C":{"t":"M20P"},"050":{"t":"ST75"},"051":{"desc":"L1P"},"053":{"t":"M20P"},"056":{"t":"PA27"},"058":{"t":"C152"},"05A":{"t":"C402"},"05C":{"t":"C152"},"067":{"t":"C175"},"068":{"t":"C150"},"069":{"t":"C150"},"06A":{"t":"C172"},"06B":{"t":"P28A"},"06F":{"t":"M20P"},"075":{"t":"M20P"},"082":{"t":"C152"},"083":{"t":"C152"},"086":{"t":"C172"},"08A":{"t":"C175"},"08B":{"t":"PA32"},"08D":{"t":"C172"},"08F":{"t":"PA16"},"092":{"t":"M20P"},"097":{"t":"C310"},"09A":{"t":"P28A"},"09B":{"t":"C172"},"09F":{"t":"J3"},"0A1":{"desc":"L1P"},"0A3":{"t":"C152"},"0A8":{"desc":"L1P"},"0AA":{"t":"PA18"},"0AB":{"t":"PA34"},"0AF":{"desc":"L1P"},"0B1":{"t":"P28R"},"0B2":{"t":"PA16"},"0B3":{"t":"BE33"},"0B6":{"t":"PA24"},"0BE":{"t":"C172"},"0C2":{"desc":"L1P"},"0CA":{"t":"C152"},"0CC":{"t":"PA27"},"0CE":{"t":"P28A"},"0D0":{"t":"C175"},"0D3":{"t":"J3"},"0D4":{"t":"P32R"},"0D5":{"t":"G164"},"0D7":{"t":"C182"},"0DB":{"t":"C402"},"0DF":{"t":"M20P"},"0E1":{"t":"C172"},"0ED":{"t":"C152"},"0EF":{"t":"P32T"},"0F0":{"t":"B752"},"0F4":{"t":"E145"},"0F9":{"desc":"L1P"},"0FA":{"t":"SF50"},"0FB":{"desc":"L1P"},"0FC":{"desc":"L2T"},"108":{"t":"BE35"},"109":{"desc":"H1P"},"10B":{"desc":"L1P"},"111":{"t":"ULAC"},"121":{"t":"S22T"},"123":{"t":"GLF5"},"124":{"t":"R44"},"125":{"desc":"L1P"},"12D":{"t":"C152"},"12F":{"t":"F2TH"},"132":{"t":"C172"},"13A":{"t":"C310"},"13C":{"t":"LJ60"},"13D":{"desc":"L1P"},"13E":{"t":"C172"},"145":{"t":"B752"},"146":{"desc":"L1P"},"14F":{"t":"C172"},"163":{"t":"S22T"},"170":{"t":"B737"},"171":{"t":"A306"},"17D":{"desc":"L1P"},"185":{"desc":"H1P"},"186":{"t":"GLF6"},"18F":{"desc":"L1P"},"19E":{"desc":"L1P"},"1A9":{"t":"GALX"},"1B7":{"desc":"L1P","t":"ULAC"},"1B8":{"t":"L13M"},"1B9":{"t":"AT5T"},"1BA":{"t":"E135"},"1BD":{"t":"C182"},"1BF":{"t":"EC35"},"1D0":{"desc":"L1P"},"1D1":{"desc":"L1P"},"1E2":{"t":"C182"},"1EB":{"t":"C750"},"1ED":{"t":"S22T"},"1F1":{"t":"P28A"},"1FA":{"t":"GLF4"},"202":{"t":"BE33"},"203":{"t":"TBM7"},"204":{"t":"PA24"},"205":{"t":"C208"},"206":{"t":"M20T"},"20E":{"desc":"L1P","t":"ULAC"},"21F":{"t":"PA44"},"235":{"t":"C170"},"237":{"t":"SR20"},"238":{"t":"SR22"},"242":{"t":"PA32"},"25E":{"t":"C68A"},"268":{"t":"BALL"},"272":{"t":"M20P"},"276":{"desc":"L1P"},"277":{"desc":"L1P"},"27A":{"desc":"L1P"},"287":{"t":"A139"},"289":{"t":"CRJ7"},"28A":{"t":"B752"},"28D":{"t":"C402"},"28F":{"t":"SR22"},"298":{"t":"BE95"},"299":{"t":"A320"},"29A":{"t":"P28S"},"29E":{"t":"GLF4"},"2A4":{"desc":"L2T"},"2AA":{"t":"GLF4"},"2AF":{"t":"GLF5"},"2BE":{"desc":"H4E"},"2CA":{"t":"BE35"},"2D6":{"t":"C680"},"2E3":{"t":"C172"},"2E4":{"desc":"L1P"},"2EA":{"t":"C310"},"2FC":{"t":"T6"},"315":{"desc":"L1P"},"349":{"t":"PA18"},"34C":{"t":"C175"},"34F":{"t":"J3"},"350":{"t":"P32R"},"351":{"t":"G164"},"353":{"t":"C182"},"354":{"t":"M20P"},"355":{"t":"PA24"},"357":{"desc":"L1P"},"35B":{"t":"M20P"},"35C":{"t":"P28A"},"35E":{"t":"PA27"},"35F":{"t":"PA25"},"360":{"t":"ST75"},"361":{"t":"B739"},"362":{"t":"B739"},"363":{"t":"T28"},"365":{"t":"B739"},"366":{"t":"C152"},"367":{"t":"B739"},"368":{"t":"C152"},"369":{"t":"ST75"},"36A":{"t":"GLID"},"36F":{"t":"C175"},"372":{"t":"J3"},"374":{"t":"PA16"},"376":{"desc":"L1P"},"377":{"t":"M20P"},"37D":{"t":"M20P"},"37E":{"t":"M20P"},"37F":{"t":"P28A"},"380":{"t":"C172"},"383":{"t":"C152"},"384":{"t":"B739"},"385":{"t":"C152"},"386":{"t":"C152"},"387":{"t":"C152"},"389":{"t":"C152"},"38A":{"t":"B739"},"393":{"t":"C150"},"395":{"t":"J3"},"396":{"t":"P28A"},"399":{"t":"C421"},"39B":{"t":"PA24"},"3A0":{"t":"M20P"},"3A6":{"t":"ST75"},"3A7":{"t":"B739"},"3A8":{"t":"B739"},"3A9":{"t":"B739"},"3AA":{"t":"ST75"},"3AB":{"t":"ST75"},"3AD":{"t":"ST75"},"3AE":{"t":"ST75"},"3AF":{"t":"ST75"},"3B1":{"t":"C172"},"3B2":{"t":"PA18"},"3B7":{"t":"C150"},"3B9":{"t":"P28A"},"3BA":{"t":"PA16"},"3BD":{"t":"M20P"},"3C1":{"desc":"L2P"},"3C4":{"t":"M20P"},"3C8":{"t":"PA18"},"3C9":{"t":"ST75"},"3CA":{"t":"ST75"},"3CB":{"t":"ST75"},"3CC":{"t":"ST75"},"3CD":{"t":"B739"},"3CE":{"t":"ST75"},"3CF":{"t":"B739"},"3D0":{"t":"ST75"},"3D1":{"t":"ST75"},"3D3":{"desc":"L1P"},"3DB":{"t":"C172"},"3DC":{"t":"P28A"},"3DD":{"t":"PA16"},"3E0":{"t":"M20P"},"3E6":{"t":"M20P"},"3E7":{"t":"M20P"},"3E9":{"t":"C210"},"3EC":{"desc":"L1P"},"3ED":{"t":"J3"},"3EE":{"t":"B739"},"3EF":{"t":"B739"},"3F1":{"desc":"L1P"},"3F2":{"desc":"L1P"},"3F9":{"t":"C310"},"3FB":{"t":"C175"},"3FE":{"t":"C172"},"402":{"t":"S108"},"403":{"t":"M20P"},"407":{"t":"C425"},"409":{"t":"M20P"},"40B":{"t":"P28A"},"410":{"t":"C152"},"412":{"t":"ST75"},"416":{"desc":"L1P"},"417":{"desc":"L1P"},"41B":{"t":"PA18"},"41D":{"t":"RV12"},"41E":{"t":"C175"},"421":{"t":"C172"},"422":{"t":"P28A"},"425":{"t":"C182"},"426":{"t":"M20P"},"427":{"t":"PA24"},"428":{"t":"BE33"},"42C":{"t":"M20P"},"42E":{"t":"P28A"},"43A":{"desc":"L1P"},"43D":{"t":"C172"},"441":{"t":"C175"},"443":{"t":"C150"},"444":{"t":"J3"},"445":{"t":"P32R"},"446":{"t":"PA16"},"449":{"t":"M20P"},"44F":{"t":"M20P"},"450":{"t":"M20P"},"459":{"desc":"L1P"},"45F":{"desc":"L1P"},"461":{"t":"PA18"},"463":{"desc":"A1P"},"464":{"t":"C175"},"468":{"t":"P32R"},"46C":{"t":"M20P"},"46D":{"t":"PA24"},"473":{"t":"M20P"},"474":{"t":"P28A"},"476":{"t":"PA27"},"478":{"t":"B739"},"47A":{"desc":"L1P"},"47B":{"desc":"L1P"},"47C":{"desc":"L1P"},"47D":{"t":"GLF6"},"47E":{"desc":"L2P"},"480":{"t":"CL60"},"481":{"t":"GLEX"},"486":{"t":"C195"},"489":{"t":"C150"},"492":{"t":"T210"},"498":{"t":"C172"},"49B":{"desc":"L1P"},"49C":{"t":"B739"},"4A6":{"t":"PA22"},"4A7":{"t":"B752"},"4A8":{"t":"BE36"},"4A9":{"t":"DH8D"},"4B1":{"desc":"L1P"},"4B2":{"t":"H25B"},"4B8":{"desc":"L1P"},"4BF":{"t":"BE35"},"4C3":{"desc":"L1P"},"4C6":{"t":"GLF5"},"4D1":{"t":"P28A"},"4D8":{"t":"BE36"},"4D9":{"t":"CRJ9"},"4E6":{"t":"C172"},"4F1":{"t":"BE35"},"4F2":{"t":"SHIP"},"4F4":{"t":"C310"},"4FA":{"desc":"H4E"},"4FC":{"t":"B752"},"50A":{"desc":"L1P"},"50D":{"t":"E145"},"50F":{"t":"B350"},"51F":{"t":"C551"},"528":{"t":"A306"},"53D":{"t":"GLF6"},"555":{"t":"UH1"},"566":{"desc":"H1T","t":"UH12"},"56E":{"desc":"L1P","t":"ULAC"},"573":{"t":"GLF2"},"579":{"desc":"L1P"},"587":{"desc":"L1P"},"588":{"t":"C208"},"589":{"desc":"L1P"},"58A":{"desc":"L1T","t":"PA46"},"593":{"t":"C525"},"5A8":{"t":"P28A"},"5B9":{"t":"R22"},"5BA":{"t":"CH7B"},"5BC":{"t":"E50P"},"5D6":{"t":"PA44"},"5EB":{"t":"GLID"},"5EC":{"desc":"H6E"},"5F2":{"t":"SR20"},"615":{"t":"C56X"},"631":{"desc":"L1P"},"639":{"t":"CL60"},"640":{"t":"CRJ7"},"644":{"t":"C172"},"648":{"desc":"L2P"},"64F":{"t":"BE35"},"650":{"t":"A320"},"652":{"desc":"H1P"},"657":{"t":"C195"},"664":{"t":"C25C"},"668":{"t":"GLID"},"681":{"t":"BE33"},"68F":{"t":"C550"},"69A":{"t":"C650"},"6A6":{"t":"GL5T"},"704":{"t":"PA34"},"706":{"t":"J3"},"709":{"t":"AEST"},"70C":{"t":"PA24"},"70D":{"desc":"L2P"},"70E":{"desc":"L1P"},"713":{"t":"P28A"},"719":{"desc":"L1P"},"723":{"desc":"S1P","t":"PA18"},"724":{"desc":"L1P"},"726":{"t":"C175"},"727":{"t":"C150"},"729":{"t":"C172"},"72B":{"t":"G164"},"72F":{"t":"PA24"},"732":{"t":"PA46"},"74A":{"t":"C150"},"74B":{"t":"C150"},"74D":{"t":"P28A"},"74E":{"t":"G164"},"751":{"t":"M20P"},"758":{"t":"M20P"},"759":{"t":"P28A"},"75B":{"t":"AEST"},"75D":{"t":"C152"},"75E":{"t":"J3"},"762":{"t":"J3"},"763":{"t":"C152"},"765":{"t":"J3"},"768":{"t":"C172"},"76C":{"t":"C175"},"76D":{"t":"P28A"},"76E":{"t":"C150"},"77A":{"t":"M20P"},"77B":{"t":"M20P"},"77E":{"t":"AEST"},"77F":{"t":"PA25"},"781":{"t":"J5"},"784":{"t":"C152"},"788":{"t":"C152"},"78B":{"t":"C172"},"78E":{"desc":"L1P"},"790":{"t":"C150"},"791":{"t":"AEST"},"793":{"t":"P28A"},"79B":{"t":"AEST"},"79D":{"t":"M20P"},"79E":{"t":"M20P"},"79F":{"t":"P28A"},"7A4":{"t":"ST75"},"7A7":{"t":"GLID"},"7AA":{"t":"J3"},"7AE":{"t":"C172"},"7B0":{"t":"L11"},"7B1":{"t":"AEST"},"7B2":{"t":"C175"},"7B3":{"t":"C150"},"7B7":{"t":"PA20"},"7B9":{"t":"C182"},"7BA":{"t":"M20P"},"7BB":{"t":"PA24"},"7BC":{"t":"G164"},"7C0":{"t":"M20P"},"7C2":{"t":"P28A"},"7C8":{"t":"J3"},"7CA":{"t":"C152"},"7CB":{"t":"VALI"},"7CC":{"t":"C152"},"7CE":{"t":"ST75"},"7D1":{"t":"C172"},"7D3":{"t":"C195"},"7D5":{"t":"C175"},"7D6":{"t":"C150"},"7D8":{"t":"C172"},"7DC":{"t":"S108"},"7DD":{"t":"M20P"},"7DE":{"t":"PA24"},"7E1":{"t":"AEST"},"7E5":{"t":"P28A"},"7EA":{"t":"C152"},"7EB":{"desc":"H1P"},"7EC":{"t":"C152"},"7F3":{"t":"O1"},"7F4":{"t":"C172"},"7F5":{"t":"PA18"},"7F6":{"t":"P28A"},"7FA":{"t":"C150"},"7FB":{"t":"J3"},"806":{"t":"M20P"},"807":{"t":"M20P"},"808":{"t":"P28A"},"80A":{"t":"PA27"},"80E":{"t":"ST75"},"810":{"t":"ST75"},"813":{"t":"ST75"},"814":{"t":"ST75"},"817":{"t":"C172"},"819":{"desc":"L1P"},"81B":{"t":"C175"},"81E":{"t":"C172"},"822":{"t":"S108"},"823":{"t":"M20P"},"824":{"t":"PA24"},"828":{"t":"C310"},"82B":{"t":"AEST"},"82F":{"t":"AEST"},"832":{"t":"ST75"},"833":{"t":"ST75"},"834":{"t":"ST75"},"836":{"t":"ST75"},"83B":{"t":"T210"},"83D":{"t":"BE33"},"83F":{"t":"P28A"},"845":{"t":"C182"},"846":{"t":"M20P"},"849":{"t":"AEST"},"84C":{"t":"M20P"},"84D":{"t":"M20P"},"855":{"t":"ST75"},"856":{"t":"ST75"},"858":{"desc":"L1P"},"859":{"t":"ST75"},"85C":{"t":"BE30"},"85E":{"desc":"L1P"},"860":{"t":"C182"},"861":{"t":"BE9T"},"863":{"t":"G280"},"864":{"desc":"L1P"},"865":{"t":"HUSK"},"866":{"t":"PA27"},"867":{"t":"BE36"},"869":{"t":"C172"},"86A":{"desc":"L1P"},"86B":{"t":"P28A"},"86D":{"t":"S22T"},"86E":{"t":"L13M"},"870":{"t":"CH7B"},"872":{"t":"BE33"},"873":{"t":"ULAC"},"874":{"t":"C510"},"875":{"t":"GLID"},"876":{"desc":"L1P"},"877":{"t":"C510"},"879":{"desc":"L1P"},"87C":{"desc":"L1P"},"87D":{"t":"GLID"},"880":{"t":"R44"},"881":{"desc":"L1P"},"883":{"t":"C172"},"884":{"t":"PA34"},"886":{"desc":"L1P"},"887":{"t":"ASTR"},"888":{"desc":"L1P"},"88A":{"t":"BE36"},"88B":{"t":"PA34"},"88C":{"t":"R44"},"88D":{"t":"CH7B"},"890":{"t":"BE35"},"891":{"t":"ST75"},"896":{"desc":"L1P"},"897":{"t":"C182"},"898":{"t":"BE36"},"89A":{"t":"BE58"},"89C":{"desc":"H1P"},"89D":{"t":"T206"},"8A1":{"t":"BE33"},"8A3":{"t":"TBM7"},"8A6":{"t":"CJ6"},"8A7":{"desc":"L1P"},"8A8":{"t":"R66"},"8A9":{"desc":"L1P"},"8AE":{"desc":"L1P"},"8B0":{"t":"HDJT"},"8B3":{"t":"M20P"},"8B5":{"t":"PA46"},"8B8":{"t":"C182"},"8B9":{"desc":"L1P"},"8BA":{"t":"CL60"},"8BC":{"t":"H500"},"8BD":{"desc":"L1P"},"8BE":{"desc":"L1P"},"8BF":{"desc":"L1P"},"8C2":{"desc":"L1P"},"8C4":{"t":"FA20"},"8C5":{"desc":"H1P"},"8C7":{"desc":"L1P"},"8CA":{"desc":"A1P"},"8CC":{"t":"C182"},"8CD":{"t":"C172"},"8D1":{"desc":"L1P"},"8D2":{"desc":"L1P"},"8D3":{"t":"TNAV"},"8D5":{"t":"PA30"},"8D7":{"t":"GLID"},"8DA":{"t":"B407"},"8DB":{"t":"PA20"},"8DD":{"t":"BE35"},"8DE":{"t":"AT5T"},"8E0":{"t":"BALL"},"8E2":{"t":"F2TH"},"8E5":{"t":"PA27"},"8E6":{"t":"P32R"},"8E8":{"t":"GLF4"},"8EA":{"t":"H25B"},"8EC":{"t":"BALL"},"8F0":{"t":"E55P"},"8F1":{"t":"AT8T"},"8F2":{"t":"C172"},"8F3":{"t":"ST75"},"8F5":{"desc":"L1P"},"8F6":{"t":"BL8"},"8F7":{"t":"BE36"},"8F8":{"desc":"H1T"},"8F9":{"t":"G280"},"8FA":{"desc":"L1P"},"8FB":{"desc":"H1T"},"8FC":{"desc":"L1P"},"901":{"desc":"L1P"},"903":{"t":"B47G"},"904":{"t":"P28R"},"907":{"t":"C185"},"908":{"desc":"L1P"},"90B":{"desc":"L1P"},"90C":{"t":"BE17"},"90D":{"t":"P68"},"90E":{"t":"C310"},"911":{"t":"S22T"},"913":{"t":"C150"},"914":{"desc":"L1P"},"917":{"t":"GLID"},"918":{"desc":"L1P"},"91D":{"desc":"L1P"},"91E":{"t":"R44"},"921":{"desc":"L1P"},"925":{"desc":"L1P"},"927":{"desc":"L1P"},"928":{"desc":"L1P"},"929":{"desc":"L1P"},"92D":{"t":"C185"},"930":{"t":"BALL"},"931":{"desc":"L1T","t":"M600"},"935":{"t":"GC1"},"937":{"desc":"L1P"},"938":{"t":"E550"},"939":{"desc":"L1P"},"93A":{"t":"BL17"},"93B":{"desc":"L1P"},"941":{"desc":"L1P"},"942":{"t":"PTS2"},"943":{"desc":"L1P"},"944":{"desc":"L1P"},"945":{"t":"A109"},"947":{"desc":"L1P"},"948":{"desc":"L1P"},"949":{"desc":"L1P"},"94C":{"t":"HUSK"},"94F":{"t":"AR11"},"950":{"desc":"L1P"},"951":{"t":"BALL"},"952":{"t":"AA1"},"953":{"desc":"L1P"},"955":{"t":"P28A"},"958":{"desc":"L1P","t":"LA4"},"959":{"t":"R44"},"95A":{"t":"B58T"},"95C":{"t":"T210"},"95E":{"t":"AEST"},"95F":{"t":"P32R"},"960":{"t":"BE35"},"961":{"desc":"H6E"},"963":{"desc":"L1P"},"964":{"t":"M20P"},"965":{"t":"AEST"},"969":{"t":"PC12"},"96B":{"t":"P32R"},"970":{"desc":"L1P"},"971":{"t":"TAYB"},"972":{"t":"M20T"},"973":{"t":"BALL"},"975":{"t":"C25C"},"976":{"t":"AEST"},"977":{"t":"C172"},"978":{"desc":"L1P"},"979":{"desc":"L1P"},"97A":{"t":"P32R"},"97B":{"desc":"L1P"},"97E":{"desc":"H1T","t":"B505"},"97F":{"t":"BALL"},"980":{"t":"BE55"},"982":{"t":"SF50"},"984":{"desc":"L1T"},"985":{"t":"P28R"},"986":{"desc":"L1P"},"987":{"desc":"A1P"},"988":{"t":"SR22"},"98A":{"desc":"L1P","t":"ULAC"},"98B":{"desc":"L1P"},"98D":{"desc":"L1P"},"994":{"t":"PC12"},"996":{"desc":"H1P"},"997":{"t":"ULAC"},"99D":{"desc":"H4E"},"99E":{"desc":"H1T"},"99F":{"desc":"L1P"},"9A3":{"t":"P28R"},"9A4":{"t":"C402"},"9A5":{"t":"PAY3"},"9A6":{"t":"PA24"},"9A7":{"desc":"L1P"},"9A8":{"t":"H500"},"9A9":{"t":"C340"},"9AA":{"t":"PC12"},"9AB":{"t":"SR20"},"9AC":{"t":"SR22"},"9AD":{"t":"BE36"},"9B0":{"desc":"L1J"},"9B2":{"t":"T210"},"9B3":{"t":"PA34"},"9B4":{"desc":"L2P"},"9B5":{"desc":"L1P"},"9B6":{"desc":"L1P"},"9B7":{"t":"C172"},"9B8":{"desc":"L1P"},"9BB":{"t":"NAVI"},"9BD":{"t":"ST75"},"9D4":{"t":"BE55"},"9D5":{"t":"BALL"},"9D7":{"desc":"L6E"},"9D8":{"t":"PA30"},"9DC":{"t":"C402"},"9DD":{"desc":"L1P"},"9DE":{"t":"LJ60"},"9DF":{"t":"C210"},"9E0":{"t":"C77R"},"9E1":{"desc":"L1P"},"9E4":{"t":"PA32"},"9E5":{"t":"P28U"},"9E6":{"desc":"L1J"},"9E8":{"desc":"L1P"},"9EA":{"desc":"L1P"},"9ED":{"t":"P337"},"9EE":{"t":"C310"},"9F3":{"desc":"L1P"},"9F4":{"t":"B407"},"9F5":{"t":"BE33"},"9F6":{"t":"BE20"},"9F7":{"t":"C310"},"9F8":{"t":"PC24"},"9FB":{"t":"BALL"},"9FF":{"desc":"L1P"},"A00":{"desc":"L1P"},"A03":{"desc":"L1P"},"A05":{"desc":"L1P"},"A07":{"desc":"H1P"},"A0B":{"t":"C560"},"A0C":{"t":"BE33"},"A0F":{"desc":"L1P"},"A12":{"t":"E50P"},"A14":{"desc":"H1T"},"A16":{"t":"C182"},"A19":{"desc":"L1P"},"A1B":{"desc":"L1P"},"A1C":{"desc":"L1P"},"A1D":{"desc":"L1P"},"A1E":{"t":"P28A"},"A2A":{"desc":"A1P"},"A2D":{"desc":"L1P"},"A31":{"t":"C182"},"A32":{"desc":"L1P"},"A38":{"t":"TAYB"},"A3B":{"t":"AT8T"},"A3F":{"t":"BE9L"},"A40":{"t":"LJ55"},"A41":{"desc":"L1P"},"A42":{"t":"E55P"},"A44":{"desc":"L1P"},"A46":{"desc":"L1P"},"A49":{"desc":"H1T"},"A4A":{"desc":"L1P"},"A4C":{"desc":"L1P"},"A4D":{"desc":"L1P"},"A4F":{"desc":"L1P","t":"LA4"},"A51":{"t":"C182"},"A52":{"t":"T210"},"A53":{"t":"C310"},"A56":{"t":"C182"},"A58":{"t":"ULAC"},"A59":{"t":"C25A"},"A5A":{"desc":"L1P"},"A5C":{"desc":"L1P"},"A5D":{"t":"BALL"},"A5E":{"t":"AT3P"},"A5F":{"t":"PA32"},"A61":{"desc":"L1P"},"A62":{"t":"BE58"},"A63":{"t":"BE95"},"A66":{"desc":"L1P"},"A68":{"t":"R44"},"A69":{"desc":"L1P"},"A6A":{"desc":"L2J"},"A6B":{"t":"PC12"},"A6C":{"t":"BE9T"},"A71":{"t":"BE35"},"A77":{"desc":"L1P"},"A7B":{"desc":"L1P"},"A7C":{"t":"E300"},"A7E":{"t":"AS50"},"A82":{"desc":"L1T"},"A83":{"t":"SF50"},"A84":{"desc":"L1P"},"A85":{"desc":"L1P"},"A88":{"desc":"L1P","t":"ULAC"},"A8A":{"t":"BE33"},"A8D":{"t":"SR22"},"A8F":{"t":"BE55"},"A9C":{"desc":"L1P"},"A9D":{"t":"SR22"},"A9E":{"t":"C172"},"AB5":{"desc":"L1P"},"AB7":{"t":"H60"},"AB8":{"desc":"L1P"},"AB9":{"t":"C25C"},"ABB":{"t":"E145"},"ABD":{"t":"AC90"},"ABE":{"t":"PRM1"},"AC0":{"desc":"L1T"},"AC2":{"t":"BALL"},"AC6":{"t":"AC90"},"AC7":{"t":"AC90"},"ACC":{"t":"AC90"},"ACF":{"t":"PA23"},"AD0":{"t":"CL60"},"AD3":{"t":"GLEX"},"AD6":{"t":"AC90"},"AD7":{"t":"AC90"},"ADB":{"t":"AC90"},"AE8":{"t":"TBM7"},"AE9":{"t":"CRJ7"},"AEB":{"t":"AC90"},"AEC":{"t":"SR20"},"AEE":{"t":"AC90"},"AF0":{"t":"AC90"},"AF3":{"t":"AC90"},"AF6":{"t":"AC90"},"B02":{"desc":"L1P"},"B03":{"desc":"L1P"},"B05":{"t":"AC90"},"B0C":{"t":"B752"},"B0D":{"t":"C182"},"B0F":{"t":"BE55"},"B1A":{"t":"PAY3"},"B22":{"t":"AC90"},"B2B":{"t":"C560"},"B2F":{"t":"C550"},"B34":{"t":"FA24"},"B37":{"t":"AC90"},"B38":{"t":"A306"},"B44":{"t":"BE55"},"B4C":{"t":"BE9L"},"B4D":{"t":"GLF6"},"B52":{"t":"AC90"},"B67":{"t":"AC90"},"B6B":{"t":"AC90"},"B82":{"desc":"L1P"},"B85":{"t":"ULAC"},"B88":{"t":"AC90"},"B8C":{"desc":"L1P","t":"ULAC"},"B90":{"t":"P28A"},"B93":{"desc":"L1P"},"BB8":{"t":"P28A"},"BBD":{"t":"AC90"},"BBE":{"desc":"L1P","t":"ULAC"},"BCA":{"t":"B190"},"BCF":{"desc":"L2T"},"BE6":{"t":"SR22"},"BE9":{"t":"PC12"},"BEC":{"t":"A320"},"BFF":{"t":"H500"},"C02":{"t":"S22T"},"C0D":{"t":"AC90"},"C25":{"t":"C68A"},"C2E":{"t":"AC90"},"C34":{"t":"PA27"},"C35":{"desc":"H1T"},"C36":{"t":"AC90"},"C38":{"desc":"L1P"},"C3D":{"desc":"L2P"},"C46":{"t":"C421"},"C49":{"t":"BE20"},"C4A":{"t":"AC90"},"C4B":{"t":"AC90"},"C4D":{"t":"AC90"},"C4E":{"t":"CH7B"},"C50":{"t":"CRJ7"},"C51":{"desc":"L1P"},"C56":{"t":"SR22"},"C66":{"t":"AC90"},"C6F":{"t":"AC90"},"C70":{"t":"C77R"},"C74":{"t":"BE20"},"C75":{"t":"C56X"},"C84":{"desc":"L2T"},"C91":{"desc":"L1P"},"C92":{"t":"ULAC"},"C9D":{"t":"C680"},"CAA":{"t":"BALL"},"CAB":{"t":"H500"},"CBB":{"t":"AC90"},"CBF":{"t":"SW4"},"CC1":{"t":"C501"},"CCE":{"t":"C56X"},"CE8":{"desc":"H4E"},"CF5":{"desc":"L1P"},"D0E":{"desc":"L1P"},"D0F":{"t":"C172"},"D10":{"t":"C510"},"D11":{"t":"T6"},"D12":{"t":"PA22"},"D13":{"t":"C175"},"D14":{"t":"C150"},"D15":{"t":"T6"},"D16":{"t":"J3"},"D17":{"t":"P28A"},"D1B":{"t":"M20P"},"D1C":{"t":"PA24"},"D1D":{"t":"BE23"},"D20":{"t":"AEST"},"D21":{"t":"M20P"},"D22":{"t":"BE35"},"D23":{"t":"P28A"},"D24":{"t":"T210"},"D26":{"t":"PA25"},"D2E":{"t":"M20P"},"D30":{"t":"C152"},"D32":{"t":"C172"},"D35":{"t":"BALL"},"D36":{"t":"C175"},"D37":{"t":"BALL"},"D39":{"t":"C172"},"D3E":{"t":"M20P"},"D40":{"t":"BE19"},"D41":{"t":"T210"},"D44":{"t":"M20P"},"D4B":{"t":"C152"},"D4C":{"t":"C152"},"D4D":{"desc":"L1P"},"D50":{"t":"C152"},"D53":{"t":"C152"},"D55":{"t":"C172"},"D58":{"t":"PA22"},"D5C":{"t":"J3"},"D61":{"t":"M20P"},"D62":{"t":"AEST"},"D65":{"t":"M20P"},"D66":{"desc":"L1P"},"D68":{"t":"M20P"},"D6A":{"t":"C172"},"D6B":{"t":"PA27"},"D6D":{"t":"B772"},"D70":{"t":"C152"},"D78":{"t":"C172"},"D79":{"t":"PA22"},"D7E":{"t":"C150"},"D7F":{"t":"J3"},"D80":{"t":"P28A"},"D84":{"t":"M20P"},"D85":{"t":"PA24"},"D86":{"t":"BE19"},"D87":{"t":"AEST"},"D88":{"t":"C150"},"D8A":{"t":"M20P"},"D91":{"t":"C152"},"D96":{"t":"C152"},"D9A":{"t":"ST75"},"D9B":{"t":"PA27"},"D9E":{"t":"PA22"},"DA2":{"t":"J3"},"DA3":{"t":"P28A"},"DA6":{"t":"C182"},"DA7":{"t":"M20P"},"DAB":{"t":"C150"},"DAD":{"t":"M20P"},"DB1":{"t":"PA27"},"DB4":{"t":"VALI"},"DB5":{"t":"C152"},"DB6":{"t":"C152"},"DB7":{"t":"BE18"},"DB8":{"t":"C152"},"DBA":{"t":"C152"},"DC1":{"t":"PA22"},"DC5":{"t":"C172"},"DC6":{"t":"P28R"},"DC8":{"t":"ULAC"},"DC9":{"desc":"L1P"},"DCA":{"t":"M20P"},"DCB":{"t":"PA24"},"DCE":{"t":"C150"},"DD1":{"t":"M20P"},"DD2":{"t":"P28A"},"DD3":{"t":"C175"},"DD9":{"t":"C152"},"DDC":{"t":"ST75"},"DDE":{"desc":"A2P"},"DDF":{"t":"B764"},"DE0":{"desc":"L1P"},"DE5":{"t":"C175"},"DE9":{"t":"P32R"},"DEA":{"t":"PA20"},"DEE":{"t":"PA24"},"DEF":{"t":"BE19"},"DF2":{"t":"C310"},"DF4":{"t":"M20P"},"DF6":{"t":"C172"},"DF9":{"t":"ST75"},"DFC":{"t":"B764"},"DFF":{"t":"C152"},"E00":{"desc":"A2P"},"E01":{"t":"ST75"},"E03":{"desc":"A1P"},"E04":{"t":"AEST"},"E05":{"t":"PA22"},"E0A":{"t":"C150"},"E0B":{"t":"J3"},"E0C":{"t":"P32R"},"E10":{"t":"M20P"},"E17":{"t":"M20P"},"E18":{"desc":"L1P"},"E19":{"t":"C172"},"E1A":{"t":"AEST"},"E1E":{"t":"T50"},"E21":{"t":"J3"},"E24":{"t":"C152"},"E27":{"t":"C172"},"E28":{"t":"P28A"},"E2C":{"t":"C150"},"E30":{"t":"PA20"},"E32":{"t":"C207"},"E34":{"t":"PA46"},"E39":{"t":"M20P"},"E3A":{"t":"M20P"},"E3C":{"t":"PA46"},"E43":{"t":"BE9T"},"E44":{"t":"UH12"},"E49":{"t":"C210"},"E4A":{"t":"P28A"},"E4B":{"t":"PA22"},"E4E":{"t":"C175"},"E4F":{"t":"C150"},"E50":{"t":"C150"},"E51":{"t":"J3"},"E53":{"t":"PA20"},"E55":{"desc":"L1P"},"E56":{"t":"M20P"},"E57":{"t":"PA24"},"E58":{"t":"BE19"},"E59":{"t":"T210"},"E5B":{"t":"P28A"},"E5C":{"t":"M20P"},"E6A":{"t":"J3"},"E6C":{"desc":"L1P"},"E6E":{"t":"B752"},"E70":{"desc":"L1P"},"E72":{"t":"E145"},"E73":{"t":"PC12"},"E81":{"t":"A319"},"E83":{"t":"SW4"},"E87":{"t":"R44"},"E88":{"desc":"L1P","t":"ULAC"},"E89":{"t":"SF34"},"E8A":{"t":"GLEX"},"E8B":{"t":"HUSK"},"E97":{"desc":"A1P","t":"ULAC"},"E98":{"desc":"G1P"},"E9F":{"t":"S108"},"EA0":{"t":"CRJ9"},"EA1":{"t":"BE36"},"EA2":{"t":"CL60"},"EA5":{"t":"J3"},"EA8":{"t":"C25B"},"EAD":{"desc":"L1P"},"EB8":{"desc":"L1P"},"EBA":{"t":"C77R"},"EBB":{"t":"C560"},"EC2":{"t":"PC12"},"EC3":{"desc":"L1P"},"EC4":{"t":"C182"},"EC9":{"desc":"L1P"},"ECC":{"desc":"L1P"},"ED1":{"t":"S108"},"EDD":{"t":"EC35"},"EE2":{"t":"C560"},"EEE":{"desc":"L1T"},"EEF":{"t":"A306"},"EF5":{"t":"P28A"},"F03":{"desc":"L1P"},"F04":{"t":"GLF6"},"F14":{"desc":"L1P"},"F1C":{"desc":"H1P"},"F35":{"t":"P28U"},"F37":{"desc":"L1P"},"F38":{"desc":"L1P"},"F3D":{"t":"B58T"},"F46":{"desc":"H1P"},"F4E":{"desc":"L1P"},"F5A":{"t":"C182"},"F63":{"desc":"L1P"},"F6F":{"t":"P28A"},"F71":{"desc":"H6E"},"F75":{"t":"GLID"},"F80":{"desc":"L1P"},"F81":{"t":"P32R"},"F91":{"t":"C207"},"F92":{"t":"BALL"},"FA3":{"t":"A320"},"FB2":{"desc":"L1P","t":"ULAC"},"FB3":{"desc":"H6E"},"FB6":{"t":"H500"},"FB8":{"desc":"L1P"},"FC3":{"t":"DA40"},"FC4":{"desc":"H6E"},"FCB":{"t":"BE35"},"FDC":{"t":"C68A"},"FE4":{"desc":"L1P","t":"ULAC"},"FE6":{"t":"BE35"},"FE7":{"t":"GLF5"},"FED":{"desc":"L1P"},"FF0":{"t":"S22T"},"FF2":{"t":"P28R"},"FF4":{"t":"H269"},"FF5":{"t":"BE60"}}