{"000":{"t":"BALL"},"002":{"t":"C340"},"003":{"t":"BALL"},"007":{"t":"BALL"},"00B":{"t":"BALL"},"00C":{"t":"BALL"},"00E":{"t":"PA22"},"011":{"t":"C150"},"012":{"t":"BALL"},"013":{"t":"P32R"},"014":{"t":"PA20"},"015":{"t":"C310"},"016":{"t":"C182"},"017":{"t":"BALL"},"018":{"t":"PA24"},"019":{"t":"BE24"},"01C":{"t":"BALL"},"01D":{"t":"BALL"},"01F":{"t":"P28A"},"020":{"desc":"L1J"},"021":{"t":"BALL"},"026":{"t":"BALL"},"028":{"t":"BALL"},"029":{"t":"BALL"},"02A":{"t":"BALL"},"02E":{"t":"C172"},"030":{"t":"BALL"},"031":{"t":"BALL"},"032":{"t":"C175"},"033":{"t":"C150"},"035":{"t":"J3"},"036":{"t":"P32R"},"037":{"desc":"L1P"},"038":{"t":"BALL"},"03B":{"t":"PA24"},"03C":{"t":"BE24"},"03D":{"t":"BALL"},"03E":{"t":"C150"},"041":{"t":"M20P"},"043":{"t":"C172"},"044":{"t":"BALL"},"045":{"t":"BALL"},"048":{"t":"C340"},"04B":{"t":"BALL"},"04E":{"t":"BALL"},"050":{"desc":"L1P"},"051":{"t":"C172"},"054":{"t":"PA22"},"055":{"t":"C175"},"056":{"t":"BALL"},"057":{"t":"C150"},"05A":{"t":"BALL"},"05B":{"t":"C310"},"05C":{"desc":"L1P"},"05D":{"t":"C185"},"060":{"t":"BALL"},"061":{"t":"C150"},"064":{"t":"C182"},"066":{"t":"C172"},"067":{"t":"PA27"},"06E":{"t":"C340"},"073":{"desc":"L1P"},"074":{"t":"C172"},"075":{"t":"PA22"},"076":{"desc":"L2P"},"078":{"t":"C175"},"07A":{"t":"C150"},"07C":{"t":"P28A"},"07D":{"t":"PA20"},"082":{"t":"BE24"},"083":{"t":"BE24"},"087":{"t":"M20P"},"08A":{"t":"PA27"},"094":{"t":"ST75"},"098":{"t":"PA22"},"09C":{"t":"C150"},"09F":{"t":"P28A"},"0A4":{"t":"PA24"},"0A5":{"t":"BE24"},"0AA":{"t":"M20P"},"0AF":{"t":"C310"},"0B0":{"t":"C310"},"0B1":{"t":"C310"},"0B2":{"t":"C310"},"0B4":{"t":"C310"},"0BC":{"t":"P28S"},"0BE":{"t":"C175"},"0C0":{"t":"C150"},"0C1":{"t":"C172"},"0C2":{"t":"P28A"},"0CA":{"t":"C150"},"0CC":{"t":"M20P"},"0CD":{"t":"M20P"},"0CE":{"t":"P28A"},"0D6":{"t":"C310"},"0DC":{"t":"GLID"},"0E4":{"t":"J3"},"0E7":{"t":"C310"},"0E8":{"t":"S108"},"0EA":{"t":"PA24"},"0F5":{"desc":"L1P"},"0FF":{"desc":"L1P"},"100":{"t":"P28A"},"105":{"t":"E145"},"106":{"desc":"L1P"},"107":{"t":"C172"},"10A":{"desc":"L1P"},"10B":{"t":"C172"},"10C":{"t":"B407"},"10D":{"t":"B752"},"110":{"desc":"L1P"},"114":{"t":"A321"},"11A":{"t":"R66"},"11B":{"t":"A139"},"11F":{"desc":"H4E"},"12A":{"desc":"G1P"},"12B":{"t":"BE33"},"134":{"t":"C77R"},"135":{"t":"S22T"},"140":{"desc":"L1P"},"144":{"t":"GLID"},"14D":{"desc":"L1P"},"152":{"t":"M7"},"155":{"desc":"L1P"},"156":{"t":"B752"},"15C":{"desc":"L1P"},"15D":{"t":"C414"},"160":{"t":"PA32"},"162":{"t":"M7"},"165":{"t":"C182"},"17A":{"desc":"L1T"},"17D":{"t":"BE35"},"184":{"desc":"L1P"},"188":{"t":"P28A"},"18E":{"t":"G150"},"197":{"t":"GLF6"},"19A":{"t":"GLF6"},"1A7":{"t":"M20P"},"1AB":{"desc":"L1P"},"1B2":{"t":"G280"},"1B3":{"desc":"L1P"},"1B8":{"t":"P28A"},"1BA":{"desc":"L1P","t":"ULAC"},"1BD":{"t":"EC20"},"1C0":{"t":"CL60"},"1C7":{"desc":"H4E"},"1C9":{"t":"PA27"},"1CD":{"desc":"L1P"},"1CF":{"t":"PA34"},"1D4":{"t":"F900"},"1E3":{"t":"S22T"},"1FC":{"t":"P28A"},"202":{"t":"P28A"},"214":{"t":"DV20"},"216":{"t":"BE33"},"217":{"t":"SR22"},"218":{"t":"AEST"},"21E":{"desc":"L1P"},"21F":{"t":"C182"},"223":{"t":"SF50"},"227":{"desc":"L1P"},"22A":{"t":"SF50"},"22C":{"desc":"L1P"},"22F":{"desc":"L1P","t":"ULAC"},"233":{"t":"PC12"},"236":{"t":"A320"},"239":{"desc":"L1P","t":"ULAC"},"23D":{"t":"C150"},"245":{"t":"PA24"},"246":{"desc":"H6E"},"247":{"desc":"L1P"},"24C":{"t":"SR22"},"255":{"t":"C205"},"26F":{"t":"C68A"},"277":{"t":"C172"},"279":{"t":"LJ60"},"27C":{"t":"T6"},"27E":{"t":"FA50"},"280":{"t":"PA18"},"281":{"desc":"L1P"},"285":{"desc":"L1P"},"286":{"t":"WW24"},"287":{"t":"ULAC"},"289":{"desc":"L1P"},"28B":{"desc":"L1P"},"28E":{"desc":"H1P"},"291":{"t":"C182"},"292":{"t":"F2TH"},"293":{"t":"C310"},"297":{"t":"PA31"},"298":{"desc":"L1P"},"29C":{"t":"PA18"},"29E":{"t":"BL8"},"2A2":{"t":"B407"},"2AA":{"desc":"L2J"},"2AB":{"desc":"L1P"},"2BA":{"t":"LJ60"},"2C2":{"t":"GLID"},"2CF":{"desc":"H4E"},"2DC":{"desc":"L1P"},"2DD":{"t":"BALL"},"2E0":{"desc":"L1P"},"2E9":{"t":"C550"},"2EA":{"desc":"H4E"},"2F4":{"desc":"L1P"},"2FB":{"desc":"L1P"},"2FC":{"t":"BE36"},"2FF":{"t":"R44"},"300":{"t":"T6"},"306":{"desc":"H1P"},"30D":{"desc":"L1P"},"323":{"desc":"H1T","t":"B505"},"326":{"t":"G164"},"330":{"desc":"L1P"},"33F":{"desc":"H1P"},"343":{"desc":"H4E"},"358":{"t":"R44"},"35E":{"t":"C150"},"360":{"t":"C172"},"361":{"t":"PA32"},"362":{"t":"PA20"},"364":{"t":"S108"},"36B":{"t":"M20P"},"372":{"desc":"L1P"},"375":{"t":"C310"},"376":{"t":"VALI"},"37C":{"t":"C172"},"37D":{"t":"PA22"},"37F":{"desc":"L1P"},"384":{"t":"P32R"},"387":{"t":"S108"},"38A":{"t":"BE19"},"38E":{"t":"M20P"},"38F":{"t":"M20P"},"390":{"t":"P28A"},"391":{"t":"C172"},"394":{"t":"C310"},"39E":{"desc":"H1P"},"39F":{"t":"C172"},"3A1":{"t":"B06"},"3A4":{"t":"C150"},"3A5":{"t":"C150"},"3A7":{"t":"P28A"},"3A8":{"t":"PA20"},"3A9":{"t":"C310"},"3AA":{"t":"C182"},"3AC":{"t":"PA24"},"3AE":{"t":"S64"},"3AF":{"t":"PA46"},"3B1":{"t":"M20P"},"3B2":{"t":"M20P"},"3B3":{"t":"P28A"},"3B4":{"t":"C172"},"3B7":{"t":"ST75"},"3B9":{"t":"C310"},"3BA":{"t":"ST75"},"3BD":{"t":"ST75"},"3C2":{"t":"C172"},"3C5":{"t":"PA18"},"3CA":{"t":"P28A"},"3CD":{"t":"C182"},"3D0":{"t":"BE24"},"3D5":{"t":"M20P"},"3D6":{"t":"P28A"},"3E5":{"t":"C172"},"3EC":{"t":"C172"},"3EE":{"t":"G164"},"3EF":{"t":"C310"},"3F2":{"t":"PA24"},"3F3":{"t":"BE24"},"3F4":{"desc":"L1P","t":"ULAC"},"3F6":{"t":"C310"},"3F7":{"t":"M20P"},"3F8":{"t":"M20P"},"3F9":{"t":"P28A"},"3FE":{"t":"P28A"},"403":{"t":"C310"},"405":{"t":"C310"},"40B":{"t":"PA18"},"40D":{"t":"C150"},"410":{"t":"P28A"},"415":{"t":"PA24"},"418":{"t":"C150"},"41C":{"t":"P28A"},"422":{"t":"ST75"},"424":{"t":"ST75"},"425":{"t":"ST75"},"426":{"t":"ST75"},"427":{"t":"C310"},"428":{"t":"C310"},"42A":{"desc":"L1P"},"42D":{"t":"P28A"},"42F":{"t":"C175"},"431":{"t":"C150"},"433":{"t":"P28A"},"434":{"t":"G164"},"436":{"t":"S108"},"43A":{"t":"BE23"},"43B":{"t":"C150"},"43D":{"t":"M20P"},"43E":{"t":"M20P"},"43F":{"t":"P28A"},"446":{"t":"C310"},"448":{"t":"C310"},"44F":{"t":"C210"},"450":{"t":"P28A"},"451":{"t":"PA18"},"452":{"t":"C175"},"454":{"t":"C150"},"457":{"t":"PA20"},"45A":{"t":"T210"},"45D":{"t":"BE23"},"460":{"t":"M20P"},"461":{"t":"M20P"},"462":{"t":"P28A"},"466":{"t":"C310"},"469":{"t":"C310"},"470":{"desc":"L1P"},"471":{"t":"AS50"},"475":{"t":"C175"},"47C":{"t":"S108"},"47E":{"t":"PA24"},"481":{"t":"C150"},"483":{"t":"M20P"},"484":{"t":"M20P"},"485":{"t":"P28A"},"486":{"t":"C172"},"488":{"t":"C185"},"493":{"desc":"L1P"},"495":{"desc":"L1P"},"497":{"t":"BALL"},"498":{"desc":"L1P","t":"ULAC"},"499":{"t":"C150"},"49A":{"t":"BALL"},"49B":{"t":"PA18"},"49E":{"t":"C310"},"49F":{"t":"S108"},"4A0":{"t":"J3"},"4A1":{"t":"PA24"},"4A2":{"t":"BE24"},"4A3":{"t":"M20T"},"4A6":{"t":"M20P"},"4A7":{"t":"P28A"},"4A8":{"t":"P28A"},"4AA":{"t":"T210"},"4AB":{"t":"H500"},"4AF":{"desc":"L1P"},"4B0":{"t":"C310"},"4B1":{"t":"VALI"},"4B2":{"t":"ST75"},"4B5":{"t":"C310"},"4B6":{"desc":"L1P"},"4B7":{"t":"GLF5"},"4B9":{"t":"E145"},"4C3":{"t":"B407"},"4C4":{"t":"B752"},"4C8":{"t":"E55P"},"4CD":{"t":"SW4"},"4D4":{"desc":"L1P"},"4D9":{"t":"DC93"},"4E9":{"t":"SR22"},"4EA":{"t":"P28A"},"4EB":{"t":"SR22"},"4EC":{"t":"G280"},"4F0":{"desc":"H6E"},"4F5":{"t":"CL30"},"4F7":{"t":"C172"},"505":{"t":"SF50"},"508":{"t":"PA46"},"50A":{"desc":"L1P"},"50D":{"t":"B752"},"513":{"t":"T6"},"51E":{"t":"C56X"},"520":{"t":"E145"},"521":{"t":"T206"},"537":{"t":"CH7A"},"53F":{"t":"C172"},"546":{"t":"P28R"},"54E":{"t":"GLF6"},"57F":{"desc":"L1P","t":"ULAC"},"580":{"t":"AT5T"},"581":{"t":"PA34"},"590":{"t":"ULAC"},"598":{"desc":"L1P"},"599":{"desc":"L1P","t":"ULAC"},"5A1":{"t":"BE36"},"5B3":{"t":"P28T"},"5B8":{"desc":"H4E"},"5B9":{"t":"P28A"},"5CA":{"desc":"L1P"},"5CB":{"t":"B06"},"5D2":{"t":"GLID"},"5D6":{"t":"PA46"},"5E7":{"t":"PA44"},"5ED":{"t":"A320"},"5FC":{"t":"BE20"},"602":{"t":"GLF5"},"611":{"desc":"H4E"},"626":{"t":"C68A"},"62E":{"t":"AC11"},"630":{"desc":"L1P"},"635":{"desc":"L1P"},"63A":{"t":"R44"},"647":{"desc":"L1P"},"64A":{"desc":"L1P","t":"ULAC"},"64B":{"t":"C56X"},"64F":{"desc":"L1P"},"655":{"t":"M20T"},"657":{"t":"SR22"},"65A":{"t":"R44"},"660":{"t":"BE50"},"661":{"desc":"L2J"},"663":{"t":"ULAC"},"679":{"t":"GLID"},"68A":{"t":"SBR1"},"692":{"t":"BE33"},"6B3":{"t":"PA31"},"6BC":{"desc":"H8E"},"6C0":{"t":"UH1"},"6DE":{"t":"P28A"},"6F6":{"t":"GLID"},"70F":{"desc":"L1P"},"710":{"t":"C172"},"711":{"t":"PA18"},"716":{"t":"C150"},"717":{"t":"C172"},"71A":{"t":"C310"},"71C":{"t":"T210"},"71E":{"t":"BE19"},"722":{"t":"M20P"},"725":{"t":"C172"},"726":{"t":"PA27"},"727":{"t":"PA25"},"72C":{"t":"C310"},"72E":{"t":"ST75"},"730":{"t":"C310"},"732":{"t":"S22T"},"735":{"t":"T6"},"736":{"t":"PA18"},"737":{"t":"C175"},"738":{"t":"C150"},"739":{"t":"C150"},"73B":{"t":"P28A"},"73C":{"t":"PA20"},"73D":{"t":"C310"},"741":{"t":"BE19"},"743":{"t":"C150"},"744":{"desc":"L1P"},"745":{"t":"M20P"},"746":{"t":"M20P"},"747":{"t":"P28A"},"749":{"t":"PA27"},"75A":{"t":"C175"},"75B":{"t":"C150"},"75D":{"t":"J3"},"75E":{"t":"P28A"},"75F":{"t":"PA20"},"762":{"t":"T210"},"765":{"t":"BE24"},"768":{"t":"M20P"},"76A":{"t":"P28A"},"76E":{"t":"GLID"},"76F":{"desc":"L1P"},"771":{"t":"C310"},"776":{"t":"C310"},"777":{"t":"C310"},"778":{"desc":"L1P"},"779":{"t":"C172"},"77F":{"t":"C150"},"780":{"t":"C172"},"781":{"t":"P28R"},"782":{"t":"PA20"},"78E":{"t":"C172"},"793":{"desc":"L1P"},"79B":{"t":"WACO"},"79C":{"t":"AS50"},"79D":{"t":"PA18"},"7A0":{"t":"C175"},"7A3":{"t":"C172"},"7A7":{"t":"S108"},"7A9":{"t":"PA24"},"7AB":{"t":"BE23"},"7AF":{"t":"M20P"},"7B0":{"t":"P28A"},"7B7":{"t":"C310"},"7B8":{"t":"C310"},"7B9":{"desc":"L1P"},"7C1":{"t":"T6"},"7C5":{"t":"C150"},"7C6":{"t":"C172"},"7CD":{"t":"BE24"},"7D1":{"t":"M20P"},"7D2":{"t":"M20P"},"7DB":{"t":"C310"},"7DF":{"t":"ST75"},"7E7":{"t":"C150"},"7EB":{"t":"G164"},"7EE":{"t":"T210"},"7F0":{"t":"BE24"},"7F2":{"t":"C150"},"7F4":{"t":"M20P"},"7F6":{"t":"P28A"},"7FE":{"t":"ST75"},"7FF":{"t":"ST75"},"805":{"t":"AS50"},"806":{"t":"T210"},"80A":{"t":"C150"},"811":{"t":"T210"},"813":{"t":"BE19"},"814":{"t":"BE23"},"817":{"t":"M20P"},"81A":{"t":"C172"},"822":{"desc":"L1P"},"827":{"desc":"L1P"},"828":{"t":"C172"},"829":{"t":"PA18"},"82A":{"desc":"L1P"},"82C":{"t":"C175"},"82E":{"t":"C150"},"831":{"t":"PA20"},"835":{"t":"PA24"},"837":{"t":"BE24"},"83A":{"t":"M20P"},"84B":{"t":"C172"},"84C":{"t":"C210"},"84D":{"t":"T6"},"84E":{"t":"PA18"},"851":{"t":"C150"},"852":{"t":"C172"},"853":{"t":"P28A"},"855":{"t":"C310"},"857":{"t":"T210"},"859":{"t":"BE19"},"85A":{"t":"S64"},"85D":{"t":"M20P"},"85F":{"t":"P28A"},"860":{"t":"C172"},"862":{"t":"UH1"},"86A":{"t":"C310"},"871":{"t":"BE55"},"873":{"t":"M20T"},"874":{"t":"SW4"},"880":{"t":"P46T"},"88A":{"t":"R44"},"898":{"desc":"L1P"},"8A0":{"t":"M20P"},"8A1":{"t":"AC11"},"8A2":{"t":"E145"},"8A7":{"desc":"H6E"},"8A8":{"desc":"L1P"},"8AE":{"t":"AA5"},"8BA":{"desc":"A1T","t":"KODI"},"8C3":{"t":"L8"},"8C4":{"t":"B752"},"8C9":{"t":"C421"},"8DB":{"desc":"L1P"},"8E3":{"t":"SR22"},"8F6":{"t":"P28A"},"905":{"t":"GLF6"},"91D":{"t":"PA27"},"936":{"desc":"L1P","t":"ULAC"},"937":{"t":"C172"},"948":{"t":"C550"},"970":{"desc":"L1P"},"981":{"t":"EN28"},"982":{"t":"P32R"},"984":{"t":"C182"},"997":{"t":"S22T"},"99A":{"desc":"L1P"},"9A1":{"t":"PC12"},"9A4":{"t":"A320"},"9B3":{"t":"ULAC"},"9B4":{"t":"GLID"},"9BF":{"t":"M20P"},"9C5":{"t":"C550"},"9DD":{"t":"C56X"},"9E5":{"desc":"L2P"},"9E6":{"desc":"L1P"},"9F5":{"t":"BALL"},"9F6":{"t":"CL60"},"9FE":{"desc":"L1P"},"A06":{"desc":"H1P"},"A09":{"t":"SR20"},"A0C":{"t":"C172"},"A17":{"t":"TWEN"},"A18":{"desc":"L2J"},"A21":{"desc":"L1P"},"A49":{"t":"A139"},"A5E":{"t":"PA31"},"A62":{"desc":"L1T"},"A63":{"desc":"L1T","t":"M600"},"AC2":{"t":"BALL"},"AC7":{"desc":"L2P"},"AC8":{"t":"BE36"},"AC9":{"t":"T6"},"ACC":{"t":"C150"},"ACD":{"t":"C150"},"ACE":{"t":"J3"},"ACF":{"t":"P28A"},"AD2":{"t":"T210"},"AD5":{"t":"BE19"},"AD6":{"t":"BE24"},"AD8":{"t":"C310"},"AD9":{"t":"M20P"},"ADA":{"t":"M20P"},"ADC":{"t":"C172"},"AE3":{"t":"B739"},"AE5":{"t":"B739"},"AEA":{"t":"AS50"},"AEB":{"t":"PA18"},"AEE":{"t":"C175"},"AF1":{"t":"C172"},"AF7":{"t":"PA24"},"AFA":{"t":"C150"},"AFE":{"t":"P28A"},"AFF":{"t":"C172"},"B02":{"t":"B739"},"B05":{"t":"B739"},"B06":{"t":"C182"},"B08":{"t":"B739"},"B0A":{"t":"B739"},"B0B":{"t":"B739"},"B12":{"t":"P28A"},"B13":{"t":"C150"},"B18":{"t":"S108"},"B1A":{"t":"PA24"},"B1F":{"t":"M20P"},"B20":{"t":"M20P"},"B21":{"t":"P28A"},"B24":{"t":"PA25"},"B27":{"desc":"L1P"},"B29":{"t":"B739"},"B2B":{"t":"B739"},"B2E":{"t":"B739"},"B31":{"t":"PA18"},"B33":{"t":"PA18"},"B34":{"t":"C175"},"B36":{"t":"C150"},"B37":{"t":"C172"},"B38":{"t":"P28R"},"B3B":{"t":"S108"},"B3D":{"t":"PA24"},"B44":{"t":"P28A"},"B45":{"t":"C172"},"B48":{"t":"B739"},"B49":{"t":"C310"},"B4B":{"t":"B739"},"B4D":{"t":"B739"},"B50":{"t":"B739"},"B51":{"t":"B739"},"B54":{"t":"PA18"},"B55":{"t":"T6"},"B56":{"desc":"L1P"},"B5C":{"t":"PA20"},"B60":{"t":"PA24"},"B66":{"t":"M20P"},"B68":{"t":"C172"},"B6B":{"t":"B739"},"B6D":{"t":"C310"},"B71":{"t":"C310"},"B72":{"t":"B739"},"B73":{"t":"C310"},"B76":{"t":"C172"},"B79":{"t":"PA18"},"B7A":{"t":"C175"},"B7C":{"t":"C150"},"B7E":{"t":"PA34"},"B83":{"t":"PA24"},"B84":{"t":"BE23"},"B85":{"t":"BE24"},"B8B":{"t":"C172"},"B94":{"desc":"L1P"},"B99":{"t":"C172"},"BA0":{"t":"J3"},"BA4":{"t":"S108"},"BA7":{"t":"BE24"},"BA9":{"t":"C150"},"BAA":{"t":"C310"},"BAB":{"t":"M20P"},"BAE":{"t":"C172"},"BB7":{"t":"ST75"},"BBC":{"t":"AS50"},"BBD":{"t":"PA18"},"BBF":{"t":"PA18"},"BC1":{"t":"C150"},"BC3":{"t":"J3"},"BC4":{"t":"P28A"},"BC7":{"t":"S108"},"BCA":{"t":"BE19"},"BCB":{"t":"BE19"},"BCC":{"t":"C150"},"BCE":{"desc":"A2P"},"BCF":{"t":"M20P"},"BD2":{"t":"PA27"},"BD8":{"desc":"L1P"},"BD9":{"t":"B06"},"BDF":{"t":"C172"},"BE4":{"t":"C150"},"BE7":{"t":"P28A"},"BE9":{"t":"C310"},"BEC":{"t":"PA24"},"BF0":{"t":"C310"},"BF1":{"t":"M20P"},"BF2":{"t":"M20P"},"BF3":{"t":"P28A"},"BF4":{"t":"C172"},"BF8":{"t":"ST75"},"BFC":{"t":"B739"},"BFE":{"desc":"L1P"},"BFF":{"t":"B739"},"C03":{"t":"PA18"},"C0B":{"t":"PA20"},"C0D":{"t":"C182"},"C10":{"t":"BE23"},"C11":{"t":"BE24"},"C15":{"t":"M20P"},"C16":{"t":"P28A"},"C1C":{"desc":"L1P"},"C24":{"t":"T28"},"C25":{"t":"PA22"},"C28":{"t":"ULAC"},"C2A":{"t":"E145"},"C2F":{"t":"HUSK"},"C35":{"t":"SF50"},"C37":{"t":"RV12"},"C39":{"desc":"L1P"},"C3E":{"desc":"L1P"},"C3F":{"t":"L39"},"C40":{"t":"B58T"},"C41":{"t":"B06"},"C45":{"t":"F900"},"C4E":{"t":"CRJ2"},"C53":{"t":"BE20"},"C58":{"t":"P212"},"C59":{"t":"C182"},"C5A":{"t":"BE9L"},"C5B":{"t":"SR22"},"C5D":{"t":"B407"},"C60":{"t":"C525"},"C65":{"t":"C182"},"C69":{"t":"T210"},"C6F":{"desc":"L2T"},"C72":{"t":"GALX"},"C75":{"desc":"A1P"},"C76":{"t":"BALL"},"C7A":{"t":"BE24"},"C7B":{"t":"B752"},"C7C":{"t":"CH7B"},"C7E":{"desc":"L1P"},"C81":{"t":"PA20"},"C85":{"t":"P28A"},"C8E":{"t":"T210"},"CAD":{"t":"P28A"},"CBF":{"t":"GLF6"},"CC2":{"t":"LJ31"},"CCC":{"t":"BE35"},"CCD":{"t":"BALL"},"CD6":{"t":"B350"},"CDC":{"t":"GLF4"},"CED":{"desc":"L1P","t":"ULAC"},"CEF":{"desc":"L1P"},"CF4":{"t":"C182"},"CF5":{"t":"C337"},"CFB":{"desc":"L1P"},"CFE":{"t":"C421"},"D06":{"t":"WACO"},"D12":{"desc":"L2T"},"D16":{"t":"GLF5"},"D20":{"t":"PC12"},"D22":{"t":"H269"},"D26":{"t":"P28A"},"D27":{"t":"P28A"},"D2D":{"t":"C172"},"D30":{"desc":"L1P","t":"ULAC"},"D38":{"desc":"L1P"},"D39":{"t":"C240"},"D3B":{"t":"F900"},"D3C":{"t":"PA46"},"D3F":{"t":"C750"},"D44":{"t":"C550"},"D49":{"desc":"L1P","t":"TB0"},"D4F":{"desc":"H4E"},"D51":{"desc":"L1P"},"D6C":{"t":"CL30"},"D70":{"t":"S22T"},"D71":{"desc":"L1T","t":"PA46"},"D7B":{"t":"BE58"},"D7E":{"t":"C208"},"D7F":{"t":"GLID"},"D94":{"t":"C68A"},"D9C":{"desc":"L1P"},"D9D":{"t":"ST75"},"D9E":{"t":"P28B"},"DA4":{"desc":"H1T"},"DA6":{"desc":"L2T"},"DB0":{"desc":"L1P"},"DB5":{"desc":"L1P"},"DB6":{"desc":"L1T"},"DB7":{"t":"AC90"},"DB9":{"desc":"L1P"},"DBA":{"desc":"L1P"},"DC3":{"t":"P32R"},"DC7":{"t":"CL60"},"DC8":{"desc":"L1P"},"DCF":{"desc":"L2J"},"DD0":{"t":"PA46"},"DD5":{"t":"C414"},"DD6":{"t":"B06"},"DD8":{"t":"AR15"},"DD9":{"t":"LJ60"},"DDC":{"t":"BE30"},"DE0":{"t":"C240"},"DE3":{"t":"FA20"},"DE4":{"desc":"L1P"},"DE7":{"t":"GLID"},"DE8":{"t":"DH8D"},"E19":{"desc":"L1P"},"E21":{"t":"BALL"},"E27":{"desc":"L1P"},"E2E":{"t":"C210"},"E32":{"desc":"L1P"},"E3E":{"t":"C182"},"E40":{"t":"H25B"},"E63":{"t":"SR20"},"E64":{"desc":"L1P"},"E7D":{"t":"DA40"},"E7F":{"t":"PA18"},"E81":{"t":"PA18"},"E83":{"t":"C150"},"E8D":{"desc":"L1P","t":"ULAC"},"E91":{"t":"M20P"},"E92":{"t":"P28A"},"E94":{"t":"C210"},"E95":{"t":"PA25"},"EA0":{"desc":"H8E"},"EA5":{"t":"C175"},"EA6":{"t":"C150"},"EA7":{"t":"C150"},"EA8":{"t":"C172"},"EA9":{"t":"PA32"},"EAA":{"t":"PA20"},"EB3":{"t":"M20P"},"EB5":{"t":"P28A"},"EB6":{"desc":"L1P","t":"ULAC"},"EBE":{"t":"VALI"},"EC8":{"t":"C175"},"EC9":{"t":"C150"},"ECA":{"t":"C150"},"ECD":{"t":"PA20"},"ED3":{"t":"BE24"},"ED9":{"t":"C172"},"EDB":{"t":"PA25"},"EE7":{"t":"C172"},"EE8":{"t":"PA18"},"EEB":{"t":"C175"},"EEC":{"t":"C150"},"EEF":{"t":"P28A"},"EF0":{"t":"PA20"},"EF3":{"t":"T210"},"EF9":{"t":"M20P"},"EFA":{"t":"C150"},"F03":{"t":"ST75"},"F06":{"t":"C310"},"F07":{"t":"C310"},"F0A":{"t":"C172"},"F0F":{"t":"C150"},"F11":{"t":"C185"},"F12":{"t":"P28A"},"F13":{"t":"PA20"},"F14":{"t":"C310"},"F15":{"t":"C206"},"F17":{"t":"PA24"},"F18":{"t":"BE23"},"F1C":{"t":"M20P"},"F1D":{"t":"M20P"},"F1E":{"t":"P28A"},"F1F":{"t":"C172"},"F24":{"t":"C310"},"F2E":{"t":"PA18"},"F2F":{"t":"P28R"},"F30":{"t":"PA18"},"F31":{"t":"C175"},"F34":{"t":"J3"},"F36":{"t":"PA20"},"F37":{"t":"C310"},"F3C":{"t":"BE23"},"F3D":{"t":"C150"},"F3E":{"t":"C310"},"F40":{"t":"M20P"},"F42":{"t":"C172"},"F46":{"t":"C310"},"F50":{"t":"PA27"},"F51":{"t":"PA18"},"F53":{"t":"PA18"},"F57":{"t":"C172"},"F5C":{"t":"O1"},"F5D":{"t":"PA24"},"F62":{"t":"M20P"},"F64":{"t":"P28A"},"F70":{"t":"CH7A"},"F71":{"desc":"L1P"},"F72":{"desc":"L1P"},"F73":{"t":"C172"},"F76":{"t":"PA18"},"F77":{"t":"C175"},"F78":{"t":"C150"},"F7A":{"t":"J3"},"F7B":{"t":"P28A"},"F7D":{"t":"C310"},"F82":{"t":"BE23"},"F85":{"t":"M20P"},"F86":{"t":"M20P"},"F87":{"t":"P28A"},"F8D":{"desc":"L4P"},"F8E":{"desc":"L1P"},"F92":{"t":"C310"},"F95":{"t":"GLID"},"F96":{"t":"C172"},"F97":{"t":"PA18"},"F9C":{"t":"C150"},"F9E":{"t":"P28A"},"FA1":{"t":"S108"},"FA2":{"t":"P28R"},"FA3":{"t":"PA24"},"FA6":{"t":"C150"},"FA8":{"desc":"H4E"},"FAA":{"t":"P28A"},"FAF":{"desc":"L1P"},"FB1":{"t":"C310"},"FB2":{"desc":"L1P"},"FB3":{"desc":"L1P"},"FB5":{"t":"VALI"},"FB7":{"desc":"L1P"},"FB8":{"t":"PA18"},"FB9":{"t":"C172"},"FBA":{"t":"PA22"},"FBC":{"t":"M20P"},"FBD":{"t":"C175"},"FBE":{"t":"C150"},"FC1":{"t":"P28R"},"FC2":{"t":"PA20"},"FC4":{"t":"C182"},"FC5":{"t":"BE35"},"FC7":{"t":"BE23"},"FC8":{"t":"C172"},"FCB":{"t":"M20P"},"FCC":{"t":"PA18"},"FCD":{"t":"P28A"},"FD2":{"t":"ST75"},"FD4":{"desc":"L1P"},"FD6":{"t":"C182"},"FD7":{"desc":"L1P"},"FD8":{"t":"PA18"},"FDC":{"t":"C170"},"FDD":{"t":"C150"},"FDE":{"t":"C650"},"FDF":{"desc":"L2P"},"FE0":{"t":"A109"},"FE1":{"t":"C320"},"FE2":{"t":"C172"},"FE3":{"t":"PC24"},"FE5":{"t":"AS50"},"FE6":{"desc":"L1P"},"FE7":{"t":"T210"},"FE8":{"t":"C182"},"FEA":{"t":"DC3"},"FEC":{"t":"B47G"},"FED":{"t":"BE33"},"FF0":{"t":"SR22"},"FF1":{"t":"BE35"},"FF4":{"t":"PA27"},"FF5":{"desc":"L1P"},"FF7":{"t":"BE60"},"FF9":{"t":"F900"},"FFE":{"t":"NAVI"},"FFF":{"desc":"L1P"}}