{"006":{"t":"ST75"},"007":{"t":"C208"},"009":{"t":"BE35"},"00A":{"t":"BE35"},"00B":{"t":"C170"},"00D":{"t":"LJ35"},"00E":{"desc":"L1P"},"00F":{"t":"M20P"},"011":{"t":"C303"},"012":{"desc":"L1P"},"017":{"t":"AEST"},"018":{"t":"CH7B"},"01A":{"desc":"L1P"},"01B":{"desc":"L1P"},"01F":{"desc":"L1P"},"020":{"t":"B737"},"021":{"desc":"L1P"},"023":{"t":"AS50"},"026":{"t":"CL30"},"027":{"t":"A119"},"028":{"t":"B06"},"029":{"t":"CRJ7"},"02B":{"desc":"L1P"},"02C":{"t":"SF50"},"02D":{"t":"C421"},"02E":{"t":"GALX"},"02F":{"desc":"L1P"},"030":{"t":"BE10"},"033":{"desc":"L1P"},"035":{"desc":"L1P","t":"ULAC"},"038":{"t":"BE36"},"039":{"t":"P208"},"03A":{"desc":"H1T"},"03B":{"t":"TAYB"},"03C":{"t":"SR22"},"03D":{"t":"GLF4"},"03F":{"t":"E120"},"040":{"t":"SR22"},"043":{"t":"BE9L"},"046":{"t":"C421"},"049":{"t":"BE60"},"04A":{"t":"ULAC"},"04C":{"t":"GLID"},"04D":{"t":"B752"},"04E":{"desc":"L1P"},"05A":{"t":"C172"},"062":{"desc":"L1P"},"06C":{"t":"PA18"},"075":{"t":"B737"},"076":{"desc":"L2J"},"07C":{"t":"T206"},"07E":{"t":"GLF4"},"083":{"t":"C560"},"084":{"desc":"L1P"},"085":{"t":"F900"},"088":{"t":"GLF4"},"089":{"t":"C208"},"08A":{"t":"BE36"},"08C":{"t":"C206"},"08E":{"t":"BE58"},"08F":{"t":"CH7A"},"093":{"desc":"H2T"},"094":{"t":"BE55"},"095":{"t":"SR20"},"09A":{"t":"S22T"},"09C":{"t":"ST75"},"0A5":{"t":"C177"},"0AA":{"desc":"L1P"},"0CE":{"t":"BE36"},"0E8":{"t":"C550"},"0EA":{"t":"T6"},"0EB":{"t":"PA18"},"0EC":{"t":"C175"},"0ED":{"t":"C150"},"0EE":{"t":"C172"},"0F0":{"t":"AR11"},"0F5":{"t":"PA24"},"0F7":{"t":"P28A"},"0FA":{"t":"R66"},"0FB":{"t":"M20P"},"0FE":{"t":"PA30"},"0FF":{"desc":"L1P"},"103":{"t":"GLID"},"105":{"t":"J3"},"106":{"t":"BALL"},"10B":{"t":"C172"},"10C":{"t":"PA18"},"10D":{"t":"BALL"},"10E":{"t":"BE60"},"10F":{"t":"C175"},"111":{"t":"C172"},"113":{"desc":"L1P"},"115":{"t":"C310"},"116":{"t":"BALL"},"117":{"desc":"L1P","t":"ULAC"},"118":{"t":"PA24"},"11A":{"t":"P28A"},"11B":{"t":"BALL"},"11E":{"t":"J3"},"11F":{"t":"P28A"},"120":{"t":"T34P"},"121":{"t":"PA30"},"122":{"desc":"L1P"},"123":{"t":"C182"},"125":{"t":"C185"},"126":{"t":"C185"},"127":{"t":"PA18"},"128":{"t":"C208"},"12A":{"t":"J3"},"12B":{"desc":"L1P"},"12C":{"t":"EN28"},"12E":{"t":"C172"},"133":{"t":"C150"},"134":{"t":"C172"},"135":{"t":"J3"},"136":{"desc":"L1P"},"137":{"t":"PA20"},"138":{"desc":"L1P"},"139":{"t":"C175"},"13A":{"t":"BE35"},"13B":{"t":"PA24"},"13C":{"t":"C172"},"13E":{"t":"C150"},"13F":{"t":"C172"},"140":{"desc":"L1P"},"142":{"t":"P28A"},"145":{"desc":"L1P"},"147":{"t":"J3"},"148":{"desc":"L1P"},"149":{"desc":"L1P"},"14A":{"t":"BALL"},"14C":{"t":"ULAC"},"14F":{"t":"J3"},"152":{"t":"PA18"},"155":{"t":"C175"},"156":{"t":"C150"},"157":{"t":"C172"},"158":{"t":"J3"},"159":{"desc":"L1P"},"15A":{"t":"C172"},"15D":{"t":"BE35"},"15E":{"t":"PA24"},"15F":{"desc":"L1P"},"160":{"t":"P28A"},"161":{"t":"C182"},"162":{"t":"R44"},"163":{"t":"R22"},"164":{"t":"M20P"},"165":{"t":"P28A"},"166":{"desc":"L2P"},"167":{"t":"R22"},"168":{"t":"PA25"},"16B":{"t":"L13M"},"16F":{"t":"J3"},"171":{"t":"J3"},"172":{"t":"C152"},"174":{"t":"C172"},"176":{"desc":"H1P"},"17B":{"t":"J3"},"17D":{"t":"PA20"},"17E":{"t":"YK52"},"182":{"t":"C180"},"183":{"t":"P28A"},"184":{"t":"C150"},"185":{"t":"C172"},"187":{"t":"M20P"},"18A":{"t":"PA30"},"18B":{"t":"C172"},"18C":{"t":"C182"},"18D":{"t":"L13M"},"18F":{"t":"T28"},"190":{"t":"J3"},"191":{"t":"J3"},"197":{"t":"C172"},"198":{"desc":"L1P"},"199":{"desc":"L1P"},"19A":{"t":"R66"},"19C":{"t":"C150"},"19D":{"t":"C172"},"19E":{"t":"J3"},"1A0":{"t":"GLID"},"1A2":{"t":"C175"},"1A3":{"t":"BE35"},"1A5":{"t":"C172"},"1A6":{"t":"P28A"},"1A8":{"t":"R66"},"1A9":{"desc":"L1J"},"1AB":{"desc":"L1P"},"1AC":{"desc":"L1J"},"1AE":{"desc":"L1P"},"1AF":{"t":"ULAC"},"1B0":{"desc":"L1J"},"1B1":{"t":"J3"},"1B3":{"t":"J3"},"1B8":{"desc":"L1P"},"1BD":{"t":"BALL"},"1C2":{"desc":"L1P"},"1C4":{"desc":"L1P"},"1C6":{"desc":"L1P"},"1C7":{"t":"PA24"},"1C8":{"t":"C172"},"1C9":{"t":"BALL"},"1CA":{"t":"C150"},"1CB":{"t":"C172"},"1CC":{"t":"BALL"},"1CD":{"desc":"L1P"},"1D2":{"t":"J3"},"1D3":{"t":"J3"},"1D5":{"t":"J3"},"1DA":{"t":"J3"},"1DB":{"t":"J3"},"1DD":{"desc":"H1P"},"1DE":{"desc":"L1P","t":"ULAC"},"1DF":{"t":"T6"},"1E0":{"t":"PA18"},"1E3":{"desc":"L1P"},"1E5":{"desc":"L1P"},"1E7":{"t":"C310"},"1EB":{"t":"R66"},"1F0":{"t":"M20P"},"1F1":{"t":"P28A"},"1F5":{"desc":"L1P"},"1F6":{"t":"C182"},"1F7":{"t":"J3"},"1F8":{"desc":"L1P"},"1FC":{"t":"J3"},"1FD":{"t":"C182"},"1FE":{"desc":"L1P"},"201":{"t":"R66"},"202":{"t":"T6"},"203":{"t":"PA18"},"205":{"desc":"A1P"},"207":{"t":"J3"},"208":{"t":"U21"},"20A":{"t":"U21"},"20C":{"t":"BALL"},"210":{"t":"BALL"},"212":{"desc":"L1P"},"215":{"t":"R66"},"216":{"t":"R44"},"218":{"t":"J3"},"21A":{"t":"J3"},"21C":{"t":"BALL"},"21F":{"t":"J3"},"220":{"t":"C180"},"223":{"t":"C172"},"226":{"t":"BE60"},"228":{"t":"C404"},"229":{"desc":"L2P"},"22A":{"t":"J3"},"22C":{"t":"H500"},"22E":{"t":"C175"},"232":{"t":"P28A"},"233":{"t":"U21"},"236":{"t":"M20P"},"23C":{"t":"ULAC"},"23F":{"t":"J3"},"241":{"t":"GLID"},"243":{"desc":"L1P"},"244":{"t":"GLID"},"245":{"desc":"A1T","t":"KODI"},"247":{"t":"B722"},"250":{"t":"ASTO"},"252":{"desc":"A1P"},"258":{"t":"SR20"},"25B":{"t":"T6"},"25C":{"t":"B762"},"262":{"t":"M20T"},"263":{"desc":"L1P"},"266":{"t":"C680"},"26A":{"t":"DA40"},"278":{"desc":"A2P"},"27B":{"t":"C150"},"27E":{"t":"CL30"},"27F":{"t":"TBM7"},"281":{"desc":"L1P","t":"ULAC"},"282":{"t":"B744"},"284":{"desc":"L1P"},"286":{"t":"SR22"},"28A":{"t":"SR22"},"291":{"t":"BE35"},"292":{"t":"B734"},"293":{"t":"GLF6"},"294":{"t":"B350"},"298":{"t":"BE9L"},"29D":{"t":"BALL"},"29E":{"t":"B772"},"2B0":{"t":"TBM7"},"2BB":{"t":"SR22"},"2BE":{"t":"CRJ7"},"2C3":{"t":"HUSK"},"2C8":{"desc":"L2T"},"2CF":{"desc":"L1P"},"2D0":{"t":"BALL"},"2D1":{"desc":"L1P","t":"ULAC"},"2D3":{"t":"A321"},"2D9":{"desc":"L2T"},"2DD":{"desc":"L2J","t":"GA7C"},"2DE":{"desc":"L1P","t":"ULAC"},"2DF":{"desc":"L1P"},"2EE":{"desc":"L2J"},"2FF":{"t":"C170"},"303":{"t":"AS50"},"308":{"desc":"L1P"},"30E":{"desc":"L1P"},"310":{"t":"A320"},"311":{"desc":"L1P"},"316":{"t":"GLF5"},"31C":{"t":"TBM7"},"31E":{"t":"C560"},"31F":{"desc":"L1P"},"328":{"desc":"L1T"},"32F":{"t":"B25"},"33C":{"t":"B763"},"351":{"desc":"L1P"},"353":{"t":"C172"},"359":{"t":"C56X"},"35A":{"t":"BE58"},"35B":{"t":"B738"},"36B":{"t":"C180"},"375":{"t":"C310"},"37C":{"desc":"L2J","t":"A21N"},"38C":{"desc":"L1P"},"38E":{"t":"AC95"},"38F":{"t":"AS50"},"394":{"t":"M20T"},"39B":{"t":"A139"},"39C":{"t":"CRJ7"},"39E":{"desc":"H4E"},"39F":{"desc":"L2T"},"3A4":{"t":"CL30"},"3BE":{"t":"C208"},"3C0":{"desc":"H4E"},"3C2":{"t":"PC12"},"3C7":{"t":"B350"},"3CD":{"t":"BALL"},"3D1":{"desc":"L1P"},"3D2":{"t":"SR22"},"3D6":{"t":"B735"},"3D7":{"t":"PAY1"},"3D9":{"desc":"L1P","t":"ULAC"},"3DA":{"t":"AS50"},"3DE":{"t":"AS50"},"3E0":{"t":"CRJ7"},"3E2":{"desc":"H4E"},"3E4":{"t":"LJ45"},"3EA":{"desc":"L2T"},"3EF":{"t":"TNAV"},"3F1":{"desc":"L1P","t":"TB0"},"3F4":{"t":"C172"},"3F7":{"t":"T206"},"3FB":{"t":"RV12"},"400":{"desc":"H4E"},"401":{"t":"GLEX"},"419":{"t":"C56X"},"41A":{"t":"B350"},"41D":{"t":"A319"},"42C":{"t":"B737"},"43A":{"t":"BE36"},"43D":{"desc":"L1P"},"442":{"t":"BE20"},"453":{"desc":"L1P"},"46C":{"t":"BE95"},"496":{"desc":"H4E"},"49F":{"t":"C172"},"4A3":{"t":"C175"},"4A6":{"t":"J3"},"4A8":{"desc":"L1P"},"4AA":{"t":"C175"},"4AC":{"t":"PA24"},"4AD":{"t":"C172"},"4B0":{"t":"C172"},"4B1":{"t":"BALL"},"4B3":{"t":"BALL"},"4B4":{"t":"BALL"},"4B5":{"desc":"L1P"},"4B7":{"t":"C182"},"4B9":{"t":"C182"},"4BB":{"t":"C182"},"4C0":{"t":"C182"},"4C2":{"t":"C172"},"4C3":{"desc":"L1P"},"4C6":{"t":"C175"},"4C7":{"t":"C150"},"4C9":{"t":"PA32"},"4CA":{"t":"CH7B"},"4CB":{"desc":"L1P"},"4CD":{"t":"R44"},"4CE":{"t":"R44"},"4D1":{"t":"P28A"},"4D2":{"t":"C150"},"4D3":{"t":"C172"},"4D4":{"t":"B47G"},"4D6":{"desc":"L1P"},"4D8":{"t":"PA30"},"4D9":{"t":"PA25"},"4DA":{"t":"C206"},"4DD":{"t":"GLID"},"4DE":{"desc":"L1P"},"4DF":{"t":"J3"},"4E0":{"t":"C182"},"4E1":{"t":"J3"},"4E2":{"t":"J3"},"4E3":{"t":"J3"},"4E6":{"t":"PA18"},"4E7":{"desc":"L1P"},"4EA":{"t":"C150"},"4EB":{"t":"C172"},"4EE":{"t":"BALL"},"4F1":{"t":"BE35"},"4F2":{"t":"BALL"},"4F3":{"t":"C172"},"4F5":{"t":"C180"},"4F6":{"t":"C172"},"4F8":{"t":"ULAC"},"4FA":{"desc":"L1P"},"4FF":{"t":"C206"},"501":{"t":"CH7A"},"503":{"t":"C182"},"505":{"t":"J3"},"507":{"desc":"L1P"},"50A":{"t":"T6"},"50E":{"t":"C172"},"510":{"t":"ULAC"},"511":{"t":"BALL"},"512":{"t":"C310"},"513":{"t":"R44"},"514":{"t":"BE35"},"516":{"t":"C172"},"517":{"t":"P28A"},"51A":{"desc":"L1P"},"51C":{"t":"P28A"},"51E":{"desc":"L1P"},"51F":{"desc":"L1P"},"521":{"t":"J3"},"522":{"t":"J3"},"525":{"t":"J3"},"528":{"t":"J3"},"529":{"desc":"L1P"},"52A":{"desc":"L1P"},"52B":{"t":"C172"},"52D":{"t":"PA34"},"52E":{"t":"PA18"},"52F":{"t":"C175"},"530":{"t":"C180"},"534":{"t":"PA20"},"535":{"t":"ULAC"},"536":{"t":"C175"},"538":{"t":"PA24"},"539":{"t":"C172"},"53B":{"t":"C150"},"53C":{"t":"C172"},"53D":{"desc":"L1P"},"53F":{"t":"P28A"},"540":{"t":"C150"},"541":{"t":"PA30"},"546":{"t":"J3"},"548":{"t":"C182"},"549":{"t":"PA27"},"54B":{"t":"J3"},"54C":{"t":"C182"},"54D":{"t":"PA18"},"550":{"desc":"L1P"},"552":{"t":"C175"},"553":{"t":"R44"},"554":{"t":"C172"},"558":{"t":"BALL"},"55A":{"t":"BE55"},"55B":{"t":"PA24"},"55C":{"t":"C182"},"55D":{"t":"P28A"},"55E":{"t":"C150"},"55F":{"t":"C172"},"561":{"t":"ULAC"},"562":{"t":"P28A"},"563":{"t":"C150"},"567":{"t":"J3"},"568":{"t":"J3"},"56B":{"t":"J3"},"56D":{"t":"J3"},"56F":{"t":"J3"},"571":{"t":"C172"},"572":{"t":"PA18"},"574":{"t":"GLID"},"576":{"t":"C150"},"577":{"t":"C172"},"578":{"t":"J3"},"57B":{"t":"R44"},"57D":{"t":"BE33"},"57E":{"t":"PA24"},"57F":{"t":"C120"},"580":{"t":"R66"},"583":{"t":"R22"},"586":{"t":"C150"},"587":{"t":"R44"},"588":{"t":"PA31"},"58A":{"t":"C182"},"58B":{"t":"J3"},"58C":{"t":"J3"},"58F":{"t":"J3"},"590":{"t":"C182"},"591":{"t":"J3"},"594":{"t":"P28A"},"597":{"t":"PA18"},"599":{"t":"C150"},"59A":{"t":"C172"},"59B":{"t":"J3"},"59C":{"t":"R22"},"59D":{"t":"R22"},"59E":{"desc":"L1P"},"5A3":{"t":"P28A"},"5A5":{"t":"C172"},"5A6":{"t":"R66"},"5A7":{"t":"M20P"},"5A8":{"t":"P28A"},"5AB":{"t":"PA25"},"5AC":{"t":"J3"},"5AE":{"t":"C182"},"5AF":{"t":"J3"},"5B1":{"desc":"L1P"},"5B4":{"desc":"L1T"},"5B7":{"desc":"L1P"},"5B8":{"t":"PA18"},"5BA":{"t":"C172"},"5BC":{"t":"C150"},"5BD":{"t":"C172"},"5BF":{"desc":"L1P"},"5C1":{"desc":"H1P"},"5C2":{"t":"C175"},"5C4":{"t":"PA24"},"5C5":{"t":"C182"},"5CB":{"t":"P28A"},"5CF":{"t":"J3"},"5D1":{"t":"J3"},"5D3":{"t":"C182"},"5D4":{"t":"C182"},"5D5":{"t":"J3"},"5D7":{"t":"C182"},"5D8":{"t":"J3"},"5DA":{"t":"C172"},"5DB":{"t":"PA18"},"5DF":{"desc":"H1P"},"5E0":{"t":"R44"},"5E3":{"t":"PA20"},"5E5":{"t":"C175"},"5E6":{"t":"BE36"},"5E7":{"t":"PA24"},"5E8":{"t":"R44"},"5E9":{"t":"P28A"},"5ED":{"t":"M20P"},"5EF":{"desc":"L1P"},"5F0":{"t":"PA30"},"5F1":{"t":"PA25"},"5F3":{"t":"J3"},"5F4":{"t":"C182"},"5F6":{"t":"J3"},"5F7":{"t":"J3"},"5F9":{"t":"J3"},"5FC":{"t":"C180"},"5FD":{"desc":"L1P"},"5FE":{"t":"GLF5"},"5FF":{"desc":"L1P"},"600":{"desc":"H2T"},"605":{"desc":"A1E"},"608":{"desc":"L2J","t":"B39M"},"609":{"desc":"L1P","t":"TB1"},"60D":{"t":"SR22"},"612":{"t":"T6"},"617":{"t":"CL60"},"619":{"desc":"L1P","t":"ULAC"},"626":{"t":"CRJ2"},"628":{"t":"P28A"},"62B":{"desc":"L1P"},"631":{"t":"C25C"},"632":{"t":"PA46"},"633":{"t":"SR22"},"636":{"t":"A119"},"639":{"t":"B744"},"63D":{"t":"C182"},"64A":{"t":"C182"},"64B":{"t":"S22T"},"64E":{"t":"P28A"},"654":{"t":"A109"},"655":{"t":"B77L"},"659":{"t":"GLF6"},"65D":{"t":"GLF5"},"662":{"t":"BE9L"},"66C":{"t":"BE40"},"675":{"t":"CRJ7"},"679":{"desc":"L1P"},"67B":{"t":"SR22"},"67F":{"desc":"L2J"},"681":{"t":"GLEX"},"68A":{"t":"A321"},"68B":{"desc":"L1P","t":"ULAC"},"690":{"t":"C208"},"693":{"t":"P28A"},"694":{"desc":"L2J","t":"GA7C"},"6A5":{"desc":"L2J"},"6BD":{"t":"PA27"},"6C5":{"desc":"L1P","t":"ULAC"},"6C7":{"t":"A320"},"6D1":{"t":"B737"},"6DF":{"desc":"L1T"},"6E3":{"t":"RV12"},"6EA":{"t":"SR22"},"6FA":{"t":"C150"},"700":{"t":"S22T"},"703":{"desc":"L1P"},"705":{"t":"H25B"},"708":{"t":"GL5T"},"70A":{"t":"C172"},"710":{"desc":"L1P"},"711":{"t":"BE36"},"71C":{"t":"TBM7"},"722":{"t":"B407"},"725":{"t":"C172"},"72C":{"t":"BE9L"},"733":{"desc":"L2J","t":"A21N"},"742":{"t":"S76"},"74B":{"t":"P28A"},"753":{"t":"CRJ7"},"754":{"t":"C172"},"75E":{"desc":"H4E"},"774":{"desc":"L1P","t":"ULAC"},"775":{"t":"C208"},"778":{"desc":"L1P","t":"ULAC"},"779":{"desc":"L1P"},"77C":{"t":"C182"},"788":{"desc":"L1P"},"789":{"desc":"L1P"},"78D":{"t":"B735"},"78E":{"t":"PA31"},"790":{"t":"P28A"},"791":{"t":"AS50"},"795":{"t":"C310"},"797":{"t":"CRJ7"},"798":{"desc":"L1P"},"79B":{"t":"C68A"},"7A1":{"desc":"L2T"},"7A2":{"t":"B737"},"7A6":{"t":"BE36"},"7A8":{"desc":"H4E"},"7AE":{"desc":"L1P"},"7B6":{"t":"SW4"},"7BB":{"t":"B752"},"7BC":{"t":"ULAC"},"7C2":{"t":"S76"},"7D4":{"t":"A319"},"7D8":{"t":"ULAC"},"7F1":{"t":"PA18"},"7F2":{"desc":"L1P"},"7F3":{"desc":"L1P"},"7F8":{"desc":"H1T"},"803":{"desc":"L1P"},"808":{"t":"PC12"},"823":{"desc":"L1P"},"858":{"t":"T6"},"85B":{"t":"C310"},"85E":{"t":"R44"},"85F":{"t":"PA20"},"860":{"t":"YK55"},"861":{"t":"R22"},"864":{"t":"UH12"},"865":{"t":"P28A"},"868":{"t":"BALL"},"869":{"t":"UH12"},"86A":{"t":"P28A"},"86B":{"t":"C150"},"86C":{"t":"P28A"},"86D":{"t":"PA25"},"86F":{"t":"C182"},"870":{"t":"C182"},"871":{"t":"BALL"},"872":{"t":"UH12"},"873":{"t":"PA34"},"874":{"t":"J3"},"877":{"t":"J3"},"878":{"t":"WACO"},"87A":{"t":"ULAC"},"87C":{"t":"BALL"},"87D":{"t":"UH1"},"87F":{"t":"C172"},"882":{"desc":"L1P"},"888":{"desc":"L1P"},"889":{"t":"C150"},"88A":{"t":"C172"},"88C":{"t":"M20P"},"88E":{"t":"C150"},"88F":{"t":"PA23"},"891":{"desc":"L1P"},"894":{"t":"C182"},"895":{"t":"J3"},"896":{"t":"C182"},"898":{"t":"C182"},"899":{"t":"J3"},"89A":{"t":"J3"},"89C":{"t":"YK52"},"89D":{"desc":"L1P"},"8A1":{"t":"P28A"},"8A2":{"t":"C172"},"8A3":{"t":"J3"},"8A8":{"desc":"L1P"},"8A9":{"t":"PA24"},"8AB":{"t":"P28A"},"8AD":{"t":"BE58"},"8AF":{"t":"M20P"},"8B1":{"t":"C150"},"8B3":{"t":"PA25"},"8B4":{"t":"C182"},"8B5":{"t":"J3"},"8B7":{"t":"J3"},"8B8":{"t":"J3"},"8BA":{"t":"U21"},"8BB":{"t":"J3"},"8BC":{"t":"J3"},"8BF":{"t":"C172"},"8C0":{"t":"PA18"},"8C1":{"t":"T6"},"8C2":{"t":"TAYB"},"8C3":{"t":"C175"},"8C4":{"t":"C150"},"8C5":{"t":"C172"},"8C8":{"t":"PA20"},"8CA":{"t":"C175"},"8CB":{"t":"BALL"},"8CE":{"t":"P28A"},"8D0":{"t":"ULAC"},"8D1":{"desc":"L1P"},"8D2":{"t":"M20P"},"8D3":{"desc":"L1P","t":"ULAC"},"8D4":{"t":"C150"},"8D5":{"t":"PA30"},"8D6":{"t":"PA25"},"8D8":{"t":"J3"},"8DA":{"t":"C182"},"8DC":{"t":"J3"},"8DF":{"t":"C182"},"8E4":{"t":"R44"},"8E5":{"t":"PA18"},"8E6":{"desc":"L1P"},"8E7":{"t":"C150"},"8E8":{"t":"C172"},"8EA":{"t":"R44"},"8EC":{"t":"R44"},"8EE":{"t":"BE33"},"8EF":{"t":"PA24"},"8F0":{"t":"C172"},"8F1":{"t":"P28A"},"8F2":{"t":"C150"},"8F3":{"desc":"L1P","t":"ULAC"},"8F5":{"t":"M20P"},"8F9":{"t":"PA25"},"8FA":{"t":"PA18"},"8FC":{"t":"J3"},"8FD":{"t":"J3"},"902":{"desc":"L1P","t":"ULAC"},"903":{"t":"C182"},"906":{"desc":"H1T"},"907":{"t":"T6"},"90A":{"t":"R44"},"90B":{"t":"C172"},"911":{"t":"BE33"},"913":{"t":"C172"},"914":{"t":"P28A"},"915":{"t":"C150"},"916":{"t":"C172"},"917":{"desc":"L1P"},"919":{"t":"P28A"},"91B":{"t":"UH1"},"91C":{"t":"PA25"},"921":{"t":"NAVI"},"922":{"t":"J3"},"923":{"t":"C182"},"924":{"t":"J3"},"925":{"t":"C150"},"92B":{"t":"PA18"},"92D":{"t":"C150"},"930":{"t":"CH7A"},"932":{"t":"R22"},"934":{"t":"BE35"},"935":{"t":"ULAC"},"937":{"t":"P28A"},"939":{"t":"ULAC"},"93A":{"t":"BALL"},"93B":{"t":"BALL"},"93C":{"t":"P28A"},"93D":{"t":"C150"},"940":{"t":"J3"},"941":{"t":"J3"},"944":{"t":"J3"},"946":{"t":"C182"},"947":{"t":"C182"},"948":{"t":"J3"},"949":{"t":"J3"},"94B":{"t":"BALL"},"94C":{"t":"BALL"},"94E":{"desc":"L1P","t":"ULAC"},"94F":{"t":"BALL"},"950":{"t":"BALL"},"951":{"t":"C172"},"952":{"t":"BALL"},"953":{"t":"BALL"},"954":{"t":"BALL"},"955":{"t":"C310"},"956":{"t":"C175"},"957":{"t":"BE33"},"95A":{"t":"P28A"},"95D":{"t":"BALL"},"95E":{"t":"BALL"},"95F":{"t":"P28A"},"961":{"t":"BALL"},"964":{"t":"J3"},"967":{"t":"C182"},"968":{"t":"J3"},"96A":{"t":"C182"},"96B":{"t":"BALL"},"96C":{"t":"BALL"},"970":{"t":"COL4"},"971":{"t":"R66"},"972":{"t":"C175"},"973":{"t":"C150"},"975":{"t":"BALL"},"977":{"t":"PA20"},"978":{"t":"C310"},"97A":{"t":"R44"},"97B":{"t":"R22"},"97F":{"t":"BALL"},"982":{"t":"P28A"},"983":{"t":"BALL"},"984":{"t":"BALL"},"986":{"t":"J3"},"987":{"t":"C182"},"988":{"t":"J3"},"98A":{"t":"C182"},"98B":{"t":"J3"},"98C":{"t":"C182"},"98E":{"t":"C182"},"98F":{"t":"BALL"},"992":{"t":"BALL"},"993":{"t":"P28A"},"996":{"t":"C150"},"997":{"t":"C172"},"998":{"t":"BALL"},"999":{"t":"ULAC"},"99A":{"t":"PA20"},"99C":{"t":"C175"},"99F":{"t":"C172"},"9A1":{"t":"BALL"},"9A2":{"t":"C172"},"9A4":{"t":"BALL"},"9A6":{"t":"C150"},"9A7":{"t":"PA18"},"9A9":{"t":"C182"},"9B0":{"t":"J3"},"9B1":{"t":"J3"},"9B2":{"t":"J3"},"9B3":{"t":"BE30"},"9B4":{"t":"PTS2"},"9B5":{"t":"AC90"},"9B6":{"t":"SF50"},"9B7":{"desc":"L1P"},"9B8":{"t":"PA30"},"9BA":{"t":"R44"},"9BB":{"desc":"L1P"},"9BD":{"desc":"L1P"},"9BE":{"t":"P28A"},"9BF":{"t":"LJ31"},"9C5":{"t":"GLID"},"9C6":{"desc":"A1P"},"9C8":{"t":"CRJ2"},"9C9":{"desc":"L1P"},"9CA":{"desc":"L1P"},"9CC":{"desc":"L1P"},"9CD":{"t":"C182"},"9CE":{"t":"ST75"},"9CF":{"t":"PA30"},"9D1":{"t":"GLF4"},"9D2":{"t":"BE55"},"9D3":{"t":"M20P"},"9D4":{"t":"DA62"},"9D6":{"desc":"L1P"},"9D7":{"t":"BE35"},"9D8":{"t":"BE36"},"9DA":{"t":"PA18"},"9DB":{"t":"BL8"},"9DC":{"t":"PA18"},"9DD":{"t":"BALL"},"9DF":{"t":"PA22"},"9E2":{"t":"AEST"},"9E5":{"desc":"L1P"},"9E7":{"desc":"L2P"},"9E8":{"desc":"L1P"},"9EA":{"t":"C182"},"9EB":{"t":"C82S"},"9ED":{"desc":"L1P"},"9EE":{"desc":"L2J"},"9EF":{"desc":"L1P"},"9F0":{"t":"LJ35"},"9F1":{"t":"AEST"},"9F2":{"t":"NAVI"},"9F3":{"t":"C180"},"9F4":{"t":"C150"},"9F6":{"t":"M20P"},"9F7":{"t":"P28R"},"9FA":{"t":"SR22"},"9FB":{"t":"C180"},"9FE":{"desc":"L1P"},"A00":{"t":"DA40"},"A01":{"desc":"L1P"},"A02":{"t":"C182"},"A06":{"t":"CH7A"},"A07":{"t":"PA46"},"A08":{"t":"C182"},"A09":{"t":"BE36"},"A0A":{"t":"BE35"},"A10":{"t":"P28U"},"A11":{"desc":"L1P"},"A14":{"t":"C310"},"A1A":{"t":"C208"},"A1B":{"desc":"L1P"},"A1D":{"t":"TBM7"},"A1E":{"t":"P28R"},"A21":{"desc":"L1P"},"A22":{"desc":"L1P"},"A23":{"t":"COL4"},"A24":{"t":"GLID"},"A28":{"t":"C180"},"A29":{"t":"C206"},"A2E":{"t":"S76"},"A31":{"t":"C25B"},"A33":{"t":"C525"},"A34":{"t":"C172"},"A35":{"desc":"L1P"},"A36":{"t":"EA50"},"A37":{"t":"C172"},"A39":{"t":"R22"},"A3C":{"t":"PA27"},"A3D":{"desc":"L2J"},"A3F":{"t":"AA5"},"A41":{"desc":"H1T"},"A42":{"t":"ASTR"},"A43":{"t":"P51"},"A4A":{"t":"C510"},"A4B":{"t":"R22"},"A4C":{"desc":"L1P"},"A4D":{"desc":"L1P"},"A4F":{"t":"GLF4"},"A50":{"t":"P28A"},"A51":{"t":"BE55"},"A53":{"desc":"L2T","t":"BE18"},"A56":{"t":"PA30"},"A5A":{"t":"BE58"},"A5E":{"t":"S22T"},"A60":{"desc":"L1P","t":"ULAC"},"A63":{"t":"ERCO"},"A64":{"desc":"L1P"},"A65":{"desc":"L1P"},"A66":{"t":"C56X"},"A67":{"t":"AS50"},"A68":{"t":"C425"},"A69":{"t":"C172"},"A6A":{"desc":"L1P"},"A6B":{"t":"C172"},"A6E":{"desc":"L1P"},"A6F":{"t":"B06"},"A71":{"t":"AS50"},"A73":{"t":"G280"},"A75":{"t":"C172"},"A78":{"t":"GLID"},"A7A":{"t":"HUSK"},"A7B":{"t":"BE35"},"A7C":{"t":"GLID"},"A7D":{"t":"HUSK"},"A7E":{"t":"S22T"},"A80":{"desc":"L1P"},"A83":{"t":"AEST"},"A84":{"t":"C180"},"A85":{"t":"B06"},"A86":{"t":"NAVI"},"A87":{"t":"BE55"},"A88":{"desc":"L1P"},"A8A":{"desc":"L1P"},"A8C":{"t":"C421"},"A8E":{"t":"C182"},"A91":{"t":"GLID"},"A95":{"desc":"H1P"},"A96":{"t":"BE9L"},"A98":{"desc":"H1T"},"A99":{"t":"SF50"},"A9B":{"t":"C182"},"A9C":{"t":"C551"},"A9D":{"desc":"L1P"},"A9E":{"desc":"L1P"},"A9F":{"t":"PA32"},"AA1":{"desc":"L4T"},"AA3":{"t":"UH1"},"AA4":{"desc":"A1T","t":"KODI"},"AA5":{"t":"CL60"},"AA6":{"desc":"L1P"},"AA7":{"t":"P28A"},"AA9":{"t":"PRM1"},"AAA":{"t":"BE36"},"AAD":{"t":"C140"},"AAE":{"t":"C501"},"AAF":{"t":"DA40"},"AB1":{"t":"AS50"},"AB2":{"t":"C340"},"AB3":{"desc":"L1P"},"AB4":{"desc":"L1T"},"AB8":{"t":"PA31"},"ABA":{"t":"BE33"},"ABC":{"t":"C501"},"ABF":{"t":"GLID"},"AC1":{"t":"C680"},"AC2":{"t":"DV20"},"AC3":{"desc":"L1P"},"AC7":{"t":"FA10"},"AC8":{"t":"HUSK"},"AC9":{"t":"C25B"},"ACB":{"desc":"L1P"},"ACC":{"t":"C402"},"ACE":{"desc":"L1P"},"ACF":{"t":"C180"},"AD1":{"t":"P210"},"AD3":{"desc":"L1P"},"AD8":{"t":"M6"},"ADB":{"t":"C206"},"ADC":{"t":"C182"},"ADF":{"t":"GLID"},"AE1":{"t":"PA34"},"AE5":{"t":"GLF4"},"AE6":{"t":"E550"},"AE8":{"t":"UH1"},"AE9":{"t":"CL60"},"AEC":{"t":"A109"},"AEE":{"t":"SF50"},"AF1":{"desc":"L1P"},"AF5":{"t":"UH12"},"AF6":{"t":"PC12"},"AF9":{"t":"M7"},"AFA":{"desc":"L1P"},"AFB":{"t":"E300"},"AFD":{"desc":"L1P"},"AFF":{"t":"SR22"},"B00":{"t":"LJ35"},"B03":{"t":"C172"},"B04":{"t":"C182"},"B05":{"t":"P28A"},"B07":{"t":"C560"},"B09":{"t":"P28A"},"B0B":{"desc":"L1P"},"B0E":{"t":"PC12"},"B11":{"desc":"L1P"},"B12":{"desc":"A2P"},"B2B":{"t":"C185"},"B2C":{"t":"LJ35"},"B2D":{"desc":"L1P","t":"ULAC"},"B30":{"desc":"L1P"},"B31":{"t":"S22T"},"B34":{"desc":"A1T"},"B36":{"t":"P32R"},"B39":{"desc":"L1P"},"B3B":{"desc":"L1P"},"B3C":{"desc":"L1T","t":"M600"},"B3F":{"desc":"L1P"},"B40":{"t":"BE36"},"B43":{"t":"PTS2"},"B44":{"t":"P337"},"B45":{"t":"P28A"},"B47":{"t":"C208"},"B48":{"t":"BL8"},"B49":{"t":"R44"},"B4B":{"desc":"L1P"},"B4C":{"t":"P28A"},"B4D":{"desc":"A1P"},"B4F":{"t":"H269"},"B54":{"desc":"L1P"},"B55":{"desc":"L1P"},"B56":{"t":"C182"},"B5B":{"t":"C525"},"B5C":{"t":"GLID"},"B5D":{"desc":"L1P"},"B60":{"desc":"L1P"},"B61":{"t":"C172"},"B63":{"t":"C180"},"B64":{"desc":"L1T"},"B65":{"desc":"L1P"},"B67":{"desc":"L1P"},"B68":{"desc":"L1P"},"B6B":{"t":"PC12"},"B6E":{"t":"HDJT"},"B6F":{"t":"GLID"},"B71":{"t":"GLF4"},"B72":{"t":"SR22"},"B73":{"desc":"L1P"},"B74":{"desc":"L1P"},"B76":{"t":"C140"},"B80":{"t":"S22T"},"B82":{"t":"SR20"},"B84":{"desc":"L1P"},"B8F":{"t":"ERCO"},"B90":{"desc":"H1T"},"B91":{"t":"T206"},"B94":{"t":"AC90"},"B95":{"t":"M7"},"B97":{"desc":"L1P"},"B98":{"t":"ULAC"},"B99":{"t":"BE55"},"B9B":{"t":"C25B"},"BA1":{"t":"BE20"},"BA3":{"t":"C25B"},"BA7":{"t":"C25C"},"BA9":{"t":"C208"},"BAA":{"t":"BE9L"},"BAC":{"t":"C310"},"BAD":{"desc":"L1P"},"BAE":{"t":"C82R"},"BAF":{"t":"S22T"},"BB0":{"t":"C550"},"BB1":{"t":"TBM7"},"BB2":{"desc":"L1P"},"BB3":{"t":"HUSK"},"BB4":{"t":"J3"},"BB6":{"t":"B06"},"BB8":{"t":"ST75"},"BB9":{"desc":"L1P"},"BBA":{"t":"T210"},"BBD":{"t":"BE60"},"BBF":{"t":"HUSK"},"BC0":{"t":"PA46"},"BC1":{"t":"S108"},"BC2":{"desc":"L1P"},"BC4":{"desc":"L1P"},"BCF":{"desc":"L1P"},"BD2":{"t":"C68A"},"BD3":{"desc":"L1P","t":"ULAC"},"BD7":{"desc":"L1P"},"BDC":{"t":"PA18"},"BE5":{"t":"BE35"},"BF0":{"desc":"L1P"},"BF4":{"desc":"L1P"},"BFD":{"t":"C120"},"C0B":{"desc":"L1P"},"C0C":{"desc":"A1T","t":"KODI"},"C0D":{"t":"P28A"},"C0E":{"t":"CL30"},"C0F":{"t":"BE36"},"C10":{"desc":"H2T"},"C13":{"desc":"L1P"},"C14":{"t":"GLID"},"C16":{"desc":"L1P"},"C19":{"t":"BE35"},"C1A":{"t":"CL60"},"C1B":{"t":"C208"},"C1D":{"desc":"H1P"},"C21":{"t":"CRJ2"},"C22":{"t":"PA32"},"C23":{"t":"E55P"},"C26":{"desc":"L1P"},"C28":{"t":"C650"},"C29":{"desc":"L1P"},"C2D":{"t":"G280"},"C2E":{"t":"C208"},"C2F":{"desc":"L1P"},"C31":{"t":"PA18"},"C32":{"t":"R44"},"C34":{"desc":"H1P"},"C38":{"t":"PA32"},"C3B":{"t":"GLID"},"C3F":{"t":"S108"},"C41":{"desc":"L1P"},"C43":{"t":"SR22"},"C44":{"desc":"H6E"},"C45":{"t":"GLF3"},"C49":{"t":"B744"},"C4B":{"desc":"L1P"},"C4D":{"t":"C182"},"C4F":{"t":"C68A"},"C51":{"desc":"L1P"},"C52":{"t":"SR22"},"C5F":{"t":"PA31"},"C60":{"desc":"L1P"},"C63":{"t":"CL30"},"C64":{"desc":"L1P"},"C65":{"t":"B77L"},"C68":{"t":"BE55"},"C69":{"t":"BE60"},"C74":{"t":"G280"},"C79":{"desc":"L1P"},"C83":{"t":"F2TH"},"C85":{"t":"CRJ7"},"C8F":{"desc":"L2J"},"C94":{"t":"AS50"},"C95":{"t":"C750"},"C96":{"t":"A660"},"C98":{"desc":"L1P","t":"ULAC"},"C9A":{"t":"A321"},"C9B":{"t":"C340"},"C9F":{"desc":"H4E"},"CA0":{"t":"C208"},"CA3":{"desc":"L1P"},"CA4":{"desc":"L2J","t":"GA7C"},"CA6":{"desc":"L1P"},"CAA":{"desc":"L1P","t":"ULAC"},"CAB":{"t":"C182"},"CB5":{"desc":"L2J"},"CB8":{"t":"B350"},"CBB":{"t":"C182"},"CBE":{"t":"RV12"},"CC1":{"t":"A660"},"CC7":{"desc":"L1P","t":"ULAC"},"CCA":{"t":"B06"},"CCC":{"t":"H25B"},"CD5":{"t":"BE58"},"CD6":{"desc":"L1P","t":"ULAC"},"CD7":{"t":"BE20"},"CDB":{"desc":"L1P"},"CDD":{"desc":"L1P"},"CDE":{"t":"PA31"},"CDF":{"desc":"L1P"},"CE3":{"t":"PA31"},"CE6":{"t":"T206"},"CEA":{"t":"GLID"},"CEF":{"desc":"L1P"},"CF2":{"t":"SR20"},"CF9":{"desc":"L1P"},"D00":{"t":"SR22"},"D02":{"t":"C82S"},"D08":{"t":"AT5T"},"D0C":{"desc":"L1P"},"D0D":{"desc":"H4E"},"D0E":{"desc":"L1P"},"D13":{"t":"SR22"},"D15":{"t":"S22T"},"D1A":{"t":"C172"},"D1C":{"desc":"L1T"},"D1D":{"t":"GLF4"},"D20":{"t":"TBM7"},"D21":{"t":"S22T"},"D24":{"t":"SR20"},"D25":{"t":"PA30"},"D28":{"t":"C206"},"D2B":{"t":"C560"},"D34":{"t":"GLF4"},"D35":{"t":"BALL"},"D37":{"t":"R44"},"D39":{"t":"GC1"},"D3C":{"t":"BE20"},"D3D":{"t":"SR22"},"D43":{"desc":"L2J","t":"A21N"},"D4E":{"desc":"L1T"},"D52":{"t":"FA50"},"D53":{"t":"BE60"},"D55":{"t":"SR22"},"D5D":{"desc":"H1E"},"D60":{"t":"RV12"},"D63":{"t":"CRJ7"},"D64":{"t":"C25B"},"D68":{"desc":"L1P"},"D6C":{"t":"BALL"},"D85":{"t":"BE40"},"D88":{"t":"P28A"},"D8B":{"desc":"L1P"},"D8C":{"t":"GALX"},"D8D":{"t":"S22T"},"D90":{"desc":"L4J"},"D94":{"t":"C206"},"D95":{"desc":"L1T"},"D98":{"desc":"L1P"},"D9D":{"t":"GLID"},"D9F":{"t":"A109"},"DA0":{"t":"E50P"},"DA1":{"t":"AS50"},"DA2":{"t":"A660"},"DA7":{"t":"CRJ7"},"DA9":{"t":"M20T"},"DAB":{"t":"C172"},"DB2":{"t":"B737"},"DB4":{"t":"B737"},"DB9":{"desc":"L2J"},"DBA":{"t":"T210"},"DBF":{"desc":"L1P"},"DC1":{"t":"CH7A"},"DC3":{"t":"DA62"},"DC6":{"t":"C172"},"DCB":{"t":"B752"},"DCD":{"desc":"L1T"},"DE0":{"t":"C414"},"DE4":{"t":"A319"},"DE8":{"t":"BE35"},"DED":{"desc":"L1P"},"DEE":{"t":"CL60"},"DF4":{"desc":"L2J"},"DF6":{"t":"C650"},"E04":{"t":"C25B"},"E05":{"desc":"H1T"},"E08":{"t":"C182"},"E09":{"desc":"L1P"},"E0A":{"t":"GLF4"},"E0B":{"desc":"L1T","t":"PA46"},"E0C":{"desc":"L1P"},"E0F":{"desc":"L1P","t":"ULAC"},"E4B":{"desc":"H1P"},"E4C":{"desc":"L2T","t":"DC3"},"E5E":{"desc":"L1E"},"E65":{"t":"P28A"},"E66":{"t":"C172"},"E68":{"t":"CL30"},"E6A":{"t":"CH7B"},"E6B":{"t":"P28A"},"E6C":{"t":"C172"},"E6D":{"t":"J3"},"E71":{"t":"C175"},"E77":{"t":"C172"},"E78":{"t":"M20P"},"E7A":{"t":"P28A"},"E7B":{"t":"C150"},"E7E":{"t":"J3"},"E80":{"t":"C182"},"E82":{"t":"J3"},"E84":{"t":"C182"},"E85":{"t":"C182"},"E86":{"t":"J3"},"E87":{"t":"C182"},"E88":{"desc":"L1P"},"E89":{"t":"C172"},"E8F":{"t":"C172"},"E99":{"t":"C150"},"E9A":{"t":"C172"},"E9B":{"t":"M20P"},"E9C":{"t":"M20P"},"E9D":{"t":"P28A"},"E9E":{"t":"C150"},"E9F":{"t":"PA30"},"EA0":{"t":"R66"},"EA3":{"t":"J3"},"EA4":{"t":"J3"},"EA5":{"t":"J3"},"EA6":{"t":"J3"},"EA7":{"t":"C182"},"EA8":{"t":"J3"},"EB0":{"t":"C182"},"EB2":{"t":"C172"},"EB3":{"t":"J3"},"EB6":{"t":"AA5"},"EB8":{"t":"BE35"},"EB9":{"t":"PA24"},"EBA":{"t":"C172"},"EBB":{"t":"BE36"},"EC0":{"t":"P28A"},"EC3":{"t":"R44"},"EC6":{"t":"J3"},"EC8":{"t":"J3"},"ECB":{"t":"J3"},"ECC":{"t":"C182"},"ED0":{"t":"BALL"},"ED2":{"t":"R44"},"ED3":{"t":"C182"},"ED5":{"t":"C172"},"ED6":{"t":"J3"},"EDC":{"t":"PA24"},"EDD":{"t":"C206"},"EDF":{"t":"C150"},"EE2":{"t":"M20P"},"EE3":{"t":"P28A"},"EE9":{"t":"J3"},"EEA":{"t":"C182"},"EEE":{"t":"J3"},"EEF":{"t":"ULAC"},"EF7":{"t":"P28A"},"EF8":{"t":"C172"},"EF9":{"t":"J3"},"EFE":{"t":"BE35"},"EFF":{"t":"PA24"},"F01":{"t":"BALL"},"F02":{"t":"C150"},"F05":{"t":"M20P"},"F06":{"t":"P28A"},"F07":{"t":"BALL"},"F0A":{"t":"C182"},"F0B":{"t":"C182"},"F0C":{"t":"J3"},"F0E":{"t":"J3"},"F0F":{"t":"C182"},"F10":{"t":"J3"},"F11":{"t":"C182"},"F12":{"t":"J3"},"F15":{"t":"C172"},"F18":{"t":"BALL"},"F19":{"t":"C182"},"F1C":{"t":"BALL"},"F1D":{"t":"BALL"},"F1E":{"t":"BALL"},"F1F":{"t":"AA5"},"F22":{"t":"PA24"},"F27":{"t":"M20P"},"F28":{"t":"M20P"},"F29":{"t":"P28A"},"F2B":{"t":"BALL"},"F2C":{"t":"ULAC"},"F2D":{"t":"C182"},"F31":{"t":"C182"},"F33":{"t":"J3"},"F39":{"t":"PA22"},"F3B":{"t":"PA22"},"F3C":{"t":"BALL"},"F41":{"t":"PA18"},"F47":{"t":"BALL"},"F48":{"t":"UH1"},"F4A":{"t":"M20P"},"F4B":{"t":"M20P"},"F4C":{"t":"P28A"},"F4D":{"t":"BALL"},"F4F":{"t":"R44"},"F50":{"t":"J3"},"F51":{"t":"J3"},"F53":{"t":"BALL"},"F54":{"t":"J3"},"F55":{"t":"C182"},"F58":{"desc":"L1P"},"F59":{"t":"C182"},"F5A":{"desc":"A1P"},"F5B":{"t":"C172"},"F5D":{"desc":"L1T","t":"M600"},"F5F":{"t":"C182"},"F60":{"t":"C150"},"F61":{"t":"C150"},"F63":{"t":"ULAC"},"F65":{"t":"AA5"},"F66":{"t":"C175"},"F6C":{"t":"C172"},"F6D":{"t":"M20P"},"F6F":{"t":"P28A"},"F70":{"t":"C150"},"F73":{"t":"C182"},"F74":{"t":"J3"},"F75":{"t":"BALL"},"F76":{"t":"J3"},"F77":{"t":"C182"},"F79":{"t":"C182"},"F7A":{"t":"C182"},"F7C":{"t":"J3"},"F80":{"t":"BALL"},"F81":{"t":"PA22"},"F82":{"t":"C182"},"F84":{"t":"C172"},"F85":{"t":"J3"},"F87":{"t":"BALL"},"F88":{"t":"AA5"},"F89":{"t":"BALL"},"F8A":{"t":"BALL"},"F8C":{"t":"C172"},"F8D":{"t":"P28A"},"F8E":{"t":"C150"},"F8F":{"t":"BALL"},"F90":{"t":"BALL"},"F92":{"t":"P28A"},"F93":{"t":"C150"},"F97":{"t":"J3"},"F99":{"t":"UH1"},"F9A":{"t":"C182"},"F9B":{"t":"J3"},"F9C":{"t":"J3"},"F9D":{"t":"BALL"},"FA2":{"t":"PA22"},"FA5":{"t":"C182"},"FA6":{"t":"BALL"},"FA9":{"desc":"L1P","t":"ULAC"},"FAA":{"t":"PA18"},"FAB":{"t":"AA5"},"FAC":{"t":"C175"},"FAD":{"t":"BE55"},"FAF":{"t":"C172"},"FB1":{"t":"R22"},"FB2":{"t":"C172"},"FB3":{"t":"M20P"},"FBC":{"t":"J3"},"FBD":{"t":"J3"},"FBE":{"t":"J3"},"FBF":{"t":"BALL"},"FC0":{"t":"J3"},"FC1":{"t":"J3"},"FC2":{"t":"C182"},"FC3":{"desc":"A1P"},"FC4":{"desc":"L1P","t":"ULAC"},"FC5":{"t":"BE60"},"FC6":{"t":"P28R"},"FC7":{"t":"C182"},"FCE":{"t":"C182"},"FCF":{"t":"GLF6"},"FD0":{"t":"BE36"},"FD1":{"t":"PA34"},"FD2":{"t":"AA5"},"FD4":{"t":"BT36"},"FD8":{"t":"PA44"},"FD9":{"t":"B350"},"FDC":{"t":"P28B"},"FDD":{"t":"BE35"},"FDE":{"t":"PA24"},"FDF":{"t":"G164"},"FE1":{"t":"P28A"},"FE4":{"t":"P210"},"FE5":{"t":"LJ45"},"FE7":{"t":"PA46"},"FEA":{"t":"BE9L"},"FEB":{"desc":"L1P","t":"ULAC"},"FEE":{"t":"C56X"},"FF2":{"t":"PA24"},"FF4":{"t":"AEST"},"FF6":{"t":"C525"},"FF7":{"desc":"L1P"},"FF8":{"t":"C340"},"FF9":{"t":"C560"},"FFD":{"t":"SR22"},"FFE":{"t":"H269"},"FFF":{"t":"M20T"}}