{"017":{"desc":"L1P"},"018":{"t":"GLID"},"019":{"t":"PA18"},"01A":{"t":"C182"},"01B":{"t":"BE20"},"01E":{"t":"BE35"},"020":{"desc":"L1P"},"022":{"t":"SR22"},"029":{"t":"A119"},"02C":{"t":"ASTO"},"031":{"desc":"A1P"},"032":{"t":"HUSK"},"033":{"t":"P28A"},"037":{"t":"R44"},"038":{"t":"C150"},"039":{"t":"PC12"},"03A":{"t":"CRJ7"},"03E":{"t":"CH7A"},"040":{"t":"SR22"},"041":{"t":"CH7A"},"042":{"t":"H25B"},"044":{"t":"S22T"},"045":{"t":"B737"},"049":{"t":"C152"},"04A":{"t":"SR20"},"054":{"t":"PC12"},"05A":{"t":"GLEX"},"05B":{"t":"C525"},"05E":{"t":"HDJT"},"062":{"t":"BL8"},"06E":{"t":"BALL"},"077":{"t":"A319"},"07B":{"t":"TBM7"},"082":{"t":"BALL"},"086":{"desc":"H1P"},"087":{"desc":"L2J"},"094":{"desc":"L1P"},"096":{"t":"C180"},"098":{"desc":"L1P"},"09B":{"desc":"L2J"},"0A0":{"t":"C172"},"0A5":{"t":"FA20"},"0A6":{"t":"SR22"},"0C6":{"t":"FDCT"},"0C9":{"t":"C310"},"0F9":{"t":"ULAC"},"0FE":{"t":"C150"},"102":{"t":"PA20"},"103":{"t":"AA5"},"105":{"t":"BE33"},"106":{"t":"PA24"},"109":{"t":"C82R"},"10A":{"t":"C172"},"10B":{"t":"BALL"},"10D":{"t":"P28A"},"10E":{"t":"C150"},"111":{"t":"L8"},"112":{"t":"C172"},"113":{"desc":"L1P"},"115":{"t":"L8"},"116":{"t":"L8"},"117":{"desc":"L1P"},"118":{"t":"L8"},"122":{"t":"C172"},"123":{"t":"BALL"},"124":{"t":"C172"},"125":{"t":"C172"},"128":{"t":"BE55"},"12B":{"t":"P28A"},"12C":{"t":"C182"},"12E":{"t":"M20P"},"12F":{"t":"M20P"},"131":{"t":"C150"},"135":{"t":"C182"},"138":{"t":"C182"},"13C":{"t":"C182"},"13D":{"t":"L8"},"13E":{"desc":"L1P"},"140":{"t":"PA22"},"142":{"t":"PA22"},"143":{"t":"C182"},"145":{"t":"C172"},"147":{"t":"BALL"},"148":{"t":"PA18"},"149":{"t":"AA5"},"14B":{"t":"BE55"},"14C":{"desc":"L1P"},"14D":{"t":"C172"},"150":{"t":"C172"},"154":{"t":"C150"},"155":{"desc":"L1P"},"157":{"t":"BALL"},"158":{"desc":"L1P"},"15A":{"t":"L8"},"15B":{"t":"L8"},"15C":{"t":"GLID"},"160":{"t":"L8"},"166":{"t":"C182"},"168":{"t":"C150"},"169":{"desc":"L1P"},"16B":{"t":"PA18"},"16C":{"t":"AA5"},"16D":{"t":"C175"},"16E":{"t":"BE55"},"16F":{"t":"PA24"},"171":{"t":"P28A"},"173":{"t":"C172"},"174":{"t":"M20P"},"175":{"t":"M20P"},"176":{"t":"P28A"},"177":{"t":"BALL"},"179":{"t":"PA18"},"17A":{"desc":"L1P"},"17C":{"t":"L8"},"17F":{"t":"L8"},"181":{"t":"L8"},"182":{"t":"C182"},"185":{"t":"C172"},"186":{"t":"ULAC"},"188":{"t":"C210"},"18A":{"t":"C150"},"18B":{"t":"C172"},"18C":{"t":"J3"},"18E":{"t":"PA18"},"190":{"t":"C175"},"191":{"t":"BE33"},"192":{"t":"P32R"},"195":{"t":"C150"},"199":{"t":"R22"},"19A":{"t":"C150"},"19C":{"t":"PA18"},"19D":{"t":"L8"},"19E":{"t":"L8"},"19F":{"desc":"L1P"},"1A1":{"t":"C421"},"1A4":{"t":"L8"},"1A6":{"t":"L8"},"1A8":{"t":"C172"},"1A9":{"t":"ULAC"},"1AB":{"t":"PA22"},"1AC":{"t":"C182"},"1AD":{"t":"C150"},"1AF":{"t":"J3"},"1B0":{"t":"BALL"},"1B1":{"t":"PA18"},"1B2":{"t":"AA5"},"1B3":{"t":"C175"},"1B4":{"t":"C182"},"1B5":{"t":"U21"},"1B6":{"t":"C172"},"1B7":{"t":"P28A"},"1B8":{"t":"U21"},"1B9":{"t":"C172"},"1BA":{"t":"M20P"},"1BB":{"t":"M20P"},"1BC":{"t":"R22"},"1BE":{"t":"PA30"},"1BF":{"t":"BALL"},"1C1":{"t":"C182"},"1C5":{"t":"L8"},"1C6":{"t":"L8"},"1CC":{"t":"PA22"},"1CE":{"t":"PA22"},"1CF":{"t":"C182"},"1D2":{"t":"BALL"},"1D4":{"t":"PA18"},"1D5":{"t":"AA5"},"1D6":{"t":"C175"},"1D7":{"t":"BE35"},"1D8":{"t":"PA24"},"1D9":{"t":"C172"},"1DA":{"t":"P28A"},"1DE":{"t":"BE36"},"1E2":{"t":"PA18"},"1E3":{"t":"C182"},"1E5":{"t":"P46T"},"1E6":{"desc":"L1P"},"1E8":{"t":"L8"},"1E9":{"t":"C208"},"1EA":{"t":"L8"},"1EC":{"t":"C182"},"1ED":{"desc":"L1P"},"1EF":{"t":"C182"},"1F1":{"t":"PA22"},"1F2":{"t":"C182"},"1F4":{"t":"C172"},"1F5":{"t":"J3"},"1F7":{"t":"U21"},"1F8":{"t":"AA5"},"1FA":{"t":"BE35"},"1FC":{"desc":"L1P"},"200":{"t":"M20P"},"201":{"t":"M20P"},"203":{"t":"C150"},"204":{"t":"PA30"},"205":{"t":"PA18"},"206":{"t":"BALL"},"209":{"t":"C182"},"20A":{"t":"L8"},"20B":{"t":"L8"},"20D":{"t":"L8"},"20F":{"t":"BALL"},"210":{"desc":"L1P"},"213":{"t":"P28A"},"214":{"t":"R22"},"215":{"t":"C182"},"217":{"t":"C172"},"218":{"t":"J3"},"21A":{"t":"PA18"},"21B":{"t":"AA5"},"21D":{"desc":"L1P"},"21E":{"t":"CH7B"},"220":{"t":"P28A"},"221":{"t":"R22"},"222":{"t":"BALL"},"223":{"t":"M20P"},"228":{"t":"BALL"},"22B":{"t":"C182"},"22C":{"t":"C182"},"22D":{"t":"C182"},"22F":{"t":"L8"},"230":{"t":"C182"},"231":{"t":"BALL"},"232":{"t":"C182"},"233":{"desc":"L1P"},"234":{"t":"C172"},"235":{"t":"PA22"},"237":{"desc":"L1P"},"239":{"t":"C150"},"23B":{"t":"B06"},"23E":{"t":"AA5"},"240":{"t":"BE35"},"241":{"t":"PA24"},"244":{"t":"C150"},"246":{"t":"M20P"},"247":{"t":"M20P"},"248":{"t":"P28A"},"24A":{"t":"PA30"},"24B":{"t":"P47"},"250":{"desc":"L1P"},"251":{"t":"C182"},"254":{"t":"C182"},"257":{"t":"B350"},"259":{"t":"HUSK"},"25A":{"t":"BL8"},"261":{"t":"H25B"},"263":{"t":"A109"},"265":{"t":"BE20"},"267":{"desc":"L1P"},"268":{"t":"GLF5"},"26B":{"t":"BE20"},"270":{"desc":"L1P"},"275":{"desc":"L1P"},"278":{"t":"F900"},"27B":{"t":"SR22"},"27C":{"t":"B350"},"280":{"t":"C560"},"281":{"t":"SR22"},"282":{"t":"C208"},"289":{"t":"S108"},"28C":{"t":"C441"},"28D":{"t":"SR22"},"290":{"t":"FA7X"},"293":{"t":"B744"},"296":{"desc":"L1P"},"297":{"t":"C182"},"29E":{"desc":"L1P","t":"ULAC"},"2A1":{"desc":"L1P"},"2A2":{"desc":"L1P"},"2A4":{"t":"H25B"},"2A5":{"desc":"L1P"},"2A6":{"t":"C550"},"2A7":{"desc":"L1P"},"2AB":{"t":"C525"},"2AE":{"t":"ULAC"},"2B2":{"t":"SR22"},"2B7":{"desc":"L1P"},"2BD":{"desc":"L1P"},"2C5":{"desc":"H1P"},"2C9":{"t":"C172"},"2CB":{"t":"AA5"},"2CC":{"t":"C208"},"2CF":{"t":"CRJ7"},"2D5":{"t":"AT8T"},"2D8":{"t":"A306"},"2DB":{"t":"LJ45"},"2E4":{"t":"A321"},"2EA":{"t":"C208"},"2ED":{"t":"P28A"},"2EE":{"desc":"L2J","t":"GA7C"},"2F0":{"t":"F2TH"},"2F3":{"t":"SS2T"},"2FE":{"t":"PRM1"},"2FF":{"t":"F900"},"302":{"desc":"L1P"},"309":{"desc":"L1P"},"314":{"t":"C182"},"318":{"desc":"H2T"},"31F":{"t":"M20P"},"321":{"desc":"H1P"},"322":{"t":"FDCT"},"323":{"t":"SR22"},"329":{"t":"COL3"},"32A":{"t":"R44"},"32B":{"desc":"L1T","t":"PA46"},"32F":{"t":"CL60"},"331":{"t":"RV12"},"338":{"desc":"L1P"},"33B":{"desc":"L1P"},"33C":{"desc":"H4E"},"346":{"t":"SR22"},"349":{"desc":"L1P"},"34A":{"t":"S22T"},"351":{"desc":"L1P"},"355":{"t":"C56X"},"357":{"t":"A119"},"35C":{"t":"E55P"},"35D":{"desc":"L1P"},"35F":{"t":"A109"},"363":{"t":"C500"},"364":{"t":"C172"},"366":{"desc":"L1P"},"368":{"t":"EC30"},"36A":{"desc":"L1P"},"36B":{"t":"TBM7"},"36C":{"t":"C25B"},"36D":{"t":"C182"},"36E":{"t":"G280"},"371":{"desc":"G1P"},"373":{"t":"B190"},"374":{"t":"S22T"},"376":{"t":"C208"},"37C":{"t":"C182"},"37F":{"t":"C172"},"386":{"desc":"L2T"},"387":{"t":"P28A"},"394":{"t":"C25B"},"39D":{"desc":"H6E"},"39F":{"t":"C182"},"3A3":{"desc":"L1P"},"3A8":{"t":"PA18"},"3AC":{"t":"M20T"},"3AD":{"t":"CRJ7"},"3CE":{"t":"BALL"},"3D5":{"t":"P32R"},"3D6":{"t":"P28A"},"3D9":{"t":"P28A"},"3DA":{"t":"C421"},"3DC":{"t":"LJ60"},"3DE":{"t":"BALL"},"3DF":{"desc":"L1P"},"3E2":{"desc":"L1P"},"3E7":{"t":"C560"},"3E9":{"t":"P32T"},"3EA":{"t":"C172"},"3F1":{"t":"CRJ7"},"3F2":{"t":"BL17"},"3F3":{"t":"C441"},"3F4":{"t":"C25A"},"3F5":{"t":"C172"},"3F6":{"desc":"L1P"},"3F7":{"desc":"A1P","t":"ULAC"},"3FC":{"t":"B737"},"400":{"desc":"L1P"},"401":{"t":"BE20"},"403":{"desc":"L2P"},"408":{"t":"C172"},"40B":{"desc":"L1P"},"414":{"t":"GLEX"},"425":{"desc":"H4E"},"42A":{"t":"BALL"},"42E":{"t":"A319"},"432":{"desc":"L1P"},"43D":{"t":"B06"},"44B":{"t":"SR20"},"456":{"t":"BE20"},"460":{"t":"CL30"},"461":{"desc":"L1P"},"464":{"desc":"L1J"},"46D":{"t":"C750"},"496":{"t":"RV12"},"4B0":{"t":"C172"},"4B1":{"t":"BALL"},"4B2":{"t":"T28"},"4B3":{"t":"PA18"},"4B4":{"t":"C182"},"4B5":{"t":"C150"},"4B6":{"t":"C172"},"4BA":{"t":"AA5"},"4BB":{"t":"C175"},"4BE":{"t":"C172"},"4C3":{"t":"B407"},"4C4":{"t":"P28A"},"4C8":{"t":"L8"},"4CB":{"t":"L8"},"4CC":{"t":"BALL"},"4CE":{"t":"BALL"},"4CF":{"t":"C182"},"4D0":{"t":"L8"},"4D2":{"t":"GLID"},"4D3":{"t":"C172"},"4D6":{"t":"PA18"},"4D7":{"t":"C182"},"4D8":{"t":"C150"},"4D9":{"t":"C172"},"4DA":{"desc":"L1P"},"4DB":{"t":"B06"},"4DC":{"t":"PA20"},"4DE":{"t":"BALL"},"4DF":{"t":"BALL"},"4E0":{"t":"PA24"},"4E1":{"t":"C172"},"4E2":{"t":"P28A"},"4E3":{"t":"BALL"},"4E4":{"t":"C172"},"4E5":{"t":"M20P"},"4E6":{"t":"M20P"},"4E7":{"t":"P28A"},"4E8":{"t":"C150"},"4E9":{"t":"BALL"},"4EB":{"t":"C182"},"4EE":{"t":"L8"},"4EF":{"t":"C182"},"4F0":{"t":"L8"},"4F1":{"t":"C182"},"4F2":{"t":"L8"},"4F4":{"desc":"L1P"},"4F8":{"t":"PA34"},"4F9":{"t":"C206"},"4FC":{"t":"C172"},"500":{"t":"BALL"},"501":{"desc":"H1T","t":"B47G"},"502":{"t":"BE33"},"503":{"t":"BALL"},"504":{"t":"ULAC"},"505":{"t":"R44"},"506":{"t":"C150"},"507":{"t":"C172"},"508":{"t":"M20P"},"50A":{"t":"P28A"},"50B":{"t":"C150"},"50F":{"t":"C182"},"510":{"t":"C182"},"511":{"t":"C182"},"512":{"t":"C182"},"513":{"t":"L8"},"514":{"t":"C182"},"516":{"t":"L8"},"519":{"t":"BALL"},"51A":{"desc":"L1P"},"51B":{"t":"P28A"},"51C":{"t":"PA18"},"51D":{"desc":"L1P","t":"ULAC"},"51E":{"t":"C150"},"51F":{"t":"C172"},"523":{"t":"AA5"},"524":{"desc":"L1P"},"525":{"t":"BE35"},"528":{"t":"P28A"},"529":{"t":"BALL"},"52A":{"t":"C172"},"52B":{"t":"M20P"},"52C":{"t":"M20P"},"52D":{"t":"P28A"},"52F":{"t":"PA30"},"530":{"desc":"L1P"},"531":{"t":"BALL"},"532":{"t":"BALL"},"533":{"t":"L8"},"535":{"t":"C182"},"536":{"t":"L8"},"538":{"t":"C182"},"539":{"t":"C182"},"53B":{"t":"CRJ2"},"53C":{"t":"C172"},"53D":{"t":"PA18"},"53E":{"t":"P28A"},"53F":{"t":"PA31"},"540":{"t":"BALL"},"541":{"t":"C150"},"545":{"t":"PA18"},"546":{"t":"AA5"},"548":{"t":"BE35"},"549":{"t":"BALL"},"54B":{"t":"P28A"},"54C":{"t":"C150"},"54D":{"t":"C172"},"54E":{"t":"M20P"},"54F":{"t":"M20P"},"550":{"t":"P28A"},"551":{"t":"BALL"},"552":{"t":"PA30"},"554":{"t":"C182"},"555":{"t":"C182"},"556":{"desc":"L1P"},"557":{"t":"L8"},"558":{"desc":"L1P"},"55B":{"t":"L8"},"564":{"t":"C150"},"565":{"t":"C172"},"56B":{"t":"BE35"},"56E":{"desc":"L1P"},"56F":{"t":"C150"},"578":{"t":"C182"},"579":{"t":"C182"},"57C":{"t":"C182"},"57D":{"t":"C182"},"580":{"t":"C182"},"582":{"t":"C172"},"583":{"t":"PA18"},"585":{"t":"PA18"},"586":{"t":"C182"},"587":{"t":"C150"},"58B":{"t":"BE58"},"591":{"t":"P28A"},"593":{"t":"C172"},"596":{"t":"P28A"},"598":{"t":"PA30"},"59A":{"t":"L8"},"59B":{"desc":"L1P"},"59C":{"t":"L8"},"59D":{"t":"BALL"},"59F":{"t":"C182"},"5A2":{"t":"L8"},"5A5":{"t":"C172"},"5A6":{"t":"PA18"},"5A7":{"desc":"L1P"},"5AA":{"t":"C150"},"5AC":{"t":"J3"},"5B0":{"t":"C175"},"5B4":{"t":"P28A"},"5B9":{"t":"P28A"},"5BA":{"t":"C150"},"5BB":{"t":"PA30"},"5BD":{"t":"C182"},"5C1":{"t":"BALL"},"5C2":{"t":"C182"},"5C3":{"t":"L8"},"5C5":{"t":"C182"},"5C6":{"t":"BALL"},"5C9":{"t":"P337"},"5CA":{"t":"BALL"},"5CC":{"t":"C182"},"5CD":{"t":"H500"},"5CE":{"t":"C172"},"5CF":{"t":"R22"},"5D1":{"t":"PA18"},"5D3":{"t":"C175"},"5D5":{"t":"PA24"},"5D7":{"t":"P28A"},"5D8":{"t":"C150"},"5DA":{"t":"R22"},"5DC":{"t":"P28A"},"5E1":{"t":"CH7A"},"5E5":{"t":"C182"},"5E6":{"t":"L8"},"5E8":{"t":"L8"},"5E9":{"desc":"L1P"},"5EC":{"t":"PA18"},"5ED":{"t":"BALL"},"5F0":{"t":"P28A"},"5F3":{"desc":"L1P"},"5FA":{"t":"P28A"},"5FB":{"t":"BALL"},"5FC":{"t":"C172"},"5FE":{"t":"M20P"},"5FF":{"t":"P28A"},"602":{"t":"U21"},"603":{"t":"C182"},"604":{"t":"L8"},"605":{"t":"L8"},"607":{"t":"L8"},"608":{"t":"BALL"},"609":{"t":"BALL"},"60B":{"t":"L8"},"60C":{"t":"C182"},"60E":{"desc":"H6E"},"60F":{"t":"S22T"},"610":{"desc":"L1P"},"611":{"t":"BL8"},"614":{"t":"S22T"},"615":{"t":"SR20"},"616":{"t":"SR22"},"617":{"t":"LJ35"},"619":{"t":"GLF5"},"61A":{"t":"LJ55"},"61B":{"t":"B77W"},"61C":{"t":"SR22"},"61E":{"t":"P28A"},"61F":{"t":"CL30"},"623":{"t":"BE36"},"626":{"desc":"L1P"},"627":{"t":"BE35"},"628":{"t":"FDCT"},"62A":{"desc":"L1P"},"62B":{"t":"C414"},"62E":{"t":"SR22"},"632":{"t":"PA46"},"634":{"t":"CL60"},"637":{"t":"C525"},"638":{"t":"M20P"},"63E":{"t":"M20P"},"640":{"t":"S108"},"641":{"desc":"L1P"},"642":{"t":"C550"},"644":{"t":"C56X"},"645":{"t":"C172"},"647":{"t":"C414"},"648":{"t":"C550"},"64B":{"t":"EC30"},"64E":{"t":"C182"},"651":{"desc":"L1P"},"655":{"desc":"L1P"},"656":{"t":"BALL"},"659":{"t":"C560"},"65A":{"t":"AT8T"},"65B":{"desc":"L1P"},"65C":{"t":"BE20"},"65D":{"t":"E55P"},"65F":{"t":"SR22"},"660":{"t":"GLID"},"662":{"t":"BL8"},"663":{"t":"T210"},"664":{"desc":"L1P"},"665":{"t":"S22T"},"669":{"t":"PA18"},"66E":{"desc":"L1P"},"66F":{"t":"GLF4"},"672":{"t":"M7"},"674":{"t":"LJ55"},"675":{"desc":"L1P"},"677":{"desc":"L1P"},"679":{"t":"SR22"},"67A":{"t":"C56X"},"680":{"t":"CL30"},"682":{"t":"BE58"},"684":{"t":"C510"},"686":{"t":"CRJ7"},"68F":{"t":"A306"},"693":{"desc":"L2J"},"696":{"t":"P28A"},"698":{"t":"BALL"},"69B":{"t":"A321"},"69C":{"t":"GLID"},"69D":{"t":"AA5"},"6A1":{"t":"C208"},"6A4":{"t":"C172"},"6A6":{"desc":"L1P"},"6AB":{"t":"S22T"},"6AF":{"desc":"L2J"},"6B0":{"t":"PA46"},"6B6":{"desc":"L1T"},"6BE":{"t":"C25A"},"6BF":{"t":"LJ55"},"6C1":{"t":"EA50"},"6C9":{"desc":"L1P"},"6CB":{"t":"C208"},"6CC":{"desc":"L1P","t":"LA4"},"6CD":{"desc":"L1P"},"6CE":{"t":"S22T"},"6D1":{"desc":"L1P"},"6D7":{"t":"ULAC"},"6DA":{"t":"PA18"},"6DD":{"t":"BE9L"},"6DF":{"t":"CL30"},"6E0":{"t":"S22T"},"6E1":{"t":"B712"},"6E2":{"t":"C650"},"6E6":{"desc":"L1P"},"6E7":{"t":"BE33"},"6E8":{"t":"BE33"},"6EB":{"desc":"L1P"},"6F0":{"desc":"L1T","t":"SR22"},"6F3":{"t":"GL5T"},"6F4":{"desc":"L1P"},"6F6":{"t":"S22T"},"6F7":{"t":"BE33"},"6F8":{"desc":"L1P"},"6FB":{"desc":"L1P","t":"ULAC"},"703":{"t":"H25B"},"704":{"t":"T206"},"708":{"t":"BE55"},"709":{"t":"F900"},"70B":{"t":"B190"},"70D":{"desc":"L1T"},"70E":{"t":"FA50"},"714":{"t":"B06"},"716":{"t":"GLID"},"718":{"t":"C421"},"719":{"t":"GLF4"},"71B":{"t":"C172"},"71C":{"t":"BL8"},"721":{"desc":"L1P"},"722":{"t":"H500"},"723":{"desc":"L2J","t":"C680"},"724":{"desc":"L2T"},"725":{"t":"S22T"},"726":{"t":"C172"},"728":{"desc":"L1J"},"72A":{"t":"GLID"},"72C":{"t":"J3"},"72D":{"t":"BE33"},"731":{"t":"P210"},"732":{"t":"S22T"},"733":{"t":"H25B"},"737":{"desc":"L1P"},"73C":{"t":"C56X"},"73D":{"t":"PC12"},"748":{"t":"BE33"},"74C":{"t":"GLEX"},"750":{"desc":"L1P"},"754":{"t":"C208"},"756":{"desc":"L1P"},"75A":{"t":"SR22"},"75D":{"t":"DA40"},"75E":{"t":"GLID"},"75F":{"desc":"L1P","t":"ULAC"},"763":{"desc":"L1P"},"765":{"t":"S22T"},"768":{"t":"GLID"},"76B":{"t":"R44"},"786":{"t":"C172"},"787":{"desc":"A2P"},"788":{"t":"C172"},"789":{"t":"C208"},"78B":{"t":"C172"},"78D":{"t":"GLF6"},"78F":{"t":"C240"},"791":{"desc":"L1P"},"796":{"t":"E50P"},"797":{"t":"PA34"},"79A":{"desc":"L1P"},"79E":{"t":"M20P"},"79F":{"t":"B737"},"7A0":{"desc":"L1P"},"7A2":{"desc":"L1P"},"7A3":{"desc":"L1P"},"7A4":{"desc":"L1P"},"7A6":{"t":"SR20"},"7A8":{"t":"PA46"},"7A9":{"desc":"L1P","t":"ULAC"},"7AA":{"t":"C750"},"7AB":{"t":"S22T"},"7AE":{"desc":"L1P"},"7AF":{"desc":"L1P","t":"ULAC"},"7B1":{"t":"SR22"},"7B3":{"t":"C180"},"7B4":{"t":"C150"},"7B7":{"t":"BE55"},"7B8":{"t":"PA30"},"7B9":{"desc":"L1P","t":"ULAC"},"7BA":{"t":"BALL"},"7BD":{"t":"F2TH"},"7BE":{"t":"BE40"},"7BF":{"t":"C172"},"7C7":{"t":"C550"},"7C8":{"desc":"L1P"},"7CB":{"t":"C310"},"7CC":{"t":"B752"},"7CD":{"desc":"L1P"},"7D0":{"t":"PA31"},"7DE":{"t":"T6"},"7E5":{"t":"A319"},"7EA":{"t":"BE20"},"7EC":{"desc":"L1P"},"7EE":{"t":"B350"},"7F1":{"t":"SF50"},"7F4":{"t":"C560"},"7F5":{"t":"SR22"},"7FA":{"t":"BE60"},"7FB":{"t":"P28A"},"7FD":{"t":"C172"},"801":{"t":"S22T"},"804":{"desc":"L1P"},"80A":{"t":"SR22"},"80B":{"desc":"L1P"},"80C":{"desc":"L1P"},"80F":{"desc":"L1P"},"813":{"t":"PA27"},"81B":{"t":"BE9L"},"824":{"t":"C750"},"837":{"desc":"A1P"},"84D":{"t":"SR22"},"853":{"desc":"L1P"},"859":{"desc":"L1P"},"85F":{"t":"S22T"},"865":{"t":"GLID"},"867":{"t":"ULAC"},"868":{"t":"PA18"},"869":{"t":"BALL"},"86B":{"t":"C182"},"86D":{"t":"C172"},"86E":{"t":"J3"},"86F":{"t":"BALL"},"872":{"t":"BALL"},"873":{"t":"BE35"},"874":{"t":"PA24"},"876":{"t":"P28A"},"878":{"t":"BALL"},"879":{"t":"M20P"},"87A":{"t":"M20P"},"87B":{"t":"P28A"},"87C":{"t":"C150"},"882":{"desc":"L1P","t":"ULAC"},"883":{"t":"L8"},"884":{"t":"C182"},"887":{"t":"L8"},"888":{"t":"BALL"},"88B":{"t":"BALL"},"88C":{"desc":"L1P"},"88D":{"t":"PA18"},"88E":{"t":"C182"},"88F":{"t":"P28A"},"890":{"desc":"L2P"},"891":{"t":"BALL"},"892":{"desc":"L1P","t":"ULAC"},"893":{"desc":"L1P"},"895":{"desc":"L2P"},"898":{"t":"C172"},"899":{"t":"P28A"},"89A":{"t":"C182"},"89F":{"t":"SR22"},"8A0":{"t":"PA30"},"8A1":{"t":"BALL"},"8A2":{"t":"C182"},"8A3":{"t":"L8"},"8A4":{"t":"L8"},"8A7":{"t":"L8"},"8A9":{"t":"L8"},"8AA":{"t":"L8"},"8AC":{"desc":"L1P"},"8B0":{"t":"BALL"},"8B1":{"t":"C182"},"8B4":{"t":"BALL"},"8B5":{"t":"BALL"},"8B6":{"t":"PA18"},"8B9":{"t":"BE35"},"8BA":{"t":"PA24"},"8BB":{"t":"C172"},"8BD":{"t":"C150"},"8BF":{"t":"M20P"},"8C0":{"t":"M20P"},"8C1":{"t":"P28A"},"8C3":{"t":"BALL"},"8C5":{"t":"C182"},"8CB":{"t":"C182"},"8CD":{"t":"M20P"},"8CE":{"t":"BALL"},"8D0":{"t":"C172"},"8D1":{"t":"PA18"},"8D4":{"t":"C182"},"8D5":{"t":"UH12"},"8D6":{"t":"C172"},"8D7":{"t":"J3"},"8DB":{"t":"C175"},"8DC":{"t":"BE35"},"8DE":{"t":"C172"},"8E0":{"t":"UH12"},"8E1":{"t":"C172"},"8E4":{"t":"P28A"},"8E6":{"t":"ULAC"},"8E7":{"t":"PA25"},"8E8":{"t":"L8"},"8E9":{"t":"C182"},"8EA":{"t":"L8"},"8EC":{"t":"L8"},"8ED":{"t":"C182"},"8EE":{"t":"C182"},"8EF":{"t":"L8"},"8F0":{"t":"L8"},"8F3":{"t":"J3"},"8F4":{"t":"PA18"},"8F6":{"desc":"H1P"},"8F7":{"t":"C182"},"8F9":{"t":"C172"},"8FA":{"t":"J3"},"8FC":{"t":"PA18"},"8FF":{"t":"BE33"},"902":{"t":"BALL"},"903":{"t":"C150"},"904":{"t":"C172"},"905":{"t":"M20P"},"906":{"t":"M20P"},"907":{"t":"GLID"},"908":{"t":"C150"},"909":{"t":"J3"},"90F":{"t":"L8"},"911":{"t":"BALL"},"912":{"t":"BALL"},"913":{"t":"C182"},"918":{"t":"BALL"},"919":{"t":"PA18"},"91B":{"t":"C150"},"91C":{"t":"C172"},"91D":{"t":"J3"},"91F":{"t":"PA20"},"920":{"t":"AA1"},"922":{"t":"BE33"},"923":{"t":"PA24"},"924":{"t":"C182"},"925":{"t":"P28A"},"926":{"desc":"L1P"},"927":{"t":"C172"},"928":{"t":"M20P"},"930":{"t":"C182"},"931":{"t":"C182"},"933":{"t":"C172"},"934":{"t":"BALL"},"938":{"t":"T6"},"939":{"t":"C172"},"93A":{"desc":"L1P"},"93D":{"t":"C182"},"941":{"t":"ULAC"},"945":{"t":"BE55"},"947":{"t":"C172"},"949":{"t":"GLF4"},"94C":{"t":"M20P"},"951":{"t":"L8"},"956":{"t":"L8"},"957":{"t":"C182"},"958":{"desc":"L1P"},"959":{"desc":"L1P"},"95A":{"t":"C182"},"95B":{"t":"T6"},"95E":{"t":"C170"},"95F":{"t":"PA18"},"962":{"t":"C172"},"963":{"t":"J3"},"966":{"t":"AA5"},"967":{"t":"C175"},"968":{"t":"BE35"},"969":{"t":"PA24"},"96A":{"t":"C172"},"96B":{"t":"P28A"},"96C":{"t":"C150"},"973":{"t":"BALL"},"974":{"t":"C182"},"975":{"t":"L8"},"976":{"t":"C182"},"977":{"t":"C182"},"978":{"t":"C182"},"97B":{"t":"BALL"},"97E":{"desc":"L1P"},"983":{"desc":"H4E"},"984":{"desc":"L1P"},"987":{"desc":"L1P"},"988":{"t":"PA18"},"989":{"t":"AA5"},"98A":{"t":"C175"},"98B":{"t":"BE55"},"98C":{"t":"PA24"},"98D":{"t":"C172"},"98E":{"t":"P28A"},"98F":{"t":"C150"},"990":{"t":"C172"},"991":{"t":"M20P"},"992":{"t":"M20P"},"993":{"t":"P28A"},"997":{"t":"L8"},"998":{"t":"L8"},"99C":{"t":"C182"},"99F":{"t":"C182"},"9A0":{"t":"L8"},"9A3":{"t":"PA18"},"9A4":{"desc":"L2P"},"9A5":{"t":"PA18"},"9A6":{"t":"C182"},"9AB":{"desc":"L1P"},"9AC":{"desc":"L1P"},"9AD":{"t":"BALL"},"9AE":{"t":"ULAC"},"9AF":{"t":"PA24"},"9B1":{"t":"P28A"},"9B4":{"t":"M20P"},"9B6":{"t":"P28A"},"9B7":{"t":"C150"},"9B8":{"desc":"A2P"},"9BA":{"t":"L8"},"9BC":{"t":"L8"},"9BD":{"t":"L8"},"9C1":{"t":"U21"},"9C4":{"desc":"L2P"},"9C8":{"t":"BE40"},"9CB":{"t":"B190"},"9CE":{"t":"SR22"},"9D0":{"t":"C25A"},"9D1":{"desc":"L1P"},"9D2":{"t":"B77W"},"9D3":{"t":"T210"},"9D6":{"t":"CL30"},"9DF":{"t":"B744"},"9E1":{"t":"GLID"},"9E6":{"t":"E300"},"9E9":{"t":"SR22"},"9EC":{"t":"S22T"},"9F2":{"desc":"L1P"},"9F7":{"desc":"L1P"},"9F8":{"t":"DA42"},"9FA":{"desc":"L1P","t":"ULAC"},"9FB":{"t":"BE33"},"9FD":{"t":"GALX"},"A02":{"t":"SR22"},"A05":{"t":"C182"},"A10":{"desc":"A1P"},"A11":{"desc":"A1T"},"A12":{"desc":"L1P"},"A14":{"t":"GL5T"},"A15":{"t":"S22T"},"A16":{"t":"C172"},"A17":{"t":"GLID"},"A18":{"desc":"L1P"},"A1B":{"t":"DA40"},"A1C":{"desc":"L1P"},"A20":{"desc":"L1P"},"A25":{"t":"GLF4"},"A29":{"t":"J5"},"A2E":{"desc":"L2T"},"A30":{"t":"GLID"},"A31":{"t":"C172"},"A35":{"t":"S22T"},"A37":{"t":"R44"},"A39":{"t":"C172"},"A3D":{"t":"CRJ7"},"A3E":{"desc":"L1P","t":"TB0"},"A46":{"t":"A306"},"A49":{"t":"BE36"},"A4A":{"t":"HDJT"},"A4D":{"t":"P28A"},"A50":{"desc":"L1P","t":"ULAC"},"A52":{"t":"A321"},"A58":{"t":"C208"},"A5C":{"desc":"L2J","t":"GA7C"},"A63":{"t":"AS50"},"A77":{"t":"H25B"},"A7B":{"t":"S61"},"A84":{"t":"PA18"},"A85":{"t":"BE36"},"A86":{"desc":"H2T"},"A8D":{"desc":"L1P"},"A8F":{"t":"S22T"},"A90":{"t":"BE58"},"A92":{"t":"T206"},"A96":{"t":"GLF5"},"A99":{"t":"BE55"},"A9D":{"t":"PA30"},"A9E":{"t":"C182"},"AAF":{"t":"BALL"},"AB4":{"desc":"G1P"},"AB6":{"desc":"L1P"},"AB8":{"t":"P28A"},"ABB":{"desc":"L2T"},"ABF":{"desc":"L1P"},"AC1":{"t":"BALL"},"AC3":{"t":"SR20"},"AC5":{"t":"H25B"},"ACF":{"desc":"L1P"},"AD2":{"t":"C172"},"AD8":{"t":"PA27"},"AD9":{"t":"C310"},"ADB":{"t":"GLF5"},"ADD":{"desc":"H6E"},"AE1":{"t":"C82R"},"AE3":{"t":"AT8T"},"AE4":{"t":"F900"},"AE8":{"t":"B407"},"AEA":{"desc":"L1P"},"AEC":{"t":"C25C"},"AF1":{"desc":"L1P"},"AF3":{"t":"ASTR"},"AF5":{"t":"P28A"},"AF8":{"t":"DA40"},"B0A":{"desc":"H2T"},"B0E":{"desc":"L1P"},"B12":{"desc":"L1P"},"B1B":{"t":"CRJ7"},"B1C":{"t":"M20P"},"B1F":{"t":"COL4"},"B23":{"desc":"L1P"},"B26":{"t":"P32T"},"B32":{"t":"C56X"},"B3E":{"t":"EA50"},"B48":{"desc":"L1P"},"B4C":{"t":"H25B"},"B50":{"desc":"L1P"},"B56":{"t":"S22T"},"B57":{"t":"S22T"},"B58":{"t":"R44"},"B5A":{"desc":"L1P","t":"ULAC"},"B5E":{"t":"H25B"},"B5F":{"t":"CRJ7"},"B63":{"t":"SR22"},"B65":{"t":"SR22"},"B66":{"desc":"S1P"},"B67":{"t":"SR20"},"B6A":{"t":"B737"},"B6F":{"t":"SR20"},"B72":{"t":"PA46"},"B73":{"t":"CH7B"},"B79":{"t":"SR22"},"B7F":{"desc":"L1P"},"B80":{"t":"BE36"},"B83":{"t":"B752"},"B94":{"desc":"H6E"},"BB2":{"desc":"A1P","t":"ULAC"},"BB9":{"desc":"L1P"},"BBA":{"t":"AS55"},"BC0":{"desc":"L1P"},"BC1":{"desc":"L1P"},"BD2":{"t":"S22T"},"BEB":{"t":"G164"},"C1E":{"desc":"L1P"},"C1F":{"t":"PA18"},"C20":{"desc":"L1P"},"C22":{"t":"C182"},"C23":{"t":"BALL"},"C24":{"t":"C172"},"C27":{"t":"BALL"},"C28":{"t":"AA5"},"C2B":{"t":"PA24"},"C2D":{"t":"P28A"},"C2F":{"t":"BALL"},"C30":{"t":"M20P"},"C31":{"t":"M20P"},"C32":{"t":"PA11"},"C34":{"t":"PA30"},"C36":{"t":"L8"},"C37":{"t":"L8"},"C38":{"t":"L8"},"C3A":{"t":"L8"},"C3B":{"t":"C182"},"C3C":{"t":"L8"},"C3E":{"desc":"L1P"},"C3F":{"t":"C182"},"C41":{"t":"C172"},"C42":{"t":"PA18"},"C46":{"t":"C150"},"C48":{"t":"U21"},"C49":{"t":"U21"},"C4B":{"t":"AA5"},"C4C":{"t":"C175"},"C4D":{"t":"BE33"},"C4E":{"t":"PA24"},"C52":{"t":"C172"},"C53":{"t":"M20P"},"C55":{"t":"P28A"},"C56":{"t":"C150"},"C57":{"t":"PA27"},"C59":{"desc":"L1P"},"C5A":{"t":"C182"},"C5B":{"t":"C182"},"C5C":{"t":"L8"},"C5D":{"t":"L8"},"C5E":{"t":"C182"},"C5F":{"t":"L8"},"C61":{"t":"C182"},"C62":{"t":"L8"},"C64":{"t":"C172"},"C65":{"t":"PA18"},"C68":{"t":"C182"},"C6A":{"t":"C172"},"C6E":{"t":"AA5"},"C6F":{"t":"C175"},"C70":{"t":"SR20"},"C72":{"t":"C182"},"C73":{"t":"P28A"},"C74":{"t":"C150"},"C75":{"t":"C172"},"C76":{"t":"M20P"},"C77":{"t":"M20P"},"C78":{"t":"P28A"},"C7B":{"desc":"H1P"},"C80":{"t":"L8"},"C81":{"t":"L8"},"C82":{"t":"L8"},"C85":{"t":"L8"},"C87":{"t":"C172"},"C89":{"t":"R44"},"C8A":{"t":"PA18"},"C8B":{"desc":"L1P"},"C8C":{"t":"C150"},"C8E":{"desc":"L1P"},"C90":{"t":"PA30"},"C92":{"t":"C175"},"C93":{"t":"R44"},"C94":{"t":"R44"},"C95":{"t":"C172"},"C96":{"t":"P28A"},"C9A":{"t":"M20P"},"C9B":{"t":"R44"},"C9C":{"t":"R22"},"CA0":{"t":"C182"},"CA2":{"t":"C182"},"CA4":{"t":"L8"},"CA5":{"t":"L8"},"CA9":{"desc":"L1P"},"CAA":{"t":"C172"},"CAB":{"t":"PA18"},"CAD":{"t":"PA18"},"CAF":{"t":"C150"},"CB0":{"t":"R44"},"CB1":{"t":"J3"},"CB4":{"t":"AA5"},"CB6":{"t":"R44"},"CB7":{"t":"PA24"},"CB8":{"t":"C182"},"CBA":{"t":"C150"},"CBB":{"t":"C172"},"CBC":{"t":"M20P"},"CC6":{"t":"C182"},"CC7":{"t":"L8"},"CC8":{"t":"C182"},"CCC":{"desc":"L2P"},"CCD":{"t":"RV12"},"CCE":{"t":"PA18"},"CD1":{"t":"C182"},"CD2":{"t":"P28A"},"CD3":{"t":"C172"},"CD5":{"t":"R44"},"CD9":{"t":"BE35"},"CDA":{"t":"PA24"},"CDC":{"t":"P28A"},"CDD":{"t":"BALL"},"CE0":{"t":"M20P"},"CE1":{"t":"P28A"},"CE7":{"t":"ULAC"},"CE9":{"t":"L8"},"CF0":{"t":"C172"},"CF1":{"t":"PA18"},"CF2":{"t":"C172"},"CF3":{"t":"PA18"},"CF8":{"t":"R22"},"CFA":{"t":"AA5"},"CFF":{"t":"R22"},"D00":{"t":"C150"},"D02":{"t":"M20P"},"D03":{"t":"M20P"},"D04":{"t":"P28A"},"D05":{"t":"C150"},"D06":{"t":"PA30"},"D08":{"t":"C182"},"D09":{"t":"L8"},"D0A":{"t":"L8"},"D0E":{"t":"C182"},"D0F":{"t":"C182"},"D10":{"t":"L8"},"D13":{"t":"C172"},"D15":{"t":"C152"},"D18":{"t":"C150"},"D1C":{"t":"R22"},"D1E":{"desc":"L1P","t":"ULAC"},"D21":{"t":"C172"},"D22":{"t":"C182"},"D23":{"t":"R22"},"D24":{"t":"C172"},"D27":{"t":"R22"},"D28":{"t":"R44"},"D29":{"t":"PA30"},"D2A":{"t":"PA18"},"D2D":{"t":"L8"},"D2F":{"desc":"L1P","t":"ULAC"},"D30":{"t":"L8"},"D31":{"t":"C182"},"D34":{"t":"C182"},"D35":{"desc":"L1P"},"D38":{"t":"C82T"},"D39":{"t":"R44"},"D3A":{"t":"C182"},"D3B":{"t":"C150"},"D3C":{"t":"C172"},"D3D":{"t":"J3"},"D3E":{"t":"R22"},"D40":{"t":"AA5"},"D41":{"t":"C175"},"D42":{"t":"R22"},"D43":{"t":"PA24"},"D44":{"t":"C172"},"D48":{"t":"M20P"},"D49":{"t":"M20P"},"D4A":{"t":"P28A"},"D4B":{"t":"C150"},"D4C":{"t":"PA30"},"D4D":{"t":"ULAC"},"D4E":{"t":"C182"},"D51":{"t":"L8"},"D52":{"t":"C182"},"D53":{"t":"B350"},"D55":{"t":"L8"},"D56":{"t":"R44"},"D59":{"t":"C172"},"D5E":{"t":"C150"},"D5F":{"t":"C172"},"D61":{"desc":"L1P"},"D62":{"t":"R22"},"D63":{"t":"AA5"},"D66":{"t":"PA24"},"D67":{"t":"C172"},"D68":{"t":"P28A"},"D6C":{"t":"M20P"},"D6E":{"t":"C150"},"D6F":{"t":"PA30"},"D70":{"t":"R44"},"D71":{"t":"C182"},"D72":{"t":"L8"},"D73":{"t":"L8"},"D74":{"t":"L8"},"D76":{"t":"L8"},"D77":{"t":"C182"},"D7A":{"desc":"L1P"},"D7B":{"t":"CH7A"},"D7E":{"t":"SR20"},"D7F":{"t":"CH7B"},"D81":{"t":"E135"},"D82":{"desc":"L1P"},"D84":{"desc":"L1P"},"D86":{"t":"AS50"},"D88":{"desc":"L1P"},"D89":{"t":"B77W"},"D8A":{"desc":"L1P"},"D8D":{"t":"CL30"},"D90":{"t":"CRJ2"},"D91":{"t":"C182"},"D95":{"desc":"L1P"},"D96":{"desc":"A1P","t":"ULAC"},"D98":{"desc":"L1P","t":"ULAC"},"D99":{"desc":"L1P"},"D9D":{"t":"BE20"},"D9E":{"t":"BALL"},"DAF":{"t":"LJ35"},"DB0":{"t":"B06"},"DB2":{"t":"SR22"},"DBA":{"t":"SR20"},"DBC":{"t":"C182"},"DBF":{"t":"SR22"},"DC0":{"t":"C25B"},"DC6":{"desc":"L1P"},"DC7":{"t":"PRM1"},"DCA":{"t":"SR22"},"DCD":{"t":"P28B"},"DCE":{"t":"GLID"},"DCF":{"desc":"L1P"},"DD0":{"desc":"L1P"},"DD2":{"t":"PA18"},"DD3":{"desc":"L1P"},"DD8":{"desc":"L1P"},"DDC":{"t":"FA50"},"DE0":{"t":"WACO"},"DE3":{"desc":"L1P"},"DE4":{"t":"SR22"},"DEB":{"t":"BE40"},"DF4":{"t":"CRJ7"},"DFD":{"t":"A306"},"E01":{"t":"HDJT"},"E04":{"t":"P28A"},"E09":{"t":"A321"},"E0F":{"t":"C208"},"E16":{"desc":"L2J","t":"GA7C"},"E18":{"desc":"H1T"},"E1D":{"t":"B190"},"E27":{"t":"PA18"},"E32":{"t":"H25B"},"E33":{"desc":"L1P"},"E3D":{"desc":"H1T"},"E40":{"desc":"L1P"},"E44":{"t":"ULAC"},"E46":{"t":"LJ60"},"E48":{"t":"S22T"},"E54":{"t":"BALL"},"E55":{"desc":"L1P"},"E5E":{"desc":"L1P","t":"ULAC"},"E63":{"desc":"L1P"},"E64":{"t":"S22T"},"E71":{"desc":"H1T"},"E73":{"desc":"L2J"},"E76":{"t":"C25C"},"E77":{"t":"C172"},"E78":{"desc":"L1P"},"E81":{"t":"S22T"},"E82":{"t":"SR22"},"E83":{"desc":"L1P"},"E84":{"t":"S22T"},"E87":{"t":"EC35"},"E89":{"t":"C172"},"E8F":{"t":"DA40"},"E90":{"t":"HUSK"},"E92":{"t":"F2TH"},"E93":{"desc":"L1P"},"E96":{"desc":"G1P"},"E9B":{"desc":"L1P"},"E9D":{"t":"C25C"},"E9F":{"t":"P28A"},"EA1":{"desc":"L1P"},"EA4":{"t":"BL8"},"EAB":{"t":"C680"},"EAC":{"t":"P28A"},"EB2":{"t":"C25B"},"EC1":{"t":"PA31"},"EC3":{"t":"BE9L"},"EC4":{"t":"PC12"},"EC5":{"desc":"L1P"},"ECA":{"desc":"L1P","t":"ULAC"},"ECD":{"desc":"L1P"},"ED2":{"t":"CRJ7"},"EDA":{"desc":"L1P","t":"ULAC"},"EF3":{"desc":"L1P"},"EFB":{"desc":"L1P"},"EFC":{"t":"BALL"},"EFF":{"t":"C560"},"F04":{"desc":"L1P","t":"ULAC"},"F07":{"desc":"L1P"},"F0C":{"t":"C182"},"F0D":{"t":"GLF4"},"F0E":{"desc":"L1P"},"F13":{"t":"BE35"},"F14":{"t":"F900"},"F15":{"t":"HDJT"},"F16":{"t":"CRJ7"},"F1C":{"t":"SR22"},"F1D":{"t":"HDJT"},"F1E":{"t":"ULAC"},"F21":{"t":"B737"},"F22":{"desc":"L1P"},"F27":{"desc":"L1P","t":"TB0"},"F2B":{"t":"R44"},"F2D":{"t":"C172"},"F36":{"t":"S22T"},"F37":{"t":"C56X"},"F58":{"t":"RV12"},"F5A":{"desc":"G1P","t":"GYRO"},"F70":{"desc":"L1P"},"F71":{"desc":"H4E"},"F72":{"desc":"L1P"},"F75":{"t":"RV12"},"F76":{"t":"BALL"},"F7C":{"t":"M7"},"F80":{"t":"C550"},"F82":{"t":"PA34"},"F87":{"t":"HUSK"},"F92":{"t":"C750"},"F97":{"desc":"L1P"},"FA2":{"t":"G164"},"FD5":{"t":"R44"},"FD6":{"t":"PA22"},"FD7":{"t":"R22"},"FD8":{"t":"PA18"},"FD9":{"t":"C182"},"FDB":{"t":"C172"},"FDF":{"t":"AA5"},"FE0":{"t":"C175"},"FE3":{"t":"M20P"},"FE9":{"t":"P28A"},"FEB":{"t":"PA30"},"FED":{"t":"C206"},"FEE":{"t":"L8"},"FF5":{"t":"C337"},"FF9":{"t":"R22"},"FFB":{"t":"PA18"},"FFC":{"t":"R22"},"FFE":{"t":"C150"},"FFF":{"desc":"L1P","t":"ULAC"}}