{"001":{"t":"ULAC"},"004":{"t":"BE9L"},"005":{"t":"PA24"},"008":{"t":"C182"},"009":{"t":"C172"},"00A":{"t":"M20P"},"00C":{"desc":"L1P","t":"ULAC"},"00D":{"t":"C150"},"00F":{"t":"PA25"},"012":{"t":"BALL"},"018":{"t":"L8"},"019":{"t":"L8"},"01C":{"t":"R44"},"01F":{"t":"C182"},"020":{"desc":"L1P"},"022":{"t":"R44"},"025":{"t":"AA5"},"026":{"desc":"L1P","t":"ULAC"},"027":{"t":"BE33"},"028":{"t":"PA24"},"029":{"t":"C172"},"02B":{"t":"R22"},"02D":{"t":"R44"},"02F":{"t":"P28A"},"032":{"t":"PA25"},"034":{"t":"R22"},"036":{"t":"L8"},"037":{"t":"T206"},"03B":{"t":"L8"},"03C":{"t":"L8"},"041":{"t":"PA18"},"042":{"t":"C182"},"046":{"t":"ULAC"},"047":{"t":"ULAC"},"048":{"t":"AA5"},"049":{"t":"U21"},"04A":{"t":"BE35"},"04B":{"t":"PA24"},"04F":{"t":"C172"},"050":{"t":"R22"},"051":{"t":"M20P"},"053":{"t":"C150"},"054":{"t":"R44"},"056":{"t":"L8"},"057":{"t":"L8"},"058":{"t":"L8"},"05C":{"t":"L8"},"05D":{"t":"L8"},"060":{"t":"C150"},"061":{"t":"C172"},"062":{"t":"PA22"},"063":{"t":"P28R"},"064":{"t":"PA18"},"067":{"t":"C172"},"06A":{"t":"R22"},"06D":{"t":"BE35"},"06E":{"desc":"L1P","t":"ULAC"},"06F":{"t":"C172"},"070":{"t":"P28A"},"072":{"t":"C172"},"075":{"t":"P28A"},"078":{"t":"R44"},"07A":{"t":"L8"},"07B":{"t":"L8"},"07E":{"t":"L8"},"083":{"desc":"G1P","t":"GYRO"},"086":{"desc":"L2P"},"087":{"t":"R44"},"088":{"t":"R22"},"089":{"t":"C150"},"08A":{"t":"C172"},"08F":{"t":"C175"},"090":{"t":"BE35"},"091":{"t":"R44"},"092":{"t":"C172"},"094":{"t":"C182"},"097":{"t":"M20P"},"098":{"t":"P28A"},"09B":{"t":"R22"},"0A0":{"t":"L8"},"0A1":{"t":"L8"},"0A7":{"t":"C172"},"0AB":{"t":"C182"},"0AC":{"t":"C150"},"0AE":{"t":"R44"},"0B1":{"t":"AA5"},"0B3":{"t":"BE35"},"0B5":{"t":"C172"},"0B6":{"t":"P28A"},"0B9":{"t":"R44"},"0BB":{"t":"R22"},"0BD":{"t":"PA30"},"0BF":{"t":"L8"},"0C1":{"t":"L8"},"0C4":{"desc":"L1P"},"0C6":{"t":"C206"},"0C7":{"t":"L8"},"0C8":{"t":"L8"},"0CD":{"t":"BE60"},"0D0":{"t":"C172"},"0D1":{"t":"J3"},"0D2":{"t":"R44"},"0D4":{"t":"AA5"},"0D5":{"t":"C175"},"0D9":{"t":"P28A"},"0DB":{"t":"C172"},"0DD":{"t":"R44"},"0E1":{"t":"R22"},"0E8":{"t":"L8"},"0EA":{"t":"L8"},"0ED":{"t":"R22"},"0EE":{"t":"U21"},"0F1":{"t":"C182"},"0F2":{"t":"C150"},"0F3":{"t":"C172"},"0F5":{"t":"R22"},"0F8":{"desc":"L1P"},"0F9":{"t":"R22"},"0FB":{"t":"C172"},"0FC":{"t":"P28A"},"0FD":{"desc":"G1P"},"100":{"t":"M20P"},"102":{"t":"C150"},"103":{"t":"U21"},"104":{"t":"PA25"},"106":{"t":"L8"},"108":{"desc":"L1P"},"10B":{"t":"L8"},"10D":{"t":"L8"},"10F":{"desc":"L1P"},"113":{"t":"U21"},"114":{"t":"C182"},"115":{"t":"C150"},"117":{"t":"U21"},"119":{"t":"PA18"},"11A":{"t":"U21"},"11D":{"t":"PA24"},"11F":{"t":"P28A"},"120":{"t":"U21"},"124":{"t":"P28A"},"125":{"t":"C150"},"126":{"t":"PA30"},"129":{"t":"C206"},"12C":{"t":"C206"},"12D":{"t":"BALL"},"12F":{"t":"L8"},"130":{"t":"L8"},"132":{"t":"BE30"},"133":{"t":"C140"},"134":{"t":"ST75"},"135":{"t":"PA25"},"136":{"t":"C525"},"137":{"t":"S22T"},"138":{"desc":"L1P"},"13A":{"t":"C510"},"13B":{"t":"AS50"},"13C":{"t":"GLID"},"13D":{"desc":"L1P"},"13E":{"t":"BE55"},"143":{"t":"BL8"},"144":{"t":"GLID"},"145":{"t":"ULAC"},"14A":{"t":"LJ35"},"14B":{"t":"PC12"},"14D":{"t":"ST75"},"14E":{"desc":"L1P"},"150":{"t":"O1"},"152":{"desc":"L1P"},"153":{"t":"BE55"},"154":{"desc":"L1P"},"155":{"desc":"L1P"},"156":{"t":"SR22"},"157":{"t":"C172"},"158":{"desc":"H1T"},"159":{"desc":"L1P"},"15C":{"t":"BE36"},"15E":{"t":"C525"},"161":{"t":"PA18"},"164":{"desc":"L1P"},"165":{"t":"C195"},"166":{"t":"P337"},"167":{"t":"P46T"},"168":{"t":"C172"},"169":{"t":"P28A"},"16C":{"t":"B58T"},"170":{"desc":"L1P"},"171":{"t":"C172"},"172":{"desc":"L1P"},"173":{"t":"C150"},"175":{"desc":"L1P"},"177":{"t":"FDCT"},"178":{"t":"BE36"},"179":{"t":"PA22"},"17B":{"t":"C172"},"17E":{"t":"BL8"},"180":{"desc":"L1P"},"182":{"desc":"L1P"},"183":{"desc":"H1P"},"184":{"t":"S22T"},"185":{"t":"GLID"},"186":{"t":"R66"},"187":{"t":"RV12"},"188":{"desc":"L1P"},"189":{"t":"BL8"},"18A":{"t":"P28A"},"18B":{"t":"PA24"},"18F":{"t":"ERCO"},"190":{"t":"PA46"},"194":{"desc":"L1P"},"196":{"t":"PC12"},"197":{"t":"ERCO"},"19C":{"desc":"L1P"},"19D":{"t":"C172"},"19F":{"t":"S76"},"1A0":{"t":"GLID"},"1A3":{"t":"GLID"},"1A4":{"t":"SF50"},"1A5":{"t":"DA62"},"1A7":{"t":"C172"},"1A9":{"t":"SR22"},"1B1":{"t":"PA31"},"1B3":{"t":"H25B"},"1B4":{"t":"C750"},"1B5":{"t":"B350"},"1B6":{"t":"C172"},"1B9":{"t":"F900"},"1C2":{"t":"P51"},"1C3":{"desc":"L1P","t":"ULAC"},"1C7":{"t":"M20P"},"1CA":{"t":"R22"},"1CB":{"desc":"H1P"},"1CC":{"desc":"L2T"},"1CF":{"desc":"L1P"},"1D0":{"t":"SR22"},"1D1":{"t":"LJ35"},"1D2":{"t":"C182"},"1D4":{"t":"BE9L"},"1D7":{"t":"BE36"},"1D9":{"t":"R22"},"1DA":{"desc":"L1P"},"1DB":{"desc":"L2P"},"1DD":{"desc":"L1P","t":"LA4"},"1DE":{"desc":"L4J"},"1DF":{"desc":"L1P","t":"ULAC"},"1E0":{"t":"CL30"},"1E3":{"t":"H25B"},"1E4":{"t":"PA27"},"1E5":{"t":"PA46"},"1E7":{"desc":"A1P"},"1EA":{"t":"R44"},"1EB":{"t":"HDJT"},"1ED":{"t":"LJ45"},"1EE":{"desc":"L1P"},"1F0":{"t":"AS50"},"1F1":{"desc":"L1P"},"1F2":{"desc":"H2T"},"1F3":{"t":"C182"},"1F4":{"t":"BE20"},"1F7":{"t":"J3"},"1F9":{"t":"HUSK"},"1FB":{"t":"U21"},"1FC":{"t":"C414"},"1FD":{"desc":"L1P"},"1FE":{"t":"M20P"},"200":{"t":"SR22"},"201":{"t":"LJ35"},"202":{"t":"C182"},"203":{"desc":"L1P"},"204":{"t":"PAY1"},"208":{"t":"C172"},"20D":{"t":"PRM1"},"20F":{"desc":"L1P"},"210":{"t":"C525"},"214":{"t":"P28B"},"215":{"t":"C208"},"216":{"t":"HUSK"},"217":{"t":"CH7B"},"218":{"t":"S22T"},"21A":{"t":"C182"},"21B":{"t":"C414"},"21C":{"desc":"L1P"},"21D":{"desc":"L1P"},"21E":{"t":"BE36"},"220":{"t":"S22T"},"222":{"desc":"L1P"},"224":{"desc":"L1P"},"229":{"desc":"L1P"},"22A":{"t":"BALL"},"22D":{"t":"U21"},"22E":{"t":"H25B"},"22F":{"t":"BALL"},"230":{"t":"AS50"},"232":{"desc":"L1P"},"233":{"t":"CH7B"},"234":{"desc":"L1T","t":"M600"},"235":{"desc":"L2T"},"237":{"t":"PA31"},"238":{"t":"SR22"},"239":{"t":"AA5"},"23A":{"t":"GA5C"},"23B":{"t":"H269"},"23D":{"t":"BE36"},"23F":{"t":"H269"},"242":{"desc":"L1P"},"243":{"desc":"L1P"},"246":{"desc":"L1P"},"248":{"t":"BE36"},"249":{"t":"C182"},"24A":{"t":"BE36"},"24B":{"desc":"L1P"},"24C":{"t":"BE36"},"24D":{"t":"M20P"},"24E":{"t":"P28T"},"251":{"desc":"L1P"},"254":{"t":"M20P"},"256":{"t":"C182"},"257":{"desc":"L1P","t":"ULAC"},"25A":{"desc":"L1P"},"25B":{"t":"PA30"},"25C":{"desc":"L1P"},"25E":{"t":"DA40"},"25F":{"t":"P28A"},"264":{"t":"BE40"},"266":{"t":"B350"},"268":{"desc":"L1P"},"271":{"t":"C510"},"273":{"desc":"L1P"},"274":{"desc":"L1P"},"27A":{"desc":"L1P"},"27D":{"t":"C172"},"27E":{"t":"C172"},"27F":{"desc":"L1P"},"280":{"desc":"A1P"},"282":{"t":"R44"},"283":{"t":"BE36"},"288":{"desc":"L1P"},"289":{"t":"F900"},"28A":{"t":"BE58"},"28C":{"t":"BE36"},"290":{"desc":"L1P"},"2A3":{"t":"CH7B"},"2AA":{"t":"C170"},"2AB":{"t":"E110"},"2AD":{"desc":"L1P"},"2AE":{"desc":"L1P"},"2AF":{"t":"DA62"},"2B0":{"desc":"H1P"},"2B1":{"t":"C208"},"2B2":{"desc":"A1P"},"2B3":{"t":"P28R"},"2B4":{"t":"T206"},"2B6":{"desc":"L1P"},"2B8":{"t":"PA18"},"2BB":{"desc":"L1P"},"2BE":{"desc":"L1P"},"2C0":{"t":"C182"},"2C2":{"t":"PA18"},"2C5":{"t":"PA24"},"2C6":{"t":"B58T"},"2C7":{"t":"PA32"},"2C8":{"t":"PC12"},"2C9":{"desc":"L1P"},"2CA":{"t":"C56X"},"2CB":{"desc":"L1P"},"2CC":{"t":"P28U"},"2CE":{"t":"A119"},"2CF":{"t":"CL30"},"2D3":{"t":"C510"},"2D4":{"t":"BE35"},"2D5":{"t":"C172"},"2D9":{"desc":"H1T"},"2DC":{"t":"AA5"},"2DD":{"desc":"L1P","t":"ULAC"},"2E0":{"desc":"L1P"},"2E1":{"t":"ECHO"},"2E2":{"t":"M20P"},"2E3":{"t":"BE9L"},"2E4":{"desc":"L1P"},"2E7":{"desc":"L1P"},"2E8":{"t":"BE55"},"2E9":{"t":"C172"},"2EA":{"desc":"A1P"},"2EC":{"t":"C182"},"2EE":{"desc":"L1T"},"2F2":{"desc":"L1P"},"2FF":{"t":"C680"},"306":{"t":"C182"},"30E":{"desc":"L1P"},"310":{"desc":"L1P"},"311":{"t":"C182"},"315":{"t":"PA46"},"316":{"t":"C182"},"317":{"t":"C501"},"31A":{"desc":"L1P"},"31C":{"desc":"L1P"},"31E":{"desc":"L1P","t":"ULAC"},"320":{"t":"C340"},"322":{"t":"P210"},"328":{"t":"BE77"},"329":{"desc":"A1P"},"32B":{"t":"R44"},"32E":{"t":"P28B"},"32F":{"t":"PA18"},"330":{"desc":"L1P"},"331":{"t":"PA18"},"332":{"desc":"L1P"},"333":{"desc":"L1P"},"334":{"desc":"L1P"},"335":{"t":"BE36"},"337":{"t":"PA18"},"339":{"t":"BE36"},"33E":{"t":"P46T"},"34B":{"t":"C56X"},"34E":{"t":"C172"},"351":{"desc":"L1P"},"352":{"desc":"L1P","t":"ULAC"},"359":{"t":"AR11"},"35B":{"t":"SR22"},"36F":{"desc":"L1P"},"379":{"t":"T206"},"38A":{"t":"GLID"},"38B":{"desc":"L1P"},"38F":{"t":"CH7B"},"390":{"t":"GLF4"},"393":{"desc":"L5P"},"396":{"desc":"L1P"},"398":{"t":"BE20"},"399":{"t":"B77W"},"39C":{"desc":"H4E"},"3A0":{"t":"CRJ2"},"3A2":{"t":"DC10"},"3A5":{"t":"B06"},"3A6":{"t":"BALL"},"3A7":{"desc":"L1P","t":"ULAC"},"3AD":{"t":"E300"},"3AF":{"desc":"L1P","t":"ULAC"},"3B0":{"t":"GLID"},"3BE":{"t":"BE10"},"3C0":{"desc":"L1P"},"3C2":{"t":"SR22"},"3C5":{"t":"SR20"},"3C6":{"t":"B737"},"3C7":{"t":"TBM7"},"3C8":{"t":"B722"},"3C9":{"t":"B407"},"3CA":{"t":"R44"},"3CC":{"t":"C172"},"3CF":{"t":"C180"},"3D0":{"t":"SR22"},"3D1":{"t":"C140"},"3D7":{"t":"BE35"},"3DA":{"desc":"L2J"},"3DE":{"t":"SR20"},"3E5":{"t":"B407"},"3E8":{"t":"BALL"},"3EC":{"t":"BE33"},"3F3":{"t":"SR22"},"3F5":{"t":"E55P"},"404":{"t":"CRJ7"},"40A":{"t":"SR20"},"40D":{"t":"A306"},"411":{"t":"C185"},"413":{"t":"AS50"},"414":{"t":"P28A"},"419":{"t":"A321"},"41A":{"t":"C421"},"41F":{"t":"C208"},"424":{"t":"C56X"},"425":{"t":"P28R"},"426":{"desc":"L2J"},"427":{"t":"C210"},"429":{"t":"LJ45"},"430":{"t":"P28A"},"433":{"desc":"L2J","t":"GA7C"},"43F":{"desc":"L1P"},"44A":{"t":"BALL"},"44D":{"desc":"H2T"},"450":{"t":"C680"},"456":{"t":"PA32"},"458":{"t":"S22T"},"45A":{"t":"S22T"},"45C":{"desc":"L1P"},"460":{"t":"S22T"},"462":{"desc":"L1P"},"465":{"t":"GLF5"},"468":{"t":"GLF6"},"470":{"t":"AS50"},"479":{"t":"P32R"},"486":{"t":"C320"},"48C":{"t":"GLF6"},"492":{"t":"DA40"},"496":{"desc":"L1P"},"497":{"desc":"L1P"},"498":{"t":"SR22"},"499":{"t":"C172"},"49F":{"desc":"L1P"},"4A6":{"desc":"L1P"},"4A7":{"t":"PRM1"},"4A8":{"t":"TBM7"},"4AA":{"t":"F900"},"4AB":{"t":"B737"},"4B3":{"t":"PC12"},"4B4":{"desc":"L1P"},"4B8":{"desc":"L1P"},"4CD":{"t":"BE23"},"4CF":{"desc":"H1P"},"4D1":{"t":"SR22"},"4D2":{"t":"P28A"},"4D4":{"t":"PA18"},"4DD":{"t":"BE60"},"4E2":{"t":"CRJ7"},"4EC":{"t":"C208"},"504":{"t":"LJ45"},"50D":{"t":"C182"},"50E":{"t":"S22T"},"515":{"desc":"A1P"},"517":{"desc":"L1P"},"51E":{"t":"C337"},"51F":{"desc":"L1P","t":"ULAC"},"523":{"desc":"L1P"},"524":{"t":"P32R"},"528":{"t":"R44"},"52A":{"desc":"L1P"},"52C":{"t":"B06"},"52F":{"t":"PA44"},"532":{"desc":"L1P"},"535":{"t":"BE35"},"538":{"t":"BALL"},"539":{"t":"SR22"},"541":{"t":"H25B"},"546":{"t":"M20P"},"547":{"desc":"L1P"},"54A":{"t":"E50P"},"54B":{"t":"SR20"},"54E":{"t":"P28A"},"573":{"desc":"L2J"},"57D":{"t":"B734"},"581":{"t":"TBM7"},"583":{"t":"BE58"},"584":{"t":"P32R"},"58D":{"t":"B737"},"591":{"t":"GL5T"},"592":{"t":"C182"},"595":{"t":"LJ35"},"597":{"t":"F2TH"},"599":{"t":"SR22"},"5A2":{"t":"C750"},"5A7":{"t":"BE40"},"5E5":{"t":"C172"},"5E7":{"t":"BE36"},"5E9":{"t":"C182"},"5EB":{"t":"C172"},"5EC":{"t":"BT36"},"5ED":{"t":"P28A"},"5EF":{"t":"AA5"},"5F1":{"t":"BE36"},"5F2":{"t":"PA24"},"5F3":{"t":"C172"},"5F4":{"desc":"L2P"},"5F6":{"t":"C172"},"5F9":{"t":"P28A"},"5FA":{"t":"C150"},"5FB":{"t":"PA30"},"5FC":{"desc":"L2T"},"5FD":{"t":"L8"},"5FE":{"desc":"L1P"},"601":{"desc":"L1P"},"602":{"t":"L8"},"603":{"t":"B58T"},"604":{"t":"BE36"},"606":{"t":"L8"},"608":{"t":"C172"},"609":{"t":"J3"},"60A":{"desc":"L1P"},"60B":{"t":"PA22"},"60D":{"t":"P28A"},"60F":{"t":"M20P"},"610":{"t":"P28A"},"614":{"t":"BE35"},"615":{"t":"M20P"},"617":{"t":"BE55"},"618":{"desc":"L2J"},"619":{"t":"C172"},"61B":{"t":"M20P"},"61C":{"t":"P28A"},"61D":{"t":"M20P"},"621":{"t":"L8"},"622":{"t":"L8"},"623":{"desc":"L1P"},"62C":{"t":"BE35"},"62F":{"t":"C182"},"630":{"t":"BALL"},"631":{"t":"C172"},"633":{"t":"P28A"},"634":{"t":"PA18"},"636":{"t":"B58T"},"637":{"t":"BE35"},"638":{"t":"BALL"},"63A":{"t":"BE55"},"63C":{"t":"C172"},"63D":{"desc":"L2J"},"640":{"t":"C150"},"641":{"t":"BE30"},"645":{"t":"L8"},"64A":{"t":"C206"},"64C":{"t":"L8"},"64E":{"t":"C172"},"64F":{"t":"BE35"},"650":{"t":"B190"},"653":{"t":"P28A"},"654":{"t":"C172"},"656":{"t":"P28A"},"65A":{"t":"BE35"},"65B":{"t":"PA24"},"65D":{"desc":"H4E"},"65F":{"t":"C172"},"660":{"desc":"L2J"},"665":{"t":"PA18"},"667":{"t":"L8"},"668":{"t":"L8"},"66B":{"t":"C177"},"66D":{"t":"L8"},"670":{"t":"G164"},"673":{"t":"P32R"},"675":{"t":"B58T"},"677":{"t":"C172"},"67D":{"t":"BE33"},"67E":{"t":"PA24"},"67F":{"t":"C172"},"682":{"t":"C172"},"683":{"desc":"L2J"},"685":{"t":"P28A"},"688":{"t":"PA25"},"689":{"desc":"L1P"},"68C":{"t":"L8"},"68E":{"t":"BE33"},"693":{"t":"G164"},"694":{"desc":"L1P"},"695":{"t":"BE35"},"698":{"t":"B58T"},"69A":{"t":"C172"},"6A0":{"t":"C182"},"6A1":{"t":"PA24"},"6A2":{"t":"C172"},"6A4":{"t":"C150"},"6A5":{"t":"BE36"},"6A6":{"desc":"L2J"},"6AC":{"t":"C206"},"6AD":{"t":"L8"},"6AE":{"desc":"H1P"},"6AF":{"t":"C402"},"6B2":{"t":"L8"},"6B3":{"t":"L8"},"6B4":{"t":"L8"},"6B5":{"t":"L8"},"6B7":{"t":"C172"},"6B8":{"t":"BE33"},"6B9":{"t":"P28A"},"6BA":{"t":"BT36"},"6BB":{"t":"BE9T"},"6BC":{"t":"P28A"},"6BD":{"t":"C150"},"6BE":{"t":"J3"},"6C1":{"t":"PA22"},"6C5":{"t":"C172"},"6C8":{"t":"C172"},"6C9":{"desc":"L2J"},"6CB":{"t":"P28A"},"6CC":{"t":"C150"},"6CD":{"t":"PA30"},"6D3":{"t":"L8"},"6D4":{"t":"L8"},"6D5":{"desc":"L1P"},"6D8":{"t":"BALL"},"6D9":{"t":"PA18"},"6DB":{"t":"C182"},"6DD":{"t":"PA22"},"6DE":{"desc":"L2T"},"6DF":{"t":"P28A"},"6E0":{"t":"C172"},"6E2":{"t":"P28A"},"6E3":{"t":"BE36"},"6E4":{"t":"BT36"},"6E6":{"t":"C182"},"6E7":{"t":"PA24"},"6E8":{"t":"C172"},"6EA":{"t":"C150"},"6EB":{"t":"C172"},"6ED":{"desc":"L1P"},"6EE":{"t":"P28A"},"6EF":{"t":"C150"},"6F0":{"t":"BE36"},"6F1":{"desc":"L2J","t":"B37M"},"6F2":{"t":"L8"},"6F3":{"t":"L8"},"6F4":{"t":"L8"},"6F5":{"t":"B430"},"6F8":{"t":"L8"},"6FD":{"desc":"L1P"},"700":{"t":"PA22"},"701":{"t":"C182"},"702":{"t":"P28A"},"703":{"t":"C172"},"705":{"t":"P28A"},"708":{"t":"BE36"},"709":{"desc":"L1T"},"70C":{"t":"BE35"},"70F":{"desc":"L2J","t":"B37M"},"710":{"t":"BE58"},"711":{"t":"P28A"},"712":{"t":"C150"},"715":{"t":"L8"},"717":{"t":"L8"},"71A":{"t":"L8"},"71C":{"t":"L8"},"721":{"t":"BE58"},"723":{"t":"PA22"},"724":{"t":"BE33"},"725":{"t":"P28A"},"726":{"t":"C172"},"727":{"t":"J3"},"72B":{"t":"C175"},"72E":{"t":"C172"},"731":{"t":"C172"},"732":{"desc":"L2J","t":"B37M"},"734":{"desc":"L2T"},"735":{"t":"C150"},"736":{"t":"PA30"},"737":{"desc":"L1P"},"738":{"t":"L8"},"739":{"t":"C188"},"73C":{"t":"C206"},"73D":{"t":"L8"},"73F":{"t":"L8"},"742":{"t":"T206"},"743":{"t":"C182"},"744":{"t":"C172"},"746":{"t":"BL8"},"748":{"t":"M20P"},"749":{"t":"PC12"},"74E":{"t":"DH8D"},"74F":{"desc":"L1P"},"750":{"t":"B77W"},"751":{"t":"SR22"},"755":{"t":"S22T"},"757":{"desc":"L1P"},"759":{"t":"B412"},"75C":{"t":"BE50"},"75D":{"desc":"A1P","t":"ULAC"},"75E":{"t":"R44"},"75F":{"t":"C550"},"760":{"desc":"L1P"},"764":{"desc":"H1P"},"76D":{"t":"GLF4"},"76E":{"t":"SR22"},"775":{"t":"S108"},"776":{"t":"S22T"},"777":{"t":"H269"},"778":{"t":"GALX"},"779":{"t":"S22T"},"77A":{"t":"PA31"},"77B":{"t":"GLF3"},"77C":{"t":"BE33"},"781":{"t":"NAVI"},"782":{"t":"GLF2"},"783":{"desc":"L1P","t":"ULAC"},"787":{"t":"C172"},"789":{"t":"BE58"},"78A":{"t":"C150"},"790":{"desc":"L1P"},"791":{"t":"AEST"},"792":{"t":"GLID"},"795":{"t":"BE36"},"798":{"t":"BE36"},"799":{"t":"HUSK"},"79A":{"t":"GLID"},"79C":{"desc":"L1P"},"79F":{"t":"CJ6"},"7A3":{"desc":"L1P"},"7A8":{"t":"BE20"},"7AA":{"t":"LJ35"},"7AD":{"desc":"L1P"},"7B3":{"t":"M20T"},"7B4":{"t":"BE36"},"7B7":{"t":"C172"},"7B8":{"t":"C25A"},"7B9":{"desc":"L1P"},"7BF":{"desc":"L1P"},"7C4":{"t":"A306"},"7C6":{"t":"GLEX"},"7C8":{"t":"F900"},"7C9":{"t":"P28A"},"7CB":{"t":"T206"},"7D0":{"t":"A321"},"7D6":{"t":"C208"},"7D9":{"t":"CL60"},"7DB":{"desc":"A1P"},"7DD":{"desc":"L2J","t":"GA7C"},"7DF":{"t":"BE20"},"7E1":{"t":"R22"},"7E3":{"t":"C550"},"7E7":{"desc":"L1P"},"7EB":{"t":"BE20"},"7F2":{"t":"M7"},"7F4":{"t":"C421"},"7FA":{"t":"R22"},"7FD":{"t":"M20P"},"7FE":{"t":"F900"},"804":{"desc":"H1T"},"807":{"desc":"H1P"},"80B":{"t":"CL60"},"80E":{"desc":"L1P"},"80F":{"t":"P28A"},"811":{"t":"AA5"},"815":{"desc":"L1P"},"817":{"t":"C175"},"819":{"t":"BE36"},"81B":{"t":"R44"},"81C":{"t":"PA34"},"820":{"t":"PA18"},"826":{"t":"ULAC"},"827":{"t":"C82R"},"82C":{"t":"BE36"},"82D":{"t":"GLF5"},"82E":{"t":"S22T"},"82F":{"desc":"L1P","t":"ULAC"},"830":{"t":"S22T"},"832":{"t":"PC12"},"836":{"t":"S22T"},"839":{"t":"SR22"},"83D":{"t":"GLF5"},"83E":{"t":"AT8T"},"83F":{"t":"BALL"},"84A":{"t":"S22T"},"84B":{"t":"M20P"},"84F":{"t":"BE58"},"856":{"t":"C172"},"857":{"t":"PRM1"},"858":{"t":"TBM7"},"859":{"t":"GLF5"},"85A":{"desc":"L1P"},"862":{"t":"GLF6"},"864":{"t":"ULAC"},"867":{"t":"GLEX"},"868":{"t":"P46T"},"871":{"t":"C560"},"873":{"t":"P28A"},"874":{"desc":"L1P"},"87F":{"t":"C206"},"888":{"t":"M7"},"889":{"desc":"H6E"},"88C":{"desc":"H4E"},"88F":{"t":"M20P"},"893":{"desc":"H4E"},"896":{"t":"CL30"},"898":{"t":"ULAC"},"899":{"t":"SR20"},"89A":{"desc":"L1P"},"8B9":{"desc":"H4E"},"8BA":{"t":"PT22"},"8BC":{"desc":"L1P","t":"ULAC"},"8BD":{"t":"GLID"},"8BE":{"t":"BE20"},"8C2":{"t":"GLF5"},"8C3":{"t":"R22"},"8C7":{"t":"C56X"},"8C8":{"t":"H500"},"8CA":{"t":"BE20"},"8CB":{"t":"BE35"},"8CC":{"t":"BE23"},"8CF":{"desc":"L1T","t":"PA46"},"8D0":{"t":"M20P"},"8D3":{"desc":"L1P","t":"ULAC"},"8D4":{"t":"C172"},"8D6":{"t":"C56X"},"8D7":{"t":"BL8"},"8D9":{"t":"LJ24"},"8DA":{"t":"C206"},"8DB":{"t":"S22T"},"8DC":{"t":"C310"},"8DF":{"t":"P28A"},"8E1":{"t":"H269"},"8E3":{"t":"TBM7"},"8EC":{"t":"C550"},"8ED":{"t":"SR20"},"8EE":{"t":"AC90"},"8EF":{"t":"BALL"},"8F0":{"t":"E550"},"8F4":{"t":"C172"},"8F5":{"t":"S22T"},"8F8":{"desc":"H1P"},"8FC":{"t":"BE60"},"8FD":{"desc":"L2P"},"8FE":{"t":"P28A"},"901":{"t":"B752"},"902":{"desc":"H1P"},"916":{"t":"BALL"},"91A":{"t":"A319"},"91E":{"t":"GLF5"},"921":{"t":"SR22"},"925":{"t":"C421"},"92B":{"desc":"L1P"},"932":{"desc":"H1T"},"937":{"t":"BE35"},"939":{"t":"COL4"},"93A":{"t":"GLID"},"93B":{"desc":"L1P"},"943":{"t":"M20P"},"947":{"t":"C56X"},"949":{"t":"SR22"},"94C":{"t":"T206"},"970":{"t":"C340"},"97F":{"t":"E75L"},"983":{"t":"C182"},"98E":{"t":"AA5"},"99C":{"desc":"L1P"},"99E":{"t":"BE58"},"99F":{"t":"PA22"},"9A1":{"t":"P28A"},"9A2":{"t":"C172"},"9A3":{"t":"P28A"},"9A4":{"t":"P28A"},"9A5":{"t":"PA18"},"9A6":{"t":"BE36"},"9A7":{"t":"C175"},"9A8":{"t":"C182"},"9A9":{"t":"PA24"},"9AA":{"t":"C172"},"9AC":{"t":"C150"},"9AE":{"desc":"L2J","t":"B37M"},"9B0":{"t":"P28A"},"9B1":{"t":"C150"},"9B4":{"t":"BE36"},"9B5":{"t":"C120"},"9B8":{"t":"BALL"},"9B9":{"t":"C120"},"9BA":{"t":"C206"},"9BB":{"t":"C140"},"9BC":{"t":"BE36"},"9BD":{"desc":"L1P"},"9BE":{"desc":"A2P"},"9BF":{"t":"C172"},"9C1":{"t":"T6"},"9C7":{"t":"P28A"},"9C8":{"t":"PA18"},"9C9":{"t":"PA25"},"9CA":{"t":"C175"},"9CB":{"t":"C182"},"9CC":{"t":"PA24"},"9CE":{"desc":"L1P"},"9D0":{"t":"C172"},"9D1":{"desc":"L2J","t":"B37M"},"9D3":{"desc":"L1P"},"9D4":{"t":"C150"},"9D6":{"t":"PA25"},"9DA":{"t":"C337"},"9DB":{"t":"C140"},"9DC":{"t":"C140"},"9DD":{"t":"C140"},"9DE":{"t":"C206"},"9E2":{"t":"C172"},"9E3":{"t":"BE35"},"9E5":{"desc":"H1P"},"9E7":{"t":"P28A"},"9E8":{"t":"C172"},"9E9":{"t":"UH12"},"9EA":{"t":"P28A"},"9ED":{"t":"C175"},"9EF":{"desc":"L2T"},"9F0":{"t":"C172"},"9F4":{"t":"BE36"},"9F5":{"desc":"L1P"},"9F6":{"t":"P28A"},"9F7":{"t":"C150"},"9F9":{"desc":"L2J","t":"B37M"},"9FB":{"t":"BE36"},"9FC":{"t":"C140"},"9FD":{"t":"C120"},"9FE":{"t":"BE33"},"A02":{"t":"C140"},"A04":{"t":"GLID"},"A08":{"t":"PA22"},"A09":{"desc":"L1P"},"A0D":{"t":"YK52"},"A0F":{"t":"PA25"},"A10":{"t":"BE36"},"A11":{"t":"T210"},"A13":{"t":"C172"},"A17":{"desc":"L2J","t":"B37M"},"A19":{"t":"P28A"},"A20":{"desc":"L1P"},"A22":{"t":"C120"},"A26":{"t":"C120"},"A27":{"desc":"L1P"},"A29":{"t":"BE35"},"A2A":{"t":"T6"},"A2B":{"t":"BE36"},"A2C":{"desc":"L1P"},"A2F":{"t":"J3"},"A30":{"t":"P28A"},"A33":{"t":"C175"},"A34":{"t":"C182"},"A35":{"t":"PA24"},"A39":{"t":"C172"},"A3A":{"desc":"L2J","t":"B37M"},"A42":{"t":"C140"},"A43":{"desc":"L1P"},"A49":{"t":"BALL"},"A4B":{"t":"BE36"},"A4C":{"t":"BE35"},"A4E":{"t":"PA22"},"A50":{"t":"P28A"},"A59":{"t":"C172"},"A5A":{"t":"BE55"},"A5B":{"t":"C150"},"A5C":{"t":"C172"},"A5D":{"desc":"L2J"},"A60":{"t":"C150"},"A63":{"t":"C140"},"A66":{"t":"C140"},"A68":{"t":"C120"},"A69":{"t":"C140"},"A6C":{"desc":"L1P"},"A6D":{"desc":"L1P"},"A6F":{"t":"BE35"},"A72":{"t":"C182"},"A73":{"t":"P28A"},"A74":{"t":"C172"},"A75":{"desc":"L1P"},"A76":{"t":"P28A"},"A79":{"t":"C175"},"A7B":{"t":"P28A"},"A7C":{"t":"C172"},"A7D":{"t":"BE55"},"A7F":{"t":"C172"},"A80":{"desc":"L2J"},"A82":{"t":"P28A"},"A83":{"t":"C150"},"A84":{"t":"PA30"},"A86":{"t":"T206"},"A88":{"t":"C140"},"A89":{"t":"C120"},"A8A":{"t":"C140"},"A8B":{"desc":"L1P"},"A8F":{"t":"C120"},"A91":{"t":"C172"},"A92":{"t":"BE35"},"A95":{"t":"C182"},"A96":{"t":"P28A"},"A97":{"t":"C172"},"A98":{"t":"BE58"},"A99":{"t":"P28A"},"A9A":{"t":"AR11"},"A9E":{"t":"PA24"},"A9F":{"t":"C172"},"AA2":{"t":"C172"},"AA3":{"desc":"L2J","t":"B37M"},"AA6":{"t":"C150"},"AAB":{"t":"C140"},"AAC":{"t":"C120"},"AAF":{"t":"T6"},"AB1":{"t":"C140"},"AB2":{"t":"BALL"},"AB4":{"t":"C172"},"AB7":{"desc":"A1P"},"AB8":{"t":"C182"},"ABB":{"t":"BE33"},"ABC":{"t":"P28A"},"ABD":{"t":"PA18"},"ABF":{"t":"C175"},"AC1":{"t":"PA24"},"AC3":{"t":"BE36"},"AC4":{"t":"BE33"},"AC5":{"t":"C172"},"AC6":{"desc":"L2J","t":"B37M"},"AC8":{"t":"P28A"},"ACB":{"t":"PA25"},"ACE":{"t":"C140"},"ACF":{"t":"C140"},"AD1":{"t":"C120"},"AD3":{"t":"C140"},"AD4":{"t":"B06"},"AD5":{"t":"C120"},"AD8":{"t":"BE35"},"AD9":{"t":"BE33"},"ADE":{"t":"BE58"},"ADF":{"t":"P28A"},"AE0":{"desc":"L1P"},"AE2":{"t":"C175"},"AE6":{"desc":"L2J"},"AE7":{"t":"C150"},"AE8":{"t":"C172"},"AE9":{"t":"BE33"},"AEE":{"t":"PA25"},"AF0":{"t":"BE35"},"AF3":{"t":"T206"},"AF4":{"t":"C140"},"AF9":{"desc":"L1P"},"AFA":{"t":"H25A"},"AFB":{"t":"C172"},"AFD":{"t":"T6"},"B00":{"t":"S22T"},"B01":{"t":"BE58"},"B04":{"t":"P28A"},"B06":{"t":"SR22"},"B07":{"t":"B77W"},"B08":{"t":"SF50"},"B0A":{"desc":"L1P","t":"ULAC"},"B0B":{"t":"CL30"},"B0C":{"t":"R44"},"B0E":{"t":"P32R"},"B12":{"t":"FA7X"},"B13":{"desc":"L1P"},"B14":{"t":"C182"},"B16":{"t":"C182"},"B17":{"t":"LJ60"},"B1C":{"t":"SR22"},"B1D":{"t":"GLID"},"B1E":{"desc":"L1P","t":"ULAC"},"B1F":{"desc":"A1P"},"B24":{"t":"C182"},"B27":{"t":"GLF5"},"B28":{"t":"SR22"},"B2C":{"t":"S22T"},"B2D":{"t":"P212"},"B2E":{"t":"M5"},"B2F":{"t":"B350"},"B36":{"t":"B722"},"B38":{"desc":"L1P"},"B3A":{"t":"C182"},"B3D":{"t":"M20P"},"B3E":{"t":"S22T"},"B40":{"t":"C550"},"B41":{"desc":"L1P"},"B44":{"t":"T206"},"B45":{"t":"BE35"},"B47":{"desc":"L1P"},"B48":{"desc":"L1P"},"B4E":{"t":"CL60"},"B4F":{"desc":"L1P"},"B50":{"t":"R44"},"B51":{"t":"C182"},"B55":{"t":"SR22"},"B56":{"t":"HUSK"},"B5A":{"desc":"L1P"},"B5E":{"desc":"L1P"},"B61":{"desc":"L1P"},"B62":{"desc":"L1P","t":"ULAC"},"B63":{"t":"C182"},"B64":{"t":"C172"},"B69":{"t":"T210"},"B6A":{"desc":"H4E"},"B70":{"t":"PA46"},"B72":{"t":"CRJ7"},"B77":{"t":"BE23"},"B79":{"t":"SR22"},"B7B":{"t":"A306"},"B7F":{"desc":"L1T"},"B82":{"t":"P28A"},"B83":{"t":"M20P"},"B87":{"t":"A321"},"B8D":{"t":"C208"},"B90":{"t":"P32R"},"B91":{"desc":"L2P"},"B92":{"desc":"H4E"},"B9C":{"desc":"L1P"},"BAA":{"t":"R22"},"BB0":{"t":"C172"},"BB5":{"desc":"L1P","t":"ULAC"},"BBB":{"desc":"H2T"},"BC4":{"t":"F2TH"},"BC5":{"t":"C182"},"BCB":{"t":"SF50"},"BD0":{"t":"FDCT"},"BD3":{"desc":"L1P","t":"ULAC"},"BD7":{"t":"PA27"},"BDB":{"desc":"L1P"},"BDC":{"desc":"L2T"},"BDD":{"desc":"H4E"},"BDE":{"desc":"L1P"},"BE1":{"desc":"L1P"},"BE4":{"desc":"L1P"},"BE7":{"desc":"L1P","t":"ULAC"},"BE9":{"t":"PC12"},"BF0":{"desc":"L1P"},"BF4":{"t":"C150"},"BF5":{"t":"B722"},"BF6":{"t":"BALL"},"BF7":{"desc":"A1P"},"C00":{"t":"B06"},"C09":{"t":"AC11"},"C0D":{"desc":"L2P"},"C0E":{"t":"C172"},"C0F":{"desc":"L1P"},"C11":{"t":"BE17"},"C14":{"t":"M7"},"C1E":{"desc":"L1P"},"C1F":{"t":"SR22"},"C22":{"desc":"L1P"},"C29":{"t":"SR20"},"C2A":{"t":"P28A"},"C2D":{"t":"S22T"},"C30":{"t":"GLF4"},"C38":{"desc":"L1P"},"C3C":{"t":"PC12"},"C3F":{"t":"BE36"},"C40":{"t":"DA40"},"C41":{"t":"SR22"},"C43":{"t":"T210"},"C46":{"t":"R22"},"C4B":{"t":"BE9L"},"C50":{"t":"PA34"},"C51":{"desc":"L1P"},"C54":{"desc":"L1T","t":"C182"},"C5C":{"desc":"L1P"},"C71":{"t":"BE95"},"C72":{"t":"PA34"},"C75":{"t":"SR22"},"C77":{"t":"S22T"},"C78":{"t":"C182"},"C79":{"t":"R22"},"C7B":{"t":"R22"},"C7D":{"t":"PA32"},"C81":{"t":"T210"},"C83":{"desc":"H4E"},"C85":{"desc":"L1P"},"C86":{"t":"PA12"},"C8B":{"t":"C172"},"C8C":{"t":"M6"},"C8D":{"t":"SR22"},"C8E":{"desc":"L1P"},"C8F":{"t":"T206"},"C90":{"t":"FA20"},"C91":{"t":"C525"},"C93":{"t":"C206"},"C95":{"t":"S22T"},"C9A":{"t":"SR22"},"C9B":{"t":"CH7B"},"C9C":{"t":"DA40"},"CA3":{"t":"TNAV"},"CA4":{"t":"P180"},"CA5":{"desc":"L1P","t":"TB0"},"CA6":{"t":"P28A"},"CA7":{"t":"EA50"},"CAF":{"t":"C182"},"CB0":{"desc":"L1P"},"CB3":{"t":"BE20"},"CB4":{"t":"C25A"},"CB5":{"t":"AEST"},"CB8":{"t":"B752"},"CCD":{"t":"A319"},"CD5":{"t":"BE33"},"CD7":{"t":"BE9L"},"CEE":{"desc":"L1P"},"CEF":{"t":"EC20"},"CF0":{"t":"T6"},"CF1":{"t":"PA31"},"CF2":{"t":"S22T"},"CF5":{"desc":"L1P"},"CF6":{"desc":"L1P"},"CFA":{"t":"P28R"},"D00":{"t":"ULAC"},"D07":{"t":"E300"},"D10":{"t":"C750"},"D12":{"desc":"L1P"},"D1D":{"t":"S22T"},"D36":{"t":"E75L"},"D52":{"t":"G164"},"D54":{"t":"BT36"},"D58":{"t":"P28A"},"D59":{"t":"C172"},"D5A":{"t":"BE58"},"D5B":{"t":"BE58"},"D5F":{"t":"C182"},"D60":{"t":"PA24"},"D61":{"desc":"L1P"},"D62":{"desc":"L1P"},"D64":{"t":"L8"},"D65":{"t":"BE58"},"D66":{"desc":"L1P"},"D6A":{"desc":"L2J","t":"B37M"},"D6B":{"t":"C140"},"D6C":{"t":"C120"},"D6D":{"t":"C140"},"D6E":{"t":"C140"},"D73":{"t":"C140"},"D74":{"t":"J3"},"D76":{"t":"C172"},"D77":{"t":"BE35"},"D78":{"t":"P28A"},"D7A":{"t":"C182"},"D7E":{"t":"P28A"},"D80":{"t":"PA25"},"D81":{"t":"C175"},"D83":{"t":"PA24"},"D84":{"t":"C172"},"D86":{"t":"C182"},"D87":{"t":"C172"},"D88":{"desc":"L2J"},"D89":{"t":"UH1"},"D8F":{"t":"BE36"},"D92":{"t":"BALL"},"D94":{"t":"C140"},"D99":{"t":"C172"},"D9A":{"t":"BE35"},"D9B":{"t":"PA22"},"D9E":{"t":"PAY4"},"DA0":{"t":"BE36"},"DA1":{"t":"P28A"},"DA2":{"t":"BE36"},"DA3":{"t":"B58T"},"DA5":{"t":"C206"},"DA7":{"t":"C172"},"DAA":{"t":"C172"},"DAB":{"desc":"L2J"},"DAF":{"desc":"L1P"},"DB1":{"t":"C140"},"DB2":{"t":"C120"},"DB3":{"t":"C206"},"DB6":{"t":"C120"},"DB8":{"t":"C140"},"DB9":{"t":"C140"},"DBA":{"desc":"A1P"},"DBB":{"t":"G164"},"DBC":{"t":"C172"},"DBD":{"t":"BE58"},"DBF":{"t":"PA22"},"DC1":{"t":"P28A"},"DC2":{"t":"C150"},"DC5":{"t":"PA18"},"DC7":{"t":"C175"},"DC8":{"t":"C182"},"DCA":{"t":"C172"},"DCB":{"desc":"L1P"},"DCC":{"t":"C150"},"DCD":{"t":"C172"},"DCE":{"desc":"L2J","t":"B37M"},"DD0":{"t":"P28A"},"DD2":{"t":"BE58"},"DD4":{"t":"C140"},"DD5":{"desc":"L1P"},"DD8":{"t":"C140"},"DD9":{"t":"BE58"},"DDB":{"t":"C120"},"DDF":{"desc":"L1P"},"DE2":{"t":"PA22"},"DE3":{"t":"C182"},"DE4":{"t":"P28A"},"DE8":{"t":"PA18"},"DE9":{"t":"BE33"},"DEA":{"t":"PA32"},"DEB":{"t":"C182"},"DEF":{"desc":"L1P"},"DF3":{"t":"BE36"},"DF4":{"desc":"L2J","t":"B37M"},"DF5":{"t":"PA30"},"DF7":{"t":"C140"},"DFC":{"t":"C120"},"DFF":{"t":"C120"},"E01":{"t":"G164"},"E02":{"t":"C172"},"E04":{"t":"BE36"},"E08":{"t":"C172"},"E09":{"t":"B58T"},"E0D":{"t":"BE36"},"E0F":{"t":"PA24"},"E11":{"t":"BE58"},"E12":{"t":"C150"},"E15":{"t":"C172"},"E16":{"t":"P28A"},"E18":{"t":"PA30"},"E19":{"desc":"L2J"},"E1A":{"t":"C337"},"E1C":{"t":"BE58"},"E1D":{"t":"BE36"},"E1E":{"t":"C140"},"E1F":{"t":"C140"},"E20":{"t":"C120"},"E24":{"t":"TOBA"},"E26":{"t":"BE35"},"E27":{"desc":"L1P"},"E29":{"t":"C182"},"E2B":{"t":"C172"},"E2C":{"t":"J3"},"E2D":{"t":"P28A"},"E2E":{"t":"BE33"},"E30":{"t":"BE36"},"E35":{"t":"C150"},"E36":{"t":"C172"},"E37":{"desc":"L2J","t":"B37M"},"E38":{"t":"C172"},"E39":{"t":"P28A"},"E3B":{"t":"PA30"},"E3E":{"t":"C140"},"E3F":{"t":"C140"},"E46":{"t":"B06"},"E47":{"desc":"L1P","t":"ULAC"},"E48":{"t":"C172"},"E49":{"t":"BE35"},"E4B":{"t":"PA22"},"E4D":{"t":"P28A"},"E4E":{"t":"C172"},"E50":{"t":"P28A"},"E51":{"t":"PA18"},"E53":{"t":"C175"},"E56":{"t":"C172"},"E57":{"desc":"L2J","t":"B37M"},"E58":{"t":"BALL"},"E5A":{"t":"BE36"},"E5C":{"t":"BE36"},"E5E":{"t":"PA30"},"E60":{"t":"C140"},"E62":{"t":"C140"},"E63":{"t":"C120"},"E67":{"t":"BALL"},"E68":{"t":"C140"},"E6A":{"t":"G164"},"E6B":{"t":"C172"},"E6D":{"t":"ULAC"},"E6E":{"t":"R22"},"E71":{"t":"C172"},"E72":{"t":"J3"},"E73":{"t":"P28A"},"E75":{"desc":"H1P"},"E76":{"t":"C175"},"E7A":{"desc":"L2J","t":"B37M"},"E7B":{"t":"C150"},"E80":{"t":"C150"},"E82":{"desc":"L1P"},"E84":{"t":"J3"},"E85":{"desc":"L1P"},"E87":{"t":"C140"},"E88":{"t":"C206"},"E8B":{"t":"T206"},"E8E":{"t":"C172"},"E8F":{"t":"BE35"},"E90":{"t":"BE58"},"E91":{"t":"PA22"},"E92":{"t":"C182"},"E96":{"t":"P28A"},"E9A":{"desc":"L1P"},"E9B":{"desc":"L1P"},"E9C":{"t":"C172"},"E9D":{"desc":"L1P"},"EA0":{"desc":"L2J","t":"B37M"},"EA1":{"desc":"L1P"},"EA2":{"t":"P28A"},"EA3":{"t":"BE33"},"EA4":{"desc":"L1P"},"EA7":{"t":"BE36"},"EA8":{"t":"C140"},"EAC":{"t":"C140"},"EAD":{"t":"UH1"},"EAE":{"t":"C337"},"EAF":{"t":"BE33"},"EB0":{"desc":"A1T","t":"KODI"},"EB3":{"t":"GL5T"},"EB8":{"t":"DA40"},"EBA":{"t":"P28A"},"EBB":{"t":"BL8"},"EBE":{"t":"B77W"},"EC1":{"desc":"L2T"},"EC2":{"t":"CL30"},"EC5":{"t":"A319"},"ECA":{"t":"BE35"},"ECB":{"desc":"A1P","t":"ULAC"},"ECD":{"t":"TBM7"},"ED0":{"t":"EN48"},"ED1":{"t":"C25C"},"EE3":{"t":"PA18"},"EE5":{"t":"AC11"},"EE6":{"t":"LJ55"},"EE8":{"t":"S22T"},"EE9":{"t":"P32R"},"EEC":{"t":"M7"},"EED":{"t":"B722"},"EEE":{"t":"BL8"},"EEF":{"t":"C152"},"EF1":{"t":"SR22"},"EF4":{"t":"C180"},"EF5":{"desc":"L1P"},"EFE":{"t":"BE55"},"F03":{"t":"PA46"},"F05":{"t":"C82S"},"F08":{"t":"C182"},"F0C":{"desc":"L1P"},"F10":{"desc":"L1P"},"F11":{"desc":"L1P","t":"ULAC"},"F15":{"desc":"L1P"},"F17":{"t":"SR20"},"F1C":{"desc":"H8E"},"F26":{"t":"C421"},"F29":{"t":"CRJ7"},"F2E":{"t":"C206"},"F32":{"t":"A306"},"F36":{"t":"P51"},"F3E":{"t":"A321"},"F44":{"t":"C208"},"F47":{"t":"C172"},"F48":{"desc":"L2P"},"F49":{"t":"E50P"},"F4B":{"desc":"L2J","t":"GA7C"},"F4F":{"desc":"L2J"},"F59":{"t":"SR22"},"F62":{"t":"GLID"},"F63":{"t":"LJ60"},"F67":{"t":"C172"},"F68":{"t":"GL5T"},"F6E":{"t":"SR22"},"F7C":{"t":"BE36"},"F7F":{"t":"B350"},"F83":{"t":"S22T"},"F85":{"t":"CL30"},"F87":{"t":"PAY2"},"F89":{"t":"C501"},"F8A":{"t":"PA30"},"F92":{"t":"P46T"},"F95":{"desc":"L1P"},"FA7":{"desc":"L1P"},"FA9":{"t":"PA31"},"FAC":{"t":"C172"},"FAE":{"t":"C172"},"FB3":{"desc":"L1P"},"FB7":{"desc":"L1T","t":"M600"},"FB9":{"t":"M20P"},"FBB":{"desc":"L1P"},"FC4":{"t":"M7"},"FC5":{"t":"S22T"},"FC6":{"t":"BE55"},"FCC":{"desc":"L1P"},"FCE":{"desc":"L1P","t":"ULAC"},"FCF":{"t":"R22"},"FD0":{"desc":"L1P"},"FD6":{"t":"B407"},"FE0":{"t":"C525"},"FE2":{"t":"C182"},"FF7":{"desc":"H6E"},"FF9":{"t":"P28A"},"FFD":{"t":"C172"},"FFF":{"t":"GLID"}}