{"002":{"t":"P28A"},"007":{"t":"CRJ7"},"00A":{"t":"EC30"},"01F":{"desc":"H4E"},"029":{"t":"PA34"},"02F":{"t":"R44"},"030":{"t":"GALX"},"03C":{"desc":"L1P"},"041":{"t":"BE23"},"043":{"t":"C177"},"044":{"t":"STAR"},"045":{"t":"SR22"},"046":{"t":"C182"},"047":{"t":"B407"},"048":{"t":"C25B"},"04F":{"t":"C172"},"051":{"desc":"L1P"},"053":{"t":"PC12"},"056":{"t":"B737"},"05A":{"desc":"L1P"},"05B":{"t":"C560"},"062":{"t":"C152"},"066":{"t":"SR22"},"06A":{"t":"B350"},"06F":{"t":"B752"},"088":{"t":"A319"},"08D":{"desc":"H4E"},"08F":{"t":"R44"},"0A5":{"desc":"L1P"},"0B1":{"t":"S22T"},"0B3":{"desc":"L1P"},"0ED":{"t":"E75L"},"0F0":{"desc":"L1P","t":"ULAC"},"0F7":{"desc":"H4E"},"108":{"t":"DIMO"},"10D":{"t":"BE36"},"10F":{"t":"P28A"},"110":{"t":"C172"},"111":{"t":"BE9L"},"112":{"t":"P28A"},"113":{"desc":"L1P"},"114":{"desc":"L1P"},"115":{"t":"C175"},"116":{"t":"C182"},"117":{"t":"PA24"},"118":{"t":"C172"},"11A":{"t":"C182"},"11B":{"t":"B06"},"11C":{"desc":"L2J","t":"B37M"},"120":{"t":"PA30"},"122":{"t":"C140"},"127":{"t":"C120"},"128":{"t":"C206"},"129":{"t":"C140"},"12B":{"t":"C206"},"12E":{"t":"BE35"},"131":{"t":"BE36"},"133":{"t":"T6"},"135":{"t":"P28A"},"136":{"t":"PA18"},"137":{"desc":"L1P"},"138":{"t":"L39"},"13B":{"t":"C172"},"13C":{"t":"BE36"},"142":{"t":"BE36"},"145":{"t":"C140"},"146":{"t":"BE33"},"147":{"t":"GLID"},"148":{"t":"C206"},"14C":{"t":"C140"},"14D":{"t":"C120"},"14E":{"t":"BE36"},"150":{"t":"C172"},"151":{"t":"BE35"},"152":{"t":"P28A"},"154":{"t":"C182"},"157":{"t":"BE58"},"158":{"t":"P28A"},"15C":{"t":"C182"},"15D":{"t":"PA24"},"15E":{"t":"C182"},"15F":{"t":"BE20"},"161":{"t":"BALL"},"163":{"desc":"L1P"},"164":{"t":"P28A"},"168":{"t":"C140"},"16D":{"t":"C140"},"170":{"t":"C140"},"172":{"t":"G164"},"173":{"t":"C172"},"174":{"t":"BE35"},"178":{"t":"BE33"},"17A":{"t":"J3"},"17B":{"t":"P28A"},"17C":{"t":"PA18"},"17D":{"t":"BE33"},"17E":{"t":"C175"},"183":{"t":"C150"},"185":{"t":"H269"},"189":{"t":"PA30"},"18C":{"t":"C140"},"18D":{"t":"C140"},"18E":{"t":"C140"},"192":{"t":"C206"},"193":{"t":"C120"},"194":{"t":"C140"},"196":{"t":"C172"},"198":{"t":"P32R"},"19B":{"t":"P28A"},"19C":{"t":"C172"},"19E":{"t":"P28A"},"1A2":{"t":"BE36"},"1A3":{"t":"PA24"},"1A4":{"t":"C172"},"1A5":{"desc":"L1P","t":"ULAC"},"1A7":{"t":"BALL"},"1A8":{"desc":"H1P"},"1A9":{"desc":"L1P"},"1AA":{"t":"P28A"},"1AD":{"t":"GLID"},"1AF":{"t":"C140"},"1B0":{"t":"C337"},"1B2":{"t":"C140"},"1B5":{"t":"C206"},"1B6":{"t":"BALL"},"1B7":{"t":"BE36"},"1B8":{"t":"M7"},"1BD":{"t":"BE36"},"1BF":{"t":"C172"},"1C0":{"t":"BE33"},"1C1":{"t":"BE36"},"1C7":{"t":"BE33"},"1CB":{"t":"BE58"},"1CC":{"desc":"L1P"},"1CD":{"t":"P28A"},"1CE":{"t":"C150"},"1CF":{"t":"BE36"},"1D1":{"t":"C120"},"1D5":{"t":"C120"},"1D9":{"t":"GLID"},"1DC":{"t":"BE36"},"1DD":{"t":"BE35"},"1DF":{"t":"PA22"},"1E1":{"t":"P28A"},"1E4":{"t":"P28A"},"1E5":{"t":"PA18"},"1E7":{"t":"C175"},"1E9":{"t":"PA24"},"1EA":{"t":"C172"},"1EC":{"t":"C150"},"1EE":{"t":"P32R"},"1F0":{"t":"BE36"},"1F4":{"t":"C120"},"1F5":{"t":"C337"},"1F6":{"t":"C140"},"1F7":{"t":"C140"},"1F9":{"t":"B06"},"1FC":{"t":"C120"},"1FE":{"desc":"L1P"},"200":{"t":"BE36"},"202":{"t":"PA22"},"205":{"t":"C172"},"209":{"t":"BE33"},"20D":{"t":"C172"},"20F":{"t":"C150"},"213":{"t":"P28A"},"217":{"t":"C337"},"218":{"t":"C140"},"21A":{"t":"C140"},"21F":{"desc":"L1P"},"220":{"t":"C140"},"223":{"desc":"L1P"},"226":{"t":"C182"},"227":{"t":"P28A"},"229":{"t":"J3"},"22B":{"t":"PA18"},"22C":{"t":"BE76"},"22D":{"t":"C175"},"22E":{"t":"C182"},"232":{"t":"C150"},"233":{"desc":"L1J"},"235":{"desc":"L1P"},"236":{"t":"P28A"},"237":{"desc":"L1P"},"23D":{"t":"P28A"},"240":{"t":"C140"},"245":{"t":"C172"},"248":{"t":"PA22"},"249":{"t":"C185"},"24C":{"t":"J3"},"24E":{"t":"PA18"},"24F":{"desc":"H1T"},"250":{"t":"C175"},"251":{"t":"C182"},"252":{"t":"PA24"},"254":{"t":"BE58"},"256":{"desc":"H1T"},"257":{"t":"B06"},"259":{"t":"P28A"},"25C":{"t":"PA25"},"25F":{"t":"WACC"},"260":{"t":"C140"},"261":{"t":"C140"},"262":{"t":"C206"},"265":{"t":"C140"},"267":{"t":"HUSK"},"268":{"t":"P28A"},"269":{"t":"BE20"},"26A":{"desc":"A1P"},"26E":{"t":"GLEX"},"26F":{"t":"GLF6"},"270":{"desc":"L1P"},"274":{"t":"GLEX"},"275":{"t":"B77W"},"279":{"t":"CL30"},"27A":{"t":"P32R"},"27C":{"t":"A320"},"282":{"t":"C182"},"283":{"t":"BE36"},"285":{"t":"B58T"},"287":{"t":"C172"},"289":{"t":"BE55"},"28A":{"desc":"A1P"},"28D":{"t":"PA24"},"292":{"desc":"L1T"},"29A":{"t":"E550"},"29B":{"t":"P28A"},"29D":{"desc":"H4E","t":"C750"},"29E":{"t":"SR22"},"29F":{"t":"AT5T"},"2A0":{"desc":"L1P"},"2A4":{"t":"B722"},"2A6":{"t":"SR22"},"2A8":{"t":"T206"},"2AC":{"t":"C172"},"2AD":{"t":"GLID"},"2AF":{"desc":"L1P"},"2B2":{"desc":"L1P"},"2B5":{"t":"GLF4"},"2B6":{"t":"BALL"},"2B7":{"t":"GLF4"},"2B8":{"t":"SR22"},"2B9":{"t":"PA18"},"2BA":{"desc":"L1T"},"2BE":{"t":"C510"},"2BF":{"t":"TBM7"},"2C1":{"desc":"L1P"},"2C7":{"desc":"L1P"},"2C8":{"t":"P28A"},"2C9":{"desc":"L1P"},"2CA":{"desc":"H8E"},"2CC":{"t":"WACO"},"2D0":{"desc":"H4E"},"2D4":{"t":"CL30"},"2DC":{"t":"C172"},"2DF":{"t":"B350"},"2E0":{"t":"CRJ7"},"2E1":{"t":"C182"},"2E5":{"t":"PC12"},"2E9":{"t":"A306"},"2ED":{"desc":"L1T"},"2F0":{"t":"P28A"},"2F6":{"t":"LJ45"},"2FB":{"t":"C208"},"2FF":{"desc":"L2P"},"302":{"desc":"L2J","t":"GA7C"},"30C":{"desc":"L2J"},"310":{"t":"C56X"},"317":{"t":"R44"},"318":{"t":"P46T"},"31A":{"desc":"L1P","t":"ULAC"},"31D":{"t":"PC12"},"321":{"t":"H500"},"327":{"desc":"L1P"},"328":{"t":"PC12"},"330":{"desc":"L1P","t":"ULAC"},"336":{"desc":"H1P"},"338":{"t":"R22"},"339":{"t":"GLEX"},"33B":{"t":"H25B"},"33C":{"t":"M20P"},"344":{"desc":"L1P"},"349":{"desc":"L1P"},"34A":{"desc":"L1P","t":"ULAC"},"34B":{"t":"PA46"},"350":{"t":"S22T"},"351":{"t":"BE9L"},"354":{"desc":"L1P","t":"ULAC"},"359":{"t":"C172"},"35E":{"t":"E545"},"362":{"desc":"L1P"},"363":{"t":"DA40"},"364":{"t":"BALL"},"365":{"t":"C172"},"366":{"t":"S22T"},"36D":{"t":"S22T"},"370":{"t":"P28A"},"374":{"t":"L39"},"377":{"t":"BE36"},"37B":{"t":"BE35"},"37C":{"desc":"L2P"},"37D":{"desc":"L1P"},"37E":{"t":"C150"},"37F":{"t":"R66"},"381":{"t":"GL5T"},"38C":{"t":"CH7A"},"397":{"t":"B06"},"3AE":{"desc":"H6E"},"3AF":{"t":"C25B"},"3B3":{"t":"BE24"},"3B4":{"t":"C172"},"3B5":{"t":"S76"},"3B7":{"desc":"H1P"},"3BE":{"desc":"L1P","t":"ULAC"},"3DF":{"t":"P28A"},"3E1":{"desc":"L1P"},"3E2":{"desc":"L1P"},"3E6":{"t":"R44"},"3E7":{"t":"R44"},"3E8":{"t":"C182"},"3E9":{"t":"BE60"},"3EB":{"t":"C680"},"3F1":{"t":"C175"},"3F3":{"desc":"L1P"},"3F5":{"desc":"L1T"},"3F8":{"t":"BE35"},"3F9":{"t":"LJ31"},"3FB":{"desc":"L1P","t":"ULAC"},"3FF":{"desc":"L1P"},"402":{"t":"CRJ7"},"404":{"desc":"H4E"},"406":{"t":"C172"},"408":{"t":"SR22"},"40C":{"t":"SF50"},"40D":{"t":"B737"},"411":{"t":"C182"},"412":{"desc":"L1P"},"418":{"desc":"L1P","t":"ULAC"},"41A":{"t":"C172"},"41D":{"t":"C172"},"421":{"t":"B350"},"422":{"desc":"L2J"},"423":{"t":"SR20"},"426":{"t":"B752"},"427":{"t":"C172"},"42E":{"desc":"H4E"},"43F":{"t":"A319"},"443":{"desc":"L1P"},"454":{"t":"PA23"},"45C":{"t":"M20T"},"475":{"desc":"L1P"},"478":{"desc":"L1P"},"4A4":{"t":"E75L"},"4C1":{"t":"C172"},"4C6":{"t":"P28A"},"4C7":{"t":"C172"},"4C8":{"t":"J3"},"4C9":{"t":"P28A"},"4CE":{"t":"GLID"},"4D6":{"t":"C150"},"4D7":{"t":"PA30"},"4D9":{"desc":"L1P"},"4DA":{"desc":"L1P"},"4DC":{"t":"C337"},"4DE":{"t":"B739"},"4DF":{"t":"C337"},"4E4":{"t":"C172"},"4E5":{"t":"BE35"},"4E6":{"t":"P28A"},"4E7":{"t":"PA22"},"4EC":{"t":"P28A"},"4EF":{"t":"C175"},"4F4":{"t":"C182"},"4F5":{"t":"C172"},"4F8":{"t":"P28A"},"4FE":{"t":"T206"},"503":{"desc":"H1P"},"504":{"desc":"L1P"},"50B":{"t":"C182"},"50C":{"t":"P28A"},"50D":{"t":"C172"},"513":{"t":"A109"},"518":{"t":"C172"},"519":{"t":"B06"},"51B":{"t":"P28A"},"51C":{"t":"C150"},"51E":{"t":"PA25"},"523":{"t":"PA24"},"524":{"t":"C120"},"525":{"t":"BE36"},"52A":{"t":"B58T"},"52C":{"t":"BE33"},"52E":{"t":"BE36"},"52F":{"t":"P28A"},"530":{"t":"C172"},"532":{"t":"P28A"},"535":{"t":"BE36"},"536":{"t":"C140"},"53A":{"t":"C150"},"53D":{"t":"PA12"},"53E":{"t":"P28A"},"53F":{"t":"BE36"},"543":{"t":"C140"},"544":{"t":"C337"},"545":{"t":"C120"},"547":{"t":"C140"},"548":{"desc":"L1P"},"54E":{"t":"BE35"},"54F":{"t":"R44"},"551":{"t":"C182"},"554":{"t":"BE33"},"557":{"t":"BE36"},"558":{"desc":"L1P"},"55A":{"t":"PA24"},"55B":{"t":"C172"},"55C":{"t":"BE58"},"55E":{"t":"C172"},"563":{"t":"PA30"},"564":{"t":"BE36"},"565":{"t":"C140"},"566":{"t":"C120"},"569":{"t":"C337"},"56A":{"desc":"L2J"},"56B":{"t":"C337"},"56D":{"t":"PA18"},"56F":{"t":"G164"},"570":{"t":"C172"},"573":{"desc":"H4E"},"575":{"t":"P28A"},"577":{"t":"J3"},"578":{"t":"P28A"},"579":{"t":"PA18"},"57D":{"t":"PA24"},"580":{"t":"C150"},"581":{"t":"C172"},"585":{"t":"C150"},"58A":{"t":"BE33"},"58B":{"t":"BE36"},"58C":{"t":"PA18"},"58F":{"t":"C120"},"590":{"t":"C140"},"593":{"t":"BE33"},"595":{"t":"P28A"},"599":{"t":"C172"},"59A":{"desc":"L1P"},"59B":{"t":"P28A"},"59D":{"desc":"A1P"},"5A0":{"t":"PA24"},"5A1":{"t":"C172"},"5A8":{"t":"C150"},"5A9":{"t":"PA30"},"5AA":{"t":"BE36"},"5AB":{"t":"C140"},"5AF":{"t":"C140"},"5B3":{"t":"CH7A"},"5B5":{"desc":"L1P"},"5B8":{"t":"UH1"},"5B9":{"t":"PA22"},"5BA":{"t":"C182"},"5BD":{"t":"BE36"},"5BF":{"t":"PA18"},"5C1":{"t":"C175"},"5C2":{"t":"C206"},"5C3":{"t":"PA24"},"5C6":{"t":"C150"},"5C7":{"t":"C172"},"5CB":{"t":"C150"},"5CC":{"t":"BE20"},"5D2":{"t":"C337"},"5D3":{"t":"C140"},"5D5":{"t":"C140"},"5D8":{"t":"G164"},"5D9":{"t":"C172"},"5DA":{"t":"BE35"},"5DC":{"t":"PA22"},"5DD":{"t":"C182"},"5DE":{"t":"B06"},"5E2":{"t":"PA18"},"5E6":{"t":"PA24"},"5E7":{"t":"C172"},"5E8":{"t":"BE58"},"5EC":{"desc":"L1P"},"5ED":{"t":"BE36"},"5F0":{"t":"PA25"},"5F1":{"desc":"L1P"},"5F2":{"t":"C140"},"5F3":{"t":"C120"},"5F4":{"t":"C140"},"5F5":{"t":"C140"},"5F6":{"t":"C140"},"5FA":{"t":"C140"},"5FD":{"t":"BE35"},"5FF":{"t":"PA22"},"601":{"t":"P28A"},"602":{"t":"C172"},"604":{"t":"P28A"},"607":{"t":"C175"},"609":{"t":"PA24"},"60A":{"t":"C172"},"60C":{"t":"C182"},"611":{"t":"C150"},"612":{"t":"PA30"},"617":{"t":"BL8"},"619":{"t":"C140"},"61A":{"t":"C120"},"61C":{"t":"C140"},"61D":{"t":"C140"},"61E":{"t":"C185"},"61F":{"t":"H269"},"621":{"t":"BE33"},"622":{"t":"CH7B"},"623":{"t":"BE35"},"625":{"t":"GLF5"},"629":{"t":"S22T"},"62B":{"t":"EC30"},"62C":{"t":"B77W"},"62F":{"t":"BE9L"},"630":{"t":"C182"},"631":{"t":"C25B"},"637":{"t":"C525"},"638":{"t":"BE35"},"63A":{"t":"C172"},"63C":{"t":"E35L"},"641":{"t":"C206"},"642":{"t":"C172"},"649":{"t":"E55P"},"651":{"t":"S108"},"652":{"desc":"L1P"},"653":{"desc":"L1P"},"654":{"t":"C550"},"655":{"t":"SR22"},"656":{"desc":"L1P"},"658":{"t":"C525"},"65A":{"t":"FA10"},"65B":{"t":"B722"},"65D":{"t":"BL8"},"65F":{"t":"SR22"},"661":{"t":"S22T"},"662":{"t":"GL5T"},"666":{"t":"BALL"},"66A":{"t":"BE35"},"66C":{"t":"AA5"},"66D":{"t":"S22T"},"676":{"t":"FA50"},"67A":{"desc":"L1P"},"67B":{"t":"C550"},"67C":{"t":"C750"},"683":{"desc":"L1P"},"684":{"t":"COL4"},"685":{"t":"SR22"},"686":{"t":"C172"},"687":{"t":"PA46"},"68B":{"t":"CL30"},"68F":{"desc":"L1P"},"694":{"desc":"L1P"},"69B":{"desc":"L1P"},"69D":{"t":"RV12"},"6A0":{"t":"A306"},"6A4":{"desc":"L1P"},"6AC":{"t":"ST75"},"6B2":{"t":"C208"},"6B6":{"desc":"L2P"},"6B7":{"desc":"A1P"},"6B9":{"desc":"L2J","t":"GA7C"},"6C1":{"desc":"L1P"},"6C7":{"t":"R44"},"6CE":{"t":"GLID"},"6D0":{"t":"BE58"},"6D1":{"desc":"L1P"},"6D3":{"t":"CH7B"},"6DC":{"desc":"L1T"},"6DF":{"t":"C25B"},"6E8":{"t":"C560"},"6E9":{"t":"C510"},"6F1":{"t":"M5"},"6F3":{"t":"BL8"},"6F9":{"desc":"L2T"},"701":{"desc":"L1P"},"70B":{"t":"S22T"},"71A":{"desc":"L1P"},"71B":{"t":"GLEX"},"71C":{"t":"C172"},"723":{"t":"SR22"},"725":{"t":"C208"},"72D":{"t":"C172"},"732":{"t":"H500"},"733":{"desc":"L1T","t":"PA46"},"734":{"desc":"L1P"},"738":{"t":"S76"},"73C":{"desc":"L4J"},"74B":{"t":"CL30"},"74F":{"t":"P28A"},"764":{"t":"S76"},"765":{"desc":"H6E"},"767":{"desc":"L1P"},"768":{"desc":"L1P"},"76B":{"t":"C172"},"775":{"t":"CRJ7"},"776":{"desc":"L1P"},"779":{"desc":"L1P","t":"ULAC"},"78E":{"t":"CL30"},"797":{"t":"BE20"},"798":{"t":"C150"},"79A":{"desc":"H1P"},"79B":{"desc":"L1P"},"79E":{"t":"C650"},"79F":{"t":"C172"},"7A7":{"t":"M20T"},"7AA":{"desc":"L1P"},"7AB":{"t":"PA31"},"7B0":{"t":"DA42"},"7B1":{"t":"SR20"},"7B3":{"t":"T6"},"7B8":{"desc":"L2J"},"7BF":{"desc":"A1P","t":"ULAC"},"7C0":{"desc":"L1P"},"7C3":{"t":"C441"},"7C4":{"t":"B737"},"7C9":{"t":"T206"},"7CA":{"desc":"L1P","t":"TB1"},"7D0":{"desc":"L1T"},"7D4":{"t":"C25B"},"7D8":{"t":"B350"},"7DA":{"t":"BALL"},"7DD":{"t":"E55P"},"7F6":{"t":"A319"},"7FA":{"desc":"L1P"},"7FB":{"t":"RV12"},"7FC":{"desc":"L1T"},"806":{"desc":"L2J"},"808":{"t":"C206"},"814":{"desc":"A1P"},"816":{"desc":"L1P"},"819":{"t":"BE36"},"81A":{"t":"S22T"},"81C":{"desc":"L1P"},"823":{"desc":"L1P"},"828":{"desc":"L2T"},"82C":{"t":"C140"},"837":{"t":"C56X"},"845":{"t":"BE35"},"84C":{"t":"BE36"},"853":{"t":"M7"},"85B":{"t":"E75L"},"85E":{"desc":"L1P"},"86B":{"t":"C172"},"879":{"t":"BE35"},"87B":{"t":"PA22"},"87C":{"t":"B06"},"880":{"t":"P28A"},"884":{"t":"T210"},"885":{"t":"PA24"},"886":{"t":"C172"},"887":{"t":"BE33"},"889":{"t":"BE20"},"88C":{"t":"P28A"},"893":{"t":"BALL"},"895":{"t":"BE33"},"897":{"t":"C140"},"899":{"t":"BALL"},"89B":{"t":"C172"},"89F":{"t":"C182"},"8A0":{"t":"P28A"},"8A3":{"t":"P28A"},"8A6":{"t":"C175"},"8A7":{"t":"C182"},"8A9":{"t":"C172"},"8AA":{"t":"BE33"},"8AB":{"desc":"L1P"},"8AC":{"t":"BE58"},"8B0":{"t":"C150"},"8B1":{"t":"BE36"},"8B6":{"t":"C140"},"8B7":{"t":"C140"},"8B8":{"t":"C140"},"8B9":{"t":"C120"},"8BA":{"desc":"L1P"},"8BE":{"t":"C172"},"8C1":{"t":"PA22"},"8C2":{"t":"BALL"},"8C4":{"t":"C172"},"8C5":{"t":"BALL"},"8C6":{"t":"P28A"},"8C7":{"t":"PA18"},"8CA":{"t":"B212"},"8CB":{"t":"PA24"},"8CC":{"t":"C172"},"8CD":{"t":"BE36"},"8CE":{"t":"C182"},"8CF":{"t":"BE36"},"8D1":{"t":"BALL"},"8D2":{"t":"BALL"},"8D4":{"t":"PA30"},"8D5":{"t":"PA25"},"8D7":{"t":"BE58"},"8DA":{"t":"BALL"},"8DC":{"t":"C140"},"8DE":{"t":"BALL"},"8DF":{"t":"C140"},"8E2":{"t":"BE35"},"8E7":{"t":"C172"},"8E8":{"t":"BALL"},"8E9":{"t":"P28A"},"8EA":{"t":"BALL"},"8EC":{"t":"BALL"},"8ED":{"t":"B212"},"8EF":{"t":"C172"},"8F2":{"t":"BE58"},"8F5":{"t":"P28A"},"8F7":{"t":"PA30"},"8F9":{"t":"C140"},"8FA":{"t":"C140"},"8FC":{"t":"C140"},"8FE":{"t":"C140"},"8FF":{"t":"C120"},"904":{"t":"C172"},"908":{"t":"BE33"},"909":{"t":"P28A"},"90B":{"t":"C206"},"90C":{"t":"P28A"},"90D":{"t":"PA18"},"90E":{"t":"AA1"},"90F":{"t":"C175"},"910":{"t":"C182"},"911":{"t":"BE58"},"912":{"t":"C172"},"914":{"t":"C150"},"915":{"t":"BE33"},"918":{"t":"P28A"},"91A":{"t":"PA30"},"91C":{"t":"C120"},"920":{"t":"C120"},"921":{"t":"C140"},"922":{"t":"BALL"},"923":{"t":"C140"},"924":{"t":"C120"},"925":{"t":"C140"},"927":{"t":"C172"},"92B":{"t":"C182"},"92C":{"t":"P28A"},"92F":{"t":"P28A"},"931":{"t":"AA1"},"932":{"t":"C175"},"933":{"t":"B212"},"934":{"t":"PA24"},"935":{"t":"C172"},"936":{"t":"BE58"},"937":{"t":"BE36"},"938":{"t":"BE36"},"93B":{"t":"P28A"},"93E":{"t":"PA25"},"940":{"t":"P28B"},"945":{"t":"C120"},"947":{"t":"C140"},"948":{"t":"C182"},"94A":{"t":"BE36"},"94D":{"t":"T206"},"94F":{"t":"P28A"},"950":{"t":"C182"},"951":{"t":"C182"},"954":{"t":"AA1"},"956":{"t":"B212"},"958":{"t":"C182"},"959":{"desc":"L1P"},"95E":{"t":"C182"},"960":{"t":"C182"},"962":{"t":"C120"},"964":{"t":"C140"},"965":{"t":"C140"},"966":{"t":"C120"},"967":{"t":"C140"},"969":{"t":"BE36"},"96A":{"t":"C120"},"96B":{"t":"C140"},"96D":{"t":"C172"},"96E":{"t":"BE36"},"96F":{"desc":"L2P"},"970":{"t":"PA22"},"971":{"t":"C172"},"972":{"t":"P28A"},"974":{"t":"J3"},"975":{"t":"P28A"},"978":{"t":"C175"},"979":{"t":"T206"},"97A":{"t":"C172"},"97B":{"t":"C172"},"97D":{"t":"C150"},"97E":{"t":"C172"},"97F":{"desc":"L1P"},"982":{"t":"C150"},"983":{"t":"PA30"},"984":{"t":"C172"},"985":{"t":"C140"},"987":{"t":"C120"},"988":{"t":"PA18"},"98B":{"t":"C120"},"98E":{"t":"C150"},"98F":{"t":"C72R"},"990":{"t":"C172"},"991":{"t":"BE58"},"992":{"t":"P28A"},"993":{"t":"PA22"},"994":{"t":"BT36"},"995":{"t":"P28A"},"997":{"t":"J3"},"99B":{"t":"C175"},"99C":{"t":"BE36"},"99F":{"t":"C172"},"9A0":{"t":"C150"},"9A1":{"t":"C172"},"9A6":{"t":"PA30"},"9A7":{"t":"T206"},"9AA":{"t":"T206"},"9AD":{"t":"C140"},"9B0":{"t":"BE95"},"9B3":{"t":"C172"},"9B5":{"t":"P28A"},"9B7":{"t":"C182"},"9B8":{"t":"P28A"},"9B9":{"t":"C182"},"9BA":{"t":"J3"},"9BC":{"t":"PA18"},"9BD":{"t":"AA1"},"9BE":{"t":"C175"},"9C1":{"t":"C172"},"9C2":{"t":"BE36"},"9C3":{"t":"C150"},"9C4":{"t":"C172"},"9C6":{"desc":"L1P"},"9C8":{"t":"C150"},"9CC":{"t":"C140"},"9D5":{"t":"PA18"},"9D6":{"t":"T28"},"9D9":{"t":"CH7B"},"9DB":{"t":"B407"},"9DC":{"t":"GLEX"},"9DD":{"t":"C25B"},"9E0":{"t":"AS50"},"9E2":{"t":"C170"},"9E3":{"t":"B77W"},"9E4":{"t":"PC12"},"9E7":{"t":"C337"},"9EA":{"t":"A319"},"9EB":{"t":"BL8"},"9EF":{"t":"M7"},"9F0":{"t":"B58T"},"9F1":{"t":"P28B"},"9F2":{"desc":"L1P"},"9F5":{"t":"GLEX"},"9F6":{"t":"BE36"},"A00":{"desc":"L1P"},"A04":{"t":"PA46"},"A09":{"desc":"G1P"},"A0A":{"t":"BE20"},"A0B":{"t":"SR22"},"A11":{"desc":"L1P"},"A12":{"t":"B722"},"A14":{"desc":"L1P"},"A16":{"t":"C172"},"A21":{"t":"BE35"},"A23":{"desc":"L1P"},"A25":{"desc":"L1P"},"A28":{"t":"S22T"},"A29":{"desc":"A1P"},"A2D":{"t":"PA18"},"A2F":{"t":"S22T"},"A31":{"t":"GALX"},"A33":{"desc":"L1P"},"A36":{"desc":"L1P"},"A3B":{"t":"BE36"},"A3D":{"t":"T206"},"A41":{"t":"SR20"},"A45":{"desc":"L1P"},"A4A":{"t":"C172"},"A4B":{"desc":"L1P","t":"ULAC"},"A50":{"desc":"A1P"},"A57":{"t":"A306"},"A69":{"t":"C208"},"A6C":{"desc":"L1P"},"A6D":{"desc":"L2P"},"A70":{"desc":"L2J","t":"GA7C"},"A75":{"t":"PA32"},"A78":{"t":"T206"},"A7D":{"t":"BALL"},"A7E":{"desc":"H4E"},"A85":{"t":"B06"},"A86":{"t":"C550"},"A9E":{"desc":"L1P","t":"ULAC"},"A9F":{"desc":"L1P"},"AA1":{"desc":"L1P"},"AA5":{"t":"FA50"},"AA6":{"t":"C172"},"AB2":{"t":"PA18"},"AB7":{"desc":"L1P"},"AB8":{"desc":"L1P"},"AC3":{"t":"T6"},"AC7":{"t":"SR22"},"AD1":{"t":"C421"},"AD3":{"t":"H25B"},"AD6":{"t":"A119"},"ADB":{"desc":"L1P"},"ADE":{"t":"VALI"},"AE4":{"desc":"L1P"},"AEB":{"t":"C172"},"AEC":{"t":"GLID"},"AED":{"t":"A139"},"AF2":{"t":"LJ45"},"AF5":{"t":"C172"},"AF7":{"t":"T206"},"B02":{"desc":"L1P"},"B06":{"t":"P28A"},"B09":{"t":"PC12"},"B1B":{"desc":"L1P"},"B1C":{"t":"BALL"},"B1D":{"t":"SR22"},"B1E":{"desc":"L1P"},"B1F":{"t":"SR22"},"B22":{"t":"BE40"},"B25":{"desc":"L1P"},"B27":{"t":"SR22"},"B2C":{"desc":"L1P","t":"ULAC"},"B45":{"t":"CL30"},"B4D":{"desc":"L1P"},"B50":{"desc":"L1P"},"B53":{"t":"CL60"},"B54":{"desc":"L1P"},"B58":{"t":"AT8T"},"B59":{"desc":"H1P"},"B5B":{"t":"C25A"},"B5D":{"desc":"L1P"},"B5E":{"desc":"A1T","t":"KODI"},"B5F":{"t":"C421"},"B61":{"desc":"L1P"},"B62":{"t":"GLF4"},"B63":{"t":"GLID"},"B64":{"t":"TBM7"},"B66":{"desc":"H1T"},"B67":{"t":"C182"},"B70":{"t":"CRJ7"},"B72":{"desc":"L1P"},"B78":{"desc":"G1P"},"B7B":{"t":"B737"},"B7F":{"desc":"L1P","t":"ULAC"},"B80":{"t":"SF50"},"B81":{"desc":"L1P","t":"TB1"},"B82":{"t":"BALL"},"B85":{"desc":"L1P"},"B88":{"t":"B58T"},"B8B":{"t":"C525"},"B8F":{"t":"B350"},"B91":{"t":"B350"},"B94":{"desc":"L1P"},"B95":{"t":"SR20"},"BA9":{"t":"B722"},"BB1":{"desc":"L1P"},"BCA":{"t":"R44"},"BD7":{"t":"B752"},"BDC":{"desc":"L1P"},"BDF":{"desc":"H4E"},"BEC":{"t":"C750"},"C12":{"t":"E75L"},"C15":{"t":"SR22"},"C2F":{"t":"C172"},"C30":{"t":"BE35"},"C34":{"t":"P28A"},"C36":{"t":"C182"},"C38":{"t":"C182"},"C39":{"t":"AA1"},"C3C":{"t":"PA24"},"C3D":{"t":"C182"},"C43":{"t":"P28A"},"C44":{"t":"C150"},"C45":{"t":"PA30"},"C4C":{"t":"C140"},"C4E":{"t":"C140"},"C4F":{"t":"T206"},"C50":{"t":"C140"},"C52":{"t":"C172"},"C54":{"desc":"L2P"},"C57":{"t":"P28A"},"C58":{"t":"C172"},"C59":{"t":"C206"},"C5D":{"t":"C182"},"C5F":{"t":"PA24"},"C60":{"t":"C172"},"C66":{"t":"P28A"},"C68":{"t":"PA30"},"C69":{"t":"C172"},"C6A":{"t":"C120"},"C6C":{"t":"C182"},"C6E":{"t":"C206"},"C73":{"t":"C140"},"C75":{"t":"C206"},"C79":{"t":"C182"},"C7A":{"t":"P28A"},"C80":{"t":"C182"},"C82":{"t":"PA24"},"C83":{"t":"C172"},"C86":{"t":"B14C"},"C88":{"desc":"L1P"},"C89":{"t":"P28A"},"C8A":{"t":"C172"},"C8D":{"t":"C140"},"C8F":{"t":"C120"},"C90":{"t":"T206"},"C92":{"t":"C140"},"C93":{"t":"T206"},"C94":{"t":"C140"},"C98":{"t":"C172"},"C9E":{"t":"C172"},"CA0":{"t":"P28A"},"CA3":{"t":"C175"},"CA5":{"t":"PA24"},"CA6":{"t":"C172"},"CA9":{"t":"C172"},"CAC":{"t":"P28A"},"CAE":{"t":"PA30"},"CAF":{"t":"PA25"},"CB3":{"t":"C140"},"CB4":{"t":"T206"},"CB7":{"t":"C140"},"CB8":{"t":"T206"},"CB9":{"t":"C172"},"CBA":{"t":"ST75"},"CBB":{"t":"C172"},"CBC":{"t":"BE35"},"CBE":{"t":"C206"},"CC0":{"t":"P28A"},"CC2":{"t":"T206"},"CC3":{"t":"P28A"},"CC5":{"t":"AA1"},"CC7":{"t":"C182"},"CC9":{"t":"C172"},"CCF":{"t":"P28A"},"CD1":{"t":"PA30"},"CD6":{"t":"B212"},"CDA":{"t":"C182"},"CDB":{"t":"C140"},"CDD":{"t":"PA24"},"CDF":{"t":"C172"},"CE0":{"desc":"L2P"},"CE1":{"t":"PA18"},"CE3":{"t":"P28A"},"CE6":{"t":"P28A"},"CE7":{"t":"PA18"},"CE8":{"t":"AA1"},"CEA":{"t":"C182"},"CEB":{"t":"PA24"},"CED":{"t":"T206"},"CEE":{"t":"C182"},"CEF":{"t":"C172"},"CF2":{"t":"P28A"},"CF4":{"t":"C172"},"CF5":{"t":"C172"},"CF6":{"t":"C120"},"CF7":{"t":"C140"},"CF8":{"t":"C140"},"CF9":{"t":"C172"},"CFA":{"t":"C120"},"CFD":{"t":"C140"},"CFE":{"t":"C182"},"CFF":{"t":"C140"},"D01":{"t":"C172"},"D02":{"t":"C82S"},"D04":{"t":"C172"},"D09":{"t":"P28A"},"D0A":{"t":"S76"},"D0C":{"t":"C182"},"D0D":{"t":"C206"},"D0E":{"t":"PA24"},"D0F":{"t":"C172"},"D11":{"t":"C182"},"D12":{"t":"C172"},"D15":{"t":"P28A"},"D17":{"t":"C206"},"D18":{"t":"C206"},"D19":{"t":"C140"},"D1B":{"t":"C172"},"D1D":{"t":"C172"},"D20":{"t":"C182"},"D22":{"t":"C182"},"D25":{"t":"BE35"},"D28":{"t":"C182"},"D29":{"t":"P28A"},"D2A":{"t":"C172"},"D2C":{"t":"P28A"},"D2F":{"t":"C175"},"D30":{"t":"C206"},"D35":{"t":"C182"},"D38":{"t":"P28A"},"D39":{"t":"C150"},"D3A":{"t":"C182"},"D3B":{"t":"C182"},"D3D":{"t":"C182"},"D3E":{"t":"C140"},"D40":{"t":"C120"},"D41":{"t":"C172"},"D43":{"t":"C140"},"D49":{"desc":"L2P"},"D4A":{"t":"PA18"},"D4B":{"t":"C182"},"D4C":{"t":"C182"},"D4D":{"t":"C182"},"D4E":{"t":"J3"},"D4F":{"t":"PC12"},"D50":{"t":"C182"},"D51":{"t":"AA1"},"D54":{"t":"T206"},"D56":{"t":"BE55"},"D58":{"t":"C172"},"D5D":{"t":"T206"},"D5E":{"t":"T206"},"D5F":{"t":"C140"},"D60":{"t":"C140"},"D61":{"t":"C120"},"D64":{"t":"C140"},"D66":{"t":"C140"},"D68":{"t":"C182"},"D6B":{"t":"C182"},"D6C":{"t":"T206"},"D6E":{"t":"C182"},"D6F":{"t":"P28A"},"D70":{"t":"C172"},"D73":{"t":"T206"},"D74":{"t":"AA1"},"D76":{"t":"C206"},"D77":{"t":"PA24"},"D78":{"t":"C172"},"D7B":{"t":"T206"},"D7E":{"t":"P28A"},"D7F":{"t":"T206"},"D83":{"t":"C140"},"D84":{"t":"C206"},"D85":{"t":"C140"},"D86":{"t":"C182"},"D87":{"t":"T206"},"D88":{"t":"T206"},"D89":{"t":"C206"},"D8B":{"t":"C140"},"D8C":{"t":"C185"},"D8D":{"t":"ST75"},"D8F":{"desc":"G1P"},"D90":{"t":"P28A"},"D92":{"t":"B407"},"D96":{"t":"P28A"},"D97":{"t":"R44"},"D98":{"t":"S22T"},"D99":{"t":"GLID"},"D9A":{"t":"B77W"},"D9D":{"desc":"L1P"},"DA1":{"t":"BE18"},"DA5":{"t":"PTS2"},"DA6":{"t":"BE20"},"DA8":{"t":"B06"},"DAA":{"desc":"L1P"},"DAE":{"t":"P28A"},"DB1":{"desc":"L1P"},"DB3":{"desc":"L1P"},"DB6":{"t":"SR20"},"DB7":{"t":"C150"},"DBA":{"t":"BE36"},"DBB":{"t":"BE20"},"DBF":{"t":"C182"},"DC1":{"t":"BE35"},"DC2":{"t":"DA40"},"DC3":{"t":"SR22"},"DC4":{"t":"PA46"},"DC6":{"t":"C182"},"DC9":{"desc":"H4E"},"DCA":{"t":"AT5T"},"DCC":{"t":"SR20"},"DCD":{"t":"C182"},"DD1":{"desc":"L1P"},"DD4":{"t":"EA50"},"DDA":{"t":"PA18"},"DDB":{"t":"C177"},"DDC":{"t":"R22"},"DDD":{"t":"P28A"},"DDF":{"t":"C180"},"DE0":{"t":"S22T"},"DE1":{"t":"BE58"},"DE2":{"t":"T206"},"DE3":{"t":"SF34"},"DE6":{"desc":"L2T"},"DE8":{"t":"T206"},"DE9":{"t":"PA24"},"DEA":{"t":"R44"},"DED":{"t":"ULAC"},"DF2":{"t":"BE55"},"DF7":{"t":"C550"},"DF8":{"t":"BE35"},"E01":{"t":"O1"},"E02":{"t":"C421"},"E03":{"t":"ULAC"},"E07":{"t":"C208"},"E09":{"desc":"L1P"},"E0A":{"t":"P210"},"E0B":{"t":"T210"},"E0C":{"desc":"L1P"},"E0E":{"t":"A306"},"E14":{"t":"C210"},"E15":{"t":"P28A"},"E17":{"t":"BALL"},"E1B":{"t":"BALL"},"E20":{"t":"C208"},"E23":{"t":"NAVI"},"E24":{"desc":"L2P"},"E25":{"desc":"L1P"},"E27":{"desc":"L2J","t":"GA7C"},"E29":{"t":"BALL"},"E2B":{"t":"S22T"},"E2C":{"t":"ULAC"},"E2E":{"t":"C182"},"E2F":{"t":"GLID"},"E30":{"desc":"L1P"},"E33":{"t":"P32R"},"E34":{"desc":"L1P"},"E38":{"t":"F900"},"E3D":{"t":"P28S"},"E3E":{"t":"PA31"},"E3F":{"desc":"L1P"},"E40":{"t":"EA50"},"E43":{"t":"SR22"},"E48":{"t":"C150"},"E4D":{"t":"P28R"},"E53":{"t":"HUSK"},"E55":{"t":"M20P"},"E57":{"desc":"L1P"},"E58":{"desc":"L1P"},"E5B":{"desc":"L1P"},"E5D":{"desc":"A1P"},"E5F":{"t":"SR22"},"E60":{"t":"GLID"},"E61":{"desc":"L1P"},"E63":{"desc":"L1P"},"E65":{"t":"UH12"},"E66":{"t":"EN48"},"E67":{"t":"C337"},"E69":{"t":"H500"},"E6A":{"desc":"L1P"},"E6E":{"t":"PA46"},"E70":{"t":"BE40"},"E71":{"t":"M20P"},"E72":{"t":"C172"},"E74":{"t":"PC12"},"E75":{"t":"C25C"},"E77":{"desc":"L1P","t":"ULAC"},"E79":{"desc":"L1P"},"E7C":{"t":"R44"},"E7E":{"desc":"L1P"},"E80":{"desc":"L1T"},"E83":{"desc":"A1P"},"E87":{"desc":"H1T"},"E88":{"t":"B06"},"E89":{"t":"C77R"},"E8A":{"t":"C172"},"E8B":{"desc":"L1P"},"E8D":{"t":"PA44"},"E8E":{"t":"C172"},"E8F":{"t":"C206"},"E92":{"t":"S22T"},"E93":{"t":"LJ25"},"E98":{"t":"C182"},"E99":{"t":"B58T"},"E9B":{"desc":"L1P"},"EA0":{"desc":"L1P","t":"B722"},"EA1":{"t":"PA31"},"EA4":{"desc":"L1P"},"EA5":{"t":"C172"},"EA6":{"desc":"L1P"},"EA9":{"desc":"L1P","t":"ULAC"},"EAA":{"desc":"L1P"},"EAB":{"t":"PRM1"},"EAE":{"desc":"L1P"},"EB0":{"t":"BL8"},"EB1":{"t":"BE36"},"EB2":{"t":"BE9L"},"EB3":{"t":"B350"},"EB8":{"t":"DA40"},"EBD":{"desc":"A1P"},"EBE":{"t":"C206"},"EBF":{"desc":"L1P"},"EC0":{"t":"BE33"},"EC3":{"t":"B722"},"ED0":{"t":"B722"},"ED2":{"t":"BE33"},"ED3":{"t":"M20P"},"ED4":{"t":"C182"},"ED5":{"t":"C182"},"ED6":{"t":"ULAC"},"ED7":{"t":"PA34"},"ED9":{"t":"P28S"},"EDB":{"t":"C56X"},"EDC":{"desc":"L1P"},"EDE":{"t":"C172"},"EE2":{"t":"GLF5"},"EE3":{"t":"PTS2"},"EE7":{"t":"SR22"},"EE8":{"t":"GLID"},"EEB":{"t":"BE35"},"EFC":{"t":"CL30"},"F04":{"desc":"L1P"},"F05":{"t":"GLID"},"F06":{"desc":"L1P"},"F07":{"t":"C172"},"F08":{"desc":"L1P"},"F0B":{"desc":"A1P"},"F0C":{"desc":"L1P"},"F0F":{"t":"PA31"},"F10":{"t":"PA30"},"F18":{"desc":"L1P"},"F1D":{"t":"SR22"},"F1F":{"t":"C525"},"F21":{"t":"P32R"},"F23":{"t":"C172"},"F24":{"t":"C180"},"F25":{"t":"S22T"},"F26":{"t":"CL30"},"F27":{"t":"CRJ7"},"F28":{"t":"SR22"},"F29":{"desc":"L1P"},"F2B":{"t":"C172"},"F2D":{"t":"SR22"},"F2E":{"t":"PA18"},"F2F":{"t":"DG15"},"F32":{"t":"B737"},"F36":{"t":"BE55"},"F39":{"t":"PA27"},"F3A":{"t":"PA18"},"F3B":{"t":"GLF5"},"F3C":{"desc":"L1T"},"F3D":{"desc":"L1P"},"F41":{"t":"C172"},"F42":{"t":"AA5"},"F44":{"t":"MU2"},"F47":{"t":"C172"},"F48":{"desc":"L1P"},"F4A":{"t":"BL17"},"F4B":{"t":"B752"},"F4C":{"t":"C650"},"F53":{"desc":"L2P"},"F60":{"t":"B722"},"F68":{"t":"BE35"},"F6A":{"t":"SF50"},"F6B":{"t":"BE33"},"F6F":{"t":"S22T"},"F71":{"t":"B721"},"F7A":{"t":"C182"},"F81":{"desc":"L1P"},"F83":{"desc":"L1P"},"F85":{"t":"SR20"},"F8D":{"t":"BE19"},"F8F":{"t":"ULAC"},"F92":{"t":"T210"},"F93":{"desc":"A1P"},"F95":{"desc":"L1P"},"F9A":{"desc":"H1P"},"FAB":{"desc":"L8J"},"FB3":{"desc":"L1P"},"FB4":{"desc":"L1P"},"FB5":{"t":"C25B"},"FBD":{"t":"B722"},"FC1":{"desc":"H4E"},"FC9":{"t":"E75L"},"FCC":{"t":"C170"},"FD3":{"t":"C172"},"FE4":{"t":"SR20"},"FE9":{"t":"PA18"},"FEC":{"t":"C172"},"FED":{"t":"C182"},"FF2":{"t":"C182"},"FF4":{"t":"C182"},"FF7":{"t":"C172"},"FF9":{"desc":"L1P"},"FFA":{"t":"P28A"},"FFC":{"t":"C182"}}