{"001":{"t":"P210"},"004":{"t":"P210"},"005":{"t":"P210"},"006":{"t":"P210"},"007":{"t":"BE58"},"008":{"t":"DA40"},"009":{"t":"PAY2"},"00A":{"t":"FA50"},"00B":{"t":"P210"},"00F":{"t":"C188"},"010":{"t":"P210"},"011":{"t":"AA5"},"013":{"t":"C188"},"015":{"t":"SR22"},"023":{"t":"C188"},"027":{"t":"P210"},"028":{"t":"P210"},"02D":{"t":"P210"},"030":{"t":"P210"},"031":{"t":"CL30"},"039":{"t":"C240"},"03A":{"t":"LJ35"},"041":{"desc":"L1P"},"044":{"t":"C182"},"047":{"desc":"L1P","t":"ULAC"},"049":{"t":"P210"},"04B":{"t":"BE23"},"04E":{"t":"P210"},"052":{"t":"BE55"},"053":{"t":"B737"},"054":{"desc":"L1P"},"055":{"t":"P210"},"056":{"t":"B06"},"05C":{"t":"BE55"},"05E":{"t":"P32T"},"060":{"desc":"A1P"},"062":{"t":"F900"},"06B":{"t":"C172"},"06C":{"t":"H269"},"06D":{"t":"C188"},"06F":{"desc":"L1P"},"070":{"t":"ECHO"},"071":{"desc":"L2T"},"074":{"t":"AT8T"},"077":{"t":"TBM8"},"079":{"t":"P210"},"07A":{"t":"C188"},"07B":{"t":"C560"},"07C":{"t":"C188"},"07F":{"desc":"L1P"},"081":{"t":"C77R"},"083":{"t":"RV12"},"085":{"t":"PA25"},"08A":{"t":"C188"},"097":{"desc":"H4E"},"0A0":{"t":"SR22"},"0A4":{"t":"P46T"},"0B3":{"t":"C188"},"0B4":{"t":"C188"},"0B6":{"t":"PA24"},"0B7":{"t":"PA34"},"0B9":{"t":"BE36"},"0BC":{"t":"SR22"},"0BE":{"t":"C25B"},"0CA":{"t":"C188"},"0CF":{"desc":"L1P"},"0D1":{"t":"P210"},"0D6":{"t":"C188"},"0DC":{"t":"C188"},"0E5":{"t":"P210"},"0E8":{"desc":"L1P"},"0F8":{"t":"C188"},"0FE":{"t":"E75L"},"103":{"t":"P210"},"107":{"t":"P210"},"11C":{"t":"BE35"},"11D":{"t":"P28A"},"121":{"t":"C172"},"129":{"t":"C182"},"12C":{"t":"C172"},"12E":{"t":"BL17"},"133":{"t":"C207"},"136":{"t":"C172"},"138":{"t":"C172"},"140":{"t":"ULAC"},"141":{"t":"PA22"},"143":{"t":"P28A"},"145":{"t":"J3"},"146":{"t":"P28A"},"147":{"t":"SR22"},"14E":{"t":"C82R"},"14F":{"t":"C172"},"151":{"t":"C172"},"154":{"t":"PA30"},"155":{"t":"PA25"},"156":{"t":"AT3P"},"159":{"t":"C172"},"15C":{"t":"C172"},"15E":{"t":"C182"},"161":{"t":"C172"},"162":{"t":"BE35"},"164":{"t":"PA22"},"167":{"t":"C150"},"168":{"t":"J3"},"16A":{"t":"PA20"},"16D":{"t":"C182"},"16F":{"t":"C182"},"171":{"t":"C182"},"172":{"t":"C172"},"175":{"t":"C82R"},"176":{"t":"C82R"},"17C":{"t":"C207"},"180":{"t":"AT3T"},"184":{"t":"C172"},"185":{"t":"BE35"},"18A":{"t":"C150"},"192":{"t":"C182"},"194":{"t":"C182"},"197":{"t":"BL17"},"19A":{"t":"PA30"},"19B":{"t":"PA25"},"19D":{"t":"C172"},"1A0":{"t":"C172"},"1A1":{"t":"AT3P"},"1A7":{"t":"C172"},"1A8":{"t":"BE35"},"1AC":{"t":"P28A"},"1AD":{"t":"C172"},"1B2":{"t":"C175"},"1B5":{"t":"AT5P"},"1B6":{"t":"AT5P"},"1B8":{"t":"C172"},"1BB":{"t":"P28A"},"1C5":{"t":"C172"},"1C7":{"t":"C172"},"1C8":{"t":"C172"},"1C9":{"desc":"L1P"},"1CA":{"t":"C150"},"1CB":{"t":"BE35"},"1CD":{"t":"PA22"},"1D1":{"t":"J3"},"1D3":{"t":"C172"},"1D4":{"t":"AT5T"},"1D5":{"t":"C175"},"1D8":{"t":"C182"},"1D9":{"t":"BE36"},"1DD":{"t":"BL17"},"1DE":{"t":"P28A"},"1E3":{"t":"C172"},"1E4":{"t":"B762"},"1E6":{"t":"C172"},"1ED":{"t":"C172"},"1EE":{"t":"BE35"},"1F3":{"t":"C172"},"1F4":{"t":"J3"},"1F6":{"t":"PA20"},"1F8":{"t":"C175"},"1F9":{"t":"C182"},"1FA":{"t":"PA24"},"1FB":{"t":"C182"},"1FF":{"t":"C411"},"200":{"t":"BL17"},"201":{"t":"P28A"},"202":{"t":"C150"},"20F":{"t":"PC24"},"215":{"t":"P28A"},"216":{"t":"C172"},"217":{"t":"J3"},"218":{"t":"P28A"},"219":{"desc":"L1P"},"220":{"t":"C182"},"226":{"t":"PA30"},"228":{"t":"C172"},"229":{"t":"C172"},"22A":{"t":"C172"},"22C":{"t":"C172"},"230":{"t":"C172"},"231":{"t":"C172"},"233":{"t":"BE58"},"234":{"t":"BE35"},"236":{"t":"PA22"},"238":{"t":"P28A"},"239":{"t":"C172"},"23A":{"t":"C185"},"23B":{"t":"P28A"},"23E":{"t":"C175"},"243":{"t":"C182"},"249":{"t":"PA30"},"24C":{"t":"C172"},"24E":{"t":"C172"},"254":{"t":"C172"},"259":{"t":"C172"},"25B":{"t":"P28A"},"25C":{"t":"C172"},"25D":{"t":"J3"},"25E":{"t":"P28A"},"25F":{"t":"C172"},"261":{"t":"C175"},"264":{"t":"C182"},"265":{"t":"BE55"},"267":{"t":"C82R"},"269":{"t":"AT5T"},"26A":{"t":"P28A"},"26B":{"t":"C82R"},"26E":{"t":"C172"},"270":{"t":"C172"},"272":{"t":"AT5T"},"273":{"t":"C172"},"275":{"t":"C172"},"276":{"t":"C172"},"277":{"t":"C172"},"279":{"desc":"L1P"},"27A":{"t":"H25B"},"27B":{"t":"SR22"},"27C":{"t":"E55P"},"27D":{"t":"T210"},"285":{"t":"FA50"},"286":{"t":"B77W"},"287":{"t":"SF50"},"288":{"t":"T210"},"28A":{"t":"CL30"},"28D":{"t":"C210"},"28F":{"t":"C210"},"292":{"t":"BE35"},"293":{"t":"T210"},"294":{"t":"T210"},"29A":{"t":"C210"},"29B":{"t":"R44"},"29C":{"t":"T210"},"29F":{"desc":"A1P"},"2A9":{"t":"C210"},"2AC":{"t":"PA30"},"2AD":{"t":"T210"},"2AE":{"desc":"H4E"},"2AF":{"t":"SR22"},"2B3":{"t":"C210"},"2B5":{"t":"B734"},"2B9":{"t":"C172"},"2BB":{"t":"T210"},"2C0":{"t":"C210"},"2C1":{"t":"T210"},"2C4":{"t":"BE35"},"2CC":{"desc":"L1P"},"2CE":{"t":"T210"},"2CF":{"t":"C210"},"2D0":{"t":"T210"},"2D2":{"desc":"A1P"},"2D3":{"t":"T210"},"2D5":{"t":"DA40"},"2D9":{"t":"T210"},"2DC":{"t":"C210"},"2E0":{"t":"T210"},"2E2":{"t":"C210"},"2E8":{"t":"C210"},"2EB":{"t":"C210"},"2EF":{"t":"P210"},"2F2":{"t":"C210"},"2F3":{"t":"C210"},"2F5":{"t":"C210"},"2F9":{"t":"C210"},"2FA":{"t":"A306"},"2FF":{"t":"C210"},"304":{"t":"C210"},"30A":{"t":"T210"},"30C":{"t":"C210"},"30F":{"t":"BE35"},"310":{"desc":"L2J","t":"GA7C"},"316":{"t":"C210"},"317":{"t":"C210"},"319":{"t":"T210"},"31D":{"t":"C210"},"324":{"t":"C210"},"325":{"t":"T210"},"32A":{"t":"H25B"},"32C":{"t":"T210"},"332":{"t":"T210"},"334":{"t":"EC35"},"338":{"t":"T206"},"341":{"desc":"L1P","t":"ULAC"},"343":{"desc":"L1P"},"347":{"t":"T210"},"348":{"desc":"L1P"},"34A":{"t":"T210"},"34D":{"t":"C206"},"352":{"t":"T210"},"353":{"t":"C210"},"356":{"t":"T210"},"357":{"t":"T210"},"359":{"t":"C210"},"35A":{"t":"C185"},"35B":{"t":"B735"},"35C":{"t":"T210"},"35D":{"t":"T210"},"35F":{"t":"T210"},"365":{"t":"C210"},"367":{"t":"C210"},"368":{"t":"T210"},"369":{"t":"T210"},"376":{"t":"C208"},"379":{"t":"C210"},"37B":{"t":"PC12"},"37E":{"t":"C210"},"381":{"t":"T210"},"385":{"t":"T210"},"38C":{"t":"C525"},"38D":{"t":"B738"},"390":{"t":"C208"},"392":{"desc":"L1P"},"39C":{"t":"GLID"},"39E":{"t":"B407"},"3A1":{"t":"C210"},"3A3":{"t":"T210"},"3A8":{"t":"C210"},"3A9":{"t":"P28A"},"3B0":{"t":"T210"},"3B6":{"t":"C206"},"3BE":{"t":"BE58"},"3BF":{"t":"CL60"},"3C5":{"t":"T210"},"3CD":{"t":"T210"},"3D4":{"t":"C210"},"3D8":{"t":"C210"},"3DA":{"t":"T210"},"3E2":{"t":"C210"},"3E8":{"desc":"L1P"},"3ED":{"t":"T210"},"3F2":{"t":"T210"},"3F3":{"desc":"L1P"},"3F6":{"t":"P210"},"3F9":{"t":"LJ60"},"3FB":{"t":"T210"},"3FC":{"t":"C210"},"401":{"t":"P210"},"402":{"t":"C210"},"403":{"t":"C206"},"404":{"t":"T210"},"409":{"desc":"L1P"},"40B":{"t":"PC12"},"40C":{"t":"LJ31"},"40E":{"t":"T210"},"40F":{"t":"T210"},"410":{"t":"SR22"},"413":{"t":"CRJ7"},"415":{"t":"T210"},"419":{"t":"T210"},"41A":{"t":"T210"},"41B":{"t":"C210"},"41E":{"t":"B737"},"425":{"t":"T210"},"42B":{"t":"T210"},"430":{"t":"T210"},"433":{"desc":"L1P"},"439":{"t":"T210"},"43C":{"t":"PA25"},"443":{"t":"T210"},"444":{"t":"T210"},"447":{"t":"T210"},"44C":{"t":"A319"},"44E":{"t":"T210"},"450":{"t":"C210"},"454":{"desc":"L1P"},"45A":{"t":"C182"},"45B":{"t":"C210"},"462":{"t":"T210"},"464":{"t":"C210"},"467":{"t":"C210"},"46D":{"desc":"L1P"},"46F":{"t":"BE40"},"471":{"t":"C72R"},"473":{"t":"T210"},"477":{"t":"C210"},"47A":{"t":"T210"},"47B":{"t":"T210"},"47C":{"t":"T210"},"47E":{"t":"T210"},"47F":{"t":"T210"},"486":{"desc":"L1P"},"48C":{"t":"T210"},"48E":{"t":"P210"},"491":{"t":"T210"},"498":{"t":"C210"},"49A":{"t":"T210"},"49C":{"t":"C210"},"4A0":{"t":"C210"},"4A1":{"t":"T210"},"4A2":{"t":"T210"},"4A3":{"t":"T210"},"4A9":{"t":"T210"},"4AD":{"t":"C210"},"4B0":{"t":"M20P"},"4B5":{"t":"E75L"},"4B7":{"t":"C206"},"4B9":{"t":"T210"},"4BA":{"t":"T210"},"4BB":{"t":"T210"},"4BF":{"t":"T210"},"4C0":{"t":"P210"},"4C4":{"t":"T210"},"4CB":{"t":"C210"},"4CC":{"t":"C210"},"4D0":{"t":"T210"},"4D3":{"t":"BE35"},"4D4":{"t":"AT5T"},"4D7":{"t":"C172"},"4D8":{"t":"C206"},"4D9":{"t":"C185"},"4DA":{"t":"C172"},"4DE":{"t":"BALL"},"4E3":{"t":"C172"},"4E4":{"t":"C207"},"4E6":{"t":"P28A"},"4E8":{"t":"PA30"},"4EA":{"t":"C172"},"4F1":{"t":"B47G"},"4F3":{"t":"C172"},"4F6":{"t":"C152"},"4FA":{"t":"P28A"},"4FB":{"t":"C172"},"4FD":{"t":"BALL"},"500":{"t":"C175"},"501":{"t":"C182"},"502":{"t":"PA24"},"505":{"t":"C182"},"506":{"t":"C172"},"50E":{"t":"C182"},"510":{"t":"C172"},"514":{"t":"C207"},"518":{"t":"C150"},"519":{"t":"BE35"},"51A":{"t":"BALL"},"51B":{"t":"PA22"},"51D":{"t":"P28A"},"51F":{"t":"J3"},"521":{"t":"PA20"},"523":{"t":"C175"},"524":{"t":"BALL"},"525":{"t":"PA24"},"528":{"t":"C182"},"529":{"t":"C172"},"52B":{"t":"BL17"},"52C":{"t":"P28A"},"52D":{"t":"C150"},"533":{"t":"B47G"},"534":{"t":"B47G"},"538":{"t":"B47J"},"539":{"t":"BALL"},"53D":{"t":"BALL"},"53E":{"t":"PA22"},"541":{"t":"C172"},"542":{"t":"J3"},"546":{"desc":"L1P"},"548":{"t":"PA24"},"549":{"t":"C182"},"54A":{"t":"BALL"},"54B":{"t":"BALL"},"550":{"t":"C150"},"551":{"t":"PA30"},"561":{"desc":"S1P","t":"PA22"},"567":{"t":"PA20"},"569":{"t":"C175"},"56A":{"t":"C182"},"56B":{"t":"PA24"},"572":{"t":"P28A"},"574":{"t":"PA30"},"576":{"t":"B47G"},"57F":{"t":"B47G"},"581":{"t":"C172"},"583":{"t":"C182"},"589":{"t":"P28A"},"58A":{"t":"PA20"},"591":{"t":"C82T"},"592":{"t":"C172"},"595":{"t":"P28A"},"599":{"t":"C172"},"59A":{"t":"B738"},"59D":{"t":"C172"},"59F":{"t":"B738"},"5A2":{"t":"B738"},"5A7":{"t":"PA22"},"5A8":{"t":"C172"},"5A9":{"t":"P28A"},"5AB":{"t":"J3"},"5AD":{"t":"PA20"},"5AF":{"t":"C175"},"5B1":{"t":"PA24"},"5B4":{"t":"C182"},"5B8":{"t":"P28A"},"5BA":{"t":"PA30"},"5BE":{"t":"C172"},"5C2":{"t":"C207"},"5C3":{"t":"C172"},"5C5":{"t":"B47G"},"5C6":{"desc":"H1T"},"5C7":{"t":"C150"},"5CA":{"t":"PA22"},"5CB":{"t":"C210"},"5CC":{"t":"P28A"},"5CF":{"t":"P28A"},"5D0":{"t":"C172"},"5D4":{"t":"PA24"},"5DA":{"t":"BL17"},"5DB":{"t":"P28A"},"5DC":{"t":"C150"},"5DD":{"t":"PA30"},"5DF":{"t":"B738"},"5E4":{"t":"B738"},"5E5":{"t":"B738"},"5E7":{"t":"B738"},"5E8":{"t":"B47G"},"5EA":{"t":"C172"},"5EC":{"desc":"L1P"},"5ED":{"t":"PA22"},"5F0":{"t":"C172"},"5F2":{"t":"P28A"},"5F6":{"t":"C182"},"5F7":{"t":"PA24"},"5FA":{"t":"C182"},"5FB":{"t":"C172"},"600":{"t":"PA30"},"605":{"t":"B738"},"608":{"t":"B47G"},"60B":{"t":"C172"},"60D":{"t":"C150"},"60E":{"t":"BE35"},"612":{"t":"P28A"},"613":{"t":"C172"},"615":{"t":"P28A"},"619":{"t":"T210"},"61A":{"t":"PA24"},"61B":{"t":"C182"},"61D":{"t":"C182"},"621":{"t":"P28A"},"623":{"t":"SR20"},"626":{"t":"B738"},"628":{"t":"C172"},"629":{"t":"C172"},"62A":{"t":"C172"},"62B":{"t":"C172"},"62C":{"t":"C172"},"62D":{"t":"C172"},"62E":{"t":"B738"},"62F":{"t":"T50"},"630":{"t":"F2TH"},"631":{"t":"R44"},"632":{"t":"C172"},"633":{"t":"BE33"},"634":{"t":"C172"},"635":{"t":"C172"},"637":{"t":"C172"},"638":{"t":"C172"},"639":{"t":"C172"},"63A":{"t":"C172"},"63C":{"t":"C172"},"63F":{"t":"C172"},"640":{"t":"B77W"},"641":{"t":"CL30"},"642":{"t":"C172"},"644":{"t":"C172"},"645":{"t":"C172"},"646":{"desc":"L1P"},"647":{"t":"C172"},"648":{"t":"C172"},"64C":{"t":"C172"},"64D":{"t":"C172"},"64E":{"t":"C172"},"650":{"t":"C172"},"651":{"t":"SW4"},"653":{"t":"C172"},"656":{"t":"C172"},"657":{"t":"C172"},"659":{"t":"C172"},"65A":{"t":"C172"},"65B":{"t":"C172"},"660":{"t":"BE55"},"661":{"t":"C172"},"662":{"t":"S108"},"663":{"t":"C172"},"664":{"t":"C172"},"665":{"t":"C172"},"666":{"t":"SR22"},"668":{"t":"C510"},"66A":{"desc":"L2T"},"66B":{"t":"C25B"},"66C":{"t":"B734"},"66D":{"t":"C172"},"66E":{"t":"C172"},"66F":{"t":"C172"},"670":{"t":"C172"},"671":{"t":"C172"},"672":{"t":"C172"},"673":{"t":"C172"},"675":{"t":"C172"},"676":{"t":"C172"},"678":{"t":"C172"},"67A":{"t":"C172"},"67D":{"desc":"L1P"},"67E":{"t":"B190"},"681":{"desc":"L1P"},"682":{"t":"C172"},"686":{"t":"C172"},"687":{"t":"C172"},"688":{"t":"C172"},"689":{"t":"C172"},"68C":{"desc":"L1P","t":"ULAC"},"68D":{"t":"C172"},"691":{"t":"C172"},"693":{"t":"C172"},"695":{"t":"C172"},"696":{"t":"C172"},"69C":{"t":"T206"},"69D":{"t":"C172"},"69F":{"t":"C172"},"6A0":{"t":"C172"},"6A1":{"t":"C172"},"6A2":{"t":"C172"},"6A4":{"t":"C172"},"6A5":{"t":"C172"},"6A8":{"t":"C172"},"6A9":{"t":"C172"},"6AC":{"t":"C172"},"6AE":{"t":"C172"},"6B0":{"t":"C172"},"6B1":{"t":"A306"},"6B3":{"t":"C172"},"6B4":{"t":"C172"},"6B8":{"t":"C750"},"6BA":{"t":"C172"},"6BB":{"t":"C172"},"6BD":{"t":"C172"},"6BE":{"t":"C172"},"6BF":{"t":"C172"},"6C0":{"t":"C172"},"6C3":{"t":"C172"},"6C6":{"t":"FA50"},"6C7":{"desc":"L2J","t":"GA7C"},"6C8":{"t":"C172"},"6C9":{"t":"C172"},"6D0":{"t":"C172"},"6D1":{"t":"C172"},"6D2":{"t":"C172"},"6D4":{"t":"PA24"},"6D5":{"t":"C172"},"6D7":{"t":"C172"},"6D8":{"t":"C172"},"6DA":{"t":"C172"},"6DC":{"t":"C172"},"6DE":{"t":"C172"},"6DF":{"t":"F2TH"},"6E0":{"t":"C172"},"6E1":{"t":"H25B"},"6E2":{"t":"C172"},"6E3":{"t":"C172"},"6E5":{"t":"C172"},"6E7":{"t":"C172"},"6E8":{"t":"C172"},"6E9":{"t":"C172"},"6EB":{"desc":"L1P"},"6EC":{"t":"C172"},"6F0":{"t":"C172"},"6F1":{"t":"C172"},"6F2":{"t":"C172"},"6F7":{"t":"C172"},"6F8":{"desc":"L1P","t":"ULAC"},"6F9":{"t":"C172"},"6FA":{"t":"FA20"},"6FB":{"t":"C172"},"6FD":{"t":"C172"},"6FE":{"t":"C172"},"700":{"t":"C172"},"701":{"desc":"L1P"},"703":{"t":"C172"},"704":{"t":"C172"},"706":{"t":"C172"},"709":{"t":"C172"},"70A":{"t":"C172"},"70D":{"t":"C172"},"70E":{"t":"B744"},"711":{"t":"F2TH"},"712":{"t":"B738"},"713":{"t":"C172"},"714":{"t":"C172"},"715":{"t":"C206"},"716":{"t":"C172"},"718":{"t":"C172"},"71A":{"t":"C172"},"71B":{"t":"C172"},"71D":{"t":"T206"},"71F":{"t":"C172"},"722":{"t":"C172"},"723":{"t":"C172"},"725":{"t":"C172"},"72C":{"desc":"L1P"},"72D":{"desc":"L2J"},"72F":{"t":"C172"},"730":{"t":"C172"},"734":{"t":"C172"},"735":{"t":"C172"},"736":{"t":"C172"},"737":{"t":"C172"},"738":{"t":"C172"},"739":{"t":"C172"},"73B":{"t":"C172"},"741":{"t":"C172"},"743":{"t":"NAVI"},"744":{"t":"B738"},"746":{"t":"C172"},"747":{"t":"C172"},"74A":{"t":"C172"},"74E":{"t":"C172"},"751":{"t":"C172"},"754":{"t":"C172"},"755":{"t":"C172"},"756":{"t":"C172"},"757":{"t":"C172"},"758":{"t":"CH7B"},"759":{"t":"C172"},"75B":{"t":"C172"},"75E":{"t":"C172"},"75F":{"t":"C172"},"760":{"t":"C172"},"761":{"t":"C172"},"762":{"t":"C172"},"766":{"t":"C172"},"76A":{"t":"C172"},"76B":{"t":"C172"},"76C":{"t":"C172"},"76F":{"t":"C172"},"770":{"t":"C172"},"771":{"t":"C172"},"775":{"t":"P46T"},"776":{"desc":"H6E"},"779":{"t":"C172"},"77B":{"desc":"L1P"},"77C":{"t":"C172"},"77F":{"desc":"L1P"},"782":{"t":"C172"},"784":{"t":"C172"},"789":{"t":"C172"},"78B":{"t":"C172"},"78C":{"t":"C172"},"78E":{"desc":"L1P"},"78F":{"t":"C172"},"795":{"t":"C172"},"796":{"t":"C172"},"797":{"t":"C172"},"79D":{"t":"C172"},"7A4":{"t":"C172"},"7A5":{"t":"C172"},"7A6":{"t":"C172"},"7A7":{"desc":"L1P"},"7A8":{"t":"C172"},"7AA":{"t":"BE55"},"7AB":{"t":"C172"},"7AD":{"t":"C172"},"7AE":{"t":"C172"},"7B0":{"t":"C172"},"7B4":{"t":"C172"},"7B9":{"t":"C172"},"7BA":{"t":"C172"},"7BB":{"t":"C172"},"7BC":{"t":"C172"},"7BE":{"t":"C172"},"7BF":{"desc":"L1T"},"7C1":{"t":"B737"},"7C2":{"t":"C172"},"7C5":{"t":"BE35"},"7C6":{"t":"C172"},"7C8":{"t":"C172"},"7CA":{"t":"C172"},"7CB":{"t":"C172"},"7CC":{"t":"C172"},"7CD":{"t":"C172"},"7D0":{"t":"PC12"},"7D3":{"t":"C172"},"7D4":{"t":"C172"},"7D5":{"t":"BE33"},"7D6":{"t":"C172"},"7D7":{"t":"C172"},"7D9":{"desc":"L1P"},"7DC":{"t":"C172"},"7DD":{"t":"C172"},"7DE":{"t":"C172"},"7E2":{"t":"C172"},"7E3":{"t":"C172"},"7E4":{"t":"C172"},"7E7":{"t":"C172"},"7E8":{"t":"C172"},"7E9":{"t":"C172"},"7EA":{"t":"C172"},"7EB":{"t":"C172"},"7EC":{"t":"C172"},"7ED":{"t":"C172"},"7EF":{"t":"C172"},"7F3":{"t":"C172"},"7F4":{"t":"C172"},"7F5":{"t":"C172"},"7F6":{"t":"C172"},"7F7":{"t":"C172"},"7F8":{"t":"C172"},"7F9":{"t":"C172"},"7FB":{"t":"C172"},"7FF":{"t":"C172"},"804":{"t":"C172"},"807":{"t":"A319"},"80B":{"desc":"L1P"},"80C":{"t":"C172"},"811":{"t":"C172"},"812":{"t":"C172"},"813":{"t":"C172"},"814":{"t":"C172"},"816":{"t":"C172"},"81B":{"t":"C172"},"81C":{"t":"C172"},"824":{"desc":"L1P"},"827":{"t":"C172"},"829":{"t":"C172"},"82B":{"t":"C172"},"82C":{"t":"C172"},"830":{"t":"C172"},"835":{"t":"C172"},"836":{"t":"C172"},"837":{"t":"C172"},"838":{"t":"C172"},"839":{"t":"C172"},"83A":{"t":"C172"},"83B":{"t":"C172"},"83D":{"t":"M20P"},"83F":{"t":"C172"},"841":{"t":"C172"},"842":{"t":"C172"},"843":{"t":"C172"},"847":{"t":"C172"},"848":{"t":"C172"},"849":{"t":"C172"},"84A":{"t":"C172"},"853":{"t":"C172"},"854":{"t":"C172"},"855":{"t":"C172"},"856":{"desc":"L1P","t":"ULAC"},"858":{"t":"C172"},"859":{"t":"C172"},"85A":{"desc":"L1P"},"85B":{"t":"C172"},"85D":{"t":"C172"},"85E":{"t":"C172"},"860":{"t":"C172"},"864":{"t":"C172"},"866":{"t":"C172"},"868":{"t":"C172"},"86A":{"t":"C172"},"86C":{"t":"E75L"},"86D":{"t":"C172"},"86E":{"t":"C172"},"870":{"t":"C172"},"871":{"t":"C172"},"874":{"t":"C172"},"876":{"t":"C172"},"879":{"t":"C172"},"87C":{"t":"C172"},"87D":{"t":"C172"},"880":{"t":"C172"},"886":{"t":"C172"},"887":{"t":"C172"},"888":{"desc":"L1P"},"88A":{"t":"C152"},"890":{"t":"C185"},"892":{"t":"PA20"},"894":{"t":"C175"},"896":{"t":"PA24"},"899":{"t":"C182"},"89A":{"t":"C172"},"89D":{"t":"P28A"},"89F":{"t":"PA30"},"8A0":{"t":"PA25"},"8A7":{"t":"C172"},"8A8":{"t":"C172"},"8AC":{"t":"C172"},"8B1":{"t":"P28A"},"8B2":{"desc":"H2T"},"8B4":{"t":"P28A"},"8B6":{"t":"PA31"},"8B7":{"t":"BALL"},"8B8":{"t":"C182"},"8BA":{"t":"C182"},"8BC":{"t":"C182"},"8BD":{"t":"C172"},"8BE":{"t":"C207"},"8C0":{"t":"P28A"},"8C1":{"t":"C150"},"8C2":{"t":"PA30"},"8C5":{"t":"C172"},"8C6":{"t":"C172"},"8CB":{"t":"C172"},"8CC":{"t":"C172"},"8CD":{"t":"C172"},"8CF":{"t":"PA32"},"8D7":{"t":"P28A"},"8DC":{"t":"PA24"},"8DF":{"t":"C182"},"8E2":{"t":"BL17"},"8E3":{"t":"P28A"},"8E6":{"t":"PA18"},"8E8":{"t":"C172"},"8EB":{"t":"C172"},"8EE":{"t":"FA62"},"8F1":{"desc":"L1P"},"8FB":{"t":"PA20"},"8FD":{"t":"C175"},"8FE":{"desc":"L1P"},"900":{"t":"C182"},"903":{"t":"C172"},"905":{"t":"BL17"},"907":{"t":"C82R"},"908":{"t":"C82R"},"909":{"t":"PA25"},"90A":{"t":"C172"},"90B":{"t":"C172"},"90D":{"desc":"L1P"},"90E":{"t":"C172"},"90F":{"t":"C172"},"911":{"t":"T6"},"912":{"t":"C172"},"916":{"t":"BE35"},"91A":{"t":"C172"},"91B":{"t":"C172"},"91C":{"t":"J3"},"91E":{"t":"C172"},"921":{"t":"T206"},"922":{"t":"P210"},"923":{"t":"C182"},"924":{"t":"BE55"},"925":{"t":"C182"},"926":{"t":"C172"},"928":{"t":"BL17"},"92A":{"t":"C150"},"92B":{"t":"PA30"},"92D":{"desc":"L1P"},"932":{"t":"C172"},"938":{"t":"C150"},"939":{"t":"BE35"},"93A":{"desc":"L2P"},"93E":{"t":"C172"},"93F":{"t":"J3"},"941":{"t":"PA20"},"944":{"t":"T210"},"946":{"t":"C182"},"949":{"t":"C82R"},"94C":{"t":"P28A"},"94D":{"t":"C150"},"951":{"t":"J3"},"954":{"t":"C172"},"955":{"t":"ST75"},"957":{"t":"C172"},"95A":{"desc":"L1P"},"95B":{"t":"C172"},"95C":{"t":"C152"},"95D":{"t":"T210"},"95E":{"t":"PA22"},"962":{"t":"C185"},"963":{"t":"P28A"},"966":{"t":"C175"},"967":{"t":"C182"},"96B":{"t":"C182"},"96E":{"t":"BL17"},"96F":{"t":"P28A"},"972":{"t":"PA25"},"974":{"t":"C172"},"975":{"t":"C172"},"978":{"t":"C172"},"97A":{"t":"C172"},"980":{"desc":"L2P"},"981":{"t":"PA22"},"984":{"t":"C172"},"987":{"t":"C172"},"988":{"t":"PA18"},"989":{"t":"C175"},"98A":{"t":"C182"},"98C":{"t":"C82R"},"98F":{"t":"C172"},"992":{"t":"P28A"},"996":{"t":"C172"},"997":{"t":"C172"},"999":{"desc":"L1P"},"99D":{"t":"ST75"},"9A2":{"t":"BE35"},"9A3":{"desc":"L1P"},"9A6":{"t":"C172"},"9A8":{"t":"J3"},"9A9":{"t":"P28A"},"9AE":{"t":"PA24"},"9AF":{"t":"C182"},"9B1":{"t":"C182"},"9B4":{"t":"BL17"},"9B5":{"t":"P28A"},"9B6":{"t":"C150"},"9B9":{"t":"B350"},"9BA":{"t":"C172"},"9BC":{"t":"C172"},"9C0":{"t":"C172"},"9C1":{"t":"C172"},"9C4":{"t":"C172"},"9C9":{"t":"C172"},"9CD":{"t":"PA20"},"9CF":{"t":"C172"},"9D3":{"t":"BE36"},"9D9":{"t":"C150"},"9DD":{"t":"C172"},"9E1":{"t":"C172"},"9E4":{"t":"C172"},"9E5":{"t":"C172"},"9E6":{"t":"PA18"},"9EA":{"t":"C172"},"9EC":{"t":"C172"},"9EF":{"t":"C172"},"9F3":{"t":"C172"},"9F6":{"t":"C172"},"9F7":{"t":"B77W"},"9F8":{"t":"C172"},"9FA":{"t":"C172"},"9FD":{"t":"C172"},"9FE":{"t":"C172"},"A00":{"t":"BE35"},"A01":{"desc":"L1P"},"A02":{"t":"C172"},"A03":{"t":"B712"},"A06":{"t":"C172"},"A07":{"t":"C172"},"A08":{"t":"C172"},"A0D":{"t":"C172"},"A0F":{"t":"C172"},"A12":{"t":"C172"},"A13":{"t":"C172"},"A15":{"t":"C172"},"A16":{"t":"C172"},"A18":{"t":"C172"},"A19":{"t":"C182"},"A1A":{"desc":"L1P"},"A1B":{"t":"BE9L"},"A1C":{"t":"C172"},"A1D":{"t":"SR22"},"A1F":{"t":"C172"},"A21":{"t":"C172"},"A22":{"t":"C172"},"A23":{"t":"B734"},"A24":{"t":"C172"},"A27":{"t":"C172"},"A28":{"t":"C172"},"A29":{"t":"C172"},"A2A":{"t":"C172"},"A2B":{"t":"C172"},"A2D":{"t":"C172"},"A2F":{"t":"C206"},"A33":{"t":"C172"},"A34":{"t":"C560"},"A35":{"t":"C172"},"A36":{"t":"RV12"},"A37":{"t":"C172"},"A39":{"t":"C172"},"A3A":{"desc":"L1P"},"A3C":{"t":"C172"},"A3D":{"desc":"L1P"},"A3F":{"t":"C172"},"A41":{"t":"C172"},"A42":{"t":"C172"},"A43":{"t":"C172"},"A44":{"t":"C172"},"A46":{"t":"C172"},"A49":{"t":"C172"},"A4A":{"t":"C172"},"A4C":{"t":"C172"},"A4F":{"t":"C172"},"A54":{"t":"C206"},"A5A":{"t":"C172"},"A5B":{"t":"C172"},"A5C":{"t":"C172"},"A5F":{"t":"C172"},"A62":{"t":"C172"},"A63":{"t":"C172"},"A65":{"t":"C172"},"A68":{"t":"C172"},"A69":{"t":"C172"},"A6D":{"t":"C172"},"A70":{"t":"C172"},"A71":{"t":"C172"},"A73":{"t":"C172"},"A74":{"t":"C172"},"A75":{"t":"C172"},"A7A":{"desc":"L2T"},"A7C":{"t":"C172"},"A7E":{"t":"C172"},"A81":{"desc":"L2J","t":"GA7C"},"A82":{"t":"C172"},"A83":{"t":"C172"},"A8D":{"t":"C172"},"A8E":{"t":"C172"},"A90":{"t":"C172"},"A92":{"t":"C206"},"A93":{"t":"C172"},"A94":{"t":"C172"},"A96":{"t":"DC3"},"A98":{"t":"C185"},"A99":{"t":"C172"},"A9A":{"t":"C172"},"A9E":{"t":"H500"},"A9F":{"t":"C172"},"AA2":{"t":"C172"},"AAA":{"t":"C172"},"AAB":{"t":"P210"},"AAC":{"t":"C206"},"AAE":{"t":"C172"},"AAF":{"t":"M7"},"AB0":{"t":"C172"},"AB1":{"t":"C172"},"AB2":{"t":"T210"},"AB3":{"t":"C172"},"AB9":{"t":"C172"},"ABC":{"t":"C172"},"ABD":{"t":"C172"},"ABF":{"t":"C172"},"AC0":{"t":"C172"},"AC2":{"t":"G280"},"AC4":{"desc":"L1P"},"AC5":{"t":"C172"},"AC6":{"t":"C172"},"AC8":{"t":"LJ45"},"AC9":{"t":"C172"},"ACB":{"desc":"L1P"},"ACE":{"t":"C172"},"AD9":{"t":"GLID"},"ADA":{"t":"C172"},"ADB":{"t":"C172"},"ADD":{"t":"C172"},"AE2":{"t":"C172"},"AE6":{"t":"C172"},"AE8":{"t":"C172"},"AEA":{"t":"C172"},"AEE":{"desc":"L1P"},"AEF":{"t":"C172"},"AF0":{"t":"C172"},"AF6":{"t":"C172"},"AFA":{"t":"DA40"},"AFB":{"t":"R44"},"AFD":{"t":"C172"},"AFF":{"t":"C172"},"B01":{"t":"C172"},"B03":{"t":"C172"},"B04":{"t":"C172"},"B06":{"desc":"L1P"},"B07":{"t":"C172"},"B0C":{"t":"C172"},"B0F":{"t":"C172"},"B10":{"t":"C172"},"B14":{"t":"C172"},"B17":{"t":"C172"},"B18":{"t":"C172"},"B19":{"t":"C172"},"B1C":{"t":"C172"},"B1D":{"t":"C172"},"B1F":{"t":"C172"},"B23":{"t":"C172"},"B24":{"t":"C172"},"B27":{"t":"C172"},"B2A":{"t":"C172"},"B2D":{"desc":"L1P"},"B2E":{"t":"C172"},"B2F":{"t":"C172"},"B30":{"t":"C172"},"B31":{"t":"C172"},"B32":{"t":"C172"},"B33":{"t":"C172"},"B34":{"t":"C172"},"B36":{"t":"C172"},"B39":{"t":"C172"},"B3A":{"t":"C206"},"B3D":{"t":"C172"},"B3F":{"t":"C172"},"B40":{"t":"C172"},"B45":{"desc":"L1P"},"B46":{"t":"C172"},"B4B":{"t":"C172"},"B4D":{"t":"C172"},"B51":{"t":"C172"},"B56":{"t":"C172"},"B57":{"t":"C172"},"B59":{"t":"C172"},"B5D":{"t":"C172"},"B5E":{"desc":"L1P"},"B5F":{"t":"C172"},"B60":{"t":"C172"},"B62":{"t":"C172"},"B63":{"t":"C172"},"B64":{"t":"C172"},"B66":{"t":"C172"},"B67":{"t":"C172"},"B68":{"t":"C172"},"B6C":{"t":"C172"},"B6D":{"t":"C172"},"B6F":{"t":"C172"},"B70":{"t":"C172"},"B72":{"t":"C172"},"B75":{"t":"C172"},"B77":{"t":"GLID"},"B78":{"t":"B737"},"B79":{"t":"C172"},"B7A":{"t":"S108"},"B7C":{"t":"C172"},"B7D":{"t":"C172"},"B7E":{"t":"C182"},"B80":{"t":"C172"},"B83":{"t":"C172"},"B87":{"t":"C172"},"B89":{"t":"C172"},"B8A":{"t":"C172"},"B8C":{"t":"C172"},"B8D":{"t":"C172"},"B8E":{"t":"C172"},"B91":{"t":"C172"},"B94":{"t":"C172"},"B95":{"t":"C172"},"B96":{"t":"C172"},"B99":{"t":"GLF3"},"B9B":{"t":"C172"},"B9C":{"t":"T206"},"B9D":{"t":"P28S"},"BA1":{"t":"C172"},"BA3":{"t":"C172"},"BA5":{"t":"C172"},"BA6":{"t":"C172"},"BAA":{"t":"C172"},"BAE":{"t":"C172"},"BAF":{"t":"C172"},"BB1":{"t":"C172"},"BB4":{"t":"C172"},"BB5":{"t":"C172"},"BB7":{"t":"C172"},"BB8":{"t":"C172"},"BB9":{"t":"C172"},"BBA":{"t":"C172"},"BBB":{"t":"C172"},"BBC":{"t":"C172"},"BBD":{"t":"C172"},"BBF":{"t":"C172"},"BC0":{"t":"C172"},"BC1":{"t":"C172"},"BC3":{"t":"C172"},"BC5":{"t":"C172"},"BC7":{"t":"C172"},"BCF":{"t":"C172"},"BD0":{"t":"C172"},"BD1":{"t":"C172"},"BD3":{"t":"P210"},"BD4":{"t":"C172"},"BD6":{"t":"C172"},"BD8":{"t":"C172"},"BDA":{"t":"C172"},"BDB":{"desc":"L2P"},"BDD":{"t":"C172"},"BE0":{"t":"C206"},"BE1":{"t":"C172"},"BE2":{"t":"P210"},"BE3":{"t":"P210"},"BE5":{"t":"C172"},"BE8":{"t":"C172"},"BE9":{"t":"C172"},"BEB":{"t":"C172"},"BEC":{"t":"C172"},"BF1":{"t":"T206"},"BF3":{"t":"C172"},"BF4":{"t":"P28A"},"BF7":{"t":"C172"},"BF8":{"t":"C172"},"BFC":{"t":"C172"},"BFE":{"t":"C172"},"BFF":{"t":"C172"},"C00":{"t":"C172"},"C02":{"t":"C172"},"C03":{"t":"C172"},"C04":{"t":"C172"},"C05":{"t":"C172"},"C06":{"t":"C172"},"C0A":{"t":"C172"},"C0B":{"t":"C172"},"C0E":{"t":"C172"},"C0F":{"t":"C172"},"C10":{"t":"C172"},"C11":{"t":"C172"},"C18":{"t":"C172"},"C19":{"t":"C172"},"C21":{"t":"C172"},"C23":{"t":"C172"},"C27":{"t":"C172"},"C28":{"t":"C172"},"C29":{"t":"C172"},"C2D":{"t":"C172"},"C30":{"t":"C172"},"C35":{"t":"C172"},"C38":{"t":"C172"},"C3A":{"t":"C172"},"C3D":{"t":"C172"},"C41":{"t":"C152"},"C44":{"t":"C210"},"C4A":{"t":"C152"},"C4D":{"t":"PA24"},"C4E":{"t":"C182"},"C50":{"t":"C182"},"C51":{"t":"BE23"},"C52":{"t":"C207"},"C53":{"t":"BL17"},"C55":{"t":"C150"},"C56":{"t":"C82R"},"C59":{"t":"C172"},"C5E":{"t":"B739"},"C5F":{"t":"C172"},"C60":{"desc":"L1P"},"C64":{"t":"BE35"},"C65":{"t":"C210"},"C66":{"t":"PA22"},"C69":{"t":"C172"},"C6B":{"t":"P28A"},"C6C":{"desc":"L1P"},"C6E":{"t":"C175"},"C70":{"t":"PA24"},"C71":{"t":"C182"},"C74":{"t":"C172"},"C78":{"t":"C82R"},"C79":{"t":"C82R"},"C7B":{"t":"ST75"},"C7C":{"t":"C172"},"C80":{"t":"BE9L"},"C82":{"t":"J3"},"C84":{"t":"C172"},"C86":{"t":"C172"},"C89":{"t":"PA22"},"C8E":{"t":"P28A"},"C8F":{"t":"C172"},"C90":{"t":"PA18"},"C94":{"t":"C182"},"C97":{"t":"C172"},"C9C":{"t":"PA30"},"C9E":{"t":"C172"},"CA1":{"t":"C172"},"CA2":{"t":"C172"},"CA3":{"t":"C172"},"CA6":{"t":"C172"},"CA7":{"t":"C172"},"CA9":{"t":"C150"},"CAC":{"t":"PA22"},"CAD":{"t":"C210"},"CB0":{"t":"J3"},"CB1":{"t":"P28A"},"CB2":{"t":"PA20"},"CB3":{"t":"PA18"},"CB4":{"t":"C175"},"CBC":{"t":"BL17"},"CBD":{"t":"P28A"},"CBE":{"t":"C150"},"CC4":{"t":"C172"},"CC5":{"t":"C172"},"CC6":{"t":"C172"},"CC8":{"t":"ST75"},"CCA":{"t":"C172"},"CCD":{"t":"BE35"},"CD3":{"t":"J3"},"CD6":{"t":"PA31"},"CD7":{"t":"C175"},"CD9":{"t":"PA24"},"CE0":{"t":"P28A"},"CE2":{"t":"C82R"},"CE4":{"t":"C172"},"CE5":{"t":"C172"},"CE9":{"t":"B739"},"CED":{"t":"ST75"},"CF5":{"t":"C172"},"CF7":{"t":"P28A"},"CFC":{"t":"PA24"},"CFD":{"t":"C182"},"CFE":{"t":"BE55"},"D04":{"t":"C150"},"D06":{"t":"PA18"},"D07":{"t":"C172"},"D08":{"t":"C172"},"D09":{"t":"C172"},"D0A":{"t":"C172"},"D0B":{"t":"C172"},"D0C":{"t":"C172"},"D0D":{"t":"C172"},"D0E":{"t":"C172"},"D10":{"t":"C172"},"D18":{"t":"C172"},"D1A":{"t":"P28A"},"D1F":{"t":"P210"},"D21":{"t":"BE36"},"D22":{"t":"C182"},"D23":{"t":"C172"},"D2B":{"t":"C172"},"D2C":{"t":"C172"},"D2E":{"t":"C172"},"D31":{"desc":"L1P"},"D32":{"t":"C172"},"D35":{"t":"C172"},"D38":{"t":"PA22"},"D3B":{"t":"C172"},"D41":{"t":"T206"},"D42":{"t":"PA24"},"D43":{"t":"C182"},"D44":{"t":"BE58"},"D48":{"t":"BL17"},"D49":{"t":"P28A"},"D4F":{"t":"C172"},"D50":{"t":"C172"},"D54":{"t":"C172"},"D59":{"t":"C152"},"D5E":{"t":"C172"},"D5F":{"t":"J3"},"D60":{"t":"P28A"},"D62":{"t":"PA18"},"D63":{"t":"C175"},"D65":{"t":"PA24"},"D67":{"t":"BE55"},"D6B":{"t":"BL17"},"D6C":{"t":"P28A"},"D6D":{"t":"C82R"},"D6F":{"t":"PA25"},"D71":{"t":"C172"},"D76":{"t":"C172"},"D77":{"t":"C172"},"D78":{"t":"GLID"},"D79":{"t":"C172"},"D7B":{"t":"C172"},"D7C":{"t":"C152"},"D7D":{"t":"C206"},"D83":{"t":"P28A"},"D84":{"t":"PA20"},"D88":{"t":"PA24"},"D8A":{"t":"BE33"},"D8C":{"t":"C172"},"D8F":{"t":"P28A"},"D90":{"t":"C150"},"D97":{"t":"GLID"},"D99":{"t":"C172"},"D9B":{"t":"C172"},"D9F":{"t":"C182"},"DA0":{"t":"C182"},"DA1":{"t":"C182"},"DA2":{"t":"C182"},"DA4":{"t":"C182"},"DA5":{"desc":"H2T"},"DA6":{"t":"C182"},"DA7":{"t":"C182"},"DA8":{"t":"C182"},"DA9":{"t":"C182"},"DAA":{"t":"C182"},"DAB":{"t":"C182"},"DAC":{"t":"C182"},"DAE":{"t":"C182"},"DAF":{"t":"C182"},"DB0":{"t":"B77W"},"DB1":{"t":"C182"},"DB2":{"t":"C182"},"DB3":{"t":"C182"},"DB4":{"t":"C185"},"DB5":{"t":"C182"},"DB6":{"t":"C182"},"DB8":{"t":"C182"},"DB9":{"t":"BE35"},"DBC":{"t":"C182"},"DBD":{"t":"C182"},"DBF":{"t":"C182"},"DC0":{"t":"C182"},"DC2":{"t":"C182"},"DC5":{"t":"C182"},"DC6":{"t":"C182"},"DC7":{"t":"C182"},"DC8":{"desc":"L1P"},"DC9":{"t":"T206"},"DCA":{"t":"C182"},"DCC":{"t":"C182"},"DCD":{"t":"C182"},"DCE":{"t":"C182"},"DCF":{"t":"C182"},"DD0":{"t":"S108"},"DD1":{"t":"B350"},"DD3":{"t":"C182"},"DD6":{"t":"C182"},"DD7":{"t":"C182"},"DD8":{"t":"C182"},"DD9":{"t":"C182"},"DDA":{"t":"C182"},"DDB":{"t":"C182"},"DDE":{"t":"T206"},"DDF":{"t":"C182"},"DE0":{"t":"C182"},"DE1":{"t":"C182"},"DE3":{"t":"C182"},"DE4":{"t":"C182"},"DE6":{"t":"C182"},"DE7":{"t":"C182"},"DE8":{"t":"C182"},"DE9":{"desc":"L1P"},"DEB":{"t":"C182"},"DEC":{"t":"C182"},"DEF":{"t":"C182"},"DF0":{"t":"C182"},"DF1":{"desc":"L1P"},"DF2":{"t":"C182"},"DF3":{"t":"C182"},"DF4":{"t":"C182"},"DF6":{"t":"C185"},"DF8":{"t":"C182"},"DFC":{"t":"C182"},"DFD":{"t":"C182"},"DFF":{"t":"C182"},"E00":{"t":"C182"},"E02":{"t":"B735"},"E03":{"t":"C185"},"E04":{"t":"C182"},"E05":{"t":"C182"},"E06":{"t":"C185"},"E07":{"t":"C182"},"E0A":{"t":"C182"},"E0B":{"t":"C182"},"E0C":{"t":"C185"},"E0D":{"t":"C182"},"E0E":{"t":"C182"},"E15":{"t":"C182"},"E19":{"t":"C182"},"E1B":{"t":"C210"},"E1E":{"t":"C182"},"E1F":{"t":"C182"},"E20":{"t":"C182"},"E25":{"t":"C182"},"E26":{"t":"P28A"},"E28":{"t":"C182"},"E29":{"desc":"L1P","t":"ULAC"},"E2D":{"t":"C182"},"E31":{"t":"C182"},"E32":{"t":"C182"},"E33":{"t":"C182"},"E35":{"desc":"L2J","t":"GA7C"},"E36":{"t":"C182"},"E37":{"t":"C182"},"E38":{"t":"C182"},"E39":{"t":"C185"},"E3E":{"t":"C182"},"E42":{"t":"C182"},"E43":{"t":"C182"},"E45":{"t":"C182"},"E46":{"t":"C182"},"E47":{"t":"C182"},"E48":{"t":"C182"},"E49":{"t":"C182"},"E4A":{"t":"C182"},"E4F":{"t":"C185"},"E51":{"t":"C182"},"E53":{"t":"C182"},"E54":{"t":"C182"},"E55":{"t":"C182"},"E56":{"t":"C182"},"E58":{"desc":"L1P"},"E59":{"t":"C182"},"E5D":{"t":"C182"},"E5E":{"t":"C182"},"E5F":{"t":"C182"},"E62":{"t":"C182"},"E63":{"t":"C182"},"E66":{"t":"C182"},"E67":{"t":"C182"},"E69":{"t":"C182"},"E6A":{"t":"C182"},"E6C":{"t":"C182"},"E6D":{"t":"C182"},"E6E":{"t":"ULAC"},"E70":{"t":"C182"},"E73":{"t":"C182"},"E75":{"t":"C182"},"E76":{"t":"C182"},"E77":{"t":"C25B"},"E78":{"t":"C206"},"E7C":{"t":"C182"},"E7F":{"t":"U21"},"E80":{"t":"C182"},"E89":{"t":"C182"},"E8B":{"t":"C82S"},"E90":{"t":"C182"},"E91":{"t":"C182"},"E95":{"t":"C182"},"E96":{"t":"C182"},"E97":{"t":"C182"},"E99":{"t":"SF50"},"E9A":{"t":"C182"},"E9B":{"t":"C182"},"E9C":{"t":"C182"},"E9D":{"t":"C182"},"E9E":{"t":"C182"},"EA0":{"t":"C182"},"EA2":{"t":"C182"},"EA3":{"t":"C182"},"EA4":{"t":"C182"},"EA7":{"t":"C182"},"EA9":{"t":"C206"},"EAA":{"t":"C182"},"EAD":{"t":"C182"},"EAE":{"t":"C182"},"EB0":{"t":"C182"},"EB1":{"t":"AC11"},"EB5":{"t":"PC12"},"EB9":{"t":"C182"},"EBE":{"t":"C182"},"EBF":{"t":"C206"},"EC1":{"t":"C182"},"EC2":{"t":"C182"},"EC3":{"t":"C182"},"EC4":{"t":"C182"},"EC6":{"t":"C206"},"EC8":{"t":"C206"},"ECD":{"t":"C182"},"ECE":{"t":"C182"},"ED1":{"t":"C182"},"ED2":{"t":"C182"},"ED4":{"t":"C182"},"ED6":{"t":"C182"},"ED9":{"t":"C182"},"EDB":{"t":"C182"},"EE3":{"t":"BE58"},"EE5":{"t":"C182"},"EE7":{"t":"C182"},"EE8":{"t":"C182"},"EEB":{"t":"C182"},"EED":{"t":"C182"},"EEF":{"t":"C182"},"EF3":{"t":"C182"},"EF4":{"t":"C182"},"EF5":{"t":"C182"},"EF8":{"t":"C182"},"EF9":{"t":"C182"},"EFA":{"t":"C182"},"EFC":{"t":"PA31"},"EFF":{"t":"C182"},"F02":{"t":"C182"},"F03":{"t":"C182"},"F04":{"t":"C182"},"F06":{"t":"C182"},"F08":{"t":"C182"},"F0A":{"t":"C206"},"F0C":{"t":"C182"},"F0D":{"t":"C182"},"F11":{"t":"C182"},"F14":{"t":"C182"},"F17":{"t":"C182"},"F18":{"t":"PA46"},"F1B":{"t":"C182"},"F1C":{"t":"C182"},"F1E":{"t":"C182"},"F1F":{"t":"C182"},"F24":{"t":"C182"},"F25":{"t":"C172"},"F26":{"t":"C182"},"F27":{"t":"C182"},"F29":{"desc":"L1P"},"F2A":{"t":"C182"},"F2B":{"t":"C182"},"F2E":{"t":"C210"},"F2F":{"t":"B737"},"F33":{"t":"C182"},"F35":{"t":"C182"},"F36":{"t":"AS50"},"F38":{"t":"C182"},"F3B":{"t":"C182"},"F3C":{"t":"C182"},"F3E":{"t":"C182"},"F44":{"t":"C182"},"F47":{"t":"B735"},"F48":{"desc":"L1P"},"F49":{"t":"C182"},"F4C":{"t":"C182"},"F4D":{"t":"C182"},"F4F":{"desc":"H4E"},"F51":{"t":"C182"},"F53":{"t":"C182"},"F55":{"t":"C182"},"F57":{"t":"C182"},"F59":{"t":"C182"},"F5A":{"t":"C182"},"F5B":{"t":"C182"},"F5E":{"t":"C182"},"F60":{"t":"C182"},"F61":{"t":"C182"},"F62":{"t":"C182"},"F64":{"t":"C182"},"F65":{"t":"C206"},"F66":{"t":"C182"},"F6B":{"t":"C182"},"F6E":{"t":"C182"},"F6F":{"t":"C182"},"F70":{"t":"C182"},"F74":{"t":"C182"},"F77":{"t":"C182"},"F79":{"t":"BE35"},"F7A":{"t":"C182"},"F7B":{"t":"C182"},"F7C":{"t":"C182"},"F7F":{"t":"C182"},"F81":{"t":"C182"},"F83":{"t":"C182"},"F84":{"t":"C182"},"F85":{"t":"C182"},"F87":{"t":"C182"},"F8A":{"t":"C182"},"F8B":{"t":"EC35"},"F8D":{"t":"C182"},"F8F":{"t":"C182"},"F92":{"desc":"L1P"},"F93":{"t":"C182"},"F99":{"t":"C182"},"F9A":{"t":"C182"},"F9C":{"t":"C182"},"F9D":{"t":"C182"},"F9E":{"t":"C182"},"FA2":{"t":"C182"},"FA3":{"t":"S61"},"FA4":{"t":"C182"},"FA5":{"t":"C182"},"FA7":{"t":"C182"},"FAB":{"t":"B735"},"FB0":{"t":"C182"},"FB1":{"t":"C182"},"FB3":{"t":"C182"},"FB4":{"t":"C750"},"FB6":{"t":"C56X"},"FB7":{"t":"C182"},"FBC":{"t":"C182"},"FBD":{"t":"C182"},"FBF":{"t":"C206"},"FC3":{"t":"C182"},"FC4":{"t":"G164"},"FC5":{"t":"C182"},"FC6":{"t":"C182"},"FC7":{"t":"C182"},"FCB":{"t":"C182"},"FCD":{"t":"C182"},"FCF":{"t":"C182"},"FD2":{"t":"ST75"},"FD4":{"t":"C182"},"FD6":{"t":"C182"},"FD7":{"t":"C182"},"FD8":{"t":"C182"},"FD9":{"t":"C182"},"FDA":{"t":"C182"},"FDB":{"t":"C182"},"FDC":{"t":"C182"},"FDD":{"t":"B735"},"FDE":{"t":"C182"},"FDF":{"t":"C182"},"FE1":{"t":"C182"},"FE3":{"t":"C182"},"FE5":{"t":"C182"},"FE7":{"t":"C182"},"FEA":{"t":"C182"},"FEB":{"t":"C182"},"FEC":{"t":"C182"},"FEF":{"t":"C182"},"FF1":{"t":"C182"},"FF2":{"t":"C182"},"FF5":{"t":"C182"},"FF8":{"t":"BE35"},"FFB":{"t":"C210"},"FFD":{"t":"C172"},"FFE":{"t":"C82S"},"FFF":{"t":"C172"}}