{"000":{"t":"PA20"},"002":{"t":"C175"},"006":{"t":"C82R"},"007":{"t":"C182"},"00B":{"t":"P28A"},"00E":{"t":"PA25"},"011":{"t":"C172"},"012":{"t":"C207"},"013":{"t":"C172"},"014":{"t":"C172"},"017":{"t":"C172"},"018":{"t":"C172"},"01A":{"t":"C172"},"020":{"t":"C172"},"021":{"t":"J3"},"022":{"t":"P28A"},"023":{"t":"PA20"},"024":{"t":"AA5"},"025":{"t":"C175"},"027":{"t":"PA24"},"02C":{"desc":"L1T"},"02E":{"t":"P28A"},"030":{"t":"C82R"},"032":{"t":"C172"},"035":{"t":"C172"},"037":{"t":"TAYD"},"038":{"t":"C172"},"03B":{"t":"C172"},"03D":{"t":"C172"},"03E":{"t":"BE35"},"03F":{"t":"B735"},"040":{"t":"C172"},"041":{"t":"C210"},"048":{"t":"C175"},"056":{"t":"FA62"},"059":{"t":"C172"},"05A":{"t":"C172"},"05E":{"t":"FA62"},"061":{"t":"BE35"},"062":{"t":"B735"},"064":{"t":"C210"},"066":{"t":"C172"},"067":{"t":"J3"},"069":{"t":"PA20"},"06B":{"t":"C175"},"071":{"t":"C172"},"075":{"t":"C150"},"078":{"t":"C172"},"079":{"t":"C172"},"07D":{"t":"C172"},"085":{"t":"B735"},"086":{"t":"PA22"},"089":{"t":"C172"},"08A":{"t":"C182"},"08B":{"t":"P28A"},"08F":{"t":"C182"},"091":{"t":"C182"},"093":{"t":"C182"},"094":{"t":"C172"},"096":{"t":"C172"},"097":{"t":"P28A"},"098":{"t":"C150"},"099":{"t":"PA30"},"0A5":{"t":"G164"},"0A6":{"t":"C172"},"0A8":{"t":"BE55"},"0A9":{"t":"PA22"},"0AC":{"t":"C172"},"0AD":{"t":"J3"},"0AE":{"t":"P28A"},"0B3":{"t":"PA24"},"0B9":{"t":"BL17"},"0BB":{"t":"C150"},"0BE":{"desc":"H1P"},"0C0":{"t":"ST75"},"0C8":{"desc":"A2P"},"0C9":{"t":"C172"},"0CA":{"t":"BE35"},"0CD":{"t":"C210"},"0CF":{"t":"C172"},"0D0":{"t":"J3"},"0D1":{"t":"P28A"},"0D3":{"t":"AA1"},"0D9":{"t":"C182"},"0DC":{"t":"BL17"},"0E1":{"t":"C172"},"0E3":{"t":"C172"},"0E4":{"t":"C172"},"0E6":{"t":"C172"},"0EB":{"desc":"L1P"},"0EC":{"t":"C172"},"0EE":{"t":"T210"},"0EF":{"t":"PA22"},"0F4":{"t":"P28A"},"0F9":{"t":"PA24"},"0FB":{"t":"BE36"},"0FF":{"t":"BL17"},"101":{"t":"C150"},"107":{"t":"C172"},"108":{"t":"C172"},"10B":{"t":"C172"},"10D":{"t":"C172"},"10F":{"t":"C172"},"110":{"t":"BE58"},"112":{"t":"PA22"},"115":{"t":"C172"},"116":{"t":"J3"},"119":{"t":"AA1"},"11B":{"t":"C182"},"11F":{"t":"C182"},"125":{"t":"PA30"},"126":{"t":"PA25"},"127":{"t":"T50"},"128":{"t":"C172"},"12A":{"t":"ST75"},"12C":{"t":"C172"},"130":{"desc":"L1P"},"134":{"t":"T206"},"136":{"t":"C182"},"139":{"t":"J3"},"13A":{"t":"P28A"},"143":{"t":"C82R"},"145":{"t":"BL17"},"146":{"t":"P28A"},"147":{"t":"C150"},"148":{"t":"PA30"},"150":{"t":"C172"},"154":{"desc":"A1T","t":"KODI"},"156":{"desc":"L1P"},"157":{"t":"C172"},"158":{"t":"C172"},"159":{"t":"C172"},"15A":{"t":"C172"},"15B":{"t":"C172"},"15E":{"t":"C172"},"161":{"t":"EC30"},"162":{"t":"C172"},"163":{"t":"C172"},"165":{"t":"C172"},"167":{"t":"B77W"},"168":{"t":"C172"},"169":{"t":"C172"},"16B":{"t":"C172"},"16C":{"t":"C172"},"16D":{"t":"C172"},"16E":{"t":"BE35"},"16F":{"t":"C82T"},"170":{"t":"C172"},"171":{"t":"C172"},"172":{"t":"C172"},"173":{"t":"C172"},"174":{"t":"C172"},"177":{"t":"C172"},"178":{"t":"C82R"},"17A":{"t":"C172"},"182":{"t":"C172"},"183":{"t":"C172"},"185":{"t":"C172"},"188":{"t":"C172"},"189":{"t":"C172"},"18C":{"t":"B738"},"190":{"t":"C172"},"191":{"t":"C172"},"193":{"t":"C82T"},"194":{"t":"C172"},"195":{"t":"SR22"},"196":{"t":"C172"},"198":{"t":"C172"},"19E":{"t":"C172"},"19F":{"t":"C172"},"1A0":{"desc":"H1P"},"1A2":{"t":"C172"},"1A4":{"t":"C172"},"1A5":{"t":"C172"},"1A8":{"t":"C172"},"1A9":{"t":"C172"},"1AA":{"t":"C172"},"1AC":{"t":"C172"},"1AD":{"t":"C172"},"1B3":{"t":"C172"},"1B4":{"t":"C172"},"1B5":{"desc":"L1P"},"1B8":{"t":"C82T"},"1B9":{"t":"WACO"},"1BB":{"t":"C172"},"1BC":{"t":"C172"},"1BD":{"t":"C172"},"1BE":{"t":"CL60"},"1BF":{"t":"C172"},"1C0":{"t":"C172"},"1C1":{"t":"C172"},"1C2":{"t":"C172"},"1C5":{"t":"C172"},"1C8":{"t":"C172"},"1C9":{"t":"C82T"},"1CA":{"t":"C172"},"1CB":{"t":"C172"},"1CC":{"t":"C172"},"1CD":{"t":"C172"},"1CF":{"t":"C172"},"1D2":{"desc":"L1P"},"1D3":{"t":"C172"},"1D4":{"t":"C172"},"1D5":{"t":"C172"},"1D6":{"t":"C172"},"1D8":{"t":"C172"},"1D9":{"t":"C172"},"1DB":{"t":"C172"},"1DF":{"t":"C172"},"1E3":{"t":"C172"},"1E4":{"t":"C172"},"1E6":{"t":"C172"},"1E8":{"t":"C172"},"1E9":{"t":"C172"},"1EB":{"t":"BE36"},"1EC":{"t":"C172"},"1ED":{"t":"C172"},"1EE":{"t":"C172"},"1EF":{"t":"C172"},"1F2":{"t":"C172"},"1F3":{"t":"C172"},"1F4":{"t":"C172"},"1F5":{"t":"C172"},"1F8":{"t":"C172"},"1FE":{"t":"C172"},"1FF":{"t":"C172"},"200":{"t":"C172"},"203":{"t":"C172"},"205":{"t":"C172"},"206":{"t":"C172"},"208":{"t":"C172"},"20A":{"t":"C82T"},"20B":{"t":"C172"},"210":{"t":"C172"},"211":{"t":"C172"},"215":{"t":"C172"},"219":{"t":"C172"},"21C":{"t":"C172"},"21D":{"desc":"L1P","t":"ULAC"},"21F":{"t":"CH7B"},"222":{"t":"C172"},"223":{"t":"C172"},"225":{"t":"C172"},"227":{"t":"C172"},"22C":{"t":"C172"},"22D":{"t":"C172"},"22E":{"t":"C25B"},"22F":{"t":"C172"},"231":{"t":"C172"},"232":{"t":"C172"},"233":{"t":"B744"},"234":{"t":"C172"},"236":{"t":"LJ45"},"239":{"t":"C172"},"23A":{"t":"C172"},"23B":{"t":"C172"},"23C":{"t":"C172"},"243":{"t":"C172"},"244":{"t":"C172"},"247":{"t":"C172"},"24D":{"t":"C172"},"24F":{"t":"CH7A"},"250":{"t":"AT5T"},"251":{"t":"C177"},"253":{"t":"C172"},"255":{"t":"C82R"},"256":{"t":"C172"},"257":{"t":"C172"},"25A":{"t":"C172"},"25B":{"t":"C172"},"25D":{"t":"C172"},"263":{"t":"C172"},"264":{"t":"C172"},"265":{"t":"C172"},"266":{"t":"RV12"},"269":{"desc":"L2P"},"26B":{"t":"C172"},"26C":{"t":"C172"},"26E":{"t":"C172"},"26F":{"t":"CL60"},"271":{"t":"C82R"},"272":{"t":"C172"},"273":{"t":"C172"},"274":{"desc":"L1P"},"275":{"t":"C172"},"276":{"t":"C172"},"27A":{"t":"C172"},"27C":{"t":"C172"},"27D":{"t":"C172"},"27F":{"t":"C172"},"284":{"t":"C172"},"285":{"t":"P28A"},"286":{"t":"C172"},"287":{"t":"C172"},"288":{"t":"C82T"},"289":{"t":"C172"},"28A":{"t":"C82R"},"28B":{"t":"C172"},"28E":{"t":"C172"},"28F":{"t":"C172"},"290":{"t":"C172"},"296":{"t":"C172"},"298":{"t":"C172"},"299":{"t":"C172"},"29B":{"t":"M20P"},"29C":{"t":"C172"},"29D":{"t":"C172"},"29E":{"t":"C172"},"29F":{"t":"C172"},"2A2":{"t":"C172"},"2A4":{"t":"C172"},"2A5":{"t":"C172"},"2A6":{"t":"C172"},"2A8":{"t":"C172"},"2A9":{"t":"C172"},"2AA":{"t":"C172"},"2AF":{"t":"C172"},"2B1":{"t":"C172"},"2B4":{"t":"C172"},"2B5":{"t":"C172"},"2B6":{"t":"C172"},"2B9":{"t":"C172"},"2BA":{"t":"C172"},"2C0":{"t":"C172"},"2C4":{"t":"C172"},"2C6":{"t":"C82T"},"2C9":{"t":"C82T"},"2CA":{"t":"C172"},"2CD":{"t":"C82R"},"2CF":{"t":"C172"},"2D2":{"t":"C172"},"2D3":{"t":"C82T"},"2D4":{"t":"C172"},"2D6":{"t":"C172"},"2D8":{"t":"P28A"},"2DA":{"t":"C172"},"2DB":{"t":"C82T"},"2DC":{"t":"C172"},"2DF":{"t":"C172"},"2E0":{"t":"C172"},"2E1":{"t":"C172"},"2E2":{"t":"C172"},"2E4":{"t":"C172"},"2E5":{"desc":"L1P"},"2E6":{"t":"B737"},"2E9":{"t":"C172"},"2EA":{"t":"C172"},"2EB":{"desc":"H4E"},"2EF":{"t":"C172"},"2F0":{"t":"C172"},"2F3":{"t":"C172"},"2F5":{"t":"SR22"},"2FB":{"t":"C172"},"2FC":{"t":"C172"},"2FF":{"t":"C172"},"301":{"t":"C172"},"303":{"t":"C172"},"309":{"t":"C208"},"30C":{"t":"C172"},"30E":{"desc":"L1P"},"30F":{"t":"C82T"},"310":{"t":"C172"},"311":{"t":"C172"},"312":{"t":"C172"},"313":{"desc":"L1P","t":"ULAC"},"314":{"t":"C172"},"318":{"t":"C172"},"319":{"t":"C172"},"31B":{"t":"C82T"},"31C":{"t":"C172"},"31D":{"t":"C172"},"31E":{"t":"C172"},"320":{"t":"C172"},"321":{"t":"C172"},"325":{"t":"C172"},"329":{"t":"C172"},"32A":{"t":"C172"},"331":{"t":"C172"},"332":{"t":"C172"},"334":{"t":"C172"},"336":{"t":"C82T"},"337":{"t":"C172"},"339":{"t":"C172"},"33A":{"t":"C82R"},"33B":{"t":"C172"},"33E":{"t":"C172"},"340":{"t":"C172"},"342":{"t":"C82T"},"345":{"t":"C172"},"346":{"t":"C172"},"349":{"desc":"L1P"},"34C":{"t":"C172"},"34D":{"t":"C208"},"34E":{"t":"C172"},"34F":{"t":"SR22"},"351":{"t":"C82T"},"352":{"t":"C172"},"353":{"t":"C172"},"354":{"t":"C172"},"357":{"t":"C82R"},"35A":{"t":"C172"},"35F":{"t":"C82R"},"362":{"t":"PA32"},"363":{"t":"C172"},"364":{"t":"C172"},"365":{"t":"C172"},"366":{"t":"C172"},"367":{"t":"C172"},"369":{"t":"C82R"},"36A":{"t":"C172"},"36B":{"t":"C750"},"36E":{"t":"C172"},"36F":{"t":"C172"},"373":{"t":"C172"},"376":{"t":"C172"},"378":{"t":"C172"},"37A":{"t":"C172"},"37D":{"t":"C172"},"37F":{"t":"C172"},"386":{"t":"C82R"},"388":{"t":"C172"},"38A":{"t":"C82T"},"390":{"t":"C82T"},"391":{"t":"E75L"},"392":{"t":"C82R"},"393":{"t":"C82R"},"396":{"t":"C172"},"398":{"t":"C82T"},"39B":{"t":"C82R"},"3A1":{"t":"C82T"},"3A2":{"t":"C82R"},"3A6":{"t":"C82T"},"3A7":{"t":"C82R"},"3A8":{"t":"C82R"},"3A9":{"t":"C172"},"3AA":{"t":"C82R"},"3AE":{"t":"C172"},"3B0":{"t":"C206"},"3B1":{"t":"PA18"},"3B2":{"t":"C210"},"3BB":{"t":"PA18"},"3BC":{"t":"C182"},"3BE":{"t":"C182"},"3BF":{"t":"C172"},"3C2":{"t":"P28A"},"3C3":{"t":"C150"},"3C7":{"t":"C172"},"3C9":{"t":"C172"},"3CA":{"t":"C172"},"3CB":{"t":"C172"},"3CF":{"t":"FA62"},"3D3":{"t":"T206"},"3D8":{"t":"J3"},"3DD":{"t":"C182"},"3E0":{"t":"C82T"},"3E5":{"t":"P28A"},"3E6":{"t":"C82R"},"3E9":{"t":"C172"},"3EB":{"desc":"L1P"},"3F0":{"t":"ST75"},"3F1":{"t":"C172"},"3F2":{"t":"C172"},"3F4":{"t":"C172"},"3FA":{"t":"C172"},"3FD":{"t":"C172"},"3FF":{"t":"C175"},"401":{"t":"PA24"},"404":{"t":"C182"},"405":{"t":"C172"},"407":{"t":"C172"},"408":{"t":"P28A"},"409":{"t":"C82R"},"40A":{"t":"C82R"},"40D":{"t":"ST75"},"40E":{"t":"C82T"},"417":{"t":"C172"},"418":{"t":"BE35"},"41B":{"t":"C172"},"41D":{"t":"C172"},"41E":{"t":"J3"},"420":{"t":"PA20"},"423":{"t":"C182"},"424":{"t":"PA24"},"425":{"t":"C182"},"427":{"t":"C182"},"428":{"t":"C172"},"42A":{"t":"BL17"},"42B":{"t":"P28A"},"431":{"t":"PA34"},"437":{"desc":"L1P"},"439":{"t":"G164"},"43A":{"t":"C172"},"43E":{"t":"C210"},"441":{"t":"H269"},"442":{"t":"P28A"},"445":{"t":"C175"},"447":{"t":"PA24"},"449":{"t":"C82R"},"44E":{"t":"C82R"},"454":{"desc":"L1P"},"45D":{"t":"C172"},"460":{"t":"PA18"},"463":{"t":"C172"},"464":{"t":"J3"},"466":{"t":"PA20"},"468":{"t":"C175"},"46D":{"t":"C182"},"46E":{"t":"C172"},"471":{"t":"P28A"},"472":{"t":"C82R"},"473":{"t":"PA30"},"479":{"t":"C172"},"47C":{"t":"C172"},"47F":{"t":"G164"},"483":{"t":"C172"},"484":{"t":"C210"},"485":{"t":"C172"},"487":{"t":"J3"},"48A":{"t":"AA5"},"48D":{"t":"PA24"},"48E":{"t":"C182"},"48F":{"t":"BE33"},"491":{"t":"C82R"},"494":{"t":"P28A"},"496":{"t":"PA30"},"497":{"t":"PA25"},"498":{"t":"C172"},"49A":{"t":"C172"},"49B":{"t":"C207"},"4A2":{"desc":"L1P"},"4A3":{"t":"C172"},"4A5":{"t":"C206"},"4A6":{"t":"PA18"},"4A7":{"t":"C172"},"4A8":{"t":"C172"},"4AA":{"t":"J3"},"4AB":{"t":"P28A"},"4AC":{"t":"PA20"},"4AD":{"t":"AA5"},"4AE":{"t":"C175"},"4B2":{"t":"BE35"},"4B3":{"t":"C182"},"4B4":{"t":"C172"},"4B7":{"t":"P28A"},"4B8":{"t":"C150"},"4BA":{"t":"PA25"},"4BB":{"t":"C172"},"4BC":{"t":"C172"},"4C5":{"t":"G164"},"4C7":{"t":"BE35"},"4CB":{"t":"C172"},"4CF":{"t":"PA20"},"4D0":{"t":"AA5"},"4D1":{"t":"C175"},"4D5":{"t":"BE33"},"4D9":{"t":"BL17"},"4DA":{"t":"P28A"},"4DB":{"t":"B350"},"4DC":{"t":"PA30"},"4E4":{"t":"C172"},"4E9":{"t":"C172"},"4F1":{"t":"P28A"},"4F2":{"t":"PA20"},"4F3":{"t":"AA5"},"4F4":{"t":"C175"},"4F6":{"t":"PA24"},"4F8":{"t":"BE35"},"4F9":{"t":"C182"},"4FE":{"t":"C82R"},"505":{"desc":"L1P"},"50D":{"t":"C172"},"50E":{"t":"C172"},"50F":{"t":"C172"},"510":{"t":"BL8"},"511":{"t":"C172"},"512":{"t":"C172"},"513":{"t":"B737"},"514":{"t":"GLID"},"516":{"desc":"L1P"},"517":{"t":"C172"},"518":{"t":"C172"},"51A":{"t":"S22T"},"51B":{"t":"C82T"},"51E":{"t":"B737"},"520":{"t":"DA42"},"521":{"t":"C172"},"523":{"t":"C172"},"526":{"t":"C172"},"527":{"t":"C172"},"528":{"t":"C172"},"529":{"t":"C172"},"52A":{"t":"C172"},"52D":{"desc":"L1P"},"52F":{"t":"C172"},"531":{"t":"C172"},"533":{"desc":"L1P"},"534":{"t":"C172"},"536":{"t":"SR20"},"537":{"t":"C172"},"538":{"t":"C172"},"539":{"t":"B737"},"53A":{"t":"C172"},"53E":{"t":"S108"},"53F":{"t":"C172"},"540":{"t":"C172"},"541":{"t":"B737"},"543":{"t":"C82T"},"544":{"t":"P28B"},"548":{"t":"C172"},"54A":{"t":"B737"},"54B":{"t":"C172"},"54C":{"t":"C172"},"54D":{"t":"C172"},"54F":{"t":"B732"},"551":{"t":"C172"},"552":{"t":"C172"},"553":{"t":"C172"},"556":{"t":"C172"},"557":{"t":"C56X"},"558":{"t":"C172"},"559":{"t":"AEST"},"55A":{"t":"C172"},"55B":{"t":"C172"},"55C":{"t":"C172"},"55E":{"t":"C172"},"560":{"t":"C172"},"561":{"t":"BE9L"},"562":{"t":"C172"},"563":{"t":"C185"},"565":{"t":"C172"},"567":{"t":"C172"},"568":{"t":"C172"},"569":{"t":"C172"},"56B":{"t":"C172"},"56C":{"t":"C172"},"56E":{"t":"C172"},"572":{"t":"C82S"},"573":{"t":"C172"},"574":{"t":"BE60"},"575":{"t":"C172"},"576":{"desc":"L1P"},"577":{"t":"C172"},"578":{"t":"C172"},"57B":{"t":"BT36"},"57C":{"t":"C172"},"57E":{"t":"C172"},"580":{"t":"B737"},"581":{"t":"C172"},"582":{"t":"C172"},"585":{"t":"C172"},"58D":{"t":"C172"},"58F":{"t":"C82T"},"590":{"desc":"L1P"},"592":{"t":"C172"},"596":{"t":"BALL"},"599":{"t":"C82T"},"59B":{"t":"PA34"},"59C":{"t":"C82R"},"59F":{"t":"C82T"},"5A0":{"t":"C82R"},"5A2":{"t":"RV12"},"5A3":{"t":"C172"},"5A5":{"t":"C172"},"5A6":{"t":"C82R"},"5A7":{"t":"C172"},"5A9":{"t":"B738"},"5AB":{"t":"C172"},"5AC":{"t":"C172"},"5AD":{"t":"C172"},"5AE":{"t":"C172"},"5B0":{"t":"C172"},"5B2":{"t":"C172"},"5B3":{"t":"C172"},"5B5":{"t":"C172"},"5B6":{"t":"C172"},"5BA":{"t":"C172"},"5BB":{"t":"DC3"},"5BD":{"t":"M20P"},"5BF":{"t":"C172"},"5C0":{"t":"C172"},"5C1":{"desc":"H1T"},"5C2":{"t":"C172"},"5C3":{"t":"C172"},"5C4":{"t":"C172"},"5C7":{"t":"C172"},"5C8":{"t":"C82R"},"5C9":{"t":"C82R"},"5CE":{"t":"C82T"},"5CF":{"t":"C172"},"5D0":{"t":"C172"},"5D2":{"t":"C172"},"5D4":{"t":"C82T"},"5D6":{"t":"B737"},"5DC":{"t":"C172"},"5DD":{"t":"C172"},"5DE":{"t":"C82T"},"5DF":{"t":"C82T"},"5E0":{"t":"C172"},"5E1":{"t":"C82T"},"5E3":{"t":"C172"},"5E4":{"t":"C172"},"5E5":{"t":"C82R"},"5E6":{"t":"C82T"},"5E7":{"t":"C172"},"5E9":{"t":"B737"},"5EA":{"t":"C172"},"5EB":{"t":"C172"},"5EE":{"t":"B737"},"5F0":{"t":"C172"},"5F1":{"desc":"L1P"},"5F2":{"t":"C172"},"5F4":{"t":"C172"},"5F6":{"t":"C172"},"5F9":{"t":"C172"},"5FB":{"t":"C150"},"5FC":{"t":"C172"},"5FD":{"t":"B737"},"5FF":{"t":"B738"},"602":{"t":"C172"},"603":{"t":"C172"},"605":{"t":"C172"},"606":{"desc":"H1P","t":"B737"},"607":{"t":"DA40"},"608":{"desc":"A1P"},"60A":{"desc":"L1P"},"60B":{"t":"B737"},"60D":{"t":"C172"},"60E":{"t":"C172"},"610":{"t":"C172"},"611":{"t":"C172"},"612":{"t":"C82T"},"614":{"t":"C172"},"615":{"t":"C82R"},"616":{"t":"C172"},"618":{"t":"C82R"},"619":{"t":"C172"},"61C":{"t":"C172"},"61D":{"t":"C172"},"61E":{"t":"C172"},"61F":{"t":"B738"},"620":{"t":"C310"},"621":{"t":"BE35"},"623":{"t":"C182"},"624":{"t":"C172"},"625":{"t":"C172"},"627":{"t":"C172"},"628":{"t":"R66"},"629":{"t":"C82T"},"62A":{"t":"C172"},"62B":{"t":"C650"},"62D":{"t":"C172"},"62F":{"desc":"L1P"},"632":{"t":"C172"},"635":{"t":"C82T"},"636":{"t":"C172"},"637":{"t":"C82T"},"638":{"t":"J3"},"63B":{"t":"C172"},"63C":{"t":"C82R"},"63E":{"t":"C172"},"63F":{"t":"C172"},"641":{"t":"C172"},"643":{"t":"C172"},"644":{"t":"C172"},"645":{"t":"C172"},"648":{"t":"C172"},"64B":{"t":"C172"},"64C":{"t":"C172"},"64F":{"t":"C82T"},"651":{"t":"BE36"},"652":{"t":"C150"},"654":{"t":"C172"},"657":{"t":"C82R"},"658":{"t":"A109"},"659":{"t":"C172"},"65A":{"t":"C172"},"65D":{"t":"C172"},"65F":{"t":"C172"},"661":{"t":"C172"},"662":{"t":"C82T"},"665":{"t":"C172"},"666":{"t":"C172"},"668":{"t":"C172"},"669":{"t":"C172"},"66D":{"t":"C172"},"670":{"t":"C172"},"672":{"t":"C82T"},"675":{"t":"C172"},"678":{"t":"C172"},"67A":{"t":"C172"},"67B":{"t":"CL30"},"680":{"t":"C172"},"683":{"t":"C172"},"684":{"t":"C172"},"685":{"t":"GLID"},"687":{"desc":"L1P"},"688":{"t":"C172"},"689":{"t":"C172"},"68A":{"t":"C172"},"68B":{"t":"DIMO"},"68C":{"t":"C501"},"68E":{"t":"C172"},"690":{"t":"C172"},"691":{"t":"C172"},"692":{"t":"C172"},"693":{"t":"C172"},"694":{"desc":"L1P"},"695":{"t":"C172"},"697":{"desc":"L1P"},"699":{"t":"C172"},"69C":{"t":"BE55"},"69D":{"t":"C172"},"69E":{"t":"C172"},"69F":{"t":"C172"},"6A0":{"t":"C172"},"6A1":{"t":"C172"},"6A4":{"desc":"L1P"},"6A5":{"t":"C172"},"6A6":{"t":"C172"},"6A7":{"desc":"L1P"},"6A8":{"desc":"L1P"},"6AA":{"desc":"A1P"},"6AC":{"t":"C172"},"6AE":{"desc":"L2J","t":"B38M"},"6AF":{"t":"C172"},"6B0":{"t":"C172"},"6B1":{"t":"BE18"},"6B2":{"t":"C172"},"6B4":{"t":"C172"},"6B5":{"t":"GLID"},"6B6":{"t":"C82T"},"6B7":{"t":"C82T"},"6B8":{"t":"C172"},"6B9":{"t":"C172"},"6BA":{"t":"C172"},"6BB":{"t":"C172"},"6BE":{"t":"C172"},"6C1":{"t":"C172"},"6C4":{"t":"C172"},"6C6":{"t":"C82R"},"6CB":{"t":"C172"},"6CC":{"t":"C172"},"6CD":{"t":"C172"},"6CF":{"t":"C172"},"6D0":{"t":"C82T"},"6D3":{"t":"C172"},"6D4":{"t":"C172"},"6D8":{"t":"C172"},"6D9":{"t":"C172"},"6DE":{"t":"C172"},"6DF":{"t":"A319"},"6E5":{"t":"C172"},"6E7":{"t":"BE35"},"6E8":{"t":"C172"},"6E9":{"t":"C172"},"6EA":{"t":"C172"},"6EC":{"t":"C172"},"6ED":{"t":"C172"},"6F2":{"t":"C172"},"6F4":{"t":"C172"},"6F7":{"desc":"L1P"},"6F8":{"t":"C172"},"6F9":{"t":"C82T"},"6FA":{"t":"C82R"},"6FB":{"t":"C172"},"6FD":{"t":"C82T"},"6FF":{"t":"C172"},"701":{"t":"C172"},"702":{"t":"M5"},"703":{"t":"C172"},"705":{"t":"C172"},"708":{"t":"B737"},"70A":{"t":"PA31"},"70C":{"desc":"L1P"},"70D":{"t":"C82T"},"70E":{"t":"C77R"},"70F":{"t":"C172"},"710":{"t":"C172"},"711":{"t":"C172"},"712":{"t":"C172"},"714":{"t":"C82T"},"716":{"t":"C172"},"717":{"t":"C172"},"719":{"desc":"L1P"},"71A":{"t":"C172"},"71D":{"t":"C82T"},"71E":{"t":"C172"},"71F":{"t":"C172"},"725":{"t":"C172"},"72A":{"t":"C172"},"72B":{"t":"C172"},"72E":{"t":"C172"},"72F":{"t":"C82R"},"731":{"t":"C172"},"732":{"desc":"L1P"},"733":{"t":"C172"},"734":{"t":"C172"},"737":{"t":"C172"},"738":{"t":"C172"},"739":{"t":"C172"},"73C":{"t":"C82R"},"740":{"t":"C172"},"741":{"t":"C172"},"743":{"t":"C172"},"744":{"t":"C172"},"745":{"t":"C172"},"746":{"t":"C172"},"748":{"t":"C82T"},"74A":{"t":"C172"},"74B":{"desc":"L1P"},"74C":{"t":"C172"},"74E":{"t":"C172"},"74F":{"t":"C172"},"750":{"t":"C172"},"752":{"t":"C172"},"754":{"t":"C172"},"755":{"t":"C172"},"758":{"t":"C172"},"759":{"t":"C172"},"75B":{"t":"C172"},"75D":{"t":"C172"},"75F":{"t":"C172"},"760":{"t":"C172"},"763":{"t":"C82R"},"764":{"desc":"L1P"},"765":{"t":"C172"},"766":{"t":"S108"},"76D":{"t":"P28A"},"76E":{"t":"PA20"},"772":{"t":"PA24"},"775":{"t":"C182"},"776":{"t":"C172"},"779":{"t":"P28A"},"77A":{"t":"C150"},"77C":{"t":"PA25"},"77F":{"t":"C172"},"782":{"t":"WACO"},"784":{"t":"C172"},"787":{"t":"C182"},"788":{"t":"C172"},"78B":{"t":"PA18"},"791":{"t":"PA20"},"792":{"t":"AA5"},"793":{"t":"C175"},"794":{"t":"C182"},"795":{"t":"PA24"},"796":{"t":"C182"},"797":{"t":"BE55"},"798":{"t":"C182"},"799":{"t":"R44"},"79B":{"t":"BL17"},"79C":{"t":"P28A"},"79E":{"t":"PA30"},"7A0":{"t":"C172"},"7A2":{"t":"RV12"},"7A6":{"desc":"L1P"},"7A9":{"t":"C172"},"7AA":{"t":"P68"},"7B1":{"t":"C150"},"7B2":{"t":"C185"},"7B3":{"t":"P28A"},"7B6":{"t":"C175"},"7B8":{"t":"PA24"},"7C2":{"t":"PA25"},"7C9":{"t":"C172"},"7CA":{"desc":"L1P"},"7CB":{"t":"C172"},"7CD":{"desc":"L1P","t":"ULAC"},"7CE":{"t":"C172"},"7D1":{"t":"PA18"},"7D2":{"t":"C210"},"7D4":{"t":"R22"},"7D9":{"t":"C175"},"7DA":{"t":"C182"},"7DE":{"t":"C182"},"7E0":{"t":"C207"},"7E1":{"t":"BL17"},"7E2":{"t":"P28A"},"7E5":{"t":"PA25"},"7E7":{"t":"VALI"},"7E8":{"t":"C172"},"7E9":{"t":"C207"},"7EA":{"t":"C172"},"7EB":{"t":"C172"},"7F1":{"t":"C150"},"7F2":{"t":"S22T"},"7F4":{"t":"C172"},"7F5":{"t":"C172"},"7FC":{"t":"C175"},"7FE":{"t":"PA24"},"7FF":{"t":"C182"},"808":{"t":"PA25"},"80B":{"desc":"L1P"},"80D":{"t":"C172"},"810":{"desc":"L1P"},"814":{"t":"B763"},"816":{"t":"P28A"},"817":{"t":"PA18"},"81A":{"t":"C172"},"81C":{"t":"P28A"},"81D":{"desc":"L1P"},"820":{"t":"C206"},"821":{"t":"PA24"},"822":{"t":"C182"},"824":{"t":"C182"},"825":{"t":"C172"},"828":{"desc":"A1P"},"829":{"t":"C150"},"82A":{"t":"PA30"},"82F":{"t":"C172"},"830":{"t":"C172"},"831":{"t":"C172"},"83A":{"t":"PA18"},"83E":{"t":"C182"},"843":{"t":"C182"},"844":{"t":"PA24"},"845":{"t":"C182"},"848":{"t":"C172"},"84B":{"t":"P28A"},"84C":{"t":"C150"},"850":{"t":"C172"},"853":{"t":"C172"},"857":{"t":"C172"},"858":{"t":"C172"},"85A":{"t":"C172"},"860":{"t":"PA46"},"861":{"t":"C185"},"862":{"t":"P28A"},"868":{"t":"C182"},"869":{"t":"BE58"},"86B":{"t":"C172"},"86D":{"desc":"L1P"},"86E":{"t":"P28A"},"878":{"t":"C172"},"87A":{"t":"VALI"},"87E":{"t":"BE35"},"87F":{"t":"B734"},"884":{"t":"J3"},"886":{"t":"PA20"},"888":{"t":"C175"},"889":{"t":"C182"},"88C":{"t":"BE33"},"88D":{"desc":"L2J","t":"B38M"},"891":{"t":"P28A"},"892":{"t":"C150"},"893":{"t":"PA30"},"899":{"t":"C172"},"89A":{"t":"C172"},"89B":{"t":"C172"},"89C":{"t":"C172"},"89E":{"desc":"L1P"},"8A0":{"t":"C172"},"8A9":{"t":"C172"},"8AD":{"t":"PA24"},"8AE":{"t":"C182"},"8AF":{"t":"BE58"},"8B0":{"t":"C182"},"8B1":{"t":"C172"},"8B2":{"t":"C207"},"8B3":{"t":"BL17"},"8B6":{"t":"PA30"},"8B8":{"t":"C172"},"8BA":{"t":"PA12"},"8BC":{"desc":"L1P"},"8C0":{"t":"C172"},"8C1":{"t":"C172"},"8C2":{"t":"ERCO"},"8C3":{"t":"B737"},"8C5":{"t":"C82T"},"8C7":{"t":"C172"},"8C8":{"t":"C82R"},"8C9":{"t":"C172"},"8CB":{"t":"C172"},"8CC":{"t":"C172"},"8CD":{"t":"C172"},"8CF":{"t":"EC35"},"8D0":{"t":"C172"},"8D3":{"t":"C172"},"8D4":{"t":"C82T"},"8D5":{"t":"C172"},"8D7":{"t":"C172"},"8D8":{"t":"C172"},"8D9":{"t":"C82R"},"8DA":{"t":"C172"},"8DB":{"t":"C172"},"8DC":{"t":"BE35"},"8DD":{"t":"C172"},"8E0":{"t":"C82T"},"8E1":{"t":"C172"},"8E3":{"t":"C172"},"8E5":{"t":"C172"},"8E6":{"t":"C82T"},"8E7":{"t":"C172"},"8E9":{"t":"C172"},"8EA":{"t":"C172"},"8EB":{"t":"C82T"},"8EC":{"t":"C172"},"8ED":{"t":"C172"},"8EF":{"t":"C172"},"8F2":{"t":"C172"},"8F5":{"t":"PA32"},"8F6":{"t":"C172"},"8F7":{"t":"B737"},"8F9":{"t":"C172"},"8FC":{"t":"C172"},"8FF":{"t":"C82R"},"901":{"t":"C172"},"902":{"t":"C172"},"903":{"t":"C182"},"905":{"t":"C172"},"908":{"t":"C82T"},"909":{"t":"C172"},"90B":{"t":"C172"},"90C":{"t":"C172"},"90D":{"t":"C172"},"913":{"t":"C172"},"914":{"t":"C172"},"915":{"t":"C172"},"917":{"t":"C172"},"918":{"t":"C172"},"919":{"t":"C172"},"91A":{"t":"C172"},"920":{"t":"C172"},"924":{"t":"C172"},"925":{"t":"C172"},"927":{"t":"CL30"},"928":{"t":"C172"},"92C":{"t":"C82R"},"92E":{"t":"C172"},"92F":{"t":"C172"},"933":{"desc":"L1P"},"934":{"t":"C172"},"935":{"t":"C172"},"937":{"t":"C82T"},"93A":{"t":"C172"},"93B":{"t":"CRJ7"},"93C":{"t":"C172"},"93E":{"t":"C172"},"940":{"t":"C182"},"941":{"t":"C172"},"943":{"t":"C172"},"944":{"t":"C172"},"946":{"t":"C172"},"948":{"t":"C82T"},"94C":{"t":"C172"},"94F":{"t":"C172"},"956":{"desc":"L2T"},"957":{"t":"C172"},"958":{"t":"C172"},"959":{"desc":"L2P"},"95A":{"t":"C172"},"95B":{"t":"C172"},"95D":{"desc":"L2J","t":"GA7C"},"95E":{"t":"C172"},"962":{"t":"C172"},"965":{"t":"C172"},"96A":{"t":"C172"},"96D":{"t":"C172"},"96E":{"t":"C172"},"971":{"t":"C172"},"973":{"t":"C172"},"975":{"t":"C82T"},"976":{"t":"C172"},"97A":{"t":"C172"},"97B":{"t":"C172"},"97C":{"t":"C172"},"980":{"t":"C172"},"983":{"t":"C172"},"984":{"t":"C172"},"986":{"t":"C172"},"988":{"t":"C172"},"98B":{"desc":"L1P"},"98F":{"t":"C172"},"991":{"t":"C172"},"992":{"t":"C172"},"994":{"t":"C172"},"999":{"t":"C172"},"99B":{"t":"C337"},"99C":{"t":"C172"},"99D":{"t":"C172"},"99E":{"t":"C172"},"9A0":{"t":"C172"},"9A1":{"t":"C172"},"9A3":{"t":"C82T"},"9A4":{"t":"LJ45"},"9A5":{"t":"C172"},"9A7":{"t":"C172"},"9AA":{"t":"C172"},"9AB":{"t":"C172"},"9AD":{"t":"C172"},"9AE":{"t":"C172"},"9B2":{"t":"C172"},"9B3":{"t":"C172"},"9B6":{"t":"C172"},"9B7":{"t":"C172"},"9B9":{"t":"C172"},"9C0":{"t":"C172"},"9C4":{"t":"C172"},"9C5":{"t":"C172"},"9C9":{"t":"C172"},"9CA":{"t":"C172"},"9CB":{"t":"C82R"},"9CE":{"t":"C82T"},"9D1":{"t":"C172"},"9D7":{"desc":"L1P","t":"ULAC"},"9D9":{"t":"C172"},"9DB":{"t":"C172"},"9DE":{"t":"C172"},"9DF":{"t":"C172"},"9E0":{"t":"C172"},"9E1":{"t":"C172"},"9E6":{"t":"C172"},"9E8":{"t":"C172"},"9EB":{"t":"C172"},"9EE":{"t":"C172"},"9F1":{"t":"C172"},"9F2":{"t":"C172"},"9F3":{"t":"C172"},"9F6":{"t":"C172"},"9F7":{"t":"C172"},"9F9":{"t":"C172"},"9FB":{"t":"C172"},"9FC":{"t":"C172"},"9FE":{"t":"C82T"},"A00":{"t":"C82T"},"A01":{"t":"C172"},"A02":{"t":"C172"},"A03":{"t":"C172"},"A05":{"t":"C172"},"A06":{"t":"C172"},"A08":{"t":"S76"},"A0C":{"t":"C172"},"A0F":{"t":"C82R"},"A10":{"t":"C172"},"A11":{"t":"C172"},"A12":{"t":"C82T"},"A14":{"t":"C172"},"A15":{"t":"C172"},"A16":{"t":"C172"},"A18":{"t":"C82R"},"A1A":{"t":"C172"},"A1C":{"t":"C172"},"A1D":{"t":"C82T"},"A1E":{"t":"C172"},"A22":{"t":"C172"},"A23":{"t":"C172"},"A24":{"t":"C172"},"A26":{"t":"C172"},"A2A":{"t":"C172"},"A2B":{"t":"C82R"},"A2D":{"t":"C172"},"A2E":{"t":"C172"},"A2F":{"t":"C172"},"A32":{"t":"CL30"},"A34":{"t":"C172"},"A35":{"t":"C82T"},"A3B":{"t":"C172"},"A3C":{"desc":"L1P"},"A3D":{"t":"C172"},"A40":{"t":"C172"},"A43":{"t":"LJ60"},"A45":{"t":"C172"},"A46":{"desc":"L1P"},"A47":{"t":"C172"},"A48":{"t":"C172"},"A4B":{"t":"C82T"},"A4D":{"t":"C172"},"A4E":{"desc":"L1P"},"A50":{"t":"C172"},"A53":{"desc":"L1P"},"A58":{"t":"C172"},"A5C":{"t":"C172"},"A5D":{"t":"CRJ7"},"A61":{"t":"C172"},"A63":{"t":"C172"},"A64":{"t":"C172"},"A65":{"t":"C172"},"A6A":{"t":"C172"},"A6C":{"t":"BE58"},"A6E":{"t":"C172"},"A72":{"t":"C82R"},"A73":{"t":"C172"},"A75":{"t":"C172"},"A78":{"t":"C172"},"A79":{"t":"C172"},"A7A":{"t":"C172"},"A7B":{"t":"C172"},"A7E":{"t":"C172"},"A80":{"t":"C172"},"A82":{"t":"C172"},"A83":{"t":"C82T"},"A84":{"t":"C172"},"A89":{"t":"C172"},"A8A":{"t":"C172"},"A8D":{"t":"C172"},"A95":{"t":"C172"},"A96":{"t":"A319"},"A97":{"t":"C172"},"A98":{"t":"C82R"},"A9A":{"t":"C172"},"A9C":{"t":"C172"},"A9F":{"t":"C172"},"AA0":{"t":"C172"},"AA1":{"t":"C172"},"AA5":{"t":"C82T"},"AA7":{"t":"C172"},"AA9":{"t":"C172"},"AAC":{"desc":"H4E"},"AAE":{"t":"C172"},"AB0":{"t":"C82T"},"AB1":{"t":"C172"},"AB2":{"t":"C172"},"AB3":{"t":"C82T"},"AB5":{"t":"C172"},"AB9":{"t":"BE50"},"ABA":{"t":"C172"},"ABB":{"desc":"H1P"},"ABC":{"t":"C172"},"ABE":{"t":"C172"},"ABF":{"desc":"L1P"},"AC0":{"t":"C172"},"AC1":{"t":"C82R"},"AC2":{"t":"C172"},"AC3":{"t":"C172"},"AC4":{"t":"C172"},"AC7":{"t":"C172"},"ACB":{"t":"C82T"},"ACE":{"t":"C172"},"ACF":{"t":"C172"},"AD1":{"t":"C172"},"AD3":{"t":"C82T"},"AD4":{"t":"C172"},"AD6":{"t":"C172"},"AD7":{"t":"C172"},"ADA":{"t":"C172"},"ADB":{"t":"C172"},"ADD":{"t":"C82T"},"AEB":{"t":"C172"},"AEC":{"t":"C172"},"AF1":{"t":"C172"},"AF2":{"t":"C172"},"AF4":{"t":"C172"},"AF7":{"t":"C172"},"AF9":{"t":"C172"},"AFA":{"t":"C172"},"AFB":{"t":"C172"},"AFE":{"t":"C172"},"AFF":{"t":"C172"},"B01":{"t":"C172"},"B03":{"t":"C172"},"B04":{"t":"C82R"},"B05":{"t":"C172"},"B06":{"t":"C172"},"B07":{"t":"C172"},"B08":{"t":"C172"},"B09":{"t":"C172"},"B0A":{"t":"C172"},"B0D":{"t":"C172"},"B0E":{"t":"C172"},"B0F":{"t":"C172"},"B11":{"t":"C172"},"B12":{"t":"C172"},"B14":{"t":"C172"},"B15":{"t":"C172"},"B19":{"t":"C172"},"B1F":{"t":"PA18"},"B22":{"t":"C172"},"B23":{"t":"C185"},"B24":{"t":"P28A"},"B25":{"t":"C172"},"B26":{"t":"C152"},"B28":{"t":"C182"},"B2B":{"t":"C82R"},"B2D":{"t":"C172"},"B30":{"t":"P28A"},"B34":{"t":"C172"},"B35":{"desc":"L1P"},"B36":{"desc":"L1P"},"B38":{"desc":"L1P"},"B3A":{"desc":"L1P"},"B3C":{"t":"C172"},"B40":{"t":"BE35"},"B43":{"t":"C210"},"B46":{"t":"J3"},"B4B":{"t":"C182"},"B4C":{"t":"PA24"},"B4D":{"t":"C182"},"B4F":{"desc":"L1P"},"B52":{"t":"C172"},"B53":{"t":"P28A"},"B57":{"desc":"L1P"},"B58":{"desc":"L1P"},"B5A":{"t":"C172"},"B5D":{"t":"C172"},"B60":{"t":"C172"},"B62":{"t":"C172"},"B65":{"t":"PA18"},"B67":{"desc":"L1E"},"B6D":{"t":"C175"},"B6E":{"t":"C182"},"B6F":{"t":"PA24"},"B70":{"t":"C182"},"B75":{"t":"BL17"},"B7A":{"desc":"L1P"},"B8D":{"t":"P28A"},"B8F":{"t":"C172"},"B90":{"t":"C175"},"B99":{"t":"P28A"},"B9A":{"t":"C82R"},"B9D":{"t":"C172"},"BA4":{"t":"C172"},"BAA":{"t":"T210"},"BAB":{"t":"PA18"},"BAC":{"t":"C172"},"BAF":{"t":"J3"},"BB8":{"t":"C182"},"BB9":{"t":"C172"},"BBA":{"t":"C207"},"BBC":{"t":"P28A"},"BBD":{"t":"C150"},"BBE":{"t":"PA30"},"BC6":{"t":"C172"},"BC8":{"t":"C172"},"BCB":{"t":"C172"},"BD2":{"t":"J3"},"BD3":{"t":"P28A"},"BD4":{"t":"C172"},"BD6":{"t":"C175"},"BD8":{"t":"PA24"},"BDA":{"t":"BE58"},"BDB":{"t":"C182"},"BDF":{"t":"BE36"},"BE4":{"t":"L8"},"BE5":{"t":"C172"},"BE8":{"t":"C172"},"BEE":{"t":"C172"},"BEF":{"t":"BE35"},"BF0":{"t":"T206"},"BF2":{"t":"C210"},"BF4":{"t":"C172"},"BF5":{"t":"J3"},"BF7":{"t":"PA20"},"BFA":{"t":"C182"},"BFD":{"t":"BE55"},"C01":{"t":"BL17"},"C04":{"t":"PA30"},"C06":{"t":"B753"},"C0A":{"t":"C172"},"C0C":{"desc":"L1P"},"C0D":{"desc":"L1P"},"C0E":{"t":"C172"},"C11":{"t":"C172"},"C12":{"t":"BE35"},"C14":{"t":"PA18"},"C15":{"t":"C172"},"C17":{"t":"C172"},"C19":{"t":"P28A"},"C1A":{"t":"PA20"},"C1C":{"t":"C175"},"C1D":{"t":"C182"},"C27":{"t":"PA30"},"C28":{"t":"PA25"},"C29":{"t":"J3"},"C2E":{"desc":"H1P"},"C37":{"t":"PA18"},"C3B":{"t":"J3"},"C3F":{"t":"C175"},"C40":{"t":"C182"},"C42":{"t":"C182"},"C43":{"t":"BE36"},"C44":{"desc":"L1P"},"C45":{"t":"C172"},"C48":{"t":"P28A"},"C4A":{"t":"PA30"},"C50":{"desc":"L1P"},"C57":{"desc":"H4E"},"C58":{"t":"BE35"},"C5B":{"t":"C210"},"C5D":{"t":"C172"},"C60":{"t":"PA20"},"C63":{"t":"T210"},"C64":{"t":"PA24"},"C68":{"t":"C82R"},"C69":{"t":"C207"},"C6A":{"t":"BL17"},"C6C":{"t":"C150"},"C6D":{"t":"PA30"},"C71":{"t":"C172"},"C74":{"t":"C172"},"C77":{"t":"C172"},"C78":{"t":"C172"},"C7A":{"t":"B737"},"C7E":{"t":"C172"},"C80":{"t":"C172"},"C81":{"t":"C172"},"C83":{"t":"C172"},"C84":{"t":"C172"},"C85":{"t":"C172"},"C86":{"t":"C172"},"C88":{"t":"C172"},"C89":{"t":"C172"},"C8B":{"t":"R44"},"C8C":{"t":"C172"},"C8E":{"t":"C172"},"C8F":{"t":"C172"},"C90":{"t":"B762"},"C93":{"desc":"G1P","t":"GYRO"},"C96":{"t":"C172"},"C98":{"t":"C172"},"C9C":{"t":"C172"},"C9D":{"t":"C172"},"CA0":{"t":"C172"},"CA4":{"t":"C82R"},"CA5":{"t":"C172"},"CA7":{"t":"C172"},"CA9":{"t":"C172"},"CAA":{"t":"C82T"},"CAB":{"t":"C172"},"CAE":{"t":"C82R"},"CAF":{"t":"C172"},"CB0":{"t":"C172"},"CB7":{"t":"C82R"},"CB8":{"t":"C172"},"CB9":{"t":"C172"},"CBA":{"t":"C182"},"CBB":{"t":"C82T"},"CC0":{"t":"C82T"},"CC3":{"t":"C172"},"CC4":{"t":"C172"},"CC5":{"t":"BE35"},"CC7":{"t":"C172"},"CC8":{"t":"C82T"},"CC9":{"t":"C172"},"CCA":{"t":"C172"},"CCB":{"t":"C172"},"CCE":{"t":"C172"},"CD1":{"t":"C82R"},"CD3":{"t":"C172"},"CD5":{"t":"C172"},"CD6":{"t":"DA40"},"CD7":{"t":"C172"},"CDA":{"t":"C172"},"CDB":{"t":"C172"},"CDD":{"t":"C172"},"CDE":{"t":"CL30"},"CDF":{"t":"C172"},"CE4":{"t":"C172"},"CE6":{"t":"C172"},"CEC":{"t":"C172"},"CEE":{"t":"C172"},"CF0":{"t":"C172"},"CF1":{"t":"C172"},"CF5":{"t":"C172"},"CF6":{"t":"C172"},"CFA":{"t":"C172"},"CFB":{"t":"C172"},"CFE":{"t":"C172"},"CFF":{"t":"C172"},"D02":{"t":"P28A"},"D03":{"t":"C172"},"D04":{"t":"C172"},"D05":{"t":"C172"},"D08":{"t":"C172"},"D09":{"t":"C172"},"D0A":{"t":"C172"},"D0E":{"t":"C172"},"D0F":{"t":"C172"},"D11":{"desc":"L2J","t":"GA7C"},"D12":{"t":"B737"},"D13":{"t":"C172"},"D14":{"t":"C172"},"D15":{"t":"C172"},"D16":{"t":"C172"},"D17":{"t":"C172"},"D18":{"t":"C172"},"D1F":{"t":"C172"},"D21":{"t":"C172"},"D23":{"t":"C172"},"D24":{"t":"C172"},"D25":{"desc":"L1P"},"D26":{"t":"C172"},"D27":{"t":"C172"},"D2C":{"t":"C172"},"D2D":{"t":"C172"},"D2E":{"t":"C172"},"D31":{"t":"C172"},"D33":{"t":"C172"},"D37":{"t":"C172"},"D3A":{"t":"C172"},"D3B":{"t":"C172"},"D3F":{"t":"C172"},"D41":{"t":"C172"},"D42":{"t":"BE23"},"D44":{"t":"C172"},"D45":{"t":"C172"},"D46":{"t":"C172"},"D47":{"t":"C172"},"D48":{"t":"C172"},"D49":{"t":"C82R"},"D4A":{"t":"C82T"},"D52":{"t":"C172"},"D53":{"t":"C25B"},"D55":{"t":"C172"},"D57":{"t":"C172"},"D5B":{"desc":"L1P","t":"ULAC"},"D5D":{"t":"C172"},"D61":{"t":"C172"},"D65":{"t":"C172"},"D6B":{"t":"C172"},"D6C":{"t":"C172"},"D72":{"t":"C172"},"D76":{"t":"C172"},"D77":{"t":"C172"},"D78":{"t":"C172"},"D7D":{"t":"C172"},"D7E":{"t":"C172"},"D80":{"desc":"L1P"},"D85":{"t":"C172"},"D86":{"t":"C172"},"D87":{"t":"C172"},"D88":{"t":"C172"},"D89":{"t":"C172"},"D8D":{"t":"P210"},"D8E":{"desc":"L1P","t":"B738"},"D8F":{"t":"C172"},"D93":{"t":"C172"},"D95":{"t":"C172"},"D96":{"t":"C172"},"D97":{"t":"C172"},"D99":{"t":"C172"},"D9A":{"t":"L39"},"D9B":{"t":"BE35"},"D9D":{"t":"C172"},"D9E":{"t":"C172"},"DA4":{"t":"C172"},"DA9":{"t":"C172"},"DAA":{"t":"P28A"},"DAD":{"t":"C172"},"DAE":{"t":"C172"},"DB3":{"t":"C172"},"DB4":{"t":"C172"},"DB6":{"t":"C172"},"DB8":{"t":"C172"},"DBB":{"t":"C172"},"DBF":{"t":"AA5"},"DC1":{"t":"C172"},"DC2":{"t":"C172"},"DC3":{"t":"C172"},"DC6":{"t":"C172"},"DC7":{"t":"C172"},"DC8":{"t":"C172"},"DCA":{"t":"C172"},"DCF":{"t":"C172"},"DD0":{"t":"C172"},"DD3":{"t":"C172"},"DD5":{"t":"C172"},"DD9":{"t":"C172"},"DDA":{"t":"C172"},"DE0":{"t":"C172"},"DE1":{"desc":"H4E"},"DE3":{"t":"C172"},"DE7":{"t":"C172"},"DE9":{"t":"CL30"},"DEA":{"t":"C172"},"DEC":{"t":"C172"},"DF0":{"t":"C172"},"DF1":{"desc":"L1P"},"DF3":{"t":"C172"},"DF5":{"t":"C172"},"DF7":{"t":"C172"},"DF8":{"t":"C172"},"DFC":{"t":"C172"},"DFE":{"t":"C172"},"E00":{"t":"C172"},"E01":{"t":"C172"},"E05":{"desc":"L1P"},"E08":{"t":"C172"},"E09":{"t":"C172"},"E0A":{"t":"PC12"},"E0D":{"t":"C172"},"E0F":{"t":"C172"},"E12":{"t":"C172"},"E13":{"t":"C172"},"E15":{"desc":"L1P"},"E16":{"t":"C172"},"E19":{"t":"C172"},"E1F":{"t":"C172"},"E24":{"t":"P06T"},"E25":{"desc":"H4E"},"E26":{"t":"C172"},"E29":{"t":"C172"},"E33":{"t":"C172"},"E34":{"t":"C172"},"E36":{"t":"C172"},"E38":{"t":"C172"},"E3D":{"t":"C172"},"E3E":{"t":"C172"},"E41":{"t":"C172"},"E42":{"t":"C172"},"E46":{"t":"C172"},"E47":{"t":"C172"},"E48":{"t":"C172"},"E49":{"t":"C172"},"E4A":{"t":"C172"},"E4B":{"t":"C172"},"E5A":{"t":"C172"},"E5B":{"t":"C82R"},"E5C":{"t":"C172"},"E5D":{"t":"C82T"},"E5E":{"t":"C82S"},"E62":{"t":"C172"},"E63":{"t":"C172"},"E65":{"t":"C172"},"E66":{"t":"C172"},"E67":{"t":"C172"},"E69":{"t":"C172"},"E6F":{"t":"C172"},"E70":{"t":"C172"},"E74":{"t":"C172"},"E76":{"t":"C172"},"E78":{"t":"C172"},"E79":{"t":"C172"},"E7A":{"t":"C172"},"E7E":{"t":"C172"},"E84":{"t":"C172"},"E85":{"t":"C172"},"E86":{"t":"C172"},"E87":{"desc":"L1P"},"E88":{"t":"C172"},"E8A":{"t":"C172"},"E91":{"t":"C172"},"E92":{"t":"C172"},"E93":{"t":"C172"},"E98":{"t":"C172"},"E99":{"t":"C172"},"E9A":{"t":"C172"},"E9B":{"t":"C172"},"E9C":{"t":"C172"},"EA2":{"desc":"H4E"},"EA5":{"t":"C172"},"EA8":{"t":"C172"},"EAC":{"t":"C172"},"EB0":{"t":"C172"},"EB3":{"t":"C172"},"EB5":{"t":"C172"},"EB6":{"t":"E75L"},"EB7":{"t":"C172"},"EB8":{"t":"C172"},"EB9":{"t":"GLID"},"EBC":{"t":"C172"},"EC0":{"t":"C172"},"EC1":{"t":"C172"},"EC4":{"t":"C172"},"EC6":{"t":"C172"},"EC7":{"t":"C172"},"EC9":{"t":"C82R"},"ECA":{"t":"C172"},"ECC":{"t":"C172"},"ECE":{"t":"C172"},"ECF":{"t":"C172"},"ED1":{"t":"C172"},"ED4":{"t":"BE35"},"ED8":{"desc":"L1P"},"EDB":{"t":"P28A"},"EDE":{"t":"C175"},"EE0":{"t":"PA24"},"EE1":{"t":"C182"},"EE7":{"t":"P28A"},"EE8":{"t":"C150"},"EEB":{"t":"C172"},"EEF":{"t":"C172"},"EF0":{"t":"B47G"},"EF2":{"t":"B47G"},"EF4":{"t":"B47G"},"EF5":{"t":"PA20"},"EF6":{"t":"C172"},"EF9":{"t":"PA18"},"EFE":{"t":"P28A"},"EFF":{"t":"PA20"},"F00":{"t":"C152"},"F01":{"t":"C175"},"F03":{"t":"P210"},"F05":{"t":"BE35"},"F07":{"t":"C172"},"F0A":{"t":"P28A"},"F0C":{"t":"PA30"},"F0E":{"t":"C172"},"F12":{"t":"B47G"},"F15":{"t":"C172"},"F21":{"t":"P28A"},"F23":{"t":"C152"},"F24":{"t":"C175"},"F26":{"t":"PA24"},"F28":{"t":"BE36"},"F2B":{"t":"C207"},"F2C":{"t":"BL17"},"F33":{"t":"C172"},"F34":{"t":"C172"},"F35":{"t":"C172"},"F36":{"t":"C172"},"F37":{"t":"C172"},"F38":{"t":"C172"},"F39":{"t":"C172"},"F3A":{"t":"C172"},"F40":{"t":"C210"},"F42":{"t":"C172"},"F43":{"desc":"A1P"},"F44":{"t":"P28A"},"F47":{"t":"C175"},"F49":{"t":"PA24"},"F4D":{"t":"C172"},"F51":{"t":"C150"},"F53":{"t":"PA25"},"F54":{"t":"C172"},"F58":{"t":"C172"},"F5A":{"t":"B47G"},"F5C":{"t":"C172"},"F5F":{"t":"C172"},"F60":{"t":"BE35"},"F66":{"t":"J3"},"F67":{"t":"P28A"},"F6B":{"t":"C182"},"F6C":{"t":"PA24"},"F6F":{"t":"C182"},"F70":{"t":"C172"},"F74":{"t":"C150"},"F75":{"t":"PA30"},"F7A":{"t":"B47G"},"F7D":{"t":"C172"},"F83":{"t":"BE35"},"F85":{"t":"C172"},"F86":{"t":"C210"},"F88":{"t":"C172"},"F89":{"t":"C185"},"F8A":{"t":"P28A"},"F8B":{"t":"PA20"},"F8C":{"t":"C152"},"F8F":{"t":"PA24"},"F92":{"t":"C182"},"F93":{"t":"C172"},"F96":{"t":"P28A"},"F97":{"t":"C82R"},"F9A":{"desc":"L1P"},"F9D":{"t":"B47G"},"FA4":{"t":"G164"},"FA6":{"t":"BE35"},"FAD":{"t":"P28A"},"FB1":{"t":"C182"},"FB3":{"t":"C182"},"FB4":{"t":"BE36"},"FB5":{"t":"C182"},"FB6":{"t":"C172"},"FB7":{"t":"C207"},"FB9":{"t":"P28A"},"FBA":{"t":"C150"},"FBB":{"t":"PA30"},"FBD":{"t":"B47J"},"FC1":{"t":"C172"},"FC2":{"t":"B47G"},"FC3":{"t":"B47G"},"FC8":{"t":"C172"},"FC9":{"t":"C152"},"FCB":{"t":"PA18"},"FCE":{"t":"C172"},"FD0":{"t":"P28A"},"FD2":{"t":"C152"},"FD3":{"t":"C175"},"FD6":{"t":"C182"},"FD7":{"t":"BE35"},"FD8":{"t":"C182"},"FD9":{"t":"C172"},"FE4":{"t":"B47G"},"FE7":{"t":"C172"},"FEA":{"t":"HUSK"},"FEC":{"t":"BE35"},"FEF":{"t":"C210"},"FF3":{"t":"P28A"},"FF5":{"t":"C152"},"FFB":{"t":"C182"},"FFC":{"t":"C172"}}