{"9000":{"t":"DA40"},"9001":{"t":"B429"},"9008":{"desc":"L1P"},"9009":{"desc":"L1P","t":"ULAC"},"900B":{"t":"BE58"},"900D":{"t":"M20P"},"900F":{"t":"R66"},"9010":{"t":"PC24"},"9012":{"desc":"L1P"},"9013":{"t":"AA5"},"9014":{"desc":"L1P"},"901D":{"desc":"L1P","t":"ULAC"},"9022":{"t":"P28R"},"9023":{"desc":"L1P"},"9025":{"desc":"L2T"},"9026":{"t":"C182"},"9027":{"desc":"L1T","t":"M600"},"9028":{"desc":"L1P"},"9029":{"t":"BE35"},"902F":{"desc":"L1P"},"9031":{"t":"C182"},"9032":{"t":"PA38"},"9033":{"desc":"L1P"},"9035":{"t":"T210"},"9038":{"t":"HUSK"},"903A":{"desc":"A2P"},"903D":{"desc":"L1P"},"9045":{"t":"C56X"},"9048":{"desc":"L1P"},"9053":{"desc":"L1P"},"9055":{"t":"BE35"},"905D":{"t":"YK50"},"9069":{"desc":"L1P"},"906C":{"desc":"A2P"},"9071":{"t":"C750"},"9073":{"t":"C25B"},"9086":{"t":"C206"},"9088":{"t":"C525"},"9089":{"t":"PA30"},"9090":{"t":"S22T"},"9093":{"t":"B772"},"909A":{"t":"B788"},"90A0":{"t":"B744"},"90A2":{"desc":"L1P"},"90A6":{"t":"C172"},"90A7":{"t":"LJ45"},"90B8":{"t":"UH12"},"90B9":{"t":"P180"},"90BA":{"t":"C560"},"90BC":{"t":"SR22"},"90BE":{"t":"C550"},"90C2":{"t":"B77W"},"90C6":{"t":"C182"},"90C8":{"t":"GLF5"},"90CF":{"desc":"H8E"},"90D2":{"t":"P28A"},"90D4":{"t":"C525"},"90DC":{"desc":"H1T"},"90DD":{"t":"BL8"},"90E6":{"t":"H25B"},"90EA":{"t":"GLF5"},"90F2":{"desc":"L1P"},"9103":{"t":"GLF5"},"9104":{"t":"AT8T"},"9107":{"t":"B752"},"9108":{"t":"C208"},"910F":{"t":"P28R"},"911D":{"desc":"L2P"},"911F":{"t":"PA31"},"912D":{"t":"EC30"},"9131":{"desc":"L1P"},"9135":{"t":"C182"},"9136":{"t":"B789"},"9143":{"t":"B429"},"9146":{"t":"BALL"},"914E":{"t":"S76"},"914F":{"t":"C172"},"9150":{"t":"S22T"},"9151":{"t":"C421"},"915F":{"t":"C25B"},"9169":{"t":"BE20"},"9177":{"desc":"H4E"},"9178":{"t":"GLF5"},"918C":{"t":"FA7X"},"919A":{"desc":"L1P"},"919B":{"t":"C402"},"919D":{"t":"S22T"},"91A2":{"t":"C25B"},"91A5":{"desc":"A1P"},"91AD":{"desc":"L1P"},"91B5":{"t":"E170"},"91B6":{"t":"PA44"},"91C7":{"desc":"L1P"},"91CB":{"t":"S76"},"91CC":{"desc":"H1T"},"91F5":{"t":"CL30"},"91FE":{"t":"FA20"},"9202":{"t":"H25B"},"9208":{"t":"BALL"},"9212":{"t":"GLF6"},"9216":{"desc":"L1P"},"9217":{"t":"C172"},"921E":{"t":"C310"},"9220":{"t":"CRJ7"},"9224":{"t":"F900"},"9226":{"t":"PT22"},"922B":{"t":"B737"},"9241":{"t":"P06T"},"9244":{"t":"GLF6"},"9248":{"t":"P28A"},"9249":{"t":"B772"},"9259":{"desc":"L1P"},"927A":{"t":"GLF5"},"929C":{"t":"C750"},"92AC":{"t":"BE58"},"92C5":{"t":"PA32"},"92C6":{"desc":"L1P"},"92DF":{"desc":"L1P"},"92E2":{"t":"PA22"},"92E3":{"t":"C150"},"92E4":{"t":"C150"},"92E5":{"t":"C172"},"92E6":{"desc":"L1P"},"92E7":{"t":"C150"},"92E8":{"t":"C182"},"92EC":{"desc":"L1P"},"92EF":{"t":"B47G"},"92F0":{"t":"C172"},"92F1":{"t":"C172"},"92F3":{"desc":"L1J"},"92F5":{"t":"BE35"},"92F7":{"t":"GC1"},"92F8":{"t":"B772"},"92F9":{"t":"B772"},"92FA":{"t":"B772"},"92FB":{"t":"B772"},"92FC":{"t":"B772"},"92FD":{"t":"GC1"},"92FE":{"t":"GC1"},"92FF":{"t":"B772"},"9300":{"t":"B772"},"9305":{"t":"PA22"},"9306":{"t":"C150"},"9309":{"t":"PA12"},"930A":{"t":"G164"},"930B":{"t":"C180"},"930E":{"t":"P28A"},"9312":{"t":"B47G"},"9313":{"t":"BALL"},"9314":{"t":"C150"},"9316":{"t":"P28A"},"9317":{"t":"C172"},"9318":{"t":"BE55"},"9319":{"t":"C150"},"931C":{"t":"GC1"},"931D":{"t":"B772"},"931E":{"t":"GC1"},"9321":{"t":"B772"},"9322":{"desc":"L1P"},"9329":{"t":"B47G"},"932A":{"t":"C185"},"932E":{"t":"C180"},"9334":{"t":"BE35"},"9338":{"t":"M20P"},"9339":{"desc":"L1P"},"933A":{"t":"C172"},"933C":{"desc":"A1P"},"9340":{"t":"GC1"},"9341":{"t":"GC1"},"9342":{"desc":"L1P"},"9344":{"t":"C172"},"9345":{"t":"GC1"},"9349":{"t":"NAVI"},"934B":{"t":"PA22"},"934C":{"t":"PA38"},"934D":{"t":"PA18"},"9351":{"t":"C180"},"9355":{"t":"PA24"},"9356":{"t":"PA38"},"9357":{"t":"BE55"},"9358":{"desc":"L1J"},"935A":{"t":"C172"},"935B":{"t":"M20P"},"935D":{"t":"CJ6"},"935F":{"desc":"L1P"},"9360":{"t":"GC1"},"9364":{"t":"GC1"},"9367":{"t":"GC1"},"9368":{"t":"GC1"},"936C":{"t":"T6"},"936E":{"t":"PA22"},"9371":{"t":"C172"},"9377":{"t":"P28A"},"9378":{"t":"PA24"},"937E":{"t":"M20P"},"9382":{"t":"C150"},"9383":{"t":"GC1"},"9384":{"t":"GC1"},"9389":{"t":"GC1"},"938B":{"t":"GC1"},"938E":{"t":"C180"},"9390":{"desc":"L2T","t":"BE18"},"9391":{"t":"PA22"},"9394":{"t":"C172"},"939A":{"t":"P28A"},"939B":{"t":"PA24"},"939F":{"t":"C172"},"93A4":{"t":"PA30"},"93A7":{"t":"GC1"},"93A9":{"t":"GC1"},"93AB":{"t":"GC1"},"93AC":{"t":"GC1"},"93AD":{"t":"GC1"},"93B1":{"t":"C180"},"93B4":{"t":"PA22"},"93B6":{"t":"C150"},"93B7":{"t":"C172"},"93BA":{"t":"C180"},"93BD":{"t":"P28A"},"93BE":{"t":"PA24"},"93C1":{"t":"C206"},"93C4":{"t":"M20P"},"93C5":{"t":"P28A"},"93C7":{"t":"PA30"},"93C8":{"t":"C150"},"93C9":{"t":"B764"},"93CF":{"t":"C172"},"93D0":{"t":"GC1"},"93D1":{"t":"GC1"},"93D2":{"t":"GC1"},"93D9":{"t":"C150"},"93DA":{"t":"C172"},"93DD":{"t":"C180"},"93E0":{"t":"P28A"},"93E3":{"t":"BE35"},"93E4":{"t":"CH7B"},"93E7":{"t":"M20P"},"93E9":{"t":"C172"},"93EA":{"t":"PA30"},"93EB":{"t":"C150"},"93EC":{"t":"GC1"},"93ED":{"t":"GC1"},"93F0":{"t":"GC1"},"93F2":{"t":"C172"},"93F3":{"t":"GC1"},"93F4":{"t":"C172"},"93FB":{"t":"C150"},"9400":{"t":"C180"},"9408":{"t":"C172"},"940A":{"t":"M20P"},"940D":{"t":"PA30"},"940E":{"t":"PA18"},"9411":{"t":"GC1"},"9412":{"t":"GC1"},"9415":{"t":"C172"},"9417":{"t":"GC1"},"9419":{"desc":"L1P"},"941C":{"t":"J3"},"941E":{"t":"C150"},"9420":{"t":"C172"},"9422":{"desc":"A1P"},"9423":{"t":"C180"},"9426":{"t":"P28A"},"942A":{"t":"BL8"},"942C":{"t":"C172"},"942E":{"t":"P28A"},"9433":{"t":"C182"},"9434":{"t":"C182"},"9437":{"t":"C172"},"9438":{"t":"GC1"},"9439":{"desc":"L1P"},"943A":{"t":"C182"},"943B":{"t":"GC1"},"943C":{"desc":"L1P"},"943D":{"desc":"L1P"},"943E":{"t":"BE55"},"9442":{"desc":"L1P"},"9444":{"t":"C188"},"9447":{"t":"BE10"},"9449":{"desc":"L1P"},"944A":{"t":"B772"},"944F":{"desc":"L1P"},"9451":{"t":"B788"},"9455":{"desc":"L1P"},"9456":{"desc":"L1P"},"9457":{"desc":"L2J"},"945D":{"t":"C172"},"9471":{"t":"T210"},"9473":{"t":"SR20"},"9479":{"t":"PAY2"},"947B":{"desc":"L1P"},"9484":{"t":"S22T"},"948A":{"t":"P210"},"948B":{"t":"M7"},"948C":{"t":"CH7A"},"948E":{"desc":"H4E"},"9492":{"t":"C82S"},"9493":{"t":"PC12"},"9494":{"desc":"L1P"},"9498":{"desc":"L1P"},"94B1":{"desc":"L1P"},"94BB":{"t":"AT8T"},"94BE":{"t":"B752"},"94BF":{"t":"C208"},"94C6":{"t":"C172"},"94C7":{"t":"BALL"},"94DB":{"t":"P32T"},"94EC":{"desc":"L2T"},"94EE":{"t":"H60"},"94EF":{"t":"BE20"},"9505":{"desc":"L1P","t":"ULAC"},"9506":{"t":"C172"},"9507":{"t":"BE19"},"950C":{"desc":"L1P"},"9515":{"desc":"H9E"},"9520":{"t":"C56X"},"9539":{"t":"BALL"},"953B":{"t":"BE35"},"954A":{"t":"PA44"},"9550":{"desc":"L1P"},"9552":{"t":"H60"},"9553":{"t":"C180"},"9555":{"t":"BALL"},"9558":{"t":"B407"},"955C":{"t":"E550"},"9561":{"desc":"H8E"},"9564":{"desc":"L1P"},"956D":{"t":"PA44"},"957E":{"t":"ULAC"},"9582":{"t":"S76"},"9584":{"t":"H60"},"9585":{"desc":"L1P"},"9589":{"t":"M20P"},"958B":{"desc":"L1P","t":"ULAC"},"9593":{"t":"DA40"},"9594":{"t":"RV12"},"959D":{"t":"H60"},"95AC":{"t":"CL30"},"95B6":{"desc":"L1P"},"95B8":{"t":"RC3"},"95BB":{"desc":"L1P","t":"ULAC"},"95BC":{"desc":"L1P"},"95BF":{"t":"S76"},"95C0":{"t":"M20P"},"95C5":{"desc":"L1P"},"95C8":{"desc":"L1P"},"95CD":{"desc":"L1P"},"95CE":{"t":"C172"},"95D0":{"t":"ULAC"},"95D3":{"desc":"L1P"},"95D5":{"t":"R22"},"95D7":{"desc":"L1P"},"95DA":{"t":"MD11"},"95DB":{"t":"C172"},"95DD":{"t":"SR22"},"95E2":{"t":"P28A"},"95E8":{"desc":"H1T","t":"H60"},"95E9":{"t":"M20T"},"95EA":{"desc":"L1P"},"95EE":{"t":"S22T"},"9600":{"t":"B772"},"9610":{"desc":"H1P"},"9632":{"t":"DV20"},"9633":{"t":"M20T"},"9634":{"t":"BE33"},"963E":{"t":"B737"},"9646":{"t":"P28S"},"9663":{"t":"BE24"},"967C":{"t":"BE35"},"9694":{"desc":"L1P"},"9695":{"t":"C182"},"9696":{"t":"C180"},"9698":{"t":"T34P"},"9699":{"t":"PA22"},"969F":{"t":"C180"},"96A3":{"t":"PA24"},"96A8":{"t":"C172"},"96AB":{"t":"C172"},"96AE":{"t":"C172"},"96B0":{"t":"C182"},"96B1":{"t":"GC1"},"96B2":{"t":"GC1"},"96B7":{"t":"GC1"},"96B8":{"desc":"A2P"},"96BA":{"t":"PA20"},"96BC":{"t":"PA22"},"96BD":{"t":"C150"},"96BE":{"t":"B737"},"96C0":{"t":"PA12"},"96C6":{"t":"PA24"},"96C9":{"t":"CH7B"},"96CA":{"t":"C172"},"96CC":{"t":"M20P"},"96CE":{"t":"C172"},"96D0":{"t":"C150"},"96D1":{"desc":"L1P"},"96D3":{"t":"C172"},"96D4":{"t":"GC1"},"96D6":{"t":"C182"},"96D7":{"t":"GC1"},"96D9":{"t":"GC1"},"96DE":{"t":"BALL"},"96E2":{"t":"B737"},"96E7":{"t":"PA27"},"96E8":{"t":"P28A"},"96E9":{"desc":"L1P","t":"ULAC"},"96ED":{"t":"C172"},"96EE":{"t":"C172"},"96EF":{"t":"M20P"},"96F0":{"t":"P28A"},"96F3":{"t":"C150"},"96F4":{"t":"GC1"},"96F5":{"t":"GC1"},"96F7":{"t":"C172"},"96F8":{"t":"C172"},"96FA":{"t":"C172"},"96FB":{"t":"GC1"},"96FE":{"t":"GLID"},"96FF":{"t":"C180"},"9702":{"t":"PA22"},"9704":{"t":"C150"},"9706":{"t":"PA12"},"970B":{"t":"C182"},"970C":{"t":"B737"},"970E":{"t":"BE35"},"9713":{"t":"P28A"},"9716":{"t":"C150"},"9717":{"t":"C172"},"9718":{"t":"GC1"},"971A":{"t":"C182"},"971B":{"t":"GC1"},"971D":{"t":"GC1"},"971E":{"t":"GC1"},"9720":{"t":"C172"},"9721":{"t":"C25B"},"9723":{"t":"B737"},"9724":{"t":"T6"},"9728":{"t":"C150"},"972E":{"t":"P28A"},"9735":{"t":"M20P"},"9737":{"t":"C172"},"9739":{"t":"C150"},"973A":{"t":"GC1"},"973C":{"t":"C172"},"973E":{"t":"C172"},"9748":{"t":"C172"},"9749":{"desc":"A1P"},"974A":{"t":"P28A"},"974B":{"t":"C172"},"974F":{"t":"B737"},"9751":{"t":"P28A"},"9758":{"t":"M20P"},"975A":{"t":"C172"},"975B":{"t":"PA30"},"975D":{"t":"GC1"},"9760":{"t":"GC1"},"9765":{"t":"C172"},"9774":{"t":"P28A"},"9777":{"t":"R22"},"9778":{"t":"BL8"},"9779":{"desc":"H1P"},"977B":{"t":"M20P"},"9781":{"t":"GC1"},"9785":{"t":"GC1"},"9788":{"t":"GC1"},"978B":{"desc":"H1P"},"978D":{"desc":"L2P"},"978E":{"t":"PA22"},"9791":{"t":"C172"},"9792":{"t":"PA12"},"9793":{"t":"B737"},"9795":{"desc":"L2P"},"9798":{"t":"PA24"},"979A":{"t":"BE55"},"979E":{"t":"M20P"},"97A3":{"t":"GC1"},"97A4":{"t":"GC1"},"97A7":{"t":"C172"},"97A9":{"t":"GC1"},"97AA":{"t":"GLID"},"97AC":{"t":"C172"},"97AD":{"t":"C240"},"97AE":{"t":"C180"},"97B2":{"t":"C150"},"97B3":{"desc":"H1P"},"97B4":{"t":"C172"},"97B5":{"t":"PA12"},"97B9":{"t":"P46T"},"97BA":{"t":"P28A"},"97BB":{"t":"PA24"},"97BD":{"t":"BE36"},"97C1":{"t":"C77R"},"97C4":{"t":"PA30"},"97C6":{"t":"C172"},"97C7":{"t":"GC1"},"97C9":{"t":"C172"},"97CB":{"t":"C185"},"97CC":{"t":"C172"},"97CE":{"t":"GC1"},"97D0":{"t":"EN28"},"97D1":{"t":"B737"},"97D3":{"t":"P28A"},"97D5":{"t":"C150"},"97D7":{"t":"C172"},"97DA":{"t":"C180"},"97DD":{"t":"P28A"},"97DE":{"t":"PA24"},"97E3":{"t":"C150"},"97E5":{"t":"P28A"},"97E7":{"t":"PA30"},"97E9":{"t":"C172"},"97EA":{"t":"GC1"},"97EC":{"t":"GC1"},"97ED":{"t":"GC1"},"97EE":{"t":"C172"},"97F0":{"t":"C172"},"97F1":{"desc":"L1P"},"97F2":{"t":"GC1"},"97F3":{"t":"T34P"},"97F4":{"t":"BE95"},"97F6":{"t":"A320"},"97F7":{"t":"B738"},"97F8":{"t":"B350"},"97F9":{"t":"B06"},"97FE":{"t":"R44"},"97FF":{"t":"BE20"},"9800":{"t":"B788"},"9801":{"t":"B772"},"9802":{"t":"AT8T"},"9808":{"t":"B788"},"980C":{"desc":"L1P"},"9810":{"t":"AS50"},"9814":{"t":"C172"},"9816":{"t":"CL30"},"9826":{"desc":"L2T"},"9827":{"t":"P28A"},"9828":{"t":"C182"},"9829":{"t":"C650"},"982A":{"t":"SR22"},"982D":{"desc":"H4E"},"9830":{"t":"B744"},"9834":{"t":"C182"},"9844":{"t":"PA31"},"9846":{"t":"C182"},"9848":{"t":"M20P"},"984A":{"t":"PC12"},"984D":{"t":"ULAC"},"9851":{"t":"GLID"},"985F":{"desc":"H4E"},"9872":{"t":"AT8T"},"9875":{"t":"B752"},"9876":{"t":"C208"},"9878":{"desc":"H4E"},"987D":{"t":"C172"},"988A":{"t":"P28A"},"98AA":{"desc":"H4E"},"98BC":{"desc":"L1P","t":"ULAC"},"98BD":{"t":"C172"},"98BE":{"t":"M20T"},"98BF":{"t":"PC12"},"98CC":{"t":"SR20"},"98CD":{"t":"C25B"},"98D5":{"t":"BE55"},"98DB":{"desc":"L1P"},"98DE":{"desc":"L1P"},"98F5":{"desc":"H4E"},"9900":{"t":"S22T"},"9901":{"t":"PA44"},"9908":{"desc":"L2T"},"990D":{"t":"P28A"},"990F":{"t":"H500"},"9913":{"t":"E550"},"991B":{"desc":"L1P"},"9924":{"t":"PA44"},"9939":{"desc":"L1P"},"993A":{"desc":"H6E"},"9940":{"t":"SR22"},"9949":{"desc":"L1P"},"994B":{"desc":"H1P"},"9963":{"t":"CL30"},"996D":{"t":"S22T"},"9972":{"t":"C82R"},"9976":{"t":"S76"},"9977":{"t":"C182"},"9979":{"t":"F900"},"9985":{"t":"B737"},"9986":{"t":"GL5T"},"998A":{"desc":"L2J","t":"GLEX"},"998C":{"t":"R22"},"998E":{"t":"CRJ7"},"9991":{"t":"C172"},"9992":{"desc":"L4J"},"9994":{"t":"SR22"},"9996":{"t":"C550"},"999F":{"desc":"L1P"},"99A0":{"t":"BALL"},"99B2":{"t":"DC91"},"99B7":{"t":"B772"},"99F4":{"desc":"L1P"},"99F6":{"desc":"L1P"},"99FA":{"desc":"L1P"},"99FD":{"t":"C172"},"9A07":{"desc":"H4E"},"9A0A":{"t":"C750"},"9A1A":{"t":"BE23"},"9A25":{"t":"C441"},"9A41":{"desc":"H4E"},"9A4D":{"t":"GLID"},"9A4F":{"t":"P28A"},"9A50":{"t":"GLID"},"9A57":{"t":"B737"},"9A59":{"t":"P28A"},"9A5A":{"t":"PA24"},"9A5C":{"t":"BE35"},"9A5F":{"t":"C172"},"9A60":{"t":"M20P"},"9A61":{"t":"P28A"},"9A62":{"t":"C172"},"9A63":{"t":"PA30"},"9A64":{"t":"C150"},"9A69":{"t":"GC1"},"9A6C":{"t":"C172"},"9A6E":{"t":"GC1"},"9A6F":{"desc":"A2P"},"9A70":{"t":"C180"},"9A72":{"t":"P28A"},"9A74":{"t":"C150"},"9A75":{"t":"C150"},"9A79":{"t":"C180"},"9A7A":{"t":"B737"},"9A7C":{"t":"P28A"},"9A7D":{"t":"PA24"},"9A7F":{"t":"BE55"},"9A81":{"t":"C172"},"9A8D":{"t":"C172"},"9A8F":{"desc":"L1P"},"9A90":{"t":"GC1"},"9A91":{"t":"C172"},"9A93":{"t":"B737"},"9A96":{"t":"PA22"},"9A9C":{"t":"C180"},"9A9E":{"t":"SR22"},"9AA0":{"t":"PA24"},"9AA5":{"t":"C172"},"9AA6":{"t":"M20P"},"9AAC":{"t":"C172"},"9AAE":{"t":"GC1"},"9AB0":{"t":"GC1"},"9AB3":{"t":"C172"},"9AB6":{"t":"B737"},"9AB7":{"t":"PA20"},"9AB9":{"t":"PA22"},"9ABB":{"t":"C150"},"9ABC":{"t":"C172"},"9ABD":{"t":"PA12"},"9AC2":{"t":"P28A"},"9AC5":{"t":"BE55"},"9AC9":{"t":"M20P"},"9ACA":{"t":"P28A"},"9ACD":{"t":"C150"},"9ACE":{"t":"GC1"},"9ACF":{"t":"GC1"},"9AD5":{"t":"GC1"},"9AD6":{"t":"GC1"},"9AD7":{"t":"C172"},"9AD9":{"t":"B737"},"9ADB":{"t":"P28R"},"9ADC":{"t":"PA22"},"9AE5":{"t":"P28A"},"9AEA":{"t":"P32T"},"9AEC":{"t":"M20P"},"9AED":{"t":"P28A"},"9AEE":{"t":"C172"},"9AF1":{"t":"C172"},"9AF3":{"t":"C172"},"9AF5":{"t":"GC1"},"9AF8":{"t":"GC1"},"9AF9":{"t":"GC1"},"9AFA":{"t":"C172"},"9AFC":{"t":"B737"},"9AFD":{"t":"AR11"},"9AFE":{"desc":"L1P"},"9B01":{"t":"P28A"},"9B06":{"desc":"L1P"},"9B08":{"t":"P28A"},"9B0E":{"t":"C172"},"9B0F":{"t":"M20P"},"9B10":{"t":"P28A"},"9B13":{"t":"C150"},"9B15":{"t":"GC1"},"9B17":{"t":"C172"},"9B18":{"t":"C172"},"9B1A":{"t":"GC1"},"9B1D":{"desc":"L1P"},"9B1F":{"desc":"L1P"},"9B20":{"t":"B737"},"9B25":{"t":"C182"},"9B29":{"desc":"L2P"},"9B30":{"desc":"L1P"},"9B31":{"t":"C172"},"9B32":{"t":"M20P"},"9B35":{"t":"PA30"},"9B38":{"t":"GC1"},"9B3D":{"t":"C172"},"9B3E":{"t":"GC1"},"9B42":{"t":"B737"},"9B44":{"desc":"L1P"},"9B45":{"t":"PA22"},"9B46":{"t":"C150"},"9B48":{"t":"C150"},"9B4B":{"t":"C180"},"9B4E":{"t":"P28A"},"9B4F":{"t":"PA24"},"9B53":{"t":"C172"},"9B54":{"t":"C172"},"9B55":{"t":"M20P"},"9B56":{"t":"P28A"},"9B57":{"t":"C172"},"9B58":{"t":"PA30"},"9B5A":{"t":"GC1"},"9B5E":{"t":"GC1"},"9B5F":{"t":"GC1"},"9B60":{"t":"GC1"},"9B61":{"t":"GC1"},"9B63":{"t":"GC1"},"9B64":{"desc":"L1P"},"9B65":{"t":"B737"},"9B68":{"t":"PA22"},"9B6A":{"t":"C150"},"9B6E":{"t":"C180"},"9B70":{"desc":"L1T","t":"M600"},"9B71":{"t":"P28A"},"9B72":{"t":"PA24"},"9B74":{"t":"BE35"},"9B76":{"t":"C172"},"9B78":{"t":"M20P"},"9B79":{"t":"P28A"},"9B7A":{"t":"C172"},"9B7B":{"t":"PA30"},"9B7C":{"t":"C150"},"9B7D":{"t":"GC1"},"9B7F":{"t":"GC1"},"9B82":{"t":"B738"},"9B83":{"t":"C172"},"9B84":{"t":"GC1"},"9B85":{"t":"GC1"},"9B87":{"desc":"L1P"},"9B89":{"t":"B737"},"9B8A":{"t":"T34P"},"9B8C":{"t":"C150"},"9B8E":{"t":"C172"},"9B8F":{"t":"PA12"},"9B94":{"t":"P28A"},"9B95":{"t":"PA24"},"9B96":{"t":"C310"},"9B99":{"t":"C172"},"9B9B":{"t":"M20P"},"9B9C":{"t":"P28A"},"9B9D":{"t":"C172"},"9B9F":{"t":"C150"},"9BA0":{"t":"GC1"},"9BA3":{"t":"GC1"},"9BA5":{"t":"C172"},"9BA9":{"t":"C172"},"9BAE":{"t":"R44"},"9BB0":{"t":"B06"},"9BB4":{"t":"AA5"},"9BB5":{"t":"R44"},"9BB6":{"t":"BE20"},"9BB7":{"t":"B788"},"9BB8":{"t":"B772"},"9BBC":{"t":"AT8T"},"9BBD":{"t":"BALL"},"9BBF":{"t":"B788"},"9BC1":{"t":"B762"},"9BC4":{"t":"BE95"},"9BC6":{"t":"TBM7"},"9BC7":{"t":"AS50"},"9BCB":{"t":"C172"},"9BE1":{"t":"SR20"},"9BE5":{"t":"GLID"},"9BE7":{"t":"B763"},"9BEB":{"t":"C182"},"9BEE":{"t":"UH1"},"9BF9":{"t":"C25A"},"9BFD":{"t":"C172"},"9C01":{"t":"C525"},"9C0F":{"t":"C180"},"9C10":{"t":"C172"},"9C1B":{"t":"B350"},"9C1D":{"t":"C172"},"9C29":{"t":"AT8T"},"9C2A":{"desc":"H1T"},"9C2C":{"t":"B752"},"9C2D":{"t":"C208"},"9C34":{"t":"C172"},"9C39":{"t":"F2TH"},"9C43":{"desc":"L1P"},"9C52":{"desc":"L1P"},"9C65":{"t":"C650"},"9C73":{"desc":"L1P","t":"ULAC"},"9C75":{"desc":"L1P"},"9C7F":{"t":"SR22"},"9C81":{"desc":"L1P"},"9C83":{"t":"B58T"},"9C84":{"t":"C25B"},"9C85":{"t":"HDJT"},"9C8D":{"t":"SR22"},"9CA1":{"t":"B772"},"9CAF":{"t":"PA22"},"9CB8":{"t":"PA44"},"9CBF":{"desc":"L2T"},"9CC0":{"t":"C425"},"9CC8":{"t":"S22T"},"9CCA":{"t":"E190"},"9CCF":{"desc":"L1P"},"9CDB":{"t":"PA44"},"9CDE":{"t":"PC12"},"9CF3":{"t":"PC12"},"9D02":{"t":"BE55"},"9D1A":{"t":"CL30"},"9D22":{"desc":"L1P"},"9D26":{"desc":"H1P"},"9D2B":{"t":"SR22"},"9D2D":{"t":"S76"},"9D30":{"t":"RV12"},"9D36":{"desc":"L1P"},"9D3C":{"t":"B742"},"9D3E":{"t":"C82T"},"9D41":{"t":"C172"},"9D43":{"t":"R22"},"9D45":{"t":"CRJ7"},"9D46":{"t":"FA7X"},"9D47":{"desc":"L1P"},"9D48":{"t":"MD11"},"9D49":{"t":"B752"},"9D4B":{"t":"SR22"},"9D50":{"t":"B737"},"9D52":{"t":"M20P"},"9D55":{"t":"R44"},"9D56":{"t":"BRAV"},"9D5C":{"t":"GLID"},"9D60":{"t":"BE35"},"9D62":{"t":"BALL"},"9D66":{"t":"UH12"},"9D69":{"t":"DC91"},"9D6B":{"t":"R44"},"9D6E":{"t":"B772"},"9D86":{"desc":"L1P"},"9DB4":{"t":"C182"},"9DC1":{"t":"C750"},"9DEB":{"t":"B350"},"9DEE":{"desc":"H4E"},"9E0A":{"t":"C172"},"9E0D":{"t":"C180"},"9E10":{"t":"P28A"},"9E15":{"t":"C172"},"9E16":{"t":"C172"},"9E18":{"t":"P28A"},"9E1A":{"t":"PA30"},"9E1B":{"t":"C150"},"9E1C":{"t":"GC1"},"9E1E":{"t":"C172"},"9E1F":{"t":"C172"},"9E21":{"t":"C172"},"9E26":{"desc":"L1P"},"9E27":{"desc":"L1P"},"9E28":{"t":"B737"},"9E2C":{"t":"C150"},"9E33":{"t":"P28A"},"9E39":{"t":"C172"},"9E3C":{"t":"C172"},"9E3F":{"t":"GC1"},"9E40":{"t":"GC1"},"9E41":{"t":"C172"},"9E43":{"t":"GC1"},"9E44":{"t":"GC1"},"9E45":{"t":"GC1"},"9E46":{"t":"GC1"},"9E4A":{"t":"B737"},"9E4D":{"t":"PA22"},"9E57":{"t":"PA24"},"9E59":{"t":"BE35"},"9E5A":{"t":"B47G"},"9E5B":{"t":"C172"},"9E5C":{"t":"C172"},"9E5D":{"t":"M20P"},"9E5E":{"t":"P28A"},"9E61":{"t":"C150"},"9E62":{"t":"GC1"},"9E63":{"t":"GC1"},"9E66":{"t":"GC1"},"9E67":{"t":"GC1"},"9E68":{"t":"GC1"},"9E6A":{"t":"GC1"},"9E6B":{"t":"PA27"},"9E6D":{"t":"B737"},"9E6E":{"t":"PA24"},"9E6F":{"desc":"L1P"},"9E71":{"t":"C150"},"9E73":{"t":"C172"},"9E74":{"t":"C152"},"9E78":{"t":"C172"},"9E79":{"t":"P28A"},"9E7A":{"t":"PA24"},"9E7D":{"desc":"H4E"},"9E7E":{"t":"C172"},"9E7F":{"t":"C172"},"9E81":{"t":"P28A"},"9E85":{"t":"C172"},"9E86":{"t":"C172"},"9E87":{"t":"C172"},"9E88":{"desc":"L1P"},"9E8A":{"t":"C172"},"9E8D":{"t":"C172"},"9E8E":{"t":"C172"},"9E96":{"t":"C172"},"9E97":{"t":"PA12"},"9E99":{"t":"C180"},"9E9C":{"t":"P28A"},"9E9D":{"t":"PA24"},"9EA1":{"t":"C172"},"9EA2":{"t":"C172"},"9EA3":{"t":"M20P"},"9EA4":{"t":"P28A"},"9EA6":{"t":"PA30"},"9EA7":{"t":"C150"},"9EA8":{"t":"C182"},"9EA9":{"t":"C172"},"9EAD":{"desc":"L2P","t":"AC50"},"9EB1":{"t":"C172"},"9EB3":{"t":"B737"},"9EB4":{"t":"ST75"},"9EB5":{"desc":"L1P"},"9EB7":{"t":"C150"},"9EBB":{"desc":"L1P"},"9EBE":{"t":"C182"},"9EBF":{"t":"P28A"},"9EC1":{"t":"C310"},"9EC4":{"t":"C172"},"9EC5":{"t":"C172"},"9EC6":{"t":"BE35"},"9EC9":{"t":"PA30"},"9ECC":{"t":"C172"},"9ECE":{"t":"TAYA"},"9ED0":{"t":"C172"},"9ED3":{"t":"C172"},"9ED4":{"t":"C172"},"9ED6":{"t":"B737"},"9EDF":{"t":"C170"},"9EE2":{"t":"P28A"},"9EE3":{"t":"PA24"},"9EE6":{"t":"B47G"},"9EEA":{"desc":"L1P"},"9EEB":{"t":"C172"},"9EED":{"t":"C150"},"9EEF":{"desc":"L2J"},"9EF5":{"t":"C172"},"9EFE":{"t":"C150"},"9EFF":{"t":"C172"},"9F00":{"t":"PA12"},"9F04":{"t":"M20P"},"9F06":{"t":"PA24"},"9F08":{"t":"BE55"},"9F0B":{"t":"C172"},"9F0D":{"t":"P28A"},"9F10":{"t":"C150"},"9F12":{"t":"C172"},"9F19":{"t":"T28"},"9F1A":{"desc":"L2P"},"9F1C":{"t":"B737"},"9F21":{"t":"C150"},"9F25":{"t":"C180"},"9F28":{"t":"P28A"},"9F2F":{"t":"M20P"},"9F30":{"t":"P28A"},"9F33":{"t":"C150"},"9F39":{"t":"C172"},"9F3C":{"t":"C172"},"9F3F":{"t":"B737"},"9F42":{"t":"PA22"},"9F45":{"t":"C172"},"9F4B":{"t":"P28A"},"9F4E":{"t":"BE55"},"9F52":{"t":"M20P"},"9F54":{"t":"C172"},"9F5C":{"t":"C172"},"9F62":{"desc":"L1P"},"9F63":{"t":"BE35"},"9F65":{"t":"C182"},"9F6A":{"t":"GLF6"},"9F6C":{"t":"R44"},"9F6E":{"t":"LJ31"},"9F6F":{"t":"B772"},"9F70":{"t":"B350"},"9F73":{"t":"P28R"},"9F74":{"desc":"H8E"},"9F76":{"t":"B788"},"9F77":{"t":"C185"},"9F78":{"t":"B762"},"9F7E":{"t":"B772"},"9F7F":{"desc":"H4E"},"9F82":{"t":"C172"},"9F94":{"t":"PA46"},"9F96":{"t":"S22T"},"9F97":{"t":"LJ45"},"9F98":{"t":"SR22"},"9FA0":{"desc":"L1P"},"9FA4":{"t":"C172"},"9FB0":{"desc":"L1P"},"9FB2":{"desc":"L1P"},"9FB3":{"desc":"H1P"},"9FB6":{"t":"C210"},"9FB9":{"desc":"L1P"},"9FBD":{"t":"C182"},"9FBE":{"t":"SR20"},"9FE3":{"t":"B752"},"9FE4":{"t":"C208"},"9FF8":{"t":"C182"},"9FF9":{"desc":"L2P"},"C01E":{"t":"C182"},"C034":{"desc":"H1T"},"C043":{"t":"BE58"},"C04C":{"t":"C560"},"C054":{"t":"BALL"},"C06D":{"t":"HUSK"},"C073":{"desc":"H1T"},"C079":{"desc":"L1E"},"C086":{"desc":"L1P"},"C087":{"desc":"L1T","t":"PA46"},"C089":{"desc":"A1P"},"C08A":{"t":"C172"},"C094":{"t":"GA5C"},"C098":{"desc":"L1P"},"C0A3":{"t":"PA44"},"C0B7":{"desc":"H4E"},"C0BF":{"t":"SR22"},"C0C9":{"t":"SR22"},"C0D1":{"t":"BE55"},"C0E2":{"t":"CL30"},"C0ED":{"t":"M20P"},"C0F0":{"desc":"H1E"},"C0FE":{"t":"RV12"},"C104":{"t":"C172"},"C106":{"t":"GLID"},"C10D":{"t":"CRJ7"},"C10E":{"desc":"L1P"},"C111":{"t":"C172"},"C113":{"t":"SR22"},"C118":{"t":"B737"},"C11C":{"t":"CH7A"},"C122":{"t":"BE20"},"C128":{"t":"SR22"},"C131":{"t":"GLID"},"C132":{"desc":"L1J"},"C136":{"t":"B772"},"C189":{"t":"C750"},"C1CD":{"t":"C172"},"C1D1":{"t":"C150"},"C1D4":{"t":"S22T"},"C1D5":{"t":"BE35"},"C1D6":{"t":"BE24"},"C1D7":{"t":"BE36"},"C1D8":{"t":"P28A"},"C1D9":{"t":"PA24"},"C1DC":{"t":"B47G"},"C1DE":{"t":"C172"},"C1E0":{"t":"P28A"},"C1E3":{"t":"C150"},"C1E4":{"t":"C172"},"C1E5":{"t":"C172"},"C1E6":{"t":"C172"},"C1E7":{"t":"C172"},"C1E8":{"t":"C172"},"C1EB":{"t":"C172"},"C1ED":{"t":"C172"},"C1F1":{"t":"R44"},"C1F2":{"t":"BE35"},"C1F5":{"t":"C172"},"C1F6":{"t":"PA12"},"C1F8":{"t":"BE35"},"C1FA":{"t":"BE35"},"C1FB":{"t":"P28A"},"C1FE":{"t":"BE33"},"C203":{"t":"P28A"},"C209":{"t":"C172"},"C20A":{"t":"C172"},"C20E":{"t":"C172"},"C210":{"t":"C172"},"C213":{"t":"C172"},"C214":{"t":"C182"},"C21B":{"t":"BE35"},"C21D":{"t":"BE35"},"C21E":{"t":"P28A"},"C21F":{"t":"PA24"},"C223":{"t":"C175"},"C224":{"t":"C150"},"C226":{"t":"P28A"},"C228":{"t":"PA30"},"C229":{"t":"C150"},"C22A":{"t":"C172"},"C22C":{"t":"C172"},"C22E":{"t":"C172"},"C231":{"t":"C172"},"C232":{"t":"C172"},"C236":{"t":"C172"},"C239":{"t":"C150"},"C23C":{"t":"PA12"},"C23F":{"t":"BE19"},"C241":{"t":"P28A"},"C242":{"t":"PA24"},"C246":{"t":"C175"},"C247":{"t":"C172"},"C250":{"t":"C172"},"C251":{"t":"C172"},"C255":{"t":"C172"},"C256":{"t":"C172"},"C257":{"desc":"L1P"},"C25B":{"t":"BE35"},"C25E":{"t":"C172"},"C25F":{"t":"PA12"},"C265":{"t":"PA24"},"C26A":{"t":"C172"},"C26C":{"t":"P28A"},"C26F":{"t":"C150"},"C271":{"t":"C172"},"C274":{"t":"C172"},"C276":{"t":"C172"},"C277":{"t":"TAYD"},"C278":{"t":"C172"},"C279":{"t":"C172"},"C27A":{"desc":"L1P"},"C27C":{"t":"C172"},"C27E":{"t":"BE35"},"C282":{"t":"PA12"},"C283":{"t":"B47G"},"C284":{"t":"BE33"},"C285":{"t":"BE24"},"C286":{"t":"BE55"},"C288":{"t":"PA24"},"C289":{"t":"C402"},"C28A":{"t":"BE35"},"C28E":{"t":"C180"},"C296":{"t":"C182"},"C298":{"t":"C172"},"C299":{"t":"C172"},"C29E":{"t":"GLID"},"C29F":{"t":"C172"},"C2A1":{"t":"BE35"},"C2A2":{"t":"C150"},"C2A3":{"t":"C150"},"C2A4":{"t":"C172"},"C2A7":{"t":"BE35"},"C2B1":{"t":"C180"},"C2B6":{"t":"C188"},"C2B9":{"t":"C172"},"C2BA":{"t":"C172"},"C2BE":{"t":"C172"},"C2BF":{"t":"C172"},"C2C0":{"desc":"A2P"},"C2C1":{"desc":"L1P"},"C2C7":{"t":"C150"},"C2CE":{"t":"PA24"},"C2D0":{"t":"BE33"},"C2D1":{"t":"SR20"},"C2D2":{"t":"C175"},"C2D5":{"t":"P28A"},"C2D6":{"t":"C172"},"C2D8":{"t":"C150"},"C2D9":{"t":"C172"},"C2DD":{"t":"C172"},"C2DE":{"t":"C172"},"C2DF":{"t":"C172"},"C2E0":{"t":"C172"},"C2E2":{"t":"B738"},"C2E5":{"t":"C172"},"C2E6":{"t":"P28A"},"C2E7":{"t":"BE35"},"C2E9":{"t":"C150"},"C2EE":{"t":"BE24"},"C2F1":{"t":"PA24"},"C2F2":{"t":"C310"},"C2F3":{"t":"BE55"},"C2F4":{"t":"B47G"},"C2F6":{"t":"C150"},"C2F7":{"t":"C180"},"C2FA":{"t":"PA30"},"C2FF":{"t":"C172"},"C300":{"t":"C172"},"C302":{"t":"C172"},"C308":{"t":"C172"},"C30D":{"t":"C182"},"C30E":{"t":"PA12"},"C312":{"t":"BE33"},"C314":{"t":"PA24"},"C318":{"t":"C175"},"C31A":{"t":"C180"},"C31B":{"t":"P28A"},"C31D":{"t":"PA30"},"C325":{"t":"C172"},"C326":{"t":"C182"},"C327":{"t":"J3"},"C32A":{"t":"P28A"},"C32B":{"t":"C501"},"C334":{"t":"C185"},"C336":{"t":"AS50"},"C337":{"t":"B772"},"C338":{"t":"GL5T"},"C33E":{"t":"B788"},"C340":{"t":"B762"},"C343":{"t":"CH7A"},"C346":{"t":"C560"},"C351":{"t":"B407"},"C360":{"t":"SR22"},"C363":{"t":"F2TH"},"C365":{"t":"C525"},"C366":{"t":"B742"},"C36A":{"t":"GLF5"},"C36E":{"t":"CL60"},"C375":{"t":"BE35"},"C378":{"t":"BE20"},"C381":{"desc":"H4E"},"C386":{"t":"C337"},"C39E":{"t":"DA42"},"C3AB":{"t":"B752"},"C3AC":{"t":"C208"},"C3B8":{"t":"B350"},"C3C0":{"t":"GLID"},"C3C8":{"desc":"H1P"},"C3C9":{"desc":"H4E"},"C3DA":{"desc":"H4E"},"C3DF":{"t":"T206"},"C3EB":{"desc":"H2T"},"C3EE":{"desc":"H6E"},"C3F3":{"desc":"L1P","t":"ULAC"},"C3F4":{"t":"A320"},"C3FA":{"t":"S22T"},"C403":{"t":"C560"},"C40D":{"t":"SR22"},"C415":{"t":"F2TH"},"C424":{"t":"CH7A"},"C430":{"t":"BE35"},"C434":{"desc":"L1P","t":"ULAC"},"C43D":{"desc":"L1P"},"C444":{"t":"GLF5"},"C44E":{"desc":"L1P"},"C45A":{"t":"PA44"},"C46F":{"t":"BE9L"},"C481":{"t":"C172"},"C488":{"desc":"L1P"},"C499":{"t":"CL30"},"C4A4":{"t":"H25B"},"C4A8":{"t":"BE58"},"C4AB":{"desc":"L1P"},"C4B5":{"t":"RV12"},"C4BB":{"t":"B737"},"C4BC":{"t":"BE35"},"C4C0":{"t":"B407"},"C4C4":{"t":"CRJ7"},"C4C8":{"t":"C172"},"C4CA":{"desc":"A1P","t":"ULAC"},"C4D5":{"t":"BE40"},"C4D6":{"t":"BALL"},"C4DC":{"desc":"L1P"},"C4E8":{"desc":"L1P","t":"ULAC"},"C4E9":{"desc":"L1J"},"C4ED":{"t":"B772"},"C4FD":{"t":"DA40"},"C505":{"desc":"L1P"},"C537":{"t":"GL5T"},"C540":{"t":"C750"},"C550":{"t":"BE23"},"C553":{"desc":"H8E"},"C582":{"t":"G164"},"C584":{"t":"C172"},"C586":{"t":"BE35"},"C587":{"t":"C150"},"C588":{"t":"P28A"},"C589":{"t":"C150"},"C58A":{"t":"PA12"},"C58D":{"t":"BE24"},"C58F":{"t":"P28A"},"C590":{"t":"PA24"},"C596":{"t":"C180"},"C597":{"t":"P28A"},"C599":{"t":"PA30"},"C59D":{"t":"C172"},"C5A1":{"t":"C172"},"C5A2":{"t":"FA62"},"C5A3":{"t":"C172"},"C5A9":{"t":"BE9L"},"C5AD":{"t":"PA12"},"C5AF":{"desc":"L1P","t":"ULAC"},"C5B0":{"t":"BE24"},"C5B2":{"t":"P28A"},"C5B7":{"t":"C175"},"C5B9":{"t":"C172"},"C5BC":{"t":"PA30"},"C5BE":{"t":"C172"},"C5C0":{"t":"C172"},"C5C2":{"t":"C172"},"C5C3":{"t":"C172"},"C5C4":{"t":"C172"},"C5C5":{"t":"C182"},"C5C6":{"t":"C172"},"C5C9":{"t":"ST75"},"C5CF":{"t":"C150"},"C5D4":{"t":"BE35"},"C5D5":{"t":"P28A"},"C5D8":{"t":"BE35"},"C5DB":{"t":"C150"},"C5DD":{"t":"P28A"},"C5E2":{"t":"C172"},"C5E4":{"t":"C172"},"C5E5":{"t":"C182"},"C5E6":{"t":"C172"},"C5E7":{"t":"M20P"},"C5E8":{"t":"M20P"},"C5EA":{"t":"M20P"},"C5EC":{"t":"B738"},"C5ED":{"t":"C172"},"C5EE":{"t":"P28A"},"C5F2":{"t":"C150"},"C5F3":{"t":"PA12"},"C5F5":{"t":"BE35"},"C5F8":{"t":"P28A"},"C5F9":{"t":"PA24"},"C5FA":{"t":"C310"},"C5FB":{"t":"BE35"},"C5FD":{"t":"C175"},"C5FE":{"t":"C150"},"C5FF":{"t":"C180"},"C604":{"t":"M20P"},"C605":{"t":"PA34"},"C607":{"t":"M20T"},"C608":{"t":"M20P"},"C609":{"t":"M20P"},"C60A":{"t":"M20P"},"C60B":{"t":"M20P"},"C60C":{"t":"M20P"},"C60D":{"desc":"L1P"},"C613":{"t":"C150"},"C614":{"t":"C150"},"C615":{"t":"C172"},"C618":{"t":"BE55"},"C61E":{"t":"BE36"},"C621":{"t":"C172"},"C623":{"t":"P28A"},"C624":{"t":"C172"},"C626":{"t":"C150"},"C627":{"t":"M20P"},"C628":{"t":"M20P"},"C62B":{"t":"M20P"},"C62D":{"t":"M20P"},"C62E":{"t":"M20P"},"C633":{"t":"C172"},"C634":{"t":"P28R"},"C636":{"t":"C150"},"C637":{"t":"C150"},"C639":{"t":"BE33"},"C63B":{"t":"BE33"},"C63E":{"t":"P28A"},"C63F":{"t":"PA24"},"C640":{"t":"C310"},"C641":{"t":"BE35"},"C646":{"t":"P28A"},"C649":{"t":"C150"},"C64A":{"t":"M20P"},"C64B":{"t":"M20P"},"C651":{"t":"M20P"},"C652":{"t":"M20P"},"C653":{"t":"M20P"},"C655":{"t":"BE36"},"C657":{"t":"S58P"},"C658":{"t":"BE35"},"C65B":{"t":"C172"},"C65E":{"t":"BE35"},"C662":{"t":"PA24"},"C664":{"t":"BE35"},"C665":{"t":"B47G"},"C668":{"t":"C180"},"C669":{"t":"P28A"},"C66D":{"t":"M20P"},"C66E":{"t":"M20P"},"C670":{"t":"M20P"},"C672":{"t":"M20P"},"C675":{"t":"M20P"},"C67B":{"t":"BE35"},"C67D":{"t":"C150"},"C682":{"t":"BE23"},"C685":{"t":"PA24"},"C689":{"t":"C175"},"C68B":{"t":"C180"},"C68C":{"t":"P28A"},"C68F":{"t":"C150"},"C694":{"t":"M20P"},"C698":{"t":"M20P"},"C69D":{"t":"P28A"},"C69E":{"t":"BE35"},"C6A0":{"t":"C150"},"C6A1":{"t":"C172"},"C6A4":{"t":"BE35"},"C6A6":{"t":"BE95"},"C6A8":{"t":"PA24"},"C6AA":{"t":"BE33"},"C6AD":{"t":"C172"},"C6AE":{"t":"C180"},"C6AF":{"t":"P28A"},"C6B1":{"t":"PA30"},"C6B2":{"t":"C150"},"C6B3":{"t":"M20P"},"C6B5":{"t":"M20P"},"C6B6":{"t":"M20P"},"C6BA":{"t":"M20P"},"C6BB":{"t":"M20P"},"C6BF":{"t":"C172"},"C6C4":{"t":"C172"},"C6C9":{"t":"BE95"},"C6CA":{"t":"P28A"},"C6CB":{"t":"PA24"},"C6CF":{"t":"C175"},"C6D1":{"t":"C180"},"C6D2":{"t":"P28A"},"C6D3":{"t":"C172"},"C6D5":{"t":"C150"},"C6D6":{"t":"M20P"},"C6D7":{"t":"M20P"},"C6D9":{"t":"M20P"},"C6DB":{"t":"M20P"},"C6DD":{"t":"M20P"},"C6DE":{"t":"FA62"},"C6DF":{"t":"M20P"},"C6E0":{"desc":"A1P"},"C6E1":{"t":"P28A"},"C6E2":{"t":"LJ60"},"C6EA":{"t":"B722"},"C6EB":{"desc":"L1P"},"C6ED":{"t":"AS50"},"C6EE":{"t":"B772"},"C6EF":{"t":"SR22"},"C6F5":{"t":"B788"},"C6F7":{"t":"B762"},"C6FD":{"t":"E545"},"C704":{"t":"P28A"},"C708":{"t":"B407"},"C714":{"t":"C182"},"C715":{"t":"BE33"},"C719":{"t":"UH1"},"C71B":{"desc":"L1P"},"C71D":{"t":"B742"},"C721":{"t":"DH8D"},"C725":{"t":"C172"},"C72F":{"t":"P32T"},"C735":{"desc":"L1P"},"C738":{"t":"A119"},"C73D":{"desc":"L1P"},"C755":{"desc":"L1P"},"C762":{"t":"B752"},"C763":{"t":"C208"},"C777":{"t":"GLID"},"C790":{"desc":"L1P"},"C7AB":{"t":"A320"},"C7BA":{"t":"C25B"},"C7BE":{"desc":"L1P"},"C7D3":{"t":"GLID"},"C7F5":{"t":"MU2"},"C7F9":{"t":"GLF3"},"C7FC":{"t":"GLF4"},"C811":{"t":"PA44"},"C826":{"desc":"H2T"},"C829":{"t":"C414"},"C82C":{"t":"C525"},"C84B":{"desc":"L1E"},"C850":{"t":"CL30"},"C85B":{"t":"CL30"},"C860":{"t":"ULAC"},"C869":{"t":"M20T"},"C871":{"desc":"L1P"},"C872":{"t":"C82S"},"C873":{"t":"CL60"},"C874":{"t":"CL60"},"C875":{"t":"BE9L"},"C87B":{"t":"CRJ7"},"C87E":{"desc":"L1E"},"C886":{"t":"B737"},"C88D":{"t":"BALL"},"C892":{"t":"H25B"},"C89F":{"desc":"H4E"},"C8A0":{"desc":"L1J"},"C8A4":{"t":"B772"},"C8B5":{"t":"B350"},"C8BD":{"desc":"A1P"},"C8F0":{"t":"H60"},"C8F7":{"t":"C750"},"C909":{"t":"H60"},"C919":{"t":"R44"},"C922":{"t":"H60"},"C939":{"t":"ULAC"},"C93B":{"t":"C172"},"C93E":{"t":"C150"},"C93F":{"t":"C150"},"C943":{"t":"EC30"},"C944":{"t":"BE23"},"C946":{"t":"P28A"},"C949":{"desc":"H4E"},"C950":{"t":"PA30"},"C954":{"t":"B739"},"C95A":{"t":"C182"},"C95E":{"t":"C172"},"C960":{"t":"BE35"},"C962":{"t":"C150"},"C963":{"t":"C172"},"C964":{"t":"PA12"},"C969":{"t":"P28A"},"C96A":{"t":"PA24"},"C96C":{"t":"BE35"},"C96E":{"t":"C175"},"C971":{"t":"P28A"},"C972":{"t":"C172"},"C974":{"t":"C150"},"C975":{"t":"C172"},"C977":{"t":"C172"},"C97B":{"t":"C172"},"C97C":{"t":"C172"},"C97D":{"t":"C172"},"C981":{"t":"C172"},"C982":{"t":"P32R"},"C986":{"t":"C172"},"C989":{"t":"BE33"},"C98A":{"t":"BE24"},"C991":{"t":"C175"},"C993":{"t":"C180"},"C996":{"t":"PA30"},"C997":{"t":"C150"},"C998":{"t":"C172"},"C999":{"t":"C172"},"C99C":{"t":"C182"},"C99D":{"t":"C150"},"C9A0":{"t":"C172"},"C9A1":{"t":"C172"},"C9A4":{"t":"C172"},"C9A6":{"t":"BE35"},"C9A8":{"t":"C150"},"C9AC":{"t":"BE33"},"C9AE":{"t":"BE33"},"C9B0":{"t":"PA24"},"C9B2":{"t":"BE35"},"C9B6":{"desc":"L1P"},"C9B7":{"t":"P28A"},"C9B9":{"t":"PA30"},"C9BA":{"t":"C150"},"C9BC":{"t":"C172"},"C9BD":{"t":"C172"},"C9BF":{"t":"C172"},"C9C0":{"t":"C172"},"C9C1":{"t":"C172"},"C9C4":{"t":"C182"},"C9C6":{"desc":"L1P"},"C9C7":{"t":"C172"},"C9C8":{"t":"P28A"},"C9CC":{"t":"C172"},"C9CD":{"t":"PA12"},"C9CF":{"t":"BE35"},"C9D2":{"t":"P28A"},"C9D3":{"t":"PA24"},"C9DA":{"t":"P28A"},"C9DD":{"t":"C150"},"C9DE":{"t":"C172"},"C9E0":{"t":"C172"},"C9E3":{"t":"C172"},"C9E5":{"t":"C172"},"C9E6":{"t":"C172"},"C9E9":{"t":"BE35"},"C9EA":{"desc":"L1P"},"C9F2":{"t":"BE35"},"C9F3":{"t":"BE19"},"C9F4":{"t":"BE33"},"C9F5":{"t":"P28A"},"C9F6":{"t":"PA24"},"C9FC":{"t":"C180"},"C9FD":{"t":"P28A"},"C9FF":{"t":"PA30"},"CA01":{"t":"C172"},"CA04":{"t":"C172"},"CA05":{"t":"C172"},"CA09":{"desc":"L1P"},"CA0A":{"t":"C182"},"CA0D":{"t":"C172"},"CA0E":{"t":"B25"},"CA11":{"t":"C150"},"CA12":{"t":"C172"},"CA15":{"t":"BE35"},"CA17":{"t":"BE35"},"CA18":{"t":"P28A"},"CA19":{"t":"PA24"},"CA1B":{"t":"BE55"},"CA1D":{"t":"C175"},"CA1E":{"t":"C172"},"CA20":{"t":"P28A"},"CA27":{"t":"C182"},"CA2A":{"t":"ST75"},"CA2B":{"t":"C182"},"CA2C":{"t":"C172"},"CA30":{"t":"C172"},"CA31":{"t":"B25"},"CA35":{"t":"C172"},"CA3C":{"t":"PA24"},"CA40":{"t":"C175"},"CA44":{"desc":"L1P"},"CA49":{"t":"C172"},"CA4C":{"t":"C172"},"CA4E":{"t":"C172"},"CA4F":{"t":"C172"},"CA50":{"t":"C172"},"CA53":{"t":"C172"},"CA5E":{"t":"P28A"},"CA5F":{"t":"PA24"},"CA61":{"t":"BE55"},"CA63":{"t":"C175"},"CA66":{"t":"P28A"},"CA69":{"t":"C150"},"CA6A":{"t":"ST75"},"CA6C":{"t":"C172"},"CA6E":{"t":"BE17"},"CA72":{"t":"C172"},"CA73":{"t":"C172"},"CA74":{"t":"PA18"},"CA75":{"t":"B738"},"CA79":{"t":"C150"},"CA7A":{"t":"C150"},"CA7C":{"t":"PA12"},"CA7E":{"t":"BE35"},"CA81":{"t":"P28A"},"CA82":{"t":"PA24"},"CA86":{"t":"C175"},"CA8B":{"t":"PA30"},"CA8C":{"t":"C150"},"CA90":{"t":"C172"},"CA93":{"desc":"L1P"},"CA95":{"t":"C172"},"CA96":{"t":"C172"},"CA98":{"desc":"L1T","t":"PA46"},"CA99":{"t":"BE33"},"CA9A":{"t":"BE58"},"CA9B":{"t":"BL8"},"CAA2":{"t":"PA18"},"CAA4":{"t":"SR22"},"CAA5":{"t":"B772"},"CAAA":{"t":"S22T"},"CAAC":{"t":"B788"},"CAAE":{"t":"B762"},"CAB1":{"t":"BE35"},"CAB2":{"t":"GLF5"},"CABF":{"t":"B407"},"CAC1":{"desc":"L1P"},"CACA":{"t":"HUSK"},"CAD0":{"t":"UH1"},"CAD3":{"t":"HA4T"},"CAD4":{"t":"B742"},"CAD6":{"desc":"L2P"},"CAD8":{"t":"GLF5"},"CADF":{"t":"P28A"},"CAE3":{"t":"BE35"},"CAE6":{"desc":"L1P"},"CAEB":{"t":"T206"},"CAF4":{"desc":"L2J"},"CAF5":{"desc":"L1P"},"CB01":{"t":"SR22"},"CB0D":{"desc":"L1P"},"CB19":{"t":"B752"},"CB1A":{"t":"C208"},"CB21":{"t":"WW24"},"CB2E":{"t":"GLID"},"CB2F":{"desc":"L2P"},"CB34":{"desc":"L1P"},"CB47":{"desc":"L1P"},"CB4A":{"t":"C25C"},"CB4E":{"t":"C750"},"CB59":{"desc":"H2T"},"CB60":{"t":"C208"},"CB61":{"t":"BALL"},"CB62":{"t":"PA24"},"CB63":{"desc":"L1P"},"CB6A":{"t":"C550"},"CB6E":{"t":"BL8"},"CB71":{"t":"C25B"},"CB89":{"t":"BALL"},"CB92":{"t":"CH7A"},"CB93":{"t":"AT8T"},"CB94":{"t":"BALL"},"CBAC":{"t":"PA46"},"CBAE":{"desc":"L1P"},"CBB5":{"desc":"L1T"},"CBB7":{"t":"PC12"},"CBBF":{"desc":"H8E"},"CBC8":{"t":"TBM7"},"CBDE":{"t":"BE20"},"CBE6":{"t":"M20P"},"CBEE":{"desc":"L1P","t":"ULAC"},"CBF2":{"desc":"L1P"},"CC07":{"t":"CL30"},"CC11":{"t":"B429"},"CC23":{"desc":"L1P"},"CC29":{"t":"B742"},"CC2A":{"t":"BE33"},"CC2B":{"t":"S22T"},"CC30":{"t":"R22"},"CC32":{"t":"CRJ7"},"CC36":{"t":"GLF5"},"CC3D":{"t":"B737"},"CC43":{"desc":"L1P"},"CC49":{"t":"C172"},"CC57":{"desc":"L1J"},"CC5B":{"t":"B772"},"CC6A":{"t":"BALL"},"CC73":{"desc":"L1P"},"CC8C":{"t":"E55P"},"CC8E":{"desc":"L1P"},"CC9C":{"desc":"L1P"},"CCAE":{"t":"C750"},"CCBE":{"t":"BE76"},"CCD8":{"t":"BALL"},"CCF2":{"t":"C172"},"CCF4":{"t":"BE35"},"CCF5":{"t":"C150"},"CCF7":{"t":"C172"},"CCFE":{"t":"PA24"},"CD02":{"t":"C175"},"CD03":{"t":"C172"},"CD07":{"t":"PA30"},"CD08":{"desc":"H1P"},"CD09":{"t":"ST75"},"CD0A":{"t":"C172"},"CD0F":{"t":"C172"},"CD15":{"t":"C172"},"CD16":{"t":"P32R"},"CD19":{"t":"P28A"},"CD1A":{"t":"SR20"},"CD1F":{"t":"BE33"},"CD22":{"t":"C310"},"CD23":{"t":"BE36"},"CD25":{"t":"C175"},"CD28":{"t":"P28A"},"CD2F":{"t":"C172"},"CD30":{"t":"C172"},"CD36":{"t":"G164"},"CD38":{"t":"C172"},"CD39":{"t":"P32R"},"CD3A":{"t":"BE35"},"CD3C":{"t":"C150"},"CD3D":{"t":"C150"},"CD42":{"t":"BE55"},"CD46":{"t":"BE55"},"CD48":{"t":"C175"},"CD49":{"t":"C172"},"CD4D":{"t":"PA30"},"CD50":{"t":"B738"},"CD51":{"t":"C182"},"CD55":{"t":"C172"},"CD58":{"t":"C172"},"CD5B":{"t":"C172"},"CD5C":{"t":"P28A"},"CD60":{"t":"C150"},"CD63":{"t":"BE33"},"CD67":{"t":"PA24"},"CD68":{"t":"C310"},"CD6D":{"t":"C180"},"CD6E":{"t":"P28A"},"CD71":{"t":"C150"},"CD72":{"t":"DG15"},"CD73":{"t":"C172"},"CD74":{"t":"DG15"},"CD75":{"t":"C172"},"CD77":{"t":"ST75"},"CD80":{"t":"BE35"},"CD82":{"t":"C150"},"CD83":{"t":"C172"},"CD84":{"t":"PA12"},"CD85":{"t":"P28R"},"CD86":{"t":"BE35"},"CD89":{"t":"P28A"},"CD8B":{"t":"C310"},"CD93":{"t":"PA30"},"CD95":{"t":"C172"},"CD96":{"t":"B738"},"CD98":{"t":"C172"},"CD9B":{"t":"C172"},"CD9E":{"t":"C172"},"CDA1":{"t":"C172"},"CDA5":{"t":"C150"},"CDA6":{"desc":"L1E"},"CDA7":{"t":"PA12"},"CDAC":{"t":"P28A"},"CDAD":{"t":"PA24"},"CDAF":{"t":"BE55"},"CDB3":{"t":"C180"},"CDB4":{"t":"P28A"},"CDBB":{"t":"ST75"},"CDBC":{"t":"C172"},"CDBF":{"t":"AR11"},"CDC0":{"t":"C172"},"CDC2":{"desc":"L1T","t":"G164"},"CDC8":{"t":"C150"},"CDCE":{"t":"BE35"},"CDD0":{"t":"PA24"},"CDD1":{"t":"C310"},"CDD5":{"t":"C172"},"CDD7":{"t":"P28A"},"CDD8":{"t":"C172"},"CDDC":{"t":"ST75"},"CDDD":{"t":"C172"},"CDE0":{"t":"C172"},"CDE1":{"t":"C172"},"CDE2":{"t":"C172"},"CDEA":{"t":"C150"},"CDEC":{"t":"C172"},"CDF3":{"t":"PA24"},"CDF5":{"t":"BE35"},"CDFA":{"t":"P28A"},"CDFB":{"t":"C172"},"CDFF":{"t":"C172"},"CE03":{"t":"C172"},"CE04":{"t":"C172"},"CE06":{"t":"C172"},"CE07":{"t":"C172"},"CE08":{"t":"G164"},"CE0A":{"t":"C172"},"CE0B":{"t":"GLID"},"CE0C":{"t":"BE58"},"CE10":{"t":"PA12"},"CE13":{"t":"BE24"},"CE16":{"t":"BE33"},"CE18":{"t":"BE55"},"CE1C":{"t":"C180"},"CE1E":{"t":"RV7"},"CE1F":{"t":"PA30"},"CE21":{"t":"C172"},"CE25":{"t":"C172"},"CE26":{"t":"C182"},"CE27":{"t":"C182"},"CE28":{"t":"C172"},"CE2A":{"t":"C182"},"CE2D":{"t":"C172"},"CE2F":{"t":"BE35"},"CE34":{"desc":"H1T","t":"B47G"},"CE35":{"t":"BE33"},"CE3D":{"t":"C175"},"CE3E":{"t":"C172"},"CE40":{"t":"P28A"},"CE44":{"t":"C182"},"CE47":{"t":"C172"},"CE4C":{"t":"C182"},"CE4D":{"t":"C172"},"CE4E":{"desc":"A1P"},"CE50":{"t":"PA27"},"CE51":{"t":"PA18"},"CE52":{"t":"CL30"},"CE58":{"desc":"L1P"},"CE5B":{"t":"AS50"},"CE5C":{"t":"B772"},"CE63":{"t":"B788"},"CE65":{"t":"B762"},"CE68":{"t":"BE35"},"CE69":{"t":"B737"},"CE6B":{"t":"B737"},"CE6F":{"t":"C152"},"CE76":{"desc":"H1T"},"CE81":{"t":"S108"},"CE85":{"t":"C310"},"CE8F":{"t":"DH8D"},"CE9C":{"desc":"L1P"},"CEA4":{"desc":"L1P"},"CEAB":{"desc":"L1P"},"CEB3":{"t":"WACO"},"CEC1":{"t":"C172"},"CED0":{"t":"B752"},"CED1":{"t":"C208"},"CEE5":{"t":"PC12"},"CEFF":{"t":"C182"},"CF00":{"desc":"L1P","t":"ULAC"},"CF03":{"desc":"L1P"},"CF0D":{"desc":"H4E"},"CF19":{"t":"A320"},"CF1B":{"t":"P46T"},"CF1F":{"t":"LJ45"},"CF28":{"t":"C560"},"CF49":{"desc":"L1P"},"CF55":{"t":"BE33"},"CF63":{"t":"C550"},"CF67":{"desc":"L1P"},"CF7C":{"t":"BALL"},"CF7F":{"t":"PA44"},"CF80":{"desc":"H4E"},"CF97":{"t":"PC12"},"CF9B":{"t":"SR22"},"CFBE":{"t":"CL30"},"CFD2":{"t":"HA4T"},"CFDF":{"desc":"L1P"},"CFE1":{"desc":"A1P"},"CFE2":{"t":"BE20"},"CFE4":{"desc":"L1P"},"CFE9":{"t":"CRJ7"},"CFED":{"t":"C172"},"CFF4":{"t":"B737"},"CFF8":{"desc":"L1P"},"CFF9":{"desc":"L2J"},"children":["AA0","AA1","AA2","AA3","AA4","AA5","AA6","AA7","AA8","AAA","AAB","AAD","AAE","AAF"]}