{"008":{"t":"C172"},"009":{"t":"CH7A"},"00F":{"t":"J3"},"015":{"t":"PA24"},"016":{"t":"C182"},"017":{"t":"P28A"},"01B":{"t":"M20P"},"01C":{"t":"P28A"},"01E":{"t":"PA30"},"01F":{"t":"PA25"},"022":{"t":"AA5"},"02A":{"desc":"L1P"},"02B":{"t":"C172"},"02E":{"t":"PA22"},"02F":{"t":"C210"},"032":{"t":"J3"},"033":{"t":"P28R"},"036":{"t":"C175"},"037":{"t":"C182"},"03C":{"t":"C172"},"03E":{"t":"M20P"},"03F":{"t":"P28A"},"040":{"t":"C172"},"041":{"t":"PA30"},"046":{"t":"B14A"},"047":{"t":"B14A"},"04C":{"t":"AA5"},"04F":{"t":"CH7A"},"051":{"t":"PA22"},"054":{"t":"C172"},"056":{"t":"P28R"},"058":{"t":"PA31"},"05A":{"t":"C182"},"05B":{"t":"CH7B"},"05C":{"t":"C182"},"05D":{"t":"P28A"},"05E":{"t":"C182"},"05F":{"t":"C172"},"061":{"t":"M20P"},"062":{"t":"P28A"},"063":{"t":"C172"},"069":{"t":"AA5"},"06F":{"t":"R44"},"071":{"t":"C172"},"072":{"t":"CH7A"},"074":{"t":"PA22"},"077":{"t":"C172"},"079":{"t":"P28R"},"07A":{"t":"PA20"},"07D":{"t":"C206"},"07E":{"desc":"L1P"},"080":{"t":"P28A"},"082":{"t":"C172"},"085":{"t":"P28A"},"088":{"t":"PA25"},"08D":{"t":"L8"},"08E":{"t":"R44"},"090":{"t":"B14A"},"093":{"desc":"L1P"},"09E":{"t":"PA31"},"0A2":{"t":"C182"},"0A3":{"t":"P28A"},"0A5":{"t":"C172"},"0A8":{"t":"P28A"},"0AF":{"t":"R22"},"0B3":{"t":"R22"},"0B5":{"t":"AA5"},"0BE":{"t":"J3"},"0C0":{"t":"PA20"},"0C3":{"t":"C182"},"0C8":{"t":"C172"},"0CA":{"t":"M20P"},"0CB":{"t":"P28A"},"0CC":{"t":"C172"},"0CD":{"t":"PA30"},"0CE":{"t":"PA25"},"0CF":{"t":"AA5"},"0D2":{"t":"R44"},"0D5":{"t":"AA5"},"0D8":{"t":"AA5"},"0DA":{"t":"C172"},"0DB":{"t":"CH7A"},"0DC":{"t":"PA27"},"0DE":{"t":"C210"},"0E0":{"t":"C172"},"0E1":{"t":"J3"},"0E8":{"t":"C182"},"0F2":{"t":"B14A"},"0F4":{"t":"B14A"},"0F5":{"t":"B14A"},"0F6":{"t":"B14A"},"0F7":{"t":"R44"},"0F9":{"t":"R44"},"0FB":{"t":"R44"},"0FC":{"t":"PA18"},"0FF":{"t":"T6"},"100":{"t":"PA22"},"103":{"t":"C172"},"105":{"t":"P28R"},"109":{"t":"C182"},"10A":{"t":"PA24"},"110":{"t":"M20P"},"111":{"t":"P28A"},"115":{"t":"R44"},"117":{"t":"B14A"},"119":{"t":"AA5"},"11B":{"t":"B14A"},"11D":{"t":"B14A"},"11E":{"t":"R22"},"120":{"t":"C172"},"121":{"t":"CH7A"},"124":{"t":"C210"},"126":{"t":"C150"},"128":{"t":"P28R"},"12C":{"t":"C182"},"12D":{"t":"PA24"},"12F":{"t":"P28A"},"130":{"t":"AEST"},"133":{"t":"M20P"},"134":{"t":"P28A"},"136":{"t":"PA30"},"138":{"t":"B14A"},"139":{"t":"R44"},"13C":{"t":"B14A"},"143":{"t":"C172"},"144":{"t":"CH7A"},"149":{"t":"C172"},"14E":{"t":"C175"},"150":{"t":"PA24"},"151":{"t":"C182"},"152":{"t":"P28A"},"157":{"t":"P28A"},"159":{"t":"PA30"},"15D":{"t":"B14A"},"165":{"t":"PA18"},"166":{"t":"PA44"},"169":{"t":"SR20"},"16C":{"t":"R44"},"16D":{"desc":"H6E"},"16E":{"t":"R44"},"170":{"t":"R44"},"171":{"desc":"L1P"},"172":{"t":"TBM7"},"173":{"t":"RV12"},"176":{"t":"FA50"},"177":{"desc":"L1P","t":"ULAC"},"17B":{"desc":"L1P"},"17C":{"t":"B762"},"17F":{"t":"BE35"},"180":{"t":"SF34"},"181":{"desc":"L1P"},"182":{"t":"R44"},"187":{"desc":"L1P"},"194":{"t":"C414"},"198":{"t":"FA7X"},"199":{"t":"C421"},"19A":{"t":"C25A"},"19B":{"desc":"A1P","t":"PA18"},"19C":{"t":"SR22"},"19E":{"t":"T6"},"19F":{"t":"B25"},"1A1":{"t":"R44"},"1A2":{"t":"B744"},"1A4":{"t":"S22T"},"1A6":{"t":"C182"},"1AD":{"t":"AA5"},"1B2":{"t":"PC12"},"1B4":{"t":"S22T"},"1B5":{"t":"PA46"},"1BC":{"desc":"L1P"},"1BD":{"desc":"L1P"},"1BF":{"t":"C182"},"1C2":{"desc":"L1P"},"1C6":{"desc":"L1P"},"1D0":{"t":"C182"},"1D2":{"t":"R44"},"1D5":{"t":"PA34"},"1D6":{"desc":"L1P"},"1DB":{"t":"R22"},"1DE":{"t":"CRJ7"},"1E7":{"t":"A306"},"1F9":{"t":"C208"},"1FC":{"desc":"A2P"},"215":{"t":"WACO"},"219":{"t":"AS50"},"21E":{"t":"R44"},"220":{"desc":"H4E"},"225":{"t":"C82R"},"226":{"t":"R44"},"22F":{"t":"CH7A"},"231":{"t":"PA31"},"238":{"desc":"L1P"},"23B":{"t":"P28A"},"23F":{"t":"C25B"},"247":{"desc":"L1P"},"248":{"t":"R44"},"24E":{"t":"R44"},"267":{"desc":"L2T"},"26C":{"desc":"L1P"},"27B":{"desc":"L1P"},"27E":{"t":"R44"},"285":{"desc":"L1P"},"289":{"t":"AS50"},"28A":{"t":"SR22"},"28B":{"desc":"L1P"},"292":{"t":"LJ31"},"296":{"t":"P28A"},"299":{"t":"C180"},"2AB":{"t":"A319"},"2AC":{"t":"P28A"},"2AD":{"t":"R44"},"2AE":{"t":"BE20"},"2BF":{"desc":"H4E"},"2C3":{"t":"B58T"},"2D5":{"t":"CL30"},"2DD":{"t":"C210"},"2DE":{"desc":"A1P"},"2E0":{"t":"AC11"},"2E1":{"t":"LJ60"},"2E4":{"t":"R44"},"2E5":{"t":"R44"},"2F1":{"t":"PA46"},"2F2":{"t":"R44"},"2F6":{"t":"ST75"},"2F7":{"t":"S22T"},"2F9":{"desc":"L1P"},"2FD":{"t":"BL8"},"300":{"t":"CRJ7"},"302":{"t":"SR22"},"30B":{"t":"B737"},"30F":{"t":"BE55"},"310":{"t":"C172"},"312":{"t":"SR22"},"31A":{"t":"R44"},"31D":{"t":"R44"},"321":{"t":"R44"},"323":{"t":"B06"},"324":{"t":"R44"},"325":{"t":"B407"},"331":{"t":"BE55"},"339":{"t":"DA40"},"343":{"t":"R44"},"348":{"t":"B744"},"351":{"desc":"L1P"},"35A":{"t":"C182"},"361":{"t":"R44"},"362":{"t":"ERCO"},"381":{"t":"H25B"},"3A2":{"t":"E75L"},"3A5":{"t":"P46T"},"3BF":{"t":"C172"},"3C0":{"t":"CH7A"},"3C2":{"t":"PA22"},"3C3":{"t":"C210"},"3C5":{"t":"C150"},"3C6":{"t":"J3"},"3C7":{"t":"P28R"},"3CA":{"t":"C175"},"3CB":{"t":"C182"},"3CC":{"t":"PA24"},"3CD":{"t":"C182"},"3D0":{"t":"C172"},"3D3":{"t":"P28A"},"3D4":{"t":"C172"},"3D7":{"t":"AA5"},"3D8":{"t":"R44"},"3DD":{"t":"AA5"},"3E2":{"t":"C172"},"3E4":{"t":"T6"},"3E8":{"t":"C172"},"3E9":{"t":"J3"},"3EA":{"t":"P28R"},"3EE":{"t":"C182"},"3F0":{"t":"C182"},"3F2":{"t":"AEST"},"3F3":{"t":"C172"},"3F7":{"t":"C172"},"3F8":{"t":"PA30"},"3FA":{"t":"AA5"},"3FB":{"t":"B14A"},"3FD":{"t":"B14A"},"3FE":{"t":"B14A"},"3FF":{"t":"R44"},"400":{"t":"AA5"},"401":{"t":"AA5"},"402":{"t":"AA5"},"40E":{"t":"PA20"},"415":{"desc":"L1P"},"416":{"t":"C172"},"419":{"t":"P28A"},"41A":{"t":"C172"},"421":{"t":"B14A"},"423":{"t":"R22"},"425":{"t":"B14A"},"426":{"t":"AA5"},"430":{"t":"P28R"},"433":{"t":"C175"},"437":{"t":"P28A"},"439":{"t":"C172"},"441":{"t":"B14A"},"444":{"t":"AA5"},"445":{"t":"R44"},"446":{"t":"B14A"},"448":{"t":"AA5"},"449":{"t":"AA5"},"44A":{"t":"BE36"},"44E":{"t":"PA22"},"452":{"t":"J3"},"456":{"t":"C175"},"459":{"t":"C182"},"45A":{"t":"P28A"},"45C":{"t":"C172"},"45F":{"t":"P28A"},"462":{"desc":"L1P"},"465":{"t":"AA5"},"468":{"t":"B14A"},"46A":{"t":"AA5"},"472":{"t":"C210"},"475":{"t":"J3"},"476":{"t":"P28R"},"478":{"t":"PA31"},"47A":{"t":"C182"},"47B":{"t":"PA24"},"47C":{"t":"C182"},"47F":{"t":"C172"},"481":{"t":"M20P"},"482":{"t":"P28A"},"483":{"t":"C172"},"484":{"t":"PA30"},"486":{"t":"B14A"},"487":{"t":"AA5"},"488":{"t":"AA5"},"489":{"t":"AA5"},"48B":{"t":"B14A"},"48E":{"t":"AA5"},"490":{"t":"WACO"},"492":{"desc":"L1P"},"494":{"t":"PA22"},"496":{"t":"H269"},"498":{"t":"J3"},"499":{"t":"P28R"},"49C":{"t":"C175"},"49F":{"t":"C182"},"4A0":{"t":"P28A"},"4A2":{"t":"C172"},"4A7":{"t":"PA30"},"4AE":{"t":"AA5"},"4AF":{"t":"B14A"},"4B0":{"t":"B14A"},"4B5":{"t":"CH7A"},"4BB":{"t":"J3"},"4BC":{"t":"P28R"},"4BD":{"t":"PA20"},"4BF":{"t":"BALL"},"4C0":{"desc":"L1P"},"4C1":{"t":"PA24"},"4C3":{"t":"P28A"},"4C7":{"t":"M20P"},"4CC":{"t":"AA5"},"4CE":{"t":"AA5"},"4D0":{"t":"B14A"},"4D4":{"t":"AA5"},"4DE":{"t":"J3"},"4E2":{"t":"C175"},"4E3":{"t":"C206"},"4E4":{"t":"PA24"},"4E5":{"t":"C182"},"4E6":{"t":"P28A"},"4EB":{"t":"P28A"},"4EC":{"t":"C172"},"4F0":{"t":"AA5"},"4F1":{"t":"B14A"},"4F3":{"t":"B14A"},"4F6":{"t":"B14A"},"4FE":{"t":"C210"},"500":{"t":"C172"},"503":{"t":"PA20"},"507":{"t":"PA24"},"50D":{"t":"M20P"},"50E":{"t":"P28A"},"510":{"t":"PA30"},"512":{"t":"B14A"},"514":{"t":"B14A"},"519":{"t":"B14A"},"51B":{"t":"R44"},"51D":{"t":"B737"},"51E":{"t":"PA32"},"523":{"t":"BK17"},"524":{"t":"C182"},"526":{"t":"SR22"},"529":{"t":"B772"},"52D":{"t":"SR22"},"52E":{"t":"C337"},"52F":{"t":"P28S"},"531":{"t":"A320"},"532":{"t":"S61"},"533":{"t":"B762"},"537":{"t":"C172"},"53F":{"desc":"L1P"},"546":{"t":"PA18"},"548":{"desc":"H1T"},"54F":{"desc":"L1P"},"550":{"t":"C421"},"552":{"t":"C25B"},"553":{"t":"SR22"},"559":{"t":"B744"},"55D":{"t":"C182"},"560":{"desc":"L1P"},"564":{"desc":"L1P"},"565":{"t":"F2TH"},"568":{"t":"BE35"},"56B":{"t":"C172"},"56D":{"desc":"L1P"},"573":{"t":"M20T"},"576":{"desc":"L1P"},"579":{"t":"DA40"},"581":{"t":"SF50"},"582":{"t":"BE20"},"584":{"desc":"H4E"},"58F":{"t":"C414"},"592":{"desc":"H4E"},"593":{"desc":"L1P"},"59E":{"t":"A306"},"5A1":{"desc":"L1P"},"5AF":{"t":"C152"},"5B0":{"t":"C208"},"5B6":{"desc":"L1P"},"5CC":{"desc":"H2T"},"5CD":{"t":"A109"},"5EA":{"t":"J3"},"5F1":{"t":"M7"},"5F6":{"t":"C25A"},"5FE":{"t":"LJ45"},"602":{"t":"LJ45"},"609":{"t":"T206"},"60C":{"desc":"L1P"},"618":{"t":"AT8T"},"619":{"t":"BALL"},"622":{"desc":"L1P"},"623":{"desc":"L1P"},"628":{"t":"CH7B"},"630":{"desc":"L1P"},"631":{"t":"PA34"},"632":{"desc":"H1T"},"633":{"t":"H25B"},"638":{"t":"AS50"},"63C":{"desc":"L1P"},"641":{"t":"BL8"},"64B":{"t":"SR22"},"64D":{"t":"P28A"},"662":{"t":"S76"},"663":{"t":"P28A"},"68C":{"t":"CL30"},"695":{"t":"P28A"},"69B":{"t":"R44"},"69C":{"desc":"H1T"},"6A2":{"t":"C750"},"6A5":{"t":"GLF4"},"6A8":{"desc":"L1P"},"6AE":{"t":"SR22"},"6B0":{"desc":"L1P","t":"ULAC"},"6B5":{"t":"AS50"},"6B7":{"t":"CRJ7"},"6B8":{"t":"BE36"},"6BB":{"t":"C172"},"6BF":{"t":"PC12"},"6C2":{"t":"B737"},"6C3":{"desc":"H2T"},"6C6":{"t":"BE55"},"6C7":{"t":"ASTO"},"6C8":{"desc":"L1P"},"6CE":{"desc":"L1P"},"6D8":{"t":"LJ45"},"6DB":{"t":"C172"},"6DC":{"t":"EC45"},"6F8":{"t":"BE35"},"6F9":{"t":"B734"},"701":{"t":"A319"},"711":{"t":"T28"},"713":{"desc":"L1P"},"72A":{"t":"C182"},"759":{"t":"E75L"},"77A":{"t":"C210"},"77C":{"t":"C172"},"77E":{"t":"P28R"},"77F":{"t":"PA20"},"781":{"t":"C175"},"789":{"t":"M20P"},"78A":{"t":"P28A"},"78E":{"t":"R44"},"78F":{"t":"M20P"},"790":{"t":"M20P"},"793":{"t":"M20P"},"795":{"t":"M20P"},"796":{"t":"R44"},"79A":{"t":"CH7A"},"79D":{"t":"C210"},"79F":{"t":"C150"},"7A1":{"t":"P28R"},"7A2":{"t":"PA20"},"7AC":{"t":"M20P"},"7AD":{"t":"P28A"},"7AE":{"t":"C172"},"7B1":{"t":"M20P"},"7B2":{"t":"M20P"},"7B4":{"t":"M20P"},"7B5":{"t":"M20P"},"7B7":{"t":"M20P"},"7B8":{"t":"M20P"},"7BC":{"t":"C172"},"7BD":{"t":"CH7A"},"7C1":{"t":"H269"},"7C2":{"t":"C172"},"7C4":{"t":"PA18"},"7C9":{"t":"PA24"},"7D6":{"t":"M20P"},"7D9":{"t":"M20P"},"7DB":{"t":"M20P"},"7DD":{"t":"M20P"},"7DF":{"t":"C172"},"7E1":{"desc":"L1P"},"7E3":{"t":"C210"},"7E5":{"t":"C172"},"7E6":{"t":"J3"},"7EA":{"t":"C175"},"7EB":{"t":"BE55"},"7F0":{"t":"C172"},"7F4":{"t":"C172"},"7F5":{"t":"PA30"},"7FA":{"t":"M20P"},"7FC":{"t":"M20P"},"802":{"t":"C172"},"804":{"desc":"L2P"},"808":{"t":"C172"},"809":{"t":"J3"},"80D":{"t":"C175"},"80F":{"t":"PA24"},"810":{"t":"C182"},"813":{"t":"C172"},"816":{"t":"P28A"},"818":{"t":"PA30"},"81B":{"t":"R22"},"81C":{"t":"M20P"},"81D":{"t":"R44"},"81E":{"t":"PA18"},"81F":{"t":"M20P"},"821":{"t":"M20P"},"823":{"t":"M20P"},"824":{"desc":"L1P"},"825":{"t":"C172"},"826":{"t":"CH7A"},"828":{"t":"PA22"},"832":{"t":"PA24"},"834":{"t":"P28A"},"835":{"t":"AA5"},"836":{"t":"C172"},"839":{"t":"P28A"},"83A":{"t":"C172"},"83B":{"t":"PA30"},"83E":{"t":"M20P"},"840":{"t":"M20P"},"842":{"t":"M20P"},"843":{"t":"M20P"},"844":{"t":"R22"},"849":{"desc":"L1P"},"84E":{"t":"CH7B"},"84F":{"t":"J3"},"850":{"t":"P28R"},"855":{"t":"PA24"},"859":{"t":"C172"},"85B":{"t":"M20P"},"85D":{"t":"C172"},"860":{"t":"AA5"},"861":{"t":"AA5"},"862":{"t":"M20P"},"863":{"t":"R44"},"864":{"t":"R22"},"865":{"t":"M20P"},"866":{"t":"M20P"},"868":{"t":"M20P"},"86B":{"t":"C172"},"873":{"t":"P28R"},"875":{"t":"PA18"},"876":{"t":"C175"},"879":{"t":"C182"},"87A":{"t":"P28A"},"87B":{"t":"C182"},"87E":{"t":"M20P"},"87F":{"t":"P28A"},"881":{"t":"PA30"},"884":{"t":"M20P"},"886":{"t":"M20P"},"887":{"t":"R22"},"889":{"t":"M20P"},"88C":{"t":"M20P"},"88E":{"t":"C172"},"891":{"desc":"L1P"},"893":{"t":"C180"},"895":{"t":"J3"},"896":{"t":"P28R"},"897":{"t":"PA20"},"899":{"t":"C175"},"8A1":{"t":"M20P"},"8A2":{"t":"P28A"},"8A7":{"t":"M20P"},"8A8":{"t":"M20P"},"8A9":{"t":"R22"},"8AC":{"t":"M20P"},"8AD":{"t":"M20P"},"8AE":{"desc":"A2P"},"8AF":{"desc":"L2P"},"8B0":{"desc":"L1P"},"8B2":{"t":"CH7A"},"8B9":{"t":"P28R"},"8BB":{"t":"PA18"},"8BC":{"t":"C175"},"8BD":{"t":"BE33"},"8BF":{"t":"C182"},"8C2":{"t":"C172"},"8C4":{"t":"M20P"},"8C6":{"t":"C172"},"8C9":{"t":"AA5"},"8CA":{"t":"AA5"},"8CB":{"t":"AA5"},"8CC":{"t":"AA5"},"8CD":{"t":"AA5"},"8CE":{"t":"AA5"},"8CF":{"t":"AA5"},"8D0":{"t":"R22"},"8D1":{"t":"AA5"},"8D2":{"t":"AA5"},"8D3":{"t":"PA18"},"8D4":{"t":"PA44"},"8D5":{"t":"B735"},"8D6":{"t":"SR22"},"8D7":{"t":"CH7A"},"8DB":{"desc":"H8E"},"8DD":{"t":"PA32"},"8E0":{"t":"B772"},"8E4":{"t":"F900"},"8E5":{"t":"C337"},"8ED":{"t":"P28R"},"8EE":{"desc":"A1P","t":"ULAC"},"8F2":{"desc":"H4E"},"8F6":{"desc":"L1P"},"8F7":{"desc":"H1P"},"8FB":{"t":"R44"},"906":{"t":"SR22"},"90A":{"t":"SR22"},"910":{"t":"B742"},"914":{"t":"RV12"},"91C":{"t":"C56X"},"91F":{"t":"BE35"},"926":{"t":"C150"},"92B":{"t":"BE58"},"930":{"t":"DA40"},"934":{"t":"C172"},"938":{"t":"CL30"},"955":{"t":"A306"},"95C":{"t":"ULAC"},"967":{"t":"C208"},"96A":{"t":"P28A"},"983":{"desc":"H2T"},"99C":{"desc":"L1P","t":"ULAC"},"99D":{"t":"SR22"},"99E":{"t":"A320"},"9A8":{"desc":"L1P"},"9B6":{"t":"SW4"},"9BB":{"t":"BE20"},"9C3":{"t":"C207"},"9CF":{"t":"AT8T"},"9D7":{"t":"SR20"},"9E8":{"desc":"L2P"},"9E9":{"t":"CH7B"},"9F4":{"t":"GLF4"},"A04":{"t":"P28A"},"A12":{"desc":"H8E"},"A1A":{"t":"P28A"},"A1C":{"t":"C56X"},"A43":{"t":"CL30"},"A53":{"t":"AS50"},"A5B":{"t":"BL17"},"A5C":{"desc":"A1P"},"A64":{"desc":"L1P"},"A65":{"t":"B742"},"A67":{"desc":"L1P"},"A6C":{"t":"T28"},"A6E":{"t":"CRJ7"},"A74":{"t":"SR22"},"A79":{"t":"B737"},"A80":{"t":"C182"},"A86":{"desc":"L1P"},"A89":{"t":"SR20"},"A92":{"t":"C172"},"A93":{"t":"H25B"},"A96":{"t":"HUSK"},"AAB":{"t":"A319"},"AC8":{"desc":"L1P"},"B10":{"t":"E75L"},"B13":{"desc":"H4E"},"B29":{"t":"T210"},"B2F":{"t":"T6"},"B30":{"t":"PA18"},"B37":{"t":"PA18"},"B3A":{"t":"PA24"},"B3E":{"t":"C172"},"B44":{"t":"PA25"},"B45":{"t":"AA5"},"B47":{"t":"R44"},"B4B":{"t":"R22"},"B4D":{"t":"AA5"},"B50":{"t":"C172"},"B52":{"t":"T6"},"B56":{"t":"C172"},"B5C":{"t":"BE35"},"B5F":{"t":"P28A"},"B63":{"t":"M20P"},"B64":{"t":"P28A"},"B65":{"t":"C172"},"B69":{"t":"AA5"},"B6C":{"t":"AA5"},"B6D":{"t":"AA5"},"B70":{"t":"AA5"},"B71":{"t":"AA5"},"B73":{"t":"C172"},"B74":{"t":"CH7A"},"B75":{"t":"T6"},"B7B":{"t":"P28R"},"B7C":{"t":"PA20"},"B7E":{"t":"C175"},"B7F":{"t":"BE35"},"B83":{"t":"C182"},"B86":{"t":"M20P"},"B87":{"t":"P28A"},"B88":{"t":"C172"},"B8B":{"t":"AA5"},"B8C":{"t":"FA62"},"B8D":{"t":"AA5"},"B8E":{"t":"AA5"},"B8F":{"t":"AA5"},"B90":{"t":"AA5"},"B91":{"t":"AA5"},"B93":{"t":"AA5"},"B94":{"t":"AA5"},"B96":{"t":"C172"},"B97":{"desc":"L1P"},"B9B":{"t":"H269"},"B9D":{"t":"J3"},"B9E":{"t":"P28R"},"BA1":{"t":"C175"},"BA2":{"t":"BE35"},"BA4":{"t":"C182"},"BA5":{"t":"P28A"},"BA7":{"t":"C172"},"BA9":{"t":"M20P"},"BAA":{"t":"P28A"},"BAB":{"t":"C172"},"BAC":{"t":"PA30"},"BAD":{"t":"PA25"},"BAE":{"t":"AA5"},"BAF":{"t":"AA5"},"BB1":{"t":"AA5"},"BB2":{"t":"J3"},"BB4":{"t":"AA5"},"BB5":{"t":"R44"},"BB7":{"t":"AA5"},"BB9":{"t":"C172"},"BBA":{"desc":"L1P"},"BBB":{"t":"T6"},"BC3":{"t":"PA18"},"BCC":{"t":"M20P"},"BCD":{"t":"P28A"},"BCE":{"t":"C172"},"BD1":{"t":"AA5"},"BD2":{"t":"AA5"},"BD3":{"t":"AA5"},"BD4":{"t":"AA5"},"BD5":{"t":"AA5"},"BD6":{"t":"AA5"},"BD7":{"t":"AA5"},"BD8":{"t":"AA5"},"BD9":{"t":"AA5"},"BDA":{"t":"AA5"},"BDC":{"t":"C172"},"BE1":{"t":"H269"},"BE2":{"t":"C172"},"BE7":{"t":"C175"},"BEA":{"t":"C182"},"BF1":{"t":"C172"},"BF4":{"t":"ST75"},"BF5":{"t":"R44"},"BF9":{"t":"AA5"},"BFB":{"t":"AA5"},"C06":{"t":"J3"},"C0B":{"t":"BE36"},"C0C":{"t":"PA24"},"C0D":{"t":"C182"},"C10":{"t":"C172"},"C12":{"t":"M20P"},"C13":{"t":"P28A"},"C17":{"t":"AA5"},"C19":{"t":"AA5"},"C1A":{"t":"R44"},"C1B":{"t":"AA5"},"C1C":{"t":"AA5"},"C1D":{"t":"R44"},"C22":{"t":"C172"},"C23":{"t":"AA5"},"C24":{"desc":"H4E"},"C26":{"t":"C210"},"C2A":{"t":"P28R"},"C2C":{"t":"PA18"},"C33":{"t":"C172"},"C35":{"desc":"L1P"},"C36":{"t":"P28A"},"C37":{"t":"C172"},"C3A":{"t":"AA5"},"C3E":{"t":"AA5"},"C41":{"t":"ST75"},"C42":{"t":"B06"},"C44":{"t":"J3"},"C48":{"t":"PA18"},"C4F":{"t":"PA18"},"C51":{"t":"BE36"},"C52":{"t":"PA24"},"C5A":{"t":"C172"},"C5B":{"t":"PA30"},"C5C":{"t":"PA25"},"C5F":{"t":"AA5"},"C60":{"t":"ST75"},"C61":{"t":"AA5"},"C62":{"t":"R44"},"C63":{"desc":"H1E","t":"R44"},"C64":{"t":"AA5"},"C65":{"t":"AA5"},"C6B":{"t":"PA18"},"C70":{"t":"P28R"},"C71":{"t":"PA20"},"C72":{"t":"PA18"},"C73":{"t":"C175"},"C75":{"t":"PA24"},"C76":{"t":"C182"},"C79":{"t":"C172"},"C7C":{"t":"P28A"},"C7E":{"t":"PA30"},"C82":{"t":"AA5"},"C89":{"t":"AA5"},"C8B":{"t":"B74S"},"C8D":{"t":"C82R"},"C8E":{"t":"C525"},"C8F":{"desc":"H4E"},"C90":{"t":"BE9L"},"C91":{"t":"B25"},"C92":{"t":"E135"},"C96":{"t":"C182"},"C97":{"t":"AA5"},"C99":{"t":"C172"},"C9B":{"t":"M20P"},"C9C":{"t":"SR22"},"C9D":{"t":"PA27"},"C9E":{"t":"PA44"},"CA0":{"desc":"L1P"},"CA1":{"t":"B762"},"CA2":{"t":"SR20"},"CA3":{"t":"ULAC"},"CA4":{"t":"BE35"},"CA7":{"t":"B744"},"CAA":{"t":"C82R"},"CAB":{"t":"BE33"},"CAC":{"t":"PA12"},"CAE":{"desc":"L1P"},"CAF":{"desc":"L1P"},"CB0":{"desc":"L1P"},"CB1":{"desc":"L1P"},"CB2":{"t":"BE35"},"CB5":{"desc":"L1P"},"CB9":{"t":"LJ35"},"CBE":{"t":"C421"},"CBF":{"desc":"L1P","t":"LA4"},"CC1":{"t":"SR20"},"CC2":{"desc":"L4P"},"CC3":{"t":"M20P"},"CC4":{"t":"PA31"},"CC7":{"t":"B742"},"CCB":{"t":"LJ35"},"CCD":{"desc":"L1P"},"CCF":{"t":"SR22"},"CD1":{"t":"P28A"},"CD2":{"desc":"L1P"},"CD6":{"desc":"L1P"},"CD9":{"t":"PA12"},"CDA":{"desc":"L1P"},"CDB":{"desc":"L1P"},"CDC":{"desc":"L1P"},"CDD":{"t":"M6"},"CDF":{"desc":"L1P"},"CE0":{"desc":"L1P"},"CE1":{"desc":"L1P"},"CE2":{"t":"B06"},"CE4":{"t":"E545"},"CE7":{"t":"PA44"},"CE8":{"desc":"L1P"},"CEA":{"t":"BE36"},"CEB":{"t":"BE58"},"CEF":{"t":"SR20"},"CF0":{"t":"GLID"},"CF2":{"desc":"L1P"},"CF4":{"t":"B407"},"CFB":{"t":"BE10"},"D00":{"desc":"L1P"},"D08":{"desc":"L1P"},"D09":{"t":"C182"},"D0B":{"t":"SR20"},"D0D":{"t":"C208"},"D0F":{"t":"ULAC"},"D12":{"desc":"L1P"},"D13":{"desc":"A1P"},"D15":{"t":"C337"},"D19":{"desc":"L1P"},"D1A":{"desc":"L1P"},"D1D":{"t":"ULAC"},"D1E":{"t":"C208"},"D21":{"t":"BE36"},"D23":{"t":"C172"},"D24":{"desc":"A1P"},"D27":{"t":"B744"},"D2B":{"t":"C182"},"D2F":{"desc":"A1P"},"D32":{"t":"BL8"},"D33":{"desc":"L1P"},"D35":{"t":"P28A"},"D3A":{"desc":"L2P"},"D3D":{"desc":"L1P"},"D40":{"desc":"L1P"},"D44":{"t":"C150"},"D45":{"desc":"L1P"},"D48":{"t":"BE55"},"D4B":{"desc":"L2P"},"D4D":{"t":"HUSK"},"D54":{"t":"BE9L"},"D56":{"desc":"L1P"},"D57":{"t":"FDCT"},"D58":{"t":"T6"},"D5A":{"desc":"L1P"},"D5B":{"t":"C172"},"D5C":{"t":"C25A"},"D5D":{"desc":"L1P"},"D5E":{"t":"C182"},"D60":{"t":"GLID"},"D64":{"t":"P28R"},"D68":{"desc":"L1P"},"D6C":{"desc":"L1P"},"D6F":{"desc":"L1P"},"D71":{"t":"C25B"},"D74":{"t":"BALL"},"D76":{"t":"C172"},"D77":{"t":"PC12"},"D7A":{"t":"PA30"},"D7C":{"t":"C25C"},"D7D":{"t":"C510"},"D7E":{"t":"C172"},"D80":{"t":"B74S"},"D81":{"desc":"G1P"},"D83":{"t":"C150"},"D85":{"desc":"L1P"},"D86":{"t":"C208"},"D87":{"t":"BALL"},"D88":{"t":"M20P"},"D8A":{"desc":"L2J"},"D8B":{"t":"R44"},"D8C":{"t":"EA50"},"D8D":{"desc":"L1P"},"D8E":{"t":"SR22"},"D90":{"t":"SR22"},"D93":{"t":"C172"},"D95":{"desc":"L1P"},"D96":{"t":"FDCT"},"D97":{"t":"C172"},"D9A":{"t":"BL8"},"D9B":{"t":"BE24"},"D9E":{"desc":"L2P"},"D9F":{"desc":"L1P"},"DA0":{"t":"SR22"},"DA1":{"t":"S22T"},"DA3":{"desc":"A1P"},"DA4":{"t":"ULAC"},"DA6":{"t":"GLID"},"DA7":{"desc":"L1P"},"DA8":{"desc":"L1P","t":"ULAC"},"DA9":{"t":"C77R"},"DAA":{"t":"P28R"},"DAE":{"t":"M20T"},"DAF":{"desc":"L1P"},"DB0":{"desc":"L1P","t":"ULAC"},"DB4":{"desc":"L2P"},"DB8":{"t":"B74S"},"DBD":{"desc":"L1P"},"DC0":{"t":"CL60"},"DCC":{"desc":"L1P"},"DD0":{"desc":"L1P","t":"ULAC"},"DD3":{"t":"C172"},"DD5":{"t":"PA34"},"DD6":{"desc":"L1P"},"DD8":{"t":"BE58"},"DD9":{"t":"SR22"},"DDA":{"t":"P28A"},"DDB":{"t":"SR22"},"DDC":{"t":"C182"},"DDE":{"t":"C82R"},"DE2":{"t":"C172"},"DE7":{"t":"BL8"},"DE9":{"t":"ST75"},"DFA":{"t":"CL30"},"E02":{"t":"C25B"},"E03":{"t":"ST75"},"E04":{"t":"ST75"},"E05":{"t":"PA34"},"E06":{"desc":"G1P"},"E09":{"t":"ULAC"},"E0B":{"desc":"L1P"},"E0D":{"t":"FA7X"},"E0E":{"t":"C310"},"E0F":{"desc":"L1P"},"E14":{"desc":"L1P"},"E16":{"desc":"L1P"},"E18":{"t":"C750"},"E1B":{"desc":"L1P"},"E1C":{"t":"B737"},"E1D":{"t":"B58T"},"E1E":{"t":"C172"},"E1F":{"t":"SR22"},"E21":{"t":"B742"},"E22":{"desc":"L1P"},"E23":{"desc":"S1P","t":"AR11"},"E24":{"t":"SR22"},"E25":{"desc":"L1P"},"E26":{"t":"COL3"},"E29":{"desc":"L1P"},"E2A":{"t":"C207"},"E2B":{"t":"ULAC"},"E2C":{"desc":"L1P"},"E2F":{"t":"GLID"},"E30":{"t":"SR22"},"E32":{"desc":"L1P"},"E33":{"t":"AA5"},"E34":{"desc":"L1P"},"E38":{"desc":"L1P"},"E3B":{"t":"SR22"},"E3C":{"t":"PA46"},"E40":{"t":"BE35"},"E41":{"desc":"L1P"},"E42":{"t":"C208"},"E46":{"t":"SR22"},"E48":{"desc":"L1P"},"E49":{"t":"C182"},"E4A":{"t":"AC11"},"E4D":{"desc":"L1P"},"E50":{"t":"C182"},"E5A":{"desc":"H4E"},"E62":{"t":"A319"},"E66":{"t":"GLID"},"E67":{"desc":"L1P","t":"ULAC"},"E6D":{"desc":"L1P"},"E6E":{"t":"C172"},"E74":{"desc":"L1P"},"E78":{"t":"P28B"},"E7A":{"t":"BE55"},"E7B":{"desc":"L2P"},"E7F":{"desc":"L1P"},"E81":{"t":"AS50"},"E83":{"t":"R44"},"E84":{"desc":"L1P"},"E85":{"desc":"L1P"},"E86":{"t":"C182"},"E87":{"t":"BALL"},"E89":{"t":"SR22"},"E8B":{"t":"CH7B"},"E8F":{"t":"NAVI"},"E90":{"t":"C402"},"E91":{"t":"BE77"},"E94":{"t":"PA27"},"E95":{"desc":"L1P"},"E98":{"desc":"L1P"},"E99":{"desc":"A1P"},"EA1":{"t":"C750"},"EA3":{"t":"GLID"},"EA9":{"desc":"L1P"},"EAA":{"t":"P46T"},"EAE":{"t":"AEST"},"EB3":{"t":"BE58"},"EBB":{"t":"C310"},"EC5":{"t":"BE36"},"EC7":{"t":"E75L"},"ECA":{"t":"C170"},"ED8":{"t":"C152"},"EE3":{"t":"B741"},"EE4":{"t":"C172"},"EE5":{"desc":"L1P"},"EE7":{"t":"PA18"},"EEC":{"t":"P28R"},"EEF":{"t":"C175"},"EF0":{"t":"BE36"},"EF1":{"t":"PA24"},"EF3":{"t":"P28A"},"EF4":{"t":"P28A"},"EFB":{"t":"PA25"},"EFD":{"t":"M20P"},"EFE":{"desc":"L1P"},"F00":{"t":"M20P"},"F01":{"t":"M20P"},"F03":{"t":"M20P"},"F05":{"t":"R22"},"F06":{"desc":"L4T"},"F0D":{"t":"C150"},"F10":{"t":"PA20"},"F11":{"t":"PA18"},"F13":{"t":"BE36"},"F15":{"t":"C182"},"F16":{"t":"P28A"},"F17":{"t":"T6"},"F18":{"t":"C172"},"F1A":{"t":"P28A"},"F1B":{"t":"P28A"},"F1D":{"t":"PA30"},"F1F":{"t":"M20P"},"F21":{"t":"AA5"},"F23":{"t":"M20P"},"F24":{"t":"M20P"},"F27":{"t":"M20P"},"F28":{"t":"M20P"},"F2A":{"t":"C172"},"F2B":{"t":"CH7A"},"F2D":{"t":"PA18"},"F31":{"t":"J3"},"F38":{"t":"C182"},"F39":{"t":"P28A"},"F3E":{"t":"P28A"},"F42":{"t":"M20P"},"F44":{"t":"M20P"},"F45":{"t":"M20P"},"F47":{"t":"M20P"},"F4B":{"t":"M20P"},"F50":{"t":"PA18"},"F56":{"t":"PA20"},"F5C":{"t":"P28A"},"F62":{"t":"C172"},"F63":{"t":"PA30"},"F65":{"t":"R44"},"F66":{"t":"M20P"},"F68":{"t":"AA5"},"F6A":{"t":"M20P"},"F6B":{"t":"M20P"},"F6C":{"t":"C172"},"F70":{"t":"C172"},"F71":{"t":"CH7A"},"F72":{"t":"B744"},"F74":{"t":"C180"},"F76":{"t":"C172"},"F78":{"t":"P28R"},"F7A":{"t":"PA18"},"F7E":{"t":"C182"},"F7F":{"t":"P28A"},"F80":{"t":"C182"},"F81":{"t":"P28A"},"F84":{"t":"P28A"},"F85":{"t":"C182"},"F88":{"t":"AA5"},"F8D":{"t":"M20P"},"F8F":{"t":"M20P"},"F90":{"t":"M20P"},"F93":{"t":"C172"},"F95":{"t":"T6"},"F9A":{"t":"J3"},"F9D":{"desc":"H4E"},"F9E":{"t":"C175"},"F9F":{"t":"BE35"},"FA2":{"t":"P28A"},"FA4":{"t":"C172"},"FA7":{"desc":"L1P"},"FA8":{"t":"C172"},"FA9":{"t":"PA30"},"FAB":{"t":"M20P"},"FAD":{"t":"M20P"},"FB3":{"t":"M20P"},"FB4":{"t":"M20P"},"FB5":{"t":"GLID"},"FB6":{"t":"C172"},"FB9":{"desc":"L1P"},"FBE":{"t":"P28R"},"FC0":{"t":"PA18"},"FC2":{"t":"BE35"},"FC3":{"t":"BE33"},"FC4":{"t":"C206"},"FC5":{"t":"P28A"},"FC7":{"t":"C172"},"FCA":{"t":"P28A"},"FCC":{"t":"PA30"},"FCE":{"t":"M20P"},"FD0":{"t":"M20P"},"FD1":{"t":"M20P"},"FD2":{"t":"M20P"},"FD3":{"t":"M20P"},"FD4":{"t":"M20P"},"FD5":{"t":"R44"},"FD6":{"t":"M20P"},"FD7":{"t":"M20P"},"FD8":{"desc":"L1P"},"FDA":{"t":"CH7A"},"FDB":{"t":"B744"},"FDC":{"t":"BE60"},"FDD":{"t":"C210"},"FE2":{"t":"PA20"},"FE3":{"t":"PA18"},"FE7":{"t":"C182"},"FE8":{"t":"P28A"},"FED":{"t":"P28A"},"FEE":{"t":"C172"},"FF1":{"t":"M20P"},"FF5":{"t":"R22"},"FF6":{"t":"M20P"},"FF8":{"t":"M20P"},"FF9":{"t":"R22"},"FFB":{"t":"SR22"},"FFC":{"t":"C172"},"FFD":{"t":"CH7A"},"FFE":{"desc":"L1P"}}