{"002":{"t":"C172"},"004":{"t":"P28R"},"005":{"t":"PA20"},"006":{"t":"PA18"},"007":{"t":"C175"},"00D":{"desc":"L1P"},"010":{"t":"P28A"},"015":{"t":"M20P"},"017":{"t":"M20P"},"018":{"t":"R44"},"019":{"t":"M20P"},"021":{"t":"C180"},"025":{"t":"C172"},"026":{"t":"J3"},"027":{"t":"P28R"},"02C":{"t":"PA24"},"033":{"t":"P28A"},"034":{"t":"C172"},"03A":{"t":"M20P"},"03B":{"t":"R44"},"03C":{"t":"M20P"},"03D":{"t":"M20P"},"03E":{"t":"M20P"},"03F":{"t":"M20P"},"042":{"desc":"L1P"},"045":{"t":"BL8"},"048":{"desc":"H2T"},"04C":{"desc":"L1P"},"056":{"t":"A320"},"05B":{"t":"BE35"},"05C":{"t":"L39"},"05F":{"desc":"L1P"},"064":{"desc":"L1P"},"066":{"t":"C525"},"069":{"t":"R44"},"06B":{"t":"RV12"},"074":{"desc":"A1P"},"075":{"t":"C421"},"076":{"desc":"H1T"},"077":{"desc":"L1P"},"078":{"t":"SR22"},"07E":{"t":"B742"},"080":{"t":"S22T"},"082":{"t":"C172"},"086":{"desc":"L1P"},"08A":{"t":"C25B"},"08D":{"t":"BE76"},"090":{"t":"S22T"},"098":{"desc":"L1P"},"09E":{"desc":"L1P"},"0A6":{"t":"WACO"},"0AA":{"t":"RV12"},"0B2":{"desc":"L1P"},"0BA":{"t":"CRJ7"},"0C3":{"t":"A306"},"0C4":{"t":"C208"},"0D5":{"t":"C208"},"0F9":{"t":"R22"},"10A":{"desc":"L1P","t":"ULAC"},"10C":{"desc":"L1P","t":"ULAC"},"112":{"t":"BE33"},"115":{"desc":"L1P"},"11B":{"desc":"L1P"},"123":{"desc":"L1P"},"125":{"desc":"H4E"},"131":{"t":"C206"},"134":{"t":"RV12"},"13C":{"desc":"L1P"},"13D":{"t":"DA40"},"13E":{"t":"BE20"},"147":{"t":"T6"},"155":{"desc":"L1P"},"158":{"desc":"L1P"},"15A":{"t":"PC12"},"15C":{"t":"C310"},"15F":{"t":"C172"},"162":{"t":"GLF2"},"17C":{"t":"PA31"},"188":{"t":"P28A"},"191":{"desc":"L1P"},"198":{"t":"T206"},"1A1":{"desc":"H4E"},"1B1":{"t":"GALX"},"1BA":{"t":"P28A"},"1BD":{"desc":"L1P"},"1BE":{"t":"F2TH"},"1C5":{"t":"F2TH"},"1CA":{"t":"P28A"},"1CD":{"desc":"L1P"},"1D2":{"t":"M20P"},"1D3":{"t":"B742"},"1D7":{"desc":"L1P"},"1DC":{"t":"CRJ7"},"1E0":{"t":"C172"},"1E7":{"t":"B737"},"1F9":{"desc":"L1P"},"219":{"t":"A319"},"21D":{"desc":"L1P"},"22B":{"desc":"H4E"},"236":{"t":"C56X"},"23C":{"desc":"H4E"},"23E":{"t":"AA1"},"244":{"t":"C185"},"24F":{"t":"C337"},"27E":{"t":"E75L"},"292":{"desc":"H4E"},"29A":{"t":"G164"},"29B":{"t":"C172"},"29C":{"t":"CH7A"},"29E":{"t":"PA18"},"2A1":{"t":"C172"},"2A5":{"t":"PA18"},"2A8":{"t":"PA24"},"2A9":{"t":"C182"},"2AB":{"desc":"H4E"},"2AC":{"t":"C172"},"2AF":{"t":"P28A"},"2B0":{"t":"C172"},"2B4":{"t":"AA5"},"2BA":{"t":"R44"},"2BB":{"t":"R44"},"2BD":{"t":"GLID"},"2BE":{"t":"C172"},"2BF":{"t":"CH7A"},"2C0":{"desc":"L1P"},"2C1":{"t":"PA18"},"2C4":{"t":"C172"},"2C6":{"t":"P28R"},"2C7":{"t":"PA20"},"2CF":{"t":"C172"},"2D2":{"t":"P28A"},"2D6":{"t":"R22"},"2DB":{"t":"R22"},"2DD":{"desc":"H1P"},"2DE":{"t":"AA5"},"2DF":{"t":"AA5"},"2E0":{"t":"G164"},"2E6":{"t":"H269"},"2E8":{"t":"J3"},"2EB":{"t":"PA18"},"2EC":{"t":"C175"},"2EE":{"t":"PA24"},"2F6":{"t":"C172"},"2F9":{"t":"AA5"},"2FA":{"t":"AA5"},"2FB":{"t":"B47G"},"2FC":{"t":"B47G"},"2FD":{"t":"AA5"},"300":{"t":"AA5"},"301":{"t":"AA5"},"306":{"desc":"L2P"},"307":{"t":"PA18"},"308":{"t":"C210"},"30D":{"t":"PA20"},"30E":{"t":"PA18"},"312":{"t":"C185"},"313":{"t":"P28A"},"318":{"t":"P28A"},"319":{"t":"C172"},"321":{"desc":"L1P"},"322":{"t":"R44"},"331":{"t":"PA18"},"332":{"t":"C175"},"335":{"t":"C182"},"33B":{"t":"P28A"},"33C":{"t":"C172"},"33F":{"t":"S52"},"342":{"t":"PA18"},"345":{"t":"AA5"},"349":{"desc":"L1P"},"34A":{"t":"C172"},"34B":{"t":"CH7A"},"34C":{"t":"C185"},"34E":{"t":"C210"},"350":{"t":"C172"},"355":{"t":"C175"},"357":{"t":"PA24"},"358":{"t":"T206"},"35E":{"t":"P28A"},"35F":{"t":"C172"},"360":{"t":"PA30"},"363":{"t":"R44"},"368":{"t":"B753"},"36A":{"t":"AA5"},"374":{"t":"J3"},"378":{"t":"C175"},"37A":{"t":"PA24"},"37D":{"t":"C150"},"37E":{"t":"C172"},"381":{"t":"P28A"},"383":{"t":"PA30"},"389":{"t":"R22"},"38A":{"t":"AA5"},"38C":{"t":"AA5"},"38D":{"t":"R44"},"38E":{"t":"AA5"},"390":{"t":"C172"},"393":{"t":"PA18"},"396":{"t":"C172"},"399":{"t":"PA20"},"39B":{"t":"C175"},"39D":{"t":"PA24"},"39E":{"t":"C206"},"3A7":{"t":"PA25"},"3A8":{"t":"AA5"},"3AC":{"desc":"L2P"},"3AD":{"t":"AA5"},"3AF":{"t":"AA5"},"3B0":{"t":"AA5"},"3B4":{"t":"CH7A"},"3B6":{"t":"PA18"},"3BB":{"t":"GLID"},"3BE":{"t":"C175"},"3BF":{"t":"BE36"},"3C0":{"t":"PA24"},"3C2":{"t":"P28A"},"3C7":{"t":"P28A"},"3CC":{"t":"AA5"},"3CD":{"t":"AA5"},"3CF":{"t":"AA5"},"3D1":{"t":"AA5"},"3D2":{"t":"C170"},"3D4":{"t":"P28A"},"3D6":{"t":"C172"},"3D7":{"t":"CH7A"},"3D9":{"t":"PA18"},"3DB":{"t":"H269"},"3DC":{"t":"C172"},"3DD":{"t":"J3"},"3DE":{"t":"P28R"},"3E0":{"t":"PA18"},"3E1":{"t":"C175"},"3E3":{"t":"PA24"},"3E4":{"t":"C182"},"3EA":{"t":"P28A"},"3F2":{"t":"T34P"},"3F6":{"t":"B47G"},"3F8":{"t":"C185"},"3FB":{"t":"ULAC"},"3FF":{"t":"PC12"},"402":{"desc":"L2P"},"403":{"desc":"L1P"},"405":{"t":"SF50"},"40D":{"t":"CRJ2"},"40E":{"desc":"L1P"},"40F":{"t":"B762"},"413":{"desc":"A1P","t":"ULAC"},"415":{"t":"B772"},"423":{"t":"S22T"},"42B":{"desc":"L1P"},"42C":{"t":"C421"},"42D":{"t":"BALL"},"42E":{"desc":"L1P"},"42F":{"t":"SR22"},"431":{"desc":"L2J"},"439":{"t":"GA5C"},"43C":{"t":"P28R"},"43D":{"t":"FDCT"},"444":{"t":"BE35"},"445":{"t":"SR20"},"44B":{"t":"BALL"},"450":{"desc":"L1P"},"452":{"desc":"L1P"},"454":{"desc":"L1P"},"455":{"t":"DA40"},"459":{"t":"PA12"},"45D":{"t":"WACO"},"469":{"desc":"L1P","t":"ULAC"},"46D":{"desc":"L1P"},"47A":{"t":"A306"},"47B":{"t":"C208"},"47C":{"t":"B06"},"48C":{"desc":"L2T"},"492":{"t":"PC12"},"4C1":{"desc":"L1P","t":"ULAC"},"4C3":{"desc":"L1P"},"4C7":{"desc":"L1P"},"4D2":{"t":"C25B"},"4E3":{"desc":"L1P"},"4E8":{"t":"C206"},"4F3":{"desc":"L2T"},"4F5":{"t":"BALL"},"508":{"t":"PA34"},"50D":{"t":"B738"},"50F":{"t":"AA5"},"51C":{"t":"BE33"},"51E":{"t":"RV12"},"530":{"desc":"L4P"},"53E":{"t":"C750"},"53F":{"t":"P28A"},"541":{"t":"BL8"},"545":{"t":"SR22"},"547":{"t":"BL8"},"557":{"desc":"L1P"},"568":{"t":"CL30"},"570":{"t":"GLID"},"572":{"t":"S22T"},"573":{"t":"SR22"},"575":{"desc":"L1P"},"581":{"t":"C82S"},"584":{"t":"C206"},"589":{"t":"C320"},"58A":{"t":"B743"},"58D":{"t":"A109"},"58E":{"desc":"L1P"},"58F":{"t":"B407"},"593":{"t":"BL8"},"595":{"desc":"L1P"},"597":{"t":"C206"},"59A":{"t":"LJ60"},"59E":{"t":"B737"},"5A5":{"t":"BALL"},"5AE":{"desc":"L1P"},"5B4":{"t":"C560"},"5B7":{"t":"R44"},"5CC":{"t":"A319"},"5E9":{"desc":"A1P"},"5ED":{"t":"BE35"},"602":{"t":"H25B"},"611":{"t":"C56X"},"614":{"t":"H25B"},"635":{"t":"E75L"},"652":{"t":"H25B"},"653":{"t":"CH7A"},"657":{"t":"H269"},"65F":{"t":"PA24"},"666":{"t":"P28A"},"667":{"t":"C172"},"674":{"desc":"A2P"},"675":{"t":"C172"},"678":{"desc":"H4E"},"679":{"t":"C210"},"67B":{"t":"C172"},"67E":{"t":"PA20"},"681":{"t":"BE33"},"689":{"t":"P28A"},"68E":{"t":"PA18"},"68F":{"t":"PA18"},"690":{"t":"PA18"},"691":{"t":"H269"},"696":{"t":"PA18"},"699":{"t":"CH7A"},"69B":{"desc":"H1P"},"69D":{"t":"H269"},"6A0":{"t":"P28R"},"6A4":{"t":"BE55"},"6A5":{"t":"PA24"},"6A9":{"t":"C172"},"6AA":{"t":"T6"},"6AC":{"t":"P28A"},"6B0":{"t":"P51"},"6B2":{"t":"PA18"},"6B4":{"t":"PA18"},"6B9":{"t":"PA18"},"6BC":{"t":"CH7A"},"6C0":{"t":"H269"},"6C1":{"t":"C172"},"6C3":{"t":"P28R"},"6C7":{"t":"BE55"},"6C8":{"t":"PA24"},"6CA":{"t":"P28A"},"6CC":{"t":"C172"},"6CF":{"t":"P28A"},"6D5":{"t":"PA31"},"6D8":{"t":"PA18"},"6DF":{"t":"CH7A"},"6E1":{"t":"PA18"},"6E7":{"t":"PA20"},"6EB":{"t":"PA24"},"6F2":{"t":"P28A"},"6F4":{"t":"PA30"},"6FB":{"t":"PA18"},"709":{"t":"P28R"},"70C":{"t":"C175"},"70E":{"t":"PA24"},"716":{"t":"C172"},"71D":{"t":"PA18"},"723":{"desc":"L1P"},"724":{"t":"C172"},"727":{"t":"PA18"},"72D":{"t":"G164"},"72F":{"t":"C175"},"731":{"t":"PA24"},"734":{"t":"AEST"},"739":{"t":"C172"},"73C":{"t":"PA18"},"740":{"t":"PA18"},"743":{"t":"PA18"},"744":{"t":"PA18"},"746":{"t":"GLID"},"747":{"t":"C172"},"749":{"t":"T28"},"74B":{"t":"C210"},"74E":{"t":"J3"},"750":{"t":"PA20"},"754":{"t":"PA24"},"758":{"t":"C172"},"75C":{"t":"C172"},"761":{"t":"PA31"},"767":{"t":"P51"},"768":{"t":"PA18"},"76A":{"t":"C172"},"772":{"t":"P28R"},"774":{"t":"PA18"},"777":{"t":"PA24"},"77B":{"t":"C172"},"788":{"desc":"A1P"},"78D":{"t":"C172"},"78F":{"t":"C172"},"794":{"t":"J3"},"796":{"t":"PA20"},"79A":{"t":"PA24"},"79C":{"t":"P28A"},"79E":{"t":"C172"},"7A1":{"t":"P28A"},"7A2":{"t":"C172"},"7A5":{"t":"PA18"},"7AB":{"t":"PA18"},"7AD":{"t":"PA18"},"7AF":{"t":"BE30"},"7B4":{"t":"P28A"},"7B7":{"t":"GLF6"},"7B9":{"desc":"L1P"},"7BA":{"t":"C82S"},"7BB":{"t":"C177"},"7BC":{"t":"BE55"},"7C0":{"desc":"L1P"},"7C1":{"t":"GLID"},"7C2":{"t":"BE36"},"7C3":{"t":"P32R"},"7C5":{"t":"PAY3"},"7C6":{"t":"LJ45"},"7C8":{"desc":"L1P"},"7CA":{"t":"T210"},"7CB":{"desc":"L2T","t":"BE18"},"7CD":{"desc":"L1P"},"7CF":{"t":"CH7B"},"7D2":{"t":"PA34"},"7D3":{"t":"BE33"},"7D4":{"desc":"L1P"},"7D6":{"t":"C182"},"7D7":{"desc":"L1P"},"7DA":{"t":"TBM7"},"7DB":{"t":"TBM7"},"7DE":{"desc":"L1P"},"7E2":{"t":"C185"},"7E3":{"t":"BE55"},"7E4":{"t":"C421"},"7E5":{"t":"GLF5"},"7E7":{"desc":"L1P"},"7E8":{"desc":"L1P"},"7E9":{"t":"C185"},"7EB":{"desc":"L1P"},"7EC":{"t":"SR22"},"7ED":{"t":"BE58"},"7EE":{"desc":"L1P"},"7F3":{"t":"BE33"},"7F7":{"t":"B06"},"7F8":{"t":"GLF4"},"7FA":{"desc":"L1P"},"7FC":{"t":"T210"},"7FD":{"desc":"L1P"},"7FE":{"t":"HUSK"},"7FF":{"t":"BE36"},"801":{"t":"M20P"},"802":{"t":"BE36"},"803":{"t":"C560"},"804":{"t":"BE35"},"805":{"t":"C206"},"806":{"t":"CJ6"},"807":{"t":"T210"},"809":{"t":"R66"},"80B":{"t":"P32T"},"80D":{"t":"P32R"},"810":{"t":"C182"},"811":{"desc":"L1P"},"812":{"t":"GLID"},"814":{"t":"SF50"},"815":{"t":"EA50"},"817":{"desc":"L1P"},"819":{"t":"C210"},"81A":{"t":"GLID"},"81B":{"t":"C750"},"81C":{"t":"P28A"},"81E":{"t":"F2TH"},"81F":{"t":"HUSK"},"824":{"t":"C172"},"825":{"t":"C510"},"826":{"t":"SR20"},"828":{"desc":"L1P"},"829":{"desc":"H1P"},"82A":{"t":"BALL"},"82C":{"desc":"L1P"},"82F":{"t":"C180"},"831":{"t":"SF50"},"833":{"t":"C172"},"835":{"desc":"L1P"},"837":{"desc":"L1P"},"83B":{"t":"LJ45"},"845":{"t":"P28A"},"846":{"desc":"L2T"},"847":{"t":"H25A"},"848":{"t":"C402"},"84A":{"desc":"L1P"},"84B":{"desc":"L1P"},"84D":{"desc":"H2T"},"84F":{"t":"BE18"},"851":{"t":"T210"},"852":{"t":"C208"},"854":{"t":"P28A"},"856":{"t":"H25B"},"85F":{"desc":"L1P"},"860":{"t":"BE33"},"861":{"t":"S22T"},"863":{"t":"PA30"},"865":{"t":"C680"},"866":{"t":"GLID"},"869":{"desc":"L1P"},"86D":{"t":"BT36"},"86F":{"desc":"L1P"},"870":{"t":"C750"},"876":{"t":"HUSK"},"879":{"desc":"L1P"},"87B":{"t":"BE18"},"87D":{"t":"PA32"},"87F":{"t":"BE23"},"884":{"t":"F2TH"},"888":{"desc":"L2P"},"88A":{"t":"ST75"},"88D":{"desc":"L1P"},"890":{"t":"ST75"},"891":{"desc":"L1P"},"892":{"desc":"L1P"},"893":{"t":"C182"},"894":{"desc":"A1P"},"895":{"t":"PA46"},"896":{"t":"F900"},"897":{"t":"L29"},"898":{"t":"BE55"},"899":{"t":"GLEX"},"89A":{"desc":"L1P"},"89C":{"t":"ULAC"},"89D":{"desc":"L1P"},"8A1":{"desc":"L1P"},"8A3":{"desc":"L1P"},"8A6":{"t":"BE33"},"8A7":{"t":"LJ45"},"8A8":{"t":"C208"},"8AC":{"desc":"L1P"},"8AD":{"desc":"L1P","t":"ULAC"},"8AE":{"t":"FA62"},"8AF":{"t":"C185"},"8B0":{"desc":"L1P"},"8B1":{"t":"P210"},"8B2":{"t":"E55P"},"8B3":{"t":"LJ55"},"8B4":{"t":"PA31"},"8B5":{"desc":"L1P"},"8B6":{"desc":"L1P"},"8B7":{"desc":"A1P"},"8BA":{"desc":"L1P"},"8BC":{"t":"C525"},"8BE":{"t":"BE20"},"8BF":{"t":"BE9L"},"8C3":{"desc":"L1P"},"8C5":{"t":"B350"},"8C6":{"desc":"L1P"},"8C7":{"desc":"L1P"},"8C8":{"t":"BE30"},"8CA":{"t":"SR22"},"8CB":{"desc":"L1P"},"8CC":{"t":"BE60"},"8CD":{"t":"C172"},"8CE":{"t":"C182"},"8CF":{"t":"CH7B"},"8D0":{"t":"LJ45"},"8D1":{"t":"PA22"},"8D3":{"t":"ST75"},"8D4":{"t":"BE9T"},"8D5":{"t":"C525"},"8D7":{"t":"LJ45"},"8D8":{"t":"ST75"},"8D9":{"desc":"L2T"},"8DC":{"t":"U21"},"8DD":{"t":"ST75"},"8DF":{"desc":"L1P"},"8E0":{"t":"PC12"},"8E3":{"t":"PC12"},"8E5":{"desc":"L1P"},"8E7":{"t":"P68"},"8E8":{"t":"ST75"},"8EA":{"t":"CL60"},"8ED":{"t":"C172"},"8F0":{"desc":"H4E"},"8F1":{"desc":"L1P"},"8F2":{"t":"C337"},"8F5":{"desc":"L1P"},"8F6":{"desc":"L1P"},"8F8":{"t":"PA18"},"8F9":{"t":"C182"},"8FC":{"t":"BE9L"},"8FD":{"t":"M20T"},"8FE":{"t":"C206"},"8FF":{"desc":"L1P"},"900":{"desc":"L1P"},"901":{"t":"NAVI"},"905":{"t":"BE35"},"906":{"t":"C56X"},"907":{"t":"ST75"},"909":{"t":"BE36"},"90A":{"t":"M20T"},"90E":{"t":"BE18"},"927":{"t":"BE35"},"928":{"desc":"L2J"},"929":{"t":"C182"},"92A":{"t":"T210"},"92B":{"t":"ERCO"},"92C":{"t":"PA32"},"92D":{"t":"AEST"},"931":{"t":"GLID"},"932":{"t":"BE40"},"933":{"t":"BT36"},"935":{"t":"GLF5"},"938":{"t":"BE9L"},"939":{"desc":"L1P"},"93B":{"t":"PA34"},"93F":{"t":"E50P"},"941":{"t":"SR22"},"942":{"desc":"L1P"},"944":{"t":"C172"},"945":{"t":"CH7B"},"946":{"t":"C182"},"947":{"t":"P32R"},"948":{"desc":"L1P"},"94A":{"t":"C421"},"94B":{"desc":"L1P","t":"ULAC"},"94C":{"t":"C182"},"94E":{"t":"B407"},"950":{"t":"LJ45"},"951":{"t":"BE35"},"953":{"t":"C310"},"954":{"t":"ST75"},"955":{"t":"GLID"},"957":{"t":"SIRA"},"959":{"t":"S22T"},"95B":{"desc":"L1P","t":"TB0"},"95C":{"t":"C172"},"95D":{"desc":"L1P"},"95F":{"t":"GLF5"},"960":{"t":"BE40"},"961":{"t":"BE36"},"962":{"desc":"L1P"},"964":{"t":"BE36"},"967":{"t":"C56X"},"968":{"t":"ST75"},"969":{"t":"C185"},"96B":{"t":"C414"},"96D":{"t":"B06"},"96E":{"t":"PAY1"},"96F":{"t":"C750"},"972":{"t":"AC90"},"975":{"desc":"L1P"},"97E":{"t":"LJ45"},"983":{"t":"C182"},"984":{"desc":"L1P","t":"LA4"},"98B":{"t":"U21"},"98C":{"t":"C180"},"98D":{"t":"GLEX"},"98E":{"t":"SBR1"},"990":{"desc":"L1P"},"993":{"t":"C150"},"995":{"t":"C525"},"997":{"t":"HDJT"},"99B":{"t":"P210"},"99D":{"desc":"L1P"},"9A1":{"t":"M7"},"9A2":{"t":"PA18"},"9A6":{"t":"PA46"},"9A7":{"t":"C150"},"9A8":{"t":"R44"},"9A9":{"t":"E55P"},"9AA":{"t":"P210"},"9AB":{"t":"C182"},"9AC":{"t":"PC12"},"9AF":{"t":"C550"},"9B2":{"t":"C560"},"9B4":{"desc":"L1P"},"9B6":{"desc":"L1P"},"9B7":{"desc":"L1P"},"9B8":{"desc":"L1P"},"9B9":{"t":"S22T"},"9BB":{"t":"HUSK"},"9C0":{"desc":"L1P"},"9C5":{"desc":"L1P"},"9C8":{"t":"C56X"},"9CB":{"t":"LJ45"},"9CF":{"desc":"L1P","t":"ULAC"},"9D6":{"t":"B06"},"9D7":{"t":"C210"},"9E6":{"t":"BE33"},"9ED":{"t":"DA62"},"9EF":{"t":"U21"},"9F1":{"desc":"L1P"},"9FB":{"t":"SR22"},"A05":{"desc":"L1P"},"A08":{"t":"C180"},"A09":{"desc":"L1P"},"A0A":{"desc":"L1P"},"A0B":{"t":"TBM7"},"A0D":{"desc":"L1P"},"A14":{"desc":"L1T","t":"SS2P"},"A15":{"desc":"L1P"},"A16":{"t":"B772"},"A17":{"desc":"L1P"},"A19":{"desc":"L1P"},"A1D":{"t":"A320"},"A1E":{"t":"PA32"},"A1F":{"t":"B762"},"A20":{"desc":"L1T"},"A22":{"desc":"L1T"},"A23":{"t":"C56X"},"A24":{"t":"BE20"},"A25":{"desc":"L1P"},"A29":{"desc":"A1P"},"A2A":{"desc":"L1T"},"A2B":{"desc":"L1P"},"A2C":{"desc":"L1P"},"A2D":{"t":"C750"},"A2E":{"desc":"L1P"},"A30":{"desc":"L1P","t":"C750"},"A32":{"desc":"L1P","t":"FA50"},"A33":{"desc":"L1P"},"A34":{"desc":"L1P"},"A39":{"desc":"L1P"},"A3A":{"desc":"L1P"},"A3C":{"desc":"L2T"},"A3D":{"t":"BALL"},"A3F":{"t":"SR22"},"A42":{"desc":"L1T"},"A43":{"desc":"L1P"},"A45":{"t":"C650"},"A46":{"desc":"L1P"},"A48":{"desc":"L1P"},"A49":{"t":"C172"},"A4B":{"t":"LJ45"},"A4D":{"t":"C750"},"A4F":{"desc":"L1P"},"A50":{"t":"C750"},"A51":{"t":"C750"},"A53":{"desc":"L1P"},"A54":{"desc":"L1P"},"A56":{"t":"M20P"},"A57":{"t":"M20P"},"A59":{"desc":"L1P"},"A5B":{"desc":"L1P"},"A5C":{"desc":"L1P"},"A5F":{"desc":"L1P"},"A62":{"desc":"L1P"},"A64":{"t":"C310"},"A65":{"desc":"L1P"},"A66":{"desc":"L1P"},"A68":{"desc":"L1T"},"A69":{"desc":"L1P"},"A6A":{"t":"C750"},"A6B":{"desc":"L1P"},"A6C":{"desc":"L1T"},"A6D":{"desc":"L1P"},"A6E":{"t":"C750"},"A6F":{"desc":"L1P"},"A70":{"t":"C750"},"A76":{"desc":"L1P"},"A78":{"t":"H25B"},"A7D":{"desc":"L1T"},"A7E":{"desc":"L1P"},"A81":{"t":"CRJ7"},"A85":{"desc":"L1P"},"A87":{"t":"H25B"},"A89":{"t":"BE10"},"A8A":{"t":"A306"},"A8D":{"desc":"L1P"},"A91":{"t":"C560"},"A92":{"desc":"L1P"},"A93":{"desc":"L1P"},"A94":{"desc":"L1P"},"A96":{"t":"FA50"},"A98":{"desc":"L1P"},"A9B":{"desc":"L1P"},"A9C":{"t":"C208"},"A9D":{"desc":"L1P"},"A9F":{"desc":"H1T"},"AA1":{"t":"C750"},"AA2":{"desc":"L1P"},"AA5":{"t":"C750"},"AA8":{"desc":"L1T"},"AA9":{"t":"C750"},"AAB":{"t":"C750"},"AB1":{"t":"R44"},"AB3":{"t":"P32R"},"AB4":{"desc":"L1P"},"AB7":{"desc":"L1P"},"AB8":{"t":"BE58"},"ABA":{"desc":"L1P"},"ABB":{"t":"C750"},"ABE":{"t":"GLF6"},"ABF":{"t":"BALL"},"AC0":{"t":"C750"},"AC2":{"t":"PA30"},"AC4":{"t":"H25B"},"AC6":{"t":"UH1"},"AC9":{"desc":"L1P"},"ACE":{"desc":"L1P"},"AD0":{"desc":"L1P"},"AD1":{"desc":"L1P","t":"ULAC"},"AD4":{"desc":"L1P"},"AD6":{"t":"F2TH"},"AD7":{"t":"BE33"},"AD8":{"desc":"L1P"},"AD9":{"desc":"L1P"},"ADD":{"t":"C550"},"ADF":{"t":"C182"},"AE1":{"t":"C750"},"AE2":{"desc":"L1P"},"AE3":{"t":"C750"},"AE6":{"desc":"L1P"},"AE9":{"desc":"L1P"},"AEA":{"t":"PA18"},"AEB":{"t":"BE20"},"AEC":{"desc":"L1P"},"AEE":{"desc":"L2J"},"AF4":{"desc":"L1P"},"AF8":{"t":"C208"},"AFC":{"desc":"L1P"},"B04":{"t":"AT8T"},"B05":{"t":"BALL"},"B06":{"t":"E550"},"B08":{"desc":"L1P","t":"ULAC"},"B0A":{"t":"GLF5"},"B0B":{"desc":"L1P"},"B0D":{"desc":"L1P"},"B0E":{"t":"LJ45"},"B0F":{"desc":"L1P"},"B11":{"desc":"L1P"},"B18":{"desc":"L1P"},"B1B":{"desc":"L1P"},"B1F":{"desc":"L1P"},"B20":{"t":"BE20"},"B21":{"t":"C750"},"B22":{"t":"C750"},"B23":{"t":"PC12"},"B24":{"t":"GLID"},"B25":{"desc":"L1P"},"B27":{"t":"C560"},"B2C":{"desc":"L1P"},"B30":{"desc":"L1P"},"B31":{"t":"GLID"},"B35":{"desc":"L1P"},"B36":{"t":"C750"},"B37":{"desc":"L1P"},"B38":{"desc":"L1P"},"B39":{"t":"P28A"},"B3C":{"t":"C750"},"B3D":{"desc":"L1P"},"B3E":{"desc":"L1P"},"B41":{"desc":"L1P"},"B46":{"desc":"L2J","t":"C750"},"B47":{"t":"T206"},"B4A":{"desc":"L1P"},"B4E":{"t":"BE33"},"B50":{"desc":"L2J"},"B51":{"t":"C340"},"B52":{"desc":"L1P"},"B53":{"desc":"L1P"},"B56":{"t":"C150"},"B57":{"desc":"L1T"},"B58":{"desc":"L1P"},"B59":{"desc":"L1P"},"B5A":{"t":"C185"},"B5C":{"desc":"L1P"},"B5E":{"desc":"L1P"},"B5F":{"desc":"L1P"},"B60":{"t":"C750"},"B63":{"desc":"A1P"},"B79":{"desc":"L1P"},"B83":{"t":"BE9L"},"B86":{"desc":"A2P"},"B87":{"desc":"L2P"},"B88":{"desc":"L1P"},"B8A":{"desc":"L1P"},"B8C":{"desc":"L1P"},"B8D":{"desc":"L1P"},"B8E":{"desc":"L1P"},"B90":{"desc":"L1P"},"B92":{"t":"PA44"},"B94":{"t":"C208"},"B9A":{"t":"B737"},"B9B":{"desc":"L1P"},"B9C":{"t":"E55P"},"B9D":{"desc":"L1T"},"BA0":{"t":"H25B"},"BA1":{"t":"BALL"},"BA2":{"desc":"L1P"},"BA3":{"t":"CRJ7"},"BA4":{"t":"C25A"},"BA5":{"desc":"L1P"},"BA6":{"desc":"L1T"},"BA7":{"desc":"L1P"},"BAA":{"desc":"L1T"},"BAD":{"desc":"L1P"},"BB1":{"desc":"L1P"},"BB5":{"t":"BALL"},"BB6":{"desc":"L1P"},"BB8":{"desc":"L1P"},"BBA":{"t":"BE24"},"BBC":{"desc":"L1P"},"BBD":{"desc":"L1P"},"BBE":{"desc":"L1P"},"BBF":{"desc":"L1P"},"BC0":{"desc":"L1P"},"BC2":{"desc":"L1P"},"BC3":{"desc":"L1P"},"BC4":{"t":"BE20"},"BC7":{"desc":"L1P"},"BC8":{"t":"C750"},"BCA":{"desc":"L1P"},"BCB":{"t":"P28A"},"BD8":{"desc":"H4E"},"BD9":{"desc":"L1T"},"BDC":{"desc":"L1P"},"BE0":{"t":"A319"},"BEF":{"desc":"L1T"},"BF0":{"t":"H25B"},"BF2":{"t":"C750"},"BFA":{"desc":"L1T"},"BFF":{"desc":"A1P"},"C01":{"desc":"L1P","t":"ULAC"},"C03":{"desc":"L1P"},"C04":{"desc":"L1P"},"C05":{"t":"BALL"},"C06":{"desc":"L1P"},"C07":{"desc":"L1P"},"C08":{"desc":"L1P"},"C0B":{"desc":"L1P"},"C0D":{"t":"C750"},"C0F":{"desc":"L1P","t":"ULAC"},"C12":{"desc":"L1P"},"C13":{"desc":"L1P"},"C14":{"desc":"L1P"},"C15":{"desc":"L1P"},"C16":{"desc":"L1P"},"C17":{"desc":"L1P"},"C1C":{"desc":"L1P"},"C1F":{"t":"C750"},"C21":{"desc":"L1T"},"C27":{"desc":"L1P"},"C28":{"desc":"L1P"},"C2C":{"t":"C750"},"C2E":{"desc":"L1P"},"C2F":{"t":"C172"},"C31":{"desc":"L1P"},"C33":{"desc":"L1P"},"C3A":{"desc":"L1P"},"C3B":{"desc":"L1P"},"C3C":{"desc":"L1P"},"C3D":{"desc":"L1P"},"C45":{"t":"E75L"},"C48":{"t":"C208"},"C4B":{"desc":"L1P"},"C4C":{"desc":"L1P"},"C4F":{"desc":"L1P"},"C53":{"desc":"L1P"},"C55":{"desc":"L1P"},"C5A":{"desc":"L1P"},"C5C":{"desc":"L1P"},"C5D":{"desc":"L1P"},"C60":{"desc":"L1P"},"C64":{"desc":"L1P"},"C65":{"t":"PA22"},"C67":{"t":"CH7B"},"C68":{"t":"BALL"},"C69":{"t":"PA12"},"C6A":{"t":"P28R"},"C6D":{"t":"C175"},"C6E":{"t":"BE36"},"C6F":{"t":"PA24"},"C70":{"desc":"L1P","t":"ULAC"},"C71":{"t":"P28A"},"C72":{"desc":"L1T"},"C73":{"t":"C172"},"C74":{"t":"G164"},"C76":{"t":"P28A"},"C77":{"desc":"L1P","t":"ULAC"},"C78":{"t":"BALL"},"C7B":{"t":"ST75"},"C7C":{"desc":"L1T","t":"G164"},"C7E":{"desc":"L1P"},"C7F":{"t":"P28A"},"C81":{"t":"ST75"},"C82":{"t":"P28B"},"C83":{"t":"ST75"},"C84":{"desc":"L1P"},"C85":{"desc":"L1T","t":"G164"},"C89":{"desc":"L1T","t":"G164"},"C8A":{"t":"CH7B"},"C8B":{"t":"BALL"},"C8D":{"t":"P28R"},"C8E":{"desc":"L1T","t":"G164"},"C90":{"t":"C175"},"C91":{"t":"BE36"},"C92":{"desc":"L1T","t":"G164"},"C93":{"desc":"L1T","t":"G164"},"C95":{"t":"BE55"},"C96":{"t":"C172"},"C97":{"t":"BALL"},"C98":{"desc":"L3P"},"C99":{"t":"P28A"},"C9D":{"t":"ST75"},"CA1":{"t":"P32R"},"CA3":{"t":"ST75"},"CA4":{"t":"BALL"},"CA8":{"desc":"L1T","t":"G164"},"CA9":{"desc":"L1T","t":"G164"},"CAA":{"desc":"L1T","t":"G164"},"CAB":{"t":"PA22"},"CAD":{"t":"CH7A"},"CAE":{"t":"BALL"},"CAF":{"t":"PA12"},"CB0":{"t":"P28R"},"CB3":{"desc":"L1T","t":"G164"},"CB4":{"desc":"L2P"},"CB6":{"t":"BALL"},"CB7":{"t":"P28A"},"CB8":{"desc":"L2P"},"CB9":{"t":"C172"},"CBA":{"desc":"L1P"},"CBB":{"t":"C77R"},"CBD":{"t":"C172"},"CBE":{"desc":"L1T","t":"G164"},"CC1":{"t":"P28A"},"CC3":{"desc":"L1P","t":"ULAC"},"CC5":{"desc":"L1T","t":"G164"},"CC8":{"desc":"L1P","t":"ULAC"},"CC9":{"desc":"L1P","t":"ULAC"},"CCA":{"desc":"L1P"},"CCB":{"desc":"L1P"},"CCF":{"t":"BALL"},"CD0":{"t":"CH7A"},"CD1":{"t":"BALL"},"CD2":{"desc":"L1T","t":"G164"},"CD3":{"t":"BALL"},"CD5":{"desc":"L1T","t":"G164"},"CD6":{"t":"C175"},"CD8":{"t":"PA24"},"CD9":{"t":"BALL"},"CDA":{"t":"P28A"},"CDB":{"desc":"L2P"},"CDC":{"t":"C172"},"CDE":{"t":"C77R"},"CDF":{"t":"P28A"},"CE0":{"t":"C172"},"CE1":{"t":"PA30"},"CE4":{"t":"ST75"},"CE7":{"t":"P32R"},"CE8":{"t":"ST75"},"CEB":{"t":"BALL"},"CEC":{"t":"P28A"},"CF0":{"desc":"L1P"},"CF1":{"t":"BALL"},"CF2":{"t":"BALL"},"CF3":{"t":"CH7A"},"CF5":{"t":"PA12"},"CF7":{"t":"ULAC"},"CFA":{"t":"BE36"},"CFE":{"t":"H269"},"CFF":{"t":"BALL"},"D00":{"desc":"L1P","t":"ULAC"},"D01":{"t":"C77R"},"D02":{"t":"P28A"},"D03":{"t":"C172"},"D05":{"t":"H269"},"D0C":{"t":"P28R"},"D0D":{"t":"P28A"},"D0E":{"t":"P28A"},"D0F":{"t":"P28A"},"D10":{"t":"C180"},"D12":{"t":"H269"},"D14":{"t":"PA22"},"D16":{"t":"CH7A"},"D17":{"t":"C150"},"D18":{"t":"BALL"},"D19":{"t":"BALL"},"D1B":{"t":"BALL"},"D1D":{"t":"BE36"},"D1F":{"t":"C310"},"D20":{"t":"P28A"},"D22":{"t":"BALL"},"D24":{"t":"C77R"},"D26":{"t":"C172"},"D28":{"t":"BALL"},"D29":{"t":"P28R"},"D2A":{"desc":"L1P","t":"ULAC"},"D2B":{"t":"ST75"},"D2D":{"t":"H269"},"D2E":{"t":"P28A"},"D2F":{"t":"P28A"},"D30":{"t":"P28A"},"D31":{"t":"P28A"},"D32":{"t":"P28A"},"D34":{"desc":"L1P","t":"ULAC"},"D35":{"t":"CH7A"},"D39":{"t":"CH7A"},"D3B":{"t":"BALL"},"D3D":{"t":"PA18"},"D40":{"t":"H269"},"D42":{"t":"BALL"},"D43":{"t":"P28A"},"D45":{"t":"C172"},"D49":{"t":"C172"},"D4B":{"t":"PA25"},"D4C":{"desc":"L1P"},"D50":{"t":"CH7A"},"D51":{"t":"BALL"},"D52":{"t":"J3"},"D53":{"desc":"L1P"},"D54":{"t":"H269"},"D55":{"t":"CH7A"},"D58":{"t":"CH7A"},"D59":{"t":"H269"},"D5A":{"desc":"L1P"},"D5B":{"t":"CH7A"},"D5C":{"t":"CH7A"},"D5D":{"t":"R22"},"D5F":{"desc":"L1P"},"D62":{"t":"H269"},"D63":{"t":"R22"},"D64":{"t":"ULAC"},"D66":{"t":"P28A"},"D67":{"desc":"L2P"},"D69":{"t":"H269"},"D6B":{"t":"BALL"},"D6C":{"t":"R44"},"D6E":{"desc":"L1P","t":"ULAC"},"D6F":{"t":"H269"},"D70":{"t":"ULAC"},"D73":{"t":"P28A"},"D75":{"t":"ULAC"},"D77":{"t":"P28A"},"D7A":{"t":"BALL"},"D7B":{"t":"CH7A"},"D7C":{"desc":"L1P"},"D81":{"t":"H269"},"D82":{"t":"P28R"},"D83":{"t":"PA18"},"D84":{"t":"H269"},"D85":{"desc":"L1P"},"D87":{"t":"B06"},"D88":{"t":"C310"},"D89":{"t":"P28A"},"D8B":{"t":"C172"},"D8E":{"t":"R22"},"D8F":{"t":"C172"},"D91":{"t":"R44"},"D92":{"t":"P28A"},"D94":{"t":"P28A"},"D95":{"desc":"L1P","t":"ULAC"},"D96":{"t":"P28A"},"D97":{"desc":"L1P"},"D98":{"t":"ULAC"},"D99":{"t":"ULAC"},"D9A":{"t":"J3"},"DA0":{"t":"PA22"},"DA2":{"t":"BALL"},"DA8":{"t":"C175"},"DAA":{"t":"PA24"},"DAD":{"desc":"L2P"},"DAE":{"t":"C172"},"DAF":{"desc":"L1P","t":"ULAC"},"DB0":{"desc":"L1T"},"DB1":{"desc":"L1P"},"DB2":{"t":"C172"},"DB3":{"desc":"L1T"},"DB5":{"desc":"L1P"},"DB6":{"t":"P32R"},"DB7":{"desc":"L1P","t":"ULAC"},"DB8":{"t":"P28A"},"DBA":{"t":"P28A"},"DBB":{"desc":"L1T","t":"G164"},"DBC":{"t":"ULAC"},"DBD":{"t":"J3"},"DBE":{"desc":"L1T","t":"G164"},"DBF":{"t":"PA18"},"DC0":{"desc":"L2P"},"DC1":{"t":"C750"},"DC4":{"t":"SR22"},"DCA":{"desc":"A1P"},"DCB":{"t":"B752"},"DCC":{"t":"AS50"},"DCD":{"t":"B772"},"DCE":{"t":"SR22"},"DD4":{"t":"A319"},"DDA":{"desc":"A1P","t":"ULAC"},"DDC":{"t":"GALX"},"DE0":{"t":"C680"},"DE3":{"t":"C172"},"DE7":{"t":"HDJT"},"DE9":{"t":"AC90"},"DEF":{"desc":"L1T"},"DF3":{"t":"C402"},"DF5":{"t":"PA46"},"DF7":{"desc":"L4P"},"DFA":{"desc":"L1P"},"E00":{"t":"C172"},"E08":{"t":"B752"},"E0B":{"t":"BE35"},"E0D":{"desc":"H1T"},"E0E":{"t":"GLID"},"E12":{"desc":"L1P","t":"ULAC"},"E15":{"desc":"L1P"},"E1B":{"t":"C182"},"E1C":{"t":"C150"},"E20":{"t":"C72R"},"E24":{"t":"WACO"},"E25":{"t":"C750"},"E26":{"desc":"A1P","t":"ULAC"},"E27":{"t":"LJ45"},"E28":{"t":"C750"},"E30":{"t":"C750"},"E35":{"t":"C182"},"E38":{"t":"CRJ7"},"E39":{"t":"ULAC"},"E3F":{"t":"PC12"},"E41":{"t":"A306"},"E42":{"t":"C208"},"E4E":{"desc":"L1P","t":"ULAC"},"E53":{"t":"C208"},"E62":{"t":"C750"},"E72":{"t":"B407"},"E79":{"desc":"L1P"},"E7D":{"desc":"L1P"},"E88":{"t":"TBM7"},"E8A":{"t":"S22T"},"E8B":{"t":"LJ45"},"E8C":{"desc":"L1P"},"E94":{"t":"FDCT"},"E97":{"desc":"L1P"},"E99":{"t":"C25B"},"EA1":{"t":"WACO"},"EA4":{"t":"BE9L"},"EA5":{"desc":"L1P"},"EB2":{"t":"P28R"},"EBA":{"t":"B350"},"EBB":{"desc":"L1P"},"EBC":{"t":"P32R"},"EC5":{"t":"S76"},"EC8":{"t":"LJ45"},"ECB":{"t":"C170"},"ED3":{"desc":"L1P"},"ED4":{"desc":"A1T","t":"KODI"},"ED5":{"desc":"L1P"},"ED6":{"t":"C180"},"ED7":{"desc":"L1P"},"EDE":{"t":"C172"},"EDF":{"t":"C750"},"EE5":{"t":"H25B"},"EEC":{"desc":"L1P"},"EF0":{"t":"P28A"},"F06":{"desc":"H4E"},"F08":{"t":"P28A"},"F0B":{"t":"M7"},"F0E":{"desc":"L2J"},"F10":{"desc":"L2J"},"F13":{"t":"BE36"},"F16":{"t":"S22T"},"F17":{"desc":"L1P"},"F2F":{"t":"CL30"},"F37":{"desc":"L1P","t":"ULAC"},"F3A":{"t":"P51"},"F40":{"t":"P28B"},"F48":{"desc":"L1P"},"F4B":{"desc":"L1P"},"F50":{"t":"C180"},"F53":{"desc":"L1P"},"F55":{"desc":"L1P"},"F58":{"desc":"H1P"},"F5A":{"t":"CRJ7"},"F5E":{"t":"C172"},"F65":{"t":"B737"},"F6A":{"desc":"L1P"},"F6B":{"desc":"L1P"},"F6F":{"desc":"L1P"},"F71":{"desc":"H1P"},"F72":{"desc":"L1P"},"F74":{"desc":"L1P","t":"ULAC"},"F75":{"desc":"L1P"},"F79":{"t":"SW4"},"F7A":{"desc":"L1P"},"F7F":{"desc":"L1P"},"F82":{"t":"BL8"},"F97":{"t":"A319"},"F9B":{"desc":"L1P"},"FB6":{"desc":"L1P"},"FB7":{"desc":"L1T"},"FC6":{"t":"P28A"},"FC9":{"t":"PA30"},"FCB":{"desc":"L1T","t":"G164"},"FD6":{"t":"C750"},"FE6":{"t":"G164"},"FFC":{"t":"E75L"},"FFE":{"t":"P28A"}}