{"008":{"desc":"L1P","t":"ULAC"},"00A":{"t":"A320"},"00E":{"t":"EA50"},"011":{"t":"GLF5"},"019":{"t":"C560"},"01D":{"t":"F2TH"},"021":{"t":"WACO"},"022":{"desc":"L1P"},"025":{"desc":"L2T"},"02D":{"t":"BE35"},"033":{"desc":"H4E"},"03B":{"desc":"H4E"},"03C":{"desc":"H1P"},"048":{"t":"C68A"},"054":{"desc":"L1P","t":"ULAC"},"055":{"t":"PAY2"},"05B":{"t":"S76"},"064":{"desc":"H4E"},"06D":{"t":"B763"},"070":{"t":"P28A"},"086":{"desc":"L1E"},"08A":{"t":"PA31"},"0AF":{"t":"CL30"},"0B0":{"desc":"H4E"},"0BB":{"t":"E170"},"0C8":{"t":"GLID"},"0CB":{"desc":"L1P"},"0D1":{"desc":"L1E"},"0D3":{"desc":"L1P"},"0D8":{"desc":"L1P"},"0DA":{"t":"CRJ7"},"0DE":{"t":"C172"},"0E0":{"desc":"L1P","t":"ULAC"},"0E2":{"t":"UH1"},"0E5":{"t":"B737"},"0E6":{"t":"S76"},"0EC":{"t":"BALL"},"0F4":{"desc":"L1P"},"0FC":{"t":"RV12"},"103":{"t":"B772"},"113":{"t":"A319"},"11C":{"t":"B762"},"134":{"t":"BE55"},"140":{"t":"ST75"},"165":{"desc":"H4E"},"166":{"desc":"L1P"},"198":{"t":"GLID"},"19B":{"t":"ULAC"},"19C":{"t":"PA18"},"19D":{"t":"CH7A"},"19E":{"t":"P28A"},"19F":{"t":"C172"},"1A2":{"t":"C180"},"1A5":{"t":"BE55"},"1A8":{"t":"BE19"},"1A9":{"t":"BL8"},"1AD":{"t":"P28A"},"1AF":{"t":"C185"},"1B7":{"t":"C120"},"1C1":{"t":"PA34"},"1C2":{"t":"C172"},"1C5":{"t":"C180"},"1C7":{"desc":"L1P"},"1CA":{"t":"C310"},"1CC":{"t":"CH7B"},"1CE":{"t":"T210"},"1D2":{"t":"PA30"},"1D7":{"t":"C140"},"1DE":{"t":"GLID"},"1E0":{"t":"B14A"},"1E1":{"desc":"A1P"},"1E2":{"t":"PA18"},"1E4":{"desc":"H2T"},"1E6":{"t":"PA12"},"1E7":{"t":"P28R"},"1EA":{"t":"C175"},"1EE":{"t":"BE19"},"1F0":{"t":"C172"},"1F1":{"t":"C150"},"1F3":{"t":"P28A"},"1F4":{"t":"C172"},"1FD":{"t":"C120"},"200":{"t":"C140"},"203":{"t":"B14A"},"205":{"t":"PA18"},"207":{"t":"P28A"},"208":{"t":"C172"},"209":{"t":"R22"},"20B":{"t":"PA20"},"20C":{"desc":"L1P"},"20D":{"t":"C175"},"20F":{"t":"PA24"},"212":{"t":"BL8"},"213":{"t":"C172"},"21C":{"t":"C140"},"21E":{"t":"C120"},"220":{"t":"C140"},"221":{"desc":"H4E"},"222":{"t":"C120"},"226":{"t":"B14A"},"227":{"t":"PA34"},"228":{"t":"PA18"},"22A":{"t":"P28A"},"22C":{"t":"PA12"},"22E":{"t":"C180"},"231":{"t":"BE35"},"232":{"t":"PA24"},"235":{"t":"CH7B"},"23E":{"t":"C140"},"240":{"t":"C140"},"241":{"t":"C120"},"244":{"t":"C140"},"245":{"t":"C120"},"248":{"t":"C180"},"249":{"t":"B14A"},"24A":{"t":"S76"},"24B":{"t":"PA18"},"24C":{"t":"CH7A"},"253":{"t":"C82T"},"254":{"t":"T210"},"255":{"t":"PA24"},"256":{"t":"C310"},"258":{"t":"CH7B"},"25E":{"t":"PA30"},"25F":{"t":"PA25"},"260":{"t":"C140"},"26A":{"t":"GLID"},"26C":{"t":"B14A"},"26F":{"t":"CH7A"},"270":{"t":"P28A"},"272":{"t":"R22"},"273":{"t":"P28R"},"277":{"t":"BE33"},"279":{"t":"S76"},"27F":{"t":"P28A"},"281":{"t":"PA30"},"284":{"t":"C140"},"288":{"t":"C140"},"28A":{"t":"C140"},"28B":{"t":"C120"},"28F":{"t":"B14A"},"290":{"t":"B25"},"291":{"t":"PA18"},"298":{"t":"S76"},"299":{"t":"C175"},"29A":{"t":"BE36"},"29C":{"t":"C310"},"29D":{"t":"BE23"},"29E":{"t":"CH7B"},"2A3":{"t":"C172"},"2A7":{"t":"C140"},"2AA":{"t":"C140"},"2AB":{"t":"C140"},"2B0":{"t":"PA46"},"2B3":{"t":"P28A"},"2B4":{"t":"PA18"},"2B6":{"t":"P28A"},"2B8":{"t":"PA12"},"2B9":{"t":"P28R"},"2BB":{"t":"PA18"},"2BC":{"t":"C175"},"2BE":{"t":"S76"},"2BF":{"t":"C310"},"2C0":{"t":"BE24"},"2C1":{"t":"CH7B"},"2C2":{"t":"C172"},"2C5":{"t":"P28A"},"2C6":{"t":"C172"},"2CB":{"t":"C140"},"2CC":{"t":"C140"},"2D0":{"t":"C140"},"2D3":{"t":"G164"},"2D6":{"t":"T6"},"2D9":{"t":"P28A"},"2DA":{"t":"C172"},"2DE":{"t":"S76"},"2DF":{"t":"C175"},"2E3":{"t":"BE23"},"2E5":{"t":"C172"},"2EA":{"t":"PA30"},"2EF":{"t":"C140"},"2F0":{"t":"C140"},"2F6":{"desc":"A1T","t":"KODI"},"2F7":{"t":"P28A"},"2F8":{"desc":"H1T","t":"H60"},"2F9":{"desc":"L1P"},"2FA":{"t":"B58T"},"302":{"t":"S76"},"303":{"desc":"L2J","t":"B39M"},"30B":{"desc":"L2J","t":"A20N"},"30D":{"t":"B762"},"314":{"desc":"L1P"},"319":{"t":"B350"},"31A":{"t":"SF50"},"321":{"t":"T206"},"325":{"t":"RV12"},"32A":{"t":"LJ28"},"32B":{"t":"BE33"},"32C":{"t":"CL60"},"32D":{"t":"SR22"},"32E":{"desc":"L1P"},"331":{"desc":"L1P"},"337":{"t":"C172"},"339":{"desc":"L1T","t":"C182"},"33A":{"t":"C560"},"344":{"t":"C182"},"353":{"desc":"L1P"},"35C":{"t":"C402"},"35D":{"t":"PC12"},"374":{"desc":"L2J"},"37A":{"desc":"L1E"},"37B":{"t":"C172"},"38A":{"desc":"L2T"},"38D":{"desc":"L1P","t":"ULAC"},"38E":{"desc":"L2P"},"399":{"t":"P28A"},"39D":{"t":"BE9L"},"39E":{"t":"P32R"},"3B4":{"desc":"H4E"},"3BF":{"t":"P28R"},"3C1":{"t":"C172"},"3C8":{"t":"PA34"},"3CF":{"desc":"L1P","t":"ULAC"},"3D0":{"t":"TBM7"},"3D4":{"t":"F2TH"},"3DA":{"desc":"H1T"},"3E3":{"t":"SW4"},"3E8":{"desc":"L1P"},"3EC":{"t":"SR22"},"3ED":{"t":"E170"},"3F1":{"t":"DA40"},"3FE":{"t":"TWEN"},"402":{"t":"DA40"},"409":{"t":"PA32"},"40C":{"t":"C25B"},"40D":{"t":"PA31"},"412":{"t":"S76"},"416":{"t":"GLF4"},"41B":{"t":"G150"},"424":{"t":"B763"},"427":{"t":"P28A"},"428":{"t":"C152"},"43C":{"t":"S76"},"43D":{"desc":"H6E"},"43E":{"t":"AT5T"},"446":{"desc":"A1T","t":"KODI"},"451":{"desc":"H1P"},"466":{"t":"CL30"},"46F":{"t":"P28A"},"471":{"desc":"A1P","t":"ULAC"},"474":{"t":"CL30"},"477":{"t":"BE55"},"47C":{"desc":"L1P"},"482":{"desc":"L1P"},"491":{"desc":"L4T"},"492":{"t":"BE9T"},"495":{"t":"C172"},"497":{"t":"SR22"},"499":{"t":"LJ45"},"49C":{"t":"B737"},"49D":{"desc":"L1P"},"4A0":{"t":"BE35"},"4A3":{"t":"BALL"},"4AC":{"t":"LJ45"},"4B2":{"t":"PA34"},"4B6":{"t":"S22T"},"4BA":{"t":"B772"},"4CA":{"t":"A319"},"4D3":{"t":"B762"},"4EB":{"desc":"L1P","t":"ULAC"},"4EC":{"t":"PC12"},"4F0":{"t":"GLF5"},"4FD":{"desc":"L1P"},"500":{"t":"C560"},"504":{"desc":"L1P"},"50D":{"t":"C750"},"51A":{"t":"BE33"},"51D":{"desc":"L1P"},"54F":{"t":"G164"},"555":{"t":"PA32"},"556":{"t":"C150"},"557":{"t":"PA12"},"558":{"t":"P28R"},"55A":{"t":"S76"},"55C":{"t":"BE36"},"560":{"t":"BL8"},"561":{"t":"C172"},"564":{"t":"P28A"},"565":{"t":"C172"},"566":{"t":"PA30"},"569":{"t":"C140"},"56B":{"t":"C140"},"56D":{"t":"C140"},"574":{"t":"B14A"},"576":{"t":"C206"},"579":{"t":"C182"},"57A":{"t":"PA12"},"57E":{"t":"C175"},"57F":{"t":"BE36"},"582":{"t":"BE19"},"584":{"t":"C172"},"587":{"t":"P28A"},"588":{"t":"C172"},"590":{"t":"C140"},"593":{"t":"C140"},"597":{"t":"B14A"},"59A":{"t":"CH7A"},"59B":{"t":"P32R"},"59E":{"t":"P28R"},"5A1":{"t":"C175"},"5A3":{"t":"PA24"},"5A8":{"t":"C150"},"5AB":{"t":"C172"},"5AC":{"t":"PA30"},"5AD":{"t":"T6"},"5B2":{"t":"C120"},"5B3":{"t":"C140"},"5B4":{"t":"C140"},"5B8":{"t":"G164"},"5BD":{"t":"CH7A"},"5BF":{"t":"C172"},"5C4":{"t":"C175"},"5C6":{"t":"PA24"},"5C8":{"t":"BE23"},"5CA":{"t":"C172"},"5CD":{"t":"P28A"},"5CF":{"t":"PA30"},"5D0":{"t":"T6"},"5D1":{"t":"C140"},"5D3":{"t":"C120"},"5D4":{"t":"C140"},"5DA":{"t":"C140"},"5DB":{"t":"G164"},"5DD":{"t":"YK52"},"5DE":{"t":"BE18"},"5E0":{"t":"CH7A"},"5E1":{"t":"P28A"},"5E5":{"t":"PA20"},"5E6":{"t":"PA31"},"5E8":{"t":"BE35"},"5E9":{"t":"PA24"},"5EB":{"t":"BE23"},"5EC":{"t":"BL8"},"5ED":{"t":"C172"},"5EE":{"t":"C150"},"5EF":{"t":"C77R"},"5F0":{"t":"P28A"},"5F4":{"t":"BE35"},"5F6":{"t":"C140"},"5F8":{"t":"C120"},"5FA":{"t":"C140"},"5FC":{"t":"C120"},"5FE":{"t":"G164"},"600":{"t":"B14A"},"602":{"t":"R44"},"603":{"t":"CH7A"},"605":{"t":"C172"},"608":{"t":"PA20"},"60A":{"t":"C175"},"60B":{"t":"BE35"},"60F":{"t":"BL8"},"613":{"t":"P28A"},"615":{"t":"PA30"},"617":{"t":"C140"},"618":{"t":"C140"},"619":{"t":"C120"},"61B":{"t":"C140"},"61C":{"t":"C140"},"61E":{"t":"P28A"},"624":{"t":"P28B"},"625":{"t":"PA18"},"627":{"t":"P28A"},"628":{"t":"C172"},"62C":{"t":"PA18"},"62D":{"t":"C175"},"62F":{"t":"PA24"},"631":{"t":"BE23"},"635":{"desc":"L1P"},"636":{"t":"P28A"},"63C":{"t":"C140"},"641":{"t":"C140"},"643":{"t":"ULAC"},"648":{"t":"PA18"},"64A":{"t":"P28A"},"64B":{"t":"C172"},"64C":{"t":"PA12"},"651":{"t":"BE33"},"652":{"t":"PA24"},"655":{"t":"BL8"},"656":{"t":"C172"},"657":{"t":"C150"},"659":{"t":"P28A"},"65A":{"t":"C172"},"65B":{"t":"PA30"},"65C":{"t":"PA25"},"661":{"t":"C140"},"662":{"t":"C140"},"664":{"t":"C140"},"665":{"t":"C140"},"667":{"t":"G164"},"668":{"t":"C180"},"66A":{"t":"P32R"},"66D":{"t":"P28A"},"670":{"t":"P28R"},"675":{"t":"PA24"},"679":{"t":"C172"},"67A":{"t":"C150"},"67C":{"t":"P28A"},"680":{"t":"C120"},"683":{"t":"C140"},"685":{"t":"C140"},"689":{"t":"C140"},"68A":{"t":"G164"},"68C":{"t":"B14A"},"691":{"t":"C172"},"693":{"t":"P28R"},"69B":{"desc":"L1P"},"69C":{"t":"C172"},"6A1":{"t":"PA11"},"6A3":{"t":"C140"},"6A7":{"t":"C140"},"6A8":{"t":"C140"},"6AB":{"desc":"L1P"},"6AD":{"t":"BE30"},"6AF":{"t":"ST75"},"6B0":{"t":"BE33"},"6B1":{"t":"BE36"},"6B2":{"t":"C25B"},"6B3":{"t":"GLID"},"6B5":{"desc":"L1P"},"6B6":{"t":"P28S"},"6B7":{"t":"P32R"},"6B8":{"desc":"L1P"},"6BC":{"t":"C182"},"6BD":{"desc":"A2T"},"6BF":{"t":"L13M"},"6C0":{"t":"M20P"},"6C1":{"t":"GLID"},"6C2":{"t":"C180"},"6C3":{"t":"BE55"},"6C4":{"desc":"L1P"},"6C8":{"desc":"L1P"},"6CA":{"t":"BE58"},"6CB":{"desc":"A2P"},"6CC":{"t":"GLID"},"6CD":{"t":"GLID"},"6CE":{"desc":"L1P"},"6CF":{"t":"NAVI"},"6D0":{"t":"BE35"},"6D8":{"t":"GLID"},"6D9":{"t":"P46T"},"6DB":{"t":"P210"},"6DC":{"desc":"L1P"},"6E1":{"t":"BE20"},"6E2":{"desc":"L1P"},"6E3":{"desc":"L1P","t":"ULAC"},"6E4":{"t":"C414"},"6E5":{"t":"BE9L"},"6E8":{"t":"PA30"},"6E9":{"t":"LJ45"},"6EA":{"desc":"L1P"},"6EB":{"t":"BE55"},"6EC":{"t":"P337"},"6ED":{"t":"GLID"},"6EE":{"t":"GLF5"},"6F0":{"t":"C206"},"6F1":{"t":"BE33"},"6F2":{"desc":"L1P"},"6F4":{"t":"BE20"},"6F5":{"t":"EC20"},"6F6":{"t":"SR22"},"6F7":{"t":"BE35"},"6F9":{"t":"GLF4"},"6FA":{"t":"BE33"},"6FB":{"t":"C525"},"6FC":{"t":"BE36"},"6FD":{"t":"R44"},"6FE":{"t":"PA46"},"701":{"t":"C172"},"702":{"t":"SF50"},"703":{"desc":"L1P","t":"ULAC"},"706":{"t":"C337"},"707":{"t":"B47G"},"708":{"desc":"L1T"},"709":{"t":"P32R"},"70A":{"t":"PA31"},"70C":{"t":"P32R"},"70D":{"t":"DA62"},"70E":{"t":"PA16"},"70F":{"t":"M20T"},"711":{"t":"C56X"},"713":{"t":"PC12"},"714":{"t":"M20P"},"715":{"t":"J3"},"716":{"t":"ST75"},"718":{"t":"BE60"},"719":{"t":"M20P"},"71A":{"desc":"L1P","t":"ULAC"},"71C":{"desc":"L1P"},"71D":{"desc":"A1P"},"71E":{"desc":"L1P"},"71F":{"t":"P28U"},"720":{"t":"C421"},"721":{"t":"P28A"},"722":{"t":"C172"},"723":{"t":"C210"},"724":{"t":"PA18"},"725":{"desc":"L1P"},"726":{"t":"ULAC"},"727":{"t":"BL17"},"729":{"t":"S22T"},"72A":{"desc":"L1P"},"72B":{"t":"F2TH"},"72C":{"t":"C310"},"72D":{"desc":"L1P"},"72F":{"t":"C501"},"730":{"t":"BL17"},"731":{"desc":"L1P"},"733":{"t":"BE35"},"734":{"t":"TAYB"},"735":{"t":"GLF4"},"736":{"t":"BE95"},"739":{"t":"AEST"},"73C":{"desc":"L1P"},"73D":{"t":"PA34"},"740":{"t":"C172"},"741":{"t":"R44"},"744":{"t":"PA22"},"745":{"t":"CH7B"},"746":{"desc":"L1P"},"748":{"t":"S22T"},"749":{"desc":"L1P"},"74A":{"t":"BE33"},"74B":{"desc":"L1P"},"74C":{"desc":"L1P"},"74D":{"t":"M20P"},"74F":{"desc":"L1P"},"750":{"t":"P28A"},"752":{"t":"FDCT"},"754":{"desc":"L1P"},"755":{"t":"P210"},"757":{"desc":"L2J"},"758":{"t":"BE35"},"759":{"desc":"L2P"},"75A":{"desc":"L1P","t":"ULAC"},"75C":{"t":"C182"},"75F":{"desc":"L1P"},"760":{"t":"BE36"},"761":{"t":"BE20"},"762":{"t":"BE9L"},"763":{"t":"C650"},"764":{"t":"S22T"},"767":{"t":"RV12"},"768":{"t":"B14A"},"769":{"t":"BE33"},"76B":{"desc":"L1P"},"76E":{"t":"AC90"},"76F":{"t":"BE36"},"772":{"desc":"L1P"},"773":{"desc":"H1P"},"775":{"t":"GLID"},"776":{"t":"C140"},"778":{"t":"BE55"},"779":{"desc":"L1P"},"77A":{"t":"C560"},"77B":{"t":"BE36"},"77C":{"t":"C172"},"77D":{"t":"PA18"},"77E":{"t":"GLID"},"780":{"desc":"L1T"},"782":{"desc":"L1P"},"783":{"desc":"L1P"},"784":{"t":"C180"},"786":{"t":"GLID"},"787":{"t":"C310"},"788":{"desc":"L1P"},"789":{"t":"C240"},"78C":{"t":"BE9L"},"78D":{"desc":"L1P"},"78E":{"desc":"L1P"},"790":{"t":"BE55"},"791":{"t":"C172"},"792":{"desc":"L1P","t":"ULAC"},"793":{"t":"S22T"},"794":{"desc":"L1P","t":"ULAC"},"796":{"t":"BE33"},"797":{"desc":"L1P"},"798":{"desc":"G1P"},"799":{"t":"PA27"},"79C":{"t":"C525"},"79D":{"t":"PA34"},"79F":{"t":"P210"},"7A0":{"desc":"L1P"},"7A1":{"t":"PA23"},"7A4":{"t":"E300"},"7A7":{"desc":"L1P"},"7A8":{"desc":"L1P"},"7A9":{"t":"C172"},"7AA":{"t":"BE58"},"7AB":{"t":"C182"},"7AC":{"t":"SF50"},"7AD":{"desc":"A1P"},"7AE":{"desc":"L1P"},"7AF":{"t":"TBM7"},"7B0":{"desc":"L1P"},"7B1":{"t":"BE36"},"7B2":{"t":"GLID"},"7B3":{"t":"C25B"},"7B4":{"t":"BE35"},"7B5":{"t":"C82R"},"7B9":{"desc":"L1P"},"7BA":{"t":"BALL"},"7BB":{"t":"C172"},"7BC":{"t":"B58T"},"7BE":{"t":"C650"},"7BF":{"t":"S22T"},"7C0":{"t":"P28R"},"7C1":{"t":"C25C"},"7C2":{"t":"C560"},"7C3":{"t":"C310"},"7C5":{"t":"BE36"},"7C6":{"desc":"L3J"},"7C8":{"t":"R44"},"7C9":{"t":"L39"},"7CA":{"t":"C310"},"7CC":{"t":"C441"},"7CE":{"desc":"L1P"},"7CF":{"desc":"L1P"},"7D2":{"t":"BE36"},"7D5":{"desc":"L1P"},"7D8":{"t":"R66"},"7DA":{"desc":"L1P"},"7DC":{"t":"BE9L"},"7DD":{"desc":"L1P"},"7DE":{"t":"C25A"},"7DF":{"desc":"L1P"},"7E0":{"t":"C208"},"7E1":{"t":"B350"},"7E5":{"t":"PAY2"},"7E6":{"desc":"L1P"},"7EC":{"t":"C25B"},"7EE":{"t":"GLID"},"7EF":{"t":"B58T"},"7F0":{"desc":"L1P"},"7F1":{"t":"B407"},"7F2":{"t":"GLEX"},"7F5":{"desc":"L1P"},"7F6":{"t":"J3"},"7F9":{"t":"BE10"},"7FA":{"t":"BE36"},"7FB":{"t":"M20P"},"7FD":{"t":"PA46"},"7FE":{"t":"PA20"},"7FF":{"t":"P28S"},"800":{"t":"ASTO"},"801":{"t":"C150"},"803":{"t":"C550"},"804":{"desc":"L1P"},"805":{"desc":"A1P"},"807":{"t":"BE9T"},"808":{"desc":"L1P"},"80B":{"desc":"L1P"},"80E":{"t":"C340"},"815":{"t":"BE35"},"81B":{"t":"BE35"},"826":{"t":"T210"},"827":{"t":"C182"},"828":{"t":"P28R"},"82A":{"t":"BE20"},"82C":{"t":"C310"},"82D":{"t":"PA32"},"82E":{"t":"BE35"},"82F":{"desc":"L1P"},"830":{"desc":"L1P"},"831":{"desc":"L1P"},"835":{"t":"BE55"},"837":{"t":"B58T"},"83A":{"desc":"L1P"},"83B":{"t":"PA18"},"83D":{"t":"C208"},"83E":{"desc":"L1P"},"840":{"t":"PA32"},"842":{"t":"PC12"},"844":{"t":"C650"},"845":{"desc":"L1P"},"847":{"t":"E300"},"849":{"t":"PA30"},"84A":{"t":"BE55"},"850":{"t":"PA18"},"852":{"t":"BL17"},"853":{"t":"GLID"},"854":{"desc":"L1P"},"855":{"t":"C182"},"856":{"t":"PA34"},"858":{"t":"C185"},"859":{"t":"P28A"},"85A":{"t":"HUSK"},"85B":{"t":"C182"},"85C":{"t":"EA50"},"85D":{"desc":"L2T"},"85E":{"t":"B350"},"860":{"desc":"L1P"},"861":{"t":"GC1"},"862":{"t":"B06"},"863":{"desc":"L1P"},"865":{"t":"PA46"},"869":{"t":"P32R"},"86B":{"t":"BL17"},"86C":{"desc":"L1P"},"86D":{"t":"T6"},"86F":{"t":"C510"},"870":{"t":"DC3"},"874":{"t":"BALL"},"876":{"t":"GLEX"},"878":{"t":"R22"},"87A":{"t":"GLID"},"87B":{"t":"BALL"},"87C":{"t":"BALL"},"87D":{"t":"GLID"},"87E":{"t":"BE33"},"883":{"t":"GLID"},"885":{"t":"C68A"},"889":{"desc":"L1P"},"88A":{"t":"HDJT"},"88B":{"t":"BE35"},"88C":{"desc":"L1P"},"88E":{"t":"PA32"},"88F":{"t":"P46T"},"890":{"t":"C525"},"891":{"desc":"L1P"},"892":{"t":"SF50"},"893":{"t":"BE36"},"894":{"t":"GLID"},"895":{"t":"C182"},"899":{"t":"C25A"},"89A":{"desc":"L1P","t":"TB0"},"89D":{"desc":"L1P"},"8A0":{"desc":"L1T"},"8A1":{"t":"C25A"},"8A4":{"t":"C25C"},"8A5":{"t":"B350"},"8A6":{"desc":"L1P"},"8A7":{"t":"P28R"},"8A8":{"t":"BE9L"},"8A9":{"desc":"L1P"},"8AA":{"desc":"A1P"},"8AC":{"desc":"L1P"},"8AD":{"t":"GLF4"},"8AE":{"t":"BE9L"},"8B0":{"t":"GLID"},"8B2":{"desc":"L1P"},"8B3":{"t":"C206"},"8B9":{"t":"HUSK"},"8BC":{"desc":"L1P"},"8BE":{"t":"AEST"},"8BF":{"t":"C182"},"8C1":{"t":"BE35"},"8C4":{"t":"BE58"},"8C5":{"desc":"L1P"},"8C6":{"desc":"H1P"},"8C9":{"t":"C172"},"8CB":{"t":"GLID"},"8CC":{"t":"BE35"},"8CD":{"t":"GLID"},"8CF":{"desc":"L1P"},"8D1":{"desc":"L1P"},"8D2":{"desc":"L1P"},"8D4":{"t":"GC1"},"8D5":{"t":"PA23"},"8D7":{"t":"CJ6"},"8D9":{"t":"BE55"},"8DE":{"t":"YK52"},"8E0":{"t":"PA18"},"8E6":{"t":"BT36"},"8E8":{"t":"H500"},"8E9":{"desc":"L1P"},"8EA":{"desc":"L1P"},"8EB":{"t":"P32R"},"8EC":{"t":"GLID"},"8ED":{"t":"ERCO"},"8EE":{"t":"PC12"},"8EF":{"t":"P28A"},"8F1":{"t":"GLID"},"8F2":{"t":"PC12"},"8F4":{"desc":"L1P"},"8F9":{"t":"S22T"},"8FB":{"desc":"L1P"},"902":{"desc":"L1P"},"903":{"t":"SR20"},"905":{"desc":"L1P"},"906":{"t":"L8"},"909":{"t":"BE10"},"90A":{"t":"BL8"},"90D":{"t":"C500"},"90E":{"t":"GLEX"},"911":{"t":"R66"},"912":{"t":"BE20"},"913":{"t":"HUSK"},"914":{"t":"B772"},"917":{"t":"B06"},"918":{"t":"M7"},"91B":{"t":"CRJ2"},"91C":{"t":"GLF5"},"91D":{"desc":"L1P"},"920":{"t":"BE35"},"922":{"desc":"L2J","t":"B752"},"923":{"t":"GLEX"},"924":{"desc":"L1P"},"928":{"t":"M20T"},"929":{"desc":"L1P"},"92A":{"t":"PA27"},"930":{"t":"E50P"},"938":{"t":"LJ60"},"93B":{"t":"C172"},"93C":{"t":"H25B"},"93D":{"t":"C337"},"93F":{"t":"T206"},"940":{"desc":"L1P"},"942":{"t":"C750"},"943":{"t":"B77W"},"945":{"t":"M20P"},"948":{"t":"R44"},"94A":{"t":"C421"},"94B":{"t":"SR22"},"952":{"t":"BE10"},"954":{"desc":"L1P"},"955":{"t":"TBM7"},"95A":{"desc":"L1P"},"95C":{"t":"M20P"},"962":{"desc":"L1P","t":"ULAC"},"963":{"t":"C550"},"964":{"t":"M20P"},"967":{"desc":"L1P"},"969":{"t":"BALL"},"96F":{"t":"BALL"},"974":{"t":"SF50"},"988":{"t":"B752"},"989":{"t":"C208"},"98B":{"t":"FA20"},"98E":{"desc":"L2T"},"98F":{"t":"PC12"},"996":{"t":"AA5"},"99A":{"desc":"L2T"},"99D":{"t":"P28A"},"9A6":{"desc":"L1P"},"9B6":{"t":"C182"},"9B8":{"t":"H25B"},"9C4":{"t":"B06"},"9D5":{"t":"PA31"},"9D9":{"desc":"H1P"},"9DA":{"desc":"L2P"},"9DB":{"t":"E170"},"9DD":{"t":"LJ35"},"9E0":{"t":"C25B"},"9E8":{"desc":"A1P"},"9EE":{"t":"GLEX"},"9F9":{"t":"GLF4"},"9FA":{"t":"PA31"},"A01":{"desc":"L1P","t":"ULAC"},"A02":{"t":"BE58"},"A03":{"t":"BALL"},"A04":{"desc":"L1P","t":"ULAC"},"A06":{"t":"C25C"},"A0A":{"desc":"S1P"},"A0C":{"desc":"L1P"},"A0D":{"t":"FA7X"},"A12":{"t":"FDCT"},"A21":{"t":"PAY2"},"A26":{"t":"SR22"},"A28":{"t":"F2TH"},"A2E":{"t":"C310"},"A2F":{"t":"C680"},"A34":{"t":"C150"},"A37":{"t":"P28A"},"A4C":{"t":"BE36"},"A4F":{"t":"PC24"},"A53":{"t":"G280"},"A5C":{"t":"P28A"},"A5D":{"desc":"A1P"},"A61":{"t":"PC12"},"A62":{"desc":"H8E"},"A76":{"t":"CL30"},"A80":{"desc":"L1P"},"A85":{"desc":"L2J","t":"H25A"},"A8A":{"t":"C680"},"A8C":{"desc":"L1P"},"A8F":{"t":"DA40"},"A92":{"desc":"L1P"},"A98":{"t":"B737"},"A99":{"desc":"L1P"},"A9E":{"t":"BALL"},"AA1":{"t":"CRJ7"},"AA2":{"t":"PRM1"},"AA5":{"t":"C150"},"AA7":{"t":"SR22"},"AA8":{"desc":"L1P"},"AA9":{"t":"ST75"},"AB0":{"t":"BE35"},"AB3":{"desc":"A1P"},"AB4":{"t":"LJ45"},"AB8":{"desc":"L1P"},"ABA":{"t":"PA46"},"ABC":{"t":"F2TH"},"ABE":{"t":"SR22"},"AC0":{"desc":"L2T"},"AC5":{"t":"R44"},"AC6":{"desc":"G1P"},"AD5":{"t":"BALL"},"ADE":{"t":"A319"},"AE2":{"t":"J4"},"AE3":{"t":"TWEN"},"AE8":{"t":"BE9L"},"AF0":{"desc":"L1P"},"AFD":{"desc":"L1P","t":"ULAC"},"B03":{"desc":"L1P"},"B06":{"t":"H60"},"B14":{"t":"LJ60"},"B16":{"t":"GLF4"},"B1D":{"t":"C750"},"B24":{"t":"M7"},"B2D":{"t":"FA62"},"B5E":{"desc":"L1P"},"B5F":{"t":"CL60"},"B60":{"t":"R44"},"B62":{"t":"TAYB"},"B63":{"desc":"L1P"},"B64":{"t":"C150"},"B65":{"t":"C150"},"B67":{"t":"C182"},"B68":{"t":"PA32"},"B6B":{"t":"M20P"},"B6C":{"t":"BE55"},"B6D":{"t":"PA24"},"B6E":{"t":"C310"},"B6F":{"t":"BALL"},"B72":{"t":"C172"},"B74":{"t":"P28A"},"B75":{"t":"C172"},"B79":{"desc":"H8E"},"B7E":{"t":"B772"},"B7F":{"t":"C140"},"B80":{"t":"C120"},"B81":{"t":"C140"},"B83":{"t":"PA44"},"B86":{"t":"PA22"},"B88":{"t":"C185"},"B8A":{"t":"PA12"},"B8D":{"t":"LJ24"},"B8E":{"t":"M20P"},"B8F":{"t":"P28A"},"B93":{"t":"GLID"},"B95":{"t":"C172"},"B98":{"desc":"L1P"},"B9C":{"t":"C140"},"B9D":{"t":"B772"},"B9E":{"t":"C140"},"B9F":{"t":"B772"},"BA1":{"t":"C120"},"BA2":{"t":"C140"},"BA3":{"t":"C140"},"BA4":{"t":"B772"},"BA5":{"desc":"L1P"},"BA6":{"t":"B737"},"BA7":{"t":"PA44"},"BAA":{"t":"C150"},"BAD":{"t":"P28A"},"BAF":{"t":"C180"},"BB0":{"t":"P32R"},"BB1":{"t":"M20P"},"BB2":{"t":"P28A"},"BB4":{"t":"C310"},"BB9":{"t":"C77R"},"BBA":{"t":"P28A"},"BBD":{"desc":"L1P"},"BBF":{"t":"C140"},"BC0":{"t":"B772"},"BC6":{"t":"C120"},"BCB":{"t":"PA44"},"BCC":{"t":"PA22"},"BCE":{"t":"C150"},"BD0":{"t":"PA12"},"BDA":{"t":"C185"},"BDF":{"t":"PA30"},"BE0":{"t":"PA25"},"BE3":{"t":"C120"},"BED":{"t":"B737"},"BEE":{"t":"T6"},"BEF":{"t":"PA44"},"BF4":{"t":"PA32"},"BF7":{"t":"M20P"},"BF9":{"t":"PA24"},"BFA":{"t":"C310"},"BFC":{"t":"CH7A"},"BFE":{"t":"C150"},"C00":{"t":"P28A"},"C01":{"t":"C172"},"C03":{"t":"PA25"},"C05":{"t":"C140"},"C09":{"t":"C140"},"C0C":{"t":"C120"},"C0D":{"t":"C140"},"C0E":{"t":"M7"},"C11":{"desc":"L2P"},"C12":{"t":"PA22"},"C13":{"t":"C150"},"C14":{"t":"C150"},"C15":{"desc":"L1P"},"C16":{"t":"PA12"},"C1B":{"t":"P28A"},"C21":{"t":"C172"},"C27":{"t":"C140"},"C28":{"t":"C140"},"C2A":{"t":"C140"},"C2C":{"desc":"L1P"},"C39":{"t":"PA12"},"C3D":{"t":"M22"},"C3E":{"t":"P28A"},"C42":{"t":"GLID"},"C47":{"t":"C172"},"C48":{"t":"PA30"},"C4B":{"t":"C140"},"C4C":{"t":"C140"},"C4D":{"t":"C140"},"C50":{"t":"B764"},"C54":{"t":"BE35"},"C55":{"t":"C180"},"C5B":{"t":"PA44"},"C5D":{"t":"PA32"},"C60":{"t":"M22"},"C61":{"t":"P28A"},"C62":{"t":"PA24"},"C64":{"t":"BE36"},"C66":{"t":"C172"},"C67":{"t":"C172"},"C69":{"t":"P28A"},"C6A":{"t":"FA7X"},"C6B":{"t":"PA30"},"C6C":{"t":"BALL"},"C71":{"desc":"L1P"},"C74":{"t":"P28B"},"C77":{"desc":"L1J"},"C78":{"t":"C180"},"C79":{"t":"J3"},"C7B":{"t":"PA22"},"C7F":{"t":"PA12"},"C8A":{"t":"C172"},"C8C":{"t":"P28A"},"C92":{"t":"C140"},"C93":{"t":"C140"},"C96":{"t":"C140"},"C9E":{"t":"PA22"},"CA0":{"t":"C150"},"CA2":{"t":"PA12"},"CA3":{"t":"PA44"},"CA6":{"t":"M22"},"CA7":{"t":"P28A"},"CAA":{"t":"BE36"},"CAF":{"t":"P28A"},"CB1":{"t":"PA30"},"CB3":{"t":"C140"},"CB6":{"t":"C140"},"CBE":{"desc":"L1P","t":"ULAC"},"CBF":{"t":"H269"},"CC0":{"desc":"L1P"},"CC5":{"t":"H25B"},"CC7":{"desc":"H1T"},"CC8":{"desc":"L1P"},"CCA":{"desc":"L1T"},"CCB":{"t":"B772"},"CCE":{"t":"UH1"},"CD2":{"t":"GLF4"},"CD3":{"t":"ULAC"},"CD8":{"t":"AC90"},"CD9":{"t":"BE36"},"CDA":{"t":"C310"},"CDB":{"desc":"L1P"},"CE1":{"t":"GL5T"},"CE9":{"t":"SR22"},"CEB":{"t":"F2TH"},"CEC":{"desc":"L1P"},"CEF":{"desc":"L1P"},"CF2":{"t":"AC11"},"CF3":{"t":"BE58"},"CF4":{"desc":"L1P"},"CF7":{"t":"BE36"},"CFA":{"t":"B77W"},"CFC":{"t":"C310"},"CFE":{"t":"C182"},"D02":{"t":"CH7B"},"D05":{"t":"BE10"},"D0B":{"t":"GLID"},"D0C":{"t":"C185"},"D0E":{"t":"C56X"},"D0F":{"t":"E55P"},"D10":{"t":"C56X"},"D1B":{"t":"PC12"},"D1D":{"t":"F2TH"},"D23":{"t":"C402"},"D25":{"desc":"L1P"},"D27":{"t":"C182"},"D33":{"t":"C510"},"D36":{"desc":"L1P"},"D3F":{"t":"B752"},"D40":{"t":"C208"},"D41":{"t":"AC90"},"D47":{"t":"H25B"},"D4B":{"t":"S22T"},"D4D":{"t":"P28R"},"D51":{"desc":"L2T"},"D58":{"t":"CL60"},"D65":{"desc":"L1P"},"D6D":{"t":"GLID"},"D72":{"t":"BE36"},"D79":{"t":"F2TH"},"D7B":{"t":"T206"},"D88":{"t":"BE9L"},"D89":{"desc":"L2P"},"D91":{"desc":"A1P"},"D92":{"desc":"A1P"},"D94":{"t":"E300"},"D97":{"desc":"L2P"},"D98":{"t":"GLF5"},"D9A":{"t":"E170"},"D9B":{"t":"GLID"},"D9F":{"t":"C180"},"DA0":{"desc":"A1P"},"DA1":{"t":"C510"},"DA2":{"t":"C182"},"DA4":{"desc":"L1P","t":"M7T"},"DA7":{"desc":"L1P"},"DA9":{"t":"C25B"},"DAB":{"desc":"L1P"},"DAE":{"desc":"L1T"},"DB0":{"t":"SR22"},"DB4":{"t":"B772"},"DB8":{"t":"GLF4"},"DBA":{"t":"AEST"},"DBF":{"t":"B772"},"DC1":{"t":"C510"},"DC3":{"t":"BL8"},"DC4":{"t":"P32R"},"DC6":{"desc":"L1P"},"DD1":{"t":"BE36"},"DD2":{"desc":"L1P"},"DD3":{"t":"BE23"},"DD8":{"t":"BE20"},"DDA":{"desc":"L1P"},"DDB":{"desc":"L1P"},"DDC":{"desc":"L1P"},"DDF":{"t":"C340"},"DE1":{"t":"CH7B"},"DE3":{"t":"EA50"},"DEA":{"t":"BE35"},"DEE":{"t":"P28A"},"E03":{"t":"C337"},"E04":{"t":"BE9L"},"E06":{"t":"PA32"},"E07":{"t":"BE9L"},"E0F":{"t":"C56X"},"E13":{"desc":"L1P"},"E14":{"t":"DA40"},"E18":{"desc":"L1P"},"E2D":{"t":"CL30"},"E37":{"t":"BE35"},"E38":{"desc":"L1P"},"E39":{"t":"A333"},"E3D":{"desc":"L1P"},"E41":{"t":"GLID"},"E43":{"desc":"L1P"},"E47":{"desc":"A1T","t":"KODI"},"E49":{"desc":"L1P"},"E4F":{"t":"B737"},"E51":{"desc":"L1P","t":"ULAC"},"E54":{"desc":"L1P"},"E56":{"t":"R22"},"E57":{"desc":"L16E"},"E58":{"t":"CRJ7"},"E59":{"t":"SR22"},"E5A":{"t":"C337"},"E5C":{"t":"C182"},"E5E":{"t":"SR22"},"E61":{"t":"C208"},"E65":{"t":"GLID"},"E67":{"t":"BE35"},"E68":{"t":"E300"},"E6B":{"desc":"L1P"},"E73":{"t":"C182"},"E7C":{"desc":"L1P"},"E80":{"t":"TWEN"},"E81":{"t":"B772"},"E91":{"t":"GLID"},"E99":{"desc":"L1P"},"EAF":{"desc":"L1E"},"EB0":{"desc":"L1P"},"EB2":{"desc":"L1P"},"EB4":{"t":"PC12"},"EB5":{"t":"H60"},"EB9":{"t":"BE36"},"EBA":{"t":"BALL"},"EBF":{"t":"BE55"},"EC2":{"t":"R66"},"EC3":{"t":"P28A"},"ECB":{"t":"C185"},"ED1":{"t":"A319"},"EE4":{"t":"BE19"},"EFD":{"t":"GLID"},"EFE":{"desc":"L1P"},"F16":{"t":"GLID"},"F1E":{"t":"PA12"},"F1F":{"desc":"L1P"},"F20":{"t":"PA44"},"F22":{"desc":"L1P"},"F23":{"t":"P28A"},"F24":{"t":"PA24"},"F25":{"t":"C310"},"F26":{"t":"BE36"},"F27":{"t":"GLID"},"F28":{"t":"C172"},"F29":{"t":"C172"},"F2B":{"t":"P28A"},"F2C":{"t":"C172"},"F2F":{"t":"BE55"},"F31":{"t":"C140"},"F39":{"t":"PA24"},"F3A":{"t":"C180"},"F3B":{"t":"C510"},"F3C":{"t":"P51"},"F3D":{"t":"C206"},"F3E":{"t":"C150"},"F3F":{"t":"C150"},"F40":{"t":"P210"},"F42":{"t":"ST75"},"F43":{"t":"PA20"},"F44":{"t":"C185"},"F45":{"t":"PA27"},"F47":{"t":"PA24"},"F48":{"t":"C310"},"F4B":{"t":"C172"},"F4C":{"t":"C172"},"F50":{"t":"COL4"},"F51":{"t":"ULAC"},"F53":{"desc":"L1P"},"F56":{"t":"C140"},"F58":{"t":"C120"},"F5C":{"desc":"L1P","t":"ULAC"},"F5D":{"t":"C180"},"F62":{"t":"P32R"},"F64":{"t":"PA12"},"F65":{"t":"M20P"},"F68":{"t":"M22"},"F6A":{"t":"PA24"},"F6C":{"t":"BE55"},"F6D":{"t":"GLID"},"F6F":{"t":"C172"},"F76":{"t":"C140"},"F78":{"t":"C140"},"F7C":{"desc":"L1P"},"F7F":{"desc":"L1P"},"F80":{"t":"B737"},"F84":{"t":"C150"},"F86":{"t":"C172"},"F89":{"t":"PA20"},"F8C":{"t":"P28A"},"F8D":{"t":"PA24"},"F8F":{"t":"BE35"},"F90":{"t":"GLID"},"F91":{"t":"C172"},"F92":{"t":"C172"},"F94":{"t":"P28A"},"F96":{"t":"PA30"},"F98":{"t":"C140"},"F99":{"desc":"L1P"},"F9A":{"t":"C120"},"FA2":{"t":"GLID"},"FA3":{"t":"C180"},"FA5":{"t":"P28A"},"FA6":{"t":"PA22"},"FA8":{"t":"C150"},"FA9":{"t":"C172"},"FB2":{"t":"BE35"},"FB3":{"t":"GLID"},"FB5":{"t":"C172"},"FB7":{"t":"P28A"},"FB8":{"t":"C172"},"FBA":{"t":"PA25"},"FBB":{"t":"C120"},"FBE":{"t":"C140"},"FC2":{"t":"C140"},"FC3":{"t":"C120"},"FC5":{"desc":"L1P"},"FC6":{"t":"C180"},"FC7":{"t":"BE55"},"FC8":{"t":"P51"},"FC9":{"t":"PA22"},"FCA":{"t":"B737"},"FCC":{"t":"C172"},"FCD":{"t":"J3"},"FCF":{"t":"C180"},"FD1":{"t":"M22"},"FD2":{"t":"P28A"},"FD5":{"t":"BE55"},"FD8":{"t":"C172"},"FDA":{"t":"P28A"},"FDB":{"t":"C525"},"FDD":{"t":"PA25"},"FE1":{"t":"C140"},"FE3":{"desc":"L1P"},"FE7":{"t":"C140"},"FE8":{"t":"G164"},"FEF":{"t":"C172"},"FF1":{"t":"PA32"},"FF5":{"t":"P28A"},"FF6":{"t":"PA24"},"FF9":{"t":"GLID"},"FFB":{"t":"C172"},"FFD":{"t":"P28A"},"FFF":{"t":"PA30"}}