{"000":{"t":"PA25"},"001":{"t":"P28A"},"002":{"t":"C140"},"004":{"t":"C140"},"006":{"t":"C140"},"00A":{"t":"C140"},"00C":{"t":"C150"},"012":{"t":"C172"},"013":{"t":"PA12"},"014":{"t":"PA32"},"018":{"t":"P28A"},"01C":{"t":"GLID"},"01D":{"t":"C172"},"01E":{"t":"C172"},"01F":{"t":"PA44"},"020":{"t":"P28A"},"023":{"t":"R22"},"027":{"t":"C140"},"028":{"t":"C140"},"02A":{"t":"C120"},"02B":{"t":"C77R"},"02F":{"t":"PA27"},"032":{"desc":"L1P"},"033":{"t":"C150"},"034":{"t":"C150"},"035":{"t":"C172"},"037":{"t":"PA32"},"03B":{"t":"P28A"},"03C":{"t":"PA24"},"041":{"t":"C172"},"043":{"t":"P28A"},"049":{"t":"C182"},"04C":{"t":"C182"},"04D":{"desc":"L1P","t":"ULAC"},"054":{"t":"GLID"},"056":{"t":"C150"},"059":{"t":"PA12"},"05A":{"t":"PA32"},"05B":{"t":"PA20"},"05F":{"t":"PA24"},"060":{"t":"C340"},"063":{"t":"C172"},"066":{"t":"P28A"},"067":{"t":"PA44"},"06D":{"t":"C140"},"06E":{"t":"C140"},"06F":{"t":"CRJ2"},"070":{"t":"C120"},"071":{"t":"C140"},"074":{"t":"B14A"},"076":{"t":"AT5T"},"078":{"t":"CH7B"},"07A":{"desc":"L1P"},"080":{"t":"B407"},"081":{"t":"TBM7"},"082":{"t":"B772"},"089":{"t":"GLF4"},"08A":{"t":"ULAC"},"08E":{"t":"BE35"},"08F":{"t":"C208"},"091":{"t":"B772"},"092":{"desc":"L1P"},"093":{"t":"GLF5"},"0A6":{"t":"C182"},"0A7":{"t":"SR22"},"0A9":{"t":"R44"},"0AA":{"t":"SR22"},"0AB":{"t":"SR22"},"0AE":{"t":"C182"},"0B1":{"t":"B77L"},"0B3":{"t":"ERCO"},"0B5":{"t":"UH1"},"0B8":{"t":"C560"},"0B9":{"t":"FDCT"},"0BB":{"desc":"L1P"},"0C0":{"t":"BE35"},"0C2":{"t":"BE36"},"0C3":{"t":"WW24"},"0C4":{"t":"BE36"},"0C6":{"t":"M20P"},"0CB":{"t":"PA31"},"0CC":{"desc":"L1P"},"0D1":{"t":"PA46"},"0D5":{"desc":"L1T"},"0D9":{"t":"BL8"},"0DC":{"t":"LJ60"},"0EB":{"t":"B772"},"0F6":{"t":"B752"},"0F7":{"t":"C208"},"104":{"t":"P28R"},"114":{"t":"C182"},"115":{"t":"C172"},"124":{"desc":"L1P","t":"ULAC"},"125":{"t":"R22"},"12F":{"desc":"H1P"},"130":{"t":"B350"},"132":{"t":"B350"},"13F":{"t":"BE9L"},"14E":{"t":"CL30"},"14F":{"desc":"L1P"},"15E":{"t":"TBM7"},"167":{"desc":"L1P"},"16B":{"t":"C172"},"170":{"t":"B77L"},"171":{"t":"BALL"},"17B":{"t":"J5"},"17F":{"desc":"L1P"},"188":{"t":"BT36"},"189":{"t":"C172"},"18A":{"t":"BE36"},"18B":{"t":"F2TH"},"18C":{"t":"BT36"},"18D":{"desc":"L1P"},"198":{"t":"E170"},"199":{"t":"C172"},"1A5":{"t":"P28A"},"1BA":{"t":"S76"},"1BB":{"t":"M20T"},"1BD":{"t":"M20P"},"1C5":{"t":"C182"},"1C6":{"desc":"L1P"},"1C8":{"t":"LJ60"},"1CF":{"desc":"L1P"},"1E4":{"t":"CL30"},"1EC":{"t":"BE33"},"1ED":{"t":"C172"},"1F0":{"t":"A332"},"1F2":{"t":"T206"},"1F8":{"desc":"H4E"},"1FD":{"t":"BALL"},"200":{"desc":"L1P"},"201":{"desc":"L1P"},"205":{"desc":"L2P"},"206":{"desc":"L1P","t":"ULAC"},"207":{"t":"C550"},"208":{"desc":"L1P","t":"ULAC"},"209":{"t":"P32T"},"20B":{"desc":"L1P"},"20D":{"t":"R22"},"20F":{"t":"CRJ7"},"210":{"desc":"L2T"},"213":{"desc":"A1P","t":"ULAC"},"217":{"t":"C310"},"21A":{"t":"B737"},"21E":{"desc":"L1P"},"21F":{"t":"E300"},"221":{"t":"BALL"},"230":{"desc":"L1P"},"233":{"t":"M7"},"234":{"t":"C182"},"238":{"t":"B772"},"249":{"t":"B429"},"250":{"desc":"L1P"},"252":{"t":"P28A"},"269":{"desc":"L1P"},"27A":{"t":"P28R"},"27E":{"t":"TBM7"},"288":{"t":"A319"},"28B":{"t":"C750"},"294":{"desc":"L1P"},"2CC":{"t":"C150"},"2CE":{"t":"C180"},"2D1":{"t":"PA22"},"2D2":{"t":"C150"},"2D3":{"t":"B737"},"2D4":{"t":"C172"},"2D6":{"t":"PA32"},"2E2":{"t":"P28A"},"2E3":{"t":"C172"},"2E4":{"t":"PA44"},"2E5":{"t":"PA25"},"2E8":{"t":"C140"},"2EC":{"t":"C206"},"2ED":{"t":"C140"},"2EF":{"t":"C140"},"2F1":{"t":"C180"},"2F2":{"desc":"L1P"},"2F3":{"t":"P32R"},"2F4":{"t":"PA22"},"2F5":{"t":"B737"},"2F8":{"t":"PA12"},"2F9":{"desc":"L1P"},"2FC":{"t":"M22"},"2FD":{"t":"P28A"},"2FE":{"desc":"L1P"},"301":{"t":"GLID"},"302":{"t":"C172"},"305":{"t":"P28A"},"308":{"t":"T6"},"30A":{"t":"C140"},"30B":{"t":"C120"},"30C":{"desc":"L1P"},"311":{"t":"C140"},"312":{"t":"C140"},"315":{"t":"B737"},"317":{"t":"FDCT"},"319":{"t":"C182"},"31A":{"t":"C172"},"31B":{"t":"PA12"},"31E":{"desc":"L1P"},"31F":{"t":"M22"},"324":{"t":"SR22"},"325":{"t":"C172"},"326":{"t":"C172"},"327":{"t":"M22"},"328":{"t":"P28A"},"329":{"t":"C172"},"32B":{"t":"PA25"},"32C":{"t":"C120"},"32D":{"t":"C140"},"32E":{"t":"C172"},"330":{"t":"C120"},"336":{"t":"GLID"},"337":{"t":"C180"},"338":{"t":"BE36"},"339":{"desc":"L2P"},"33A":{"t":"PA22"},"33B":{"t":"B737"},"33C":{"t":"C150"},"33D":{"t":"C172"},"33F":{"t":"PA32"},"342":{"t":"T210"},"343":{"t":"P28A"},"345":{"t":"C310"},"349":{"t":"C172"},"34A":{"desc":"L1P"},"34B":{"desc":"L1P"},"34F":{"t":"C120"},"353":{"t":"C120"},"358":{"t":"C120"},"359":{"t":"GLID"},"35A":{"t":"B737"},"35C":{"t":"PA34"},"360":{"t":"C172"},"363":{"t":"C180"},"365":{"t":"BE36"},"367":{"t":"PA24"},"368":{"t":"C310"},"36A":{"t":"GLID"},"36B":{"t":"SR20"},"36F":{"t":"C172"},"376":{"t":"C120"},"377":{"t":"C140"},"37A":{"t":"C120"},"37B":{"t":"C140"},"37C":{"t":"GLID"},"37D":{"t":"B737"},"37E":{"t":"GLID"},"37F":{"t":"ULAC"},"382":{"t":"C150"},"386":{"t":"PA20"},"389":{"t":"P28A"},"38A":{"t":"PA24"},"38C":{"t":"BE55"},"38D":{"t":"GLID"},"38F":{"t":"C172"},"398":{"t":"C140"},"399":{"t":"C120"},"39C":{"t":"C120"},"39D":{"t":"B738"},"39E":{"desc":"L2J","t":"B38M"},"3A0":{"t":"B737"},"3A3":{"t":"PA22"},"3A5":{"t":"C150"},"3A7":{"t":"PA12"},"3A9":{"t":"PA20"},"3AD":{"t":"PA24"},"3B1":{"desc":"L1P"},"3B4":{"t":"P28A"},"3B5":{"t":"C172"},"3B9":{"t":"B738"},"3BD":{"t":"C140"},"3BE":{"t":"C120"},"3C2":{"desc":"L1P"},"3C3":{"t":"B737"},"3C5":{"desc":"L1P"},"3C9":{"t":"C172"},"3CE":{"t":"M22"},"3D0":{"t":"PA24"},"3D1":{"t":"C310"},"3D5":{"t":"C172"},"3D7":{"t":"P28A"},"3E0":{"t":"C140"},"3E6":{"t":"SR20"},"3E7":{"desc":"L1P"},"3E8":{"t":"NAVI"},"3E9":{"t":"B737"},"3EC":{"t":"C172"},"3EE":{"t":"PA32"},"3EF":{"t":"PA20"},"3F2":{"t":"P28A"},"3F6":{"t":"GLID"},"3F8":{"t":"C172"},"3FA":{"t":"P28A"},"3FC":{"t":"PA30"},"400":{"t":"C120"},"402":{"t":"C140"},"408":{"t":"GLID"},"409":{"t":"B737"},"40B":{"t":"P28A"},"40D":{"t":"C150"},"40E":{"t":"C150"},"40F":{"t":"C172"},"411":{"t":"PA32"},"416":{"t":"PA24"},"417":{"t":"C310"},"41B":{"t":"C172"},"41C":{"desc":"L1P"},"41F":{"t":"PA30"},"421":{"desc":"H6E"},"422":{"t":"C120"},"426":{"t":"B738"},"427":{"t":"B738"},"428":{"t":"C120"},"429":{"t":"C120"},"42B":{"t":"BE9T"},"42C":{"desc":"A1P"},"42E":{"t":"SR22"},"42F":{"t":"CH7B"},"433":{"t":"BE50"},"435":{"t":"B77W"},"436":{"t":"C172"},"437":{"t":"B407"},"438":{"desc":"L1P"},"439":{"t":"B772"},"442":{"t":"B762"},"446":{"t":"C172"},"447":{"t":"SR22"},"448":{"t":"M7"},"456":{"desc":"H4E"},"461":{"desc":"L1T"},"462":{"t":"SR22"},"468":{"desc":"L2J"},"469":{"t":"CL60"},"46A":{"t":"S22T"},"46C":{"t":"BE20"},"472":{"t":"SR22"},"477":{"desc":"L1T","t":"G164"},"479":{"desc":"L1P"},"47A":{"t":"SR22"},"483":{"t":"R44"},"488":{"t":"C182"},"48B":{"t":"SR22"},"4A3":{"t":"B350"},"4AD":{"t":"B752"},"4AE":{"t":"C208"},"4BB":{"t":"P28R"},"4C2":{"t":"P28A"},"4C4":{"t":"S22T"},"4C5":{"desc":"H4E"},"4CE":{"t":"S22T"},"4D0":{"t":"S22T"},"4DF":{"desc":"L1P"},"4E2":{"desc":"L1P"},"4E9":{"t":"T206"},"4EB":{"t":"H25B"},"4F4":{"desc":"L1P","t":"ULAC"},"4FC":{"t":"RV12"},"505":{"t":"PA46"},"506":{"desc":"L1P"},"50D":{"t":"WACO"},"51E":{"t":"GALX"},"528":{"t":"BALL"},"529":{"desc":"A1P"},"52D":{"t":"S22T"},"532":{"t":"GLF4"},"540":{"desc":"L2P"},"541":{"t":"G280"},"542":{"t":"M7"},"543":{"desc":"L1P"},"544":{"t":"PA46"},"546":{"t":"S22T"},"548":{"t":"GLF6"},"550":{"t":"BE33"},"558":{"t":"N3N"},"55C":{"t":"P28A"},"571":{"t":"C206"},"572":{"t":"EC30"},"574":{"t":"PC12"},"575":{"t":"PA46"},"576":{"t":"PC12"},"577":{"desc":"L1P"},"57A":{"desc":"L1P"},"57D":{"desc":"L1P"},"583":{"t":"PA27"},"586":{"t":"BE9L"},"59B":{"t":"CL30"},"5A5":{"t":"C560"},"5A6":{"t":"CL30"},"5A7":{"desc":"L1P"},"5A9":{"desc":"L1P"},"5B1":{"desc":"L1P"},"5B7":{"desc":"L1P"},"5BC":{"desc":"L1P"},"5BD":{"t":"B737"},"5BE":{"t":"C150"},"5BF":{"desc":"L1P","t":"ULAC"},"5C0":{"t":"BE9L"},"5C4":{"t":"C140"},"5C6":{"t":"CRJ7"},"5CA":{"t":"C172"},"5CC":{"t":"SR22"},"5D1":{"t":"LJ60"},"5D2":{"desc":"L1P"},"5DB":{"t":"C182"},"5E1":{"t":"PA34"},"5E3":{"t":"BE20"},"5E6":{"desc":"H4E"},"5EF":{"t":"B772"},"607":{"t":"M20P"},"620":{"desc":"L1P"},"621":{"desc":"L1T","t":"PA46"},"628":{"t":"BALL"},"631":{"t":"C150"},"639":{"t":"AS50"},"63F":{"t":"A319"},"641":{"desc":"H4E"},"663":{"desc":"H4E"},"684":{"desc":"H1P"},"685":{"t":"B737"},"687":{"t":"P28A"},"68A":{"t":"C150"},"68B":{"t":"C150"},"690":{"t":"M22"},"692":{"t":"PA24"},"695":{"t":"GLID"},"699":{"t":"P28A"},"69C":{"t":"PA25"},"6A1":{"t":"C140"},"6A8":{"t":"B737"},"6AD":{"t":"C150"},"6B0":{"t":"PA32"},"6B1":{"t":"C180"},"6B4":{"t":"P28A"},"6B5":{"t":"PA24"},"6B7":{"t":"BE55"},"6B9":{"t":"C172"},"6BA":{"t":"C172"},"6BB":{"t":"C77R"},"6BE":{"desc":"H6E"},"6C0":{"t":"C140"},"6C2":{"t":"C120"},"6C5":{"t":"C120"},"6C9":{"desc":"L1P"},"6CA":{"desc":"H1P"},"6CB":{"t":"B737"},"6CD":{"t":"GLID"},"6D4":{"t":"PA20"},"6D8":{"t":"PA24"},"6DA":{"t":"BE33"},"6DB":{"t":"GLID"},"6DF":{"t":"P28A"},"6E0":{"t":"C172"},"6E1":{"t":"PA30"},"6E2":{"desc":"L1P","t":"ULAC"},"6E8":{"t":"C120"},"6EB":{"t":"C120"},"6ED":{"desc":"L1P"},"6EE":{"t":"BE33"},"6EF":{"t":"B737"},"6F0":{"desc":"L1P"},"6F4":{"t":"C172"},"6FA":{"t":"P28A"},"6FB":{"t":"PA24"},"6FE":{"t":"GLID"},"6FF":{"t":"C172"},"700":{"t":"C172"},"701":{"t":"C77R"},"702":{"t":"P28A"},"705":{"desc":"H1P"},"706":{"t":"C140"},"709":{"t":"C120"},"70A":{"t":"C140"},"70B":{"t":"C120"},"711":{"t":"PA46"},"713":{"t":"P28A"},"714":{"t":"PA22"},"715":{"t":"C150"},"716":{"t":"C150"},"718":{"t":"B737"},"719":{"t":"PA32"},"71C":{"t":"M20P"},"71D":{"t":"P28A"},"720":{"t":"BE55"},"721":{"t":"GLID"},"725":{"t":"P28A"},"726":{"t":"C172"},"727":{"t":"PA30"},"728":{"desc":"L1P"},"729":{"t":"BL8"},"72A":{"t":"C140"},"72E":{"t":"C140"},"734":{"t":"B737"},"735":{"t":"R44"},"73A":{"t":"C150"},"73C":{"t":"PA32"},"73F":{"t":"M22"},"740":{"t":"P28A"},"741":{"t":"PA24"},"743":{"t":"BE33"},"74B":{"t":"PA25"},"74C":{"desc":"L1P"},"74D":{"t":"C120"},"74E":{"t":"C120"},"752":{"t":"C120"},"753":{"t":"C140"},"756":{"t":"B47G"},"757":{"t":"B737"},"759":{"t":"P28R"},"760":{"t":"P210"},"761":{"t":"C177"},"767":{"t":"GLID"},"769":{"t":"C172"},"76C":{"t":"C172"},"76F":{"t":"C120"},"772":{"t":"C120"},"777":{"t":"C120"},"77B":{"desc":"L1P"},"77D":{"t":"PA22"},"77E":{"t":"B737"},"77F":{"t":"C150"},"786":{"t":"P28A"},"787":{"t":"PA24"},"789":{"t":"BE35"},"78B":{"desc":"L1P"},"78C":{"t":"C172"},"78E":{"t":"P28A"},"792":{"t":"C140"},"798":{"t":"C120"},"79C":{"desc":"L1P"},"79D":{"t":"B737"},"7A1":{"t":"C150"},"7A3":{"t":"C172"},"7A5":{"t":"PA32"},"7A6":{"t":"PA20"},"7A9":{"t":"P28A"},"7AC":{"t":"BE55"},"7AD":{"t":"GLID"},"7AF":{"t":"C172"},"7B1":{"t":"P28A"},"7B2":{"t":"C172"},"7B3":{"t":"PA30"},"7B7":{"t":"C120"},"7BD":{"t":"C120"},"7BE":{"t":"C120"},"7C0":{"t":"B737"},"7C3":{"t":"PA22"},"7C6":{"t":"C172"},"7CB":{"t":"M22"},"7CC":{"t":"P28A"},"7CD":{"t":"PA24"},"7CE":{"t":"C310"},"7D0":{"t":"GLID"},"7DE":{"t":"C120"},"7E0":{"desc":"L1P"},"7E5":{"desc":"L1P"},"7E6":{"t":"BL8"},"7E8":{"desc":"L1P"},"7E9":{"t":"PC12"},"7EC":{"t":"B77W"},"7ED":{"t":"BE20"},"7EE":{"desc":"L1P"},"7EF":{"t":"B772"},"7F0":{"t":"B772"},"7F3":{"t":"C510"},"7F5":{"t":"C208"},"7F8":{"t":"TBM7"},"7F9":{"t":"B762"},"7FD":{"desc":"L1T"},"800":{"t":"BE36"},"805":{"desc":"L1P"},"811":{"t":"COL4"},"815":{"t":"SR20"},"817":{"t":"H500"},"818":{"t":"BE40"},"819":{"t":"SR22"},"81A":{"t":"PA31"},"81B":{"t":"C182"},"81C":{"desc":"L1P"},"81F":{"desc":"L2J"},"820":{"t":"B772"},"823":{"t":"C182"},"826":{"t":"T210"},"827":{"t":"FDCT"},"829":{"t":"RV12"},"830":{"desc":"H4E"},"831":{"t":"C340"},"832":{"desc":"L1P"},"833":{"t":"B738"},"834":{"t":"BE35"},"838":{"t":"PC12"},"839":{"t":"C208"},"83A":{"t":"PA46"},"83E":{"t":"ULAC"},"83F":{"desc":"L1P"},"843":{"desc":"L1T"},"848":{"t":"UH1"},"849":{"t":"SR22"},"864":{"t":"B752"},"865":{"t":"C208"},"86B":{"t":"T206"},"86C":{"desc":"L1P"},"871":{"t":"P32R"},"879":{"desc":"L1P"},"87A":{"desc":"L2P"},"87C":{"t":"ULAC"},"881":{"t":"F2TH"},"88B":{"t":"GLF4"},"88E":{"t":"PC12"},"892":{"desc":"L1P"},"893":{"t":"R22"},"898":{"desc":"A1P"},"8AB":{"t":"C182"},"8AD":{"t":"CH7B"},"8AE":{"desc":"L1P"},"8B3":{"desc":"H1P"},"8B7":{"desc":"H1P"},"8B9":{"t":"GLID"},"8BD":{"t":"C525"},"8C6":{"desc":"L1P"},"8C8":{"t":"PRM1"},"8CE":{"t":"GLEX"},"8D8":{"t":"PAY2"},"8DE":{"t":"C172"},"8DF":{"t":"BALL"},"8E4":{"t":"B772"},"8E8":{"t":"P32R"},"8E9":{"desc":"L1P"},"8ED":{"t":"P28R"},"8EE":{"t":"PA32"},"8F6":{"t":"C150"},"8F7":{"desc":"L2T"},"8F8":{"t":"GLF3"},"8FB":{"t":"ULAC"},"8FC":{"t":"PAY2"},"8FD":{"t":"C172"},"902":{"t":"PA18"},"906":{"t":"AT5T"},"907":{"desc":"L1P"},"90A":{"desc":"L1P"},"90B":{"t":"S22T"},"913":{"t":"P28A"},"92B":{"t":"P28A"},"92C":{"t":"C177"},"932":{"desc":"L1P"},"933":{"t":"S22T"},"934":{"desc":"L1P"},"939":{"t":"GLID"},"93A":{"t":"SR20"},"952":{"t":"CL30"},"95C":{"desc":"L1P"},"95D":{"t":"E55P"},"95E":{"t":"T210"},"968":{"desc":"L1P"},"96B":{"t":"ULAC"},"96E":{"desc":"L1P"},"973":{"t":"BE35"},"974":{"t":"B77L"},"975":{"t":"C560"},"97D":{"t":"CRJ7"},"983":{"t":"SR22"},"985":{"t":"C510"},"986":{"t":"C208"},"988":{"t":"B737"},"98C":{"desc":"H1P"},"98F":{"t":"BALL"},"997":{"t":"BALL"},"998":{"t":"C182"},"99C":{"t":"SR22"},"99E":{"desc":"H8E"},"9A6":{"t":"B772"},"9BE":{"desc":"L1P"},"9CC":{"desc":"L1P"},"9DA":{"t":"ULAC"},"9DD":{"t":"H25B"},"9DF":{"t":"BALL"},"9E7":{"t":"B212"},"9F6":{"t":"A319"},"9F9":{"t":"C750"},"A3C":{"t":"B737"},"A3D":{"t":"R44"},"A3E":{"t":"ST75"},"A44":{"t":"PA32"},"A47":{"t":"M20P"},"A48":{"t":"P28A"},"A4B":{"t":"BE35"},"A4C":{"t":"GLID"},"A50":{"t":"P28A"},"A51":{"t":"C172"},"A54":{"t":"P46T"},"A55":{"t":"C140"},"A56":{"t":"C120"},"A57":{"t":"C120"},"A59":{"t":"C140"},"A5F":{"t":"C180"},"A61":{"t":"B737"},"A62":{"t":"PA22"},"A64":{"t":"C150"},"A65":{"t":"C172"},"A6A":{"t":"M20P"},"A6B":{"t":"P28A"},"A6E":{"t":"BE33"},"A6F":{"t":"GLID"},"A76":{"t":"PA25"},"A79":{"t":"C120"},"A7B":{"t":"C120"},"A7C":{"t":"C120"},"A7E":{"t":"C140"},"A80":{"t":"C120"},"A81":{"desc":"L1P"},"A83":{"t":"B737"},"A85":{"t":"PA22"},"A86":{"t":"C150"},"A87":{"t":"C150"},"A88":{"t":"PA34"},"A8A":{"t":"PA32"},"A8B":{"t":"PA20"},"A8C":{"t":"AT8T"},"A8D":{"t":"M20P"},"A8E":{"t":"P28A"},"A90":{"t":"C310"},"A91":{"desc":"H4E"},"A92":{"t":"GLID"},"A93":{"t":"C172"},"A95":{"desc":"L1P"},"A96":{"t":"P28A"},"A97":{"t":"C172"},"A9A":{"t":"C120"},"A9E":{"t":"C120"},"AA2":{"t":"C120"},"AA5":{"t":"C180"},"AA6":{"t":"B737"},"AA8":{"t":"PA22"},"AA9":{"t":"COL4"},"AAB":{"t":"C210"},"AAC":{"t":"PA12"},"AB0":{"t":"M20P"},"AB1":{"t":"P28A"},"AB2":{"t":"PA24"},"AB3":{"t":"C310"},"AB5":{"t":"GLID"},"AB9":{"t":"P28A"},"ABB":{"t":"PA30"},"ABD":{"t":"B739"},"ABE":{"t":"B739"},"AC6":{"t":"C140"},"AC7":{"desc":"L1P"},"AC8":{"t":"B737"},"AC9":{"t":"J3"},"ACD":{"t":"C150"},"ACE":{"desc":"L1P"},"ACF":{"t":"PA12"},"AD1":{"t":"PA20"},"AD3":{"t":"M20P"},"AD5":{"t":"BALL"},"AD6":{"t":"C310"},"AD7":{"t":"BE36"},"AD8":{"t":"C172"},"AD9":{"t":"P28A"},"ADA":{"t":"C172"},"ADC":{"t":"P28A"},"ADE":{"t":"PA30"},"AE1":{"t":"C120"},"AE2":{"t":"C140"},"AE3":{"t":"C140"},"AE4":{"t":"C140"},"AE6":{"t":"C120"},"AE7":{"t":"C120"},"AEA":{"t":"GLID"},"AEB":{"t":"B737"},"AED":{"desc":"L1P","t":"ULAC"},"AEE":{"t":"PA22"},"AF1":{"t":"C172"},"AF4":{"t":"PA20"},"AF6":{"t":"M20P"},"AF7":{"t":"P28A"},"AF8":{"t":"PA24"},"AFA":{"t":"BE36"},"AFB":{"t":"GLID"},"AFD":{"t":"C172"},"AFF":{"t":"P28A"},"B05":{"t":"C140"},"B06":{"t":"C120"},"B07":{"t":"C120"},"B0A":{"t":"C120"},"B0C":{"desc":"L1P"},"B0F":{"desc":"L1P"},"B10":{"t":"B737"},"B11":{"desc":"L1P"},"B13":{"t":"P28A"},"B14":{"t":"C182"},"B17":{"t":"PA20"},"B1B":{"t":"PA24"},"B1D":{"t":"ULAC"},"B1E":{"t":"GLID"},"B1F":{"t":"C172"},"B23":{"t":"C172"},"B24":{"t":"PA30"},"B29":{"t":"C120"},"B2A":{"t":"C120"},"B2C":{"t":"C120"},"B2E":{"t":"C120"},"B2F":{"t":"C120"},"B30":{"desc":"L1P"},"B32":{"t":"BE35"},"B33":{"t":"B737"},"B34":{"desc":"L1P"},"B36":{"desc":"A1P"},"B37":{"t":"C172"},"B3B":{"desc":"L1P"},"B3D":{"t":"P28A"},"B3E":{"t":"PA24"},"B40":{"t":"BE36"},"B41":{"t":"GLID"},"B43":{"t":"C172"},"B45":{"t":"P28A"},"B47":{"t":"PA30"},"B4C":{"t":"C120"},"B4D":{"t":"C120"},"B4E":{"t":"C120"},"B54":{"t":"B737"},"B57":{"t":"PA22"},"B58":{"t":"C150"},"B5A":{"t":"C150"},"B5B":{"t":"PA12"},"B5C":{"t":"PA32"},"B5F":{"t":"M20P"},"B61":{"t":"PA24"},"B64":{"t":"GLID"},"B6C":{"t":"C120"},"B72":{"t":"C120"},"B74":{"t":"C120"},"B76":{"desc":"L1P"},"B77":{"t":"C180"},"B78":{"t":"B737"},"B7A":{"t":"PA22"},"B7B":{"t":"C150"},"B7C":{"t":"P28A"},"B7F":{"t":"PA32"},"B80":{"t":"C180"},"B81":{"t":"C172"},"B83":{"t":"P28A"},"B88":{"desc":"L1P"},"B89":{"t":"C172"},"B92":{"t":"C120"},"B93":{"t":"C120"},"B9A":{"t":"C195"},"B9D":{"t":"BL8"},"BA2":{"t":"S22T"},"BA5":{"t":"B407"},"BA7":{"t":"B772"},"BAB":{"t":"C152"},"BAE":{"desc":"L2J","t":"A20N"},"BB0":{"t":"B762"},"BB3":{"t":"HUSK"},"BB4":{"desc":"L1T"},"BB7":{"t":"H500"},"BCC":{"desc":"L1P"},"BCE":{"desc":"L1P"},"BCF":{"t":"PC12"},"BD0":{"t":"SR22"},"BD2":{"desc":"L1P"},"BD6":{"desc":"L2J"},"BDA":{"t":"C182"},"BE6":{"t":"M20P"},"BE8":{"desc":"L1P"},"BEA":{"t":"B738"},"BED":{"t":"PA32"},"BEE":{"t":"RV12"},"BF0":{"t":"PA46"},"BF1":{"t":"BE9L"},"BF3":{"desc":"L1P"},"BF5":{"desc":"L1P"},"BF6":{"t":"C82S"},"BFA":{"desc":"L1T"},"BFB":{"desc":"L1P"},"BFE":{"t":"FA7X"},"C03":{"t":"M20P"},"C13":{"t":"SR22"},"C1B":{"t":"B752"},"C1C":{"t":"C208"},"C31":{"desc":"L2P"},"C32":{"desc":"L1P"},"C36":{"t":"BALL"},"C3C":{"t":"F900"},"C42":{"t":"C172"},"C49":{"desc":"L1P"},"C4B":{"desc":"L1P"},"C50":{"t":"S61"},"C62":{"t":"R44"},"C64":{"t":"A320"},"C66":{"t":"C172"},"C6E":{"desc":"L1P"},"C70":{"t":"PA38"},"C77":{"t":"BE33"},"C7B":{"t":"WACO"},"C83":{"t":"C208"},"C8B":{"desc":"L1P"},"C90":{"t":"B77W"},"C95":{"t":"C172"},"C96":{"t":"BALL"},"C9B":{"t":"B772"},"CAE":{"t":"AS50"},"CB0":{"t":"C172"},"CB4":{"t":"B350"},"CB5":{"t":"GLID"},"CB6":{"t":"PC12"},"CB7":{"t":"PA46"},"CBD":{"t":"C182"},"CC1":{"desc":"L1P"},"CC2":{"t":"P68"},"CCA":{"t":"P28A"},"CD1":{"desc":"L1P"},"CDF":{"t":"T206"},"CE0":{"desc":"H6E"},"CE2":{"t":"P28A"},"CF0":{"t":"C180"},"CF4":{"desc":"H1T"},"CFB":{"desc":"H4E"},"D09":{"t":"CL30"},"D11":{"t":"C190"},"D12":{"t":"PA31"},"D13":{"desc":"L1P"},"D14":{"t":"C402"},"D18":{"t":"M5"},"D19":{"desc":"L1P"},"D1D":{"desc":"L1P"},"D23":{"t":"C172"},"D25":{"desc":"L1P"},"D27":{"t":"BALL"},"D2B":{"t":"B77L"},"D2D":{"t":"BE20"},"D30":{"desc":"L1P"},"D33":{"t":"B734"},"D35":{"t":"BE36"},"D36":{"t":"B350"},"D38":{"t":"C172"},"D3B":{"desc":"H1P"},"D3C":{"t":"F2TH"},"D3D":{"t":"C208"},"D3F":{"t":"B737"},"D43":{"t":"BE35"},"D44":{"t":"P28A"},"D45":{"t":"C525"},"D46":{"t":"AS50"},"D49":{"t":"C25A"},"D4B":{"desc":"L1T"},"D51":{"desc":"L1P"},"D53":{"desc":"L1P"},"D54":{"t":"PA27"},"D58":{"desc":"L1P"},"D5D":{"t":"B772"},"D5F":{"desc":"H4E"},"D75":{"desc":"L1P"},"D78":{"t":"BE33"},"D81":{"desc":"L1P"},"D8A":{"t":"PA18"},"D8E":{"desc":"L1P"},"D8F":{"desc":"A2P"},"D90":{"t":"C182"},"D96":{"t":"BALL"},"DA7":{"t":"P28A"},"DAD":{"t":"A319"},"DD9":{"t":"B58T"},"DF2":{"desc":"L1P"},"DF3":{"t":"B737"},"DF6":{"t":"PA22"},"DF9":{"t":"C172"},"DFE":{"t":"M20P"},"E00":{"t":"PA24"},"E01":{"t":"C340"},"E03":{"t":"GLID"},"E05":{"t":"C172"},"E08":{"t":"C172"},"E09":{"t":"PA30"},"E0A":{"desc":"L1P"},"E0B":{"t":"J3"},"E0C":{"t":"AR11"},"E0E":{"t":"AR11"},"E0F":{"t":"J3"},"E11":{"desc":"L1J"},"E12":{"t":"J3"},"E13":{"t":"J3"},"E14":{"t":"J3"},"E16":{"t":"B737"},"E1F":{"t":"C180"},"E20":{"t":"C172"},"E21":{"t":"M20P"},"E23":{"t":"PA24"},"E26":{"t":"GLID"},"E27":{"t":"C172"},"E29":{"t":"C77R"},"E2A":{"t":"P28A"},"E2E":{"t":"B738"},"E30":{"t":"J3"},"E31":{"t":"J3"},"E32":{"t":"J3"},"E35":{"t":"J3"},"E36":{"t":"B738"},"E3A":{"t":"B737"},"E3B":{"t":"N3N"},"E3D":{"t":"C150"},"E3E":{"t":"C150"},"E43":{"t":"C172"},"E44":{"t":"M20P"},"E45":{"t":"P28A"},"E49":{"t":"GLID"},"E4D":{"t":"P28A"},"E4E":{"t":"C172"},"E50":{"t":"PA18"},"E51":{"t":"B738"},"E52":{"t":"J3"},"E53":{"t":"J3"},"E55":{"t":"J3"},"E56":{"t":"B738"},"E58":{"t":"J3"},"E59":{"t":"J3"},"E5C":{"desc":"A1P","t":"ULAC"},"E62":{"t":"C172"},"E63":{"t":"PA12"},"E65":{"t":"PA20"},"E66":{"t":"C172"},"E67":{"t":"M20P"},"E68":{"t":"P28A"},"E69":{"t":"PA24"},"E6D":{"t":"C172"},"E6E":{"t":"C172"},"E70":{"t":"P28A"},"E73":{"t":"PA25"},"E74":{"t":"B738"},"E75":{"t":"J3"},"E76":{"t":"J3"},"E78":{"t":"J3"},"E79":{"t":"B738"},"E7A":{"t":"B738"},"E7B":{"t":"B738"},"E7C":{"t":"B738"},"E7D":{"t":"B738"},"E7E":{"desc":"L1P"},"E83":{"t":"C150"},"E85":{"t":"C172"},"E86":{"t":"PA12"},"E88":{"t":"PA20"},"E89":{"t":"C172"},"E8B":{"t":"P28A"},"E8C":{"t":"PA24"},"E8F":{"t":"GLID"},"E92":{"desc":"G1P"},"E93":{"t":"P28A"},"E94":{"t":"C172"},"E95":{"desc":"A1P","t":"ULAC"},"E97":{"t":"J3"},"E98":{"t":"J3"},"E99":{"t":"B738"},"E9A":{"desc":"L2J","t":"B39M"},"E9B":{"desc":"L2J","t":"B39M"},"E9C":{"t":"J3"},"EA0":{"t":"J3"},"EA2":{"t":"C180"},"EA5":{"t":"PA22"},"EA7":{"t":"C150"},"EA8":{"t":"C172"},"EA9":{"t":"PA12"},"EAB":{"t":"BE55"},"EAC":{"t":"C172"},"EAF":{"t":"PA24"},"EB2":{"t":"GLID"},"EBC":{"desc":"L2J","t":"B39M"},"EBE":{"t":"C206"},"EBF":{"t":"C340"},"EC1":{"t":"J3"},"EC2":{"desc":"L2J","t":"B39M"},"EC3":{"desc":"L2J","t":"B39M"},"EC6":{"desc":"L1P"},"EC8":{"t":"PA22"},"ECB":{"t":"C150"},"ECC":{"t":"PA12"},"ECD":{"desc":"L1P"},"ECF":{"t":"C172"},"ED1":{"t":"P28A"},"ED2":{"t":"PA24"},"ED4":{"t":"CH7A"},"EDA":{"t":"C172"},"EDC":{"t":"PA25"},"EDF":{"t":"J3"},"EE0":{"t":"J3"},"EE1":{"t":"J3"},"EE2":{"t":"J3"},"EE3":{"t":"J3"},"EE4":{"desc":"L1P"},"EE5":{"t":"J3"},"EE7":{"desc":"L1P"},"EEA":{"t":"C180"},"EEC":{"t":"C150"},"EF2":{"t":"C172"},"EF4":{"t":"P28A"},"EF8":{"t":"GLID"},"EF9":{"t":"C172"},"EFA":{"t":"C172"},"EFF":{"t":"PA25"},"F01":{"desc":"L2J","t":"B39M"},"F02":{"desc":"L2J","t":"B39M"},"F03":{"desc":"L2J","t":"B39M"},"F04":{"t":"J3"},"F05":{"desc":"L2J","t":"B39M"},"F06":{"desc":"L2J","t":"B39M"},"F07":{"desc":"G1P","t":"GYRO"},"F08":{"desc":"L2J","t":"B39M"},"F09":{"desc":"L2J","t":"B39M"},"F0C":{"t":"B58T"},"F0E":{"desc":"L1P"},"F0F":{"t":"C150"},"F10":{"t":"C150"},"F11":{"t":"C172"},"F12":{"t":"PA12"},"F13":{"t":"M20T"},"F18":{"t":"PA24"},"F1A":{"t":"BE36"},"F1B":{"t":"GLID"},"F1C":{"t":"C172"},"F20":{"t":"C172"},"F21":{"t":"PA30"},"F26":{"t":"J3"},"F2C":{"t":"J3"},"F2E":{"desc":"L1P"},"F31":{"t":"PA22"},"F3F":{"t":"C172"},"F40":{"t":"C172"},"F42":{"t":"P28A"},"F4C":{"t":"J3"},"F4D":{"t":"J3"},"F4F":{"t":"J3"},"F50":{"t":"BE60"},"F52":{"t":"C172"},"F54":{"t":"CH7B"},"F58":{"t":"G280"},"F5C":{"t":"B407"},"F5D":{"t":"B772"},"F5E":{"t":"B772"},"F5F":{"desc":"L1P"},"F62":{"t":"AT8T"},"F65":{"desc":"L2J","t":"A20N"},"F66":{"t":"PA18"},"F6A":{"t":"BE35"},"F6B":{"desc":"L1T"},"F6D":{"t":"HUSK"},"F72":{"t":"R44"},"F7C":{"t":"GLF4"},"F7F":{"t":"S22T"},"F85":{"t":"BALL"},"F86":{"desc":"H4E"},"F87":{"t":"SR22"},"F8B":{"t":"PA30"},"F8C":{"t":"CL30"},"F8D":{"desc":"L2J"},"F8F":{"desc":"L1P"},"F91":{"t":"C182"},"F95":{"t":"FDCT"},"F9C":{"t":"BE35"},"F9D":{"t":"BE58"},"F9E":{"t":"BE35"},"FA1":{"t":"B738"},"FA3":{"desc":"L1P"},"FA7":{"t":"C82R"},"FAA":{"t":"S76"},"FAC":{"t":"BE60"},"FB5":{"t":"C310"},"FBA":{"t":"E550"},"FD2":{"t":"B752"},"FD4":{"t":"M7"},"FE7":{"t":"P28A"},"FE8":{"desc":"L2P"},"FF3":{"t":"C650"},"FF9":{"desc":"H1P"}}