{"00A":{"t":"C172"},"02A":{"desc":"L1P","t":"ULAC"},"02C":{"t":"A320"},"02D":{"desc":"L1P"},"036":{"desc":"L1P"},"038":{"t":"E50P"},"04F":{"t":"DA62"},"054":{"t":"C25A"},"068":{"t":"C182"},"06F":{"t":"PA44"},"075":{"desc":"L2P"},"076":{"t":"PRM1"},"07A":{"t":"BALL"},"081":{"desc":"H4E"},"087":{"desc":"H4E"},"089":{"desc":"L1P"},"0A8":{"t":"EC30"},"0AD":{"t":"C425"},"0D1":{"t":"CL30"},"0D9":{"t":"C172"},"0E2":{"t":"S22T"},"0E4":{"t":"S76"},"0E9":{"t":"C441"},"0F3":{"t":"C172"},"0F5":{"t":"C310"},"0F7":{"t":"S22T"},"0FC":{"t":"CRJ7"},"0FF":{"t":"MD11"},"100":{"t":"C172"},"102":{"desc":"A1P","t":"ULAC"},"107":{"t":"B737"},"10C":{"desc":"L1P"},"10D":{"desc":"L1P"},"11D":{"t":"C425"},"120":{"t":"DC91"},"125":{"t":"B772"},"158":{"desc":"L1P"},"16F":{"desc":"L1P"},"170":{"t":"B737"},"178":{"t":"C750"},"1BB":{"t":"B737"},"1BE":{"t":"PA22"},"1C0":{"t":"P28A"},"1C2":{"desc":"L1P"},"1C7":{"t":"P28A"},"1CD":{"t":"C172"},"1CE":{"t":"M20P"},"1CF":{"t":"P28A"},"1D0":{"t":"C172"},"1D1":{"t":"PA30"},"1D2":{"t":"C150"},"1D3":{"t":"J3"},"1D6":{"t":"J3"},"1D7":{"t":"J3"},"1D8":{"t":"J3"},"1D9":{"t":"J3"},"1DA":{"t":"J3"},"1DB":{"t":"C172"},"1DC":{"t":"J3"},"1DE":{"t":"B737"},"1E5":{"t":"PA12"},"1E7":{"t":"C180"},"1E9":{"t":"BE35"},"1EC":{"t":"C340"},"1ED":{"t":"BE55"},"1EE":{"t":"B47G"},"1EF":{"t":"C172"},"1F0":{"t":"C172"},"1F1":{"t":"M20P"},"1F2":{"t":"P28A"},"1F6":{"t":"J3"},"1FB":{"t":"C182"},"1FC":{"t":"J3"},"1FD":{"t":"C188"},"1FF":{"t":"J3"},"201":{"t":"B737"},"202":{"t":"PA23"},"203":{"t":"C182"},"204":{"t":"PA22"},"205":{"t":"C150"},"206":{"t":"P28S"},"207":{"t":"C172"},"208":{"t":"PA12"},"20D":{"t":"P28A"},"20E":{"t":"PA24"},"211":{"t":"CH7A"},"212":{"t":"C172"},"213":{"t":"C172"},"219":{"t":"J3"},"21B":{"t":"J3"},"21D":{"t":"C172"},"21E":{"t":"J3"},"21F":{"t":"J3"},"220":{"t":"J3"},"221":{"t":"C172"},"222":{"t":"C172"},"224":{"t":"B737"},"228":{"t":"C150"},"229":{"t":"C150"},"22A":{"t":"C172"},"22E":{"t":"BE35"},"230":{"t":"P28A"},"233":{"t":"BE35"},"236":{"t":"C172"},"239":{"t":"C172"},"23D":{"t":"J3"},"23E":{"t":"J3"},"23F":{"t":"J3"},"242":{"t":"C172"},"244":{"t":"B739"},"245":{"t":"J3"},"247":{"t":"B737"},"24B":{"desc":"L1P"},"24C":{"t":"C150"},"24D":{"t":"C172"},"254":{"t":"PA24"},"258":{"t":"C172"},"259":{"t":"C172"},"25A":{"t":"M20P"},"25C":{"t":"C172"},"25F":{"t":"C172"},"260":{"t":"C172"},"261":{"t":"PA12"},"263":{"t":"C172"},"264":{"t":"C172"},"265":{"t":"PA12"},"266":{"t":"PA12"},"267":{"t":"B739"},"268":{"t":"PA12"},"26A":{"t":"B737"},"26D":{"t":"PA22"},"26E":{"t":"C150"},"270":{"t":"C172"},"275":{"t":"PA12"},"277":{"t":"PA24"},"278":{"t":"C340"},"279":{"t":"BE35"},"27B":{"t":"C172"},"27D":{"t":"M20P"},"282":{"t":"PA12"},"285":{"t":"PA12"},"286":{"t":"PA12"},"288":{"t":"PA12"},"28A":{"t":"C172"},"28B":{"t":"PA12"},"28D":{"t":"B737"},"290":{"t":"PA22"},"292":{"t":"C150"},"294":{"t":"PA12"},"299":{"t":"P28A"},"29C":{"t":"BE55"},"29F":{"t":"C172"},"2A0":{"t":"M20P"},"2A1":{"t":"P28A"},"2A5":{"t":"PA12"},"2A6":{"t":"C172"},"2A8":{"t":"PA12"},"2A9":{"t":"C172"},"2AA":{"t":"PA12"},"2AB":{"t":"PA12"},"2AF":{"t":"PA18"},"2B0":{"t":"B737"},"2B2":{"t":"C180"},"2B3":{"t":"PA22"},"2B6":{"desc":"L1P"},"2B7":{"t":"PA12"},"2C2":{"t":"C172"},"2C4":{"t":"P28A"},"2C5":{"t":"C172"},"2C9":{"t":"PA12"},"2CB":{"t":"PA12"},"2CC":{"t":"PA12"},"2CE":{"t":"PA12"},"2D3":{"t":"B737"},"2D4":{"desc":"L2P"},"2D5":{"t":"P28A"},"2D6":{"t":"PA22"},"2DA":{"t":"PA12"},"2DF":{"t":"P28A"},"2E0":{"t":"PA24"},"2E2":{"t":"BE35"},"2E4":{"t":"C172"},"2E6":{"t":"M20P"},"2E7":{"t":"P28A"},"2EB":{"t":"PA12"},"2EC":{"t":"PA12"},"2ED":{"t":"C172"},"2F2":{"t":"C172"},"2F4":{"t":"C172"},"2F5":{"t":"G164"},"2F6":{"t":"B737"},"2FA":{"t":"C150"},"2FD":{"t":"PA12"},"302":{"t":"P28A"},"307":{"t":"C172"},"309":{"t":"M20P"},"30D":{"t":"C150"},"30E":{"t":"C172"},"30F":{"t":"C172"},"310":{"t":"PA12"},"312":{"t":"C172"},"313":{"t":"PA12"},"314":{"t":"PA12"},"315":{"t":"PA12"},"318":{"desc":"L1P"},"31A":{"t":"BE33"},"31D":{"t":"F2TH"},"31E":{"t":"B06"},"31F":{"t":"PC12"},"325":{"t":"BE20"},"326":{"t":"B772"},"32A":{"t":"C172"},"32D":{"t":"B788"},"32F":{"t":"B762"},"332":{"t":"S22T"},"334":{"t":"SR22"},"335":{"t":"B772"},"339":{"t":"C172"},"33C":{"t":"C182"},"34C":{"t":"P212"},"34D":{"t":"B06"},"34E":{"t":"C56X"},"34F":{"t":"SR22"},"352":{"t":"PA34"},"355":{"t":"B744"},"360":{"t":"C550"},"368":{"desc":"G1P"},"36A":{"t":"C25C"},"36E":{"t":"BE23"},"388":{"desc":"L1P"},"39A":{"t":"B752"},"39B":{"t":"C208"},"3AF":{"t":"GLID"},"3B0":{"desc":"L2P"},"3BB":{"desc":"L1P"},"3C8":{"desc":"L1P"},"3CB":{"t":"PA46"},"3E3":{"t":"BE35"},"3E9":{"t":"P180"},"3EF":{"t":"BE9L"},"3F2":{"t":"C25B"},"3FA":{"t":"FDCT"},"403":{"t":"GLEX"},"416":{"t":"C82S"},"41A":{"desc":"H4E"},"426":{"t":"PA44"},"42C":{"t":"SR22"},"42D":{"t":"TBM7"},"42F":{"desc":"L1P"},"430":{"desc":"H4E"},"438":{"t":"E190"},"43E":{"t":"C25A"},"449":{"t":"PA44"},"45E":{"desc":"H2T"},"45F":{"desc":"H6E"},"465":{"desc":"H4E"},"480":{"t":"ULAC"},"485":{"desc":"H4E"},"488":{"t":"GLF5"},"490":{"desc":"L1P"},"493":{"t":"C680"},"49B":{"t":"S76"},"49C":{"t":"P28A"},"4A5":{"t":"BE36"},"4A9":{"t":"BT36"},"4AA":{"t":"C82S"},"4B1":{"t":"R22"},"4B3":{"t":"CRJ7"},"4B9":{"desc":"A1P","t":"ULAC"},"4BB":{"desc":"H1P"},"4BE":{"t":"B737"},"4C0":{"t":"S22T"},"4C4":{"t":"C56X"},"4C8":{"t":"RV12"},"4D7":{"t":"DC91"},"4DC":{"t":"B772"},"4F7":{"t":"H25B"},"50D":{"t":"R44"},"510":{"t":"BE20"},"51E":{"desc":"H8E"},"522":{"t":"C208"},"526":{"desc":"L1P"},"571":{"t":"ULAC"},"572":{"t":"GLID"},"573":{"t":"B737"},"575":{"t":"PA22"},"578":{"t":"C172"},"579":{"t":"PA12"},"57E":{"t":"P28A"},"581":{"desc":"L2P"},"584":{"t":"C172"},"589":{"t":"C150"},"58A":{"t":"J3"},"58B":{"t":"B738"},"58D":{"t":"J3"},"590":{"t":"B738"},"593":{"t":"B738"},"595":{"t":"B737"},"59A":{"t":"C150"},"5A1":{"t":"P28A"},"5A7":{"t":"C172"},"5A8":{"t":"M20P"},"5A9":{"t":"P28A"},"5AE":{"t":"B738"},"5AF":{"t":"C172"},"5B0":{"t":"C172"},"5B2":{"t":"C172"},"5B4":{"t":"C172"},"5B8":{"t":"B737"},"5C4":{"t":"P28A"},"5CA":{"t":"C172"},"5CB":{"t":"M20P"},"5CC":{"t":"P28A"},"5CE":{"t":"PA30"},"5CF":{"t":"C150"},"5D0":{"t":"C172"},"5D1":{"t":"J3"},"5D2":{"t":"C182"},"5D3":{"t":"C172"},"5D4":{"t":"B738"},"5D5":{"t":"C172"},"5D6":{"t":"C172"},"5D7":{"t":"J3"},"5DB":{"t":"C180"},"5DC":{"t":"B737"},"5DD":{"t":"P28A"},"5DF":{"t":"C150"},"5E0":{"t":"C150"},"5E2":{"t":"PA12"},"5E7":{"t":"P28A"},"5EA":{"t":"BE33"},"5EC":{"t":"C172"},"5F4":{"t":"C172"},"5F5":{"t":"PA12"},"5F8":{"t":"PA12"},"5F9":{"t":"PA12"},"5FB":{"t":"C172"},"5FC":{"t":"PA11"},"5FE":{"t":"C180"},"5FF":{"t":"B737"},"604":{"t":"C172"},"606":{"t":"P28A"},"607":{"desc":"L1P"},"60B":{"t":"PA18"},"60D":{"t":"BE36"},"615":{"t":"C150"},"616":{"t":"B738"},"617":{"t":"PA12"},"618":{"t":"C172"},"61C":{"t":"PA12"},"61D":{"t":"PA12"},"61E":{"t":"C172"},"621":{"t":"B737"},"623":{"t":"C180"},"626":{"t":"C150"},"627":{"t":"C172"},"62B":{"t":"SR22"},"630":{"t":"BALL"},"631":{"t":"P28A"},"634":{"t":"M20P"},"636":{"t":"C172"},"637":{"t":"PA30"},"638":{"t":"SR22"},"639":{"t":"PA11"},"63C":{"t":"C172"},"63D":{"t":"PA12"},"63E":{"t":"PA12"},"63F":{"t":"C182"},"641":{"t":"PA12"},"642":{"t":"PA12"},"643":{"t":"G164"},"644":{"t":"B737"},"646":{"t":"C140"},"649":{"t":"C150"},"64A":{"t":"C172"},"64B":{"t":"PA12"},"64E":{"t":"BE35"},"650":{"t":"P28A"},"657":{"t":"M20P"},"658":{"t":"P28A"},"659":{"t":"C172"},"65A":{"t":"PA30"},"65D":{"t":"PA12"},"660":{"t":"PA12"},"661":{"t":"PA12"},"663":{"t":"PA12"},"667":{"t":"C180"},"668":{"t":"B737"},"66A":{"t":"PA22"},"66B":{"t":"C150"},"66C":{"t":"P32R"},"66D":{"t":"C172"},"66E":{"t":"PA12"},"673":{"t":"P28A"},"678":{"t":"C172"},"679":{"t":"C172"},"67B":{"t":"P28A"},"67D":{"desc":"L1J"},"67F":{"t":"PA12"},"682":{"t":"PA12"},"683":{"t":"PA12"},"684":{"t":"PA12"},"688":{"t":"C172"},"68A":{"t":"B737"},"68D":{"t":"PA22"},"68E":{"t":"C150"},"68F":{"t":"C150"},"699":{"desc":"L1P"},"69E":{"t":"P28A"},"69F":{"desc":"L1P"},"6A0":{"t":"PA30"},"6A2":{"t":"PA11"},"6A3":{"t":"PA12"},"6A4":{"t":"PA12"},"6A8":{"t":"PA12"},"6AA":{"t":"PA12"},"6AB":{"t":"PA12"},"6AE":{"t":"B737"},"6AF":{"desc":"L1P"},"6B0":{"t":"PA22"},"6B3":{"t":"C172"},"6B4":{"t":"PA12"},"6B9":{"t":"P28A"},"6BA":{"desc":"L1P"},"6BF":{"t":"C172"},"6C2":{"t":"C172"},"6C5":{"t":"C172"},"6C9":{"t":"PA12"},"6CB":{"t":"C172"},"6CC":{"t":"PA12"},"6CD":{"t":"C172"},"6CF":{"desc":"L1P"},"6D0":{"t":"PA44"},"6D2":{"desc":"L1P"},"6D3":{"t":"C25A"},"6D4":{"t":"F2TH"},"6D5":{"desc":"L1P"},"6D8":{"t":"C25B"},"6DC":{"t":"DA40"},"6DD":{"t":"B772"},"6DE":{"desc":"L1T","t":"M600"},"6E0":{"t":"SR22"},"6E4":{"t":"B788"},"6E6":{"t":"B762"},"6EA":{"desc":"L1P"},"6F0":{"t":"P28R"},"6F2":{"desc":"L2J","t":"B38M"},"705":{"t":"LJ45"},"70B":{"t":"FA20"},"70C":{"t":"B744"},"710":{"t":"C172"},"713":{"t":"FA7X"},"717":{"t":"PC12"},"71B":{"t":"C140"},"71D":{"desc":"L1P"},"71F":{"t":"BE20"},"721":{"t":"PC12"},"724":{"t":"P28A"},"729":{"t":"C172"},"73C":{"t":"SR20"},"745":{"desc":"L1P"},"751":{"t":"B752"},"752":{"t":"C208"},"759":{"t":"C152"},"766":{"t":"GLID"},"767":{"desc":"L2P"},"768":{"desc":"H6E"},"772":{"desc":"L1P"},"782":{"t":"BE20"},"783":{"t":"LJ45"},"78D":{"t":"SR22"},"79A":{"t":"SR22"},"79D":{"t":"PA12"},"79F":{"desc":"L1P"},"7A0":{"t":"C172"},"7A4":{"t":"GLF5"},"7A6":{"t":"BL8"},"7AA":{"t":"HDJT"},"7B1":{"t":"WACO"},"7B2":{"t":"C82S"},"7B5":{"t":"S22T"},"7BD":{"t":"DA40"},"7CC":{"t":"BALL"},"7D0":{"t":"A119"},"7D5":{"desc":"L1P"},"7D8":{"desc":"L1T","t":"M600"},"7E3":{"t":"PA18"},"7E4":{"t":"P28A"},"7E5":{"t":"P28A"},"7E6":{"desc":"L1P"},"7E7":{"t":"PA46"},"7EA":{"desc":"H6E"},"7F1":{"desc":"L1P"},"7F4":{"t":"PA34"},"808":{"t":"GLF5"},"812":{"t":"DA62"},"816":{"t":"EC30"},"818":{"t":"SR22"},"83F":{"t":"CL30"},"842":{"t":"H25B"},"848":{"t":"SR22"},"84E":{"desc":"L1P"},"852":{"t":"S76"},"85E":{"t":"C72R"},"85F":{"desc":"L1P","t":"ULAC"},"861":{"t":"C172"},"863":{"t":"B350"},"868":{"t":"R22"},"86A":{"t":"CRJ7"},"86E":{"t":"C172"},"872":{"t":"M4"},"875":{"t":"B737"},"87C":{"t":"BALL"},"87F":{"t":"C206"},"888":{"desc":"H4E"},"88A":{"t":"BE36"},"88B":{"t":"C56X"},"88F":{"t":"S22T"},"893":{"t":"B772"},"8AE":{"desc":"A1P"},"8C6":{"t":"SR22"},"8D0":{"t":"PC12"},"8D4":{"t":"T206"},"8D9":{"t":"C208"},"8E6":{"t":"C750"},"8EE":{"t":"S22T"},"8F8":{"desc":"L1P"},"929":{"t":"B737"},"92D":{"t":"C150"},"92E":{"t":"C150"},"92F":{"t":"C172"},"930":{"t":"PA12"},"935":{"t":"P28A"},"936":{"t":"PA24"},"939":{"t":"B47G"},"93D":{"t":"P28A"},"940":{"t":"C150"},"942":{"t":"PA11"},"943":{"t":"PA11"},"944":{"t":"C172"},"945":{"t":"C172"},"946":{"t":"PA11"},"947":{"t":"C172"},"948":{"t":"C182"},"949":{"t":"PA11"},"94D":{"t":"T6"},"94E":{"desc":"L1P"},"94F":{"t":"PA18"},"950":{"t":"C150"},"951":{"t":"C150"},"952":{"t":"C172"},"954":{"t":"B737"},"956":{"desc":"L1P","t":"ULAC"},"959":{"t":"PA24"},"95B":{"t":"BE33"},"95C":{"t":"B47G"},"95D":{"t":"C172"},"95E":{"t":"C172"},"960":{"t":"P28A"},"962":{"t":"PA30"},"963":{"t":"C150"},"964":{"t":"PA11"},"965":{"t":"PA11"},"967":{"t":"PA11"},"969":{"t":"PA11"},"96D":{"t":"PA11"},"96F":{"t":"B737"},"975":{"t":"C172"},"97B":{"t":"P28A"},"97C":{"t":"PA18"},"97E":{"desc":"L2T"},"97F":{"t":"B47G"},"984":{"t":"C172"},"985":{"t":"PA30"},"986":{"t":"C150"},"987":{"t":"PA11"},"989":{"t":"C172"},"98A":{"t":"C172"},"98B":{"t":"C172"},"98D":{"t":"C172"},"98F":{"t":"C172"},"990":{"t":"PA11"},"992":{"t":"B737"},"994":{"t":"N3N"},"99F":{"t":"PA24"},"9A3":{"t":"C172"},"9A4":{"t":"C172"},"9A6":{"t":"P28A"},"9A8":{"t":"PA30"},"9AA":{"t":"PA11"},"9AC":{"t":"PA11"},"9AD":{"t":"PA11"},"9AF":{"t":"PA11"},"9B5":{"t":"C180"},"9B6":{"t":"B737"},"9BA":{"t":"C402"},"9BB":{"t":"C172"},"9BC":{"t":"PA12"},"9C5":{"desc":"H4E"},"9CA":{"t":"C172"},"9CB":{"t":"PA30"},"9CD":{"t":"C172"},"9CE":{"t":"PA11"},"9CF":{"t":"C172"},"9D4":{"t":"C172"},"9D5":{"t":"PA11"},"9D7":{"t":"T6"},"9D8":{"t":"B737"},"9DB":{"t":"PA18"},"9E4":{"t":"P28A"},"9E5":{"t":"PA24"},"9E7":{"t":"BE35"},"9E9":{"t":"C172"},"9EA":{"t":"C172"},"9EB":{"t":"M20P"},"9ED":{"t":"C172"},"9EE":{"t":"PA30"},"9EF":{"t":"C150"},"9F0":{"t":"C172"},"9F1":{"t":"C172"},"9F2":{"t":"C172"},"9F3":{"t":"PA11"},"9F4":{"t":"PA11"},"9F6":{"t":"PA11"},"9F7":{"t":"C172"},"9F9":{"t":"PA11"},"9FB":{"t":"B737"},"9FF":{"t":"C150"},"A01":{"t":"C172"},"A04":{"desc":"H1T"},"A07":{"t":"C172"},"A08":{"t":"PA24"},"A0A":{"t":"BE35"},"A0F":{"t":"P28A"},"A11":{"t":"PA30"},"A12":{"t":"C150"},"A14":{"t":"PA11"},"A16":{"t":"C172"},"A17":{"t":"PA11"},"A1A":{"t":"PA11"},"A1B":{"t":"C172"},"A1C":{"t":"PA11"},"A1E":{"t":"B737"},"A21":{"t":"PA18"},"A25":{"t":"PA12"},"A2A":{"t":"C172"},"A2D":{"t":"BE36"},"A2F":{"t":"C560"},"A30":{"t":"C150"},"A32":{"t":"P28A"},"A33":{"t":"C172"},"A38":{"t":"C172"},"A39":{"t":"PA11"},"A3B":{"t":"PA11"},"A3F":{"t":"PA11"},"A41":{"t":"C180"},"A42":{"desc":"L1P"},"A44":{"t":"PA18"},"A46":{"t":"P32R"},"A47":{"desc":"H4E"},"A4A":{"t":"B737"},"A4B":{"t":"BE35"},"A51":{"t":"BL8"},"A53":{"t":"C172"},"A54":{"t":"M20P"},"A56":{"t":"C172"},"A58":{"t":"C150"},"A5A":{"t":"C172"},"A5B":{"t":"PA11"},"A5D":{"t":"PA11"},"A5E":{"t":"PA11"},"A5F":{"t":"PA11"},"A61":{"t":"PA11"},"A62":{"t":"J3"},"A64":{"t":"B737"},"A67":{"t":"PA18"},"A6A":{"t":"C172"},"A6B":{"t":"PA12"},"A6E":{"t":"BE35"},"A70":{"t":"C172"},"A71":{"t":"PA24"},"A73":{"t":"BE55"},"A75":{"t":"C172"},"A77":{"t":"M20P"},"A78":{"t":"P28A"},"A7D":{"desc":"L1P"},"A7E":{"t":"PA11"},"A81":{"t":"C172"},"A82":{"t":"PA11"},"A83":{"t":"PA11"},"A85":{"t":"PA11"},"A88":{"desc":"L1P"},"A8B":{"t":"E55P"},"A8C":{"t":"T210"},"A8D":{"desc":"L1P"},"A8E":{"t":"C170"},"A8F":{"desc":"L1P"},"A90":{"t":"R44"},"A91":{"desc":"L1P","t":"ULAC"},"A92":{"t":"B772"},"A93":{"t":"DA42"},"A94":{"t":"PA24"},"A97":{"t":"P32R"},"A99":{"t":"C172"},"A9A":{"t":"PA44"},"A9B":{"t":"DA42"},"A9D":{"t":"B762"},"AA1":{"t":"B788"},"AA3":{"t":"SR22"},"AA4":{"desc":"H4E"},"AA7":{"t":"P28R"},"AA9":{"desc":"L2J","t":"B38M"},"AAA":{"desc":"L1P","t":"B788"},"AAC":{"desc":"A1P"},"AAD":{"t":"G150"},"AB0":{"t":"P28A"},"AB2":{"desc":"L1P"},"AB6":{"t":"B788"},"AB9":{"desc":"L2T"},"ABA":{"t":"S22T"},"ABB":{"t":"SR22"},"ABC":{"t":"BE58"},"ABD":{"t":"SR22"},"ABE":{"t":"P28A"},"AC1":{"t":"LJ45"},"AC2":{"t":"P28A"},"AC3":{"t":"B763"},"AC4":{"desc":"L1P"},"AC7":{"t":"C172"},"ACD":{"t":"C650"},"AD2":{"t":"BE35"},"AD3":{"t":"C182"},"AD4":{"t":"GLID"},"AD5":{"t":"C182"},"AD6":{"t":"C182"},"AD8":{"t":"S22T"},"AD9":{"desc":"L1P"},"ADA":{"desc":"L1P"},"ADB":{"t":"P28A"},"ADC":{"t":"B350"},"ADE":{"t":"DA40"},"AE2":{"t":"C414"},"AE3":{"t":"GLID"},"AE8":{"t":"S22T"},"AED":{"t":"AA5"},"AEE":{"t":"DA40"},"AF0":{"t":"ULAC"},"AF1":{"t":"S22T"},"AF7":{"desc":"L1P","t":"TB0"},"AF9":{"t":"C25C"},"AFC":{"desc":"L1P"},"AFD":{"t":"SR20"},"AFF":{"t":"C25B"},"B03":{"desc":"L1P"},"B08":{"t":"B752"},"B09":{"t":"C208"},"B0F":{"desc":"L1P"},"B10":{"t":"C152"},"B16":{"t":"B788"},"B1D":{"t":"C340"},"B1E":{"desc":"L2P"},"B1F":{"desc":"L1P"},"B20":{"t":"SR22"},"B25":{"t":"HUSK"},"B28":{"t":"C172"},"B2B":{"t":"GLF5"},"B2E":{"t":"SR22"},"B2F":{"t":"LJ55"},"B32":{"t":"M7"},"B36":{"desc":"L1P"},"B3A":{"desc":"L1P","t":"ULAC"},"B3C":{"t":"RV12"},"B3D":{"desc":"H4E"},"B44":{"t":"PA46"},"B50":{"t":"C150"},"B53":{"t":"SR22"},"B56":{"desc":"H4E"},"B59":{"t":"BE36"},"B5F":{"t":"RV12"},"B60":{"t":"GLF4"},"B61":{"desc":"L1P"},"B6A":{"t":"C172"},"B6B":{"desc":"L1P","t":"ULAC"},"B6F":{"desc":"H4E"},"B73":{"desc":"L2T"},"B79":{"t":"PA24"},"B81":{"desc":"L1P"},"B83":{"t":"DA40"},"B84":{"t":"S22T"},"B86":{"t":"S22T"},"B87":{"t":"C172"},"B88":{"t":"CL60"},"B89":{"desc":"L1P"},"B8C":{"t":"BE33"},"B8D":{"t":"S22T"},"B8F":{"t":"CL30"},"B92":{"t":"FDCT"},"B96":{"t":"SR22"},"B9B":{"desc":"L1P"},"B9D":{"t":"ULAC"},"B9E":{"t":"C182"},"B9F":{"desc":"A1P"},"BA1":{"t":"C750"},"BA2":{"t":"SR22"},"BA4":{"t":"S22T"},"BA5":{"desc":"L1P"},"BA8":{"t":"PA18"},"BAA":{"t":"BE36"},"BAB":{"t":"RV12"},"BAC":{"t":"PA18"},"BAE":{"desc":"L1P","t":"ULAC"},"BB3":{"desc":"L1P"},"BB7":{"t":"P28A"},"BB8":{"desc":"L1P"},"BC7":{"desc":"L1P"},"BCF":{"t":"C82T"},"BD3":{"t":"SR22"},"BD5":{"t":"E50P"},"BD7":{"t":"SR22"},"BD8":{"t":"C82S"},"BDE":{"desc":"H1P"},"BE0":{"t":"DA40"},"BE1":{"t":"R66"},"BEC":{"desc":"H4E"},"BF6":{"t":"CL30"},"BFE":{"desc":"L1P"},"BFF":{"t":"C208"},"C00":{"desc":"L1P"},"C01":{"desc":"H2T"},"C05":{"t":"C82T"},"C06":{"t":"BL8"},"C07":{"t":"PC12"},"C08":{"desc":"L2P"},"C09":{"desc":"H2T"},"C0A":{"t":"BE33"},"C0C":{"t":"P28A"},"C0E":{"t":"B742"},"C0F":{"t":"PA32"},"C12":{"desc":"L1P"},"C18":{"t":"B737"},"C1A":{"t":"BE50"},"C1B":{"desc":"L1P"},"C1C":{"t":"M20T"},"C1D":{"t":"GLID"},"C1E":{"t":"PA18"},"C21":{"t":"CRJ7"},"C23":{"desc":"L1P","t":"ULAC"},"C25":{"t":"C172"},"C27":{"desc":"H2T"},"C28":{"t":"SR22"},"C29":{"t":"CH7B"},"C2C":{"t":"CH7B"},"C2E":{"t":"DA40"},"C30":{"desc":"L1P"},"C32":{"desc":"L1P"},"C33":{"t":"BALL"},"C36":{"t":"P28A"},"C38":{"t":"C750"},"C39":{"desc":"L1P"},"C3C":{"desc":"L1P"},"C40":{"desc":"L1P"},"C41":{"t":"LJ60"},"C42":{"t":"BE9L"},"C47":{"t":"C56X"},"C4A":{"t":"B772"},"C4B":{"desc":"A1P"},"C50":{"desc":"H4E"},"C55":{"t":"SR20"},"C64":{"t":"BALL"},"C69":{"desc":"H4E"},"C7A":{"t":"GLID"},"C7B":{"t":"SR20"},"C7C":{"t":"PA34"},"C81":{"t":"SR22"},"C82":{"desc":"H4E"},"C83":{"t":"B732"},"C89":{"t":"ULAC"},"C8D":{"t":"C172"},"C90":{"t":"C172"},"C9B":{"desc":"L1P"},"CAD":{"desc":"L1P"},"CAE":{"desc":"L1E"},"CC7":{"t":"B788"},"CCB":{"t":"S22T"},"CCD":{"desc":"H4E"},"CE0":{"t":"C180"},"CE4":{"t":"C150"},"CE6":{"desc":"H4E"},"CEA":{"t":"BE55"},"CEC":{"t":"C172"},"CEF":{"t":"BE35"},"CF3":{"t":"M20P"},"CF4":{"t":"P28A"},"CF7":{"t":"C150"},"CFA":{"t":"PA12"},"CFC":{"t":"PA12"},"CFD":{"t":"PA12"},"CFE":{"t":"PA12"},"D00":{"t":"PA12"},"D02":{"t":"PA12"},"D03":{"t":"C180"},"D07":{"t":"C150"},"D14":{"t":"C172"},"D16":{"t":"M20P"},"D17":{"t":"P28A"},"D19":{"t":"PA30"},"D1B":{"t":"C172"},"D1C":{"t":"C172"},"D1E":{"desc":"L1P"},"D1F":{"t":"PA11"},"D21":{"t":"C172"},"D28":{"t":"GLID"},"D2C":{"t":"C172"},"D32":{"t":"C172"},"D34":{"t":"C310"},"D37":{"t":"C172"},"D38":{"t":"C172"},"D39":{"t":"M20P"},"D3A":{"t":"P28A"},"D3E":{"t":"C182"},"D3F":{"t":"C172"},"D44":{"t":"PA11"},"D47":{"t":"C172"},"D49":{"t":"B737"},"D4A":{"t":"ST75"},"D4B":{"t":"P46T"},"D53":{"t":"BE55"},"D55":{"t":"C172"},"D56":{"t":"PA24"},"D57":{"t":"C310"},"D58":{"t":"BE33"},"D5D":{"desc":"L1P"},"D61":{"t":"PA11"},"D62":{"t":"PA11"},"D63":{"t":"PA11"},"D64":{"t":"C172"},"D66":{"t":"PA11"},"D68":{"t":"C182"},"D6A":{"t":"PA11"},"D6B":{"t":"B788"},"D6D":{"t":"B737"},"D72":{"t":"C172"},"D74":{"t":"C210"},"D78":{"t":"C172"},"D7D":{"t":"C172"},"D7E":{"t":"C172"},"D7F":{"t":"M20P"},"D80":{"t":"P28A"},"D81":{"t":"C172"},"D83":{"t":"ULAC"},"D84":{"t":"PA11"},"D85":{"t":"PA11"},"D86":{"t":"PA11"},"D87":{"t":"PA11"},"D8B":{"t":"C172"},"D8D":{"t":"PA11"},"D8F":{"t":"B737"},"D92":{"t":"PA18"},"D93":{"t":"C402"},"D94":{"t":"C150"},"D95":{"t":"C172"},"D99":{"t":"BE35"},"D9C":{"t":"PA24"},"D9E":{"t":"BE35"},"DA1":{"t":"C172"},"DA2":{"t":"M20P"},"DA4":{"t":"C172"},"DA5":{"t":"PA30"},"DAB":{"t":"PA11"},"DAE":{"t":"C172"},"DAF":{"t":"PA11"},"DB0":{"t":"PA11"},"DB1":{"desc":"L1P"},"DB2":{"t":"B737"},"DB4":{"t":"C510"},"DB7":{"t":"C150"},"DBF":{"t":"PA24"},"DC3":{"t":"C172"},"DC4":{"t":"C172"},"DC5":{"t":"M20P"},"DC7":{"t":"C172"},"DCA":{"t":"C172"},"DCC":{"t":"PA11"},"DCD":{"t":"C172"},"DD0":{"t":"C172"},"DDA":{"t":"C150"},"DDC":{"t":"B737"},"DDF":{"t":"BE33"},"DE0":{"desc":"L1P"},"DE2":{"t":"PA24"},"DE5":{"t":"CH7B"},"DE6":{"t":"C25B"},"DE9":{"t":"P28A"},"DEA":{"desc":"H1T"},"DEB":{"t":"BALL"},"DEC":{"t":"C150"},"DEE":{"t":"J3"},"DEF":{"t":"PA11"},"DF1":{"desc":"L2P"},"DF2":{"t":"PA11"},"DF7":{"t":"B47G"},"DF8":{"t":"B737"},"DFA":{"t":"TAYD"},"DFC":{"desc":"L1P"},"E02":{"t":"BE33"},"E03":{"t":"PA12"},"E06":{"t":"PA18"},"E07":{"t":"BE55"},"E0B":{"t":"M20P"},"E0E":{"t":"BE33"},"E10":{"t":"PA11"},"E11":{"t":"PA11"},"E15":{"t":"C172"},"E17":{"t":"PA12"},"E19":{"t":"C172"},"E1A":{"t":"GLID"},"E1B":{"t":"B737"},"E21":{"t":"C172"},"E22":{"t":"PA12"},"E25":{"t":"BE35"},"E26":{"desc":"L1P"},"E28":{"t":"PA24"},"E2A":{"t":"BE35"},"E2E":{"t":"M20P"},"E2F":{"t":"P28A"},"E30":{"t":"C172"},"E3A":{"t":"C172"},"E3B":{"t":"PA11"},"E3C":{"t":"C172"},"E3F":{"t":"S22T"},"E40":{"t":"BL8"},"E44":{"t":"S22T"},"E47":{"t":"R44"},"E48":{"desc":"L1P"},"E4A":{"t":"B222"},"E4B":{"t":"B772"},"E52":{"desc":"L2J","t":"A20N"},"E54":{"t":"B762"},"E59":{"t":"PAY2"},"E5E":{"t":"PA44"},"E63":{"t":"S22T"},"E69":{"t":"C188"},"E6C":{"t":"CH7B"},"E6D":{"desc":"H4E"},"E70":{"desc":"L1P"},"E71":{"t":"P32T"},"E72":{"desc":"L1P"},"E73":{"desc":"L2T"},"E76":{"t":"BE58"},"E77":{"t":"CRJ2"},"E7C":{"t":"SF50"},"E7E":{"t":"C182"},"E89":{"desc":"L1P"},"E8C":{"desc":"L1P"},"E90":{"desc":"L1P"},"E95":{"t":"C340"},"E97":{"t":"B737"},"E98":{"t":"GA5C"},"E9A":{"desc":"L2J"},"EA0":{"desc":"L1P","t":"ULAC"},"EBF":{"t":"B752"},"EC0":{"t":"C208"},"ECD":{"t":"C172"},"ED4":{"t":"R44"},"EED":{"desc":"L1P"},"F07":{"t":"P28A"},"F08":{"desc":"L1P"},"F09":{"t":"P32T"},"F0D":{"t":"P32R"},"F0F":{"t":"C421"},"F12":{"t":"BE9L"},"F13":{"t":"SR20"},"F17":{"t":"C25A"},"F1B":{"t":"C525"},"F1F":{"t":"BE35"},"F21":{"t":"C72R"},"F24":{"desc":"H1P"},"F25":{"desc":"L1P"},"F2A":{"t":"SW4"},"F2B":{"t":"SR22"},"F39":{"t":"AT8T"},"F3A":{"t":"BALL"},"F51":{"t":"PA46"},"F54":{"t":"C172"},"F58":{"t":"SR22"},"F5B":{"t":"C182"},"F5D":{"t":"CL30"},"F5F":{"desc":"L1P"},"F63":{"desc":"L1P"},"F71":{"t":"PC12"},"F83":{"t":"C182"},"F84":{"t":"SR22"},"F8A":{"t":"SR22"},"FAD":{"t":"CL30"},"FB7":{"t":"TBM7"},"FBB":{"desc":"L1P"},"FBD":{"desc":"L1P"},"FBE":{"desc":"L2P"},"FBF":{"t":"P28A"},"FC1":{"t":"C182"},"FC5":{"t":"TBM7"},"FC9":{"desc":"L1P"},"FCB":{"desc":"L1P"},"FCE":{"t":"P32R"},"FCF":{"t":"B737"},"FD1":{"t":"PC12"},"FD6":{"t":"R22"},"FD8":{"t":"CRJ7"},"FD9":{"t":"GLF6"},"FDA":{"t":"PA46"},"FDE":{"t":"SR22"},"FE0":{"desc":"L1T","t":"PA46"},"FE9":{"desc":"L1P"},"FEA":{"t":"BALL"},"FEB":{"t":"PA18"},"FF1":{"t":"R44"}}