{"000":{"t":"C172"},"004":{"t":"BL8"},"009":{"desc":"L1P"},"00C":{"t":"RV12"},"012":{"t":"B772"},"043":{"desc":"L1P"},"04F":{"t":"T6"},"055":{"t":"C170"},"058":{"t":"C172"},"0A9":{"t":"C172"},"0AB":{"t":"BE35"},"0B1":{"t":"BE33"},"0B4":{"t":"P28A"},"0B6":{"t":"C310"},"0B7":{"t":"BE33"},"0B9":{"t":"C175"},"0CC":{"t":"C172"},"0CE":{"t":"BE35"},"0D1":{"t":"C172"},"0D2":{"t":"PA12"},"0D4":{"t":"BE33"},"0D7":{"t":"P28A"},"0DC":{"t":"C175"},"0DF":{"t":"P28A"},"0E0":{"t":"C172"},"0E2":{"t":"C150"},"0EF":{"t":"C172"},"0F0":{"desc":"A4P"},"0F2":{"t":"C150"},"0F3":{"t":"C150"},"0F4":{"t":"C172"},"0F8":{"t":"BE23"},"0F9":{"t":"BE33"},"0FA":{"t":"P28A"},"0FB":{"t":"PA24"},"102":{"t":"P28A"},"104":{"t":"PA30"},"105":{"t":"C150"},"112":{"t":"C172"},"116":{"t":"P28A"},"117":{"t":"C172"},"119":{"t":"B06"},"11B":{"t":"BE23"},"11D":{"t":"P28A"},"11E":{"t":"PA24"},"122":{"t":"C175"},"123":{"t":"C172"},"125":{"t":"P28A"},"126":{"t":"C172"},"137":{"t":"BE35"},"13D":{"t":"BE55"},"13E":{"t":"BE24"},"140":{"t":"P28A"},"147":{"t":"C180"},"148":{"t":"P28A"},"149":{"t":"C172"},"157":{"desc":"L1P"},"15C":{"t":"P28A"},"15E":{"t":"PA12"},"15F":{"t":"B47G"},"160":{"t":"BE35"},"163":{"t":"P28A"},"164":{"t":"PA24"},"16E":{"t":"C150"},"16F":{"t":"ST75"},"17B":{"t":"C172"},"17D":{"t":"BE35"},"180":{"t":"C150"},"185":{"t":"BE35"},"186":{"t":"P28A"},"18C":{"t":"C172"},"190":{"t":"PA30"},"19E":{"t":"C172"},"19F":{"t":"P28A"},"1A0":{"t":"BE35"},"1A3":{"t":"C172"},"1A8":{"t":"BE35"},"1A9":{"t":"P28A"},"1AE":{"t":"C175"},"1B0":{"desc":"L1P"},"1B1":{"t":"P28A"},"1B2":{"t":"C172"},"1B3":{"t":"PA30"},"1B4":{"t":"C150"},"1C1":{"t":"C172"},"1C2":{"t":"T6"},"1C3":{"t":"BE35"},"1C5":{"t":"C150"},"1CC":{"t":"P28A"},"1CD":{"t":"PA24"},"1CF":{"t":"BE55"},"1D1":{"t":"C175"},"1D4":{"t":"P28A"},"1D6":{"t":"PA30"},"1E4":{"t":"C172"},"1E5":{"t":"T6"},"1E8":{"t":"P28A"},"1E9":{"t":"C172"},"1EB":{"t":"C182"},"1EE":{"t":"BE35"},"1EF":{"t":"P28A"},"1F1":{"t":"C402"},"1F7":{"t":"P28A"},"1F8":{"t":"C172"},"205":{"t":"C140"},"209":{"t":"BL8"},"210":{"t":"ULAC"},"211":{"t":"DC86"},"212":{"t":"DA40"},"213":{"t":"B772"},"216":{"desc":"L1P"},"21C":{"t":"B762"},"21E":{"t":"EC55"},"21F":{"t":"BE35"},"221":{"t":"C82S"},"227":{"desc":"A1P","t":"ULAC"},"229":{"t":"C525"},"22D":{"desc":"H1T"},"231":{"t":"SR22"},"238":{"t":"S108"},"23A":{"t":"CL30"},"23B":{"t":"C650"},"23C":{"t":"SR22"},"23E":{"t":"BE9L"},"241":{"t":"C182"},"242":{"t":"S22T"},"243":{"t":"P32T"},"246":{"t":"GLF5"},"249":{"t":"CL30"},"24A":{"t":"GLEX"},"24E":{"t":"C750"},"254":{"desc":"H1P"},"255":{"desc":"H6E"},"257":{"desc":"L1P"},"259":{"desc":"L1P"},"25A":{"t":"C172"},"25B":{"desc":"L1P"},"25C":{"desc":"L1P"},"25D":{"t":"R44"},"262":{"desc":"L1P"},"263":{"t":"C172"},"26A":{"t":"GLID"},"26F":{"t":"S22T"},"273":{"desc":"L1P"},"283":{"desc":"L1P"},"284":{"t":"C172"},"287":{"t":"B752"},"288":{"t":"C208"},"29C":{"t":"M7"},"29D":{"desc":"L2P"},"2A8":{"t":"PC12"},"2B5":{"desc":"L1P"},"2B9":{"t":"F2TH"},"2BC":{"t":"PA46"},"2C6":{"t":"ULAC"},"2C7":{"t":"F2TH"},"2D0":{"desc":"L1P"},"2DF":{"t":"C560"},"2E8":{"t":"S22T"},"2EA":{"desc":"L1P"},"2EB":{"t":"BE20"},"2F1":{"t":"GLEX"},"2F3":{"t":"BE95"},"2FC":{"desc":"L1P"},"300":{"t":"CH7A"},"303":{"t":"C205"},"319":{"t":"GALX"},"31A":{"t":"PA46"},"31C":{"t":"PA46"},"322":{"t":"ERCO"},"324":{"t":"BE20"},"325":{"t":"C560"},"327":{"t":"AA1"},"32A":{"desc":"L1P"},"32B":{"t":"PA34"},"32F":{"t":"B737"},"333":{"desc":"H1P"},"336":{"t":"PA44"},"34B":{"t":"S76"},"34E":{"desc":"L1P","t":"ULAC"},"351":{"t":"CH7B"},"352":{"t":"F2TH"},"35D":{"t":"J3"},"375":{"t":"CL30"},"37D":{"desc":"A1P"},"37E":{"t":"C414"},"37F":{"desc":"L1P"},"385":{"t":"BE35"},"386":{"t":"C172"},"388":{"desc":"H1P"},"38E":{"t":"DA40"},"38F":{"desc":"L1P"},"391":{"desc":"L1P"},"392":{"t":"C441"},"396":{"t":"P32R"},"39B":{"t":"C501"},"39C":{"desc":"L1P"},"3A0":{"t":"CRJ7"},"3A2":{"t":"SR22"},"3A4":{"t":"C172"},"3A6":{"t":"SR22"},"3A7":{"desc":"L1P"},"3A8":{"desc":"L1P","t":"ULAC"},"3A9":{"t":"R44"},"3AB":{"desc":"L1P"},"3AF":{"desc":"L1P"},"3B1":{"t":"BRAV"},"3B4":{"t":"C550"},"3B5":{"t":"SR20"},"3B9":{"desc":"L1P"},"3BA":{"t":"SR20"},"3BB":{"t":"C182"},"3C0":{"desc":"L1P"},"3C9":{"t":"B772"},"3E1":{"t":"GLID"},"3E4":{"t":"PA27"},"3F2":{"t":"C650"},"3F5":{"desc":"L1P"},"3FA":{"t":"GLID"},"3FD":{"t":"F2TH"},"3FE":{"desc":"L1P","t":"ULAC"},"402":{"t":"BALL"},"40B":{"desc":"H1T","t":"B47G"},"413":{"desc":"L1P"},"443":{"t":"E300"},"446":{"desc":"L1P"},"45E":{"t":"WACO"},"463":{"t":"C150"},"464":{"t":"C150"},"465":{"t":"C172"},"466":{"t":"PA12"},"468":{"desc":"L1P"},"46C":{"t":"PA24"},"46F":{"desc":"L1P"},"471":{"t":"C172"},"473":{"t":"P28A"},"483":{"t":"C172"},"485":{"t":"BE35"},"487":{"t":"C150"},"48E":{"t":"P28A"},"494":{"t":"C150"},"495":{"t":"C180"},"498":{"t":"PA30"},"49B":{"t":"B737"},"4A7":{"t":"P28A"},"4AB":{"t":"C172"},"4AC":{"t":"PA12"},"4AE":{"t":"BE35"},"4B0":{"t":"BE95"},"4B3":{"t":"C310"},"4B8":{"t":"C77R"},"4BC":{"t":"C150"},"4BE":{"desc":"L1P"},"4CA":{"t":"T6"},"4CC":{"t":"C150"},"4CF":{"t":"PA12"},"4D1":{"t":"BE35"},"4D3":{"t":"BE55"},"4D4":{"t":"P28A"},"4DA":{"t":"C172"},"4DB":{"t":"C180"},"4E1":{"t":"J3"},"4EC":{"t":"C172"},"4EE":{"t":"BE35"},"4EF":{"t":"C150"},"4F0":{"t":"C150"},"4F4":{"t":"BE35"},"4F6":{"t":"BE35"},"4F7":{"t":"P28A"},"4FC":{"t":"C175"},"4FF":{"t":"P28A"},"500":{"t":"C172"},"501":{"t":"PA30"},"51A":{"t":"P28A"},"51B":{"t":"PA24"},"51D":{"t":"BE35"},"520":{"t":"C172"},"522":{"t":"P28A"},"523":{"t":"C172"},"525":{"t":"C150"},"531":{"t":"T6"},"534":{"t":"BE35"},"53A":{"t":"BE33"},"53B":{"t":"BE19"},"53C":{"t":"BE35"},"545":{"t":"P28A"},"553":{"desc":"L1P"},"554":{"t":"ST75"},"555":{"t":"PA32"},"557":{"t":"BE35"},"55B":{"t":"PA12"},"55D":{"t":"BE33"},"55F":{"t":"BE35"},"561":{"desc":"L1P"},"566":{"t":"C172"},"567":{"t":"PA18"},"56A":{"t":"PA30"},"571":{"desc":"L1P"},"577":{"t":"AA5"},"579":{"t":"P28B"},"57A":{"t":"BE35"},"57B":{"t":"C150"},"580":{"t":"B06"},"582":{"t":"BE33"},"583":{"t":"P28A"},"584":{"t":"PA24"},"586":{"t":"BE55"},"589":{"t":"C172"},"58A":{"t":"C180"},"58D":{"t":"PA30"},"58E":{"t":"C150"},"59A":{"t":"AT5T"},"59B":{"t":"AT5T"},"59C":{"t":"T6"},"59D":{"t":"BE35"},"59E":{"t":"C150"},"59F":{"t":"C150"},"5A1":{"t":"PA12"},"5A3":{"t":"BE55"},"5A5":{"t":"BE35"},"5A6":{"t":"P28A"},"5A7":{"t":"PA24"},"5AA":{"desc":"H4E"},"5AB":{"t":"C175"},"5AF":{"t":"C172"},"5B0":{"desc":"H1J"},"5B1":{"t":"C150"},"5C0":{"t":"EC30"},"5CA":{"t":"B772"},"5D6":{"t":"BE35"},"5D8":{"t":"SR22"},"5D9":{"t":"B712"},"5DC":{"t":"P06T"},"5E4":{"desc":"H1T"},"5E7":{"t":"P32T"},"5EF":{"t":"S108"},"5F1":{"desc":"L1P"},"619":{"t":"DA40"},"626":{"t":"ULAC"},"63B":{"t":"C172"},"63E":{"t":"B752"},"63F":{"t":"C208"},"65F":{"t":"BE36"},"66E":{"t":"S22T"},"675":{"desc":"L1P"},"687":{"t":"BE36"},"689":{"desc":"L1P"},"696":{"t":"C560"},"697":{"desc":"L1T"},"6AF":{"desc":"L1P"},"6B7":{"t":"CH7A"},"6B8":{"t":"C152"},"6BE":{"t":"C680"},"6C2":{"desc":"L1J"},"6D0":{"t":"R44"},"6D1":{"t":"CH7B"},"6D7":{"t":"R22"},"6ED":{"t":"PA44"},"6F0":{"t":"T206"},"702":{"t":"S76"},"703":{"t":"H25B"},"72C":{"t":"CL30"},"738":{"t":"BE35"},"73B":{"t":"PC12"},"73D":{"t":"SR22"},"745":{"t":"CL60"},"746":{"desc":"L1P"},"748":{"desc":"L1P"},"750":{"t":"ULAC"},"759":{"t":"C182"},"75B":{"t":"C172"},"75D":{"t":"SR22"},"762":{"t":"B737"},"766":{"t":"C56X"},"769":{"t":"C172"},"76A":{"desc":"H1P"},"771":{"desc":"L1P"},"77B":{"t":"E50P"},"780":{"t":"B772"},"798":{"desc":"L1P"},"7A9":{"desc":"L1P"},"7B4":{"t":"PC12"},"7C2":{"desc":"H1T"},"7CD":{"desc":"L1P"},"817":{"t":"C172"},"81A":{"t":"C150"},"81F":{"t":"BE33"},"822":{"t":"P28A"},"823":{"t":"PA24"},"82A":{"t":"P28A"},"82C":{"t":"PA30"},"82D":{"t":"C150"},"82F":{"t":"M20P"},"830":{"t":"M20P"},"832":{"t":"M20P"},"833":{"t":"C172"},"834":{"t":"M20P"},"835":{"t":"M20P"},"836":{"t":"M20P"},"83D":{"t":"C150"},"843":{"t":"BE24"},"845":{"t":"P28A"},"84A":{"t":"C175"},"84B":{"t":"C172"},"851":{"t":"M20P"},"852":{"t":"M20P"},"853":{"t":"M20P"},"854":{"t":"J3"},"859":{"t":"M20P"},"85A":{"t":"M20P"},"85B":{"t":"G164"},"85C":{"desc":"L1P"},"85D":{"t":"C172"},"85E":{"desc":"L1P"},"85F":{"t":"BE35"},"860":{"t":"C150"},"861":{"t":"C150"},"863":{"t":"PA12"},"865":{"t":"PA18"},"868":{"t":"P28A"},"869":{"t":"PA24"},"86E":{"t":"C172"},"875":{"t":"M20P"},"877":{"t":"M20P"},"878":{"t":"M20P"},"879":{"t":"M20P"},"87A":{"t":"M20P"},"87B":{"t":"M20P"},"87D":{"t":"M20P"},"87E":{"t":"G164"},"87F":{"t":"GLID"},"882":{"t":"BE35"},"884":{"t":"C150"},"885":{"t":"C172"},"886":{"t":"PA12"},"888":{"t":"BE35"},"88A":{"t":"BE95"},"88D":{"t":"C402"},"88F":{"t":"BALL"},"894":{"t":"C172"},"895":{"t":"PA30"},"899":{"t":"M20P"},"89A":{"t":"M20P"},"89C":{"t":"M20P"},"89D":{"t":"M20P"},"89E":{"t":"M20P"},"89F":{"t":"M20P"},"8A0":{"t":"M20P"},"8A3":{"t":"C172"},"8A4":{"t":"T6"},"8A8":{"t":"C172"},"8AB":{"t":"BE35"},"8AD":{"t":"BE33"},"8AE":{"t":"P28A"},"8AF":{"t":"PA24"},"8B4":{"t":"C172"},"8B6":{"t":"P28A"},"8BA":{"t":"M20P"},"8BD":{"t":"T210"},"8C1":{"t":"M20P"},"8C2":{"t":"M20P"},"8C3":{"t":"M20P"},"8C5":{"t":"B47G"},"8CC":{"t":"PA12"},"8D1":{"t":"P28A"},"8D2":{"t":"PA24"},"8DA":{"t":"C172"},"8E0":{"t":"M20P"},"8E1":{"t":"M20P"},"8E2":{"desc":"L1P"},"8E4":{"t":"M20P"},"8E6":{"t":"M20P"},"8EA":{"t":"T6"},"8EB":{"t":"BE35"},"8EF":{"t":"PA12"},"8F2":{"t":"BE19"},"8F4":{"t":"P28A"},"8F9":{"t":"C175"},"8FC":{"t":"P28A"},"8FE":{"t":"PA30"},"8FF":{"t":"C150"},"901":{"t":"M20P"},"903":{"desc":"L1P"},"905":{"t":"M20P"},"906":{"t":"M20P"},"907":{"t":"M20P"},"90E":{"t":"BE35"},"910":{"t":"C150"},"911":{"t":"C150"},"912":{"t":"PA12"},"914":{"t":"BE35"},"915":{"t":"BE24"},"916":{"t":"BE35"},"917":{"t":"P28A"},"91A":{"t":"BE35"},"91D":{"t":"C172"},"91E":{"t":"C180"},"922":{"t":"C150"},"926":{"t":"C172"},"927":{"t":"C172"},"92A":{"t":"C172"},"92B":{"t":"C172"},"92C":{"t":"C172"},"92E":{"desc":"A1P"},"930":{"t":"T6"},"934":{"t":"C172"},"937":{"t":"BE35"},"938":{"t":"BE24"},"939":{"t":"BE35"},"93C":{"t":"C402"},"93F":{"t":"C175"},"944":{"t":"PA30"},"947":{"t":"C172"},"948":{"t":"C182"},"94A":{"t":"C172"},"94E":{"t":"C172"},"950":{"desc":"L1P"},"954":{"t":"BE35"},"958":{"t":"R22"},"95B":{"t":"BE24"},"95D":{"t":"P28A"},"95E":{"t":"PA24"},"95F":{"t":"C402"},"960":{"t":"BE55"},"963":{"t":"C172"},"965":{"t":"P28A"},"968":{"t":"C150"},"96C":{"t":"C172"},"96D":{"t":"C172"},"96F":{"t":"C172"},"971":{"t":"C172"},"976":{"desc":"L1P","t":"ULAC"},"977":{"t":"C206"},"978":{"desc":"L1P"},"97B":{"t":"H25B"},"97F":{"t":"BE20"},"980":{"t":"C82T"},"981":{"t":"B772"},"984":{"desc":"L1P"},"98D":{"desc":"L1P"},"990":{"t":"B712"},"99B":{"desc":"H1T"},"99E":{"t":"C182"},"9A6":{"t":"S108"},"9A7":{"desc":"H4E"},"9A9":{"desc":"L1P"},"9AA":{"t":"SR22"},"9AB":{"desc":"L2P"},"9B4":{"desc":"L1P"},"9B7":{"t":"BE10"},"9B8":{"desc":"H8E"},"9BE":{"desc":"L2T"},"9BF":{"desc":"L1P"},"9C1":{"desc":"L1P"},"9C3":{"t":"BE10"},"9C9":{"t":"ULAC"},"9CB":{"desc":"L1P"},"9D0":{"t":"DA40"},"9D8":{"t":"COL4"},"9DB":{"t":"M20P"},"9E4":{"desc":"L1P"},"9E9":{"t":"C414"},"9F2":{"t":"C172"},"9F4":{"t":"EA50"},"9F5":{"t":"B752"},"A06":{"t":"HUSK"},"A0B":{"desc":"L2P"},"A10":{"t":"C82S"},"A12":{"desc":"L1P"},"A14":{"t":"BE9L"},"A1B":{"t":"GL5T"},"A1F":{"desc":"H6E"},"A20":{"t":"PC12"},"A23":{"desc":"L1P"},"A2A":{"desc":"L1P","t":"ULAC"},"A31":{"t":"C182"},"A34":{"desc":"L1P"},"A3C":{"t":"C182"},"A3E":{"t":"C310"},"A44":{"t":"P28U"},"A46":{"desc":"L1P"},"A48":{"t":"AC11"},"A49":{"t":"MD11"},"A4C":{"t":"GLEX"},"A4D":{"t":"C25B"},"A4E":{"desc":"L1P"},"A51":{"t":"C240"},"A55":{"t":"CH7B"},"A67":{"t":"T206"},"A6E":{"t":"CH7B"},"A6F":{"t":"PC12"},"A74":{"t":"SR22"},"A75":{"desc":"L2J"},"A77":{"desc":"L1P"},"A7A":{"t":"M20T"},"A83":{"t":"PA24"},"A88":{"t":"CH7B"},"A8A":{"t":"BE20"},"A8C":{"t":"COL4"},"A90":{"t":"C680"},"A9A":{"t":"T6"},"A9C":{"t":"SBR1"},"AA4":{"t":"PA44"},"AB9":{"desc":"L1P"},"ABA":{"desc":"H4E"},"ABC":{"t":"T210"},"ACA":{"desc":"L2J"},"AE2":{"desc":"H4E"},"AE3":{"t":"CL30"},"AED":{"t":"F2TH"},"AEE":{"t":"B06"},"AF2":{"t":"CH7A"},"AF4":{"desc":"L1T"},"AF7":{"t":"H25B"},"AFA":{"desc":"L1P"},"AFF":{"desc":"L1P"},"B01":{"desc":"A1P"},"B04":{"t":"H25B"},"B0D":{"t":"BE40"},"B14":{"t":"SR22"},"B19":{"t":"B737"},"B1D":{"t":"C77R"},"B21":{"t":"LJ35"},"B22":{"t":"C310"},"B23":{"t":"C421"},"B25":{"t":"C172"},"B28":{"t":"C120"},"B2B":{"t":"P208"},"B2E":{"desc":"L2T"},"B2F":{"desc":"L1P"},"B33":{"t":"ERCO"},"B37":{"t":"B772"},"B47":{"desc":"L1P","t":"ULAC"},"B53":{"t":"C310"},"B74":{"desc":"L1P"},"B79":{"t":"B738"},"B7D":{"t":"LJ45"},"B81":{"t":"BE33"},"BAC":{"desc":"H1P"},"BB3":{"t":"M7"},"BCB":{"t":"M4"},"BD1":{"t":"C150"},"BD4":{"t":"PA12"},"BD7":{"t":"BE24"},"BDA":{"t":"PA24"},"BE0":{"t":"C180"},"BE1":{"t":"P28A"},"BE5":{"t":"C172"},"BE7":{"t":"C172"},"BE9":{"t":"C172"},"BEA":{"t":"C172"},"BED":{"t":"C172"},"BF1":{"t":"C172"},"BF2":{"t":"T6"},"BF4":{"t":"C150"},"BFB":{"t":"BE33"},"C02":{"t":"C150"},"C03":{"desc":"L1P"},"C04":{"t":"P28A"},"C08":{"t":"C172"},"C0D":{"t":"C172"},"C11":{"t":"C172"},"C19":{"t":"C172"},"C1F":{"t":"P28A"},"C20":{"t":"PA24"},"C24":{"t":"C175"},"C27":{"t":"P28A"},"C2B":{"t":"C172"},"C2C":{"t":"C172"},"C2F":{"t":"C172"},"C32":{"t":"C182"},"C34":{"t":"C172"},"C37":{"t":"C172"},"C40":{"t":"BE24"},"C41":{"t":"BE33"},"C43":{"t":"PA24"},"C48":{"t":"C172"},"C4A":{"t":"P28A"},"C50":{"t":"C172"},"C51":{"t":"C182"},"C52":{"t":"C172"},"C56":{"t":"C172"},"C57":{"t":"C172"},"C5F":{"t":"C172"},"C60":{"t":"PA12"},"C62":{"t":"BE35"},"C63":{"t":"BE24"},"C68":{"desc":"L2T"},"C6A":{"t":"C175"},"C6B":{"t":"C172"},"C6D":{"t":"P28A"},"C6E":{"t":"C172"},"C71":{"t":"C182"},"C72":{"t":"C172"},"C74":{"t":"C172"},"C76":{"t":"C172"},"C77":{"t":"C172"},"C79":{"t":"C172"},"C7A":{"t":"C172"},"C7B":{"t":"ST75"},"C7D":{"t":"C172"},"C7E":{"t":"P28A"},"C82":{"t":"C172"},"C85":{"t":"BE35"},"C86":{"t":"BE23"},"C87":{"t":"BE33"},"C88":{"t":"P28A"},"C89":{"t":"PA24"},"C90":{"t":"P28A"},"C94":{"t":"C172"},"C96":{"t":"C172"},"C99":{"t":"C172"},"C9B":{"t":"C172"},"C9C":{"t":"C182"},"CA0":{"t":"C172"},"CA4":{"t":"C150"},"CA6":{"t":"PA12"},"CA8":{"desc":"L1P"},"CA9":{"t":"BE23"},"CAA":{"t":"BE33"},"CAC":{"t":"PA24"},"CB1":{"t":"C172"},"CB3":{"t":"P28A"},"CB4":{"t":"C172"},"CB6":{"desc":"L1P"},"CBD":{"t":"C172"},"CBE":{"t":"C172"},"CC0":{"t":"C172"},"CC1":{"t":"T206"},"CC2":{"t":"GLID"},"CC6":{"t":"C150"},"CCF":{"t":"PA24"},"CD0":{"t":"C310"},"CD2":{"desc":"L1P"},"CD6":{"t":"P28A"},"CD8":{"t":"PA30"},"CD9":{"t":"C150"},"CDD":{"t":"C172"},"CDF":{"t":"C172"},"CE7":{"desc":"L1P"},"CE8":{"t":"BE35"},"CE9":{"t":"C150"},"CEA":{"t":"C150"},"CEB":{"t":"C172"},"CEE":{"t":"BE18"},"CEF":{"t":"BE24"},"CF0":{"t":"BE35"},"CF1":{"t":"P28A"},"CF2":{"t":"PA18"},"CF4":{"t":"BE55"},"CF6":{"t":"C175"},"CF7":{"t":"C172"},"CF8":{"desc":"L1P"},"CFA":{"t":"C172"},"CFB":{"t":"PA30"},"CFC":{"t":"C150"},"D04":{"t":"B06"},"D07":{"desc":"L1P","t":"ULAC"},"D0E":{"t":"C172"},"D0F":{"desc":"L1P"},"D11":{"t":"BE35"},"D14":{"t":"P28A"},"D15":{"t":"PA24"},"D19":{"t":"C175"},"D1C":{"t":"P28A"},"D21":{"t":"PA18"},"D25":{"desc":"L1P"},"D27":{"t":"ST75"},"D29":{"t":"GLF6"},"D2B":{"t":"C185"},"D2C":{"t":"C185"},"D2F":{"t":"BT36"},"D30":{"t":"SR22"},"D31":{"desc":"L1P"},"D32":{"t":"F900"},"D33":{"t":"CH7B"},"D34":{"t":"C206"},"D36":{"t":"GLF6"},"D37":{"t":"BE20"},"D39":{"t":"PA27"},"D3A":{"t":"AEST"},"D3E":{"t":"B06"},"D3F":{"t":"C421"},"D40":{"desc":"L1P","t":"ULAC"},"D41":{"desc":"L1P"},"D43":{"desc":"L1P"},"D45":{"t":"C172"},"D46":{"t":"P28B"},"D47":{"desc":"L1P"},"D49":{"desc":"L1P"},"D4A":{"t":"C310"},"D4D":{"t":"C180"},"D4E":{"t":"PA18"},"D4F":{"t":"C414"},"D50":{"t":"GLID"},"D51":{"t":"BE33"},"D52":{"t":"T6"},"D53":{"t":"B06"},"D54":{"desc":"L1P"},"D56":{"t":"C182"},"D57":{"t":"BE55"},"D59":{"desc":"L1P"},"D5B":{"t":"BE60"},"D5C":{"desc":"L1P","t":"LA4"},"D5E":{"t":"C208"},"D60":{"t":"T210"},"D61":{"t":"TBM7"},"D64":{"desc":"L2J"},"D65":{"desc":"L1P"},"D66":{"t":"CH7A"},"D67":{"t":"CH7B"},"D69":{"t":"BL17"},"D6A":{"t":"P28A"},"D6B":{"t":"A139"},"D6C":{"desc":"L1P"},"D6D":{"t":"C182"},"D6F":{"t":"PA27"},"D71":{"t":"P337"},"D73":{"desc":"L1P"},"D74":{"t":"P337"},"D75":{"desc":"L1P"},"D76":{"desc":"L1P"},"D77":{"t":"S22T"},"D78":{"t":"T206"},"D7D":{"t":"PA22"},"D7F":{"desc":"L1P"},"D80":{"t":"GLID"},"D81":{"t":"CH7A"},"D82":{"t":"C182"},"D83":{"desc":"L1P"},"D85":{"desc":"L1P"},"D86":{"t":"PC12"},"D89":{"desc":"L1P"},"D8A":{"desc":"L1P"},"D8B":{"desc":"L1P"},"D91":{"t":"C550"},"D93":{"desc":"L1P"},"D95":{"t":"BE20"},"D97":{"t":"C320"},"D98":{"desc":"L1P"},"D99":{"t":"C182"},"D9A":{"desc":"L1P"},"D9B":{"t":"C82S"},"D9D":{"t":"C310"},"D9F":{"t":"P28A"},"DA1":{"t":"BL8"},"DA2":{"desc":"H1T"},"DA3":{"desc":"L1P"},"DA4":{"desc":"L1P"},"DA5":{"desc":"L1P"},"DA6":{"t":"P210"},"DA7":{"desc":"L1P"},"DA8":{"t":"PA30"},"DAA":{"t":"C402"},"DAB":{"t":"BE33"},"DAC":{"t":"T6"},"DAF":{"t":"BE35"},"DB0":{"t":"BE9L"},"DB1":{"t":"BE36"},"DB3":{"t":"ST75"},"DB4":{"t":"BE36"},"DB5":{"t":"P28R"},"DB9":{"desc":"L1P"},"DBF":{"t":"C172"},"DC0":{"t":"GLID"},"DC2":{"t":"C421"},"DC5":{"desc":"L1P"},"DC7":{"t":"P180"},"DC8":{"t":"C182"},"DC9":{"desc":"L1P"},"DCA":{"t":"C180"},"DCD":{"t":"BE35"},"DCE":{"t":"GLID"},"DD0":{"t":"C25C"},"DD1":{"desc":"L1P"},"DD4":{"t":"BE9L"},"DD5":{"desc":"L1P"},"DD7":{"desc":"L1P"},"DD8":{"desc":"L1P"},"DD9":{"t":"PA18"},"DDB":{"desc":"L1P"},"DDD":{"t":"P28B"},"DE1":{"desc":"L1P"},"DE3":{"desc":"L1P"},"DE4":{"desc":"L1P"},"DE5":{"t":"M20P"},"DE6":{"t":"C414"},"DE7":{"t":"P28R"},"DE8":{"t":"FA7X"},"DEA":{"t":"O1"},"DEB":{"t":"SF50"},"DEC":{"t":"C421"},"DF0":{"t":"T34P"},"DF1":{"t":"HUSK"},"DF3":{"desc":"H2T"},"DF4":{"desc":"L1P"},"DF5":{"desc":"L1P"},"DF6":{"t":"C750"},"DF7":{"desc":"L1P"},"DF9":{"t":"GLID"},"DFB":{"desc":"L1P"},"DFE":{"desc":"L1P"},"DFF":{"t":"C162"},"E02":{"t":"C750"},"E04":{"desc":"L1P"},"E05":{"t":"AA1"},"E08":{"t":"C56X"},"E09":{"t":"E300"},"E0A":{"t":"ST75"},"E0C":{"desc":"H2T"},"E0E":{"t":"BE20"},"E0F":{"desc":"L1P"},"E11":{"desc":"L1P"},"E12":{"t":"TBM7"},"E13":{"t":"PA46"},"E15":{"t":"C310"},"E16":{"desc":"L1P"},"E17":{"t":"C82T"},"E18":{"t":"T210"},"E1A":{"t":"SR22"},"E1C":{"t":"P210"},"E1D":{"desc":"A1P"},"E1E":{"t":"SR22"},"E1F":{"t":"TBM7"},"E20":{"desc":"L1P"},"E21":{"t":"BE35"},"E22":{"desc":"L1P"},"E24":{"desc":"L1P"},"E25":{"desc":"L1P"},"E27":{"t":"PA30"},"E28":{"desc":"A1P"},"E29":{"t":"SF50"},"E2C":{"desc":"L1P"},"E2D":{"desc":"L1P"},"E30":{"t":"SF50"},"E31":{"desc":"L1P"},"E32":{"desc":"L1P"},"E33":{"desc":"L1T"},"E35":{"desc":"L1P"},"E36":{"desc":"L1P"},"E37":{"t":"FA10"},"E39":{"t":"C210"},"E3A":{"desc":"L1P"},"E3B":{"desc":"L2P"},"E3E":{"desc":"L1P"},"E41":{"t":"GLF4"},"E43":{"desc":"L1P"},"E44":{"t":"GALX"},"E46":{"desc":"L1P"},"E49":{"t":"P28A"},"E4A":{"desc":"L1P"},"E4B":{"t":"T210"},"E4C":{"t":"BE35"},"E4D":{"desc":"L1P"},"E4E":{"desc":"L1P"},"E4F":{"t":"PA23"},"E50":{"t":"AC11"},"E53":{"t":"BE35"},"E54":{"t":"T210"},"E56":{"t":"PA30"},"E57":{"t":"PA32"},"E58":{"t":"BE20"},"E5A":{"t":"BE55"},"E5B":{"t":"BE19"},"E5D":{"t":"B06"},"E5E":{"t":"BE58"},"E5F":{"desc":"L1P"},"E61":{"desc":"L1P"},"E64":{"desc":"L1P"},"E69":{"t":"C170"},"E6A":{"t":"T210"},"E6D":{"t":"BE20"},"E6E":{"t":"P32R"},"E72":{"desc":"L1P"},"E73":{"t":"E55P"},"E75":{"t":"BE60"},"E78":{"desc":"L1P"},"E79":{"t":"PRM1"},"E7C":{"t":"BL8"},"E7E":{"t":"PA22"},"E7F":{"t":"AC90"},"E82":{"t":"PA32"},"E84":{"t":"P32T"},"E85":{"t":"C150"},"E86":{"t":"PA30"},"E87":{"t":"SR20"},"E88":{"t":"HUSK"},"E8A":{"t":"HUSK"},"E8B":{"t":"BE35"},"E8C":{"t":"C172"},"E8D":{"t":"B06"},"E91":{"t":"R66"},"E95":{"desc":"L1P"},"E97":{"t":"CH7A"},"E98":{"desc":"A1P"},"E9B":{"t":"HUSK"},"E9D":{"t":"B06"},"EA4":{"t":"BE95"},"EA5":{"t":"NAVI"},"EA8":{"t":"BE33"},"EA9":{"t":"P32R"},"EAA":{"desc":"L1P"},"EAC":{"desc":"L1P"},"EAD":{"t":"PA46"},"EB0":{"desc":"L1P"},"EB2":{"t":"CH7B"},"EB5":{"t":"PA31"},"EB6":{"desc":"L1P"},"EB7":{"t":"MU2"},"EB8":{"t":"GLID"},"EB9":{"t":"PAY3"},"EBA":{"desc":"L1P"},"EBE":{"t":"BL8"},"EC0":{"t":"P337"},"EC1":{"t":"BL8"},"EC2":{"t":"S22T"},"EC3":{"desc":"L1P"},"EC5":{"t":"P28A"},"EC6":{"t":"H269"},"EC8":{"t":"GLID"},"EC9":{"t":"CL60"},"ECA":{"t":"C180"},"ECC":{"t":"C340"},"ECD":{"desc":"L2J"},"ED0":{"t":"GLF5"},"ED3":{"t":"PA46"},"ED6":{"desc":"L1P"},"ED7":{"t":"C310"},"ED8":{"t":"PA34"},"EDA":{"desc":"L1P"},"EDB":{"t":"LJ31"},"EDC":{"desc":"L1P"},"EDD":{"desc":"L1P"},"EDE":{"desc":"H1P"},"EDF":{"desc":"L1P"},"EE0":{"t":"B58T"},"EE4":{"t":"C172"},"EE5":{"t":"PC24"},"EE6":{"desc":"L1P"},"EE9":{"desc":"L1P"},"EEA":{"t":"BE9L"},"EEB":{"desc":"L1P"},"EEC":{"t":"BE36"},"EEF":{"desc":"L1P"},"EF3":{"t":"A109"},"EF9":{"t":"P46T"},"EFB":{"desc":"L1P"},"EFD":{"t":"BE58"},"EFF":{"t":"B06"},"F00":{"desc":"A1P"},"F05":{"desc":"L1P"},"F06":{"desc":"L1P"},"F08":{"t":"GLEX"},"F09":{"t":"GLF4"},"F0A":{"desc":"L1P"},"F0C":{"t":"F900"},"F0F":{"t":"C180"},"F12":{"desc":"L1P"},"F13":{"desc":"L1P"},"F15":{"desc":"L1P"},"F16":{"desc":"L1P"},"F18":{"t":"DA40"},"F19":{"t":"B06"},"F1B":{"desc":"L1P"},"F1E":{"desc":"L1P"},"F20":{"desc":"L1P"},"F21":{"t":"C421"},"F22":{"t":"C25B"},"F25":{"t":"C185"},"F26":{"desc":"L1P"},"F27":{"t":"C182"},"F28":{"desc":"L2T"},"F2A":{"t":"C206"},"F2B":{"t":"BE36"},"F2C":{"desc":"L1P"},"F2D":{"t":"O1"},"F2E":{"desc":"L1P"},"F30":{"desc":"L1P"},"F31":{"t":"S22T"},"F34":{"t":"B58T"},"F35":{"desc":"L1P"},"F36":{"desc":"L1P"},"F38":{"t":"FA7X"},"F39":{"t":"HUSK"},"F3A":{"desc":"L1P"},"F3B":{"t":"HUSK"},"F3D":{"t":"HUSK"},"F3E":{"desc":"L1P"},"F3F":{"desc":"L1P"},"F40":{"t":"L39"},"F41":{"t":"HUSK"},"F43":{"desc":"L1P"},"F45":{"desc":"L1P"},"F47":{"desc":"L1P"},"F4A":{"t":"E300"},"F4B":{"t":"HUSK"},"F4C":{"desc":"L1P"},"F4D":{"desc":"L1P"},"F4E":{"desc":"L1P"},"F4F":{"desc":"L1P"},"F50":{"desc":"L1P"},"F51":{"desc":"L1P"},"F52":{"t":"C82R"},"F53":{"desc":"L1P"},"F55":{"desc":"L1P"},"F56":{"desc":"L1P"},"F59":{"desc":"L1P"},"F5A":{"t":"B06"},"F5B":{"t":"CJ6"},"F5C":{"t":"R44"},"F5D":{"t":"BE40"},"F5F":{"t":"M4"},"F60":{"t":"C177"},"F62":{"desc":"L1P"},"F64":{"t":"PC12"},"F65":{"desc":"L1P"},"F66":{"t":"TBM7"},"F69":{"t":"BE36"},"F6A":{"desc":"L1P"},"F6B":{"desc":"L1P"},"F6C":{"t":"P32R"},"F6E":{"desc":"L1P"},"F6F":{"desc":"L1P"},"F71":{"desc":"L1P"},"F74":{"t":"R22"},"F75":{"desc":"L1P"},"F77":{"desc":"L1P"},"F78":{"t":"SR22"},"F79":{"t":"PTS2"},"F7A":{"desc":"L1P"},"F7C":{"t":"PTS2"},"F7D":{"desc":"L1P"},"F7E":{"desc":"L1P"},"F7F":{"t":"P28A"},"F80":{"t":"CH7B"},"F83":{"t":"BE30"},"F84":{"t":"GLF4"},"F85":{"t":"C180"},"F86":{"t":"C560"},"F88":{"t":"GLF5"},"F89":{"t":"C56X"},"F8E":{"t":"GL5T"},"F90":{"desc":"L1P"},"F91":{"t":"PA18"},"F94":{"desc":"L1P"},"F95":{"desc":"L1P"},"F96":{"t":"GLF4"},"F98":{"t":"S22T"},"F99":{"t":"BE55"},"F9D":{"t":"PC12"},"F9E":{"desc":"A1P"},"F9F":{"desc":"A1P"},"FA0":{"t":"FA50"},"FA4":{"t":"BE58"},"FA5":{"desc":"H1T","t":"H60"},"FA6":{"t":"PA18"},"FA7":{"desc":"L1P"},"FA8":{"t":"F2TH"},"FA9":{"t":"GLID"},"FAB":{"t":"BE24"},"FAD":{"t":"PA32"},"FAE":{"t":"C404"},"FAF":{"t":"BE9L"},"FB1":{"t":"BL17"},"FB2":{"desc":"L1P"},"FB3":{"t":"ULAC"},"FB5":{"t":"BE30"},"FB6":{"t":"C25A"},"FB7":{"t":"C170"},"FB8":{"t":"UH12"},"FB9":{"desc":"A1P"},"FBA":{"t":"SR22"},"FBB":{"desc":"L1P"},"FBE":{"t":"AA5"},"FC0":{"t":"CL60"},"FC1":{"t":"R66"},"FC4":{"t":"BE20"},"FC6":{"t":"T206"},"FC7":{"t":"GLID"},"FCB":{"desc":"L1P"},"FCE":{"desc":"L1P"},"FD0":{"desc":"L1P"},"FD1":{"t":"PA18"},"FD2":{"t":"BE36"},"FD3":{"t":"HUSK"},"FD4":{"t":"BL17"},"FD5":{"t":"BE35"},"FD7":{"t":"M200"},"FD8":{"t":"P32R"},"FD9":{"desc":"L1P"},"FDA":{"t":"C152"},"FE0":{"t":"GLID"},"FE1":{"t":"C150"},"FE4":{"t":"C310"},"FE5":{"t":"CL60"},"FE8":{"t":"H25B"},"FE9":{"t":"C25B"},"FEA":{"desc":"L1P"},"FEB":{"desc":"L1P"},"FEC":{"desc":"L1P"},"FED":{"desc":"L1P"},"FF1":{"t":"E50P"},"FF4":{"t":"C750"},"FF8":{"desc":"L1P"},"FF9":{"desc":"L1P"},"FFC":{"t":"B732"},"FFD":{"t":"S76"},"FFE":{"t":"S76"}}