{"000":{"desc":"L1P"},"001":{"t":"C25C"},"002":{"t":"C310"},"003":{"t":"SR22"},"004":{"t":"PA34"},"005":{"t":"C56X"},"006":{"t":"E55P"},"007":{"t":"PA27"},"008":{"t":"P28A"},"00B":{"t":"C25B"},"00D":{"t":"C650"},"00F":{"t":"C172"},"013":{"t":"P28A"},"016":{"t":"C680"},"01B":{"t":"BE55"},"01C":{"desc":"L1P"},"01D":{"desc":"L1P"},"01E":{"t":"SR20"},"01F":{"t":"C208"},"021":{"desc":"L1P"},"025":{"desc":"L1P"},"026":{"t":"C550"},"028":{"t":"FA50"},"02A":{"desc":"L1T"},"02B":{"desc":"L1P"},"02C":{"t":"AEST"},"02E":{"t":"PA31"},"02F":{"t":"T210"},"031":{"t":"M20T"},"033":{"t":"C140"},"034":{"t":"C501"},"035":{"t":"C25C"},"037":{"t":"H25B"},"038":{"t":"C25B"},"03A":{"t":"BALL"},"03E":{"t":"BE35"},"042":{"t":"C510"},"044":{"t":"PA31"},"046":{"t":"HUSK"},"047":{"t":"AS50"},"048":{"t":"M20P"},"04A":{"t":"HUSK"},"04C":{"t":"H25B"},"04D":{"desc":"L1P"},"04F":{"t":"BE55"},"051":{"desc":"H1T"},"052":{"t":"C208"},"053":{"t":"UH1"},"054":{"t":"C560"},"055":{"t":"C414"},"056":{"desc":"L1P"},"057":{"desc":"A1P"},"058":{"desc":"L1P"},"05C":{"desc":"L1P"},"05D":{"t":"BE60"},"05E":{"desc":"L1P","t":"ULAC"},"060":{"desc":"L1P"},"061":{"t":"C180"},"065":{"t":"C310"},"066":{"t":"P28R"},"067":{"desc":"L1P"},"069":{"desc":"L1P"},"06E":{"desc":"L1P"},"070":{"t":"C208"},"071":{"desc":"L2P"},"073":{"t":"P28T"},"076":{"desc":"A1P"},"07C":{"t":"BE55"},"080":{"desc":"L1P"},"081":{"desc":"L1P"},"082":{"t":"C68A"},"084":{"t":"E300"},"085":{"t":"C421"},"086":{"desc":"L1T"},"087":{"t":"LJ60"},"08A":{"t":"B58T"},"08F":{"t":"PA18"},"090":{"desc":"L1P","t":"TB0"},"091":{"t":"C172"},"094":{"t":"E300"},"098":{"t":"PAY2"},"09A":{"desc":"L1P"},"09B":{"desc":"L1P"},"09E":{"t":"GLID"},"09F":{"t":"F2TH"},"0A1":{"t":"BALL"},"0A2":{"t":"P28T"},"0A3":{"desc":"L1P"},"0A8":{"desc":"L1P","t":"ULAC"},"0A9":{"t":"T206"},"0AC":{"t":"C185"},"0AD":{"desc":"L1P","t":"ULAC"},"0AF":{"t":"PA31"},"0B0":{"t":"P337"},"0B3":{"desc":"L2P"},"0B4":{"t":"PA24"},"0B8":{"desc":"H1T"},"0BA":{"t":"R66"},"0C1":{"t":"SR22"},"0C2":{"t":"AS50"},"0C4":{"desc":"H4E"},"0C6":{"desc":"L1P"},"0C7":{"t":"A109"},"0CA":{"t":"DA62"},"0CB":{"desc":"L1P"},"0CC":{"desc":"L1P"},"0CE":{"t":"C182"},"0CF":{"t":"AT8T"},"0D0":{"t":"LJ35"},"0D1":{"t":"AC90"},"0D3":{"t":"H25B"},"0D4":{"desc":"L1P"},"0D5":{"t":"C425"},"0D6":{"t":"GLF5"},"0D7":{"t":"C150"},"0DA":{"desc":"L1P","t":"GLF5"},"0DB":{"t":"C550"},"0DD":{"t":"C414"},"0DE":{"desc":"L1P"},"0DF":{"t":"GLID"},"0E1":{"desc":"L1P"},"0E2":{"t":"F900"},"0EB":{"t":"GLF4"},"0EC":{"desc":"L1P"},"0FB":{"t":"U21"},"0FC":{"desc":"L1T"},"0FE":{"t":"BE36"},"0FF":{"t":"C208"},"102":{"desc":"L1P"},"106":{"t":"PA46"},"107":{"t":"C150"},"109":{"t":"F2TH"},"10B":{"desc":"L2P"},"10C":{"t":"C421"},"10F":{"desc":"L1P"},"110":{"t":"BE36"},"111":{"t":"C172"},"116":{"desc":"L1P"},"117":{"desc":"L1P"},"118":{"t":"CH7A"},"11A":{"t":"GLID"},"11B":{"t":"T210"},"11C":{"desc":"L1P"},"11D":{"desc":"H1P"},"11E":{"t":"GLID"},"11F":{"t":"C501"},"120":{"t":"C172"},"122":{"t":"ASTR"},"123":{"t":"B47G"},"124":{"t":"GLF3"},"127":{"t":"P28R"},"129":{"desc":"L1P","t":"ULAC"},"12F":{"t":"BE50"},"132":{"t":"GLEX"},"133":{"t":"C25C"},"135":{"desc":"L1P"},"136":{"desc":"L1P"},"138":{"t":"SF50"},"13B":{"desc":"L1P"},"13D":{"t":"PA18"},"145":{"t":"B58T"},"147":{"desc":"H1P"},"14C":{"desc":"L1P"},"14E":{"t":"NAVI"},"152":{"t":"P28T"},"15F":{"t":"NAVI"},"160":{"desc":"L1P"},"161":{"desc":"L1P"},"162":{"t":"H60"},"164":{"desc":"L1P"},"168":{"t":"SR20"},"16B":{"t":"C25B"},"16D":{"desc":"L1P"},"171":{"t":"SR22"},"173":{"t":"RV12"},"17B":{"t":"C182"},"17C":{"desc":"L1P"},"17D":{"t":"BE60"},"17F":{"t":"BE36"},"181":{"desc":"L1P"},"184":{"t":"BE20"},"185":{"desc":"L1P"},"186":{"t":"EA50"},"188":{"t":"CJ6"},"189":{"t":"PTS2"},"18A":{"t":"C180"},"18D":{"t":"AS50"},"18F":{"desc":"L1P"},"191":{"t":"C56X"},"19C":{"desc":"L1P"},"19D":{"t":"A139"},"19F":{"desc":"L1P"},"1A7":{"t":"BE58"},"1AA":{"t":"U21"},"1AE":{"t":"BE35"},"1BA":{"desc":"L1P"},"1C0":{"desc":"L1P"},"1C1":{"desc":"L1P"},"1C2":{"t":"BE36"},"1C4":{"desc":"L1P"},"1D1":{"desc":"L1P"},"1DB":{"t":"PA46"},"1DE":{"t":"AEST"},"1DF":{"t":"LJ45"},"1E0":{"desc":"L2P"},"1E1":{"t":"BE76"},"1E2":{"t":"E135"},"1E3":{"t":"H25B"},"1E4":{"t":"M20T"},"1E6":{"t":"CL60"},"1E7":{"t":"B722"},"1E8":{"t":"GLF4"},"1E9":{"t":"C56X"},"1EA":{"t":"B788"},"1EB":{"t":"GLID"},"1ED":{"t":"GLF4"},"1F0":{"desc":"H8E"},"1F2":{"t":"DH8C"},"1F4":{"t":"CRJ2"},"1F5":{"t":"EA50"},"1F6":{"desc":"L1P"},"1F7":{"t":"C414"},"1F8":{"t":"SF50"},"1F9":{"t":"C340"},"1FA":{"t":"CL30"},"1FB":{"desc":"L1P"},"1FD":{"t":"C340"},"1FF":{"t":"PC12"},"202":{"desc":"L1P"},"204":{"t":"R22"},"207":{"t":"BE20"},"208":{"t":"CL60"},"20B":{"t":"CL30"},"20E":{"t":"GLID"},"210":{"t":"H25B"},"211":{"desc":"L1P"},"212":{"t":"CL30"},"215":{"t":"BE58"},"216":{"t":"C750"},"218":{"t":"H25B"},"219":{"t":"LJ31"},"21A":{"t":"H25B"},"21B":{"desc":"L1P"},"21D":{"t":"M7"},"21F":{"t":"GLF4"},"220":{"t":"E55P"},"221":{"t":"P28A"},"222":{"t":"C25B"},"224":{"t":"BE95"},"225":{"t":"BE36"},"228":{"t":"BE35"},"22A":{"desc":"L1P"},"22C":{"t":"M20P"},"22D":{"t":"GLID"},"22E":{"t":"C207"},"231":{"desc":"L1P"},"232":{"t":"PA31"},"233":{"t":"GLF5"},"236":{"t":"M20P"},"238":{"desc":"H1T"},"239":{"desc":"L1P"},"23A":{"t":"C525"},"23D":{"t":"F900"},"242":{"t":"H25B"},"245":{"desc":"L2T"},"246":{"t":"BE35"},"24A":{"t":"EA50"},"24D":{"t":"H25B"},"250":{"t":"BE65"},"253":{"t":"E55P"},"25A":{"t":"C205"},"25C":{"t":"P28A"},"25D":{"t":"C172"},"263":{"t":"H25B"},"265":{"t":"H25B"},"266":{"t":"C25B"},"26A":{"desc":"L1T","t":"M600"},"26B":{"t":"C402"},"26C":{"desc":"L1P"},"26D":{"t":"T210"},"26F":{"t":"P28A"},"270":{"desc":"L2T"},"271":{"t":"AEST"},"273":{"desc":"L2J"},"274":{"t":"LJ28"},"277":{"desc":"L4J"},"279":{"t":"C25A"},"27B":{"t":"F2TH"},"27F":{"t":"C650"},"280":{"t":"H25B"},"283":{"t":"PA46"},"285":{"t":"AA5"},"289":{"t":"C210"},"28A":{"desc":"L1P"},"28C":{"desc":"L1P"},"28E":{"desc":"L1P"},"28F":{"t":"GLEX"},"291":{"t":"C150"},"293":{"desc":"L1P","t":"ULAC"},"294":{"t":"GLF4"},"297":{"t":"B222"},"298":{"t":"PA22"},"29A":{"t":"C182"},"29D":{"t":"P32R"},"2A3":{"t":"HUSK"},"2A5":{"t":"GLF6"},"2A6":{"t":"P28R"},"2A7":{"t":"B06"},"2A8":{"t":"B58T"},"2A9":{"desc":"L1P"},"2AA":{"desc":"L1P"},"2AB":{"desc":"L1P"},"2AD":{"t":"GLF5"},"2AF":{"t":"C182"},"2B0":{"t":"MU2"},"2B1":{"t":"H25B"},"2B3":{"desc":"L1P"},"2B5":{"t":"EA50"},"2B6":{"t":"PA46"},"2BA":{"t":"C182"},"2BE":{"t":"PA30"},"2C0":{"t":"BALL"},"2C1":{"t":"AS50"},"2C7":{"t":"GLID"},"2CA":{"t":"F900"},"2CC":{"t":"SR20"},"2CF":{"t":"B737"},"2D2":{"t":"C56X"},"2D3":{"t":"C402"},"2D8":{"t":"AT8T"},"2D9":{"t":"CL60"},"2DA":{"t":"C182"},"2DB":{"desc":"L2T"},"2DE":{"desc":"L1T","t":"P210"},"2DF":{"t":"RV12"},"2E1":{"desc":"L1P"},"2E5":{"t":"PA31"},"2E6":{"t":"H25B"},"2E7":{"t":"H25B"},"2E9":{"desc":"L1J"},"2EC":{"desc":"H1P"},"2F1":{"t":"H25B"},"2F3":{"t":"B06"},"2F4":{"t":"C172"},"2F5":{"desc":"L1P"},"2F6":{"desc":"L1P"},"2F7":{"t":"C310"},"2FB":{"t":"C182"},"2FC":{"desc":"L2T"},"2FE":{"t":"S22T"},"300":{"t":"BE35"},"301":{"t":"M20T"},"302":{"t":"C550"},"305":{"t":"PA31"},"30A":{"t":"AT8T"},"30B":{"t":"C525"},"30C":{"t":"AT8T"},"310":{"t":"H25B"},"312":{"t":"H25B"},"314":{"t":"C206"},"316":{"t":"B738"},"31A":{"t":"BALL"},"322":{"t":"C182"},"323":{"t":"H25B"},"324":{"desc":"L1P"},"326":{"desc":"L1P"},"327":{"t":"H25B"},"328":{"t":"C525"},"329":{"t":"BE9L"},"32A":{"desc":"H2T"},"32B":{"t":"GALX"},"32C":{"t":"BE20"},"32D":{"t":"H25B"},"32E":{"t":"GLF5"},"332":{"t":"R44"},"333":{"t":"NAVI"},"334":{"t":"CH7A"},"336":{"t":"T206"},"339":{"t":"ERCO"},"33A":{"t":"H25B"},"33C":{"desc":"L2P"},"340":{"t":"GLID"},"34C":{"desc":"L2J"},"355":{"t":"HUSK"},"358":{"t":"HDJT"},"35B":{"desc":"L2J"},"35C":{"desc":"L1P"},"35F":{"t":"C25C"},"365":{"t":"C56X"},"368":{"desc":"L1P"},"36E":{"desc":"L1P","t":"ULAC"},"370":{"t":"EN28"},"371":{"t":"BE40"},"372":{"t":"H25B"},"374":{"t":"S76"},"375":{"t":"T6"},"377":{"t":"CRJ9"},"379":{"t":"C421"},"37D":{"t":"BALL"},"37F":{"t":"S22T"},"380":{"t":"PA44"},"381":{"t":"H25B"},"382":{"desc":"L1P","t":"ULAC"},"383":{"t":"GLID"},"386":{"desc":"L2P"},"387":{"t":"FA50"},"388":{"t":"M20P"},"389":{"t":"PA32"},"38A":{"t":"GLF3"},"38B":{"t":"EA50"},"38C":{"desc":"H4E"},"38D":{"t":"C82R"},"38E":{"t":"H25B"},"391":{"t":"H25B"},"392":{"t":"P32T"},"397":{"t":"BE20"},"39C":{"t":"C182"},"39D":{"t":"C152"},"39F":{"t":"BE55"},"3A0":{"desc":"H6E"},"3A3":{"desc":"L1P"},"3A9":{"t":"H25B"},"3AA":{"desc":"H4E"},"3AB":{"t":"GLID"},"3AD":{"t":"B350"},"3B4":{"t":"H25B"},"3B9":{"t":"C550"},"3BA":{"t":"AC90"},"3C0":{"desc":"L1P"},"3C1":{"t":"SR22"},"3C2":{"t":"R66"},"3C4":{"t":"BE76"},"3C8":{"t":"H25B"},"3C9":{"t":"GLID"},"3CC":{"t":"P28A"},"3D1":{"t":"S22T"},"3D2":{"t":"H25B"},"3D3":{"t":"C185"},"3D4":{"t":"CL60"},"3D5":{"desc":"L2J"},"3D6":{"t":"C182"},"3D7":{"t":"H25B"},"3D9":{"t":"H25B"},"3DB":{"t":"A109"},"3E2":{"t":"C680"},"3E3":{"t":"C550"},"3E6":{"t":"H25B"},"3E8":{"t":"PC12"},"3EA":{"t":"BE36"},"3ED":{"desc":"L1P"},"3F5":{"t":"ULAC"},"3F6":{"t":"H25B"},"3FA":{"t":"H25B"},"3FB":{"t":"GLID"},"3FC":{"desc":"L1P"},"400":{"t":"GLID"},"404":{"desc":"H1P"},"41A":{"t":"CL60"},"41C":{"t":"T34P"},"421":{"desc":"L1P"},"424":{"t":"PA46"},"42C":{"t":"S22T"},"435":{"t":"PA30"},"436":{"t":"C170"},"437":{"t":"C172"},"439":{"t":"PA22"},"43A":{"t":"FA7X"},"43E":{"t":"BALL"},"440":{"t":"BE35"},"441":{"t":"PA22"},"444":{"desc":"L1P","t":"ULAC"},"447":{"t":"C175"},"448":{"t":"BALL"},"449":{"t":"C188"},"44A":{"desc":"L1P","t":"LA4"},"44B":{"t":"C172"},"44C":{"t":"C180"},"44D":{"t":"BALL"},"44E":{"t":"BE36"},"450":{"desc":"L1P"},"451":{"desc":"L1P"},"452":{"desc":"L1P"},"453":{"desc":"L1P"},"454":{"t":"BALL"},"457":{"t":"BALL"},"459":{"desc":"L1P","t":"LA4"},"45A":{"t":"C172"},"45B":{"t":"PA22"},"45C":{"t":"PA22"},"45E":{"t":"C150"},"45F":{"t":"C77R"},"462":{"t":"S108"},"463":{"t":"C172"},"465":{"t":"A319"},"466":{"t":"PA24"},"467":{"t":"BALL"},"46C":{"t":"BE9L"},"46D":{"t":"P28A"},"46F":{"t":"PA30"},"470":{"t":"C206"},"475":{"desc":"L1P"},"479":{"t":"P28U"},"47B":{"t":"P68T"},"47F":{"t":"BALL"},"480":{"t":"AT5T"},"481":{"t":"SR20"},"482":{"t":"BALL"},"485":{"t":"C182"},"487":{"desc":"L1P","t":"LA4"},"488":{"t":"BALL"},"489":{"t":"PA24"},"48C":{"desc":"A1P"},"48D":{"t":"C175"},"48E":{"t":"BALL"},"491":{"t":"BALL"},"492":{"t":"BE58"},"493":{"t":"C206"},"494":{"desc":"L1P","t":"LA4"},"496":{"t":"BALL"},"49A":{"desc":"L1P","t":"LA4"},"49D":{"t":"BALL"},"4A0":{"t":"C172"},"4A1":{"t":"PA22"},"4A2":{"t":"BALL"},"4A3":{"t":"ULAC"},"4A4":{"t":"C150"},"4A6":{"desc":"L1P","t":"LA4"},"4A7":{"t":"BALL"},"4A8":{"t":"ULAC"},"4A9":{"t":"C172"},"4AC":{"t":"BALL"},"4AD":{"desc":"L1P","t":"LA4"},"4AE":{"t":"BE36"},"4AF":{"t":"BALL"},"4B0":{"t":"C175"},"4B1":{"desc":"L1P","t":"ULAC"},"4B2":{"t":"ULAC"},"4B3":{"t":"P28A"},"4B4":{"t":"C172"},"4B7":{"t":"BALL"},"4B8":{"desc":"L1P"},"4B9":{"desc":"L1P"},"4BB":{"desc":"L1P"},"4BC":{"desc":"L1P"},"4BD":{"t":"BE18"},"4C0":{"t":"BALL"},"4C1":{"desc":"L1P"},"4C2":{"t":"C170"},"4C3":{"desc":"L1P","t":"LA4"},"4C4":{"desc":"L1P","t":"LA4"},"4C6":{"t":"P28T"},"4C7":{"t":"BALL"},"4C8":{"desc":"L1P","t":"LA4"},"4C9":{"desc":"L1P"},"4CB":{"t":"BALL"},"4CD":{"t":"P28U"},"4CE":{"t":"PA32"},"4CF":{"t":"PA24"},"4D1":{"desc":"L1P","t":"LA4"},"4D2":{"t":"C150"},"4D4":{"desc":"L1T"},"4D6":{"t":"P28A"},"4D7":{"t":"C172"},"4DC":{"desc":"L1P","t":"LA4"},"4DE":{"t":"AT5T"},"4E0":{"desc":"L1P"},"4E3":{"desc":"L1P"},"4E5":{"t":"C170"},"4E6":{"desc":"L1P","t":"LA4"},"4E7":{"desc":"L1P"},"4E8":{"t":"PA22"},"4E9":{"t":"BALL"},"4EB":{"t":"C77R"},"4ED":{"t":"C180"},"4EE":{"t":"PA32"},"4F0":{"t":"C310"},"4F2":{"t":"PA24"},"4F4":{"t":"BALL"},"4F5":{"t":"C150"},"4F6":{"t":"AT8T"},"4F8":{"t":"T6"},"4F9":{"t":"AA5"},"4FA":{"desc":"L1P"},"4FB":{"t":"AT5T"},"4FC":{"t":"BALL"},"4FD":{"desc":"L1P"},"500":{"desc":"L1P"},"501":{"desc":"L1P"},"502":{"desc":"L1P"},"508":{"desc":"H1P"},"50B":{"t":"BALL"},"50C":{"desc":"L1P","t":"LA4"},"50D":{"t":"BALL"},"50E":{"t":"C77R"},"510":{"t":"PA27"},"512":{"t":"C172"},"513":{"t":"C310"},"514":{"t":"P28A"},"516":{"t":"P32R"},"518":{"t":"C150"},"51C":{"t":"P28A"},"51E":{"t":"PA30"},"51F":{"t":"C206"},"520":{"t":"AT3T"},"526":{"t":"C185"},"529":{"t":"C185"},"52A":{"t":"P28A"},"52C":{"t":"P32R"},"52D":{"t":"PA22"},"530":{"t":"C150"},"531":{"t":"C77R"},"532":{"t":"ULAC"},"535":{"desc":"L1T"},"536":{"desc":"L1P"},"537":{"desc":"L1T"},"538":{"t":"PA24"},"53A":{"t":"BE55"},"53B":{"t":"C150"},"53E":{"t":"C188"},"53F":{"t":"P28A"},"540":{"t":"AT8T"},"542":{"desc":"L1T"},"543":{"t":"C185"},"545":{"t":"AT8T"},"547":{"t":"ULAC"},"54A":{"desc":"L1P"},"54C":{"t":"C172"},"54E":{"desc":"L1P"},"54F":{"t":"C172"},"550":{"desc":"L1T"},"552":{"desc":"L2P"},"554":{"t":"C77R"},"555":{"desc":"L1T"},"557":{"t":"BE36"},"55A":{"t":"P28A"},"55D":{"t":"BE55"},"562":{"t":"P28A"},"564":{"t":"PA30"},"568":{"desc":"L1P"},"569":{"desc":"L1P"},"56B":{"desc":"L1P"},"56D":{"t":"C172"},"56E":{"t":"C172"},"56F":{"t":"C172"},"571":{"t":"C170"},"572":{"t":"C172"},"575":{"desc":"L1T"},"576":{"t":"C150"},"577":{"t":"T28"},"57A":{"desc":"L1P"},"57C":{"t":"ULAC"},"57D":{"t":"P28A"},"57E":{"t":"PA24"},"580":{"t":"BE35"},"582":{"t":"A319"},"583":{"t":"ULAC"},"585":{"t":"P28A"},"586":{"desc":"L1P","t":"LA4"},"589":{"t":"C172"},"58B":{"t":"C172"},"58C":{"t":"C185"},"58D":{"t":"C172"},"58E":{"t":"C172"},"590":{"t":"C172"},"591":{"t":"ULAC"},"594":{"t":"PA22"},"597":{"t":"B788"},"599":{"t":"E135"},"59A":{"t":"SW4"},"59F":{"t":"C182"},"5A2":{"t":"P28A"},"5A5":{"t":"GLF5"},"5A6":{"desc":"A1P"},"5A9":{"t":"A319"},"5AB":{"t":"CRJ2"},"5AD":{"t":"L8"},"5B0":{"desc":"L1P"},"5B5":{"desc":"L1P"},"5B6":{"desc":"L1P"},"5B7":{"desc":"L1P"},"5BA":{"desc":"L1P"},"5C2":{"desc":"L1P"},"5C5":{"desc":"L1P"},"5C9":{"desc":"L1P","t":"ULAC"},"5CA":{"desc":"H6E"},"5CE":{"t":"PA31"},"5D1":{"t":"B06"},"5D3":{"desc":"H2T"},"5D4":{"t":"H269"},"5D7":{"desc":"L1P"},"5DB":{"desc":"L1P"},"5DF":{"t":"BE35"},"5E1":{"desc":"L1P"},"5E2":{"t":"PA46"},"5E3":{"desc":"L1P"},"5E4":{"t":"F2TH"},"5E5":{"desc":"A1P"},"5E6":{"t":"GLID"},"5E7":{"t":"DC87"},"5EA":{"t":"FA50"},"5EB":{"desc":"L2J","t":"B752"},"5ED":{"desc":"L2P"},"5EF":{"t":"L8"},"5F0":{"t":"B407"},"5F4":{"t":"M20P"},"5F7":{"t":"B739"},"5F8":{"desc":"L1P"},"603":{"t":"CL30"},"611":{"desc":"L1P"},"614":{"t":"P28A"},"615":{"t":"A310"},"617":{"t":"AT8T"},"61C":{"t":"C208"},"61D":{"desc":"L1P"},"622":{"t":"P28A"},"627":{"desc":"L2T"},"62A":{"t":"ASTR"},"62B":{"t":"P32R"},"631":{"t":"B350"},"632":{"desc":"L2P"},"633":{"t":"LJ55"},"63C":{"t":"R66"},"63F":{"t":"S22T"},"643":{"t":"AS50"},"644":{"desc":"L1P","t":"ULAC"},"645":{"t":"AT8T"},"646":{"desc":"L2T"},"649":{"t":"AT8T"},"64B":{"t":"GLF5"},"64E":{"t":"PAY2"},"65C":{"t":"PC12"},"65D":{"t":"C208"},"65E":{"t":"B06"},"65F":{"t":"S22T"},"662":{"t":"GC1"},"664":{"t":"HUSK"},"667":{"desc":"L1P"},"66D":{"t":"C56X"},"671":{"t":"PAY3"},"675":{"desc":"L2P"},"677":{"t":"CL30"},"678":{"t":"DA42"},"67B":{"t":"GLF6"},"690":{"t":"BALL"},"699":{"desc":"L1P"},"69A":{"t":"H25B"},"6A9":{"desc":"L1P"},"6AA":{"desc":"L1P"},"6AB":{"desc":"H4E"},"6AC":{"t":"BALL"},"6AF":{"t":"EC30"},"6B3":{"t":"LJ45"},"6B7":{"t":"DH8B"},"6B8":{"desc":"L1P"},"6B9":{"t":"PA32"},"6BF":{"desc":"L1P"},"6C1":{"t":"BE20"},"6C3":{"t":"AT8T"},"6CD":{"t":"B738"},"6D5":{"t":"A333"},"6D8":{"t":"AT8T"},"6DA":{"t":"C172"},"6DB":{"t":"PC12"},"6DC":{"t":"PA24"},"6E1":{"t":"CL30"},"6E2":{"t":"H25B"},"6E6":{"t":"GLEX"},"6EA":{"desc":"L1P","t":"ULAC"},"6EB":{"desc":"L1P"},"6ED":{"desc":"L1P"},"6F1":{"desc":"L1P"},"6F2":{"t":"BE55"},"6F3":{"t":"PC12"},"703":{"desc":"L2J"},"70C":{"t":"HUSK"},"70D":{"t":"ST75"},"712":{"desc":"L1P"},"713":{"desc":"L1P"},"717":{"t":"H25B"},"71F":{"desc":"L1P"},"720":{"t":"AT8T"},"724":{"desc":"L1P"},"725":{"desc":"L2P","t":"PRM1"},"726":{"desc":"H1T"},"727":{"t":"RV12"},"729":{"desc":"L1P"},"72A":{"t":"LJ60"},"72E":{"desc":"L1P"},"72F":{"t":"H269"},"730":{"desc":"L1P"},"732":{"t":"GLID"},"734":{"desc":"L1P"},"736":{"desc":"L1P"},"739":{"t":"PA44"},"73B":{"t":"B738"},"73C":{"t":"R44"},"73D":{"t":"BE58"},"740":{"t":"C206"},"743":{"desc":"L1P"},"744":{"desc":"H1P"},"745":{"t":"C172"},"747":{"t":"PC12"},"748":{"desc":"S1P"},"749":{"t":"GLF5"},"74B":{"desc":"L1P"},"74D":{"desc":"A1P"},"74E":{"desc":"L1P"},"751":{"t":"R44"},"752":{"t":"C208"},"753":{"desc":"L1P"},"756":{"t":"BE55"},"757":{"t":"A319"},"761":{"desc":"H4E"},"762":{"t":"BALL"},"764":{"t":"B350"},"768":{"desc":"L1P"},"76F":{"desc":"L1P"},"770":{"t":"DA62"},"77F":{"desc":"L1P"},"784":{"t":"C208"},"785":{"desc":"L1P"},"788":{"t":"SF50"},"789":{"t":"MD83"},"78B":{"t":"F2TH"},"796":{"desc":"L1P"},"79A":{"t":"H60"},"79D":{"t":"F2TH"},"7A0":{"t":"E55P"},"7A1":{"t":"AA5"},"7A2":{"t":"B738"},"7AD":{"desc":"L1P"},"7AF":{"t":"C172"},"7B3":{"t":"B738"},"7BA":{"t":"BE77"},"7D3":{"desc":"L1P"},"7D8":{"desc":"L1P"},"7E8":{"t":"BALL"},"7ED":{"t":"C170"},"7EE":{"desc":"L1P"},"7F2":{"t":"C150"},"7F3":{"t":"AT6T"},"7F6":{"t":"S108"},"7F7":{"t":"C172"},"7F9":{"t":"AT6T"},"7FC":{"t":"AT8T"},"801":{"t":"P28A"},"804":{"t":"C206"},"805":{"desc":"L1P"},"807":{"t":"C172"},"80A":{"t":"C172"},"80B":{"t":"C172"},"80E":{"t":"C172"},"810":{"t":"B738"},"812":{"t":"PA22"},"815":{"t":"PA34"},"816":{"t":"C77R"},"817":{"desc":"A1P"},"81A":{"t":"C172"},"81C":{"t":"AT8T"},"81D":{"t":"PA24"},"81F":{"t":"BE35"},"821":{"t":"C175"},"824":{"t":"P28A"},"825":{"desc":"L1P","t":"LA4"},"827":{"t":"C206"},"82A":{"t":"C172"},"82C":{"t":"ULAC"},"82E":{"t":"C172"},"82F":{"t":"C172"},"830":{"t":"C172"},"831":{"t":"C172"},"833":{"desc":"L1P","t":"LA4"},"836":{"desc":"L1P","t":"LA4"},"837":{"desc":"L1P"},"838":{"t":"C150"},"83B":{"t":"AEST"},"83C":{"t":"S108"},"83F":{"t":"P28A"},"840":{"t":"PA24"},"843":{"t":"C150"},"847":{"t":"P28A"},"848":{"t":"C172"},"849":{"t":"PA30"},"84A":{"desc":"L1P","t":"LA4"},"84C":{"t":"C172"},"84D":{"desc":"L1P","t":"LA4"},"84E":{"t":"C172"},"84F":{"t":"C185"},"850":{"desc":"A1P"},"851":{"desc":"A1P"},"852":{"t":"C172"},"853":{"t":"C172"},"854":{"t":"C172"},"855":{"t":"GLID"},"856":{"t":"C170"},"857":{"desc":"A1P"},"859":{"t":"PA22"},"85A":{"t":"BALL"},"85B":{"t":"P28A"},"85F":{"t":"GLID"},"860":{"t":"C172"},"861":{"t":"C310"},"862":{"t":"P28A"},"866":{"t":"C150"},"867":{"t":"BE55"},"868":{"desc":"A1P"},"86A":{"t":"P28A"},"86B":{"desc":"H1P"},"86C":{"t":"BE76"},"86E":{"t":"C172"},"86F":{"t":"C172"},"873":{"t":"C172"},"875":{"t":"C172"},"876":{"t":"C72R"},"879":{"t":"C170"},"87A":{"t":"C172"},"87B":{"desc":"A1P"},"87C":{"desc":"A1P"},"87D":{"t":"C172"},"87E":{"desc":"L1P","t":"LA4"},"87F":{"t":"C77R"},"884":{"t":"C310"},"885":{"t":"P28A"},"889":{"t":"C150"},"890":{"desc":"L1P"},"891":{"t":"R22"},"893":{"t":"R22"},"896":{"desc":"L1P","t":"LA4"},"897":{"t":"C152"},"89A":{"t":"C172"},"89E":{"t":"R22"},"8A1":{"t":"C150"},"8A2":{"t":"AT5T"},"8A7":{"t":"C310"},"8A8":{"t":"P28A"},"8A9":{"t":"PA24"},"8AA":{"desc":"L2J"},"8AB":{"t":"BE24"},"8AE":{"t":"AT8T"},"8B0":{"t":"P28A"},"8B3":{"t":"C206"},"8B6":{"t":"BE18"},"8B8":{"t":"C172"},"8BA":{"t":"R22"},"8BC":{"t":"C172"},"8BD":{"t":"C172"},"8BF":{"t":"C170"},"8C0":{"t":"AT8T"},"8C2":{"t":"PA22"},"8C5":{"t":"C77R"},"8C8":{"t":"ULAC"},"8CB":{"t":"AT5T"},"8CC":{"t":"PA24"},"8CD":{"t":"CJ6"},"8CE":{"t":"BE24"},"8D7":{"t":"C172"},"8D8":{"t":"P28A"},"8DB":{"t":"C172"},"8DC":{"t":"C172"},"8DD":{"t":"AT8T"},"8DF":{"t":"C172"},"8E0":{"t":"AT8T"},"8E2":{"t":"C170"},"8E4":{"t":"PA34"},"8E5":{"t":"SR20"},"8E8":{"desc":"H1P"},"8EC":{"t":"C172"},"8EF":{"t":"PA24"},"8F1":{"t":"BE24"},"8F2":{"t":"C150"},"8F5":{"t":"C188"},"8F7":{"t":"C172"},"8F8":{"t":"PA30"},"8FD":{"t":"C172"},"900":{"t":"AT6T"},"904":{"t":"GLID"},"905":{"t":"C170"},"906":{"t":"BALL"},"907":{"t":"PA32"},"911":{"t":"P28A"},"912":{"t":"ULAC"},"914":{"t":"S108"},"916":{"t":"Y18T"},"918":{"t":"C188"},"91E":{"t":"C172"},"91F":{"t":"C172"},"920":{"t":"C172"},"921":{"t":"C172"},"922":{"t":"C172"},"923":{"t":"C172"},"924":{"t":"C172"},"926":{"t":"C172"},"928":{"t":"C170"},"929":{"t":"C172"},"92D":{"t":"C150"},"92E":{"desc":"L1P","t":"ULAC"},"930":{"t":"AEST"},"931":{"t":"S108"},"932":{"t":"C172"},"936":{"t":"ULAC"},"93A":{"t":"ULAC"},"93B":{"t":"P28A"},"93C":{"t":"P28A"},"93D":{"t":"C172"},"93E":{"t":"PA30"},"93F":{"t":"C206"},"940":{"desc":"G1P","t":"GYRO"},"943":{"desc":"H1P"},"945":{"desc":"L1P"},"947":{"t":"BE18"},"948":{"desc":"H1P"},"94B":{"desc":"L2P"},"94C":{"t":"C208"},"94D":{"t":"C560"},"94E":{"t":"AT8T"},"952":{"t":"GLF5"},"953":{"t":"AT8T"},"954":{"t":"AT8T"},"955":{"t":"LJ45"},"957":{"t":"AT8T"},"958":{"t":"B788"},"959":{"t":"AT8T"},"95D":{"t":"PA44"},"960":{"t":"A319"},"963":{"t":"AT8T"},"964":{"desc":"L1P"},"965":{"desc":"L2T"},"967":{"t":"GL5T"},"96A":{"t":"AT8T"},"96C":{"t":"AT8T"},"96E":{"t":"AT8T"},"96F":{"t":"AT8T"},"970":{"t":"AT8T"},"971":{"t":"C206"},"974":{"t":"AT8T"},"976":{"desc":"L1P"},"979":{"t":"AT8T"},"97C":{"t":"C82S"},"97D":{"t":"S108"},"97E":{"t":"C550"},"97F":{"t":"AT8T"},"981":{"t":"SR22"},"982":{"t":"AT8T"},"983":{"t":"H25B"},"984":{"t":"AT8T"},"988":{"t":"AT8T"},"989":{"t":"P28A"},"98A":{"desc":"H2T"},"98B":{"t":"C182"},"98D":{"t":"AT8T"},"98E":{"t":"SR22"},"992":{"t":"AT8T"},"996":{"t":"PA30"},"997":{"t":"AT8T"},"99A":{"t":"C172"},"99C":{"t":"AT8T"},"99D":{"t":"GLID"},"99E":{"desc":"L4J","t":"DC87"},"99F":{"t":"AT8T"},"9A2":{"t":"AT8T"},"9A3":{"t":"B739"},"9A4":{"t":"AC11"},"9A6":{"t":"AT8T"},"9A7":{"t":"B407"},"9AA":{"t":"AT8T"},"9AF":{"t":"AT8T"},"9B1":{"t":"AT8T"},"9B3":{"desc":"L1P"},"9B4":{"desc":"L2J"},"9B6":{"t":"AT8T"},"9B7":{"t":"B06"},"9BA":{"t":"BE36"},"9BB":{"t":"AT8T"},"9BF":{"t":"DA40"},"9C0":{"t":"S22T"},"9C1":{"t":"AT8T"},"9C8":{"t":"AT8T"},"9CC":{"t":"A310"},"9CF":{"t":"C172"},"9D6":{"t":"SR22"},"9D9":{"t":"P28A"},"9DB":{"t":"AT8T"},"9DC":{"t":"AT8T"},"9DE":{"desc":"L2T"},"9DF":{"t":"AT8T"},"9E0":{"t":"AT8T"},"9E1":{"t":"AT8T"},"9E2":{"t":"PA31"},"9E3":{"t":"AT8T"},"9E5":{"desc":"L2J"},"9E6":{"t":"AT8T"},"9EC":{"desc":"L1P"},"9F3":{"t":"R66"},"9FB":{"t":"AT8T"},"9FC":{"t":"AT8T"},"9FD":{"t":"AT8T"},"A00":{"t":"AT8T"},"A02":{"t":"HA4T"},"A03":{"t":"AT8T"},"A04":{"t":"E145"},"A05":{"t":"C414"},"A06":{"t":"AT8T"},"A08":{"t":"AT8T"},"A0A":{"t":"AT8T"},"A0B":{"t":"PC12"},"A0E":{"desc":"L1P"},"A10":{"t":"AT8T"},"A13":{"t":"AT8T"},"A15":{"desc":"H1T"},"A16":{"t":"AT8T"},"A18":{"t":"AT8T"},"A19":{"t":"AT8T"},"A1A":{"t":"AT8T"},"A1B":{"t":"AT8T"},"A1C":{"t":"AT8T"},"A1E":{"t":"AT8T"},"A1F":{"t":"C172"},"A21":{"t":"AT8T"},"A23":{"t":"B407"},"A24":{"t":"GLID"},"A25":{"t":"AT8T"},"A28":{"t":"AT8T"},"A2C":{"t":"AT8T"},"A2D":{"t":"AT8T"},"A2F":{"t":"AT8T"},"A30":{"t":"AT8T"},"A32":{"t":"AT8T"},"A36":{"t":"AT8T"},"A3A":{"t":"AT8T"},"A3C":{"t":"AT8T"},"A3E":{"t":"AT8T"},"A46":{"t":"AT8T"},"A47":{"t":"AT8T"},"A4C":{"t":"AT8T"},"A51":{"t":"AT8T"},"A56":{"t":"AT8T"},"A57":{"t":"AT8T"},"A5F":{"t":"AT8T"},"A60":{"t":"AT8T"},"A61":{"t":"C335"},"A64":{"t":"AT8T"},"A66":{"t":"EC30"},"A69":{"desc":"L1P"},"A6A":{"t":"P46T"},"A6C":{"t":"AT8T"},"A6E":{"t":"DH8B"},"A6F":{"t":"T210"},"A70":{"t":"AT8T"},"A77":{"t":"AT8T"},"A78":{"desc":"L2J"},"A79":{"t":"AT8T"},"A7B":{"t":"AT8T"},"A7F":{"t":"BE36"},"A83":{"t":"C172"},"A84":{"t":"B738"},"A88":{"t":"AT8T"},"A89":{"t":"AT8T"},"A8C":{"t":"A333"},"A8D":{"t":"SR22"},"A8E":{"t":"AT8T"},"A90":{"t":"AT8T"},"A91":{"t":"AT8T"},"A96":{"t":"AT8T"},"A99":{"t":"H60"},"A9C":{"t":"ULAC"},"A9D":{"t":"BE36"},"A9E":{"t":"AT8T"},"AA0":{"t":"AT8T"},"AA5":{"t":"C172"},"AA9":{"t":"C550"},"AAA":{"t":"AT8T"},"AB1":{"t":"AT8T"},"AB8":{"t":"BALL"},"ABA":{"desc":"L2J"},"AC2":{"t":"BE35"},"AC4":{"t":"ST75"},"AC5":{"t":"P28R"},"AC7":{"desc":"L1E"},"AC8":{"t":"AT8T"},"AC9":{"desc":"L1P"},"ACA":{"desc":"L1P"},"ACB":{"desc":"L1P"},"AD2":{"desc":"L2J"},"AD3":{"t":"AT8T"},"AD4":{"t":"AT8T"},"AD6":{"desc":"L1P"},"ADB":{"t":"GLID"},"ADC":{"desc":"L2P","t":"H25A"},"ADD":{"desc":"H1T","t":"H60"},"ADE":{"desc":"L1P","t":"ULAC"},"ADF":{"t":"C82S"},"AE2":{"t":"AT8T"},"AE3":{"t":"AT8T"},"AE5":{"t":"CRJ9"},"AE6":{"t":"PA46"},"AE7":{"t":"A119"},"AE9":{"t":"C172"},"AEB":{"t":"SR22"},"AEC":{"desc":"L1P"},"AED":{"desc":"L1P"},"AF0":{"t":"AT8T"},"AF2":{"t":"AT8T"},"AF4":{"t":"BE55"},"AF5":{"t":"AT8T"},"AF6":{"desc":"H1T","t":"H60"},"AF7":{"desc":"L1P"},"AF8":{"t":"C56X"},"AFC":{"t":"AS50"},"AFD":{"t":"B734"},"AFF":{"t":"AT8T"},"B00":{"desc":"L1P"},"B02":{"t":"AT8T"},"B04":{"t":"AT8T"},"B05":{"t":"AT8T"},"B0B":{"t":"AT8T"},"B0D":{"desc":"L1P"},"B0E":{"t":"A319"},"B19":{"t":"P28A"},"B1B":{"t":"B350"},"B26":{"t":"AT8T"},"B32":{"t":"AT8T"},"B38":{"t":"BE20"},"B3B":{"t":"C208"},"B3F":{"t":"AT8T"},"B40":{"t":"MD83"},"B42":{"desc":"L1P"},"B44":{"t":"AT8T"},"B45":{"t":"AT8T"},"B47":{"t":"R22"},"B48":{"t":"H25B"},"B4A":{"t":"AT8T"},"B4D":{"t":"AT8T"},"B54":{"t":"AT8T"},"B59":{"t":"B738"},"B5C":{"desc":"L1P"},"B5E":{"desc":"H4E"},"B6A":{"t":"B738"},"B73":{"t":"AT8T"},"B88":{"t":"BALL"},"B94":{"t":"BALL"},"B99":{"desc":"L1P"},"B9F":{"t":"AT8T"},"BA3":{"desc":"H6E"},"BA4":{"t":"C170"},"BA6":{"t":"PA22"},"BA7":{"t":"PA22"},"BA9":{"t":"P28A"},"BAC":{"t":"BE9L"},"BAD":{"desc":"L1P"},"BAE":{"t":"C172"},"BB1":{"t":"PA24"},"BB5":{"t":"C175"},"BB6":{"desc":"L1P","t":"ULAC"},"BB7":{"t":"P28A"},"BBA":{"t":"PA30"},"BBB":{"desc":"L1P"},"BBE":{"t":"C172"},"BC1":{"t":"C172"},"BC4":{"t":"C172"},"BC6":{"desc":"L1P","t":"ULAC"},"BC7":{"t":"BE33"},"BC8":{"desc":"L1P"},"BC9":{"t":"PA22"},"BCA":{"t":"PA22"},"BCC":{"t":"ULAC"},"BD0":{"desc":"L1P"},"BD3":{"t":"P28A"},"BD4":{"t":"BE9L"},"BD6":{"t":"T6"},"BD7":{"t":"C150"},"BD8":{"t":"C175"},"BD9":{"t":"P28B"},"BDB":{"t":"BE36"},"BDC":{"t":"C172"},"BDD":{"t":"PA30"},"BDF":{"t":"C172"},"BE0":{"desc":"L1P"},"BE2":{"t":"C172"},"BE3":{"t":"C172"},"BE5":{"desc":"L1P"},"BE6":{"t":"GLID"},"BE7":{"t":"C172"},"BEA":{"t":"C170"},"BEC":{"t":"PA22"},"BED":{"t":"PA22"},"BF0":{"t":"C77R"},"BF3":{"t":"S108"},"BF6":{"t":"P28A"},"BF7":{"t":"ULAC"},"BF9":{"t":"BE24"},"BFE":{"t":"P28A"},"BFF":{"t":"C180"},"C00":{"t":"PA30"},"C07":{"t":"ULAC"},"C0B":{"t":"C185"},"C0C":{"t":"GLID"},"C10":{"t":"PA22"},"C12":{"t":"R22"},"C15":{"desc":"L1P"},"C17":{"t":"PA32"},"C18":{"t":"AR11"},"C19":{"t":"P28A"},"C1A":{"t":"PA24"},"C1B":{"t":"TAYB"},"C1D":{"t":"C150"},"C1E":{"t":"C175"},"C1F":{"desc":"H1P"},"C21":{"t":"P28A"},"C23":{"desc":"H1P"},"C24":{"t":"AT8T"},"C25":{"t":"C172"},"C26":{"desc":"L1P","t":"ULAC"},"C2A":{"t":"BALL"},"C2D":{"t":"C172"},"C2E":{"t":"C172"},"C30":{"t":"P32R"},"C33":{"t":"P32R"},"C36":{"t":"C77R"},"C39":{"t":"S108"},"C3B":{"desc":"G1P","t":"GYRO"},"C3C":{"t":"P28A"},"C3D":{"t":"PA24"},"C3E":{"t":"PA44"},"C40":{"t":"C150"},"C42":{"t":"AT8T"},"C45":{"t":"C172"},"C46":{"t":"P32R"},"C48":{"t":"BE18"},"C4A":{"desc":"L1P"},"C4B":{"t":"AT5T"},"C4E":{"t":"C172"},"C50":{"t":"C172"},"C52":{"desc":"L1P"},"C55":{"t":"PA22"},"C57":{"t":"C172"},"C58":{"t":"C150"},"C59":{"t":"C77R"},"C5B":{"t":"AEST"},"C5D":{"t":"ULAC"},"C5F":{"t":"P28A"},"C62":{"t":"BE24"},"C63":{"t":"C150"},"C64":{"t":"C175"},"C65":{"desc":"L1P","t":"ULAC"},"C67":{"t":"P28A"},"C68":{"t":"R22"},"C6C":{"t":"C172"},"C6E":{"t":"AT8T"},"C6F":{"t":"C172"},"C70":{"t":"ULAC"},"C71":{"t":"C185"},"C76":{"t":"ULAC"},"C78":{"t":"PA22"},"C7A":{"desc":"L2P"},"C7B":{"t":"C150"},"C7F":{"desc":"L1P"},"C80":{"t":"C172"},"C82":{"t":"P28A"},"C83":{"t":"PA24"},"C84":{"desc":"L1P"},"C87":{"t":"BE36"},"C8A":{"t":"ULAC"},"C8C":{"t":"PA30"},"C90":{"desc":"L1P"},"C91":{"t":"C172"},"C95":{"t":"C172"},"C97":{"t":"T28"},"C99":{"t":"C170"},"C9B":{"t":"PA34"},"C9C":{"t":"A319"},"C9E":{"t":"P28A"},"C9F":{"t":"C77R"},"CA3":{"t":"C172"},"CA7":{"t":"AT8T"},"CAC":{"t":"C188"},"CAE":{"t":"C172"},"CAF":{"t":"PA30"},"CB1":{"t":"C172"},"CB2":{"desc":"L1P"},"CB4":{"desc":"L1P"},"CB5":{"desc":"L1P","t":"ULAC"},"CB6":{"desc":"L2T"},"CB7":{"desc":"L1P"},"CB8":{"t":"C172"},"CB9":{"t":"C172"},"CBA":{"t":"C172"},"CBD":{"t":"C172"},"CBE":{"t":"PA22"},"CBF":{"t":"BE33"},"CC0":{"desc":"L1P"},"CC2":{"t":"C77R"},"CC4":{"t":"BE33"},"CC8":{"desc":"L1P"},"CC9":{"t":"PA24"},"CCB":{"t":"BE24"},"CCD":{"desc":"L1P","t":"ULAC"},"CD4":{"t":"GLID"},"CD5":{"desc":"L1P"},"CD6":{"t":"C172"},"CD7":{"t":"C172"},"CDB":{"desc":"L1P"},"CDE":{"desc":"L1P"},"CE1":{"t":"PA22"},"CE4":{"desc":"L1P"},"CE5":{"t":"C77R"},"CE9":{"t":"C172"},"CEA":{"desc":"L1P"},"CEB":{"t":"P28A"},"CEC":{"t":"PA24"},"CEF":{"t":"C150"},"CF1":{"desc":"L1P"},"CF6":{"desc":"A1P","t":"ULAC"},"CF7":{"t":"ULAC"},"CF8":{"t":"C172"},"CF9":{"t":"AT8T"},"CFA":{"t":"AT8T"},"CFB":{"t":"AT8T"},"CFC":{"t":"C172"},"CFF":{"t":"C172"},"D00":{"t":"C172"},"D02":{"t":"PA22"},"D03":{"t":"AT8T"},"D05":{"t":"FA50"},"D07":{"t":"E135"},"D08":{"desc":"H4E"},"D09":{"t":"GLF4"},"D0D":{"t":"B788"},"D12":{"t":"AT8T"},"D13":{"t":"AT8T"},"D14":{"t":"PA44"},"D17":{"t":"A319"},"D1B":{"t":"L8"},"D1C":{"t":"B06"},"D1E":{"t":"C25B"},"D2D":{"t":"C172"},"D34":{"t":"S108"},"D36":{"desc":"L1P"},"D37":{"desc":"L1P"},"D38":{"desc":"L1P"},"D3C":{"t":"AT8T"},"D40":{"t":"A333"},"D41":{"desc":"H2T"},"D42":{"t":"AS50"},"D4F":{"t":"S22T"},"D50":{"desc":"L1P"},"D55":{"desc":"L4J","t":"DC87"},"D56":{"t":"C150"},"D58":{"t":"BE35"},"D59":{"t":"ULAC"},"D5A":{"t":"B739"},"D5D":{"desc":"L1P"},"D5E":{"t":"B407"},"D6E":{"t":"R22"},"D76":{"t":"DA40"},"D77":{"desc":"H4E"},"D7F":{"t":"C208"},"D80":{"desc":"H4E"},"D81":{"t":"AT8T"},"D83":{"t":"A310"},"D8B":{"t":"M20P"},"D94":{"t":"GLID"},"D95":{"desc":"L2T"},"D9A":{"desc":"L1P","t":"ULAC"},"D9C":{"desc":"L2J"},"DB2":{"desc":"H4E"},"DB3":{"t":"AT8T"},"DB4":{"t":"BE9T"},"DBC":{"t":"C172"},"DBD":{"t":"AT8T"},"DBF":{"t":"C172"},"DCB":{"t":"C208"},"DCC":{"t":"B06"},"DD0":{"t":"AT8T"},"DD4":{"desc":"L1P"},"DDB":{"t":"C56X"},"DDC":{"t":"HDJT"},"DE4":{"t":"AT8T"},"DE5":{"desc":"L1P"},"DF1":{"t":"AT8T"},"DF5":{"desc":"G1P"},"DF8":{"desc":"L1P"},"E08":{"t":"AT8T"},"E0F":{"t":"SF50"},"E16":{"t":"AT8T"},"E17":{"desc":"L1P"},"E1A":{"t":"SR20"},"E21":{"desc":"L1P"},"E25":{"t":"DH8B"},"E27":{"t":"BE20"},"E31":{"desc":"L1T"},"E35":{"t":"C140"},"E36":{"t":"BE36"},"E39":{"t":"FA50"},"E3B":{"t":"B738"},"E43":{"t":"A333"},"E46":{"t":"AT8T"},"E47":{"t":"SR20"},"E4F":{"t":"F2TH"},"E50":{"t":"H60"},"E51":{"t":"SR22"},"E53":{"t":"ULAC"},"E58":{"desc":"L1P"},"E59":{"t":"R44"},"E64":{"desc":"H4E"},"E71":{"desc":"L2J"},"E7A":{"desc":"H1T"},"E7B":{"t":"ST75"},"E83":{"t":"H25B"},"E84":{"desc":"L1P"},"E85":{"t":"M20P"},"E89":{"t":"CL60"},"E8B":{"desc":"L1P"},"E8D":{"desc":"L1P"},"E92":{"t":"S76"},"E93":{"t":"HA4T"},"E94":{"desc":"L1P"},"E95":{"t":"C560"},"E96":{"t":"C25B"},"E9C":{"t":"CRJ9"},"EA0":{"t":"C172"},"EA2":{"t":"SR22"},"EAB":{"desc":"L1P"},"EB4":{"t":"B734"},"EB7":{"t":"GLF5"},"EC0":{"t":"P28A"},"EC5":{"t":"A319"},"ECC":{"t":"UH1"},"EEA":{"desc":"H4E"},"EFC":{"t":"S22T"},"F04":{"t":"ULAC"},"F0B":{"t":"P28A"},"F10":{"t":"B738"},"F21":{"t":"B738"},"F4F":{"t":"ULAC"},"F5B":{"t":"C170"},"F5E":{"desc":"L1P"},"F60":{"t":"A319"},"F63":{"t":"AEST"},"F64":{"t":"S108"},"F65":{"t":"C172"},"F66":{"t":"C310"},"F67":{"t":"P28A"},"F6A":{"t":"ULAC"},"F6B":{"t":"C150"},"F6C":{"t":"C175"},"F6D":{"desc":"L1P"},"F6F":{"t":"P28A"},"F70":{"t":"C172"},"F71":{"t":"PA30"},"F73":{"t":"C172"},"F75":{"desc":"L1P"},"F76":{"desc":"L1P"},"F77":{"t":"C172"},"F78":{"t":"BE17"},"F79":{"t":"BE17"},"F7A":{"t":"C172"},"F7B":{"t":"BE17"},"F7C":{"t":"BE17"},"F7D":{"desc":"L1P"},"F7E":{"t":"C170"},"F7F":{"t":"GLID"},"F82":{"desc":"L1T","t":"M600"},"F83":{"t":"C150"},"F84":{"t":"C77R"},"F85":{"desc":"L1P"},"F86":{"t":"AEST"},"F88":{"t":"C172"},"F89":{"t":"A319"},"F8B":{"t":"PA24"},"F8C":{"t":"C182"},"F8D":{"desc":"L1P"},"F92":{"t":"P28A"},"F93":{"desc":"L1P"},"F95":{"desc":"L1P"},"F98":{"t":"BE17"},"F9B":{"t":"BE17"},"F9C":{"t":"BE17"},"FA0":{"desc":"L1P"},"FA1":{"t":"BE36"},"FA3":{"t":"P28A"},"FA8":{"desc":"L1P"},"FA9":{"t":"AEST"},"FAA":{"desc":"L1P","t":"ULAC"},"FAB":{"t":"C172"},"FAC":{"desc":"L1P"},"FAE":{"t":"PA24"},"FB0":{"t":"BE24"},"FB2":{"t":"C175"},"FB6":{"t":"BE33"},"FB7":{"desc":"L1P"},"FBA":{"t":"BE17"},"FBB":{"t":"C172"},"FBC":{"t":"BE18"},"FBF":{"t":"C172"},"FC0":{"t":"C172"},"FC1":{"t":"C172"},"FC3":{"desc":"L1P"},"FC4":{"t":"C170"},"FC7":{"t":"PA22"},"FCA":{"t":"C77R"},"FCB":{"t":"SR22"},"FCD":{"t":"S108"},"FD0":{"t":"AT8T"},"FD1":{"desc":"H1P"},"FD3":{"t":"PA31"},"FD7":{"desc":"L1P"},"FD8":{"t":"P28A"},"FD9":{"t":"C172"},"FDD":{"t":"C172"},"FDE":{"t":"C172"},"FDF":{"t":"C172"},"FE1":{"t":"C172"},"FE2":{"t":"C172"},"FE3":{"t":"C185"},"FE4":{"t":"C172"},"FE5":{"t":"P28U"},"FE6":{"desc":"L1P"},"FE8":{"t":"C172"},"FEA":{"t":"PA22"},"FEB":{"t":"AA5"},"FEC":{"t":"C150"},"FEE":{"desc":"L1P"},"FF3":{"t":"P28A"},"FF5":{"t":"C310"},"FFA":{"desc":"L1P"},"FFB":{"t":"P28A"},"FFD":{"t":"PA30"},"FFE":{"t":"PA32"},"FFF":{"t":"C172"}}