{"001":{"t":"G164"},"002":{"desc":"L1P"},"007":{"t":"P28B"},"008":{"t":"C150"},"009":{"desc":"L2P"},"010":{"t":"AA5"},"011":{"desc":"L1P","t":"ULAC"},"012":{"desc":"L1P"},"013":{"desc":"L1P"},"017":{"t":"AA5"},"018":{"desc":"L1P"},"019":{"t":"P28A"},"01A":{"desc":"L1P"},"01B":{"desc":"G1P","t":"GYRO"},"01C":{"t":"P28A"},"01E":{"t":"PA22"},"01F":{"t":"C182"},"021":{"t":"BT36"},"022":{"t":"P28A"},"024":{"t":"S108"},"025":{"t":"P28A"},"026":{"desc":"L2P"},"027":{"t":"ULAC"},"028":{"t":"P28A"},"02A":{"t":"BE35"},"02B":{"t":"C150"},"02C":{"t":"C175"},"02D":{"t":"ULAC"},"02E":{"t":"ULAC"},"02F":{"t":"P28A"},"036":{"desc":"L1P"},"038":{"t":"AA5"},"03A":{"desc":"L1P"},"03B":{"t":"AA5"},"03F":{"t":"P28A"},"043":{"t":"C150"},"044":{"t":"C210"},"045":{"t":"UH12"},"046":{"t":"P28A"},"047":{"t":"G164"},"049":{"t":"C310"},"04A":{"t":"B350"},"04C":{"t":"P28T"},"04D":{"t":"P28T"},"052":{"t":"P28A"},"055":{"t":"C205"},"056":{"desc":"L1P"},"058":{"desc":"L1P"},"05A":{"t":"AA5"},"05C":{"t":"AA5"},"060":{"t":"B47G"},"061":{"t":"C170"},"062":{"t":"P28U"},"068":{"t":"UH12"},"06A":{"t":"P28B"},"06E":{"t":"PA24"},"070":{"t":"P28B"},"071":{"t":"P28B"},"075":{"t":"P28B"},"078":{"t":"P28B"},"07B":{"desc":"L1P"},"07C":{"desc":"L1P"},"07F":{"desc":"L1P"},"080":{"t":"AA5"},"081":{"desc":"L1P"},"085":{"t":"C172"},"086":{"t":"PA22"},"087":{"desc":"L1P"},"089":{"t":"C150"},"08A":{"desc":"L1P"},"08F":{"t":"C310"},"090":{"desc":"L1P"},"092":{"t":"P28B"},"094":{"t":"P28B"},"095":{"t":"P28B"},"096":{"t":"C172"},"098":{"t":"P28A"},"099":{"t":"P32R"},"09A":{"desc":"H2T"},"09B":{"t":"P32R"},"09C":{"desc":"L1P"},"09D":{"t":"AA5"},"09E":{"t":"AA5"},"09F":{"t":"AA5"},"0A0":{"desc":"L1P"},"0A1":{"desc":"L1P"},"0A2":{"desc":"L1P"},"0A4":{"t":"P28B"},"0A6":{"desc":"L1P","t":"ULAC"},"0A7":{"t":"C170"},"0A8":{"t":"P28A"},"0A9":{"t":"P28A"},"0AA":{"t":"PA22"},"0AB":{"t":"M20P"},"0AE":{"t":"P28A"},"0AF":{"desc":"L1P"},"0B4":{"t":"P28A"},"0B5":{"t":"P28A"},"0B6":{"t":"BE35"},"0B8":{"t":"C175"},"0B9":{"t":"C150"},"0BD":{"t":"PA30"},"0BE":{"t":"P28T"},"0BF":{"desc":"L1P"},"0C0":{"t":"R44"},"0C7":{"desc":"L1P"},"0C8":{"desc":"L1P","t":"ULAC"},"0CB":{"t":"B788"},"0CC":{"desc":"L1P"},"0CD":{"t":"U21"},"0CF":{"t":"E135"},"0D0":{"t":"C182"},"0D1":{"desc":"L2P"},"0D6":{"t":"H25A"},"0D8":{"t":"BE36"},"0DC":{"t":"P28A"},"0DD":{"desc":"H6E"},"0DF":{"t":"A319"},"0E1":{"t":"CRJ2"},"0E3":{"t":"L8"},"0E5":{"desc":"L1P"},"0E6":{"t":"T6"},"0E8":{"t":"P32R"},"0EA":{"t":"BE36"},"0EE":{"t":"PTS2"},"0F1":{"t":"C56X"},"0F4":{"desc":"L1P"},"0F5":{"t":"SR22"},"0F8":{"t":"BALL"},"0FB":{"t":"R44"},"0FF":{"t":"PA18"},"100":{"t":"SR22"},"104":{"t":"M20P"},"10A":{"t":"C172"},"10C":{"t":"BE9L"},"10D":{"t":"SR22"},"115":{"t":"C82T"},"116":{"t":"C172"},"117":{"t":"SR22"},"119":{"t":"AC11"},"11E":{"t":"PA32"},"120":{"t":"RV12"},"121":{"t":"SR22"},"122":{"t":"B739"},"127":{"desc":"L1P","t":"ULAC"},"12A":{"t":"SR22"},"12E":{"desc":"L1P"},"12F":{"t":"S22T"},"130":{"t":"AT8T"},"137":{"t":"RV12"},"13E":{"t":"C172"},"142":{"desc":"L1P","t":"ULAC"},"144":{"desc":"L2T"},"147":{"t":"C185"},"149":{"t":"ULAC"},"14B":{"t":"A310"},"158":{"t":"PC12"},"159":{"t":"GALX"},"15D":{"desc":"L2T"},"160":{"t":"CL60"},"162":{"t":"BE9T"},"168":{"t":"CL30"},"16A":{"desc":"L1P"},"16C":{"desc":"L1P"},"170":{"t":"LJ60"},"171":{"t":"PC12"},"175":{"desc":"H1P"},"179":{"desc":"L1P"},"17A":{"t":"C550"},"187":{"desc":"L1P"},"18D":{"t":"T206"},"18E":{"t":"EC30"},"192":{"t":"C510"},"194":{"desc":"L1P"},"195":{"t":"BE58"},"19E":{"t":"SF50"},"1A0":{"t":"SR22"},"1A2":{"desc":"L1P"},"1A3":{"t":"P28B"},"1A4":{"desc":"L1P"},"1A7":{"desc":"L1P"},"1A8":{"desc":"H4E"},"1AB":{"t":"C240"},"1AC":{"t":"AT8T"},"1AE":{"t":"CL30"},"1B5":{"t":"C182"},"1B7":{"t":"RV12"},"1BB":{"t":"C182"},"1BC":{"t":"C172"},"1C0":{"t":"C140"},"1C4":{"desc":"L1P"},"1C5":{"t":"DA40"},"1C6":{"t":"BALL"},"1C7":{"desc":"L1P"},"1C9":{"desc":"H2T"},"1CC":{"desc":"H1T"},"1CF":{"t":"H25B"},"1D2":{"t":"E55P"},"1D8":{"t":"EC35"},"1DD":{"t":"P32R"},"1DE":{"t":"HUSK"},"1DF":{"t":"PA46"},"1E0":{"t":"C182"},"1E1":{"t":"E170"},"1E5":{"t":"EC30"},"1E6":{"desc":"L1P"},"1E9":{"desc":"L1P"},"1EF":{"t":"S22T"},"1F3":{"desc":"L4J"},"1F6":{"desc":"L1T"},"1F9":{"t":"PC12"},"1FA":{"t":"P28A"},"203":{"t":"B738"},"207":{"t":"AT8T"},"20B":{"t":"A333"},"210":{"t":"PC12"},"211":{"t":"SF50"},"215":{"desc":"L1P"},"218":{"t":"C25A"},"21A":{"t":"C182"},"21B":{"t":"F900"},"220":{"desc":"L1P","t":"ULAC"},"221":{"t":"M20T"},"223":{"t":"COL4"},"228":{"t":"C240"},"239":{"desc":"L2J"},"241":{"t":"BE35"},"242":{"t":"PC24"},"243":{"t":"GLF5"},"248":{"desc":"L1P"},"24A":{"t":"R66"},"24C":{"desc":"L1P","t":"ULAC"},"24F":{"t":"LJ60"},"251":{"t":"M7"},"252":{"desc":"L1P"},"253":{"desc":"L1P"},"255":{"desc":"L1P"},"257":{"t":"F2TH"},"25B":{"t":"PC12"},"25C":{"t":"UH1"},"25E":{"t":"H25B"},"25F":{"t":"SR22"},"260":{"desc":"L1P","t":"ULAC"},"262":{"t":"C560"},"266":{"desc":"L1P"},"268":{"desc":"L1P"},"26A":{"t":"C414"},"26C":{"t":"PA22"},"26F":{"t":"R66"},"275":{"t":"PA31"},"276":{"desc":"L1P","t":"ULAC"},"277":{"desc":"L1P"},"278":{"desc":"L1P"},"279":{"t":"RV12"},"27B":{"t":"C177"},"27E":{"t":"R44"},"27F":{"t":"AA5"},"283":{"t":"SR20"},"284":{"desc":"L1P"},"285":{"t":"BE20"},"288":{"t":"SR22"},"28D":{"t":"A319"},"29C":{"t":"B06"},"2A5":{"t":"C340"},"2BE":{"t":"C206"},"2CA":{"t":"PA32"},"2CC":{"t":"BE36"},"2D7":{"desc":"L1P"},"2F6":{"desc":"L1P"},"323":{"t":"C170"},"324":{"t":"P28A"},"325":{"t":"CJ6"},"328":{"t":"P28A"},"32B":{"t":"P28A"},"32C":{"desc":"L1P","t":"G64T"},"32E":{"t":"P28A"},"32F":{"t":"BE33"},"330":{"t":"PA24"},"334":{"t":"C175"},"335":{"t":"C150"},"337":{"desc":"L2P"},"338":{"t":"P28A"},"339":{"t":"PA30"},"33A":{"t":"C205"},"33C":{"t":"FA24"},"33D":{"t":"P28A"},"33F":{"t":"FA24"},"341":{"t":"FA24"},"342":{"t":"FA24"},"343":{"t":"FA24"},"344":{"t":"FA24"},"345":{"desc":"L1P"},"347":{"desc":"L1P"},"34B":{"t":"P28A"},"34C":{"t":"C210"},"34E":{"t":"P28A"},"34F":{"t":"P28A"},"352":{"t":"BE33"},"358":{"t":"C172"},"359":{"t":"C150"},"35E":{"t":"FA24"},"35F":{"t":"UH1"},"360":{"t":"FA24"},"361":{"t":"FA24"},"362":{"t":"FA24"},"364":{"t":"FA24"},"365":{"t":"UH1"},"367":{"desc":"H1P"},"369":{"t":"C170"},"36A":{"t":"P28A"},"36B":{"t":"PA22"},"36C":{"t":"PA22"},"36E":{"t":"C150"},"370":{"t":"P28A"},"372":{"desc":"L1P"},"373":{"t":"C77R"},"374":{"t":"C310"},"375":{"t":"UH1"},"376":{"t":"PA24"},"377":{"t":"P28A"},"378":{"t":"BE55"},"379":{"t":"C150"},"37C":{"t":"L39"},"37D":{"t":"P28A"},"37E":{"t":"C172"},"380":{"t":"P28B"},"382":{"t":"FA24"},"383":{"t":"FA24"},"384":{"t":"PA32"},"385":{"t":"UH1"},"387":{"t":"FA24"},"388":{"t":"AA5"},"389":{"t":"FA24"},"38A":{"t":"FA24"},"38C":{"t":"C170"},"38D":{"t":"C172"},"38E":{"t":"P32R"},"391":{"t":"C150"},"392":{"t":"C206"},"395":{"t":"S108"},"396":{"t":"C150"},"397":{"desc":"H1T"},"398":{"t":"BE58"},"39A":{"t":"C206"},"39D":{"t":"C175"},"39E":{"t":"C150"},"3A0":{"t":"P28B"},"3A1":{"t":"P28B"},"3A3":{"t":"C205"},"3A4":{"desc":"L1P"},"3A8":{"t":"FA24"},"3A9":{"t":"ST75"},"3AB":{"t":"AA5"},"3AF":{"t":"P28B"},"3B0":{"t":"C172"},"3B4":{"t":"C150"},"3B5":{"desc":"L1P"},"3B7":{"t":"P28B"},"3B9":{"t":"BE58"},"3BA":{"t":"P28B"},"3BC":{"t":"SR22"},"3BD":{"t":"P28B"},"3BF":{"t":"P28B"},"3C0":{"t":"C175"},"3C1":{"t":"C172"},"3C2":{"t":"C172"},"3C4":{"t":"C172"},"3C5":{"t":"PA27"},"3C8":{"t":"FA24"},"3C9":{"t":"FA24"},"3CA":{"t":"FA24"},"3CB":{"t":"FA24"},"3CF":{"t":"FA24"},"3D2":{"t":"P28B"},"3D3":{"t":"C172"},"3D5":{"t":"P32R"},"3D6":{"t":"SR22"},"3D7":{"t":"C402"},"3D8":{"t":"C188"},"3DA":{"t":"B47G"},"3DB":{"t":"S108"},"3DC":{"t":"PA44"},"3DD":{"t":"C182"},"3DF":{"t":"PA24"},"3E2":{"t":"C150"},"3E3":{"t":"C175"},"3E4":{"t":"C172"},"3E6":{"t":"P28A"},"3E7":{"t":"C172"},"3E8":{"t":"P28A"},"3E9":{"t":"C205"},"3EA":{"t":"P28A"},"3EB":{"t":"AA5"},"3EC":{"t":"AA5"},"3EE":{"t":"BE36"},"3EF":{"t":"FA24"},"3F1":{"t":"AA5"},"3F2":{"t":"FA24"},"3F3":{"desc":"L1P"},"3F6":{"t":"C172"},"3F8":{"t":"PA22"},"3F9":{"t":"C172"},"3FA":{"t":"C150"},"3FB":{"t":"SR22"},"3FE":{"t":"G164"},"3FF":{"t":"B350"},"400":{"t":"P28A"},"401":{"t":"BE33"},"402":{"t":"PA24"},"405":{"t":"C150"},"406":{"t":"C170"},"40A":{"t":"P28A"},"40C":{"t":"C205"},"40D":{"t":"P28A"},"40E":{"t":"FA24"},"410":{"t":"FA24"},"412":{"t":"FA24"},"415":{"t":"AA5"},"417":{"desc":"L1P"},"418":{"t":"SR22"},"41B":{"t":"PA22"},"41C":{"t":"M20P"},"41F":{"t":"P28B"},"421":{"t":"PA32"},"423":{"t":"SR22"},"425":{"t":"PA24"},"427":{"t":"BE55"},"429":{"t":"C175"},"42D":{"t":"C172"},"42E":{"t":"PA30"},"42F":{"t":"P32R"},"430":{"t":"FA24"},"431":{"t":"FA24"},"434":{"t":"AA5"},"435":{"t":"FA24"},"436":{"t":"FA24"},"439":{"t":"FA24"},"43A":{"desc":"L1P"},"43C":{"t":"P32R"},"43E":{"t":"PA22"},"440":{"t":"C150"},"443":{"t":"PA34"},"444":{"t":"G164"},"445":{"t":"C210"},"446":{"t":"C182"},"447":{"t":"BE33"},"448":{"t":"PA24"},"449":{"t":"PA32"},"44B":{"t":"C150"},"44C":{"t":"C175"},"44D":{"t":"C172"},"44F":{"t":"P28A"},"450":{"t":"P28A"},"455":{"desc":"L1P"},"456":{"t":"AA5"},"457":{"t":"FA24"},"458":{"t":"FA24"},"459":{"t":"AA5"},"45B":{"t":"FA24"},"45C":{"t":"AA5"},"45F":{"t":"C172"},"463":{"t":"C150"},"464":{"t":"T210"},"465":{"t":"P32R"},"466":{"t":"P28A"},"467":{"desc":"L1P"},"469":{"t":"P28A"},"46C":{"t":"C414"},"46F":{"desc":"L1P"},"472":{"desc":"A1P"},"475":{"t":"C205"},"476":{"t":"FA24"},"478":{"t":"FA24"},"47A":{"t":"FA24"},"47B":{"t":"FA24"},"480":{"t":"DG15"},"484":{"t":"H25B"},"486":{"t":"E135"},"48D":{"t":"EC30"},"48E":{"t":"B788"},"492":{"t":"LJ35"},"493":{"desc":"L1P"},"494":{"desc":"H8E"},"496":{"t":"A319"},"498":{"t":"CRJ2"},"49A":{"t":"L8"},"49C":{"desc":"L2T"},"49E":{"desc":"A1P"},"4A2":{"desc":"L2P"},"4A5":{"t":"BE10"},"4AC":{"desc":"H1P"},"4B3":{"t":"S108"},"4B6":{"desc":"L1P"},"4B7":{"t":"SR22"},"4BA":{"t":"SR22"},"4BB":{"t":"BE35"},"4BC":{"desc":"H4E"},"4BF":{"desc":"H1P"},"4C0":{"t":"PA44"},"4C1":{"t":"C182"},"4C5":{"t":"P28A"},"4CF":{"t":"P28A"},"4D2":{"desc":"L1P"},"4D3":{"desc":"H1T","t":"A139"},"4D4":{"t":"CL30"},"4D6":{"t":"P32R"},"4D7":{"t":"P32R"},"4D8":{"t":"T210"},"4D9":{"t":"B739"},"4E4":{"desc":"L1P"},"4E7":{"t":"AT8T"},"4E9":{"desc":"L1P"},"4EE":{"t":"S22T"},"4F5":{"t":"C172"},"4F9":{"t":"ULAC"},"502":{"t":"A310"},"508":{"t":"B412"},"509":{"desc":"L1P"},"50A":{"t":"C525"},"50F":{"desc":"L1P","t":"ULAC"},"518":{"t":"BE55"},"519":{"desc":"L2P"},"51D":{"t":"C172"},"51E":{"t":"TBM7"},"521":{"desc":"H4E"},"525":{"desc":"A1P"},"533":{"t":"C182"},"534":{"desc":"L2J"},"547":{"t":"C172"},"549":{"t":"RV12"},"54B":{"t":"BE9L"},"54C":{"t":"RV12"},"54D":{"t":"C550"},"551":{"t":"T206"},"552":{"t":"M20T"},"555":{"t":"P32R"},"55A":{"t":"P32R"},"55E":{"t":"C77R"},"564":{"t":"H60"},"56E":{"t":"CH7B"},"570":{"t":"SR22"},"573":{"t":"C172"},"577":{"t":"B772"},"578":{"desc":"L1P"},"57D":{"t":"FDCT"},"586":{"desc":"L1T","t":"M600"},"587":{"desc":"L1P"},"58C":{"t":"CL60"},"597":{"t":"SS2T"},"598":{"t":"C170"},"59C":{"t":"EC30"},"59D":{"desc":"L1P"},"5A0":{"t":"BE36"},"5A4":{"t":"SR22"},"5A9":{"t":"R44"},"5B1":{"t":"P28R"},"5BA":{"t":"B738"},"5BB":{"desc":"H4E"},"5C2":{"t":"A333"},"5C6":{"t":"P28A"},"5C7":{"t":"PC12"},"5CA":{"t":"GLF4"},"5CE":{"desc":"A1P"},"5CF":{"t":"BE36"},"5D0":{"t":"C182"},"5D7":{"t":"S22T"},"5DB":{"t":"ULAC"},"5F0":{"t":"GLF5"},"606":{"desc":"L1P"},"608":{"t":"B06"},"609":{"desc":"L1P"},"60C":{"t":"RV12"},"611":{"t":"P46T"},"613":{"desc":"L1P"},"617":{"t":"GLID"},"619":{"t":"C560"},"61A":{"t":"BALL"},"61B":{"t":"CRJ9"},"61D":{"desc":"A1P"},"621":{"desc":"A1P","t":"ULAC"},"622":{"t":"P28A"},"626":{"t":"T206"},"628":{"t":"B738"},"62A":{"desc":"L1P"},"62B":{"t":"CL60"},"632":{"desc":"A1P"},"635":{"desc":"L2J"},"63C":{"desc":"L1P"},"63F":{"desc":"L1P"},"644":{"t":"A319"},"655":{"desc":"H4E"},"65C":{"t":"F2TH"},"670":{"desc":"H1P"},"675":{"t":"C140"},"67F":{"t":"AA5"},"681":{"t":"GALX"},"691":{"t":"C140"},"692":{"desc":"L1P"},"6DB":{"t":"C172"},"6DD":{"t":"PA22"},"6E0":{"t":"C188"},"6E4":{"t":"T210"},"6E6":{"desc":"L1J"},"6E7":{"t":"PA24"},"6E9":{"t":"BT36"},"6EB":{"t":"C175"},"6EC":{"t":"C172"},"6EE":{"t":"P28A"},"6EF":{"t":"P28B"},"6F0":{"t":"P28B"},"6F1":{"t":"C205"},"6F5":{"t":"AA5"},"6F7":{"t":"PA32"},"6F8":{"t":"FA24"},"6FB":{"t":"FA24"},"6FC":{"t":"PA31"},"6FD":{"t":"J3"},"700":{"t":"PA22"},"701":{"t":"PA34"},"703":{"t":"C210"},"704":{"t":"BE36"},"707":{"t":"C150"},"709":{"t":"BE33"},"70A":{"t":"PA24"},"70B":{"t":"C414"},"70C":{"t":"P28A"},"70F":{"t":"C172"},"711":{"t":"P28A"},"712":{"t":"P28A"},"716":{"t":"FA24"},"718":{"t":"FA24"},"71A":{"t":"AA5"},"71B":{"t":"FA24"},"71C":{"t":"AA5"},"71D":{"t":"FA24"},"71E":{"t":"AA5"},"71F":{"desc":"L1P"},"720":{"t":"C170"},"721":{"t":"P28A"},"722":{"t":"PA22"},"72A":{"desc":"H1P"},"72C":{"t":"BE33"},"72D":{"t":"PA24"},"72E":{"t":"C414"},"72F":{"t":"P28A"},"730":{"t":"C150"},"731":{"t":"C175"},"734":{"t":"P28A"},"736":{"t":"PA30"},"737":{"t":"C205"},"739":{"t":"P28A"},"73C":{"t":"FA24"},"73D":{"t":"FA24"},"73E":{"t":"FA24"},"73F":{"t":"P28A"},"740":{"t":"AA5"},"741":{"t":"FA24"},"744":{"t":"C172"},"745":{"t":"P28A"},"746":{"desc":"H1T"},"747":{"t":"P28A"},"748":{"t":"C150"},"74B":{"t":"P28A"},"74C":{"t":"G164"},"750":{"t":"PA24"},"751":{"t":"C310"},"752":{"t":"BE33"},"753":{"t":"PA32"},"756":{"t":"BE33"},"758":{"t":"C172"},"759":{"t":"PA30"},"75A":{"t":"SR22"},"75B":{"t":"FA24"},"75C":{"t":"FA24"},"75D":{"t":"FA24"},"75E":{"t":"FA24"},"75F":{"t":"FA24"},"760":{"t":"FA24"},"762":{"desc":"L1P"},"763":{"t":"FA24"},"766":{"desc":"L1P"},"767":{"t":"C172"},"769":{"t":"PA22"},"76B":{"t":"C150"},"76C":{"desc":"L1P"},"76F":{"t":"PA34"},"772":{"desc":"L1P"},"774":{"t":"C414"},"775":{"t":"BE33"},"776":{"t":"PA34"},"778":{"t":"C172"},"77A":{"t":"P28A"},"77B":{"t":"C172"},"77E":{"t":"FA24"},"781":{"t":"FA24"},"782":{"t":"P28A"},"783":{"t":"AA5"},"784":{"t":"FA24"},"785":{"t":"AA5"},"786":{"t":"FA24"},"787":{"t":"FA24"},"789":{"t":"SR22"},"78B":{"t":"P28A"},"78C":{"t":"PA22"},"78F":{"t":"P28A"},"791":{"t":"B47G"},"792":{"t":"S108"},"794":{"t":"PT22"},"795":{"t":"BE36"},"796":{"t":"P28A"},"798":{"t":"BE35"},"799":{"t":"C150"},"79C":{"t":"SR22"},"79D":{"t":"P28A"},"79E":{"t":"C172"},"7A5":{"t":"AA5"},"7A7":{"t":"FA24"},"7A8":{"t":"AA5"},"7A9":{"t":"FA24"},"7AA":{"t":"AA5"},"7AC":{"t":"C170"},"7AD":{"t":"C172"},"7B0":{"t":"BE36"},"7B1":{"t":"C150"},"7B4":{"t":"P28A"},"7B6":{"t":"C210"},"7B7":{"t":"C182"},"7B9":{"t":"PA24"},"7BA":{"t":"P28A"},"7BB":{"t":"BE36"},"7BC":{"t":"C150"},"7BD":{"t":"B06"},"7BE":{"t":"C172"},"7C0":{"t":"P28A"},"7C1":{"t":"C172"},"7C2":{"t":"P28B"},"7C3":{"t":"C310"},"7C4":{"t":"AA5"},"7C6":{"t":"FA24"},"7C7":{"t":"FA24"},"7C8":{"t":"AA5"},"7CB":{"t":"AA5"},"7CC":{"t":"AA5"},"7CD":{"t":"FA24"},"7CF":{"t":"P28B"},"7D0":{"t":"C172"},"7D1":{"t":"P28B"},"7D2":{"t":"PA32"},"7D5":{"t":"C210"},"7D7":{"desc":"L1P"},"7D8":{"t":"G164"},"7D9":{"t":"C210"},"7DC":{"t":"BE36"},"7DD":{"t":"P28A"},"7DE":{"t":"BE35"},"7E1":{"t":"P28A"},"7E2":{"t":"P32R"},"7E4":{"t":"C172"},"7E5":{"t":"PA30"},"7E6":{"t":"C205"},"7EA":{"t":"FA24"},"7ED":{"t":"AA5"},"7EE":{"t":"AA5"},"7F1":{"desc":"L1P"},"7F2":{"t":"C170"},"7F5":{"t":"PA22"},"7F6":{"desc":"L1P"},"7F8":{"t":"T210"},"7F9":{"t":"P28A"},"7FA":{"t":"SR22"},"7FB":{"t":"G164"},"7FC":{"t":"C152"},"7FF":{"t":"PA24"},"800":{"t":"C185"},"801":{"t":"BE36"},"802":{"t":"SR22"},"803":{"t":"C175"},"804":{"t":"C150"},"805":{"desc":"L1P"},"806":{"t":"P28A"},"807":{"t":"C172"},"808":{"t":"P28A"},"809":{"t":"P28B"},"80A":{"desc":"L1P"},"80C":{"t":"AA5"},"80E":{"t":"AA5"},"80F":{"t":"FA24"},"810":{"t":"FA24"},"812":{"t":"AA5"},"816":{"t":"C172"},"817":{"t":"SR22"},"818":{"t":"SR20"},"819":{"t":"M20P"},"81A":{"t":"P32R"},"81C":{"t":"P28T"},"81E":{"t":"SR22"},"81F":{"t":"T210"},"820":{"t":"C310"},"821":{"desc":"L1P"},"824":{"t":"BE33"},"827":{"t":"C150"},"828":{"t":"SR22"},"829":{"t":"P28A"},"82A":{"t":"C172"},"82B":{"t":"PA30"},"82D":{"t":"FA24"},"82E":{"desc":"L1P"},"830":{"t":"FA24"},"832":{"t":"FA24"},"833":{"t":"FA24"},"835":{"desc":"L1P"},"836":{"t":"J3"},"837":{"t":"SR20"},"838":{"t":"B350"},"839":{"t":"B788"},"83A":{"desc":"L1P"},"83B":{"t":"BL8"},"83D":{"t":"E135"},"83E":{"t":"CL30"},"843":{"desc":"L1P"},"846":{"t":"GLID"},"84A":{"t":"PA44"},"84D":{"t":"A319"},"851":{"desc":"L1P"},"853":{"desc":"L2T"},"854":{"desc":"L2T"},"858":{"t":"SR20"},"859":{"t":"S22T"},"85A":{"desc":"L1P"},"85C":{"t":"TAYB"},"85D":{"t":"C172"},"85F":{"t":"PRM1"},"861":{"t":"C560"},"864":{"desc":"L2J"},"865":{"desc":"L1P"},"866":{"desc":"L1P"},"86A":{"t":"S108"},"86C":{"t":"P32R"},"86D":{"desc":"L1P"},"86E":{"t":"SR22"},"872":{"t":"PA34"},"875":{"desc":"L2T","t":"DC3"},"876":{"desc":"L1P"},"878":{"t":"GLF4"},"87D":{"t":"GLID"},"87E":{"desc":"L1P","t":"TB0"},"885":{"t":"BE55"},"886":{"desc":"L1P"},"887":{"desc":"A1P"},"888":{"t":"C172"},"889":{"desc":"L1P"},"88B":{"t":"ULAC"},"88C":{"desc":"L1P"},"88F":{"t":"C525"},"890":{"t":"B739"},"891":{"desc":"L1P"},"898":{"desc":"L1P"},"89E":{"t":"AT8T"},"8A8":{"t":"SR22"},"8AD":{"t":"BE36"},"8B0":{"desc":"L1P","t":"ULAC"},"8B5":{"t":"AS50"},"8B6":{"t":"C82S"},"8BC":{"t":"C172"},"8BE":{"desc":"L1P"},"8BF":{"desc":"L1P"},"8DC":{"t":"AA1"},"8E8":{"t":"C172"},"8EA":{"desc":"H4E"},"8EF":{"desc":"L1P"},"8F8":{"t":"B350"},"900":{"t":"C337"},"903":{"t":"BE55"},"905":{"t":"BE50"},"907":{"t":"BE36"},"908":{"t":"C182"},"90C":{"t":"PA18"},"910":{"desc":"H4E"},"91B":{"t":"H60"},"91C":{"t":"P28A"},"929":{"desc":"H4E"},"92A":{"t":"C172"},"92D":{"desc":"L1P"},"92E":{"t":"B773"},"933":{"t":"BE36"},"934":{"t":"BALL"},"939":{"t":"C525"},"93D":{"t":"GL5T"},"93E":{"desc":"L1P"},"93F":{"t":"EC35"},"943":{"t":"GLID"},"944":{"t":"SR22"},"946":{"t":"EC45"},"94B":{"t":"P28A"},"94C":{"t":"PA32"},"94D":{"desc":"L1P"},"94E":{"t":"AS50"},"953":{"t":"EC30"},"956":{"desc":"A4P"},"957":{"desc":"L1P"},"95C":{"t":"P28A"},"95F":{"t":"C172"},"968":{"t":"P28R"},"96B":{"t":"CH7A"},"971":{"t":"B738"},"979":{"t":"A333"},"97D":{"t":"PA18"},"97E":{"t":"PC12"},"981":{"desc":"L1P"},"986":{"t":"H60"},"989":{"desc":"L1P"},"98B":{"t":"FDCT"},"98E":{"t":"CL60"},"999":{"desc":"H8E"},"9A7":{"desc":"L2J"},"9AF":{"t":"C172"},"9B0":{"t":"SR20"},"9B1":{"desc":"L1P"},"9B2":{"t":"PA30"},"9B7":{"t":"AT5T"},"9B8":{"t":"BALL"},"9BA":{"t":"R44"},"9BD":{"desc":"A1P","t":"ULAC"},"9BF":{"t":"GLF5"},"9C3":{"desc":"L1P"},"9C8":{"desc":"H1P"},"9C9":{"t":"C172"},"9CA":{"desc":"L1P"},"9CB":{"t":"R44"},"9CC":{"desc":"L1P"},"9CD":{"desc":"L1P"},"9CF":{"t":"BE40"},"9D0":{"t":"C560"},"9D1":{"t":"GLID"},"9D3":{"desc":"A1P"},"9D4":{"t":"AS50"},"9D6":{"t":"E55P"},"9D8":{"t":"SR22"},"9D9":{"desc":"L2T"},"9DA":{"t":"H25B"},"9DD":{"t":"C340"},"9DF":{"t":"B738"},"9E4":{"t":"BALL"},"9E5":{"t":"BE36"},"9E7":{"t":"PA46"},"9EA":{"desc":"L1P"},"9F2":{"t":"LJ60"},"9F6":{"t":"P28A"},"9FB":{"t":"A319"},"A03":{"desc":"L1E"},"A19":{"desc":"H4E"},"A2D":{"t":"PC12"},"A2E":{"t":"FDCT"},"A38":{"t":"C182"},"A3D":{"t":"C510"},"A3E":{"t":"PA34"},"A45":{"t":"AS50"},"A60":{"t":"G164"},"A92":{"t":"C172"},"A94":{"t":"PA22"},"A95":{"t":"P28R"},"A97":{"t":"BE36"},"A99":{"t":"B47G"},"A9A":{"t":"S108"},"A9D":{"t":"BE33"},"A9E":{"t":"P28B"},"A9F":{"t":"P28B"},"AA1":{"t":"SR22"},"AA3":{"t":"C172"},"AA6":{"t":"C172"},"AA8":{"desc":"L1P"},"AA9":{"t":"AT3T"},"AAA":{"t":"CH7A"},"AAC":{"t":"CH7A"},"AAE":{"desc":"L1P"},"AAF":{"t":"P28B"},"AB2":{"t":"AR11"},"AB6":{"t":"PA22"},"AB7":{"t":"PA22"},"AB9":{"t":"SR22"},"ABA":{"t":"T210"},"ABD":{"desc":"L1P"},"ABE":{"t":"SR22"},"ABF":{"t":"C310"},"AC2":{"t":"SR22"},"AC3":{"t":"P32R"},"AC4":{"t":"C150"},"AC5":{"t":"B350"},"AC8":{"t":"P28A"},"ACA":{"t":"BE33"},"ACB":{"t":"P28A"},"ACC":{"t":"GLID"},"ACD":{"t":"CH7A"},"ACE":{"t":"CH7A"},"AD0":{"t":"CH7A"},"AD1":{"t":"CH7A"},"AD4":{"desc":"L2T"},"AD6":{"desc":"L1P"},"AD7":{"t":"C170"},"AD8":{"t":"C172"},"ADA":{"t":"PA22"},"ADB":{"t":"M20P"},"ADE":{"t":"P28A"},"ADF":{"desc":"L1P"},"AE0":{"t":"P28A"},"AE1":{"t":"R22"},"AE3":{"t":"BE36"},"AE6":{"t":"BE35"},"AE7":{"t":"C150"},"AE8":{"t":"C175"},"AE9":{"t":"C172"},"AEA":{"t":"C150"},"AEB":{"t":"BE33"},"AEC":{"t":"C172"},"AED":{"t":"PA18"},"AEE":{"t":"C205"},"AEF":{"t":"CH7A"},"AF0":{"t":"CH7A"},"AF1":{"t":"CH7A"},"AF3":{"t":"C172"},"AF4":{"t":"CH7A"},"AF5":{"t":"CH7A"},"AF7":{"t":"CH7A"},"AF8":{"t":"CH7A"},"AFA":{"t":"C170"},"AFB":{"t":"M7"},"AFC":{"t":"PA22"},"AFD":{"t":"SR22"},"AFE":{"t":"PA18"},"B00":{"t":"C210"},"B01":{"t":"P28A"},"B02":{"t":"BE33"},"B03":{"desc":"L1P"},"B07":{"t":"PA24"},"B08":{"t":"B350"},"B0A":{"t":"C150"},"B0B":{"t":"C175"},"B0C":{"t":"C172"},"B0D":{"t":"C150"},"B0E":{"t":"P28A"},"B10":{"t":"PA30"},"B11":{"t":"C205"},"B13":{"t":"CH7A"},"B14":{"t":"B350"},"B18":{"t":"P32R"},"B19":{"t":"BE9L"},"B1D":{"t":"PA32"},"B1E":{"t":"C172"},"B1F":{"t":"PA22"},"B23":{"t":"P32R"},"B24":{"t":"P32R"},"B29":{"t":"ERCO"},"B2A":{"t":"PA32"},"B2B":{"t":"C414"},"B2D":{"t":"C150"},"B2E":{"t":"C175"},"B2F":{"t":"C150"},"B30":{"t":"C150"},"B31":{"t":"P28A"},"B32":{"t":"C172"},"B33":{"t":"PA32"},"B34":{"t":"SR22"},"B36":{"t":"P28A"},"B38":{"t":"CH7A"},"B3A":{"t":"CH7A"},"B3C":{"t":"CH7A"},"B3E":{"t":"B739"},"B3F":{"t":"GLID"},"B40":{"t":"C170"},"B41":{"t":"C172"},"B42":{"t":"PA22"},"B43":{"t":"PA22"},"B4C":{"t":"GLID"},"B4D":{"t":"PA24"},"B4E":{"t":"C414"},"B4F":{"t":"BE55"},"B50":{"t":"C150"},"B51":{"t":"C175"},"B52":{"t":"SR22"},"B54":{"t":"P28A"},"B55":{"t":"C172"},"B59":{"t":"CH7A"},"B5D":{"t":"CH7A"},"B5E":{"t":"CH7A"},"B5F":{"t":"CH7A"},"B62":{"t":"RYST"},"B63":{"t":"P28A"},"B65":{"t":"PA22"},"B68":{"desc":"L1P"},"B6B":{"t":"SR22"},"B6D":{"t":"SR22"},"B70":{"desc":"L1P"},"B71":{"t":"C206"},"B74":{"t":"SR20"},"B76":{"t":"C150"},"B77":{"t":"P28A"},"B79":{"t":"P32R"},"B80":{"desc":"L1P"},"B81":{"t":"CH7A"},"B83":{"t":"CH7A"},"B86":{"t":"P32R"},"B87":{"t":"P32R"},"B89":{"t":"PA34"},"B8A":{"t":"PA34"},"B8B":{"t":"PA34"},"B8E":{"t":"PA32"},"B91":{"t":"C310"},"B93":{"t":"PA24"},"B96":{"t":"C150"},"B99":{"t":"C188"},"B9A":{"t":"P28A"},"B9B":{"t":"P28A"},"B9C":{"t":"PA30"},"BA0":{"t":"CH7A"},"BA3":{"t":"CH7A"},"BAA":{"t":"C172"},"BAB":{"desc":"L1P"},"BAE":{"t":"SR22"},"BB1":{"t":"P28A"},"BB2":{"t":"G164"},"BB3":{"t":"P28A"},"BB4":{"t":"SR20"},"BB6":{"t":"P28A"},"BB9":{"t":"B350"},"BBF":{"t":"P32R"},"BC0":{"t":"P28B"},"BC2":{"t":"P32R"},"BC3":{"t":"CH7A"},"BC4":{"desc":"L1P"},"BC5":{"t":"CH7A"},"BC6":{"t":"CH7A"},"BC9":{"t":"CH7A"},"BCC":{"t":"P28A"},"BCD":{"t":"C172"},"BD0":{"t":"P28B"},"BD7":{"t":"C182"},"BDB":{"t":"P28A"},"BDC":{"t":"STAR"},"BDD":{"t":"P28A"},"BE0":{"t":"SR22"},"BE1":{"t":"C172"},"BE2":{"t":"P28A"},"BE7":{"t":"P28A"},"BE8":{"t":"CH7A"},"BE9":{"t":"CH7A"},"BEB":{"t":"P28A"},"BEF":{"desc":"L1P","t":"ULAC"},"BF0":{"t":"B788"},"BF1":{"desc":"H1P"},"BF2":{"t":"C310"},"BF4":{"t":"E135"},"BF7":{"t":"ULAC"},"BFF":{"desc":"H1T"},"C01":{"t":"PA44"},"C04":{"t":"A319"},"C08":{"t":"L8"},"C09":{"t":"AT8T"},"C0A":{"t":"CJ6"},"C0B":{"t":"BL8"},"C0E":{"t":"BE55"},"C21":{"t":"E300"},"C23":{"desc":"L1P"},"C25":{"t":"SR22"},"C26":{"t":"G280"},"C27":{"t":"P46T"},"C28":{"desc":"A1P"},"C2D":{"t":"C560"},"C2F":{"t":"C182"},"C33":{"t":"C172"},"C3A":{"desc":"L2P"},"C3C":{"t":"SR22"},"C3D":{"desc":"L1P"},"C40":{"t":"P28A"},"C41":{"desc":"L1P"},"C42":{"desc":"L1P","t":"ULAC"},"C44":{"t":"BE24"},"C46":{"desc":"L1P"},"C47":{"t":"B739"},"C48":{"desc":"L1P"},"C4B":{"t":"DA40"},"C4C":{"t":"GLF4"},"C52":{"t":"C182"},"C55":{"desc":"A1P"},"C56":{"desc":"L1P"},"C5B":{"t":"R22"},"C63":{"t":"C172"},"C70":{"t":"A310"},"C8C":{"t":"H25B"},"C8F":{"t":"C182"},"CA1":{"t":"SR22"},"CA7":{"t":"DH8D"},"CBB":{"t":"SR22"},"CBF":{"t":"R44"},"CC0":{"t":"HDJT"},"CC3":{"desc":"A1P"},"CC7":{"desc":"L1P"},"CC9":{"t":"BE33"},"CD0":{"t":"TBM7"},"CD2":{"t":"H60"},"CD4":{"t":"C208"},"CD7":{"t":"SF50"},"CDA":{"t":"BE55"},"CE1":{"t":"C172"},"CE2":{"t":"M7"},"CE5":{"t":"B772"},"CE9":{"t":"S22T"},"CEA":{"t":"BE36"},"CEB":{"t":"BALL"},"CEC":{"desc":"L1P"},"CFB":{"t":"RV12"},"D02":{"desc":"L1P"},"D05":{"t":"C525"},"D06":{"t":"E170"},"D0A":{"t":"EC30"},"D0B":{"desc":"L1P"},"D0C":{"desc":"L1P"},"D0D":{"t":"SR20"},"D0E":{"t":"HUSK"},"D13":{"desc":"L2P"},"D17":{"t":"S22T"},"D1B":{"desc":"L1P"},"D20":{"desc":"H4E"},"D28":{"t":"B738"},"D2C":{"desc":"L1T"},"D30":{"t":"A333"},"D34":{"t":"PA46"},"D35":{"t":"GL5T"},"D3E":{"t":"C185"},"D45":{"t":"DV20"},"D46":{"desc":"L1P"},"D4D":{"t":"BE35"},"D4E":{"t":"BALL"},"D5E":{"desc":"L2J"},"D68":{"t":"C750"},"D6A":{"t":"TBM7"},"D6F":{"desc":"H6E"},"D77":{"t":"BE36"},"D7F":{"desc":"L1P","t":"ULAC"},"D80":{"t":"B742"},"D81":{"t":"C425"},"D82":{"t":"UH1"},"D86":{"t":"H269"},"D87":{"t":"T28"},"D8D":{"t":"C172"},"D8F":{"desc":"A1P","t":"ULAC"},"D90":{"t":"B212"},"D91":{"t":"PRM1"},"D94":{"desc":"L1P"},"D96":{"t":"B738"},"D98":{"t":"M20T"},"D99":{"t":"P32R"},"D9E":{"t":"P28A"},"D9F":{"t":"BE36"},"DA3":{"desc":"L1P"},"DA4":{"t":"BE36"},"DB2":{"t":"A319"},"DC2":{"desc":"L1P"},"DCA":{"t":"C185"},"DD4":{"desc":"L1P"},"DD8":{"desc":"L1P"},"DE3":{"t":"RV12"},"DE9":{"desc":"L2J"},"DEB":{"t":"F900"},"DFF":{"desc":"L1P"},"E1F":{"t":"CJ6"},"E32":{"desc":"H4E"},"E48":{"t":"P28A"},"E49":{"t":"C172"},"E4B":{"t":"PA22"},"E4D":{"t":"SR22"},"E50":{"t":"P28A"},"E51":{"t":"G164"},"E52":{"t":"C172"},"E55":{"t":"PA24"},"E56":{"t":"C414"},"E59":{"t":"C175"},"E5A":{"t":"P28A"},"E5B":{"t":"C188"},"E5C":{"t":"P28A"},"E5D":{"t":"P28A"},"E5E":{"t":"PA30"},"E61":{"t":"CH7A"},"E65":{"t":"CH7A"},"E67":{"t":"CH7A"},"E68":{"t":"CH7A"},"E69":{"t":"P28A"},"E6A":{"t":"T6"},"E6B":{"t":"C170"},"E6C":{"t":"C172"},"E6E":{"t":"PA22"},"E70":{"t":"C150"},"E74":{"t":"G164"},"E75":{"t":"C172"},"E77":{"t":"P28A"},"E78":{"t":"PA24"},"E79":{"t":"C414"},"E7A":{"t":"BE58"},"E7C":{"t":"C175"},"E7D":{"t":"C172"},"E7F":{"t":"P28A"},"E80":{"t":"C172"},"E81":{"t":"SR22"},"E82":{"t":"P28U"},"E83":{"t":"CH7A"},"E84":{"t":"CH7A"},"E86":{"t":"CH7A"},"E88":{"desc":"L1P"},"E8C":{"t":"B06"},"E8D":{"desc":"L1P"},"E8E":{"t":"C170"},"E90":{"t":"BE36"},"E98":{"t":"C172"},"E9B":{"t":"PA24"},"E9C":{"t":"SR22"},"E9D":{"t":"BE36"},"E9F":{"t":"SR22"},"EA0":{"t":"C172"},"EA1":{"t":"C150"},"EA3":{"t":"SR22"},"EA6":{"t":"CH7A"},"EAB":{"t":"P28A"},"EAF":{"t":"P28T"},"EB3":{"t":"R22"},"EB5":{"t":"P28U"},"EB7":{"t":"BE36"},"EB8":{"t":"SR22"},"EB9":{"t":"SR20"},"EBB":{"t":"C172"},"EBE":{"t":"BALL"},"EC0":{"t":"SR22"},"EC1":{"t":"C150"},"EC3":{"t":"C172"},"EC4":{"t":"SR22"},"EC5":{"t":"P28A"},"EC6":{"t":"C172"},"EC7":{"t":"P28B"},"EC8":{"t":"P28B"},"ECA":{"t":"P28B"},"ECC":{"t":"B190"},"ECD":{"t":"CH7A"},"ED2":{"t":"CH7A"},"ED4":{"t":"P28B"},"ED5":{"t":"C172"},"EDC":{"t":"PA44"},"EE0":{"t":"P28A"},"EE2":{"t":"BE36"},"EE3":{"t":"GC1"},"EE6":{"t":"C172"},"EE8":{"t":"P28A"},"EEA":{"t":"PA30"},"EEB":{"t":"C205"},"EEE":{"t":"CH7A"},"EF1":{"t":"CH7A"},"EF7":{"t":"C310"},"EF8":{"t":"C172"},"EFB":{"t":"M20P"},"EFC":{"t":"C150"},"EFD":{"t":"P28A"},"EFE":{"t":"P28A"},"EFF":{"t":"B06"},"F01":{"t":"C208"},"F03":{"t":"P28A"},"F04":{"t":"PA24"},"F06":{"t":"BE55"},"F07":{"t":"C150"},"F08":{"t":"C175"},"F09":{"t":"C172"},"F0B":{"t":"P28A"},"F0D":{"t":"PA30"},"F10":{"t":"CH7A"},"F11":{"t":"P28A"},"F13":{"t":"CH7A"},"F14":{"t":"CH7A"},"F1A":{"t":"C170"},"F1D":{"t":"PA22"},"F1F":{"t":"C150"},"F23":{"t":"PA34"},"F26":{"t":"P28A"},"F27":{"t":"PA24"},"F28":{"t":"PA34"},"F29":{"t":"P28A"},"F2A":{"t":"C150"},"F2B":{"t":"P28A"},"F2E":{"t":"P28A"},"F2F":{"t":"C172"},"F31":{"t":"BE9L"},"F33":{"t":"CH7A"},"F35":{"desc":"L1P"},"F38":{"t":"CH7A"},"F3D":{"t":"C170"},"F3E":{"t":"C172"},"F3F":{"t":"P28A"},"F46":{"t":"G164"},"F47":{"t":"C172"},"F48":{"t":"PA32"},"F49":{"t":"P28A"},"F4D":{"t":"C150"},"F4F":{"t":"C172"},"F50":{"t":"C188"},"F51":{"t":"P28A"},"F52":{"t":"C172"},"F53":{"t":"PA30"},"F54":{"t":"SR20"},"F55":{"t":"CH7A"},"F56":{"t":"CH7A"},"F57":{"t":"CH7A"},"F59":{"t":"CH7A"},"F5A":{"desc":"L1P"},"F5B":{"t":"CH7A"},"F5C":{"t":"CH7A"},"F5D":{"t":"CH7A"},"F5E":{"t":"P32R"},"F61":{"t":"P32R"},"F63":{"t":"PA22"},"F65":{"t":"C150"},"F67":{"t":"P28A"},"F6A":{"t":"C172"},"F6C":{"t":"P28A"},"F6D":{"t":"P28T"},"F6F":{"t":"BE35"},"F72":{"t":"T210"},"F76":{"t":"PA32"},"F77":{"t":"P28A"},"F78":{"desc":"L1P"},"F79":{"desc":"L1P"},"F7B":{"t":"CH7A"},"F7D":{"t":"CH7A"},"F7E":{"t":"P28A"},"F7F":{"desc":"L1P"},"F80":{"t":"CH7A"},"F81":{"desc":"L1P"},"F82":{"desc":"L1P"},"F83":{"t":"PA32"},"F8B":{"t":"B06"},"F8C":{"t":"S108"},"F8E":{"t":"T210"},"F90":{"t":"PA24"},"F92":{"t":"BE33"},"F93":{"t":"P32R"},"F97":{"t":"P28A"},"F98":{"t":"C172"},"F99":{"t":"P32R"},"F9D":{"t":"CH7A"},"F9E":{"t":"P32R"},"FA0":{"t":"CH7A"},"FA1":{"t":"CH7A"},"FA2":{"t":"P28B"},"FA3":{"t":"CH7A"},"FA6":{"desc":"L1P"},"FA7":{"t":"B788"},"FA8":{"t":"BALL"},"FA9":{"t":"BE20"},"FB4":{"t":"AT5T"},"FB6":{"t":"C82S"},"FB8":{"t":"PA44"},"FBB":{"t":"A319"},"FBC":{"t":"FA50"},"FC0":{"desc":"L1P"},"FC1":{"desc":"L1P"},"FC2":{"t":"P46T"},"FC3":{"t":"FDCT"},"FCA":{"t":"C25B"},"FCD":{"desc":"L1T"},"FD0":{"t":"BE20"},"FD3":{"t":"SR20"},"FD8":{"t":"AEST"},"FD9":{"t":"SR20"},"FDB":{"desc":"L1P","t":"GALX"},"FDD":{"t":"AS50"},"FE6":{"t":"C182"},"FEA":{"t":"SR20"},"FF2":{"t":"AT8T"},"FF3":{"t":"T34P"},"FF4":{"t":"GLEX"},"FF5":{"desc":"H6E"},"FF9":{"t":"ULAC"},"FFA":{"desc":"L1P"},"FFB":{"t":"BE40"},"FFD":{"t":"BALL"},"FFE":{"t":"B739"}}