{"001":{"desc":"L1P"},"002":{"t":"PA30"},"004":{"t":"CL60"},"005":{"desc":"L1P"},"007":{"t":"FA7X"},"009":{"desc":"L1P"},"00B":{"desc":"L1P"},"00D":{"desc":"L1P"},"00E":{"desc":"L1P","t":"ULAC"},"013":{"t":"SR22"},"014":{"t":"PC12"},"015":{"desc":"L1P"},"017":{"desc":"L1P"},"01D":{"t":"C182"},"01F":{"t":"S22T"},"020":{"t":"BE50"},"024":{"desc":"L1P"},"026":{"desc":"L1P","t":"ULAC"},"02B":{"desc":"L1T","t":"C182"},"02C":{"t":"C402"},"02F":{"desc":"L1P"},"030":{"t":"SR22"},"033":{"t":"HUSK"},"035":{"desc":"H1P"},"036":{"t":"C182"},"03B":{"t":"C414"},"03D":{"desc":"L1P","t":"TB0"},"040":{"t":"PAY1"},"041":{"t":"C68A"},"044":{"desc":"L1P"},"047":{"t":"BE58"},"052":{"desc":"L1P","t":"ULAC"},"05D":{"desc":"L1P"},"05E":{"t":"GLID"},"05F":{"t":"CH7A"},"067":{"t":"C25A"},"069":{"t":"C550"},"06F":{"t":"S22T"},"071":{"t":"S22T"},"072":{"desc":"L1P"},"076":{"t":"B212"},"077":{"t":"C182"},"078":{"desc":"L1P"},"079":{"desc":"L2T"},"07A":{"desc":"L1T","t":"C182"},"07C":{"t":"SF50"},"07D":{"t":"C182"},"07E":{"t":"P32R"},"080":{"desc":"L1P"},"081":{"desc":"H2T"},"082":{"desc":"L1P"},"084":{"t":"B212"},"087":{"t":"GLID"},"088":{"desc":"A1P","t":"ULAC"},"08B":{"desc":"L1P"},"08D":{"t":"HUSK"},"092":{"desc":"L1P"},"09A":{"t":"PAY2"},"09D":{"t":"BE9L"},"0A1":{"t":"C182"},"0A8":{"t":"C182"},"0AB":{"t":"C182"},"0C2":{"t":"AA5"},"0CD":{"desc":"A1P","t":"ULAC"},"0D9":{"t":"DV20"},"0DA":{"t":"SR22"},"0DB":{"t":"PA22"},"0DD":{"desc":"L1T"},"0DE":{"desc":"L2P"},"0E3":{"t":"T206"},"0E5":{"t":"C180"},"0E6":{"t":"B789"},"0E7":{"t":"DA40"},"0E8":{"desc":"L1P","t":"LA4"},"0EC":{"t":"CRJ2"},"0ED":{"t":"LJ45"},"0EF":{"t":"GLF4"},"0F0":{"t":"A319"},"0F2":{"t":"CRJ2"},"0F5":{"desc":"L2J"},"0F6":{"t":"BALL"},"0F7":{"t":"B712"},"0FC":{"t":"C208"},"104":{"t":"BE36"},"106":{"t":"C182"},"10D":{"desc":"L1P"},"10E":{"t":"C68A"},"10F":{"desc":"L1P"},"113":{"t":"BALL"},"117":{"t":"FA20"},"11B":{"t":"C182"},"11D":{"t":"C182"},"11E":{"t":"SR22"},"126":{"t":"C172"},"129":{"t":"SW4"},"131":{"t":"BE20"},"133":{"t":"B739"},"137":{"t":"DA40"},"13B":{"desc":"L1P"},"13C":{"t":"B752"},"13D":{"desc":"L1P","t":"ULAC"},"13F":{"desc":"L1P"},"14F":{"t":"C172"},"153":{"desc":"H4E"},"15B":{"desc":"L4J"},"15D":{"t":"C208"},"161":{"t":"C650"},"169":{"t":"PA31"},"16A":{"t":"A109"},"16D":{"t":"SR22"},"16E":{"desc":"L2T"},"171":{"t":"P28A"},"173":{"desc":"L1P"},"174":{"desc":"L1P"},"179":{"t":"BE36"},"17C":{"t":"M20T"},"18A":{"t":"B06"},"18C":{"t":"GLF5"},"18D":{"t":"BE20"},"190":{"desc":"H1T"},"191":{"t":"P28R"},"1A2":{"desc":"L1P"},"1A4":{"t":"C172"},"1A5":{"desc":"A1P"},"1AB":{"t":"PA31"},"1AD":{"t":"P28R"},"1AE":{"t":"HDJT"},"1BE":{"t":"H60"},"1C1":{"t":"C182"},"1C6":{"desc":"H6E"},"1CD":{"t":"C172"},"1D1":{"t":"B773"},"1D5":{"t":"LJ23"},"1E3":{"desc":"L1P"},"1E5":{"t":"H25B"},"1E7":{"desc":"L1P"},"1EA":{"t":"SR22"},"1EE":{"t":"F900"},"1EF":{"t":"BE55"},"1F1":{"t":"C550"},"1FA":{"desc":"L1P"},"1FC":{"t":"C150"},"1FF":{"t":"GLF5"},"207":{"desc":"L1P"},"20A":{"t":"C25B"},"20B":{"t":"P28A"},"20F":{"desc":"L1P"},"214":{"t":"B738"},"217":{"t":"C172"},"21C":{"t":"A333"},"229":{"t":"P28R"},"22C":{"t":"EC20"},"22E":{"t":"ULAC"},"230":{"t":"BALL"},"232":{"t":"R22"},"24A":{"desc":"L2J"},"252":{"t":"BE35"},"253":{"t":"AT5T"},"255":{"desc":"L1P"},"256":{"t":"BE9L"},"259":{"t":"AT3T"},"25B":{"desc":"L1P"},"25D":{"desc":"L1P"},"25E":{"t":"GLID"},"26B":{"desc":"L1P"},"26C":{"t":"B742"},"26D":{"t":"BALL"},"26F":{"t":"BL8"},"271":{"t":"B407"},"273":{"t":"RV12"},"275":{"t":"CRJ9"},"279":{"desc":"L1P"},"27B":{"t":"SR22"},"27C":{"t":"C182"},"27D":{"t":"C150"},"281":{"desc":"L1P"},"282":{"t":"B738"},"284":{"t":"PA24"},"287":{"t":"BALL"},"288":{"desc":"L1P"},"28A":{"desc":"L1P"},"28D":{"t":"B738"},"291":{"desc":"H1P"},"295":{"t":"SR22"},"29A":{"desc":"L1P"},"29E":{"t":"A319"},"2AB":{"t":"B350"},"2AE":{"t":"BALL"},"2AF":{"t":"C510"},"2B6":{"t":"BE36"},"2CD":{"desc":"H1P"},"2D5":{"desc":"L1P"},"2DB":{"t":"P28A"},"2E4":{"t":"M5"},"2E6":{"desc":"H1P"},"2FF":{"desc":"H1P"},"318":{"desc":"H1P"},"31A":{"desc":"L1P"},"337":{"t":"BE35"},"338":{"t":"FA7X"},"339":{"t":"C150"},"33A":{"t":"C77R"},"33B":{"desc":"L2T"},"33C":{"desc":"L2T"},"33D":{"desc":"L1P"},"341":{"t":"PA24"},"343":{"desc":"L2T"},"344":{"t":"C150"},"347":{"t":"P28A"},"349":{"t":"C172"},"34A":{"t":"PA32"},"34B":{"t":"P28A"},"34D":{"desc":"L1P","t":"ULAC"},"34F":{"t":"CH7A"},"351":{"t":"P28A"},"352":{"t":"PA18"},"353":{"t":"CH7A"},"354":{"t":"P32R"},"355":{"desc":"H1P"},"357":{"t":"M20P"},"358":{"t":"M20P"},"359":{"t":"PA22"},"35A":{"t":"BE35"},"35B":{"t":"BE36"},"35C":{"t":"C150"},"35D":{"t":"C77R"},"35E":{"t":"M20P"},"361":{"t":"C172"},"363":{"t":"P28A"},"365":{"t":"M20P"},"366":{"t":"M20P"},"367":{"t":"C150"},"369":{"t":"C172"},"36A":{"t":"T6"},"36B":{"t":"P28A"},"36C":{"t":"M20P"},"36D":{"t":"PA30"},"371":{"t":"CH7A"},"373":{"t":"CH7A"},"374":{"t":"CH7A"},"375":{"t":"PA18"},"376":{"t":"PA18"},"37A":{"t":"C170"},"37C":{"t":"PA22"},"37D":{"t":"BE35"},"37E":{"t":"P32R"},"37F":{"t":"C150"},"381":{"desc":"H1P"},"383":{"t":"S108"},"384":{"t":"C172"},"389":{"t":"BL17"},"38A":{"t":"C150"},"38C":{"t":"C172"},"38D":{"t":"C180"},"38E":{"t":"P28A"},"38F":{"t":"C172"},"392":{"t":"CH7A"},"394":{"t":"PA18"},"395":{"t":"TF22"},"399":{"t":"CH7A"},"39B":{"t":"CH7A"},"39D":{"t":"C170"},"39F":{"t":"PA32"},"3A0":{"t":"P28A"},"3A3":{"t":"C77R"},"3A5":{"desc":"L1P"},"3A6":{"t":"C206"},"3A7":{"t":"C172"},"3A8":{"t":"C210"},"3A9":{"t":"P28A"},"3AA":{"t":"PA24"},"3AE":{"t":"P32R"},"3B1":{"t":"P28A"},"3B2":{"t":"PA34"},"3B3":{"t":"PA30"},"3B4":{"desc":"L1P"},"3BA":{"t":"PA18"},"3BC":{"desc":"L1P"},"3BE":{"t":"ST75"},"3C1":{"t":"FDCT"},"3C3":{"t":"BE35"},"3C6":{"t":"C77R"},"3C7":{"t":"T6"},"3C8":{"t":"P28A"},"3CA":{"t":"C172"},"3CB":{"t":"BE36"},"3CC":{"t":"P28A"},"3D0":{"desc":"H1P"},"3D1":{"t":"C175"},"3D2":{"t":"C172"},"3D4":{"t":"P28A"},"3D5":{"t":"C172"},"3D6":{"t":"PA30"},"3D7":{"t":"C205"},"3D8":{"t":"CH7A"},"3D9":{"t":"CH7A"},"3DA":{"t":"CH7A"},"3DB":{"t":"CH7A"},"3DC":{"t":"P28A"},"3DD":{"t":"P28A"},"3DF":{"t":"ULAC"},"3E0":{"t":"P28A"},"3E3":{"t":"P28A"},"3E4":{"t":"C172"},"3E5":{"t":"PA22"},"3E7":{"t":"P28A"},"3E8":{"t":"C150"},"3E9":{"t":"P28A"},"3EC":{"t":"S108"},"3F2":{"t":"B14C"},"3F3":{"t":"C150"},"3F5":{"t":"C172"},"3F7":{"t":"P28A"},"3FA":{"t":"C205"},"3FB":{"t":"CH7A"},"3FD":{"t":"CH7A"},"3FE":{"t":"PA18"},"3FF":{"t":"P28A"},"402":{"t":"PA18"},"403":{"t":"PA18"},"404":{"t":"CH7A"},"406":{"t":"C170"},"408":{"t":"PA22"},"409":{"t":"BE35"},"40A":{"t":"PA32"},"40D":{"t":"P32R"},"40F":{"t":"S108"},"410":{"t":"C172"},"411":{"t":"C182"},"413":{"t":"PA24"},"415":{"t":"BL17"},"418":{"t":"C172"},"419":{"t":"C180"},"41A":{"t":"P28A"},"41B":{"desc":"H1P"},"41C":{"t":"PA30"},"41D":{"t":"C205"},"41F":{"t":"CH7A"},"420":{"t":"CH7A"},"421":{"t":"PA18"},"422":{"t":"PA18"},"423":{"t":"PA18"},"425":{"t":"PA25"},"426":{"t":"CH7A"},"427":{"t":"CH7A"},"42E":{"t":"C150"},"42F":{"t":"C77R"},"433":{"t":"C172"},"434":{"t":"C182"},"435":{"t":"P28A"},"436":{"t":"PA24"},"438":{"t":"BL17"},"43A":{"t":"C175"},"43D":{"desc":"L1P"},"43F":{"t":"PA30"},"441":{"t":"CH7A"},"442":{"t":"PA18"},"443":{"t":"CH7A"},"444":{"t":"PA34"},"445":{"t":"CH7A"},"446":{"t":"P28A"},"447":{"t":"PA18"},"448":{"t":"P28U"},"44D":{"t":"C172"},"450":{"t":"C172"},"452":{"t":"C77R"},"456":{"t":"C172"},"458":{"t":"P28A"},"459":{"t":"PA24"},"45F":{"t":"C180"},"460":{"desc":"L1P"},"461":{"t":"C172"},"462":{"t":"PA30"},"464":{"t":"CH7A"},"468":{"t":"PA18"},"46C":{"t":"CH7A"},"46F":{"t":"BE36"},"470":{"t":"GLID"},"472":{"t":"BE35"},"473":{"t":"P28A"},"474":{"t":"P28B"},"475":{"t":"C77R"},"479":{"t":"C172"},"47C":{"t":"PA24"},"481":{"t":"C185"},"483":{"t":"P28A"},"489":{"desc":"L1P"},"48A":{"t":"CH7A"},"48C":{"t":"CH7A"},"48D":{"t":"PA18"},"48E":{"t":"P32R"},"48F":{"t":"CH7A"},"490":{"t":"CH7A"},"492":{"desc":"A1P"},"494":{"desc":"L1P"},"495":{"t":"GLID"},"496":{"t":"P46T"},"497":{"t":"E135"},"49E":{"t":"GLEX"},"49F":{"t":"B789"},"4A2":{"desc":"L2T"},"4A4":{"t":"PA44"},"4A5":{"t":"B735"},"4A6":{"t":"A320"},"4A7":{"t":"A319"},"4A8":{"desc":"H1P"},"4A9":{"t":"CRJ2"},"4AC":{"desc":"L2P"},"4AF":{"t":"SR22"},"4B0":{"t":"P28A"},"4B1":{"desc":"L1P"},"4B7":{"t":"ASTO"},"4B9":{"desc":"L1P"},"4BB":{"t":"DA42"},"4BD":{"t":"C310"},"4C1":{"t":"DC87"},"4C4":{"t":"B47G"},"4C6":{"t":"BE10"},"4C7":{"t":"SR22"},"4C8":{"t":"C525"},"4C9":{"t":"C182"},"4D1":{"t":"GLF4"},"4D2":{"t":"C182"},"4D6":{"t":"PC12"},"4D8":{"t":"SR22"},"4DD":{"t":"S22T"},"4DE":{"t":"BE9L"},"4DF":{"desc":"L1P"},"4E0":{"desc":"L1P"},"4E1":{"t":"C208"},"4E3":{"t":"LJ60"},"4E5":{"t":"C182"},"4E8":{"desc":"L1P"},"4EA":{"t":"B739"},"4EE":{"t":"T6"},"4EF":{"desc":"L1P"},"4F3":{"t":"B752"},"506":{"t":"C172"},"507":{"desc":"L1P"},"510":{"t":"C82S"},"518":{"t":"P28A"},"51A":{"t":"CRJ2"},"525":{"desc":"L2T"},"528":{"t":"SR22"},"530":{"t":"BE36"},"533":{"desc":"L1P"},"534":{"t":"PA23"},"538":{"t":"GLF4"},"53A":{"t":"SR22"},"544":{"t":"T206"},"548":{"t":"C182"},"54F":{"t":"C25A"},"55A":{"t":"P46T"},"55B":{"t":"BE36"},"55C":{"t":"A320"},"564":{"t":"SF50"},"568":{"t":"R44"},"56B":{"t":"C56X"},"56C":{"t":"B772"},"573":{"desc":"L1P"},"574":{"t":"C421"},"576":{"t":"AA5"},"584":{"t":"C172"},"58C":{"t":"AA5"},"58D":{"desc":"H2T"},"58E":{"t":"H25B"},"593":{"t":"DA40"},"597":{"t":"C182"},"598":{"desc":"L1P"},"5A5":{"desc":"L1P"},"5A6":{"desc":"L2T"},"5A8":{"desc":"L1P"},"5A9":{"t":"E170"},"5AC":{"t":"E300"},"5AD":{"t":"EC30"},"5B3":{"t":"H25B"},"5B6":{"t":"SR22"},"5B7":{"t":"GLID"},"5B9":{"t":"C25C"},"5BE":{"desc":"A1P"},"5C9":{"t":"GLID"},"5CB":{"t":"B738"},"5D3":{"t":"A333"},"5D7":{"t":"SR22"},"5D8":{"t":"P28A"},"5DA":{"t":"PA18"},"5DB":{"t":"AS50"},"5E0":{"desc":"L1P","t":"ULAC"},"5E1":{"desc":"L1P","t":"ULAC"},"5E5":{"t":"C25A"},"5E9":{"t":"P28A"},"5FC":{"desc":"L1P"},"601":{"desc":"L2J"},"609":{"t":"BE35"},"60B":{"desc":"L1P"},"60C":{"t":"C240"},"60F":{"t":"PA32"},"610":{"t":"T206"},"612":{"desc":"A1P"},"614":{"desc":"L1P"},"615":{"t":"C172"},"617":{"desc":"L1P"},"619":{"desc":"L2P"},"61B":{"t":"SR20"},"623":{"t":"PC12"},"626":{"t":"C172"},"627":{"t":"LJ31"},"628":{"t":"B190"},"62A":{"t":"R22"},"62B":{"t":"GLID"},"62C":{"t":"CRJ9"},"630":{"desc":"H1T"},"632":{"t":"SR22"},"633":{"t":"S76"},"634":{"t":"C172"},"639":{"t":"B738"},"63B":{"t":"DA40"},"63D":{"t":"C310"},"63E":{"t":"BALL"},"646":{"desc":"L1T"},"647":{"desc":"L1P"},"648":{"t":"C25B"},"64D":{"t":"C421"},"655":{"t":"A319"},"660":{"desc":"L1P"},"662":{"t":"B350"},"66D":{"t":"BE36"},"681":{"t":"BE9L"},"68E":{"t":"GA5C"},"692":{"t":"SR22"},"69B":{"t":"C182"},"6A2":{"desc":"A1P"},"6A6":{"t":"BE60"},"6BF":{"t":"ULAC"},"6D1":{"t":"GLID"},"6D3":{"t":"DA42"},"6EB":{"t":"C170"},"6EC":{"t":"C172"},"6EF":{"t":"P32R"},"6F2":{"t":"P32R"},"6F6":{"t":"C210"},"6F8":{"t":"PA24"},"6FA":{"t":"BL17"},"702":{"t":"P28A"},"703":{"t":"PA18"},"704":{"t":"CH7A"},"706":{"t":"CH7A"},"707":{"t":"CH7A"},"708":{"t":"CH7A"},"709":{"t":"CH7A"},"70A":{"t":"CH7A"},"711":{"t":"BE35"},"714":{"t":"C77R"},"716":{"t":"P28B"},"718":{"t":"C172"},"71E":{"t":"P28A"},"71F":{"t":"P28A"},"720":{"t":"C172"},"721":{"t":"P28B"},"722":{"t":"P28A"},"724":{"t":"PA30"},"729":{"t":"CH7A"},"72C":{"t":"PA18"},"72D":{"t":"CH7A"},"72E":{"t":"P28A"},"731":{"t":"C170"},"732":{"t":"C172"},"733":{"t":"PA34"},"735":{"t":"T6"},"737":{"t":"C77R"},"738":{"t":"PA32"},"739":{"t":"PA34"},"73A":{"t":"S108"},"73B":{"t":"C172"},"73E":{"t":"PA24"},"73F":{"t":"P28T"},"745":{"t":"P28A"},"746":{"t":"C172"},"748":{"t":"C205"},"74A":{"t":"UH1"},"74B":{"t":"P28A"},"74C":{"t":"GLF6"},"74E":{"t":"CH7A"},"752":{"t":"CH7A"},"754":{"t":"C170"},"756":{"t":"P28A"},"757":{"t":"BE35"},"758":{"t":"T6"},"75C":{"desc":"L1P"},"75D":{"t":"S108"},"75E":{"t":"C172"},"763":{"t":"BL17"},"764":{"t":"C150"},"765":{"t":"C175"},"766":{"t":"C172"},"767":{"t":"C180"},"76A":{"t":"PA30"},"76B":{"t":"PA32"},"76D":{"t":"PA32"},"770":{"t":"CH7A"},"771":{"t":"CH7A"},"772":{"t":"P28U"},"773":{"t":"CH7A"},"774":{"t":"CH7A"},"777":{"t":"C170"},"778":{"t":"PA32"},"779":{"t":"PA18"},"77A":{"t":"BE35"},"77B":{"t":"P32R"},"77C":{"t":"C150"},"77D":{"t":"C77R"},"77E":{"t":"P32R"},"783":{"t":"P28A"},"784":{"t":"P32R"},"785":{"t":"P32R"},"787":{"desc":"L1T","t":"G164"},"789":{"t":"C172"},"78C":{"t":"C172"},"78D":{"t":"P28A"},"78F":{"t":"CH7A"},"791":{"t":"CH7A"},"794":{"t":"PA32"},"795":{"t":"CH7A"},"796":{"t":"CH7A"},"798":{"t":"C172"},"79A":{"t":"C170"},"79B":{"desc":"L1P"},"79D":{"t":"BE35"},"79E":{"t":"T6"},"7A0":{"t":"C77R"},"7A4":{"t":"C172"},"7A5":{"t":"BT36"},"7A6":{"t":"P28A"},"7A7":{"t":"PA24"},"7AF":{"t":"C172"},"7B1":{"t":"C205"},"7B2":{"t":"CH7A"},"7B3":{"t":"CH7A"},"7B5":{"t":"CH7A"},"7B6":{"t":"CH7A"},"7B7":{"t":"PA18"},"7BA":{"t":"CH7A"},"7BB":{"t":"CH7A"},"7BD":{"t":"C170"},"7BE":{"t":"C172"},"7BF":{"t":"PA18"},"7C3":{"t":"C77R"},"7C5":{"t":"C185"},"7C6":{"t":"S108"},"7C7":{"t":"C172"},"7C9":{"t":"P28A"},"7CA":{"t":"PA24"},"7CC":{"t":"BL17"},"7CD":{"t":"P28A"},"7CE":{"t":"PA32"},"7CF":{"t":"C172"},"7D1":{"t":"P28A"},"7D2":{"t":"C172"},"7D3":{"t":"PA30"},"7D5":{"t":"CH7A"},"7D6":{"t":"E55P"},"7D7":{"t":"P32R"},"7DA":{"t":"PA18"},"7DB":{"t":"PA18"},"7DD":{"t":"PA18"},"7DE":{"t":"PA18"},"7E1":{"t":"C172"},"7E2":{"t":"ULAC"},"7E6":{"t":"C182"},"7EA":{"t":"C172"},"7EB":{"t":"C182"},"7EC":{"t":"P28A"},"7ED":{"t":"PA24"},"7EE":{"t":"P28A"},"7EF":{"t":"BL17"},"7F0":{"t":"P28A"},"7F4":{"t":"GLID"},"7F5":{"t":"C172"},"7F6":{"t":"PA30"},"7F7":{"t":"P32R"},"7F8":{"t":"CH7A"},"7F9":{"desc":"L1J"},"7FA":{"t":"PA18"},"7FB":{"t":"P32R"},"801":{"t":"CH7A"},"802":{"t":"PA18"},"803":{"t":"P32R"},"804":{"t":"L8"},"805":{"t":"P28A"},"807":{"t":"T6"},"808":{"t":"C150"},"80C":{"t":"P32R"},"80D":{"t":"C172"},"80F":{"t":"P28A"},"813":{"t":"PA34"},"815":{"t":"C172"},"81A":{"t":"P28A"},"81C":{"t":"CH7A"},"81E":{"t":"CH7A"},"81F":{"t":"CH7A"},"822":{"t":"CH7A"},"823":{"t":"PA18"},"826":{"t":"C170"},"82B":{"t":"C150"},"82C":{"t":"C77R"},"82F":{"t":"S108"},"831":{"t":"C210"},"832":{"desc":"L1P"},"838":{"t":"C172"},"839":{"t":"C172"},"83A":{"t":"P28A"},"83B":{"t":"C172"},"83C":{"t":"PA30"},"83E":{"desc":"L1P"},"844":{"t":"PA18"},"847":{"t":"CH7A"},"848":{"desc":"L1P"},"849":{"t":"GLF4"},"84A":{"t":"FA20"},"84B":{"desc":"L1P"},"84C":{"t":"SR20"},"84E":{"t":"E135"},"850":{"t":"P28T"},"851":{"t":"FDCT"},"854":{"desc":"L1P"},"855":{"t":"C310"},"856":{"t":"B789"},"859":{"desc":"L1P"},"85A":{"t":"C337"},"85B":{"desc":"L1P"},"85D":{"desc":"L1P"},"85E":{"t":"A319"},"861":{"desc":"H2T"},"862":{"t":"L8"},"865":{"t":"L39"},"866":{"t":"GLF5"},"86C":{"t":"C421"},"870":{"t":"ULAC"},"877":{"t":"PA44"},"878":{"t":"DC87"},"87B":{"desc":"L1P"},"87F":{"t":"SR22"},"880":{"t":"COL4"},"882":{"t":"C77R"},"883":{"desc":"L1P"},"887":{"desc":"L1P","t":"ULAC"},"889":{"t":"S22T"},"88C":{"t":"C182"},"890":{"t":"S22T"},"895":{"t":"PC12"},"898":{"t":"S22T"},"89B":{"desc":"L1T"},"8A1":{"t":"B739"},"8A4":{"t":"SR22"},"8A5":{"desc":"L2J"},"8AA":{"t":"B752"},"8AD":{"t":"M20P"},"8AE":{"t":"BE58"},"8B5":{"t":"BALL"},"8B7":{"desc":"L1P"},"8BD":{"t":"C172"},"8BF":{"t":"EC20"},"8C6":{"t":"R44"},"8C7":{"desc":"L1E"},"8DF":{"t":"P28A"},"8E1":{"desc":"L1P"},"8E2":{"desc":"A1P"},"8E6":{"t":"S22T"},"8EB":{"t":"SR22"},"8EC":{"desc":"H1P"},"8F0":{"t":"BE55"},"8F1":{"t":"SR20"},"8F4":{"desc":"H4E"},"8F8":{"desc":"H2T"},"901":{"desc":"L1P"},"90D":{"t":"T206"},"913":{"t":"PA18"},"914":{"desc":"H2T"},"919":{"t":"BALL"},"91A":{"t":"S22T"},"91C":{"desc":"A1P"},"91D":{"desc":"L1P"},"91F":{"t":"P32R"},"922":{"t":"P28R"},"92A":{"desc":"L1P"},"92B":{"t":"AT8T"},"92C":{"t":"RV12"},"92D":{"t":"BE60"},"935":{"t":"A139"},"93C":{"t":"C172"},"93F":{"t":"B772"},"943":{"desc":"L1P"},"944":{"desc":"H2T"},"945":{"desc":"L1P","t":"ULAC"},"946":{"t":"FA7X"},"94C":{"desc":"H1T"},"94E":{"t":"CL30"},"94F":{"t":"C82R"},"95C":{"t":"BE33"},"95E":{"t":"PA46"},"95F":{"t":"SR22"},"960":{"t":"E170"},"963":{"desc":"L1P"},"964":{"t":"EC30"},"965":{"t":"PA34"},"966":{"t":"GLF6"},"967":{"t":"C172"},"968":{"t":"A119"},"969":{"t":"C172"},"96D":{"t":"SR22"},"971":{"t":"BL8"},"97C":{"t":"PC12"},"982":{"t":"B738"},"983":{"t":"F2TH"},"985":{"t":"GLF4"},"98A":{"t":"A333"},"98E":{"t":"PTS2"},"98F":{"t":"P28A"},"992":{"desc":"H4E"},"995":{"t":"SF50"},"997":{"t":"BE77"},"99A":{"desc":"L1P"},"99C":{"t":"EC35"},"99E":{"desc":"L1P"},"99F":{"desc":"L1P","t":"ULAC"},"9A0":{"t":"PT22"},"9A3":{"t":"R66"},"9B8":{"desc":"L2J"},"9CA":{"t":"BRAV"},"9CB":{"t":"H25B"},"9CC":{"desc":"L1P"},"9D1":{"desc":"L1T"},"9D4":{"desc":"L1P"},"9D9":{"t":"BE35"},"9DA":{"t":"DA42"},"9DC":{"t":"SR22"},"9E2":{"t":"S22T"},"9E3":{"t":"CRJ9"},"9E7":{"t":"H269"},"9E9":{"t":"SR20"},"9EA":{"t":"FDCT"},"9EB":{"desc":"L1T"},"9EF":{"desc":"L1P"},"9F0":{"t":"B738"},"9F2":{"t":"BE35"},"9F3":{"t":"AT8T"},"9F4":{"t":"C525"},"9F8":{"t":"P28A"},"9FE":{"t":"C185"},"9FF":{"t":"SR22"},"A00":{"t":"T206"},"A04":{"t":"CH7B"},"A07":{"t":"SR22"},"A0C":{"t":"A319"},"A19":{"t":"B350"},"A24":{"t":"CH7A"},"A2D":{"t":"SF50"},"A2F":{"desc":"H4E"},"A32":{"t":"GLEX"},"A36":{"t":"S22T"},"A39":{"t":"C340"},"A3F":{"t":"BALL"},"A49":{"t":"SR22"},"A4E":{"t":"P28A"},"A51":{"t":"ULAC"},"A52":{"t":"F900"},"A54":{"desc":"L1P"},"A56":{"desc":"L1P"},"AA1":{"desc":"L1P"},"AA3":{"t":"C172"},"AA5":{"t":"BE35"},"AA7":{"t":"BE33"},"AAC":{"t":"C172"},"AAD":{"t":"BE36"},"AAE":{"t":"UH1"},"AAF":{"t":"PA24"},"AB0":{"t":"P32R"},"AB2":{"t":"C150"},"AB3":{"t":"UH1"},"AB6":{"t":"P32R"},"AB7":{"t":"C172"},"ABB":{"t":"CH7A"},"ABC":{"t":"CH7A"},"ABF":{"t":"CH7A"},"AC0":{"t":"CH7A"},"AC1":{"t":"UH1"},"AC2":{"t":"P28U"},"AC3":{"t":"PA18"},"AC6":{"t":"C172"},"AC8":{"t":"BE35"},"ACA":{"t":"C150"},"ACB":{"t":"C77R"},"ACE":{"t":"GLID"},"ACF":{"t":"C172"},"AD1":{"t":"P28A"},"AD2":{"t":"PA24"},"AD3":{"t":"C414"},"AD6":{"t":"PA34"},"AD7":{"t":"C172"},"AD8":{"t":"C180"},"ADA":{"t":"C172"},"ADB":{"t":"PA30"},"ADC":{"t":"C205"},"ADD":{"desc":"L1P"},"ADE":{"desc":"L1P"},"ADF":{"desc":"L1P"},"AE0":{"t":"PA18"},"AE2":{"t":"CH7A"},"AE8":{"t":"PA34"},"AE9":{"t":"PA34"},"AEB":{"t":"P28A"},"AED":{"t":"P28A"},"AEF":{"t":"P28A"},"AF0":{"t":"P28A"},"AF1":{"t":"G164"},"AF2":{"t":"C172"},"AF3":{"t":"C210"},"AF5":{"t":"PA24"},"AFA":{"t":"C172"},"AFC":{"t":"P28A"},"AFD":{"t":"C172"},"AFE":{"t":"P28A"},"B00":{"t":"CH7A"},"B01":{"t":"P28A"},"B02":{"t":"R22"},"B05":{"t":"PA18"},"B06":{"t":"P28A"},"B0B":{"t":"C170"},"B0C":{"t":"P28T"},"B0D":{"t":"P28R"},"B0E":{"t":"BE35"},"B0F":{"t":"T6"},"B10":{"t":"C150"},"B12":{"desc":"L1P"},"B15":{"t":"C172"},"B17":{"t":"P28A"},"B1A":{"t":"BL17"},"B1B":{"t":"C150"},"B1C":{"t":"P28A"},"B1D":{"t":"C172"},"B20":{"t":"C182"},"B23":{"t":"CH7A"},"B26":{"t":"BALL"},"B27":{"t":"CH7A"},"B29":{"t":"PA18"},"B2C":{"t":"PA32"},"B2D":{"desc":"L1P"},"B31":{"t":"BE35"},"B32":{"t":"C170"},"B33":{"t":"C150"},"B34":{"t":"C77R"},"B36":{"t":"BE33"},"B37":{"t":"P28A"},"B38":{"t":"C172"},"B39":{"t":"C182"},"B3A":{"t":"P28A"},"B3B":{"desc":"L1P"},"B40":{"t":"C172"},"B42":{"t":"P28A"},"B44":{"t":"PA30"},"B45":{"t":"C205"},"B46":{"desc":"L1P"},"B4A":{"t":"CH7A"},"B4B":{"t":"CH7A"},"B4F":{"t":"PA34"},"B50":{"desc":"L1P"},"B51":{"t":"C170"},"B52":{"t":"C172"},"B53":{"t":"PA18"},"B54":{"t":"UH1"},"B55":{"t":"S2P"},"B58":{"t":"C182"},"B5B":{"t":"C172"},"B5C":{"t":"C210"},"B5D":{"t":"P28A"},"B5E":{"t":"PA32"},"B5F":{"t":"T206"},"B60":{"t":"P32R"},"B63":{"t":"P28A"},"B64":{"t":"P28A"},"B65":{"t":"P28A"},"B66":{"t":"P28A"},"B67":{"t":"C77R"},"B6B":{"t":"CH7A"},"B6C":{"t":"PA18"},"B6E":{"t":"P32R"},"B71":{"t":"CH7A"},"B72":{"t":"PA18"},"B75":{"t":"C172"},"B76":{"t":"PA18"},"B78":{"t":"T34P"},"B79":{"t":"C150"},"B7B":{"t":"P28A"},"B83":{"t":"BL17"},"B85":{"t":"C175"},"B87":{"t":"P28A"},"B8A":{"t":"PA30"},"B8B":{"desc":"L2T"},"B8C":{"t":"CH7A"},"B8F":{"t":"CH7A"},"B91":{"t":"CH7A"},"B92":{"t":"C180"},"B93":{"t":"PA18"},"B94":{"t":"P28U"},"B95":{"t":"CH7A"},"B96":{"desc":"L1P"},"B97":{"t":"C170"},"B98":{"t":"C172"},"B9D":{"t":"C77R"},"B9E":{"t":"BE58"},"BA3":{"t":"P28A"},"BA4":{"desc":"L2T"},"BA6":{"t":"BL17"},"BA7":{"t":"C150"},"BA8":{"t":"C175"},"BA9":{"t":"C172"},"BAA":{"t":"P28T"},"BAB":{"t":"P28A"},"BAC":{"t":"C172"},"BAD":{"t":"P28U"},"BAE":{"t":"C205"},"BAF":{"t":"CH7A"},"BB1":{"t":"CH7A"},"BB2":{"t":"PA32"},"BB3":{"t":"PA18"},"BB5":{"desc":"H1T"},"BB7":{"t":"CH7A"},"BB8":{"t":"PA32"},"BB9":{"t":"C172"},"BBA":{"t":"P32R"},"BBE":{"t":"T34P"},"BC1":{"desc":"L1P","t":"ULAC"},"BC2":{"t":"PA34"},"BC3":{"t":"S108"},"BC5":{"t":"C182"},"BC6":{"t":"GLF5"},"BC8":{"t":"PA34"},"BCA":{"t":"C150"},"BCE":{"t":"P28A"},"BD1":{"t":"BE36"},"BD4":{"t":"CH7A"},"BD5":{"t":"RC3"},"BD7":{"t":"PA18"},"BD8":{"t":"CH7A"},"BDE":{"t":"C172"},"BE0":{"t":"BE35"},"BE1":{"t":"P32R"},"BE2":{"t":"P28A"},"BE3":{"t":"C77R"},"BE7":{"t":"C172"},"BE8":{"t":"C210"},"BEA":{"t":"P28A"},"BEB":{"t":"C414"},"BEC":{"t":"BL17"},"BED":{"t":"C150"},"BEE":{"t":"C175"},"BEF":{"t":"C172"},"BF1":{"t":"P28A"},"BF2":{"t":"C172"},"BF3":{"t":"P28T"},"BF4":{"t":"P28U"},"BF6":{"t":"P28U"},"BF7":{"t":"CH7A"},"BF8":{"t":"PA18"},"BF9":{"t":"P28U"},"BFA":{"desc":"L1P"},"BFC":{"t":"CH7A"},"BFF":{"desc":"L1P"},"C00":{"desc":"H6E"},"C03":{"t":"SR20"},"C05":{"t":"E135"},"C06":{"t":"M20P"},"C0C":{"t":"H25B"},"C0D":{"t":"B789"},"C12":{"t":"PA44"},"C15":{"t":"A319"},"C17":{"t":"CRJ2"},"C19":{"desc":"H6E"},"C1A":{"desc":"A1P","t":"ULAC"},"C1B":{"desc":"L1P"},"C1C":{"desc":"L1P"},"C1E":{"t":"C182"},"C2A":{"t":"ULAC"},"C2E":{"desc":"L1P"},"C32":{"desc":"L1P"},"C33":{"t":"LJ45"},"C34":{"t":"C560"},"C35":{"t":"ULAC"},"C36":{"t":"SR22"},"C3C":{"t":"C172"},"C3E":{"t":"L29"},"C42":{"t":"EC30"},"C43":{"t":"C182"},"C4B":{"t":"C172"},"C4E":{"desc":"L1P"},"C51":{"t":"GLEX"},"C53":{"desc":"L1P"},"C54":{"desc":"L1P"},"C55":{"desc":"L1P"},"C58":{"t":"B739"},"C5D":{"t":"C56X"},"C61":{"t":"B752"},"C64":{"desc":"H8E"},"C66":{"t":"B350"},"C6A":{"t":"BE58"},"C6C":{"desc":"L1P"},"C72":{"t":"C172"},"C74":{"t":"SR22"},"C7D":{"t":"C150"},"C92":{"t":"SR22"},"C97":{"t":"GLF4"},"CAF":{"desc":"H2T"},"CB4":{"desc":"L1P"},"CBA":{"t":"LJ45"},"CBB":{"t":"LJ45"},"CBF":{"desc":"L1P"},"CCA":{"desc":"L1P"},"CD0":{"desc":"L1P"},"CD4":{"t":"EC35"},"CD8":{"desc":"S1P"},"CD9":{"t":"C56X"},"CDA":{"desc":"L1P"},"CDD":{"t":"AC11"},"CE3":{"t":"H60"},"CE5":{"t":"CL60"},"CF2":{"t":"C172"},"CF4":{"desc":"L1P"},"CF6":{"desc":"S1P"},"CFA":{"t":"C25A"},"CFB":{"t":"BE36"},"CFD":{"t":"C182"},"D03":{"t":"LJ23"},"D06":{"t":"BALL"},"D0C":{"t":"LJ45"},"D0F":{"t":"UH1"},"D13":{"t":"C510"},"D14":{"t":"C208"},"D15":{"t":"PC12"},"D16":{"t":"C172"},"D17":{"t":"E170"},"D1A":{"t":"PA32"},"D1B":{"t":"EC30"},"D1E":{"desc":"L1P"},"D1F":{"desc":"L1P","t":"ULAC"},"D23":{"desc":"H4E"},"D29":{"t":"R22"},"D2C":{"desc":"L1P"},"D30":{"t":"P28A"},"D39":{"t":"B738"},"D41":{"t":"A333"},"D45":{"desc":"L1P"},"D46":{"t":"P28A"},"D47":{"desc":"L1P"},"D48":{"t":"BE33"},"D49":{"desc":"L1P"},"D50":{"desc":"L1P"},"D51":{"t":"C550"},"D55":{"desc":"H6E"},"D59":{"t":"SR22"},"D5A":{"t":"C172"},"D5F":{"desc":"L1P"},"D6F":{"desc":"L2J"},"D77":{"t":"BE35"},"D7A":{"t":"F900"},"D7B":{"t":"BE58"},"D83":{"desc":"L1P"},"D8B":{"desc":"L1P"},"D92":{"t":"AC90"},"D96":{"t":"BE20"},"D98":{"desc":"L1P"},"D9A":{"t":"CRJ9"},"D9D":{"t":"AR15"},"D9E":{"t":"M20P"},"DA0":{"t":"C182"},"DA1":{"desc":"L1P"},"DA2":{"t":"A119"},"DA5":{"desc":"L1P"},"DA7":{"t":"B738"},"DA9":{"t":"BE35"},"DAA":{"desc":"L1P"},"DAC":{"t":"R44"},"DAE":{"t":"B06"},"DAF":{"t":"C525"},"DB1":{"t":"M20P"},"DB2":{"t":"BALL"},"DB3":{"t":"S22T"},"DB5":{"t":"C180"},"DB9":{"desc":"L1P"},"DBB":{"desc":"L1P"},"DC2":{"t":"BE55"},"DC3":{"t":"A319"},"DD0":{"t":"B350"},"DDB":{"t":"BE35"},"DE5":{"t":"SR22"},"DEF":{"desc":"L3J"},"DF4":{"desc":"L1P"},"DF5":{"desc":"H6E"},"DFC":{"t":"BALL"},"DFF":{"desc":"L1P"},"E03":{"desc":"H6E"},"E05":{"t":"C150"},"E06":{"desc":"L1P"},"E09":{"t":"AC11"},"E0D":{"desc":"L2T"},"E10":{"t":"B06"},"E26":{"desc":"L1P"},"E38":{"t":"DA40"},"E3F":{"desc":"L1P"},"E5D":{"desc":"L1P"},"E62":{"t":"S108"},"E63":{"t":"C172"},"E67":{"t":"UH1"},"E68":{"desc":"L1P"},"E6A":{"t":"C175"},"E6D":{"t":"P28A"},"E6F":{"t":"BE33"},"E70":{"desc":"A1P"},"E71":{"t":"PA32"},"E72":{"t":"P28U"},"E74":{"t":"P32R"},"E76":{"t":"PA25"},"E77":{"t":"PA34"},"E7A":{"t":"CH7A"},"E7B":{"desc":"L1P"},"E7C":{"t":"P28A"},"E7D":{"t":"C172"},"E80":{"t":"PA18"},"E81":{"t":"C150"},"E82":{"t":"C77R"},"E85":{"t":"G164"},"E8A":{"t":"P28A"},"E8C":{"t":"P28A"},"E91":{"t":"C172"},"E92":{"t":"P28T"},"E93":{"t":"C205"},"E96":{"t":"CH7A"},"E98":{"t":"E75L"},"E99":{"t":"CH7A"},"E9A":{"t":"CH7A"},"E9C":{"t":"P28A"},"E9D":{"t":"P28B"},"E9E":{"desc":"L1P"},"E9F":{"t":"PA32"},"EA0":{"desc":"L1P"},"EA1":{"t":"P28A"},"EA2":{"t":"BE35"},"EA4":{"t":"C150"},"EA7":{"t":"UH1"},"EA8":{"t":"BE33"},"EAB":{"t":"P28A"},"EB0":{"t":"C175"},"EB3":{"t":"P28A"},"EB7":{"t":"CH7A"},"EB8":{"t":"CH7A"},"EB9":{"t":"CH7A"},"EBC":{"t":"PA18"},"EC1":{"desc":"L1P"},"EC2":{"t":"CH7A"},"EC4":{"t":"P28A"},"EC5":{"t":"BE35"},"ECA":{"t":"BE33"},"ECB":{"t":"S108"},"ECD":{"t":"C210"},"ED3":{"t":"P28A"},"ED5":{"t":"C180"},"ED6":{"t":"P28A"},"ED7":{"desc":"L1P"},"ED9":{"t":"C205"},"EDC":{"t":"P28A"},"EDD":{"t":"E75L"},"EDF":{"t":"CH7A"},"EE2":{"t":"E75L"},"EE5":{"t":"P28A"},"EE6":{"t":"C172"},"EE7":{"t":"P28A"},"EE8":{"t":"P28A"},"EEA":{"t":"P28A"},"EED":{"t":"AEST"},"EF0":{"t":"BT36"},"EF1":{"t":"BALL"},"EF2":{"t":"P28A"},"EF6":{"t":"C175"},"EF7":{"t":"C172"},"EF8":{"t":"P28A"},"EF9":{"t":"P28A"},"EFB":{"t":"PA30"},"EFF":{"t":"CH7A"},"F00":{"t":"CH7A"},"F03":{"t":"PA18"},"F07":{"desc":"L1P"},"F08":{"t":"P32R"},"F0A":{"desc":"L1P"},"F0B":{"t":"P32R"},"F0D":{"t":"P28A"},"F0E":{"t":"C77R"},"F15":{"t":"PA24"},"F18":{"t":"P28A"},"F1C":{"desc":"H1P"},"F21":{"t":"PA18"},"F23":{"t":"PA18"},"F24":{"t":"CH7A"},"F25":{"t":"CH7A"},"F27":{"t":"CH7A"},"F28":{"t":"P32R"},"F29":{"t":"CH7A"},"F2A":{"t":"B47G"},"F2B":{"t":"C170"},"F2E":{"t":"BE35"},"F2F":{"t":"BE36"},"F31":{"t":"C172"},"F35":{"t":"C172"},"F36":{"t":"C182"},"F37":{"t":"P28A"},"F38":{"t":"PA24"},"F3A":{"t":"BL17"},"F3C":{"t":"C175"},"F3D":{"t":"BE36"},"F3F":{"t":"P28A"},"F43":{"t":"CH7A"},"F44":{"t":"CH7A"},"F49":{"desc":"L2J"},"F4B":{"t":"PA18"},"F4F":{"t":"P28A"},"F50":{"t":"PA22"},"F51":{"t":"BE35"},"F54":{"t":"C77R"},"F56":{"t":"BE36"},"F59":{"t":"T210"},"F5B":{"t":"PA24"},"F5C":{"t":"C340"},"F5E":{"t":"C150"},"F5F":{"t":"C175"},"F60":{"t":"C172"},"F61":{"t":"UH1"},"F62":{"t":"P28A"},"F66":{"t":"PA18"},"F67":{"t":"PA18"},"F68":{"t":"P32R"},"F6A":{"t":"CH7A"},"F6D":{"t":"P28A"},"F6F":{"t":"CH7A"},"F71":{"t":"C170"},"F72":{"desc":"H4E"},"F73":{"t":"PA32"},"F74":{"t":"PA32"},"F76":{"t":"PA34"},"F77":{"t":"C77R"},"F7A":{"t":"S108"},"F7D":{"t":"P28A"},"F7E":{"t":"PA32"},"F82":{"t":"P32R"},"F83":{"t":"C172"},"F84":{"t":"P28U"},"F85":{"t":"P28A"},"F86":{"t":"P28U"},"F89":{"t":"CH7A"},"F8F":{"t":"CH7A"},"F91":{"t":"PA18"},"F99":{"t":"C150"},"F9E":{"t":"C172"},"FA0":{"t":"P28A"},"FA1":{"t":"PA24"},"FA3":{"t":"BL17"},"FA7":{"t":"P28B"},"FA8":{"t":"P28A"},"FA9":{"t":"C172"},"FAA":{"t":"PA30"},"FAB":{"t":"C205"},"FAC":{"t":"CH7A"},"FAD":{"t":"PA18"},"FAF":{"t":"CH7A"},"FB1":{"t":"CH7A"},"FB4":{"t":"PA18"},"FB8":{"t":"M20T"},"FB9":{"desc":"L1P"},"FBC":{"t":"E135"},"FBE":{"t":"R66"},"FBF":{"t":"EC35"},"FC0":{"t":"C182"},"FC1":{"t":"R44"},"FC3":{"t":"R44"},"FC4":{"t":"B789"},"FC7":{"t":"S22T"},"FC9":{"t":"PA44"},"FCC":{"t":"A319"},"FCE":{"t":"CRJ2"},"FD1":{"t":"C182"},"FD2":{"t":"P28A"},"FD3":{"t":"C340"},"FD8":{"desc":"A1P"},"FE9":{"desc":"L1P"},"FEA":{"t":"C68A"},"FEB":{"t":"PAY1"},"FEC":{"t":"LJ55"},"FED":{"t":"SR20"},"FF3":{"t":"LJ35"},"FF7":{"desc":"H1P"}}