{"005":{"desc":"H1P"},"008":{"t":"C182"},"00B":{"t":"EC35"},"015":{"desc":"L1P"},"016":{"t":"C172"},"01B":{"t":"UH1"},"01F":{"desc":"H1P"},"020":{"t":"B739"},"030":{"t":"BE35"},"032":{"t":"SR20"},"03C":{"t":"C172"},"03D":{"t":"ECHO"},"03E":{"desc":"L1P"},"056":{"desc":"L1P"},"061":{"t":"EC30"},"077":{"t":"BE36"},"081":{"t":"E145"},"091":{"t":"P28U"},"092":{"desc":"L2J"},"098":{"t":"SR20"},"09A":{"desc":"L1P"},"0A1":{"t":"C56X"},"0BA":{"t":"C172"},"0C3":{"t":"CL30"},"0CE":{"t":"SR22"},"0D3":{"desc":"L1P"},"0DB":{"t":"UH1"},"0DC":{"t":"C172"},"0DE":{"t":"C82S"},"0E3":{"t":"B764"},"0EE":{"t":"SR20"},"101":{"t":"B738"},"10D":{"t":"L8"},"10E":{"t":"HA4T"},"119":{"t":"C182"},"137":{"desc":"L2J"},"14B":{"desc":"L1P"},"150":{"t":"BE36"},"15A":{"t":"AS50"},"15B":{"t":"CL60"},"15F":{"t":"CL60"},"162":{"t":"CRJ9"},"164":{"t":"GLID"},"166":{"t":"P32R"},"16A":{"t":"A119"},"16F":{"t":"B738"},"171":{"t":"M7"},"172":{"t":"SF50"},"174":{"t":"C182"},"177":{"t":"P28A"},"181":{"desc":"H4E"},"187":{"desc":"G1P"},"18B":{"t":"A319"},"198":{"t":"B350"},"19B":{"t":"MD88"},"1A6":{"desc":"L1P"},"1B4":{"desc":"L1P"},"1BC":{"desc":"L1P"},"1C0":{"desc":"L2J"},"1CA":{"desc":"L1P"},"1CD":{"t":"GLID"},"1D1":{"desc":"L1P"},"1EF":{"desc":"H4E"},"207":{"desc":"L1P"},"221":{"t":"R22"},"223":{"t":"P28A"},"224":{"t":"BE35"},"225":{"t":"P28U"},"228":{"t":"P28U"},"229":{"t":"B738"},"22C":{"t":"C182"},"22E":{"t":"PA24"},"232":{"t":"C175"},"234":{"t":"CH7B"},"235":{"t":"P28A"},"236":{"t":"C172"},"237":{"t":"PA30"},"238":{"t":"C205"},"239":{"t":"CH7A"},"23A":{"t":"CH7A"},"23D":{"t":"CH7A"},"240":{"t":"P28A"},"241":{"t":"P28A"},"245":{"t":"C172"},"246":{"t":"P28R"},"247":{"t":"B738"},"24A":{"t":"C150"},"24B":{"t":"P28A"},"24E":{"t":"P28A"},"24F":{"t":"P28A"},"250":{"t":"BE35"},"251":{"t":"R22"},"253":{"t":"P28A"},"255":{"t":"P28A"},"256":{"t":"C172"},"258":{"t":"P28A"},"259":{"t":"P28U"},"25B":{"t":"C205"},"25C":{"t":"PA32"},"25E":{"t":"P32R"},"25F":{"t":"P32R"},"261":{"t":"CH7A"},"262":{"t":"CH7A"},"263":{"t":"CH7A"},"265":{"t":"CH7A"},"267":{"t":"C170"},"26A":{"t":"BE35"},"26B":{"t":"M20P"},"26E":{"desc":"L1P"},"26F":{"t":"C150"},"270":{"t":"P32R"},"271":{"t":"P32R"},"272":{"t":"C150"},"274":{"t":"P32R"},"277":{"t":"PA44"},"279":{"t":"C172"},"27A":{"t":"CH7B"},"27B":{"t":"P28A"},"27C":{"t":"B738"},"27D":{"t":"PA30"},"284":{"t":"P28U"},"285":{"t":"CH7A"},"287":{"t":"CH7A"},"28A":{"t":"P28A"},"28B":{"t":"R22"},"28C":{"t":"B738"},"28D":{"t":"BE35"},"28E":{"t":"C182"},"28F":{"t":"C182"},"290":{"t":"C150"},"291":{"desc":"L1P"},"292":{"t":"C150"},"295":{"t":"C150"},"29A":{"t":"PA32"},"29C":{"t":"C172"},"29D":{"t":"CH7B"},"29E":{"t":"P28A"},"29F":{"t":"C172"},"2A0":{"t":"P28B"},"2A1":{"t":"P28B"},"2A2":{"t":"B212"},"2A3":{"t":"P28B"},"2A5":{"t":"CH7A"},"2A6":{"t":"CH7A"},"2A8":{"t":"P28T"},"2AB":{"t":"CH7A"},"2AC":{"t":"PA18"},"2AD":{"t":"B738"},"2AE":{"t":"C172"},"2AF":{"t":"PA34"},"2B0":{"t":"BE35"},"2B1":{"t":"C172"},"2B3":{"t":"C150"},"2B6":{"t":"S108"},"2B7":{"t":"P28U"},"2B8":{"t":"C150"},"2BA":{"t":"PA24"},"2BD":{"t":"C182"},"2BE":{"t":"PA32"},"2BF":{"t":"R22"},"2C1":{"t":"P28A"},"2C2":{"t":"C172"},"2C3":{"t":"PA30"},"2C6":{"t":"CH7A"},"2C9":{"t":"CH7A"},"2CC":{"t":"CH7A"},"2CD":{"t":"CH7A"},"2CE":{"t":"CH7A"},"2D0":{"t":"C170"},"2D1":{"t":"C172"},"2D2":{"t":"P28U"},"2D3":{"t":"B738"},"2D4":{"t":"M20P"},"2D7":{"t":"P28A"},"2DA":{"t":"P28A"},"2DB":{"t":"P28A"},"2DC":{"t":"BE35"},"2DF":{"t":"P28A"},"2E1":{"t":"P28A"},"2E2":{"t":"C172"},"2E3":{"t":"P28A"},"2E4":{"t":"P28A"},"2E8":{"t":"CH7A"},"2E9":{"t":"CH7A"},"2EC":{"t":"CH7A"},"2F0":{"t":"CH7A"},"2F1":{"t":"P28A"},"2F3":{"t":"C170"},"2F5":{"t":"P28A"},"2F6":{"t":"BE35"},"2F7":{"t":"M20P"},"2F8":{"t":"B738"},"2FC":{"t":"G164"},"2FD":{"t":"P28T"},"2FE":{"t":"C150"},"2FF":{"t":"BE35"},"305":{"t":"C150"},"307":{"t":"P28A"},"308":{"t":"C172"},"309":{"t":"PA30"},"30C":{"t":"CH7A"},"30F":{"t":"CH7A"},"312":{"t":"CH7A"},"316":{"t":"B738"},"317":{"t":"P28U"},"319":{"t":"BE35"},"31D":{"t":"P28U"},"31E":{"t":"C150"},"320":{"t":"P28B"},"321":{"t":"C150"},"325":{"t":"P28A"},"327":{"t":"C175"},"32A":{"t":"P28A"},"32B":{"t":"C172"},"32C":{"t":"PA30"},"32D":{"t":"PA32"},"32F":{"t":"PA18"},"330":{"t":"PA18"},"333":{"t":"PA18"},"334":{"t":"CH7A"},"335":{"t":"CH7A"},"336":{"t":"PA18"},"337":{"t":"CH7A"},"339":{"t":"B738"},"33A":{"t":"C172"},"33B":{"t":"P28A"},"33C":{"t":"P32R"},"340":{"t":"R44"},"341":{"t":"C150"},"342":{"t":"S108"},"343":{"t":"R44"},"344":{"t":"C150"},"345":{"t":"BE35"},"346":{"t":"PA24"},"349":{"t":"C182"},"34A":{"t":"PA44"},"34B":{"t":"R22"},"34C":{"t":"PA34"},"34D":{"t":"P28A"},"34E":{"t":"C172"},"34F":{"t":"PA30"},"351":{"t":"CH7A"},"352":{"t":"PA18"},"353":{"t":"CH7A"},"354":{"t":"PA18"},"356":{"t":"PA18"},"35A":{"t":"CH7A"},"35C":{"t":"C170"},"35D":{"t":"B738"},"363":{"desc":"L1P"},"364":{"t":"C150"},"365":{"desc":"L1P"},"368":{"t":"BE33"},"36C":{"t":"C182"},"36F":{"t":"CH7B"},"370":{"t":"P28B"},"372":{"t":"PA30"},"375":{"t":"CH7A"},"377":{"t":"CH7A"},"379":{"t":"CH7A"},"37A":{"t":"PA18"},"37D":{"t":"PA18"},"37E":{"t":"BE33"},"37F":{"t":"PA22"},"380":{"t":"B789"},"384":{"t":"E135"},"389":{"t":"GLID"},"38B":{"t":"B06"},"38D":{"desc":"L1P"},"38F":{"t":"S61"},"391":{"t":"PA44"},"394":{"t":"A319"},"396":{"t":"CRJ2"},"398":{"t":"BE95"},"399":{"desc":"A1P","t":"ULAC"},"3AD":{"desc":"L1P"},"3B1":{"desc":"L1P"},"3B2":{"t":"P212"},"3B3":{"t":"C172"},"3B4":{"t":"B350"},"3B7":{"t":"SR22"},"3B8":{"t":"C206"},"3BF":{"t":"C182"},"3C2":{"t":"EC35"},"3CA":{"t":"BE24"},"3CC":{"desc":"L1P"},"3D0":{"t":"PA30"},"3D7":{"t":"B739"},"3D8":{"t":"R22"},"3DB":{"t":"DA40"},"3DC":{"desc":"L1P"},"3DF":{"desc":"L1P"},"3E3":{"t":"GLF5"},"3E5":{"t":"C208"},"3E9":{"t":"SR20"},"3F3":{"t":"C172"},"418":{"t":"EC30"},"426":{"t":"PA32"},"447":{"desc":"L1P"},"449":{"t":"F2TH"},"44B":{"t":"S22T"},"44F":{"desc":"L1P"},"455":{"t":"C550"},"457":{"t":"S22T"},"458":{"t":"C56X"},"460":{"desc":"L1P"},"462":{"t":"H60"},"471":{"t":"C172"},"475":{"t":"B773"},"479":{"t":"BE95"},"47C":{"t":"E55P"},"492":{"t":"SR22"},"493":{"t":"C172"},"495":{"desc":"L1P"},"497":{"t":"DA62"},"499":{"desc":"H4E"},"49A":{"t":"B764"},"49D":{"desc":"L1P"},"4AB":{"desc":"L1P"},"4AF":{"t":"P28A"},"4B8":{"t":"B738"},"4BB":{"desc":"H4E"},"4C6":{"t":"BE36"},"4D0":{"t":"BE33"},"4D5":{"t":"PRM1"},"4DD":{"t":"BE50"},"4EE":{"desc":"L2J"},"4F6":{"t":"BE33"},"4F9":{"t":"SR22"},"507":{"desc":"L1T"},"508":{"t":"P210"},"50A":{"desc":"L1P"},"510":{"t":"C182"},"511":{"t":"AS50"},"512":{"t":"PA34"},"513":{"t":"SR22"},"519":{"t":"CRJ9"},"51D":{"desc":"A1P","t":"ULAC"},"51F":{"t":"SR22"},"521":{"desc":"L1P"},"526":{"t":"B738"},"52A":{"t":"P28A"},"52C":{"t":"BE33"},"52D":{"desc":"L1P"},"52E":{"t":"RV12"},"53A":{"t":"BALL"},"53D":{"t":"C72R"},"53E":{"t":"B58T"},"542":{"t":"A319"},"54F":{"t":"B350"},"552":{"t":"MD88"},"553":{"desc":"L1P"},"573":{"desc":"L1P"},"581":{"desc":"L1P"},"585":{"t":"P28A"},"588":{"desc":"L1P"},"59E":{"desc":"L1P"},"5B7":{"desc":"L1P"},"5D6":{"desc":"L1P"},"5D8":{"t":"C170"},"5D9":{"t":"C206"},"5DB":{"t":"BE35"},"5E1":{"t":"S108"},"5E2":{"t":"P28A"},"5E5":{"desc":"H1T"},"5E7":{"t":"P28A"},"5E9":{"t":"C175"},"5EB":{"t":"CH7B"},"5EC":{"t":"P28A"},"5ED":{"t":"P28A"},"5EF":{"t":"P28A"},"5F0":{"t":"CH7A"},"5F3":{"t":"CH7A"},"5F4":{"t":"CH7A"},"5F8":{"t":"CH7A"},"5F9":{"t":"CH7A"},"5FD":{"t":"P28A"},"5FE":{"t":"BE35"},"5FF":{"t":"PA32"},"601":{"t":"C150"},"604":{"desc":"L1P","t":"G64T"},"605":{"t":"C172"},"607":{"t":"BE55"},"608":{"t":"PA24"},"60A":{"t":"T28"},"60B":{"t":"P28A"},"60D":{"t":"P32R"},"60E":{"t":"CH7A"},"611":{"t":"PA30"},"612":{"t":"C205"},"613":{"t":"PA18"},"614":{"t":"CH7A"},"615":{"t":"PA18"},"617":{"t":"CH7A"},"619":{"t":"PA18"},"61A":{"t":"CH7A"},"61B":{"t":"CH7A"},"61D":{"desc":"L1P"},"61F":{"t":"P28U"},"620":{"t":"P28R"},"624":{"t":"C150"},"625":{"t":"P28A"},"62A":{"t":"BE35"},"62B":{"t":"PA24"},"62D":{"t":"P28A"},"62E":{"t":"C182"},"62F":{"t":"R22"},"630":{"t":"C172"},"632":{"t":"P28A"},"633":{"t":"C172"},"634":{"t":"P28U"},"635":{"t":"C205"},"636":{"t":"CH7A"},"637":{"t":"CH7A"},"638":{"t":"CH7A"},"639":{"t":"CH7A"},"63A":{"t":"PA18"},"63B":{"t":"PA18"},"63C":{"t":"PA18"},"63D":{"t":"CH7A"},"63E":{"t":"PA18"},"63F":{"t":"E75L"},"640":{"desc":"L1P"},"643":{"t":"PA32"},"644":{"t":"BE35"},"645":{"t":"M20P"},"647":{"t":"C150"},"648":{"t":"P32R"},"64A":{"t":"S108"},"64B":{"t":"C172"},"64D":{"t":"PA44"},"64E":{"t":"PA24"},"652":{"t":"P28A"},"655":{"t":"P28A"},"656":{"t":"C172"},"658":{"t":"R44"},"659":{"t":"PA18"},"65B":{"t":"PA18"},"65C":{"t":"CH7A"},"65D":{"t":"P28B"},"65E":{"t":"PA18"},"65F":{"t":"CH7A"},"660":{"t":"PA18"},"666":{"t":"PA34"},"667":{"t":"BE35"},"66A":{"t":"C150"},"66E":{"t":"C172"},"670":{"t":"PA32"},"671":{"t":"P28A"},"672":{"t":"C206"},"675":{"t":"C175"},"676":{"t":"C172"},"677":{"t":"CH7A"},"678":{"t":"P28A"},"679":{"t":"C172"},"67A":{"t":"P28A"},"67B":{"t":"P28A"},"67C":{"t":"CH7A"},"67D":{"t":"CH7A"},"681":{"t":"P28A"},"682":{"t":"PA18"},"683":{"t":"PA18"},"684":{"t":"CH7A"},"685":{"t":"PA18"},"689":{"t":"PA34"},"68B":{"t":"M20P"},"68E":{"t":"T6"},"693":{"desc":"L1P"},"695":{"t":"C185"},"698":{"t":"C175"},"699":{"t":"C172"},"69A":{"t":"CH7A"},"69B":{"t":"P28A"},"69C":{"t":"P28U"},"69E":{"t":"C205"},"6A1":{"t":"CH7A"},"6A3":{"t":"PA18"},"6A4":{"t":"CH7A"},"6A6":{"t":"CH7A"},"6A7":{"t":"PA18"},"6A8":{"t":"PA18"},"6AA":{"t":"C170"},"6AC":{"t":"DC3"},"6B0":{"t":"P28A"},"6B1":{"t":"P28A"},"6B2":{"t":"C150"},"6B5":{"t":"C150"},"6B6":{"t":"BE35"},"6B7":{"t":"PA24"},"6B9":{"t":"P28A"},"6BA":{"t":"C182"},"6BB":{"t":"C175"},"6BE":{"t":"P28A"},"6BF":{"t":"R44"},"6C0":{"t":"PA30"},"6C1":{"t":"R44"},"6C2":{"t":"CH7A"},"6C3":{"t":"CH7A"},"6C4":{"t":"PA18"},"6C5":{"t":"CH7A"},"6C6":{"t":"P28A"},"6C8":{"t":"CH7A"},"6C9":{"t":"PA18"},"6CA":{"t":"PA18"},"6CB":{"t":"CH7A"},"6CC":{"desc":"L1P"},"6CD":{"t":"P28B"},"6CF":{"t":"P32R"},"6D1":{"t":"M20P"},"6D3":{"t":"C150"},"6D4":{"t":"PA32"},"6D6":{"t":"G164"},"6D9":{"t":"BE35"},"6DF":{"t":"C172"},"6E0":{"t":"CH7A"},"6E2":{"t":"C172"},"6E3":{"t":"PA30"},"6E9":{"t":"PA18"},"6ED":{"t":"PA18"},"6EE":{"t":"PA18"},"6EF":{"t":"C172"},"6F0":{"t":"C170"},"6F1":{"t":"C172"},"6F2":{"t":"P28A"},"6F3":{"t":"P28A"},"6F7":{"t":"BT36"},"6FA":{"t":"C172"},"6FD":{"t":"PA24"},"6FF":{"t":"P28A"},"701":{"t":"C175"},"702":{"t":"C172"},"703":{"t":"CH7A"},"704":{"t":"P28A"},"705":{"t":"C172"},"706":{"t":"PA30"},"707":{"t":"C205"},"709":{"t":"PA18"},"70D":{"t":"CH7A"},"70E":{"t":"PA18"},"70F":{"t":"CH7A"},"710":{"t":"CH7A"},"711":{"t":"CH7A"},"714":{"t":"C172"},"715":{"t":"P28A"},"716":{"t":"P28A"},"719":{"t":"R44"},"71D":{"t":"C172"},"71F":{"t":"BE35"},"721":{"t":"R22"},"722":{"t":"P28A"},"725":{"t":"C172"},"727":{"t":"P28A"},"728":{"t":"PA32"},"729":{"t":"PA30"},"72A":{"t":"PA32"},"72C":{"t":"CH7A"},"72E":{"t":"CH7A"},"72F":{"t":"PA18"},"730":{"t":"PA18"},"732":{"t":"PA18"},"734":{"t":"CH7A"},"735":{"t":"T34P"},"737":{"t":"B789"},"73B":{"t":"E135"},"73C":{"t":"LJ31"},"740":{"t":"SR22"},"742":{"t":"HUSK"},"747":{"t":"B752"},"748":{"t":"PA44"},"74B":{"t":"A319"},"74D":{"t":"CRJ2"},"750":{"t":"B737"},"75F":{"desc":"L1P","t":"ULAC"},"767":{"t":"B737"},"768":{"t":"S108"},"76B":{"t":"P32T"},"76C":{"t":"SR22"},"776":{"t":"C182"},"779":{"t":"EC35"},"781":{"t":"C172"},"783":{"desc":"L1P"},"784":{"t":"C550"},"78E":{"t":"B739"},"792":{"t":"DA40"},"795":{"t":"P28A"},"7A0":{"t":"SR20"},"7CC":{"desc":"L1P"},"7CF":{"t":"EC30"},"7D4":{"desc":"L1P"},"7DE":{"t":"C152"},"7F3":{"t":"P32R"},"7FF":{"desc":"L1P"},"800":{"t":"A320"},"80F":{"t":"C56X"},"817":{"desc":"L1P"},"819":{"t":"M7"},"81A":{"t":"DA40"},"824":{"desc":"L1P"},"828":{"t":"C172"},"829":{"t":"BE23"},"82C":{"t":"B773"},"831":{"t":"SR22"},"833":{"t":"S22T"},"845":{"desc":"H1E"},"849":{"desc":"L2P"},"851":{"t":"B764"},"866":{"t":"P28A"},"869":{"t":"PC12"},"86F":{"t":"B738"},"871":{"t":"PA31"},"87C":{"t":"AS50"},"8A5":{"desc":"L2J"},"8B9":{"t":"C421"},"8BD":{"desc":"L1T"},"8BE":{"desc":"L1P"},"8C1":{"t":"PA34"},"8C8":{"t":"AS50"},"8C9":{"t":"GALX"},"8CE":{"t":"R22"},"8D0":{"t":"CRJ9"},"8D4":{"desc":"L1P"},"8D7":{"desc":"L1P"},"8D8":{"desc":"L1P"},"8DD":{"t":"B738"},"8DF":{"desc":"L1P"},"8E2":{"t":"BALL"},"8E5":{"t":"P28A"},"8EB":{"t":"BE35"},"8F9":{"t":"A319"},"906":{"t":"B350"},"909":{"t":"MD88"},"90D":{"t":"EC35"},"93E":{"desc":"L1P"},"944":{"desc":"L1P"},"95C":{"desc":"L1P","t":"ULAC"},"975":{"t":"C180"},"98F":{"t":"C170"},"993":{"t":"M20P"},"999":{"t":"C172"},"99A":{"t":"C150"},"99C":{"t":"PA24"},"99E":{"t":"P28A"},"99F":{"t":"R22"},"9A0":{"t":"C175"},"9A3":{"t":"P28A"},"9A6":{"t":"C205"},"9A7":{"t":"P32R"},"9A8":{"t":"CH7A"},"9AA":{"t":"PA18"},"9AB":{"t":"PA18"},"9AC":{"t":"CH7A"},"9AD":{"t":"CH7A"},"9AE":{"t":"CH7A"},"9B0":{"t":"CH7A"},"9B2":{"t":"P28A"},"9B3":{"t":"C172"},"9B4":{"t":"C525"},"9B9":{"t":"P32R"},"9BB":{"t":"G164"},"9BD":{"t":"C150"},"9BE":{"t":"R22"},"9BF":{"t":"PA24"},"9C1":{"t":"P28A"},"9C3":{"t":"C175"},"9C7":{"t":"PA44"},"9C8":{"t":"PA30"},"9CA":{"t":"CH7A"},"9CC":{"t":"PA18"},"9CE":{"t":"CH7A"},"9CF":{"t":"CH7A"},"9D0":{"t":"P28A"},"9D1":{"t":"PA18"},"9D2":{"t":"PA18"},"9D4":{"desc":"L1P"},"9D6":{"t":"C172"},"9D7":{"t":"P28R"},"9D8":{"t":"BE35"},"9DA":{"t":"P32T"},"9DC":{"t":"P28A"},"9DE":{"t":"S108"},"9E0":{"t":"C150"},"9E1":{"t":"P28A"},"9E2":{"t":"PA24"},"9E4":{"t":"P28A"},"9E5":{"t":"C182"},"9E6":{"t":"C175"},"9E8":{"t":"CH7A"},"9EA":{"t":"C172"},"9EB":{"t":"P28A"},"9ED":{"t":"CH7A"},"9EE":{"t":"PA18"},"9EF":{"t":"PA18"},"9F1":{"t":"PA18"},"9F2":{"t":"CH7A"},"9F3":{"t":"CH7A"},"9F4":{"t":"CH7A"},"9F6":{"t":"CH7A"},"9F7":{"desc":"L1P"},"9F9":{"t":"PA32"},"9FF":{"t":"P32R"},"A01":{"t":"S108"},"A03":{"t":"C150"},"A04":{"t":"BE35"},"A07":{"t":"P28A"},"A08":{"t":"C182"},"A0A":{"t":"P32R"},"A0D":{"t":"C172"},"A0E":{"t":"PA30"},"A0F":{"t":"C205"},"A10":{"t":"CH7A"},"A11":{"t":"CH7A"},"A13":{"t":"PA18"},"A14":{"t":"PA18"},"A15":{"t":"PA34"},"A16":{"t":"CH7A"},"A17":{"t":"PA18"},"A19":{"t":"CH7A"},"A1B":{"t":"PA44"},"A21":{"t":"C150"},"A25":{"t":"C172"},"A26":{"t":"C550"},"A27":{"t":"BE33"},"A28":{"t":"PA24"},"A2B":{"t":"C182"},"A2C":{"t":"C175"},"A2E":{"t":"P28A"},"A32":{"t":"C205"},"A33":{"t":"CH7A"},"A35":{"t":"PA18"},"A36":{"t":"PA18"},"A38":{"t":"CH7A"},"A39":{"t":"PA34"},"A3A":{"t":"PA18"},"A3B":{"t":"CH7A"},"A3C":{"t":"PA18"},"A3D":{"desc":"H8E"},"A40":{"t":"P28A"},"A42":{"t":"M20P"},"A43":{"t":"H500"},"A45":{"desc":"L1P"},"A47":{"desc":"H1P"},"A49":{"t":"C150"},"A4A":{"t":"BE33"},"A4B":{"t":"PA24"},"A4C":{"t":"C206"},"A4D":{"t":"P28A"},"A4E":{"t":"C182"},"A50":{"t":"C172"},"A55":{"t":"P28A"},"A56":{"t":"CH7A"},"A58":{"t":"PA18"},"A5A":{"t":"PA18"},"A5B":{"t":"PA18"},"A5D":{"t":"CH7A"},"A5E":{"t":"PA18"},"A63":{"t":"P28A"},"A64":{"t":"BE35"},"A67":{"t":"C150"},"A68":{"t":"P28A"},"A69":{"t":"C150"},"A6A":{"t":"R22"},"A6B":{"t":"C172"},"A6D":{"t":"P28A"},"A6E":{"t":"PA24"},"A71":{"t":"P28A"},"A72":{"t":"P28A"},"A74":{"t":"CH7B"},"A75":{"t":"P28A"},"A76":{"t":"C172"},"A78":{"t":"C205"},"A79":{"t":"CH7A"},"A7D":{"t":"PA18"},"A7E":{"t":"CH7A"},"A81":{"t":"CH7A"},"A82":{"t":"CH7A"},"A83":{"t":"TAYD"},"A86":{"t":"P28A"},"A87":{"desc":"L1P"},"A8A":{"t":"C150"},"A8B":{"desc":"L1P"},"A8D":{"desc":"L1P","t":"G64T"},"A8E":{"t":"C172"},"A94":{"t":"C182"},"A96":{"t":"C172"},"A98":{"t":"P32R"},"A9E":{"t":"PA18"},"A9F":{"t":"PA18"},"AA0":{"t":"CH7A"},"AA2":{"t":"PA18"},"AA3":{"t":"PA18"},"AA4":{"t":"CH7A"},"AA5":{"t":"CH7A"},"AA6":{"t":"J3"},"AA7":{"t":"C170"},"AA8":{"t":"C172"},"AAA":{"t":"BE35"},"AAC":{"t":"H500"},"AAD":{"t":"P32R"},"AAE":{"t":"P32R"},"AB1":{"t":"C172"},"AB2":{"t":"C172"},"AB4":{"t":"PA24"},"AB6":{"t":"P28A"},"AB9":{"t":"R22"},"ABB":{"t":"P28A"},"ABC":{"t":"R44"},"ABD":{"t":"PA30"},"ABF":{"t":"PA18"},"AC2":{"t":"CH7A"},"AC3":{"t":"P28U"},"AC5":{"t":"P28U"},"AC6":{"t":"CH7A"},"AC7":{"t":"CH7A"},"AC8":{"t":"CH7A"},"AC9":{"t":"GLID"},"ACA":{"t":"C170"},"ACD":{"t":"BE35"},"ACE":{"t":"C172"},"AD2":{"desc":"L1P"},"AD5":{"t":"C150"},"AD7":{"t":"PA24"},"AD9":{"t":"R44"},"ADB":{"t":"C175"},"ADC":{"t":"C172"},"ADE":{"t":"P28A"},"ADF":{"t":"C172"},"AE4":{"t":"CH7A"},"AE6":{"t":"PA18"},"AE7":{"t":"CH7A"},"AE8":{"t":"CH7A"},"AE9":{"t":"PA18"},"AEB":{"t":"CH7A"},"AEE":{"t":"GLF4"},"AF0":{"t":"AT8T"},"AF2":{"t":"E135"},"AF3":{"t":"PC12"},"AF4":{"desc":"L1P"},"AF7":{"t":"R44"},"AF9":{"desc":"L1P","t":"ULAC"},"AFA":{"t":"B789"},"AFE":{"t":"B752"},"AFF":{"t":"PA44"},"B02":{"t":"A319"},"B04":{"t":"CRJ2"},"B06":{"t":"BE35"},"B07":{"t":"B737"},"B09":{"desc":"L1P"},"B1E":{"t":"B737"},"B20":{"t":"TBM7"},"B21":{"t":"C25B"},"B22":{"t":"AC90"},"B24":{"desc":"L2T"},"B2D":{"t":"C182"},"B30":{"t":"EC35"},"B40":{"t":"EC35"},"B41":{"desc":"L1P"},"B45":{"t":"B739"},"B49":{"t":"DA40"},"B57":{"t":"SR20"},"B7B":{"desc":"L1P","t":"ULAC"},"B86":{"t":"EC30"},"B93":{"desc":"A1P"},"B9F":{"t":"GLF6"},"BA6":{"t":"E145"},"BB7":{"desc":"A1P"},"BC6":{"t":"C56X"},"BDA":{"desc":"L1T"},"BDF":{"t":"C172"},"C01":{"t":"C208"},"C03":{"t":"LJ35"},"C04":{"t":"C182"},"C08":{"t":"B764"},"C11":{"desc":"L1P"},"C19":{"desc":"L1P"},"C1C":{"desc":"H4E"},"C1D":{"t":"PA44"},"C26":{"t":"B738"},"C2B":{"desc":"L1P"},"C33":{"t":"AS50"},"C3B":{"desc":"H4E"},"C5C":{"desc":"L2J"},"C5E":{"desc":"H4E"},"C65":{"desc":"L1P"},"C67":{"t":"C404"},"C75":{"desc":"L1T"},"C78":{"t":"RV12"},"C7D":{"desc":"L1P"},"C7F":{"t":"AS50"},"C85":{"t":"R22"},"C87":{"desc":"L1P"},"C8B":{"desc":"A1P","t":"ULAC"},"C8E":{"desc":"L1P"},"C8F":{"t":"A119"},"C92":{"t":"PA18"},"C94":{"t":"B738"},"C96":{"desc":"L1P","t":"ULAC"},"C97":{"t":"C182"},"CAC":{"t":"EC35"},"CB0":{"t":"A319"},"CB3":{"desc":"H4E"},"CBD":{"t":"B350"},"CC0":{"t":"MD88"},"CC9":{"t":"A320"},"CE3":{"t":"SR20"},"D16":{"desc":"L1P"},"D2C":{"t":"S22T"},"D3E":{"t":"PRM1"},"D46":{"t":"C170"},"D47":{"t":"C172"},"D49":{"t":"BE35"},"D4E":{"t":"C150"},"D4F":{"t":"S108"},"D51":{"t":"R22"},"D55":{"t":"P28A"},"D56":{"t":"C182"},"D58":{"t":"C172"},"D59":{"t":"CH7A"},"D5A":{"t":"P28A"},"D5B":{"t":"C172"},"D5C":{"t":"PA30"},"D5D":{"t":"PA34"},"D5E":{"t":"CH7A"},"D5F":{"t":"PA18"},"D60":{"t":"CH7A"},"D62":{"t":"CH7A"},"D63":{"desc":"H1T"},"D65":{"t":"CH7A"},"D66":{"t":"PA18"},"D68":{"desc":"L1P"},"D6A":{"t":"PA34"},"D6B":{"t":"PA34"},"D6C":{"t":"BE35"},"D70":{"desc":"L1P"},"D71":{"t":"C150"},"D72":{"t":"G164"},"D73":{"t":"C172"},"D74":{"t":"C150"},"D75":{"t":"R44"},"D76":{"t":"PA24"},"D7A":{"t":"C175"},"D7B":{"t":"C172"},"D7D":{"t":"P28A"},"D7E":{"t":"C172"},"D81":{"t":"PA18"},"D86":{"t":"CH7A"},"D87":{"t":"PA18"},"D88":{"t":"PA18"},"D89":{"t":"CH7A"},"D8C":{"t":"C170"},"D8D":{"t":"C172"},"D8F":{"t":"P28A"},"D95":{"t":"S108"},"D96":{"t":"C172"},"D97":{"t":"C150"},"D9A":{"t":"T206"},"D9B":{"t":"P28A"},"D9C":{"t":"C182"},"D9D":{"t":"P28A"},"D9E":{"t":"C172"},"D9F":{"t":"CH7A"},"DA0":{"t":"P28A"},"DA1":{"t":"C172"},"DA2":{"t":"PA30"},"DA4":{"t":"CH7A"},"DA5":{"t":"CH7A"},"DA8":{"t":"PA18"},"DA9":{"desc":"L4P"},"DAA":{"t":"CH7A"},"DB0":{"t":"C172"},"DB1":{"t":"P28R"},"DB2":{"t":"P28A"},"DB4":{"t":"H500"},"DB5":{"t":"C150"},"DB6":{"t":"P28B"},"DB7":{"t":"C150"},"DBA":{"t":"R22"},"DBB":{"t":"BE35"},"DBE":{"t":"P28A"},"DC2":{"t":"CH7A"},"DC3":{"t":"P28A"},"DC4":{"t":"C172"},"DC5":{"t":"PA30"},"DC6":{"t":"C205"},"DCA":{"t":"CH7A"},"DCB":{"t":"PA18"},"DCD":{"t":"PA18"},"DD0":{"t":"PA18"},"DD3":{"t":"C172"},"DD4":{"t":"P28A"},"DDA":{"desc":"L1P"},"DDC":{"t":"C172"},"DE0":{"t":"PA32"},"DE1":{"t":"P28A"},"DE2":{"t":"C182"},"DE4":{"t":"C172"},"DE6":{"t":"P28A"},"DE7":{"t":"C172"},"DE8":{"t":"PA32"},"DEA":{"t":"P28A"},"DEC":{"t":"CH7A"},"DEE":{"t":"CH7A"},"DEF":{"t":"PA18"},"DF2":{"t":"CH7A"},"DF3":{"t":"PA18"},"DF4":{"t":"C421"},"DF5":{"t":"R22"},"DF6":{"t":"C172"},"DF9":{"t":"P32R"},"DFB":{"t":"C150"},"DFC":{"t":"P32R"},"DFD":{"t":"C150"},"E00":{"t":"C150"},"E02":{"t":"PA24"},"E03":{"t":"C206"},"E05":{"t":"C182"},"E06":{"t":"C175"},"E07":{"t":"C150"},"E0A":{"t":"P32R"},"E0F":{"t":"PA18"},"E12":{"t":"CH7A"},"E14":{"t":"CH7A"},"E15":{"t":"PA18"},"E18":{"t":"C170"},"E1D":{"t":"H500"},"E1F":{"desc":"L1P"},"E20":{"desc":"L1P"},"E23":{"t":"C150"},"E24":{"t":"BE35"},"E25":{"t":"PA24"},"E27":{"t":"R22"},"E28":{"t":"C182"},"E2A":{"t":"C172"},"E2B":{"t":"CH7A"},"E2C":{"t":"P28A"},"E2D":{"t":"PA34"},"E31":{"t":"CH7A"},"E32":{"t":"PA34"},"E34":{"t":"CH7A"},"E36":{"t":"PA18"},"E38":{"t":"PA18"},"E39":{"t":"CH7A"},"E3B":{"t":"C170"},"E3C":{"t":"C172"},"E3D":{"desc":"L1P"},"E3E":{"t":"BE35"},"E40":{"t":"H500"},"E43":{"t":"C150"},"E44":{"t":"C150"},"E46":{"t":"C182"},"E48":{"t":"PA24"},"E4A":{"t":"P28A"},"E4E":{"t":"CH7B"},"E55":{"t":"PA18"},"E56":{"t":"PA18"},"E5A":{"t":"PA18"},"E5C":{"t":"PA18"},"E5D":{"desc":"L1P"},"E5F":{"desc":"L1P"},"E61":{"t":"BE35"},"E63":{"t":"R22"},"E66":{"t":"C150"},"E67":{"t":"S108"},"E68":{"t":"C172"},"E69":{"t":"R22"},"E6A":{"t":"BE35"},"E6D":{"t":"P28A"},"E6E":{"t":"C182"},"E6F":{"t":"C175"},"E70":{"t":"C172"},"E72":{"t":"P28A"},"E74":{"t":"PA30"},"E75":{"t":"P28A"},"E76":{"t":"PA18"},"E77":{"t":"CH7A"},"E78":{"t":"PA18"},"E79":{"t":"CH7A"},"E7E":{"t":"CH7A"},"E7F":{"t":"CH7A"},"E80":{"desc":"L1P"},"E81":{"t":"C170"},"E85":{"t":"P28U"},"E87":{"t":"C188"},"E89":{"t":"C150"},"E8B":{"t":"C172"},"E8C":{"t":"PA32"},"E8D":{"t":"BE35"},"E91":{"t":"PA32"},"E92":{"t":"C175"},"E93":{"t":"C172"},"E94":{"t":"CH7A"},"E95":{"t":"P28A"},"E96":{"t":"P32R"},"E97":{"t":"PA30"},"E9A":{"t":"CH7A"},"E9D":{"t":"PA18"},"E9F":{"t":"PA18"},"EA1":{"t":"PA18"},"EA3":{"desc":"L1P"},"EA4":{"t":"PA22"},"EA5":{"t":"B789"},"EA9":{"t":"E135"},"EB0":{"desc":"L1P","t":"ULAC"},"EB6":{"t":"PA44"},"EB9":{"t":"A319"},"EBB":{"t":"CRJ2"},"EBD":{"t":"L8"},"EBE":{"t":"B737"},"EBF":{"t":"BE36"},"EC0":{"desc":"L1P"},"EC8":{"t":"RV12"},"EC9":{"desc":"H4E"},"ED6":{"t":"SR20"},"EE2":{"t":"CL60"},"EE4":{"t":"C182"},"EE6":{"desc":"L1P"},"EE7":{"t":"EC35"},"EF1":{"t":"C177"},"EF4":{"desc":"L1P"},"EFA":{"desc":"L1P"},"EFC":{"t":"B739"},"F00":{"t":"DA40"},"F08":{"t":"BE36"},"F09":{"t":"TBM7"},"F0B":{"t":"GC1"},"F0E":{"t":"SR20"},"F2D":{"desc":"G1P"},"F32":{"t":"P28A"},"F3A":{"t":"T6"},"F3D":{"t":"EC30"},"F3E":{"desc":"L2J","t":"GA7C"},"F5D":{"t":"E145"},"F64":{"desc":"L1P"},"F6E":{"t":"BE36"},"F7D":{"t":"C56X"},"F87":{"t":"ULAC"},"F96":{"t":"C172"},"F97":{"t":"BE23"},"F9A":{"t":"B772"},"FA4":{"t":"EC35"},"FA5":{"t":"BE36"},"FA9":{"desc":"L1P","t":"ULAC"},"FB7":{"desc":"L2P"},"FBA":{"t":"C82S"},"FBF":{"t":"B764"},"FC3":{"t":"AT8T"},"FCD":{"desc":"L4J"},"FD1":{"t":"F15"},"FDD":{"t":"B738"},"FEA":{"t":"AS50"},"FED":{"desc":"L1T"},"FFE":{"desc":"H4E"}}