{"001":{"desc":"L1P","t":"ULAC"},"00B":{"t":"PA24"},"00C":{"t":"C172"},"00F":{"desc":"L1P","t":"ULAC"},"024":{"desc":"L2J"},"02C":{"t":"BE35"},"02E":{"t":"R44"},"034":{"t":"DA42"},"035":{"desc":"L1P"},"037":{"desc":"L1P"},"03C":{"desc":"L1P"},"040":{"desc":"L1P"},"046":{"desc":"L1P"},"047":{"t":"R44"},"04C":{"desc":"L1P"},"04E":{"t":"E35L"},"053":{"desc":"L1P"},"055":{"desc":"A1P","t":"ULAC"},"05C":{"t":"B738"},"05E":{"t":"PA46"},"05F":{"t":"TAYD"},"061":{"t":"P28A"},"066":{"desc":"L2P"},"069":{"desc":"L1P"},"06F":{"desc":"L1P"},"073":{"t":"DV20"},"074":{"t":"AS50"},"078":{"t":"A319"},"085":{"t":"F2TH"},"090":{"t":"WACO"},"091":{"t":"A320"},"092":{"t":"R44"},"0A4":{"t":"ULAC"},"0A9":{"t":"SR22"},"0AA":{"desc":"L1P"},"0AB":{"desc":"L1P"},"0B7":{"desc":"L1P"},"0C2":{"desc":"L1T"},"0DD":{"desc":"H1T","t":"H60"},"0ED":{"t":"C340"},"10E":{"t":"BE35"},"10F":{"t":"P28A"},"111":{"t":"PA22"},"112":{"t":"B47G"},"115":{"t":"P28A"},"118":{"t":"C172"},"119":{"t":"P28A"},"11B":{"t":"PA24"},"11E":{"t":"C182"},"120":{"t":"C150"},"122":{"t":"P28A"},"123":{"t":"C172"},"126":{"t":"P28A"},"12B":{"t":"CH7A"},"12C":{"t":"CH7A"},"12D":{"t":"CH7A"},"12E":{"t":"C172"},"131":{"t":"PA30"},"133":{"t":"P28A"},"135":{"t":"B47G"},"138":{"t":"P28A"},"139":{"t":"C150"},"13B":{"t":"C172"},"13C":{"t":"P28A"},"13D":{"t":"BE35"},"144":{"desc":"L1T","t":"SS2P"},"145":{"t":"P28A"},"148":{"t":"C205"},"14A":{"t":"CH7A"},"14B":{"t":"C172"},"150":{"t":"CH7A"},"151":{"t":"CH7A"},"154":{"t":"P28B"},"155":{"desc":"L1P"},"157":{"t":"PA22"},"15B":{"t":"PA32"},"15D":{"t":"S108"},"15E":{"t":"P32R"},"15F":{"t":"RV12"},"161":{"t":"P32R"},"162":{"t":"C206"},"163":{"t":"P28A"},"168":{"t":"P28A"},"169":{"t":"C172"},"16B":{"t":"C205"},"16D":{"t":"CH7A"},"16E":{"t":"C172"},"16F":{"t":"CH7A"},"172":{"t":"CH7A"},"173":{"t":"CH7A"},"174":{"t":"CH7A"},"175":{"t":"C172"},"178":{"desc":"L1P"},"17D":{"t":"C150"},"17F":{"t":"C150"},"181":{"t":"PA34"},"182":{"t":"C182"},"184":{"t":"PA24"},"186":{"t":"P28A"},"18B":{"t":"P28A"},"18E":{"t":"C205"},"18F":{"t":"CH7A"},"190":{"t":"CH7A"},"192":{"t":"CH7A"},"193":{"t":"C172"},"19B":{"t":"P28A"},"19C":{"t":"PA44"},"19D":{"t":"P28A"},"19F":{"t":"CRJ2"},"1A2":{"t":"P28A"},"1A3":{"desc":"L1T","t":"G164"},"1A4":{"t":"C172"},"1A5":{"t":"C182"},"1AA":{"t":"P28A"},"1AB":{"t":"C182"},"1AE":{"t":"P28A"},"1B1":{"t":"C205"},"1B2":{"t":"C172"},"1B5":{"t":"CH7A"},"1B9":{"t":"CH7A"},"1BB":{"t":"C172"},"1BD":{"t":"P28A"},"1BE":{"t":"P28A"},"1BF":{"desc":"L2P"},"1C0":{"t":"PA22"},"1C3":{"t":"P28A"},"1C4":{"t":"P28A"},"1C7":{"t":"C172"},"1CC":{"t":"P28A"},"1CD":{"t":"P28A"},"1CE":{"t":"C182"},"1D2":{"t":"P28A"},"1D4":{"t":"C205"},"1D5":{"t":"CH7A"},"1D6":{"t":"CH7A"},"1D8":{"t":"CH7A"},"1DA":{"t":"C172"},"1DB":{"t":"C172"},"1DC":{"t":"CH7A"},"1DD":{"t":"CH7A"},"1DE":{"t":"C172"},"1E1":{"t":"P28U"},"1E2":{"t":"PA34"},"1E3":{"t":"PA22"},"1E8":{"t":"C150"},"1EE":{"t":"C185"},"1EF":{"t":"P28A"},"1F0":{"t":"C182"},"1F1":{"t":"C182"},"1F5":{"t":"C172"},"1F7":{"t":"C205"},"1FD":{"t":"C172"},"1FE":{"t":"C182"},"1FF":{"t":"P28A"},"200":{"t":"C172"},"201":{"t":"CH7A"},"208":{"t":"P28A"},"20A":{"t":"P28B"},"20C":{"t":"S108"},"20D":{"t":"P28A"},"210":{"t":"PA24"},"213":{"t":"C182"},"216":{"desc":"L1T","t":"SS2P"},"217":{"t":"P28A"},"218":{"t":"C172"},"21A":{"t":"C205"},"21E":{"t":"C172"},"21F":{"t":"P28A"},"220":{"t":"CH7A"},"223":{"t":"P28B"},"225":{"desc":"L1P"},"226":{"t":"P28A"},"228":{"t":"P28U"},"229":{"t":"PA22"},"22C":{"t":"C150"},"22D":{"desc":"L1P"},"22F":{"t":"G164"},"231":{"t":"C150"},"233":{"t":"PA24"},"235":{"t":"P28A"},"238":{"t":"C172"},"23A":{"t":"P28A"},"23C":{"t":"P32R"},"23D":{"t":"P32R"},"23E":{"t":"CH7A"},"23F":{"t":"P32R"},"240":{"t":"CH7A"},"241":{"t":"CH7A"},"243":{"t":"CH7A"},"246":{"t":"C182"},"247":{"t":"C172"},"248":{"desc":"L1P"},"24A":{"desc":"L1P"},"24D":{"t":"C172"},"250":{"t":"PA34"},"251":{"t":"C150"},"252":{"t":"G164"},"253":{"t":"PA34"},"254":{"t":"C150"},"255":{"t":"BE35"},"259":{"t":"C182"},"25A":{"t":"PA34"},"260":{"t":"P28A"},"263":{"t":"C182"},"268":{"t":"C188"},"269":{"t":"CH7A"},"26A":{"t":"CH7A"},"26B":{"t":"C208"},"271":{"t":"E135"},"278":{"t":"B738"},"27A":{"t":"A119"},"27D":{"t":"CRJ2"},"286":{"desc":"A1P","t":"ULAC"},"287":{"t":"C650"},"288":{"t":"CH7B"},"28D":{"t":"H500"},"293":{"t":"AS50"},"296":{"t":"ULAC"},"29A":{"t":"PA34"},"29C":{"t":"P28B"},"2A0":{"t":"GLF5"},"2A2":{"t":"SR22"},"2AA":{"desc":"L1P"},"2AC":{"t":"T206"},"2AF":{"t":"C240"},"2B7":{"t":"P28B"},"2B8":{"t":"H25B"},"2B9":{"t":"BE36"},"2C1":{"t":"T34P"},"2C4":{"t":"B739"},"2C9":{"desc":"L1P"},"2CC":{"t":"PA46"},"2D3":{"desc":"H4E"},"2D4":{"t":"P28A"},"2D6":{"t":"SR20"},"2ED":{"desc":"L2J"},"2EE":{"t":"C208"},"2F7":{"t":"C750"},"302":{"t":"P28A"},"334":{"t":"SR22"},"336":{"t":"BE33"},"344":{"t":"SR22"},"345":{"t":"C56X"},"34E":{"t":"B350"},"350":{"desc":"L1P"},"35E":{"t":"C172"},"362":{"t":"B772"},"366":{"t":"C340"},"367":{"t":"DA40"},"368":{"t":"C525"},"371":{"desc":"L1P"},"373":{"desc":"A1P","t":"ULAC"},"374":{"t":"SR22"},"381":{"t":"C56X"},"382":{"t":"C82S"},"384":{"t":"EC35"},"387":{"t":"B764"},"3A5":{"t":"B738"},"3B1":{"t":"SR22"},"3B2":{"t":"DA40"},"3B7":{"t":"C25C"},"3C2":{"desc":"L4J"},"3DB":{"desc":"L2J"},"3E3":{"t":"BE33"},"3E9":{"desc":"L1P"},"3F4":{"desc":"L1T"},"3F7":{"desc":"L1P"},"3FF":{"t":"LJ45"},"404":{"t":"R22"},"40A":{"desc":"H1P"},"40C":{"desc":"A1P","t":"ULAC"},"40E":{"t":"A119"},"413":{"t":"B738"},"418":{"t":"P28A"},"41D":{"desc":"L1P"},"42B":{"t":"WW24"},"42F":{"t":"A319"},"43C":{"t":"F2TH"},"447":{"t":"WACO"},"448":{"t":"A320"},"460":{"desc":"L1P"},"479":{"desc":"L1T"},"480":{"t":"SR22"},"495":{"t":"C421"},"4A4":{"t":"BE20"},"4C8":{"t":"P28A"},"4C9":{"t":"C172"},"4CB":{"t":"P28A"},"4CF":{"t":"C172"},"4D0":{"t":"C150"},"4D2":{"t":"PA24"},"4D5":{"t":"P28A"},"4D6":{"t":"P28B"},"4D7":{"t":"C172"},"4DD":{"t":"P32R"},"4E1":{"t":"CH7A"},"4E3":{"t":"CH7A"},"4E4":{"t":"C182"},"4E5":{"t":"C182"},"4E7":{"desc":"L1P"},"4E9":{"t":"P32R"},"4ED":{"t":"P28A"},"4F3":{"t":"C150"},"4F4":{"t":"BE55"},"4F5":{"t":"PA24"},"4F6":{"t":"C206"},"4F9":{"t":"C182"},"4FC":{"t":"P28A"},"4FD":{"t":"C172"},"4FF":{"t":"C205"},"500":{"t":"C172"},"501":{"t":"C172"},"505":{"t":"C172"},"507":{"t":"CH7A"},"508":{"t":"C172"},"509":{"t":"CH7A"},"50B":{"t":"BE35"},"50C":{"t":"P28A"},"50E":{"t":"PA22"},"50F":{"t":"B47G"},"514":{"t":"S108"},"515":{"t":"C172"},"516":{"t":"C150"},"517":{"t":"BE35"},"518":{"t":"PA24"},"51A":{"t":"P28A"},"51C":{"t":"C182"},"51D":{"t":"C172"},"51F":{"t":"P28A"},"520":{"t":"C172"},"521":{"t":"PA30"},"523":{"t":"CH7A"},"525":{"t":"CH7A"},"528":{"t":"CH7A"},"52A":{"t":"P28A"},"52B":{"t":"P28A"},"52C":{"t":"C172"},"52F":{"t":"P28A"},"534":{"t":"C150"},"539":{"t":"C182"},"53E":{"t":"C182"},"53F":{"t":"C182"},"540":{"t":"C172"},"542":{"t":"P28A"},"543":{"t":"PA44"},"547":{"t":"C172"},"549":{"desc":"L20E"},"54A":{"t":"CH7A"},"54E":{"t":"CH7A"},"54F":{"t":"CH7A"},"551":{"t":"P28A"},"552":{"t":"P28A"},"553":{"t":"CH7A"},"555":{"t":"P32R"},"556":{"t":"P28A"},"558":{"t":"P28A"},"55C":{"t":"C182"},"55D":{"t":"P28A"},"560":{"t":"PA32"},"564":{"desc":"L1T","t":"SS2P"},"568":{"t":"C205"},"56A":{"t":"C172"},"56B":{"t":"CH7A"},"56C":{"desc":"H1P"},"56D":{"t":"C172"},"56E":{"t":"CH7A"},"573":{"t":"S76"},"577":{"t":"P32R"},"579":{"t":"P32R"},"57B":{"t":"P32R"},"57C":{"t":"C150"},"57E":{"t":"C172"},"581":{"t":"PA24"},"583":{"t":"P28A"},"584":{"t":"C182"},"585":{"t":"C182"},"586":{"t":"C172"},"588":{"t":"P28A"},"589":{"t":"C172"},"58B":{"t":"PA34"},"58C":{"t":"CH7A"},"58F":{"t":"CH7A"},"590":{"t":"CH7A"},"591":{"t":"CH7A"},"592":{"t":"CH7A"},"593":{"t":"CH7A"},"596":{"desc":"L1P"},"597":{"t":"BE35"},"599":{"t":"PA34"},"59D":{"t":"C150"},"59E":{"t":"PA34"},"59F":{"t":"C150"},"5A1":{"t":"C172"},"5A3":{"t":"BE55"},"5A4":{"t":"PA24"},"5A5":{"t":"C185"},"5A7":{"t":"C182"},"5AD":{"t":"PA30"},"5AE":{"t":"C205"},"5B1":{"t":"CH7A"},"5B3":{"t":"CH7A"},"5B4":{"t":"CH7A"},"5B5":{"t":"C172"},"5B6":{"t":"C172"},"5B8":{"t":"C172"},"5B9":{"desc":"L1P"},"5BB":{"t":"BALL"},"5BD":{"t":"PA22"},"5BF":{"t":"P32R"},"5C3":{"t":"S108"},"5C6":{"t":"BE35"},"5C9":{"t":"PA18"},"5CC":{"t":"C172"},"5CD":{"desc":"L1T","t":"SS2P"},"5D1":{"t":"C205"},"5D4":{"t":"CH7A"},"5D5":{"t":"C172"},"5D7":{"t":"C172"},"5D9":{"t":"P28A"},"5DA":{"t":"C172"},"5DB":{"t":"C172"},"5DD":{"t":"CRJ2"},"5E4":{"t":"P28A"},"5E5":{"t":"C150"},"5E7":{"t":"C172"},"5E8":{"t":"C150"},"5EA":{"t":"PA24"},"5EC":{"t":"P28A"},"5ED":{"t":"C182"},"5F0":{"desc":"L1T","t":"SS2P"},"5F2":{"t":"C172"},"5F3":{"t":"PA30"},"5F4":{"t":"C205"},"5F7":{"t":"C172"},"5F8":{"t":"CH7A"},"5FA":{"t":"PA32"},"5FE":{"t":"CH7A"},"601":{"t":"P32R"},"603":{"t":"PA22"},"605":{"t":"P28A"},"60A":{"t":"C172"},"60C":{"t":"BE35"},"60D":{"t":"PA24"},"60F":{"t":"P28A"},"612":{"t":"C172"},"619":{"t":"CH7A"},"61D":{"t":"C172"},"61F":{"t":"CH7A"},"620":{"t":"C182"},"621":{"t":"C172"},"622":{"t":"PTS2"},"628":{"t":"E135"},"639":{"t":"B772"},"63D":{"desc":"A1P","t":"ULAC"},"641":{"t":"BE30"},"644":{"desc":"L1P"},"647":{"desc":"L1P"},"64A":{"t":"AS50"},"655":{"t":"S108"},"657":{"t":"GLF6"},"659":{"t":"SR22"},"65A":{"t":"SR20"},"661":{"t":"S22T"},"663":{"t":"C172"},"666":{"t":"BE36"},"66F":{"t":"AT8T"},"677":{"t":"B350"},"679":{"t":"C172"},"67B":{"t":"B739"},"67F":{"desc":"L2J"},"687":{"desc":"L1P"},"68A":{"t":"S22T"},"68B":{"t":"BE35"},"68D":{"t":"SR20"},"697":{"t":"C172"},"6A4":{"desc":"L2J"},"6A5":{"t":"C208"},"6F9":{"t":"ULAC"},"6FC":{"t":"C56X"},"700":{"t":"PA34"},"704":{"desc":"L1P"},"715":{"t":"C172"},"719":{"t":"B772"},"723":{"t":"EC35"},"728":{"desc":"L1P"},"72B":{"t":"SR20"},"736":{"t":"B47G"},"737":{"desc":"L1T","t":"M600"},"73A":{"t":"ERCO"},"73E":{"t":"EC30"},"740":{"t":"C82S"},"750":{"t":"F18H"},"75C":{"t":"B738"},"768":{"t":"PA24"},"769":{"t":"T206"},"779":{"desc":"L4J"},"77A":{"desc":"L1P"},"77D":{"t":"PC12"},"78D":{"t":"GLF5"},"792":{"desc":"L2J"},"79A":{"t":"BE33"},"79C":{"desc":"L1P","t":"ULAC"},"79E":{"t":"P46T"},"7A3":{"desc":"L1P"},"7AB":{"desc":"L1T"},"7AF":{"desc":"L1P"},"7B6":{"desc":"L1P","t":"ULAC"},"7BB":{"desc":"H6E"},"7C1":{"t":"C172"},"7C5":{"t":"A119"},"7CA":{"t":"B738"},"7CC":{"t":"C180"},"7CF":{"t":"P28A"},"7E5":{"t":"HUSK"},"7E6":{"t":"A319"},"7F3":{"t":"F2TH"},"7FE":{"desc":"L1P"},"7FF":{"t":"A320"},"817":{"t":"S22T"},"85B":{"t":"B350"},"87C":{"t":"PA34"},"87E":{"desc":"L2P"},"884":{"t":"C150"},"889":{"t":"PA24"},"88B":{"t":"P28A"},"890":{"t":"P28A"},"892":{"t":"P28A"},"896":{"t":"P28B"},"898":{"t":"C172"},"899":{"t":"CH7A"},"89A":{"t":"CH7A"},"89C":{"t":"CH7A"},"89D":{"t":"CH7A"},"89F":{"t":"BE35"},"8A1":{"t":"PA32"},"8A2":{"t":"PA18"},"8A5":{"t":"C150"},"8A6":{"t":"PA34"},"8A7":{"t":"C150"},"8A9":{"t":"C172"},"8B1":{"t":"P28A"},"8B3":{"t":"P28A"},"8B7":{"t":"CH7A"},"8BB":{"t":"CH7A"},"8BD":{"t":"CH7A"},"8BF":{"t":"CH7A"},"8C4":{"t":"P32R"},"8C5":{"t":"PA18"},"8CB":{"t":"S108"},"8CE":{"t":"BE24"},"8D0":{"t":"T206"},"8D6":{"t":"P28A"},"8D7":{"t":"C172"},"8D9":{"t":"C205"},"8DC":{"t":"CH7A"},"8DF":{"t":"P28A"},"8E0":{"t":"CH7A"},"8E2":{"t":"C172"},"8E3":{"t":"CH7A"},"8E8":{"t":"PA18"},"8EA":{"t":"P28A"},"8ED":{"desc":"L1P"},"8EE":{"t":"S108"},"8EF":{"t":"C172"},"8F0":{"t":"PA32"},"8F1":{"t":"BE35"},"8F2":{"t":"P28U"},"8F3":{"t":"T206"},"8F5":{"t":"C182"},"8F6":{"t":"PA32"},"8F7":{"t":"C172"},"8F9":{"t":"P28A"},"8FA":{"t":"P32R"},"8FC":{"t":"C205"},"8FD":{"t":"CH7A"},"8FF":{"t":"CH7A"},"900":{"t":"C172"},"901":{"t":"C172"},"902":{"t":"C182"},"903":{"t":"CH7A"},"906":{"t":"T34P"},"907":{"desc":"L1P"},"90B":{"t":"PA18"},"90E":{"t":"C150"},"910":{"desc":"L1P"},"913":{"t":"C150"},"915":{"t":"PA34"},"917":{"t":"P28A"},"918":{"t":"C182"},"919":{"t":"C182"},"91C":{"t":"P28A"},"91D":{"t":"C172"},"91E":{"t":"PA18"},"920":{"t":"CH7A"},"922":{"t":"C172"},"924":{"t":"C172"},"925":{"t":"R22"},"926":{"t":"CH7A"},"927":{"t":"C172"},"929":{"t":"CH7A"},"92A":{"t":"GLID"},"92B":{"t":"BE35"},"92C":{"t":"PA44"},"92D":{"t":"P28A"},"92E":{"desc":"L1P"},"92F":{"desc":"H1T","t":"B47G"},"930":{"t":"P28A"},"931":{"t":"C150"},"937":{"t":"BE33"},"938":{"t":"PA24"},"93B":{"t":"P28B"},"93C":{"t":"C182"},"940":{"t":"C172"},"942":{"t":"C205"},"949":{"t":"C172"},"94A":{"t":"C172"},"94C":{"t":"C172"},"94F":{"t":"P28A"},"950":{"t":"P28A"},"952":{"t":"C172"},"953":{"t":"P28A"},"955":{"t":"P28A"},"958":{"t":"C172"},"95A":{"t":"BE35"},"95B":{"t":"PA24"},"95C":{"t":"C185"},"95D":{"t":"P28A"},"95F":{"t":"C182"},"961":{"desc":"L1T","t":"SS2P"},"963":{"t":"C172"},"965":{"t":"C205"},"968":{"t":"C172"},"969":{"t":"CH7A"},"96D":{"t":"CH7A"},"96F":{"t":"CH7A"},"971":{"t":"BE35"},"972":{"t":"P28A"},"974":{"t":"PA18"},"976":{"t":"P28A"},"980":{"t":"P28A"},"983":{"t":"C172"},"984":{"desc":"L1T","t":"SS2P"},"986":{"t":"PA34"},"987":{"t":"PA30"},"989":{"t":"CH7A"},"98B":{"t":"C182"},"98C":{"t":"CH7A"},"98F":{"t":"CH7A"},"991":{"t":"C172"},"996":{"desc":"L2P"},"997":{"t":"PA18"},"998":{"t":"B47G"},"99C":{"t":"PA34"},"99D":{"t":"S108"},"99E":{"t":"C172"},"9A1":{"t":"PA24"},"9A5":{"t":"C182"},"9A6":{"t":"C172"},"9A8":{"t":"P28A"},"9AA":{"t":"PA30"},"9B2":{"t":"C172"},"9B3":{"t":"CH7A"},"9B4":{"t":"C172"},"9B6":{"desc":"L1P"},"9BA":{"t":"PA18"},"9BE":{"t":"P28A"},"9C1":{"t":"C172"},"9C8":{"t":"P28A"},"9C9":{"t":"C172"},"9CC":{"t":"C172"},"9CF":{"t":"CH7A"},"9D1":{"t":"CH7A"},"9D2":{"t":"CH7A"},"9D3":{"t":"CH7A"},"9D4":{"t":"C172"},"9D8":{"t":"P28A"},"9D9":{"t":"PA31"},"9DA":{"t":"C56X"},"9DF":{"t":"E135"},"9E0":{"t":"C180"},"9E4":{"desc":"A1P"},"9E6":{"t":"P28A"},"9E8":{"t":"R44"},"9F3":{"t":"PA30"},"9F4":{"t":"BE20"},"9F6":{"desc":"L1P"},"9FD":{"desc":"L1P"},"A01":{"t":"AS50"},"A03":{"desc":"L1P"},"A0F":{"t":"CL60"},"A10":{"t":"SR22"},"A1A":{"t":"P46T"},"A1C":{"desc":"L1P"},"A1D":{"desc":"L1P"},"A25":{"t":"BE10"},"A29":{"t":"BE36"},"A30":{"t":"CH7B"},"A31":{"desc":"L1P"},"A32":{"t":"B739"},"A36":{"desc":"L2J"},"A3E":{"t":"P28A"},"A42":{"t":"PA30"},"A44":{"t":"SR20"},"A4E":{"t":"C172"},"A58":{"t":"AT8T"},"A5B":{"desc":"L2J"},"A5C":{"t":"C208"},"A66":{"desc":"L1P"},"A77":{"t":"S22T"},"A78":{"t":"GALX"},"A92":{"desc":"L1P"},"A93":{"t":"E145"},"AA2":{"t":"RV12"},"AA8":{"t":"C182"},"AA9":{"t":"SR22"},"AAA":{"desc":"L1P"},"AAE":{"desc":"L1P"},"AB3":{"t":"C56X"},"AB4":{"desc":"L1P"},"AB7":{"t":"C172"},"ABB":{"desc":"L1P"},"ABC":{"desc":"A1P"},"ACC":{"t":"C172"},"AD8":{"desc":"L1P"},"AE6":{"desc":"L1P"},"AED":{"desc":"H1P"},"AEE":{"t":"C208"},"AF0":{"t":"SR22"},"AF5":{"t":"EC30"},"B0A":{"t":"PA44"},"B13":{"t":"B738"},"B1F":{"t":"SR22"},"B20":{"desc":"H4E"},"B22":{"t":"C182"},"B23":{"desc":"L1P"},"B2F":{"desc":"A1P"},"B31":{"t":"COL3"},"B42":{"desc":"H4E"},"B49":{"desc":"L2J"},"B54":{"t":"GLF4"},"B5D":{"desc":"L1P"},"B62":{"desc":"L1P"},"B65":{"desc":"L1P"},"B66":{"desc":"L1P"},"B78":{"t":"PA24"},"B7A":{"desc":"A1P","t":"ULAC"},"B7C":{"t":"A119"},"B81":{"t":"B738"},"B84":{"desc":"L1J"},"B86":{"t":"P28A"},"B89":{"t":"C240"},"B99":{"t":"H25B"},"B9D":{"t":"A319"},"BAA":{"t":"B350"},"BB5":{"desc":"H4E"},"BB6":{"t":"A320"},"BCE":{"desc":"L1P"},"BCF":{"t":"PA12"},"BD3":{"t":"PC12"},"BD9":{"desc":"L1P"},"BE7":{"t":"AA1"},"C36":{"t":"PA18"},"C3A":{"t":"P28B"},"C3D":{"t":"C172"},"C3E":{"t":"C182"},"C40":{"t":"PA32"},"C45":{"t":"C172"},"C49":{"t":"PA32"},"C4C":{"t":"CH7A"},"C50":{"t":"CH7A"},"C53":{"t":"CH7A"},"C55":{"desc":"L1P"},"C57":{"t":"P32R"},"C58":{"t":"P28A"},"C59":{"t":"P32R"},"C61":{"t":"C150"},"C64":{"t":"C206"},"C65":{"t":"P28A"},"C66":{"t":"P28A"},"C67":{"t":"P28A"},"C6A":{"t":"P28A"},"C70":{"t":"CH7A"},"C72":{"t":"CH7A"},"C73":{"t":"CH7A"},"C75":{"t":"C172"},"C76":{"t":"P28T"},"C7A":{"t":"PA34"},"C7C":{"t":"PA18"},"C7F":{"t":"C150"},"C81":{"t":"C150"},"C82":{"t":"S108"},"C8A":{"t":"C182"},"C8C":{"desc":"L1T","t":"SS2P"},"C8D":{"t":"P28A"},"C90":{"t":"C205"},"C91":{"t":"CH7A"},"C92":{"t":"C172"},"C94":{"t":"CH7A"},"C95":{"t":"C182"},"C97":{"t":"CH7A"},"C99":{"t":"CH7A"},"C9A":{"t":"CH7A"},"C9D":{"t":"P28A"},"C9E":{"t":"P32R"},"C9F":{"t":"PA18"},"CA0":{"t":"C172"},"CA2":{"t":"C150"},"CA4":{"t":"C150"},"CA7":{"t":"C150"},"CAB":{"t":"P28A"},"CAE":{"t":"C172"},"CB0":{"t":"P28A"},"CB5":{"t":"C182"},"CB7":{"t":"CH7A"},"CB8":{"t":"CH7A"},"CB9":{"t":"C185"},"CBA":{"t":"CH7A"},"CBB":{"t":"CH7A"},"CBD":{"t":"CH7A"},"CC7":{"t":"C150"},"CCA":{"t":"C150"},"CCC":{"t":"PA24"},"CCF":{"t":"C182"},"CD0":{"t":"C182"},"CD1":{"t":"C206"},"CD6":{"t":"C205"},"CD7":{"t":"C172"},"CD8":{"t":"CH7A"},"CD9":{"t":"C172"},"CDB":{"t":"CH7A"},"CDC":{"t":"CH7A"},"CDD":{"t":"CH7A"},"CDE":{"t":"CH7A"},"CDF":{"t":"C172"},"CEA":{"t":"C150"},"CED":{"t":"T210"},"CEE":{"t":"BE33"},"CEF":{"t":"PA24"},"CF2":{"desc":"H4E"},"CF3":{"t":"C182"},"CF4":{"t":"C172"},"CF6":{"t":"P28A"},"CF7":{"t":"C172"},"CF8":{"t":"PA30"},"CF9":{"t":"C205"},"CFA":{"t":"CH7A"},"CFB":{"t":"CH7A"},"CFD":{"t":"C172"},"D00":{"t":"CH7A"},"D0C":{"t":"BE18"},"D0D":{"t":"PA14"},"D0F":{"t":"C172"},"D10":{"t":"AA5"},"D11":{"t":"BE33"},"D14":{"t":"P28A"},"D15":{"t":"C182"},"D17":{"t":"C172"},"D1B":{"t":"PA18"},"D1D":{"t":"C172"},"D21":{"t":"CH7A"},"D26":{"t":"CH7A"},"D2C":{"t":"C172"},"D2F":{"t":"GLID"},"D32":{"t":"C172"},"D34":{"t":"GLID"},"D35":{"t":"PA24"},"D36":{"t":"C206"},"D38":{"t":"C182"},"D3A":{"t":"C172"},"D3D":{"t":"C172"},"D40":{"t":"CH7A"},"D41":{"t":"CH7A"},"D43":{"t":"CH7A"},"D44":{"t":"C172"},"D45":{"t":"CH7A"},"D49":{"t":"CH7A"},"D4B":{"t":"BE35"},"D4E":{"t":"B47G"},"D51":{"t":"C150"},"D52":{"t":"B47G"},"D53":{"t":"C150"},"D55":{"t":"B47G"},"D57":{"t":"BE35"},"D5A":{"t":"P28A"},"D5B":{"t":"C182"},"D5C":{"desc":"H1T","t":"B47G"},"D5D":{"t":"C172"},"D62":{"t":"C205"},"D64":{"t":"CH7A"},"D65":{"t":"C172"},"D66":{"t":"CH7A"},"D67":{"t":"C172"},"D6A":{"t":"CH7A"},"D6B":{"t":"CH7A"},"D6D":{"desc":"L1P"},"D73":{"t":"P28A"},"D74":{"t":"C150"},"D75":{"t":"GLID"},"D77":{"t":"PA38"},"D78":{"t":"C172"},"D79":{"t":"C182"},"D7C":{"t":"T206"},"D7E":{"t":"C182"},"D7F":{"t":"C182"},"D82":{"t":"P28A"},"D83":{"t":"C172"},"D84":{"t":"PA18"},"D88":{"t":"CH7A"},"D89":{"t":"C172"},"D8A":{"t":"C172"},"D8B":{"t":"CH7A"},"D8E":{"t":"CH7A"},"D8F":{"t":"GC1"},"D90":{"t":"AA5"},"D96":{"t":"E135"},"D98":{"t":"LJ45"},"DAB":{"t":"C208"},"DAD":{"t":"FA7X"},"DB1":{"t":"C172"},"DB8":{"t":"AS50"},"DBB":{"desc":"H4E"},"DC3":{"t":"BE40"},"DC4":{"desc":"L2P"},"DC5":{"t":"SR22"},"DC6":{"t":"G280"},"DC8":{"t":"AC90"},"DCA":{"desc":"G1P"},"DD1":{"t":"C182"},"DD4":{"t":"CL30"},"DDC":{"t":"BE58"},"DDE":{"desc":"L1T"},"DE0":{"t":"S22T"},"DE1":{"t":"SR22"},"DE3":{"t":"GLID"},"DE5":{"t":"R44"},"DE9":{"t":"B739"},"DEA":{"desc":"L1P"},"DF1":{"desc":"L1P"},"DF5":{"desc":"L1P"},"DF8":{"desc":"H1T"},"DFB":{"t":"SR20"},"E01":{"t":"S22T"},"E05":{"t":"C172"},"E06":{"desc":"H4E"},"E10":{"desc":"H4E"},"E12":{"desc":"L2J"},"E13":{"t":"C208"},"E27":{"t":"C560"},"E2D":{"t":"GLF4"},"E39":{"t":"B350"},"E40":{"desc":"L1P"},"E41":{"t":"AT8T"},"E4E":{"desc":"A2P"},"E56":{"desc":"H1T"},"E5A":{"t":"GLF5"},"E5D":{"t":"BE17"},"E67":{"desc":"L1P"},"E6F":{"desc":"H4E"},"E78":{"t":"M7"},"E83":{"t":"C172"},"E8D":{"t":"BALL"},"E8E":{"desc":"L1P","t":"ULAC"},"E92":{"t":"AC90"},"E96":{"desc":"L1P"},"EA4":{"t":"SR22"},"EA7":{"desc":"L1P"},"EA8":{"t":"SR22"},"EA9":{"t":"SR22"},"EAC":{"t":"EC30"},"EB0":{"desc":"L2P"},"EBD":{"t":"H25B"},"EC3":{"desc":"L1P"},"ECA":{"t":"B738"},"ED6":{"desc":"L1P"},"ED7":{"t":"C172"},"EE2":{"t":"S22T"},"F00":{"desc":"L2J"},"F0F":{"desc":"L1P"},"F14":{"desc":"L1P"},"F18":{"desc":"L1P"},"F1C":{"desc":"L1P"},"F24":{"t":"S22T"},"F31":{"t":"SR22"},"F33":{"t":"A119"},"F36":{"desc":"H1P"},"F38":{"t":"B738"},"F3A":{"t":"P32R"},"F3B":{"desc":"L1J"},"F3D":{"t":"P28A"},"F3E":{"desc":"L1P"},"F44":{"desc":"H1T","t":"H60"},"F4F":{"t":"PC12"},"F54":{"t":"A319"},"F5A":{"desc":"H1T","t":"H60"},"F61":{"t":"B350"},"F6C":{"t":"BE36"},"F6D":{"t":"A320"},"F6E":{"desc":"L1P"},"F87":{"desc":"L1T"},"F8E":{"desc":"L1P"},"F97":{"t":"SF50"},"F9E":{"t":"CH7B"},"F9F":{"desc":"L1P"},"FD0":{"desc":"L1P"},"FE9":{"desc":"L1P"},"FEC":{"t":"P28A"},"FED":{"t":"PA18"},"FEF":{"t":"P28A"},"FF0":{"t":"C150"},"FF2":{"t":"C150"},"FF4":{"t":"C172"},"FF5":{"t":"C182"},"FF7":{"t":"PA24"},"FF9":{"t":"P28A"},"FFC":{"t":"C172"}}