{"00B":{"t":"H60"},"010":{"t":"B738"},"018":{"desc":"L3J","t":"A332"},"01C":{"t":"SR20"},"01D":{"t":"C172"},"01F":{"t":"SR22"},"02D":{"t":"F2TH"},"02F":{"t":"P28A"},"046":{"desc":"L2J"},"051":{"t":"C421"},"05A":{"desc":"L1P"},"063":{"t":"E170"},"067":{"t":"LJ35"},"068":{"t":"C172"},"069":{"t":"FA7X"},"075":{"t":"C172"},"077":{"desc":"A1P","t":"ULAC"},"079":{"t":"A119"},"07A":{"desc":"L1P"},"080":{"t":"BE35"},"081":{"desc":"L1J"},"083":{"t":"P28A"},"092":{"t":"B350"},"095":{"t":"C172"},"096":{"t":"C750"},"0A7":{"t":"B350"},"0B3":{"t":"R22"},"0CD":{"t":"C185"},"0E4":{"t":"C182"},"12F":{"desc":"L1P"},"131":{"t":"C172"},"132":{"t":"PA22"},"133":{"t":"PA22"},"135":{"t":"B738"},"136":{"t":"C150"},"139":{"t":"S108"},"13C":{"t":"PA32"},"13D":{"t":"PA24"},"13E":{"t":"BE35"},"142":{"t":"C150"},"145":{"t":"HUSK"},"146":{"t":"PA30"},"147":{"t":"C206"},"149":{"t":"AR11"},"14C":{"t":"AR11"},"14F":{"t":"AR11"},"150":{"t":"AR11"},"152":{"t":"CH7A"},"153":{"desc":"L2P"},"154":{"t":"C172"},"155":{"t":"B738"},"156":{"t":"PA22"},"159":{"t":"C150"},"15C":{"t":"S108"},"15F":{"t":"PA32"},"160":{"t":"PA24"},"162":{"t":"GLID"},"164":{"t":"C182"},"165":{"t":"C172"},"167":{"t":"P28B"},"168":{"desc":"L2P"},"16D":{"t":"AR11"},"16E":{"t":"AR11"},"16F":{"t":"AR11"},"171":{"t":"AR11"},"173":{"t":"ULAC"},"174":{"t":"AR11"},"175":{"desc":"H1T","t":"B505"},"176":{"t":"BE35"},"177":{"t":"C172"},"178":{"t":"PA22"},"179":{"t":"PA22"},"17B":{"t":"B738"},"17F":{"desc":"L2P"},"181":{"t":"BE35"},"183":{"t":"PA24"},"184":{"t":"BE35"},"185":{"t":"GLID"},"186":{"desc":"L2P"},"187":{"t":"C182"},"188":{"t":"C172"},"189":{"t":"CH7A"},"18B":{"desc":"L1P","t":"ULAC"},"18E":{"t":"C337"},"18F":{"t":"AR11"},"190":{"desc":"L1P"},"191":{"t":"AR11"},"192":{"t":"AR11"},"193":{"desc":"L1P"},"196":{"t":"P28A"},"198":{"t":"B407"},"19A":{"t":"C172"},"19E":{"t":"B738"},"1A3":{"t":"ULAC"},"1A4":{"t":"BE33"},"1A6":{"t":"PA24"},"1A7":{"t":"BE35"},"1A8":{"t":"GLID"},"1AB":{"t":"T210"},"1AE":{"t":"C180"},"1B1":{"desc":"L1P","t":"ULAC"},"1B3":{"desc":"G1P","t":"GYRO"},"1B4":{"t":"AR11"},"1B8":{"t":"AR11"},"1BC":{"t":"ULAC"},"1BD":{"t":"C172"},"1BE":{"t":"CRJ2"},"1C0":{"t":"ULAC"},"1C4":{"t":"C150"},"1C5":{"t":"B738"},"1C6":{"desc":"L1P","t":"ULAC"},"1C7":{"t":"BE35"},"1CA":{"t":"BE35"},"1CD":{"t":"C182"},"1CE":{"t":"C172"},"1D0":{"t":"P28B"},"1D3":{"t":"C206"},"1D7":{"t":"AR11"},"1D8":{"t":"AR11"},"1D9":{"t":"AR11"},"1DB":{"desc":"L1P","t":"ULAC"},"1DC":{"desc":"L1P"},"1DF":{"t":"BE35"},"1E1":{"t":"PA22"},"1E2":{"t":"PA22"},"1E3":{"t":"B738"},"1E5":{"t":"C150"},"1E8":{"t":"C340"},"1E9":{"t":"PA25"},"1EB":{"t":"P28A"},"1F1":{"t":"C172"},"1F2":{"t":"CH7B"},"1F8":{"t":"AR11"},"1F9":{"desc":"L1P"},"1FF":{"t":"AR11"},"202":{"desc":"L1P","t":"ULAC"},"203":{"t":"C172"},"204":{"t":"B738"},"206":{"t":"P28R"},"209":{"t":"NAVI"},"20A":{"t":"C150"},"20F":{"t":"PA24"},"212":{"t":"C150"},"214":{"t":"C172"},"21A":{"t":"AR11"},"21D":{"t":"ULAC"},"221":{"t":"AR11"},"222":{"t":"ULAC"},"224":{"desc":"H1T"},"225":{"t":"ULAC"},"226":{"t":"ULAC"},"227":{"t":"PA22"},"228":{"t":"PA22"},"229":{"desc":"L1P","t":"ULAC"},"22B":{"t":"C150"},"22E":{"desc":"L1P"},"230":{"t":"B738"},"232":{"t":"PA24"},"234":{"desc":"L1P","t":"ULAC"},"236":{"t":"C182"},"237":{"t":"C172"},"23A":{"t":"C180"},"23B":{"t":"PA30"},"23C":{"desc":"L1P","t":"ULAC"},"23E":{"t":"C337"},"240":{"t":"AR11"},"246":{"t":"AR11"},"247":{"t":"C680"},"248":{"desc":"L1P","t":"ULAC"},"249":{"t":"ULAC"},"24A":{"t":"ULAC"},"24B":{"t":"PA22"},"24F":{"t":"NAVI"},"250":{"t":"C150"},"253":{"t":"BE33"},"254":{"t":"B738"},"255":{"t":"PA24"},"257":{"t":"GLID"},"258":{"t":"AT3P"},"25B":{"t":"BL8"},"25E":{"desc":"L1P","t":"ULAC"},"25F":{"desc":"L1P","t":"ULAC"},"261":{"desc":"L1P"},"262":{"t":"AR11"},"265":{"t":"AR11"},"266":{"t":"AR11"},"269":{"t":"AR11"},"26B":{"t":"B738"},"271":{"t":"C150"},"276":{"t":"BE35"},"277":{"t":"P28A"},"279":{"t":"BE33"},"27E":{"t":"CH7A"},"27F":{"t":"P28B"},"280":{"t":"C180"},"281":{"t":"ULAC"},"282":{"t":"ULAC"},"283":{"t":"AR11"},"285":{"t":"C182"},"289":{"t":"AR11"},"28D":{"t":"T34P"},"291":{"t":"BL8"},"294":{"desc":"L1P"},"296":{"desc":"H2T"},"299":{"t":"S76"},"29A":{"t":"B738"},"2A0":{"t":"C172"},"2A1":{"t":"C172"},"2A7":{"desc":"L1P"},"2A8":{"t":"C182"},"2A9":{"t":"E145"},"2AA":{"t":"B772"},"2B3":{"t":"BE36"},"2BF":{"t":"ULAC"},"2C0":{"t":"S108"},"2C1":{"t":"P06T"},"2C3":{"t":"B06"},"2C4":{"desc":"L1P"},"2C7":{"t":"C525"},"2C8":{"t":"R22"},"2D9":{"t":"BE55"},"2DA":{"t":"B772"},"2DB":{"desc":"L1P"},"2E5":{"t":"SR20"},"2E6":{"t":"B739"},"2E7":{"t":"PA46"},"2EA":{"t":"BE33"},"30B":{"t":"S22T"},"30F":{"desc":"L2J","t":"B77L"},"310":{"t":"C208"},"317":{"desc":"L1P"},"325":{"t":"MD83"},"334":{"desc":"H4E"},"336":{"desc":"L4J"},"33E":{"t":"C25B"},"340":{"t":"C421"},"352":{"t":"EC30"},"356":{"desc":"L1P"},"35A":{"desc":"L1P"},"367":{"desc":"L1P"},"370":{"t":"BE9L"},"38A":{"t":"BALL"},"390":{"t":"EC30"},"3A1":{"t":"WACO"},"3A2":{"t":"C208"},"3A3":{"t":"AS50"},"3A4":{"t":"H500"},"3AD":{"desc":"L1P"},"3AF":{"t":"R44"},"3B2":{"t":"SR22"},"3B3":{"t":"B407"},"3BD":{"t":"B429"},"3C1":{"t":"PC12"},"3C7":{"t":"B738"},"3CF":{"desc":"L3J","t":"A332"},"3D3":{"t":"P28A"},"3D4":{"t":"PA34"},"3D8":{"desc":"H4E"},"3DF":{"t":"CH7B"},"3E1":{"t":"PC12"},"3E6":{"t":"P28A"},"3FA":{"desc":"H4E"},"3FD":{"desc":"L1P"},"405":{"t":"BE33"},"419":{"t":"CL30"},"41A":{"t":"E170"},"41B":{"t":"BE36"},"41E":{"desc":"L1P","t":"ULAC"},"41F":{"desc":"L1P"},"421":{"t":"BE36"},"424":{"t":"C182"},"425":{"t":"ULAC"},"426":{"t":"SR20"},"429":{"desc":"L1P","t":"ULAC"},"42E":{"desc":"A1P","t":"ULAC"},"430":{"t":"A119"},"433":{"t":"ULAC"},"434":{"desc":"L1P"},"437":{"t":"BE35"},"438":{"desc":"L1J"},"448":{"t":"SR22"},"44C":{"t":"C150"},"44D":{"t":"C750"},"44E":{"desc":"L1P"},"44F":{"t":"SR22"},"45E":{"t":"B350"},"474":{"desc":"L2P"},"484":{"t":"C185"},"490":{"desc":"L1P"},"4A6":{"desc":"L1P"},"4D4":{"t":"BE20"},"4E6":{"desc":"L4P"},"4E7":{"t":"B738"},"4E9":{"t":"PA22"},"4F2":{"t":"BE35"},"4F3":{"t":"P28R"},"4F4":{"t":"PA24"},"4F5":{"t":"BE35"},"4F6":{"desc":"L1P"},"4F8":{"t":"C182"},"4FC":{"desc":"L1P","t":"ULAC"},"4FD":{"t":"ULAC"},"4FE":{"t":"C150"},"501":{"t":"C182"},"503":{"t":"ULAC"},"504":{"desc":"L1P","t":"ULAC"},"505":{"t":"C337"},"508":{"t":"C185"},"50A":{"t":"CRJ2"},"50B":{"t":"C172"},"50C":{"t":"R44"},"50E":{"t":"ULAC"},"50F":{"t":"B738"},"511":{"t":"ULAC"},"515":{"t":"BE33"},"516":{"t":"ULAC"},"518":{"t":"BE35"},"519":{"t":"BE20"},"51B":{"t":"ULAC"},"51D":{"t":"BL8"},"51E":{"t":"P28B"},"51F":{"t":"C180"},"520":{"t":"PA30"},"524":{"t":"AR11"},"526":{"t":"AR11"},"528":{"t":"T6"},"52C":{"desc":"L1P"},"52D":{"desc":"L1P","t":"ULAC"},"52E":{"t":"C172"},"530":{"t":"PA22"},"531":{"desc":"L1P","t":"ULAC"},"532":{"t":"H500"},"533":{"t":"C150"},"534":{"t":"NAVI"},"536":{"t":"B738"},"53A":{"t":"PA24"},"53B":{"t":"BE35"},"53C":{"t":"GLID"},"542":{"desc":"L1P"},"543":{"t":"ULAC"},"545":{"t":"AR11"},"546":{"t":"C337"},"547":{"t":"AR11"},"54A":{"t":"AR11"},"54B":{"t":"AR11"},"54F":{"desc":"L1P"},"551":{"t":"C172"},"553":{"t":"PA22"},"554":{"t":"ULAC"},"558":{"t":"ULAC"},"559":{"t":"B738"},"55B":{"t":"BE95"},"55D":{"t":"PA24"},"55F":{"t":"GLID"},"560":{"t":"C150"},"561":{"t":"C182"},"563":{"t":"CH7B"},"564":{"desc":"L1P","t":"ULAC"},"565":{"desc":"L1P"},"569":{"t":"AR11"},"56B":{"t":"AR11"},"56D":{"t":"AR11"},"56E":{"t":"AR11"},"575":{"t":"PA22"},"579":{"t":"C150"},"57A":{"t":"ULAC"},"57B":{"t":"C150"},"57C":{"t":"S108"},"57E":{"t":"B738"},"57F":{"t":"PA32"},"580":{"t":"PA24"},"581":{"t":"BE33"},"584":{"t":"C182"},"585":{"t":"C172"},"586":{"t":"ULAC"},"587":{"t":"P28B"},"588":{"t":"C180"},"589":{"t":"PA30"},"58A":{"t":"ULAC"},"58B":{"t":"AR11"},"591":{"t":"AR11"},"594":{"t":"AR11"},"596":{"desc":"L1P","t":"ULAC"},"59A":{"t":"B738"},"59C":{"t":"ULAC"},"5A1":{"t":"BE35"},"5A2":{"t":"ULAC"},"5A3":{"t":"ULAC"},"5A5":{"t":"GLID"},"5A8":{"t":"C172"},"5A9":{"t":"CH7B"},"5AC":{"t":"PA30"},"5B0":{"t":"AR11"},"5B1":{"t":"AR11"},"5B2":{"t":"AR11"},"5B4":{"t":"AR11"},"5B6":{"t":"AR11"},"5B8":{"desc":"L1P"},"5BA":{"t":"C172"},"5BB":{"t":"B738"},"5BC":{"t":"PA22"},"5C0":{"t":"NAVI"},"5C8":{"t":"GLID"},"5CA":{"t":"C182"},"5CB":{"t":"C172"},"5CC":{"t":"CH7B"},"5CD":{"t":"P28B"},"5D2":{"t":"AR11"},"5D6":{"t":"AR11"},"5D7":{"t":"AR11"},"5D8":{"t":"C182"},"5D9":{"t":"C182"},"5DF":{"t":"PA22"},"5E0":{"t":"B738"},"5E1":{"t":"H500"},"5E3":{"desc":"H1P"},"5E9":{"t":"PA24"},"5EA":{"t":"BE33"},"5EC":{"t":"C150"},"5ED":{"t":"C182"},"5EE":{"t":"C172"},"5F0":{"t":"P28B"},"5F1":{"t":"C180"},"5F2":{"desc":"H1T"},"5F5":{"t":"AR11"},"5F8":{"t":"AR11"},"5F9":{"t":"AR11"},"5FA":{"t":"AR11"},"5FC":{"t":"C337"},"5FE":{"desc":"L1P"},"600":{"t":"C172"},"603":{"t":"P28A"},"605":{"t":"C340"},"606":{"t":"NAVI"},"609":{"t":"PA25"},"60B":{"t":"B738"},"60F":{"t":"C150"},"611":{"t":"C172"},"612":{"t":"CH7A"},"613":{"t":"P28B"},"615":{"t":"PA30"},"617":{"t":"AR11"},"618":{"t":"AR11"},"61A":{"desc":"H1T"},"61B":{"desc":"L1P"},"61C":{"t":"AR11"},"61D":{"t":"AR11"},"620":{"t":"AR11"},"622":{"desc":"H1P"},"623":{"t":"C172"},"625":{"t":"PA22"},"626":{"t":"P28A"},"627":{"t":"B738"},"62A":{"t":"C150"},"62B":{"t":"S108"},"62C":{"t":"PA25"},"62F":{"t":"PA24"},"634":{"t":"C150"},"635":{"t":"CH7B"},"637":{"t":"C180"},"638":{"t":"PA30"},"63A":{"t":"AR11"},"63B":{"desc":"L1P"},"63D":{"t":"AR11"},"63F":{"t":"AR11"},"640":{"t":"AR11"},"642":{"desc":"H1P"},"644":{"t":"O1"},"648":{"t":"BL8"},"64B":{"desc":"L1P"},"64D":{"desc":"H2T"},"657":{"desc":"H8E"},"658":{"t":"C172"},"659":{"t":"A320"},"65A":{"desc":"L1T"},"664":{"desc":"H4E"},"677":{"t":"S108"},"679":{"t":"C205"},"67B":{"t":"SR22"},"685":{"t":"C172"},"690":{"t":"BE36"},"691":{"t":"B772"},"693":{"t":"TBM7"},"69B":{"desc":"L1P"},"69D":{"t":"B739"},"69E":{"t":"SR20"},"6A2":{"t":"ULAC"},"6A8":{"t":"B06"},"6AF":{"t":"ULAC"},"6C6":{"desc":"L2J","t":"B77L"},"6C7":{"t":"C208"},"6DE":{"desc":"H4E"},"6E3":{"desc":"L1P"},"6E7":{"t":"SR22"},"6EC":{"t":"C510"},"6ED":{"desc":"L4J"},"6FF":{"t":"M20P"},"706":{"t":"BE20"},"710":{"t":"P28A"},"719":{"t":"SF50"},"71E":{"desc":"L1P"},"726":{"t":"C550"},"727":{"t":"AT8T"},"729":{"desc":"L1P"},"72A":{"desc":"L1T","t":"M600"},"732":{"t":"BE23"},"746":{"t":"E55P"},"747":{"t":"EC30"},"74A":{"desc":"L1P"},"758":{"t":"B06"},"75A":{"t":"AS50"},"75B":{"t":"H500"},"760":{"t":"EC30"},"764":{"t":"R44"},"768":{"t":"R44"},"76A":{"t":"C525"},"772":{"desc":"L2J"},"774":{"t":"B429"},"77E":{"t":"B738"},"78A":{"t":"ULAC"},"792":{"t":"SR22"},"79B":{"t":"DA40"},"79D":{"t":"P28A"},"7A2":{"t":"C182"},"7AA":{"desc":"H4E"},"7B4":{"desc":"L2J"},"7C5":{"t":"S22T"},"7CD":{"desc":"L1T"},"7D1":{"t":"E170"},"7D3":{"desc":"H1P"},"7D8":{"desc":"L1P"},"7E0":{"desc":"L1P","t":"ULAC"},"7E3":{"desc":"A1P","t":"ULAC"},"7E5":{"desc":"A1P","t":"ULAC"},"7E7":{"t":"T206"},"7EC":{"t":"PA18"},"7EE":{"t":"BE35"},"7EF":{"desc":"L1J"},"7F1":{"t":"P28A"},"7F6":{"t":"T28"},"803":{"t":"C172"},"815":{"t":"B350"},"817":{"desc":"L1P"},"820":{"t":"WACF"},"830":{"t":"BALL"},"83B":{"t":"C185"},"84B":{"desc":"G1P"},"86D":{"t":"B407"},"886":{"t":"BALL"},"8A0":{"desc":"H1P"},"8A1":{"t":"PA22"},"8A5":{"t":"B738"},"8A6":{"t":"C150"},"8A7":{"t":"S108"},"8A9":{"t":"BE35"},"8AE":{"t":"C150"},"8B2":{"t":"P28B"},"8B4":{"t":"PA30"},"8B9":{"t":"AR11"},"8BD":{"t":"AR11"},"8C1":{"t":"B738"},"8C2":{"t":"C172"},"8C4":{"t":"PA22"},"8C5":{"t":"P28A"},"8C7":{"t":"C150"},"8CC":{"t":"BE33"},"8CD":{"t":"PA32"},"8CF":{"t":"BE35"},"8D0":{"t":"GLID"},"8D3":{"t":"C150"},"8D7":{"t":"PA30"},"8DC":{"t":"AR11"},"8E0":{"t":"AR11"},"8E2":{"t":"AR11"},"8E4":{"t":"B738"},"8E7":{"t":"PA22"},"8E8":{"desc":"H1P"},"8EF":{"t":"BE33"},"8F0":{"t":"PA32"},"8F3":{"t":"GLID"},"8F5":{"t":"C182"},"8F6":{"desc":"H1P"},"8F7":{"t":"BL8"},"8F8":{"t":"P28B"},"8F9":{"desc":"H1P"},"8FA":{"t":"PA30"},"8FC":{"t":"C337"},"8FD":{"t":"AR11"},"8FF":{"t":"AR11"},"900":{"t":"AR11"},"903":{"t":"C182"},"907":{"t":"CRJ2"},"908":{"desc":"H1P"},"90B":{"t":"P28A"},"90C":{"t":"B738"},"90E":{"t":"G164"},"910":{"t":"S108"},"912":{"desc":"L1P"},"914":{"t":"PA24"},"915":{"t":"BE35"},"916":{"t":"GLID"},"917":{"t":"C150"},"918":{"t":"EN28"},"919":{"t":"C172"},"91B":{"t":"P28B"},"91E":{"t":"C206"},"921":{"t":"AR11"},"926":{"desc":"L1P"},"927":{"desc":"H1P"},"928":{"t":"EN28"},"92B":{"desc":"H1P"},"92C":{"t":"PA22"},"930":{"desc":"H1P"},"932":{"t":"B738"},"937":{"t":"PA24"},"938":{"desc":"H1P"},"93A":{"t":"C150"},"93C":{"t":"C172"},"93D":{"t":"CH7B"},"93E":{"t":"P28B"},"940":{"t":"PA30"},"941":{"t":"T206"},"945":{"desc":"H1P"},"946":{"desc":"H1P"},"94D":{"t":"B738"},"950":{"t":"PA22"},"953":{"t":"C150"},"956":{"desc":"H1P"},"958":{"t":"BE35"},"959":{"t":"PA32"},"95B":{"t":"BE55"},"95D":{"t":"C150"},"95E":{"t":"C182"},"95F":{"t":"C172"},"960":{"t":"BL8"},"961":{"desc":"H1P"},"964":{"t":"EN28"},"965":{"t":"AR11"},"967":{"t":"AR11"},"96A":{"t":"C337"},"96B":{"t":"C337"},"96F":{"desc":"L1P"},"970":{"desc":"H1P"},"971":{"t":"B738"},"975":{"t":"H500"},"976":{"t":"C150"},"978":{"t":"C150"},"979":{"t":"S108"},"97B":{"t":"BE35"},"97C":{"t":"PA32"},"97D":{"desc":"H1P"},"980":{"desc":"H1P"},"981":{"t":"C182"},"982":{"t":"C172"},"983":{"t":"CH7B"},"984":{"t":"P28B"},"986":{"t":"PA30"},"989":{"t":"C182"},"98E":{"t":"AR11"},"992":{"desc":"L1P"},"993":{"t":"BE18"},"994":{"t":"B738"},"999":{"t":"C150"},"99D":{"t":"PA25"},"99E":{"t":"BE33"},"9A0":{"t":"PA24"},"9A2":{"t":"GLID"},"9A4":{"t":"C182"},"9A6":{"t":"CH7B"},"9A7":{"t":"P28B"},"9AB":{"t":"AR11"},"9AC":{"t":"AR11"},"9AD":{"t":"AR11"},"9AE":{"t":"AR11"},"9B3":{"t":"AR11"},"9B6":{"t":"B738"},"9B7":{"t":"C172"},"9BC":{"t":"C150"},"9BE":{"t":"C150"},"9C1":{"t":"BE33"},"9C5":{"t":"GLID"},"9C6":{"t":"C150"},"9C7":{"t":"C182"},"9C8":{"t":"C172"},"9C9":{"t":"CH7A"},"9CB":{"desc":"H2T"},"9CD":{"t":"C206"},"9CE":{"desc":"L1P"},"9D3":{"t":"C337"},"9D4":{"t":"AR11"},"9D5":{"t":"AR11"},"9D7":{"t":"C182"},"9D9":{"t":"B738"},"9DB":{"t":"PA20"},"9DC":{"t":"PA22"},"9E0":{"t":"G164"},"9E3":{"t":"PA25"},"9E5":{"t":"PA32"},"9E8":{"t":"GLID"},"9EA":{"t":"C182"},"9EB":{"t":"C172"},"9EC":{"t":"CH7A"},"9ED":{"t":"P28B"},"9EF":{"t":"PA30"},"9F6":{"t":"AR11"},"9F7":{"desc":"S1P","t":"AR11"},"9F8":{"t":"AR11"},"9FC":{"desc":"L1P"},"9FF":{"desc":"L1P"},"A02":{"desc":"L1P"},"A03":{"desc":"H4E"},"A04":{"desc":"H2T"},"A0F":{"t":"C172"},"A17":{"t":"H60"},"A18":{"t":"BL8"},"A19":{"desc":"L1P"},"A2A":{"t":"AA5"},"A2E":{"t":"S108"},"A2F":{"t":"C68A"},"A30":{"t":"PC12"},"A32":{"t":"SR22"},"A33":{"t":"H25B"},"A34":{"t":"SR22"},"A3C":{"t":"C421"},"A48":{"t":"B772"},"A4A":{"t":"R44"},"A4C":{"desc":"L1P"},"A54":{"t":"B739"},"A57":{"t":"T206"},"A5F":{"desc":"L2T"},"A60":{"desc":"L1P"},"A70":{"desc":"L1P"},"A7D":{"desc":"L2J","t":"B77L"},"A7E":{"t":"C208"},"A8A":{"desc":"L1P","t":"ULAC"},"A93":{"t":"MD83"},"A94":{"desc":"L1P","t":"ULAC"},"AA4":{"desc":"L4J"},"AAD":{"t":"B412"},"AC5":{"t":"T206"},"AC6":{"t":"C560"},"AC8":{"desc":"L1P"},"AC9":{"desc":"L1P"},"ACD":{"desc":"L1P"},"AD0":{"desc":"L1P"},"AD5":{"t":"C56X"},"ADD":{"desc":"L1P"},"AF7":{"t":"B06"},"AF8":{"t":"LJ45"},"AFE":{"t":"EC30"},"B10":{"t":"C208"},"B11":{"t":"AS50"},"B12":{"t":"H500"},"B17":{"t":"EC30"},"B1D":{"t":"R44"},"B2B":{"t":"EC35"},"B2F":{"t":"PC12"},"B35":{"t":"B738"},"B41":{"t":"P28A"},"B42":{"t":"C172"},"B4A":{"desc":"L1P"},"B53":{"desc":"L1P"},"B54":{"t":"P28A"},"B6A":{"desc":"H1P"},"B6B":{"desc":"L2J"},"B76":{"desc":"L1P"},"B7D":{"desc":"L1P"},"B83":{"desc":"L1P"},"B88":{"t":"E170"},"B8C":{"t":"BE35"},"B97":{"desc":"L1P","t":"ULAC"},"B9A":{"t":"C172"},"B9C":{"t":"SR22"},"B9E":{"t":"A119"},"BA5":{"t":"BE55"},"BA6":{"t":"C152"},"BA8":{"t":"T206"},"BCC":{"t":"B350"},"BD7":{"t":"WACF"},"BD8":{"desc":"H4E"},"BE2":{"desc":"L2P"},"BF2":{"t":"C185"},"BFB":{"desc":"L1P"},"C54":{"t":"F86"},"C56":{"t":"B738"},"C5B":{"t":"C150"},"C5D":{"t":"C150"},"C5E":{"t":"S108"},"C60":{"t":"BE55"},"C61":{"t":"PA32"},"C62":{"t":"PA24"},"C66":{"t":"C182"},"C67":{"t":"C172"},"C69":{"t":"P28B"},"C6B":{"desc":"H1P"},"C6C":{"t":"C206"},"C6E":{"t":"AR11"},"C70":{"t":"C337"},"C71":{"t":"AR11"},"C73":{"t":"C337"},"C74":{"t":"AR11"},"C76":{"t":"E75L"},"C78":{"t":"B738"},"C7A":{"t":"PA22"},"C7B":{"t":"PA22"},"C7C":{"t":"CRJ2"},"C80":{"t":"C150"},"C83":{"t":"BE33"},"C84":{"t":"PA32"},"C85":{"t":"EN28"},"C87":{"t":"GLID"},"C88":{"t":"C150"},"C8A":{"t":"C172"},"C8B":{"t":"CH7B"},"C8E":{"desc":"H1P"},"C90":{"t":"AR11"},"C91":{"t":"E75L"},"C92":{"t":"E75L"},"C93":{"t":"AR11"},"C94":{"t":"AR11"},"C96":{"t":"E75L"},"C97":{"t":"AR11"},"C98":{"t":"AR11"},"C99":{"t":"AR11"},"C9B":{"t":"B738"},"C9D":{"t":"PA22"},"C9E":{"t":"PA22"},"CA1":{"t":"C150"},"CA2":{"t":"NAVI"},"CA4":{"t":"C340"},"CA6":{"t":"BE35"},"CA8":{"t":"PA24"},"CAC":{"t":"C182"},"CAE":{"t":"CH7B"},"CB1":{"t":"PA30"},"CB4":{"t":"AR11"},"CB5":{"t":"E75L"},"CB6":{"t":"AR11"},"CB7":{"t":"E75L"},"CB9":{"t":"AR11"},"CBB":{"t":"AR11"},"CBE":{"t":"B738"},"CBF":{"t":"C172"},"CC2":{"t":"P28A"},"CC6":{"t":"C150"},"CC7":{"t":"S108"},"CC9":{"t":"BE35"},"CCE":{"t":"C150"},"CD1":{"t":"CH7B"},"CD7":{"t":"AR11"},"CD9":{"t":"AR11"},"CDA":{"t":"E75L"},"CDB":{"t":"AR11"},"CDC":{"t":"E75L"},"CDD":{"t":"AR11"},"CDF":{"t":"AR11"},"CE1":{"t":"B738"},"CE5":{"t":"P28A"},"CE7":{"t":"C150"},"CE8":{"t":"NAVI"},"CE9":{"t":"C150"},"CEA":{"desc":"L1P"},"CED":{"t":"PA32"},"CF0":{"t":"GLID"},"CF1":{"t":"C150"},"CF4":{"t":"CH7B"},"CF5":{"t":"P28B"},"CF9":{"t":"BE33"},"CFB":{"t":"AR11"},"CFC":{"t":"AR11"},"CFD":{"t":"E75L"},"D00":{"t":"E75L"},"D01":{"t":"AR11"},"D05":{"t":"C172"},"D09":{"t":"B738"},"D0A":{"t":"C150"},"D13":{"t":"GLID"},"D14":{"t":"C150"},"D16":{"t":"C150"},"D1A":{"t":"PA30"},"D1B":{"t":"C206"},"D1C":{"t":"E75L"},"D20":{"t":"C182"},"D26":{"t":"GLID"},"D27":{"t":"BE36"},"D28":{"t":"C172"},"D29":{"t":"PA22"},"D2A":{"t":"PA22"},"D30":{"t":"C340"},"D32":{"t":"BE35"},"D35":{"t":"BE35"},"D36":{"t":"GLID"},"D39":{"t":"C172"},"D40":{"t":"AR11"},"D42":{"t":"AR11"},"D43":{"t":"AR11"},"D47":{"t":"AR11"},"D4A":{"t":"B738"},"D4C":{"t":"PA22"},"D50":{"t":"C150"},"D51":{"t":"NAVI"},"D53":{"t":"C340"},"D55":{"t":"BE35"},"D57":{"t":"PA24"},"D58":{"t":"BE55"},"D59":{"t":"GLID"},"D5B":{"t":"C182"},"D5D":{"t":"CH7B"},"D63":{"desc":"L2J"},"D64":{"desc":"L2J"},"D66":{"t":"AR11"},"D67":{"desc":"L2J"},"D6A":{"t":"AR11"},"D6D":{"t":"B738"},"D74":{"t":"G164"},"D75":{"desc":"L1P"},"D77":{"t":"PA25"},"D78":{"t":"BE35"},"D7A":{"t":"PA24"},"D7B":{"t":"BE55"},"D7C":{"t":"GLID"},"D7D":{"t":"C150"},"D7F":{"t":"C172"},"D80":{"t":"BL8"},"D84":{"t":"C206"},"D85":{"t":"AR11"},"D86":{"desc":"L1P"},"D88":{"t":"C337"},"D8B":{"t":"AR11"},"D8C":{"t":"AR11"},"D90":{"t":"BE35"},"D91":{"t":"B738"},"D92":{"t":"PA22"},"D96":{"t":"C150"},"D97":{"t":"NAVI"},"D9B":{"t":"BE35"},"D9D":{"t":"PA24"},"D9F":{"t":"GLID"},"DA0":{"t":"AT3P"},"DA9":{"t":"AR11"},"DAA":{"t":"AR11"},"DAD":{"t":"C337"},"DAE":{"t":"AR11"},"DB1":{"t":"AR11"},"DB2":{"desc":"L1P"},"DB3":{"desc":"L1P"},"DB6":{"desc":"L1P"},"DB9":{"desc":"L1P"},"DBB":{"desc":"H2T"},"DBC":{"desc":"L1P"},"DBD":{"t":"C185"},"DBF":{"t":"H25B"},"DC6":{"t":"C172"},"DCD":{"desc":"A1P","t":"ULAC"},"DCF":{"t":"B772"},"DD2":{"t":"H25B"},"DD4":{"desc":"L1P"},"DD9":{"desc":"L1P"},"DE1":{"desc":"A1P"},"DE5":{"t":"S108"},"DE6":{"t":"B350"},"DE9":{"t":"SR20"},"DEF":{"t":"C172"},"DF1":{"t":"C340"},"DF3":{"t":"C182"},"DFF":{"t":"B772"},"E01":{"t":"H25B"},"E0B":{"t":"B739"},"E17":{"desc":"L1P"},"E18":{"desc":"H4E"},"E34":{"desc":"L2J","t":"B77L"},"E35":{"t":"C208"},"E49":{"desc":"L1P"},"E4A":{"t":"MD83"},"E62":{"t":"B407"},"E66":{"t":"P180"},"E7B":{"t":"CH7B"},"E7D":{"t":"PA46"},"E7E":{"t":"S22T"},"E94":{"desc":"L1P"},"EA2":{"desc":"H1P"},"EAD":{"desc":"L1P"},"EB9":{"t":"P28A"},"EC6":{"desc":"L1P"},"EC8":{"t":"AS50"},"EC9":{"desc":"L2J"},"ECE":{"t":"EC30"},"ED2":{"t":"C750"},"EE2":{"t":"EC35"},"EEC":{"t":"B738"},"EF8":{"desc":"L1P"},"EF9":{"t":"C72R"},"F0B":{"t":"P28A"},"F0D":{"t":"SR22"},"F22":{"desc":"L2J"},"F2A":{"t":"BE33"},"F2D":{"desc":"L1P","t":"ULAC"},"F3A":{"desc":"L1P"},"F3E":{"t":"RV12"},"F3F":{"t":"E170"},"F43":{"t":"BE55"},"F45":{"desc":"L1P"},"F46":{"desc":"L1P"},"F49":{"t":"C208"},"F4E":{"desc":"L1P","t":"ULAC"},"F51":{"t":"C172"},"F53":{"t":"SR22"},"F5D":{"t":"S22T"},"F80":{"desc":"L1P"},"F83":{"t":"B350"},"F8E":{"t":"WACF"},"F97":{"t":"C560"},"F99":{"desc":"L2P"},"FA7":{"desc":"L1P"},"FB3":{"t":"CH7A"},"FF2":{"desc":"H1P"}}