{"00B":{"t":"BALL"},"00C":{"t":"GLID"},"014":{"t":"LJ35"},"02D":{"t":"TBM7"},"02E":{"t":"BE35"},"032":{"t":"FA7X"},"033":{"t":"H269"},"034":{"t":"CRJ2"},"036":{"t":"P28A"},"037":{"t":"S108"},"038":{"desc":"L2J","t":"B38M"},"039":{"t":"BE35"},"03B":{"t":"PA24"},"03D":{"desc":"L1P"},"03E":{"t":"C150"},"03F":{"t":"C182"},"040":{"t":"C172"},"041":{"t":"BL17"},"042":{"desc":"L1P"},"043":{"t":"C182"},"044":{"t":"PA30"},"045":{"t":"C172"},"046":{"t":"J3"},"048":{"desc":"L1P"},"04B":{"t":"J3"},"04C":{"t":"J3"},"04D":{"t":"H269"},"052":{"t":"C172"},"053":{"t":"PA22"},"055":{"desc":"L1P"},"057":{"t":"C340"},"058":{"t":"NAVI"},"05C":{"t":"BE95"},"05F":{"desc":"L2J","t":"B38M"},"063":{"t":"C172"},"065":{"t":"P28B"},"066":{"desc":"L1P"},"067":{"desc":"L1P"},"069":{"t":"J3"},"06B":{"t":"J3"},"06D":{"t":"J3"},"06F":{"t":"C185"},"073":{"t":"CH7B"},"078":{"t":"AT8T"},"079":{"t":"H269"},"07C":{"t":"P28A"},"081":{"t":"PA24"},"082":{"desc":"L2J","t":"B38M"},"083":{"desc":"L1P"},"084":{"t":"C150"},"086":{"t":"C172"},"088":{"t":"P28B"},"089":{"t":"C182"},"08A":{"desc":"L1P"},"08B":{"desc":"L1P"},"08C":{"t":"J3"},"08F":{"t":"J3"},"090":{"desc":"L1P"},"092":{"desc":"L1P"},"093":{"t":"J3"},"095":{"t":"J3"},"096":{"t":"CH7B"},"098":{"t":"C172"},"09A":{"t":"PA22"},"09C":{"t":"H269"},"0A0":{"t":"S108"},"0A1":{"desc":"L2J","t":"B38M"},"0A2":{"t":"BE35"},"0A4":{"t":"PA24"},"0A6":{"desc":"L1P"},"0A7":{"desc":"L1P"},"0A8":{"t":"C182"},"0A9":{"t":"C172"},"0AA":{"t":"BL17"},"0AE":{"desc":"L1P"},"0AF":{"t":"J3"},"0B0":{"t":"J3"},"0B1":{"t":"J3"},"0B2":{"t":"J3"},"0B4":{"t":"J3"},"0B7":{"t":"J3"},"0B8":{"t":"J3"},"0B9":{"t":"BL8"},"0BB":{"desc":"L1P"},"0C2":{"t":"P28A"},"0C3":{"t":"S108"},"0C4":{"desc":"L2J","t":"B38M"},"0C5":{"desc":"L1P"},"0C6":{"t":"P28A"},"0C7":{"desc":"L1P"},"0C8":{"desc":"L1T","t":"SS2P"},"0C9":{"t":"B14C"},"0CC":{"t":"C172"},"0CE":{"t":"GLID"},"0CF":{"t":"C182"},"0D1":{"t":"C172"},"0D6":{"t":"J3"},"0D9":{"t":"CH7A"},"0DC":{"t":"CL30"},"0DF":{"t":"PA22"},"0E3":{"t":"C150"},"0E5":{"t":"P28A"},"0E7":{"desc":"L2J","t":"B38M"},"0EC":{"t":"B14C"},"0ED":{"t":"C150"},"0EE":{"t":"C182"},"0F4":{"t":"C172"},"0F8":{"t":"J3"},"0F9":{"t":"J3"},"0FA":{"t":"CH7B"},"0FC":{"t":"CH7B"},"0FD":{"t":"J3"},"0FE":{"t":"BL8"},"0FF":{"t":"CH7B"},"102":{"t":"PA22"},"108":{"t":"P28A"},"109":{"desc":"L1P"},"10A":{"desc":"L1P"},"10C":{"t":"P28A"},"10D":{"t":"PA24"},"10E":{"desc":"L2J","t":"B38M"},"110":{"desc":"H1P"},"114":{"t":"P28B"},"116":{"desc":"L1P"},"117":{"t":"C172"},"118":{"t":"J3"},"119":{"desc":"L1P"},"11A":{"t":"J3"},"11B":{"t":"CH7B"},"11C":{"t":"J3"},"11D":{"t":"CH7B"},"11E":{"t":"CH7A"},"120":{"t":"J3"},"121":{"t":"J3"},"122":{"t":"CH7B"},"124":{"t":"C172"},"126":{"t":"PA22"},"129":{"t":"C150"},"12A":{"t":"NAVI"},"12B":{"t":"P28A"},"12D":{"desc":"L2J","t":"B38M"},"12E":{"t":"BE35"},"12F":{"t":"P28A"},"130":{"t":"PA24"},"131":{"t":"SS2P"},"135":{"t":"C150"},"136":{"t":"BL17"},"137":{"t":"P28B"},"139":{"t":"PA30"},"13A":{"desc":"L1P"},"13B":{"t":"J3"},"13D":{"t":"J3"},"13E":{"t":"J3"},"13F":{"t":"J3"},"140":{"t":"J3"},"143":{"t":"CH7B"},"144":{"t":"CH7A"},"147":{"desc":"L1P"},"149":{"t":"PA22"},"14D":{"t":"CRJ2"},"14E":{"t":"P28A"},"14F":{"t":"S108"},"151":{"t":"J3"},"154":{"desc":"L2J","t":"B38M"},"155":{"t":"B14C"},"156":{"t":"C150"},"157":{"t":"C182"},"158":{"t":"C172"},"15A":{"t":"P28B"},"15C":{"t":"PA30"},"15E":{"t":"BL8"},"15F":{"t":"CH7B"},"160":{"t":"J3"},"161":{"t":"CH7B"},"163":{"t":"CH7B"},"164":{"t":"CH7A"},"166":{"desc":"L1P"},"168":{"t":"CH7A"},"16A":{"t":"C172"},"173":{"desc":"L2J","t":"B38M"},"174":{"t":"BE33"},"176":{"t":"PA24"},"179":{"t":"C150"},"17B":{"desc":"L1P"},"17C":{"t":"BL17"},"17D":{"desc":"H2T"},"17E":{"t":"C182"},"181":{"t":"J3"},"182":{"t":"J3"},"183":{"t":"CH7B"},"187":{"t":"J3"},"188":{"t":"J3"},"189":{"t":"CH7B"},"18A":{"desc":"L1P"},"18B":{"desc":"L1P"},"18C":{"t":"C550"},"18E":{"t":"PC12"},"18F":{"t":"C172"},"190":{"t":"F2TH"},"192":{"t":"H25B"},"193":{"desc":"L1P"},"19D":{"t":"CRJ2"},"1A6":{"t":"P68"},"1A7":{"desc":"L1P"},"1AC":{"t":"CL60"},"1AF":{"t":"B788"},"1BA":{"desc":"L1P"},"1BE":{"t":"S22T"},"1BF":{"t":"S22T"},"1C1":{"t":"CL30"},"1C2":{"t":"BE95"},"1C3":{"t":"F2TH"},"1C8":{"desc":"H8E"},"1D7":{"t":"S108"},"1D9":{"t":"PA46"},"1DA":{"desc":"L1P"},"1E2":{"desc":"L1P","t":"ULAC"},"1E3":{"desc":"L1P"},"1E4":{"t":"B739"},"1E8":{"desc":"L1P"},"1E9":{"t":"P32R"},"1F5":{"desc":"L1P"},"202":{"desc":"L1P"},"203":{"t":"C680"},"209":{"desc":"L1P"},"20D":{"t":"C185"},"20E":{"t":"C208"},"210":{"t":"PC12"},"21B":{"t":"PA44"},"223":{"desc":"L2J"},"224":{"desc":"L1P"},"22D":{"desc":"L2P"},"230":{"desc":"L1P"},"233":{"desc":"L1P"},"234":{"t":"AS50"},"237":{"t":"BE36"},"23B":{"t":"BE55"},"23E":{"desc":"H1P"},"247":{"desc":"L2J"},"249":{"t":"T206"},"24C":{"t":"GLF5"},"256":{"desc":"L1P"},"25A":{"t":"C182"},"25C":{"t":"F2TH"},"25D":{"t":"GLF4"},"262":{"t":"C425"},"264":{"desc":"L1P"},"266":{"t":"BE58"},"268":{"t":"SR22"},"26D":{"desc":"L1P","t":"ULAC"},"26F":{"t":"P28A"},"270":{"desc":"L1P"},"272":{"t":"R44"},"286":{"t":"DA42"},"287":{"t":"C172"},"297":{"desc":"L1P"},"298":{"desc":"H2T"},"2A0":{"desc":"L1P"},"2A2":{"t":"BE20"},"2A3":{"t":"BALL"},"2A7":{"t":"EC30"},"2A8":{"t":"LJ45"},"2B0":{"desc":"L1P"},"2B1":{"t":"BALL"},"2C5":{"t":"B738"},"2D2":{"t":"C82S"},"2D3":{"t":"C182"},"2D6":{"desc":"H4E"},"2D8":{"t":"S22T"},"2D9":{"desc":"L1P"},"2DA":{"t":"C310"},"2DD":{"t":"S22T"},"2E1":{"t":"C185"},"2EA":{"t":"F2TH"},"303":{"t":"BE35"},"306":{"t":"C525"},"307":{"t":"PA18"},"308":{"t":"E55P"},"30C":{"t":"PA32"},"30E":{"t":"COL4"},"30F":{"t":"C310"},"317":{"desc":"L1P"},"318":{"t":"PA18"},"31C":{"t":"BE33"},"31D":{"t":"C208"},"31E":{"desc":"L2J"},"31F":{"desc":"L1P","t":"ULAC"},"320":{"t":"AS50"},"325":{"t":"C550"},"328":{"t":"C25C"},"32A":{"t":"C182"},"32C":{"t":"SR22"},"32E":{"desc":"L2J"},"335":{"desc":"H1P"},"336":{"t":"P28A"},"338":{"t":"SR22"},"33E":{"t":"C414"},"346":{"t":"GLEX"},"347":{"desc":"L1P"},"34A":{"t":"PC12"},"34F":{"t":"A319"},"357":{"t":"DA40"},"368":{"desc":"L1P"},"369":{"t":"SF50"},"36A":{"t":"SF50"},"372":{"desc":"H6E"},"375":{"t":"C56X"},"380":{"t":"DA40"},"381":{"t":"C172"},"383":{"t":"S22T"},"384":{"t":"SR22"},"387":{"desc":"H6E"},"38C":{"t":"DH8D"},"38E":{"desc":"L1P"},"392":{"t":"GLEX"},"396":{"t":"P32R"},"3A7":{"t":"SR22"},"3C0":{"desc":"L3E"},"3C6":{"t":"B762"},"3D9":{"desc":"L1P"},"3E5":{"t":"BE35"},"3E7":{"t":"PA22"},"3E8":{"t":"PA22"},"3EB":{"t":"C150"},"3EC":{"t":"NAVI"},"3EF":{"desc":"L2J","t":"B38M"},"3F1":{"t":"P28A"},"3F3":{"t":"SS2P"},"3F6":{"desc":"L1P"},"3F7":{"t":"C172"},"3F9":{"t":"P28B"},"3FA":{"t":"C182"},"3FD":{"t":"J3"},"3FE":{"t":"J3"},"402":{"t":"J3"},"404":{"t":"J3"},"405":{"desc":"L1P"},"406":{"t":"J3"},"407":{"desc":"L1P"},"409":{"t":"C172"},"412":{"desc":"L2J","t":"B38M"},"416":{"t":"SS2P"},"417":{"t":"B14C"},"41A":{"t":"C172"},"41B":{"t":"BL17"},"41D":{"t":"C182"},"41E":{"t":"PA30"},"420":{"t":"CH7B"},"422":{"t":"J3"},"423":{"t":"J3"},"424":{"t":"J3"},"428":{"t":"CH7B"},"429":{"t":"CH7B"},"42A":{"t":"C185"},"42C":{"desc":"L1P"},"42E":{"t":"PA22"},"42F":{"desc":"L1P"},"431":{"desc":"H4E"},"432":{"t":"NAVI"},"434":{"t":"S108"},"436":{"t":"BE35"},"437":{"t":"P28A"},"438":{"t":"PA24"},"439":{"desc":"L2J","t":"B38M"},"43B":{"t":"C150"},"43C":{"desc":"L1P"},"43E":{"t":"BL17"},"440":{"t":"C182"},"441":{"t":"PA30"},"444":{"t":"J3"},"445":{"t":"J3"},"446":{"t":"J3"},"447":{"desc":"L1P"},"44B":{"desc":"L1P"},"44C":{"t":"J3"},"44D":{"desc":"L1P"},"44E":{"t":"BE35"},"450":{"t":"P32R"},"453":{"desc":"L1P"},"455":{"t":"NAVI"},"457":{"desc":"L1P"},"459":{"t":"BE95"},"45A":{"t":"P28A"},"45B":{"t":"PA24"},"45C":{"desc":"L2J","t":"B38M"},"45F":{"t":"C182"},"460":{"t":"C172"},"461":{"t":"BL17"},"462":{"t":"P28B"},"463":{"t":"C182"},"465":{"t":"C172"},"466":{"t":"CH7B"},"468":{"t":"J3"},"469":{"t":"J3"},"46A":{"t":"CH7A"},"46B":{"desc":"L1P"},"46C":{"t":"J3"},"46D":{"t":"J3"},"470":{"t":"BE55"},"472":{"t":"C172"},"473":{"t":"PA34"},"476":{"t":"P28A"},"478":{"t":"J3"},"479":{"t":"P28A"},"47A":{"desc":"L2J","t":"B38M"},"47D":{"t":"P28A"},"480":{"desc":"L1P"},"482":{"t":"C182"},"486":{"t":"C182"},"487":{"t":"PA30"},"489":{"t":"CH7A"},"48C":{"t":"J3"},"48D":{"t":"BL8"},"48F":{"t":"J3"},"490":{"t":"J3"},"491":{"t":"RV12"},"492":{"t":"BL8"},"494":{"t":"BE35"},"495":{"t":"C172"},"49A":{"desc":"H4E"},"49E":{"desc":"L2J","t":"B38M"},"49F":{"t":"BE35"},"4A0":{"t":"P28A"},"4A2":{"t":"SS2P"},"4A5":{"t":"C182"},"4A6":{"desc":"L1P"},"4AA":{"t":"PA30"},"4AB":{"t":"C172"},"4AD":{"t":"J3"},"4B1":{"t":"J3"},"4B2":{"t":"CH7B"},"4B5":{"desc":"L1P"},"4B9":{"t":"PA22"},"4BF":{"t":"P28A"},"4C1":{"t":"PA25"},"4C5":{"desc":"L2J","t":"B38M"},"4C9":{"t":"C172"},"4CC":{"t":"BE33"},"4D0":{"t":"BL8"},"4D1":{"t":"J3"},"4D2":{"t":"J3"},"4D3":{"t":"J3"},"4D4":{"t":"CH7B"},"4D5":{"t":"J3"},"4D8":{"t":"J3"},"4DC":{"t":"P28A"},"4DF":{"desc":"H4E"},"4E2":{"t":"P28A"},"4E3":{"t":"S108"},"4E4":{"desc":"L2J","t":"B38M"},"4E5":{"t":"SR22"},"4E7":{"t":"PA24"},"4E8":{"t":"SS2P"},"4E9":{"desc":"L1P"},"4EA":{"t":"C150"},"4EB":{"t":"C182"},"4F0":{"t":"PA30"},"4F1":{"t":"C172"},"4F2":{"t":"J3"},"4F4":{"t":"CH7B"},"4F6":{"t":"J3"},"4F7":{"t":"J3"},"4F8":{"t":"J3"},"4FB":{"t":"J3"},"4FC":{"t":"O1"},"4FE":{"t":"C172"},"504":{"t":"NAVI"},"506":{"desc":"L1P"},"508":{"t":"SR22"},"50B":{"desc":"L2J","t":"B38M"},"50C":{"t":"BE35"},"50E":{"t":"C172"},"50F":{"t":"C172"},"513":{"t":"PA30"},"515":{"t":"J3"},"516":{"t":"CH7B"},"517":{"t":"CH7B"},"518":{"t":"J3"},"519":{"t":"CH7B"},"51B":{"t":"J3"},"51D":{"t":"CH7B"},"51E":{"t":"BL8"},"520":{"t":"BE35"},"524":{"t":"P28R"},"526":{"t":"C150"},"52A":{"desc":"L2J","t":"B38M"},"52B":{"t":"BE33"},"52D":{"t":"PA24"},"530":{"t":"C150"},"532":{"t":"C172"},"534":{"t":"P28B"},"539":{"t":"CH7B"},"53A":{"t":"J3"},"53B":{"t":"J3"},"53C":{"t":"BL8"},"53E":{"t":"CH7A"},"541":{"t":"J3"},"543":{"t":"AT8T"},"545":{"t":"SR20"},"546":{"t":"E35L"},"547":{"t":"F2TH"},"549":{"t":"PC12"},"555":{"t":"PA44"},"55B":{"t":"RV12"},"55C":{"t":"BE35"},"55F":{"t":"C414"},"566":{"desc":"L1P"},"567":{"t":"B788"},"575":{"t":"S22T"},"576":{"t":"LJ45"},"579":{"t":"SR22"},"57D":{"desc":"L1P"},"583":{"t":"C182"},"587":{"t":"BE36"},"58E":{"t":"S108"},"590":{"t":"C180"},"591":{"t":"SW4"},"593":{"t":"GLF4"},"594":{"t":"SR22"},"599":{"t":"GLF4"},"59A":{"desc":"L1P"},"59B":{"t":"B739"},"59F":{"t":"DA40"},"5AA":{"t":"BE33"},"5B3":{"t":"C340"},"5BB":{"desc":"L9E"},"5C0":{"t":"AA5"},"5C3":{"t":"C82R"},"5C4":{"t":"B77L"},"5C5":{"t":"C208"},"5D2":{"t":"PA44"},"5D9":{"desc":"L1P"},"5DD":{"t":"R44"},"5E4":{"t":"C320"},"5EB":{"t":"AS50"},"5F2":{"desc":"L1P"},"5FE":{"desc":"L1P"},"60D":{"t":"L8"},"613":{"t":"M7"},"617":{"desc":"H4E"},"619":{"t":"BE20"},"61F":{"t":"C82S"},"625":{"t":"AT8T"},"626":{"t":"C750"},"627":{"t":"R22"},"630":{"desc":"A1P"},"632":{"t":"B06"},"63D":{"t":"DA42"},"63E":{"t":"C172"},"63F":{"t":"C182"},"64F":{"t":"G280"},"657":{"desc":"L1P"},"658":{"t":"H60"},"65E":{"t":"EC30"},"662":{"desc":"L1P"},"666":{"t":"GALX"},"668":{"t":"BE58"},"66E":{"t":"C525"},"66F":{"t":"ST75"},"672":{"t":"B06"},"67C":{"t":"B738"},"686":{"t":"B06"},"68C":{"desc":"L1P"},"694":{"desc":"L1P"},"69E":{"t":"GLF5"},"6A1":{"t":"C182"},"6A5":{"desc":"H4E"},"6BA":{"t":"BE35"},"6BC":{"t":"C550"},"6C1":{"desc":"L1P"},"6C5":{"desc":"L2P"},"6CE":{"desc":"L1P"},"6CF":{"t":"E170"},"6D5":{"desc":"L2J"},"6D6":{"t":"LJ35"},"6D9":{"t":"CRJ2"},"6DE":{"t":"SR22"},"6E1":{"t":"C182"},"6E3":{"t":"SR22"},"6E5":{"t":"A119"},"6EC":{"t":"BE35"},"6EF":{"t":"C172"},"6F4":{"desc":"L1P"},"6F8":{"t":"P32R"},"6FA":{"desc":"L2T"},"6FE":{"t":"GLID"},"700":{"desc":"H2T"},"706":{"t":"A319"},"713":{"t":"B350"},"739":{"t":"SR22"},"73D":{"t":"C550"},"743":{"t":"DH8D"},"745":{"desc":"L1P"},"749":{"t":"GLF5"},"74C":{"desc":"A1P"},"753":{"desc":"H4E"},"76D":{"t":"FA10"},"77F":{"desc":"L1P"},"782":{"desc":"L1P"},"79B":{"desc":"L1P"},"79D":{"t":"C172"},"79F":{"t":"PA22"},"7A0":{"t":"P28A"},"7A2":{"t":"C150"},"7A4":{"t":"P28A"},"7A5":{"t":"S108"},"7A6":{"desc":"L2J","t":"B38M"},"7AF":{"t":"BL17"},"7B4":{"t":"CH7B"},"7B5":{"t":"J3"},"7B6":{"t":"CH7B"},"7B8":{"t":"J3"},"7BB":{"t":"J3"},"7BD":{"t":"J3"},"7C1":{"t":"G150"},"7C3":{"t":"P28A"},"7C4":{"t":"H269"},"7C6":{"t":"NAVI"},"7C7":{"t":"P28A"},"7C9":{"t":"PA25"},"7CF":{"desc":"L2J","t":"B38M"},"7D0":{"t":"C182"},"7D1":{"t":"C172"},"7D7":{"t":"J3"},"7D8":{"t":"J3"},"7DA":{"t":"J3"},"7DB":{"t":"CH7B"},"7DC":{"t":"BL8"},"7DE":{"t":"J3"},"7DF":{"t":"J3"},"7E0":{"t":"J3"},"7E2":{"t":"BE35"},"7E3":{"t":"C172"},"7E4":{"desc":"L1P"},"7E5":{"t":"PA22"},"7E6":{"t":"SR22"},"7E8":{"t":"S22T"},"7EA":{"t":"BL17"},"7ED":{"t":"BE33"},"7EE":{"t":"P28A"},"7EF":{"t":"PA24"},"7F0":{"desc":"L2J","t":"B38M"},"7F2":{"t":"C150"},"7F3":{"t":"C182"},"7F7":{"t":"C182"},"7F9":{"t":"PA34"},"7FA":{"t":"J3"},"7FC":{"t":"J3"},"7FD":{"t":"CH7B"},"7FF":{"t":"J3"},"800":{"t":"J3"},"801":{"t":"CH7B"},"807":{"t":"P28A"},"80A":{"t":"H269"},"80C":{"t":"T210"},"80D":{"t":"P28A"},"810":{"t":"BE33"},"811":{"t":"P28A"},"812":{"t":"PA18"},"813":{"desc":"L2J","t":"B38M"},"815":{"desc":"H4E"},"816":{"t":"C182"},"817":{"t":"C172"},"819":{"t":"P28B"},"81B":{"t":"PA30"},"81D":{"t":"CH7B"},"81E":{"t":"J3"},"820":{"t":"CH7B"},"821":{"t":"J3"},"822":{"t":"J3"},"823":{"t":"J3"},"824":{"t":"CH7B"},"829":{"t":"C172"},"82A":{"t":"P28A"},"82C":{"t":"P28R"},"82E":{"t":"C150"},"830":{"t":"P28A"},"831":{"t":"S108"},"833":{"t":"BE35"},"834":{"t":"P28A"},"835":{"t":"PA24"},"836":{"desc":"L2J","t":"B38M"},"838":{"desc":"H4E"},"839":{"t":"C182"},"841":{"t":"BL8"},"842":{"t":"J3"},"843":{"t":"CH7A"},"845":{"t":"CH7B"},"846":{"t":"J3"},"849":{"t":"J3"},"84B":{"t":"C172"},"851":{"t":"C404"},"852":{"t":"NAVI"},"853":{"t":"P28A"},"854":{"t":"S108"},"857":{"t":"P28A"},"859":{"desc":"L2J","t":"B38M"},"85D":{"t":"C172"},"85E":{"t":"BL17"},"85F":{"t":"P28B"},"862":{"t":"PA18"},"864":{"t":"J3"},"865":{"t":"CH7B"},"866":{"t":"J3"},"869":{"t":"CH7B"},"86A":{"t":"J3"},"86B":{"t":"CH7B"},"86C":{"desc":"L1P"},"86E":{"t":"BE35"},"871":{"t":"PA22"},"874":{"t":"C150"},"879":{"t":"BE35"},"87A":{"t":"P28A"},"87B":{"t":"PA24"},"87C":{"desc":"L2J","t":"B38M"},"87F":{"t":"C182"},"881":{"t":"BL17"},"885":{"t":"C172"},"88A":{"t":"BL8"},"88B":{"t":"CH7B"},"88C":{"t":"BL8"},"88E":{"t":"BL8"},"88F":{"t":"J3"},"894":{"desc":"H4E"},"89C":{"t":"BE35"},"89F":{"desc":"L2J","t":"B38M"},"8A0":{"desc":"L1P"},"8A8":{"t":"C172"},"8A9":{"t":"J3"},"8AC":{"t":"CH7B"},"8AF":{"t":"CH7B"},"8B0":{"t":"BL8"},"8B1":{"t":"BL8"},"8B2":{"t":"J3"},"8B3":{"desc":"L1P"},"8B5":{"t":"C172"},"8B6":{"t":"P28R"},"8B7":{"t":"CRJ2"},"8B9":{"t":"H269"},"8BD":{"desc":"L1P"},"8BE":{"desc":"L2J","t":"B38M"},"8BF":{"desc":"L1T","t":"M600"},"8C1":{"t":"PA24"},"8C2":{"t":"SS2P"},"8C6":{"t":"C172"},"8C7":{"t":"BL17"},"8CA":{"t":"C77R"},"8CB":{"t":"C172"},"8CC":{"t":"CH7B"},"8CD":{"t":"CH7B"},"8CE":{"t":"J3"},"8D3":{"t":"BL8"},"8D4":{"t":"BL8"},"8D6":{"desc":"L1P"},"8D7":{"t":"GLID"},"8D9":{"t":"PA20"},"8DA":{"t":"PA22"},"8E1":{"t":"PA25"},"8E4":{"t":"PA24"},"8E5":{"desc":"L2J","t":"B38M"},"8E6":{"desc":"L1P"},"8E7":{"t":"AT3P"},"8EB":{"t":"P28B"},"8EE":{"t":"C172"},"8EF":{"t":"BL8"},"8F1":{"t":"J3"},"8F3":{"t":"J3"},"8F4":{"t":"J3"},"8F6":{"t":"BL8"},"8F8":{"t":"J3"},"8FA":{"t":"GLF5"},"8FB":{"t":"PC12"},"8FD":{"t":"P28R"},"905":{"t":"S76"},"90C":{"t":"PA44"},"916":{"t":"B712"},"91F":{"t":"B788"},"924":{"desc":"H4E"},"92C":{"t":"P28A"},"92D":{"t":"TBM8"},"92F":{"t":"PC12"},"930":{"t":"SR22"},"931":{"t":"F2TH"},"933":{"desc":"L1P"},"938":{"desc":"L1P"},"93A":{"t":"C182"},"93C":{"t":"TBM7"},"946":{"desc":"L1P"},"948":{"t":"DV20"},"949":{"t":"C182"},"94B":{"t":"R44"},"952":{"t":"B739"},"953":{"t":"C182"},"95F":{"desc":"L2T"},"969":{"t":"SR22"},"96A":{"desc":"L1P"},"96F":{"t":"SR22"},"97B":{"t":"B77L"},"97C":{"t":"C208"},"985":{"t":"ULAC"},"991":{"desc":"L2J"},"992":{"t":"B350"},"99E":{"t":"ULAC"},"9A2":{"t":"AS50"},"9B7":{"t":"T206"},"9C3":{"t":"C680"},"9C4":{"desc":"L1P"},"9C6":{"desc":"L1P"},"9CB":{"t":"BL8"},"9D0":{"t":"SR22"},"9D3":{"t":"GLID"},"9DC":{"t":"BE20"},"9E5":{"desc":"L1T","t":"C182"},"9E9":{"t":"ULAC"},"9F4":{"t":"DA42"},"9F5":{"t":"AT5T"},"9F7":{"t":"EA50"},"9F8":{"t":"GLF4"},"9FE":{"desc":"L1P"},"A10":{"desc":"H6E"},"A11":{"t":"PAY1"},"A1F":{"t":"C525"},"A23":{"desc":"L1P"},"A2A":{"desc":"H2T"},"A33":{"t":"B738"},"A40":{"t":"TBM7"},"A45":{"t":"C56X"},"A47":{"desc":"H6E"},"A4B":{"t":"R44"},"A59":{"desc":"L2T"},"A62":{"t":"H60"},"A71":{"t":"BE35"},"A72":{"t":"F900"},"A73":{"t":"H60"},"A82":{"desc":"L1T"},"A85":{"desc":"L1P"},"A86":{"t":"FA50"},"A8C":{"desc":"L2J"},"A8D":{"t":"C56X"},"A93":{"t":"GLF5"},"A95":{"t":"F2TH"},"A98":{"t":"C208"},"A9C":{"t":"A119"},"AA3":{"t":"BE35"},"AA4":{"desc":"L1J"},"AA6":{"desc":"L1P"},"AA9":{"t":"SR22"},"AB3":{"t":"CL30"},"AB5":{"desc":"L1P"},"AB8":{"t":"CL30"},"AB9":{"t":"C560"},"ABD":{"t":"A319"},"ACA":{"t":"B350"},"AEE":{"desc":"L1P"},"AFA":{"t":"DH8D"},"AFE":{"t":"R44"},"B21":{"t":"BALL"},"B52":{"desc":"L1P"},"B53":{"t":"BE35"},"B55":{"desc":"L1P"},"B59":{"t":"C150"},"B5B":{"t":"P28A"},"B5D":{"t":"PA25"},"B5E":{"t":"BE35"},"B60":{"t":"PA24"},"B61":{"desc":"L2J","t":"B38M"},"B62":{"t":"ULAC"},"B64":{"t":"C182"},"B6C":{"t":"E75L"},"B6D":{"t":"J3"},"B6E":{"t":"CH7B"},"B6F":{"t":"J3"},"B70":{"t":"BL8"},"B72":{"t":"CH7B"},"B74":{"t":"BL8"},"B75":{"t":"BE60"},"B76":{"t":"BE35"},"B77":{"t":"PA18"},"B78":{"t":"PA22"},"B80":{"desc":"L2J","t":"B38M"},"B81":{"t":"BE95"},"B82":{"t":"P28A"},"B87":{"t":"C182"},"B8A":{"t":"P28B"},"B8D":{"t":"C172"},"B8E":{"t":"E75L"},"B8F":{"t":"CH7B"},"B90":{"t":"BL8"},"B91":{"t":"J3"},"B92":{"t":"CH7B"},"B93":{"t":"CH7B"},"B95":{"t":"BE17"},"B97":{"t":"CH7A"},"B9A":{"t":"C172"},"B9B":{"t":"PA22"},"B9C":{"t":"PA22"},"BA0":{"desc":"L2J","t":"B38M"},"BA1":{"t":"P28A"},"BA3":{"t":"PA25"},"BA6":{"t":"PA24"},"BA9":{"t":"C150"},"BAA":{"t":"C182"},"BB0":{"t":"C172"},"BB3":{"t":"CH7B"},"BB6":{"t":"E75L"},"BB7":{"t":"E75L"},"BB8":{"t":"E75L"},"BB9":{"t":"E75L"},"BBA":{"t":"BL8"},"BBB":{"t":"GLF6"},"BBC":{"t":"BE33"},"BC3":{"t":"NAVI"},"BC6":{"desc":"L2J","t":"B38M"},"BC7":{"t":"BE33"},"BC9":{"t":"PA24"},"BCB":{"t":"B14C"},"BCF":{"t":"BL17"},"BD1":{"t":"C182"},"BD2":{"t":"PA30"},"BD4":{"t":"E75L"},"BD5":{"t":"E75L"},"BD6":{"t":"E75L"},"BD7":{"t":"J3"},"BD8":{"t":"J3"},"BD9":{"t":"E75L"},"BDA":{"t":"CH7A"},"BDB":{"t":"CH7B"},"BDC":{"t":"J3"},"BDD":{"t":"J3"},"BE1":{"t":"PA22"},"BE6":{"t":"G164"},"BE9":{"desc":"L2J","t":"B38M"},"BEA":{"t":"BE35"},"BEF":{"t":"C150"},"BF0":{"t":"C182"},"BF1":{"t":"C172"},"BF4":{"t":"C182"},"BF5":{"desc":"L1P"},"BF7":{"t":"J3"},"BF8":{"t":"E75L"},"BFB":{"t":"J3"},"BFC":{"t":"CH7B"},"BFD":{"t":"E75L"},"BFF":{"t":"CH7A"},"C00":{"t":"J3"},"C01":{"desc":"L1P"},"C04":{"t":"PA22"},"C05":{"t":"PA22"},"C07":{"t":"H269"},"C08":{"t":"C150"},"C0B":{"t":"S108"},"C0D":{"t":"BE35"},"C0E":{"t":"P28A"},"C0F":{"t":"PA24"},"C10":{"desc":"L2J","t":"B38M"},"C11":{"desc":"L1P"},"C12":{"t":"C150"},"C16":{"t":"P28B"},"C19":{"t":"C172"},"C1A":{"t":"CH7B"},"C1B":{"t":"CH7B"},"C1C":{"t":"BL8"},"C1D":{"t":"CH7B"},"C1E":{"t":"J3"},"C1F":{"t":"J3"},"C22":{"t":"J3"},"C23":{"t":"E75L"},"C25":{"t":"CRJ2"},"C2A":{"t":"H269"},"C2D":{"t":"P28A"},"C2E":{"t":"S108"},"C33":{"desc":"L2J","t":"B38M"},"C34":{"desc":"L1P"},"C35":{"desc":"H4E"},"C36":{"desc":"L1P"},"C37":{"t":"C172"},"C38":{"t":"BL17"},"C3B":{"t":"PA30"},"C3E":{"t":"J3"},"C40":{"t":"J3"},"C41":{"t":"BL8"},"C42":{"t":"CH7B"},"C43":{"t":"J3"},"C45":{"t":"BL8"},"C46":{"t":"J3"},"C48":{"t":"BE35"},"C49":{"t":"CRJ2"},"C4A":{"desc":"S1P","t":"PA22"},"C4B":{"t":"PA22"},"C4C":{"desc":"H4E"},"C4F":{"t":"NAVI"},"C50":{"t":"P28A"},"C53":{"t":"BE35"},"C54":{"t":"P28A"},"C56":{"desc":"L2J","t":"B38M"},"C59":{"t":"C182"},"C5A":{"t":"C172"},"C5B":{"t":"BL17"},"C5D":{"t":"C182"},"C5E":{"t":"PA30"},"C5F":{"t":"S22T"},"C62":{"t":"J3"},"C65":{"t":"CH7A"},"C67":{"t":"J3"},"C69":{"t":"J3"},"C6A":{"t":"GLID"},"C6C":{"t":"C172"},"C6D":{"t":"PA22"},"C73":{"t":"P28A"},"C78":{"t":"PA24"},"C79":{"desc":"L2J","t":"B38M"},"C7D":{"t":"C172"},"C80":{"t":"C182"},"C81":{"t":"PA30"},"C82":{"t":"C172"},"C83":{"t":"J3"},"C84":{"t":"J3"},"C85":{"t":"CH7B"},"C86":{"t":"J3"},"C87":{"t":"CH7B"},"C88":{"t":"CH7B"},"C89":{"t":"J3"},"C8E":{"t":"BE35"},"C8F":{"t":"C172"},"C91":{"desc":"S1P","t":"PA22"},"C92":{"t":"CRJ2"},"C94":{"t":"C150"},"C96":{"t":"P28A"},"C99":{"t":"BE33"},"C9A":{"t":"P28A"},"C9C":{"desc":"L2J","t":"B38M"},"C9F":{"t":"C182"},"CA0":{"t":"C172"},"CA1":{"t":"BL17"},"CA2":{"t":"P28B"},"CA3":{"t":"C182"},"CA4":{"t":"PA30"},"CA5":{"t":"C172"},"CA6":{"t":"J3"},"CAA":{"t":"J3"},"CAB":{"t":"CH7B"},"CAC":{"t":"J3"},"CAD":{"t":"CH7A"},"CAE":{"t":"CH7B"},"CB0":{"t":"SR22"},"CB2":{"t":"B788"},"CB3":{"t":"H25B"},"CB4":{"t":"P28A"},"CBD":{"t":"EA50"},"CC3":{"t":"PA44"},"CCA":{"t":"C56X"},"CCB":{"desc":"L2J"},"CCC":{"t":"F900"},"CCD":{"t":"C172"},"CD2":{"t":"RV12"},"CD7":{"t":"F900"},"CE3":{"t":"SR22"},"CE4":{"t":"C172"},"CE6":{"t":"P32R"},"CE7":{"t":"SR22"},"CF1":{"t":"C182"},"CFC":{"desc":"L1P"},"CFE":{"t":"BE35"},"CFF":{"t":"PA24"},"D07":{"desc":"A1P"},"D08":{"desc":"L1T","t":"M600"},"D09":{"t":"B739"},"D0D":{"desc":"L2J"},"D0E":{"t":"GLID"},"D16":{"desc":"L2T"},"D1B":{"desc":"L1P"},"D25":{"t":"C172"},"D2E":{"desc":"L1P"},"D32":{"desc":"L2J","t":"B77L"},"D33":{"t":"C208"},"D40":{"t":"PA44"},"D52":{"t":"E550"},"D59":{"t":"AS50"},"D60":{"t":"BE33"},"D69":{"t":"C680"},"D70":{"desc":"H4E"},"D80":{"t":"C525"},"D85":{"desc":"L1P"},"D89":{"desc":"H4E"},"D8A":{"t":"CH7B"},"D92":{"t":"C510"},"D94":{"desc":"L1P"},"D9F":{"desc":"L5P"},"DA3":{"t":"BE36"},"DAB":{"t":"DA42"},"DB8":{"desc":"L5P"},"DB9":{"t":"C421"},"DC4":{"desc":"L1P"},"DC5":{"t":"P28A"},"DC7":{"t":"E550"},"DC9":{"t":"EC35"},"DCC":{"t":"EC30"},"DCF":{"t":"C510"},"DD9":{"desc":"L1P"},"DDE":{"t":"F15"},"DEA":{"t":"B738"},"DF6":{"desc":"L1P"},"E07":{"desc":"L1P"},"E2B":{"t":"C560"},"E39":{"desc":"L1T"},"E3C":{"desc":"L1P"},"E42":{"desc":"L1P"},"E48":{"t":"GLF5"},"E4F":{"desc":"H4E"},"E51":{"t":"SR22"},"E53":{"desc":"H2T"},"E56":{"t":"S22T"},"E5A":{"t":"BE35"},"E5B":{"t":"T6"},"E5D":{"desc":"L1P"},"E5E":{"desc":"L1P"},"E66":{"t":"C510"},"E6F":{"t":"T206"},"E73":{"desc":"L1P"},"E74":{"t":"A319"},"E81":{"t":"B350"},"E84":{"t":"DA40"},"EAA":{"t":"GLF4"},"EAC":{"desc":"L1P"},"EAD":{"desc":"L1P"},"EB1":{"desc":"H6E"},"EB5":{"t":"R44"},"EB7":{"t":"GLF4"},"EC1":{"desc":"L1P"},"EE1":{"desc":"L1P"},"F09":{"desc":"L1P"},"F0F":{"t":"H269"},"F16":{"t":"P28A"},"F17":{"t":"PA24"},"F18":{"desc":"L2J","t":"B38M"},"F1A":{"t":"C150"},"F1B":{"t":"C182"},"F1C":{"t":"C172"},"F1D":{"t":"BL17"},"F1E":{"t":"P28B"},"F1F":{"t":"C182"},"F23":{"t":"BL8"},"F26":{"t":"J3"},"F27":{"t":"CH7B"},"F2A":{"t":"CH7A"},"F2E":{"t":"C172"},"F31":{"desc":"L1P"},"F33":{"t":"C150"},"F35":{"t":"P28A"},"F36":{"t":"S108"},"F37":{"desc":"L2J","t":"B38M"},"F38":{"t":"BE35"},"F3A":{"t":"PA24"},"F3B":{"t":"SS2P"},"F3E":{"desc":"L1P"},"F3F":{"t":"C172"},"F41":{"t":"P28B"},"F42":{"t":"C182"},"F43":{"t":"PA18"},"F46":{"t":"J3"},"F4C":{"t":"BL8"},"F4D":{"t":"J3"},"F4F":{"desc":"L1P"},"F52":{"t":"PA22"},"F53":{"t":"PA22"},"F56":{"t":"C150"},"F58":{"t":"P28A"},"F5A":{"desc":"L2J","t":"B38M"},"F5D":{"t":"PA24"},"F60":{"t":"P28R"},"F62":{"t":"C172"},"F64":{"t":"P28B"},"F66":{"t":"PA30"},"F69":{"t":"CH7B"},"F6A":{"t":"J3"},"F6C":{"t":"CH7B"},"F6D":{"t":"CH7B"},"F6F":{"t":"J3"},"F70":{"t":"BL8"},"F79":{"t":"C150"},"F7D":{"t":"PA25"},"F7E":{"t":"BE33"},"F80":{"t":"PA24"},"F82":{"desc":"L1P"},"F83":{"desc":"L2J","t":"B38M"},"F84":{"t":"C182"},"F85":{"t":"C172"},"F86":{"t":"BL17"},"F87":{"t":"P28B"},"F88":{"t":"C182"},"F89":{"t":"P32R"},"F8C":{"t":"J3"},"F90":{"t":"J3"},"F92":{"t":"CH7B"},"F95":{"t":"C525"},"F9E":{"t":"P28A"},"F9F":{"t":"S108"},"FA1":{"t":"BE35"},"FA2":{"t":"P28A"},"FA3":{"t":"PA24"},"FA4":{"desc":"L2J","t":"B38M"},"FAB":{"t":"C182"},"FAC":{"t":"PA30"},"FAD":{"t":"C172"},"FAF":{"t":"J3"},"FB1":{"t":"BL8"},"FB2":{"t":"J3"},"FB3":{"t":"J3"},"FB4":{"t":"CH7A"},"FB6":{"t":"J3"},"FB7":{"t":"J3"},"FB8":{"t":"CH7B"},"FBA":{"t":"C172"},"FBB":{"desc":"L1P","t":"ULAC"},"FBE":{"t":"H269"},"FC0":{"t":"NAVI"},"FC1":{"t":"P28A"},"FC2":{"t":"C182"},"FC3":{"desc":"L2J","t":"B38M"},"FC4":{"t":"BE55"},"FC7":{"t":"C185"},"FCA":{"t":"C182"},"FCE":{"t":"C182"},"FD0":{"t":"C172"},"FD4":{"t":"CH7A"},"FD5":{"t":"J3"},"FD7":{"t":"J3"},"FD9":{"t":"CH7B"},"FDA":{"t":"CH7A"},"FDB":{"desc":"L1P"},"FDC":{"t":"BE35"},"FDE":{"t":"PA22"},"FE3":{"t":"NAVI"},"FE4":{"t":"P28A"},"FE6":{"t":"PA25"},"FE8":{"t":"P28A"},"FE9":{"t":"PA24"},"FEA":{"desc":"L2J","t":"B38M"},"FED":{"t":"C182"},"FEE":{"t":"C172"},"FF0":{"t":"P28B"},"FF2":{"desc":"H4E"},"FF4":{"t":"J3"},"FF5":{"t":"J3"},"FF6":{"t":"J3"},"FF9":{"t":"CH7B"},"FFB":{"t":"BL8"},"FFF":{"t":"CRJ2"}}