{"005":{"t":"ULAC"},"00C":{"t":"C180"},"00D":{"t":"GLEX"},"00E":{"t":"BE60"},"010":{"t":"P28B"},"013":{"t":"TBM8"},"01A":{"t":"S22T"},"01D":{"t":"BE35"},"022":{"desc":"H2E"},"037":{"desc":"L1T"},"040":{"t":"C25C"},"042":{"t":"SR20"},"04F":{"t":"B737"},"052":{"t":"GLF6"},"057":{"desc":"A1P"},"058":{"t":"P46T"},"05E":{"t":"B407"},"05F":{"t":"R22"},"061":{"desc":"L1P"},"067":{"t":"G280"},"068":{"t":"GLF5"},"069":{"t":"B407"},"06A":{"t":"F2TH"},"073":{"t":"B737"},"07D":{"t":"B738"},"07E":{"t":"ULAC"},"089":{"t":"TBM7"},"090":{"t":"GL5T"},"09A":{"t":"C25B"},"0A5":{"desc":"L2E"},"0BB":{"t":"BE35"},"0C7":{"desc":"L1P"},"0CC":{"desc":"L1P"},"0CF":{"desc":"L1P"},"0D4":{"t":"BE36"},"0D5":{"desc":"L1P","t":"ULAC"},"0D7":{"desc":"L1P"},"0DC":{"t":"C501"},"0DD":{"t":"S22T"},"0E2":{"t":"C172"},"0E4":{"t":"SR22"},"0E6":{"t":"GL5T"},"0E9":{"t":"C25A"},"0ED":{"t":"PA18"},"0EE":{"t":"C525"},"0EF":{"t":"H60"},"0F0":{"t":"GLF4"},"0F1":{"t":"F900"},"0F6":{"t":"SR22"},"0F9":{"t":"SR22"},"0FE":{"t":"B58T"},"0FF":{"desc":"A1P"},"101":{"t":"C180"},"102":{"t":"P28R"},"107":{"t":"A319"},"114":{"t":"B350"},"129":{"desc":"L1P"},"138":{"t":"S22T"},"13E":{"desc":"L1P"},"14A":{"desc":"L1P"},"16D":{"desc":"L2P"},"183":{"t":"M7"},"186":{"desc":"L2P"},"19D":{"t":"BE35"},"19E":{"t":"C172"},"1A2":{"t":"P28A"},"1A5":{"t":"P28A"},"1A6":{"t":"P28A"},"1A8":{"t":"BE23"},"1AA":{"t":"PA24"},"1AB":{"desc":"L2J","t":"B38M"},"1AC":{"desc":"L1P"},"1AD":{"t":"C150"},"1B0":{"t":"C172"},"1B7":{"t":"YK52"},"1C0":{"t":"CRJ2"},"1C2":{"t":"PA22"},"1C5":{"t":"H269"},"1C6":{"t":"C150"},"1C8":{"t":"P28A"},"1CA":{"t":"AA5"},"1CC":{"t":"P28A"},"1CD":{"t":"PA24"},"1CE":{"desc":"L2J","t":"B38M"},"1D0":{"t":"C150"},"1D2":{"t":"C172"},"1D3":{"t":"C172"},"1D5":{"t":"C182"},"1D6":{"t":"PA30"},"1D9":{"t":"R66"},"1DC":{"desc":"L1P"},"1DF":{"t":"S22T"},"1E1":{"desc":"L1P"},"1E2":{"desc":"H1P"},"1E6":{"desc":"H4E"},"1E9":{"t":"C150"},"1EB":{"t":"P28A"},"1EE":{"t":"BE23"},"1F0":{"t":"PA24"},"1F1":{"t":"SS2P"},"1F3":{"desc":"L2J","t":"B38M"},"1F4":{"t":"C182"},"1F5":{"t":"C150"},"1F6":{"t":"C172"},"1F8":{"t":"C182"},"206":{"t":"BE35"},"208":{"t":"P28A"},"20A":{"t":"P32R"},"20C":{"t":"C150"},"20D":{"t":"NAVI"},"20F":{"t":"S108"},"210":{"desc":"L2J","t":"B38M"},"211":{"t":"BE23"},"214":{"t":"SS2P"},"215":{"t":"B14C"},"217":{"t":"C182"},"219":{"t":"C172"},"224":{"desc":"L1P"},"228":{"t":"CH7B"},"229":{"t":"CRJ2"},"22B":{"t":"PA22"},"22C":{"t":"PA18"},"231":{"t":"P28A"},"232":{"t":"S108"},"234":{"t":"BE23"},"236":{"t":"PA24"},"237":{"desc":"L2J","t":"B38M"},"239":{"t":"C150"},"23B":{"t":"C150"},"23C":{"t":"C172"},"23E":{"t":"C182"},"24F":{"t":"PA18"},"253":{"t":"NAVI"},"254":{"t":"P28A"},"257":{"t":"BE23"},"258":{"t":"P28A"},"25A":{"desc":"L2J","t":"B38M"},"25B":{"desc":"L1P"},"25C":{"t":"C150"},"25D":{"t":"C182"},"262":{"t":"PA30"},"26D":{"desc":"L2J"},"26E":{"t":"CH7B"},"26F":{"t":"CRJ2"},"270":{"t":"C172"},"272":{"t":"PA18"},"273":{"t":"P28A"},"277":{"t":"P28A"},"279":{"desc":"L2J","t":"B38M"},"27F":{"t":"C150"},"280":{"t":"C182"},"282":{"t":"C172"},"283":{"t":"P28B"},"291":{"t":"CH7A"},"298":{"t":"C150"},"299":{"t":"NAVI"},"29A":{"t":"P28A"},"29B":{"desc":"L2J","t":"B38M"},"29D":{"t":"BE23"},"29E":{"t":"P28A"},"29F":{"t":"PA24"},"2A2":{"t":"C150"},"2A3":{"t":"C182"},"2A4":{"t":"C150"},"2A8":{"t":"PA30"},"2AA":{"desc":"L2T"},"2AC":{"t":"B25"},"2B0":{"t":"UH1"},"2B5":{"desc":"A1P"},"2B6":{"t":"C172"},"2B8":{"t":"PA18"},"2BD":{"t":"P28A"},"2BF":{"desc":"L2J","t":"B38M"},"2C1":{"t":"P28A"},"2C3":{"t":"T206"},"2C9":{"t":"P28B"},"2CA":{"t":"C182"},"2CB":{"t":"PA30"},"2CE":{"t":"GLID"},"2D3":{"t":"GLID"},"2D5":{"t":"GLID"},"2D9":{"t":"C172"},"2DC":{"t":"P28A"},"2DF":{"desc":"L2J","t":"B38M"},"2E2":{"t":"AA5"},"2E5":{"t":"PA24"},"2EA":{"t":"C172"},"2EC":{"t":"P28S"},"2ED":{"t":"C182"},"2EE":{"t":"PA18"},"2F2":{"desc":"H1T"},"2F9":{"t":"GLF4"},"2FA":{"t":"CL60"},"2FC":{"t":"F900"},"2FD":{"t":"SR22"},"2FE":{"desc":"L1P"},"2FF":{"t":"C402"},"300":{"t":"B06"},"304":{"t":"RV12"},"305":{"desc":"L1P"},"306":{"desc":"L1P"},"309":{"t":"B06"},"30B":{"t":"BALL"},"30C":{"t":"GLID"},"30D":{"t":"AEST"},"30E":{"t":"BE33"},"30F":{"desc":"L1P","t":"TB0"},"310":{"t":"T28"},"313":{"t":"SR22"},"314":{"desc":"L1P"},"315":{"desc":"L1P"},"316":{"desc":"L1P"},"317":{"t":"C750"},"318":{"desc":"L1P"},"319":{"desc":"L1P"},"31A":{"desc":"L1P"},"31B":{"t":"S22T"},"31C":{"desc":"L1P"},"31D":{"desc":"L1P"},"31E":{"t":"BALL"},"31F":{"desc":"L1P"},"320":{"t":"AT8T"},"322":{"t":"S22T"},"324":{"t":"PA27"},"325":{"t":"PA32"},"326":{"t":"S22T"},"32B":{"t":"P28A"},"32D":{"t":"AA1"},"330":{"t":"R66"},"331":{"t":"SR20"},"332":{"t":"F2TH"},"334":{"desc":"L1P"},"335":{"t":"P28B"},"337":{"desc":"L1P"},"338":{"desc":"L1T"},"339":{"desc":"L1P"},"33D":{"t":"SR22"},"33F":{"desc":"L1P"},"341":{"t":"GL5T"},"342":{"t":"M7"},"344":{"desc":"L1P"},"346":{"t":"C550"},"347":{"desc":"L1P"},"348":{"t":"SF50"},"349":{"desc":"L1P"},"34A":{"desc":"L1P"},"34D":{"desc":"L1P"},"34E":{"desc":"L1P"},"34F":{"desc":"L1P"},"350":{"desc":"L1P"},"353":{"t":"P51"},"356":{"desc":"L2T"},"357":{"t":"SF50"},"358":{"t":"PA32"},"35F":{"desc":"L1P"},"361":{"desc":"L1P"},"363":{"t":"BE36"},"364":{"desc":"L1P"},"369":{"desc":"L1P"},"36A":{"t":"BL17"},"36B":{"desc":"H2T"},"36D":{"t":"T210"},"370":{"t":"LJ24"},"373":{"desc":"L1P","t":"ULAC"},"374":{"desc":"L1P"},"377":{"desc":"L1P"},"378":{"t":"U21"},"379":{"desc":"L4P"},"37D":{"t":"E135"},"381":{"t":"SR22"},"384":{"t":"M20T"},"389":{"desc":"L1P"},"391":{"t":"BE58"},"392":{"t":"C550"},"393":{"t":"PA24"},"394":{"desc":"L1P","t":"ULAC"},"398":{"desc":"L1P"},"399":{"t":"SR22"},"39B":{"t":"BL8"},"39C":{"desc":"L1P"},"39D":{"desc":"L1P"},"39F":{"t":"EN48"},"3A2":{"t":"BALL"},"3A3":{"t":"BE33"},"3A7":{"desc":"L1P","t":"ULAC"},"3AD":{"desc":"L1P"},"3B0":{"desc":"L1P"},"3B2":{"t":"P28R"},"3B4":{"desc":"L1P"},"3B5":{"desc":"L1P"},"3B6":{"desc":"L1P"},"3B8":{"t":"C150"},"3BA":{"t":"SR20"},"3BB":{"t":"ASTR"},"3BD":{"t":"HUSK"},"3BF":{"desc":"L1P"},"3C1":{"t":"HUSK"},"3C3":{"t":"FA24"},"3C4":{"t":"PAY2"},"3C6":{"desc":"L1P"},"3C9":{"t":"C182"},"3CC":{"t":"E50P"},"3CD":{"desc":"L1P"},"3CE":{"t":"BE9T"},"3CF":{"desc":"L1P"},"3D3":{"t":"NAVI"},"3D4":{"t":"BE35"},"3D5":{"t":"SF50"},"3DC":{"t":"GC1"},"3DD":{"t":"C172"},"3DE":{"t":"BT36"},"3DF":{"t":"COL4"},"3E3":{"desc":"L1P"},"3E6":{"desc":"L1P"},"3E8":{"desc":"L1P"},"3EA":{"t":"T210"},"3EB":{"desc":"A1T","t":"KODI"},"3EC":{"t":"BALL"},"3ED":{"t":"C182"},"3EE":{"t":"SR20"},"3F1":{"t":"SR22"},"3F8":{"desc":"L1P"},"3F9":{"t":"E135"},"3FB":{"t":"SR20"},"3FD":{"desc":"L1P"},"400":{"desc":"L1P"},"405":{"t":"BE36"},"406":{"t":"BE33"},"407":{"desc":"L2P"},"40A":{"t":"M20P"},"40F":{"desc":"L1T","t":"M600"},"410":{"t":"B350"},"411":{"desc":"L1P"},"412":{"t":"C560"},"416":{"t":"GLID"},"417":{"t":"P32R"},"418":{"desc":"L1P"},"419":{"desc":"L1P"},"41E":{"t":"AA5"},"41F":{"desc":"L1P","t":"ULAC"},"420":{"desc":"L1P"},"423":{"t":"BALL"},"429":{"t":"SR22"},"42A":{"desc":"L2J","t":"FA50"},"43C":{"desc":"L1T"},"43D":{"t":"SR22"},"441":{"t":"T206"},"443":{"desc":"L1P"},"444":{"t":"BE36"},"446":{"desc":"L1P"},"447":{"t":"SIRA"},"448":{"t":"B06"},"44B":{"t":"PC24"},"44C":{"desc":"L1T","t":"PA46"},"44E":{"desc":"L1P","t":"ULAC"},"450":{"t":"C560"},"451":{"t":"PTS2"},"452":{"t":"GLID"},"455":{"t":"P46T"},"456":{"t":"B350"},"45C":{"desc":"L1P"},"464":{"desc":"L1P","t":"ULAC"},"474":{"desc":"L1P"},"475":{"desc":"L1P"},"476":{"desc":"A1T"},"47B":{"desc":"L1P"},"480":{"t":"F2TH"},"482":{"t":"GLID"},"483":{"desc":"L1P"},"484":{"t":"F2TH"},"486":{"desc":"L1P"},"487":{"desc":"L1P"},"48A":{"desc":"L1P"},"48B":{"t":"T206"},"48D":{"desc":"L1P"},"48E":{"t":"MU2"},"48F":{"t":"PA34"},"490":{"desc":"L1P"},"491":{"t":"C77R"},"492":{"t":"BE33"},"493":{"desc":"L1P"},"494":{"t":"C180"},"495":{"desc":"L1P"},"496":{"t":"PA23"},"497":{"desc":"H2T"},"499":{"t":"P28R"},"49C":{"t":"B06"},"49E":{"desc":"L1P"},"4A1":{"desc":"G1P","t":"GYRO"},"4A6":{"t":"LJ35"},"4A9":{"t":"ECHO"},"4AA":{"desc":"L1P"},"4AB":{"desc":"L1P"},"4AC":{"desc":"L1P"},"4AF":{"t":"BALL"},"4B0":{"t":"BE9L"},"4B2":{"t":"M7"},"4B4":{"desc":"L1P"},"4B6":{"t":"B06"},"4B8":{"t":"F900"},"4B9":{"t":"BL8"},"4BE":{"t":"BE20"},"4C9":{"t":"SR22"},"4CE":{"desc":"H4E"},"4D7":{"t":"ASTO"},"4DD":{"t":"P32T"},"4E0":{"desc":"L1P"},"4E2":{"desc":"L1P"},"4EA":{"t":"PA27"},"4ED":{"t":"T206"},"4EE":{"desc":"L1P"},"4F0":{"t":"H25B"},"4F1":{"desc":"L1P"},"4F2":{"t":"B350"},"4F3":{"t":"FDCT"},"4F4":{"desc":"A1J"},"4F5":{"desc":"L1P"},"4F9":{"desc":"L1P"},"4FB":{"desc":"L1P"},"4FD":{"desc":"L1P","t":"ULAC"},"500":{"t":"BL8"},"504":{"t":"C172"},"506":{"t":"HUSK"},"507":{"desc":"L1P"},"508":{"t":"ST75"},"50A":{"t":"J3"},"513":{"desc":"L1P"},"519":{"desc":"L1P"},"51E":{"desc":"H8E"},"521":{"desc":"L1P"},"523":{"t":"P28A"},"532":{"desc":"L1P"},"533":{"t":"AA5"},"546":{"t":"BE33"},"54F":{"t":"PA18"},"552":{"desc":"L1P"},"553":{"desc":"A2P"},"554":{"t":"GLF5"},"557":{"t":"LJ55"},"55A":{"desc":"L1P"},"55C":{"t":"C500"},"55F":{"desc":"H4E"},"56E":{"t":"WW24"},"56F":{"t":"F900"},"578":{"desc":"L1P"},"581":{"t":"P28A"},"587":{"t":"C402"},"58A":{"t":"SR22"},"58B":{"t":"BALL"},"58C":{"desc":"L1P"},"594":{"t":"C172"},"597":{"t":"EC35"},"59F":{"t":"CRJ9"},"5A0":{"t":"GLF5"},"5A5":{"t":"PA32"},"5A6":{"t":"S22T"},"5A9":{"desc":"L1P"},"5AB":{"desc":"L1P"},"5AC":{"t":"B739"},"5AF":{"t":"SR22"},"5B0":{"desc":"L2J"},"5B2":{"desc":"L1P"},"5CB":{"t":"BE9L"},"5D3":{"t":"H60"},"5D5":{"desc":"L2J","t":"B77L"},"5D6":{"t":"C208"},"5EA":{"t":"P28A"},"5EC":{"t":"H60"},"5FA":{"t":"C310"},"5FC":{"t":"BE9L"},"603":{"t":"PA31"},"61E":{"desc":"L1P"},"62C":{"desc":"H1P"},"62D":{"t":"C56X"},"633":{"desc":"L1P"},"64C":{"desc":"H4E"},"653":{"t":"C56X"},"657":{"t":"LJ35"},"660":{"t":"F900"},"669":{"t":"C182"},"670":{"t":"LJ25"},"679":{"t":"C525"},"683":{"t":"BE9L"},"68D":{"t":"B738"},"69A":{"t":"A109"},"6A0":{"t":"C172"},"6AA":{"t":"F2TH"},"6CB":{"t":"BE35"},"6CF":{"t":"M20P"},"6D7":{"desc":"L1P"},"6D9":{"t":"B06"},"6DB":{"desc":"H4E"},"6DC":{"t":"LJ31"},"6E6":{"desc":"L1P"},"6E8":{"desc":"L4J","t":"B77W"},"6F2":{"t":"B06"},"6FD":{"desc":"L1P"},"6FE":{"t":"P208"},"704":{"t":"PC12"},"706":{"desc":"L1P"},"712":{"desc":"L1P"},"713":{"t":"H25B"},"717":{"t":"A319"},"718":{"desc":"L1P"},"724":{"t":"B350"},"727":{"t":"DA40"},"72F":{"desc":"L1P"},"731":{"t":"BALL"},"73D":{"t":"BE20"},"748":{"t":"BE35"},"749":{"t":"PC12"},"756":{"desc":"L1P"},"77C":{"t":"FDCT"},"795":{"desc":"H4E"},"7AC":{"desc":"L1P"},"7AD":{"t":"BE35"},"7AE":{"t":"C172"},"7B0":{"t":"PA22"},"7B2":{"desc":"H4E"},"7B7":{"desc":"L2J","t":"B38M"},"7BA":{"t":"PA24"},"7BE":{"t":"C182"},"7C1":{"t":"P28B"},"7C9":{"t":"C140"},"7CA":{"t":"C172"},"7CC":{"t":"C140"},"7CE":{"t":"C140"},"7D1":{"t":"C172"},"7D3":{"t":"PA22"},"7D4":{"desc":"L1P"},"7D5":{"t":"H269"},"7D7":{"t":"NAVI"},"7D8":{"t":"P28A"},"7DD":{"t":"PA24"},"7DE":{"desc":"L2J","t":"B38M"},"7DF":{"t":"CH7A"},"7E2":{"t":"BE33"},"7E4":{"t":"P28B"},"7E5":{"t":"C182"},"7E8":{"t":"C140"},"7E9":{"t":"C140"},"7EB":{"t":"T6"},"7EC":{"t":"T6"},"7EF":{"t":"C140"},"7F0":{"t":"PA18"},"7F1":{"t":"C140"},"7F2":{"desc":"H6E"},"7F3":{"desc":"H6E"},"7F4":{"t":"C172"},"7F6":{"t":"PA22"},"7FA":{"t":"NAVI"},"7FB":{"t":"P28A"},"7FC":{"t":"S108"},"7FD":{"t":"PA25"},"800":{"t":"PA24"},"801":{"desc":"L2J","t":"B38M"},"802":{"t":"CH7B"},"804":{"t":"C182"},"805":{"t":"BE35"},"806":{"t":"C172"},"807":{"t":"P28B"},"809":{"t":"PA18"},"80C":{"t":"C152"},"810":{"t":"C140"},"816":{"t":"CRJ2"},"818":{"t":"P28A"},"819":{"t":"PA22"},"81C":{"desc":"L1P"},"81D":{"desc":"L2J","t":"B38M"},"81F":{"t":"S108"},"820":{"t":"PA25"},"823":{"t":"PA24"},"828":{"t":"BE35"},"82B":{"t":"C182"},"82C":{"t":"PA30"},"82E":{"t":"C140"},"831":{"t":"C140"},"836":{"t":"C152"},"837":{"t":"C140"},"838":{"t":"HUSK"},"83B":{"t":"PA22"},"83C":{"t":"PA22"},"841":{"t":"P28A"},"843":{"desc":"L2J","t":"B38M"},"844":{"t":"TBM7"},"846":{"t":"PA18"},"84C":{"t":"C172"},"84E":{"t":"C182"},"850":{"t":"C310"},"853":{"t":"C140"},"857":{"t":"C140"},"858":{"t":"C140"},"85C":{"t":"BE35"},"85D":{"t":"C172"},"85E":{"t":"PA22"},"861":{"t":"CRJ2"},"868":{"t":"PA32"},"869":{"t":"PA24"},"86A":{"desc":"L2J","t":"B38M"},"870":{"t":"P28B"},"876":{"t":"C140"},"877":{"t":"C140"},"878":{"t":"C152"},"879":{"t":"C152"},"87F":{"t":"BE35"},"888":{"desc":"L2J","t":"B38M"},"88A":{"t":"BE35"},"88C":{"t":"PA24"},"88D":{"desc":"L1P"},"88E":{"desc":"L1P"},"88F":{"t":"C150"},"890":{"t":"C182"},"891":{"t":"BE35"},"892":{"t":"C172"},"895":{"t":"PA30"},"896":{"t":"C310"},"899":{"t":"C140"},"89E":{"t":"C140"},"8A0":{"t":"C140"},"8A3":{"t":"C172"},"8A4":{"t":"PA22"},"8A7":{"t":"P28S"},"8A8":{"t":"C182"},"8AC":{"desc":"L2J","t":"B38M"},"8AD":{"t":"BE55"},"8AE":{"t":"PA32"},"8B0":{"t":"C206"},"8B2":{"t":"AT3T"},"8B4":{"t":"BE35"},"8B5":{"t":"C172"},"8B7":{"t":"C182"},"8B8":{"t":"PA18"},"8BB":{"t":"C152"},"8BD":{"t":"C152"},"8C2":{"t":"C140"},"8C5":{"t":"BE35"},"8C6":{"t":"C172"},"8C8":{"t":"CRJ2"},"8CE":{"t":"S108"},"8D0":{"t":"BE35"},"8D1":{"t":"PA32"},"8D3":{"desc":"L2J","t":"B38M"},"8D6":{"t":"C182"},"8D7":{"t":"BE35"},"8D9":{"t":"P28B"},"8DC":{"t":"C310"},"8E7":{"t":"P28A"},"8E8":{"t":"BE35"},"8EB":{"t":"PA22"},"8EF":{"t":"NAVI"},"8F0":{"t":"P28A"},"8F1":{"t":"S108"},"8F2":{"desc":"L2J","t":"B38M"},"8F3":{"t":"SR22"},"8F4":{"t":"PA32"},"8F6":{"desc":"H6E"},"8F9":{"t":"C182"},"8FA":{"t":"BE33"},"8FD":{"t":"C182"},"8FF":{"t":"C310"},"900":{"t":"C152"},"902":{"t":"C140"},"908":{"t":"C152"},"90C":{"t":"BE9L"},"90E":{"desc":"L1P"},"917":{"desc":"L2J","t":"B39M"},"91B":{"t":"S22T"},"91D":{"t":"B712"},"920":{"t":"PA46"},"924":{"desc":"L1P","t":"ULAC"},"925":{"desc":"L1P"},"92B":{"t":"S76"},"92C":{"desc":"H1T","t":"B505"},"93D":{"t":"S108"},"93F":{"t":"PA31"},"940":{"t":"BALL"},"941":{"t":"SR22"},"94B":{"t":"C182"},"94E":{"t":"EC35"},"957":{"desc":"H8E"},"958":{"t":"BL8"},"95A":{"desc":"L1P"},"960":{"desc":"L1P"},"962":{"t":"S22T"},"963":{"t":"B739"},"965":{"desc":"H4E"},"96F":{"t":"GLF5"},"970":{"desc":"L2T"},"972":{"desc":"L1P","t":"ULAC"},"98C":{"desc":"L2J"},"98D":{"t":"C208"},"99C":{"t":"C560"},"9A1":{"t":"P208"},"9A5":{"desc":"L1P"},"9AF":{"t":"P28A"},"9B3":{"t":"EC30"},"9BB":{"t":"UH12"},"9D6":{"desc":"L1T"},"9D9":{"desc":"L1P"},"9DB":{"t":"BE35"},"9E3":{"t":"LJ60"},"9ED":{"desc":"L1P"},"A05":{"t":"C208"},"A22":{"t":"PA24"},"A2F":{"desc":"L1P"},"A3B":{"t":"PA44"},"A44":{"t":"B738"},"A57":{"t":"E55P"},"A5C":{"t":"UH1"},"A82":{"t":"BE33"},"A96":{"t":"E55P"},"A9B":{"desc":"L1P","t":"ULAC"},"A9D":{"desc":"L1P"},"A9E":{"t":"PA34"},"AA1":{"t":"S22T"},"AA3":{"t":"C650"},"AA5":{"t":"S22T"},"AA9":{"t":"C182"},"AAB":{"t":"C172"},"AAC":{"desc":"L1P"},"AB4":{"t":"EC35"},"AB5":{"t":"P208"},"AB8":{"t":"C208"},"ACE":{"t":"A319"},"AD5":{"desc":"H8E"},"ADB":{"t":"B350"},"AF3":{"desc":"H8E"},"AFF":{"desc":"H1P"},"B26":{"desc":"H8E"},"B3F":{"desc":"H6E"},"B63":{"desc":"L2J"},"B64":{"t":"BE35"},"B65":{"t":"C172"},"B66":{"t":"PA22"},"B67":{"t":"PA22"},"B6B":{"t":"NAVI"},"B6D":{"t":"PA32"},"B70":{"t":"PA32"},"B71":{"t":"PA24"},"B72":{"desc":"L2J","t":"B38M"},"B73":{"t":"CH7A"},"B75":{"t":"C182"},"B77":{"t":"C172"},"B78":{"t":"P28B"},"B79":{"t":"C182"},"B7A":{"t":"FDCT"},"B7B":{"t":"C310"},"B80":{"t":"C140"},"B81":{"t":"C140"},"B83":{"t":"C140"},"B85":{"t":"C140"},"B87":{"t":"BE35"},"B88":{"t":"C172"},"B89":{"t":"PA22"},"B8A":{"t":"PA22"},"B8C":{"t":"H269"},"B92":{"t":"BE33"},"B94":{"t":"PA24"},"B95":{"desc":"L2J","t":"B38M"},"B97":{"t":"C150"},"B99":{"t":"BE55"},"B9A":{"t":"C172"},"B9B":{"t":"P28B"},"B9C":{"t":"BE36"},"B9D":{"t":"PA30"},"B9E":{"t":"C310"},"BA0":{"t":"C140"},"BA3":{"t":"C152"},"BA4":{"t":"C140"},"BA6":{"t":"ULAC"},"BA7":{"t":"C140"},"BAD":{"t":"PA22"},"BAF":{"t":"P32R"},"BB1":{"t":"GLID"},"BB2":{"t":"P28A"},"BB7":{"t":"PA24"},"BB9":{"t":"CH7A"},"BBD":{"t":"C172"},"BBF":{"t":"C182"},"BC5":{"t":"C140"},"BC9":{"t":"C140"},"BCB":{"t":"C140"},"BCD":{"t":"CRJ2"},"BCF":{"t":"PA22"},"BD0":{"t":"PA22"},"BD2":{"t":"H269"},"BD8":{"t":"BE33"},"BDD":{"desc":"L2J","t":"B38M"},"BDF":{"t":"BE33"},"BE0":{"t":"C172"},"BE1":{"t":"P28B"},"BE7":{"t":"C152"},"BE9":{"t":"C140"},"BEE":{"t":"C140"},"BF0":{"t":"CRJ2"},"BF3":{"t":"PA22"},"BF8":{"t":"P28A"},"BF9":{"t":"S108"},"BFB":{"t":"BE33"},"BFC":{"t":"PA32"},"BFD":{"t":"R44"},"BFF":{"t":"CH7B"},"C00":{"t":"C150"},"C04":{"t":"P28B"},"C05":{"t":"C182"},"C06":{"t":"PA30"},"C08":{"t":"C140"},"C09":{"t":"C140"},"C0D":{"t":"C140"},"C12":{"t":"GLID"},"C19":{"t":"C182"},"C1A":{"t":"NAVI"},"C20":{"t":"PA24"},"C25":{"t":"BE35"},"C26":{"t":"C172"},"C27":{"t":"P28B"},"C2C":{"t":"C140"},"C2D":{"t":"C140"},"C30":{"t":"C140"},"C31":{"t":"C140"},"C32":{"t":"C140"},"C34":{"t":"C152"},"C37":{"t":"C172"},"C3C":{"t":"C182"},"C3D":{"t":"G164"},"C41":{"t":"BE33"},"C42":{"t":"PA32"},"C43":{"desc":"H6E"},"C49":{"t":"C172"},"C4C":{"t":"PA18"},"C56":{"t":"C140"},"C58":{"desc":"L1P"},"C59":{"t":"BE35"},"C5A":{"t":"C172"},"C61":{"t":"P28A"},"C62":{"t":"S108"},"C64":{"t":"BE35"},"C66":{"t":"PA24"},"C68":{"t":"CH7A"},"C6B":{"t":"BE35"},"C6E":{"t":"C182"},"C6F":{"t":"PA30"},"C71":{"t":"C140"},"C72":{"t":"C140"},"C74":{"t":"C140"},"C7D":{"t":"CRJ2"},"C7F":{"t":"PA22"},"C85":{"t":"S108"},"C87":{"t":"BE33"},"C88":{"t":"PA32"},"C8B":{"t":"CH7B"},"C8D":{"t":"C182"},"C91":{"t":"C182"},"C92":{"t":"PA18"},"C9A":{"t":"C152"},"C9D":{"t":"C140"},"CA1":{"t":"PA22"},"CA2":{"t":"PA22"},"CA6":{"desc":"H8E"},"CA7":{"t":"P28A"},"CAC":{"t":"PA24"},"CAF":{"t":"C150"},"CB0":{"t":"C182"},"CB1":{"t":"BE33"},"CB2":{"t":"C172"},"CB8":{"t":"C140"},"CB9":{"t":"C152"},"CBB":{"t":"C140"},"CBF":{"t":"C140"},"CC1":{"desc":"L1P"},"CC4":{"t":"CL30"},"CC5":{"t":"P28A"},"CC7":{"t":"CL30"},"CCA":{"desc":"H8E"},"CCD":{"desc":"H4E"},"CCE":{"t":"SR22"},"CD4":{"t":"B712"},"CD7":{"t":"H60"},"CDE":{"t":"B712"},"CE1":{"desc":"H4E"},"CE7":{"t":"AT8T"},"CEF":{"t":"C182"},"CF0":{"desc":"L1P"},"CFC":{"t":"GLF5"},"CFE":{"t":"BALL"},"D00":{"t":"S22T"},"D01":{"t":"S22T"},"D02":{"t":"C172"},"D05":{"t":"EC35"},"D09":{"t":"C680"},"D0D":{"t":"CRJ9"},"D0E":{"desc":"H8E"},"D18":{"t":"P28A"},"D1A":{"t":"B739"},"D1E":{"t":"DA40"},"D27":{"desc":"L2T"},"D2A":{"desc":"H4E"},"D36":{"t":"C172"},"D43":{"desc":"L2J","t":"B77L"},"D44":{"t":"C208"},"D58":{"t":"P208"},"D6A":{"t":"EC30"},"D72":{"desc":"L1P"},"D7D":{"t":"C501"},"D8B":{"desc":"L1P","t":"ULAC"},"D92":{"t":"BE36"},"D96":{"desc":"L1P"},"DA6":{"t":"S22T"},"DB2":{"desc":"L3E"},"DCA":{"desc":"L3E"},"DD5":{"desc":"L1P"},"DD6":{"t":"DA42"},"DD7":{"t":"UH1"},"DE1":{"t":"PA31"},"DF2":{"t":"PA44"},"DFB":{"t":"B738"},"E07":{"t":"BE55"},"E08":{"t":"DA40"},"E13":{"t":"UH1"},"E18":{"t":"M20T"},"E19":{"desc":"L1P"},"E2C":{"t":"GLF2"},"E39":{"t":"BE33"},"E3C":{"t":"PA24"},"E53":{"t":"R44"},"E54":{"t":"C56X"},"E55":{"desc":"L2T"},"E56":{"desc":"H6E"},"E59":{"t":"M20P"},"E60":{"desc":"A1P","t":"ULAC"},"E63":{"t":"GLF6"},"E6B":{"t":"EC35"},"E7D":{"desc":"L1P"},"E80":{"t":"PA31"},"E81":{"t":"H25B"},"E85":{"t":"A319"},"E8B":{"desc":"H4E"},"E92":{"t":"B350"},"EA4":{"desc":"H4E"},"EB7":{"t":"AC90"},"EB8":{"desc":"L1P"},"ECB":{"t":"BE33"},"EDF":{"desc":"H4E"},"EEE":{"desc":"H4E"},"F01":{"t":"C56X"},"F1E":{"t":"PA22"},"F23":{"t":"P28A"},"F2B":{"t":"C150"},"F33":{"t":"C140"},"F34":{"t":"C140"},"F35":{"t":"C140"},"F38":{"t":"C140"},"F3C":{"t":"C140"},"F3F":{"t":"CRJ2"},"F41":{"t":"PA22"},"F4B":{"t":"PA24"},"F4D":{"desc":"L1P"},"F4F":{"t":"C182"},"F50":{"t":"BE35"},"F52":{"desc":"H8E"},"F57":{"t":"C140"},"F59":{"t":"C140"},"F5B":{"t":"C152"},"F5D":{"t":"C140"},"F60":{"t":"CH7B"},"F64":{"t":"PA22"},"F69":{"t":"P28A"},"F6D":{"t":"PA32"},"F6E":{"t":"S22T"},"F73":{"t":"BE35"},"F74":{"t":"C172"},"F7A":{"t":"C140"},"F7B":{"t":"C140"},"F7C":{"t":"C152"},"F7E":{"t":"C182"},"F7F":{"t":"C152"},"F80":{"t":"C140"},"F83":{"t":"CH7B"},"F84":{"t":"CRJ2"},"F87":{"t":"PA22"},"F8B":{"t":"G164"},"F8C":{"t":"P28A"},"F90":{"t":"PA32"},"F94":{"t":"C150"},"F96":{"t":"BE35"},"F97":{"t":"C172"},"F9B":{"t":"C310"},"F9F":{"t":"C140"},"FA1":{"t":"C140"},"FA7":{"t":"BE35"},"FA9":{"t":"PA22"},"FAA":{"t":"PA22"},"FB1":{"desc":"L1P"},"FB2":{"t":"BE35"},"FB3":{"t":"PA32"},"FB6":{"t":"CH7B"},"FB7":{"t":"C150"},"FB9":{"t":"BE55"},"FBA":{"t":"C172"},"FBB":{"t":"P28B"},"FBC":{"t":"C182"},"FBD":{"t":"PA30"},"FC0":{"t":"C140"},"FC3":{"t":"C140"},"FC8":{"t":"C140"},"FC9":{"desc":"L1P"},"FCA":{"t":"BE35"},"FCD":{"t":"ULAC"},"FCF":{"t":"H269"},"FD4":{"t":"C82S"},"FD6":{"t":"PA32"},"FD7":{"t":"PA24"},"FDB":{"t":"PA34"},"FDF":{"t":"C182"},"FE0":{"t":"PA30"},"FE2":{"t":"C140"},"FE4":{"t":"C140"},"FE8":{"t":"C140"},"FE9":{"t":"C140"},"FEC":{"t":"CH7B"},"FED":{"t":"BE35"},"FEE":{"t":"C172"},"FF0":{"t":"PA22"},"FF5":{"t":"P28A"},"FF8":{"t":"BE33"},"FFA":{"t":"PA24"},"FFD":{"t":"C150"},"FFE":{"t":"C182"},"FFF":{"t":"BE33"}}