{"007":{"t":"BALL"},"023":{"t":"H60"},"025":{"t":"E55P"},"02E":{"desc":"L1P"},"032":{"t":"P28A"},"04A":{"t":"B407"},"051":{"t":"RV12"},"05D":{"t":"C172"},"061":{"t":"BALL"},"068":{"t":"M7"},"069":{"t":"P32R"},"06A":{"t":"P28A"},"06C":{"t":"C525"},"073":{"desc":"L1P"},"082":{"t":"F15"},"089":{"t":"C25C"},"08E":{"t":"B738"},"090":{"t":"GLID"},"09A":{"t":"SR22"},"0AA":{"desc":"L1P","t":"ULAC"},"0CE":{"desc":"L1P"},"0DA":{"t":"ULAC"},"0E0":{"desc":"L1P"},"0E7":{"desc":"L2T","t":"BE18"},"0EA":{"t":"EC30"},"0EF":{"t":"CRJ9"},"0F1":{"t":"C182"},"0F8":{"t":"R44"},"0FE":{"t":"BE35"},"0FF":{"desc":"L1P","t":"ULAC"},"101":{"t":"C25B"},"104":{"desc":"L1T"},"10A":{"t":"BE35"},"10C":{"t":"ULAC"},"118":{"t":"A319"},"11D":{"desc":"H2T"},"155":{"t":"C208"},"162":{"t":"G164"},"1AE":{"t":"BE35"},"1AF":{"t":"C172"},"1B0":{"t":"R22"},"1B1":{"t":"CRJ2"},"1B5":{"t":"NAVI"},"1B6":{"t":"P28A"},"1B9":{"t":"BE55"},"1BA":{"t":"C441"},"1BB":{"t":"PA24"},"1BD":{"t":"CH7A"},"1BE":{"t":"C150"},"1BF":{"t":"C182"},"1C1":{"t":"C172"},"1C2":{"t":"P28B"},"1C8":{"t":"C152"},"1CF":{"t":"C120"},"1D1":{"t":"CRJ2"},"1D4":{"t":"PA18"},"1D9":{"t":"P28A"},"1DC":{"t":"C77R"},"1DE":{"t":"PA24"},"1E4":{"t":"C172"},"1E7":{"t":"PA30"},"1EE":{"t":"C140"},"1F1":{"t":"C152"},"1F6":{"t":"P28A"},"1F7":{"t":"PA18"},"1FA":{"t":"C182"},"1FC":{"t":"P28A"},"1FF":{"desc":"H2T"},"201":{"t":"PA24"},"207":{"t":"C172"},"208":{"t":"P28B"},"209":{"t":"C182"},"20D":{"t":"C172"},"213":{"t":"C152"},"214":{"t":"C140"},"219":{"t":"PA22"},"21A":{"t":"PA18"},"21C":{"t":"H269"},"21D":{"t":"C182"},"21F":{"t":"P28A"},"222":{"t":"BE33"},"224":{"t":"PA24"},"226":{"t":"CH7A"},"22A":{"t":"C172"},"22B":{"t":"P28B"},"22D":{"t":"PA30"},"22F":{"t":"C140"},"234":{"t":"C152"},"23B":{"t":"C172"},"23C":{"t":"CRJ2"},"240":{"t":"C182"},"241":{"t":"G164"},"245":{"desc":"H2T"},"247":{"t":"PA24"},"248":{"t":"SS2P"},"24A":{"t":"C150"},"24E":{"t":"P28B"},"24F":{"t":"C182"},"252":{"t":"C140"},"254":{"t":"C140"},"255":{"t":"C152"},"256":{"t":"C140"},"258":{"t":"C140"},"25C":{"t":"B47G"},"260":{"t":"PA18"},"262":{"desc":"L1P","t":"ULAC"},"270":{"t":"C172"},"278":{"t":"C152"},"279":{"t":"C140"},"27F":{"desc":"L1P"},"282":{"t":"PA22"},"283":{"t":"PA18"},"284":{"t":"CRJ2"},"286":{"t":"C182"},"288":{"t":"P28A"},"28E":{"t":"SS2P"},"28F":{"desc":"L1P"},"290":{"t":"C150"},"291":{"t":"C182"},"296":{"t":"PA30"},"297":{"t":"C310"},"298":{"t":"C140"},"29A":{"t":"C140"},"29C":{"t":"C152"},"29D":{"t":"C120"},"29E":{"t":"C140"},"2A3":{"t":"CRJ2"},"2A6":{"t":"PA18"},"2AA":{"t":"G164"},"2AB":{"t":"P28A"},"2AD":{"t":"AA1"},"2AE":{"t":"BE33"},"2B0":{"t":"PA24"},"2B1":{"desc":"L1P"},"2B2":{"t":"CH7B"},"2B3":{"desc":"L1P","t":"ULAC"},"2B4":{"t":"C182"},"2B7":{"t":"P28B"},"2B9":{"t":"PA30"},"2BB":{"t":"C152"},"2C0":{"t":"C140"},"2C2":{"t":"C120"},"2C8":{"t":"PA22"},"2C9":{"t":"PA18"},"2CF":{"t":"S108"},"2D4":{"t":"SS2P"},"2D5":{"t":"CH7B"},"2DE":{"t":"C152"},"2E3":{"t":"C120"},"2E6":{"t":"C140"},"2E9":{"desc":"L1P"},"2EC":{"t":"PA18"},"2F0":{"t":"NAVI"},"2F2":{"t":"S108"},"2F4":{"t":"BE95"},"2F5":{"t":"PA32"},"2F6":{"t":"PA24"},"2F8":{"t":"CH7B"},"2FA":{"t":"C182"},"2FC":{"t":"C172"},"300":{"t":"C310"},"305":{"t":"C140"},"309":{"t":"C140"},"30A":{"t":"C140"},"30B":{"t":"GLF4"},"30C":{"t":"PA22"},"30E":{"t":"AT5T"},"312":{"desc":"L1P"},"315":{"t":"PC12"},"316":{"t":"CL60"},"318":{"t":"HUSK"},"31C":{"desc":"L1P"},"31D":{"t":"GLID"},"321":{"t":"GLF4"},"325":{"t":"C182"},"326":{"t":"C550"},"32D":{"t":"T210"},"32F":{"desc":"L1P"},"335":{"t":"BE20"},"33A":{"t":"B25"},"341":{"t":"G280"},"342":{"t":"B350"},"343":{"t":"GLF5"},"346":{"t":"GLF6"},"34A":{"t":"BE9L"},"34C":{"t":"PA32"},"353":{"desc":"L1P"},"357":{"t":"S108"},"358":{"t":"P28A"},"359":{"desc":"L1P"},"35A":{"desc":"L1T"},"35B":{"desc":"A1P"},"361":{"desc":"L1P"},"363":{"t":"BE36"},"364":{"t":"B739"},"365":{"desc":"H4E"},"367":{"desc":"L1P","t":"ULAC"},"368":{"t":"P32R"},"371":{"t":"BALL"},"37E":{"t":"C421"},"381":{"t":"FA7X"},"38B":{"t":"AT8T"},"38D":{"desc":"L2J"},"3A2":{"t":"P28A"},"3A4":{"t":"R44"},"3B1":{"desc":"L1P"},"3B2":{"desc":"H4E"},"3B3":{"desc":"L1P","t":"ULAC"},"3B4":{"t":"C525"},"3BB":{"desc":"L1P"},"3BD":{"t":"BALL"},"3BE":{"t":"C172"},"3D5":{"t":"S22T"},"3D6":{"t":"BE36"},"3DA":{"t":"AS50"},"3E2":{"t":"SR22"},"3E4":{"t":"AA5"},"3E5":{"t":"E135"},"3E9":{"desc":"L1P"},"3ED":{"desc":"L1P"},"3EF":{"t":"BALL"},"408":{"t":"BALL"},"412":{"t":"C340"},"41B":{"t":"BALL"},"420":{"t":"PA46"},"423":{"t":"ST75"},"428":{"t":"GLEX"},"42B":{"t":"GLID"},"434":{"t":"E55P"},"435":{"t":"C82S"},"438":{"desc":"L1P","t":"ULAC"},"43B":{"t":"GLF6"},"43C":{"desc":"L1P"},"445":{"t":"B738"},"44A":{"desc":"L1P"},"451":{"t":"P28A"},"452":{"t":"LJ60"},"453":{"t":"BALL"},"45A":{"t":"M20P"},"466":{"t":"PA46"},"46A":{"t":"BE35"},"46B":{"desc":"L1P"},"489":{"t":"COL4"},"48A":{"desc":"L1P"},"494":{"t":"BALL"},"49C":{"t":"GLF6"},"49F":{"desc":"L1P"},"4A1":{"desc":"L1P"},"4A4":{"desc":"L1P"},"4A6":{"t":"CRJ9"},"4AA":{"desc":"H1P"},"4AC":{"t":"AT8T"},"4B3":{"t":"EN28"},"4B8":{"t":"C310"},"4BD":{"t":"H60"},"4C1":{"t":"C182"},"4C6":{"t":"F900"},"4C7":{"desc":"L1P"},"4CA":{"t":"C25B"},"4CB":{"t":"SR20"},"4CF":{"t":"A319"},"4E9":{"desc":"L1P","t":"ULAC"},"4EF":{"t":"H60"},"500":{"desc":"L1P"},"503":{"t":"S61"},"50E":{"t":"BE33"},"510":{"desc":"L1P"},"511":{"t":"GL5T"},"512":{"desc":"L1P"},"540":{"t":"ULAC"},"555":{"t":"SR22"},"565":{"t":"CRJ2"},"56C":{"t":"G164"},"570":{"t":"BE33"},"572":{"t":"PA24"},"574":{"t":"CH7B"},"576":{"t":"C182"},"578":{"t":"C172"},"579":{"t":"P28B"},"57B":{"t":"PA30"},"57C":{"t":"C310"},"57E":{"t":"C120"},"586":{"t":"C120"},"588":{"t":"PA32"},"593":{"t":"BE35"},"597":{"t":"CH7B"},"598":{"desc":"L1P"},"599":{"t":"C182"},"59D":{"t":"C182"},"59E":{"t":"PA30"},"5A1":{"t":"C172"},"5A2":{"t":"C152"},"5A5":{"t":"C152"},"5A6":{"t":"C140"},"5A8":{"t":"C140"},"5AB":{"t":"CRJ2"},"5AD":{"desc":"H1P"},"5AE":{"t":"PA18"},"5B4":{"t":"S108"},"5B6":{"t":"BE35"},"5B8":{"t":"PA24"},"5BA":{"desc":"L1P"},"5BC":{"t":"C182"},"5BE":{"t":"C172"},"5BF":{"t":"P28B"},"5C1":{"t":"PA30"},"5C2":{"t":"C310"},"5CE":{"t":"BE35"},"5CF":{"t":"C172"},"5D1":{"t":"LJ45"},"5D6":{"t":"P28A"},"5D7":{"t":"S108"},"5D8":{"t":"AA1"},"5D9":{"t":"BE33"},"5DB":{"t":"PA24"},"5DF":{"t":"C182"},"5E1":{"t":"C172"},"5E6":{"t":"C140"},"5E9":{"t":"C120"},"5EB":{"t":"C140"},"5EC":{"t":"C140"},"5ED":{"t":"C120"},"5F2":{"t":"C172"},"5F3":{"t":"PA22"},"5F9":{"t":"P28A"},"5FD":{"t":"PA32"},"5FE":{"t":"PA24"},"5FF":{"t":"SS2P"},"606":{"t":"C182"},"60B":{"t":"C140"},"60D":{"t":"C140"},"612":{"t":"C140"},"613":{"desc":"H8E"},"615":{"desc":"L1P"},"616":{"t":"P32R"},"61B":{"t":"NAVI"},"621":{"t":"PA24"},"623":{"t":"CH7A"},"624":{"t":"C150"},"625":{"t":"C182"},"628":{"t":"P28B"},"629":{"t":"C182"},"62C":{"t":"C140"},"631":{"t":"C140"},"634":{"t":"C140"},"635":{"t":"C152"},"637":{"t":"BE35"},"638":{"t":"CRJ2"},"63F":{"t":"P28A"},"641":{"t":"AA1"},"642":{"t":"BE35"},"643":{"t":"PA32"},"644":{"t":"PA24"},"646":{"t":"CH7B"},"647":{"t":"C150"},"649":{"t":"C150"},"64A":{"t":"C172"},"64B":{"t":"P28B"},"64D":{"t":"PA30"},"64E":{"t":"C310"},"64F":{"t":"C140"},"650":{"t":"C120"},"652":{"t":"C152"},"658":{"t":"C152"},"65B":{"t":"C172"},"65C":{"t":"P32R"},"664":{"t":"AA1"},"66B":{"t":"C182"},"66D":{"t":"C172"},"66E":{"t":"P28B"},"670":{"t":"PA18"},"671":{"t":"C310"},"674":{"t":"C152"},"679":{"t":"C152"},"67A":{"t":"C172"},"67C":{"t":"GLF5"},"67F":{"t":"PA22"},"685":{"t":"P28A"},"689":{"t":"PA32"},"68B":{"t":"SS2P"},"68C":{"t":"CH7A"},"68F":{"t":"C150"},"690":{"t":"C172"},"691":{"t":"P28B"},"692":{"t":"SR22"},"696":{"t":"C152"},"697":{"t":"C140"},"698":{"t":"C140"},"699":{"t":"C140"},"69A":{"t":"C120"},"69B":{"t":"C140"},"69C":{"t":"C152"},"69D":{"t":"GLF4"},"6A8":{"t":"P28A"},"6AD":{"t":"PA24"},"6B5":{"desc":"L1P"},"6BD":{"t":"C140"},"6C0":{"t":"C140"},"6C3":{"desc":"L1P"},"6C6":{"desc":"L1P"},"6C9":{"desc":"L2P"},"6CD":{"t":"HA4T"},"6CE":{"t":"GLF4"},"6CF":{"t":"SR22"},"6D5":{"t":"B712"},"6D7":{"t":"BE76"},"6D8":{"desc":"L1P"},"6DB":{"t":"BALL"},"6DC":{"t":"C550"},"6DD":{"t":"BE9L"},"6DE":{"desc":"L1P"},"6DF":{"t":"F2TH"},"6E1":{"desc":"L1P","t":"ULAC"},"6E4":{"t":"B06"},"6F1":{"t":"COL4"},"6F6":{"desc":"L2T"},"6F9":{"t":"SR22"},"6FB":{"desc":"L1P"},"6FD":{"t":"GLEX"},"700":{"desc":"L1P"},"701":{"desc":"L1P"},"703":{"t":"C182"},"706":{"t":"T206"},"707":{"t":"DV20"},"709":{"desc":"L1P"},"70A":{"desc":"L1P"},"70D":{"desc":"L2T"},"70E":{"t":"BE9L"},"70F":{"desc":"L1P"},"711":{"t":"GLID"},"713":{"desc":"L1P"},"716":{"desc":"L1P"},"71B":{"t":"B739"},"71F":{"t":"DA40"},"723":{"t":"P28U"},"724":{"t":"E50P"},"72C":{"t":"E55P"},"733":{"desc":"L1P"},"739":{"t":"T206"},"745":{"t":"C208"},"74E":{"desc":"L1P"},"751":{"t":"GLF4"},"759":{"t":"Y18T"},"75C":{"desc":"L1P"},"75F":{"desc":"L1P"},"76A":{"t":"R44"},"772":{"desc":"L1P"},"775":{"desc":"L1P"},"783":{"desc":"L1P"},"784":{"t":"ULAC"},"78B":{"t":"SR22"},"78D":{"t":"PA32"},"78F":{"desc":"L1P"},"790":{"t":"B350"},"791":{"t":"C680"},"792":{"desc":"L1P"},"793":{"t":"C182"},"795":{"desc":"L1P"},"796":{"desc":"L1P"},"797":{"t":"BE40"},"799":{"desc":"L1P"},"79B":{"t":"C172"},"79C":{"t":"EN28"},"79F":{"desc":"L1P","t":"ULAC"},"7A5":{"desc":"L1P"},"7A7":{"t":"ULAC"},"7B0":{"t":"T210"},"7B2":{"desc":"L1P"},"7B5":{"t":"R44"},"7BF":{"t":"BALL"},"7C5":{"desc":"L1P"},"7CD":{"t":"R44"},"7D7":{"t":"GLID"},"7DB":{"t":"T206"},"7EF":{"desc":"L1P"},"7F2":{"t":"GLF5"},"7F5":{"t":"S108"},"7F7":{"t":"C25C"},"7FC":{"t":"B738"},"7FD":{"desc":"H2T"},"808":{"desc":"L1P"},"80D":{"t":"C560"},"811":{"desc":"L1P"},"819":{"desc":"L1T"},"81D":{"t":"SR22"},"83B":{"t":"ULAC"},"83C":{"t":"BE33"},"83D":{"t":"T206"},"83E":{"desc":"L1P"},"844":{"desc":"L1P"},"84E":{"desc":"L1P"},"853":{"desc":"L1P"},"854":{"t":"GLID"},"856":{"t":"G280"},"857":{"t":"BE20"},"85D":{"t":"CRJ9"},"861":{"t":"C172"},"863":{"t":"GLF5"},"865":{"desc":"L2J","t":"CL60"},"86C":{"t":"BE35"},"86E":{"desc":"L1P"},"86F":{"desc":"L1P"},"872":{"desc":"L1P"},"87C":{"desc":"L1P"},"87D":{"desc":"L1P"},"87E":{"t":"SR22"},"885":{"t":"F2TH"},"886":{"t":"A319"},"88B":{"desc":"L1P"},"89E":{"t":"GLF5"},"8A7":{"desc":"L1J"},"8A9":{"t":"RV12"},"8B3":{"desc":"H4E"},"8B7":{"desc":"L1P"},"8C3":{"desc":"L1P"},"8C5":{"desc":"A1P"},"8CC":{"t":"P28B"},"8D0":{"t":"P28A"},"8E9":{"desc":"L1P"},"8EF":{"t":"GLF6"},"8F9":{"desc":"H1E"},"902":{"t":"M7"},"904":{"desc":"L1P"},"917":{"desc":"L1E"},"91B":{"t":"GLID"},"91D":{"t":"C172"},"921":{"t":"H269"},"923":{"t":"NAVI"},"924":{"t":"P28A"},"925":{"t":"S108"},"927":{"t":"BE35"},"929":{"t":"PA24"},"92D":{"t":"C182"},"933":{"desc":"L1P"},"936":{"t":"C140"},"937":{"t":"C140"},"938":{"t":"C152"},"93A":{"t":"C140"},"93B":{"t":"C140"},"93F":{"t":"BE35"},"941":{"t":"PA22"},"945":{"t":"C340"},"947":{"t":"P28A"},"949":{"t":"AA1"},"94A":{"t":"BE55"},"94C":{"t":"PA24"},"94D":{"t":"SS2P"},"94E":{"desc":"L1P","t":"ULAC"},"955":{"t":"PA18"},"958":{"t":"C140"},"95F":{"t":"C140"},"961":{"t":"T6"},"966":{"t":"P32R"},"968":{"t":"C182"},"96A":{"t":"P28A"},"96E":{"t":"PA32"},"96F":{"t":"PA24"},"971":{"desc":"L1P"},"974":{"t":"C150"},"975":{"t":"C172"},"976":{"t":"P28B"},"97D":{"t":"C140"},"97F":{"t":"C120"},"984":{"t":"T6"},"988":{"t":"PA18"},"98D":{"t":"P28A"},"990":{"t":"BE35"},"992":{"t":"PA24"},"994":{"t":"CH7B"},"995":{"t":"C150"},"996":{"t":"C182"},"998":{"t":"C172"},"999":{"t":"C185"},"99A":{"t":"C182"},"99B":{"t":"PA18"},"99C":{"t":"C310"},"99F":{"t":"C140"},"9A0":{"t":"C152"},"9A1":{"t":"C152"},"9A3":{"t":"C140"},"9A5":{"t":"C120"},"9A7":{"t":"T6"},"9AE":{"t":"C182"},"9B0":{"t":"P28A"},"9B1":{"t":"S108"},"9B8":{"t":"C150"},"9B9":{"t":"C182"},"9BA":{"t":"C150"},"9BC":{"t":"P28B"},"9C1":{"t":"C140"},"9C2":{"t":"C120"},"9C6":{"t":"CH7A"},"9C7":{"t":"C140"},"9CC":{"t":"C172"},"9CE":{"t":"PA18"},"9D2":{"t":"NAVI"},"9D3":{"t":"P28A"},"9D6":{"t":"BE35"},"9DB":{"t":"C150"},"9DD":{"t":"C150"},"9DF":{"t":"P28B"},"9E0":{"t":"C182"},"9E2":{"t":"C310"},"9E5":{"t":"C140"},"9E7":{"t":"C120"},"9EB":{"t":"C120"},"9EC":{"t":"C140"},"9EE":{"t":"BE35"},"9EF":{"t":"C172"},"9F2":{"t":"P28A"},"9FA":{"t":"PA32"},"9FD":{"desc":"L1E"},"9FE":{"t":"C150"},"9FF":{"t":"C182"},"A01":{"t":"C172"},"A02":{"t":"P28B"},"A03":{"t":"C182"},"A04":{"t":"PA18"},"A09":{"t":"C152"},"A0B":{"t":"C140"},"A0E":{"t":"C140"},"A10":{"t":"BE58"},"A14":{"t":"PA18"},"A17":{"desc":"L1P"},"A19":{"t":"P28A"},"A1B":{"t":"AA1"},"A1E":{"t":"PA24"},"A21":{"t":"C150"},"A24":{"t":"C172"},"A25":{"t":"P28B"},"A2B":{"t":"C140"},"A2C":{"t":"C140"},"A2D":{"t":"C120"},"A30":{"t":"C140"},"A31":{"t":"C120"},"A33":{"desc":"L1P"},"A38":{"t":"P28A"},"A3C":{"t":"P28A"},"A3D":{"t":"GLEX"},"A3F":{"t":"BE35"},"A40":{"t":"PA32"},"A41":{"t":"PA24"},"A45":{"t":"C182"},"A48":{"desc":"H1E"},"A4C":{"t":"C152"},"A4E":{"t":"C120"},"A54":{"t":"C140"},"A56":{"desc":"H1P"},"A58":{"t":"C172"},"A5A":{"t":"PA18"},"A5D":{"t":"C188"},"A5E":{"t":"NAVI"},"A60":{"t":"S108"},"A64":{"t":"PA24"},"A66":{"t":"CH7B"},"A67":{"t":"C150"},"A6B":{"t":"P28B"},"A6F":{"t":"C120"},"A72":{"t":"C140"},"A75":{"t":"C120"},"A78":{"t":"C140"},"A7A":{"t":"BE35"},"A7B":{"desc":"L1P"},"A7C":{"t":"BE35"},"A7D":{"t":"AC11"},"A7F":{"t":"M20P"},"A80":{"desc":"L1P"},"A83":{"desc":"L1P"},"A84":{"desc":"L1P"},"A85":{"t":"P28A"},"A86":{"t":"C310"},"A88":{"t":"PA27"},"A89":{"desc":"L1P"},"A8A":{"t":"C150"},"A91":{"t":"C421"},"A93":{"desc":"L1P"},"A95":{"t":"C185"},"A96":{"desc":"L1P","t":"ULAC"},"A97":{"desc":"L1P"},"A98":{"desc":"L1T"},"A99":{"desc":"L1P"},"A9D":{"desc":"L1P"},"A9E":{"desc":"L1P"},"A9F":{"t":"T34P"},"AA0":{"t":"BE36"},"AA1":{"t":"C182"},"AA2":{"t":"B06"},"AA3":{"t":"M20P"},"AA4":{"desc":"L2P"},"AA5":{"t":"C182"},"AA7":{"t":"P28A"},"AA8":{"t":"M20P"},"AA9":{"t":"GLF4"},"AAA":{"t":"BL8"},"AAE":{"t":"SF50"},"AB1":{"t":"C25B"},"AB2":{"t":"M20T"},"AB3":{"t":"C180"},"AB6":{"t":"GLF5"},"AB7":{"desc":"L1P"},"AB9":{"t":"C560"},"ABA":{"t":"A139"},"ABB":{"t":"AA1"},"ABC":{"t":"B429"},"ABD":{"t":"P337"},"ABE":{"t":"P337"},"ABF":{"desc":"L3J"},"AC0":{"t":"P337"},"AC1":{"t":"A109"},"AC2":{"t":"P337"},"AC3":{"t":"L39"},"AC7":{"t":"GC1"},"AC8":{"t":"PA44"},"ACA":{"desc":"L1P"},"ACB":{"desc":"L1P"},"ACC":{"t":"PA30"},"ACF":{"desc":"L1P"},"AD0":{"desc":"L1P"},"AD2":{"t":"BE35"},"AD5":{"desc":"L1P"},"AD7":{"desc":"L1P"},"AD9":{"t":"BT36"},"ADA":{"t":"BE35"},"ADB":{"desc":"L1P"},"ADC":{"desc":"L1P"},"ADE":{"t":"RYST"},"ADF":{"desc":"L1P"},"AE1":{"desc":"L1P"},"AE2":{"t":"T210"},"AE3":{"t":"TBM7"},"AE4":{"desc":"L1P"},"AE7":{"t":"T34P"},"AE9":{"t":"PA31"},"AEA":{"t":"ERCO"},"AEC":{"t":"B58T"},"AEE":{"t":"CH7B"},"AEF":{"t":"C310"},"AF2":{"t":"M20P"},"AF4":{"t":"E300"},"AF5":{"desc":"L1P"},"AF7":{"t":"C185"},"AF8":{"t":"AA1"},"AFA":{"desc":"L1P"},"AFD":{"t":"M5"},"AFF":{"desc":"H2T"},"B00":{"t":"AS50"},"B04":{"t":"P28R"},"B05":{"desc":"L1P"},"B07":{"t":"C177"},"B08":{"t":"P28S"},"B09":{"desc":"L1P"},"B0A":{"t":"H500"},"B0B":{"t":"C182"},"B0C":{"t":"PA31"},"B0E":{"desc":"L1P","t":"ULAC"},"B0F":{"desc":"L1P","t":"ULAC"},"B10":{"desc":"L1P"},"B12":{"t":"F900"},"B13":{"t":"C205"},"B14":{"desc":"L1P"},"B16":{"t":"PA46"},"B19":{"desc":"L1P"},"B1B":{"desc":"L1P"},"B1C":{"t":"M4"},"B1D":{"t":"M20P"},"B1E":{"desc":"H1P"},"B20":{"t":"L8"},"B21":{"t":"BE30"},"B22":{"t":"C208"},"B25":{"desc":"A2P"},"B26":{"desc":"L1P"},"B28":{"desc":"A1P"},"B29":{"desc":"L1P"},"B2A":{"t":"H500"},"B30":{"t":"BE35"},"B32":{"desc":"L1P"},"B33":{"desc":"L1P"},"B35":{"t":"C180"},"B37":{"desc":"L1P"},"B38":{"t":"C180"},"B39":{"desc":"L1P"},"B3C":{"desc":"L1P"},"B3D":{"desc":"L1P"},"B3E":{"t":"BE9L"},"B3F":{"t":"T34P"},"B40":{"t":"ST75"},"B41":{"t":"R22"},"B42":{"desc":"L1P"},"B44":{"t":"M20P"},"B46":{"t":"T34P"},"B48":{"t":"BE36"},"B49":{"desc":"L1P"},"B4A":{"t":"GLID"},"B4B":{"desc":"L1P"},"B4C":{"t":"GLID"},"B4D":{"t":"BE60"},"B4E":{"desc":"L1P"},"B50":{"t":"C210"},"B52":{"t":"S22T"},"B53":{"t":"AA5"},"B54":{"desc":"L1P"},"B55":{"desc":"A1P"},"B56":{"desc":"L1P"},"B57":{"desc":"L1P"},"B5C":{"t":"C152"},"B5F":{"t":"PA24"},"B62":{"t":"C25B"},"B64":{"desc":"H1P"},"B65":{"desc":"L1P"},"B66":{"desc":"A2P"},"B67":{"t":"C525"},"B69":{"t":"PA24"},"B6B":{"desc":"L1P"},"B6C":{"t":"M20P"},"B6D":{"t":"PA12"},"B6E":{"desc":"L1P"},"B6F":{"t":"M7"},"B72":{"t":"P337"},"B73":{"desc":"L1P"},"B74":{"desc":"A1P"},"B75":{"t":"C172"},"B76":{"desc":"L1P"},"B77":{"t":"BE55"},"B78":{"t":"C310"},"B7A":{"t":"S22T"},"B7B":{"t":"C182"},"B7D":{"t":"C337"},"B7F":{"desc":"L1P"},"B80":{"t":"ULAC"},"B82":{"t":"ST75"},"B84":{"desc":"L1P"},"B86":{"t":"BE58"},"B87":{"t":"CH7B"},"B88":{"t":"PRM1"},"B8A":{"desc":"L1P"},"B8E":{"t":"GLID"},"B8F":{"desc":"L1P"},"B90":{"t":"BE35"},"B91":{"t":"C150"},"B92":{"t":"P28A"},"B93":{"desc":"L1P"},"B94":{"desc":"L1P"},"B95":{"t":"BE35"},"B98":{"t":"C82R"},"B99":{"t":"BE33"},"B9A":{"t":"C414"},"B9B":{"t":"BE36"},"B9C":{"t":"GLID"},"B9D":{"desc":"L1P"},"B9E":{"desc":"L1P"},"B9F":{"t":"C195"},"BA0":{"desc":"L1P"},"BA1":{"t":"RV12"},"BA4":{"t":"C172"},"BA5":{"desc":"L1P"},"BA6":{"t":"C182"},"BA7":{"t":"M7"},"BA8":{"desc":"L2T"},"BA9":{"t":"C414"},"BAB":{"t":"BL8"},"BAD":{"t":"C750"},"BAF":{"t":"A139"},"BB0":{"desc":"L2T","t":"BE18"},"BB7":{"t":"B58T"},"BB8":{"t":"HUSK"},"BBA":{"t":"L13M"},"BBB":{"t":"CH7A"},"BBC":{"t":"C208"},"BBD":{"t":"PA30"},"BBE":{"desc":"L2T"},"BBF":{"desc":"L4J"},"BC0":{"desc":"L1P"},"BC1":{"desc":"L1P"},"BC2":{"t":"C195"},"BC3":{"t":"C180"},"BC4":{"t":"PA30"},"BC5":{"t":"B737"},"BC7":{"desc":"L1P"},"BC8":{"t":"SR22"},"BC9":{"desc":"L1P"},"BCB":{"t":"P28R"},"BCC":{"t":"P28T"},"BD0":{"t":"GLEX"},"BD1":{"desc":"L1P"},"BD3":{"desc":"L1P"},"BD4":{"desc":"L1P"},"BD5":{"desc":"L1P"},"BD6":{"t":"GLID"},"BD8":{"t":"PA31"},"BD9":{"t":"HUSK"},"BDA":{"desc":"L1P"},"BDC":{"t":"B06"},"BE3":{"desc":"L1P","t":"ULAC"},"BE5":{"t":"BE9L"},"BE6":{"t":"CH7B"},"BEA":{"t":"PTS2"},"BEE":{"desc":"L1T"},"BEF":{"t":"AC50"},"BF1":{"t":"PA18"},"BF2":{"t":"LJ35"},"BF4":{"desc":"L1P"},"BF5":{"t":"WW24"},"BF6":{"desc":"L1P"},"BF7":{"desc":"L1P"},"BF8":{"desc":"L1P"},"BFB":{"desc":"L1P"},"BFC":{"t":"C182"},"BFE":{"t":"C303"},"BFF":{"t":"C182"},"C00":{"desc":"H1T"},"C01":{"t":"BE33"},"C02":{"t":"PC12"},"C05":{"t":"C310"},"C06":{"desc":"L1P"},"C07":{"desc":"L1P"},"C08":{"t":"C340"},"C09":{"t":"C421"},"C0A":{"desc":"H1P"},"C0B":{"t":"P32R"},"C0D":{"t":"GA5C"},"C0F":{"t":"P337"},"C10":{"t":"GLID"},"C11":{"t":"C185"},"C12":{"t":"BT36"},"C14":{"t":"M20T"},"C17":{"desc":"L1P"},"C18":{"t":"B430"},"C1A":{"t":"C240"},"C1E":{"desc":"L1P"},"C1F":{"t":"C182"},"C20":{"desc":"L1P"},"C22":{"t":"SR22"},"C24":{"t":"P28A"},"C25":{"t":"ST75"},"C26":{"t":"BE36"},"C27":{"desc":"L1P"},"C28":{"t":"FA50"},"C29":{"t":"NAVI"},"C2C":{"t":"GLEX"},"C2D":{"t":"NAVI"},"C2E":{"t":"C182"},"C2F":{"desc":"L1P"},"C30":{"desc":"L1P"},"C32":{"desc":"L1P","t":"ULAC"},"C33":{"t":"T210"},"C34":{"desc":"L1P"},"C35":{"t":"BE35"},"C36":{"desc":"L1P"},"C37":{"t":"B407"},"C39":{"t":"PA31"},"C3B":{"desc":"L1P"},"C3C":{"t":"C56X"},"C3F":{"t":"GLID"},"C41":{"t":"TBM7"},"C42":{"desc":"L1P"},"C45":{"t":"B06"},"C46":{"desc":"H1P"},"C48":{"t":"BALL"},"C4A":{"t":"ERCO"},"C4C":{"desc":"L1P"},"C4D":{"t":"BALL"},"C52":{"t":"GLF5"},"C53":{"t":"GLID"},"C54":{"t":"BE9L"},"C55":{"t":"M5"},"C57":{"t":"S22T"},"C58":{"t":"BE9L"},"C59":{"t":"BE35"},"C5B":{"t":"B06"},"C5C":{"desc":"L1P"},"C5D":{"desc":"L1P"},"C5E":{"desc":"L1P"},"C5F":{"t":"E300"},"C61":{"t":"M7"},"C62":{"t":"GLID"},"C65":{"desc":"L1P"},"C66":{"t":"GLID"},"C67":{"t":"CH7A"},"C68":{"t":"C172"},"C69":{"desc":"L1P"},"C6B":{"t":"M7"},"C6C":{"desc":"H1T"},"C71":{"t":"C185"},"C72":{"desc":"L1P"},"C77":{"t":"C340"},"C78":{"desc":"L1P"},"C7A":{"t":"BE18"},"C7C":{"desc":"L1P"},"C7E":{"t":"BE20"},"C81":{"desc":"L1P"},"C82":{"t":"SF50"},"C83":{"t":"BE40"},"C84":{"desc":"L1P"},"C86":{"t":"H269"},"C89":{"t":"CJ6"},"C8A":{"desc":"A1P"},"C8C":{"desc":"L1P"},"C8D":{"t":"C172"},"C8E":{"desc":"L1P"},"C8F":{"desc":"L1P"},"C90":{"t":"C82R"},"C91":{"desc":"L1P"},"C92":{"t":"GLID"},"C97":{"desc":"L1P"},"C98":{"t":"GLID"},"C99":{"t":"PA24"},"C9C":{"desc":"L1T"},"C9D":{"desc":"A1P","t":"ULAC"},"C9E":{"t":"C177"},"CA0":{"desc":"L1P"},"CA1":{"desc":"L1P"},"CA3":{"desc":"L1P"},"CA4":{"t":"P337"},"CA6":{"desc":"L1P"},"CA8":{"t":"PTS2"},"CA9":{"t":"B06"},"CAC":{"t":"C82S"},"CAD":{"t":"BALL"},"CB0":{"t":"BE55"},"CB1":{"desc":"H2T"},"CB2":{"t":"BE36"},"CB4":{"t":"PA18"},"CB5":{"desc":"A1P","t":"ULAC"},"CB6":{"t":"C150"},"CB8":{"t":"AA5"},"CBA":{"t":"M20P"},"CBB":{"t":"C501"},"CBF":{"desc":"L1P","t":"ULAC"},"CC2":{"desc":"H1T"},"CC7":{"desc":"L1P"},"CC8":{"desc":"L1P"},"CC9":{"desc":"H1T"},"CCA":{"t":"GLID"},"CCB":{"t":"SR22"},"CCC":{"t":"PA18"},"CCF":{"desc":"L1P"},"CD2":{"t":"CL60"},"CD4":{"t":"HUSK"},"CD5":{"desc":"L1P"},"CD6":{"desc":"L1P"},"CD7":{"desc":"L1T"},"CDA":{"t":"M7"},"CDB":{"t":"GLID"},"CDC":{"t":"ASTR"},"CDD":{"desc":"L1P"},"CDE":{"t":"H500"},"CDF":{"t":"BE20"},"CE1":{"t":"PA31"},"CE5":{"t":"AC90"},"CE7":{"t":"CH7B"},"CE8":{"t":"BE9L"},"CEB":{"t":"BALL"},"CED":{"t":"G280"},"CEF":{"t":"C182"},"CF2":{"t":"BE9L"},"CF3":{"t":"GLID"},"CF4":{"desc":"L1P"},"CF5":{"t":"HUSK"},"CF6":{"t":"P337"},"CF7":{"t":"CL30"},"CF8":{"t":"GLID"},"CFA":{"t":"GLID"},"CFC":{"t":"BALL"},"CFE":{"t":"LJ45"},"D01":{"t":"P32R"},"D04":{"desc":"H1P"},"D06":{"t":"CH7B"},"D09":{"t":"SR22"},"D0A":{"t":"LJ60"},"D0C":{"t":"G280"},"D0D":{"t":"BE9L"},"D0F":{"t":"C172"},"D10":{"t":"B06"},"D11":{"desc":"L1P"},"D12":{"t":"BE9L"},"D15":{"desc":"L1P"},"D16":{"t":"GLID"},"D17":{"t":"BE9L"},"D18":{"t":"BE40"},"D1A":{"t":"HDJT"},"D1B":{"t":"BE9L"},"D1E":{"t":"U21"},"D20":{"t":"C510"},"D21":{"t":"BE33"},"D22":{"t":"PA32"},"D25":{"desc":"L1P"},"D26":{"desc":"L1P"},"D27":{"desc":"L1P","t":"C182"},"D28":{"t":"AS50"},"D2A":{"t":"C340"},"D2B":{"t":"BE9L"},"D2E":{"desc":"L1P"},"D30":{"desc":"L1P"},"D32":{"desc":"L1P"},"D36":{"t":"C82T"},"D39":{"t":"BE58"},"D3A":{"desc":"L1P"},"D3D":{"t":"PA27"},"D3F":{"t":"BE9L"},"D40":{"t":"BE9L"},"D42":{"t":"BE9L"},"D43":{"desc":"L1P"},"D44":{"t":"P28A"},"D47":{"t":"PA46"},"D48":{"t":"HUSK"},"D49":{"t":"C240"},"D4A":{"desc":"L1P"},"D4B":{"t":"S76"},"D4C":{"t":"GLEX"},"D50":{"t":"BE9T"},"D51":{"t":"U21"},"D52":{"t":"H25B"},"D53":{"t":"C310"},"D54":{"t":"C56X"},"D55":{"t":"P28R"},"D56":{"t":"DV20"},"D57":{"t":"C182"},"D58":{"desc":"L1P"},"D5B":{"t":"C172"},"D5C":{"t":"B350"},"D60":{"t":"C172"},"D61":{"t":"PAY2"},"D62":{"t":"GALX"},"D65":{"desc":"L1P"},"D66":{"t":"GLEX"},"D6B":{"desc":"L1P"},"D6C":{"desc":"L1P"},"D6E":{"t":"BL8"},"D6F":{"desc":"L1P"},"D73":{"t":"BL8"},"D74":{"t":"C208"},"D75":{"t":"PC12"},"D77":{"t":"F900"},"D79":{"desc":"L1P"},"D7A":{"t":"LJ45"},"D7B":{"t":"BL8"},"D7E":{"t":"BE33"},"D7F":{"desc":"L1P","t":"ULAC"},"D82":{"desc":"L1P"},"D83":{"t":"C172"},"D85":{"t":"FA50"},"D88":{"t":"BE33"},"D89":{"t":"BE9L"},"D8C":{"t":"BE9T"},"D8E":{"desc":"H1P"},"D90":{"t":"C182"},"D93":{"desc":"L1P"},"D94":{"desc":"L1P"},"D95":{"t":"HUSK"},"D97":{"desc":"L1P"},"D99":{"t":"HUSK"},"D9B":{"t":"LJ35"},"D9C":{"desc":"L1P"},"D9E":{"desc":"L1P"},"DA0":{"t":"GLF5"},"DA1":{"t":"C208"},"DA2":{"desc":"L1J"},"DA3":{"desc":"L1P"},"DA4":{"t":"C550"},"DA6":{"t":"BE35"},"DA7":{"t":"M20P"},"DA8":{"t":"BE9L"},"DA9":{"desc":"L2P"},"DAD":{"desc":"L1P","t":"ULAC"},"DB0":{"desc":"L1P"},"DB1":{"t":"BE9L"},"DB3":{"t":"BE9L"},"DB5":{"t":"BE9L"},"DB6":{"t":"SR22"},"DB7":{"t":"CL60"},"DB8":{"t":"M7"},"DBB":{"t":"GLID"},"DBC":{"t":"BE9L"},"DBD":{"t":"TBM7"},"DBE":{"desc":"L1P"},"DC0":{"t":"C25B"},"DC2":{"t":"BE9L"},"DC4":{"t":"BE35"},"DC5":{"t":"BE9L"},"DC9":{"t":"BE24"},"DCC":{"t":"BALL"},"DCE":{"t":"CH7B"},"DCF":{"t":"BE9L"},"DD0":{"desc":"L1P","t":"ULAC"},"DD1":{"desc":"L1P"},"DD4":{"t":"CL30"},"DD5":{"t":"M20P"},"DD8":{"t":"J3"},"DDE":{"t":"PA18"},"DDF":{"desc":"L1P"},"DE2":{"desc":"L1P"},"DE4":{"t":"BE9L"},"DE8":{"t":"C210"},"DE9":{"t":"F2TH"},"DEA":{"t":"YK52"},"DEB":{"t":"BE9L"},"DEC":{"desc":"L1T"},"DED":{"t":"SR22"},"DEE":{"t":"P28R"},"DEF":{"t":"T210"},"DF0":{"t":"C421"},"DF1":{"t":"GLF3"},"DF2":{"desc":"L1P","t":"ULAC"},"DF4":{"t":"B06"},"DF8":{"t":"C525"},"DF9":{"t":"BE9L"},"DFB":{"t":"C185"},"DFC":{"desc":"L1P","t":"ULAC"},"E02":{"t":"BE9L"},"E03":{"t":"HUSK"},"E09":{"t":"BALL"},"E0B":{"t":"A109"},"E0C":{"t":"BALL"},"E19":{"t":"PA44"},"E1B":{"desc":"A1P"},"E1C":{"t":"C185"},"E1E":{"t":"C182"},"E1F":{"t":"GLID"},"E20":{"t":"BE9L"},"E22":{"desc":"L1T"},"E26":{"t":"C150"},"E28":{"t":"BE9L"},"E2A":{"t":"C550"},"E2C":{"t":"C310"},"E2E":{"t":"TBM7"},"E2F":{"t":"BALL"},"E30":{"t":"E55P"},"E40":{"t":"BALL"},"E4A":{"t":"O1"},"E4B":{"desc":"A1P"},"E4C":{"desc":"A1P"},"E4D":{"desc":"L1P"},"E50":{"t":"ST75"},"E51":{"t":"GLF4"},"E52":{"t":"B06"},"E53":{"t":"C150"},"E5B":{"t":"GLID"},"E5C":{"t":"BE9T"},"E5E":{"desc":"L1P"},"E5F":{"t":"T210"},"E60":{"t":"BALL"},"E61":{"t":"YK55"},"E65":{"t":"BE9T"},"E67":{"t":"BE9L"},"E68":{"t":"PA46"},"E6B":{"t":"GLID"},"E6C":{"t":"C25B"},"E6D":{"desc":"L1P"},"E6E":{"desc":"L1P"},"E6F":{"t":"YK52"},"E70":{"t":"C185"},"E71":{"desc":"L1P"},"E72":{"desc":"L1P"},"E74":{"desc":"L1P"},"E75":{"desc":"L1P"},"E76":{"t":"C172"},"E78":{"t":"AEST"},"E79":{"desc":"L1P","t":"ULAC"},"E7E":{"desc":"L1P","t":"TB0"},"E80":{"t":"BE9T"},"E81":{"t":"BALL"},"E82":{"t":"C206"},"E84":{"t":"F900"},"E85":{"t":"BE9L"},"E86":{"t":"F900"},"E87":{"t":"P210"},"E88":{"t":"BE35"},"E89":{"desc":"L1P"},"E8A":{"t":"BE9T"},"E8C":{"t":"C414"},"E8D":{"desc":"L1P"},"E8E":{"t":"BE18"},"E90":{"desc":"H4E"},"E92":{"t":"AS50"},"E93":{"desc":"L1P"},"E96":{"t":"BE9T"},"E97":{"t":"P68"},"EA1":{"t":"BALL"},"EAE":{"t":"NAVI"},"EAF":{"t":"C182"},"EB1":{"t":"BE9T"},"EB6":{"desc":"H1P"},"EB7":{"t":"LJ31"},"EB8":{"t":"PA24"},"EBA":{"t":"PAY1"},"EBC":{"t":"U21"},"EC0":{"desc":"L1P"},"EC2":{"t":"GLID"},"EC3":{"t":"P28A"},"EC7":{"t":"C182"},"EC8":{"t":"LJ31"},"ECA":{"desc":"L1P"},"ECB":{"desc":"L1P"},"ECC":{"t":"CL30"},"ECD":{"t":"BE30"},"ECF":{"t":"BALL"},"ED0":{"t":"BE9L"},"ED2":{"t":"BE9L"},"ED3":{"desc":"G1P"},"ED5":{"t":"H25B"},"ED8":{"t":"C210"},"ED9":{"t":"BE9L"},"EDC":{"t":"AT8T"},"EDF":{"t":"BALL"},"EE8":{"desc":"H1P"},"EEB":{"t":"BALL"},"EF0":{"t":"LJ45"},"EF6":{"desc":"L1P"},"EF9":{"desc":"L1P"},"EFA":{"t":"C425"},"EFB":{"t":"BE9L"},"EFC":{"t":"F900"},"F03":{"t":"YK52"},"F09":{"desc":"L1P"},"F0F":{"desc":"L1P"},"F10":{"desc":"L1P"},"F12":{"t":"C550"},"F13":{"t":"BALL"},"F2A":{"t":"P46T"},"F2C":{"t":"PA22"},"F2F":{"t":"BE9L"},"F30":{"t":"C56X"},"F31":{"t":"E145"},"F33":{"t":"P210"},"F34":{"t":"TBM8"},"F35":{"t":"PA34"},"F36":{"t":"AEST"},"F37":{"t":"GLF5"},"F38":{"t":"PA27"},"F3A":{"t":"GLF4"},"F3D":{"t":"GLID"},"F3F":{"desc":"L4T"},"F41":{"t":"BE36"},"F43":{"t":"TBM7"},"F44":{"t":"TBM7"},"F45":{"t":"PA22"},"F46":{"t":"B350"},"F47":{"t":"FA50"},"F48":{"desc":"L2J"},"F4B":{"t":"H25B"},"F4C":{"t":"GLID"},"F4D":{"t":"CL60"},"F4F":{"t":"F900"},"F52":{"t":"GLID"},"F53":{"t":"U21"},"F55":{"desc":"H1E"},"F56":{"desc":"G1P"},"F57":{"t":"C25C"},"F58":{"t":"BE9L"},"F59":{"t":"ECHO"},"F5A":{"t":"C182"},"F5D":{"t":"F900"},"F5E":{"t":"S108"},"F5F":{"t":"C172"},"F60":{"t":"C421"},"F61":{"t":"GLF5"},"F62":{"t":"AC11"},"F64":{"t":"BE33"},"F65":{"t":"PA31"},"F66":{"t":"F2TH"},"F69":{"t":"PA32"},"F6B":{"t":"TBM7"},"F6C":{"desc":"L1P"},"F6D":{"t":"F900"},"F6F":{"desc":"L1P"},"F70":{"t":"BE9L"},"F71":{"t":"TBM7"},"F73":{"t":"B350"},"F74":{"t":"TBM7"},"F75":{"t":"TBM7"},"F77":{"t":"F900"},"F78":{"t":"DA40"},"F7A":{"t":"PA30"},"F7B":{"t":"PA34"},"F7D":{"desc":"L1P"},"F7E":{"t":"TBM7"},"F80":{"t":"F900"},"F81":{"desc":"L1P"},"F82":{"desc":"H6E"},"F83":{"t":"WW24"},"F85":{"t":"C162"},"F87":{"desc":"L1P"},"F88":{"t":"C525"},"F8A":{"t":"B739"},"F8C":{"t":"FA7X"},"F8F":{"t":"BE9L"},"F90":{"t":"C560"},"F92":{"t":"C680"},"F93":{"desc":"L1P"},"F94":{"t":"C182"},"F95":{"t":"F900"},"F96":{"t":"F900"},"F97":{"t":"F900"},"F98":{"t":"TBM7"},"F9B":{"t":"LJ31"},"F9C":{"t":"E35L"},"F9E":{"t":"TBM7"},"FA0":{"t":"H25B"},"FA1":{"t":"GLF5"},"FA3":{"t":"F900"},"FA4":{"t":"CRJ2"},"FA5":{"t":"TBM7"},"FA7":{"t":"TBM7"},"FA8":{"t":"BE55"},"FAA":{"t":"TBM7"},"FAB":{"t":"BE60"},"FAC":{"t":"BALL"},"FAE":{"t":"C208"},"FAF":{"desc":"H1T"},"FB0":{"t":"ERCO"},"FB2":{"t":"F900"},"FB3":{"t":"TBM7"},"FB5":{"t":"R66"},"FB6":{"t":"CL60"},"FB7":{"desc":"L2P"},"FBE":{"desc":"H1E"},"FBF":{"desc":"L2T"},"FC0":{"t":"P28A"},"FC1":{"t":"TBM7"},"FC5":{"desc":"L1P"},"FC8":{"t":"C550"},"FCA":{"t":"H25B"},"FCB":{"t":"GLID"},"FCC":{"t":"TBM7"},"FCD":{"desc":"L1P"},"FCE":{"t":"C310"},"FCF":{"t":"TBM7"},"FD0":{"t":"PA24"},"FD2":{"desc":"H8E"},"FD7":{"t":"C525"},"FD8":{"t":"GL5T"},"FDB":{"t":"HA4T"},"FDC":{"t":"C25A"},"FDE":{"t":"F900"},"FDF":{"t":"F900"},"FE0":{"t":"F900"},"FE2":{"t":"F900"},"FE3":{"t":"B06"},"FE9":{"t":"C206"},"FEB":{"t":"TAYB"},"FEC":{"t":"PC12"},"FED":{"t":"E55P"},"FF2":{"t":"HUSK"},"FF5":{"t":"C208"},"FF6":{"t":"C185"},"FF7":{"t":"LJ35"},"FFB":{"t":"F900"},"FFC":{"desc":"L1P"},"FFD":{"desc":"L1P"},"FFE":{"t":"PA18"}}