{"000":{"t":"C82S"},"006":{"desc":"H1P"},"007":{"desc":"H4E"},"008":{"t":"S22T"},"009":{"t":"C177"},"00C":{"t":"RV12"},"00D":{"t":"P28R"},"010":{"t":"PAY2"},"015":{"t":"RV12"},"017":{"desc":"L1P"},"019":{"desc":"L1P"},"01A":{"t":"B737"},"01B":{"desc":"L1P"},"01E":{"desc":"A1P"},"01F":{"t":"C340"},"025":{"desc":"L1P","t":"ULAC"},"029":{"t":"RV12"},"02B":{"desc":"G1P","t":"GYRO"},"02F":{"t":"CRJ9"},"038":{"t":"ULAC"},"039":{"desc":"H4E"},"03C":{"t":"ULAC"},"03F":{"t":"ULAC"},"040":{"t":"C172"},"042":{"t":"B06"},"057":{"t":"S22T"},"06A":{"desc":"L1P"},"06C":{"t":"RV12"},"070":{"desc":"L1P","t":"ULAC"},"071":{"desc":"L1P"},"074":{"t":"C180"},"075":{"t":"M20T"},"078":{"t":"C182"},"079":{"t":"C172"},"07A":{"t":"P28A"},"07B":{"t":"S108"},"07C":{"t":"CH7A"},"07E":{"t":"M20T"},"07F":{"t":"M20P"},"080":{"desc":"L1P"},"081":{"t":"PA18"},"087":{"t":"C182"},"088":{"t":"PA46"},"08A":{"t":"NAVI"},"08B":{"t":"BALL"},"08C":{"t":"PA18"},"08D":{"t":"PA18"},"08E":{"desc":"L1P"},"097":{"t":"C180"},"098":{"t":"PA18"},"099":{"t":"AR11"},"09C":{"t":"C172"},"09D":{"t":"P28A"},"09E":{"t":"BALL"},"09F":{"t":"CH7A"},"0A2":{"t":"AT6T"},"0A3":{"t":"BE35"},"0A7":{"desc":"H4E"},"0A8":{"t":"M20P"},"0A9":{"t":"P28B"},"0AA":{"t":"PA46"},"0AD":{"t":"PA18"},"0AF":{"t":"PA18"},"0B5":{"t":"PA18"},"0B8":{"desc":"L1P"},"0B9":{"t":"BALL"},"0BA":{"t":"C180"},"0C1":{"t":"S108"},"0C2":{"t":"PA46"},"0C4":{"t":"PA46"},"0C5":{"desc":"L1P"},"0C6":{"desc":"L1P","t":"ULAC"},"0C7":{"t":"M20T"},"0C8":{"t":"BE55"},"0C9":{"t":"C180"},"0CB":{"t":"M20P"},"0CD":{"t":"C182"},"0CE":{"t":"PA46"},"0CF":{"t":"B212"},"0D0":{"t":"C180"},"0D1":{"t":"C170"},"0D2":{"t":"C182"},"0D3":{"t":"C180"},"0D4":{"t":"C180"},"0D5":{"t":"C180"},"0D9":{"desc":"L1P"},"0DA":{"desc":"L1P"},"0DB":{"t":"C170"},"0DC":{"t":"C172"},"0DD":{"t":"C82R"},"0DE":{"t":"PA32"},"0E2":{"t":"C172"},"0E3":{"t":"P28A"},"0E4":{"t":"P28A"},"0E5":{"t":"CH7A"},"0E7":{"desc":"L2J"},"0E8":{"t":"P28B"},"0EA":{"desc":"L1P"},"0EB":{"t":"BALL"},"0ED":{"t":"BALL"},"0EF":{"t":"P28B"},"0F0":{"t":"P32R"},"0F3":{"t":"C180"},"0F4":{"t":"C182"},"0F9":{"t":"C182"},"0FC":{"desc":"L1P"},"0FE":{"t":"C170"},"0FF":{"t":"C180"},"101":{"t":"PA18"},"102":{"t":"AR11"},"103":{"t":"AT5T"},"104":{"t":"BALL"},"106":{"t":"BALL"},"108":{"t":"M20T"},"109":{"t":"M20P"},"10B":{"t":"M20P"},"10F":{"desc":"L1P"},"110":{"t":"C150"},"113":{"t":"M20T"},"114":{"t":"PA46"},"115":{"desc":"L1J"},"116":{"t":"PA18"},"117":{"t":"PA18"},"118":{"t":"M20P"},"11A":{"t":"PA18"},"11B":{"t":"C180"},"11C":{"t":"PA18"},"11E":{"t":"PA18"},"11F":{"t":"C180"},"122":{"t":"PA46"},"123":{"t":"C180"},"125":{"t":"M5"},"128":{"t":"DG15"},"129":{"t":"P28A"},"12A":{"t":"S108"},"12C":{"desc":"H1T"},"12E":{"t":"AT6T"},"12F":{"t":"BALL"},"131":{"t":"BALL"},"132":{"t":"C180"},"133":{"t":"M20P"},"134":{"t":"M20P"},"137":{"t":"T206"},"139":{"t":"PA18"},"13C":{"t":"BALL"},"13E":{"t":"PA18"},"13F":{"t":"PA18"},"144":{"t":"C170"},"145":{"t":"BALL"},"146":{"t":"C82R"},"148":{"t":"AR11"},"14A":{"t":"C182"},"14D":{"t":"BALL"},"14E":{"t":"CH7B"},"152":{"t":"BE35"},"153":{"t":"NAVI"},"154":{"t":"PA32"},"155":{"t":"C180"},"158":{"t":"P28B"},"159":{"t":"C182"},"15C":{"t":"PA18"},"15D":{"t":"PA18"},"15E":{"t":"AT5T"},"15F":{"desc":"L1P"},"160":{"desc":"L1P"},"162":{"t":"AT3T"},"164":{"desc":"H1P"},"165":{"desc":"L1P"},"166":{"desc":"L1J"},"167":{"t":"C170"},"168":{"t":"C172"},"169":{"t":"C180"},"16A":{"t":"M20P"},"16E":{"t":"C172"},"16F":{"t":"P28A"},"172":{"t":"M20T"},"173":{"t":"P28A"},"174":{"t":"PA24"},"175":{"t":"BE36"},"176":{"t":"CH7B"},"177":{"t":"M20P"},"178":{"t":"BE23"},"17B":{"t":"P28B"},"17D":{"desc":"L1P"},"17E":{"t":"PA46"},"180":{"desc":"L1P"},"181":{"desc":"L1P"},"182":{"desc":"L1P"},"183":{"t":"GLID"},"18A":{"t":"C170"},"18C":{"t":"BALL"},"18D":{"t":"PA18"},"18E":{"t":"AR11"},"18F":{"t":"PA18"},"191":{"t":"C185"},"192":{"t":"P28A"},"193":{"t":"S108"},"194":{"t":"CH7B"},"195":{"t":"C182"},"196":{"t":"M20P"},"197":{"t":"PA24"},"198":{"t":"BE36"},"199":{"t":"CH7A"},"19A":{"desc":"H4E"},"19C":{"t":"C150"},"19D":{"t":"M20P"},"19E":{"t":"P32R"},"19F":{"t":"C182"},"1A0":{"desc":"L1P","t":"ULAC"},"1A1":{"t":"P32R"},"1A2":{"t":"C180"},"1A6":{"t":"PA34"},"1A9":{"desc":"L2T","t":"DC3"},"1AB":{"desc":"L2T","t":"DC3"},"1AE":{"t":"C172"},"1B1":{"t":"AR11"},"1B5":{"t":"P28A"},"1B7":{"t":"CH7B"},"1BA":{"t":"PA24"},"1BB":{"t":"BE33"},"1BC":{"t":"C140"},"1C1":{"desc":"L1P"},"1C2":{"t":"M20P"},"1C4":{"t":"AT5T"},"1C5":{"t":"C180"},"1C6":{"t":"C180"},"1C7":{"desc":"L1P"},"1CB":{"desc":"A1P"},"1CC":{"t":"BALL"},"1CE":{"t":"C180"},"1D0":{"t":"PA22"},"1D4":{"t":"SR22"},"1D6":{"t":"PC12"},"1DA":{"desc":"L2J","t":"B39M"},"1DB":{"t":"GLID"},"1DD":{"t":"B738"},"1DE":{"desc":"L1P"},"1E2":{"desc":"L1P"},"1E9":{"t":"M7"},"1EC":{"t":"RV12"},"1EF":{"desc":"H4E"},"1F2":{"t":"C560"},"1F4":{"desc":"L1P"},"1F5":{"desc":"L1P"},"1FB":{"t":"SR22"},"202":{"t":"PA32"},"204":{"desc":"L1P"},"205":{"desc":"L1P"},"206":{"t":"SR22"},"208":{"t":"S22T"},"20C":{"t":"LJ35"},"20D":{"t":"C56X"},"20F":{"t":"SR22"},"210":{"t":"C172"},"213":{"desc":"L1P"},"216":{"desc":"L1P"},"21B":{"t":"T6"},"21C":{"t":"DA40"},"21D":{"t":"S22T"},"21E":{"t":"C25A"},"220":{"t":"MD88"},"223":{"t":"C182"},"224":{"desc":"L1P","t":"TB1"},"225":{"desc":"L1P","t":"ULAC"},"227":{"t":"PA18"},"22B":{"desc":"L1P"},"22C":{"t":"BE36"},"22D":{"desc":"L1P","t":"ULAC"},"22E":{"t":"B739"},"237":{"t":"T206"},"23B":{"t":"SR20"},"240":{"desc":"H4E"},"241":{"desc":"L1P"},"246":{"t":"EC35"},"248":{"t":"CRJ2"},"24D":{"desc":"L1P"},"251":{"t":"B752"},"255":{"t":"C25B"},"256":{"t":"CRJ9"},"258":{"t":"P28R"},"25F":{"desc":"L1P"},"263":{"desc":"L2T"},"266":{"t":"GLID"},"268":{"desc":"G1P"},"26A":{"desc":"L2P"},"26D":{"desc":"L1P","t":"ULAC"},"26F":{"desc":"L1P"},"270":{"t":"GLID"},"272":{"desc":"L1P"},"277":{"desc":"L1P"},"278":{"t":"SR22"},"282":{"desc":"L1P"},"286":{"desc":"A1P"},"287":{"t":"GLF4"},"28D":{"t":"B06"},"299":{"t":"A119"},"29A":{"t":"A321"},"29B":{"t":"T206"},"29C":{"desc":"L1P"},"2A0":{"t":"BALL"},"2A2":{"t":"CH7A"},"2A4":{"desc":"L1P","t":"ULAC"},"2A5":{"t":"M20P"},"2A8":{"t":"PC12"},"2AA":{"t":"HDJT"},"2AE":{"t":"E145"},"2B4":{"t":"AS50"},"2B7":{"desc":"L1P"},"2BD":{"t":"BE33"},"2BE":{"t":"G280"},"2C2":{"t":"M20P"},"2CC":{"t":"BALL"},"2CD":{"t":"BE36"},"2CE":{"desc":"L1P"},"2D4":{"desc":"L1P"},"2D5":{"t":"AT8T"},"2DB":{"t":"EC20"},"2DE":{"t":"P46T"},"2DF":{"t":"ULAC"},"2E4":{"t":"C172"},"2E6":{"desc":"L1T"},"2E8":{"t":"B712"},"2EC":{"desc":"H1P"},"2ED":{"t":"GLF4"},"2EF":{"t":"ULAC"},"2F1":{"desc":"L1P"},"2F4":{"t":"P28A"},"2F5":{"t":"SR22"},"2FD":{"desc":"L2J"},"2FF":{"t":"PAY2"},"300":{"t":"M20P"},"306":{"desc":"L2J","t":"A20N"},"307":{"t":"AC90"},"308":{"t":"PC12"},"309":{"t":"B738"},"30D":{"desc":"A1P"},"30E":{"t":"C182"},"315":{"t":"GLID"},"318":{"t":"H269"},"31C":{"desc":"H1T"},"321":{"t":"COL3"},"322":{"desc":"L1P"},"325":{"t":"BALL"},"326":{"desc":"H1P"},"32E":{"t":"BE33"},"33F":{"t":"C68A"},"34F":{"desc":"H1P"},"350":{"t":"SR22"},"352":{"t":"B06"},"354":{"desc":"H4E"},"35B":{"desc":"L1P"},"35D":{"t":"BE20"},"360":{"desc":"L1P"},"361":{"desc":"L1P"},"362":{"t":"PC12"},"363":{"t":"H25B"},"365":{"t":"P210"},"368":{"t":"FA20"},"36C":{"t":"AS50"},"36D":{"t":"F900"},"370":{"desc":"H4E"},"371":{"t":"C140"},"372":{"t":"PTS2"},"379":{"t":"BE33"},"37A":{"t":"C152"},"37B":{"desc":"L1P"},"37C":{"t":"P32R"},"37D":{"t":"C525"},"37F":{"t":"C56X"},"380":{"t":"P28A"},"382":{"t":"S22T"},"383":{"t":"CL60"},"385":{"desc":"L1T"},"38E":{"t":"C68A"},"393":{"desc":"H4E"},"3A3":{"t":"A321"},"3AD":{"t":"M5"},"3AE":{"t":"CL60"},"3BB":{"desc":"H6E"},"3C4":{"desc":"L1P"},"3C6":{"t":"AS50"},"3C7":{"desc":"L1P"},"3CB":{"desc":"L1P"},"3CF":{"t":"R44"},"3D1":{"t":"B737"},"3D4":{"desc":"H4E"},"3D9":{"t":"ULAC"},"3E6":{"t":"CRJ9"},"3ED":{"desc":"H4E"},"403":{"desc":"H4E"},"41B":{"t":"M20P"},"420":{"desc":"L1P"},"427":{"desc":"L1P","t":"ULAC"},"429":{"t":"C170"},"42A":{"t":"M20P"},"42C":{"t":"PA18"},"42D":{"t":"AR11"},"42E":{"t":"BALL"},"42F":{"t":"C180"},"430":{"t":"C182"},"433":{"t":"CH7A"},"436":{"t":"PA24"},"437":{"t":"BALL"},"438":{"t":"PA12"},"43A":{"t":"C180"},"43B":{"t":"C150"},"43C":{"t":"M20P"},"43D":{"t":"P28B"},"43E":{"desc":"L1P","t":"ULAC"},"443":{"t":"C180"},"445":{"t":"C180"},"446":{"t":"C180"},"448":{"t":"M20P"},"44B":{"desc":"L1P"},"44C":{"t":"C170"},"44E":{"t":"C82R"},"44F":{"t":"PA18"},"450":{"t":"AR11"},"455":{"t":"P28A"},"456":{"t":"CH7A"},"458":{"t":"M20P"},"45A":{"t":"PA46"},"45B":{"t":"T34P"},"45E":{"t":"C150"},"460":{"t":"P28B"},"461":{"t":"PA46"},"462":{"t":"PA31"},"463":{"t":"PA46"},"464":{"t":"C182"},"465":{"t":"C180"},"466":{"desc":"L1P"},"468":{"desc":"L2T","t":"DC3"},"469":{"t":"PA38"},"46D":{"t":"PA38"},"46E":{"t":"BALL"},"470":{"t":"M20P"},"471":{"t":"C180"},"472":{"t":"PA18"},"474":{"t":"H500"},"477":{"t":"P28A"},"478":{"t":"P28A"},"47A":{"t":"C182"},"47C":{"t":"PA24"},"47D":{"desc":"L1P"},"47E":{"t":"PA20"},"481":{"t":"C150"},"482":{"desc":"L1P","t":"ULAC"},"483":{"t":"P28B"},"486":{"t":"BALL"},"487":{"t":"UH1"},"48A":{"desc":"L1P"},"48B":{"t":"M20P"},"48C":{"t":"PA38"},"48D":{"t":"M20P"},"492":{"t":"C170"},"494":{"t":"C180"},"496":{"t":"M5"},"497":{"t":"M20T"},"498":{"t":"PA46"},"499":{"desc":"L1P"},"49A":{"t":"P28A"},"49B":{"t":"S108"},"49C":{"t":"CH7A"},"49D":{"t":"C182"},"49E":{"t":"BALL"},"49F":{"t":"PA24"},"4A1":{"t":"T34P"},"4A5":{"t":"PA46"},"4A6":{"t":"P28B"},"4A7":{"t":"M20T"},"4A8":{"t":"M20P"},"4AC":{"t":"PA38"},"4AD":{"t":"CJ6"},"4B0":{"t":"B06"},"4B2":{"t":"P28A"},"4B3":{"t":"BALL"},"4B5":{"t":"AT5T"},"4B6":{"t":"C172"},"4B8":{"t":"BALL"},"4BB":{"t":"C182"},"4BD":{"t":"P28A"},"4BE":{"t":"P32R"},"4BF":{"t":"CH7B"},"4C1":{"desc":"L1P"},"4C2":{"t":"PA24"},"4C3":{"desc":"L2P"},"4C5":{"t":"BE58"},"4C8":{"t":"M20P"},"4C9":{"t":"P28B"},"4CA":{"t":"C182"},"4CB":{"t":"P28A"},"4CC":{"t":"BALL"},"4CE":{"t":"PA38"},"4D2":{"t":"GLID"},"4D7":{"desc":"L1P"},"4D9":{"desc":"L1P"},"4DA":{"t":"C180"},"4DC":{"t":"AR11"},"4DD":{"t":"AT8T"},"4DE":{"t":"C182"},"4E0":{"t":"P28A"},"4E2":{"t":"CH7A"},"4E3":{"t":"C182"},"4E5":{"t":"PA24"},"4E7":{"t":"O1"},"4E8":{"t":"BE35"},"4EB":{"t":"M20P"},"4EC":{"t":"M20P"},"4ED":{"t":"C182"},"4EF":{"t":"M20P"},"4F1":{"t":"ULAC"},"4F4":{"t":"L39"},"4F5":{"t":"BALL"},"4F7":{"t":"AT8T"},"4F8":{"t":"AT8T"},"4FA":{"desc":"L1P"},"4FB":{"t":"M20P"},"4FC":{"t":"M20P"},"4FD":{"t":"C180"},"4FE":{"t":"PA18"},"500":{"desc":"H1P"},"501":{"t":"C182"},"502":{"t":"ST75"},"503":{"t":"BALL"},"505":{"t":"CH7A"},"507":{"t":"M20P"},"509":{"t":"BE36"},"50A":{"desc":"L1P"},"50B":{"t":"BE36"},"50C":{"t":"C180"},"50D":{"t":"AT5T"},"50E":{"t":"M20P"},"50F":{"t":"P28B"},"514":{"t":"C180"},"515":{"t":"BALL"},"518":{"t":"M20P"},"519":{"desc":"L1P"},"51C":{"desc":"L1P"},"51F":{"t":"C172"},"520":{"t":"C180"},"522":{"t":"P32R"},"524":{"t":"C182"},"525":{"t":"C172"},"526":{"t":"P28A"},"527":{"t":"S108"},"529":{"t":"C182"},"52B":{"t":"PA24"},"52C":{"t":"BE35"},"52D":{"t":"VALI"},"52E":{"t":"BE36"},"530":{"t":"M20P"},"532":{"t":"L29"},"533":{"desc":"L1P","t":"ULAC"},"534":{"t":"M20P"},"535":{"t":"PA32"},"537":{"t":"J3"},"538":{"t":"PA38"},"539":{"desc":"L1P"},"53C":{"t":"C182"},"53D":{"t":"C182"},"53E":{"t":"B212"},"547":{"t":"C188"},"548":{"t":"C172"},"54D":{"t":"M20P"},"54E":{"t":"PA24"},"54F":{"t":"PA46"},"550":{"t":"C182"},"551":{"t":"BE35"},"552":{"t":"C180"},"554":{"t":"M20P"},"555":{"t":"T206"},"556":{"t":"C182"},"557":{"t":"BALL"},"558":{"t":"M20P"},"55B":{"t":"M20P"},"55C":{"t":"PA38"},"55E":{"t":"GLID"},"55F":{"t":"PA38"},"565":{"t":"C172"},"566":{"t":"C82R"},"568":{"t":"BALL"},"56C":{"t":"P28A"},"56D":{"t":"PA34"},"56E":{"t":"CH7A"},"572":{"t":"BE36"},"575":{"t":"BE23"},"577":{"t":"BALL"},"578":{"t":"P28B"},"579":{"t":"M20P"},"57A":{"t":"M20P"},"57B":{"t":"M20P"},"57C":{"t":"C180"},"57F":{"t":"C180"},"580":{"t":"C180"},"582":{"t":"M20P"},"583":{"t":"C180"},"584":{"t":"AT8T"},"585":{"t":"C180"},"586":{"desc":"L1P"},"58A":{"desc":"L1P","t":"ULAC"},"58B":{"desc":"L1P"},"58D":{"t":"SF50"},"58E":{"desc":"H1P"},"590":{"desc":"L1P"},"591":{"desc":"L1P"},"593":{"t":"P28B"},"594":{"t":"B738"},"598":{"t":"PAY1"},"59B":{"t":"C182"},"5A0":{"t":"GLID"},"5A2":{"desc":"L1P"},"5A3":{"t":"M20P"},"5A4":{"t":"GLF6"},"5A6":{"desc":"L1P"},"5AB":{"desc":"L1P"},"5B0":{"t":"AT5T"},"5B1":{"t":"BE33"},"5B8":{"t":"P208"},"5B9":{"desc":"L1P","t":"ULAC"},"5BB":{"t":"C172"},"5BC":{"t":"PA27"},"5BE":{"t":"H25B"},"5BF":{"t":"TBM7"},"5C2":{"t":"SR22"},"5C5":{"desc":"L1P"},"5CA":{"desc":"L1P","t":"ULAC"},"5CE":{"desc":"L1P"},"5D2":{"t":"SR20"},"5D4":{"desc":"L1P","t":"ULAC"},"5D5":{"t":"PA46"},"5D8":{"desc":"L1P"},"5DA":{"desc":"L1P"},"5DC":{"t":"BE9L"},"5DE":{"t":"B212"},"5E0":{"t":"PA24"},"5E5":{"t":"B739"},"5EB":{"desc":"L1P"},"5ED":{"desc":"L1P"},"5F0":{"desc":"L1P","t":"ULAC"},"5F2":{"t":"E50P"},"5F6":{"desc":"H1P"},"5F7":{"desc":"H4E"},"5FD":{"t":"EC35"},"5FF":{"t":"CRJ2"},"607":{"t":"C180"},"608":{"t":"B752"},"609":{"t":"C208"},"60D":{"t":"CRJ9"},"60F":{"t":"E135"},"615":{"desc":"L1E"},"616":{"t":"GLID"},"617":{"desc":"H1P"},"61A":{"desc":"L2T"},"61D":{"t":"C510"},"621":{"desc":"L2T"},"625":{"t":"R44"},"626":{"t":"BALL"},"629":{"t":"DA42"},"62B":{"t":"BE24"},"62E":{"t":"CL30"},"62F":{"t":"SR22"},"631":{"t":"CL30"},"632":{"t":"C510"},"636":{"desc":"L1P"},"642":{"desc":"L1P"},"644":{"t":"P28A"},"647":{"t":"C185"},"648":{"desc":"G1P"},"64F":{"desc":"L1P","t":"GLF5"},"650":{"t":"BE30"},"651":{"t":"C182"},"653":{"t":"C172"},"65D":{"t":"C82S"},"65F":{"desc":"L1P","t":"ULAC"},"664":{"t":"AC11"},"665":{"t":"E145"},"668":{"t":"ULAC"},"66C":{"desc":"L1P"},"670":{"desc":"L8E"},"679":{"desc":"L1P"},"681":{"t":"GLID"},"682":{"t":"P32R"},"683":{"t":"BALL"},"685":{"t":"F2TH"},"686":{"desc":"L1P"},"68B":{"t":"BALL"},"68C":{"desc":"L1P"},"692":{"t":"C240"},"69A":{"desc":"L1P"},"69B":{"t":"C172"},"69C":{"t":"AEST"},"69D":{"t":"F2TH"},"69E":{"t":"C182"},"6A1":{"t":"PA32"},"6A5":{"t":"E50P"},"6A6":{"desc":"H1P"},"6AB":{"desc":"L1P"},"6AC":{"desc":"H1P"},"6AE":{"desc":"G1P"},"6B3":{"desc":"L1P"},"6B4":{"desc":"L2J"},"6B6":{"t":"T206"},"6BF":{"desc":"L1P","t":"ULAC"},"6C0":{"t":"B738"},"6C1":{"desc":"H1P"},"6C4":{"desc":"A1P"},"6CC":{"t":"P28B"},"6CD":{"t":"P28A"},"6D0":{"desc":"L1P"},"6DD":{"desc":"L1P"},"6F6":{"t":"C68A"},"6FF":{"t":"AT8T"},"700":{"desc":"H1P"},"702":{"desc":"L1P"},"704":{"t":"P32R"},"705":{"desc":"L1P"},"707":{"t":"GLID"},"709":{"t":"C182"},"70C":{"t":"R44"},"714":{"desc":"A1P"},"717":{"desc":"L1P"},"718":{"desc":"L1P","t":"ULAC"},"719":{"desc":"L1P","t":"ULAC"},"71D":{"desc":"L1P","t":"ULAC"},"71F":{"t":"BE20"},"721":{"t":"R44"},"723":{"t":"AS50"},"725":{"t":"C680"},"727":{"desc":"A1P"},"729":{"t":"C185"},"72C":{"t":"C172"},"72E":{"t":"S22T"},"730":{"t":"BE95"},"731":{"desc":"L1T","t":"C182"},"733":{"desc":"L1P"},"734":{"t":"SR20"},"736":{"desc":"L1P"},"737":{"desc":"H2T"},"738":{"t":"EC35"},"73B":{"t":"SR22"},"73E":{"desc":"L1P"},"73F":{"t":"E50P"},"742":{"desc":"L1P","t":"ULAC"},"743":{"desc":"L2P"},"744":{"t":"F900"},"746":{"desc":"L1P"},"74F":{"t":"B407"},"75A":{"t":"DA40"},"760":{"t":"A321"},"762":{"desc":"L1P"},"763":{"t":"RV14"},"778":{"desc":"H1P"},"77D":{"desc":"H1P"},"77E":{"desc":"L1P"},"781":{"t":"S22T"},"783":{"desc":"L2P"},"788":{"t":"B737"},"78D":{"desc":"A1P"},"794":{"t":"GLF5"},"79D":{"t":"CRJ9"},"79F":{"desc":"L1P"},"7A5":{"desc":"L1P"},"7AA":{"desc":"L1P"},"7AD":{"t":"CL60"},"7AE":{"desc":"L1P"},"7C6":{"t":"C172"},"7DE":{"desc":"L1P","t":"ULAC"},"7DF":{"desc":"A1P"},"7E1":{"t":"C172"},"7E3":{"t":"PA18"},"7E4":{"t":"M5"},"7E5":{"t":"BALL"},"7E8":{"t":"P28A"},"7E9":{"t":"S108"},"7EA":{"t":"CH7A"},"7EB":{"t":"M20T"},"7ED":{"t":"PA24"},"7EE":{"t":"BE35"},"7EF":{"t":"C180"},"7F0":{"t":"BE35"},"7F1":{"t":"BE23"},"7F2":{"t":"C150"},"7F3":{"t":"M20P"},"7F4":{"t":"ULAC"},"7F5":{"t":"M20P"},"7F7":{"t":"M20T"},"7FD":{"t":"NAVI"},"7FE":{"t":"C182"},"7FF":{"t":"NAVI"},"803":{"t":"C170"},"804":{"t":"C172"},"805":{"t":"C180"},"806":{"t":"PA18"},"80A":{"t":"BALL"},"80B":{"t":"P28A"},"80D":{"t":"CH7A"},"80E":{"t":"C182"},"810":{"t":"PA24"},"811":{"t":"BE33"},"812":{"desc":"L1P"},"813":{"t":"BE33"},"816":{"t":"M20P"},"817":{"t":"P28B"},"818":{"t":"C182"},"81B":{"t":"NAVI"},"81C":{"t":"ULAC"},"81F":{"t":"PA38"},"820":{"t":"C182"},"822":{"t":"NAVI"},"824":{"t":"B412"},"828":{"t":"C82R"},"82B":{"t":"M20T"},"82C":{"t":"C182"},"82D":{"t":"M20P"},"82E":{"t":"P28A"},"82F":{"t":"P28A"},"830":{"t":"CH7A"},"833":{"t":"PA24"},"834":{"t":"BE33"},"837":{"t":"C180"},"83A":{"t":"P28B"},"83D":{"t":"M20T"},"83E":{"t":"NAVI"},"83F":{"t":"NAVI"},"840":{"t":"NAVI"},"842":{"t":"NAVI"},"845":{"t":"C182"},"848":{"t":"S22T"},"849":{"t":"C170"},"84C":{"t":"PA18"},"84E":{"t":"AT5T"},"851":{"t":"P28A"},"856":{"t":"PA24"},"857":{"t":"BE35"},"859":{"t":"BE24"},"85A":{"t":"B06"},"85B":{"t":"C150"},"85C":{"t":"PA18"},"85D":{"t":"P28B"},"85E":{"t":"M20T"},"860":{"desc":"L1P"},"861":{"t":"C180"},"862":{"t":"NAVI"},"863":{"t":"ULAC"},"867":{"t":"GLID"},"86A":{"t":"C180"},"86D":{"t":"C172"},"86E":{"t":"M20T"},"872":{"t":"C182"},"875":{"t":"S108"},"877":{"t":"C210"},"879":{"t":"PA24"},"87A":{"t":"BE36"},"87D":{"t":"P28A"},"87F":{"t":"M20P"},"880":{"t":"P28B"},"881":{"t":"C182"},"884":{"t":"NAVI"},"887":{"t":"BALL"},"88B":{"t":"NAVI"},"88C":{"desc":"L1P"},"88F":{"t":"C170"},"891":{"t":"C82R"},"892":{"t":"PA18"},"893":{"t":"M5"},"894":{"t":"BALL"},"895":{"t":"C182"},"896":{"t":"AT6T"},"897":{"t":"P28A"},"89A":{"t":"P28U"},"89B":{"t":"P28U"},"89D":{"t":"BE55"},"89F":{"t":"BE23"},"8A1":{"t":"C150"},"8A2":{"t":"M20P"},"8A4":{"t":"M20T"},"8A5":{"t":"S108"},"8A8":{"t":"C182"},"8A9":{"desc":"L1P"},"8AC":{"t":"NAVI"},"8AD":{"t":"NAVI"},"8B2":{"t":"C170"},"8B4":{"t":"BALL"},"8B5":{"t":"PA18"},"8B6":{"t":"AR11"},"8B7":{"t":"H500"},"8B8":{"t":"C182"},"8BA":{"t":"P28A"},"8BB":{"t":"P28A"},"8BD":{"t":"C206"},"8BF":{"t":"PA24"},"8C0":{"t":"M20P"},"8C1":{"t":"PA46"},"8C2":{"t":"BALL"},"8C3":{"t":"BALL"},"8C5":{"t":"M20P"},"8C6":{"t":"P28B"},"8C7":{"t":"C182"},"8C9":{"t":"ULAC"},"8CD":{"t":"NAVI"},"8CE":{"t":"C180"},"8CF":{"desc":"L1P"},"8D2":{"t":"NAVI"},"8D5":{"desc":"L1P"},"8D6":{"t":"C172"},"8D7":{"t":"C180"},"8D8":{"t":"PA18"},"8D9":{"t":"AR11"},"8DB":{"t":"C182"},"8DC":{"t":"F2TH"},"8DD":{"t":"BALL"},"8DE":{"t":"S108"},"8DF":{"t":"CH7A"},"8E1":{"t":"AT6T"},"8E2":{"t":"PA24"},"8E5":{"desc":"L1P"},"8E6":{"desc":"L1P"},"8E8":{"t":"M20P"},"8E9":{"t":"P28B"},"8EA":{"t":"M20T"},"8ED":{"t":"C180"},"8F2":{"t":"C180"},"8F3":{"t":"C180"},"8F4":{"t":"NAVI"},"8FA":{"t":"AT5T"},"8FB":{"t":"M20T"},"8FE":{"t":"M20P"},"900":{"t":"P28A"},"903":{"t":"C182"},"905":{"t":"PA24"},"907":{"desc":"L1P","t":"ULAC"},"908":{"t":"BE19"},"90B":{"desc":"A1P"},"90C":{"t":"M20T"},"90D":{"t":"P28B"},"911":{"t":"NAVI"},"914":{"t":"C182"},"917":{"t":"NAVI"},"919":{"t":"C182"},"91C":{"t":"C172"},"91D":{"t":"C82R"},"921":{"desc":"L1P"},"922":{"desc":"L1P"},"923":{"t":"P28A"},"926":{"t":"C206"},"928":{"t":"M20T"},"929":{"t":"M20P"},"92B":{"desc":"L1P"},"92C":{"desc":"L1P"},"92F":{"t":"P28B"},"930":{"t":"M20T"},"931":{"t":"M20T"},"934":{"t":"NAVI"},"938":{"desc":"L1P"},"93C":{"desc":"H6E"},"93D":{"t":"C340"},"93E":{"t":"PA22"},"93F":{"t":"C152"},"945":{"desc":"G1P"},"948":{"desc":"L2J","t":"B39M"},"94A":{"t":"GA5C"},"94B":{"t":"B738"},"94C":{"t":"H25B"},"94F":{"t":"SR22"},"950":{"t":"B712"},"952":{"t":"GLEX"},"956":{"t":"PA34"},"958":{"desc":"A1P"},"959":{"desc":"L1P","t":"ULAC"},"95A":{"t":"PA24"},"95B":{"t":"GLF5"},"95F":{"t":"B47G"},"962":{"t":"FH11"},"968":{"desc":"L1P"},"96C":{"t":"R44"},"970":{"t":"PA46"},"971":{"t":"P212"},"972":{"t":"S22T"},"973":{"desc":"L1P"},"974":{"t":"BE9L"},"976":{"t":"C510"},"978":{"t":"C182"},"979":{"desc":"L1T","t":"M600"},"97C":{"t":"C172"},"97E":{"t":"C172"},"980":{"t":"C82S"},"982":{"t":"FDCT"},"986":{"desc":"L1P"},"989":{"t":"C172"},"98A":{"t":"DV20"},"98C":{"t":"SR22"},"98D":{"t":"C172"},"98E":{"t":"MD88"},"990":{"desc":"L1P"},"991":{"t":"C525"},"992":{"t":"SR20"},"999":{"t":"BALL"},"99C":{"t":"B739"},"99D":{"t":"T206"},"9A2":{"desc":"L1P"},"9A6":{"t":"PA46"},"9AE":{"desc":"H4E"},"9AF":{"t":"RV12"},"9B6":{"t":"CRJ2"},"9BC":{"desc":"H1P"},"9BF":{"t":"B752"},"9C2":{"t":"F2TH"},"9C4":{"t":"CRJ9"},"9D1":{"desc":"L2T"},"9D4":{"t":"P28A"},"9D5":{"t":"GA5C"},"9D7":{"t":"SR20"},"9D8":{"desc":"L2T"},"9DB":{"desc":"L1P"},"9DD":{"desc":"G1P"},"9E0":{"desc":"L1P"},"9E9":{"desc":"L1P"},"9EB":{"desc":"G1P"},"9ED":{"t":"WACO"},"9EE":{"desc":"L1T"},"9F1":{"t":"AS50"},"9F4":{"t":"R44"},"9F7":{"t":"SR22"},"9FB":{"t":"PA24"},"A02":{"desc":"L1P"},"A07":{"t":"A119"},"A08":{"desc":"L1P"},"A0A":{"desc":"L1P"},"A0C":{"t":"C208"},"A0D":{"t":"GLEX"},"A0E":{"t":"T210"},"A10":{"desc":"L1P"},"A11":{"t":"PC12"},"A12":{"desc":"L1P"},"A17":{"t":"SR20"},"A18":{"t":"C82S"},"A1B":{"desc":"L1P"},"A1C":{"t":"E145"},"A1F":{"desc":"L1P"},"A20":{"desc":"L1P"},"A21":{"desc":"L1P"},"A25":{"desc":"L1P"},"A27":{"desc":"L8E"},"A29":{"desc":"L1P"},"A38":{"t":"C172"},"A39":{"t":"DA40"},"A3A":{"t":"BALL"},"A3B":{"desc":"L1P","t":"ULAC"},"A3E":{"t":"BL8"},"A3F":{"t":"F2TH"},"A40":{"desc":"H1P"},"A41":{"desc":"L1P"},"A44":{"desc":"L1P","t":"ULAC"},"A49":{"t":"C182"},"A4F":{"desc":"H1T"},"A51":{"t":"AS50"},"A52":{"t":"SR20"},"A53":{"desc":"L1P"},"A54":{"t":"C25B"},"A56":{"t":"EC35"},"A58":{"desc":"H1P"},"A5B":{"t":"B350"},"A5C":{"t":"COL4"},"A5D":{"t":"TBM7"},"A5F":{"t":"C25A"},"A61":{"t":"BE9L"},"A63":{"t":"AA5"},"A6A":{"desc":"L1P"},"A6B":{"desc":"L2J"},"A6D":{"desc":"L1P"},"A71":{"t":"C206"},"A73":{"t":"T206"},"A74":{"desc":"L2J","t":"A20N"},"A76":{"desc":"L1P","t":"ULAC"},"A77":{"t":"B738"},"A78":{"desc":"L1P","t":"ULAC"},"A80":{"t":"PC12"},"A83":{"desc":"L1P"},"A84":{"t":"P28A"},"A85":{"desc":"L1P"},"A86":{"t":"G280"},"A8F":{"desc":"H4E"},"A93":{"desc":"L2P"},"A98":{"desc":"L1P"},"A9C":{"t":"BE33"},"A9F":{"desc":"L1P"},"AAD":{"t":"C68A"},"AB6":{"t":"AT8T"},"AB7":{"t":"F2TH"},"AB9":{"desc":"A1P"},"ABD":{"desc":"L1P"},"AC0":{"t":"B06"},"AC4":{"desc":"H1E"},"AC5":{"desc":"L1P","t":"ULAC"},"AC6":{"t":"CH7B"},"AC9":{"desc":"L1P"},"ACE":{"desc":"L1P"},"ACF":{"desc":"L1P"},"AD0":{"t":"GLID"},"AD1":{"t":"C170"},"AD2":{"t":"B06"},"AD4":{"t":"C525"},"AD5":{"desc":"H1P"},"AD9":{"desc":"G1P"},"ADB":{"desc":"L1P","t":"ULAC"},"ADC":{"t":"C182"},"AE0":{"t":"A119"},"AE2":{"desc":"L1P"},"AE3":{"t":"CRJ2"},"AE4":{"desc":"L1P"},"AE7":{"t":"BE33"},"AE8":{"t":"C172"},"AE9":{"t":"GLF4"},"AEB":{"t":"SR22"},"AED":{"t":"CL60"},"AF2":{"desc":"G1P"},"AF3":{"t":"C56X"},"AF4":{"t":"GLID"},"AF5":{"t":"F900"},"AF8":{"desc":"L1P"},"AF9":{"t":"P28A"},"AFB":{"desc":"L1T","t":"M600"},"AFD":{"t":"PA34"},"B04":{"desc":"L1P"},"B06":{"t":"B407"},"B11":{"t":"A321"},"B19":{"t":"BE55"},"B24":{"desc":"L1P"},"B33":{"desc":"H4E"},"B34":{"t":"C172"},"B35":{"t":"T206"},"B36":{"desc":"L1P","t":"ULAC"},"B3C":{"t":"E55P"},"B3E":{"t":"P28B"},"B3F":{"t":"B737"},"B40":{"desc":"L1P"},"B43":{"t":"C25C"},"B44":{"desc":"G1P"},"B46":{"t":"BE95"},"B4B":{"t":"G164"},"B54":{"t":"CRJ9"},"B55":{"t":"C182"},"B56":{"desc":"G1P"},"B68":{"desc":"H1P"},"B7E":{"desc":"H6E"},"B95":{"desc":"L1P","t":"ULAC"},"B97":{"desc":"L1P"},"B98":{"t":"C172"},"B99":{"t":"C180"},"B9A":{"t":"PA18"},"B9C":{"t":"H500"},"B9D":{"t":"M20T"},"B9E":{"t":"C172"},"BA0":{"t":"S108"},"BA1":{"t":"CH7A"},"BA2":{"t":"C206"},"BA4":{"desc":"L1P"},"BA5":{"t":"BALL"},"BA6":{"desc":"L1P"},"BAA":{"t":"M20P"},"BAB":{"t":"P28B"},"BAD":{"t":"P32R"},"BAE":{"t":"M20T"},"BAF":{"t":"NAVI"},"BB1":{"t":"NAVI"},"BB2":{"t":"NAVI"},"BB6":{"t":"C172"},"BB7":{"t":"C182"},"BB9":{"desc":"L1P"},"BBA":{"t":"UH1"},"BBE":{"desc":"L1P","t":"ULAC"},"BC1":{"t":"C172"},"BC3":{"t":"S108"},"BC4":{"t":"CH7B"},"BC5":{"t":"C182"},"BC6":{"t":"P28A"},"BC8":{"t":"AT3P"},"BCA":{"t":"BE24"},"BCB":{"desc":"H1T","t":"UH12"},"BCC":{"t":"C150"},"BCD":{"t":"M20P"},"BCF":{"t":"M20T"},"BD0":{"t":"M20P"},"BD2":{"t":"C182"},"BD4":{"t":"NAVI"},"BD5":{"t":"C182"},"BD7":{"t":"C182"},"BD8":{"t":"M20T"},"BDA":{"desc":"L1P"},"BDE":{"desc":"L1P","t":"ULAC"},"BDF":{"t":"AT5T"},"BE0":{"desc":"H4E"},"BE1":{"t":"C310"},"BE2":{"desc":"L1P"},"BE6":{"t":"P28A"},"BE7":{"t":"CH7A"},"BE9":{"t":"M20P"},"BEA":{"t":"PA24"},"BEB":{"t":"M20P"},"BEC":{"t":"AT5T"},"BED":{"t":"BE24"},"BF1":{"t":"P28B"},"BF2":{"desc":"L1T"},"BF6":{"t":"NAVI"},"BF8":{"t":"PA11"},"BF9":{"t":"NAVI"},"BFD":{"t":"NAVI"},"BFE":{"t":"C182"},"BFF":{"desc":"L1P"},"C01":{"t":"C172"},"C02":{"t":"C82R"},"C03":{"t":"BALL"},"C04":{"t":"AR11"},"C07":{"t":"C172"},"C08":{"t":"P28B"},"C0D":{"t":"PA24"},"C0E":{"t":"BE35"},"C10":{"t":"BE24"},"C11":{"t":"FA24"},"C13":{"t":"M20P"},"C14":{"t":"PA46"},"C16":{"t":"M20T"},"C17":{"t":"M20T"},"C18":{"t":"NAVI"},"C19":{"t":"NAVI"},"C1A":{"t":"NAVI"},"C1B":{"t":"NAVI"},"C1C":{"t":"NAVI"},"C1D":{"t":"T28"},"C20":{"t":"C182"},"C23":{"desc":"H4E"},"C25":{"t":"C82R"},"C27":{"t":"AR11"},"C2A":{"t":"GLID"},"C2D":{"t":"CH7A"},"C2E":{"t":"C182"},"C2F":{"t":"M20T"},"C30":{"t":"PA24"},"C31":{"t":"BE33"},"C34":{"t":"C180"},"C37":{"t":"M20T"},"C39":{"t":"C182"},"C3B":{"t":"NAVI"},"C3C":{"t":"C182"},"C3E":{"t":"NAVI"},"C3F":{"t":"PA38"},"C41":{"t":"C182"},"C44":{"desc":"L1P"},"C45":{"desc":"L1P"},"C46":{"t":"C170"},"C48":{"t":"C82R"},"C49":{"t":"PA22"},"C4A":{"t":"AR11"},"C4B":{"t":"M20T"},"C4D":{"desc":"H1P"},"C50":{"t":"CH7A"},"C51":{"t":"C182"},"C53":{"t":"PA24"},"C54":{"t":"BE33"},"C56":{"t":"BALL"},"C57":{"desc":"L1P"},"C59":{"t":"M20P"},"C5A":{"t":"P28B"},"C5B":{"t":"M20P"},"C5C":{"t":"M20T"},"C5E":{"t":"M20P"},"C5F":{"desc":"L1P"},"C60":{"t":"C182"},"C61":{"t":"C172"},"C62":{"t":"NAVI"},"C64":{"t":"UH12"},"C65":{"t":"C182"},"C66":{"t":"C182"},"C67":{"t":"NAVI"},"C69":{"t":"C170"},"C6A":{"t":"C172"},"C6B":{"t":"AT3P"},"C6C":{"t":"PA22"},"C6D":{"t":"AR11"},"C6F":{"t":"M20P"},"C70":{"t":"C172"},"C71":{"t":"P28A"},"C73":{"t":"CH7A"},"C74":{"t":"C182"},"C75":{"t":"C172"},"C79":{"t":"BE24"},"C7B":{"t":"C150"},"C7C":{"t":"M20P"},"C7E":{"t":"M20P"},"C7F":{"t":"M20T"},"C80":{"t":"M20T"},"C83":{"t":"NAVI"},"C85":{"t":"C182"},"C86":{"t":"J3"},"C88":{"desc":"L1P"},"C89":{"t":"C182"},"C8A":{"t":"NAVI"},"C8C":{"t":"C172"},"C8D":{"t":"C172"},"C8E":{"t":"C82R"},"C90":{"t":"M5"},"C91":{"t":"M20P"},"C94":{"t":"M20T"},"C97":{"t":"M20P"},"C98":{"t":"M20P"},"C99":{"t":"PA24"},"C9B":{"t":"C188"},"C9C":{"t":"M20T"},"C9D":{"desc":"L1P"},"CA0":{"t":"P28B"},"CA2":{"t":"M20P"},"CA3":{"desc":"L2T","t":"BE18"},"CA6":{"t":"NAVI"},"CA8":{"t":"C182"},"CA9":{"t":"BALL"},"CAA":{"t":"C182"},"CAC":{"t":"NAVI"},"CAD":{"t":"C182"},"CB0":{"desc":"L1P"},"CB1":{"t":"C82R"},"CB2":{"t":"M20P"},"CB3":{"t":"M5"},"CB6":{"t":"C172"},"CB7":{"desc":"L1P"},"CB9":{"t":"CH7A"},"CBA":{"t":"C206"},"CBD":{"t":"BE35"},"CBE":{"t":"B47G"},"CC2":{"t":"M20P"},"CC3":{"t":"P28B"},"CC4":{"t":"C182"},"CC5":{"t":"PA18"},"CC6":{"t":"BALL"},"CCB":{"t":"NAVI"},"CCC":{"t":"NAVI"},"CCF":{"t":"NAVI"},"CD0":{"t":"C182"},"CD1":{"t":"GLID"},"CD2":{"t":"AT3P"},"CD4":{"t":"M20T"},"CD7":{"t":"H500"},"CD9":{"t":"C172"},"CDB":{"t":"P28R"},"CDC":{"t":"CH7A"},"CDE":{"desc":"L2P"},"CE0":{"t":"M20P"},"CE2":{"desc":"L1P"},"CE4":{"t":"C150"},"CE5":{"t":"M20P"},"CE6":{"t":"P28B"},"CE7":{"t":"C182"},"CE8":{"t":"PAY3"},"CEB":{"desc":"L1P"},"CEC":{"t":"C182"},"CEF":{"t":"M20T"},"CF0":{"t":"C172"},"CF4":{"t":"PTS2"},"CF5":{"desc":"L1P"},"CF6":{"t":"GLF6"},"CF7":{"t":"ULAC"},"CF8":{"desc":"L1P"},"CFB":{"t":"PC12"},"CFC":{"t":"E300"},"CFF":{"t":"S22T"},"D01":{"desc":"H1T"},"D02":{"t":"B738"},"D03":{"t":"R44"},"D04":{"desc":"L1T"},"D05":{"desc":"L1P"},"D07":{"t":"C172"},"D09":{"t":"C172"},"D0F":{"t":"C172"},"D11":{"t":"BE36"},"D12":{"t":"LJ45"},"D19":{"t":"M20T"},"D1A":{"desc":"L1P"},"D1B":{"desc":"L1P"},"D1D":{"t":"C172"},"D1E":{"t":"B738"},"D29":{"t":"M20T"},"D2A":{"desc":"L1P"},"D2B":{"t":"SR22"},"D2E":{"t":"ASTR"},"D32":{"t":"C177"},"D33":{"t":"TBM7"},"D35":{"t":"C172"},"D38":{"t":"C56X"},"D39":{"t":"SR22"},"D40":{"desc":"H1T"},"D41":{"t":"DV20"},"D43":{"t":"T6"},"D45":{"t":"MD88"},"D46":{"t":"C182"},"D49":{"t":"C500"},"D4A":{"desc":"L2J"},"D4C":{"desc":"L1P"},"D4E":{"t":"PA27"},"D50":{"desc":"L1P"},"D51":{"t":"PA34"},"D52":{"t":"BE20"},"D53":{"t":"B739"},"D66":{"t":"RV12"},"D6A":{"desc":"L1P"},"D6B":{"t":"C172"},"D6D":{"t":"CRJ2"},"D6F":{"desc":"L1P"},"D76":{"t":"B752"},"D77":{"t":"C208"},"D7B":{"t":"CRJ9"},"D84":{"t":"C172"},"D88":{"desc":"L2T"},"D8D":{"t":"GALX"},"D8F":{"desc":"L2T"},"D91":{"desc":"H4E"},"D92":{"t":"C182"},"D93":{"t":"BALL"},"D97":{"desc":"L1P"},"D98":{"t":"BALL"},"D9C":{"t":"B06"},"DA0":{"t":"C172"},"DB2":{"t":"P28A"},"DB6":{"t":"C172"},"DBE":{"t":"PA46"},"DBF":{"t":"H25B"},"DC0":{"desc":"L1P"},"DC3":{"t":"P28A"},"DC8":{"t":"C525"},"DCD":{"t":"C550"},"DCF":{"desc":"L1P"},"DD2":{"t":"B58T"},"DD3":{"t":"E145"},"DD6":{"desc":"L1P"},"DE1":{"desc":"L1P"},"DE4":{"t":"FA50"},"DE8":{"t":"C172"},"DEB":{"desc":"A1P"},"DF1":{"t":"BALL"},"DF2":{"desc":"L1P"},"DF8":{"t":"SR22"},"DFA":{"t":"EC55"},"E01":{"t":"M7"},"E09":{"t":"C172"},"E0B":{"t":"C82S"},"E0F":{"desc":"L1P"},"E10":{"t":"C172"},"E14":{"t":"GLEX"},"E16":{"t":"M20P"},"E18":{"desc":"L1P"},"E19":{"t":"GLEX"},"E1A":{"t":"BE55"},"E1C":{"t":"AC11"},"E21":{"t":"BE33"},"E22":{"desc":"L2J"},"E2B":{"desc":"L2J","t":"A20N"},"E2E":{"t":"B738"},"E33":{"t":"C172"},"E37":{"t":"A321"},"E3A":{"t":"SR22"},"E3B":{"t":"P28A"},"E3C":{"t":"C172"},"E3D":{"t":"CL30"},"E3E":{"t":"B06"},"E42":{"t":"RV12"},"E51":{"t":"C172"},"E53":{"t":"BE35"},"E64":{"t":"C68A"},"E65":{"t":"C172"},"E6E":{"t":"M20P"},"E6F":{"t":"BE35"},"E70":{"t":"PA23"},"E75":{"desc":"L1P"},"E76":{"desc":"L1P"},"E7C":{"t":"C172"},"E7D":{"t":"S22T"},"E7E":{"t":"PAY2"},"E85":{"desc":"L1P","t":"ULAC"},"E88":{"t":"B738"},"E8A":{"t":"C172"},"E8E":{"t":"C441"},"E8F":{"t":"B734"},"E90":{"desc":"L1P"},"E93":{"t":"B06"},"E96":{"t":"C25C"},"E97":{"desc":"L1P"},"E9A":{"t":"CRJ2"},"E9B":{"desc":"L1P"},"E9C":{"t":"S22T"},"E9E":{"t":"BE33"},"E9F":{"t":"C172"},"EA0":{"desc":"L1P"},"EA1":{"desc":"L1P"},"EA4":{"t":"RV12"},"EA6":{"t":"H60"},"EA9":{"t":"M6"},"EB0":{"t":"P28A"},"EC4":{"t":"B744"},"EC8":{"t":"A321"},"EC9":{"t":"C172"},"ED1":{"desc":"H6E"},"EDA":{"t":"R44"},"EEB":{"desc":"L1P"},"EEC":{"t":"T206"},"EF9":{"t":"C182"},"EFB":{"t":"T206"},"EFF":{"desc":"H4E"},"F02":{"t":"G164"},"F05":{"desc":"H8E"},"F0B":{"t":"CRJ9"},"F1B":{"t":"PA18"},"F2B":{"t":"M20P"},"F39":{"desc":"H6E"},"F4C":{"desc":"L1P","t":"ULAC"},"F4E":{"t":"C170"},"F4F":{"t":"C172"},"F51":{"t":"PA22"},"F55":{"t":"C172"},"F56":{"t":"P28A"},"F57":{"t":"S108"},"F5A":{"desc":"L2P"},"F5B":{"t":"PA24"},"F61":{"t":"M20P"},"F62":{"t":"P28B"},"F63":{"t":"PA46"},"F64":{"t":"M20P"},"F65":{"t":"PA46"},"F66":{"t":"NAVI"},"F68":{"t":"C182"},"F6A":{"t":"C182"},"F6B":{"t":"NAVI"},"F6C":{"t":"C182"},"F6D":{"t":"C182"},"F6E":{"t":"NAVI"},"F6F":{"t":"NAVI"},"F71":{"t":"C170"},"F72":{"t":"C172"},"F73":{"t":"C180"},"F74":{"t":"M20T"},"F75":{"t":"M20T"},"F76":{"desc":"L1P"},"F77":{"t":"C182"},"F78":{"t":"C172"},"F79":{"t":"P28A"},"F7A":{"t":"PA46"},"F7B":{"t":"CH7A"},"F7C":{"desc":"L1P"},"F7D":{"t":"M20T"},"F7E":{"t":"PA24"},"F81":{"t":"BE19"},"F82":{"t":"C172"},"F83":{"t":"M20T"},"F84":{"t":"M20P"},"F87":{"t":"M20T"},"F88":{"t":"M20P"},"F8A":{"t":"NAVI"},"F8B":{"t":"NAVI"},"F8C":{"t":"NAVI"},"F8D":{"t":"C182"},"F8F":{"t":"NAVI"},"F91":{"t":"M20T"},"F92":{"t":"M20P"},"F94":{"desc":"L1P"},"F95":{"t":"C172"},"F97":{"t":"M20T"},"F98":{"t":"AR11"},"F9B":{"t":"C172"},"F9C":{"t":"P28A"},"F9D":{"t":"S108"},"F9E":{"t":"CH7A"},"FA0":{"t":"M20P"},"FA1":{"t":"PA24"},"FA2":{"t":"BE33"},"FA3":{"desc":"H1P"},"FA6":{"t":"C150"},"FA8":{"t":"P28B"},"FA9":{"desc":"L1P"},"FAA":{"desc":"L1P"},"FAB":{"desc":"L1P"},"FAD":{"t":"C182"},"FAE":{"desc":"L1P"},"FAF":{"desc":"A1P"},"FB0":{"t":"C182"},"FB2":{"t":"C182"},"FB5":{"t":"NAVI"},"FB7":{"desc":"L1P"},"FB8":{"t":"C172"},"FB9":{"t":"M20T"},"FBA":{"t":"PA22"},"FBB":{"t":"M20P"},"FBD":{"t":"C182"},"FBF":{"t":"P28A"},"FC1":{"t":"CH7A"},"FC3":{"t":"PA34"},"FC4":{"t":"PA24"},"FC5":{"t":"M20P"},"FC7":{"t":"BE23"},"FC8":{"t":"T206"},"FCB":{"t":"P28B"},"FCE":{"t":"P28A"},"FCF":{"t":"P28A"},"FD0":{"t":"P28A"},"FD3":{"t":"P28A"},"FD6":{"t":"B06"},"FD9":{"desc":"L1P"},"FDC":{"t":"C82R"},"FDE":{"t":"AR11"},"FE0":{"t":"C182"},"FE2":{"t":"P28A"},"FE3":{"desc":"L1P"},"FE4":{"t":"CH7A"},"FE6":{"t":"BE55"},"FE8":{"t":"BE33"},"FEA":{"t":"BE24"},"FEC":{"t":"C150"},"FED":{"t":"M20P"},"FEE":{"t":"CJ6"},"FF1":{"t":"M20T"},"FF4":{"desc":"L1P"},"FF5":{"t":"NAVI"},"FF6":{"t":"NAVI"},"FF9":{"t":"NAVI"},"FFD":{"t":"C170"}}