{"003":{"desc":"L2T"},"005":{"desc":"L1P"},"008":{"t":"BL8"},"009":{"t":"ULAC"},"011":{"t":"CRJ2"},"013":{"t":"E300"},"016":{"t":"C180"},"017":{"desc":"A8E"},"01A":{"t":"BE9L"},"01B":{"t":"C208"},"01E":{"desc":"L1P"},"022":{"t":"CH7A"},"030":{"t":"GALX"},"037":{"desc":"H1P"},"040":{"desc":"L1P"},"044":{"t":"LJ60"},"048":{"desc":"L1P"},"049":{"t":"ECHO"},"04A":{"t":"C414"},"04F":{"t":"SR20"},"062":{"desc":"L1P"},"063":{"t":"A321"},"065":{"t":"BE36"},"068":{"t":"LJ25"},"069":{"t":"LJ31"},"06B":{"t":"GLID"},"06D":{"t":"AC50"},"071":{"t":"BALL"},"072":{"desc":"L1P"},"073":{"t":"C525"},"076":{"t":"SR20"},"07A":{"desc":"L1P"},"07C":{"desc":"H1T"},"07D":{"t":"B06"},"082":{"desc":"L6E"},"084":{"desc":"L1P"},"086":{"t":"ULAC"},"088":{"desc":"H1P"},"08B":{"desc":"L1P"},"08C":{"desc":"L1T"},"09F":{"t":"SR22"},"0A3":{"t":"CRJ9"},"0A4":{"t":"C172"},"0AC":{"t":"GLID"},"0B2":{"desc":"L1P","t":"ULAC"},"0B3":{"t":"SR22"},"0B4":{"t":"TWEN"},"0B8":{"t":"C525"},"0BD":{"t":"ULAC"},"0BE":{"t":"BALL"},"0C4":{"t":"PC24"},"0CC":{"t":"PC12"},"0CF":{"desc":"L2J","t":"A20N"},"0D1":{"desc":"L1P"},"0D2":{"t":"B738"},"0D6":{"desc":"H1P"},"0DC":{"t":"C208"},"0DE":{"t":"BE9L"},"0DF":{"t":"P28A"},"0E5":{"t":"M20P"},"0E6":{"desc":"H1T","t":"S92"},"0EA":{"t":"C182"},"0F0":{"desc":"L1P"},"0F3":{"desc":"H1P"},"0F4":{"desc":"L1P"},"0F7":{"t":"BE35"},"103":{"desc":"L1P"},"108":{"t":"C68A"},"110":{"t":"SR22"},"111":{"desc":"L1P"},"112":{"t":"BE36"},"113":{"desc":"L1P"},"117":{"desc":"L1P"},"118":{"t":"C206"},"119":{"desc":"L1P"},"11C":{"t":"GLID"},"120":{"t":"PA46"},"121":{"desc":"L1P"},"122":{"t":"E55P"},"124":{"desc":"L1P"},"125":{"desc":"A1P"},"12A":{"t":"M20P"},"12C":{"t":"PA18"},"12D":{"t":"GLF4"},"12E":{"t":"SR22"},"130":{"t":"B350"},"135":{"t":"P28B"},"13A":{"t":"PRM1"},"13B":{"t":"C510"},"13C":{"desc":"L1P"},"13E":{"t":"CRJ2"},"142":{"t":"FA50"},"143":{"desc":"L1P","t":"ULAC"},"145":{"t":"P28B"},"147":{"desc":"L1P"},"149":{"t":"C208"},"14E":{"t":"SR20"},"152":{"t":"ULAC"},"174":{"desc":"L1P"},"175":{"desc":"L2J","t":"A21N"},"177":{"t":"C25B"},"179":{"desc":"L1P"},"180":{"t":"ULAC"},"18E":{"t":"R44"},"18F":{"desc":"H1T"},"190":{"t":"GALX"},"194":{"t":"GALX"},"196":{"desc":"L1P"},"199":{"t":"ULAC"},"19A":{"t":"B737"},"19E":{"t":"FDCT"},"1A6":{"desc":"L1P"},"1AC":{"desc":"L1P"},"1AE":{"desc":"L1P"},"1AF":{"t":"CRJ9"},"1B6":{"desc":"L1P"},"1C4":{"desc":"L1P","t":"ULAC"},"1D8":{"t":"NAVI"},"1D9":{"t":"SR22"},"1E4":{"t":"ULAC"},"1E8":{"desc":"L1P"},"1ED":{"desc":"L1P"},"1F3":{"t":"C175"},"1F4":{"t":"P28R"},"1F5":{"t":"P32R"},"1F6":{"t":"AR11"},"1F8":{"t":"C182"},"1F9":{"t":"BE17"},"1FA":{"t":"P28A"},"1FB":{"t":"P28R"},"1FD":{"desc":"L1P"},"1FE":{"t":"P28A"},"1FF":{"t":"PA44"},"201":{"t":"ULAC"},"202":{"t":"BE23"},"203":{"t":"PA38"},"207":{"t":"C182"},"209":{"t":"B06"},"20B":{"desc":"L1P"},"20C":{"desc":"L1P"},"20D":{"t":"C310"},"20E":{"desc":"L1P"},"20F":{"desc":"L1P"},"210":{"desc":"L1P"},"211":{"desc":"L1P"},"212":{"t":"C172"},"215":{"t":"C170"},"216":{"t":"C175"},"217":{"t":"C180"},"21A":{"t":"H269"},"21C":{"t":"C172"},"21D":{"t":"P28A"},"21E":{"desc":"L1P"},"220":{"desc":"L1P"},"224":{"t":"C82T"},"227":{"t":"C150"},"228":{"t":"M20P"},"229":{"t":"P28B"},"22A":{"desc":"G1P"},"22E":{"desc":"L1P"},"22F":{"t":"C182"},"231":{"desc":"L1P"},"232":{"desc":"L1P"},"233":{"desc":"L1P"},"235":{"desc":"L1P"},"237":{"t":"C185"},"238":{"desc":"L1P"},"23E":{"t":"C188"},"23F":{"t":"C172"},"242":{"t":"P32R"},"243":{"t":"M20P"},"244":{"t":"P32R"},"245":{"t":"PA24"},"246":{"t":"P32R"},"24B":{"t":"M20P"},"24C":{"t":"P28B"},"24E":{"t":"PA31"},"24F":{"t":"PA18"},"250":{"desc":"L1P"},"251":{"desc":"L1P"},"252":{"t":"C182"},"253":{"desc":"L1P"},"254":{"desc":"L1P"},"256":{"desc":"L1P"},"257":{"desc":"L1P"},"258":{"t":"ULAC"},"25A":{"desc":"L1P"},"25C":{"t":"P28A"},"25D":{"t":"C180"},"25F":{"t":"AR11"},"263":{"t":"P28A"},"264":{"t":"P32R"},"266":{"desc":"L1P"},"268":{"t":"PA24"},"269":{"t":"BE35"},"270":{"t":"C182"},"271":{"t":"P32R"},"273":{"desc":"L1P"},"275":{"desc":"L1P"},"277":{"t":"C172"},"27B":{"t":"C182"},"27C":{"desc":"L1P"},"27D":{"desc":"L1P"},"27F":{"t":"C175"},"280":{"t":"C180"},"285":{"t":"C185"},"286":{"desc":"L2P"},"288":{"t":"AA1"},"28A":{"t":"P32R"},"28B":{"t":"PA24"},"28C":{"t":"P28A"},"291":{"t":"M20P"},"292":{"t":"P28B"},"294":{"desc":"L1P"},"295":{"desc":"L1P"},"296":{"desc":"L1P"},"297":{"desc":"L1P"},"29B":{"t":"C172"},"29F":{"t":"P32R"},"2A2":{"t":"C175"},"2A3":{"t":"C180"},"2A4":{"t":"PA18"},"2A5":{"t":"M5"},"2A7":{"t":"P32R"},"2A8":{"t":"C172"},"2A9":{"t":"P28A"},"2AA":{"t":"S108"},"2AC":{"desc":"L1P"},"2B1":{"t":"BE23"},"2B2":{"t":"C180"},"2B4":{"t":"M20P"},"2B5":{"t":"P28B"},"2B7":{"t":"PA46"},"2BC":{"desc":"L1P"},"2BD":{"desc":"L1P"},"2C2":{"t":"C82S"},"2C5":{"t":"C175"},"2C6":{"t":"C180"},"2CA":{"t":"C182"},"2CB":{"t":"C172"},"2CC":{"t":"P28A"},"2CE":{"t":"AA1"},"2CF":{"t":"ULAC"},"2D0":{"t":"P32R"},"2D1":{"t":"PA24"},"2D2":{"t":"BE35"},"2D4":{"t":"BE24"},"2D7":{"t":"M20P"},"2D9":{"t":"C182"},"2DC":{"desc":"L1P"},"2DE":{"desc":"L1P"},"2E2":{"t":"T206"},"2E4":{"desc":"L1P"},"2E5":{"desc":"L1P"},"2E9":{"t":"PA32"},"2EB":{"t":"M5"},"2F2":{"t":"M20P"},"2F4":{"t":"PA24"},"2F5":{"t":"P28A"},"2F7":{"desc":"L1P"},"2F8":{"t":"C180"},"2F9":{"t":"C150"},"2FB":{"t":"P28B"},"2FC":{"t":"C182"},"2FD":{"t":"AA5"},"2FE":{"t":"ULAC"},"2FF":{"t":"C172"},"300":{"desc":"L1P"},"306":{"t":"T206"},"309":{"desc":"L1P"},"30A":{"t":"C170"},"30D":{"t":"P32R"},"30E":{"t":"ULAC"},"310":{"t":"C182"},"312":{"t":"P28A"},"313":{"t":"S108"},"314":{"t":"P32R"},"315":{"desc":"L1P"},"316":{"t":"P32R"},"317":{"t":"P32R"},"31A":{"t":"BE23"},"31D":{"t":"M20P"},"31E":{"t":"P28B"},"321":{"t":"C177"},"324":{"desc":"L1P"},"325":{"t":"T206"},"328":{"t":"ULAC"},"32A":{"desc":"L1P"},"32C":{"desc":"L1P"},"32D":{"desc":"L1P"},"32E":{"t":"P28A"},"331":{"t":"ULAC"},"335":{"t":"P28A"},"336":{"desc":"L1P"},"337":{"t":"AA1"},"33A":{"t":"PA46"},"33D":{"t":"BE24"},"342":{"t":"P32R"},"343":{"t":"C210"},"344":{"desc":"H1T","t":"UH12"},"34A":{"t":"C152"},"34C":{"desc":"L1P"},"34E":{"desc":"L1P"},"34F":{"desc":"L1P"},"350":{"t":"BE9L"},"352":{"desc":"L1P","t":"LA4"},"353":{"t":"CH7A"},"354":{"t":"P46T"},"355":{"t":"GLF4"},"358":{"t":"EC35"},"359":{"t":"C550"},"35A":{"t":"C25A"},"35B":{"desc":"L1P"},"35C":{"t":"BE9T"},"35E":{"t":"BT36"},"361":{"t":"GLID"},"362":{"t":"GLF4"},"368":{"desc":"L1P"},"369":{"desc":"L1P"},"36C":{"t":"BL8"},"36D":{"t":"PA30"},"36F":{"desc":"L1P"},"370":{"t":"GLID"},"374":{"t":"TBM7"},"375":{"desc":"L1P"},"376":{"t":"TBM7"},"37A":{"desc":"L1P"},"37B":{"t":"VALI"},"37E":{"desc":"L1P"},"380":{"t":"CH7B"},"381":{"t":"C182"},"382":{"t":"M20P"},"384":{"desc":"L1P"},"385":{"t":"P28S"},"386":{"t":"M20T"},"387":{"desc":"L1P","t":"ULAC"},"388":{"desc":"L1P"},"38C":{"t":"L8"},"38E":{"desc":"L1P"},"390":{"t":"B06"},"391":{"t":"B350"},"392":{"desc":"L1P"},"393":{"desc":"L1P"},"394":{"t":"FDCT"},"396":{"t":"C560"},"398":{"desc":"L1P"},"39B":{"t":"BE10"},"39C":{"t":"EN28"},"39D":{"t":"C560"},"39E":{"desc":"L1P"},"39F":{"t":"B407"},"3A0":{"desc":"L1P"},"3A2":{"desc":"L1P"},"3A3":{"t":"TAYB"},"3A4":{"desc":"L1P"},"3A5":{"desc":"L1P"},"3A6":{"desc":"L1P"},"3A8":{"t":"BL8"},"3AB":{"t":"R44"},"3AC":{"desc":"L1P"},"3AD":{"t":"BL8"},"3AF":{"desc":"L1P"},"3B2":{"desc":"L1P"},"3B3":{"t":"SR22"},"3B4":{"desc":"L1P"},"3B5":{"t":"CRJ2"},"3B7":{"t":"CL30"},"3BA":{"t":"SR22"},"3BB":{"desc":"L1P"},"3BE":{"t":"C25C"},"3C2":{"desc":"L1T"},"3C4":{"t":"AA5"},"3C5":{"desc":"L1P"},"3C6":{"t":"T206"},"3C9":{"t":"LJ60"},"3CE":{"desc":"L1P"},"3CF":{"t":"BE40"},"3D0":{"t":"M20T"},"3D2":{"t":"BE58"},"3D3":{"desc":"L1P"},"3D9":{"t":"C182"},"3DD":{"t":"P28A"},"3DE":{"t":"C560"},"3DF":{"t":"BE40"},"3E3":{"t":"GLEX"},"3E7":{"t":"BE30"},"3E8":{"desc":"L1P"},"3EA":{"t":"S22T"},"3EC":{"t":"BL8"},"3ED":{"t":"M20P"},"3EF":{"desc":"L1P"},"3F0":{"desc":"L1T","t":"PA46"},"3F2":{"desc":"L1P"},"3F4":{"t":"EN28"},"3F6":{"desc":"L1T"},"3F7":{"t":"SR20"},"3F8":{"t":"BE10"},"3FB":{"desc":"L1P"},"400":{"t":"C560"},"401":{"t":"C82S"},"405":{"t":"C172"},"40D":{"t":"T210"},"412":{"t":"HUSK"},"416":{"t":"HUSK"},"418":{"t":"U21"},"41A":{"t":"ULAC"},"41C":{"t":"T34P"},"41D":{"t":"C210"},"41F":{"t":"C310"},"421":{"desc":"L1T"},"422":{"t":"GLID"},"424":{"desc":"L1P"},"425":{"t":"PA34"},"426":{"desc":"L1P"},"429":{"t":"C172"},"42A":{"t":"PA11"},"431":{"desc":"L1P"},"433":{"desc":"L1P"},"434":{"t":"P32R"},"437":{"desc":"L1P"},"43B":{"t":"C172"},"43E":{"t":"P28A"},"440":{"desc":"A1T","t":"KODI"},"442":{"t":"M20P"},"446":{"t":"H25B"},"44A":{"t":"C185"},"44B":{"t":"CL30"},"44C":{"desc":"L1P"},"44D":{"t":"P210"},"44E":{"desc":"L1P"},"44F":{"t":"LJ35"},"455":{"t":"B06"},"456":{"t":"S22T"},"45A":{"desc":"L1P"},"45F":{"desc":"L1P"},"463":{"t":"GLF6"},"464":{"t":"C25B"},"465":{"t":"C182"},"466":{"desc":"L1P"},"467":{"t":"AS65"},"468":{"t":"AC90"},"46A":{"t":"AEST"},"46B":{"t":"GLID"},"46C":{"desc":"L1P"},"46D":{"t":"B06"},"46E":{"t":"M7"},"471":{"t":"B407"},"473":{"desc":"L1P"},"474":{"t":"BE50"},"475":{"t":"BE36"},"478":{"t":"C25B"},"47A":{"desc":"L1P"},"47C":{"t":"GLID"},"480":{"t":"UH1"},"48D":{"t":"CL30"},"492":{"t":"PC12"},"496":{"t":"PA44"},"499":{"t":"S108"},"49B":{"t":"SR20"},"49C":{"desc":"L2P"},"49D":{"t":"B06"},"49E":{"t":"C421"},"49F":{"desc":"L1P"},"4A2":{"t":"PA32"},"4A3":{"t":"PAY4"},"4A6":{"t":"C172"},"4AA":{"t":"SR22"},"4AD":{"t":"BALL"},"4AE":{"t":"C180"},"4BD":{"t":"GLF4"},"4C7":{"desc":"L2P"},"4C9":{"desc":"L1P"},"4CD":{"desc":"L1P"},"4D0":{"t":"PA46"},"4D1":{"t":"S22T"},"4D3":{"desc":"L1P"},"4D5":{"desc":"L1P"},"4D7":{"desc":"L1P"},"4D8":{"t":"TOBA"},"4D9":{"t":"S76"},"4DB":{"desc":"L1P"},"4DC":{"desc":"L1P"},"4DD":{"t":"BALL"},"4E0":{"t":"C750"},"4E1":{"desc":"L1P"},"4E2":{"t":"RC3"},"4E4":{"t":"C182"},"4E6":{"t":"BE10"},"4E8":{"t":"PAY1"},"4E9":{"t":"SF50"},"4EA":{"desc":"L1P"},"4EB":{"desc":"H1P"},"4EC":{"t":"CH7B"},"4EE":{"t":"C25C"},"4F2":{"desc":"L1T","t":"M600"},"4F6":{"desc":"L1P"},"4F9":{"t":"BE55"},"4FA":{"t":"SR20"},"4FB":{"desc":"L1P","t":"TB0"},"4FC":{"t":"HUSK"},"4FD":{"desc":"L1P"},"4FE":{"t":"AA5"},"500":{"desc":"A1P"},"501":{"t":"C182"},"502":{"t":"P28R"},"504":{"desc":"L1P"},"505":{"desc":"L1P"},"507":{"t":"C172"},"509":{"t":"BE20"},"50A":{"t":"M20T"},"50D":{"t":"BALL"},"50E":{"desc":"L1P"},"50F":{"t":"C750"},"52B":{"t":"U21"},"52D":{"t":"P32T"},"52F":{"t":"BE10"},"532":{"t":"SR22"},"537":{"t":"FDCT"},"539":{"t":"GLF5"},"53B":{"t":"C550"},"53C":{"desc":"L1P"},"53D":{"t":"BE35"},"540":{"desc":"L1P"},"545":{"t":"PA34"},"546":{"t":"SR22"},"548":{"t":"B47G"},"549":{"t":"BL8"},"54A":{"t":"SR22"},"54C":{"t":"E300"},"54E":{"t":"CH7B"},"54F":{"desc":"L1P"},"550":{"desc":"A1P"},"552":{"t":"P28A"},"554":{"t":"P28A"},"555":{"desc":"L1P"},"556":{"t":"BE10"},"558":{"desc":"L1P"},"559":{"t":"ST75"},"55B":{"t":"HUSK"},"568":{"desc":"L1P"},"56B":{"t":"BE40"},"56F":{"t":"E300"},"588":{"t":"DA42"},"596":{"desc":"L1P"},"5AA":{"t":"BE36"},"5AB":{"t":"SR20"},"5AC":{"desc":"G1P"},"5B0":{"t":"DV20"},"5B3":{"t":"TBM7"},"5B5":{"t":"R22"},"5B6":{"t":"B738"},"5B9":{"t":"TBM7"},"5BA":{"t":"C337"},"5BB":{"t":"B712"},"5BC":{"t":"A321"},"5BD":{"desc":"L2J","t":"A20N"},"5BE":{"t":"R66"},"5C2":{"desc":"L1P","t":"ULAC"},"5C5":{"t":"B06"},"5C6":{"t":"BE58"},"5C8":{"desc":"L1P"},"5C9":{"t":"GLID"},"5CC":{"t":"TBM7"},"5CE":{"t":"C82S"},"5D0":{"t":"TBM7"},"5D7":{"t":"TBM7"},"5DE":{"t":"LJ45"},"5DF":{"desc":"L1P"},"5E0":{"t":"DC93"},"5E1":{"t":"TBM7"},"5E6":{"desc":"L1P"},"5E9":{"t":"C182"},"5EC":{"desc":"L1P"},"5F4":{"desc":"L1P"},"5F5":{"t":"DV20"},"5F6":{"t":"BT36"},"5F7":{"t":"GLF4"},"5F8":{"t":"RV12"},"5F9":{"t":"GLID"},"5FA":{"t":"TBM7"},"5FB":{"t":"SR22"},"5FC":{"desc":"L1T"},"5FE":{"t":"R44"},"600":{"desc":"L1P"},"601":{"t":"MD90"},"605":{"t":"B350"},"608":{"t":"TBM7"},"60A":{"t":"TBM7"},"60C":{"t":"B739"},"60E":{"t":"TBM7"},"619":{"desc":"H4E"},"61A":{"t":"GLEX"},"61D":{"t":"PA44"},"621":{"t":"CRJ2"},"626":{"t":"TBM7"},"62A":{"t":"B752"},"62B":{"t":"C208"},"632":{"desc":"L1P"},"634":{"t":"TBM7"},"636":{"t":"TBM7"},"63D":{"t":"TBM7"},"63F":{"t":"C210"},"644":{"t":"TBM7"},"645":{"desc":"L1P"},"64A":{"t":"GLF6"},"64B":{"t":"TBM7"},"654":{"t":"TBM7"},"658":{"t":"TBM7"},"65A":{"t":"B737"},"664":{"t":"P46T"},"66A":{"desc":"L1P"},"671":{"t":"TBM7"},"672":{"t":"A119"},"673":{"desc":"L1P","t":"ULAC"},"675":{"t":"C310"},"676":{"desc":"L1P"},"679":{"t":"C525"},"682":{"t":"C150"},"68A":{"t":"U21"},"68B":{"t":"TBM7"},"690":{"t":"TBM7"},"692":{"t":"SR22"},"696":{"t":"P46T"},"6A3":{"desc":"L1P"},"6A9":{"t":"C210"},"6B3":{"t":"CRJ9"},"6B4":{"t":"GLF5"},"6B5":{"t":"PA44"},"6B9":{"desc":"L1T"},"6BC":{"desc":"L1P"},"6BD":{"t":"P28A"},"6BF":{"t":"BE9L"},"6C0":{"t":"PA27"},"6C3":{"t":"C680"},"6C7":{"t":"TBM7"},"6CA":{"t":"TBM7"},"6CB":{"t":"BE9L"},"6CC":{"t":"M20P"},"6DD":{"t":"EC35"},"6DF":{"desc":"L2J","t":"A20N"},"6E1":{"desc":"L1P"},"6E2":{"t":"B738"},"6EF":{"t":"DA40"},"6F1":{"t":"BE36"},"6F2":{"t":"B06"},"6F5":{"t":"SR20"},"6FA":{"desc":"L1T"},"703":{"desc":"L1T"},"707":{"t":"BE33"},"713":{"desc":"L1P"},"718":{"t":"C68A"},"720":{"t":"BE18"},"721":{"t":"TBM7"},"723":{"t":"TBM7"},"729":{"t":"P28R"},"72A":{"desc":"L1T"},"731":{"t":"TBM7"},"732":{"desc":"L1P"},"73A":{"desc":"L1T"},"73E":{"t":"SR22"},"73F":{"desc":"L1P"},"744":{"t":"SR20"},"747":{"t":"B407"},"749":{"t":"TBM7"},"74A":{"t":"P32R"},"74E":{"t":"CRJ2"},"753":{"t":"TBM7"},"754":{"t":"MD90"},"756":{"desc":"L1T"},"757":{"desc":"L1P"},"763":{"desc":"L1T"},"764":{"t":"TBM7"},"76B":{"t":"EC30"},"77D":{"desc":"L1P"},"784":{"desc":"L1P"},"785":{"desc":"L2J","t":"A21N"},"78E":{"desc":"L1P","t":"ULAC"},"78F":{"t":"TBM7"},"790":{"t":"TBM7"},"796":{"t":"TBM7"},"79D":{"desc":"L1P"},"79F":{"t":"TBM7"},"7A1":{"t":"TBM7"},"7A9":{"desc":"L1P"},"7AA":{"t":"B737"},"7BA":{"t":"TBM7"},"7BF":{"t":"CRJ9"},"7CC":{"t":"TBM7"},"7E6":{"t":"TBM7"},"7E7":{"desc":"L1T"},"7E8":{"t":"PA46"},"7EC":{"t":"TBM7"},"7EE":{"t":"TBM7"},"7F4":{"desc":"L1P"},"803":{"t":"C175"},"806":{"t":"AR11"},"809":{"t":"ST75"},"80A":{"t":"P28A"},"80C":{"t":"AA1"},"80E":{"t":"C185"},"812":{"t":"BE24"},"815":{"t":"M20P"},"816":{"t":"P28B"},"81B":{"t":"PA22"},"81C":{"t":"C152"},"81D":{"t":"A319"},"820":{"desc":"L1P","t":"ULAC"},"826":{"t":"C72R"},"828":{"t":"PA22"},"829":{"t":"C172"},"82C":{"t":"ST75"},"82D":{"t":"P28A"},"82F":{"t":"AA1"},"830":{"t":"M20P"},"831":{"t":"P28R"},"836":{"desc":"L1P"},"838":{"t":"M20P"},"839":{"t":"P28B"},"83A":{"t":"C182"},"83B":{"t":"BE55"},"83C":{"desc":"L1P"},"83D":{"t":"C185"},"83F":{"desc":"L4P"},"845":{"t":"C185"},"84D":{"t":"P32R"},"852":{"t":"AA1"},"856":{"t":"BE36"},"85E":{"t":"BE95"},"861":{"t":"C206"},"862":{"t":"C180"},"863":{"t":"C206"},"864":{"t":"C206"},"865":{"t":"C185"},"867":{"t":"C185"},"86A":{"desc":"L1P"},"86B":{"t":"C195"},"86C":{"desc":"L1P","t":"ULAC"},"871":{"t":"C182"},"875":{"t":"AA1"},"876":{"t":"M20P"},"878":{"t":"PA24"},"87A":{"t":"C206"},"87C":{"t":"C180"},"87D":{"t":"C150"},"880":{"t":"C182"},"881":{"t":"BE35"},"883":{"t":"C185"},"886":{"t":"C185"},"888":{"t":"C210"},"88C":{"t":"C185"},"891":{"t":"PA22"},"892":{"t":"AR11"},"893":{"t":"C208"},"895":{"t":"C172"},"898":{"t":"AA1"},"899":{"t":"M20P"},"89C":{"t":"BE35"},"89D":{"t":"C206"},"89F":{"t":"PA38"},"8A2":{"t":"P28B"},"8B2":{"t":"C175"},"8B3":{"t":"C180"},"8B5":{"t":"AR11"},"8BA":{"t":"P28A"},"8BB":{"t":"AA1"},"8BC":{"t":"M20P"},"8BD":{"t":"C172"},"8BE":{"desc":"L1P"},"8BF":{"t":"BE33"},"8C5":{"t":"P28B"},"8C7":{"t":"BE95"},"8C8":{"t":"PA12"},"8C9":{"t":"C185"},"8CB":{"t":"C210"},"8CE":{"t":"C185"},"8D5":{"desc":"H2T"},"8D6":{"t":"C180"},"8DA":{"t":"C182"},"8DB":{"t":"C172"},"8DC":{"t":"P28A"},"8DE":{"t":"AA1"},"8DF":{"t":"M20P"},"8E7":{"t":"M20P"},"8EA":{"t":"BE35"},"8F3":{"t":"B47G"},"8F9":{"t":"C180"},"8FA":{"t":"C72R"},"8FB":{"t":"AR11"},"8FD":{"t":"C182"},"8FE":{"t":"C182"},"8FF":{"t":"P28A"},"900":{"t":"S108"},"902":{"t":"M20P"},"907":{"t":"BE24"},"90B":{"t":"P28B"},"90C":{"desc":"L1P"},"90D":{"t":"T210"},"917":{"t":"C152"},"91B":{"t":"C175"},"91C":{"t":"C180"},"91E":{"t":"AR11"},"920":{"t":"C182"},"922":{"t":"P28A"},"924":{"t":"AA1"},"925":{"t":"M20P"},"927":{"t":"PA24"},"928":{"t":"BE55"},"92D":{"t":"M20P"},"92E":{"t":"P28B"},"92F":{"t":"C182"},"934":{"t":"C152"},"935":{"t":"BALL"},"937":{"t":"C152"},"93F":{"t":"C182"},"941":{"t":"AR11"},"943":{"t":"C182"},"946":{"t":"P28A"},"94B":{"t":"BE35"},"951":{"t":"P28B"},"952":{"t":"C182"},"953":{"t":"T210"},"954":{"t":"N3N"},"95B":{"t":"C152"},"95C":{"desc":"L1P","t":"ULAC"},"95D":{"t":"C185"},"95F":{"t":"PTS2"},"962":{"t":"B752"},"963":{"t":"M20T"},"965":{"t":"E145"},"96A":{"desc":"L2J","t":"B39M"},"96C":{"t":"A321"},"96D":{"t":"B738"},"971":{"desc":"L1P"},"972":{"desc":"H8E"},"979":{"t":"BE35"},"97A":{"desc":"A1P","t":"ULAC"},"97E":{"desc":"L1P"},"980":{"t":"GLID"},"993":{"t":"H25B"},"994":{"desc":"L1P"},"995":{"desc":"H1T"},"996":{"t":"SR22"},"997":{"desc":"L1P"},"9A0":{"t":"H269"},"9A2":{"desc":"H6E"},"9A4":{"t":"SR22"},"9AB":{"t":"S108"},"9AC":{"t":"DV20"},"9AE":{"t":"GLF4"},"9B3":{"desc":"L1P"},"9BA":{"t":"B739"},"9BB":{"t":"S22T"},"9C3":{"desc":"L1P"},"9C4":{"t":"BE55"},"9C7":{"t":"P28A"},"9C8":{"t":"LJ31"},"9CF":{"t":"H25B"},"9D0":{"t":"C182"},"9D5":{"desc":"H6E"},"9D8":{"t":"CRJ2"},"9E2":{"t":"C208"},"9E5":{"desc":"L1P"},"9E8":{"t":"GLF5"},"9ED":{"t":"A319"},"9EE":{"t":"P28T"},"9F6":{"t":"P28A"},"9F7":{"desc":"L2J","t":"GA7C"},"9FD":{"t":"BE9L"},"A0F":{"t":"WACO"},"A2A":{"desc":"L1P"},"A3E":{"t":"E145"},"A49":{"desc":"L6E"},"A59":{"desc":"L1P"},"A6A":{"t":"CRJ9"},"A6C":{"t":"PA44"},"A73":{"desc":"L1P"},"A76":{"t":"TBM7"},"A7A":{"t":"TBM7"},"A88":{"desc":"H6E"},"A96":{"desc":"L2J","t":"A20N"},"A99":{"t":"B738"},"AA6":{"t":"DA42"},"AA8":{"t":"BE36"},"AAF":{"desc":"L1P"},"ABE":{"t":"BE33"},"ABF":{"t":"R44"},"ACF":{"t":"C68A"},"ADB":{"t":"BE55"},"ADE":{"desc":"L1P"},"AE1":{"desc":"L1P"},"AE3":{"desc":"L1P"},"AE8":{"t":"LJ31"},"AF0":{"desc":"L1P","t":"ULAC"},"AF1":{"t":"PA31"},"AF2":{"t":"BE9T"},"AF3":{"t":"PA38"},"AF6":{"desc":"H2T"},"AF8":{"t":"R22"},"AF9":{"t":"C182"},"AFB":{"t":"GLID"},"B02":{"desc":"L1P"},"B09":{"t":"B350"},"B0A":{"desc":"L2J"},"B0B":{"desc":"L2J"},"B10":{"t":"R44"},"B16":{"t":"C525"},"B17":{"desc":"H8E"},"B1B":{"t":"PA46"},"B32":{"t":"C175"},"B3B":{"t":"BE55"},"B47":{"t":"C82S"},"B61":{"t":"B737"},"B63":{"desc":"H8E"},"B72":{"desc":"H6E"},"B76":{"t":"CRJ9"},"B8C":{"desc":"H6E"},"B9F":{"desc":"L1P"},"BA2":{"desc":"L1P"},"BBA":{"t":"C175"},"BBC":{"t":"C72R"},"BBE":{"t":"C208"},"BBF":{"t":"C182"},"BC0":{"t":"C172"},"BC1":{"t":"P28A"},"BC2":{"t":"S108"},"BC3":{"t":"AA1"},"BC5":{"t":"P28R"},"BC7":{"t":"BE58"},"BCD":{"t":"P28B"},"BCF":{"desc":"L1P","t":"ULAC"},"BD0":{"t":"N3N"},"BD7":{"desc":"L1P"},"BDF":{"t":"PA22"},"BE2":{"t":"C182"},"BE3":{"t":"ST75"},"BE4":{"t":"P28A"},"BE7":{"t":"M20P"},"BE8":{"t":"P28R"},"BE9":{"t":"T206"},"BEA":{"t":"BE33"},"BEB":{"desc":"A2P"},"BED":{"t":"C180"},"BEF":{"t":"M20P"},"BF1":{"t":"C182"},"BF2":{"t":"BE35"},"BF6":{"t":"C210"},"BFA":{"t":"C152"},"BFF":{"t":"C195"},"C02":{"t":"PA22"},"C05":{"t":"C182"},"C0A":{"t":"M20P"},"C0C":{"t":"PA24"},"C14":{"t":"C182"},"C1B":{"t":"C152"},"C1E":{"t":"C152"},"C1F":{"t":"T210"},"C20":{"t":"T210"},"C23":{"t":"C72R"},"C24":{"t":"P28A"},"C25":{"t":"C72R"},"C28":{"t":"C188"},"C29":{"t":"C172"},"C2A":{"t":"P28A"},"C2B":{"t":"P28A"},"C2C":{"t":"AA1"},"C2D":{"t":"M20P"},"C2F":{"t":"PA24"},"C32":{"t":"BE23"},"C36":{"t":"P28B"},"C37":{"t":"C182"},"C3F":{"t":"C210"},"C45":{"desc":"L1P"},"C47":{"t":"C180"},"C48":{"t":"PA22"},"C49":{"t":"C172"},"C4A":{"t":"C208"},"C4B":{"t":"C182"},"C4C":{"t":"C82S"},"C4F":{"t":"AA1"},"C52":{"desc":"L1P"},"C56":{"t":"PA38"},"C5A":{"t":"C182"},"C5F":{"t":"C152"},"C69":{"t":"C175"},"C6A":{"t":"C180"},"C6B":{"t":"C72R"},"C6F":{"desc":"L1P"},"C70":{"t":"P28A"},"C72":{"t":"AA1"},"C73":{"t":"M20P"},"C75":{"t":"PA24"},"C77":{"t":"C82T"},"C78":{"t":"BE23"},"C7A":{"t":"C150"},"C7B":{"t":"M20P"},"C7D":{"t":"C182"},"C7E":{"t":"BE35"},"C84":{"t":"C152"},"C87":{"t":"C210"},"C8C":{"t":"C175"},"C93":{"t":"P28A"},"C94":{"t":"S108"},"C96":{"t":"M20P"},"C98":{"t":"PA24"},"C9D":{"t":"C150"},"C9E":{"t":"M20P"},"C9F":{"t":"P28B"},"CA0":{"t":"C182"},"CA2":{"t":"N3N"},"CA9":{"t":"C152"},"CAD":{"t":"C182"},"CAE":{"t":"C190"},"CB0":{"t":"C180"},"CB2":{"t":"C182"},"CB9":{"desc":"L1P"},"CBB":{"t":"PA24"},"CBD":{"t":"C82T"},"CC1":{"t":"M20P"},"CC2":{"t":"C206"},"CC3":{"t":"C182"},"CD0":{"t":"WACF"},"CD1":{"t":"C195"},"CD3":{"t":"P28A"},"CD4":{"t":"PA22"},"CD5":{"t":"AR11"},"CD9":{"t":"P28A"},"CDE":{"t":"PA24"},"CE1":{"t":"BE23"},"CE2":{"t":"PA38"},"CE3":{"t":"C150"},"CE5":{"t":"C82S"},"CE6":{"t":"C182"},"CEC":{"t":"C185"},"CEF":{"t":"T210"},"CF0":{"t":"ULAC"},"CF2":{"t":"C185"},"CF4":{"t":"C195"},"CF7":{"t":"PA22"},"CF9":{"t":"P28A"},"CFB":{"t":"C172"},"CFC":{"t":"P28A"},"CFD":{"t":"S108"},"CFF":{"t":"M20P"},"D04":{"t":"BE23"},"D05":{"desc":"L1P"},"D06":{"t":"C150"},"D08":{"t":"P28B"},"D09":{"t":"C182"},"D12":{"t":"C152"},"D1A":{"t":"COL4"},"D1C":{"t":"E145"},"D21":{"desc":"L2J","t":"B39M"},"D23":{"t":"A321"},"D24":{"t":"B738"},"D28":{"t":"C337"},"D29":{"t":"B712"},"D30":{"t":"B47G"},"D37":{"desc":"H1T","t":"S92"},"D39":{"desc":"L1P"},"D3B":{"t":"R44"},"D44":{"t":"T206"},"D49":{"t":"C208"},"D4B":{"desc":"L1P","t":"ULAC"},"D4C":{"t":"F900"},"D4D":{"t":"SR20"},"D4E":{"t":"DC93"},"D57":{"desc":"L1P"},"D62":{"t":"S108"},"D63":{"t":"DV20"},"D64":{"t":"C206"},"D65":{"desc":"L1P"},"D68":{"desc":"L1P"},"D6E":{"t":"E55P"},"D72":{"t":"SR20"},"D7A":{"t":"B739"},"D7E":{"t":"P28A"},"D8F":{"t":"CRJ2"},"DA4":{"desc":"L1P","t":"A319"},"DA5":{"t":"PA44"},"DA9":{"t":"C182"},"DAD":{"t":"P28A"},"DC6":{"desc":"L2T","t":"DC3"},"DCA":{"desc":"H6E"},"DE0":{"t":"A119"},"DE1":{"t":"ULAC"},"DE3":{"desc":"L1P","t":"ULAC"},"DEB":{"t":"C82S"},"DF0":{"t":"C680"},"DF1":{"desc":"L1P"},"DF5":{"t":"E145"},"DFA":{"t":"BALL"},"DFB":{"t":"GLID"},"E00":{"desc":"L6E"},"E09":{"desc":"H8E"},"E13":{"desc":"H6E"},"E1A":{"t":"BALL"},"E21":{"t":"CRJ9"},"E23":{"t":"PA44"},"E2A":{"desc":"L1P"},"E2B":{"t":"E50P"},"E2C":{"desc":"H6E"},"E2F":{"t":"EC35"},"E4D":{"desc":"L2J","t":"A20N"},"E50":{"t":"B738"},"E5C":{"desc":"L1P"},"E64":{"desc":"H1T","t":"S92"},"E70":{"desc":"H6E"},"E71":{"desc":"L1P"},"E75":{"t":"BE33"},"E7E":{"desc":"H6E"},"E86":{"t":"C68A"},"E91":{"desc":"L1P","t":"ULAC"},"E97":{"desc":"L1P"},"E98":{"t":"C172"},"EA0":{"desc":"L1P"},"EA2":{"desc":"L1P"},"EAD":{"t":"B407"},"EAF":{"t":"R22"},"EB5":{"t":"C208"},"EB9":{"desc":"H1T"},"EBC":{"t":"CRJ2"},"EBD":{"desc":"L1P"},"EC1":{"t":"SR22"},"EC5":{"desc":"L1P"},"EEE":{"desc":"L1P"},"EF3":{"desc":"L1P"},"F11":{"desc":"L1P"},"F18":{"t":"B737"},"F1C":{"t":"R44"},"F1D":{"desc":"L1P"},"F24":{"desc":"L1P"},"F2D":{"t":"CRJ9"},"F2F":{"t":"C56X"},"F50":{"t":"A318"},"F6C":{"t":"BALL"},"F72":{"t":"C180"},"F73":{"t":"C72R"},"F76":{"t":"C182"},"F77":{"t":"C172"},"F7A":{"t":"AA1"},"F7B":{"t":"M20P"},"F7C":{"t":"P28R"},"F7E":{"t":"BE55"},"F7F":{"t":"C82T"},"F84":{"t":"P28B"},"F85":{"t":"C182"},"F8A":{"t":"C185"},"F8D":{"t":"GLID"},"F94":{"t":"C175"},"F95":{"t":"P28R"},"F96":{"t":"PA22"},"F97":{"t":"C172"},"F99":{"t":"C182"},"F9B":{"t":"P28A"},"F9F":{"t":"P28R"},"FA0":{"t":"PA24"},"FA2":{"desc":"L1P","t":"ULAC"},"FA7":{"t":"P28B"},"FA8":{"t":"C182"},"FAF":{"t":"C152"},"FB1":{"t":"C172"},"FB2":{"desc":"L1P"},"FB8":{"t":"C172"},"FB9":{"t":"PA22"},"FBC":{"t":"C182"},"FBE":{"t":"P28A"},"FBF":{"t":"S108"},"FC1":{"t":"M20P"},"FC4":{"desc":"H6E"},"FC5":{"t":"R22"},"FC6":{"t":"BE24"},"FC7":{"t":"S22T"},"FCB":{"t":"C182"},"FCC":{"t":"BE50"},"FCF":{"t":"GLID"},"FD3":{"desc":"L1P"},"FD7":{"t":"C185"},"FD9":{"desc":"L1P"},"FDA":{"t":"C175"},"FDB":{"t":"P28S"},"FDD":{"t":"C172"},"FDE":{"t":"H269"},"FE1":{"t":"P28A"},"FE5":{"t":"P28R"},"FE6":{"desc":"H6E"},"FEC":{"t":"P28B"},"FEE":{"t":"C182"},"FEF":{"t":"BE35"},"FF0":{"desc":"L4P"},"FF2":{"desc":"L1P"},"FF3":{"desc":"L1P"},"FF4":{"desc":"L1P"},"FF9":{"desc":"L1P"},"FFA":{"t":"C152"},"FFC":{"t":"C195"},"FFE":{"t":"C180"},"FFF":{"t":"PA22"}}