{"006":{"desc":"L1P"},"008":{"t":"P28A"},"009":{"desc":"H2T"},"012":{"desc":"L1T"},"014":{"desc":"L1P"},"017":{"t":"P28A"},"018":{"t":"M20P"},"01E":{"t":"B739"},"021":{"t":"C182"},"028":{"t":"LJ45"},"02B":{"desc":"H4E"},"02C":{"desc":"L1P"},"02E":{"t":"ULAC"},"043":{"t":"B738"},"048":{"t":"A319"},"049":{"t":"CL60"},"04D":{"t":"C82R"},"051":{"t":"C182"},"052":{"t":"G150"},"053":{"desc":"L1P"},"05F":{"desc":"L1P"},"062":{"t":"LJ60"},"066":{"t":"BE60"},"06A":{"t":"WACO"},"06B":{"t":"UH12"},"06D":{"t":"LJ45"},"07B":{"desc":"L1P"},"084":{"t":"T206"},"085":{"desc":"H1P"},"08A":{"t":"GLEX"},"08D":{"t":"PA32"},"092":{"desc":"H6E"},"094":{"t":"C750"},"095":{"t":"A321"},"0B5":{"t":"DA40"},"0B6":{"desc":"H4E"},"0B7":{"t":"P28A"},"0B8":{"t":"E55P"},"0BB":{"t":"C525"},"0C5":{"t":"CRJ9"},"0CF":{"desc":"L1P"},"0D1":{"t":"C172"},"0D3":{"desc":"H2T"},"0D4":{"t":"UH1"},"0DD":{"desc":"H4E"},"0DF":{"desc":"L1T"},"0E0":{"desc":"H2T"},"0E8":{"desc":"H4E"},"0EC":{"desc":"L1P"},"0F1":{"desc":"L2J","t":"A20N"},"0F4":{"t":"B738"},"100":{"t":"SR22"},"103":{"t":"DA40"},"104":{"t":"C182"},"10A":{"t":"GLF2"},"10B":{"desc":"L1P"},"114":{"t":"E300"},"11A":{"desc":"H4E"},"12A":{"t":"C68A"},"133":{"desc":"H4E"},"135":{"t":"P210"},"138":{"t":"B407"},"13B":{"desc":"L1P"},"13E":{"t":"GLID"},"14C":{"t":"C172"},"14E":{"t":"B06"},"150":{"t":"SR22"},"152":{"desc":"H4E"},"153":{"t":"B350"},"155":{"t":"C650"},"156":{"t":"H25B"},"157":{"t":"C172"},"159":{"desc":"L1P"},"15D":{"t":"A119"},"160":{"t":"CRJ2"},"164":{"t":"C172"},"165":{"desc":"L1P"},"169":{"desc":"L1P"},"16C":{"t":"PAY3"},"16F":{"t":"DA40"},"170":{"t":"GLF5"},"174":{"t":"SR22"},"175":{"desc":"L1P"},"17D":{"t":"R44"},"196":{"desc":"L1P"},"197":{"desc":"H4E"},"1A0":{"desc":"L1P"},"1AF":{"t":"LJ35"},"1B0":{"desc":"H4E"},"1BC":{"t":"B737"},"1C1":{"t":"SR22"},"1CB":{"t":"GLF4"},"1DC":{"desc":"L1E"},"1F7":{"desc":"L1E"},"1FA":{"t":"GLID"},"201":{"desc":"H4E"},"216":{"t":"PA34"},"217":{"t":"C72R"},"218":{"t":"C182"},"21C":{"t":"P28A"},"21F":{"t":"C210"},"221":{"t":"PA24"},"224":{"t":"BE35"},"228":{"t":"P28B"},"229":{"t":"C210"},"22C":{"t":"C152"},"22D":{"t":"SHIP"},"22F":{"desc":"L2J"},"231":{"t":"C152"},"234":{"t":"ULAC"},"237":{"t":"C140"},"23B":{"t":"AR11"},"23F":{"t":"P28A"},"240":{"t":"S108"},"241":{"t":"AA1"},"242":{"t":"C182"},"243":{"t":"P28R"},"244":{"t":"ULAC"},"247":{"t":"BE33"},"248":{"t":"PA38"},"249":{"t":"C150"},"24A":{"t":"ULAC"},"250":{"desc":"L1P","t":"ULAC"},"252":{"t":"C152"},"254":{"desc":"H1T","t":"UH12"},"255":{"t":"UH12"},"256":{"t":"UH12"},"25A":{"desc":"H4E"},"25B":{"t":"C208"},"25C":{"t":"P32T"},"25E":{"t":"C172"},"260":{"t":"C206"},"261":{"t":"C172"},"262":{"t":"P28A"},"265":{"t":"C210"},"266":{"t":"C185"},"267":{"t":"PA24"},"26A":{"desc":"L1P","t":"ULAC"},"26C":{"t":"C150"},"26D":{"t":"M20P"},"26E":{"t":"P28B"},"274":{"desc":"L1P"},"276":{"desc":"L1P"},"278":{"t":"ULAC"},"279":{"t":"C182"},"27A":{"t":"C152"},"27B":{"t":"C182"},"27E":{"t":"C175"},"27F":{"t":"C180"},"281":{"t":"AR11"},"285":{"t":"P28A"},"289":{"t":"P28R"},"28A":{"t":"PA24"},"28E":{"t":"C210"},"290":{"t":"M20P"},"291":{"t":"P28B"},"292":{"t":"C182"},"294":{"t":"C172"},"296":{"t":"C182"},"297":{"t":"C152"},"299":{"t":"ULAC"},"29A":{"t":"ULAC"},"29B":{"t":"C182"},"29C":{"t":"C182"},"29D":{"t":"C182"},"29E":{"t":"C182"},"2A0":{"t":"C140"},"2A1":{"t":"C208"},"2A2":{"t":"P28A"},"2A3":{"t":"PA18"},"2A4":{"t":"AR11"},"2A5":{"t":"C208"},"2A8":{"desc":"H4E"},"2AD":{"t":"PA24"},"2B0":{"desc":"L1P"},"2B5":{"t":"C182"},"2BB":{"t":"ULAC"},"2BC":{"t":"C182"},"2BD":{"t":"ULAC"},"2C0":{"desc":"L1P"},"2C1":{"t":"C182"},"2C2":{"desc":"L1P"},"2C3":{"t":"C140"},"2C7":{"desc":"H4E"},"2CD":{"t":"AA1"},"2CF":{"t":"P28R"},"2D2":{"desc":"A1P"},"2D3":{"t":"BE35"},"2D7":{"desc":"L1P","t":"ULAC"},"2D8":{"t":"C182"},"2DA":{"t":"B25"},"2DB":{"t":"B06"},"2DE":{"t":"C152"},"2E2":{"desc":"A1P","t":"ULAC"},"2E8":{"t":"C180"},"2E9":{"t":"C72R"},"2F0":{"t":"AA1"},"2F1":{"desc":"A1P"},"2F4":{"desc":"H4E"},"2F6":{"t":"BE35"},"2F7":{"t":"B350"},"2F8":{"t":"C150"},"2F9":{"t":"M20P"},"2FA":{"t":"P28B"},"2FB":{"t":"C182"},"2FC":{"t":"BE35"},"2FD":{"t":"B25"},"307":{"t":"C152"},"30C":{"t":"C72R"},"30D":{"t":"AR11"},"315":{"t":"P28R"},"316":{"t":"PA24"},"319":{"t":"BE33"},"31A":{"t":"C82S"},"31B":{"t":"C150"},"31D":{"t":"P28B"},"31E":{"t":"C210"},"31F":{"t":"BE35"},"321":{"t":"C152"},"322":{"desc":"L1P","t":"ULAC"},"323":{"desc":"L1P","t":"ULAC"},"324":{"t":"C152"},"327":{"t":"J3"},"328":{"t":"C152"},"329":{"t":"CH7A"},"334":{"t":"P28A"},"337":{"desc":"L1P","t":"ULAC"},"338":{"t":"P28R"},"339":{"t":"PA24"},"33D":{"t":"C210"},"341":{"t":"C210"},"344":{"t":"CH7A"},"348":{"t":"C152"},"349":{"t":"C152"},"34A":{"desc":"L1P","t":"ULAC"},"34B":{"t":"C182"},"34C":{"t":"C182"},"34D":{"t":"C152"},"34E":{"desc":"L1P"},"350":{"t":"C175"},"351":{"t":"C172"},"35A":{"t":"C206"},"35B":{"t":"P28R"},"35C":{"t":"PA24"},"35D":{"t":"BE33"},"360":{"t":"PA38"},"362":{"t":"BALL"},"365":{"t":"BE35"},"369":{"t":"C182"},"36D":{"t":"C182"},"36E":{"t":"J3"},"36F":{"t":"C182"},"370":{"t":"C182"},"372":{"t":"PA22"},"373":{"desc":"H8E"},"375":{"t":"C152"},"378":{"t":"PA18"},"379":{"desc":"L1P"},"37C":{"desc":"L2J","t":"B39M"},"37E":{"t":"BE9L"},"37F":{"t":"B738"},"380":{"t":"ULAC"},"383":{"t":"C337"},"384":{"t":"B712"},"386":{"t":"A320"},"38B":{"t":"BE95"},"38C":{"t":"GALX"},"38F":{"desc":"L1P"},"391":{"t":"ERCO"},"393":{"desc":"L1P"},"399":{"t":"R44"},"39F":{"desc":"L1P"},"3A0":{"t":"B06"},"3A5":{"t":"C82S"},"3A8":{"t":"SR22"},"3A9":{"t":"BE20"},"3AA":{"t":"BALL"},"3AB":{"t":"BE30"},"3AC":{"t":"C172"},"3B2":{"t":"C182"},"3B8":{"desc":"L1P"},"3BE":{"t":"DV20"},"3BF":{"t":"ULAC"},"3C7":{"t":"CH7A"},"3CB":{"t":"PA46"},"3CE":{"t":"DA40"},"3D2":{"desc":"L1P"},"3D5":{"t":"B739"},"3D6":{"desc":"L1P"},"3DA":{"t":"C208"},"3E2":{"desc":"H4E"},"3E4":{"t":"ULAC"},"3F3":{"t":"B752"},"3F4":{"t":"C208"},"412":{"desc":"L1P"},"416":{"t":"ULAC"},"419":{"desc":"L1P"},"421":{"t":"CH7A"},"423":{"desc":"L1P"},"424":{"t":"ASTR"},"431":{"t":"BE60"},"43D":{"desc":"L1P","t":"ULAC"},"443":{"t":"PC12"},"445":{"t":"A321"},"448":{"desc":"A1P"},"44B":{"t":"ULAC"},"44C":{"t":"GLID"},"459":{"t":"PA18"},"46C":{"t":"DA40"},"46F":{"t":"PRM1"},"474":{"desc":"H6E"},"47C":{"t":"CRJ9"},"485":{"t":"B06"},"487":{"desc":"L1P"},"491":{"t":"F2TH"},"496":{"t":"CH7A"},"497":{"desc":"H2T"},"49F":{"t":"GLF2"},"4A8":{"desc":"L2J","t":"A20N"},"4AB":{"t":"B738"},"4B7":{"t":"ERCO"},"4BB":{"t":"J3"},"4BF":{"desc":"H1T","t":"S92"},"4C1":{"t":"C172"},"4C3":{"desc":"L1P"},"4C7":{"desc":"L1P"},"4C9":{"desc":"L1P"},"4D1":{"desc":"H8E"},"4E1":{"t":"C68A"},"4EB":{"t":"PC12"},"4F1":{"t":"AC11"},"4F5":{"t":"LJ45"},"508":{"t":"C152"},"50A":{"desc":"L1P"},"50E":{"t":"C172"},"514":{"t":"A119"},"517":{"t":"CRJ2"},"518":{"desc":"H4E"},"51B":{"t":"BE33"},"51E":{"t":"E550"},"520":{"desc":"L1P"},"52C":{"t":"C560"},"530":{"t":"TAYB"},"531":{"t":"C750"},"535":{"desc":"H4E"},"545":{"t":"DA40"},"55E":{"desc":"L1P"},"566":{"desc":"L1P"},"570":{"desc":"H6E"},"573":{"t":"B737"},"578":{"t":"H25B"},"5C3":{"t":"H60"},"5CC":{"t":"C175"},"5CD":{"t":"H60"},"5CE":{"t":"PA18"},"5CF":{"t":"AR11"},"5D3":{"t":"P28A"},"5DB":{"t":"BE33"},"5DC":{"t":"H500"},"5DD":{"t":"C150"},"5DE":{"t":"M20P"},"5E4":{"t":"ERCO"},"5E6":{"t":"ERCO"},"5E7":{"t":"ERCO"},"5E9":{"t":"ERCO"},"5EB":{"t":"C182"},"5EC":{"t":"C152"},"5F0":{"t":"P28A"},"5F1":{"t":"C72R"},"5F4":{"t":"C206"},"5F6":{"t":"P28A"},"5F7":{"desc":"L1P"},"5F8":{"t":"AA1"},"5F9":{"t":"C210"},"5FA":{"t":"P28R"},"5FB":{"t":"PA18"},"5FC":{"t":"BE35"},"5FD":{"t":"C206"},"5FE":{"t":"BE35"},"601":{"t":"M20P"},"605":{"t":"C206"},"608":{"t":"ULAC"},"60E":{"t":"C172"},"60F":{"t":"C182"},"612":{"t":"C175"},"613":{"t":"C180"},"614":{"t":"PA18"},"61B":{"t":"AA1"},"61D":{"t":"P28R"},"61F":{"t":"BE36"},"62A":{"t":"ERCO"},"62C":{"t":"C182"},"62E":{"t":"ERCO"},"62F":{"t":"C152"},"635":{"t":"C175"},"636":{"t":"C180"},"637":{"t":"C72R"},"63B":{"t":"BE17"},"63D":{"t":"P28A"},"63E":{"t":"C172"},"642":{"t":"BE35"},"645":{"t":"C210"},"646":{"t":"C150"},"647":{"t":"M20P"},"648":{"t":"P28B"},"64D":{"t":"C172"},"64F":{"t":"ERCO"},"650":{"t":"ERCO"},"651":{"t":"ERCO"},"652":{"t":"ERCO"},"654":{"t":"ERCO"},"655":{"t":"ERCO"},"659":{"t":"C180"},"65A":{"t":"PA18"},"65E":{"t":"C185"},"661":{"t":"AA1"},"662":{"t":"C210"},"663":{"t":"P28R"},"665":{"t":"BE33"},"668":{"t":"C210"},"66B":{"t":"P28B"},"66D":{"t":"BE33"},"670":{"desc":"L1P"},"672":{"t":"C182"},"674":{"t":"C182"},"676":{"desc":"L1P","t":"ULAC"},"677":{"t":"ERCO"},"67A":{"t":"C140"},"67B":{"t":"C175"},"67C":{"t":"C180"},"67D":{"t":"C72R"},"680":{"t":"C206"},"682":{"t":"P28A"},"685":{"desc":"L1P","t":"ULAC"},"686":{"t":"P28R"},"687":{"t":"PA24"},"688":{"t":"BE35"},"693":{"t":"C182"},"694":{"t":"C152"},"696":{"t":"ERCO"},"697":{"t":"C152"},"698":{"t":"ERCO"},"699":{"t":"ULAC"},"69B":{"t":"C152"},"69D":{"t":"C140"},"69F":{"t":"C180"},"6A0":{"t":"PA18"},"6A1":{"t":"C172"},"6A4":{"t":"BE17"},"6A5":{"t":"P28A"},"6A6":{"t":"P28R"},"6A7":{"t":"AA1"},"6A9":{"t":"P28R"},"6AA":{"t":"PA18"},"6AB":{"t":"BE58"},"6B1":{"t":"P28B"},"6B2":{"t":"C172"},"6B5":{"t":"C182"},"6B6":{"t":"C152"},"6B9":{"t":"ERCO"},"6BC":{"t":"ERCO"},"6BD":{"t":"ULAC"},"6BE":{"t":"C182"},"6BF":{"t":"M20P"},"6C0":{"t":"C140"},"6C2":{"t":"P28A"},"6C3":{"desc":"L1P"},"6C4":{"t":"AR11"},"6C9":{"t":"S108"},"6CA":{"t":"AA1"},"6CB":{"t":"C182"},"6CD":{"t":"PA24"},"6CE":{"t":"BE58"},"6D0":{"t":"BE35"},"6D4":{"t":"P28B"},"6D8":{"t":"ERCO"},"6D9":{"t":"C182"},"6DA":{"t":"C182"},"6DB":{"t":"C182"},"6DD":{"t":"ERCO"},"6DE":{"t":"ERCO"},"6DF":{"t":"ERCO"},"6E4":{"t":"C175"},"6E5":{"t":"C180"},"6E6":{"t":"C72R"},"6E8":{"t":"H269"},"6EA":{"t":"C172"},"6EB":{"t":"P28A"},"6ED":{"t":"AA1"},"6F0":{"t":"PA24"},"6F1":{"t":"BE36"},"6F4":{"t":"C210"},"6F8":{"t":"C210"},"6FD":{"t":"C172"},"6FF":{"t":"C152"},"703":{"t":"C152"},"704":{"t":"ULAC"},"706":{"t":"C140"},"707":{"t":"C208"},"708":{"t":"C310"},"709":{"t":"PA18"},"70A":{"t":"C172"},"70C":{"t":"C206"},"70D":{"t":"C172"},"70E":{"t":"P28A"},"710":{"t":"AA1"},"713":{"desc":"L1P","t":"ULAC"},"715":{"desc":"L1P"},"718":{"t":"C150"},"71B":{"t":"C210"},"71D":{"t":"C182"},"71F":{"t":"C182"},"720":{"t":"ERCO"},"723":{"t":"ERCO"},"725":{"t":"ERCO"},"726":{"t":"C182"},"733":{"desc":"L2J","t":"B39M"},"735":{"t":"BE9L"},"736":{"t":"B738"},"739":{"t":"CH7A"},"73B":{"t":"B712"},"741":{"desc":"L2T"},"743":{"t":"B788"},"74A":{"t":"C82S"},"74E":{"desc":"H4E"},"757":{"desc":"L1P"},"758":{"desc":"L1P"},"75D":{"desc":"L1P"},"75F":{"t":"SR22"},"763":{"desc":"H2T"},"767":{"t":"BE33"},"769":{"t":"C182"},"775":{"t":"DV20"},"776":{"t":"BALL"},"784":{"desc":"L1P","t":"ULAC"},"78C":{"t":"B739"},"798":{"t":"C750"},"799":{"desc":"H4E"},"79F":{"t":"C206"},"7AA":{"t":"B752"},"7AB":{"t":"C208"},"7B6":{"t":"A319"},"7BB":{"desc":"H4E"},"7C0":{"t":"GLF5"},"7C1":{"t":"BE60"},"7DA":{"desc":"L1P"},"7DB":{"t":"C525"},"7DF":{"desc":"A1P"},"7E3":{"desc":"L1P"},"7ED":{"desc":"H4E"},"7F1":{"desc":"L1P"},"7F3":{"t":"A321"},"802":{"t":"C750"},"806":{"desc":"H4E"},"807":{"t":"E145"},"80B":{"t":"SR20"},"80D":{"t":"CH7A"},"823":{"t":"DA40"},"827":{"desc":"L1P","t":"ULAC"},"82B":{"t":"B407"},"82F":{"t":"AC90"},"832":{"desc":"L1P"},"833":{"t":"CRJ9"},"83C":{"t":"PA30"},"83F":{"desc":"H1P"},"840":{"t":"B407"},"844":{"t":"ULAC"},"84C":{"t":"L8"},"84E":{"t":"BE35"},"85F":{"desc":"L2J","t":"A20N"},"862":{"t":"B738"},"87A":{"desc":"H6E"},"887":{"t":"BE33"},"895":{"desc":"H6E"},"898":{"t":"C68A"},"8A2":{"desc":"L1P"},"8AA":{"desc":"L1T"},"8B4":{"desc":"L1P"},"8B5":{"desc":"L1P"},"8BF":{"t":"C152"},"8C1":{"t":"NAVI"},"8C3":{"desc":"H4E"},"8CB":{"t":"A119"},"8CE":{"t":"CRJ2"},"8D2":{"t":"BE35"},"8D7":{"desc":"L1P"},"8DA":{"t":"SR22"},"8E4":{"desc":"L1P"},"8F4":{"desc":"H4E"},"8FC":{"t":"DA40"},"900":{"t":"E190"},"90F":{"desc":"H8E"},"91E":{"t":"TBM7"},"924":{"desc":"H4E"},"928":{"t":"ULAC"},"92A":{"t":"B737"},"92F":{"t":"RV12"},"946":{"desc":"H4E"},"956":{"desc":"H4E"},"968":{"desc":"L1P"},"984":{"t":"C180"},"985":{"t":"PA18"},"988":{"t":"C206"},"989":{"t":"BE17"},"98B":{"t":"S108"},"98D":{"t":"C210"},"990":{"t":"BE35"},"996":{"t":"P28B"},"997":{"t":"C210"},"99F":{"t":"ULAC"},"9A1":{"t":"ERCO"},"9A3":{"t":"C182"},"9A5":{"t":"C140"},"9A6":{"t":"C208"},"9A7":{"t":"P28R"},"9A8":{"t":"PA18"},"9A9":{"t":"AR11"},"9AE":{"t":"S108"},"9B1":{"t":"C185"},"9B2":{"t":"PA24"},"9B7":{"t":"C150"},"9B8":{"t":"M20P"},"9B9":{"t":"P28B"},"9BA":{"t":"C210"},"9BB":{"t":"BE35"},"9BF":{"t":"ERCO"},"9C0":{"t":"C182"},"9C1":{"t":"C152"},"9C2":{"t":"ERCO"},"9C3":{"t":"ERCO"},"9C5":{"t":"ULAC"},"9CA":{"t":"P28S"},"9CC":{"t":"C182"},"9CD":{"t":"C182"},"9CE":{"desc":"H4E"},"9CF":{"t":"C172"},"9D0":{"t":"P28A"},"9D2":{"t":"AA1"},"9D3":{"t":"T210"},"9D4":{"t":"C185"},"9D9":{"t":"C210"},"9DC":{"t":"P28B"},"9DE":{"t":"BE35"},"9E0":{"t":"B47G"},"9E2":{"t":"ULAC"},"9E3":{"desc":"L1P","t":"ULAC"},"9E5":{"t":"ULAC"},"9E9":{"t":"ERCO"},"9EC":{"t":"C175"},"9ED":{"t":"C180"},"9EE":{"t":"PA18"},"9F1":{"desc":"H4E"},"9F3":{"t":"P28A"},"9F4":{"t":"S108"},"9F6":{"t":"C210"},"9F8":{"t":"PA24"},"9F9":{"t":"BE36"},"9FA":{"desc":"L1P"},"9FB":{"desc":"L1P"},"9FC":{"t":"ULAC"},"9FE":{"t":"M20P"},"9FF":{"t":"P28B"},"A01":{"desc":"L1P","t":"ULAC"},"A02":{"t":"C182"},"A05":{"t":"ERCO"},"A07":{"t":"ULAC"},"A08":{"t":"UH12"},"A0F":{"t":"C72R"},"A10":{"t":"C180"},"A13":{"t":"ULAC"},"A14":{"desc":"H4E"},"A15":{"t":"FA62"},"A16":{"t":"P28A"},"A1A":{"t":"P28R"},"A1F":{"t":"C210"},"A20":{"t":"C150"},"A21":{"t":"M20P"},"A22":{"t":"P28B"},"A23":{"t":"C210"},"A24":{"t":"BE35"},"A26":{"t":"ERCO"},"A28":{"t":"ERCO"},"A2C":{"t":"ERCO"},"A2E":{"t":"ERCO"},"A33":{"t":"C180"},"A34":{"t":"PA18"},"A35":{"t":"C172"},"A36":{"t":"C182"},"A37":{"t":"ULAC"},"A3A":{"t":"S108"},"A3C":{"t":"C207"},"A3E":{"t":"PA24"},"A40":{"t":"T206"},"A41":{"t":"BE33"},"A42":{"t":"PA38"},"A43":{"t":"C150"},"A44":{"t":"ULAC"},"A45":{"t":"P28B"},"A47":{"t":"BE33"},"A4A":{"t":"C182"},"A4C":{"t":"C182"},"A4D":{"t":"ULAC"},"A4F":{"t":"ULAC"},"A50":{"t":"C182"},"A54":{"t":"C140"},"A55":{"t":"C175"},"A56":{"t":"C303"},"A58":{"t":"AR11"},"A59":{"t":"C182"},"A5A":{"desc":"H4E"},"A5B":{"t":"C172"},"A5C":{"t":"P28A"},"A5E":{"t":"AA1"},"A60":{"t":"P28R"},"A61":{"t":"PA24"},"A62":{"t":"ULAC"},"A64":{"t":"BE33"},"A65":{"t":"C210"},"A66":{"t":"C150"},"A69":{"t":"C182"},"A6C":{"desc":"L1P"},"A6D":{"t":"ERCO"},"A6E":{"t":"ULAC"},"A71":{"desc":"L1P"},"A73":{"t":"ERCO"},"A74":{"t":"C152"},"A77":{"t":"C140"},"A78":{"t":"C175"},"A7A":{"t":"PA18"},"A7D":{"desc":"H4E"},"A7F":{"t":"P28A"},"A80":{"t":"S108"},"A81":{"t":"C172"},"A89":{"t":"C150"},"A8A":{"t":"M20P"},"A8B":{"t":"P28B"},"A8D":{"t":"ULAC"},"A90":{"t":"ULAC"},"A91":{"t":"C182"},"A95":{"t":"ERCO"},"A98":{"desc":"L1P"},"A9E":{"t":"C172"},"AA0":{"t":"C182"},"AA1":{"t":"ST75"},"AA2":{"t":"ULAC"},"AA3":{"t":"S108"},"AA4":{"t":"AA1"},"AA6":{"t":"P28R"},"AA8":{"t":"BE55"},"AA9":{"desc":"H4E"},"AAA":{"t":"BE35"},"AAB":{"t":"C210"},"AAE":{"t":"P28B"},"AB2":{"desc":"L1P"},"AB3":{"t":"ULAC"},"AB4":{"desc":"L1P"},"AB7":{"t":"ERCO"},"ABA":{"t":"ERCO"},"ABC":{"desc":"L1P"},"ABE":{"t":"C208"},"AC0":{"t":"PA18"},"AC3":{"t":"T206"},"ACB":{"t":"BE33"},"ACD":{"t":"BE33"},"ACE":{"t":"PA38"},"AD1":{"t":"P28B"},"AD3":{"t":"BE35"},"AD5":{"t":"C152"},"AD6":{"desc":"L1P"},"AD9":{"t":"C182"},"ADD":{"desc":"L1P"},"AE0":{"t":"PA22"},"AE3":{"t":"A332"},"AE7":{"desc":"H4E"},"AEA":{"desc":"L2J","t":"B39M"},"AEC":{"t":"BE9L"},"AED":{"t":"B738"},"AF2":{"t":"B712"},"AF4":{"t":"A320"},"AF9":{"t":"GLID"},"B00":{"t":"GLID"},"B13":{"t":"C82S"},"B14":{"t":"T206"},"B16":{"t":"SR22"},"B17":{"t":"BE20"},"B19":{"desc":"H4E"},"B1A":{"desc":"H2T"},"B20":{"t":"C182"},"B2C":{"t":"DV20"},"B2D":{"t":"PA22"},"B31":{"desc":"L1P"},"B43":{"t":"B739"},"B45":{"t":"SR22"},"B46":{"t":"H60"},"B5F":{"t":"PA34"},"B61":{"t":"B752"},"B64":{"desc":"H4E"},"B6D":{"t":"A319"},"B6E":{"desc":"L1P","t":"ULAC"},"B76":{"desc":"L1T"},"B7D":{"desc":"H4E"},"B8F":{"t":"B212"},"B91":{"t":"BE10"},"B92":{"t":"SR22"},"B94":{"desc":"H4E"},"B95":{"t":"C25C"},"BA9":{"desc":"L1P"},"BAA":{"t":"A321"},"BAF":{"desc":"H4E"},"BBA":{"desc":"L1P"},"BBE":{"t":"E145"},"BCE":{"t":"R66"},"BDA":{"t":"DA40"},"BE6":{"desc":"H4E"},"BEA":{"t":"CRJ9"},"C03":{"t":"PC12"},"C05":{"t":"PA31"},"C16":{"desc":"L2J","t":"A20N"},"C19":{"t":"B738"},"C25":{"desc":"L1P"},"C26":{"t":"DV20"},"C3A":{"desc":"L1P","t":"LA4"},"C4F":{"t":"C68A"},"C57":{"t":"C77R"},"C5B":{"desc":"H6E"},"C63":{"t":"C25B"},"C6B":{"desc":"L1P"},"C71":{"desc":"L1P","t":"TB0"},"C7C":{"t":"C72R"},"C80":{"t":"SR22"},"C81":{"desc":"H4E"},"C82":{"t":"A119"},"C89":{"t":"BE95"},"C9A":{"desc":"H4E"},"C9E":{"t":"MD83"},"C9F":{"t":"C750"},"CB3":{"desc":"H4E"},"CCC":{"desc":"H4E"},"CD4":{"desc":"L1P"},"CD8":{"desc":"L1P"},"CDF":{"t":"R44"},"CE1":{"t":"B737"},"CE5":{"desc":"H4E"},"CED":{"desc":"L1P"},"CF3":{"desc":"H4E"},"D06":{"desc":"A2P"},"D38":{"desc":"L1P"},"D3A":{"t":"C175"},"D3B":{"t":"P28A"},"D3C":{"t":"C72R"},"D3D":{"t":"C172"},"D40":{"t":"C172"},"D41":{"t":"P28A"},"D42":{"t":"PA34"},"D45":{"t":"P28R"},"D46":{"t":"PA24"},"D47":{"t":"BE33"},"D48":{"t":"C82T"},"D49":{"t":"BE33"},"D4B":{"t":"C150"},"D4D":{"desc":"L1P"},"D51":{"t":"C182"},"D55":{"t":"ERCO"},"D56":{"t":"ERCO"},"D57":{"desc":"L1P"},"D58":{"t":"ERCO"},"D5A":{"t":"ERCO"},"D5B":{"desc":"L1P"},"D5C":{"t":"C140"},"D5D":{"t":"C175"},"D5E":{"t":"C180"},"D5F":{"t":"C72R"},"D60":{"t":"AR11"},"D61":{"t":"C208"},"D64":{"t":"P28A"},"D65":{"t":"P28A"},"D68":{"t":"P28R"},"D69":{"t":"PA24"},"D6A":{"t":"BE33"},"D6C":{"t":"BE33"},"D6D":{"t":"T206"},"D6E":{"t":"C150"},"D6F":{"t":"M20P"},"D70":{"t":"P28B"},"D71":{"t":"C210"},"D72":{"t":"BE35"},"D74":{"t":"C182"},"D76":{"t":"C182"},"D78":{"t":"M20P"},"D79":{"t":"ERCO"},"D7D":{"t":"ERCO"},"D7F":{"t":"C140"},"D80":{"t":"H60"},"D81":{"t":"P28A"},"D82":{"t":"PA18"},"D83":{"t":"AR11"},"D88":{"t":"S108"},"D8A":{"desc":"L1P"},"D8C":{"t":"PA24"},"D8D":{"t":"BE36"},"D8E":{"t":"C188"},"D90":{"t":"PA38"},"D91":{"t":"C150"},"D93":{"t":"P28B"},"D96":{"t":"C172"},"D98":{"t":"ERCO"},"D99":{"t":"C152"},"D9A":{"t":"C182"},"D9C":{"t":"C182"},"D9F":{"t":"ERCO"},"DA0":{"t":"ERCO"},"DA1":{"t":"S76"},"DA2":{"desc":"L1P"},"DA4":{"t":"P28A"},"DA6":{"t":"AR11"},"DA9":{"t":"C182"},"DAB":{"t":"S108"},"DB1":{"desc":"H4E"},"DB2":{"t":"BE33"},"DB3":{"t":"PA38"},"DB5":{"t":"M20P"},"DB6":{"t":"P28B"},"DB8":{"t":"T210"},"DBD":{"t":"ERCO"},"DC4":{"desc":"L1P"},"DC5":{"t":"C140"},"DC7":{"t":"C180"},"DCA":{"t":"H269"},"DCC":{"t":"C172"},"DCE":{"t":"P28A"},"DCF":{"t":"AA1"},"DD1":{"t":"P28R"},"DD2":{"t":"PA24"},"DD8":{"t":"M20P"},"DDA":{"t":"C182"},"DDB":{"t":"BE35"},"DDE":{"desc":"L1P"},"DDF":{"desc":"L1P"},"DE1":{"desc":"L1P"},"DE2":{"desc":"L1P"},"DE5":{"desc":"L1P"},"DE6":{"t":"ERCO"},"DE7":{"desc":"L1P"},"DE8":{"t":"C140"},"DE9":{"t":"C175"},"DEC":{"t":"AR11"},"DED":{"t":"H269"},"DF0":{"t":"P28A"},"DF1":{"desc":"L1P"},"DF2":{"t":"AA1"},"DF5":{"t":"PA24"},"DF7":{"t":"C188"},"DF9":{"desc":"H6E"},"DFB":{"t":"M20P"},"DFD":{"t":"C210"},"DFF":{"t":"C172"},"E03":{"t":"C182"},"E04":{"t":"C182"},"E05":{"desc":"L1P"},"E06":{"t":"ERCO"},"E07":{"desc":"L1P"},"E09":{"desc":"L1P"},"E0B":{"t":"C140"},"E0C":{"t":"C72R"},"E0D":{"t":"P28A"},"E11":{"t":"C206"},"E12":{"t":"C182"},"E13":{"t":"P28A"},"E14":{"t":"P28A"},"E16":{"t":"C210"},"E17":{"t":"P28R"},"E19":{"desc":"L1P"},"E1A":{"t":"C188"},"E1B":{"desc":"L1P","t":"ULAC"},"E20":{"t":"C210"},"E21":{"t":"BE55"},"E23":{"t":"ERCO"},"E25":{"t":"C82S"},"E28":{"desc":"L1P"},"E2A":{"desc":"L1P"},"E2B":{"t":"ERCO"},"E2E":{"t":"C140"},"E2F":{"t":"C175"},"E35":{"desc":"H8E"},"E36":{"t":"P28A"},"E37":{"t":"P28A"},"E3C":{"t":"BE35"},"E3D":{"t":"C82R"},"E3E":{"t":"BE35"},"E40":{"t":"C150"},"E42":{"t":"P28B"},"E44":{"t":"BE55"},"E48":{"t":"C182"},"E4A":{"t":"ERCO"},"E4E":{"t":"C152"},"E51":{"t":"C140"},"E53":{"t":"C303"},"E54":{"t":"PA18"},"E55":{"t":"BE36"},"E57":{"t":"C172"},"E59":{"t":"P28A"},"E5C":{"t":"C182"},"E5D":{"t":"P28R"},"E5E":{"t":"PA24"},"E63":{"t":"C150"},"E64":{"t":"M20P"},"E6A":{"desc":"L1P"},"E6C":{"desc":"L1P"},"E6F":{"desc":"L1P"},"E70":{"desc":"L1P"},"E71":{"desc":"L1P"},"E72":{"desc":"L1P"},"E74":{"t":"C140"},"E79":{"t":"H269"},"E7C":{"t":"P28A"},"E7E":{"t":"AA1"},"E84":{"t":"BE55"},"E85":{"t":"C210"},"E86":{"t":"C150"},"E87":{"t":"M20P"},"E8B":{"t":"C206"},"E8C":{"desc":"L1P"},"E8D":{"t":"C152"},"E90":{"desc":"L1P"},"E93":{"t":"C182"},"E94":{"desc":"L1P"},"E95":{"desc":"L1P"},"E97":{"t":"SR22"},"E98":{"desc":"L1P"},"E99":{"desc":"H6E"},"E9A":{"t":"S22T"},"EA1":{"desc":"L2J","t":"B39M"},"EA4":{"t":"B738"},"EA7":{"desc":"L1P"},"EA9":{"t":"B712"},"EB0":{"t":"BE35"},"EB7":{"t":"BE36"},"EB8":{"t":"S22T"},"EBC":{"t":"HUSK"},"EBE":{"desc":"L1P"},"EC4":{"desc":"L1P"},"EC5":{"t":"BE20"},"EC8":{"desc":"L1T"},"ECA":{"t":"P212"},"ECC":{"t":"WW24"},"ECD":{"t":"C172"},"ECF":{"t":"BE20"},"ED1":{"desc":"H2T"},"ED7":{"t":"C182"},"EDB":{"desc":"L1P","t":"ULAC"},"EE2":{"t":"S108"},"EE3":{"t":"BE36"},"EE4":{"desc":"L1P"},"EE5":{"desc":"L1P"},"EE7":{"t":"BE35"},"EEA":{"desc":"H8E"},"EEE":{"t":"ULAC"},"EFA":{"t":"B739"},"F10":{"desc":"L1P"},"F12":{"desc":"H8E"},"F14":{"t":"C208"},"F18":{"t":"B752"},"F1A":{"t":"GLF5"},"F1B":{"desc":"H4E"},"F24":{"t":"A319"},"F25":{"desc":"L1P"},"F2D":{"t":"P28A"},"F34":{"desc":"L1P"},"F39":{"t":"GLF5"},"F3B":{"t":"GLEX"},"F46":{"t":"WACO"},"F60":{"t":"H25B"},"F61":{"t":"C510"},"F6B":{"desc":"L1P"},"F6F":{"t":"B350"},"F70":{"desc":"A1P"},"F71":{"t":"A321"},"F74":{"desc":"L1P"},"F75":{"t":"E145"},"F76":{"desc":"L1P"},"F78":{"desc":"L2T"},"F7B":{"t":"DA40"},"F7D":{"desc":"H1P"},"F83":{"t":"SR22"},"F84":{"t":"S22T"},"F9C":{"t":"C25B"},"FA3":{"desc":"L1P"},"FAA":{"desc":"L1P"},"FAB":{"t":"BE20"},"FAD":{"t":"CL60"},"FAE":{"t":"T210"},"FB3":{"desc":"L1P"},"FBF":{"t":"BL8"},"FCD":{"desc":"L2J","t":"A20N"},"FD0":{"t":"B738"},"FDC":{"t":"PA24"},"FE4":{"desc":"H1T","t":"S92"},"FE6":{"desc":"L1P"},"FE8":{"desc":"L1T"},"FF1":{"desc":"L2P"},"FFC":{"desc":"L1P"}}