{"006":{"t":"C68A"},"00E":{"t":"C310"},"012":{"t":"S22T"},"013":{"t":"BE20"},"019":{"t":"T206"},"01E":{"desc":"L2P"},"01F":{"desc":"L1P"},"022":{"desc":"L1P"},"027":{"desc":"L1T"},"028":{"t":"C650"},"02D":{"t":"C210"},"030":{"t":"CRJ2"},"033":{"t":"C72R"},"035":{"t":"C172"},"039":{"t":"A119"},"045":{"desc":"L1P"},"046":{"desc":"L1P"},"048":{"desc":"A1P"},"051":{"desc":"L1P"},"052":{"t":"PTS2"},"054":{"desc":"H4E"},"055":{"desc":"H4E"},"056":{"desc":"A1P"},"05A":{"desc":"L1P"},"06F":{"desc":"L1P","t":"ULAC"},"081":{"desc":"L1P"},"087":{"t":"C182"},"08B":{"desc":"L1P"},"08C":{"t":"PA31"},"08D":{"t":"SR22"},"08E":{"desc":"L1P"},"092":{"desc":"L1P"},"098":{"t":"B737"},"09B":{"desc":"L1P"},"09E":{"desc":"H6E"},"0A4":{"t":"G164"},"0A5":{"desc":"H6E"},"0BD":{"desc":"L1P"},"0C4":{"desc":"H6E"},"0D6":{"desc":"L1P"},"0D7":{"desc":"L1P"},"0DB":{"desc":"H6E"},"0F2":{"t":"C180"},"0F4":{"t":"AR11"},"0F7":{"t":"C172"},"0FD":{"t":"PA24"},"105":{"t":"C182"},"109":{"t":"C172"},"10B":{"t":"TAYB"},"10F":{"t":"TAYB"},"110":{"t":"C182"},"113":{"t":"C140"},"114":{"t":"C175"},"115":{"t":"C180"},"116":{"t":"C82S"},"11A":{"t":"ST75"},"11B":{"t":"P28A"},"11D":{"t":"AA1"},"11F":{"t":"P28R"},"120":{"t":"PA24"},"121":{"t":"BE36"},"125":{"t":"C82S"},"127":{"t":"P28B"},"12C":{"t":"TAYB"},"12F":{"t":"TAYB"},"131":{"t":"C182"},"133":{"t":"C182"},"134":{"t":"TAYB"},"137":{"t":"C175"},"13B":{"t":"H269"},"13D":{"t":"C172"},"142":{"t":"P28R"},"143":{"desc":"H6E"},"146":{"t":"BE35"},"149":{"t":"M20P"},"14A":{"t":"P28B"},"14E":{"t":"TAYB"},"14F":{"t":"TAYB"},"152":{"t":"GLF5"},"153":{"t":"TAYB"},"156":{"t":"TAYB"},"159":{"t":"C140"},"15A":{"t":"C175"},"15B":{"t":"C180"},"15C":{"t":"PA18"},"15D":{"t":"AR11"},"161":{"t":"P28A"},"162":{"t":"S108"},"165":{"t":"P28R"},"166":{"t":"PA24"},"169":{"t":"BE33"},"16A":{"t":"C210"},"16E":{"t":"C182"},"170":{"t":"T206"},"174":{"t":"TAYB"},"178":{"t":"C182"},"179":{"t":"C182"},"17B":{"desc":"L1P","t":"ULAC"},"17C":{"t":"C140"},"17E":{"t":"PA32"},"17F":{"t":"PA18"},"182":{"t":"C152"},"184":{"t":"P28A"},"188":{"t":"C185"},"18C":{"t":"BE55"},"18E":{"t":"C150"},"18F":{"t":"M20P"},"190":{"t":"P28B"},"192":{"t":"BE33"},"193":{"desc":"L1P"},"194":{"t":"C182"},"195":{"t":"TAYB"},"198":{"t":"C182"},"19A":{"t":"C182"},"19F":{"desc":"H6E"},"1A0":{"t":"C175"},"1A2":{"t":"C72R"},"1A4":{"t":"T206"},"1A6":{"t":"C172"},"1A8":{"t":"S108"},"1AB":{"t":"P28R"},"1AF":{"t":"BE35"},"1B2":{"t":"M20P"},"1B4":{"t":"C210"},"1B8":{"t":"TAYB"},"1B9":{"t":"TAYB"},"1BA":{"t":"TAYB"},"1BF":{"t":"TAYB"},"1C0":{"t":"C152"},"1C4":{"t":"C180"},"1C5":{"t":"PA18"},"1C9":{"t":"C185"},"1CB":{"t":"S108"},"1CD":{"t":"T210"},"1D1":{"desc":"L1P"},"1D3":{"t":"C210"},"1D5":{"t":"M20P"},"1D6":{"t":"P28B"},"1D7":{"t":"C210"},"1DA":{"t":"TAYB"},"1DB":{"t":"TAYB"},"1DD":{"t":"C152"},"1DE":{"desc":"L1P"},"1E0":{"t":"TAYB"},"1E1":{"t":"TAYB"},"1E2":{"t":"TAYB"},"1E3":{"t":"T206"},"1E9":{"t":"C182"},"1EB":{"desc":"H6E"},"1ED":{"t":"P28A"},"1F0":{"t":"C210"},"1F2":{"t":"PA24"},"1F9":{"t":"P28B"},"1FB":{"t":"BE55"},"201":{"t":"TAYB"},"203":{"t":"TAYB"},"204":{"t":"TAYB"},"205":{"t":"TAYB"},"208":{"t":"C140"},"209":{"t":"C175"},"20C":{"t":"C182"},"20E":{"t":"C188"},"210":{"t":"P28A"},"211":{"t":"P28R"},"212":{"t":"AA5"},"213":{"t":"C210"},"214":{"t":"P28R"},"21B":{"t":"M20P"},"21E":{"t":"T210"},"221":{"t":"C240"},"222":{"t":"TAYB"},"224":{"t":"TAYB"},"226":{"t":"C182"},"22B":{"t":"C140"},"22C":{"desc":"L1P"},"22F":{"t":"AR11"},"231":{"t":"C206"},"232":{"t":"J3"},"233":{"desc":"H4E"},"234":{"t":"S108"},"235":{"t":"AA1"},"237":{"t":"P28R"},"239":{"t":"BE36"},"23D":{"t":"C150"},"23E":{"t":"M20P"},"240":{"t":"C210"},"241":{"t":"T210"},"242":{"t":"C182"},"245":{"t":"C182"},"246":{"t":"C182"},"248":{"t":"TAYB"},"24A":{"t":"TAYB"},"24D":{"t":"CL60"},"24F":{"t":"BE95"},"250":{"t":"AC95"},"251":{"desc":"L1T"},"252":{"t":"UH1"},"253":{"t":"GLF5"},"254":{"t":"C77R"},"255":{"t":"PA46"},"256":{"t":"PA18"},"257":{"t":"BE36"},"259":{"t":"B06"},"25A":{"t":"C180"},"25B":{"t":"C550"},"25C":{"t":"P32R"},"25E":{"desc":"L2P"},"260":{"t":"S22T"},"261":{"t":"BE33"},"263":{"desc":"L1P"},"268":{"t":"BE55"},"26A":{"t":"EC30"},"26B":{"t":"F900"},"26C":{"t":"BE95"},"26D":{"desc":"L1P"},"26F":{"t":"B58T"},"270":{"desc":"L1P"},"272":{"t":"LJ45"},"273":{"t":"DIMO"},"274":{"desc":"L2P"},"275":{"t":"C172"},"277":{"t":"P28A"},"278":{"t":"B350"},"279":{"desc":"L1P"},"27C":{"t":"C180"},"27F":{"t":"BE40"},"285":{"t":"LJ60"},"286":{"t":"BE33"},"288":{"desc":"L1P"},"289":{"t":"BE95"},"28A":{"desc":"L1T"},"28C":{"t":"SR22"},"28E":{"t":"C172"},"291":{"t":"GLID"},"292":{"t":"C25C"},"296":{"t":"BE18"},"299":{"t":"PA34"},"29A":{"t":"ST75"},"29B":{"t":"BE35"},"29D":{"desc":"L1P"},"2A0":{"desc":"L1P"},"2A1":{"desc":"L1P"},"2A2":{"t":"BE95"},"2A4":{"t":"BE95"},"2A5":{"t":"C185"},"2A7":{"t":"BE55"},"2A9":{"desc":"L1P"},"2AA":{"desc":"L1P"},"2AE":{"desc":"H1P"},"2B0":{"desc":"L1P","t":"ULAC"},"2B2":{"desc":"L1P"},"2B6":{"desc":"L1P"},"2B7":{"desc":"L1P"},"2BE":{"t":"C180"},"2C0":{"t":"P32R"},"2C2":{"t":"BE20"},"2C3":{"desc":"L1P"},"2C4":{"t":"RV12"},"2C8":{"t":"E300"},"2CB":{"desc":"L1P"},"2CD":{"t":"BE55"},"2CE":{"t":"C182"},"2CF":{"desc":"L1P"},"2D2":{"desc":"L1P"},"2D3":{"desc":"L1P"},"2D6":{"t":"BE55"},"2D7":{"t":"PC12"},"2D9":{"t":"C25C"},"2DC":{"t":"PA30"},"2DD":{"desc":"L1P"},"2E0":{"t":"BALL"},"2E5":{"t":"BE20"},"2E7":{"t":"C172"},"2E9":{"t":"PC12"},"2EA":{"t":"BE36"},"2EC":{"desc":"L1P"},"2ED":{"t":"PC12"},"2EE":{"t":"BE40"},"2F0":{"t":"C421"},"2F2":{"desc":"L1T"},"2F4":{"t":"C182"},"2F5":{"t":"C182"},"2F6":{"t":"SR22"},"2F9":{"desc":"L1P"},"2FD":{"t":"S22T"},"2FF":{"desc":"L1P"},"300":{"desc":"L1P","t":"FA50"},"301":{"desc":"L1P"},"302":{"t":"E55P"},"303":{"t":"P28R"},"305":{"desc":"L1P"},"306":{"t":"BE95"},"309":{"t":"S22T"},"30B":{"t":"GLID"},"30D":{"desc":"L1P"},"30E":{"t":"GLID"},"312":{"t":"RV12"},"314":{"t":"HUSK"},"316":{"desc":"A2P"},"317":{"t":"C72R"},"318":{"desc":"L1P"},"319":{"t":"PA18"},"31A":{"desc":"L1P"},"31C":{"desc":"L1P"},"31F":{"desc":"L1P"},"321":{"desc":"L1P"},"322":{"t":"AC90"},"324":{"t":"P28A"},"326":{"t":"C185"},"327":{"t":"GLID"},"328":{"desc":"L1P"},"329":{"desc":"L1P"},"32A":{"desc":"L1P"},"32B":{"desc":"H1P"},"32C":{"t":"C650"},"330":{"t":"PA31"},"331":{"t":"R44"},"332":{"t":"BE55"},"333":{"desc":"L1P"},"335":{"desc":"L1P"},"336":{"t":"GLID"},"337":{"t":"PC12"},"339":{"t":"BE95"},"33B":{"t":"BE58"},"33D":{"t":"BL8"},"33F":{"desc":"L1P"},"344":{"t":"P46T"},"347":{"t":"R44"},"348":{"t":"C140"},"34A":{"t":"BE9L"},"34C":{"desc":"L1P"},"34E":{"t":"AC90"},"34F":{"t":"T206"},"351":{"desc":"L1P"},"354":{"t":"BE20"},"356":{"t":"B06"},"358":{"desc":"L1P"},"359":{"t":"BE95"},"35A":{"desc":"A1P","t":"ULAC"},"35D":{"t":"C185"},"361":{"desc":"L1P"},"363":{"t":"C182"},"364":{"desc":"L1P"},"367":{"desc":"L1P"},"368":{"desc":"G1P"},"36A":{"t":"GLF5"},"36B":{"t":"M20P"},"36C":{"desc":"L1P"},"36D":{"desc":"L1P"},"36F":{"desc":"H1T"},"370":{"desc":"L1P"},"371":{"t":"C182"},"373":{"desc":"L1P"},"375":{"t":"ULAC"},"37B":{"t":"GLF5"},"37C":{"t":"C56X"},"37E":{"t":"B06"},"382":{"t":"BL8"},"388":{"t":"C56X"},"38C":{"desc":"L1P"},"38D":{"t":"HDJT"},"396":{"t":"BE9L"},"397":{"t":"B06"},"398":{"desc":"L1P"},"399":{"t":"C182"},"39A":{"t":"P28R"},"39C":{"t":"BE58"},"39E":{"desc":"L1P"},"39F":{"t":"GLID"},"3A0":{"t":"BE58"},"3A1":{"desc":"L2P"},"3A3":{"t":"BE36"},"3A5":{"t":"BE55"},"3A6":{"t":"BL8"},"3A8":{"t":"C550"},"3AA":{"t":"C210"},"3AC":{"t":"P28A"},"3AF":{"desc":"H4E"},"3C5":{"desc":"L1P"},"3C6":{"t":"PA32"},"3C7":{"desc":"A1P"},"3C8":{"desc":"L1P"},"3C9":{"t":"BE55"},"3CA":{"t":"C180"},"3CB":{"desc":"L1P"},"3CC":{"t":"C208"},"3CD":{"desc":"L1P"},"3CE":{"t":"B350"},"3CF":{"desc":"L1P"},"3D3":{"desc":"L1P"},"3D5":{"t":"BE36"},"3D9":{"desc":"L1P"},"3DA":{"desc":"L1P"},"3DD":{"t":"A109"},"3DE":{"t":"U21"},"3DF":{"t":"SF34"},"3E0":{"t":"C25B"},"3E4":{"desc":"L1P"},"3E5":{"t":"R44"},"3E6":{"t":"BE95"},"3E8":{"t":"B06"},"3E9":{"t":"BE55"},"3EC":{"desc":"H1P"},"3EE":{"desc":"A1P"},"3EF":{"t":"C560"},"3F0":{"desc":"A1P"},"3F1":{"t":"LJ45"},"3F3":{"t":"PA38"},"3F4":{"desc":"L1P"},"3F7":{"t":"P32R"},"3F8":{"t":"PA31"},"3F9":{"desc":"L1T"},"3FA":{"t":"PA31"},"3FB":{"t":"C560"},"3FC":{"t":"C680"},"3FD":{"t":"T206"},"3FE":{"t":"E55P"},"400":{"t":"BE20"},"401":{"t":"PA27"},"405":{"desc":"A1P"},"407":{"t":"TBM7"},"408":{"t":"P28A"},"409":{"t":"BE20"},"40B":{"t":"B06"},"40D":{"t":"C25B"},"40E":{"t":"C310"},"410":{"t":"C195"},"412":{"desc":"A1P"},"41E":{"t":"H25B"},"421":{"t":"BALL"},"422":{"t":"BE20"},"426":{"t":"COL4"},"429":{"desc":"L1P"},"42A":{"desc":"L1P"},"42B":{"t":"BE9L"},"42C":{"desc":"L1P"},"42E":{"desc":"L2J"},"433":{"desc":"L1P"},"435":{"t":"C25B"},"437":{"t":"BT36"},"439":{"t":"PAY3"},"43B":{"desc":"L1P"},"440":{"t":"C510"},"442":{"desc":"L1P"},"443":{"desc":"L2T"},"445":{"t":"T206"},"446":{"t":"BE33"},"447":{"desc":"L1P"},"44A":{"t":"B58T"},"44C":{"t":"LJ55"},"44D":{"desc":"L1P","t":"ULAC"},"44E":{"t":"T6"},"450":{"desc":"L1P"},"454":{"t":"BE95"},"457":{"desc":"L1P"},"459":{"t":"HUSK"},"471":{"desc":"A1P"},"474":{"t":"BE95"},"47E":{"t":"YK55"},"484":{"t":"P28A"},"494":{"desc":"L1P"},"499":{"desc":"L1P"},"4A8":{"desc":"L2T"},"4AA":{"t":"C172"},"4AC":{"desc":"L1P"},"4B1":{"t":"GLID"},"4B3":{"t":"B738"},"4B4":{"t":"B738"},"4B7":{"t":"MD11"},"4B9":{"t":"B712"},"4BB":{"t":"A320"},"4BD":{"t":"TBM7"},"4C0":{"t":"B47G"},"4C2":{"t":"BALL"},"4C8":{"desc":"H2E"},"4D0":{"t":"BALL"},"4DA":{"t":"BE35"},"4DB":{"desc":"A2P"},"4E1":{"desc":"H2T"},"4E5":{"t":"GLF6"},"4E7":{"t":"C182"},"4EB":{"t":"PAY2"},"4F2":{"t":"BE55"},"4F5":{"t":"BT36"},"4F8":{"t":"S61"},"4F9":{"desc":"H2T"},"4FA":{"desc":"L1P"},"4FE":{"t":"GLF5"},"503":{"t":"P28R"},"504":{"t":"AA1"},"50A":{"t":"B739"},"50B":{"t":"WACO"},"525":{"desc":"H6E"},"528":{"t":"B752"},"529":{"t":"C208"},"52D":{"t":"FA50"},"535":{"t":"AS50"},"53D":{"t":"P46T"},"53E":{"t":"GLF6"},"545":{"desc":"H6E"},"556":{"t":"FA50"},"558":{"t":"HA4T"},"559":{"t":"AT8T"},"562":{"desc":"L1P"},"564":{"t":"C206"},"56F":{"t":"B763"},"570":{"t":"C172"},"571":{"t":"F900"},"572":{"desc":"L1P"},"577":{"desc":"L1P"},"579":{"t":"PRM1"},"580":{"t":"C680"},"581":{"t":"A321"},"583":{"t":"E120"},"584":{"desc":"L1P","t":"ULAC"},"585":{"t":"E145"},"592":{"t":"TBM7"},"594":{"t":"PC12"},"59A":{"t":"GLF4"},"5A2":{"t":"AS50"},"5A4":{"desc":"L1P"},"5A6":{"desc":"H1T"},"5AC":{"t":"TBM7"},"5AD":{"t":"BALL"},"5AF":{"t":"C172"},"5B1":{"t":"CRJ9"},"5B5":{"t":"BALL"},"5BA":{"t":"C750"},"5BC":{"t":"BE20"},"5BD":{"t":"BE35"},"5BE":{"desc":"L2T"},"5BF":{"t":"C172"},"5C1":{"t":"C172"},"5C2":{"t":"B350"},"5C3":{"t":"H25B"},"5C6":{"desc":"L1P"},"5C8":{"t":"GLEX"},"5CA":{"t":"FA7X"},"5CC":{"t":"DA40"},"5DD":{"desc":"L2J","t":"A20N"},"5DF":{"desc":"L1P"},"5E0":{"t":"B738"},"5E4":{"t":"MD83"},"5EC":{"t":"C525"},"5ED":{"t":"C208"},"5EF":{"t":"H25B"},"5F4":{"desc":"H1T","t":"S92"},"5FD":{"t":"BT36"},"600":{"desc":"H6E"},"605":{"t":"BE33"},"60D":{"t":"C208"},"616":{"t":"C68A"},"61F":{"t":"FA50"},"626":{"t":"GLID"},"627":{"t":"CL60"},"629":{"t":"F2TH"},"62E":{"t":"E120"},"62F":{"desc":"L1P"},"632":{"desc":"L1P"},"633":{"desc":"L1P"},"638":{"t":"PAY2"},"63D":{"t":"F900"},"643":{"desc":"L1P"},"647":{"t":"T210"},"64B":{"t":"C208"},"650":{"t":"P46T"},"652":{"desc":"A2P"},"653":{"desc":"A2P"},"654":{"t":"TBM7"},"655":{"desc":"L1P"},"65C":{"t":"B350"},"660":{"t":"B737"},"662":{"t":"C208"},"681":{"desc":"H2T"},"682":{"t":"BE36"},"688":{"desc":"H6E"},"68E":{"t":"TBM7"},"69C":{"t":"TBM7"},"69D":{"t":"PC12"},"69E":{"t":"BE33"},"6A1":{"desc":"L1P"},"6A2":{"t":"H25B"},"6A8":{"t":"B737"},"6AC":{"desc":"H4E"},"6B4":{"t":"FA7X"},"6E6":{"t":"PA34"},"6F1":{"desc":"H8E"},"6FF":{"t":"WACO"},"703":{"t":"PA22"},"704":{"t":"AR11"},"705":{"t":"B350"},"706":{"t":"C188"},"708":{"t":"P28A"},"709":{"t":"PA32"},"70A":{"t":"AA5"},"70B":{"t":"M20P"},"714":{"t":"P28A"},"715":{"t":"C210"},"71C":{"t":"TAYB"},"71D":{"t":"C152"},"71E":{"t":"TAYB"},"71F":{"desc":"L1T","t":"ULAC"},"720":{"t":"P28A"},"722":{"t":"GLID"},"723":{"desc":"L1P"},"725":{"t":"BALL"},"726":{"t":"PA22"},"727":{"t":"AR11"},"728":{"t":"C172"},"72A":{"t":"ST75"},"72B":{"t":"P28A"},"72E":{"t":"M20P"},"730":{"t":"PA24"},"732":{"t":"BE35"},"733":{"t":"CH7A"},"734":{"t":"C210"},"737":{"t":"C172"},"738":{"t":"C210"},"73A":{"t":"ULAC"},"73E":{"t":"TAYB"},"73F":{"t":"TAYB"},"741":{"t":"TAYB"},"743":{"t":"TAYB"},"745":{"t":"GLID"},"746":{"desc":"L1P"},"747":{"t":"C72R"},"74A":{"t":"AR11"},"74D":{"t":"C172"},"74E":{"t":"P28A"},"74F":{"t":"S108"},"751":{"t":"M20P"},"756":{"t":"CH7A"},"757":{"t":"C210"},"75A":{"t":"P28A"},"75C":{"t":"T210"},"75D":{"t":"BALL"},"75F":{"t":"C152"},"763":{"t":"TAYB"},"764":{"t":"TAYB"},"765":{"t":"TAYB"},"767":{"t":"TAYB"},"768":{"t":"WACO"},"772":{"t":"S108"},"774":{"t":"M20P"},"776":{"t":"PA24"},"777":{"t":"C182"},"77C":{"t":"M10"},"77D":{"t":"P28A"},"77F":{"t":"C182"},"782":{"t":"C152"},"783":{"t":"P28A"},"78A":{"t":"TAYB"},"78B":{"t":"WACO"},"78D":{"t":"C180"},"78F":{"t":"PA22"},"791":{"t":"H269"},"793":{"t":"C172"},"795":{"t":"S108"},"796":{"t":"C182"},"797":{"t":"M20P"},"798":{"desc":"L1P","t":"ULAC"},"79C":{"desc":"H8E"},"79D":{"t":"PA38"},"79F":{"t":"M10"},"7A0":{"t":"P28A"},"7A6":{"t":"TAYB"},"7A8":{"t":"P28A"},"7B0":{"t":"C208"},"7B2":{"t":"PA22"},"7B3":{"t":"BL17"},"7B6":{"t":"C172"},"7B7":{"t":"P28A"},"7B9":{"t":"AA5"},"7BA":{"t":"M20P"},"7BC":{"t":"PA24"},"7BD":{"t":"BALL"},"7C2":{"desc":"H6E"},"7C8":{"t":"TAYB"},"7CA":{"t":"P28A"},"7CB":{"t":"ULAC"},"7CE":{"t":"TAYB"},"7D0":{"t":"TAYB"},"7D4":{"t":"P32T"},"7D6":{"t":"AR11"},"7D8":{"t":"GLEX"},"7DA":{"t":"P28A"},"7DF":{"t":"PA24"},"7E5":{"t":"M10"},"7E6":{"t":"C182"},"7E7":{"t":"C182"},"7ED":{"t":"P28A"},"7EE":{"t":"TAYB"},"7EF":{"desc":"L1P"},"7F1":{"t":"TAYB"},"7F3":{"t":"P28A"},"7F4":{"t":"GLID"},"7F5":{"t":"C170"},"7F6":{"t":"C180"},"7F8":{"t":"PA22"},"7FC":{"desc":"L1P"},"7FF":{"t":"C172"},"800":{"t":"M20P"},"802":{"t":"PA24"},"804":{"t":"BE35"},"805":{"t":"CH7A"},"809":{"t":"RV12"},"80C":{"t":"BALL"},"80D":{"t":"TAYB"},"80E":{"t":"P28A"},"80F":{"t":"TAYB"},"811":{"t":"TAYB"},"813":{"t":"TAYB"},"815":{"t":"TAYB"},"819":{"t":"C72R"},"81B":{"t":"PA22"},"820":{"t":"P28A"},"827":{"t":"BE35"},"828":{"desc":"H8E"},"82B":{"t":"M10"},"82C":{"t":"C172"},"830":{"t":"P28A"},"831":{"t":"TAYB"},"832":{"t":"TAYB"},"833":{"t":"TAYB"},"834":{"t":"P28A"},"835":{"t":"TAYB"},"836":{"t":"P28A"},"839":{"t":"P28A"},"83C":{"t":"BALL"},"83E":{"t":"PA22"},"841":{"t":"C188"},"843":{"t":"P28A"},"845":{"t":"AA1"},"847":{"desc":"L1P","t":"ULAC"},"84B":{"t":"CH7A"},"84C":{"t":"C210"},"84E":{"t":"M10"},"850":{"t":"C210"},"852":{"t":"NAVI"},"854":{"t":"P28A"},"858":{"t":"TAYB"},"859":{"t":"TAYB"},"85B":{"t":"TAYB"},"85F":{"t":"B738"},"865":{"t":"BL8"},"868":{"t":"GLID"},"869":{"t":"A109"},"86A":{"t":"BE55"},"86B":{"t":"AA5"},"86E":{"t":"MD11"},"870":{"t":"B712"},"872":{"t":"A320"},"873":{"t":"SF50"},"877":{"desc":"L1P"},"878":{"desc":"A1P","t":"ULAC"},"88C":{"t":"GLID"},"890":{"t":"C180"},"893":{"t":"C182"},"894":{"t":"SR22"},"895":{"desc":"L4P"},"89E":{"t":"H500"},"8A0":{"desc":"H1P"},"8A1":{"t":"PA46"},"8A2":{"desc":"L1P"},"8A5":{"desc":"L1P"},"8AB":{"t":"WW24"},"8AD":{"t":"BE36"},"8B0":{"t":"GLID"},"8B5":{"desc":"L1P"},"8BA":{"t":"BE58"},"8BB":{"t":"SR20"},"8BF":{"t":"B739"},"8C1":{"t":"RV12"},"8C2":{"t":"E55P"},"8CD":{"t":"PA18"},"8D1":{"desc":"H6E"},"8D5":{"desc":"L1P"},"8DC":{"t":"AT8T"},"8DD":{"desc":"L1P"},"8DF":{"t":"B752"},"8E2":{"t":"TWEN"},"8EB":{"t":"A319"},"8EE":{"t":"AA5"},"8F5":{"desc":"L1P"},"8FC":{"desc":"L1P"},"8FF":{"desc":"A1P"},"900":{"desc":"H4E"},"902":{"t":"PA34"},"906":{"t":"PA32"},"908":{"t":"P06T"},"90F":{"t":"P51"},"910":{"t":"C72R"},"919":{"desc":"H4E"},"927":{"t":"C172"},"928":{"t":"AC11"},"92A":{"desc":"L1P"},"92D":{"desc":"L1P"},"937":{"t":"GLID"},"938":{"desc":"L1P"},"942":{"t":"R22"},"94E":{"desc":"L1P"},"94F":{"desc":"L1P"},"959":{"t":"AS50"},"95A":{"desc":"H2T"},"960":{"t":"BE36"},"964":{"desc":"L1P"},"966":{"desc":"L1P"},"968":{"t":"CRJ9"},"971":{"t":"P51"},"973":{"t":"BE58"},"974":{"t":"C172"},"97B":{"t":"AA5"},"97D":{"t":"BE35"},"983":{"t":"DA40"},"986":{"desc":"L1P","t":"ULAC"},"987":{"desc":"L1P"},"994":{"desc":"L2J","t":"A20N"},"997":{"t":"B738"},"9A1":{"desc":"L1P"},"9A3":{"t":"BE58"},"9A5":{"t":"SR22"},"9A6":{"t":"M20P"},"9AB":{"desc":"H1T","t":"S92"},"9AC":{"t":"C25B"},"9B4":{"desc":"L1P","t":"ULAC"},"9C8":{"desc":"L1P"},"9CD":{"t":"C68A"},"9D6":{"desc":"L1P"},"9D7":{"desc":"L1P"},"9DF":{"t":"GLF2"},"9E0":{"desc":"L1P"},"9E1":{"t":"CL60"},"9E9":{"desc":"L1P"},"9EB":{"desc":"L1P"},"9EE":{"desc":"L1P"},"9F1":{"t":"C172"},"9F3":{"desc":"L1P"},"9F5":{"desc":"L1P"},"9FA":{"t":"M7"},"9FC":{"t":"C172"},"A00":{"desc":"L1P"},"A03":{"t":"CRJ2"},"A07":{"t":"BE35"},"A08":{"t":"C172"},"A09":{"t":"P46T"},"A13":{"desc":"L1P"},"A19":{"desc":"L1P"},"A1D":{"desc":"L1P"},"A2C":{"desc":"L1P"},"A39":{"desc":"L1P"},"A45":{"desc":"L1P"},"A53":{"t":"C25A"},"A57":{"desc":"L1P"},"A5E":{"t":"T6"},"A5F":{"t":"B737"},"A63":{"desc":"L1P"},"A64":{"desc":"L1P"},"A6B":{"desc":"L1P"},"A6C":{"desc":"L1P"},"A7C":{"desc":"H6E"},"A85":{"desc":"L1P"},"A9F":{"desc":"L1P"},"AB6":{"t":"GLID"},"AB7":{"t":"C182"},"ABB":{"t":"AR11"},"ABE":{"t":"C172"},"ABF":{"t":"C188"},"AC1":{"t":"C172"},"AC2":{"desc":"L1P"},"AC4":{"t":"PA24"},"AC5":{"t":"AEST"},"AC6":{"t":"BE35"},"ACA":{"t":"M10"},"ACC":{"t":"C210"},"ACF":{"t":"TAYB"},"AD0":{"t":"TAYB"},"AD1":{"t":"TAYB"},"AD2":{"t":"C152"},"AD3":{"t":"TAYB"},"AD4":{"t":"P28A"},"AD5":{"t":"TAYB"},"AD7":{"t":"TAYB"},"AD8":{"t":"TAYB"},"ADB":{"t":"C180"},"ADD":{"t":"C172"},"AE0":{"t":"C182"},"AE2":{"t":"P28A"},"AE3":{"t":"P28A"},"AE4":{"t":"BALL"},"AE5":{"t":"M20P"},"AE7":{"t":"ULAC"},"AE9":{"t":"C206"},"AF0":{"t":"BE33"},"AF3":{"t":"P28A"},"AF5":{"t":"TAYB"},"AFC":{"desc":"L1P"},"AFD":{"t":"C170"},"AFF":{"t":"P28A"},"B00":{"t":"PA22"},"B02":{"t":"C172"},"B04":{"t":"C172"},"B05":{"t":"P28A"},"B07":{"t":"C182"},"B08":{"t":"M20P"},"B0C":{"t":"BE35"},"B0D":{"t":"CH7B"},"B0F":{"desc":"A2P"},"B10":{"t":"M10"},"B12":{"t":"C210"},"B13":{"t":"C210"},"B15":{"t":"TAYB"},"B16":{"t":"P28A"},"B17":{"t":"C152"},"B19":{"desc":"L1P","t":"ULAC"},"B1D":{"t":"TAYB"},"B1E":{"t":"C172"},"B21":{"t":"C72R"},"B22":{"t":"P28A"},"B24":{"t":"AR11"},"B26":{"t":"C206"},"B27":{"t":"C172"},"B28":{"t":"P28A"},"B2A":{"t":"AA5"},"B2B":{"t":"M20P"},"B2D":{"t":"PA25"},"B31":{"t":"BALL"},"B33":{"t":"M10"},"B36":{"t":"BE35"},"B3A":{"t":"TAYB"},"B3B":{"t":"P28A"},"B3D":{"t":"TAYB"},"B3F":{"t":"TAYB"},"B46":{"t":"PA22"},"B49":{"t":"C206"},"B4A":{"t":"C172"},"B4B":{"t":"P28A"},"B4D":{"t":"AA5"},"B4E":{"t":"M20P"},"B50":{"desc":"L1P","t":"ULAC"},"B54":{"t":"PA38"},"B56":{"t":"M10"},"B5D":{"t":"TAYB"},"B60":{"t":"TAYB"},"B62":{"t":"P28A"},"B63":{"t":"TAYB"},"B64":{"t":"TAYB"},"B66":{"t":"C170"},"B67":{"t":"C72R"},"B69":{"t":"PA22"},"B6A":{"t":"AR11"},"B6B":{"t":"BALL"},"B6E":{"t":"P28A"},"B6F":{"t":"P28A"},"B71":{"t":"M20P"},"B74":{"t":"C172"},"B75":{"t":"C185"},"B76":{"t":"C172"},"B7B":{"t":"C210"},"B7F":{"t":"P28A"},"B82":{"t":"P28A"},"B85":{"t":"P28A"},"B87":{"t":"C152"},"B89":{"t":"C170"},"B8D":{"t":"BL17"},"B8E":{"t":"H269"},"B90":{"desc":"L1P"},"B91":{"t":"C172"},"B92":{"t":"P28A"},"B94":{"t":"M20P"},"B98":{"t":"BE35"},"B99":{"t":"ULAC"},"B9C":{"t":"M10"},"B9D":{"t":"C182"},"B9E":{"t":"C182"},"B9F":{"t":"BE55"},"BA0":{"t":"ULAC"},"BA1":{"t":"P28A"},"BA2":{"t":"TAYB"},"BA3":{"t":"TAYB"},"BA9":{"t":"TAYB"},"BAC":{"t":"BALL"},"BAF":{"t":"PA22"},"BB0":{"t":"BL17"},"BB1":{"t":"H269"},"BB4":{"t":"P28A"},"BBA":{"t":"BE35"},"BBD":{"t":"C210"},"BBF":{"t":"M10"},"BC1":{"t":"C210"},"BC7":{"t":"P28A"},"BC9":{"t":"TAYB"},"BCA":{"t":"TAYB"},"BCB":{"desc":"L1P","t":"ULAC"},"BCC":{"t":"TAYB"},"BCF":{"t":"C170"},"BD2":{"t":"C182"},"BD3":{"t":"AR11"},"BD5":{"t":"C206"},"BD9":{"t":"AA1"},"BDA":{"t":"M20P"},"BDD":{"t":"BE35"},"BDF":{"t":"CH7A"},"BE0":{"t":"C210"},"BE3":{"t":"P28A"},"BE5":{"t":"BE50"},"BE8":{"t":"P28A"},"BE9":{"t":"TAYB"},"BEA":{"desc":"L1P","t":"ULAC"},"BEC":{"t":"TAYB"},"BF0":{"t":"TAYB"},"BF4":{"t":"P32T"},"BF5":{"t":"PA22"},"BF6":{"t":"AR11"},"BFA":{"t":"P28A"},"BFD":{"t":"M20P"},"C00":{"t":"BE33"},"C01":{"t":"BE35"},"C02":{"t":"CH7A"},"C05":{"t":"M10"},"C0C":{"t":"P28A"},"C0D":{"t":"TAYB"},"C12":{"t":"P28A"},"C13":{"t":"TAYB"},"C14":{"desc":"L1P"},"C15":{"t":"P28A"},"C16":{"t":"B738"},"C1F":{"desc":"L2J","t":"B39M"},"C20":{"t":"EC35"},"C22":{"t":"PA27"},"C25":{"t":"MD11"},"C26":{"t":"C337"},"C27":{"t":"B712"},"C29":{"desc":"L1P"},"C2E":{"t":"CH7B"},"C2F":{"t":"C208"},"C35":{"desc":"L1P"},"C3B":{"desc":"L1P"},"C47":{"t":"SR22"},"C48":{"t":"B744"},"C49":{"t":"C210"},"C4A":{"t":"C182"},"C4F":{"desc":"H2T"},"C52":{"t":"BALL"},"C55":{"t":"H500"},"C60":{"t":"S108"},"C61":{"t":"P32R"},"C67":{"t":"AC11"},"C6A":{"desc":"L1P"},"C6C":{"t":"M7"},"C71":{"t":"SR20"},"C75":{"t":"DA40"},"C78":{"t":"B739"},"C89":{"t":"BL8"},"C93":{"desc":"L1P"},"C96":{"t":"B752"},"C97":{"t":"C208"},"C99":{"t":"RV12"},"CA2":{"t":"A319"},"CAB":{"t":"P46T"},"CAF":{"t":"F900"},"CB6":{"t":"PRM1"},"CBC":{"t":"AA1"},"CBF":{"t":"P06T"},"CDD":{"desc":"L1P"},"CDE":{"t":"C172"},"CDF":{"t":"A321"},"CE0":{"desc":"L1P"},"CE5":{"desc":"H2T"},"CEE":{"desc":"L1P"},"CF6":{"desc":"L1P"},"D10":{"t":"AT5T"},"D12":{"desc":"L1P"},"D1B":{"t":"BALL"},"D1F":{"t":"CRJ9"},"D28":{"t":"M20P"},"D29":{"desc":"L1P"},"D2B":{"t":"C25B"},"D34":{"t":"AS50"},"D45":{"t":"P28A"},"D4B":{"desc":"L2J","t":"A20N"},"D4E":{"t":"B738"},"D5D":{"desc":"L1T"},"D63":{"t":"C68A"},"D66":{"t":"P46T"},"D67":{"desc":"L1P"},"D6B":{"desc":"L1P","t":"ULAC"},"D6F":{"desc":"L1P","t":"ULAC"},"D84":{"t":"C68A"},"D8A":{"desc":"L1P"},"D8C":{"desc":"L1T"},"D8D":{"desc":"L1P"},"D8E":{"t":"C56X"},"D92":{"t":"C182"},"D93":{"t":"R44"},"D9E":{"t":"SR22"},"DA7":{"t":"SR22"},"DA8":{"t":"C172"},"DA9":{"desc":"H1T"},"DAA":{"desc":"L1P"},"DAD":{"t":"R22"},"DB1":{"t":"M7"},"DB2":{"desc":"L1P"},"DB3":{"t":"PRM1"},"DB4":{"desc":"L1P"},"DB7":{"t":"A119"},"DB9":{"t":"SR22"},"DBA":{"t":"CRJ2"},"DBE":{"t":"BE35"},"DC0":{"desc":"L1P"},"DC7":{"desc":"L1P"},"DCF":{"t":"DV20"},"DD3":{"desc":"L1P"},"DD8":{"desc":"H4E"},"DE1":{"desc":"H8E"},"DEC":{"t":"E190"},"E01":{"desc":"L1P"},"E09":{"desc":"L1P"},"E0A":{"t":"CH7B"},"E0B":{"t":"BE58"},"E0D":{"desc":"L1P"},"E0F":{"t":"PA18"},"E16":{"t":"B737"},"E1B":{"t":"RV12"},"E27":{"desc":"H6E"},"E30":{"desc":"L1P"},"E45":{"desc":"L1P"},"E5E":{"desc":"H4E"},"E71":{"t":"C172"},"E74":{"desc":"H4E"},"E76":{"t":"P28A"},"E79":{"t":"M20P"},"E7C":{"t":"BE33"},"E7D":{"t":"BE35"},"E7E":{"t":"CH7B"},"E7F":{"t":"BALL"},"E81":{"t":"M10"},"E82":{"t":"C172"},"E84":{"t":"BE35"},"E85":{"t":"C172"},"E86":{"t":"TAYB"},"E88":{"t":"TAYB"},"E89":{"t":"P28A"},"E8A":{"t":"TAYB"},"E8E":{"t":"TAYB"},"E8F":{"t":"TAYB"},"E91":{"t":"C170"},"E93":{"desc":"A2P"},"E95":{"t":"BL17"},"E98":{"t":"C172"},"E99":{"t":"P28A"},"EA5":{"t":"P28A"},"EA6":{"t":"C210"},"EA9":{"t":"TAYB"},"EAA":{"t":"P28A"},"EAC":{"t":"TAYB"},"EAD":{"t":"TAYB"},"EAF":{"desc":"L1P"},"EB0":{"t":"P28A"},"EB4":{"t":"C172"},"EB5":{"t":"C162"},"EB6":{"t":"C182"},"EB8":{"t":"BL17"},"EBB":{"t":"C172"},"EBE":{"t":"C172"},"EBF":{"t":"M20P"},"EC3":{"t":"BE35"},"EC4":{"t":"C172"},"EC8":{"t":"P28A"},"EC9":{"t":"C182"},"ECA":{"t":"BE33"},"ECF":{"t":"TAYB"},"ED1":{"t":"P28A"},"ED4":{"desc":"L1P"},"ED9":{"t":"T6"},"EDA":{"t":"PA22"},"EDE":{"t":"C172"},"EDF":{"t":"P28A"},"EE1":{"t":"AA5"},"EE5":{"t":"BE33"},"EE6":{"t":"BE35"},"EE7":{"t":"CH7A"},"EE9":{"t":"AA1"},"EEA":{"t":"M10"},"EEB":{"t":"P28A"},"EEF":{"t":"TAYB"},"EF0":{"t":"P28A"},"EF1":{"desc":"L1P","t":"ULAC"},"EF2":{"t":"TAYB"},"EF5":{"t":"P28A"},"EF6":{"t":"P28A"},"EF7":{"t":"P28A"},"EFA":{"t":"C170"},"EFB":{"t":"C180"},"F01":{"desc":"H6E"},"F02":{"t":"P28A"},"F03":{"t":"S108"},"F04":{"t":"AA5"},"F08":{"t":"AEST"},"F09":{"desc":"L1P"},"F0D":{"t":"M10"},"F0E":{"desc":"L1P"},"F14":{"t":"C182"},"F15":{"t":"ULAC"},"F16":{"t":"P28A"},"F1D":{"desc":"L1J"},"F1F":{"t":"T6"},"F20":{"t":"C182"},"F21":{"t":"BL17"},"F24":{"desc":"L1P"},"F25":{"t":"P28A"},"F28":{"t":"M20P"},"F2A":{"t":"C182"},"F2B":{"desc":"L1P","t":"ULAC"},"F2D":{"desc":"H8E"},"F2E":{"t":"PA38"},"F2F":{"t":"AA1"},"F30":{"t":"C172"},"F32":{"t":"C210"},"F33":{"t":"BE35"},"F35":{"t":"TAYB"},"F36":{"t":"TAYB"},"F37":{"t":"TAYB"},"F38":{"t":"P28A"},"F39":{"t":"TAYB"},"F3A":{"t":"P28A"},"F3D":{"t":"TAYB"},"F3E":{"t":"P28A"},"F3F":{"t":"B47G"},"F41":{"t":"C72R"},"F43":{"t":"BALL"},"F44":{"t":"AR11"},"F46":{"t":"C172"},"F47":{"t":"C172"},"F48":{"t":"P28A"},"F49":{"t":"P28A"},"F4A":{"t":"AA5"},"F4B":{"t":"M20P"},"F4D":{"t":"PA24"},"F4F":{"t":"BE35"},"F52":{"t":"AA1"},"F53":{"t":"M10"},"F54":{"t":"P28A"},"F56":{"t":"BE95"},"F58":{"t":"C182"},"F5A":{"desc":"L1P","t":"ULAC"},"F5B":{"t":"TAYB"},"F5C":{"t":"P28A"},"F5E":{"t":"P28A"},"F60":{"t":"TAYB"},"F65":{"t":"GLF6"},"F6B":{"t":"P28A"},"F6E":{"desc":"L1P"},"F74":{"t":"C210"},"F76":{"t":"M10"},"F77":{"t":"P28A"},"F7B":{"t":"P28A"},"F7C":{"t":"P28A"},"F7D":{"t":"TAYB"},"F7E":{"t":"TAYB"},"F80":{"t":"TAYB"},"F81":{"t":"TAYB"},"F87":{"t":"C180"},"F88":{"t":"PA34"},"F89":{"t":"PA22"},"F8E":{"t":"P28A"},"F95":{"t":"BE35"},"F98":{"t":"AA1"},"F9A":{"t":"C172"},"F9C":{"t":"T210"},"F9E":{"t":"TAYB"},"FA0":{"t":"TAYB"},"FA3":{"t":"P28A"},"FAB":{"t":"C303"},"FAC":{"t":"PA22"},"FAF":{"t":"C208"},"FB2":{"t":"S108"},"FB3":{"t":"AA5"},"FB4":{"t":"M20P"},"FB6":{"t":"PA25"},"FB7":{"t":"AEST"},"FB8":{"t":"BE35"},"FB9":{"desc":"L1P"},"FBA":{"t":"C210"},"FBC":{"t":"M10"},"FBD":{"t":"C172"},"FC1":{"t":"TAYB"},"FC3":{"t":"TAYB"},"FC4":{"desc":"L1P"},"FC6":{"t":"TAYB"},"FC7":{"t":"TAYB"},"FC9":{"t":"TAYB"},"FCE":{"t":"SR22"},"FCF":{"t":"C172"},"FD5":{"t":"BE20"},"FD6":{"desc":"L2J","t":"B39M"},"FD7":{"t":"EC35"},"FD8":{"desc":"L1P"},"FD9":{"t":"B738"},"FDC":{"t":"MD11"},"FDD":{"t":"C337"},"FDE":{"t":"B712"},"FE4":{"t":"B06"},"FE8":{"t":"P28A"},"FF0":{"desc":"L1P"},"FF6":{"desc":"L1P"},"FF8":{"desc":"H8E"},"FFE":{"t":"PA46"}}