{"001":{"t":"C182"},"00A":{"t":"P46T"},"010":{"t":"DV20"},"011":{"desc":"H8E"},"018":{"t":"DV20"},"023":{"t":"C340"},"028":{"t":"B58T"},"02A":{"desc":"H6E"},"02C":{"desc":"L1P"},"02E":{"t":"AA5"},"02F":{"t":"B739"},"030":{"desc":"L1P"},"036":{"desc":"L2T"},"037":{"t":"SR22"},"040":{"t":"BE24"},"049":{"t":"C560"},"04A":{"t":"CL60"},"04D":{"t":"B752"},"04E":{"t":"C208"},"04F":{"t":"C25C"},"059":{"t":"A319"},"062":{"t":"P28A"},"064":{"desc":"L1P"},"066":{"desc":"H4E"},"06E":{"t":"B407"},"076":{"t":"P06T"},"07C":{"t":"C170"},"089":{"desc":"L1P"},"094":{"desc":"L1P"},"096":{"t":"EA50"},"097":{"desc":"H2T"},"09A":{"t":"C650"},"09F":{"desc":"L1P"},"0A0":{"t":"B744"},"0A6":{"desc":"L1P"},"0A9":{"t":"AT5T"},"0B3":{"desc":"L1P"},"0B9":{"desc":"L1P"},"0C4":{"desc":"H6E"},"0C7":{"t":"AS50"},"0C9":{"desc":"L1P"},"0D6":{"t":"CRJ9"},"0DB":{"t":"AEST"},"0DD":{"desc":"H6E"},"0E0":{"t":"M20P"},"0E1":{"t":"SR22"},"0E7":{"t":"S22T"},"0F1":{"t":"DA40"},"102":{"desc":"L2J","t":"A20N"},"105":{"t":"B738"},"112":{"desc":"H1P"},"114":{"t":"C56X"},"11A":{"t":"C25B"},"122":{"desc":"L1P","t":"ULAC"},"12A":{"t":"BE33"},"133":{"desc":"H6E"},"144":{"t":"ULAC"},"150":{"desc":"L1P"},"153":{"t":"C182"},"157":{"desc":"L1P"},"15D":{"t":"C152"},"15E":{"t":"T210"},"168":{"t":"C72R"},"16E":{"t":"C210"},"171":{"t":"CRJ2"},"172":{"desc":"L1P"},"175":{"t":"BE35"},"178":{"desc":"L1P"},"179":{"t":"H25B"},"17A":{"desc":"L1P"},"17E":{"t":"C750"},"181":{"desc":"H4E"},"18A":{"desc":"L1P"},"19E":{"desc":"H8E"},"1B7":{"desc":"H4E"},"1CD":{"t":"B737"},"1D2":{"desc":"L1P"},"1D5":{"desc":"H6E"},"1D9":{"desc":"L1P"},"1E5":{"desc":"H8E"},"1EB":{"t":"C25C"},"205":{"desc":"H4E"},"21E":{"desc":"H4E"},"226":{"t":"C72R"},"227":{"desc":"L1P"},"229":{"t":"AR11"},"22C":{"t":"C172"},"22F":{"t":"AA5"},"236":{"t":"C210"},"237":{"t":"AA1"},"238":{"t":"M10"},"239":{"t":"P28A"},"23B":{"t":"BE35"},"23F":{"t":"P28A"},"240":{"t":"P28A"},"241":{"t":"TAYB"},"242":{"t":"P28A"},"243":{"t":"PA24"},"244":{"t":"TAYB"},"245":{"t":"TAYB"},"246":{"t":"TAYB"},"247":{"desc":"L1P"},"248":{"t":"C170"},"249":{"t":"T210"},"24B":{"t":"C172"},"24C":{"t":"BL17"},"250":{"t":"P28A"},"251":{"t":"P28B"},"252":{"t":"AA5"},"253":{"t":"M20P"},"257":{"t":"BE35"},"258":{"t":"CH7A"},"25A":{"t":"AA1"},"25B":{"desc":"L1P","t":"ULAC"},"25D":{"t":"C210"},"25E":{"t":"BE35"},"262":{"t":"TAYB"},"263":{"t":"TAYB"},"264":{"t":"C172"},"265":{"t":"P28A"},"267":{"t":"TAYB"},"269":{"t":"ULAC"},"26A":{"t":"BALL"},"26B":{"t":"C170"},"26E":{"t":"PA22"},"271":{"t":"BALL"},"273":{"t":"P28A"},"274":{"t":"BALL"},"275":{"t":"AA5"},"278":{"t":"PA25"},"27A":{"t":"BE35"},"27D":{"t":"AA1"},"282":{"t":"BALL"},"286":{"t":"TAYB"},"288":{"t":"TAYB"},"28A":{"t":"P28A"},"28C":{"t":"P28A"},"28E":{"t":"C170"},"28F":{"t":"C180"},"294":{"t":"C182"},"295":{"t":"C185"},"296":{"t":"P28A"},"297":{"t":"S108"},"299":{"t":"M20P"},"29D":{"t":"BE35"},"29F":{"t":"C210"},"2A0":{"desc":"H4E"},"2A4":{"t":"T210"},"2AA":{"t":"TAYB"},"2AB":{"t":"TAYB"},"2B0":{"t":"WACO"},"2B1":{"t":"C170"},"2B2":{"t":"C180"},"2B4":{"t":"PA22"},"2B5":{"t":"BL17"},"2B8":{"t":"C172"},"2B9":{"t":"P28A"},"2BB":{"t":"AA5"},"2C1":{"t":"CH7A"},"2C2":{"t":"C210"},"2C3":{"t":"AA1"},"2C6":{"t":"C210"},"2C7":{"t":"BE33"},"2C9":{"t":"TAYB"},"2CA":{"t":"BALL"},"2CB":{"t":"TAYB"},"2CC":{"t":"P28A"},"2CE":{"t":"TAYB"},"2CF":{"t":"P28A"},"2D0":{"t":"P28A"},"2DB":{"t":"C172"},"2DC":{"t":"P28A"},"2DD":{"t":"S108"},"2DF":{"t":"M20P"},"2E5":{"t":"C210"},"2E6":{"desc":"H4E"},"2E7":{"t":"M10"},"2E8":{"t":"P28A"},"2E9":{"t":"C210"},"2EA":{"t":"T210"},"2EC":{"t":"TAYB"},"2EE":{"desc":"L1P","t":"ULAC"},"2EF":{"t":"BALL"},"2F2":{"t":"TAYB"},"2F3":{"t":"P28A"},"2FA":{"t":"C172"},"2FC":{"t":"C206"},"2FE":{"t":"C172"},"2FF":{"t":"P28A"},"301":{"t":"AA5"},"302":{"t":"SR22"},"304":{"t":"C208"},"307":{"t":"CH7B"},"309":{"desc":"H4E"},"30A":{"t":"M10"},"30B":{"t":"P28A"},"30C":{"t":"BALL"},"310":{"t":"ULAC"},"313":{"t":"P28A"},"314":{"t":"P28A"},"315":{"t":"TAYB"},"316":{"t":"TAYB"},"317":{"t":"TAYB"},"318":{"t":"P28A"},"31C":{"t":"P28A"},"31E":{"t":"AR11"},"322":{"t":"ULAC"},"324":{"t":"C172"},"325":{"t":"M20P"},"328":{"t":"C172"},"329":{"t":"BE35"},"32A":{"t":"CH7B"},"32B":{"t":"C210"},"32D":{"t":"M10"},"32E":{"t":"P28A"},"335":{"t":"TAYB"},"336":{"t":"C152"},"338":{"t":"P28A"},"33A":{"t":"TAYB"},"33C":{"t":"WACO"},"33D":{"t":"C150"},"33F":{"t":"P28A"},"341":{"t":"C182"},"344":{"t":"C172"},"346":{"t":"S108"},"34C":{"t":"BE35"},"34D":{"t":"CH7A"},"34F":{"t":"AA1"},"350":{"t":"M10"},"351":{"t":"P28A"},"352":{"t":"C210"},"356":{"t":"P28A"},"358":{"t":"P28A"},"35A":{"t":"TAYB"},"35B":{"t":"ULAC"},"35E":{"t":"TAYB"},"35F":{"desc":"L2P"},"361":{"t":"C72R"},"362":{"t":"P28R"},"363":{"t":"C182"},"364":{"t":"AR11"},"365":{"t":"C208"},"366":{"t":"BALL"},"367":{"t":"C182"},"369":{"t":"BALL"},"36A":{"t":"C182"},"36B":{"t":"M20P"},"36D":{"t":"C182"},"36F":{"t":"C182"},"370":{"t":"CH7A"},"372":{"t":"AA1"},"373":{"t":"M10"},"379":{"t":"C152"},"37A":{"t":"TAYB"},"380":{"t":"TAYB"},"383":{"t":"PA22"},"386":{"t":"C172"},"389":{"t":"PC12"},"38D":{"desc":"L2J","t":"B39M"},"38E":{"t":"EC35"},"390":{"t":"B738"},"391":{"desc":"H4E"},"393":{"t":"MD11"},"394":{"t":"C337"},"395":{"t":"B712"},"396":{"desc":"H4E"},"397":{"t":"A320"},"39C":{"t":"RV12"},"39F":{"desc":"L1P"},"3A1":{"desc":"L1P"},"3A4":{"desc":"L1P"},"3A7":{"t":"BE20"},"3B4":{"t":"PA31"},"3B5":{"t":"S108"},"3B7":{"desc":"L1P"},"3B8":{"t":"C182"},"3BD":{"desc":"L1P"},"3C8":{"desc":"H4E"},"3C9":{"t":"SF50"},"3CA":{"desc":"L1P"},"3CE":{"t":"S108"},"3CF":{"t":"DV20"},"3D0":{"desc":"L1P"},"3D8":{"t":"BALL"},"3DA":{"t":"SS2P"},"3DE":{"t":"BE35"},"3E0":{"t":"M20P"},"3E1":{"desc":"H4E"},"3E6":{"t":"B739"},"3F7":{"t":"C336"},"3FA":{"desc":"H4E"},"400":{"desc":"L1P"},"402":{"desc":"H1T","t":"H269"},"404":{"t":"B752"},"405":{"t":"C208"},"413":{"desc":"H4E"},"419":{"t":"P28A"},"41A":{"desc":"L2J"},"41F":{"desc":"L1P"},"42A":{"t":"BE9L"},"42C":{"desc":"H4E"},"42D":{"t":"P06T"},"44B":{"t":"P28B"},"44C":{"t":"C172"},"44D":{"t":"A321"},"44F":{"desc":"L1P"},"453":{"t":"C172"},"454":{"t":"GLEX"},"45C":{"t":"C750"},"460":{"t":"PA34"},"461":{"t":"E145"},"464":{"t":"P32R"},"465":{"desc":"H6E"},"466":{"t":"SR20"},"470":{"t":"PC12"},"47D":{"t":"GLEX"},"47E":{"t":"AS50"},"47F":{"t":"BE36"},"482":{"t":"B190"},"48D":{"t":"CRJ9"},"48E":{"desc":"L1P"},"48F":{"t":"HUSK"},"496":{"t":"C82S"},"497":{"t":"PA32"},"499":{"t":"C421"},"49B":{"t":"FA50"},"4A2":{"desc":"L1P"},"4A7":{"t":"BE20"},"4A8":{"t":"DA40"},"4A9":{"desc":"H4E"},"4AF":{"t":"M20P"},"4B7":{"t":"C208"},"4B9":{"desc":"L2J","t":"A20N"},"4BC":{"t":"B738"},"4C2":{"desc":"H4E"},"4C8":{"desc":"H1P"},"4CA":{"desc":"L1P"},"4CB":{"t":"PA18"},"4CF":{"t":"SR22"},"4DD":{"t":"T206"},"4E2":{"desc":"H8E"},"4FA":{"t":"BE33"},"4FB":{"t":"BE95"},"4FC":{"desc":"L1P"},"4FD":{"desc":"L1P"},"4FE":{"desc":"L1P"},"50B":{"desc":"H1P"},"50C":{"t":"PA18"},"50D":{"desc":"H4E"},"513":{"t":"BE58"},"514":{"t":"C152"},"516":{"desc":"L1P"},"51A":{"t":"FA50"},"51D":{"t":"RV12"},"521":{"t":"GLEX"},"525":{"t":"P32R"},"526":{"desc":"H4E"},"528":{"t":"CRJ2"},"52C":{"t":"PA18"},"52F":{"t":"PA32"},"531":{"desc":"L1P"},"535":{"t":"B06"},"53A":{"desc":"L1P"},"53E":{"t":"P32R"},"53F":{"desc":"H4E"},"558":{"desc":"H4E"},"559":{"desc":"H4E"},"571":{"desc":"H4E"},"584":{"t":"B737"},"58A":{"desc":"H4E"},"5A3":{"desc":"H4E"},"5BC":{"desc":"H4E"},"5C2":{"desc":"L1P","t":"ULAC"},"5D5":{"desc":"H4E"},"5DB":{"desc":"L2P"},"5DC":{"t":"C170"},"5DD":{"t":"C72R"},"5DF":{"t":"PA22"},"5E0":{"t":"AR11"},"5E2":{"t":"C188"},"5E6":{"t":"C172"},"5E7":{"t":"M20P"},"5E9":{"t":"PA25"},"5EB":{"t":"BE35"},"5EC":{"t":"CH7A"},"5ED":{"t":"C210"},"5EF":{"t":"M20T"},"5F1":{"t":"C182"},"5F2":{"t":"BE55"},"5F6":{"t":"P28A"},"5F7":{"t":"P28A"},"5F8":{"t":"C152"},"5F9":{"t":"P28A"},"5FE":{"t":"WACO"},"600":{"t":"C180"},"605":{"t":"C188"},"608":{"t":"P28A"},"60E":{"t":"BALL"},"611":{"t":"BALL"},"612":{"t":"M10"},"615":{"t":"BE95"},"61F":{"t":"P28A"},"620":{"t":"P28A"},"622":{"desc":"L1P"},"623":{"t":"C72R"},"624":{"t":"P32T"},"625":{"t":"P28A"},"629":{"t":"C172"},"633":{"t":"C210"},"634":{"t":"AA1"},"636":{"t":"C182"},"639":{"t":"M20T"},"63A":{"t":"P28A"},"63C":{"t":"P28A"},"63D":{"t":"P28A"},"63E":{"t":"P28A"},"640":{"t":"P28A"},"641":{"t":"P28A"},"642":{"t":"P28A"},"643":{"t":"C152"},"644":{"t":"ULAC"},"645":{"t":"C170"},"649":{"t":"AR11"},"64A":{"t":"C182"},"64B":{"t":"C182"},"64C":{"t":"C172"},"64D":{"t":"P28A"},"64F":{"t":"AA5"},"650":{"t":"M20P"},"652":{"t":"C172"},"655":{"t":"CH7A"},"657":{"desc":"H4E"},"658":{"t":"M10"},"659":{"t":"P28A"},"65E":{"t":"C152"},"662":{"t":"C152"},"663":{"t":"P28A"},"664":{"t":"P28A"},"665":{"t":"P28A"},"668":{"t":"C170"},"66A":{"t":"P28A"},"66B":{"t":"PA22"},"66C":{"t":"AR11"},"66F":{"t":"C172"},"671":{"t":"S108"},"672":{"t":"AA5"},"676":{"t":"C182"},"678":{"t":"C182"},"67A":{"desc":"H4E"},"67B":{"t":"M10"},"67C":{"t":"P28A"},"67D":{"t":"C210"},"682":{"t":"M20T"},"684":{"t":"C152"},"685":{"t":"C152"},"687":{"t":"P28A"},"68A":{"desc":"L1P","t":"ULAC"},"68B":{"t":"C170"},"68C":{"t":"C72R"},"68D":{"desc":"A2P"},"68E":{"t":"PA22"},"690":{"t":"C172"},"694":{"t":"S108"},"695":{"t":"AA5"},"696":{"t":"M20P"},"69D":{"desc":"H4E"},"69E":{"t":"M10"},"69F":{"t":"P28A"},"6A0":{"t":"C210"},"6A1":{"t":"BE35"},"6A3":{"t":"P28A"},"6A5":{"t":"P28A"},"6A7":{"t":"P28A"},"6A8":{"t":"P28A"},"6AA":{"t":"P28A"},"6AC":{"t":"P28A"},"6AF":{"t":"C208"},"6B1":{"t":"PA22"},"6B4":{"t":"C182"},"6B5":{"t":"C172"},"6B6":{"desc":"L1P","t":"ULAC"},"6B9":{"t":"M20P"},"6BB":{"t":"PA25"},"6BC":{"t":"BE65"},"6BF":{"t":"C210"},"6C0":{"t":"AA1"},"6C2":{"t":"P28A"},"6C3":{"t":"C182"},"6C4":{"t":"BE35"},"6C7":{"t":"P28A"},"6C8":{"t":"DG15"},"6C9":{"t":"P28A"},"6CD":{"desc":"A2P"},"6CF":{"t":"C152"},"6D1":{"t":"C170"},"6D4":{"t":"PA22"},"6D7":{"t":"BALL"},"6D8":{"desc":"L1P"},"6D9":{"t":"P28A"},"6DA":{"t":"P28A"},"6DB":{"t":"C172"},"6DC":{"t":"M20P"},"6E0":{"t":"BE35"},"6E2":{"t":"PA38"},"6E3":{"t":"M20T"},"6E4":{"t":"M10"},"6E5":{"t":"C172"},"6E6":{"t":"C210"},"6E8":{"desc":"L1P"},"6EA":{"t":"P28A"},"6EC":{"t":"P28A"},"6ED":{"t":"C152"},"6EE":{"t":"C152"},"6EF":{"t":"P28A"},"6F0":{"t":"P28A"},"6F2":{"t":"P28A"},"6F4":{"desc":"L1P"},"6F8":{"t":"AR11"},"6FA":{"t":"C188"},"6FC":{"t":"P28A"},"6FF":{"t":"M20P"},"703":{"t":"BE35"},"706":{"t":"AA1"},"708":{"t":"C172"},"709":{"t":"C210"},"70B":{"desc":"L1P"},"70D":{"t":"P28A"},"70F":{"t":"ULAC"},"710":{"t":"S55P"},"711":{"t":"S55P"},"712":{"t":"S55P"},"716":{"desc":"L1P"},"71C":{"t":"C172"},"71D":{"t":"T206"},"71E":{"t":"C172"},"720":{"t":"S108"},"721":{"t":"AA5"},"726":{"t":"BE35"},"727":{"t":"CH7A"},"728":{"t":"PA38"},"729":{"desc":"H4E"},"72A":{"t":"M10"},"72D":{"t":"BE55"},"72E":{"desc":"L2T","t":"BE18"},"733":{"t":"C182"},"739":{"t":"B47G"},"73D":{"t":"C172"},"740":{"t":"PC12"},"744":{"desc":"L2J","t":"B39M"},"745":{"t":"EC35"},"747":{"t":"B738"},"74A":{"t":"MD11"},"74B":{"t":"A320"},"74C":{"t":"B712"},"74E":{"t":"A320"},"753":{"t":"B47G"},"754":{"t":"GLID"},"756":{"t":"C182"},"758":{"t":"BE55"},"75C":{"desc":"L1P"},"76D":{"t":"BE55"},"76E":{"t":"SR22"},"76F":{"t":"C172"},"77A":{"t":"C172"},"77E":{"desc":"L1P"},"77F":{"desc":"H4E"},"781":{"t":"C310"},"785":{"desc":"L1P"},"786":{"t":"DV20"},"787":{"t":"BE55"},"789":{"t":"P28A"},"78C":{"t":"PA46"},"78E":{"t":"BE55"},"78F":{"desc":"L1P"},"793":{"t":"H25B"},"794":{"desc":"L1P"},"796":{"t":"DA40"},"798":{"desc":"H4E"},"79A":{"desc":"A1P"},"79D":{"t":"B739"},"79E":{"desc":"L1P"},"7B1":{"desc":"H4E"},"7B7":{"desc":"L1P"},"7BB":{"t":"B752"},"7BC":{"t":"C208"},"7CA":{"desc":"H4E"},"7D2":{"t":"BE36"},"7D8":{"t":"C750"},"7E3":{"desc":"H4E"},"7E4":{"t":"P06T"},"7E9":{"t":"CL30"},"7ED":{"desc":"H1T"},"7EE":{"t":"BE58"},"7FC":{"desc":"H4E"},"803":{"t":"C172"},"804":{"t":"A321"},"80D":{"t":"SR22"},"810":{"desc":"L1P"},"812":{"t":"BE33"},"815":{"desc":"H4E"},"817":{"t":"SR22"},"81D":{"desc":"L1P"},"81E":{"desc":"G1P"},"82E":{"desc":"H4E"},"835":{"t":"AS50"},"836":{"desc":"L1P"},"837":{"t":"C172"},"83D":{"t":"BE36"},"844":{"t":"CRJ9"},"845":{"t":"C185"},"847":{"desc":"H4E"},"849":{"desc":"L1P"},"84E":{"t":"M20P"},"84F":{"t":"GLF4"},"850":{"t":"PC12"},"853":{"t":"UH1"},"85E":{"t":"C182"},"85F":{"t":"DA40"},"860":{"desc":"H4E"},"867":{"desc":"L2J"},"870":{"desc":"L2J","t":"A20N"},"873":{"t":"B738"},"879":{"desc":"H4E"},"882":{"desc":"H1P"},"88A":{"t":"C208"},"88B":{"t":"CL60"},"890":{"t":"PC24"},"891":{"t":"C172"},"892":{"desc":"H4E"},"898":{"t":"BE35"},"8AB":{"desc":"H4E"},"8B4":{"desc":"L1T","t":"SS2P"},"8B9":{"t":"BE55"},"8BB":{"desc":"A1P"},"8BF":{"t":"BE55"},"8C2":{"t":"C172"},"8C4":{"desc":"H4E"},"8C5":{"t":"HUSK"},"8CA":{"t":"P28A"},"8CB":{"t":"CH7B"},"8CF":{"t":"H25B"},"8D1":{"desc":"L1P"},"8D2":{"t":"PA46"},"8D4":{"t":"R22"},"8D6":{"t":"M7"},"8D8":{"t":"C172"},"8DA":{"t":"SR22"},"8DC":{"t":"A119"},"8DD":{"desc":"H4E"},"8DF":{"t":"CRJ2"},"8E3":{"t":"BE95"},"8E6":{"t":"S55P"},"8E8":{"t":"BALL"},"8EA":{"t":"B407"},"8F4":{"t":"GLID"},"8F5":{"t":"AA1"},"8F6":{"desc":"H4E"},"8F9":{"t":"C525"},"8FD":{"desc":"H4E"},"916":{"desc":"H6E"},"91C":{"t":"FA50"},"925":{"t":"C750"},"92E":{"t":"SR22"},"930":{"t":"GA5C"},"935":{"t":"P210"},"93B":{"t":"B737"},"93C":{"t":"B350"},"940":{"t":"SR22"},"941":{"desc":"H4E"},"947":{"t":"G164"},"95A":{"desc":"H4E"},"960":{"desc":"L1P"},"973":{"desc":"H4E"},"979":{"desc":"L1P"},"98C":{"desc":"H4E"},"992":{"desc":"L1P"},"994":{"t":"C72R"},"995":{"desc":"A2P"},"997":{"t":"BL17"},"999":{"t":"C172"},"99B":{"t":"P28A"},"99C":{"t":"S108"},"99D":{"t":"AA5"},"99E":{"t":"M20P"},"99F":{"t":"ULAC"},"9A1":{"t":"C172"},"9A2":{"t":"BE35"},"9A3":{"t":"C172"},"9A5":{"t":"AA1"},"9AA":{"desc":"L2T","t":"BE18"},"9AB":{"t":"C182"},"9AD":{"t":"TAYB"},"9AE":{"t":"TAYB"},"9B2":{"t":"TAYB"},"9B4":{"t":"ULAC"},"9B7":{"t":"C72R"},"9B8":{"desc":"A2P"},"9B9":{"t":"PA22"},"9BA":{"t":"BL17"},"9BE":{"t":"P28A"},"9BF":{"t":"S108"},"9C1":{"t":"M20P"},"9C2":{"t":"ULAC"},"9C5":{"t":"BE35"},"9C6":{"t":"CH7A"},"9C8":{"desc":"H4E"},"9C9":{"t":"M10"},"9CA":{"t":"C182"},"9CC":{"t":"BE35"},"9CD":{"desc":"L2T","t":"BE18"},"9CF":{"t":"TAYB"},"9D1":{"t":"TAYB"},"9D2":{"t":"TAYB"},"9D3":{"t":"TAYB"},"9D5":{"t":"TAYB"},"9D8":{"desc":"H1P"},"9D9":{"t":"C172"},"9DB":{"desc":"A2P"},"9DD":{"t":"AR11"},"9DE":{"t":"ULAC"},"9DF":{"t":"C188"},"9E0":{"t":"C172"},"9E1":{"t":"P28A"},"9E2":{"t":"P28A"},"9E3":{"t":"AA5"},"9E8":{"t":"C182"},"9E9":{"t":"CH7B"},"9EB":{"t":"AA1"},"9EC":{"t":"C172"},"9EF":{"t":"BE35"},"9F1":{"t":"ULAC"},"9F2":{"t":"C182"},"9F3":{"t":"TAYB"},"9F5":{"t":"TAYB"},"9F6":{"t":"TAYB"},"9F7":{"t":"TAYB"},"9F9":{"t":"C182"},"9FB":{"t":"WACO"},"9FC":{"t":"C172"},"A00":{"t":"BL17"},"A04":{"t":"P28A"},"A05":{"t":"S108"},"A07":{"t":"M20P"},"A08":{"desc":"L1P","t":"ULAC"},"A0A":{"t":"BE35"},"A0B":{"t":"BE35"},"A0C":{"t":"C182"},"A0E":{"t":"AA1"},"A10":{"t":"P28A"},"A11":{"t":"C210"},"A14":{"t":"TAYB"},"A17":{"t":"TAYB"},"A19":{"t":"TAYB"},"A1B":{"t":"C152"},"A1D":{"t":"C152"},"A1F":{"t":"C170"},"A22":{"t":"PA22"},"A23":{"t":"BL17"},"A25":{"t":"C206"},"A28":{"t":"S108"},"A29":{"t":"AA5"},"A2A":{"t":"M20P"},"A30":{"t":"T206"},"A31":{"t":"M20T"},"A32":{"t":"C172"},"A35":{"t":"BE33"},"A36":{"desc":"L1P"},"A37":{"t":"C182"},"A38":{"t":"C182"},"A3B":{"t":"C182"},"A3D":{"t":"TAYB"},"A43":{"t":"BE55"},"A44":{"t":"P28A"},"A45":{"t":"PA22"},"A48":{"t":"C188"},"A49":{"t":"C172"},"A4A":{"t":"P28A"},"A4B":{"t":"P28R"},"A4C":{"t":"AA5"},"A4D":{"t":"M20P"},"A50":{"t":"BE35"},"A52":{"t":"CH7A"},"A54":{"desc":"H4E"},"A56":{"t":"P28A"},"A57":{"t":"C182"},"A58":{"t":"BE55"},"A5B":{"t":"C152"},"A5C":{"desc":"L1P","t":"ULAC"},"A5D":{"t":"TAYB"},"A5F":{"t":"TAYB"},"A60":{"t":"C152"},"A61":{"t":"TAYB"},"A63":{"t":"TAYB"},"A68":{"t":"PA22"},"A6D":{"t":"C188"},"A6E":{"t":"P28A"},"A70":{"t":"M20P"},"A73":{"desc":"L1P","t":"ULAC"},"A78":{"t":"C172"},"A79":{"t":"P28A"},"A7C":{"t":"T206"},"A7E":{"t":"TAYB"},"A7F":{"t":"TAYB"},"A84":{"t":"TAYB"},"A89":{"t":"C72R"},"A8C":{"t":"AR11"},"A91":{"t":"P28A"},"A92":{"t":"AA5"},"A95":{"t":"C182"},"A9A":{"t":"AA1"},"A9B":{"t":"C172"},"A9C":{"t":"P28A"},"A9D":{"t":"C182"},"A9E":{"t":"BE35"},"AA6":{"t":"ULAC"},"AA8":{"desc":"L1P","t":"ULAC"},"AAC":{"t":"C180"},"AAE":{"t":"PA22"},"AAF":{"t":"BL17"},"AB4":{"t":"S108"},"AB8":{"t":"PA25"},"ABB":{"t":"CH7B"},"ABC":{"t":"C210"},"ABD":{"desc":"H4E"},"AC0":{"t":"C182"},"AC3":{"t":"UH12"},"AC4":{"t":"TAYB"},"AC5":{"t":"TAYB"},"AC6":{"t":"H269"},"ACA":{"t":"UH12"},"ACE":{"t":"C170"},"AD0":{"desc":"A2P"},"AD1":{"t":"C172"},"AD3":{"t":"H269"},"AD9":{"t":"M20P"},"ADE":{"t":"C172"},"ADF":{"t":"PA38"},"AE0":{"t":"AA1"},"AE1":{"t":"C172"},"AE2":{"t":"P28A"},"AE3":{"t":"C182"},"AE5":{"t":"NAVI"},"AEA":{"t":"PA24"},"AED":{"t":"TAYB"},"AEE":{"t":"TAYB"},"AEF":{"t":"GLID"},"AF0":{"desc":"L1P"},"AF4":{"t":"P32R"},"AF5":{"t":"PA46"},"AFB":{"desc":"L2J","t":"B39M"},"AFD":{"t":"B407"},"AFE":{"t":"B738"},"B02":{"t":"C337"},"B03":{"t":"B712"},"B04":{"desc":"H4E"},"B05":{"t":"A320"},"B0D":{"desc":"A1P","t":"ULAC"},"B10":{"t":"C182"},"B18":{"desc":"L1P"},"B1D":{"desc":"H4E"},"B23":{"t":"SR22"},"B27":{"t":"SR22"},"B29":{"t":"C182"},"B31":{"t":"C182"},"B33":{"t":"P32R"},"B35":{"t":"DV20"},"B36":{"desc":"H4E"},"B3C":{"t":"C208"},"B3D":{"t":"DV20"},"B3F":{"desc":"L1P"},"B46":{"desc":"L2P"},"B48":{"desc":"L1P"},"B4A":{"t":"BL8"},"B4C":{"desc":"L1P"},"B4F":{"desc":"H4E"},"B54":{"t":"B739"},"B56":{"t":"C340"},"B65":{"t":"C152"},"B66":{"t":"C182"},"B68":{"desc":"H4E"},"B72":{"t":"B752"},"B73":{"t":"C208"},"B81":{"desc":"H4E"},"B93":{"desc":"L1P"},"B99":{"desc":"L1P"},"B9A":{"desc":"H4E"},"B9B":{"t":"P06T"},"BA3":{"t":"C25B"},"BB3":{"desc":"H4E"},"BBB":{"t":"DA40"},"BC3":{"desc":"L1P"},"BCA":{"t":"C750"},"BCB":{"t":"A321"},"BCC":{"desc":"H4E"},"BCE":{"t":"CH7B"},"BD4":{"t":"B06"},"BE5":{"desc":"H4E"},"BEC":{"t":"AS50"},"BED":{"desc":"A1P"},"BFB":{"t":"CRJ9"},"BFE":{"desc":"H4E"},"C00":{"desc":"L1P","t":"ULAC"},"C04":{"desc":"L1P"},"C05":{"t":"M20P"},"C06":{"t":"C680"},"C07":{"t":"PRM1"},"C08":{"t":"PA18"},"C14":{"t":"FA50"},"C16":{"t":"DA40"},"C17":{"desc":"H4E"},"C1E":{"desc":"L2J"},"C21":{"t":"BE33"},"C27":{"desc":"L2J","t":"A20N"},"C2A":{"t":"B738"},"C30":{"desc":"H4E"},"C37":{"t":"BE55"},"C39":{"t":"PC12"},"C3D":{"t":"C560"},"C42":{"desc":"H1P"},"C44":{"t":"CL60"},"C49":{"desc":"H4E"},"C4A":{"t":"SR22"},"C4F":{"t":"BE33"},"C62":{"desc":"H4E"},"C6A":{"desc":"L1P","t":"ULAC"},"C6C":{"desc":"G1P"},"C70":{"t":"CH7B"},"C73":{"t":"C82S"},"C7B":{"desc":"H4E"},"C7C":{"desc":"L1P"},"C7D":{"t":"PA38"},"C81":{"desc":"L1P"},"C82":{"t":"P28R"},"C83":{"t":"BE55"},"C84":{"desc":"L1P","t":"ULAC"},"C8C":{"desc":"L1P","t":"LA4"},"C8D":{"t":"C182"},"C8F":{"t":"C172"},"C93":{"t":"A119"},"C94":{"desc":"H4E"},"C96":{"t":"CRJ2"},"C9A":{"desc":"L1P"},"C9B":{"t":"R44"},"C9C":{"t":"H60"},"C9E":{"t":"NAVI"},"C9F":{"desc":"L1P"},"CAB":{"desc":"L1P"},"CAF":{"desc":"L1P"},"CB0":{"t":"C208"},"CB5":{"t":"H60"},"CC8":{"t":"E190"},"CCC":{"t":"BE35"},"CDF":{"desc":"H4E"},"CE7":{"t":"C210"},"CF1":{"t":"PC24"},"CF2":{"t":"B737"},"CF3":{"t":"SR22"},"CF8":{"desc":"H4E"},"D11":{"desc":"H4E"},"D17":{"desc":"L1P"},"D2A":{"desc":"H4E"},"D43":{"desc":"H4E"},"D49":{"desc":"L2P"},"D4B":{"t":"C180"},"D4C":{"t":"T6"},"D4E":{"t":"AR11"},"D52":{"t":"P28A"},"D55":{"t":"M20P"},"D57":{"t":"PA25"},"D59":{"t":"BE35"},"D5A":{"t":"C172"},"D5B":{"t":"C210"},"D5C":{"t":"AA1"},"D5D":{"t":"C172"},"D5E":{"t":"C172"},"D5F":{"t":"C182"},"D62":{"t":"TAYB"},"D63":{"t":"TAYB"},"D64":{"t":"C182"},"D67":{"t":"TAYB"},"D68":{"t":"C152"},"D6F":{"t":"P28A"},"D70":{"t":"PA22"},"D72":{"t":"H269"},"D73":{"t":"C188"},"D74":{"desc":"L1P"},"D75":{"t":"P28A"},"D76":{"t":"PA32"},"D77":{"t":"AA5"},"D78":{"t":"M20P"},"D7B":{"t":"BE35"},"D7C":{"t":"BE35"},"D7D":{"t":"CH7B"},"D7F":{"desc":"H4E"},"D80":{"t":"C172"},"D82":{"t":"C210"},"D86":{"t":"TAYB"},"D8A":{"t":"C152"},"D91":{"t":"C72R"},"D94":{"t":"AR11"},"D97":{"t":"C172"},"D98":{"t":"P28A"},"D99":{"t":"S108"},"D9B":{"t":"M20P"},"D9D":{"t":"C172"},"D9E":{"t":"C172"},"D9F":{"t":"BE35"},"DA0":{"t":"CH7A"},"DA1":{"t":"C210"},"DA2":{"t":"AA1"},"DA3":{"t":"C172"},"DA4":{"t":"P28A"},"DA5":{"t":"C210"},"DA6":{"t":"BE33"},"DAA":{"t":"TAYB"},"DAB":{"t":"TAYB"},"DAE":{"t":"C152"},"DB2":{"desc":"H1P"},"DB3":{"t":"C172"},"DB8":{"t":"H269"},"DB9":{"t":"C206"},"DBA":{"t":"C185"},"DBD":{"t":"AA5"},"DC0":{"t":"PA18"},"DC1":{"t":"BE33"},"DC3":{"t":"CH7A"},"DC4":{"t":"PA38"},"DC5":{"t":"AA1"},"DC7":{"t":"P28A"},"DC8":{"t":"C210"},"DCA":{"desc":"L4P"},"DCC":{"t":"C182"},"DCD":{"t":"TAYB"},"DD4":{"t":"C152"},"DD7":{"t":"C72R"},"DD8":{"t":"P28A"},"DDA":{"t":"AR11"},"DDD":{"t":"C172"},"DDE":{"t":"P28A"},"DDF":{"t":"S108"},"DE1":{"t":"M20P"},"DE4":{"t":"BE33"},"DE5":{"t":"BE35"},"DE6":{"t":"CH7A"},"DE7":{"t":"C210"},"DEC":{"t":"BE33"},"DED":{"desc":"L1P"},"DEE":{"t":"C182"},"DEF":{"t":"TAYB"},"DF1":{"t":"TAYB"},"DF3":{"t":"TAYB"},"DF4":{"t":"C152"},"DF7":{"t":"C182"},"DF8":{"desc":"H1P"},"E01":{"t":"P28A"},"E02":{"t":"PA34"},"E04":{"t":"C182"},"E07":{"t":"BE35"},"E08":{"t":"BE35"},"E09":{"t":"CH7A"},"E0B":{"desc":"H4E"},"E0C":{"t":"C172"},"E0E":{"t":"C210"},"E11":{"t":"C182"},"E12":{"desc":"L1P"},"E13":{"t":"TAYB"},"E14":{"t":"TAYB"},"E18":{"t":"TAYB"},"E19":{"t":"TAYB"},"E1A":{"t":"C182"},"E1C":{"desc":"H8E"},"E1D":{"t":"C72R"},"E1F":{"t":"PA22"},"E23":{"t":"C172"},"E26":{"t":"C172"},"E2A":{"t":"BE35"},"E2E":{"desc":"L1P"},"E2F":{"t":"C172"},"E32":{"t":"BE35"},"E35":{"t":"C182"},"E37":{"t":"TAYB"},"E38":{"desc":"L1P","t":"ULAC"},"E39":{"desc":"L1P"},"E3B":{"t":"TAYB"},"E3C":{"t":"TAYB"},"E3D":{"desc":"L1P"},"E3F":{"t":"C170"},"E41":{"t":"B47G"},"E42":{"t":"PA22"},"E46":{"t":"C172"},"E49":{"t":"C172"},"E4A":{"t":"M20P"},"E4D":{"t":"BE35"},"E51":{"t":"AA1"},"E52":{"t":"C172"},"E53":{"t":"P28A"},"E57":{"t":"C152"},"E5A":{"t":"TAYB"},"E5B":{"t":"TAYB"},"E5D":{"t":"TAYB"},"E5E":{"t":"C182"},"E5F":{"t":"C182"},"E61":{"desc":"H1P"},"E64":{"t":"P28A"},"E68":{"t":"C172"},"E69":{"t":"FA62"},"E6A":{"t":"C182"},"E6C":{"t":"C172"},"E6D":{"t":"M20P"},"E70":{"t":"BE35"},"E74":{"t":"AA5"},"E75":{"t":"C172"},"E76":{"t":"P28A"},"E7C":{"t":"C182"},"E80":{"t":"C182"},"E8A":{"t":"H269"},"E8C":{"t":"C172"},"E8E":{"t":"S108"},"E96":{"t":"C210"},"E9A":{"t":"C210"},"E9B":{"t":"BE33"},"E9D":{"desc":"L1P"},"E9E":{"t":"TAYB"},"EA2":{"t":"TAYB"},"EA3":{"t":"C182"},"EA6":{"t":"TAYB"},"EA8":{"t":"PA22"},"EAB":{"t":"S64"},"EB2":{"t":"ULAC"},"EB3":{"t":"EC35"},"EB4":{"t":"B738"},"EB5":{"t":"B738"},"EB8":{"desc":"L2T"},"EBA":{"t":"B712"},"EBB":{"desc":"H4E"},"EBC":{"t":"A320"},"EC3":{"desc":"L1P"},"EC9":{"desc":"L1P"},"ECA":{"t":"C56X"},"ECD":{"desc":"L2P"},"ED2":{"desc":"L1P","t":"ULAC"},"ED3":{"t":"T206"},"ED4":{"desc":"H4E"},"ED6":{"desc":"L1P"},"EDA":{"t":"S108"},"EDC":{"t":"BE20"},"EDD":{"desc":"H6E"},"EE1":{"t":"ULAC"},"EE3":{"t":"FA20"},"EE8":{"t":"F2TH"},"EEA":{"t":"CL30"},"EEB":{"t":"R44"},"EEC":{"t":"DV20"},"EEF":{"t":"AT3T"},"EF3":{"t":"P32R"},"EF4":{"t":"DV20"},"EF5":{"desc":"L1P"},"EF7":{"t":"C172"},"EF9":{"t":"C185"},"EFB":{"desc":"L1P"},"EFC":{"desc":"L1P"},"EFD":{"desc":"L1P"},"EFE":{"t":"MD88"},"EFF":{"desc":"L1P"},"F05":{"t":"CL30"},"F0B":{"t":"B739"},"F0F":{"desc":"L2J"},"F10":{"t":"T6"},"F1C":{"t":"C172"},"F1D":{"t":"C172"},"F29":{"t":"B752"},"F2A":{"t":"C208"},"F51":{"desc":"H4E"},"F52":{"t":"P06T"},"F6A":{"desc":"H4E"},"F6E":{"desc":"L1P"},"F71":{"desc":"L2P"},"F72":{"t":"A321"},"F7B":{"desc":"L1P"},"F7C":{"t":"COL4"},"F81":{"t":"C750"},"F83":{"desc":"H4E"},"F89":{"t":"S108"},"F98":{"desc":"A1T","t":"KODI"},"F9C":{"desc":"H4E"},"FA3":{"t":"AS50"},"FA4":{"desc":"L1P"},"FB2":{"t":"CRJ9"},"FB5":{"desc":"H4E"},"FC7":{"t":"BE55"},"FCD":{"t":"DA40"},"FCE":{"desc":"H4E"},"FDE":{"desc":"L2J","t":"A20N"},"FE1":{"t":"B738"},"FED":{"t":"GALX"},"FF0":{"t":"BE58"},"FF1":{"t":"PTS2"},"FF6":{"t":"S22T"},"FFC":{"t":"BE58"}}