{"022":{"t":"F900"},"030":{"desc":"L1P"},"032":{"desc":"H4E"},"033":{"desc":"L1P"},"038":{"t":"PA27"},"040":{"desc":"L1T","t":"C182"},"045":{"desc":"H1P"},"046":{"t":"C208"},"048":{"t":"S22T"},"04A":{"t":"PC12"},"04B":{"desc":"H4E"},"04D":{"t":"CRJ2"},"051":{"t":"P32R"},"056":{"desc":"L1P"},"063":{"desc":"L1P"},"064":{"desc":"H4E"},"066":{"desc":"H1P"},"067":{"t":"C750"},"076":{"t":"AA5"},"07F":{"t":"E190"},"083":{"desc":"L1P"},"08F":{"t":"BALL"},"098":{"desc":"L1P"},"09C":{"desc":"L1P"},"09D":{"t":"TAMP"},"09E":{"desc":"L1P"},"0A9":{"t":"B737"},"0AF":{"desc":"H4E"},"0B5":{"t":"FA7X"},"0C8":{"desc":"H4E"},"0E1":{"desc":"H4E"},"0FA":{"desc":"H4E"},"101":{"t":"C182"},"102":{"t":"C180"},"105":{"t":"AR11"},"109":{"t":"P28A"},"10F":{"t":"BE36"},"110":{"t":"BE35"},"111":{"desc":"L1P"},"113":{"t":"AA5"},"116":{"t":"C210"},"117":{"t":"BE33"},"11A":{"t":"TAYB"},"11C":{"t":"TAYB"},"11F":{"t":"TAYB"},"123":{"desc":"H1T","t":"B47G"},"125":{"t":"C180"},"12B":{"t":"C172"},"12C":{"t":"P28A"},"12D":{"t":"P28A"},"12F":{"t":"M20P"},"133":{"desc":"A1P"},"134":{"t":"CH7A"},"136":{"desc":"H4E"},"137":{"t":"C172"},"139":{"t":"C210"},"13D":{"t":"TAYB"},"13F":{"t":"TAYB"},"141":{"t":"TAYB"},"142":{"t":"TAYB"},"145":{"t":"TAYB"},"147":{"t":"C182"},"148":{"t":"C72R"},"149":{"t":"P32T"},"14B":{"t":"AR11"},"14D":{"t":"C206"},"14E":{"t":"C172"},"150":{"t":"S108"},"151":{"t":"C172"},"156":{"t":"BE35"},"15A":{"t":"C172"},"15B":{"t":"C172"},"15C":{"t":"C210"},"15F":{"t":"C182"},"160":{"t":"C182"},"161":{"t":"C152"},"162":{"t":"TAYB"},"163":{"t":"TAYB"},"168":{"t":"TAYB"},"169":{"desc":"H1P"},"16B":{"t":"C72R"},"16C":{"t":"PA34"},"171":{"desc":"L1P"},"174":{"t":"AA5"},"175":{"t":"M20P"},"177":{"t":"PA25"},"178":{"t":"C172"},"17A":{"t":"CH7B"},"17B":{"t":"C210"},"17D":{"t":"C172"},"17E":{"t":"P28A"},"17F":{"t":"C182"},"181":{"t":"C206"},"184":{"t":"TAYB"},"186":{"t":"TAYB"},"187":{"t":"TAYB"},"189":{"t":"C152"},"18B":{"t":"TAYB"},"18D":{"t":"C182"},"18E":{"t":"C72R"},"191":{"t":"AR11"},"193":{"t":"C206"},"194":{"t":"C172"},"197":{"t":"AA5"},"19B":{"t":"BE35"},"19C":{"t":"BE35"},"19D":{"t":"CH7B"},"19E":{"t":"C210"},"19F":{"desc":"H4E"},"1A2":{"t":"C210"},"1A5":{"t":"C182"},"1A6":{"t":"TAYB"},"1A7":{"t":"TAYB"},"1A8":{"t":"TAYB"},"1A9":{"t":"TAYB"},"1AC":{"t":"C182"},"1B0":{"t":"C170"},"1B3":{"t":"PA18"},"1B4":{"t":"AR11"},"1B6":{"t":"C206"},"1B7":{"t":"C182"},"1B8":{"t":"P28A"},"1BF":{"t":"BE35"},"1C2":{"t":"AA5"},"1C3":{"t":"C172"},"1C4":{"t":"P28A"},"1CA":{"t":"TAYB"},"1CB":{"t":"TAYB"},"1CE":{"t":"TAYB"},"1D0":{"t":"TAYB"},"1D2":{"desc":"H1P"},"1D5":{"t":"P28A"},"1D6":{"t":"PA18"},"1D7":{"t":"AR11"},"1D9":{"t":"C188"},"1DB":{"t":"P28A"},"1DC":{"t":"P28A"},"1DD":{"t":"AA1"},"1DE":{"t":"M20P"},"1E0":{"t":"PA25"},"1E2":{"t":"BE35"},"1E4":{"t":"C210"},"1EF":{"t":"C182"},"1F1":{"t":"C182"},"1F7":{"t":"C72R"},"1F9":{"t":"PA18"},"1FA":{"t":"BL17"},"1FD":{"t":"WACO"},"1FE":{"t":"P28A"},"1FF":{"t":"S108"},"200":{"t":"AA5"},"201":{"t":"M20P"},"203":{"t":"S22T"},"205":{"t":"BE35"},"206":{"t":"CH7A"},"208":{"t":"AA5"},"209":{"t":"C172"},"20A":{"t":"C172"},"20B":{"t":"C182"},"20C":{"t":"T210"},"20D":{"t":"C172"},"20F":{"t":"TAYB"},"210":{"t":"TAYB"},"214":{"t":"C182"},"215":{"t":"TAYB"},"217":{"t":"TAYB"},"21A":{"t":"C72R"},"21D":{"t":"BL17"},"221":{"t":"P28A"},"223":{"t":"AA5"},"226":{"t":"PA18"},"228":{"t":"BE35"},"229":{"t":"CH7A"},"22B":{"t":"AA5"},"22E":{"t":"C210"},"22F":{"t":"BE35"},"234":{"t":"GL5T"},"235":{"t":"TAYB"},"236":{"t":"C182"},"238":{"t":"C152"},"239":{"t":"TAYB"},"23A":{"t":"C182"},"23C":{"t":"C170"},"23E":{"t":"P28A"},"23F":{"t":"PA18"},"240":{"t":"C182"},"244":{"t":"P28A"},"246":{"t":"AA5"},"24B":{"t":"BE35"},"24C":{"t":"ULAC"},"24E":{"t":"AA5"},"24F":{"t":"C172"},"251":{"t":"C182"},"254":{"t":"TAYB"},"255":{"t":"TAYB"},"256":{"t":"TAYB"},"25B":{"t":"C152"},"25F":{"t":"PA22"},"266":{"t":"SF50"},"269":{"desc":"L2J","t":"B39M"},"26A":{"t":"EC35"},"26B":{"t":"B738"},"26C":{"t":"B738"},"26F":{"t":"C240"},"271":{"t":"B712"},"272":{"desc":"H4E"},"273":{"t":"A320"},"279":{"t":"SW4"},"27F":{"t":"F2TH"},"284":{"desc":"L1P"},"28B":{"desc":"H4E"},"28E":{"t":"GLF4"},"294":{"t":"BE58"},"295":{"t":"SR22"},"296":{"desc":"L1P"},"29F":{"t":"H269"},"2A1":{"t":"CL30"},"2A3":{"t":"DV20"},"2A4":{"desc":"H4E"},"2AB":{"t":"DV20"},"2AC":{"desc":"L1P"},"2B1":{"desc":"L1P"},"2B6":{"t":"BE33"},"2BD":{"desc":"H4E"},"2C2":{"t":"B739"},"2C8":{"desc":"L1P","t":"ULAC"},"2CA":{"t":"H269"},"2D3":{"t":"C172"},"2D6":{"desc":"H4E"},"2E0":{"t":"B752"},"2E1":{"t":"C208"},"2EF":{"desc":"H4E"},"2F7":{"t":"C560"},"2F8":{"t":"C550"},"308":{"desc":"H4E"},"309":{"t":"P06T"},"30E":{"t":"WACO"},"311":{"t":"BE58"},"321":{"desc":"H4E"},"329":{"t":"A321"},"32F":{"t":"BE9L"},"335":{"t":"PA18"},"337":{"t":"C180"},"33A":{"desc":"H4E"},"33D":{"t":"E145"},"342":{"t":"BALL"},"34C":{"desc":"L2P"},"353":{"desc":"H4E"},"359":{"desc":"L1P"},"35A":{"t":"AS50"},"35B":{"desc":"L1P"},"362":{"t":"RV12"},"369":{"t":"CRJ9"},"36C":{"desc":"H4E"},"376":{"t":"C340"},"379":{"t":"C525"},"37C":{"desc":"L1P","t":"ULAC"},"37D":{"desc":"L1P"},"37E":{"t":"PA46"},"384":{"t":"DA40"},"385":{"desc":"H4E"},"395":{"desc":"L2J","t":"A20N"},"398":{"t":"B738"},"39E":{"desc":"H4E"},"3A4":{"t":"B58T"},"3A6":{"t":"B58T"},"3A8":{"desc":"L1J"},"3AB":{"t":"S22T"},"3B6":{"t":"SR22"},"3B7":{"desc":"H4E"},"3D0":{"desc":"H4E"},"3E8":{"desc":"L1P"},"3E9":{"desc":"H4E"},"3EA":{"desc":"L1P"},"3EB":{"desc":"L1P"},"3F1":{"t":"C82R"},"3FD":{"t":"C208"},"400":{"desc":"H4E"},"401":{"t":"T206"},"402":{"desc":"H4E"},"404":{"t":"CRJ2"},"408":{"desc":"L1P"},"40A":{"t":"GLF4"},"40B":{"desc":"L1P"},"40D":{"desc":"L1P"},"416":{"t":"BE30"},"418":{"t":"B407"},"41B":{"desc":"H4E"},"41D":{"t":"HUSK"},"434":{"desc":"H4E"},"436":{"t":"E190"},"44C":{"desc":"L1P"},"44D":{"desc":"H4E"},"457":{"t":"BE58"},"45B":{"t":"E170"},"460":{"t":"B737"},"466":{"desc":"H4E"},"47F":{"desc":"H4E"},"498":{"desc":"H4E"},"49E":{"t":"GLID"},"4B1":{"desc":"H4E"},"4B7":{"desc":"L1P"},"4B9":{"t":"C180"},"4BF":{"t":"ST75"},"4C0":{"t":"P28A"},"4C2":{"t":"AA5"},"4C3":{"t":"M20P"},"4C7":{"t":"BE35"},"4C8":{"t":"CH7A"},"4CA":{"t":"AA5"},"4CC":{"t":"P28A"},"4CD":{"t":"C210"},"4CE":{"t":"BE33"},"4D0":{"t":"TAYB"},"4D1":{"t":"C182"},"4D2":{"t":"C182"},"4D5":{"t":"TAYB"},"4D6":{"t":"TAYB"},"4D7":{"t":"C182"},"4D8":{"t":"C182"},"4D9":{"t":"TAYB"},"4DB":{"t":"C170"},"4DF":{"t":"AR11"},"4E1":{"t":"C172"},"4E2":{"t":"C185"},"4EB":{"t":"CH7A"},"4ED":{"desc":"H4E"},"4EE":{"t":"C182"},"4F3":{"t":"TAYB"},"4F7":{"t":"TAYB"},"4F9":{"t":"TAYB"},"4FA":{"t":"TAYB"},"501":{"t":"PA22"},"502":{"t":"BL17"},"505":{"t":"C172"},"507":{"t":"S108"},"509":{"desc":"L1P"},"50D":{"t":"BE35"},"510":{"t":"M20T"},"511":{"t":"C172"},"512":{"t":"P28A"},"514":{"t":"BE55"},"517":{"t":"C152"},"519":{"t":"TAYB"},"51C":{"t":"C182"},"51D":{"t":"TAYB"},"522":{"t":"C72R"},"529":{"t":"P28A"},"52C":{"t":"C206"},"52F":{"t":"BE35"},"530":{"t":"BE35"},"533":{"desc":"H4E"},"537":{"t":"BE35"},"539":{"t":"TAYB"},"53A":{"t":"C152"},"53C":{"t":"TAYB"},"53D":{"t":"C182"},"542":{"t":"TAYB"},"544":{"t":"C170"},"545":{"t":"C72R"},"546":{"desc":"A2P"},"54C":{"t":"P28A"},"54F":{"t":"M20P"},"551":{"t":"PA25"},"552":{"t":"C182"},"553":{"t":"BE35"},"554":{"t":"CH7A"},"555":{"t":"C210"},"556":{"desc":"H4E"},"557":{"t":"C172"},"558":{"t":"P28A"},"55B":{"desc":"L1P"},"55C":{"t":"C152"},"55D":{"t":"C182"},"55E":{"t":"TAYB"},"562":{"t":"TAYB"},"564":{"t":"C182"},"565":{"t":"TAYB"},"569":{"t":"P32T"},"56A":{"t":"PA22"},"56D":{"t":"C206"},"56F":{"t":"P28A"},"570":{"t":"P32R"},"571":{"t":"AA5"},"572":{"t":"M20P"},"575":{"t":"BE35"},"579":{"t":"AA1"},"57A":{"t":"C172"},"57B":{"t":"P28A"},"57F":{"t":"TAYB"},"583":{"t":"TAYB"},"584":{"t":"TAYB"},"585":{"t":"TAYB"},"586":{"t":"C182"},"587":{"t":"C182"},"58A":{"desc":"L1P"},"58B":{"t":"C180"},"58D":{"t":"PA22"},"58E":{"t":"AR11"},"592":{"t":"P28A"},"594":{"t":"AA5"},"595":{"t":"M20P"},"599":{"t":"BE35"},"59B":{"t":"C210"},"59C":{"t":"AA5"},"59E":{"t":"P28A"},"59F":{"t":"C210"},"5A1":{"desc":"L1P"},"5A2":{"t":"C182"},"5A5":{"t":"C182"},"5A7":{"t":"C182"},"5A8":{"t":"TAYB"},"5AA":{"t":"C182"},"5AB":{"t":"TAYB"},"5AD":{"desc":"L1P"},"5B1":{"t":"BL17"},"5B3":{"t":"C188"},"5B5":{"t":"P28A"},"5B7":{"t":"AA5"},"5B8":{"t":"M20P"},"5BB":{"t":"BE35"},"5BC":{"t":"BE35"},"5BD":{"t":"CH7B"},"5BE":{"desc":"L1P"},"5BF":{"t":"AA5"},"5C0":{"t":"C172"},"5C2":{"t":"C210"},"5C5":{"t":"TAYB"},"5C6":{"t":"TAYB"},"5CA":{"t":"TAYB"},"5CD":{"t":"TAYB"},"5CE":{"t":"C182"},"5D0":{"t":"C170"},"5D1":{"t":"C180"},"5D3":{"t":"PA22"},"5DB":{"t":"M20P"},"5DE":{"t":"BE35"},"5E3":{"t":"C172"},"5E5":{"t":"C210"},"5E6":{"t":"BE33"},"5E8":{"t":"TAYB"},"5ED":{"t":"TAYB"},"5F1":{"t":"TAYB"},"5F3":{"t":"C170"},"5F5":{"t":"T6"},"5F9":{"t":"C182"},"5FA":{"t":"C172"},"5FC":{"t":"S108"},"5FD":{"t":"AA5"},"603":{"t":"CH7B"},"605":{"desc":"H4E"},"608":{"t":"C210"},"609":{"t":"BE33"},"60E":{"t":"TAYB"},"611":{"t":"TAYB"},"612":{"t":"C182"},"613":{"t":"TAYB"},"615":{"t":"B47G"},"617":{"desc":"L1P"},"619":{"t":"P28T"},"61A":{"desc":"L1P"},"61C":{"t":"PC12"},"61E":{"t":"HDJT"},"620":{"t":"A109"},"621":{"t":"EC35"},"623":{"t":"B738"},"628":{"t":"B712"},"629":{"desc":"H4E"},"62A":{"t":"A320"},"632":{"t":"R66"},"637":{"t":"UH1"},"63D":{"t":"B737"},"642":{"desc":"H4E"},"644":{"t":"C82R"},"648":{"t":"PA27"},"64B":{"t":"C56X"},"64C":{"t":"SR22"},"64E":{"desc":"H1P"},"656":{"t":"C182"},"658":{"t":"BE40"},"65A":{"t":"FDCT"},"65B":{"desc":"H4E"},"65D":{"desc":"L1P"},"661":{"t":"S108"},"662":{"t":"DV20"},"663":{"t":"M7"},"664":{"t":"C340"},"667":{"desc":"L1P","t":"LA4"},"669":{"desc":"A1P"},"66C":{"t":"MD88"},"671":{"t":"SR22"},"674":{"desc":"H4E"},"679":{"t":"B739"},"67A":{"t":"PA18"},"67E":{"desc":"A1P"},"68D":{"desc":"H4E"},"697":{"t":"B752"},"698":{"t":"C208"},"6A5":{"desc":"L1P"},"6A6":{"desc":"H4E"},"6AC":{"t":"P28A"},"6B3":{"t":"AT5T"},"6B6":{"t":"S22T"},"6BD":{"t":"BE95"},"6BE":{"t":"C152"},"6BF":{"desc":"H4E"},"6C0":{"t":"P06T"},"6C5":{"t":"WACO"},"6C8":{"t":"C172"},"6D1":{"t":"C525"},"6D8":{"desc":"H4E"},"6DF":{"t":"C172"},"6E0":{"t":"A321"},"6E1":{"t":"ULAC"},"6E7":{"t":"WW24"},"6EE":{"desc":"L1P"},"6EF":{"desc":"L1P"},"6F0":{"t":"T206"},"6F4":{"t":"E145"},"6F9":{"desc":"H6E"},"711":{"t":"AS50"},"718":{"desc":"H1P"},"71E":{"t":"B407"},"720":{"t":"CRJ9"},"723":{"desc":"H4E"},"729":{"desc":"L2P"},"72A":{"t":"PC12"},"733":{"desc":"L1P","t":"ULAC"},"735":{"t":"P32R"},"73C":{"desc":"H4E"},"743":{"desc":"L2J"},"74C":{"desc":"L2J","t":"A20N"},"74F":{"t":"B738"},"75F":{"t":"CH7B"},"760":{"t":"PA34"},"767":{"t":"COL4"},"769":{"t":"ASTR"},"76E":{"desc":"H4E"},"774":{"t":"BE35"},"787":{"desc":"H4E"},"791":{"t":"PA18"},"795":{"t":"C414"},"796":{"t":"C550"},"799":{"t":"C172"},"79B":{"t":"LJ45"},"79F":{"desc":"L1P"},"7A0":{"desc":"H4E"},"7A1":{"desc":"L1P"},"7A2":{"desc":"L2J"},"7A6":{"desc":"L1P"},"7AA":{"desc":"L1P"},"7B2":{"t":"M7"},"7B8":{"t":"A119"},"7B9":{"desc":"H4E"},"7BB":{"t":"CRJ2"},"7C2":{"t":"C82S"},"7C4":{"desc":"L1P"},"7CA":{"t":"B412"},"7D1":{"t":"C82S"},"7D2":{"desc":"H4E"},"7D3":{"desc":"L2P"},"7D4":{"desc":"L1P"},"7D5":{"t":"C414"},"7D9":{"t":"C172"},"7EB":{"desc":"H4E"},"804":{"desc":"H4E"},"80A":{"desc":"L1P"},"80B":{"t":"PA34"},"80C":{"desc":"A1T","t":"KODI"},"817":{"t":"B737"},"81B":{"desc":"L1P"},"81C":{"t":"SR22"},"81D":{"desc":"H4E"},"81F":{"t":"B744"},"823":{"desc":"L1J"},"836":{"desc":"H4E"},"83C":{"t":"C172"},"84F":{"desc":"H4E"},"855":{"desc":"L1P"},"867":{"desc":"H6E"},"868":{"desc":"H4E"},"86E":{"desc":"H1P"},"86F":{"t":"C170"},"878":{"t":"S108"},"87A":{"t":"M20P"},"881":{"t":"M20T"},"886":{"desc":"L1P"},"888":{"t":"TAYB"},"88C":{"t":"TAYB"},"890":{"t":"TAYB"},"891":{"desc":"H1P"},"893":{"t":"C72R"},"894":{"desc":"L1P"},"896":{"t":"BL17"},"89A":{"t":"P28A"},"89C":{"t":"C172"},"89D":{"t":"M20P"},"8A2":{"t":"CH7B"},"8A4":{"t":"AA5"},"8A7":{"t":"C210"},"8A8":{"t":"BE33"},"8AA":{"t":"TAYB"},"8AB":{"t":"TAYB"},"8AC":{"t":"C182"},"8AF":{"t":"C182"},"8B0":{"t":"TAYB"},"8B1":{"t":"TAYB"},"8B2":{"t":"TAYB"},"8B5":{"t":"C170"},"8B8":{"t":"PA22"},"8B9":{"t":"AR11"},"8BE":{"t":"S108"},"8BF":{"t":"AA5"},"8C4":{"t":"BE35"},"8C7":{"t":"AA5"},"8C9":{"t":"P28A"},"8CA":{"t":"C210"},"8CD":{"t":"TAYB"},"8D3":{"t":"TAYB"},"8D5":{"t":"C182"},"8D9":{"t":"C72R"},"8DC":{"t":"AR11"},"8DF":{"t":"C172"},"8E0":{"t":"P28A"},"8E1":{"t":"P28A"},"8E2":{"t":"AA5"},"8E7":{"t":"BE35"},"8E8":{"t":"CH7A"},"8E9":{"t":"C210"},"8EB":{"t":"C172"},"8ED":{"t":"C210"},"8F0":{"t":"TAYB"},"8F1":{"t":"TAYB"},"8F2":{"t":"TAYB"},"8F3":{"t":"TAYB"},"8F5":{"t":"C182"},"8F6":{"t":"C152"},"8F7":{"t":"C182"},"8F8":{"t":"TAYB"},"8FA":{"desc":"H1P"},"8FC":{"t":"C208"},"8FD":{"t":"P28R"},"902":{"t":"C172"},"903":{"t":"P28A"},"909":{"t":"BE55"},"90B":{"t":"CH7B"},"90C":{"t":"C210"},"90D":{"t":"AA5"},"90F":{"t":"P28A"},"915":{"t":"TAYB"},"918":{"t":"C182"},"91F":{"t":"B47G"},"921":{"t":"PA22"},"922":{"t":"AR11"},"924":{"t":"C206"},"926":{"t":"P28A"},"927":{"t":"S108"},"929":{"t":"M20P"},"92F":{"desc":"L1P"},"930":{"t":"AA5"},"931":{"t":"C172"},"936":{"desc":"L1P"},"93B":{"t":"TAYB"},"93D":{"t":"TAYB"},"93F":{"t":"TAYB"},"941":{"t":"C170"},"942":{"t":"C180"},"944":{"t":"PA22"},"945":{"t":"BL17"},"948":{"t":"C172"},"949":{"t":"P28A"},"94B":{"t":"AA5"},"950":{"t":"BE35"},"952":{"t":"C210"},"953":{"t":"AA5"},"954":{"t":"C172"},"955":{"t":"P28A"},"956":{"t":"C210"},"95B":{"desc":"L1P"},"95C":{"t":"C182"},"95E":{"desc":"L1P"},"960":{"t":"C182"},"962":{"t":"TAYB"},"963":{"t":"DA40"},"964":{"t":"C170"},"968":{"t":"BL17"},"96B":{"t":"BE17"},"96C":{"t":"P28A"},"96D":{"desc":"L1P"},"96E":{"t":"AA5"},"96F":{"t":"M20P"},"973":{"t":"BE35"},"975":{"t":"C210"},"976":{"desc":"H4E"},"977":{"t":"C172"},"979":{"t":"C210"},"97A":{"t":"BE33"},"97B":{"desc":"L1P"},"983":{"t":"TAYB"},"985":{"t":"TAYB"},"987":{"desc":"L1P"},"988":{"t":"C72R"},"98A":{"t":"PA22"},"98B":{"t":"AR11"},"98D":{"t":"C182"},"98E":{"t":"C172"},"98F":{"t":"P28A"},"992":{"t":"M20P"},"995":{"t":"BE35"},"996":{"t":"BE35"},"999":{"t":"AA5"},"99A":{"t":"BE35"},"99C":{"t":"C210"},"99D":{"t":"BE55"},"99E":{"desc":"L1P"},"9A0":{"t":"C182"},"9A3":{"t":"TAYB"},"9A4":{"t":"TAYB"},"9A6":{"t":"TAYB"},"9A8":{"t":"TAYB"},"9AA":{"t":"C170"},"9AC":{"t":"PA32"},"9AD":{"t":"C140"},"9B1":{"t":"DG15"},"9B2":{"t":"P28A"},"9B3":{"desc":"L1P"},"9B8":{"t":"BE35"},"9B9":{"t":"BE35"},"9BB":{"t":"C210"},"9BC":{"desc":"H4E"},"9BE":{"t":"P28A"},"9C1":{"desc":"L1P"},"9C2":{"t":"TAYB"},"9C5":{"t":"C152"},"9C7":{"t":"C152"},"9C9":{"t":"TAYB"},"9CD":{"t":"C195"},"9CF":{"desc":"L1T","t":"M600"},"9D0":{"desc":"L1P"},"9D1":{"desc":"L2J","t":"G150"},"9D2":{"t":"B06"},"9D3":{"desc":"L1P"},"9D4":{"t":"U21"},"9D5":{"t":"AS50"},"9D7":{"t":"C207"},"9D8":{"desc":"L1T"},"9D9":{"t":"BE20"},"9DA":{"desc":"L1P"},"9DD":{"desc":"H1P"},"9DF":{"t":"SR22"},"9E1":{"desc":"L2T"},"9E2":{"t":"M20P"},"9E6":{"desc":"L1P"},"9E8":{"t":"SR22"},"9E9":{"desc":"L1P"},"9EA":{"t":"BE58"},"9EB":{"desc":"L1P"},"9ED":{"t":"GLID"},"9EE":{"t":"B06"},"9EF":{"desc":"L1P"},"9F0":{"t":"ERCO"},"9F1":{"t":"C560"},"9F2":{"t":"BE36"},"9F4":{"t":"C404"},"9F6":{"t":"GLF6"},"9F7":{"t":"BE33"},"9F8":{"desc":"L1P"},"9FB":{"desc":"L1P"},"9FE":{"desc":"L1P"},"9FF":{"t":"TAYB"},"A00":{"t":"BALL"},"A01":{"t":"M20P"},"A02":{"t":"C210"},"A03":{"t":"BE35"},"A04":{"t":"BE20"},"A06":{"t":"GLID"},"A07":{"desc":"L1P"},"A08":{"desc":"L1P"},"A09":{"t":"SR20"},"A0B":{"desc":"L1P"},"A0C":{"t":"C182"},"A11":{"t":"GLID"},"A14":{"desc":"L1P"},"A18":{"t":"PA18"},"A19":{"desc":"L1P","t":"ULAC"},"A1A":{"t":"BE35"},"A1B":{"t":"PA18"},"A1C":{"t":"C25A"},"A1E":{"t":"S22T"},"A1F":{"desc":"L1P"},"A20":{"t":"BE33"},"A21":{"desc":"L1P"},"A22":{"desc":"L1P"},"A23":{"desc":"L1P"},"A26":{"t":"BALL"},"A28":{"desc":"L1P"},"A29":{"t":"GC1"},"A2A":{"t":"P28A"},"A2D":{"t":"BE36"},"A32":{"t":"CRJ2"},"A33":{"desc":"L1P"},"A34":{"t":"UH1"},"A35":{"desc":"L1P"},"A38":{"desc":"L1P"},"A3C":{"t":"P28A"},"A41":{"t":"M20P"},"A42":{"desc":"L1P"},"A45":{"desc":"L1P"},"A47":{"desc":"L1P"},"A49":{"desc":"L1P"},"A4C":{"t":"C500"},"A4E":{"desc":"L1P"},"A4F":{"t":"F900"},"A54":{"t":"S22T"},"A55":{"t":"SR22"},"A56":{"t":"P46T"},"A58":{"t":"C25A"},"A5A":{"t":"C172"},"A5B":{"desc":"L1P"},"A5C":{"t":"G280"},"A5D":{"t":"S22T"},"A5E":{"desc":"L1P"},"A60":{"t":"GLEX"},"A63":{"t":"C25B"},"A64":{"t":"BE40"},"A65":{"t":"BE58"},"A66":{"t":"P28S"},"A69":{"desc":"L1P"},"A6F":{"t":"HUSK"},"A73":{"t":"GLID"},"A74":{"t":"LJ35"},"A75":{"t":"C82S"},"A76":{"t":"B407"},"A78":{"desc":"L1P"},"A7F":{"t":"T206"},"A80":{"desc":"L1T"},"A82":{"t":"BE76"},"A83":{"desc":"A1P"},"A84":{"desc":"L1P"},"A85":{"desc":"L1P"},"A86":{"t":"TBM8"},"A88":{"t":"CL30"},"A8A":{"t":"BE36"},"A8D":{"desc":"L1P"},"A8F":{"t":"HUSK"},"A95":{"desc":"L1P"},"A96":{"t":"GLF4"},"A97":{"t":"PA32"},"A98":{"desc":"L1T"},"A99":{"t":"M20T"},"A9B":{"t":"BE9L"},"A9D":{"t":"GLID"},"A9E":{"desc":"L1P"},"A9F":{"t":"BE36"},"AA0":{"t":"C421"},"AA1":{"t":"P51"},"AA2":{"t":"PA30"},"AA3":{"desc":"L1P"},"AA7":{"t":"C650"},"AAA":{"desc":"H1P"},"AAE":{"t":"P28A"},"AB0":{"desc":"H1T"},"AB1":{"t":"P32R"},"AB2":{"desc":"L1P"},"AB3":{"desc":"L1P"},"AB4":{"desc":"L1P"},"AB7":{"t":"S22T"},"AB8":{"t":"BE9T"},"ABA":{"desc":"L1P"},"ABC":{"desc":"L1P"},"ABF":{"t":"M20P"},"AC3":{"desc":"L1P"},"AC8":{"t":"F900"},"ACA":{"desc":"L1P","t":"ULAC"},"ACC":{"desc":"L1P"},"ACE":{"t":"C180"},"ACF":{"desc":"L1P"},"AD0":{"desc":"A1P"},"AD2":{"t":"T210"},"AD4":{"t":"BALL"},"AD7":{"desc":"L1P"},"AD8":{"t":"S22T"},"AD9":{"desc":"L1P","t":"ULAC"},"AE1":{"t":"PAY1"},"AE2":{"t":"BE9L"},"AE3":{"t":"BE35"},"AE5":{"t":"M7"},"AE6":{"desc":"L1P"},"AE7":{"desc":"L4T"},"AEA":{"desc":"L1P"},"AEB":{"t":"PA32"},"AEC":{"t":"M22"},"AF4":{"t":"PC12"},"AF5":{"desc":"L1P"},"AFB":{"t":"C56X"},"B01":{"desc":"A1P"},"B07":{"t":"C56X"},"B0A":{"desc":"L1P"},"B0E":{"t":"B06"},"B13":{"t":"HUSK"},"B14":{"t":"C25B"},"B15":{"desc":"L1P"},"B16":{"t":"C25C"},"B19":{"t":"PA34"},"B1B":{"desc":"L1P"},"B1C":{"desc":"L1P"},"B20":{"t":"PA46"},"B22":{"desc":"L1P"},"B23":{"t":"BE36"},"B24":{"t":"B58T"},"B27":{"t":"T206"},"B28":{"t":"C25B"},"B2A":{"t":"C525"},"B35":{"desc":"L1P"},"B47":{"t":"BE24"},"B48":{"desc":"L1P"},"B4B":{"desc":"L1P"},"B4C":{"t":"P210"},"B4D":{"desc":"L1P"},"B4E":{"t":"HUSK"},"B50":{"desc":"L1P"},"B52":{"desc":"H1P"},"B54":{"t":"C172"},"B55":{"desc":"L1P"},"B58":{"desc":"L1P"},"B59":{"desc":"L1P"},"B5A":{"t":"C750"},"B5D":{"t":"U21"},"B5E":{"t":"SR22"},"B5F":{"t":"SR22"},"B60":{"t":"PA18"},"B61":{"desc":"L1P"},"B62":{"desc":"L1P"},"B65":{"desc":"H1T","t":"B47G"},"B66":{"t":"C182"},"B67":{"t":"R44"},"B68":{"t":"M7"},"B69":{"desc":"L1P"},"B6B":{"t":"S76"},"B6D":{"desc":"L1P"},"B6E":{"desc":"L1P"},"B71":{"t":"C310"},"B72":{"t":"C25A"},"B73":{"t":"GLID"},"B74":{"t":"SR22"},"B77":{"desc":"L1P"},"B78":{"t":"P28A"},"B79":{"t":"BALL"},"B7A":{"desc":"L1P"},"B7B":{"t":"C56X"},"B7C":{"desc":"L1P"},"B7D":{"t":"C182"},"B7F":{"desc":"L1P"},"B80":{"desc":"A1P"},"B81":{"desc":"L1P"},"B84":{"desc":"L1P"},"B86":{"desc":"L1P"},"B87":{"t":"R44"},"B88":{"t":"BE9T"},"B8C":{"t":"C750"},"B8F":{"desc":"L1P"},"B90":{"t":"GLF5"},"B92":{"desc":"A2P"},"B98":{"desc":"L3J"},"BA1":{"t":"FA50"},"BA9":{"t":"P28A"},"BAD":{"desc":"L1P"},"BAE":{"t":"BE36"},"BBC":{"desc":"L1P"},"BBD":{"t":"BE36"},"BC1":{"t":"BE35"},"BC3":{"t":"CL60"},"BC4":{"t":"BE20"},"BC5":{"t":"M7"},"BC6":{"t":"BE58"},"BC7":{"t":"BE58"},"BC8":{"desc":"L1P"},"BC9":{"desc":"L1P"},"BCC":{"desc":"L1P"},"BCF":{"t":"C82R"},"BD1":{"t":"ULAC"},"BD3":{"desc":"L1P"},"BD6":{"t":"BL8"},"BD8":{"t":"HUSK"},"BDA":{"t":"ST75"},"BDD":{"desc":"L1P"},"BEF":{"t":"R44"},"BF0":{"desc":"L1P"},"BF3":{"t":"U21"},"C03":{"desc":"L1P"},"C06":{"desc":"L1P"},"C0A":{"t":"DV20"},"C0B":{"desc":"L1P"},"C25":{"t":"ST75"},"C26":{"desc":"L1T"},"C29":{"t":"P28A"},"C2D":{"t":"BE35"},"C2E":{"desc":"L1T"},"C30":{"desc":"L2J","t":"B39M"},"C31":{"t":"S22T"},"C33":{"t":"B738"},"C37":{"t":"LJ45"},"C38":{"t":"B712"},"C39":{"t":"C172"},"C3A":{"t":"A320"},"C3F":{"desc":"S1P"},"C41":{"desc":"L1T"},"C4D":{"t":"SR22"},"C50":{"desc":"L1T"},"C51":{"desc":"L2P"},"C52":{"desc":"H4E"},"C58":{"desc":"L1T"},"C5A":{"t":"BALL"},"C5B":{"desc":"L1T"},"C63":{"t":"F900"},"C64":{"t":"SR22"},"C66":{"t":"C182"},"C68":{"t":"CL30"},"C69":{"t":"T206"},"C6A":{"t":"FDCT"},"C6B":{"desc":"H4E"},"C71":{"desc":"L1P"},"C72":{"t":"DV20"},"C77":{"t":"C414"},"C79":{"desc":"L1T"},"C7D":{"t":"BE35"},"C7F":{"t":"GLF4"},"C83":{"t":"G280"},"C84":{"desc":"H4E"},"C86":{"desc":"L1T"},"C87":{"desc":"L1T"},"C89":{"t":"B739"},"C8A":{"desc":"L1P"},"C8F":{"desc":"L1T"},"C96":{"t":"C421"},"C9B":{"t":"E50P"},"C9D":{"desc":"H4E"},"CA3":{"desc":"L1T"},"CA7":{"t":"B752"},"CA8":{"t":"C208"},"CB1":{"desc":"L1T"},"CB6":{"desc":"H4E"},"CBC":{"t":"P46T"},"CBF":{"t":"B407"},"CC1":{"desc":"L1T"},"CCC":{"t":"CL30"},"CCD":{"t":"M20P"},"CCF":{"desc":"H4E"},"CD0":{"t":"P06T"},"CD5":{"desc":"L1T"},"CD9":{"t":"C680"},"CE0":{"t":"C208"},"CE8":{"desc":"H4E"},"CEE":{"t":"BE55"},"CF0":{"desc":"L1T"},"CF9":{"desc":"L1T"},"CFA":{"desc":"L1T"},"CFC":{"t":"BE20"},"CFE":{"desc":"L1T"},"CFF":{"t":"GLF4"},"D01":{"desc":"H4E"},"D02":{"desc":"L1T"},"D07":{"desc":"L1T"},"D09":{"t":"GLID"},"D0C":{"t":"ULAC"},"D13":{"desc":"L1P"},"D1A":{"desc":"H4E"},"D21":{"t":"AS50"},"D2E":{"desc":"L1T"},"D31":{"t":"GLF4"},"D33":{"desc":"H4E"},"D39":{"desc":"L1T"},"D3A":{"t":"E55P"},"D3C":{"t":"F900"},"D3D":{"desc":"L1T"},"D45":{"desc":"L1T"},"D47":{"desc":"L1T"},"D49":{"desc":"L1T"},"D4A":{"t":"C172"},"D4E":{"desc":"L1T"},"D53":{"desc":"L2J"},"D57":{"desc":"L1T"},"D5C":{"desc":"L2J","t":"A20N"},"D5F":{"t":"B738"},"D65":{"desc":"H4E"},"D67":{"t":"H60"},"D6B":{"t":"SR22"},"D7D":{"t":"C510"},"D7E":{"desc":"H4E"},"D97":{"desc":"H4E"},"D9D":{"t":"HUSK"},"DA3":{"desc":"L1P"},"DA9":{"t":"BL8"},"DAA":{"desc":"L1P"},"DAE":{"t":"AA5"},"DAF":{"t":"E55P"},"DB6":{"t":"FA50"},"DB7":{"desc":"L1T"},"DB9":{"t":"LJ60"},"DBC":{"t":"F900"},"DBE":{"t":"R22"},"DC4":{"desc":"L1T"},"DC6":{"t":"R44"},"DCB":{"t":"CRJ2"},"DD0":{"t":"C172"},"DD3":{"desc":"L1T"},"DD4":{"desc":"L1P"},"DD7":{"desc":"L1P"},"DDA":{"desc":"L1T"},"DE2":{"desc":"H4E"},"DE3":{"desc":"L1T"},"DE5":{"t":"FA20"},"DFB":{"desc":"H4E"},"E0D":{"desc":"L1T"},"E12":{"t":"PA18"},"E14":{"desc":"H4E"},"E1D":{"t":"P28A"},"E27":{"t":"B737"},"E2C":{"desc":"L1T"},"E2D":{"desc":"H4E"},"E46":{"desc":"H4E"},"E5F":{"desc":"H4E"},"E78":{"desc":"H4E"},"E7F":{"t":"C140"},"E81":{"desc":"L2P"},"E87":{"desc":"L1P"},"E8A":{"t":"M20P"},"E8F":{"t":"CH7B"},"E91":{"t":"P28A"},"E97":{"t":"TAYB"},"EA0":{"desc":"L1P"},"EA5":{"t":"PA22"},"EA6":{"t":"BL17"},"EAA":{"t":"P28A"},"EAB":{"t":"S108"},"EB0":{"t":"C172"},"EB1":{"t":"BE95"},"EB3":{"desc":"L1P"},"EB4":{"t":"AA5"},"EB5":{"t":"M20P"},"EB7":{"t":"C210"},"EB8":{"t":"BE33"},"EBC":{"t":"TAYB"},"EBD":{"t":"TAYB"},"EBE":{"t":"TAYB"},"EBF":{"t":"TAYB"},"EC2":{"t":"TAYB"},"EC3":{"t":"C180"},"EC5":{"t":"C140"},"EC6":{"t":"C72R"},"EC9":{"t":"BL17"},"ECA":{"t":"C208"},"ECC":{"t":"C182"},"ED0":{"t":"M20P"},"ED1":{"desc":"A1P"},"ED5":{"t":"CH7B"},"ED7":{"t":"AA5"},"ED8":{"t":"M20P"},"EDA":{"t":"C210"},"EDB":{"t":"BE35"},"EE1":{"t":"C172"},"EE3":{"t":"TAYB"},"EEA":{"t":"PA34"},"EED":{"desc":"L1P"},"EF6":{"t":"C172"},"EFA":{"t":"AA1"},"EFB":{"t":"M20P"},"EFC":{"t":"P28A"},"EFD":{"t":"C210"},"EFE":{"t":"BE35"},"F01":{"t":"TAYB"},"F03":{"desc":"L1P"},"F04":{"t":"TAYB"},"F05":{"t":"TAYB"},"F07":{"t":"TAYB"},"F08":{"desc":"L1P"},"F0F":{"t":"AR11"},"F11":{"t":"T206"},"F14":{"t":"BE35"},"F15":{"t":"AA1"},"F19":{"desc":"L1P"},"F1A":{"t":"BE18"},"F1B":{"t":"CH7B"},"F1C":{"t":"C210"},"F24":{"t":"TAYB"},"F25":{"desc":"L1P"},"F26":{"t":"TAYB"},"F27":{"t":"TAYB"},"F28":{"t":"TAYB"},"F29":{"t":"TAYB"},"F2A":{"t":"C182"},"F2E":{"t":"C140"},"F30":{"t":"P28A"},"F31":{"t":"PA22"},"F32":{"t":"BL17"},"F36":{"t":"C188"},"F38":{"t":"AA1"},"F39":{"t":"M20P"},"F3C":{"t":"C172"},"F3D":{"desc":"L1P"},"F40":{"t":"AA1"},"F41":{"desc":"L1P"},"F43":{"t":"C210"},"F45":{"desc":"L1P"},"F47":{"t":"C182"},"F48":{"desc":"L1P"},"F52":{"t":"C180"},"F54":{"t":"PA22"},"F55":{"t":"BL17"},"F57":{"t":"C188"},"F5A":{"t":"BE35"},"F61":{"t":"CH7B"},"F63":{"desc":"H4E"},"F64":{"t":"M20P"},"F65":{"t":"P28A"},"F66":{"t":"C210"},"F67":{"t":"BE55"},"F69":{"desc":"L1P"},"F6A":{"t":"C172"},"F6F":{"t":"TAYB"},"F74":{"t":"C140"},"F76":{"t":"P28A"},"F77":{"t":"PA22"},"F78":{"t":"BL17"},"F7B":{"t":"C172"},"F83":{"t":"BE95"},"F85":{"desc":"L1P"},"F86":{"desc":"H4E"},"F88":{"t":"P28A"},"F89":{"t":"C210"},"F8A":{"t":"T210"},"F8D":{"t":"UH12"},"F8E":{"t":"TAYB"},"F90":{"t":"TAYB"},"F95":{"t":"TAYB"},"F9B":{"t":"AR11"},"F9C":{"t":"H269"},"F9D":{"t":"C206"},"F9E":{"t":"C172"},"F9F":{"t":"P28A"},"FA0":{"t":"P28R"},"FA2":{"t":"M20P"},"FA5":{"t":"C172"},"FA6":{"t":"BE95"},"FA9":{"t":"AA5"},"FAB":{"t":"P28A"},"FAC":{"t":"C210"},"FAD":{"t":"BE33"},"FAF":{"t":"TAYB"},"FB4":{"t":"TAYB"},"FB7":{"desc":"L1P"},"FC1":{"desc":"L1P"},"FC2":{"t":"P28A"},"FC3":{"t":"S108"},"FC7":{"t":"PA25"},"FC8":{"t":"C172"},"FCC":{"t":"M20P"},"FCD":{"desc":"L1P"},"FCE":{"t":"P28A"},"FD3":{"t":"TAYB"},"FD4":{"t":"C152"},"FD7":{"t":"TAYB"},"FD8":{"t":"C152"},"FD9":{"t":"TAYB"},"FE7":{"desc":"L2J","t":"B39M"},"FE8":{"desc":"L1P"},"FE9":{"t":"B788"},"FEA":{"t":"B738"},"FEF":{"t":"B712"},"FF0":{"t":"C172"},"FF1":{"t":"A320"},"FF7":{"t":"T206"},"FF9":{"desc":"L2T"},"FFE":{"t":"B429"}}