{"010":{"desc":"L1P"},"013":{"t":"SR22"},"016":{"t":"S22T"},"017":{"t":"BE35"},"039":{"desc":"L1P"},"042":{"desc":"L1P"},"049":{"t":"C182"},"04B":{"t":"P46T"},"059":{"desc":"A1P","t":"ULAC"},"05B":{"desc":"L1P"},"05E":{"t":"CRJ2"},"062":{"t":"BE33"},"064":{"desc":"L1P","t":"TB0"},"074":{"t":"PA46"},"077":{"t":"MD83"},"078":{"t":"C750"},"09F":{"desc":"L1P"},"0AE":{"desc":"L1E"},"0B2":{"desc":"L1P"},"0BA":{"t":"B737"},"0D2":{"t":"SR22"},"111":{"t":"G164"},"112":{"t":"C140"},"115":{"t":"PA22"},"116":{"t":"AR11"},"117":{"t":"H269"},"11A":{"t":"P28A"},"11B":{"t":"S108"},"11C":{"t":"AA1"},"120":{"t":"C172"},"124":{"t":"AA1"},"125":{"t":"C172"},"127":{"t":"C210"},"128":{"t":"BE35"},"12A":{"t":"C182"},"12B":{"t":"TAYB"},"12C":{"t":"TAYB"},"12D":{"t":"C172"},"12F":{"t":"C182"},"133":{"t":"C182"},"134":{"desc":"L3P"},"135":{"t":"C140"},"138":{"t":"PA22"},"139":{"t":"AR11"},"13C":{"desc":"L1P"},"13F":{"t":"AA1"},"140":{"t":"C207"},"142":{"t":"PA18"},"144":{"t":"BE95"},"146":{"t":"PA38"},"148":{"t":"C172"},"14B":{"t":"BE35"},"14D":{"t":"C182"},"14F":{"t":"TAYB"},"152":{"t":"C182"},"153":{"t":"C182"},"154":{"t":"TAYB"},"156":{"t":"TAYB"},"15B":{"t":"PA22"},"15C":{"t":"BL17"},"15D":{"t":"C208"},"161":{"t":"P32R"},"162":{"t":"AA1"},"163":{"t":"M20P"},"16A":{"t":"AA5"},"16B":{"t":"C172"},"16C":{"t":"P28A"},"16E":{"t":"BE33"},"174":{"t":"C182"},"179":{"t":"TAYB"},"17C":{"t":"C72R"},"17E":{"t":"PA22"},"17F":{"t":"BL17"},"183":{"t":"P28A"},"185":{"t":"AA1"},"186":{"t":"M20P"},"188":{"t":"PA18"},"189":{"t":"C172"},"18A":{"t":"BE95"},"18B":{"t":"CH7A"},"18D":{"t":"AA5"},"18F":{"t":"P28A"},"190":{"t":"C210"},"191":{"t":"BE35"},"193":{"t":"TAYB"},"194":{"t":"C182"},"195":{"t":"TAYB"},"198":{"t":"TAYB"},"199":{"t":"TAYB"},"19B":{"t":"TAYB"},"19C":{"t":"TAYB"},"19E":{"t":"C140"},"19F":{"t":"C72R"},"1A2":{"t":"AR11"},"1A6":{"t":"P28A"},"1A8":{"t":"AA1"},"1AC":{"t":"C172"},"1B0":{"t":"AA5"},"1B1":{"t":"C172"},"1B4":{"t":"BE35"},"1B6":{"t":"TAYB"},"1BB":{"t":"TAYB"},"1BE":{"t":"TAYB"},"1C0":{"desc":"L1P","t":"ULAC"},"1C2":{"t":"C208"},"1C6":{"t":"H269"},"1C7":{"t":"C206"},"1C8":{"t":"CH7A"},"1C9":{"t":"P28A"},"1CB":{"t":"AA1"},"1CC":{"t":"M20P"},"1CD":{"desc":"L1P"},"1CE":{"t":"PA18"},"1D3":{"desc":"H4E"},"1D7":{"t":"BE35"},"1DA":{"t":"C182"},"1DB":{"t":"TAYB"},"1DC":{"t":"TAYB"},"1DD":{"t":"TAYB"},"1DF":{"t":"TAYB"},"1E0":{"t":"C172"},"1E1":{"desc":"L1P"},"1E4":{"t":"C140"},"1E7":{"t":"PA22"},"1EA":{"t":"M20P"},"1EC":{"t":"P28A"},"1EF":{"t":"M20P"},"1F1":{"t":"PA18"},"1F2":{"t":"C172"},"1F3":{"t":"BE95"},"1F6":{"t":"AA5"},"1F9":{"t":"C182"},"1FF":{"t":"TAYB"},"202":{"t":"TAYB"},"203":{"t":"C172"},"204":{"t":"C182"},"209":{"t":"PA32"},"20D":{"t":"C182"},"211":{"t":"AA1"},"214":{"t":"PA18"},"217":{"t":"CH7B"},"219":{"t":"AA5"},"21A":{"t":"C172"},"21B":{"t":"P28A"},"21D":{"t":"BE35"},"222":{"t":"C172"},"223":{"desc":"L1P"},"224":{"t":"C172"},"225":{"desc":"L1P"},"228":{"t":"C172"},"22A":{"t":"C140"},"22B":{"t":"C72R"},"22D":{"t":"PA22"},"22E":{"t":"AR11"},"22F":{"t":"H269"},"233":{"t":"P28A"},"235":{"t":"M20P"},"23C":{"t":"AA5"},"23E":{"t":"P28A"},"23F":{"t":"C182"},"240":{"t":"BE35"},"243":{"t":"TAYB"},"244":{"t":"TAYB"},"245":{"t":"C182"},"249":{"t":"TAYB"},"24D":{"desc":"L1P"},"254":{"t":"C172"},"256":{"t":"P28R"},"257":{"t":"AA5"},"258":{"t":"M20P"},"25B":{"t":"C172"},"25D":{"t":"CH7B"},"260":{"t":"C172"},"261":{"t":"P28A"},"263":{"t":"BE35"},"265":{"t":"C182"},"267":{"t":"TAYB"},"269":{"t":"C182"},"26D":{"t":"C182"},"26F":{"desc":"L1P"},"270":{"t":"PA22"},"271":{"t":"PA44"},"273":{"t":"C172"},"274":{"t":"A321"},"279":{"t":"R66"},"27A":{"desc":"L2J","t":"B39M"},"27C":{"t":"B788"},"27D":{"t":"B738"},"280":{"desc":"H4E"},"282":{"t":"B712"},"283":{"t":"C172"},"284":{"desc":"L2J","t":"A20N"},"285":{"t":"HUSK"},"28B":{"t":"C525"},"28C":{"t":"BL8"},"290":{"t":"FDCT"},"29C":{"desc":"H4E"},"29D":{"desc":"L1P"},"29E":{"t":"ULAC"},"2A4":{"desc":"L2J"},"2A6":{"t":"ST75"},"2AC":{"desc":"L1P"},"2AD":{"t":"GLF4"},"2B0":{"t":"C182"},"2B3":{"t":"T206"},"2B4":{"t":"DV20"},"2B5":{"desc":"H4E"},"2BC":{"t":"P28A"},"2C0":{"t":"BE36"},"2C9":{"desc":"L1P"},"2CC":{"t":"DA40"},"2CE":{"desc":"H4E"},"2D4":{"t":"F900"},"2E5":{"desc":"L1P"},"2E7":{"desc":"H4E"},"2ED":{"desc":"L1P"},"2EE":{"t":"AT8T"},"2F1":{"t":"B752"},"2F2":{"t":"C208"},"2FE":{"desc":"H1T"},"300":{"desc":"H4E"},"307":{"t":"R66"},"319":{"desc":"H4E"},"31A":{"t":"P06T"},"31F":{"t":"FA7X"},"32A":{"t":"C208"},"330":{"desc":"L1P"},"332":{"desc":"H4E"},"33A":{"t":"AT5T"},"344":{"t":"C680"},"348":{"t":"M20P"},"34A":{"t":"A321"},"34B":{"desc":"H4E"},"351":{"t":"T6"},"35D":{"desc":"L1P"},"35F":{"t":"A119"},"364":{"desc":"H4E"},"37C":{"t":"C172"},"37D":{"desc":"H4E"},"386":{"t":"R66"},"38A":{"t":"SR22"},"391":{"desc":"L1P"},"396":{"desc":"H4E"},"39D":{"desc":"L2J"},"3A6":{"desc":"L2J","t":"A20N"},"3A9":{"t":"B738"},"3AF":{"desc":"H4E"},"3C8":{"desc":"H4E"},"3E1":{"desc":"H4E"},"3E7":{"t":"P32R"},"3E8":{"desc":"L1P","t":"ULAC"},"3F1":{"t":"SR20"},"3F2":{"desc":"L1P"},"3F5":{"desc":"L1P"},"3F8":{"desc":"L1P"},"3FA":{"desc":"H4E"},"3FB":{"desc":"L1P"},"402":{"t":"BE36"},"404":{"t":"AS50"},"40A":{"t":"BE36"},"410":{"t":"AT5T"},"412":{"t":"C182"},"413":{"desc":"H4E"},"41E":{"desc":"L1P"},"41F":{"t":"HUSK"},"425":{"desc":"L1P"},"42A":{"t":"GLID"},"42B":{"t":"SR22"},"42C":{"desc":"H4E"},"42E":{"t":"MD83"},"42F":{"t":"ULAC"},"432":{"t":"R22"},"434":{"t":"B58T"},"445":{"desc":"H4E"},"45E":{"desc":"H4E"},"464":{"desc":"A1P"},"465":{"t":"PC12"},"471":{"t":"B737"},"477":{"desc":"H4E"},"479":{"t":"DA42"},"490":{"desc":"H4E"},"4A9":{"desc":"H4E"},"4C2":{"desc":"H4E"},"4C9":{"t":"C140"},"4CA":{"t":"C72R"},"4CD":{"t":"AR11"},"4D0":{"t":"C172"},"4D4":{"t":"M20P"},"4D6":{"t":"PA18"},"4D9":{"t":"CH7A"},"4DB":{"desc":"H4E"},"4DD":{"t":"P28A"},"4DE":{"t":"C182"},"4DF":{"t":"BE35"},"4E3":{"t":"C182"},"4E8":{"t":"C182"},"4E9":{"t":"TAYB"},"4EC":{"t":"C140"},"4ED":{"t":"C180"},"4F0":{"t":"AR11"},"4F2":{"t":"C182"},"4F4":{"t":"P28A"},"4FC":{"t":"C680"},"4FD":{"t":"C210"},"4FE":{"desc":"H4E"},"505":{"t":"TAYB"},"50A":{"t":"C172"},"513":{"t":"AR11"},"51A":{"t":"M20P"},"51D":{"t":"C172"},"521":{"t":"AA5"},"522":{"t":"C172"},"524":{"t":"C210"},"525":{"t":"BE35"},"528":{"t":"C172"},"529":{"t":"TAYB"},"52D":{"t":"C172"},"52E":{"t":"TAYB"},"52F":{"t":"C172"},"531":{"t":"BE36"},"535":{"t":"PA22"},"53A":{"t":"P28A"},"53C":{"t":"AA1"},"53F":{"t":"PA18"},"541":{"t":"BE50"},"544":{"t":"AA5"},"546":{"t":"P28A"},"547":{"t":"C210"},"54B":{"t":"TAYB"},"54C":{"t":"TAYB"},"54E":{"t":"C182"},"550":{"t":"TAYB"},"552":{"t":"TAYB"},"553":{"t":"C182"},"55E":{"t":"C188"},"560":{"t":"M20P"},"562":{"t":"PA18"},"564":{"t":"BE50"},"566":{"t":"C210"},"567":{"t":"AA5"},"56C":{"desc":"L1P"},"56F":{"t":"C182"},"576":{"t":"TAYB"},"579":{"t":"C180"},"57C":{"t":"AR11"},"57D":{"t":"H269"},"57F":{"t":"C172"},"580":{"t":"P28A"},"581":{"t":"S108"},"583":{"t":"M20P"},"586":{"t":"C172"},"588":{"t":"CH7A"},"589":{"t":"C210"},"58A":{"t":"AA5"},"58B":{"t":"C172"},"58C":{"t":"P28A"},"58D":{"t":"C210"},"593":{"t":"TAYB"},"594":{"t":"C182"},"596":{"t":"TAYB"},"59E":{"t":"PA18"},"5A1":{"t":"C182"},"5A2":{"t":"C172"},"5A4":{"t":"S108"},"5A8":{"t":"PA18"},"5AC":{"desc":"L1P"},"5AD":{"t":"AA1"},"5AE":{"t":"C172"},"5B1":{"t":"BE50"},"5B3":{"t":"TAYB"},"5B5":{"t":"TAYB"},"5B8":{"t":"C182"},"5BA":{"t":"TAYB"},"5BB":{"t":"C182"},"5BE":{"t":"C140"},"5C1":{"t":"PA22"},"5C6":{"t":"P28A"},"5C8":{"t":"AA1"},"5CB":{"t":"PA18"},"5CE":{"t":"CH7B"},"5D0":{"t":"AA1"},"5D1":{"t":"C172"},"5D3":{"t":"C210"},"5D5":{"desc":"L1P"},"5D8":{"t":"TAYB"},"5D9":{"t":"C182"},"5DA":{"t":"TAYB"},"5DF":{"t":"C182"},"5E0":{"t":"BALL"},"5E3":{"t":"P28A"},"5E9":{"t":"P28A"},"5EC":{"t":"M20P"},"5F1":{"t":"CH7B"},"5F2":{"t":"C210"},"5F3":{"t":"AA5"},"5F4":{"t":"C172"},"5FC":{"t":"C182"},"601":{"t":"TAYB"},"603":{"desc":"H1P"},"604":{"t":"C140"},"605":{"desc":"L1P","t":"ULAC"},"606":{"t":"P28A"},"607":{"desc":"L1P"},"60A":{"t":"PA18"},"60D":{"t":"P32R"},"610":{"desc":"L2P"},"612":{"t":"C172"},"613":{"t":"BE18"},"615":{"t":"C210"},"616":{"t":"AA5"},"619":{"t":"C182"},"61A":{"t":"BE55"},"61D":{"t":"TAYB"},"621":{"t":"TAYB"},"623":{"t":"TAYB"},"628":{"t":"C172"},"62A":{"desc":"L1P"},"62C":{"t":"C210"},"631":{"desc":"L2J","t":"B39M"},"633":{"t":"B788"},"634":{"t":"B738"},"638":{"t":"BE58"},"639":{"t":"B712"},"63A":{"desc":"H4E"},"63B":{"desc":"L2J","t":"A20N"},"63F":{"desc":"L2T"},"640":{"t":"C501"},"643":{"desc":"L1P","t":"ULAC"},"64A":{"t":"B429"},"652":{"desc":"L1P"},"653":{"desc":"H4E"},"657":{"t":"E550"},"659":{"t":"SR22"},"65E":{"t":"MD83"},"660":{"t":"A332"},"665":{"t":"CH7A"},"667":{"t":"C182"},"66B":{"t":"DV20"},"66C":{"desc":"H4E"},"672":{"t":"S108"},"673":{"t":"DV20"},"679":{"t":"C182"},"680":{"t":"SR20"},"683":{"t":"DA40"},"684":{"desc":"A1P"},"685":{"desc":"H4E"},"68C":{"t":"BE36"},"697":{"desc":"L1P"},"69E":{"desc":"H4E"},"6A2":{"t":"PA30"},"6A4":{"t":"PRM1"},"6A8":{"t":"B752"},"6A9":{"t":"C208"},"6B7":{"desc":"H4E"},"6BD":{"t":"P28A"},"6BE":{"t":"GLF5"},"6D0":{"desc":"H4E"},"6D1":{"t":"P06T"},"6E9":{"desc":"H4E"},"6F3":{"desc":"L1P","t":"ULAC"},"6FF":{"t":"C172"},"701":{"t":"A321"},"702":{"desc":"H4E"},"708":{"desc":"L1P"},"711":{"t":"S22T"},"71B":{"desc":"H4E"},"725":{"t":"BALL"},"733":{"t":"C172"},"734":{"desc":"H4E"},"735":{"t":"P32R"},"73B":{"desc":"L1P"},"73D":{"desc":"H8E"},"746":{"t":"T206"},"74B":{"t":"P28A"},"74C":{"desc":"L1P"},"74D":{"desc":"H4E"},"753":{"desc":"H1P"},"754":{"desc":"L2J"},"75D":{"desc":"L2J","t":"A20N"},"760":{"t":"B738"},"766":{"desc":"H4E"},"76F":{"t":"GALX"},"77F":{"desc":"H4E"},"786":{"desc":"H6E"},"79E":{"t":"PA23"},"7A0":{"t":"S22T"},"7A1":{"desc":"L1P"},"7A6":{"desc":"L1P"},"7A7":{"desc":"L1P"},"7AF":{"desc":"L1P"},"7B1":{"desc":"H4E"},"7B8":{"t":"C172"},"7BF":{"t":"R22"},"7C9":{"t":"A119"},"7CA":{"desc":"H4E"},"7CC":{"t":"CRJ2"},"7D0":{"t":"BE33"},"7D2":{"desc":"L1T"},"7D3":{"t":"C25C"},"7D7":{"t":"C25A"},"7DC":{"desc":"L1P"},"7DF":{"t":"FA7X"},"7E3":{"desc":"H4E"},"7E5":{"t":"MD83"},"7FC":{"desc":"H4E"},"802":{"t":"BE58"},"815":{"desc":"H4E"},"827":{"desc":"L1P","t":"TB1"},"828":{"t":"B737"},"82E":{"desc":"H4E"},"847":{"desc":"H4E"},"860":{"desc":"H4E"},"874":{"desc":"H8E"},"882":{"t":"T6"},"886":{"t":"M20P"},"887":{"t":"C172"},"889":{"t":"PA34"},"88A":{"t":"AA1"},"88B":{"t":"M20P"},"88D":{"t":"PA18"},"88E":{"t":"C172"},"890":{"t":"CH7A"},"892":{"t":"AA5"},"893":{"t":"C172"},"894":{"t":"P28A"},"896":{"t":"BE35"},"897":{"desc":"L1P"},"89C":{"t":"C182"},"89D":{"t":"C172"},"89E":{"t":"SR20"},"8A0":{"t":"TAYB"},"8A1":{"t":"TAYB"},"8A4":{"t":"C72R"},"8A5":{"t":"P28A"},"8A8":{"t":"H269"},"8AB":{"t":"P28A"},"8AC":{"t":"P28A"},"8AD":{"t":"AA1"},"8AE":{"t":"M20P"},"8AF":{"t":"T28"},"8B0":{"t":"PA18"},"8B5":{"t":"AA5"},"8B6":{"t":"C172"},"8BA":{"desc":"H8E"},"8BB":{"t":"TAYB"},"8BD":{"t":"TAYB"},"8BE":{"t":"C182"},"8C0":{"t":"C182"},"8C3":{"t":"TAYB"},"8C6":{"t":"C140"},"8CA":{"t":"C82S"},"8CE":{"t":"P28A"},"8CF":{"t":"P28A"},"8D3":{"t":"ULAC"},"8D8":{"t":"AA5"},"8D9":{"t":"C172"},"8DB":{"t":"C210"},"8DE":{"t":"C182"},"8DF":{"t":"TAYB"},"8E3":{"t":"C182"},"8E4":{"t":"TAYB"},"8E5":{"t":"TAYB"},"8ED":{"t":"BL17"},"8F1":{"t":"P28A"},"8F7":{"t":"ULAC"},"8FB":{"t":"AA1"},"8FC":{"t":"C172"},"8FF":{"t":"BE35"},"902":{"t":"TAYB"},"904":{"t":"C182"},"905":{"t":"T210"},"908":{"t":"C182"},"90A":{"t":"C182"},"90C":{"t":"C140"},"90F":{"t":"P28A"},"912":{"t":"T206"},"915":{"t":"P28A"},"919":{"t":"PA18"},"91D":{"t":"PA38"},"926":{"t":"C182"},"927":{"t":"R44"},"928":{"t":"TAYB"},"92D":{"t":"C182"},"92F":{"t":"ULAC"},"930":{"t":"C180"},"931":{"t":"PA32"},"933":{"t":"AR11"},"939":{"t":"AA1"},"93A":{"t":"M20P"},"93C":{"t":"PA18"},"93E":{"t":"BE36"},"93F":{"t":"CH7A"},"944":{"t":"C210"},"945":{"t":"BE35"},"948":{"t":"C172"},"949":{"t":"TAYB"},"94C":{"t":"TAYB"},"950":{"t":"TAYB"},"953":{"t":"C180"},"954":{"t":"P32T"},"959":{"t":"C185"},"95A":{"t":"P28A"},"95B":{"t":"P28A"},"95C":{"t":"AA1"},"95D":{"t":"M20P"},"95F":{"t":"PA18"},"960":{"desc":"H8E"},"961":{"t":"BE50"},"963":{"t":"P28S"},"964":{"t":"AA5"},"965":{"t":"C172"},"967":{"t":"C210"},"96A":{"t":"TAYB"},"96D":{"t":"TAYB"},"971":{"t":"TAYB"},"974":{"t":"G164"},"975":{"t":"C172"},"979":{"t":"AR11"},"981":{"t":"H500"},"983":{"t":"C172"},"987":{"t":"AA5"},"989":{"t":"MD83"},"98D":{"t":"TAYB"},"98E":{"t":"TAYB"},"991":{"t":"TAYB"},"992":{"t":"C172"},"998":{"t":"C172"},"99A":{"t":"PA34"},"99C":{"t":"BL17"},"99F":{"t":"C172"},"9A0":{"t":"P28A"},"9A2":{"t":"AA1"},"9A3":{"t":"M20P"},"9A5":{"t":"PA18"},"9A6":{"t":"C172"},"9AC":{"t":"P28A"},"9AF":{"t":"UH1"},"9B1":{"t":"TAYB"},"9B3":{"t":"C182"},"9B4":{"t":"C182"},"9B5":{"t":"B47G"},"9B6":{"t":"TAYB"},"9B8":{"t":"C172"},"9BB":{"t":"C172"},"9BC":{"t":"C180"},"9C4":{"t":"S108"},"9C5":{"t":"AA1"},"9C6":{"t":"M20P"},"9C8":{"t":"PA18"},"9C9":{"t":"C172"},"9CB":{"t":"CH7A"},"9CD":{"t":"AA5"},"9CF":{"t":"P28A"},"9D0":{"t":"C210"},"9D5":{"t":"C172"},"9D6":{"t":"TAYB"},"9D7":{"t":"TAYB"},"9DB":{"t":"C182"},"9DD":{"desc":"L1J"},"9DE":{"t":"PA22"},"9DF":{"t":"C172"},"9E0":{"t":"H25B"},"9E1":{"desc":"L1P"},"9E4":{"t":"SF34"},"9E8":{"desc":"L2J","t":"B39M"},"9EB":{"t":"B738"},"9EF":{"t":"B763"},"9F0":{"t":"B712"},"9F2":{"t":"A332"},"9F7":{"desc":"L1P"},"9F8":{"desc":"H8E"},"9FE":{"t":"SR22"},"A08":{"t":"C56X"},"A0D":{"t":"GLEX"},"A11":{"t":"P28A"},"A12":{"desc":"L1P"},"A13":{"t":"S22T"},"A14":{"t":"SR22"},"A1B":{"t":"S61"},"A1E":{"t":"C182"},"A20":{"t":"B350"},"A21":{"desc":"L1P"},"A22":{"t":"DV20"},"A2A":{"t":"DV20"},"A2B":{"t":"BE9L"},"A33":{"desc":"L1P"},"A3C":{"desc":"H4E"},"A55":{"desc":"H4E"},"A5C":{"t":"GLF6"},"A5F":{"t":"B752"},"A60":{"t":"C208"},"A64":{"t":"C150"},"A75":{"desc":"L2J"},"A87":{"desc":"H4E"},"A88":{"t":"P06T"},"A89":{"t":"B407"},"A90":{"t":"C172"},"A98":{"desc":"L1T","t":"M600"},"AA0":{"desc":"H4E"},"AA7":{"t":"S22T"},"AA9":{"desc":"G1P","t":"GYRO"},"AAE":{"t":"GLID"},"AB7":{"desc":"L1P"},"AB8":{"t":"A321"},"AB9":{"desc":"H4E"},"ABF":{"t":"C180"},"AC1":{"desc":"L1P"},"ACB":{"t":"SR22"},"ACD":{"desc":"L1P"},"AD2":{"desc":"H4E"},"AD8":{"t":"C172"},"AD9":{"t":"AT8T"},"AEA":{"t":"C172"},"AEB":{"desc":"H4E"},"AF2":{"desc":"L1P"},"B02":{"t":"C152"},"B04":{"desc":"H4E"},"B14":{"desc":"L2J","t":"A20N"},"B17":{"t":"B738"},"B1D":{"desc":"H4E"},"B23":{"t":"BE36"},"B2B":{"t":"SR22"},"B33":{"desc":"H6E"},"B4F":{"desc":"H4E"},"B55":{"t":"S22T"},"B56":{"t":"SR20"},"B58":{"t":"C172"},"B68":{"desc":"H4E"},"B69":{"desc":"L1P"},"B6E":{"desc":"L1P"},"B6F":{"t":"P32R"},"B7C":{"t":"C172"},"B7E":{"t":"C560"},"B80":{"t":"A119"},"B81":{"desc":"H4E"},"B83":{"t":"PA18"},"B87":{"t":"BE20"},"B8A":{"t":"C208"},"B93":{"desc":"L2P"},"B9A":{"desc":"H4E"},"B9C":{"t":"MD83"},"BB3":{"desc":"H4E"},"BB9":{"t":"BE36"},"BCC":{"desc":"H4E"},"BD5":{"t":"P28A"},"BDF":{"t":"B737"},"BE5":{"desc":"H4E"},"BFE":{"desc":"H4E"},"C17":{"desc":"H4E"},"C30":{"desc":"H4E"},"C38":{"t":"C208"},"C39":{"t":"P28A"},"C3A":{"t":"PA22"},"C3B":{"desc":"L2P"},"C3D":{"t":"M20P"},"C3F":{"t":"P28A"},"C44":{"t":"PA18"},"C45":{"t":"C172"},"C48":{"t":"PA31"},"C49":{"desc":"H4E"},"C4B":{"t":"P28A"},"C4D":{"t":"BE35"},"C52":{"t":"TAYB"},"C53":{"t":"C182"},"C54":{"t":"TAYB"},"C55":{"t":"TAYB"},"C57":{"t":"C172"},"C58":{"t":"C172"},"C59":{"t":"C182"},"C5A":{"t":"C140"},"C5B":{"t":"MD83"},"C5D":{"t":"PA22"},"C5E":{"t":"AR11"},"C5F":{"t":"C182"},"C61":{"t":"C172"},"C66":{"t":"ST75"},"C67":{"t":"PA18"},"C6C":{"t":"AA1"},"C6D":{"t":"C172"},"C6F":{"t":"C210"},"C70":{"t":"BE35"},"C72":{"t":"C182"},"C74":{"t":"TAYB"},"C76":{"t":"C182"},"C7A":{"t":"TAYB"},"C7D":{"t":"C140"},"C7F":{"desc":"L2P"},"C84":{"t":"C172"},"C85":{"t":"P28A"},"C88":{"t":"M20P"},"C89":{"t":"AC11"},"C8A":{"t":"PA18"},"C8D":{"t":"CH7A"},"C8F":{"desc":"H4E"},"C90":{"t":"C172"},"C91":{"t":"P28A"},"C94":{"desc":"L1P"},"C95":{"t":"TAYB"},"C96":{"t":"C182"},"C98":{"t":"TAYB"},"C9C":{"t":"M20P"},"CA0":{"t":"C140"},"CA1":{"t":"C72R"},"CA3":{"t":"PA22"},"CA7":{"t":"C172"},"CA8":{"t":"P28A"},"CAA":{"t":"BE55"},"CAB":{"t":"M20P"},"CAD":{"t":"PA18"},"CAE":{"t":"C172"},"CB1":{"t":"C210"},"CB2":{"t":"AA5"},"CB4":{"t":"P28A"},"CB5":{"t":"C210"},"CB6":{"t":"BE55"},"CBC":{"t":"TAYB"},"CBE":{"t":"C172"},"CC1":{"t":"C172"},"CC2":{"desc":"L3P"},"CC3":{"t":"GLID"},"CC7":{"t":"AR11"},"CCB":{"t":"P28A"},"CCE":{"t":"M20P"},"CD0":{"t":"PA18"},"CD1":{"t":"C172"},"CD3":{"t":"CH7B"},"CD4":{"t":"C210"},"CD7":{"t":"P28A"},"CDB":{"t":"C182"},"CDC":{"t":"TAYB"},"CDD":{"t":"TAYB"},"CDE":{"t":"C182"},"CDF":{"t":"C182"},"CE3":{"t":"TAYB"},"CE6":{"desc":"L1P"},"CE7":{"t":"C180"},"CE8":{"t":"P28A"},"CE9":{"t":"PA22"},"CEA":{"t":"BL17"},"CEC":{"t":"C172"},"CED":{"t":"C172"},"CF3":{"t":"PA18"},"CF6":{"t":"CH7A"},"CF7":{"t":"C210"},"CF8":{"t":"AA5"},"CF9":{"t":"C172"},"CFC":{"t":"BE35"},"CFE":{"t":"TAYB"},"D00":{"t":"C182"},"D01":{"t":"TAYB"},"D0E":{"t":"ST75"},"D10":{"t":"C172"},"D11":{"t":"P28A"},"D12":{"t":"P28R"},"D14":{"t":"M20P"},"D16":{"t":"PA18"},"D17":{"t":"C172"},"D19":{"t":"CH7B"},"D1B":{"desc":"H4E"},"D1D":{"t":"P28A"},"D1E":{"t":"C210"},"D22":{"t":"TAYB"},"D25":{"t":"TAYB"},"D28":{"t":"C172"},"D2A":{"desc":"L1P"},"D2C":{"t":"C140"},"D30":{"t":"C182"},"D33":{"t":"C185"},"D35":{"t":"P32R"},"D37":{"t":"M20P"},"D39":{"t":"PA18"},"D3A":{"t":"C172"},"D3C":{"t":"CH7B"},"D3D":{"t":"C210"},"D3E":{"t":"AA5"},"D3F":{"t":"C172"},"D44":{"t":"TAYB"},"D46":{"t":"TAYB"},"D49":{"t":"TAYB"},"D4D":{"t":"C172"},"D4E":{"t":"G164"},"D4F":{"t":"C140"},"D50":{"t":"C72R"},"D52":{"t":"PA22"},"D53":{"t":"BL17"},"D57":{"t":"P28A"},"D5C":{"t":"PA18"},"D5D":{"t":"C172"},"D5E":{"t":"E55P"},"D5F":{"t":"CH7B"},"D61":{"desc":"H4E"},"D64":{"t":"C210"},"D66":{"t":"BE35"},"D67":{"t":"TAYB"},"D6A":{"t":"C182"},"D6B":{"t":"TAYB"},"D6C":{"t":"C182"},"D73":{"t":"C180"},"D75":{"t":"PA22"},"D7B":{"t":"S108"},"D7C":{"t":"AA1"},"D7D":{"t":"M20P"},"D7F":{"t":"PA18"},"D80":{"t":"C172"},"D83":{"t":"C210"},"D84":{"t":"AA5"},"D86":{"t":"P28A"},"D8A":{"t":"C172"},"D8D":{"t":"C182"},"D90":{"t":"TAYB"},"D93":{"t":"TAYB"},"D96":{"t":"BL8"},"D97":{"t":"COL4"},"D98":{"desc":"L2T"},"D9B":{"t":"CL30"},"D9F":{"desc":"L2J","t":"B39M"},"DA1":{"desc":"L1P"},"DA2":{"t":"B738"},"DA7":{"t":"B712"},"DA8":{"desc":"H4E"},"DA9":{"t":"A332"},"DAA":{"t":"M7"},"DB1":{"desc":"L1P"},"DB7":{"t":"SR22"},"DBF":{"t":"S22T"},"DC0":{"t":"R44"},"DC8":{"t":"P212"},"DCA":{"t":"BE35"},"DCB":{"t":"FDCT"},"DD3":{"desc":"H1P"},"DD7":{"t":"FDCT"},"DD8":{"t":"AC11"},"DD9":{"t":"FDCT"},"DE2":{"t":"P28A"},"DE3":{"t":"BE55"},"DE5":{"t":"R66"},"DE7":{"t":"M20P"},"DE9":{"desc":"A1P"},"DEB":{"t":"MD88"},"DEC":{"t":"M7"},"DF0":{"desc":"L1P"},"DF5":{"t":"S22T"},"DF6":{"desc":"L1P"},"DFD":{"desc":"H8E"},"DFE":{"t":"H25B"},"E04":{"desc":"L1P"},"E09":{"t":"R22"},"E0B":{"t":"GLID"},"E11":{"t":"M7"},"E12":{"desc":"L1P"},"E16":{"t":"B752"},"E17":{"t":"C208"},"E18":{"desc":"H8E"},"E19":{"t":"C172"},"E20":{"t":"CH7B"},"E22":{"t":"R22"},"E2C":{"desc":"L2J"},"E2D":{"t":"C560"},"E2E":{"t":"E55P"},"E31":{"t":"R22"},"E36":{"t":"DA40"},"E37":{"desc":"L1P"},"E3B":{"t":"BE58"},"E3F":{"t":"P06T"},"E44":{"desc":"L1P"},"E48":{"t":"SR20"},"E57":{"desc":"H4E"},"E59":{"desc":"A1P","t":"ULAC"},"E5D":{"desc":"L1P"},"E5E":{"desc":"L1P"},"E5F":{"t":"SR22"},"E61":{"t":"LJ60"},"E65":{"t":"C172"},"E6E":{"desc":"L1P"},"E6F":{"t":"A321"},"E72":{"desc":"L1P"},"E78":{"desc":"L1P"},"E7C":{"desc":"L1P"},"E82":{"t":"C185"},"E88":{"desc":"L1T"},"E8F":{"t":"C172"},"E90":{"t":"P28R"},"E91":{"desc":"H1T"},"E93":{"t":"BE9L"},"EA1":{"t":"C172"},"EA9":{"t":"BE20"},"EAA":{"desc":"L1P"},"EAB":{"t":"C208"},"EAC":{"t":"GLID"},"EAF":{"t":"BE95"},"EB0":{"desc":"H1P"},"EB1":{"desc":"L1P"},"EB4":{"desc":"A1P","t":"ULAC"},"EB9":{"desc":"H1T"},"EC1":{"desc":"L1P","t":"ULAC"},"ECB":{"desc":"L2J","t":"A20N"},"ECE":{"t":"B738"},"EDA":{"t":"BE35"},"EDB":{"t":"DV20"},"EE1":{"t":"SR20"},"EE5":{"t":"C208"},"EE6":{"desc":"L1T"},"EEC":{"desc":"L1P"},"EEF":{"t":"CL60"},"EF3":{"t":"BE95"},"EFF":{"desc":"H6E"},"F0D":{"t":"BE76"},"F0E":{"t":"T206"},"F0F":{"desc":"L1P","t":"ULAC"},"F11":{"t":"PRM1"},"F14":{"t":"T6"},"F15":{"desc":"L1P"},"F18":{"t":"C182"},"F1A":{"t":"M20P"},"F1C":{"t":"C172"},"F1D":{"t":"M20P"},"F20":{"t":"RV12"},"F25":{"t":"C310"},"F27":{"t":"C206"},"F29":{"t":"P28A"},"F2A":{"desc":"L1P"},"F2B":{"desc":"L1P"},"F2D":{"t":"AA5"},"F30":{"t":"T210"},"F31":{"desc":"L1T"},"F33":{"t":"C172"},"F35":{"t":"SR22"},"F36":{"t":"SR22"},"F37":{"t":"A119"},"F3A":{"t":"CRJ2"},"F3E":{"t":"BE33"},"F3F":{"t":"R44"},"F41":{"t":"C208"},"F45":{"desc":"L1P"},"F46":{"t":"C310"},"F50":{"t":"C172"},"F51":{"desc":"L1P","t":"ULAC"},"F53":{"t":"MD83"},"F54":{"t":"P210"},"F57":{"t":"SF50"},"F68":{"desc":"H6E"},"F70":{"t":"BE35"},"F73":{"desc":"H4E"},"F81":{"t":"H500"},"F8A":{"t":"PA34"},"F8C":{"desc":"L1P"},"F8D":{"desc":"L1P"},"F8F":{"desc":"L1P"},"F91":{"desc":"L1P"},"F94":{"t":"S61"},"F95":{"t":"C185"},"F96":{"t":"B737"},"F97":{"t":"AT8T"},"F99":{"t":"G280"},"F9A":{"desc":"L1T"},"F9B":{"t":"M20T"},"FAE":{"desc":"H4E"},"FBB":{"t":"BE36"},"FBD":{"desc":"H6E"},"FD5":{"desc":"H6E"},"FEE":{"desc":"H6E"},"FF0":{"t":"P28R"},"FF1":{"t":"PA18"},"FF5":{"t":"C172"},"FF7":{"t":"P28A"},"FF8":{"t":"AA1"},"FF9":{"t":"M20P"},"FFC":{"t":"C172"},"FFD":{"t":"BE18"},"FFE":{"t":"CH7A"}}