{"000":{"t":"C72R"},"001":{"desc":"L1P"},"002":{"t":"PA18"},"003":{"t":"AR11"},"005":{"t":"C182"},"008":{"t":"S108"},"00A":{"t":"T206"},"00E":{"t":"BE35"},"011":{"t":"AA5"},"012":{"t":"C188"},"013":{"t":"P28A"},"014":{"t":"C210"},"017":{"t":"C182"},"018":{"t":"C182"},"019":{"t":"C172"},"01A":{"t":"S108"},"01B":{"t":"C182"},"01C":{"t":"C172"},"01E":{"desc":"L1P"},"021":{"desc":"A1P"},"024":{"t":"CL60"},"025":{"t":"PA18"},"026":{"t":"AR11"},"029":{"t":"C182"},"02A":{"t":"P28A"},"02C":{"t":"BE23"},"02D":{"t":"M10"},"030":{"desc":"L1P"},"033":{"t":"PA38"},"034":{"desc":"H4E"},"03D":{"t":"S108"},"03F":{"t":"C182"},"040":{"t":"S108"},"041":{"t":"C182"},"043":{"t":"S108"},"045":{"t":"C170"},"046":{"desc":"L1P"},"04C":{"t":"C182"},"04E":{"t":"S108"},"050":{"t":"M10"},"054":{"t":"BE35"},"059":{"t":"P28A"},"05C":{"desc":"L2T","t":"BE18"},"05D":{"t":"S108"},"05F":{"desc":"H6E"},"061":{"t":"S108"},"066":{"t":"S108"},"067":{"t":"GLID"},"068":{"t":"C170"},"069":{"t":"C72R"},"06C":{"t":"AR11"},"06E":{"t":"C180"},"06F":{"t":"C182"},"070":{"t":"P28A"},"073":{"t":"M10"},"07A":{"t":"AA5"},"07E":{"t":"BE35"},"081":{"t":"C182"},"082":{"t":"S108"},"087":{"t":"S108"},"088":{"t":"S108"},"08B":{"t":"C170"},"08C":{"t":"C72R"},"08D":{"t":"UH12"},"08E":{"t":"PA18"},"08F":{"t":"BL17"},"090":{"t":"C182"},"092":{"t":"C182"},"09E":{"t":"C172"},"0A1":{"t":"BE35"},"0A2":{"t":"T206"},"0A5":{"t":"S108"},"0A6":{"t":"S108"},"0A8":{"t":"C182"},"0A9":{"desc":"L1P"},"0AB":{"t":"C182"},"0AC":{"t":"C172"},"0AD":{"t":"GLID"},"0AE":{"t":"C170"},"0AF":{"t":"C72R"},"0B0":{"desc":"L1P"},"0B2":{"t":"C182"},"0B7":{"t":"S108"},"0B8":{"t":"BE23"},"0B9":{"t":"M10"},"0BD":{"desc":"A1P"},"0BF":{"t":"PA38"},"0C1":{"t":"M20T"},"0C4":{"t":"BE35"},"0C6":{"t":"S108"},"0CB":{"t":"C172"},"0CF":{"t":"S108"},"0D1":{"t":"C170"},"0D2":{"t":"C180"},"0D4":{"t":"PA18"},"0D5":{"t":"BL17"},"0D9":{"t":"P28A"},"0DA":{"t":"P32R"},"0E0":{"desc":"L1P"},"0E3":{"t":"AA5"},"0E7":{"t":"C210"},"0EB":{"t":"S108"},"0ED":{"t":"S108"},"0EF":{"t":"C172"},"0F3":{"desc":"A1P"},"0F4":{"t":"C170"},"0F5":{"t":"C180"},"0F7":{"t":"PA18"},"0F9":{"t":"M20P"},"0FC":{"t":"P28A"},"0FE":{"t":"BE23"},"0FF":{"t":"P28R"},"100":{"desc":"L1P"},"101":{"t":"PA25"},"103":{"t":"BE35"},"106":{"t":"AA5"},"107":{"t":"C188"},"108":{"t":"P28A"},"109":{"t":"C210"},"10A":{"t":"BE35"},"10C":{"t":"S108"},"10D":{"t":"S108"},"115":{"t":"C172"},"116":{"t":"G164"},"117":{"t":"C170"},"11B":{"t":"BL17"},"11F":{"t":"P28A"},"12D":{"desc":"H8E"},"130":{"t":"S108"},"131":{"t":"S108"},"133":{"t":"C182"},"134":{"t":"S108"},"135":{"t":"S108"},"138":{"t":"C172"},"13A":{"desc":"H8E"},"13B":{"t":"C72R"},"13D":{"t":"PA18"},"13E":{"t":"AR11"},"141":{"t":"C182"},"143":{"t":"S108"},"146":{"desc":"L1P"},"149":{"t":"BE35"},"14B":{"t":"C172"},"14C":{"t":"AA5"},"14D":{"t":"C172"},"14E":{"t":"P28A"},"150":{"t":"BE55"},"155":{"t":"C182"},"156":{"t":"S108"},"158":{"desc":"L1P"},"15B":{"t":"C182"},"15C":{"t":"C310"},"160":{"t":"P28A"},"167":{"desc":"L2J","t":"B39M"},"16A":{"t":"B738"},"16B":{"t":"C172"},"16D":{"t":"CL60"},"16F":{"t":"B712"},"170":{"desc":"H4E"},"176":{"t":"BE50"},"189":{"desc":"H4E"},"18B":{"desc":"H4E"},"18F":{"t":"C182"},"192":{"t":"GLF4"},"196":{"desc":"A1P","t":"ULAC"},"19B":{"desc":"L1P"},"19D":{"t":"C172"},"1A2":{"desc":"H4E"},"1A9":{"t":"DV20"},"1B5":{"desc":"A1P"},"1B9":{"desc":"L1P"},"1C4":{"desc":"H6E"},"1D1":{"desc":"L1P"},"1D3":{"t":"R44"},"1D5":{"t":"CRJ2"},"1DB":{"t":"C172"},"1DE":{"t":"B752"},"1ED":{"desc":"H4E"},"1FD":{"t":"BE36"},"206":{"desc":"H4E"},"207":{"t":"P06T"},"21A":{"t":"AS50"},"21F":{"desc":"H4E"},"227":{"t":"A321"},"22C":{"t":"BE36"},"236":{"desc":"L1P"},"238":{"desc":"H4E"},"251":{"desc":"H4E"},"253":{"t":"C182"},"257":{"t":"DA40"},"25D":{"t":"EC35"},"26A":{"desc":"H4E"},"270":{"t":"G280"},"271":{"t":"C560"},"272":{"t":"R66"},"283":{"desc":"H4E"},"285":{"desc":"H4E"},"28C":{"t":"C303"},"293":{"desc":"L2J","t":"A20N"},"296":{"t":"B738"},"29A":{"t":"S22T"},"29C":{"desc":"H4E"},"2A5":{"t":"E55P"},"2B5":{"desc":"H4E"},"2B7":{"t":"F900"},"2CE":{"desc":"H4E"},"2D5":{"t":"C182"},"2E5":{"t":"P32T"},"2E7":{"desc":"H4E"},"2EE":{"t":"C172"},"2EF":{"t":"PC12"},"2F0":{"desc":"L1P","t":"ULAC"},"2F5":{"t":"CL30"},"2F9":{"t":"LJ60"},"2FB":{"t":"C172"},"2FD":{"t":"SR22"},"2FF":{"t":"A119"},"300":{"desc":"H4E"},"302":{"t":"CRJ2"},"306":{"t":"BE33"},"307":{"desc":"H8E"},"310":{"t":"B739"},"312":{"desc":"L1P"},"317":{"t":"B350"},"31B":{"t":"MD83"},"31C":{"t":"C750"},"320":{"desc":"H8E"},"332":{"desc":"H4E"},"336":{"t":"A321"},"338":{"t":"A139"},"34B":{"desc":"H4E"},"354":{"t":"PA44"},"364":{"desc":"H4E"},"37D":{"desc":"H4E"},"396":{"desc":"H4E"},"3AF":{"desc":"H4E"},"3B7":{"t":"C180"},"3B9":{"t":"PA18"},"3BA":{"t":"AR11"},"3BC":{"t":"C180"},"3BD":{"t":"C182"},"3BE":{"t":"P28A"},"3C0":{"t":"BE24"},"3C1":{"t":"M20P"},"3C3":{"t":"PA25"},"3C4":{"t":"AEST"},"3C7":{"t":"C172"},"3C8":{"t":"AA5"},"3C9":{"t":"C188"},"3CA":{"t":"P28A"},"3CB":{"t":"C210"},"3CE":{"t":"S108"},"3D1":{"t":"C182"},"3D2":{"t":"C182"},"3D4":{"t":"S108"},"3D5":{"t":"S108"},"3D6":{"t":"C182"},"3DD":{"t":"BL17"},"3E0":{"t":"C182"},"3E1":{"t":"P28A"},"3E3":{"t":"BE19"},"3EA":{"t":"C172"},"3EB":{"desc":"H4E"},"3EE":{"t":"C210"},"3F2":{"t":"C172"},"3F5":{"t":"C182"},"3F6":{"t":"S108"},"3F7":{"t":"C182"},"3F8":{"t":"S108"},"3F9":{"t":"S108"},"3FB":{"t":"G164"},"3FD":{"t":"C180"},"3FE":{"t":"P28A"},"400":{"t":"BL17"},"402":{"t":"C180"},"403":{"t":"ST75"},"406":{"t":"BE23"},"407":{"t":"M20P"},"40D":{"t":"C172"},"40E":{"t":"AA1"},"40F":{"t":"C172"},"410":{"t":"P28A"},"412":{"t":"BE33"},"414":{"t":"S108"},"415":{"t":"M20P"},"417":{"t":"C182"},"419":{"t":"C182"},"41A":{"t":"C208"},"41C":{"t":"S108"},"41D":{"t":"C182"},"422":{"t":"PA18"},"423":{"t":"BL17"},"425":{"t":"C180"},"428":{"t":"S108"},"429":{"t":"BE23"},"42C":{"t":"C172"},"42E":{"t":"BE35"},"431":{"desc":"H4E"},"435":{"t":"BE55"},"438":{"t":"S108"},"43A":{"t":"C182"},"43B":{"t":"S108"},"43D":{"t":"S108"},"443":{"t":"C72R"},"445":{"t":"PA18"},"446":{"t":"AR11"},"449":{"t":"C182"},"44A":{"t":"P28A"},"44D":{"t":"M20P"},"454":{"desc":"H4E"},"45C":{"t":"S108"},"462":{"t":"C182"},"466":{"t":"C72R"},"467":{"t":"UH12"},"469":{"t":"AR11"},"46C":{"t":"C182"},"46D":{"t":"P28A"},"473":{"t":"C150"},"474":{"t":"BE35"},"477":{"desc":"H4E"},"479":{"t":"P28A"},"47A":{"t":"C210"},"47B":{"t":"BE33"},"47F":{"t":"C182"},"481":{"desc":"L2T"},"482":{"t":"C182"},"486":{"t":"C182"},"489":{"t":"C72R"},"48D":{"t":"P32R"},"48E":{"t":"R44"},"48F":{"t":"C182"},"492":{"t":"C172"},"495":{"t":"PA18"},"497":{"t":"BE35"},"499":{"t":"C172"},"49A":{"t":"AA1"},"49C":{"t":"P28A"},"49D":{"t":"C210"},"4A0":{"t":"S108"},"4A2":{"t":"S108"},"4A3":{"t":"C182"},"4A8":{"t":"S108"},"4AA":{"t":"DV20"},"4AC":{"t":"C72R"},"4AD":{"t":"P28A"},"4AF":{"t":"BL17"},"4B0":{"t":"H269"},"4B2":{"t":"C182"},"4B3":{"t":"P28A"},"4B4":{"t":"P28A"},"4B6":{"t":"M20P"},"4BA":{"t":"BE35"},"4BC":{"t":"C172"},"4BD":{"desc":"H4E"},"4C1":{"t":"BE35"},"4C5":{"t":"C182"},"4C6":{"t":"C172"},"4C7":{"t":"S108"},"4C8":{"t":"C182"},"4C9":{"t":"S108"},"4CA":{"t":"S108"},"4CF":{"t":"C180"},"4D1":{"t":"PA18"},"4D4":{"t":"C180"},"4D5":{"t":"C182"},"4D8":{"t":"BE24"},"4D9":{"t":"M20P"},"4E0":{"t":"AA5"},"4E2":{"t":"P28A"},"4E4":{"t":"BE35"},"4E6":{"t":"S108"},"4E7":{"t":"C182"},"4E9":{"t":"C172"},"4EB":{"t":"S108"},"4EC":{"t":"S108"},"4ED":{"t":"S108"},"4F1":{"desc":"L1P"},"4F3":{"t":"P28R"},"4F4":{"t":"PA18"},"4F5":{"t":"AR11"},"4F7":{"t":"C180"},"4F8":{"t":"C182"},"4F9":{"t":"P28A"},"4FB":{"t":"BE24"},"4FC":{"t":"M20P"},"500":{"t":"BE35"},"503":{"desc":"H4E"},"506":{"t":"C210"},"507":{"t":"BE35"},"50B":{"t":"S108"},"50F":{"t":"S108"},"510":{"t":"C182"},"513":{"desc":"L1P"},"514":{"t":"P28A"},"516":{"t":"BE35"},"517":{"t":"B412"},"51A":{"t":"P32R"},"51E":{"desc":"L2J","t":"B39M"},"521":{"t":"B738"},"525":{"t":"GLID"},"526":{"t":"B712"},"527":{"desc":"H4E"},"52C":{"t":"C56X"},"530":{"t":"C172"},"540":{"desc":"H4E"},"546":{"t":"P28A"},"547":{"t":"P212"},"548":{"t":"GLEX"},"54A":{"desc":"L1P"},"54C":{"t":"H25B"},"554":{"t":"C172"},"557":{"t":"CL30"},"558":{"t":"BE20"},"559":{"desc":"H4E"},"55F":{"t":"S108"},"560":{"t":"DV20"},"568":{"desc":"L1P"},"56A":{"t":"MD88"},"56B":{"t":"BE55"},"56F":{"t":"LJ45"},"570":{"desc":"L1P"},"572":{"desc":"H4E"},"588":{"t":"C172"},"58B":{"desc":"H4E"},"58C":{"t":"CRJ2"},"592":{"desc":"L1T"},"595":{"t":"B752"},"59D":{"t":"H269"},"5A4":{"desc":"H4E"},"5BD":{"desc":"H4E"},"5C4":{"t":"DH8A"},"5C5":{"t":"B06"},"5D1":{"t":"AS50"},"5D6":{"desc":"H4E"},"5DD":{"t":"BALL"},"5DF":{"t":"FA50"},"5E2":{"t":"C172"},"5ED":{"t":"C750"},"5EE":{"t":"A321"},"5EF":{"desc":"H4E"},"5F1":{"t":"FA7X"},"5F8":{"t":"CL30"},"608":{"desc":"H4E"},"621":{"desc":"H4E"},"623":{"t":"CH7B"},"628":{"t":"BE36"},"629":{"t":"TBM7"},"630":{"desc":"L1P","t":"ULAC"},"633":{"t":"S22T"},"63A":{"desc":"H4E"},"640":{"t":"B06"},"641":{"t":"BE36"},"64A":{"desc":"L2J","t":"A20N"},"64D":{"t":"B738"},"653":{"desc":"H4E"},"65C":{"t":"C510"},"66A":{"t":"BE20"},"66B":{"t":"C172"},"66C":{"desc":"H4E"},"672":{"t":"BE33"},"685":{"desc":"H4E"},"68B":{"t":"GLID"},"68E":{"t":"BE20"},"691":{"t":"LJ35"},"693":{"t":"B06"},"696":{"desc":"L1P","t":"ULAC"},"697":{"t":"R44"},"699":{"t":"E170"},"69B":{"desc":"L1P"},"69E":{"desc":"H4E"},"69F":{"desc":"L1P"},"6A4":{"desc":"L1P"},"6A5":{"t":"P32R"},"6A7":{"desc":"L1P","t":"ULAC"},"6AA":{"t":"C82S"},"6AC":{"t":"R22"},"6B2":{"t":"PA31"},"6B4":{"desc":"L2P"},"6B5":{"t":"BE58"},"6B6":{"t":"A119"},"6B7":{"desc":"H4E"},"6B8":{"t":"C208"},"6B9":{"t":"CRJ2"},"6BA":{"desc":"L1P"},"6BD":{"t":"BE33"},"6BF":{"t":"H25B"},"6C0":{"t":"BALL"},"6C9":{"t":"HA4T"},"6D0":{"desc":"H4E"},"6D2":{"t":"MD83"},"6D3":{"t":"C525"},"6D7":{"desc":"H4E"},"6E9":{"desc":"H4E"},"6ED":{"t":"A321"},"702":{"desc":"H4E"},"709":{"t":"PA34"},"70B":{"t":"C550"},"70C":{"t":"C172"},"714":{"t":"CL30"},"71B":{"desc":"H4E"},"71D":{"t":"LJ45"},"721":{"desc":"L1P"},"734":{"desc":"H4E"},"73F":{"desc":"L1P"},"74D":{"desc":"H4E"},"753":{"desc":"L1P"},"766":{"desc":"H4E"},"76B":{"desc":"L1P"},"76E":{"t":"C180"},"771":{"t":"AR11"},"773":{"t":"C172"},"775":{"t":"P28A"},"776":{"t":"S108"},"778":{"t":"M20P"},"77C":{"t":"BE35"},"77F":{"t":"AA5"},"781":{"t":"P28A"},"782":{"t":"C210"},"784":{"t":"T6"},"786":{"desc":"L1P"},"787":{"t":"C182"},"788":{"t":"C182"},"789":{"t":"S108"},"791":{"t":"C72R"},"794":{"t":"AR11"},"795":{"t":"C172"},"796":{"t":"C206"},"797":{"t":"C182"},"798":{"t":"P28A"},"79B":{"t":"M20P"},"79E":{"t":"AEST"},"79F":{"t":"BE35"},"7A2":{"t":"AA5"},"7A3":{"t":"C188"},"7A4":{"t":"P28A"},"7A8":{"t":"S108"},"7A9":{"t":"C182"},"7AA":{"t":"C182"},"7AD":{"t":"S108"},"7AE":{"t":"S108"},"7B0":{"t":"S108"},"7B1":{"t":"C172"},"7B6":{"t":"PA18"},"7B7":{"t":"BL17"},"7BE":{"t":"M20P"},"7C3":{"t":"H500"},"7C5":{"t":"AA1"},"7C6":{"t":"C172"},"7C7":{"t":"P28A"},"7CC":{"t":"C172"},"7CF":{"t":"C182"},"7D1":{"t":"S108"},"7D2":{"t":"C182"},"7D3":{"t":"S108"},"7D6":{"t":"C170"},"7DA":{"t":"BL17"},"7DD":{"t":"C182"},"7DF":{"desc":"L2J"},"7E8":{"t":"AA5"},"7EA":{"t":"P28A"},"7EB":{"t":"C210"},"7ED":{"t":"T6"},"7F0":{"t":"S108"},"7F2":{"t":"S108"},"7F4":{"t":"S108"},"7F5":{"t":"S108"},"7F7":{"t":"S108"},"7F8":{"t":"G164"},"7F9":{"t":"C170"},"7FB":{"t":"PA32"},"7FD":{"t":"BL17"},"7FF":{"t":"C180"},"801":{"t":"P28A"},"802":{"t":"S108"},"804":{"t":"C207"},"80B":{"t":"AA5"},"80C":{"t":"C172"},"80F":{"t":"BE35"},"811":{"t":"S108"},"813":{"t":"S108"},"816":{"t":"C172"},"818":{"t":"C172"},"81A":{"t":"S108"},"81C":{"t":"C170"},"81D":{"t":"C72R"},"81E":{"t":"PA32"},"81F":{"t":"PA18"},"820":{"t":"AR11"},"823":{"desc":"L1P"},"825":{"t":"S108"},"827":{"t":"M10"},"82B":{"t":"BE35"},"82D":{"t":"C172"},"82E":{"t":"AA5"},"82F":{"t":"C150"},"830":{"t":"P28A"},"832":{"t":"BE35"},"836":{"t":"S108"},"838":{"t":"S108"},"839":{"t":"S108"},"83A":{"t":"C182"},"83B":{"t":"C182"},"83C":{"t":"C182"},"841":{"t":"P32T"},"842":{"t":"PA18"},"843":{"t":"AR11"},"847":{"t":"P28A"},"84B":{"desc":"L2T"},"84E":{"t":"BE35"},"851":{"desc":"H4E"},"852":{"t":"C172"},"853":{"t":"P28A"},"854":{"t":"C210"},"856":{"t":"T6"},"858":{"t":"C182"},"85A":{"t":"C182"},"85C":{"t":"S108"},"85D":{"t":"S108"},"85F":{"t":"C182"},"861":{"desc":"L1P"},"866":{"t":"AR11"},"867":{"desc":"L1P"},"868":{"t":"C180"},"86B":{"desc":"A1P"},"871":{"t":"BE35"},"873":{"t":"C172"},"874":{"desc":"H4E"},"877":{"t":"C210"},"878":{"t":"BE35"},"87A":{"t":"C182"},"87B":{"t":"C182"},"87C":{"desc":"L1P"},"87F":{"t":"C182"},"882":{"t":"S108"},"883":{"t":"S108"},"885":{"t":"C170"},"887":{"t":"PA34"},"889":{"desc":"A1P"},"88B":{"t":"C180"},"88D":{"t":"P28A"},"892":{"t":"PA18"},"894":{"t":"BE35"},"896":{"t":"C172"},"897":{"t":"AA5"},"89B":{"t":"BE33"},"89C":{"t":"C206"},"89E":{"t":"C182"},"8A0":{"t":"M20P"},"8A1":{"t":"C172"},"8A3":{"t":"S108"},"8A6":{"t":"S108"},"8A7":{"t":"T206"},"8AC":{"t":"C182"},"8AF":{"t":"C182"},"8B0":{"t":"P28A"},"8B7":{"t":"BE35"},"8B8":{"t":"G164"},"8B9":{"t":"C172"},"8BA":{"t":"AA5"},"8BC":{"t":"P28A"},"8C0":{"t":"S108"},"8C2":{"t":"S108"},"8C3":{"t":"C182"},"8C5":{"t":"C182"},"8C7":{"t":"C182"},"8C8":{"t":"S108"},"8C9":{"desc":"L1P"},"8CB":{"t":"BL8"},"8CC":{"t":"BE58"},"8CE":{"t":"FA50"},"8CF":{"t":"G280"},"8D0":{"t":"GLID"},"8D1":{"desc":"L1P"},"8D2":{"t":"P68T"},"8D3":{"t":"HUSK"},"8D4":{"t":"AC90"},"8D5":{"desc":"L1P","t":"LA4"},"8D6":{"t":"B06"},"8D7":{"desc":"L1P"},"8D9":{"desc":"L1P"},"8DB":{"t":"BE9L"},"8DC":{"t":"ASTO"},"8DE":{"desc":"L6E"},"8DF":{"t":"C501"},"8E3":{"t":"B06"},"8E5":{"t":"J3"},"8E6":{"t":"B58T"},"8E7":{"t":"BE35"},"8E9":{"desc":"L1P"},"8EB":{"t":"GLID"},"8EE":{"t":"SR22"},"8EF":{"desc":"L1P","t":"ULAC"},"8F0":{"t":"WW24"},"8F2":{"desc":"L1P"},"8F4":{"t":"M20P"},"8F5":{"desc":"A2P"},"8F6":{"t":"S22T"},"8F8":{"t":"C150"},"8FC":{"t":"DV20"},"8FF":{"desc":"H1P"},"900":{"t":"GLID"},"901":{"desc":"L1P"},"902":{"t":"C414"},"903":{"t":"P51"},"905":{"t":"C25C"},"906":{"t":"HUSK"},"908":{"t":"B06"},"909":{"t":"B06"},"90B":{"t":"H500"},"90D":{"t":"FDCT"},"90E":{"desc":"L1P"},"90F":{"t":"PA32"},"910":{"desc":"L1P"},"912":{"t":"ULAC"},"913":{"desc":"L1P"},"915":{"desc":"L1P"},"917":{"desc":"L1P"},"919":{"t":"BE55"},"91A":{"t":"C182"},"91D":{"t":"AA5"},"91E":{"t":"FA50"},"920":{"desc":"L1T","t":"M600"},"921":{"desc":"L1P"},"922":{"t":"C310"},"924":{"t":"HUSK"},"926":{"desc":"L1P"},"928":{"t":"C140"},"92B":{"desc":"L1P"},"92E":{"desc":"L1P"},"930":{"t":"B06"},"931":{"desc":"L2T"},"932":{"t":"CL30"},"933":{"desc":"H1P"},"934":{"t":"PA18"},"938":{"desc":"L1P"},"93A":{"desc":"L1P"},"93B":{"t":"C172"},"93D":{"t":"C425"},"93F":{"desc":"H1P"},"940":{"desc":"L1P"},"941":{"desc":"L1P"},"945":{"desc":"L1P"},"948":{"t":"UH1"},"949":{"t":"PAY1"},"94B":{"desc":"H6E"},"94D":{"t":"F900"},"953":{"t":"M20T"},"956":{"t":"T6"},"959":{"desc":"L1P"},"95D":{"desc":"H1P"},"95E":{"t":"GLEX"},"961":{"desc":"L1P"},"962":{"t":"M20P"},"963":{"desc":"L1P"},"964":{"t":"C172"},"965":{"desc":"L1P"},"967":{"t":"SF50"},"968":{"desc":"A1P"},"969":{"desc":"L1P"},"96B":{"t":"PA18"},"96D":{"t":"BE35"},"96F":{"t":"C82R"},"971":{"desc":"L1P"},"972":{"t":"CJ6"},"973":{"t":"EC30"},"976":{"t":"BE60"},"977":{"t":"PC12"},"97B":{"t":"BE9T"},"97D":{"desc":"L1P"},"980":{"t":"BE9L"},"981":{"t":"WW24"},"982":{"t":"SR22"},"984":{"desc":"L1P"},"985":{"desc":"L1P"},"986":{"t":"BL17"},"988":{"desc":"L1P"},"98A":{"desc":"L1P"},"98B":{"t":"P28A"},"98C":{"t":"C56X"},"991":{"t":"HUSK"},"993":{"t":"NAVI"},"994":{"desc":"L1T"},"995":{"t":"C185"},"996":{"t":"B427"},"999":{"t":"P32R"},"99A":{"t":"P28R"},"99B":{"desc":"L1P"},"99D":{"t":"BE36"},"9A1":{"t":"CH7A"},"9A4":{"t":"M20P"},"9A5":{"t":"M20T"},"9A7":{"t":"LJ60"},"9AB":{"desc":"L1P"},"9AD":{"t":"BE60"},"9AE":{"desc":"L1P"},"9AF":{"t":"BE20"},"9B1":{"desc":"L1P"},"9B2":{"desc":"L1P"},"9B3":{"desc":"L1P"},"9B6":{"t":"L13M"},"9BA":{"desc":"L1P"},"9BB":{"desc":"A1T","t":"KODI"},"9BD":{"t":"BE9L"},"9C5":{"desc":"L1P"},"9C6":{"t":"P32R"},"9C7":{"t":"BALL"},"9C8":{"t":"LJ35"},"9C9":{"desc":"L1P"},"9CA":{"t":"GLEX"},"9CC":{"desc":"L1P"},"9CD":{"desc":"L1P"},"9CF":{"t":"BE35"},"9D1":{"desc":"L1P"},"9D5":{"t":"BE36"},"9D6":{"desc":"L1P","t":"ULAC"},"9D7":{"t":"GLF4"},"9DA":{"t":"SR22"},"9DF":{"desc":"L1T"},"9E0":{"desc":"L1P"},"9E1":{"t":"BE35"},"9E3":{"t":"DA62"},"9E6":{"t":"F900"},"9E7":{"desc":"L1P"},"9E8":{"desc":"L1T","t":"M600"},"9E9":{"t":"C182"},"9EA":{"t":"C340"},"9EB":{"t":"B350"},"9EE":{"t":"BE35"},"9EF":{"t":"P28A"},"9F2":{"t":"P28A"},"9F3":{"t":"BE33"},"9FA":{"desc":"L2P"},"9FB":{"desc":"L1P"},"9FD":{"t":"TBM7"},"A09":{"t":"PA30"},"A0C":{"desc":"H1T"},"A0D":{"desc":"L1T","t":"M600"},"A11":{"t":"BE55"},"A12":{"t":"C185"},"A13":{"t":"S76"},"A16":{"t":"P28A"},"A17":{"desc":"A1P"},"A18":{"t":"B06"},"A19":{"t":"AC90"},"A1A":{"t":"PA18"},"A1B":{"desc":"L1P"},"A1C":{"t":"BE9L"},"A1D":{"t":"GLID"},"A1E":{"t":"PA27"},"A21":{"t":"BE35"},"A24":{"desc":"L1P"},"A26":{"desc":"L1P"},"A28":{"desc":"L1P"},"A29":{"t":"C500"},"A2C":{"t":"LJ45"},"A38":{"t":"LJ45"},"A42":{"t":"PTS2"},"A43":{"t":"BE20"},"A44":{"desc":"L1P"},"A45":{"t":"C340"},"A46":{"t":"AEST"},"A47":{"t":"B58T"},"A48":{"t":"SR22"},"A49":{"desc":"L1P"},"A4A":{"desc":"L1P"},"A4B":{"t":"T6"},"A4D":{"t":"C208"},"A50":{"t":"F2TH"},"A52":{"desc":"L1P"},"A54":{"desc":"H1P"},"A56":{"desc":"L1P"},"A57":{"desc":"L1P"},"A5C":{"t":"PA18"},"A5D":{"t":"GLID"},"A5E":{"t":"BE50"},"A5F":{"desc":"L2P"},"A62":{"t":"BE55"},"A64":{"desc":"A1P"},"A65":{"desc":"L1P"},"A66":{"t":"SR22"},"A67":{"t":"B06"},"A69":{"t":"C208"},"A6B":{"desc":"H1T"},"A6C":{"t":"C150"},"A70":{"t":"C77R"},"A71":{"desc":"L1P"},"A74":{"desc":"L1P"},"A75":{"t":"BE10"},"A76":{"desc":"L1P","t":"TB0"},"A77":{"t":"C182"},"A78":{"t":"C182"},"A7A":{"desc":"L1P"},"A7B":{"t":"PAY1"},"A7C":{"t":"F2TH"},"A7E":{"desc":"A1P"},"A7F":{"t":"P32R"},"A80":{"desc":"L1P"},"A81":{"t":"S22T"},"A82":{"desc":"A2P"},"A85":{"t":"E300"},"A86":{"t":"S22T"},"A88":{"t":"TOBA"},"A89":{"desc":"L1P"},"A8D":{"desc":"L1P"},"A8E":{"t":"P28T"},"A90":{"desc":"L2T"},"A93":{"t":"LJ60"},"A99":{"t":"S22T"},"A9F":{"t":"COL4"},"AA6":{"desc":"L1P"},"AA7":{"desc":"L2T"},"AA9":{"t":"BE36"},"AAB":{"desc":"L1P"},"AAD":{"t":"BE20"},"AAF":{"desc":"L1P","t":"ULAC"},"AB0":{"desc":"L1T"},"AB1":{"t":"R44"},"AB4":{"desc":"L1P"},"AB6":{"desc":"L1P"},"ABA":{"desc":"L1P"},"AC1":{"desc":"H1P"},"AC2":{"desc":"L1P"},"AC3":{"desc":"L1P"},"AC4":{"t":"BE36"},"AC6":{"t":"GLEX"},"AC7":{"t":"C182"},"ACA":{"t":"P32R"},"ACB":{"t":"ST75"},"ACD":{"t":"BE9L"},"AD1":{"desc":"L1P"},"AD4":{"t":"P28A"},"AD5":{"t":"GLID"},"AD6":{"t":"C182"},"AD7":{"t":"PA18"},"AE3":{"t":"C56X"},"AE6":{"desc":"L1P"},"AE9":{"t":"C650"},"AEA":{"t":"ULAC"},"AFB":{"desc":"L1P"},"AFF":{"t":"C25B"},"B0B":{"t":"B407"},"B0F":{"desc":"L1P","t":"ULAC"},"B12":{"t":"GAZL"},"B1B":{"t":"BALL"},"B1C":{"t":"C172"},"B23":{"t":"GLID"},"B24":{"t":"P28A"},"B29":{"t":"AC95"},"B2E":{"t":"AC90"},"B30":{"t":"C340"},"B31":{"t":"B738"},"B36":{"t":"B712"},"B37":{"desc":"H4E"},"B38":{"t":"A320"},"B40":{"t":"B350"},"B44":{"t":"LJ31"},"B45":{"t":"AC95"},"B50":{"desc":"H4E"},"B56":{"t":"S108"},"B57":{"t":"PAY1"},"B58":{"t":"BALL"},"B59":{"t":"GLEX"},"B5A":{"t":"SR20"},"B5D":{"t":"R22"},"B64":{"t":"C172"},"B66":{"t":"BE9T"},"B68":{"t":"DV20"},"B69":{"desc":"H4E"},"B6B":{"t":"AC95"},"B6F":{"t":"S108"},"B70":{"t":"DV20"},"B71":{"desc":"A1P"},"B72":{"desc":"L1P"},"B73":{"t":"ERCO"},"B7B":{"t":"FA50"},"B7F":{"t":"BE35"},"B80":{"t":"DA40"},"B82":{"desc":"H4E"},"B84":{"t":"BE9L"},"B8D":{"t":"AC95"},"B9B":{"desc":"H4E"},"B9C":{"t":"CRJ2"},"BA1":{"t":"CH7A"},"BA6":{"t":"C208"},"BB4":{"desc":"H4E"},"BBD":{"t":"PA30"},"BC1":{"t":"GLEX"},"BCA":{"t":"AC95"},"BCD":{"desc":"H4E"},"BCE":{"t":"P06T"},"BD5":{"t":"AC95"},"BD7":{"t":"C56X"},"BE1":{"t":"C82R"},"BE6":{"desc":"H4E"},"BEC":{"t":"E50P"},"BED":{"t":"DA42"},"BEE":{"desc":"H4E"},"BF2":{"t":"C68A"},"BF3":{"t":"CH7B"},"BF6":{"t":"C82R"},"BFD":{"t":"C750"},"BFE":{"t":"A321"},"BFF":{"desc":"H4E"},"C11":{"desc":"L1P"},"C18":{"desc":"H4E"},"C1E":{"t":"C182"},"C31":{"desc":"H4E"},"C37":{"desc":"L1P"},"C38":{"desc":"L1T","t":"M600"},"C49":{"desc":"H2T"},"C4A":{"desc":"H4E"},"C5A":{"desc":"L2J","t":"A20N"},"C5D":{"t":"B738"},"C63":{"desc":"H4E"},"C69":{"t":"PA24"},"C6A":{"t":"BE58"},"C7B":{"desc":"L1P"},"C7C":{"desc":"H4E"},"C82":{"t":"BE35"},"C95":{"desc":"H4E"},"CA4":{"t":"S22T"},"CAE":{"desc":"H4E"},"CAF":{"desc":"L1P"},"CB4":{"t":"FA50"},"CB6":{"desc":"L1P"},"CB7":{"t":"T210"},"CB8":{"t":"B06"},"CB9":{"t":"BE35"},"CBA":{"t":"F900"},"CC2":{"t":"C172"},"CC6":{"t":"B734"},"CC9":{"t":"CRJ2"},"CCD":{"desc":"L1P"},"CCE":{"t":"C172"},"CD3":{"t":"P28A"},"CDF":{"t":"R44"},"CE0":{"desc":"H4E"},"CE2":{"t":"MD83"},"CE3":{"t":"H25B"},"CE7":{"desc":"H4E"},"CF7":{"t":"SR20"},"CF9":{"desc":"H4E"},"CFD":{"t":"A321"},"CFF":{"desc":"L1P"},"D00":{"t":"BALL"},"D0C":{"t":"ULAC"},"D0D":{"t":"C525"},"D12":{"desc":"H4E"},"D2B":{"desc":"H4E"},"D44":{"desc":"H4E"},"D5D":{"desc":"H4E"},"D76":{"desc":"H4E"},"D7D":{"t":"C195"},"D7E":{"t":"B14A"},"D80":{"t":"PA11"},"D81":{"t":"AR11"},"D85":{"t":"C150"},"D8A":{"t":"PA18"},"D8E":{"t":"C172"},"D8F":{"t":"AA5"},"D91":{"t":"P28A"},"D96":{"t":"P28A"},"D97":{"t":"J3"},"D99":{"t":"J3"},"D9B":{"t":"J3"},"D9C":{"t":"SR22"},"D9E":{"t":"P28A"},"D9F":{"desc":"L1P"},"DA0":{"t":"C195"},"DA1":{"t":"B14A"},"DA2":{"t":"T6"},"DA6":{"t":"C172"},"DAB":{"t":"M4"},"DAC":{"t":"BALL"},"DAF":{"t":"BE35"},"DB2":{"desc":"H4E"},"DB4":{"t":"P28A"},"DB6":{"t":"M20T"},"DBA":{"t":"P28A"},"DBC":{"t":"P28A"},"DBD":{"t":"P28A"},"DBF":{"t":"P28A"},"DC3":{"t":"PA44"},"DC5":{"t":"BALL"},"DC7":{"t":"C182"},"DCA":{"t":"C182"},"DCC":{"desc":"L1P"},"DCE":{"t":"M4"},"DD0":{"desc":"L1P"},"DD2":{"t":"BE35"},"DD3":{"t":"BALL"},"DD4":{"t":"C172"},"DD5":{"t":"AA5"},"DD8":{"t":"C185"},"DDA":{"t":"C206"},"DDC":{"t":"P28A"},"DDD":{"t":"J3"},"DDE":{"t":"J3"},"DE0":{"t":"J3"},"DE1":{"t":"J3"},"DE3":{"t":"J3"},"DE5":{"desc":"L1P"},"DE8":{"t":"C172"},"DE9":{"desc":"S1P","t":"PA22"},"DED":{"t":"C182"},"DF0":{"t":"BALL"},"DF1":{"t":"M4"},"DF3":{"t":"PA25"},"DF6":{"t":"BALL"},"DF8":{"desc":"H4E"},"DF9":{"t":"C188"},"DFB":{"t":"C185"},"DFD":{"t":"C206"},"E01":{"t":"J3"},"E03":{"t":"J3"},"E05":{"t":"P28A"},"E0A":{"t":"B14A"},"E0B":{"t":"T6"},"E0C":{"t":"PA22"},"E0D":{"t":"AR11"},"E11":{"t":"C150"},"E14":{"desc":"L1P"},"E15":{"t":"BALL"},"E18":{"t":"BE35"},"E1A":{"t":"C172"},"E1B":{"desc":"H4E"},"E1D":{"t":"P28A"},"E1F":{"desc":"L1P"},"E21":{"t":"J3"},"E22":{"t":"J3"},"E23":{"t":"J3"},"E24":{"t":"J3"},"E26":{"t":"J3"},"E28":{"t":"J3"},"E29":{"t":"J3"},"E2B":{"t":"G164"},"E2C":{"t":"C195"},"E2D":{"desc":"L1P"},"E2E":{"t":"T6"},"E32":{"t":"C172"},"E35":{"t":"S108"},"E3B":{"t":"BE35"},"E3C":{"t":"BALL"},"E3D":{"t":"C172"},"E3E":{"t":"AA1"},"E40":{"t":"P28A"},"E42":{"t":"CH7A"},"E44":{"t":"J3"},"E48":{"t":"J3"},"E49":{"t":"P28A"},"E4B":{"t":"J3"},"E4D":{"t":"P28A"},"E4F":{"desc":"L1P"},"E50":{"t":"B14A"},"E51":{"t":"T6"},"E53":{"t":"C182"},"E55":{"t":"C172"},"E5B":{"t":"BALL"},"E5C":{"t":"PA25"},"E5E":{"t":"BE35"},"E61":{"desc":"H4E"},"E64":{"t":"C185"},"E68":{"t":"P28A"},"E6A":{"t":"P28A"},"E6C":{"t":"P28A"},"E73":{"t":"B14A"},"E74":{"t":"P28A"},"E78":{"t":"C172"},"E79":{"t":"C182"},"E7A":{"desc":"H8E"},"E85":{"t":"C188"},"E88":{"t":"M20T"},"E8B":{"t":"J3"},"E8C":{"t":"P28A"},"E8E":{"t":"P28A"},"E8F":{"t":"P28A"},"E91":{"t":"P28A"},"E98":{"t":"PA22"},"E99":{"t":"AR11"},"E9C":{"t":"C182"},"E9D":{"t":"C172"},"E9E":{"t":"S108"},"E9F":{"t":"C320"},"EA4":{"t":"BE35"},"EA5":{"t":"BALL"},"EA6":{"t":"C172"},"EA7":{"desc":"H4E"},"EA9":{"t":"P28A"},"EAA":{"t":"C185"},"EAD":{"t":"P28A"},"EAE":{"t":"J3"},"EAF":{"t":"P28A"},"EB0":{"t":"J3"},"EB2":{"t":"J3"},"EB3":{"t":"P28A"},"EB6":{"t":"J3"},"EB7":{"t":"G164"},"EB9":{"t":"B14A"},"EBA":{"t":"T6"},"EBC":{"t":"AR11"},"EBE":{"t":"C172"},"EBF":{"t":"C182"},"EC0":{"t":"C150"},"EC1":{"t":"P28R"},"EC2":{"t":"C320"},"EC3":{"t":"TAYB"},"EC5":{"t":"PA25"},"EC7":{"t":"BE35"},"EC8":{"t":"BALL"},"ECA":{"t":"AA5"},"ECB":{"desc":"L1P"},"ED0":{"t":"J3"},"ED2":{"t":"P28A"},"ED5":{"t":"P28A"},"ED6":{"t":"J3"},"ED8":{"t":"BALL"},"EDA":{"desc":"L1P"},"EDE":{"desc":"L1P"},"EE2":{"t":"C560"},"EE5":{"t":"T206"},"EE6":{"t":"LJ35"},"EE7":{"t":"C25B"},"EE8":{"t":"B738"},"EEB":{"t":"S22T"},"EED":{"t":"B712"},"EEE":{"desc":"H4E"},"EF6":{"t":"BE20"},"EF7":{"t":"C172"},"EFE":{"t":"S22T"},"F06":{"t":"C172"},"F07":{"desc":"H4E"},"F0D":{"desc":"L1P"},"F11":{"t":"SR22"},"F12":{"t":"H25B"},"F14":{"t":"GLID"},"F19":{"t":"CH7B"},"F1B":{"t":"C172"},"F20":{"desc":"H4E"},"F26":{"t":"BE36"},"F28":{"t":"H25B"},"F32":{"t":"C340"},"F3B":{"t":"AS50"},"F3E":{"desc":"H6E"},"F44":{"t":"E190"},"F4F":{"desc":"L1P"},"F53":{"t":"CRJ2"},"F5D":{"t":"C208"},"F60":{"t":"F2TH"},"F71":{"desc":"L1P"},"F73":{"t":"DG15"},"F83":{"t":"T206"},"F98":{"t":"AS50"},"FA3":{"t":"S22T"},"FA4":{"t":"DA42"},"FB1":{"desc":"L1P"},"FB5":{"t":"A321"},"FB6":{"desc":"H4E"},"FB8":{"t":"S22T"},"FBC":{"t":"S22T"},"FC8":{"t":"E300"},"FD6":{"desc":"L1P","t":"ULAC"},"FD7":{"t":"BALL"},"FE0":{"t":"B350"},"FE8":{"desc":"H4E"},"FF0":{"desc":"L1P"},"FF6":{"t":"GAZL"},"FFA":{"desc":"L1P"},"FFC":{"desc":"L1P"},"FFE":{"t":"C182"},"FFF":{"desc":"L1P"}}