{"001":{"desc":"H4E"},"011":{"desc":"L2J","t":"A20N"},"014":{"t":"B738"},"01A":{"desc":"H4E"},"01C":{"t":"M7"},"020":{"t":"SR22"},"027":{"t":"S22T"},"033":{"desc":"H4E"},"039":{"t":"BE33"},"04C":{"desc":"H4E"},"056":{"t":"T206"},"05A":{"t":"B06"},"05E":{"desc":"L1P"},"065":{"t":"ULAC"},"066":{"desc":"L1P"},"067":{"desc":"L1P"},"06B":{"t":"SF50"},"06E":{"t":"C180"},"073":{"t":"R22"},"076":{"t":"R22"},"077":{"t":"M20P"},"079":{"t":"C172"},"07D":{"t":"A119"},"07E":{"t":"P28A"},"084":{"t":"BE33"},"087":{"desc":"L1T","t":"C182"},"08E":{"t":"B739"},"08F":{"desc":"L1P"},"095":{"t":"GLEX"},"097":{"desc":"H4E"},"099":{"t":"C172"},"09E":{"desc":"H9E"},"0B0":{"desc":"H4E"},"0B4":{"t":"A321"},"0C8":{"t":"ULAC"},"0E0":{"t":"C182"},"0E2":{"t":"C172"},"0FB":{"desc":"H4E"},"101":{"t":"BE35"},"114":{"desc":"H4E"},"12B":{"t":"BALL"},"12D":{"desc":"H4E"},"134":{"t":"C195"},"135":{"t":"B14A"},"136":{"t":"P28A"},"13A":{"t":"C172"},"13B":{"t":"C182"},"13C":{"t":"C150"},"13F":{"t":"M4"},"141":{"t":"BALL"},"143":{"t":"BE35"},"144":{"t":"BALL"},"145":{"t":"C172"},"146":{"t":"AA5"},"14A":{"t":"CH7B"},"14C":{"t":"P28A"},"14F":{"t":"P28A"},"152":{"t":"J3"},"153":{"t":"P28A"},"155":{"t":"J3"},"158":{"t":"B14A"},"15A":{"t":"PA22"},"15B":{"t":"AR11"},"15E":{"t":"C210"},"15F":{"t":"C150"},"160":{"t":"S108"},"162":{"t":"BALL"},"163":{"t":"BALL"},"168":{"t":"PA38"},"169":{"t":"AA5"},"16A":{"t":"C172"},"16B":{"t":"P28A"},"16C":{"t":"J3"},"16E":{"t":"C206"},"16F":{"t":"J3"},"170":{"t":"J3"},"171":{"t":"J3"},"174":{"t":"J3"},"175":{"t":"P28A"},"177":{"t":"J3"},"17B":{"t":"C72R"},"17C":{"t":"P28A"},"180":{"t":"C188"},"181":{"t":"FA62"},"182":{"t":"C172"},"184":{"t":"C320"},"18A":{"t":"AC95"},"18B":{"t":"C172"},"18C":{"desc":"H4E"},"18E":{"t":"P28A"},"18F":{"t":"C185"},"190":{"t":"BALL"},"192":{"t":"C172"},"195":{"t":"J3"},"197":{"t":"C172"},"199":{"t":"P28A"},"19B":{"t":"J3"},"19E":{"t":"C72R"},"1A1":{"t":"C182"},"1A4":{"t":"C182"},"1A6":{"t":"S108"},"1A7":{"t":"C172"},"1A8":{"desc":"L1P"},"1AE":{"t":"C172"},"1AF":{"desc":"H4E"},"1B0":{"t":"C172"},"1B1":{"t":"P28A"},"1B3":{"t":"CH7A"},"1B6":{"t":"P28A"},"1B8":{"t":"J3"},"1B9":{"t":"P28A"},"1BA":{"t":"P28A"},"1BB":{"t":"P28A"},"1BC":{"t":"J3"},"1C0":{"t":"GLID"},"1C2":{"t":"P28A"},"1C3":{"t":"PA22"},"1C4":{"t":"AR11"},"1C6":{"t":"C206"},"1C7":{"t":"J3"},"1C9":{"t":"S108"},"1CD":{"t":"PA18"},"1CF":{"t":"BE35"},"1D1":{"t":"C172"},"1D2":{"desc":"H4E"},"1D8":{"t":"J3"},"1DC":{"t":"P28A"},"1E3":{"t":"C195"},"1E4":{"t":"B14A"},"1E9":{"t":"C172"},"1EA":{"t":"C182"},"1ED":{"t":"C172"},"1F0":{"t":"PA25"},"1F5":{"t":"AA5"},"1FA":{"t":"C206"},"1FB":{"t":"P28A"},"1FC":{"t":"P28A"},"1FD":{"t":"P28A"},"201":{"t":"J3"},"202":{"t":"J3"},"203":{"t":"P28A"},"204":{"t":"J3"},"205":{"t":"G164"},"209":{"t":"PA22"},"20A":{"t":"C182"},"20C":{"t":"C172"},"210":{"t":"C320"},"211":{"t":"M4"},"215":{"t":"BE35"},"218":{"t":"AA5"},"21C":{"t":"CH7A"},"21E":{"t":"J3"},"21F":{"t":"P28A"},"220":{"t":"J3"},"222":{"t":"J3"},"223":{"t":"J3"},"225":{"t":"P28A"},"227":{"t":"J3"},"22A":{"desc":"L1P"},"22F":{"t":"C172"},"230":{"t":"C182"},"231":{"t":"C150"},"232":{"t":"P28R"},"238":{"t":"BE35"},"239":{"t":"BALL"},"23B":{"desc":"H4E"},"23F":{"t":"CH7A"},"242":{"t":"P28A"},"243":{"t":"J3"},"244":{"t":"J3"},"246":{"t":"C172"},"247":{"t":"P28A"},"248":{"t":"J3"},"249":{"t":"J3"},"24A":{"t":"J3"},"24D":{"t":"B14A"},"24F":{"desc":"L1P"},"250":{"t":"AR11"},"252":{"t":"C172"},"253":{"t":"C182"},"254":{"t":"BALL"},"25A":{"t":"ULAC"},"25B":{"t":"BE35"},"25E":{"t":"AA5"},"260":{"t":"P28A"},"261":{"t":"C185"},"262":{"t":"CH7B"},"264":{"t":"J3"},"268":{"t":"M20T"},"26A":{"t":"C172"},"26B":{"t":"J3"},"26C":{"t":"C172"},"26D":{"t":"C172"},"270":{"t":"B14A"},"276":{"t":"C182"},"277":{"t":"C150"},"27A":{"t":"M4"},"27C":{"t":"PA25"},"27D":{"t":"BALL"},"281":{"t":"AA5"},"287":{"t":"P28A"},"289":{"t":"P28A"},"28C":{"t":"J3"},"28D":{"t":"P28A"},"28E":{"t":"PA11"},"28F":{"t":"J3"},"291":{"t":"GLID"},"29C":{"desc":"L2J","t":"B39M"},"29F":{"t":"B738"},"2A3":{"t":"AT8T"},"2A4":{"t":"B712"},"2A5":{"desc":"H4E"},"2A6":{"desc":"L1P"},"2AE":{"t":"M7"},"2B3":{"t":"AS50"},"2BB":{"t":"C182"},"2BD":{"t":"C172"},"2BE":{"desc":"H4E"},"2C3":{"t":"C25B"},"2C4":{"t":"S108"},"2C5":{"t":"MD83"},"2C8":{"t":"SR22"},"2C9":{"t":"H25B"},"2D2":{"t":"C172"},"2D7":{"desc":"H4E"},"2DE":{"t":"DV20"},"2E7":{"desc":"L1P"},"2EE":{"desc":"L1P"},"2F0":{"desc":"H4E"},"2F2":{"t":"C750"},"2F9":{"desc":"L2J"},"30A":{"desc":"H6E"},"317":{"t":"C56X"},"31A":{"t":"B350"},"328":{"t":"CH7A"},"329":{"t":"BE20"},"33B":{"desc":"H4E"},"344":{"t":"B737"},"346":{"t":"J3"},"34F":{"t":"AS50"},"354":{"desc":"H4E"},"35C":{"t":"A321"},"366":{"t":"M20P"},"36D":{"desc":"H4E"},"373":{"t":"PAY2"},"374":{"t":"GLID"},"386":{"desc":"H4E"},"392":{"desc":"H2T"},"39E":{"desc":"L1P"},"39F":{"desc":"H4E"},"3B1":{"desc":"L2J"},"3B5":{"t":"AT6T"},"3B8":{"desc":"H4E"},"3BF":{"t":"C550"},"3C1":{"t":"C182"},"3C8":{"desc":"L2J","t":"A20N"},"3CB":{"t":"B738"},"3D3":{"t":"M7"},"3DB":{"t":"GLID"},"3EA":{"desc":"H4E"},"3EC":{"t":"SR22"},"403":{"desc":"H4E"},"40A":{"t":"BE20"},"411":{"t":"B230"},"415":{"t":"P28A"},"41C":{"desc":"H4E"},"41D":{"desc":"L1P"},"41E":{"desc":"L2J"},"423":{"t":"FDCT"},"424":{"t":"BE9L"},"428":{"t":"C206"},"42A":{"desc":"G1P"},"42C":{"t":"C172"},"430":{"t":"C172"},"432":{"desc":"A1P","t":"ULAC"},"434":{"t":"B407"},"435":{"desc":"H4E"},"437":{"t":"CRJ2"},"438":{"desc":"L1P"},"43B":{"t":"BE33"},"445":{"t":"B739"},"447":{"t":"BE20"},"449":{"t":"C208"},"44E":{"desc":"H4E"},"450":{"t":"MD83"},"467":{"desc":"H4E"},"46D":{"desc":"L1P"},"476":{"t":"A321"},"480":{"desc":"H4E"},"486":{"t":"PA22"},"487":{"desc":"L1P"},"488":{"desc":"L1P"},"498":{"t":"GLID"},"499":{"desc":"H4E"},"4AD":{"t":"H25B"},"4B2":{"desc":"H4E"},"4B8":{"desc":"L1P"},"4CB":{"desc":"H4E"},"4D1":{"desc":"L2T","t":"DC3"},"4E2":{"t":"BALL"},"4E4":{"desc":"H4E"},"4EA":{"desc":"L1P"},"4ED":{"t":"T6"},"4EF":{"t":"AR11"},"4F0":{"t":"C208"},"4F2":{"t":"C182"},"4F3":{"t":"C150"},"4FC":{"t":"C172"},"4FD":{"desc":"H4E"},"505":{"t":"J3"},"506":{"t":"P28A"},"508":{"t":"P28A"},"50A":{"t":"C180"},"50B":{"t":"P28A"},"50C":{"t":"J3"},"50D":{"t":"GLID"},"50E":{"t":"ST75"},"50F":{"desc":"L1P"},"510":{"t":"C182"},"512":{"t":"C182"},"514":{"t":"C172"},"515":{"t":"C182"},"51B":{"t":"M20T"},"51D":{"t":"BE35"},"520":{"t":"AA5"},"526":{"t":"P28A"},"527":{"desc":"L1P"},"528":{"t":"P28A"},"52A":{"t":"J3"},"52C":{"t":"J3"},"52E":{"t":"P28A"},"52F":{"t":"C172"},"531":{"t":"J3"},"532":{"t":"B14A"},"535":{"t":"C182"},"538":{"t":"C182"},"539":{"t":"C150"},"53A":{"t":"S108"},"53D":{"t":"J3"},"540":{"t":"BE35"},"543":{"t":"AA5"},"544":{"t":"C172"},"546":{"t":"C185"},"547":{"desc":"L1P"},"54B":{"t":"P28A"},"54C":{"t":"P28A"},"54E":{"t":"J3"},"550":{"t":"J3"},"554":{"t":"C195"},"555":{"t":"B14A"},"557":{"desc":"L1P"},"55E":{"t":"C172"},"55F":{"t":"M4"},"563":{"t":"BE35"},"566":{"t":"AA5"},"567":{"t":"C188"},"569":{"t":"C185"},"56A":{"desc":"L1P"},"56F":{"t":"J3"},"572":{"t":"J3"},"573":{"t":"P28A"},"574":{"t":"J3"},"575":{"t":"P28A"},"576":{"desc":"L1P"},"578":{"t":"B14A"},"57F":{"t":"C172"},"581":{"t":"C172"},"584":{"t":"PA25"},"588":{"t":"C172"},"589":{"t":"AA5"},"58A":{"t":"C172"},"58D":{"desc":"L1P"},"58F":{"t":"P28A"},"590":{"t":"P28A"},"591":{"t":"P28A"},"593":{"t":"P28A"},"595":{"t":"J3"},"597":{"t":"J3"},"598":{"t":"P28A"},"599":{"t":"G164"},"59C":{"t":"T6"},"59E":{"t":"AR11"},"5A0":{"t":"C172"},"5A4":{"t":"C320"},"5AB":{"t":"C172"},"5AC":{"desc":"H4E"},"5AE":{"desc":"L1P"},"5B1":{"desc":"A2P"},"5B3":{"t":"C172"},"5B4":{"t":"J3"},"5B9":{"t":"P28A"},"5BB":{"t":"J3"},"5BD":{"t":"C195"},"5BE":{"t":"B14A"},"5C4":{"t":"ST75"},"5C8":{"t":"M4"},"5CC":{"t":"BE35"},"5CF":{"desc":"H4E"},"5D1":{"t":"P28A"},"5D6":{"t":"J3"},"5D7":{"t":"J3"},"5D8":{"t":"P28A"},"5D9":{"t":"C172"},"5DA":{"t":"P28A"},"5DB":{"t":"P28A"},"5DD":{"t":"P28A"},"5DE":{"t":"P28A"},"5DF":{"t":"G164"},"5E1":{"desc":"L1P"},"5E2":{"t":"C82R"},"5E3":{"t":"PA22"},"5E6":{"t":"C172"},"5ED":{"t":"PA25"},"5F2":{"t":"AA5"},"5F6":{"t":"CH7B"},"5F9":{"t":"C172"},"5FB":{"t":"P28A"},"5FC":{"t":"J3"},"5FF":{"t":"J3"},"603":{"t":"C195"},"607":{"t":"C182"},"60B":{"t":"C150"},"60D":{"t":"C172"},"612":{"t":"BE35"},"613":{"desc":"L1P"},"614":{"t":"C172"},"615":{"t":"AA5"},"618":{"t":"C185"},"61C":{"t":"J3"},"61E":{"t":"PA11"},"61F":{"t":"J3"},"621":{"t":"J3"},"626":{"t":"C190"},"627":{"t":"C208"},"62D":{"t":"C182"},"62E":{"t":"C172"},"631":{"t":"C207"},"634":{"t":"PA18"},"637":{"t":"C172"},"638":{"desc":"H4E"},"63C":{"desc":"L1P"},"63D":{"desc":"L1P"},"641":{"t":"P28A"},"642":{"t":"J3"},"645":{"t":"P28A"},"646":{"t":"P28A"},"653":{"desc":"L2J","t":"B39M"},"655":{"desc":"L1P"},"656":{"t":"B738"},"659":{"t":"B350"},"65B":{"t":"B712"},"65C":{"desc":"H4E"},"65E":{"t":"C182"},"669":{"desc":"L1P"},"675":{"desc":"H4E"},"67E":{"t":"PA18"},"67F":{"t":"SR22"},"680":{"t":"H25B"},"681":{"desc":"A2P"},"682":{"t":"BALL"},"683":{"t":"PC12"},"689":{"t":"C172"},"68B":{"t":"CL60"},"68E":{"desc":"H4E"},"695":{"t":"DV20"},"696":{"t":"BE36"},"697":{"desc":"L2P"},"6A5":{"desc":"L1P"},"6A7":{"desc":"H4E"},"6C0":{"desc":"H4E"},"6CB":{"t":"C208"},"6D9":{"desc":"H4E"},"6E4":{"desc":"L1P"},"6F1":{"t":"BE33"},"6F2":{"desc":"H4E"},"6F9":{"t":"R44"},"706":{"t":"AS50"},"70B":{"desc":"H4E"},"711":{"t":"GLEX"},"712":{"t":"C172"},"713":{"t":"C340"},"723":{"t":"A321"},"724":{"desc":"H4E"},"73B":{"desc":"H6E"},"744":{"t":"AT8T"},"74D":{"desc":"L1P"},"756":{"desc":"H4E"},"761":{"desc":"H6E"},"77F":{"desc":"L2J","t":"A20N"},"782":{"t":"B738"},"790":{"t":"RV12"},"7A1":{"desc":"H4E"},"7BA":{"desc":"H4E"},"7C1":{"t":"C172"},"7C2":{"desc":"L1P"},"7C6":{"t":"E55P"},"7C8":{"t":"B06"},"7D0":{"t":"BALL"},"7D3":{"desc":"H4E"},"7D5":{"desc":"L1P"},"7DC":{"t":"PC12"},"7E1":{"t":"R22"},"7E5":{"desc":"L1P"},"7E7":{"t":"C172"},"7E9":{"t":"P32T"},"7EB":{"t":"A119"},"7EC":{"desc":"H4E"},"7ED":{"t":"B429"},"7EE":{"t":"CRJ2"},"7FC":{"t":"B739"},"7FE":{"t":"B350"},"805":{"desc":"H4E"},"807":{"t":"MD83"},"81E":{"desc":"H4E"},"826":{"t":"C82R"},"837":{"desc":"H4E"},"84B":{"t":"SR22"},"84D":{"desc":"H1P"},"850":{"t":"C172"},"852":{"t":"S61"},"869":{"desc":"H4E"},"882":{"desc":"H4E"},"896":{"desc":"H6E"},"899":{"t":"BALL"},"8A5":{"desc":"H8E"},"8A6":{"t":"AR11"},"8A8":{"t":"C172"},"8AA":{"t":"C150"},"8AD":{"t":"M4"},"8AF":{"t":"PA25"},"8B1":{"t":"BE35"},"8B2":{"t":"J3"},"8B3":{"t":"C172"},"8B5":{"t":"C172"},"8B7":{"t":"C185"},"8BA":{"t":"J3"},"8BB":{"t":"P28A"},"8BD":{"t":"J3"},"8C0":{"t":"C172"},"8C1":{"t":"J3"},"8C2":{"t":"P28A"},"8C4":{"desc":"L1P"},"8C6":{"t":"B14A"},"8C8":{"t":"PA22"},"8C9":{"t":"AR11"},"8CB":{"t":"C172"},"8CD":{"t":"C150"},"8CF":{"t":"C320"},"8D0":{"t":"M4"},"8D4":{"t":"BE35"},"8D7":{"t":"AA1"},"8DD":{"t":"J3"},"8DE":{"t":"J3"},"8E0":{"t":"J3"},"8E5":{"t":"J3"},"8E6":{"t":"P28A"},"8E9":{"t":"B14A"},"8EB":{"t":"PA22"},"8EC":{"t":"AR11"},"8EF":{"t":"DG15"},"8F0":{"t":"C150"},"8F7":{"t":"P32R"},"8FA":{"t":"AA1"},"8FC":{"t":"P28A"},"8FD":{"t":"C185"},"900":{"t":"P28A"},"903":{"t":"C172"},"904":{"t":"J3"},"906":{"t":"C172"},"907":{"t":"J3"},"908":{"t":"J3"},"90B":{"t":"C195"},"90C":{"t":"B14A"},"90E":{"t":"PA22"},"90F":{"t":"AR11"},"910":{"t":"B06"},"912":{"t":"C182"},"919":{"t":"PA18"},"91A":{"t":"BE35"},"91E":{"t":"C172"},"91F":{"t":"P28A"},"922":{"desc":"L1P"},"925":{"t":"J3"},"926":{"t":"J3"},"928":{"t":"P28A"},"929":{"t":"J3"},"92C":{"t":"BE24"},"930":{"t":"C82R"},"934":{"t":"C172"},"937":{"t":"S108"},"938":{"t":"C172"},"939":{"desc":"A1P","t":"M4"},"93B":{"t":"PA18"},"93D":{"t":"BE35"},"93F":{"t":"C172"},"942":{"t":"P28A"},"943":{"t":"C185"},"945":{"t":"N3N"},"946":{"t":"J3"},"94B":{"t":"P28A"},"94D":{"t":"J3"},"94E":{"t":"P28A"},"94F":{"t":"J3"},"951":{"t":"C195"},"954":{"t":"PA24"},"955":{"t":"AR11"},"957":{"t":"C172"},"959":{"t":"C150"},"95F":{"t":"PA18"},"960":{"t":"BE35"},"962":{"t":"C172"},"963":{"desc":"H4E"},"96A":{"t":"P28A"},"96B":{"t":"C172"},"96C":{"t":"J3"},"96D":{"t":"C172"},"96E":{"t":"J3"},"970":{"t":"P28A"},"971":{"t":"J3"},"973":{"desc":"L1P"},"974":{"t":"C195"},"975":{"t":"C72R"},"976":{"t":"C82R"},"977":{"t":"PA22"},"978":{"t":"AR11"},"97A":{"t":"C172"},"97B":{"t":"C182"},"97E":{"t":"C320"},"981":{"t":"BE36"},"982":{"t":"PA18"},"984":{"t":"BE36"},"986":{"desc":"H4E"},"98A":{"t":"CH7A"},"98C":{"t":"P28A"},"98D":{"t":"J3"},"98F":{"t":"P28A"},"991":{"t":"P28A"},"992":{"t":"J3"},"994":{"t":"J3"},"995":{"t":"H500"},"998":{"desc":"L1P"},"99A":{"t":"PA22"},"99D":{"t":"C188"},"99E":{"t":"C182"},"9A1":{"t":"C172"},"9A5":{"t":"PA18"},"9A6":{"t":"BE35"},"9A8":{"t":"C172"},"9A9":{"desc":"H4E"},"9AB":{"t":"P28A"},"9AF":{"t":"J3"},"9B0":{"t":"P28A"},"9B1":{"t":"P28A"},"9B2":{"t":"J3"},"9B6":{"t":"P28A"},"9B7":{"t":"P28A"},"9B9":{"t":"GLID"},"9BB":{"t":"C72R"},"9BC":{"t":"C82R"},"9BE":{"t":"CH7A"},"9BF":{"desc":"L1P"},"9C0":{"t":"C172"},"9C1":{"t":"C82S"},"9C3":{"t":"P28A"},"9C5":{"t":"M4"},"9C8":{"t":"PA18"},"9CC":{"desc":"H4E"},"9CD":{"t":"C172"},"9CE":{"t":"P28A"},"9D1":{"t":"BE9L"},"9D2":{"t":"P28A"},"9D3":{"t":"C172"},"9D4":{"t":"J3"},"9D5":{"t":"P28A"},"9D6":{"t":"P28A"},"9DA":{"t":"P28A"},"9DB":{"t":"P28A"},"9DE":{"t":"B14A"},"9E0":{"t":"PA22"},"9E1":{"t":"GLID"},"9E3":{"t":"C172"},"9E5":{"t":"C150"},"9E6":{"t":"P28A"},"9E8":{"t":"M4"},"9EB":{"t":"PA18"},"9EF":{"desc":"H4E"},"9F1":{"t":"P28A"},"9F3":{"t":"CH7A"},"9F5":{"t":"J3"},"9F6":{"t":"J3"},"9F9":{"t":"J3"},"9FA":{"t":"C172"},"9FB":{"t":"J3"},"9FC":{"t":"J3"},"9FE":{"t":"J3"},"9FF":{"t":"PA18"},"A00":{"t":"PA22"},"A02":{"t":"B190"},"A03":{"t":"C208"},"A09":{"desc":"L1P"},"A0A":{"desc":"L2J","t":"B39M"},"A10":{"t":"MD11"},"A12":{"desc":"L2P"},"A13":{"desc":"H4E"},"A14":{"t":"C172"},"A15":{"desc":"L1P"},"A19":{"t":"B47G"},"A1C":{"t":"BE58"},"A1F":{"t":"PC24"},"A21":{"t":"LJ45"},"A2B":{"t":"C172"},"A2C":{"desc":"H4E"},"A2F":{"t":"F900"},"A37":{"t":"H25B"},"A3E":{"t":"A321"},"A40":{"t":"C172"},"A44":{"desc":"L1P"},"A45":{"desc":"H4E"},"A4C":{"t":"DV20"},"A4E":{"t":"GLEX"},"A5C":{"t":"C310"},"A5D":{"desc":"H1T"},"A5E":{"desc":"H4E"},"A60":{"t":"BALL"},"A64":{"desc":"L1P"},"A67":{"t":"EC35"},"A6B":{"desc":"H8E"},"A75":{"t":"DA40"},"A7D":{"desc":"A1P"},"A7E":{"t":"C172"},"A82":{"t":"C208"},"A83":{"desc":"H8E"},"AA9":{"desc":"H4E"},"AB0":{"desc":"L2T"},"ABD":{"t":"AS50"},"AC2":{"desc":"H4E"},"AC9":{"t":"C172"},"ACA":{"t":"A321"},"ACB":{"t":"HA4T"},"ACC":{"t":"C208"},"ACE":{"desc":"H8E"},"ACF":{"desc":"H8E"},"AD4":{"t":"B762"},"AD9":{"t":"C182"},"ADD":{"t":"GLF4"},"AE1":{"desc":"L1P"},"AE4":{"t":"SR22"},"AE6":{"desc":"L1P"},"AF3":{"desc":"L1E"},"AF4":{"desc":"H4E"},"AFE":{"desc":"L1P"},"B08":{"desc":"L1P"},"B0B":{"t":"C525"},"B0F":{"desc":"H6E"},"B14":{"t":"BE9L"},"B16":{"desc":"L1P"},"B18":{"t":"EC45"},"B26":{"desc":"H4E"},"B28":{"t":"BALL"},"B36":{"desc":"L2J","t":"A20N"},"B39":{"t":"B738"},"B45":{"desc":"L1P"},"B48":{"t":"PC24"},"B49":{"t":"C182"},"B4C":{"t":"SR20"},"B50":{"desc":"L1P"},"B58":{"desc":"H4E"},"B5E":{"t":"BE55"},"B71":{"desc":"H4E"},"B87":{"t":"BALL"},"B88":{"desc":"L1P"},"B8A":{"desc":"H4E"},"B92":{"t":"C510"},"B93":{"t":"C310"},"B9C":{"desc":"L1P"},"B9E":{"t":"C172"},"BA2":{"t":"A119"},"BA3":{"desc":"H4E"},"BA5":{"t":"P28A"},"BA9":{"t":"GLID"},"BAC":{"t":"BALL"},"BAD":{"t":"M20P"},"BB1":{"desc":"L1P"},"BB3":{"t":"B739"},"BB7":{"t":"GLID"},"BBC":{"desc":"H4E"},"BBE":{"t":"MD83"},"BD5":{"desc":"H4E"},"BEE":{"desc":"H4E"},"BF0":{"t":"M20P"},"BF6":{"t":"PA22"},"C07":{"t":"C172"},"C1D":{"t":"LJ45"},"C20":{"desc":"H4E"},"C39":{"desc":"H4E"},"C50":{"t":"BALL"},"C52":{"desc":"H4E"},"C59":{"t":"C182"},"C5A":{"desc":"L1P"},"C5B":{"t":"C82R"},"C5C":{"t":"PA22"},"C5D":{"t":"C182"},"C61":{"t":"C150"},"C64":{"t":"M4"},"C67":{"t":"PA18"},"C6B":{"t":"AA5"},"C6D":{"t":"P28A"},"C6F":{"t":"CH7A"},"C70":{"desc":"L2T","t":"BE18"},"C71":{"t":"J3"},"C76":{"t":"J3"},"C77":{"t":"J3"},"C78":{"t":"C172"},"C7D":{"t":"B14A"},"C80":{"t":"GLID"},"C82":{"t":"C172"},"C83":{"t":"C182"},"C86":{"t":"C172"},"C87":{"t":"M4"},"C8E":{"t":"AA1"},"C90":{"t":"P28A"},"C91":{"t":"C182"},"C92":{"t":"C210"},"C94":{"t":"C172"},"C97":{"t":"J3"},"C9A":{"t":"J3"},"C9B":{"t":"J3"},"C9E":{"desc":"L1P"},"CA0":{"t":"B14A"},"CA1":{"t":"C82R"},"CA3":{"t":"C177"},"CA5":{"t":"C172"},"CA6":{"t":"C182"},"CA8":{"t":"S108"},"CAD":{"t":"PA18"},"CAE":{"t":"BE35"},"CB0":{"t":"PA38"},"CB1":{"desc":"H4E"},"CB3":{"t":"P28A"},"CB7":{"t":"J3"},"CB8":{"t":"J3"},"CB9":{"t":"J3"},"CBA":{"t":"J3"},"CBB":{"t":"C172"},"CBC":{"t":"J3"},"CBD":{"t":"C172"},"CBF":{"t":"C172"},"CC0":{"t":"J3"},"CC5":{"t":"PA22"},"CC6":{"t":"GLID"},"CC9":{"t":"C182"},"CCB":{"t":"P28A"},"CD0":{"t":"PA18"},"CD1":{"t":"BE35"},"CD3":{"t":"C172"},"CD4":{"t":"AA5"},"CD5":{"t":"C172"},"CD6":{"t":"P28A"},"CD7":{"t":"C172"},"CD8":{"t":"T210"},"CDB":{"desc":"L1P"},"CDE":{"t":"J3"},"CE0":{"t":"C172"},"CE1":{"t":"C421"},"CE3":{"t":"J3"},"CE6":{"t":"C72R"},"CE9":{"t":"C182"},"CEC":{"t":"ST75"},"CEE":{"t":"S108"},"CEF":{"t":"C320"},"CF2":{"t":"PA25"},"CF4":{"t":"BE35"},"CF5":{"t":"P28A"},"CF7":{"desc":"H4E"},"CF8":{"t":"C172"},"CF9":{"t":"P28A"},"D01":{"t":"M20T"},"D02":{"t":"J3"},"D03":{"t":"J3"},"D09":{"t":"B14A"},"D0B":{"t":"PA22"},"D0F":{"t":"C182"},"D11":{"t":"P28A"},"D12":{"t":"C172"},"D13":{"t":"M4"},"D16":{"t":"PA18"},"D19":{"t":"C172"},"D1A":{"t":"AA5"},"D1C":{"t":"P28A"},"D1D":{"t":"C185"},"D20":{"t":"J3"},"D21":{"t":"J3"},"D22":{"t":"J3"},"D23":{"t":"J3"},"D26":{"t":"C172"},"D29":{"t":"J3"},"D2B":{"t":"C182"},"D2C":{"t":"B14A"},"D2E":{"t":"PA18"},"D31":{"t":"C172"},"D35":{"t":"C172"},"D36":{"t":"M4"},"D38":{"t":"PA25"},"D39":{"t":"PA18"},"D3A":{"t":"BE35"},"D3D":{"t":"AA5"},"D3F":{"t":"P28A"},"D45":{"t":"J3"},"D46":{"t":"C172"},"D48":{"t":"J3"},"D4E":{"t":"C195"},"D4F":{"t":"B14A"},"D54":{"t":"C172"},"D57":{"t":"S108"},"D58":{"t":"C172"},"D5B":{"t":"PA18"},"D5D":{"t":"BE35"},"D60":{"t":"AA1"},"D61":{"t":"C172"},"D62":{"t":"P28A"},"D64":{"t":"CH7A"},"D68":{"t":"J3"},"D69":{"t":"J3"},"D6A":{"desc":"L1P"},"D6D":{"t":"C172"},"D6F":{"t":"J3"},"D70":{"desc":"L1P"},"D71":{"t":"C190"},"D73":{"t":"C82R"},"D75":{"t":"GLID"},"D77":{"t":"C172"},"D78":{"t":"C182"},"D79":{"t":"C172"},"D7A":{"desc":"L1P"},"D7C":{"t":"T206"},"D80":{"t":"BE35"},"D82":{"t":"C172"},"D83":{"t":"AA5"},"D84":{"t":"C172"},"D86":{"desc":"L1P"},"D89":{"t":"J3"},"D8D":{"t":"J3"},"D8E":{"t":"C172"},"D94":{"t":"C195"},"D95":{"t":"B14A"},"D96":{"t":"C82R"},"D9A":{"t":"C172"},"D9B":{"t":"C182"},"D9D":{"t":"S108"},"D9E":{"t":"C172"},"D9F":{"t":"M4"},"DA2":{"t":"C172"},"DA3":{"t":"BE35"},"DA6":{"t":"AA5"},"DA8":{"t":"P28A"},"DAE":{"t":"C172"},"DB0":{"t":"C172"},"DB1":{"t":"J3"},"DB4":{"t":"M20T"},"DB6":{"t":"ST75"},"DB7":{"t":"PA22"},"DB9":{"t":"BE9L"},"DBA":{"t":"BL8"},"DBE":{"t":"C56X"},"DC1":{"desc":"L2J","t":"B39M"},"DC7":{"t":"MD11"},"DC9":{"t":"B712"},"DCA":{"desc":"H4E"},"DCC":{"t":"PC12"},"DD0":{"t":"B47G"},"DD1":{"desc":"A1P"},"DD2":{"t":"C25A"},"DD4":{"desc":"L1P"},"DD9":{"t":"C172"},"DE3":{"desc":"H4E"},"DE5":{"t":"S22T"},"DE9":{"t":"PA46"},"DEE":{"t":"H25B"},"DF0":{"desc":"L1P"},"DF4":{"t":"H25B"},"DF5":{"t":"A321"},"DF7":{"t":"C172"},"DFC":{"desc":"H4E"},"DFF":{"desc":"L1T"},"E02":{"desc":"L1P"},"E03":{"t":"DV20"},"E04":{"t":"C180"},"E0A":{"desc":"L1P"},"E0E":{"t":"M7"},"E13":{"desc":"L1P"},"E15":{"desc":"H4E"},"E1C":{"t":"C175"},"E25":{"t":"SR22"},"E26":{"t":"GL5T"},"E2B":{"desc":"L1P"},"E2C":{"t":"SF34"},"E2E":{"desc":"H4E"},"E35":{"t":"C172"},"E38":{"t":"B752"},"E39":{"t":"C208"},"E3A":{"t":"ST75"},"E40":{"t":"CL30"},"E47":{"desc":"H4E"},"E4A":{"t":"C208"},"E4D":{"desc":"L1P"},"E5E":{"desc":"H8E"},"E62":{"t":"C182"},"E66":{"t":"ST75"},"E67":{"desc":"L2T"},"E68":{"desc":"L2P"},"E6C":{"desc":"H6E"},"E74":{"t":"AS50"},"E7B":{"desc":"L1P"},"E80":{"t":"DA42"},"E81":{"t":"AT6T"},"E82":{"desc":"H8E","t":"GLF5"},"E83":{"desc":"L1P"},"E89":{"t":"C310"},"E91":{"t":"A321"},"E99":{"t":"C172"},"EA2":{"t":"C150"},"EA4":{"t":"CL30"},"EB1":{"desc":"A1P"},"EB2":{"desc":"H6E"},"ECC":{"t":"B412"},"ECD":{"desc":"H1T"},"ECE":{"desc":"L2P"},"ED0":{"t":"B06"},"EDB":{"desc":"L1P"},"EDD":{"desc":"H4E"},"EDE":{"t":"H500"},"EDF":{"desc":"L1P"},"EED":{"desc":"L2J","t":"A20N"},"EF0":{"t":"B738"},"EFC":{"desc":"L1P"},"F0F":{"desc":"H4E"},"F11":{"desc":"L1P"},"F15":{"t":"BE35"},"F2E":{"desc":"A2P"},"F30":{"desc":"L1P"},"F42":{"desc":"L1P"},"F47":{"t":"BE18"},"F49":{"desc":"L1P"},"F4F":{"t":"R22"},"F58":{"desc":"H8E"},"F59":{"t":"A119"},"F5C":{"t":"BE17"},"F60":{"t":"BE33"},"F69":{"desc":"L1P"},"F6A":{"t":"B739"},"F6C":{"t":"R44"},"F73":{"desc":"H4E"},"F8C":{"desc":"H4E"},"F92":{"desc":"L1P"},"FA5":{"desc":"H4E"},"FAB":{"t":"PA18"},"FAC":{"desc":"L1P"},"FAD":{"t":"GLID"},"FAE":{"t":"PC12"},"FB2":{"desc":"L1P"},"FBE":{"desc":"H4E"},"FD2":{"t":"H25B"},"FD7":{"desc":"H4E"},"FF0":{"desc":"H4E"}}