{"001":{"t":"PA12"},"002":{"t":"PA12"},"003":{"t":"BE20"},"007":{"desc":"L1P"},"008":{"t":"C182"},"012":{"t":"C172"},"015":{"t":"C172"},"016":{"t":"AA5"},"01C":{"t":"C310"},"01D":{"t":"C172"},"021":{"t":"PA12"},"023":{"t":"C172"},"025":{"t":"M20P"},"026":{"desc":"L1T"},"027":{"t":"M20P"},"028":{"t":"CH7A"},"02D":{"t":"C172"},"02E":{"t":"C182"},"035":{"t":"C172"},"036":{"t":"BE35"},"039":{"t":"AA5"},"03D":{"t":"CH7B"},"041":{"t":"PA12"},"043":{"t":"PA12"},"048":{"t":"PA12"},"04A":{"t":"C180"},"04B":{"desc":"L1P"},"04C":{"desc":"L1P"},"04D":{"t":"BE9L"},"04E":{"desc":"L1P"},"050":{"desc":"L1P"},"051":{"t":"C25B"},"052":{"t":"GLID"},"054":{"desc":"L1P"},"056":{"t":"C172"},"057":{"t":"ST75"},"058":{"t":"H25B"},"05A":{"t":"PA30"},"05C":{"t":"LJ31"},"05D":{"desc":"L6E"},"05E":{"t":"BALL"},"05F":{"t":"BE33"},"062":{"t":"EA50"},"063":{"desc":"L1P"},"064":{"desc":"L1P"},"065":{"t":"C750"},"066":{"t":"PRM1"},"067":{"t":"BE36"},"06A":{"t":"BE55"},"06B":{"t":"C172"},"06C":{"t":"CH7A"},"06D":{"desc":"L1P"},"06E":{"desc":"L1P"},"06F":{"desc":"L1P"},"071":{"desc":"L1P"},"073":{"t":"BE36"},"074":{"t":"P32R"},"075":{"desc":"L2T"},"077":{"desc":"L1P"},"079":{"desc":"L1P"},"07A":{"t":"SR22"},"07E":{"desc":"L1P"},"07F":{"t":"BE35"},"080":{"t":"SR22"},"081":{"t":"BE35"},"082":{"desc":"A1P"},"085":{"t":"C525"},"086":{"t":"C501"},"087":{"desc":"L1P"},"088":{"desc":"L1P"},"08A":{"t":"S22T"},"08C":{"desc":"L1P"},"090":{"t":"SF50"},"092":{"t":"TBM7"},"096":{"t":"BE58"},"097":{"desc":"L1P"},"098":{"t":"P28S"},"099":{"t":"C180"},"09C":{"t":"BE33"},"09D":{"t":"M7"},"09E":{"desc":"L1P"},"0A3":{"t":"BE55"},"0A4":{"t":"A139"},"0A6":{"t":"C210"},"0A7":{"t":"CH7A"},"0A9":{"t":"BE17"},"0AA":{"t":"GLID"},"0AB":{"desc":"L1T"},"0AD":{"t":"M7"},"0AE":{"t":"C150"},"0B0":{"t":"C172"},"0B1":{"t":"SR20"},"0B2":{"t":"FDCT"},"0B3":{"desc":"L1P"},"0B4":{"t":"C680"},"0B5":{"t":"PA31"},"0B9":{"t":"SF50"},"0BA":{"t":"BE33"},"0BB":{"desc":"L1P"},"0BC":{"desc":"L1P"},"0BE":{"desc":"L1P"},"0BF":{"t":"PA32"},"0C0":{"t":"TOBA"},"0C3":{"t":"M20P"},"0C4":{"desc":"L1P"},"0C7":{"desc":"L1P"},"0C9":{"t":"PA24"},"0CA":{"t":"C182"},"0CB":{"desc":"L1P"},"0CC":{"t":"C182"},"0CE":{"t":"F900"},"0D5":{"t":"PA27"},"0D7":{"desc":"L2J"},"0D8":{"t":"DC3"},"0DC":{"desc":"L1P"},"0DD":{"t":"GLEX"},"0E0":{"t":"U21"},"0E1":{"desc":"L1P","t":"GLF4"},"0E2":{"t":"C210"},"0E3":{"desc":"L1P"},"0E4":{"desc":"L1P"},"0E5":{"desc":"L1P"},"0E6":{"t":"C182"},"0E8":{"desc":"L2T"},"0EA":{"t":"BL8"},"0EB":{"desc":"L1P"},"0EC":{"t":"PC12"},"0EE":{"t":"BE9L"},"0F2":{"desc":"L1P"},"0F3":{"t":"SF50"},"0F4":{"t":"GLF5"},"0F7":{"t":"GLF4"},"0FA":{"t":"C172"},"0FC":{"t":"PA18"},"0FD":{"desc":"L1P"},"0FE":{"t":"C172"},"0FF":{"t":"C172"},"100":{"desc":"L1P"},"102":{"t":"C414"},"103":{"t":"M5"},"104":{"desc":"L1P"},"107":{"t":"C185"},"109":{"t":"C152"},"10A":{"t":"S22T"},"10B":{"desc":"L1P"},"10D":{"t":"C172"},"10E":{"desc":"L1P"},"10F":{"desc":"L1P"},"110":{"t":"HUSK"},"112":{"t":"BE35"},"113":{"desc":"L1P"},"115":{"t":"BE55"},"116":{"desc":"L1P"},"118":{"t":"C182"},"11B":{"t":"C208"},"11D":{"t":"PA24"},"11E":{"t":"P28A"},"120":{"desc":"L1P"},"124":{"t":"S22T"},"125":{"t":"GLID"},"127":{"desc":"L2T"},"128":{"desc":"L1P"},"129":{"desc":"L1P"},"12A":{"t":"B58T"},"12C":{"t":"C150"},"12D":{"desc":"L1P"},"12F":{"desc":"L1P"},"130":{"t":"SR22"},"131":{"desc":"L1P","t":"ULAC"},"132":{"t":"GLID"},"133":{"desc":"L1P"},"134":{"t":"M7"},"135":{"desc":"L1P"},"138":{"t":"BALL"},"139":{"t":"EA50"},"13A":{"desc":"A1T","t":"KODI"},"13B":{"desc":"L1P"},"13C":{"desc":"L1P"},"13D":{"desc":"L1P"},"140":{"t":"CL60"},"141":{"desc":"L1P"},"143":{"t":"GLF6"},"144":{"t":"T34P"},"146":{"t":"PA24"},"147":{"t":"L8"},"148":{"t":"GLID"},"149":{"t":"GLEX"},"14A":{"t":"BE58"},"14B":{"t":"BE33"},"14D":{"desc":"L1P"},"150":{"t":"C25B"},"152":{"t":"CH7A"},"153":{"desc":"L2P"},"158":{"desc":"L1P"},"159":{"t":"M20T"},"15B":{"desc":"L1P"},"15D":{"t":"BE33"},"15E":{"desc":"L1P"},"161":{"t":"PA23"},"162":{"desc":"L1P"},"163":{"desc":"L1P"},"164":{"t":"PA32"},"165":{"t":"T206"},"167":{"t":"BE33"},"168":{"t":"BE20"},"169":{"t":"COL4"},"16A":{"t":"PRM1"},"16C":{"t":"BE55"},"16D":{"t":"CL30"},"16E":{"t":"M20P"},"16F":{"t":"PA24"},"170":{"t":"SR22"},"171":{"t":"C182"},"173":{"t":"R66"},"176":{"t":"T50"},"177":{"t":"C177"},"179":{"t":"P28A"},"17A":{"t":"GLID"},"17B":{"t":"GLID"},"17C":{"t":"PTS2"},"17D":{"t":"GLF5"},"180":{"desc":"L1P"},"181":{"desc":"L1P"},"183":{"t":"PC12"},"184":{"t":"BE36"},"186":{"t":"CH7A"},"187":{"t":"T6"},"188":{"t":"BE35"},"18A":{"desc":"L1P"},"18B":{"desc":"H1T","t":"B505"},"18C":{"desc":"L1P"},"190":{"t":"B58T"},"192":{"desc":"L1P"},"195":{"desc":"L1P"},"196":{"t":"C172"},"198":{"t":"PA18"},"199":{"t":"TAYB"},"19A":{"t":"BE95"},"19B":{"desc":"L1P"},"19E":{"desc":"L1P"},"19F":{"t":"BE95"},"1A1":{"t":"C172"},"1A2":{"desc":"L1P"},"1A3":{"desc":"L1P"},"1A4":{"t":"M20P"},"1A5":{"t":"C177"},"1A7":{"desc":"L1P"},"1A8":{"t":"BE35"},"1B7":{"desc":"L1P"},"1BA":{"t":"T206"},"1C1":{"t":"P28R"},"1C2":{"t":"B350"},"1C3":{"desc":"L1P"},"1C4":{"desc":"H1P"},"1C5":{"t":"P28B"},"1C6":{"t":"C25B"},"1C7":{"t":"BE58"},"1C8":{"desc":"L2P"},"1CB":{"t":"BE58"},"1CC":{"t":"BE35"},"1CE":{"desc":"L1P"},"1CF":{"t":"C82R"},"1D1":{"t":"R44"},"1D2":{"t":"LJ35"},"1D3":{"desc":"L1P"},"1D4":{"desc":"L1P"},"1D5":{"desc":"L1P"},"1D7":{"desc":"L1P"},"1D9":{"desc":"L1P"},"1DB":{"t":"CH7B"},"1DC":{"t":"BE36"},"1DD":{"t":"GLF5"},"1DE":{"t":"BE35"},"1DF":{"desc":"L1P"},"1E2":{"t":"C182"},"1E5":{"t":"SR22"},"1E7":{"t":"B06"},"1E9":{"t":"M7"},"1EA":{"desc":"L2T"},"1EB":{"t":"CH7B"},"1EC":{"desc":"L1P"},"1ED":{"desc":"L1P"},"1EE":{"desc":"L1P"},"1EF":{"t":"P28A"},"1F0":{"desc":"L1P"},"1F5":{"t":"PA31"},"1F6":{"t":"C72R"},"1F7":{"t":"BE58"},"1F8":{"desc":"H1P"},"1F9":{"desc":"L2T"},"1FC":{"desc":"L1P"},"1FD":{"t":"C550"},"1FE":{"desc":"L1P"},"1FF":{"t":"C210"},"200":{"t":"C172"},"201":{"desc":"A2P"},"203":{"desc":"L1P"},"204":{"t":"C172"},"205":{"t":"M20P"},"206":{"desc":"L1P"},"207":{"t":"R44"},"208":{"desc":"L1P"},"20A":{"t":"ULAC"},"20B":{"desc":"L1P"},"214":{"t":"R66"},"218":{"t":"BALL"},"21C":{"desc":"H1P"},"21E":{"desc":"L1P"},"221":{"t":"S22T"},"222":{"desc":"L1P"},"225":{"desc":"L1P"},"226":{"t":"PAY2"},"227":{"t":"BT36"},"22A":{"desc":"L1P"},"22B":{"desc":"L1P"},"22F":{"t":"C421"},"230":{"t":"COL4"},"231":{"t":"BT36"},"235":{"desc":"L1P"},"236":{"t":"BE40"},"237":{"desc":"L1P"},"239":{"desc":"L1P"},"23A":{"t":"CH7B"},"23B":{"desc":"L1P"},"23C":{"desc":"L1P","t":"ULAC"},"240":{"desc":"L1P"},"241":{"desc":"L1P"},"243":{"t":"DA62"},"244":{"t":"C182"},"245":{"t":"C210"},"246":{"desc":"L1P"},"247":{"t":"PRM1"},"248":{"t":"M20P"},"249":{"t":"UH1"},"24A":{"t":"BE35"},"24C":{"t":"BE58"},"24E":{"desc":"L1P"},"24F":{"desc":"H1T"},"250":{"t":"BE58"},"251":{"t":"GLID"},"252":{"t":"GLID"},"254":{"t":"ULAC"},"255":{"desc":"L1P"},"256":{"t":"M6"},"25A":{"desc":"L1P"},"25E":{"t":"EA50"},"262":{"t":"S22T"},"268":{"desc":"S1P"},"26B":{"desc":"L1P"},"26F":{"desc":"L1P","t":"ULAC"},"270":{"t":"WACF"},"272":{"desc":"L1P"},"275":{"t":"C182"},"27B":{"desc":"L1P"},"27C":{"desc":"L1P"},"280":{"t":"ULAC"},"281":{"t":"BE36"},"282":{"t":"AA5"},"285":{"t":"ULAC"},"287":{"t":"M20P"},"288":{"t":"T210"},"289":{"t":"GLID"},"28A":{"t":"B06"},"28B":{"t":"BE40"},"28D":{"t":"SR22"},"291":{"t":"C180"},"293":{"desc":"S1P"},"295":{"t":"GLEX"},"29B":{"desc":"L1P"},"29E":{"t":"PA18"},"29F":{"t":"BE35"},"2A1":{"t":"SR20"},"2A2":{"t":"GLID"},"2A7":{"desc":"H8E"},"2A9":{"desc":"L2T"},"2AA":{"t":"PC12"},"2AD":{"desc":"L2J","t":"B39M"},"2AF":{"t":"P28A"},"2B0":{"t":"B738"},"2B1":{"desc":"L1P"},"2B4":{"t":"M20P"},"2B5":{"t":"B712"},"2B6":{"t":"A321"},"2B7":{"desc":"L2T","t":"DH8A"},"2B8":{"t":"H60"},"2BB":{"desc":"H4E"},"2BC":{"t":"C172"},"2BD":{"desc":"A1P","t":"ULAC"},"2BF":{"t":"BL8"},"2C4":{"desc":"L2T"},"2C8":{"t":"BE9T"},"2CC":{"t":"BALL"},"2CD":{"t":"SR22"},"2D0":{"desc":"L1P"},"2D1":{"desc":"L1P"},"2D5":{"t":"CH7A"},"2D6":{"t":"C150"},"2D7":{"t":"BE9L"},"2D8":{"t":"T6"},"2D9":{"t":"SR22"},"2DF":{"t":"C182"},"2E1":{"t":"A321"},"2E3":{"t":"C172"},"2E6":{"t":"T206"},"2EE":{"desc":"L1P"},"2EF":{"desc":"L1T"},"2F0":{"t":"T28"},"2F1":{"desc":"L1P"},"2F5":{"t":"M20P"},"2F9":{"t":"MD88"},"2FA":{"t":"P32R"},"2FC":{"t":"P46T"},"2FF":{"desc":"L1P"},"302":{"desc":"G1P"},"303":{"t":"C56X"},"308":{"t":"GLF4"},"30E":{"desc":"H8E"},"320":{"t":"BE9T"},"323":{"desc":"H6E"},"324":{"t":"B752"},"325":{"t":"C208"},"327":{"t":"P28A"},"334":{"t":"C525"},"336":{"t":"C208"},"339":{"t":"BL8"},"348":{"desc":"H8E"},"349":{"t":"B350"},"34A":{"desc":"L1T"},"352":{"t":"C680"},"353":{"t":"FA7X"},"355":{"t":"H25B"},"367":{"desc":"L1E"},"36C":{"t":"F900"},"36D":{"t":"C340"},"36E":{"t":"CL30"},"36F":{"t":"M20P"},"372":{"desc":"L1P","t":"ULAC"},"373":{"t":"C560"},"376":{"t":"A321"},"377":{"t":"U21"},"37D":{"t":"GALX"},"380":{"t":"RC3"},"384":{"t":"BE55"},"386":{"t":"BE9L"},"38A":{"desc":"L1P"},"396":{"desc":"L1P"},"39E":{"t":"BE9L"},"3A0":{"t":"LJ35"},"3AD":{"t":"PAY2"},"3AE":{"t":"BE9L"},"3AF":{"t":"F900"},"3B6":{"t":"C550"},"3B7":{"t":"TBM7"},"3B9":{"t":"S22T"},"3BA":{"t":"BE35"},"3BB":{"desc":"L1T"},"3BC":{"t":"C56X"},"3C0":{"desc":"L1P","t":"ULAC"},"3C2":{"t":"FA50"},"3C4":{"desc":"L1P"},"3C6":{"t":"C550"},"3C7":{"t":"C68A"},"3D0":{"t":"EA50"},"3D1":{"t":"GLF5"},"3D2":{"desc":"L1P"},"3D4":{"t":"EA50"},"3DC":{"t":"B738"},"3E5":{"desc":"L1P"},"3E8":{"t":"SR22"},"3EB":{"t":"C414"},"3EC":{"desc":"H4E"},"3F0":{"t":"P28A"},"3F4":{"t":"F900"},"3F9":{"t":"UH1"},"401":{"t":"BE35"},"41C":{"t":"C650"},"41E":{"desc":"L1P"},"422":{"desc":"L1P"},"424":{"t":"S22T"},"42B":{"t":"P180"},"42C":{"desc":"L1P"},"42E":{"t":"L39"},"439":{"desc":"L1J"},"43A":{"t":"BALL"},"43B":{"t":"BE20"},"43E":{"desc":"H2T"},"441":{"t":"GLF4"},"443":{"t":"H500"},"445":{"t":"B734"},"446":{"desc":"L1P"},"448":{"desc":"L1P"},"44C":{"t":"BE33"},"44D":{"t":"A319"},"44F":{"t":"C550"},"452":{"desc":"L1P"},"45C":{"desc":"L1P"},"45D":{"t":"BE33"},"45E":{"desc":"L1P"},"465":{"t":"C210"},"476":{"desc":"H4E"},"47F":{"t":"TWEN"},"48C":{"t":"T206"},"490":{"t":"P28A"},"498":{"t":"LJ45"},"499":{"t":"BALL"},"4A0":{"t":"F900"},"4A3":{"t":"F900"},"4A5":{"t":"C182"},"4A7":{"t":"F900"},"4A9":{"t":"BE30"},"4AC":{"t":"BALL"},"4AE":{"t":"CH7A"},"4B2":{"desc":"L3J"},"4DA":{"t":"BALL"},"4E6":{"desc":"H4E"},"4FA":{"desc":"H4E"},"4FB":{"desc":"L2T"},"4FD":{"t":"C182"},"4FE":{"desc":"L1P"},"502":{"t":"C188"},"503":{"desc":"A2P"},"505":{"t":"P28A"},"506":{"t":"AA1"},"507":{"desc":"L1P"},"508":{"t":"C180"},"509":{"t":"PA36"},"50A":{"t":"C172"},"50B":{"t":"EA50"},"50D":{"t":"C182"},"50E":{"t":"AA5"},"510":{"t":"P28A"},"511":{"desc":"L1P"},"512":{"t":"CH7A"},"515":{"t":"B772"},"51C":{"t":"ERCO"},"51D":{"t":"ERCO"},"520":{"t":"C182"},"521":{"desc":"L1P"},"522":{"desc":"H4E"},"523":{"t":"C182"},"529":{"t":"AA1"},"52B":{"t":"C180"},"52C":{"t":"PA36"},"532":{"t":"C180"},"533":{"t":"P28A"},"538":{"t":"ERCO"},"53A":{"t":"ERCO"},"541":{"desc":"L1P"},"545":{"desc":"H4E"},"546":{"t":"C182"},"54B":{"t":"B06"},"550":{"t":"C172"},"554":{"t":"AA1"},"555":{"t":"C180"},"556":{"t":"P28A"},"558":{"t":"CH7B"},"559":{"t":"ULAC"},"55B":{"t":"UH1"},"55D":{"t":"ERCO"},"561":{"t":"ERCO"},"562":{"t":"ERCO"},"56B":{"t":"C150"},"56D":{"t":"GLID"},"56F":{"t":"AA1"},"570":{"t":"C182"},"576":{"t":"C182"},"577":{"desc":"H6E"},"578":{"t":"C172"},"57D":{"t":"ERCO"},"57E":{"t":"PA18"},"583":{"t":"ERCO"},"584":{"t":"ERCO"},"586":{"t":"ERCO"},"587":{"desc":"L1P"},"58F":{"t":"C182"},"590":{"t":"GLID"},"592":{"t":"AA1"},"594":{"desc":"H6E"},"595":{"t":"PA36"},"596":{"t":"C172"},"597":{"t":"BE95"},"598":{"desc":"L1P"},"59B":{"t":"C172"},"59C":{"t":"P28A"},"5A0":{"t":"C172"},"5A2":{"t":"PA18"},"5A3":{"t":"ERCO"},"5A5":{"t":"C172"},"5A7":{"t":"ERCO"},"5A9":{"t":"ERCO"},"5AB":{"t":"C170"},"5AE":{"t":"BE35"},"5AF":{"t":"C182"},"5B0":{"t":"C172"},"5B2":{"t":"C182"},"5B3":{"t":"GLID"},"5B9":{"t":"C172"},"5C3":{"t":"ERCO"},"5C5":{"t":"ERCO"},"5C8":{"t":"ERCO"},"5C9":{"t":"ERCO"},"5CB":{"t":"ERCO"},"5CD":{"t":"EC35"},"5D0":{"desc":"L1P"},"5D4":{"t":"C150"},"5D8":{"t":"C172"},"5D9":{"t":"C182"},"5DE":{"t":"R44"},"5DF":{"t":"PA38"},"5E0":{"t":"AA5"},"5E1":{"t":"C180"},"5E2":{"t":"P28A"},"5E4":{"t":"CH7B"},"5EE":{"t":"ERCO"},"5EF":{"t":"ERCO"},"5F0":{"desc":"L1P"},"5F1":{"t":"C170"},"5F2":{"t":"C182"},"5F3":{"t":"C82R"},"5F5":{"desc":"H8E"},"5F8":{"t":"C182"},"5FF":{"t":"C172"},"607":{"t":"CH7B"},"60E":{"t":"ERCO"},"613":{"desc":"L1P"},"614":{"t":"C170"},"616":{"desc":"L1P"},"617":{"t":"PA18"},"618":{"t":"C182"},"61A":{"t":"C150"},"61B":{"t":"C82S"},"61D":{"t":"P28A"},"622":{"desc":"H8E"},"626":{"t":"AA5"},"627":{"t":"C172"},"62A":{"desc":"L1P"},"62F":{"t":"ERCO"},"634":{"t":"ERCO"},"635":{"t":"ERCO"},"639":{"desc":"L1P"},"63A":{"t":"PA18"},"63B":{"t":"M20P"},"643":{"t":"T210"},"645":{"t":"C172"},"649":{"t":"AA5"},"64B":{"t":"P28A"},"64C":{"t":"C185"},"64E":{"t":"C206"},"64F":{"t":"UH12"},"651":{"t":"ERCO"},"65A":{"t":"P28A"},"65B":{"t":"C402"},"65C":{"t":"BE77"},"65D":{"t":"PA44"},"65F":{"t":"B06"},"660":{"desc":"L2T"},"663":{"t":"COL4"},"664":{"desc":"L2T"},"667":{"t":"B738"},"668":{"desc":"L1P"},"66B":{"t":"P32R"},"66C":{"t":"B712"},"66D":{"t":"A321"},"66F":{"desc":"L1P"},"675":{"t":"C510"},"677":{"desc":"L2P"},"678":{"desc":"H8E"},"67B":{"desc":"L2T"},"67C":{"t":"P28A"},"68C":{"t":"HUSK"},"68D":{"t":"E50P"},"68E":{"t":"P28B"},"68F":{"desc":"L1P"},"690":{"desc":"L1P"},"691":{"t":"F2TH"},"692":{"t":"R44"},"698":{"t":"A321"},"69D":{"desc":"L1P"},"6A1":{"t":"R44"},"6A5":{"t":"BE55"},"6A6":{"t":"DV20"},"6A7":{"t":"LJ60"},"6A8":{"desc":"L1P"},"6AB":{"t":"COL4"},"6AE":{"desc":"L1P"},"6AF":{"t":"PC12"},"6B1":{"t":"C337"},"6B6":{"desc":"L1P"},"6BE":{"t":"PA24"},"6BF":{"t":"GALX"},"6CA":{"t":"C414"},"6CF":{"desc":"H6E"},"6D3":{"t":"S22T"},"6D8":{"t":"BALL"},"6DB":{"t":"B752"},"6DC":{"t":"C208"},"6E2":{"desc":"L2T"},"6E5":{"t":"SR22"},"6E7":{"t":"H25B"},"6EB":{"desc":"L1P"},"6ED":{"t":"C208"},"6F2":{"desc":"L1P"},"6F6":{"t":"PC12"},"6F9":{"t":"C310"},"6FB":{"t":"BE36"},"6FC":{"t":"T6"},"700":{"t":"BALL"},"702":{"t":"BE9L"},"709":{"desc":"L1P"},"70A":{"desc":"L2T"},"70B":{"desc":"L1P","t":"ULAC"},"70C":{"desc":"L1P"},"723":{"t":"PA34"},"72D":{"desc":"L1P"},"730":{"t":"ULAC"},"734":{"t":"A321"},"73B":{"t":"PA24"},"73D":{"desc":"H4E"},"73E":{"t":"R22"},"740":{"t":"R22"},"741":{"desc":"H8E"},"749":{"t":"P46T"},"756":{"t":"FA50"},"75A":{"t":"GLF5"},"75F":{"t":"B350"},"762":{"t":"ULAC"},"76E":{"t":"BE36"},"770":{"t":"H500"},"775":{"t":"B407"},"777":{"desc":"H2T"},"778":{"t":"PRM1"},"779":{"t":"PA46"},"77E":{"desc":"L1P"},"785":{"t":"S22T"},"787":{"t":"C172"},"793":{"t":"B738"},"794":{"t":"C25B"},"79E":{"desc":"L2T"},"79F":{"t":"GLID"},"7A0":{"t":"DA40"},"7A2":{"t":"S22T"},"7A7":{"desc":"H8E"},"7AB":{"t":"SR22"},"7B0":{"t":"H25B"},"7B1":{"t":"N3N"},"7BB":{"desc":"L1T","t":"G164"},"7CD":{"desc":"H8E"},"7D1":{"t":"P51"},"7D3":{"desc":"L1P"},"7DB":{"desc":"L1P"},"7DC":{"t":"GALX"},"7DD":{"desc":"L1P"},"7E1":{"desc":"L1P"},"7E2":{"desc":"L1P"},"7E5":{"desc":"L1P"},"7E6":{"t":"C56X"},"7EA":{"desc":"L1P"},"7EC":{"t":"S22T"},"7ED":{"desc":"L2J"},"7EF":{"t":"PA44"},"7F0":{"desc":"L1J"},"7F1":{"t":"S22T"},"7F2":{"t":"CL60"},"7F5":{"desc":"A1P"},"7FB":{"t":"BALL"},"7FC":{"t":"A119"},"7FD":{"t":"BE20"},"7FF":{"desc":"L1P"},"803":{"t":"T206"},"804":{"t":"P28A"},"806":{"desc":"G1P"},"814":{"t":"SIRA"},"817":{"t":"R44"},"818":{"t":"CL60"},"819":{"t":"C750"},"82E":{"desc":"H1T"},"845":{"t":"T6"},"846":{"desc":"H4E"},"847":{"t":"P28R"},"84E":{"t":"B430"},"859":{"desc":"H8E"},"860":{"t":"C82S"},"863":{"t":"BE20"},"86B":{"desc":"H8E"},"883":{"t":"B06"},"88E":{"desc":"H8E"},"8AD":{"desc":"H8E"},"8B3":{"t":"C170"},"8B4":{"desc":"L1P"},"8B6":{"t":"PA18"},"8B7":{"t":"C182"},"8BB":{"t":"GLID"},"8BD":{"t":"AA1"},"8BE":{"t":"C210"},"8BF":{"t":"C185"},"8C1":{"t":"C172"},"8C5":{"t":"AA5"},"8C8":{"t":"C185"},"8C9":{"t":"CH7A"},"8CB":{"t":"C172"},"8CC":{"t":"ERCO"},"8CE":{"t":"ERCO"},"8CF":{"t":"C172"},"8D4":{"t":"ERCO"},"8D5":{"desc":"L1P"},"8D6":{"t":"C170"},"8D7":{"t":"C182"},"8D8":{"desc":"L1P"},"8D9":{"t":"PA18"},"8DD":{"t":"C182"},"8E0":{"t":"PA24"},"8E3":{"t":"PA36"},"8E4":{"t":"C172"},"8E5":{"t":"BE95"},"8E8":{"t":"AA5"},"8E9":{"t":"C180"},"8EA":{"t":"P28A"},"8EB":{"t":"C185"},"8EC":{"t":"CH7B"},"8F0":{"t":"ERCO"},"8F3":{"t":"ERCO"},"8F4":{"t":"ERCO"},"8F5":{"t":"ERCO"},"8F7":{"t":"ERCO"},"8F9":{"t":"C170"},"8FB":{"desc":"L1P"},"8FC":{"t":"M7"},"900":{"t":"ST75"},"901":{"t":"GLID"},"903":{"t":"C172"},"905":{"t":"C180"},"907":{"t":"C172"},"909":{"t":"ULAC"},"90A":{"t":"PA38"},"912":{"t":"ERCO"},"913":{"t":"ERCO"},"915":{"t":"ERCO"},"918":{"t":"ERCO"},"91A":{"t":"ERCO"},"91E":{"desc":"L1P"},"91F":{"desc":"H8E"},"920":{"t":"C182"},"922":{"t":"C150"},"923":{"t":"C140"},"925":{"t":"B06"},"927":{"t":"C210"},"92B":{"t":"PA24"},"92E":{"t":"AA5"},"92F":{"t":"C180"},"930":{"t":"P28A"},"931":{"desc":"L1P"},"937":{"t":"ERCO"},"938":{"t":"ERCO"},"93A":{"t":"GLID"},"93D":{"t":"ERCO"},"93F":{"desc":"L1P"},"940":{"t":"C182"},"943":{"t":"C172"},"945":{"t":"C150"},"946":{"t":"ST75"},"947":{"t":"GLID"},"949":{"t":"C172"},"94A":{"t":"C182"},"94C":{"t":"PA36"},"94D":{"t":"C172"},"94F":{"t":"P28A"},"950":{"t":"BE33"},"951":{"t":"AA5"},"952":{"t":"C180"},"953":{"t":"P28A"},"955":{"t":"CH7B"},"958":{"t":"C172"},"95A":{"t":"ERCO"},"961":{"desc":"L1P"},"962":{"t":"C170"},"963":{"t":"C72R"},"964":{"desc":"L1P"},"967":{"t":"C310"},"969":{"t":"C182"},"96C":{"t":"AA1"},"96D":{"t":"C182"},"96E":{"t":"C180"},"973":{"t":"PA38"},"974":{"t":"AA5"},"976":{"t":"P28A"},"979":{"t":"C525"},"97A":{"t":"ERCO"},"97D":{"t":"T28"},"97F":{"t":"ERCO"},"981":{"t":"C172"},"982":{"desc":"L1P"},"983":{"t":"ERCO"},"984":{"t":"C180"},"987":{"t":"L8"},"988":{"t":"PA18"},"989":{"t":"C182"},"98C":{"t":"C182"},"98D":{"t":"GLID"},"98F":{"t":"AA1"},"996":{"t":"PA38"},"999":{"t":"P28A"},"99B":{"t":"CH7A"},"99C":{"t":"T206"},"99D":{"t":"T28"},"9A1":{"t":"ERCO"},"9A2":{"t":"J3"},"9A4":{"t":"GLID"},"9A7":{"desc":"L1P"},"9A9":{"t":"C182"},"9AC":{"t":"C182"},"9B4":{"t":"C180"},"9B6":{"t":"C172"},"9BC":{"t":"P28A"},"9C0":{"desc":"L1P"},"9C1":{"t":"C172"},"9C4":{"t":"ERCO"},"9C5":{"desc":"L1J"},"9C7":{"t":"ERCO"},"9CA":{"desc":"L1P"},"9CE":{"t":"PA18"},"9CF":{"t":"C172"},"9D0":{"t":"C172"},"9D1":{"t":"M20P"},"9D3":{"t":"GLID"},"9D5":{"t":"AA1"},"9D7":{"t":"C180"},"9D9":{"t":"C172"},"9DA":{"t":"BE18"},"9DB":{"desc":"L2P"},"9DC":{"t":"M6"},"9DD":{"t":"AA5"},"9DE":{"t":"C180"},"9E3":{"t":"ERCO"},"9E4":{"t":"ERCO"},"9E6":{"t":"ERCO"},"9E9":{"t":"ERCO"},"9EA":{"t":"ERCO"},"9EB":{"t":"ERCO"},"9EC":{"t":"ERCO"},"9ED":{"t":"GLID"},"9EF":{"t":"C72R"},"9F0":{"desc":"L1P"},"9F2":{"t":"C182"},"9F6":{"t":"GLID"},"9FC":{"t":"C172"},"9FF":{"t":"P32R"},"A00":{"t":"AA5"},"A02":{"desc":"H8E"},"A06":{"t":"ERCO"},"A0C":{"t":"C172"},"A0E":{"t":"ERCO"},"A0F":{"t":"J3"},"A10":{"t":"PA23"},"A14":{"desc":"L2T"},"A15":{"t":"ULAC"},"A17":{"desc":"L2T"},"A1B":{"desc":"L2T"},"A1E":{"t":"B738"},"A23":{"t":"B712"},"A24":{"t":"A321"},"A25":{"t":"A320"},"A26":{"desc":"H8E"},"A29":{"desc":"L1P"},"A2A":{"desc":"L1P"},"A2C":{"desc":"L1T"},"A32":{"desc":"L2T"},"A38":{"desc":"L1P"},"A43":{"desc":"L1P"},"A46":{"t":"J5"},"A47":{"t":"C175"},"A48":{"t":"F2TH"},"A4F":{"desc":"L1P"},"A51":{"t":"C172"},"A54":{"t":"C550"},"A5D":{"t":"DV20"},"A5E":{"t":"C25C"},"A5F":{"t":"CL30"},"A69":{"desc":"L1P"},"A6D":{"desc":"L1P"},"A71":{"t":"T206"},"A75":{"desc":"L6E"},"A77":{"t":"C510"},"A8D":{"t":"C170"},"A8F":{"desc":"H8E"},"A92":{"t":"B752"},"A93":{"t":"C208"},"A95":{"t":"P28A"},"AA4":{"t":"C208"},"AA7":{"t":"M20P"},"AB2":{"t":"E300"},"AB4":{"desc":"H6E"},"AC1":{"desc":"H1T","t":"B505"},"ACE":{"t":"R66"},"AD5":{"desc":"H4E"},"ADB":{"t":"A321"},"AEE":{"desc":"L5E"},"AF5":{"t":"R22"},"AFD":{"desc":"H8E"},"B03":{"desc":"L1P"},"B0C":{"t":"BE9L"},"B0D":{"t":"C182"},"B15":{"t":"SR22"},"B1D":{"desc":"H1P"},"B24":{"t":"SR22"},"B25":{"t":"B350"},"B26":{"t":"BE77"},"B27":{"t":"H500"},"B2B":{"t":"C750"},"B34":{"t":"B06"},"B3D":{"desc":"L1P"},"B3E":{"t":"GLF3"},"B44":{"desc":"H4E"},"B4A":{"t":"B738"},"B4E":{"desc":"A1E"},"B56":{"t":"C310"},"B59":{"desc":"L1P"},"B5B":{"desc":"L1P"},"B62":{"desc":"L1P","t":"ULAC"},"B67":{"t":"T210"},"B6B":{"desc":"L1P"},"B6F":{"t":"BE35"},"B72":{"t":"G164"},"B93":{"t":"B212"},"B94":{"t":"PA22"},"B9A":{"t":"L39"},"B9C":{"t":"RV12"},"B9D":{"t":"R44"},"BA1":{"desc":"L1P"},"BA2":{"t":"FDCT"},"BA3":{"desc":"L1P"},"BA4":{"t":"PRM1"},"BA5":{"t":"AS50"},"BA6":{"t":"PA44"},"BA7":{"desc":"L1J"},"BAB":{"desc":"H1T","t":"S92"},"BAF":{"desc":"A1P","t":"ULAC"},"BB2":{"t":"BALL"},"BB3":{"desc":"L1T","t":"M600"},"BB5":{"desc":"H6E"},"BB7":{"desc":"L1P"},"BBA":{"desc":"L1P"},"BBD":{"t":"R44"},"BC0":{"t":"P28A"},"BC5":{"t":"BE36"},"BC8":{"t":"R44"},"BD0":{"t":"C750"},"BD6":{"desc":"H6E"},"BEC":{"t":"R44"},"BEF":{"desc":"L1P"},"BFE":{"t":"C172"},"C06":{"desc":"L1P"},"C07":{"desc":"L1P","t":"ULAC"},"C09":{"desc":"L1P"},"C0A":{"t":"LJ45"},"C16":{"t":"HDJT"},"C17":{"t":"C182"},"C1A":{"t":"C172"},"C1C":{"desc":"L1P"},"C2F":{"desc":"H8E"},"C3A":{"t":"B06"},"C47":{"desc":"H8E"},"C51":{"desc":"H8E"},"C6B":{"t":"C72R"},"C6C":{"desc":"L1P"},"C6F":{"t":"C310"},"C74":{"t":"AA5"},"C7C":{"t":"AA5"},"C7D":{"t":"C172"},"C7F":{"t":"C185"},"C82":{"t":"ERCO"},"C83":{"t":"ERCO"},"C86":{"t":"C182"},"C88":{"t":"ERCO"},"C89":{"t":"ERCO"},"C8A":{"t":"ERCO"},"C8D":{"t":"C170"},"C8F":{"desc":"L1P"},"C90":{"t":"PA18"},"C91":{"t":"C182"},"C92":{"t":"C310"},"C94":{"t":"C182"},"C96":{"desc":"L1P"},"C97":{"t":"AA1"},"C99":{"t":"C180"},"C9D":{"desc":"L2P"},"C9F":{"t":"AA5"},"CA1":{"t":"P28A"},"CA2":{"t":"C185"},"CA3":{"t":"CH7A"},"CAA":{"t":"ERCO"},"CAB":{"t":"ERCO"},"CAC":{"t":"ERCO"},"CAF":{"desc":"L1P","t":"ULAC"},"CB1":{"t":"C182"},"CB2":{"desc":"L1P"},"CB3":{"desc":"H8E"},"CB5":{"t":"EA50"},"CB6":{"t":"C150"},"CB9":{"t":"FDCT"},"CBC":{"t":"C180"},"CBF":{"t":"BE35"},"CC2":{"t":"AA1"},"CC5":{"t":"C185"},"CC6":{"t":"T210"},"CC7":{"t":"FDCT"},"CCC":{"t":"ERCO"},"CCE":{"t":"ERCO"},"CD0":{"t":"ERCO"},"CD1":{"t":"ERCO"},"CD4":{"t":"C182"},"CD5":{"desc":"L1P"},"CD7":{"t":"C182"},"CD8":{"t":"C310"},"CDA":{"t":"ST75"},"CDF":{"t":"C180"},"CE0":{"t":"PA36"},"CE4":{"t":"C182"},"CE6":{"t":"C180"},"CE7":{"desc":"H6E"},"CE9":{"t":"T210"},"CEA":{"t":"T206"},"CEB":{"desc":"L2P"},"CEC":{"t":"ERCO"},"CEE":{"t":"ERCO"},"CF0":{"t":"ERCO"},"CF3":{"t":"ERCO"},"CF6":{"t":"C182"},"CF7":{"t":"C72R"},"CF8":{"t":"G164"},"CF9":{"t":"PA18"},"CFB":{"t":"C310"},"CFE":{"t":"GLID"},"D02":{"t":"C180"},"D04":{"t":"C172"},"D05":{"t":"C206"},"D07":{"t":"C182"},"D09":{"t":"C172"},"D0A":{"t":"P28A"},"D11":{"t":"C172"},"D12":{"t":"ERCO"},"D14":{"t":"ERCO"},"D1A":{"t":"C182"},"D1B":{"desc":"L1P"},"D1C":{"t":"PA18"},"D1D":{"t":"C182"},"D1F":{"t":"C188"},"D20":{"t":"C82S"},"D23":{"t":"AA1"},"D25":{"t":"C180"},"D27":{"t":"C172"},"D2A":{"t":"BE55"},"D2B":{"t":"AA1"},"D2C":{"t":"C172"},"D2D":{"t":"P28A"},"D2F":{"t":"CH7B"},"D32":{"t":"ERCO"},"D34":{"t":"C172"},"D3B":{"t":"G164"},"D3C":{"t":"C170"},"D3D":{"desc":"H8E"},"D3E":{"desc":"L1P"},"D40":{"t":"C182"},"D44":{"t":"GLID"},"D48":{"t":"T210"},"D4F":{"t":"C180"},"D51":{"t":"C185"},"D52":{"t":"CH7B"},"D56":{"t":"UH12"},"D57":{"t":"C172"},"D58":{"t":"ERCO"},"D59":{"t":"C172"},"D5A":{"t":"ST75"},"D5B":{"t":"ERCO"},"D5C":{"t":"ST75"},"D5F":{"t":"C170"},"D61":{"t":"L8"},"D63":{"desc":"H8E"},"D66":{"t":"C182"},"D6D":{"t":"C172"},"D70":{"t":"C182"},"D71":{"t":"AA5"},"D72":{"t":"C172"},"D7A":{"t":"C172"},"D7B":{"t":"ERCO"},"D83":{"t":"C182"},"D84":{"desc":"L1P"},"D86":{"t":"C182"},"D87":{"t":"C340"},"D8C":{"t":"AA1"},"D8E":{"t":"C206"},"D8F":{"t":"PA36"},"D90":{"t":"C172"},"D91":{"t":"BE95"},"D94":{"t":"AA5"},"D95":{"t":"C180"},"D98":{"t":"T210"},"D9A":{"t":"ERCO"},"D9B":{"t":"ERCO"},"D9E":{"t":"ERCO"},"DA1":{"t":"ERCO"},"DA5":{"t":"C170"},"DA6":{"desc":"L1P"},"DA7":{"desc":"L1P"},"DA9":{"t":"C182"},"DAD":{"t":"GLID"},"DB1":{"t":"C180"},"DB2":{"t":"PA18"},"DB6":{"t":"FDCT"},"DB9":{"t":"P28A"},"DBB":{"desc":"L2P"},"DC2":{"t":"C172"},"DC4":{"t":"ERCO"},"DC6":{"t":"ERCO"},"DC7":{"desc":"L1P"},"DC8":{"desc":"L1P"},"DCA":{"desc":"H1T"},"DCB":{"t":"G150"},"DCE":{"desc":"L1P"},"DD2":{"desc":"L2T"},"DD4":{"t":"F900"},"DD5":{"t":"A321"},"DD8":{"t":"A321"},"DD9":{"t":"PA34"},"DDA":{"t":"B712"},"DE1":{"t":"B47G"},"DFB":{"t":"BE60"},"DFC":{"t":"BE9L"},"DFD":{"desc":"A1P","t":"PA18"},"DFE":{"t":"C82S"},"DFF":{"t":"F2TH"},"E06":{"desc":"L1P"},"E08":{"t":"C172"},"E0B":{"t":"T206"},"E0C":{"t":"BALL"},"E14":{"t":"DV20"},"E15":{"t":"PA22"},"E16":{"desc":"L1P"},"E1A":{"desc":"L1P"},"E1F":{"desc":"A1P"},"E25":{"desc":"L1P"},"E28":{"t":"C182"},"E2F":{"desc":"H8E"},"E3D":{"t":"BE55"},"E46":{"desc":"L1P"},"E49":{"t":"B752"},"E4A":{"t":"C208"},"E4D":{"desc":"H8E"},"E5B":{"t":"C208"},"E5E":{"t":"P28A"},"E5F":{"t":"C182"},"E64":{"desc":"H6E"},"E66":{"t":"F2TH"},"E69":{"t":"C525"},"E6A":{"t":"E55P"},"E70":{"t":"F900"},"E73":{"desc":"L1P"},"E87":{"t":"PA31"},"E92":{"t":"M20P"},"E93":{"t":"E35L"},"E95":{"t":"A321"},"E9B":{"t":"CL30"},"EA2":{"t":"M20P"},"EB0":{"t":"SF50"},"EBB":{"t":"C182"},"ECD":{"t":"SR22"},"EDC":{"t":"GLID"},"EDE":{"desc":"L1P"},"EDF":{"t":"BE33"},"EE2":{"t":"B412"},"EE7":{"t":"SR22"},"EEC":{"t":"S22T"},"EF0":{"t":"BE58"},"F01":{"t":"B738"},"F05":{"desc":"H8E"},"F11":{"t":"C172"},"F26":{"t":"BE35"},"F40":{"t":"ULAC"},"F50":{"t":"E55P"},"F59":{"t":"CL60"},"F5B":{"desc":"L1J"},"F5C":{"t":"AS50"},"F5E":{"desc":"L1J"},"F5F":{"t":"H25B"},"F61":{"t":"FA7X"},"F64":{"t":"SR22"},"F68":{"t":"P210"},"F69":{"t":"BALL"},"F6A":{"t":"A119"},"F6C":{"desc":"H4E"},"F71":{"t":"BE35"},"F73":{"t":"CL30"},"F74":{"t":"BALL"},"F82":{"desc":"H8E"},"F91":{"desc":"H8E"},"FB6":{"desc":"H8E"},"FBE":{"desc":"L1P"},"FBF":{"t":"TBM7"},"FC2":{"t":"BALL"},"FD3":{"desc":"H8E"},"FE6":{"desc":"H8E"},"FE9":{"desc":"H6E"},"FED":{"t":"FA7X"}}