{"003":{"desc":"H8E"},"020":{"t":"HA4T"},"021":{"t":"C170"},"022":{"t":"PRM1"},"023":{"desc":"L1P"},"024":{"desc":"L1P"},"025":{"t":"C182"},"028":{"t":"C182"},"02F":{"t":"C185"},"030":{"t":"BE33"},"031":{"t":"M20P"},"032":{"t":"C182"},"033":{"t":"AA5"},"034":{"t":"C180"},"036":{"t":"C185"},"039":{"t":"GLID"},"03C":{"t":"ERCO"},"03D":{"t":"ERCO"},"03E":{"desc":"L1P","t":"ULAC"},"03F":{"t":"ERCO"},"040":{"t":"ERCO"},"042":{"t":"ERCO"},"043":{"desc":"H1P"},"044":{"t":"C170"},"045":{"t":"C72R"},"046":{"t":"L8"},"048":{"t":"C172"},"04B":{"t":"C182"},"04E":{"t":"AA1"},"052":{"t":"C172"},"055":{"t":"C182"},"056":{"t":"AA5"},"05A":{"desc":"L2P"},"05C":{"t":"ERCO"},"061":{"t":"ERCO"},"062":{"t":"ERCO"},"063":{"t":"ERCO"},"06B":{"t":"C182"},"06D":{"t":"C188"},"06E":{"t":"C182"},"073":{"t":"C180"},"077":{"t":"M20P"},"07E":{"t":"C206"},"081":{"t":"ERCO"},"082":{"desc":"L1P"},"084":{"t":"ERCO"},"085":{"t":"ERCO"},"086":{"t":"ERCO"},"088":{"t":"C172"},"089":{"t":"ULAC"},"08A":{"t":"C170"},"08B":{"t":"C182"},"091":{"desc":"H8E"},"095":{"t":"C207"},"09B":{"t":"C182"},"09E":{"t":"P28A"},"0A1":{"t":"C206"},"0A6":{"t":"ERCO"},"0A7":{"t":"ERCO"},"0A9":{"t":"ERCO"},"0AA":{"t":"C172"},"0AB":{"t":"ERCO"},"0AE":{"t":"C182"},"0AF":{"desc":"L1P"},"0B0":{"t":"PA18"},"0B1":{"t":"C182"},"0B3":{"t":"C150"},"0B8":{"desc":"L1P"},"0B9":{"t":"C180"},"0BA":{"desc":"L1P","t":"TB1"},"0BB":{"t":"C172"},"0BF":{"t":"AA5"},"0C0":{"t":"C180"},"0C2":{"t":"T210"},"0C4":{"t":"C206"},"0C5":{"t":"ERCO"},"0C6":{"t":"C172"},"0C9":{"t":"C172"},"0CA":{"t":"ERCO"},"0CC":{"t":"C172"},"0D0":{"t":"C170"},"0D1":{"t":"C182"},"0D3":{"t":"PA18"},"0D4":{"t":"C182"},"0D5":{"t":"C172"},"0D7":{"t":"C182"},"0DB":{"t":"C207"},"0DC":{"t":"C180"},"0DF":{"t":"C206"},"0E3":{"t":"C172"},"0E8":{"t":"ERCO"},"0EB":{"t":"ERCO"},"0EF":{"t":"ERCO"},"0F2":{"t":"G164"},"0FA":{"t":"BE17"},"0FD":{"t":"AA1"},"101":{"t":"C172"},"102":{"t":"BE35"},"105":{"t":"AA5"},"106":{"t":"C172"},"107":{"t":"P28A"},"10A":{"t":"B25"},"10C":{"t":"GLID"},"110":{"t":"ERCO"},"112":{"t":"ERCO"},"114":{"t":"ERCO"},"115":{"desc":"L1P","t":"ULAC"},"116":{"t":"C170"},"117":{"desc":"L1P"},"118":{"t":"M20T"},"119":{"t":"PA18"},"11A":{"t":"C172"},"124":{"t":"C172"},"12C":{"t":"CH7B"},"130":{"t":"ERCO"},"131":{"t":"ERCO"},"132":{"t":"P28A"},"134":{"t":"M20T"},"135":{"t":"C172"},"13B":{"desc":"L1P"},"13C":{"t":"PA18"},"145":{"t":"C180"},"146":{"t":"PA36"},"14A":{"t":"C182"},"14B":{"t":"AA5"},"14D":{"t":"P28A"},"14F":{"t":"CH7B"},"150":{"t":"C206"},"158":{"t":"ERCO"},"159":{"t":"ERCO"},"15A":{"t":"ERCO"},"15B":{"desc":"L1P"},"15C":{"desc":"H8E"},"15E":{"desc":"L1P"},"163":{"t":"C82S"},"166":{"t":"AA1"},"168":{"t":"C180"},"169":{"t":"PA18"},"16D":{"t":"GLF4"},"16E":{"t":"AA5"},"16F":{"t":"C180"},"170":{"t":"P28A"},"171":{"t":"C185"},"172":{"t":"CH7B"},"173":{"t":"C206"},"175":{"t":"ERCO"},"178":{"t":"T28"},"179":{"t":"T28"},"17A":{"t":"C172"},"17C":{"t":"ERCO"},"17D":{"t":"ERCO"},"17E":{"desc":"L1P"},"17F":{"t":"PA22"},"182":{"desc":"L1P"},"183":{"desc":"L2P"},"186":{"desc":"G1P"},"18C":{"t":"A321"},"191":{"t":"B712"},"199":{"t":"C208"},"19B":{"t":"P28R"},"19C":{"t":"PA34"},"1B1":{"desc":"L1P"},"1B4":{"desc":"A1P","t":"PA18"},"1B5":{"t":"T210"},"1B7":{"t":"B350"},"1B9":{"desc":"L1P"},"1BD":{"desc":"L1P"},"1C2":{"t":"P28A"},"1C3":{"t":"SR22"},"1C7":{"desc":"H8E"},"1CB":{"t":"DV20"},"1CC":{"desc":"L1P"},"1D0":{"t":"TBM7"},"1D6":{"desc":"L1P"},"1DB":{"desc":"L1P"},"1E3":{"desc":"L1P"},"1E4":{"t":"LJ35"},"1E9":{"t":"S22T"},"1FC":{"t":"C208"},"200":{"t":"B752"},"201":{"t":"C208"},"202":{"desc":"H8E"},"212":{"t":"C208"},"21C":{"desc":"H6E"},"223":{"t":"F2TH"},"249":{"t":"C82S"},"252":{"t":"A321"},"255":{"t":"C150"},"260":{"t":"H269"},"263":{"t":"R44"},"264":{"t":"S22T"},"267":{"desc":"H8E"},"271":{"desc":"L1P"},"27A":{"t":"C172"},"28F":{"desc":"H8E"},"292":{"desc":"L1P"},"293":{"t":"P46T"},"294":{"t":"P28A"},"297":{"desc":"L1P"},"299":{"t":"C82S"},"29D":{"t":"BE20"},"29E":{"desc":"L1P"},"2A4":{"t":"C550"},"2AA":{"t":"C421"},"2AC":{"t":"C172"},"2B3":{"desc":"H8E"},"2B8":{"t":"B738"},"2C3":{"t":"T210"},"2C4":{"desc":"L1P"},"2C7":{"desc":"L1P"},"2D0":{"t":"SR22"},"2D1":{"t":"ULAC"},"2D3":{"desc":"H6E"},"2D6":{"desc":"L1P"},"2DA":{"t":"S22T"},"2DD":{"t":"BE35"},"2E0":{"desc":"L1T","t":"G164"},"2E3":{"desc":"H8E"},"2FF":{"t":"C185"},"307":{"t":"C152"},"30D":{"desc":"H8E"},"30F":{"t":"BE35"},"311":{"t":"SR22"},"313":{"t":"AS50"},"31D":{"desc":"L1P"},"31F":{"t":"SR20"},"321":{"t":"A119"},"329":{"desc":"L1P","t":"ULAC"},"32A":{"desc":"L1P"},"33A":{"desc":"H8E"},"352":{"t":"M20T"},"360":{"desc":"H8E"},"373":{"desc":"L1P"},"379":{"t":"BALL"},"384":{"t":"HDJT"},"385":{"desc":"H8E"},"388":{"t":"C172"},"38C":{"desc":"L1P"},"393":{"desc":"H8E"},"3B9":{"desc":"H8E"},"3CF":{"desc":"H8E"},"3D7":{"desc":"L1P"},"3D9":{"t":"C182"},"3DA":{"desc":"L1P"},"3DC":{"t":"C182"},"3DD":{"t":"C340"},"3E2":{"desc":"H8E"},"3E3":{"t":"C206"},"3EB":{"t":"C172"},"3EC":{"t":"P28A"},"3EE":{"t":"CH7B"},"3F2":{"t":"ERCO"},"3F4":{"t":"ERCO"},"3F6":{"t":"ERCO"},"3F7":{"t":"ERCO"},"3FC":{"t":"C182"},"3FD":{"t":"L8"},"3FE":{"t":"PA18"},"405":{"t":"AA1"},"406":{"t":"C207"},"40A":{"desc":"L1P"},"40D":{"t":"AA5"},"40E":{"t":"C180"},"412":{"t":"C206"},"414":{"t":"ERCO"},"420":{"desc":"L1P"},"424":{"t":"PA31"},"429":{"t":"C207"},"42C":{"t":"C172"},"42E":{"t":"AC95"},"430":{"t":"AA5"},"432":{"t":"P28A"},"434":{"t":"CH7B"},"436":{"desc":"L2P"},"437":{"desc":"L1P"},"43F":{"t":"ERCO"},"440":{"desc":"L1P"},"441":{"t":"C170"},"443":{"t":"S22T"},"445":{"t":"C172"},"449":{"t":"GLID"},"44C":{"t":"C207"},"44E":{"t":"PC12"},"44F":{"t":"C172"},"450":{"t":"E55P"},"452":{"t":"T6"},"453":{"t":"AA5"},"454":{"t":"C180"},"455":{"desc":"A1P"},"456":{"t":"C185"},"457":{"t":"CH7B"},"458":{"t":"C206"},"459":{"t":"ERCO"},"45A":{"desc":"A2P"},"45B":{"t":"ERCO"},"45C":{"t":"ERCO"},"45D":{"desc":"L1P"},"462":{"t":"ERCO"},"463":{"desc":"L1P","t":"ULAC"},"466":{"t":"L8"},"467":{"t":"PA18"},"468":{"t":"C182"},"46C":{"t":"GLID"},"46D":{"t":"B06"},"46E":{"t":"AA1"},"470":{"t":"C180"},"472":{"t":"C172"},"473":{"t":"C206"},"477":{"t":"C180"},"479":{"t":"C185"},"47B":{"t":"C206"},"47E":{"t":"C172"},"483":{"t":"C172"},"484":{"t":"ERCO"},"489":{"desc":"L1P"},"48B":{"t":"C172"},"48E":{"t":"C182"},"491":{"desc":"L1P"},"494":{"t":"PA18"},"495":{"t":"C172"},"49F":{"desc":"L1P"},"4A0":{"desc":"L1P"},"4A7":{"t":"ERCO"},"4A9":{"t":"G164"},"4AB":{"t":"C182"},"4AC":{"t":"P28U"},"4AE":{"t":"C182"},"4B1":{"desc":"L1P"},"4B5":{"t":"C207"},"4B8":{"t":"C172"},"4BB":{"t":"C182"},"4BC":{"t":"AA1"},"4BE":{"t":"P28A"},"4BF":{"t":"C185"},"4C3":{"desc":"L1P"},"4C4":{"t":"ERCO"},"4C5":{"t":"ERCO"},"4C7":{"t":"C172"},"4C8":{"t":"ERCO"},"4C9":{"t":"C172"},"4CE":{"t":"C182"},"4CF":{"t":"C82R"},"4D0":{"t":"PA18"},"4D1":{"t":"C182"},"4D3":{"t":"C188"},"4D5":{"t":"GLID"},"4DA":{"t":"PA36"},"4DB":{"t":"PA18"},"4E1":{"t":"P28A"},"4EC":{"t":"ERCO"},"4ED":{"t":"UH1"},"4EF":{"t":"C195"},"4F0":{"t":"C170"},"4F2":{"desc":"A1P"},"4F7":{"desc":"L1P"},"4F8":{"t":"GLID"},"4FB":{"t":"C207"},"4FE":{"t":"PA18"},"501":{"t":"C182"},"502":{"t":"AA5"},"503":{"t":"C172"},"507":{"t":"T206"},"50D":{"t":"ERCO"},"510":{"t":"ERCO"},"515":{"desc":"L1P"},"51D":{"t":"AA1"},"51F":{"t":"C180"},"522":{"t":"BE95"},"525":{"t":"AA1"},"52B":{"t":"ERCO"},"52E":{"t":"ERCO"},"52F":{"t":"ERCO"},"530":{"t":"ERCO"},"539":{"desc":"H8E"},"53A":{"desc":"L2P"},"53C":{"t":"PC12"},"540":{"t":"PA31"},"541":{"t":"EC45"},"543":{"t":"A321"},"546":{"desc":"L1P","t":"ULAC"},"548":{"t":"B712"},"549":{"t":"C510"},"54F":{"t":"H60"},"550":{"t":"CL60"},"552":{"t":"AS50"},"554":{"t":"HA4T"},"556":{"desc":"L1P"},"569":{"t":"P212"},"56A":{"t":"CL30"},"56B":{"desc":"A1P","t":"PA18"},"56E":{"t":"DC86"},"574":{"t":"A321"},"576":{"t":"C172"},"579":{"t":"C82S"},"57A":{"t":"BE55"},"582":{"t":"DA40"},"589":{"desc":"L1P"},"58F":{"t":"LJ35"},"5A1":{"t":"BT36"},"5AF":{"desc":"H8E"},"5B2":{"t":"GLID"},"5B7":{"t":"B752"},"5B8":{"t":"C208"},"5BB":{"desc":"H6E"},"5BF":{"t":"BE35"},"5D3":{"t":"GLF4"},"5D4":{"t":"F2TH"},"5DA":{"t":"C310"},"5DD":{"desc":"L1P"},"5DE":{"t":"BE9L"},"5FE":{"t":"GLID"},"5FF":{"t":"C172"},"600":{"desc":"L1P"},"601":{"t":"BALL"},"602":{"t":"CH7B"},"605":{"desc":"L1T"},"609":{"t":"A321"},"60A":{"desc":"L1P"},"60C":{"t":"C501"},"610":{"t":"G150"},"617":{"t":"M20P"},"619":{"t":"M20P"},"61E":{"t":"PTS2"},"620":{"desc":"L1P"},"625":{"t":"B06"},"628":{"desc":"H8E"},"629":{"desc":"L1T","t":"PA46"},"631":{"t":"DA62"},"632":{"t":"BALL"},"633":{"t":"SF50"},"63E":{"t":"E55P"},"648":{"desc":"H8E"},"64C":{"t":"SS2T"},"650":{"desc":"L1T"},"653":{"desc":"L1T"},"654":{"t":"GLEX"},"655":{"desc":"L1P","t":"ULAC"},"663":{"t":"C172"},"665":{"desc":"H8E"},"66F":{"t":"B738"},"672":{"t":"R22"},"67D":{"desc":"H8E"},"682":{"t":"ERCO"},"687":{"t":"B06"},"68B":{"t":"PA18"},"68D":{"t":"BE20"},"690":{"desc":"L1P"},"694":{"t":"BE35"},"6B0":{"desc":"H2T"},"6B4":{"t":"E550"},"6B5":{"desc":"H8E"},"6B6":{"t":"GLID"},"6C1":{"desc":"L1P"},"6C6":{"t":"P46T"},"6C8":{"t":"C182"},"6C9":{"desc":"L2J"},"6CA":{"t":"S22T"},"6D0":{"t":"F900"},"6D4":{"desc":"L1P"},"6D8":{"t":"A119"},"6DF":{"t":"BE33"},"6E1":{"t":"SR22"},"6E7":{"t":"M7"},"6F1":{"t":"SR22"},"6F4":{"desc":"L1P"},"6F5":{"t":"BE20"},"6F9":{"desc":"L1E"},"70A":{"desc":"H8E"},"718":{"desc":"H8E"},"71A":{"t":"SF50"},"729":{"t":"C77R"},"72A":{"t":"PA18"},"72C":{"t":"SR22"},"72E":{"t":"SR22"},"730":{"t":"BALL"},"736":{"t":"BL8"},"73B":{"t":"S22T"},"73F":{"t":"C172"},"743":{"t":"L39"},"749":{"desc":"H8E"},"765":{"desc":"H8E"},"776":{"t":"BALL"},"785":{"desc":"A1P"},"78F":{"t":"C170"},"791":{"desc":"L1P"},"792":{"t":"PA22"},"799":{"t":"AA1"},"79B":{"t":"C180"},"79D":{"t":"PA18"},"7A3":{"t":"P28A"},"7A4":{"t":"C185"},"7A8":{"t":"C182"},"7AE":{"t":"R22"},"7AF":{"t":"C172"},"7B1":{"t":"M7"},"7B4":{"desc":"H8E"},"7B5":{"t":"PA22"},"7B6":{"t":"C182"},"7B9":{"t":"C182"},"7BE":{"t":"C180"},"7C5":{"t":"C172"},"7C7":{"t":"C185"},"7CA":{"t":"C172"},"7CB":{"desc":"L1P"},"7CD":{"t":"ERCO"},"7CE":{"t":"ERCO"},"7D1":{"t":"C172"},"7D2":{"t":"ERCO"},"7D3":{"t":"R44"},"7D7":{"desc":"H8E"},"7D8":{"t":"PA22"},"7E0":{"desc":"L1P"},"7E3":{"t":"PA18"},"7E4":{"t":"C206"},"7E6":{"desc":"H1P"},"7EC":{"t":"C206"},"7ED":{"t":"ERCO"},"7F0":{"t":"AS50"},"7F4":{"t":"C172"},"7F6":{"t":"ERCO"},"7FA":{"t":"C303"},"7FB":{"t":"PA22"},"7FC":{"t":"C182"},"7FF":{"t":"C182"},"801":{"t":"B06"},"803":{"t":"C207"},"80A":{"t":"AA1"},"80E":{"t":"CH7B"},"810":{"t":"ERCO"},"812":{"t":"C172"},"815":{"t":"ERCO"},"819":{"t":"ERCO"},"81B":{"t":"C170"},"81C":{"t":"C182"},"81E":{"t":"PA22"},"81F":{"t":"C182"},"822":{"t":"C182"},"825":{"t":"M20P"},"827":{"t":"C180"},"829":{"t":"PA18"},"82C":{"t":"C182"},"836":{"desc":"L1P"},"83A":{"t":"ERCO"},"83E":{"t":"C170"},"840":{"t":"C82R"},"842":{"t":"C182"},"845":{"t":"ST75"},"846":{"t":"C188"},"849":{"t":"BE58"},"84C":{"t":"PA18"},"84D":{"t":"BE95"},"84F":{"t":"C182"},"850":{"t":"AA5"},"853":{"t":"C185"},"856":{"desc":"H1P"},"858":{"desc":"L1P"},"859":{"t":"C172"},"85A":{"desc":"L1P"},"85E":{"desc":"L1P"},"862":{"t":"C208"},"863":{"desc":"L1P"},"865":{"t":"C182"},"868":{"t":"C182"},"86C":{"t":"C207"},"870":{"t":"BE95"},"874":{"t":"C172"},"877":{"desc":"L2P"},"87A":{"t":"ERCO"},"87D":{"t":"ERCO"},"87F":{"t":"C172"},"881":{"t":"ERCO"},"884":{"t":"C170"},"885":{"t":"C182"},"887":{"t":"PA22"},"888":{"t":"C172"},"88B":{"desc":"L1P"},"88F":{"t":"C207"},"890":{"t":"C180"},"891":{"t":"PA36"},"892":{"t":"PA18"},"893":{"t":"C206"},"894":{"t":"ULAC"},"895":{"t":"C182"},"896":{"t":"AA5"},"899":{"t":"C185"},"89A":{"desc":"L2P"},"89F":{"t":"ERCO"},"8A3":{"t":"ERCO"},"8A5":{"t":"UH12"},"8A6":{"desc":"L1P"},"8A7":{"t":"C170"},"8A8":{"t":"C182"},"8AA":{"t":"PA22"},"8AB":{"t":"C182"},"8AE":{"t":"C182"},"8B1":{"t":"AA1"},"8B3":{"t":"C180"},"8B8":{"t":"C182"},"8BD":{"t":"CH7B"},"8C2":{"t":"C172"},"8C5":{"t":"ERCO"},"8C6":{"t":"PA18"},"8C8":{"t":"C172"},"8C9":{"desc":"L1P"},"8CA":{"t":"C170"},"8CB":{"t":"C182"},"8CD":{"t":"PA22"},"8CE":{"t":"C182"},"8D1":{"t":"C182"},"8D4":{"t":"AA1"},"8D9":{"t":"C206"},"8DC":{"t":"AA5"},"8DF":{"t":"C185"},"8E0":{"t":"T210"},"8E3":{"t":"ERCO"},"8E4":{"t":"ERCO"},"8E8":{"t":"ERCO"},"8E9":{"t":"ERCO"},"8EA":{"t":"C172"},"8EC":{"desc":"L1J"},"8ED":{"t":"S22T"},"8EF":{"t":"AC90"},"8F0":{"t":"C550"},"8F4":{"desc":"H6E"},"8F7":{"t":"C206"},"8FA":{"t":"A321"},"8FD":{"t":"B06"},"8FF":{"t":"B712"},"906":{"t":"B47G"},"907":{"t":"C208"},"908":{"desc":"L1P"},"90A":{"desc":"H6E"},"90D":{"t":"BALL"},"91B":{"desc":"L1P"},"91F":{"t":"PA46"},"921":{"t":"BALL"},"922":{"desc":"A1P","t":"PA18"},"923":{"t":"SR22"},"928":{"t":"CJ6"},"92D":{"t":"C172"},"930":{"t":"T206"},"939":{"t":"DV20"},"93B":{"t":"PA18"},"93C":{"desc":"H4E"},"93F":{"desc":"L1P"},"941":{"desc":"L1P"},"94D":{"desc":"L1P"},"951":{"desc":"L1P"},"955":{"desc":"H6E"},"95F":{"t":"PA46"},"961":{"t":"C140"},"96A":{"t":"BE36"},"96E":{"t":"B752"},"96F":{"t":"C208"},"971":{"t":"P28A"},"972":{"desc":"H6E"},"975":{"t":"SR22"},"984":{"t":"GLF5"},"988":{"desc":"H6E"},"98E":{"desc":"L1T"},"99C":{"desc":"L1P"},"99F":{"desc":"L1P"},"9AF":{"desc":"H4E"},"9B7":{"t":"AT6T"},"9B8":{"desc":"L1P"},"9BF":{"t":"BE36"},"9C0":{"t":"A321"},"9C5":{"t":"C525"},"9C8":{"desc":"H4E"},"9CE":{"desc":"L1P"},"9D4":{"t":"PC12"},"9DF":{"desc":"H8E"},"9E9":{"t":"BALL"},"9EA":{"t":"E55P"},"9F2":{"desc":"A1P"},"9F3":{"t":"BE20"},"9F9":{"desc":"L1P"},"A00":{"desc":"L1P"},"A01":{"t":"LJ45"},"A03":{"t":"B06"},"A09":{"t":"M20P"},"A19":{"desc":"L1P"},"A26":{"t":"B738"},"A29":{"t":"R44"},"A36":{"t":"AS50"},"A3B":{"desc":"L1P"},"A43":{"t":"G280"},"A4B":{"t":"BE33"},"A4D":{"desc":"H8E"},"A64":{"t":"ERCO"},"A65":{"t":"C172"},"A68":{"desc":"L1P"},"A72":{"desc":"H1T"},"A74":{"desc":"H4E"},"A78":{"desc":"L1P"},"A7D":{"desc":"L1P"},"A7E":{"t":"C172"},"A80":{"t":"E55P"},"A89":{"t":"S22T"},"A8B":{"desc":"L1P","t":"ULAC"},"A8D":{"t":"CL60"},"A92":{"desc":"H8E"},"A93":{"desc":"L1P"},"A96":{"t":"GLID"},"A97":{"t":"C172"},"A98":{"desc":"L1P"},"A9F":{"desc":"H1T"},"AAC":{"t":"C750"},"AC0":{"desc":"L1P"},"AC8":{"t":"BE36"},"AD9":{"desc":"H8E"},"AEC":{"desc":"H8E"},"AF6":{"t":"C172"},"AFA":{"t":"G164"},"AFE":{"desc":"H8E"},"B16":{"desc":"H8E"},"B2D":{"t":"BALL"},"B32":{"desc":"H8E"},"B47":{"t":"C182"},"B4A":{"t":"C172"},"B50":{"t":"AA1"},"B52":{"t":"C185"},"B58":{"t":"AA5"},"B5C":{"desc":"L2P"},"B5E":{"t":"ERCO"},"B5F":{"t":"ERCO"},"B61":{"t":"R44"},"B63":{"t":"R44"},"B64":{"t":"C172"},"B68":{"desc":"L1P","t":"ULAC"},"B6A":{"desc":"H8E"},"B6D":{"t":"C172"},"B70":{"t":"FA62"},"B78":{"t":"BE55"},"B7B":{"t":"AA5"},"B7C":{"t":"C172"},"B7D":{"t":"P28A"},"B7F":{"t":"CH7A"},"B82":{"desc":"L1P"},"B86":{"desc":"L1P"},"B89":{"t":"ERCO"},"B8B":{"t":"SR20"},"B90":{"t":"C182"},"B96":{"t":"AA1"},"B97":{"desc":"L1P"},"B99":{"desc":"L1P"},"B9A":{"t":"PA18"},"B9B":{"desc":"H8E"},"B9D":{"t":"C182"},"B9E":{"t":"AA5"},"BA0":{"t":"P28A"},"BA2":{"desc":"L2P"},"BA6":{"t":"ERCO"},"BAC":{"desc":"H1P"},"BB2":{"t":"PA22"},"BB3":{"t":"C172"},"BB6":{"t":"S22T"},"BB9":{"t":"AA1"},"BBB":{"t":"C180"},"BBD":{"t":"PA18"},"BC1":{"t":"AA5"},"BC3":{"t":"S22T"},"BC5":{"t":"T210"},"BC7":{"t":"ERCO"},"BCA":{"t":"ERCO"},"BD4":{"t":"C182"},"BD6":{"t":"C182"},"BD9":{"t":"C182"},"BDB":{"t":"C182"},"BDC":{"t":"C172"},"BDD":{"desc":"L1P"},"BDF":{"t":"PA36"},"BE0":{"t":"PA18"},"BE6":{"t":"P28A"},"BE7":{"t":"C185"},"BE8":{"t":"T210"},"BE9":{"desc":"L1P"},"BEB":{"t":"ERCO"},"BEC":{"desc":"L1P"},"BED":{"desc":"L1P"},"BEF":{"t":"R44"},"BF0":{"t":"ERCO"},"BF2":{"t":"ERCO"},"BF3":{"t":"ERCO"},"BF4":{"t":"G164"},"BF5":{"t":"C170"},"BF6":{"t":"C182"},"BFC":{"t":"ST75"},"C02":{"t":"C172"},"C03":{"t":"PA18"},"C04":{"desc":"H8E"},"C07":{"t":"AA5"},"C09":{"t":"BALL"},"C0A":{"t":"C185"},"C0E":{"t":"ERCO"},"C14":{"t":"ERCO"},"C15":{"t":"ERCO"},"C17":{"desc":"L1P"},"C1A":{"t":"GLID"},"C1B":{"t":"PA22"},"C1D":{"desc":"H6E"},"C1E":{"t":"P32R"},"C24":{"t":"C180"},"C25":{"t":"PA36"},"C26":{"t":"PA18"},"C29":{"t":"C182"},"C2B":{"t":"C172"},"C2D":{"t":"C185"},"C32":{"t":"TAYB"},"C34":{"t":"ERCO"},"C36":{"t":"ERCO"},"C3D":{"t":"C82R"},"C40":{"desc":"H6E"},"C47":{"t":"C180"},"C49":{"t":"PA18"},"C4A":{"t":"C206"},"C4D":{"t":"AA5"},"C51":{"t":"CH7B"},"C54":{"t":"ERCO"},"C55":{"t":"ERCO"},"C56":{"t":"ERCO"},"C57":{"t":"ERCO"},"C58":{"t":"UH1"},"C59":{"t":"AS50"},"C5E":{"t":"C170"},"C60":{"t":"C82R"},"C62":{"t":"C182"},"C63":{"t":"C172"},"C64":{"t":"C188"},"C66":{"t":"C188"},"C68":{"t":"C172"},"C6A":{"t":"T210"},"C6B":{"t":"BE36"},"C6C":{"t":"PA18"},"C6F":{"t":"C182"},"C71":{"t":"C172"},"C72":{"t":"P28A"},"C73":{"t":"C185"},"C74":{"t":"CH7B"},"C76":{"t":"ERCO"},"C7A":{"t":"ERCO"},"C7B":{"t":"ERCO"},"C7C":{"t":"ERCO"},"C7E":{"desc":"L1P"},"C80":{"desc":"L1P"},"C81":{"t":"C170"},"C82":{"t":"C72R"},"C83":{"t":"C82R"},"C85":{"t":"C182"},"C92":{"t":"C182"},"C93":{"t":"AA5"},"C94":{"t":"C172"},"C9C":{"t":"R44"},"C9F":{"t":"ERCO"},"CA0":{"t":"C172"},"CA1":{"t":"ERCO"},"CA2":{"desc":"H8E"},"CA3":{"desc":"L1P"},"CA4":{"desc":"L1P"},"CA5":{"t":"A321"},"CA6":{"t":"R22"},"CA7":{"t":"E300"},"CAE":{"desc":"L1P"},"CB0":{"t":"B737"},"CB6":{"t":"B712"},"CB8":{"t":"S22T"},"CBF":{"t":"BE35"},"CC0":{"t":"BE35"},"CCE":{"desc":"L1P"},"CCF":{"t":"T206"},"CD6":{"t":"C680"},"CD7":{"t":"DA40"},"CD9":{"desc":"A1P","t":"PA18"},"CDA":{"t":"SR22"},"CDE":{"t":"T210"},"CE4":{"t":"C182"},"CEB":{"t":"P28A"},"CEF":{"t":"M20P"},"CF2":{"desc":"L1P"},"CF7":{"desc":"L1P"},"CF8":{"t":"PC12"},"CFA":{"t":"MD88"},"D08":{"desc":"L1P"},"D09":{"t":"C560"},"D1C":{"t":"GLID"},"D25":{"desc":"L2J","t":"B752"},"D26":{"t":"C208"},"D4F":{"t":"C182"},"D56":{"desc":"L1P"},"D61":{"desc":"L1P"},"D6C":{"t":"BE33"},"D6E":{"t":"C182"},"D6F":{"desc":"L1P"},"D70":{"t":"C414"},"D74":{"t":"BE55"},"D76":{"desc":"L1P"},"D77":{"t":"A321"},"D78":{"t":"TBM7"},"D79":{"desc":"H4E"},"D7D":{"t":"B407"},"D7E":{"t":"P32R"},"D85":{"t":"GLID"},"D90":{"t":"M20T"},"DA0":{"t":"BALL"},"DAA":{"t":"BE20"},"DAC":{"desc":"L1P"},"DB0":{"desc":"H8E"},"DB8":{"t":"PA46"},"DBA":{"t":"C172"},"DBB":{"t":"BE9L"},"DBC":{"t":"BE10"},"DBE":{"desc":"L2T"},"DC0":{"t":"PA46"},"DC3":{"t":"COL4"},"DD0":{"desc":"L1P"},"DD3":{"t":"P28A"},"DDD":{"t":"B738"},"DDE":{"desc":"H8E"},"DE9":{"desc":"L1P"},"DEA":{"desc":"H6E"},"DEC":{"t":"C182"},"DF5":{"t":"B06"},"DF7":{"t":"BALL"},"E05":{"t":"G164"},"E09":{"desc":"H4E"},"E1B":{"t":"T210"},"E1C":{"t":"C172"},"E1D":{"desc":"L1P","t":"ULAC"},"E20":{"t":"M20P"},"E25":{"t":"BE40"},"E27":{"t":"M7"},"E2C":{"t":"BE40"},"E2F":{"desc":"L1P"},"E36":{"desc":"L2T"},"E38":{"t":"AS50"},"E39":{"t":"C172"},"E3B":{"t":"P28A"},"E3D":{"desc":"L1P","t":"ULAC"},"E44":{"t":"R44"},"E45":{"t":"C56X"},"E47":{"t":"R44"},"E4D":{"t":"C510"},"E4E":{"t":"C402"},"E50":{"t":"S22T"},"E51":{"t":"SR20"},"E5E":{"desc":"L1P"},"E63":{"t":"C182"},"E74":{"t":"PA20"},"E7B":{"t":"SR20"},"E7F":{"t":"BE23"},"E81":{"t":"AA5"},"E8B":{"desc":"H8E"},"E98":{"desc":"L1P"},"EA3":{"desc":"H6E"},"EA9":{"t":"HDJT"},"EAA":{"desc":"L1P"},"EB1":{"t":"FA7X"},"EBA":{"t":"C550"},"ECB":{"desc":"H8E"},"EDC":{"desc":"L1P"},"EF1":{"desc":"H6E"},"EFD":{"t":"C170"},"F04":{"t":"ST75"},"F07":{"t":"AA1"},"F0F":{"t":"AA5"},"F10":{"t":"C172"},"F11":{"t":"P28A"},"F13":{"t":"CH7A"},"F14":{"t":"C206"},"F15":{"t":"C172"},"F16":{"t":"ERCO"},"F18":{"t":"ERCO"},"F1A":{"t":"ERCO"},"F1C":{"t":"ERCO"},"F1E":{"t":"C172"},"F20":{"t":"C170"},"F21":{"desc":"H1P"},"F24":{"t":"C172"},"F2A":{"t":"AA1"},"F2C":{"t":"C180"},"F2E":{"t":"PA18"},"F31":{"t":"C182"},"F32":{"t":"AA5"},"F33":{"t":"C172"},"F34":{"t":"P28A"},"F36":{"t":"CH7B"},"F39":{"t":"ERCO"},"F3A":{"t":"C172"},"F3C":{"t":"ERCO"},"F3D":{"t":"C172"},"F3E":{"t":"ERCO"},"F43":{"t":"C170"},"F48":{"t":"C140"},"F4F":{"t":"C180"},"F52":{"t":"BE35"},"F53":{"desc":"L1P","t":"ULAC"},"F54":{"t":"PA38"},"F56":{"t":"C172"},"F5B":{"t":"ERCO"},"F5C":{"t":"ERCO"},"F60":{"t":"C172"},"F61":{"t":"ERCO"},"F62":{"t":"ERCO"},"F64":{"t":"ERCO"},"F66":{"t":"C170"},"F67":{"t":"C72R"},"F69":{"t":"PA22"},"F6B":{"t":"C180"},"F75":{"desc":"L1P"},"F77":{"t":"PA38"},"F78":{"t":"AA5"},"F80":{"t":"ERCO"},"F82":{"t":"ERCO"},"F87":{"t":"ERCO"},"F89":{"desc":"H8E"},"F8A":{"t":"C72R"},"F8D":{"t":"C182"},"F8E":{"t":"PA27"},"F94":{"t":"C206"},"F96":{"desc":"L1P"},"F97":{"t":"PA18"},"F9A":{"t":"PA38"},"FA5":{"t":"C172"},"FAD":{"desc":"H8E"},"FB6":{"t":"AA1"},"FBD":{"t":"C182"},"FC0":{"t":"P28A"},"FC4":{"t":"C172"},"FC7":{"t":"ERCO"},"FC8":{"desc":"L1P"},"FCB":{"t":"ERCO"},"FCC":{"t":"ERCO"},"FCD":{"t":"C172"},"FCF":{"t":"C170"},"FD0":{"t":"C182"},"FD2":{"t":"PA22"},"FD5":{"t":"C150"},"FDA":{"t":"T206"},"FDC":{"t":"PA36"},"FDD":{"t":"PA18"},"FE0":{"t":"PA38"},"FE5":{"t":"CH7A"},"FE8":{"t":"ERCO"},"FE9":{"t":"ERCO"},"FEB":{"t":"ERCO"},"FEC":{"t":"C172"},"FEE":{"desc":"L1P"},"FEF":{"t":"ERCO"},"FF4":{"t":"P28A"},"FF5":{"t":"PA22"},"FF6":{"t":"C182"},"FFA":{"t":"C188"},"FFE":{"t":"C180"}}