{"004CB":{"r":"LV-FSK"},"01606":{"t":"B744"},"02210":{"t":"CL60"},"02254":{"t":"A343"},"02354":{"t":"A343"},"0248A":{"t":"C750"},"024D3":{"t":"CL30"},"02643":{"t":"GLF4"},"0305A":{"t":"GLF4"},"03147":{"t":"GLF3"},"0314B":{"t":"A343"},"034C4":{"t":"A343"},"034C5":{"t":"A343"},"034C6":{"t":"A343"},"034D8":{"t":"A343"},"14C32":{"r":"T-02","t":"F28"},"1A40A":{"t":"A342"},"1A40F":{"t":"A342"},"1A418":{"t":"A342"},"1A481":{"t":"A342"},"53C12":{"r":"PR-ENT"},"5A3FF":{"r":"PR-SZA"},"7FFFF":{"r":"PT-XAC"},"80200":{"r":"CC-BBH"},"80201":{"r":"CC-BFC"},"80203":{"r":"CC-CDM"},"80204":{"r":"CC-BFD","t":"A320"},"80206":{"r":"CC-CWG","t":"B763"},"80207":{"r":"CC-BFE"},"80208":{"r":"CC-CWN"},"8020D":{"r":"CC-BBI"},"8020F":{"r":"CC-BBJ"},"80210":{"r":"CC-CWV","t":"B763"},"80211":{"r":"CC-CWY","t":"B763"},"80212":{"r":"CC-CXC","t":"B763"},"80213":{"r":"CC-CQG","t":"A343"},"80214":{"r":"CC-BGA"},"80215":{"r":"CC-BGB"},"80218":{"r":"CC-CQM"},"80219":{"r":"CC-CQN"},"8021A":{"r":"CC-CXD"},"8021B":{"r":"CC-BFF"},"8021C":{"r":"CC-CXE","t":"B763"},"8021D":{"r":"CC-CXF","t":"B763"},"8021E":{"r":"CC-CQO"},"8021F":{"r":"CC-CQP"},"80229":{"r":"CC-CML"},"8022A":{"r":"CC-CWF","t":"B763"},"8022D":{"r":"CC-CBJ"},"8022E":{"r":"CC-CRG"},"8022F":{"r":"CC-CRH"},"80233":{"r":"CC-CZW"},"80234":{"r":"CC-CZT"},"80235":{"r":"CC-CZU"},"80237":{"r":"CC-COM"},"8023B":{"r":"CC-COF"},"8023C":{"r":"CC-CQA","t":"A343"},"8023D":{"r":"CC-CQC","t":"A343"},"8023E":{"r":"CC-CQE","t":"A343"},"8023F":{"r":"CC-CQF","t":"A343"},"80241":{"r":"CC-CZZ","t":"B763"},"80242":{"r":"CC-CXG","t":"B763"},"80243":{"r":"CC-CZY","t":"B763"},"80244":{"r":"CC-CXH","t":"B763"},"8024B":{"r":"CC-CWH"},"8024E":{"r":"CC-COU"},"8024F":{"r":"CC-COX"},"80252":{"r":"CC-COZ"},"80253":{"r":"CC-CPE"},"8025E":{"r":"CC-CPJ"},"80260":{"r":"CC-CPM"},"80262":{"r":"CC-BCA"},"80263":{"r":"CC-BCB","t":"A319"},"80264":{"r":"CC-BCC"},"80265":{"r":"CC-BDM"},"80266":{"r":"CC-BDN"},"80269":{"r":"CC-BFI","t":"A320"},"8026A":{"r":"CC-BFJ"},"8026B":{"r":"CC-BDO"},"8026C":{"r":"CC-BBE"},"8026D":{"r":"CC-BFK"},"80270":{"r":"CC-IFN"},"80271":{"r":"CC-BDP"},"80273":{"r":"CC-BFP","t":"A320"},"80274":{"r":"CC-BFQ","t":"A320"},"80276":{"r":"CC-BFS"},"80278":{"r":"CC-BFU"},"80279":{"r":"CC-BFV"},"8027A":{"r":"CC-BBF"},"8027B":{"r":"CC-BBG"},"8027D":{"r":"CC-BJE"},"8027E":{"r":"CC-BJF"},"80313":{"r":"CC-ABV"},"80314":{"r":"CC-ABW"},"80319":{"r":"CC-AFX","t":"A319"},"8031A":{"r":"CC-AFY","t":"A319"},"8031B":{"r":"CC-AFZ"},"8031C":{"r":"CC-AHC","t":"A319"},"8031D":{"r":"CC-AHD"},"8031E":{"r":"CC-AHE"},"8031F":{"r":"CC-AIB"},"80320":{"r":"CC-AIC"},"80321":{"r":"CC-AID"},"80322":{"r":"CC-AIY"},"80323":{"r":"CC-AJF"},"80324":{"r":"CC-AMP"},"80325":{"r":"CC-AJG"},"80386":{"r":"CC-ACD"},"8038A":{"r":"CC-AIT"},"8038B":{"r":"CC-AKS"},"803C8":{"r":"CC-AAG"},"80400":{"r":"CC-CYE"},"80401":{"r":"CC-CYF"},"80407":{"r":"CC-CYI"},"80408":{"r":"CC-CYJ"},"80409":{"r":"CC-CYL"},"8040A":{"r":"CC-CXL"},"8040B":{"r":"CC-CXI","t":"B763"},"8040C":{"r":"CC-CXJ","t":"B763"},"8040D":{"r":"CC-CXK","t":"B763"},"8040E":{"r":"CC-BBA"},"8040F":{"r":"CC-BBB"},"80410":{"r":"CC-BJA"},"80411":{"r":"CC-BAA"},"80412":{"r":"CC-BAB"},"80413":{"r":"CC-BAC"},"80414":{"r":"CC-BAD"},"80415":{"r":"CC-BAE"},"80416":{"r":"CC-BAF"},"80417":{"r":"CC-BAG"},"80418":{"r":"CC-BAH"},"80419":{"r":"CC-BAI"},"8041A":{"r":"CC-BAJ"},"8041B":{"r":"CC-BAK"},"8041E":{"r":"CC-BAL"},"8041F":{"r":"CC-BAM"},"80420":{"r":"CC-BDA","t":"B763"},"80421":{"r":"CC-BDB","t":"B763"},"80422":{"r":"CC-BDC","t":"B763"},"80423":{"r":"CC-BAN"},"80426":{"r":"CC-BAQ"},"80427":{"r":"CC-BCD"},"80429":{"r":"CC-BAS"},"8042A":{"r":"CC-BAT","t":"A320"},"8042B":{"r":"CC-BAU"},"8042C":{"r":"CC-BAV"},"8042D":{"r":"CC-BDD","t":"B763"},"8042E":{"r":"CC-BDE","t":"B763"},"8042F":{"r":"CC-BDF","t":"B763"},"80430":{"r":"CC-BCE"},"80431":{"r":"CC-BDG","t":"B763"},"80432":{"r":"CC-BCF","t":"A319"},"80433":{"r":"CC-BDH"},"80434":{"r":"CC-BDI"},"80435":{"r":"CC-BAW","t":"A320"},"80436":{"r":"CC-BAX","t":"A320"},"80437":{"r":"CC-BDJ"},"80438":{"r":"CC-BDK"},"80439":{"r":"CC-BDL"},"8043A":{"r":"CC-BBC","t":"B788"},"8043B":{"r":"CC-BBD"},"8043C":{"r":"CC-BAY","t":"A320"},"8043D":{"r":"CC-BAZ","t":"A320"},"8043E":{"r":"CC-BFA","t":"A320"},"8043F":{"r":"CC-BFB"},"80440":{"r":"CC-BEA"},"80441":{"r":"CC-BEB"},"80442":{"r":"CC-BEC"},"80443":{"r":"CC-BED"},"80444":{"r":"CC-BGC"},"80445":{"r":"CC-BGD"},"80446":{"r":"CC-BEE"},"80447":{"r":"CC-BGE"},"80448":{"r":"CC-BGF"},"80449":{"r":"CC-BEF"},"8044A":{"r":"CC-BEG"},"8044B":{"r":"CC-BGG"},"8044C":{"r":"CC-BEH"},"8044D":{"r":"CC-BEI"},"8044E":{"r":"CC-BGH"},"8044F":{"r":"CC-BGI"},"80450":{"r":"CC-BGJ"},"80451":{"r":"CC-BGK"},"80452":{"r":"CC-BGL"},"80453":{"r":"CC-BEJ"},"80454":{"r":"CC-BEK"},"80455":{"r":"CC-BEL"},"80456":{"r":"CC-BEM"},"80457":{"r":"CC-BEN"},"80458":{"r":"CC-BEO"},"80459":{"r":"CC-BGM"},"8045A":{"r":"CC-BEP"},"8045B":{"r":"CC-BGN"},"80906":{"r":"CC-CWK"},"80907":{"r":"CC-CPS"},"80909":{"r":"CC-CMS"},"8090E":{"r":"CC-CRT"},"80913":{"r":"CC-CDE"},"80915":{"r":"CC-CNP"},"8092E":{"r":"CC-AEN"},"80934":{"r":"CC-AFO"},"8094F":{"r":"CC-ALZ"},"80957":{"r":"CC-AMX"},"8095A":{"r":"CC-AND"},"80965":{"r":"CC-AOA"},"84035":{"r":"FAE-051","t":"E135"},"84036":{"r":"HC-CGT","t":"A319"},"84037":{"r":"HC-CGW"},"84047":{"r":"HC-CIZ","t":"B763"},"84048":{"r":"HC-CJA","t":"B763"},"8404E":{"r":"HC-CJX","t":"B763"},"8404F":{"r":"HC-CIY","t":"B763"},"8405D":{"r":"HC-CKY","t":"B763"},"84061":{"r":"HC-CMO"},"84062":{"r":"HC-CMP"},"84066":{"r":"HC-COC"},"84067":{"r":"HC-COE"},"84068":{"r":"HC-COF"},"8406B":{"r":"HC-COH","t":"A332"},"8406F":{"r":"HC-CPB"},"8801D":{"r":"ZP-BIN"},"88024":{"r":"ZP-CRN"},"88025":{"r":"ZP-BTP"},"88042":{"r":"ZP-BRN"},"8C046":{"r":"OB-2017P","t":"GLF4"},"8C049":{"r":"OB-2030"},"909E0":{"r":"CX-PYB"},"909F9":{"r":"CX-CRG"},"909FB":{"r":"CX-CIB"},"909FD":{"r":"CX-JCL"},"909FF":{"r":"CX-JPL"},"90B04":{"r":"CX-CAR"},"90C0F":{"r":"CX-JYE"},"90C10":{"r":"CX-LFL"},"90D00":{"r":"CX-POS"},"90D01":{"r":"CX-ESG"},"90D02":{"r":"CX-MBS"},"90D03":{"r":"CX-SAN"},"90D06":{"r":"CX-OAA"},"90D07":{"r":"CX-OAB"},"94041":{"r":"CP-2603","t":"B744"},"94042":{"r":"CP-2640"},"94066":{"r":"CP-2733"},"94067":{"r":"CP-2742"},"940C8":{"r":"CP-2550"},"940C9":{"r":"CP-2551"},"940CB":{"r":"CP-2553"},"94190":{"r":"CP-2933"},"94A9D":{"r":"CP-2717"},"94AFF":{"r":"CP-2815"},"94B40":{"r":"CP-2880"},"94B41":{"r":"CP-2881"},"94B68":{"r":"CP-2920"},"94B69":{"r":"CP-2921"},"94B6A":{"r":"CP-2922"},"94B6C":{"r":"CP-2924"},"94B6D":{"r":"CP-2925"},"94B6E":{"r":"CP-2926"},"94BC9":{"r":"CP-3017"},"94BCA":{"r":"CP-3018"},"94BCB":{"r":"CP-3019"},"children":["E4"]}